	Time [s]	Minimum [°C]	Maximum [°C]	Average [°C]	
1	1.	27.811	32.522	30.428	
2	1.01	27.803	32.524	30.428	
3	1.02	27.796	32.524	30.427	
4	1.05	27.777	32.525	30.424	
5	1.11	27.751	32.525	30.419	
6	1.21	27.728	32.524	30.414	
7	1.31	27.719	32.524	30.411	
8	1.41	27.718	32.524	30.409	
9	1.51	27.721	32.523	30.408	
10	1.61	27.727	32.523	30.407	
11	1.71	27.734	32.523	30.407	
12	1.81	27.741	32.523	30.407	
13	1.91	27.749	32.524	30.408	
14	2.	27.755	32.524	30.409	
15	2.01	27.755	32.524	30.409	
16	2.02	27.756	32.524	30.409	
17	2.05	27.758	32.524	30.409	
18	2.14	27.764	32.524	30.41	
19	2.24	27.769	32.524	30.411	
20	2.34	27.774	32.524	30.411	
21	2.44	27.779	32.525	30.412	
22	2.54	27.783	32.525	30.413	
23	2.64	27.787	32.525	30.414	
24	2.74	27.79	32.525	30.415	
25	2.84	27.793	32.526	30.416	
26	2.94	27.795	32.526	30.417	
27	3.	27.796	32.526	30.418	
28	3.01	27.797	32.526	30.418	
29	3.02	27.797	32.526	30.418	
30	3.05	27.797	32.526	30.418	
31	3.14	27.799	32.526	30.419	
32	3.24	27.801	32.527	30.42	
33	3.34	27.802	32.527	30.421	
34	3.44	27.803	32.527	30.422	
35	3.54	27.804	32.527	30.422	
36	3.64	27.805	32.527	30.423	
37	3.74	27.806	32.527	30.424	
38	3.84	27.806	32.528	30.425	
39	3.94	27.807	32.528	30.425	
40	4.	27.807	32.528	30.426	
41	4.01	27.807	32.528	30.426	
42	4.02	27.807	32.528	30.426	
43	4.05	27.807	32.528	30.426	
44	4.14	27.807	32.528	30.427	
45	4.24	27.807	32.528	30.428	
46	4.34	27.808	32.528	30.428	
47	4.44	27.808	32.528	30.429	
48	4.54	27.807	32.528	30.429	
49	4.64	27.807	32.528	30.43	
50	4.74	27.807	32.529	30.43	
51	4.84	27.807	32.529	30.431	
52	4.94	27.807	32.529	30.432	
53	5.	27.807	32.529	30.432	
54	5.01	27.807	32.529	30.432	
55	5.02	27.807	32.529	30.432	
56	5.05	27.806	32.529	30.432	
57	5.14	27.806	32.529	30.432	
58	5.24	27.806	32.529	30.433	
59	5.34	27.806	32.529	30.433	
60	5.44	27.805	32.529	30.434	
61	5.54	27.805	32.529	30.434	
62	5.64	27.804	32.529	30.435	
63	5.74	27.804	32.529	30.435	
64	5.84	27.804	32.529	30.435	
65	5.94	27.803	32.529	30.436	
66	6.	27.803	32.529	30.436	
67	6.01	27.803	32.529	30.436	
68	6.02	27.803	32.529	30.436	
69	6.05	27.803	32.529	30.436	
70	6.14	27.802	32.529	30.436	
71	6.24	27.802	32.529	30.437	
72	6.34	27.802	32.529	30.437	
73	6.44	27.801	32.529	30.437	
74	6.54	27.801	32.53	30.437	
75	6.64	27.801	32.53	30.438	
76	6.74	27.8	32.53	30.438	
77	6.84	27.8	32.53	30.438	
78	6.94	27.799	32.53	30.438	
79	7.	27.799	32.53	30.439	
80	7.01	27.799	32.53	30.439	
81	7.02	27.799	32.53	30.439	
82	7.05	27.799	32.53	30.439	
83	7.14	27.799	32.53	30.439	
84	7.24	27.798	32.53	30.439	
85	7.34	27.798	32.53	30.439	
86	7.44	27.798	32.53	30.44	
87	7.54	27.797	32.53	30.44	
88	7.64	27.797	32.53	30.44	
89	7.74	27.797	32.53	30.44	
90	7.84	27.797	32.53	30.44	
91	7.94	27.796	32.53	30.44	
92	8.	27.796	32.53	30.44	
93	8.01	27.796	32.53	30.44	
94	8.02	27.796	32.53	30.44	
95	8.05	27.796	32.53	30.441	
96	8.14	27.796	32.53	30.441	
97	8.24	27.795	32.53	30.441	
98	8.34	27.795	32.53	30.441	
99	8.44	27.795	32.53	30.441	
100	8.54	27.795	32.53	30.441	
101	8.64	27.795	32.53	30.441	
102	8.74	27.794	32.53	30.441	
103	8.84	27.794	32.53	30.442	
104	8.94	27.794	32.53	30.442	
105	9.	27.794	32.53	30.442	
106	9.01	27.794	32.53	30.442	
107	9.02	27.794	32.53	30.442	
108	9.05	27.794	32.53	30.442	
109	9.14	27.794	32.53	30.442	
110	9.24	27.793	32.53	30.442	
111	9.34	27.793	32.53	30.442	
112	9.44	27.793	32.53	30.442	
113	9.54	27.793	32.53	30.442	
114	9.64	27.793	32.53	30.442	
115	9.74	27.793	32.529	30.442	
116	9.84	27.793	32.529	30.442	
117	9.94	27.792	32.529	30.443	
118	10.	27.792	32.529	30.443	
119	10.01	27.792	32.529	30.443	
120	10.02	27.792	32.529	30.443	
121	10.05	27.792	32.529	30.443	
122	10.14	27.792	32.529	30.443	
123	10.24	27.792	32.529	30.443	
124	10.34	27.792	32.529	30.443	
125	10.44	27.792	32.529	30.443	
126	10.54	27.792	32.529	30.443	
127	10.64	27.792	32.529	30.443	
128	10.74	27.792	32.529	30.443	
129	10.84	27.792	32.529	30.443	
130	10.94	27.791	32.529	30.443	
131	11.	27.791	32.529	30.443	
132	11.01	27.791	32.529	30.443	
133	11.02	27.791	32.529	30.443	
134	11.05	27.791	32.529	30.443	
135	11.14	27.791	32.529	30.443	
136	11.24	27.791	32.529	30.443	
137	11.34	27.791	32.529	30.443	
138	11.44	27.791	32.529	30.443	
139	11.54	27.791	32.529	30.443	
140	11.64	27.791	32.529	30.443	
141	11.74	27.791	32.529	30.443	
142	11.84	27.791	32.529	30.443	
143	11.94	27.791	32.529	30.443	
144	12.	27.791	32.529	30.443	
145	12.01	27.791	32.529	30.443	
146	12.02	27.791	32.529	30.443	
147	12.05	27.791	32.529	30.443	
148	12.14	27.791	32.529	30.443	
149	12.24	27.791	32.529	30.444	
150	12.34	27.791	32.528	30.444	
151	12.44	27.791	32.528	30.444	
152	12.54	27.791	32.528	30.444	
153	12.64	27.791	32.528	30.444	
154	12.74	27.791	32.528	30.444	
155	12.84	27.791	32.528	30.444	
156	12.94	27.791	32.528	30.444	
157	13.	27.791	32.528	30.444	
158	13.01	27.791	32.528	30.444	
159	13.02	27.791	32.528	30.444	
160	13.05	27.791	32.528	30.444	
161	13.14	27.791	32.528	30.444	
162	13.24	27.791	32.528	30.444	
163	13.34	27.791	32.528	30.444	
164	13.44	27.791	32.528	30.444	
165	13.54	27.791	32.528	30.444	
166	13.64	27.791	32.528	30.444	
167	13.74	27.791	32.528	30.444	
168	13.84	27.791	32.528	30.444	
169	13.94	27.791	32.528	30.444	
170	14.	27.791	32.528	30.444	
171	14.01	27.791	32.528	30.444	
172	14.02	27.791	32.528	30.444	
173	14.05	27.791	32.528	30.444	
174	14.14	27.791	32.527	30.444	
175	14.24	27.791	32.527	30.444	
176	14.34	27.791	32.527	30.444	
177	14.44	27.791	32.527	30.444	
178	14.54	27.791	32.527	30.444	
179	14.64	27.791	32.527	30.444	
180	14.74	27.791	32.527	30.444	
181	14.84	27.791	32.527	30.444	
182	14.94	27.791	32.527	30.444	
183	15.	27.791	32.527	30.444	
184	15.01	27.791	32.527	30.444	
185	15.02	27.791	32.527	30.444	
186	15.05	27.791	32.527	30.444	
187	15.14	27.792	32.527	30.444	
188	15.24	27.792	32.527	30.444	
189	15.34	27.792	32.527	30.444	
190	15.44	27.792	32.527	30.444	
191	15.54	27.792	32.527	30.444	
192	15.64	27.792	32.526	30.444	
193	15.74	27.792	32.526	30.444	
194	15.84	27.792	32.526	30.444	
195	15.94	27.792	32.526	30.444	
196	16.	27.792	32.526	30.444	
197	16.01	27.792	32.526	30.444	
198	16.02	27.792	32.526	30.444	
199	16.05	27.792	32.526	30.444	
200	16.14	27.792	32.526	30.444	
201	16.24	27.792	32.526	30.444	
202	16.34	27.792	32.526	30.444	
203	16.44	27.792	32.526	30.444	
204	16.54	27.792	32.526	30.444	
205	16.64	27.792	32.526	30.444	
206	16.74	27.792	32.526	30.444	
207	16.84	27.792	32.526	30.444	
208	16.94	27.792	32.526	30.444	
209	17.	27.793	32.526	30.444	
210	17.01	27.793	32.526	30.444	
211	17.02	27.793	32.526	30.444	
212	17.05	27.793	32.526	30.444	
213	17.14	27.793	32.525	30.444	
214	17.24	27.793	32.525	30.444	
215	17.34	27.793	32.525	30.444	
216	17.44	27.793	32.525	30.444	
217	17.54	27.793	32.525	30.444	
218	17.64	27.793	32.525	30.444	
219	17.74	27.793	32.525	30.444	
220	17.84	27.793	32.525	30.444	
221	17.94	27.793	32.525	30.444	
222	18.	27.793	32.525	30.444	
223	18.01	27.793	32.525	30.444	
224	18.02	27.793	32.525	30.444	
225	18.05	27.793	32.525	30.444	
226	18.14	27.793	32.525	30.444	
227	18.24	27.793	32.525	30.444	
228	18.34	27.793	32.525	30.444	
229	18.44	27.793	32.525	30.444	
230	18.54	27.794	32.525	30.444	
231	18.64	27.794	32.524	30.444	
232	18.74	27.794	32.524	30.444	
233	18.84	27.794	32.524	30.444	
234	18.94	27.794	32.524	30.444	
235	19.	27.794	32.524	30.444	
236	19.01	27.794	32.524	30.444	
237	19.02	27.794	32.524	30.444	
238	19.05	27.794	32.524	30.444	
239	19.14	27.794	32.524	30.444	
240	19.24	27.794	32.524	30.444	
241	19.34	27.794	32.524	30.444	
242	19.44	27.794	32.524	30.444	
243	19.54	27.794	32.524	30.444	
244	19.64	27.794	32.524	30.444	
245	19.74	27.794	32.524	30.444	
246	19.84	27.794	32.524	30.444	
247	19.94	27.795	32.524	30.444	
248	20.	27.795	32.524	30.444	
249	20.01	27.795	32.524	30.444	
250	20.02	27.795	32.524	30.444	
251	20.05	27.795	32.524	30.444	
252	20.14	27.795	32.523	30.444	
253	20.24	27.795	32.523	30.444	
254	20.34	27.795	32.523	30.444	
255	20.44	27.795	32.523	30.444	
256	20.54	27.795	32.523	30.444	
257	20.64	27.795	32.523	30.444	
258	20.74	27.795	32.523	30.444	
259	20.84	27.795	32.523	30.444	
260	20.94	27.795	32.523	30.444	
261	21.	27.795	32.523	30.444	
262	21.01	27.795	32.523	30.444	
263	21.02	27.795	32.523	30.444	
264	21.05	27.795	32.523	30.444	
265	21.14	27.795	32.523	30.444	
266	21.24	27.796	32.523	30.444	
267	21.34	27.796	32.523	30.444	
268	21.44	27.796	32.523	30.444	
269	21.54	27.796	32.523	30.444	
270	21.64	27.796	32.522	30.444	
271	21.74	27.796	32.522	30.444	
272	21.84	27.796	32.522	30.444	
273	21.94	27.796	32.522	30.444	
274	22.	27.796	32.522	30.444	
275	22.01	27.796	32.522	30.444	
276	22.02	27.796	32.522	30.444	
277	22.05	27.796	32.522	30.444	
278	22.14	27.796	32.522	30.444	
279	22.24	27.796	32.522	30.444	
280	22.34	27.796	32.522	30.444	
281	22.44	27.796	32.522	30.444	
282	22.54	27.797	32.522	30.444	
283	22.64	27.797	32.522	30.444	
284	22.74	27.797	32.522	30.444	
285	22.84	27.797	32.522	30.444	
286	22.94	27.797	32.522	30.444	
287	23.	27.797	32.522	30.444	
288	23.01	27.797	32.522	30.444	
289	23.02	27.797	32.522	30.444	
290	23.05	27.797	32.522	30.444	
291	23.14	27.797	32.522	30.444	
292	23.24	27.797	32.521	30.444	
293	23.34	27.797	32.521	30.444	
294	23.44	27.797	32.521	30.444	
295	23.54	27.797	32.521	30.444	
296	23.64	27.797	32.521	30.444	
297	23.74	27.798	32.521	30.444	
298	23.84	27.798	32.521	30.444	
299	23.94	27.798	32.521	30.444	
300	24.	27.798	32.521	30.444	
301	24.01	27.798	32.521	30.444	
302	24.02	27.798	32.521	30.444	
303	24.05	27.798	32.521	30.444	
304	24.14	27.798	32.521	30.444	
305	24.24	27.798	32.521	30.444	
306	24.34	27.798	32.521	30.444	
307	24.44	27.798	32.521	30.444	
308	24.54	27.798	32.521	30.444	
309	24.64	27.798	32.521	30.444	
310	24.74	27.798	32.521	30.444	
311	24.84	27.798	32.52	30.444	
312	24.94	27.798	32.52	30.444	
313	25.	27.799	32.52	30.444	
314	25.01	27.799	32.52	30.444	
315	25.02	27.799	32.52	30.444	
316	25.05	27.799	32.52	30.444	
317	25.14	27.799	32.52	30.444	
318	25.24	27.799	32.52	30.444	
319	25.34	27.799	32.52	30.444	
320	25.44	27.799	32.52	30.444	
321	25.54	27.799	32.52	30.444	
322	25.64	27.799	32.52	30.444	
323	25.74	27.799	32.52	30.444	
324	25.84	27.799	32.52	30.444	
325	25.94	27.799	32.52	30.444	
326	26.	27.799	32.52	30.444	
327	26.01	27.799	32.52	30.444	
328	26.02	27.799	32.52	30.444	
329	26.05	27.799	32.52	30.444	
330	26.14	27.799	32.52	30.444	
331	26.24	27.8	32.52	30.444	
332	26.34	27.8	32.52	30.444	
333	26.44	27.8	32.52	30.444	
334	26.54	27.8	32.519	30.444	
335	26.64	27.8	32.519	30.444	
336	26.74	27.8	32.519	30.444	
337	26.84	27.8	32.519	30.444	
338	26.94	27.8	32.519	30.444	
339	27.	27.8	32.519	30.444	
340	27.01	27.8	32.519	30.444	
341	27.02	27.8	32.519	30.444	
342	27.05	27.8	32.519	30.444	
343	27.14	27.8	32.519	30.444	
344	27.24	27.8	32.519	30.444	
345	27.34	27.8	32.519	30.444	
346	27.44	27.801	32.519	30.444	
347	27.54	27.801	32.519	30.444	
348	27.64	27.801	32.519	30.444	
349	27.74	27.801	32.519	30.444	
350	27.84	27.801	32.519	30.444	
351	27.94	27.801	32.519	30.444	
352	28.	27.801	32.519	30.444	
353	28.01	27.801	32.519	30.444	
354	28.02	27.801	32.519	30.444	
355	28.05	27.801	32.519	30.444	
356	28.14	27.801	32.519	30.444	
357	28.24	27.801	32.519	30.444	
358	28.34	27.801	32.518	30.444	
359	28.44	27.801	32.518	30.444	
360	28.54	27.801	32.518	30.444	
361	28.64	27.802	32.518	30.444	
362	28.74	27.802	32.518	30.444	
363	28.84	27.802	32.518	30.444	
364	28.94	27.802	32.518	30.444	
365	29.	27.802	32.518	30.444	
366	29.01	27.802	32.518	30.444	
367	29.02	27.802	32.518	30.444	
368	29.05	27.802	32.518	30.444	
369	29.14	27.802	32.518	30.444	
370	29.24	27.802	32.518	30.444	
371	29.34	27.802	32.518	30.444	
372	29.44	27.802	32.518	30.444	
373	29.54	27.802	32.518	30.444	
374	29.64	27.802	32.518	30.444	
375	29.74	27.802	32.518	30.444	
376	29.84	27.803	32.518	30.444	
377	29.94	27.803	32.518	30.444	
378	30.	27.803	32.518	30.444	
379	30.01	27.803	32.518	30.444	
380	30.02	27.803	32.518	30.444	
381	30.05	27.803	32.518	30.444	
382	30.14	27.803	32.518	30.444	
383	30.24	27.803	32.517	30.444	
384	30.34	27.803	32.517	30.444	
385	30.44	27.803	32.517	30.444	
386	30.54	27.803	32.517	30.444	
387	30.64	27.803	32.517	30.444	
388	30.74	27.803	32.517	30.444	
389	30.84	27.803	32.517	30.444	
390	30.94	27.803	32.517	30.444	
391	31.	27.804	32.517	30.444	
392	31.01	27.804	32.517	30.444	
393	31.02	27.804	32.517	30.444	
394	31.05	27.804	32.517	30.444	
395	31.14	27.804	32.517	30.444	
396	31.24	27.804	32.517	30.444	
397	31.34	27.804	32.517	30.444	
398	31.44	27.804	32.517	30.444	
399	31.54	27.804	32.517	30.444	
400	31.64	27.804	32.517	30.444	
401	31.74	27.804	32.517	30.444	
402	31.84	27.804	32.517	30.444	
403	31.94	27.804	32.517	30.444	
404	32.	27.804	32.517	30.444	
405	32.01	27.804	32.517	30.444	
406	32.02	27.804	32.517	30.444	
407	32.05	27.804	32.517	30.444	
408	32.14	27.804	32.517	30.444	
409	32.24	27.805	32.516	30.444	
410	32.34	27.805	32.516	30.444	
411	32.44	27.805	32.516	30.444	
412	32.54	27.805	32.516	30.444	
413	32.64	27.805	32.516	30.444	
414	32.74	27.805	32.516	30.444	
415	32.84	27.805	32.516	30.444	
416	32.94	27.805	32.516	30.444	
417	33.	27.805	32.516	30.444	
418	33.01	27.805	32.516	30.444	
419	33.02	27.805	32.516	30.444	
420	33.05	27.805	32.516	30.444	
421	33.14	27.805	32.516	30.444	
422	33.24	27.805	32.516	30.444	
423	33.34	27.805	32.516	30.444	
424	33.44	27.806	32.516	30.444	
425	33.54	27.806	32.516	30.444	
426	33.64	27.806	32.516	30.444	
427	33.74	27.806	32.516	30.444	
428	33.84	27.806	32.516	30.444	
429	33.94	27.806	32.516	30.444	
430	34.	27.806	32.516	30.444	
431	34.01	27.806	32.516	30.444	
432	34.02	27.806	32.516	30.444	
433	34.05	27.806	32.516	30.444	
434	34.14	27.806	32.516	30.444	
435	34.24	27.806	32.516	30.444	
436	34.34	27.806	32.516	30.444	
437	34.44	27.806	32.515	30.444	
438	34.54	27.806	32.515	30.444	
439	34.64	27.807	32.515	30.444	
440	34.74	27.807	32.515	30.444	
441	34.84	27.807	32.515	30.444	
442	34.94	27.807	32.515	30.444	
443	35.	27.807	32.515	30.444	
444	35.01	27.807	32.515	30.444	
445	35.02	27.807	32.515	30.444	
446	35.05	27.807	32.515	30.444	
447	35.14	27.807	32.515	30.444	
448	35.24	27.807	32.515	30.444	
449	35.34	27.807	32.515	30.444	
450	35.44	27.807	32.515	30.444	
451	35.54	27.807	32.515	30.444	
452	35.64	27.807	32.515	30.444	
453	35.74	27.807	32.515	30.444	
454	35.84	27.808	32.515	30.444	
455	35.94	27.808	32.515	30.444	
456	36.	27.808	32.515	30.444	
457	36.01	27.808	32.515	30.444	
458	36.02	27.808	32.515	30.444	
459	36.05	27.808	32.515	30.445	
460	36.14	27.808	32.515	30.445	
461	36.24	27.808	32.515	30.445	
462	36.34	27.808	32.515	30.445	
463	36.44	27.808	32.515	30.445	
464	36.54	27.808	32.515	30.445	
465	36.64	27.808	32.515	30.445	
466	36.74	27.808	32.514	30.445	
467	36.84	27.808	32.514	30.445	
468	36.94	27.809	32.514	30.445	
469	37.	27.809	32.514	30.445	
470	37.01	27.809	32.514	30.445	
471	37.02	27.809	32.514	30.445	
472	37.05	27.809	32.514	30.445	
473	37.14	27.809	32.514	30.445	
474	37.24	27.809	32.514	30.445	
475	37.34	27.809	32.514	30.445	
476	37.44	27.809	32.514	30.445	
477	37.54	27.809	32.514	30.445	
478	37.64	27.809	32.514	30.445	
479	37.74	27.809	32.514	30.445	
480	37.84	27.809	32.514	30.445	
481	37.94	27.809	32.514	30.445	
482	38.	27.809	32.514	30.445	
483	38.01	27.809	32.514	30.445	
484	38.02	27.809	32.514	30.445	
485	38.05	27.809	32.514	30.445	
486	38.14	27.81	32.514	30.445	
487	38.24	27.81	32.514	30.445	
488	38.34	27.81	32.514	30.445	
489	38.44	27.81	32.514	30.445	
490	38.54	27.81	32.514	30.445	
491	38.64	27.81	32.514	30.445	
492	38.74	27.81	32.514	30.445	
493	38.84	27.81	32.514	30.445	
494	38.94	27.81	32.514	30.445	
495	39.	27.81	32.514	30.445	
496	39.01	27.81	32.514	30.445	
497	39.02	27.81	32.514	30.445	
498	39.05	27.81	32.514	30.445	
499	39.14	27.81	32.514	30.445	
500	39.24	27.81	32.514	30.445	
501	39.34	27.811	32.514	30.445	
502	39.44	27.811	32.513	30.445	
503	39.54	27.811	32.513	30.445	
504	39.64	27.811	32.513	30.445	
505	39.74	27.811	32.513	30.445	
506	39.84	27.811	32.513	30.445	
507	39.94	27.811	32.513	30.445	
508	40.	27.811	32.513	30.445	
509	40.01	27.811	32.513	30.445	
510	40.02	27.811	32.513	30.445	
511	40.05	27.811	32.513	30.445	
512	40.14	27.811	32.513	30.445	
513	40.24	27.811	32.513	30.445	
514	40.34	27.811	32.513	30.445	
515	40.44	27.811	32.513	30.445	
516	40.54	27.812	32.513	30.445	
517	40.64	27.812	32.513	30.445	
518	40.74	27.812	32.513	30.445	
519	40.84	27.812	32.513	30.445	
520	40.94	27.812	32.513	30.445	
521	41.	27.812	32.513	30.445	
522	41.01	27.812	32.513	30.445	
523	41.02	27.812	32.513	30.445	
524	41.05	27.812	32.513	30.445	
525	41.14	27.812	32.513	30.445	
526	41.24	27.812	32.513	30.445	
527	41.34	27.812	32.513	30.445	
528	41.44	27.812	32.513	30.445	
529	41.54	27.812	32.513	30.445	
530	41.64	27.813	32.513	30.445	
531	41.74	27.813	32.513	30.445	
532	41.84	27.813	32.513	30.445	
533	41.94	27.813	32.513	30.445	
534	42.	27.813	32.513	30.445	
535	42.01	27.813	32.513	30.445	
536	42.02	27.813	32.513	30.445	
537	42.05	27.813	32.513	30.445	
538	42.14	27.813	32.513	30.445	
539	42.24	27.813	32.513	30.445	
540	42.34	27.813	32.513	30.445	
541	42.44	27.813	32.512	30.445	
542	42.54	27.813	32.512	30.445	
543	42.64	27.813	32.512	30.446	
544	42.74	27.813	32.512	30.446	
545	42.84	27.814	32.512	30.446	
546	42.94	27.814	32.512	30.446	
547	43.	27.814	32.512	30.446	
548	43.01	27.814	32.512	30.446	
549	43.02	27.814	32.512	30.446	
550	43.05	27.814	32.512	30.446	
551	43.14	27.814	32.512	30.446	
552	43.24	27.814	32.512	30.446	
553	43.34	27.814	32.512	30.446	
554	43.44	27.814	32.512	30.446	
555	43.54	27.814	32.512	30.446	
556	43.64	27.814	32.512	30.446	
557	43.74	27.814	32.512	30.446	
558	43.84	27.814	32.512	30.446	
559	43.94	27.814	32.512	30.446	
560	44.	27.815	32.512	30.446	
561	44.01	27.815	32.512	30.446	
562	44.02	27.815	32.512	30.446	
563	44.05	27.815	32.512	30.446	
564	44.14	27.815	32.512	30.446	
565	44.24	27.815	32.512	30.446	
566	44.34	27.815	32.512	30.446	
567	44.44	27.815	32.512	30.446	
568	44.54	27.815	32.512	30.446	
569	44.64	27.815	32.512	30.446	
570	44.74	27.815	32.512	30.446	
571	44.84	27.815	32.512	30.446	
572	44.94	27.815	32.512	30.446	
573	45.	27.815	32.512	30.446	
574	45.01	27.815	32.512	30.446	
575	45.02	27.815	32.512	30.446	
576	45.05	27.815	32.512	30.446	
577	45.14	27.816	32.512	30.446	
578	45.24	27.816	32.512	30.446	
579	45.34	27.816	32.512	30.446	
580	45.44	27.816	32.512	30.446	
581	45.54	27.816	32.512	30.446	
582	45.64	27.816	32.512	30.446	
583	45.74	27.816	32.512	30.446	
584	45.84	27.816	32.512	30.446	
585	45.94	27.816	32.511	30.446	
586	46.	27.816	32.511	30.446	
587	46.01	27.816	32.511	30.446	
588	46.02	27.816	32.511	30.446	
589	46.05	27.816	32.511	30.446	
590	46.14	27.816	32.511	30.446	
591	46.24	27.816	32.511	30.446	
592	46.34	27.817	32.511	30.446	
593	46.44	27.817	32.511	30.446	
594	46.54	27.817	32.511	30.446	
595	46.64	27.817	32.511	30.446	
596	46.74	27.817	32.511	30.446	
597	46.84	27.817	32.511	30.446	
598	46.94	27.817	32.511	30.446	
599	47.	27.817	32.511	30.446	
600	47.01	27.817	32.511	30.446	
601	47.02	27.817	32.511	30.446	
602	47.05	27.817	32.511	30.446	
603	47.14	27.817	32.511	30.446	
604	47.24	27.817	32.511	30.446	
605	47.34	27.817	32.511	30.446	
606	47.44	27.817	32.511	30.447	
607	47.54	27.818	32.511	30.447	
608	47.64	27.818	32.511	30.447	
609	47.74	27.818	32.511	30.447	
610	47.84	27.818	32.511	30.447	
611	47.94	27.818	32.511	30.447	
612	48.	27.818	32.511	30.447	
613	48.01	27.818	32.511	30.447	
614	48.02	27.818	32.511	30.447	
615	48.05	27.818	32.511	30.447	
616	48.14	27.818	32.511	30.447	
617	48.24	27.818	32.511	30.447	
618	48.34	27.818	32.511	30.447	
619	48.44	27.818	32.511	30.447	
620	48.54	27.818	32.511	30.447	
621	48.64	27.819	32.511	30.447	
622	48.74	27.819	32.511	30.447	
623	48.84	27.819	32.511	30.447	
624	48.94	27.819	32.511	30.447	
625	49.	27.819	32.511	30.447	
626	49.01	27.819	32.511	30.447	
627	49.02	27.819	32.511	30.447	
628	49.05	27.819	32.511	30.447	
629	49.14	27.819	32.511	30.447	
630	49.24	27.819	32.511	30.447	
631	49.34	27.819	32.511	30.447	
632	49.44	27.819	32.511	30.447	
633	49.54	27.819	32.511	30.447	
634	49.64	27.819	32.511	30.447	
635	49.74	27.819	32.511	30.447	
636	49.84	27.82	32.511	30.447	
637	49.94	27.82	32.511	30.447	
638	50.	27.82	32.511	30.447	
639	50.01	27.82	32.511	30.447	
640	50.02	27.82	32.511	30.447	
641	50.05	27.82	32.511	30.447	
642	50.14	27.82	32.511	30.447	
643	50.24	27.82	32.511	30.447	
644	50.34	27.82	32.51	30.447	
645	50.44	27.82	32.51	30.447	
646	50.54	27.82	32.51	30.447	
647	50.64	27.82	32.51	30.447	
648	50.74	27.82	32.51	30.447	
649	50.84	27.82	32.51	30.447	
650	50.94	27.821	32.51	30.447	
651	51.	27.821	32.51	30.447	
652	51.01	27.821	32.51	30.447	
653	51.02	27.821	32.51	30.447	
654	51.05	27.821	32.51	30.447	
655	51.14	27.821	32.51	30.447	
656	51.24	27.821	32.51	30.447	
657	51.34	27.821	32.51	30.447	
658	51.44	27.821	32.51	30.447	
659	51.54	27.821	32.51	30.448	
660	51.64	27.821	32.51	30.448	
661	51.74	27.821	32.51	30.448	
662	51.84	27.821	32.51	30.448	
663	51.94	27.821	32.51	30.448	
664	52.	27.821	32.51	30.448	
665	52.01	27.821	32.51	30.448	
666	52.02	27.821	32.51	30.448	
667	52.05	27.821	32.51	30.448	
668	52.14	27.822	32.51	30.448	
669	52.24	27.822	32.51	30.448	
670	52.34	27.822	32.51	30.448	
671	52.44	27.822	32.51	30.448	
672	52.54	27.822	32.51	30.448	
673	52.64	27.822	32.51	30.448	
674	52.74	27.822	32.51	30.448	
675	52.84	27.822	32.51	30.448	
676	52.94	27.822	32.51	30.448	
677	53.	27.822	32.51	30.448	
678	53.01	27.822	32.51	30.448	
679	53.02	27.822	32.51	30.448	
680	53.05	27.822	32.51	30.448	
681	53.14	27.822	32.51	30.448	
682	53.24	27.823	32.51	30.448	
683	53.34	27.823	32.51	30.448	
684	53.44	27.823	32.51	30.448	
685	53.54	27.823	32.51	30.448	
686	53.64	27.823	32.51	30.448	
687	53.74	27.823	32.51	30.448	
688	53.84	27.823	32.51	30.448	
689	53.94	27.823	32.51	30.448	
690	54.	27.823	32.51	30.448	
691	54.01	27.823	32.51	30.448	
692	54.02	27.823	32.51	30.448	
693	54.05	27.823	32.51	30.448	
694	54.14	27.823	32.51	30.448	
695	54.24	27.823	32.51	30.448	
696	54.34	27.823	32.51	30.448	
697	54.44	27.824	32.51	30.448	
698	54.54	27.824	32.51	30.448	
699	54.64	27.824	32.51	30.448	
700	54.74	27.824	32.51	30.448	
701	54.84	27.824	32.51	30.448	
702	54.94	27.824	32.51	30.448	
703	55.	27.824	32.51	30.448	
704	55.01	27.824	32.51	30.449	
705	55.02	27.824	32.51	30.449	
706	55.05	27.824	32.51	30.449	
707	55.14	27.824	32.51	30.449	
708	55.24	27.824	32.51	30.449	
709	55.34	27.824	32.51	30.449	
710	55.44	27.824	32.51	30.449	
711	55.54	27.825	32.51	30.449	
712	55.64	27.825	32.51	30.449	
713	55.74	27.825	32.51	30.449	
714	55.84	27.825	32.51	30.449	
715	55.94	27.825	32.51	30.449	
716	56.	27.825	32.51	30.449	
717	56.01	27.825	32.51	30.449	
718	56.02	27.825	32.51	30.449	
719	56.05	27.825	32.51	30.449	
720	56.14	27.825	32.51	30.449	
721	56.24	27.825	32.51	30.449	
722	56.34	27.825	32.51	30.449	
723	56.44	27.825	32.51	30.449	
724	56.54	27.825	32.51	30.449	
725	56.64	27.825	32.51	30.449	
726	56.74	27.826	32.51	30.449	
727	56.84	27.826	32.51	30.449	
728	56.94	27.826	32.51	30.449	
729	57.	27.826	32.51	30.449	
730	57.01	27.826	32.51	30.449	
731	57.02	27.826	32.51	30.449	
732	57.05	27.826	32.51	30.449	
733	57.14	27.826	32.51	30.449	
734	57.24	27.826	32.51	30.449	
735	57.34	27.826	32.51	30.449	
736	57.44	27.826	32.509	30.449	
737	57.54	27.826	32.509	30.449	
738	57.64	27.826	32.509	30.449	
739	57.74	27.826	32.509	30.449	
740	57.84	27.827	32.509	30.449	
741	57.94	27.827	32.509	30.449	
742	58.	27.827	32.509	30.449	
743	58.01	27.827	32.509	30.449	
744	58.02	27.827	32.509	30.449	
745	58.05	27.827	32.509	30.449	
746	58.14	27.827	32.509	30.449	
747	58.24	27.827	32.509	30.45	
748	58.34	27.827	32.509	30.45	
749	58.44	27.827	32.509	30.45	
750	58.54	27.827	32.509	30.45	
751	58.64	27.827	32.509	30.45	
752	58.74	27.827	32.509	30.45	
753	58.84	27.827	32.509	30.45	
754	58.94	27.827	32.509	30.45	
755	59.	27.828	32.509	30.45	
756	59.01	27.828	32.509	30.45	
757	59.02	27.828	32.509	30.45	
758	59.05	27.828	32.509	30.45	
759	59.14	27.828	32.509	30.45	
760	59.24	27.828	32.509	30.45	
761	59.34	27.828	32.509	30.45	
762	59.44	27.828	32.509	30.45	
763	59.54	27.828	32.509	30.45	
764	59.64	27.828	32.509	30.45	
765	59.74	27.828	32.509	30.45	
766	59.84	27.828	32.509	30.45	
767	59.94	27.828	32.509	30.45	
768	60.	27.828	32.509	30.45	
769	60.01	27.828	32.509	30.45	
770	60.02	27.828	32.509	30.45	
771	60.05	27.828	32.509	30.45	
772	60.14	27.829	32.509	30.45	
773	60.24	27.829	32.509	30.45	
774	60.34	27.829	32.509	30.45	
775	60.44	27.829	32.509	30.45	
776	60.54	27.829	32.509	30.45	
777	60.64	27.829	32.509	30.45	
778	60.74	27.829	32.509	30.45	
779	60.84	27.829	32.509	30.45	
780	60.94	27.829	32.509	30.45	
781	61.	27.829	32.509	30.45	
782	61.01	27.829	32.509	30.45	
783	61.02	27.829	32.509	30.45	
784	61.05	27.829	32.509	30.45	
785	61.14	27.829	32.509	30.45	
786	61.24	27.83	32.509	30.451	
787	61.34	27.83	32.509	30.451	
788	61.44	27.83	32.509	30.451	
789	61.54	27.83	32.509	30.451	
790	61.64	27.83	32.509	30.451	
791	61.74	27.83	32.509	30.451	
792	61.84	27.83	32.509	30.451	
793	61.94	27.83	32.509	30.451	
794	62.	27.83	32.509	30.451	
795	62.01	27.83	32.509	30.451	
796	62.02	27.83	32.509	30.451	
797	62.05	27.83	32.509	30.451	
798	62.14	27.83	32.509	30.451	
799	62.24	27.83	32.509	30.451	
800	62.34	27.83	32.509	30.451	
801	62.44	27.831	32.509	30.451	
802	62.54	27.831	32.509	30.451	
803	62.64	27.831	32.509	30.451	
804	62.74	27.831	32.509	30.451	
805	62.84	27.831	32.509	30.451	
806	62.94	27.831	32.509	30.451	
807	63.	27.831	32.509	30.451	
808	63.01	27.831	32.509	30.451	
809	63.02	27.831	32.509	30.451	
810	63.05	27.831	32.509	30.451	
811	63.14	27.831	32.509	30.451	
812	63.24	27.831	32.509	30.451	
813	63.34	27.831	32.509	30.451	
814	63.44	27.831	32.509	30.451	
815	63.54	27.832	32.509	30.451	
816	63.64	27.832	32.509	30.451	
817	63.74	27.832	32.509	30.451	
818	63.84	27.832	32.509	30.451	
819	63.94	27.832	32.509	30.451	
820	64.	27.832	32.509	30.451	
821	64.01	27.832	32.509	30.451	
822	64.02	27.832	32.509	30.452	
823	64.05	27.832	32.509	30.452	
824	64.14	27.832	32.509	30.452	
825	64.24	27.832	32.509	30.452	
826	64.34	27.832	32.509	30.452	
827	64.44	27.832	32.509	30.452	
828	64.54	27.832	32.509	30.452	
829	64.64	27.833	32.509	30.452	
830	64.74	27.833	32.509	30.452	
831	64.84	27.833	32.509	30.452	
832	64.94	27.833	32.509	30.452	
833	65.	27.833	32.509	30.452	
834	65.01	27.833	32.509	30.452	
835	65.02	27.833	32.509	30.452	
836	65.05	27.833	32.509	30.452	
837	65.14	27.833	32.509	30.452	
838	65.24	27.833	32.509	30.452	
839	65.34	27.833	32.509	30.452	
840	65.44	27.833	32.509	30.452	
841	65.54	27.833	32.509	30.452	
842	65.64	27.833	32.509	30.452	
843	65.74	27.834	32.509	30.452	
844	65.84	27.834	32.509	30.452	
845	65.94	27.834	32.509	30.452	
846	66.	27.834	32.509	30.452	
847	66.01	27.834	32.509	30.452	
848	66.02	27.834	32.509	30.452	
849	66.05	27.834	32.509	30.452	
850	66.14	27.834	32.509	30.452	
851	66.24	27.834	32.509	30.452	
852	66.34	27.834	32.509	30.452	
853	66.44	27.834	32.509	30.452	
854	66.54	27.834	32.509	30.452	
855	66.64	27.834	32.509	30.452	
856	66.74	27.834	32.509	30.453	
857	66.84	27.834	32.509	30.453	
858	66.94	27.835	32.509	30.453	
859	67.	27.835	32.509	30.453	
860	67.01	27.835	32.509	30.453	
861	67.02	27.835	32.509	30.453	
862	67.05	27.835	32.509	30.453	
863	67.14	27.835	32.509	30.453	
864	67.24	27.835	32.509	30.453	
865	67.34	27.835	32.509	30.453	
866	67.44	27.835	32.509	30.453	
867	67.54	27.835	32.509	30.453	
868	67.64	27.835	32.509	30.453	
869	67.74	27.835	32.509	30.453	
870	67.84	27.835	32.509	30.453	
871	67.94	27.835	32.509	30.453	
872	68.	27.836	32.509	30.453	
873	68.01	27.836	32.509	30.453	
874	68.02	27.836	32.509	30.453	
875	68.05	27.836	32.509	30.453	
876	68.14	27.836	32.509	30.453	
877	68.24	27.836	32.509	30.453	
878	68.34	27.836	32.509	30.453	
879	68.44	27.836	32.509	30.453	
880	68.54	27.836	32.509	30.453	
881	68.64	27.836	32.509	30.453	
882	68.74	27.836	32.509	30.453	
883	68.84	27.836	32.509	30.453	
884	68.94	27.836	32.509	30.453	
885	69.	27.836	32.509	30.453	
886	69.01	27.836	32.509	30.453	
887	69.02	27.836	32.509	30.453	
888	69.05	27.836	32.509	30.453	
889	69.14	27.837	32.509	30.453	
890	69.24	27.837	32.509	30.454	
891	69.34	27.837	32.509	30.454	
892	69.44	27.837	32.509	30.454	
893	69.54	27.837	32.509	30.454	
894	69.64	27.837	32.509	30.454	
895	69.74	27.837	32.509	30.454	
896	69.84	27.837	32.509	30.454	
897	69.94	27.837	32.509	30.454	
898	70.	27.837	32.509	30.454	
899	70.01	27.837	32.509	30.454	
900	70.02	27.837	32.509	30.454	
901	70.05	27.837	32.509	30.454	
902	70.14	27.837	32.509	30.454	
903	70.24	27.838	32.509	30.454	
904	70.34	27.838	32.509	30.454	
905	70.44	27.838	32.509	30.454	
906	70.54	27.838	32.509	30.454	
907	70.64	27.838	32.509	30.454	
908	70.74	27.838	32.509	30.454	
909	70.84	27.838	32.509	30.454	
910	70.94	27.838	32.509	30.454	
911	71.	27.838	32.509	30.454	
912	71.01	27.838	32.509	30.454	
913	71.02	27.838	32.509	30.454	
914	71.05	27.838	32.509	30.454	
915	71.14	27.838	32.509	30.454	
916	71.24	27.838	32.51	30.454	
917	71.34	27.838	32.51	30.454	
918	71.44	27.839	32.51	30.454	
919	71.54	27.839	32.51	30.455	
920	71.64	27.839	32.51	30.455	
921	71.74	27.839	32.51	30.455	
922	71.84	27.839	32.51	30.455	
923	71.94	27.839	32.51	30.455	
924	72.	27.839	32.51	30.455	
925	72.01	27.839	32.51	30.455	
926	72.02	27.839	32.51	30.455	
927	72.05	27.839	32.51	30.455	
928	72.14	27.839	32.51	30.455	
929	72.24	27.839	32.51	30.455	
930	72.34	27.839	32.51	30.455	
931	72.44	27.839	32.51	30.455	
932	72.54	27.84	32.51	30.455	
933	72.64	27.84	32.51	30.455	
934	72.74	27.84	32.51	30.455	
935	72.84	27.84	32.51	30.455	
936	72.94	27.84	32.51	30.455	
937	73.	27.84	32.51	30.455	
938	73.01	27.84	32.51	30.455	
939	73.02	27.84	32.51	30.455	
940	73.05	27.84	32.51	30.455	
941	73.14	27.84	32.51	30.455	
942	73.24	27.84	32.51	30.455	
943	73.34	27.84	32.51	30.455	
944	73.44	27.84	32.51	30.455	
945	73.54	27.84	32.51	30.455	
946	73.64	27.841	32.51	30.455	
947	73.74	27.841	32.51	30.455	
948	73.84	27.841	32.51	30.456	
949	73.94	27.841	32.51	30.456	
950	74.	27.841	32.51	30.456	
951	74.01	27.841	32.51	30.456	
952	74.02	27.841	32.51	30.456	
953	74.05	27.841	32.51	30.456	
954	74.14	27.841	32.51	30.456	
955	74.24	27.841	32.51	30.456	
956	74.34	27.841	32.51	30.456	
957	74.44	27.841	32.51	30.456	
958	74.54	27.841	32.51	30.456	
959	74.64	27.841	32.51	30.456	
960	74.74	27.842	32.51	30.456	
961	74.84	27.842	32.51	30.456	
962	74.94	27.842	32.51	30.456	
963	75.	27.842	32.51	30.456	
964	75.01	27.842	32.51	30.456	
965	75.02	27.842	32.51	30.456	
966	75.05	27.842	32.51	30.456	
967	75.14	27.842	32.51	30.456	
968	75.24	27.842	32.51	30.456	
969	75.34	27.842	32.51	30.456	
970	75.44	27.842	32.51	30.456	
971	75.54	27.842	32.51	30.456	
972	75.64	27.842	32.51	30.456	
973	75.74	27.842	32.51	30.456	
974	75.84	27.843	32.51	30.456	
975	75.94	27.843	32.51	30.456	
976	76.	27.843	32.51	30.456	
977	76.01	27.843	32.51	30.456	
978	76.02	27.843	32.51	30.456	
979	76.05	27.843	32.51	30.457	
980	76.14	27.843	32.51	30.457	
981	76.24	27.843	32.51	30.457	
982	76.34	27.843	32.51	30.457	
983	76.44	27.843	32.51	30.457	
984	76.54	27.843	32.51	30.457	
985	76.64	27.843	32.51	30.457	
986	76.74	27.843	32.51	30.457	
987	76.84	27.843	32.51	30.457	
988	76.94	27.844	32.51	30.457	
989	77.	27.844	32.51	30.457	
990	77.01	27.844	32.51	30.457	
991	77.02	27.844	32.51	30.457	
992	77.05	27.844	32.51	30.457	
993	77.14	27.844	32.51	30.457	
994	77.24	27.844	32.51	30.457	
995	77.34	27.844	32.51	30.457	
996	77.44	27.844	32.51	30.457	
997	77.54	27.844	32.51	30.457	
998	77.64	27.844	32.51	30.457	
999	77.74	27.844	32.51	30.457	
1000	77.84	27.844	32.51	30.457	
1001	77.94	27.844	32.51	30.457	
1002	78.	27.844	32.51	30.457	
1003	78.01	27.844	32.51	30.457	
1004	78.02	27.844	32.51	30.457	
1005	78.05	27.845	32.51	30.457	
1006	78.14	27.845	32.51	30.457	
1007	78.24	27.845	32.51	30.458	
1008	78.34	27.845	32.51	30.458	
1009	78.44	27.845	32.51	30.458	
1010	78.54	27.845	32.51	30.458	
1011	78.64	27.845	32.51	30.458	
1012	78.74	27.845	32.511	30.458	
1013	78.84	27.845	32.511	30.458	
1014	78.94	27.845	32.511	30.458	
1015	79.	27.845	32.511	30.458	
1016	79.01	27.845	32.511	30.458	
1017	79.02	27.845	32.511	30.458	
1018	79.05	27.845	32.511	30.458	
1019	79.14	27.845	32.511	30.458	
1020	79.24	27.846	32.511	30.458	
1021	79.34	27.846	32.511	30.458	
1022	79.44	27.846	32.511	30.458	
1023	79.54	27.846	32.511	30.458	
1024	79.64	27.846	32.511	30.458	
1025	79.74	27.846	32.511	30.458	
1026	79.84	27.846	32.511	30.458	
1027	79.94	27.846	32.511	30.458	
1028	80.	27.846	32.511	30.458	
1029	80.01	27.846	32.511	30.458	
1030	80.02	27.846	32.511	30.458	
1031	80.05	27.846	32.511	30.458	
1032	80.14	27.846	32.511	30.458	
1033	80.24	27.846	32.511	30.458	
1034	80.34	27.847	32.511	30.459	
1035	80.44	27.847	32.511	30.459	
1036	80.54	27.847	32.511	30.459	
1037	80.64	27.847	32.511	30.459	
1038	80.74	27.847	32.511	30.459	
1039	80.84	27.847	32.511	30.459	
1040	80.94	27.847	32.511	30.459	
1041	81.	27.847	32.511	30.459	
1042	81.01	27.847	32.511	30.459	
1043	81.02	27.847	32.511	30.459	
1044	81.05	27.847	32.511	30.459	
1045	81.14	27.847	32.511	30.459	
1046	81.24	27.847	32.511	30.459	
1047	81.34	27.847	32.511	30.459	
1048	81.44	27.848	32.511	30.459	
1049	81.54	27.848	32.511	30.459	
1050	81.64	27.848	32.511	30.459	
1051	81.74	27.848	32.511	30.459	
1052	81.84	27.848	32.511	30.459	
1053	81.94	27.848	32.511	30.459	
1054	82.	27.848	32.511	30.459	
1055	82.01	27.848	32.511	30.459	
1056	82.02	27.848	32.511	30.459	
1057	82.05	27.848	32.511	30.459	
1058	82.14	27.848	32.511	30.459	
1059	82.24	27.848	32.511	30.459	
1060	82.34	27.848	32.511	30.46	
1061	82.44	27.848	32.511	30.46	
1062	82.54	27.849	32.511	30.46	
1063	82.64	27.849	32.511	30.46	
1064	82.74	27.849	32.511	30.46	
1065	82.84	27.849	32.511	30.46	
1066	82.94	27.849	32.511	30.46	
1067	83.	27.849	32.511	30.46	
1068	83.01	27.849	32.511	30.46	
1069	83.02	27.849	32.511	30.46	
1070	83.05	27.849	32.511	30.46	
1071	83.14	27.849	32.511	30.46	
1072	83.24	27.849	32.511	30.46	
1073	83.34	27.849	32.511	30.46	
1074	83.44	27.849	32.511	30.46	
1075	83.54	27.849	32.511	30.46	
1076	83.64	27.85	32.512	30.46	
1077	83.74	27.85	32.512	30.46	
1078	83.84	27.85	32.512	30.46	
1079	83.94	27.85	32.512	30.46	
1080	84.	27.85	32.512	30.46	
1081	84.01	27.85	32.512	30.46	
1082	84.02	27.85	32.512	30.46	
1083	84.05	27.85	32.512	30.46	
1084	84.14	27.85	32.512	30.46	
1085	84.24	27.85	32.512	30.461	
1086	84.34	27.85	32.512	30.461	
1087	84.44	27.85	32.512	30.461	
1088	84.54	27.85	32.512	30.461	
1089	84.64	27.85	32.512	30.461	
1090	84.74	27.851	32.512	30.461	
1091	84.84	27.851	32.512	30.461	
1092	84.94	27.851	32.512	30.461	
1093	85.	27.851	32.512	30.461	
1094	85.01	27.851	32.512	30.461	
1095	85.02	27.851	32.512	30.461	
1096	85.05	27.851	32.512	30.461	
1097	85.14	27.851	32.512	30.461	
1098	85.24	27.851	32.512	30.461	
1099	85.34	27.851	32.512	30.461	
1100	85.44	27.851	32.512	30.461	
1101	85.54	27.851	32.512	30.461	
1102	85.64	27.851	32.512	30.461	
1103	85.74	27.851	32.512	30.461	
1104	85.84	27.852	32.512	30.461	
1105	85.94	27.852	32.512	30.461	
1106	86.	27.852	32.512	30.461	
1107	86.01	27.852	32.512	30.461	
1108	86.02	27.852	32.512	30.461	
1109	86.05	27.852	32.512	30.461	
1110	86.14	27.852	32.512	30.461	
1111	86.24	27.852	32.512	30.462	
1112	86.34	27.852	32.512	30.462	
1113	86.44	27.852	32.512	30.462	
1114	86.54	27.852	32.512	30.462	
1115	86.64	27.852	32.512	30.462	
1116	86.74	27.852	32.512	30.462	
1117	86.84	27.852	32.512	30.462	
1118	86.94	27.853	32.512	30.462	
1119	87.	27.853	32.512	30.462	
1120	87.01	27.853	32.512	30.462	
1121	87.02	27.853	32.512	30.462	
1122	87.05	27.853	32.512	30.462	
1123	87.14	27.853	32.512	30.462	
1124	87.24	27.853	32.512	30.462	
1125	87.34	27.853	32.512	30.462	
1126	87.44	27.853	32.512	30.462	
1127	87.54	27.853	32.513	30.462	
1128	87.64	27.853	32.513	30.462	
1129	87.74	27.853	32.513	30.462	
1130	87.84	27.853	32.513	30.462	
1131	87.94	27.853	32.513	30.462	
1132	88.	27.854	32.513	30.462	
1133	88.01	27.854	32.513	30.462	
1134	88.02	27.854	32.513	30.463	
1135	88.05	27.854	32.513	30.463	
1136	88.14	27.854	32.513	30.463	
1137	88.24	27.854	32.513	30.463	
1138	88.34	27.854	32.513	30.463	
1139	88.44	27.854	32.513	30.463	
1140	88.54	27.854	32.513	30.463	
1141	88.64	27.854	32.513	30.463	
1142	88.74	27.854	32.513	30.463	
1143	88.84	27.854	32.513	30.463	
1144	88.94	27.854	32.513	30.463	
1145	89.	27.854	32.513	30.463	
1146	89.01	27.854	32.513	30.463	
1147	89.02	27.854	32.513	30.463	
1148	89.05	27.854	32.513	30.463	
1149	89.14	27.855	32.513	30.463	
1150	89.24	27.855	32.513	30.463	
1151	89.34	27.855	32.513	30.463	
1152	89.44	27.855	32.513	30.463	
1153	89.54	27.855	32.513	30.463	
1154	89.64	27.855	32.513	30.463	
1155	89.74	27.855	32.513	30.463	
1156	89.84	27.855	32.513	30.463	
1157	89.94	27.855	32.513	30.464	
1158	90.	27.855	32.513	30.464	
1159	90.01	27.855	32.513	30.464	
1160	90.02	27.855	32.513	30.464	
1161	90.05	27.855	32.513	30.464	
1162	90.14	27.855	32.513	30.464	
1163	90.24	27.856	32.513	30.464	
1164	90.34	27.856	32.513	30.464	
1165	90.44	27.856	32.513	30.464	
1166	90.54	27.856	32.513	30.464	
1167	90.64	27.856	32.513	30.464	
1168	90.74	27.856	32.513	30.464	
1169	90.84	27.856	32.513	30.464	
1170	90.94	27.856	32.514	30.464	
1171	91.	27.856	32.514	30.464	
1172	91.01	27.856	32.514	30.464	
1173	91.02	27.856	32.514	30.464	
1174	91.05	27.856	32.514	30.464	
1175	91.14	27.856	32.514	30.464	
1176	91.24	27.856	32.514	30.464	
1177	91.34	27.857	32.514	30.464	
1178	91.44	27.857	32.514	30.464	
1179	91.54	27.857	32.514	30.464	
1180	91.64	27.857	32.514	30.465	
1181	91.74	27.857	32.514	30.465	
1182	91.84	27.857	32.514	30.465	
1183	91.94	27.857	32.514	30.465	
1184	92.	27.857	32.514	30.465	
1185	92.01	27.857	32.514	30.465	
1186	92.02	27.857	32.514	30.465	
1187	92.05	27.857	32.514	30.465	
1188	92.14	27.857	32.514	30.465	
1189	92.24	27.857	32.514	30.465	
1190	92.34	27.857	32.514	30.465	
1191	92.44	27.858	32.514	30.465	
1192	92.54	27.858	32.514	30.465	
1193	92.64	27.858	32.514	30.465	
1194	92.74	27.858	32.514	30.465	
1195	92.84	27.858	32.514	30.465	
1196	92.94	27.858	32.514	30.465	
1197	93.	27.858	32.514	30.465	
1198	93.01	27.858	32.514	30.465	
1199	93.02	27.858	32.514	30.465	
1200	93.05	27.858	32.514	30.465	
1201	93.14	27.858	32.514	30.465	
1202	93.24	27.858	32.514	30.465	
1203	93.34	27.858	32.514	30.465	
1204	93.44	27.858	32.514	30.466	
1205	93.54	27.859	32.514	30.466	
1206	93.64	27.859	32.514	30.466	
1207	93.74	27.859	32.514	30.466	
1208	93.84	27.859	32.514	30.466	
1209	93.94	27.859	32.515	30.466	
1210	94.	27.859	32.515	30.466	
1211	94.01	27.859	32.515	30.466	
1212	94.02	27.859	32.515	30.466	
1213	94.05	27.859	32.515	30.466	
1214	94.14	27.859	32.515	30.466	
1215	94.24	27.859	32.515	30.466	
1216	94.34	27.859	32.515	30.466	
1217	94.44	27.859	32.515	30.466	
1218	94.54	27.859	32.515	30.466	
1219	94.64	27.86	32.515	30.466	
1220	94.74	27.86	32.515	30.466	
1221	94.84	27.86	32.515	30.466	
1222	94.94	27.86	32.515	30.466	
1223	95.	27.86	32.515	30.466	
1224	95.01	27.86	32.515	30.466	
1225	95.02	27.86	32.515	30.466	
1226	95.05	27.86	32.515	30.466	
1227	95.14	27.86	32.515	30.467	
1228	95.24	27.86	32.515	30.467	
1229	95.34	27.86	32.515	30.467	
1230	95.44	27.86	32.515	30.467	
1231	95.54	27.86	32.515	30.467	
1232	95.64	27.86	32.515	30.467	
1233	95.74	27.861	32.515	30.467	
1234	95.84	27.861	32.515	30.467	
1235	95.94	27.861	32.515	30.467	
1236	96.	27.861	32.515	30.467	
1237	96.01	27.861	32.515	30.467	
1238	96.02	27.861	32.515	30.467	
1239	96.05	27.861	32.515	30.467	
1240	96.14	27.861	32.515	30.467	
1241	96.24	27.861	32.515	30.467	
1242	96.34	27.861	32.515	30.467	
1243	96.44	27.861	32.515	30.467	
1244	96.54	27.861	32.515	30.467	
1245	96.64	27.861	32.515	30.467	
1246	96.74	27.862	32.516	30.467	
1247	96.84	27.862	32.516	30.468	
1248	96.94	27.862	32.516	30.468	
1249	97.	27.862	32.516	30.468	
1250	97.01	27.862	32.516	30.468	
1251	97.02	27.862	32.516	30.468	
1252	97.05	27.862	32.516	30.468	
1253	97.14	27.862	32.516	30.468	
1254	97.24	27.862	32.516	30.468	
1255	97.34	27.862	32.516	30.468	
1256	97.44	27.862	32.516	30.468	
1257	97.54	27.862	32.516	30.468	
1258	97.64	27.862	32.516	30.468	
1259	97.74	27.862	32.516	30.468	
1260	97.84	27.863	32.516	30.468	
1261	97.94	27.863	32.516	30.468	
1262	98.	27.863	32.516	30.468	
1263	98.01	27.863	32.516	30.468	
1264	98.02	27.863	32.516	30.468	
1265	98.05	27.863	32.516	30.468	
1266	98.14	27.863	32.516	30.468	
1267	98.24	27.863	32.516	30.468	
1268	98.34	27.863	32.516	30.468	
1269	98.44	27.863	32.516	30.468	
1270	98.54	27.863	32.516	30.469	
1271	98.64	27.863	32.516	30.469	
1272	98.74	27.863	32.516	30.469	
1273	98.84	27.863	32.516	30.469	
1274	98.94	27.864	32.516	30.469	
1275	99.	27.864	32.516	30.469	
1276	99.01	27.864	32.516	30.469	
1277	99.02	27.864	32.516	30.469	
1278	99.05	27.864	32.516	30.469	
1279	99.14	27.864	32.516	30.469	
1280	99.24	27.864	32.516	30.469	
1281	99.34	27.864	32.517	30.469	
1282	99.44	27.864	32.517	30.469	
1283	99.54	27.864	32.517	30.469	
1284	99.64	27.864	32.517	30.469	
1285	99.74	27.864	32.517	30.469	
1286	99.84	27.864	32.517	30.469	
1287	99.94	27.864	32.517	30.469	
1288	100.	27.865	32.517	30.469	
1289	100.01	27.865	32.517	30.469	
1290	100.02	27.865	32.517	30.469	
1291	100.05	27.865	32.517	30.469	
1292	100.14	27.865	32.517	30.47	
1293	100.24	27.865	32.517	30.47	
1294	100.34	27.865	32.517	30.47	
1295	100.44	27.865	32.517	30.47	
1296	100.54	27.865	32.517	30.47	
1297	100.64	27.865	32.517	30.47	
1298	100.74	27.865	32.517	30.47	
1299	100.84	27.865	32.517	30.47	
1300	100.94	27.865	32.517	30.47	
1301	101.	27.865	32.517	30.47	
1302	101.01	27.865	32.517	30.47	
1303	101.02	27.865	32.517	30.47	
1304	101.05	27.865	32.517	30.47	
1305	101.14	27.866	32.517	30.47	
1306	101.24	27.866	32.517	30.47	
1307	101.34	27.866	32.517	30.47	
1308	101.44	27.866	32.517	30.47	
1309	101.54	27.866	32.517	30.47	
1310	101.64	27.866	32.517	30.47	
1311	101.74	27.866	32.517	30.471	
1312	101.84	27.866	32.518	30.471	
1313	101.94	27.866	32.518	30.471	
1314	102.	27.866	32.518	30.471	
1315	102.01	27.866	32.518	30.471	
1316	102.02	27.866	32.518	30.471	
1317	102.05	27.866	32.518	30.471	
1318	102.14	27.866	32.518	30.471	
1319	102.24	27.867	32.518	30.471	
1320	102.34	27.867	32.518	30.471	
1321	102.44	27.867	32.518	30.471	
1322	102.54	27.867	32.518	30.471	
1323	102.64	27.867	32.518	30.471	
1324	102.74	27.867	32.518	30.471	
1325	102.84	27.867	32.518	30.471	
1326	102.94	27.867	32.518	30.471	
1327	103.	27.867	32.518	30.471	
1328	103.01	27.867	32.518	30.471	
1329	103.02	27.867	32.518	30.471	
1330	103.05	27.867	32.518	30.471	
1331	103.14	27.867	32.518	30.471	
1332	103.24	27.867	32.518	30.471	
1333	103.34	27.868	32.518	30.472	
1334	103.44	27.868	32.518	30.472	
1335	103.54	27.868	32.518	30.472	
1336	103.64	27.868	32.518	30.472	
1337	103.74	27.868	32.518	30.472	
1338	103.84	27.868	32.518	30.472	
1339	103.94	27.868	32.518	30.472	
1340	104.	27.868	32.518	30.472	
1341	104.01	27.868	32.518	30.472	
1342	104.02	27.868	32.518	30.472	
1343	104.05	27.868	32.518	30.472	
1344	104.14	27.868	32.519	30.472	
1345	104.24	27.868	32.519	30.472	
1346	104.34	27.869	32.519	30.472	
1347	104.44	27.869	32.519	30.472	
1348	104.54	27.869	32.519	30.472	
1349	104.64	27.869	32.519	30.472	
1350	104.74	27.869	32.519	30.472	
1351	104.84	27.869	32.519	30.472	
1352	104.94	27.869	32.519	30.473	
1353	105.	27.869	32.519	30.473	
1354	105.01	27.869	32.519	30.473	
1355	105.02	27.869	32.519	30.473	
1356	105.05	27.869	32.519	30.473	
1357	105.14	27.869	32.519	30.473	
1358	105.24	27.869	32.519	30.473	
1359	105.34	27.869	32.519	30.473	
1360	105.44	27.87	32.519	30.473	
1361	105.54	27.87	32.519	30.473	
1362	105.64	27.87	32.519	30.473	
1363	105.74	27.87	32.519	30.473	
1364	105.84	27.87	32.519	30.473	
1365	105.94	27.87	32.519	30.473	
1366	106.	27.87	32.519	30.473	
1367	106.01	27.87	32.519	30.473	
1368	106.02	27.87	32.519	30.473	
1369	106.05	27.87	32.519	30.473	
1370	106.14	27.87	32.519	30.473	
1371	106.24	27.87	32.519	30.473	
1372	106.34	27.87	32.52	30.473	
1373	106.44	27.87	32.52	30.474	
1374	106.54	27.871	32.52	30.474	
1375	106.64	27.871	32.52	30.474	
1376	106.74	27.871	32.52	30.474	
1377	106.84	27.871	32.52	30.474	
1378	106.94	27.871	32.52	30.474	
1379	107.	27.871	32.52	30.474	
1380	107.01	27.871	32.52	30.474	
1381	107.02	27.871	32.52	30.474	
1382	107.05	27.871	32.52	30.474	
1383	107.14	27.871	32.52	30.474	
1384	107.24	27.871	32.52	30.474	
1385	107.34	27.871	32.52	30.474	
1386	107.44	27.871	32.52	30.474	
1387	107.54	27.871	32.52	30.474	
1388	107.64	27.872	32.52	30.474	
1389	107.74	27.872	32.52	30.474	
1390	107.84	27.872	32.52	30.474	
1391	107.94	27.872	32.52	30.474	
1392	108.	27.872	32.52	30.475	
1393	108.01	27.872	32.52	30.475	
1394	108.02	27.872	32.52	30.475	
1395	108.05	27.872	32.52	30.475	
1396	108.14	27.872	32.52	30.475	
1397	108.24	27.872	32.52	30.475	
1398	108.34	27.872	32.52	30.475	
1399	108.44	27.872	32.521	30.475	
1400	108.54	27.872	32.521	30.475	
1401	108.64	27.872	32.521	30.475	
1402	108.74	27.873	32.521	30.475	
1403	108.84	27.873	32.521	30.475	
1404	108.94	27.873	32.521	30.475	
1405	109.	27.873	32.521	30.475	
1406	109.01	27.873	32.521	30.475	
1407	109.02	27.873	32.521	30.475	
1408	109.05	27.873	32.521	30.475	
1409	109.14	27.873	32.521	30.475	
1410	109.24	27.873	32.521	30.475	
1411	109.34	27.873	32.521	30.475	
1412	109.44	27.873	32.521	30.475	
1413	109.54	27.873	32.521	30.476	
1414	109.64	27.873	32.521	30.476	
1415	109.74	27.874	32.521	30.476	
1416	109.84	27.874	32.521	30.476	
1417	109.94	27.874	32.521	30.476	
1418	110.	27.874	32.521	30.476	
1419	110.01	27.874	32.521	30.476	
1420	110.02	27.874	32.521	30.476	
1421	110.05	27.874	32.521	30.476	
1422	110.14	27.874	32.521	30.476	
1423	110.24	27.874	32.521	30.476	
1424	110.34	27.874	32.521	30.476	
1425	110.44	27.874	32.521	30.476	
1426	110.54	27.874	32.522	30.476	
1427	110.64	27.874	32.522	30.476	
1428	110.74	27.874	32.522	30.476	
1429	110.84	27.875	32.522	30.476	
1430	110.94	27.875	32.522	30.477	
1431	111.	27.875	32.522	30.477	
1432	111.01	27.875	32.522	30.477	
1433	111.02	27.875	32.522	30.477	
1434	111.05	27.875	32.522	30.477	
1435	111.14	27.875	32.522	30.477	
1436	111.24	27.875	32.522	30.477	
1437	111.34	27.875	32.522	30.477	
1438	111.44	27.875	32.522	30.477	
1439	111.54	27.875	32.522	30.477	
1440	111.64	27.875	32.522	30.477	
1441	111.74	27.875	32.522	30.477	
1442	111.84	27.875	32.522	30.477	
1443	111.94	27.876	32.522	30.477	
1444	112.	27.876	32.522	30.477	
1445	112.01	27.876	32.522	30.477	
1446	112.02	27.876	32.522	30.477	
1447	112.05	27.876	32.522	30.477	
1448	112.14	27.876	32.522	30.477	
1449	112.24	27.876	32.522	30.477	
1450	112.34	27.876	32.522	30.477	
1451	112.44	27.876	32.523	30.478	
1452	112.54	27.876	32.523	30.478	
1453	112.64	27.876	32.523	30.478	
1454	112.74	27.876	32.523	30.478	
1455	112.84	27.876	32.523	30.478	
1456	112.94	27.876	32.523	30.478	
1457	113.	27.877	32.523	30.478	
1458	113.01	27.877	32.523	30.478	
1459	113.02	27.877	32.523	30.478	
1460	113.05	27.877	32.523	30.478	
1461	113.14	27.877	32.523	30.478	
1462	113.24	27.877	32.523	30.478	
1463	113.34	27.877	32.523	30.478	
1464	113.44	27.877	32.523	30.478	
1465	113.54	27.877	32.523	30.478	
1466	113.64	27.877	32.523	30.478	
1467	113.74	27.877	32.523	30.478	
1468	113.84	27.877	32.523	30.478	
1469	113.94	27.877	32.523	30.479	
1470	114.	27.877	32.523	30.479	
1471	114.01	27.877	32.523	30.479	
1472	114.02	27.878	32.523	30.479	
1473	114.05	27.878	32.523	30.479	
1474	114.14	27.878	32.523	30.479	
1475	114.24	27.878	32.523	30.479	
1476	114.34	27.878	32.524	30.479	
1477	114.44	27.878	32.524	30.479	
1478	114.54	27.878	32.524	30.479	
1479	114.64	27.878	32.524	30.479	
1480	114.74	27.878	32.524	30.479	
1481	114.84	27.878	32.524	30.479	
1482	114.94	27.878	32.524	30.479	
1483	115.	27.878	32.524	30.479	
1484	115.01	27.878	32.524	30.479	
1485	115.02	27.878	32.524	30.479	
1486	115.05	27.878	32.524	30.479	
1487	115.14	27.879	32.524	30.479	
1488	115.24	27.879	32.524	30.479	
1489	115.34	27.879	32.524	30.48	
1490	115.44	27.879	32.524	30.48	
1491	115.54	27.879	32.524	30.48	
1492	115.64	27.879	32.524	30.48	
1493	115.74	27.879	32.524	30.48	
1494	115.84	27.879	32.524	30.48	
1495	115.94	27.879	32.524	30.48	
1496	116.	27.879	32.524	30.48	
1497	116.01	27.879	32.524	30.48	
1498	116.02	27.879	32.524	30.48	
1499	116.05	27.879	32.524	30.48	
1500	116.14	27.879	32.524	30.48	
1501	116.24	27.88	32.525	30.48	
1502	116.34	27.88	32.525	30.48	
1503	116.44	27.88	32.525	30.48	
1504	116.54	27.88	32.525	30.48	
1505	116.64	27.88	32.525	30.48	
1506	116.74	27.88	32.525	30.481	
1507	116.84	27.88	32.525	30.481	
1508	116.94	27.88	32.525	30.481	
1509	117.	27.88	32.525	30.481	
1510	117.01	27.88	32.525	30.481	
1511	117.02	27.88	32.525	30.481	
1512	117.05	27.88	32.525	30.481	
1513	117.14	27.88	32.525	30.481	
1514	117.24	27.881	32.525	30.481	
1515	117.34	27.881	32.525	30.481	
1516	117.44	27.881	32.525	30.481	
1517	117.54	27.881	32.525	30.481	
1518	117.64	27.881	32.525	30.481	
1519	117.74	27.881	32.525	30.481	
1520	117.84	27.881	32.525	30.481	
1521	117.94	27.881	32.525	30.481	
1522	118.	27.881	32.526	30.481	
1523	118.01	27.881	32.526	30.481	
1524	118.02	27.881	32.526	30.481	
1525	118.05	27.881	32.526	30.481	
1526	118.14	27.881	32.526	30.482	
1527	118.24	27.881	32.526	30.482	
1528	118.34	27.882	32.526	30.482	
1529	118.44	27.882	32.526	30.482	
1530	118.54	27.882	32.526	30.482	
1531	118.64	27.882	32.526	30.482	
1532	118.74	27.882	32.526	30.482	
1533	118.84	27.882	32.526	30.482	
1534	118.94	27.882	32.526	30.482	
1535	119.	27.882	32.526	30.482	
1536	119.01	27.882	32.526	30.482	
1537	119.02	27.882	32.526	30.482	
1538	119.05	27.882	32.526	30.482	
1539	119.14	27.882	32.526	30.482	
1540	119.24	27.882	32.526	30.482	
1541	119.34	27.882	32.526	30.482	
1542	119.44	27.883	32.526	30.482	
1543	119.54	27.883	32.526	30.483	
1544	119.64	27.883	32.526	30.483	
1545	119.74	27.883	32.527	30.483	
1546	119.84	27.883	32.527	30.483	
1547	119.94	27.883	32.527	30.483	
1548	120.	27.883	32.527	30.483	
1549	120.01	27.883	32.527	30.483	
1550	120.02	27.883	32.527	30.483	
1551	120.05	27.883	32.527	30.483	
1552	120.14	27.883	32.527	30.483	
1553	120.24	27.883	32.527	30.483	
1554	120.34	27.883	32.527	30.483	
1555	120.44	27.884	32.527	30.483	
1556	120.54	27.884	32.527	30.483	
1557	120.64	27.884	32.527	30.483	
1558	120.74	27.884	32.527	30.483	
1559	120.84	27.884	32.527	30.483	
1560	120.94	27.884	32.527	30.484	
1561	121.	27.884	32.527	30.484	
1562	121.01	27.884	32.527	30.484	
1563	121.02	27.884	32.527	30.484	
1564	121.05	27.884	32.527	30.484	
1565	121.14	27.884	32.527	30.484	
1566	121.24	27.884	32.527	30.484	
1567	121.34	27.884	32.527	30.484	
1568	121.44	27.884	32.528	30.484	
1569	121.54	27.885	32.528	30.484	
1570	121.64	27.885	32.528	30.484	
1571	121.74	27.885	32.528	30.484	
1572	121.84	27.885	32.528	30.484	
1573	121.94	27.885	32.528	30.484	
1574	122.	27.885	32.528	30.484	
1575	122.01	27.885	32.528	30.484	
1576	122.02	27.885	32.528	30.484	
1577	122.05	27.885	32.528	30.484	
1578	122.14	27.885	32.528	30.484	
1579	122.24	27.885	32.528	30.484	
1580	122.34	27.885	32.528	30.485	
1581	122.44	27.885	32.528	30.485	
1582	122.54	27.885	32.528	30.485	
1583	122.64	27.886	32.528	30.485	
1584	122.74	27.886	32.528	30.485	
1585	122.84	27.886	32.528	30.485	
1586	122.94	27.886	32.528	30.485	
1587	123.	27.886	32.528	30.485	
1588	123.01	27.886	32.528	30.485	
1589	123.02	27.886	32.528	30.485	
1590	123.05	27.886	32.528	30.485	
1591	123.14	27.886	32.529	30.485	
1592	123.24	27.886	32.529	30.485	
1593	123.34	27.886	32.529	30.485	
1594	123.44	27.886	32.529	30.485	
1595	123.54	27.886	32.529	30.485	
1596	123.64	27.887	32.529	30.486	
1597	123.74	27.887	32.529	30.486	
1598	123.84	27.887	32.529	30.486	
1599	123.94	27.887	32.529	30.486	
1600	124.	27.887	32.529	30.486	
1601	124.01	27.887	32.529	30.486	
1602	124.02	27.887	32.529	30.486	
1603	124.05	27.887	32.529	30.486	
1604	124.14	27.887	32.529	30.486	
1605	124.24	27.887	32.529	30.486	
1606	124.34	27.887	32.529	30.486	
1607	124.44	27.887	32.529	30.486	
1608	124.54	27.887	32.529	30.486	
1609	124.64	27.887	32.529	30.486	
1610	124.74	27.888	32.53	30.486	
1611	124.84	27.888	32.53	30.486	
1612	124.94	27.888	32.53	30.486	
1613	125.	27.888	32.53	30.487	
1614	125.01	27.888	32.53	30.487	
1615	125.02	27.888	32.53	30.487	
1616	125.05	27.888	32.53	30.487	
1617	125.14	27.888	32.53	30.487	
1618	125.24	27.888	32.53	30.487	
1619	125.34	27.888	32.53	30.487	
1620	125.44	27.888	32.53	30.487	
1621	125.54	27.888	32.53	30.487	
1622	125.64	27.888	32.53	30.487	
1623	125.74	27.888	32.53	30.487	
1624	125.84	27.889	32.53	30.487	
1625	125.94	27.889	32.53	30.487	
1626	126.	27.889	32.53	30.487	
1627	126.01	27.889	32.53	30.487	
1628	126.02	27.889	32.53	30.487	
1629	126.05	27.889	32.53	30.487	
1630	126.14	27.889	32.53	30.487	
1631	126.24	27.889	32.53	30.487	
1632	126.34	27.889	32.531	30.488	
1633	126.44	27.889	32.531	30.488	
1634	126.54	27.889	32.531	30.488	
1635	126.64	27.889	32.531	30.488	
1636	126.74	27.889	32.531	30.488	
1637	126.84	27.89	32.531	30.488	
1638	126.94	27.89	32.531	30.488	
1639	127.	27.89	32.531	30.488	
1640	127.01	27.89	32.531	30.488	
1641	127.02	27.89	32.531	30.488	
1642	127.05	27.89	32.531	30.488	
1643	127.14	27.89	32.531	30.488	
1644	127.24	27.89	32.531	30.488	
1645	127.34	27.89	32.531	30.488	
1646	127.44	27.89	32.531	30.488	
1647	127.54	27.89	32.531	30.488	
1648	127.64	27.89	32.531	30.489	
1649	127.74	27.89	32.531	30.489	
1650	127.84	27.89	32.531	30.489	
1651	127.94	27.891	32.532	30.489	
1652	128.	27.891	32.532	30.489	
1653	128.01	27.891	32.532	30.489	
1654	128.02	27.891	32.532	30.489	
1655	128.05	27.891	32.532	30.489	
1656	128.14	27.891	32.532	30.489	
1657	128.24	27.891	32.532	30.489	
1658	128.34	27.891	32.532	30.489	
1659	128.44	27.891	32.532	30.489	
1660	128.54	27.891	32.532	30.489	
1661	128.64	27.891	32.532	30.489	
1662	128.74	27.891	32.532	30.489	
1663	128.84	27.891	32.532	30.489	
1664	128.94	27.891	32.532	30.489	
1665	129.	27.892	32.532	30.49	
1666	129.01	27.892	32.532	30.49	
1667	129.02	27.892	32.532	30.49	
1668	129.05	27.892	32.532	30.49	
1669	129.14	27.892	32.532	30.49	
1670	129.24	27.892	32.532	30.49	
1671	129.34	27.892	32.532	30.49	
1672	129.44	27.892	32.533	30.49	
1673	129.54	27.892	32.533	30.49	
1674	129.64	27.892	32.533	30.49	
1675	129.74	27.892	32.533	30.49	
1676	129.84	27.892	32.533	30.49	
1677	129.94	27.892	32.533	30.49	
1678	130.	27.892	32.533	30.49	
1679	130.01	27.893	32.533	30.49	
1680	130.02	27.893	32.533	30.49	
1681	130.05	27.893	32.533	30.49	
1682	130.14	27.893	32.533	30.49	
1683	130.24	27.893	32.533	30.49	
1684	130.34	27.893	32.533	30.491	
1685	130.44	27.893	32.533	30.491	
1686	130.54	27.893	32.533	30.491	
1687	130.64	27.893	32.533	30.491	
1688	130.74	27.893	32.533	30.491	
1689	130.84	27.893	32.533	30.491	
1690	130.94	27.893	32.534	30.491	
1691	131.	27.893	32.534	30.491	
1692	131.01	27.893	32.534	30.491	
1693	131.02	27.893	32.534	30.491	
1694	131.05	27.893	32.534	30.491	
1695	131.14	27.894	32.534	30.491	
1696	131.24	27.894	32.534	30.491	
1697	131.34	27.894	32.534	30.491	
1698	131.44	27.894	32.534	30.491	
1699	131.54	27.894	32.534	30.491	
1700	131.64	27.894	32.534	30.492	
1701	131.74	27.894	32.534	30.492	
1702	131.84	27.894	32.534	30.492	
1703	131.94	27.894	32.534	30.492	
1704	132.	27.894	32.534	30.492	
1705	132.01	27.894	32.534	30.492	
1706	132.02	27.894	32.534	30.492	
1707	132.05	27.894	32.534	30.492	
1708	132.14	27.895	32.534	30.492	
1709	132.24	27.895	32.534	30.492	
1710	132.34	27.895	32.534	30.492	
1711	132.44	27.895	32.535	30.492	
1712	132.54	27.895	32.535	30.492	
1713	132.64	27.895	32.535	30.492	
1714	132.74	27.895	32.535	30.492	
1715	132.84	27.895	32.535	30.493	
1716	132.94	27.895	32.535	30.493	
1717	133.	27.895	32.535	30.493	
1718	133.01	27.895	32.535	30.493	
1719	133.02	27.895	32.535	30.493	
1720	133.05	27.895	32.535	30.493	
1721	133.14	27.895	32.535	30.493	
1722	133.24	27.896	32.535	30.493	
1723	133.34	27.896	32.535	30.493	
1724	133.44	27.896	32.535	30.493	
1725	133.54	27.896	32.535	30.493	
1726	133.64	27.896	32.535	30.493	
1727	133.74	27.896	32.535	30.493	
1728	133.84	27.896	32.535	30.493	
1729	133.94	27.896	32.536	30.493	
1730	134.	27.896	32.536	30.493	
1731	134.01	27.896	32.536	30.493	
1732	134.02	27.896	32.536	30.493	
1733	134.05	27.896	32.536	30.493	
1734	134.14	27.896	32.536	30.494	
1735	134.24	27.897	32.536	30.494	
1736	134.34	27.897	32.536	30.494	
1737	134.44	27.897	32.536	30.494	
1738	134.54	27.897	32.536	30.494	
1739	134.64	27.897	32.536	30.494	
1740	134.74	27.897	32.536	30.494	
1741	134.84	27.897	32.536	30.494	
1742	134.94	27.897	32.536	30.494	
1743	135.	27.897	32.536	30.494	
1744	135.01	27.897	32.536	30.494	
1745	135.02	27.897	32.536	30.494	
1746	135.05	27.897	32.536	30.494	
1747	135.14	27.897	32.536	30.494	
1748	135.24	27.897	32.536	30.494	
1749	135.34	27.898	32.537	30.494	
1750	135.44	27.898	32.537	30.495	
1751	135.54	27.898	32.537	30.495	
1752	135.64	27.898	32.537	30.495	
1753	135.74	27.898	32.537	30.495	
1754	135.84	27.898	32.537	30.495	
1755	135.94	27.898	32.537	30.495	
1756	136.	27.898	32.537	30.495	
1757	136.01	27.898	32.537	30.495	
1758	136.02	27.898	32.537	30.495	
1759	136.05	27.898	32.537	30.495	
1760	136.14	27.898	32.537	30.495	
1761	136.24	27.898	32.537	30.495	
1762	136.34	27.898	32.537	30.495	
1763	136.44	27.899	32.537	30.495	
1764	136.54	27.899	32.537	30.495	
1765	136.64	27.899	32.537	30.496	
1766	136.74	27.899	32.538	30.496	
1767	136.84	27.899	32.538	30.496	
1768	136.94	27.899	32.538	30.496	
1769	137.	27.899	32.538	30.496	
1770	137.01	27.899	32.538	30.496	
1771	137.02	27.899	32.538	30.496	
1772	137.05	27.899	32.538	30.496	
1773	137.14	27.899	32.538	30.496	
1774	137.24	27.899	32.538	30.496	
1775	137.34	27.899	32.538	30.496	
1776	137.44	27.9	32.538	30.496	
1777	137.54	27.9	32.538	30.496	
1778	137.64	27.9	32.538	30.496	
1779	137.74	27.9	32.538	30.496	
1780	137.84	27.9	32.538	30.496	
1781	137.94	27.9	32.538	30.497	
1782	138.	27.9	32.538	30.497	
1783	138.01	27.9	32.538	30.497	
1784	138.02	27.9	32.538	30.497	
1785	138.05	27.9	32.538	30.497	
1786	138.14	27.9	32.539	30.497	
1787	138.24	27.9	32.539	30.497	
1788	138.34	27.9	32.539	30.497	
1789	138.44	27.9	32.539	30.497	
1790	138.54	27.901	32.539	30.497	
1791	138.64	27.901	32.539	30.497	
1792	138.74	27.901	32.539	30.497	
1793	138.84	27.901	32.539	30.497	
1794	138.94	27.901	32.539	30.497	
1795	139.	27.901	32.539	30.497	
1796	139.01	27.901	32.539	30.497	
1797	139.02	27.901	32.539	30.497	
1798	139.05	27.901	32.539	30.497	
1799	139.14	27.901	32.539	30.498	
1800	139.24	27.901	32.539	30.498	
1801	139.34	27.901	32.539	30.498	
1802	139.44	27.901	32.539	30.498	
1803	139.54	27.902	32.54	30.498	
1804	139.64	27.902	32.54	30.498	
1805	139.74	27.902	32.54	30.498	
1806	139.84	27.902	32.54	30.498	
1807	139.94	27.902	32.54	30.498	
1808	140.	27.902	32.54	30.498	
1809	140.01	27.902	32.54	30.498	
1810	140.02	27.902	32.54	30.498	
1811	140.05	27.902	32.54	30.498	
1812	140.14	27.902	32.54	30.498	
1813	140.24	27.902	32.54	30.498	
1814	140.34	27.902	32.54	30.499	
1815	140.44	27.902	32.54	30.499	
1816	140.54	27.902	32.54	30.499	
1817	140.64	27.903	32.54	30.499	
1818	140.74	27.903	32.54	30.499	
1819	140.84	27.903	32.541	30.499	
1820	140.94	27.903	32.541	30.499	
1821	141.	27.903	32.541	30.499	
1822	141.01	27.903	32.541	30.499	
1823	141.02	27.903	32.541	30.499	
1824	141.05	27.903	32.541	30.499	
1825	141.14	27.903	32.541	30.499	
1826	141.24	27.903	32.541	30.499	
1827	141.34	27.903	32.541	30.499	
1828	141.44	27.903	32.541	30.499	
1829	141.54	27.903	32.541	30.499	
1830	141.64	27.904	32.541	30.5	
1831	141.74	27.904	32.541	30.5	
1832	141.84	27.904	32.541	30.5	
1833	141.94	27.904	32.541	30.5	
1834	142.	27.904	32.541	30.5	
1835	142.01	27.904	32.541	30.5	
1836	142.02	27.904	32.541	30.5	
1837	142.05	27.904	32.541	30.5	
1838	142.14	27.904	32.541	30.5	
1839	142.24	27.904	32.542	30.5	
1840	142.34	27.904	32.542	30.5	
1841	142.44	27.904	32.542	30.5	
1842	142.54	27.904	32.542	30.5	
1843	142.64	27.904	32.542	30.5	
1844	142.74	27.905	32.542	30.5	
1845	142.84	27.905	32.542	30.501	
1846	142.94	27.905	32.542	30.501	
1847	143.	27.905	32.542	30.501	
1848	143.01	27.905	32.542	30.501	
1849	143.02	27.905	32.542	30.501	
1850	143.05	27.905	32.542	30.501	
1851	143.14	27.905	32.542	30.501	
1852	143.24	27.905	32.542	30.501	
1853	143.34	27.905	32.542	30.501	
1854	143.44	27.905	32.542	30.501	
1855	143.54	27.905	32.543	30.501	
1856	143.64	27.905	32.543	30.501	
1857	143.74	27.906	32.543	30.501	
1858	143.84	27.906	32.543	30.501	
1859	143.94	27.906	32.543	30.501	
1860	144.	27.906	32.543	30.502	
1861	144.01	27.906	32.543	30.502	
1862	144.02	27.906	32.543	30.502	
1863	144.05	27.906	32.543	30.502	
1864	144.14	27.906	32.543	30.502	
1865	144.24	27.906	32.543	30.502	
1866	144.34	27.906	32.543	30.502	
1867	144.44	27.906	32.543	30.502	
1868	144.54	27.906	32.543	30.502	
1869	144.64	27.906	32.543	30.502	
1870	144.74	27.906	32.543	30.502	
1871	144.84	27.907	32.544	30.502	
1872	144.94	27.907	32.544	30.502	
1873	145.	27.907	32.544	30.502	
1874	145.01	27.907	32.544	30.502	
1875	145.02	27.907	32.544	30.502	
1876	145.05	27.907	32.544	30.502	
1877	145.14	27.907	32.544	30.502	
1878	145.24	27.907	32.544	30.503	
1879	145.34	27.907	32.544	30.503	
1880	145.44	27.907	32.544	30.503	
1881	145.54	27.907	32.544	30.503	
1882	145.64	27.907	32.544	30.503	
1883	145.74	27.907	32.544	30.503	
1884	145.84	27.908	32.544	30.503	
1885	145.94	27.908	32.544	30.503	
1886	146.	27.908	32.544	30.503	
1887	146.01	27.908	32.544	30.503	
1888	146.02	27.908	32.544	30.503	
1889	146.05	27.908	32.544	30.503	
1890	146.14	27.908	32.545	30.503	
1891	146.24	27.908	32.545	30.503	
1892	146.34	27.908	32.545	30.503	
1893	146.44	27.908	32.545	30.504	
1894	146.54	27.908	32.545	30.504	
1895	146.64	27.908	32.545	30.504	
1896	146.74	27.908	32.545	30.504	
1897	146.84	27.908	32.545	30.504	
1898	146.94	27.909	32.545	30.504	
1899	147.	27.909	32.545	30.504	
1900	147.01	27.909	32.545	30.504	
1901	147.02	27.909	32.545	30.504	
1902	147.05	27.909	32.545	30.504	
1903	147.14	27.909	32.545	30.504	
1904	147.24	27.909	32.545	30.504	
1905	147.34	27.909	32.545	30.504	
1906	147.44	27.909	32.546	30.504	
1907	147.54	27.909	32.546	30.504	
1908	147.64	27.909	32.546	30.505	
1909	147.74	27.909	32.546	30.505	
1910	147.84	27.909	32.546	30.505	
1911	147.94	27.91	32.546	30.505	
1912	148.	27.91	32.546	30.505	
1913	148.01	27.91	32.546	30.505	
1914	148.02	27.91	32.546	30.505	
1915	148.05	27.91	32.546	30.505	
1916	148.14	27.91	32.546	30.505	
1917	148.24	27.91	32.546	30.505	
1918	148.34	27.91	32.546	30.505	
1919	148.44	27.91	32.546	30.505	
1920	148.54	27.91	32.546	30.505	
1921	148.64	27.91	32.546	30.505	
1922	148.74	27.91	32.547	30.505	
1923	148.84	27.91	32.547	30.506	
1924	148.94	27.91	32.547	30.506	
1925	149.	27.911	32.547	30.506	
1926	149.01	27.911	32.547	30.506	
1927	149.02	27.911	32.547	30.506	
1928	149.05	27.911	32.547	30.506	
1929	149.14	27.911	32.547	30.506	
1930	149.24	27.911	32.547	30.506	
1931	149.34	27.911	32.547	30.506	
1932	149.44	27.911	32.547	30.506	
1933	149.54	27.911	32.547	30.506	
1934	149.64	27.911	32.547	30.506	
1935	149.74	27.911	32.547	30.506	
1936	149.84	27.911	32.547	30.506	
1937	149.94	27.911	32.548	30.507	
1938	150.	27.911	32.548	30.507	
1939	150.01	27.912	32.548	30.507	
1940	150.02	27.912	32.548	30.507	
1941	150.05	27.912	32.548	30.507	
1942	150.14	27.912	32.548	30.507	
1943	150.24	27.912	32.548	30.507	
1944	150.34	27.912	32.548	30.507	
1945	150.44	27.912	32.548	30.507	
1946	150.54	27.912	32.548	30.507	
1947	150.64	27.912	32.548	30.507	
1948	150.74	27.912	32.548	30.507	
1949	150.84	27.912	32.548	30.507	
1950	150.94	27.912	32.548	30.507	
1951	151.	27.912	32.548	30.507	
1952	151.01	27.912	32.548	30.507	
1953	151.02	27.912	32.548	30.507	
1954	151.05	27.912	32.548	30.507	
1955	151.14	27.913	32.548	30.508	
1956	151.24	27.913	32.549	30.508	
1957	151.34	27.913	32.549	30.508	
1958	151.44	27.913	32.549	30.508	
1959	151.54	27.913	32.549	30.508	
1960	151.64	27.913	32.549	30.508	
1961	151.74	27.913	32.549	30.508	
1962	151.84	27.913	32.549	30.508	
1963	151.94	27.913	32.549	30.508	
1964	152.	27.913	32.549	30.508	
1965	152.01	27.913	32.549	30.508	
1966	152.02	27.913	32.549	30.508	
1967	152.05	27.913	32.549	30.508	
1968	152.14	27.914	32.549	30.508	
1969	152.24	27.914	32.549	30.508	
1970	152.34	27.914	32.549	30.509	
1971	152.44	27.914	32.55	30.509	
1972	152.54	27.914	32.55	30.509	
1973	152.64	27.914	32.55	30.509	
1974	152.74	27.914	32.55	30.509	
1975	152.84	27.914	32.55	30.509	
1976	152.94	27.914	32.55	30.509	
1977	153.	27.914	32.55	30.509	
1978	153.01	27.914	32.55	30.509	
1979	153.02	27.914	32.55	30.509	
1980	153.05	27.914	32.55	30.509	
1981	153.14	27.914	32.55	30.509	
1982	153.24	27.915	32.55	30.509	
1983	153.34	27.915	32.55	30.509	
1984	153.44	27.915	32.55	30.51	
1985	153.54	27.915	32.55	30.51	
1986	153.64	27.915	32.551	30.51	
1987	153.74	27.915	32.551	30.51	
1988	153.84	27.915	32.551	30.51	
1989	153.94	27.915	32.551	30.51	
1990	154.	27.915	32.551	30.51	
1991	154.01	27.915	32.551	30.51	
1992	154.02	27.915	32.551	30.51	
1993	154.05	27.915	32.551	30.51	
1994	154.14	27.915	32.551	30.51	
1995	154.24	27.916	32.551	30.51	
1996	154.34	27.916	32.551	30.51	
1997	154.44	27.916	32.551	30.51	
1998	154.54	27.916	32.551	30.51	
1999	154.64	27.916	32.551	30.511	
2000	154.74	27.916	32.551	30.511	
2001	154.84	27.916	32.552	30.511	
2002	154.94	27.916	32.552	30.511	
2003	155.	27.916	32.552	30.511	
2004	155.01	27.916	32.552	30.511	
2005	155.02	27.916	32.552	30.511	
2006	155.05	27.916	32.552	30.511	
2007	155.14	27.916	32.552	30.511	
2008	155.24	27.917	32.552	30.511	
2009	155.34	27.917	32.552	30.511	
2010	155.44	27.917	32.552	30.511	
2011	155.54	27.917	32.552	30.511	
2012	155.64	27.917	32.552	30.511	
2013	155.74	27.917	32.552	30.512	
2014	155.84	27.917	32.552	30.512	
2015	155.94	27.917	32.552	30.512	
2016	156.	27.917	32.552	30.512	
2017	156.01	27.917	32.552	30.512	
2018	156.02	27.917	32.553	30.512	
2019	156.05	27.917	32.553	30.512	
2020	156.14	27.917	32.553	30.512	
2021	156.24	27.917	32.553	30.512	
2022	156.34	27.918	32.553	30.512	
2023	156.44	27.918	32.553	30.512	
2024	156.54	27.918	32.553	30.512	
2025	156.64	27.918	32.553	30.512	
2026	156.74	27.918	32.553	30.512	
2027	156.84	27.918	32.553	30.512	
2028	156.94	27.918	32.553	30.513	
2029	157.	27.918	32.553	30.513	
2030	157.01	27.918	32.553	30.513	
2031	157.02	27.918	32.553	30.513	
2032	157.05	27.918	32.553	30.513	
2033	157.14	27.918	32.553	30.513	
2034	157.24	27.918	32.554	30.513	
2035	157.34	27.919	32.554	30.513	
2036	157.44	27.919	32.554	30.513	
2037	157.54	27.919	32.554	30.513	
2038	157.64	27.919	32.554	30.513	
2039	157.74	27.919	32.554	30.513	
2040	157.84	27.919	32.554	30.513	
2041	157.94	27.919	32.554	30.513	
2042	158.	27.919	32.554	30.514	
2043	158.01	27.919	32.554	30.514	
2044	158.02	27.919	32.554	30.514	
2045	158.05	27.919	32.554	30.514	
2046	158.14	27.919	32.554	30.514	
2047	158.24	27.919	32.554	30.514	
2048	158.34	27.919	32.554	30.514	
2049	158.44	27.92	32.555	30.514	
2050	158.54	27.92	32.555	30.514	
2051	158.64	27.92	32.555	30.514	
2052	158.74	27.92	32.555	30.514	
2053	158.84	27.92	32.555	30.514	
2054	158.94	27.92	32.555	30.514	
2055	159.	27.92	32.555	30.514	
2056	159.01	27.92	32.555	30.514	
2057	159.02	27.92	32.555	30.514	
2058	159.05	27.92	32.555	30.514	
2059	159.14	27.92	32.555	30.515	
2060	159.24	27.92	32.555	30.515	
2061	159.34	27.92	32.555	30.515	
2062	159.44	27.921	32.555	30.515	
2063	159.54	27.921	32.555	30.515	
2064	159.64	27.921	32.556	30.515	
2065	159.74	27.921	32.556	30.515	
2066	159.84	27.921	32.556	30.515	
2067	159.94	27.921	32.556	30.515	
2068	160.	27.921	32.556	30.515	
2069	160.01	27.921	32.556	30.515	
2070	160.02	27.921	32.556	30.515	
2071	160.05	27.921	32.556	30.515	
2072	160.14	27.921	32.556	30.515	
2073	160.24	27.921	32.556	30.516	
2074	160.34	27.921	32.556	30.516	
2075	160.44	27.921	32.556	30.516	
2076	160.54	27.922	32.556	30.516	
2077	160.64	27.922	32.556	30.516	
2078	160.74	27.922	32.557	30.516	
2079	160.84	27.922	32.557	30.516	
2080	160.94	27.922	32.557	30.516	
2081	161.	27.922	32.557	30.516	
2082	161.01	27.922	32.557	30.516	
2083	161.02	27.922	32.557	30.516	
2084	161.05	27.922	32.557	30.516	
2085	161.14	27.922	32.557	30.516	
2086	161.24	27.922	32.557	30.516	
2087	161.34	27.922	32.557	30.516	
2088	161.44	27.922	32.557	30.517	
2089	161.54	27.923	32.557	30.517	
2090	161.64	27.923	32.557	30.517	
2091	161.74	27.923	32.557	30.517	
2092	161.84	27.923	32.557	30.517	
2093	161.94	27.923	32.558	30.517	
2094	162.	27.923	32.558	30.517	
2095	162.01	27.923	32.558	30.517	
2096	162.02	27.923	32.558	30.517	
2097	162.05	27.923	32.558	30.517	
2098	162.14	27.923	32.558	30.517	
2099	162.24	27.923	32.558	30.517	
2100	162.34	27.923	32.558	30.517	
2101	162.44	27.923	32.558	30.517	
2102	162.54	27.924	32.558	30.518	
2103	162.64	27.924	32.558	30.518	
2104	162.74	27.924	32.558	30.518	
2105	162.84	27.924	32.558	30.518	
2106	162.94	27.924	32.558	30.518	
2107	163.	27.924	32.558	30.518	
2108	163.01	27.924	32.559	30.518	
2109	163.02	27.924	32.559	30.518	
2110	163.05	27.924	32.559	30.518	
2111	163.14	27.924	32.559	30.518	
2112	163.24	27.924	32.559	30.518	
2113	163.34	27.924	32.559	30.518	
2114	163.44	27.924	32.559	30.518	
2115	163.54	27.924	32.559	30.518	
2116	163.64	27.925	32.559	30.519	
2117	163.74	27.925	32.559	30.519	
2118	163.84	27.925	32.559	30.519	
2119	163.94	27.925	32.559	30.519	
2120	164.	27.925	32.559	30.519	
2121	164.01	27.925	32.559	30.519	
2122	164.02	27.925	32.559	30.519	
2123	164.05	27.925	32.559	30.519	
2124	164.14	27.925	32.56	30.519	
2125	164.24	27.925	32.56	30.519	
2126	164.34	27.925	32.56	30.519	
2127	164.44	27.925	32.56	30.519	
2128	164.54	27.925	32.56	30.519	
2129	164.64	27.926	32.56	30.519	
2130	164.74	27.926	32.56	30.52	
2131	164.84	27.926	32.56	30.52	
2132	164.94	27.926	32.56	30.52	
2133	165.	27.926	32.56	30.52	
2134	165.01	27.926	32.56	30.52	
2135	165.02	27.926	32.56	30.52	
2136	165.05	27.926	32.56	30.52	
2137	165.14	27.926	32.56	30.52	
2138	165.24	27.926	32.56	30.52	
2139	165.34	27.926	32.561	30.52	
2140	165.44	27.926	32.561	30.52	
2141	165.54	27.926	32.561	30.52	
2142	165.64	27.926	32.561	30.52	
2143	165.74	27.927	32.561	30.52	
2144	165.84	27.927	32.561	30.521	
2145	165.94	27.927	32.561	30.521	
2146	166.	27.927	32.561	30.521	
2147	166.01	27.927	32.561	30.521	
2148	166.02	27.927	32.561	30.521	
2149	166.05	27.927	32.561	30.521	
2150	166.14	27.927	32.561	30.521	
2151	166.24	27.927	32.561	30.521	
2152	166.34	27.927	32.561	30.521	
2153	166.44	27.927	32.562	30.521	
2154	166.54	27.927	32.562	30.521	
2155	166.64	27.927	32.562	30.521	
2156	166.74	27.928	32.562	30.521	
2157	166.84	27.928	32.562	30.521	
2158	166.94	27.928	32.562	30.522	
2159	167.	27.928	32.562	30.522	
2160	167.01	27.928	32.562	30.522	
2161	167.02	27.928	32.562	30.522	
2162	167.05	27.928	32.562	30.522	
2163	167.14	27.928	32.562	30.522	
2164	167.24	27.928	32.562	30.522	
2165	167.34	27.928	32.562	30.522	
2166	167.44	27.928	32.562	30.522	
2167	167.54	27.928	32.563	30.522	
2168	167.64	27.928	32.563	30.522	
2169	167.74	27.929	32.563	30.522	
2170	167.84	27.929	32.563	30.522	
2171	167.94	27.929	32.563	30.522	
2172	168.	27.929	32.563	30.523	
2173	168.01	27.929	32.563	30.523	
2174	168.02	27.929	32.563	30.523	
2175	168.05	27.929	32.563	30.523	
2176	168.14	27.929	32.563	30.523	
2177	168.24	27.929	32.563	30.523	
2178	168.34	27.929	32.563	30.523	
2179	168.44	27.929	32.563	30.523	
2180	168.54	27.929	32.563	30.523	
2181	168.64	27.929	32.564	30.523	
2182	168.74	27.929	32.564	30.523	
2183	168.84	27.93	32.564	30.523	
2184	168.94	27.93	32.564	30.523	
2185	169.	27.93	32.564	30.523	
2186	169.01	27.93	32.564	30.523	
2187	169.02	27.93	32.564	30.523	
2188	169.05	27.93	32.564	30.523	
2189	169.14	27.93	32.564	30.524	
2190	169.24	27.93	32.564	30.524	
2191	169.34	27.93	32.564	30.524	
2192	169.44	27.93	32.564	30.524	
2193	169.54	27.93	32.564	30.524	
2194	169.64	27.93	32.564	30.524	
2195	169.74	27.93	32.565	30.524	
2196	169.84	27.931	32.565	30.524	
2197	169.94	27.931	32.565	30.524	
2198	170.	27.931	32.565	30.524	
2199	170.01	27.931	32.565	30.524	
2200	170.02	27.931	32.565	30.524	
2201	170.05	27.931	32.565	30.524	
2202	170.14	27.931	32.565	30.525	
2203	170.24	27.931	32.565	30.525	
2204	170.34	27.931	32.565	30.525	
2205	170.44	27.931	32.565	30.525	
2206	170.54	27.931	32.565	30.525	
2207	170.64	27.931	32.565	30.525	
2208	170.74	27.931	32.565	30.525	
2209	170.84	27.931	32.566	30.525	
2210	170.94	27.932	32.566	30.525	
2211	171.	27.932	32.566	30.525	
2212	171.01	27.932	32.566	30.525	
2213	171.02	27.932	32.566	30.525	
2214	171.05	27.932	32.566	30.525	
2215	171.14	27.932	32.566	30.525	
2216	171.24	27.932	32.566	30.526	
2217	171.34	27.932	32.566	30.526	
2218	171.44	27.932	32.566	30.526	
2219	171.54	27.932	32.566	30.526	
2220	171.64	27.932	32.566	30.526	
2221	171.74	27.932	32.566	30.526	
2222	171.84	27.932	32.566	30.526	
2223	171.94	27.933	32.567	30.526	
2224	172.	27.933	32.567	30.526	
2225	172.01	27.933	32.567	30.526	
2226	172.02	27.933	32.567	30.526	
2227	172.05	27.933	32.567	30.526	
2228	172.14	27.933	32.567	30.526	
2229	172.24	27.933	32.567	30.526	
2230	172.34	27.933	32.567	30.527	
2231	172.44	27.933	32.567	30.527	
2232	172.54	27.933	32.567	30.527	
2233	172.64	27.933	32.567	30.527	
2234	172.74	27.933	32.567	30.527	
2235	172.84	27.933	32.567	30.527	
2236	172.94	27.934	32.568	30.527	
2237	173.	27.934	32.568	30.527	
2238	173.01	27.934	32.568	30.527	
2239	173.02	27.934	32.568	30.527	
2240	173.05	27.934	32.568	30.527	
2241	173.14	27.934	32.568	30.527	
2242	173.24	27.934	32.568	30.527	
2243	173.34	27.934	32.568	30.527	
2244	173.44	27.934	32.568	30.528	
2245	173.54	27.934	32.568	30.528	
2246	173.64	27.934	32.568	30.528	
2247	173.74	27.934	32.568	30.528	
2248	173.84	27.934	32.568	30.528	
2249	173.94	27.934	32.568	30.528	
2250	174.	27.935	32.569	30.528	
2251	174.01	27.935	32.569	30.528	
2252	174.02	27.935	32.569	30.528	
2253	174.05	27.935	32.569	30.528	
2254	174.14	27.935	32.569	30.528	
2255	174.24	27.935	32.569	30.528	
2256	174.34	27.935	32.569	30.528	
2257	174.44	27.935	32.569	30.529	
2258	174.54	27.935	32.569	30.529	
2259	174.64	27.935	32.569	30.529	
2260	174.74	27.935	32.569	30.529	
2261	174.84	27.935	32.569	30.529	
2262	174.94	27.935	32.569	30.529	
2263	175.	27.936	32.569	30.529	
2264	175.01	27.936	32.569	30.529	
2265	175.02	27.936	32.569	30.529	
2266	175.05	27.936	32.57	30.529	
2267	175.14	27.936	32.57	30.529	
2268	175.24	27.936	32.57	30.529	
2269	175.34	27.936	32.57	30.529	
2270	175.44	27.936	32.57	30.529	
2271	175.54	27.936	32.57	30.53	
2272	175.64	27.936	32.57	30.53	
2273	175.74	27.936	32.57	30.53	
2274	175.84	27.936	32.57	30.53	
2275	175.94	27.936	32.57	30.53	
2276	176.	27.936	32.57	30.53	
2277	176.01	27.936	32.57	30.53	
2278	176.02	27.936	32.57	30.53	
2279	176.05	27.937	32.57	30.53	
2280	176.14	27.937	32.571	30.53	
2281	176.24	27.937	32.571	30.53	
2282	176.34	27.937	32.571	30.53	
2283	176.44	27.937	32.571	30.53	
2284	176.54	27.937	32.571	30.53	
2285	176.64	27.937	32.571	30.531	
2286	176.74	27.937	32.571	30.531	
2287	176.84	27.937	32.571	30.531	
2288	176.94	27.937	32.571	30.531	
2289	177.	27.937	32.571	30.531	
2290	177.01	27.937	32.571	30.531	
2291	177.02	27.937	32.571	30.531	
2292	177.05	27.937	32.571	30.531	
2293	177.14	27.938	32.571	30.531	
2294	177.24	27.938	32.572	30.531	
2295	177.34	27.938	32.572	30.531	
2296	177.44	27.938	32.572	30.531	
2297	177.54	27.938	32.572	30.531	
2298	177.64	27.938	32.572	30.532	
2299	177.74	27.938	32.572	30.532	
2300	177.84	27.938	32.572	30.532	
2301	177.94	27.938	32.572	30.532	
2302	178.	27.938	32.572	30.532	
2303	178.01	27.938	32.572	30.532	
2304	178.02	27.938	32.572	30.532	
2305	178.05	27.938	32.572	30.532	
2306	178.14	27.939	32.572	30.532	
2307	178.24	27.939	32.573	30.532	
2308	178.34	27.939	32.573	30.532	
2309	178.44	27.939	32.573	30.532	
2310	178.54	27.939	32.573	30.532	
2311	178.64	27.939	32.573	30.532	
2312	178.74	27.939	32.573	30.533	
2313	178.84	27.939	32.573	30.533	
2314	178.94	27.939	32.573	30.533	
2315	179.	27.939	32.573	30.533	
2316	179.01	27.939	32.573	30.533	
2317	179.02	27.939	32.573	30.533	
2318	179.05	27.939	32.573	30.533	
2319	179.14	27.94	32.573	30.533	
2320	179.24	27.94	32.574	30.533	
2321	179.34	27.94	32.574	30.533	
2322	179.44	27.94	32.574	30.533	
2323	179.54	27.94	32.574	30.533	
2324	179.64	27.94	32.574	30.533	
2325	179.74	27.94	32.574	30.534	
2326	179.84	27.94	32.574	30.534	
2327	179.94	27.94	32.574	30.534	
2328	180.	27.94	32.574	30.534	
2329	180.01	27.94	32.574	30.534	
2330	180.02	27.94	32.574	30.534	
2331	180.05	27.94	32.574	30.534	
2332	180.14	27.94	32.574	30.534	
2333	180.24	27.941	32.574	30.534	
2334	180.34	27.941	32.575	30.534	
2335	180.44	27.941	32.575	30.534	
2336	180.54	27.941	32.575	30.534	
2337	180.64	27.941	32.575	30.534	
2338	180.74	27.941	32.575	30.534	
2339	180.84	27.941	32.575	30.535	
2340	180.94	27.941	32.575	30.535	
2341	181.	27.941	32.575	30.535	
2342	181.01	27.941	32.575	30.535	
2343	181.02	27.941	32.575	30.535	
2344	181.05	27.941	32.575	30.535	
2345	181.14	27.941	32.575	30.535	
2346	181.24	27.942	32.575	30.535	
2347	181.34	27.942	32.576	30.535	
2348	181.44	27.942	32.576	30.535	
2349	181.54	27.942	32.576	30.535	
2350	181.64	27.942	32.576	30.535	
2351	181.74	27.942	32.576	30.535	
2352	181.84	27.942	32.576	30.536	
2353	181.94	27.942	32.576	30.536	
2354	182.	27.942	32.576	30.536	
2355	182.01	27.942	32.576	30.536	
2356	182.02	27.942	32.576	30.536	
2357	182.05	27.942	32.576	30.536	
2358	182.14	27.942	32.576	30.536	
2359	182.24	27.943	32.576	30.536	
2360	182.34	27.943	32.577	30.536	
2361	182.44	27.943	32.577	30.536	
2362	182.54	27.943	32.577	30.536	
2363	182.64	27.943	32.577	30.536	
2364	182.74	27.943	32.577	30.536	
2365	182.84	27.943	32.577	30.537	
2366	182.94	27.943	32.577	30.537	
2367	183.	27.943	32.577	30.537	
2368	183.01	27.943	32.577	30.537	
2369	183.02	27.943	32.577	30.537	
2370	183.05	27.943	32.577	30.537	
2371	183.14	27.943	32.577	30.537	
2372	183.24	27.943	32.577	30.537	
2373	183.34	27.944	32.578	30.537	
2374	183.44	27.944	32.578	30.537	
2375	183.54	27.944	32.578	30.537	
2376	183.64	27.944	32.578	30.537	
2377	183.74	27.944	32.578	30.537	
2378	183.84	27.944	32.578	30.537	
2379	183.94	27.944	32.578	30.538	
2380	184.	27.944	32.578	30.538	
2381	184.01	27.944	32.578	30.538	
2382	184.02	27.944	32.578	30.538	
2383	184.05	27.944	32.578	30.538	
2384	184.14	27.944	32.578	30.538	
2385	184.24	27.944	32.578	30.538	
2386	184.34	27.945	32.579	30.538	
2387	184.44	27.945	32.579	30.538	
2388	184.54	27.945	32.579	30.538	
2389	184.64	27.945	32.579	30.538	
2390	184.74	27.945	32.579	30.538	
2391	184.84	27.945	32.579	30.538	
2392	184.94	27.945	32.579	30.539	
2393	185.	27.945	32.579	30.539	
2394	185.01	27.945	32.579	30.539	
2395	185.02	27.945	32.579	30.539	
2396	185.05	27.945	32.579	30.539	
2397	185.14	27.945	32.579	30.539	
2398	185.24	27.945	32.579	30.539	
2399	185.34	27.946	32.58	30.539	
2400	185.44	27.946	32.58	30.539	
2401	185.54	27.946	32.58	30.539	
2402	185.64	27.946	32.58	30.539	
2403	185.74	27.946	32.58	30.539	
2404	185.84	27.946	32.58	30.539	
2405	185.94	27.946	32.58	30.54	
2406	186.	27.946	32.58	30.54	
2407	186.01	27.946	32.58	30.54	
2408	186.02	27.946	32.58	30.54	
2409	186.05	27.946	32.58	30.54	
2410	186.14	27.946	32.58	30.54	
2411	186.24	27.946	32.58	30.54	
2412	186.34	27.946	32.581	30.54	
2413	186.44	27.947	32.581	30.54	
2414	186.54	27.947	32.581	30.54	
2415	186.64	27.947	32.581	30.54	
2416	186.74	27.947	32.581	30.54	
2417	186.84	27.947	32.581	30.54	
2418	186.94	27.947	32.581	30.54	
2419	187.	27.947	32.581	30.541	
2420	187.01	27.947	32.581	30.541	
2421	187.02	27.947	32.581	30.541	
2422	187.05	27.947	32.581	30.541	
2423	187.14	27.947	32.581	30.541	
2424	187.24	27.947	32.581	30.541	
2425	187.34	27.947	32.582	30.541	
2426	187.44	27.948	32.582	30.541	
2427	187.54	27.948	32.582	30.541	
2428	187.64	27.948	32.582	30.541	
2429	187.74	27.948	32.582	30.541	
2430	187.84	27.948	32.582	30.541	
2431	187.94	27.948	32.582	30.541	
2432	188.	27.948	32.582	30.542	
2433	188.01	27.948	32.582	30.542	
2434	188.02	27.948	32.582	30.542	
2435	188.05	27.948	32.582	30.542	
2436	188.14	27.948	32.582	30.542	
2437	188.24	27.948	32.582	30.542	
2438	188.34	27.948	32.583	30.542	
2439	188.44	27.949	32.583	30.542	
2440	188.54	27.949	32.583	30.542	
2441	188.64	27.949	32.583	30.542	
2442	188.74	27.949	32.583	30.542	
2443	188.84	27.949	32.583	30.542	
2444	188.94	27.949	32.583	30.542	
2445	189.	27.949	32.583	30.542	
2446	189.01	27.949	32.583	30.543	
2447	189.02	27.949	32.583	30.543	
2448	189.05	27.949	32.583	30.543	
2449	189.14	27.949	32.583	30.543	
2450	189.24	27.949	32.583	30.543	
2451	189.34	27.949	32.584	30.543	
2452	189.44	27.95	32.584	30.543	
2453	189.54	27.95	32.584	30.543	
2454	189.64	27.95	32.584	30.543	
2455	189.74	27.95	32.584	30.543	
2456	189.84	27.95	32.584	30.543	
2457	189.94	27.95	32.584	30.543	
2458	190.	27.95	32.584	30.543	
2459	190.01	27.95	32.584	30.543	
2460	190.02	27.95	32.584	30.544	
2461	190.05	27.95	32.584	30.544	
2462	190.14	27.95	32.584	30.544	
2463	190.24	27.95	32.584	30.544	
2464	190.34	27.95	32.585	30.544	
2465	190.44	27.95	32.585	30.544	
2466	190.54	27.951	32.585	30.544	
2467	190.64	27.951	32.585	30.544	
2468	190.74	27.951	32.585	30.544	
2469	190.84	27.951	32.585	30.544	
2470	190.94	27.951	32.585	30.544	
2471	191.	27.951	32.585	30.544	
2472	191.01	27.951	32.585	30.544	
2473	191.02	27.951	32.585	30.544	
2474	191.05	27.951	32.585	30.545	
2475	191.14	27.951	32.585	30.545	
2476	191.24	27.951	32.585	30.545	
2477	191.34	27.951	32.586	30.545	
2478	191.44	27.951	32.586	30.545	
2479	191.54	27.952	32.586	30.545	
2480	191.64	27.952	32.586	30.545	
2481	191.74	27.952	32.586	30.545	
2482	191.84	27.952	32.586	30.545	
2483	191.94	27.952	32.586	30.545	
2484	192.	27.952	32.586	30.545	
2485	192.01	27.952	32.586	30.545	
2486	192.02	27.952	32.586	30.545	
2487	192.05	27.952	32.586	30.546	
2488	192.14	27.952	32.586	30.546	
2489	192.24	27.952	32.586	30.546	
2490	192.34	27.952	32.587	30.546	
2491	192.44	27.952	32.587	30.546	
2492	192.54	27.953	32.587	30.546	
2493	192.64	27.953	32.587	30.546	
2494	192.74	27.953	32.587	30.546	
2495	192.84	27.953	32.587	30.546	
2496	192.94	27.953	32.587	30.546	
2497	193.	27.953	32.587	30.546	
2498	193.01	27.953	32.587	30.546	
2499	193.02	27.953	32.587	30.546	
2500	193.05	27.953	32.587	30.546	
2501	193.14	27.953	32.587	30.547	
2502	193.24	27.953	32.588	30.547	
2503	193.34	27.953	32.588	30.547	
2504	193.44	27.953	32.588	30.547	
2505	193.54	27.953	32.588	30.547	
2506	193.64	27.954	32.588	30.547	
2507	193.74	27.954	32.588	30.547	
2508	193.84	27.954	32.588	30.547	
2509	193.94	27.954	32.588	30.547	
2510	194.	27.954	32.588	30.547	
2511	194.01	27.954	32.588	30.547	
2512	194.02	27.954	32.588	30.547	
2513	194.05	27.954	32.588	30.547	
2514	194.14	27.954	32.588	30.548	
2515	194.24	27.954	32.589	30.548	
2516	194.34	27.954	32.589	30.548	
2517	194.44	27.954	32.589	30.548	
2518	194.54	27.954	32.589	30.548	
2519	194.64	27.955	32.589	30.548	
2520	194.74	27.955	32.589	30.548	
2521	194.84	27.955	32.589	30.548	
2522	194.94	27.955	32.589	30.548	
2523	195.	27.955	32.589	30.548	
2524	195.01	27.955	32.589	30.548	
2525	195.02	27.955	32.589	30.548	
2526	195.05	27.955	32.589	30.548	
2527	195.14	27.955	32.59	30.549	
2528	195.24	27.955	32.59	30.549	
2529	195.34	27.955	32.59	30.549	
2530	195.44	27.955	32.59	30.549	
2531	195.54	27.955	32.59	30.549	
2532	195.64	27.956	32.59	30.549	
2533	195.74	27.956	32.59	30.549	
2534	195.84	27.956	32.59	30.549	
2535	195.94	27.956	32.59	30.549	
2536	196.	27.956	32.59	30.549	
2537	196.01	27.956	32.59	30.549	
2538	196.02	27.956	32.59	30.549	
2539	196.05	27.956	32.59	30.549	
2540	196.14	27.956	32.591	30.55	
2541	196.24	27.956	32.591	30.55	
2542	196.34	27.956	32.591	30.55	
2543	196.44	27.956	32.591	30.55	
2544	196.54	27.956	32.591	30.55	
2545	196.64	27.957	32.591	30.55	
2546	196.74	27.957	32.591	30.55	
2547	196.84	27.957	32.591	30.55	
2548	196.94	27.957	32.591	30.55	
2549	197.	27.957	32.591	30.55	
2550	197.01	27.957	32.591	30.55	
2551	197.02	27.957	32.591	30.55	
2552	197.05	27.957	32.591	30.55	
2553	197.14	27.957	32.592	30.551	
2554	197.24	27.957	32.592	30.551	
2555	197.34	27.957	32.592	30.551	
2556	197.44	27.957	32.592	30.551	
2557	197.54	27.957	32.592	30.551	
2558	197.64	27.957	32.592	30.551	
2559	197.74	27.958	32.592	30.551	
2560	197.84	27.958	32.592	30.551	
2561	197.94	27.958	32.592	30.551	
2562	198.	27.958	32.592	30.551	
2563	198.01	27.958	32.593	30.551	
2564	198.02	27.958	32.593	30.551	
2565	198.05	27.958	32.593	30.551	
2566	198.14	27.958	32.593	30.552	
2567	198.24	27.958	32.593	30.552	
2568	198.34	27.958	32.593	30.552	
2569	198.44	27.958	32.593	30.552	
2570	198.54	27.958	32.593	30.552	
2571	198.64	27.958	32.593	30.552	
2572	198.74	27.959	32.593	30.552	
2573	198.84	27.959	32.593	30.552	
2574	198.94	27.959	32.593	30.552	
2575	199.	27.959	32.594	30.552	
2576	199.01	27.959	32.594	30.552	
2577	199.02	27.959	32.594	30.552	
2578	199.05	27.959	32.594	30.553	
2579	199.14	27.959	32.594	30.553	
2580	199.24	27.959	32.594	30.553	
2581	199.34	27.959	32.594	30.553	
2582	199.44	27.959	32.594	30.553	
2583	199.54	27.959	32.594	30.553	
2584	199.64	27.959	32.594	30.553	
2585	199.74	27.96	32.594	30.553	
2586	199.84	27.96	32.594	30.553	
2587	199.94	27.96	32.595	30.553	
2588	200.	27.96	32.595	30.553	
2589	200.01	27.96	32.595	30.553	
2590	200.02	27.96	32.595	30.553	
2591	200.05	27.96	32.595	30.554	
2592	200.14	27.96	32.595	30.554	
2593	200.24	27.96	32.595	30.554	
2594	200.34	27.96	32.595	30.554	
2595	200.44	27.96	32.595	30.554	
2596	200.54	27.96	32.595	30.554	
2597	200.64	27.96	32.595	30.554	
2598	200.74	27.96	32.595	30.554	
2599	200.84	27.961	32.596	30.554	
2600	200.94	27.961	32.596	30.554	
2601	201.	27.961	32.596	30.554	
2602	201.01	27.961	32.596	30.554	
2603	201.02	27.961	32.596	30.554	
2604	201.05	27.961	32.596	30.555	
2605	201.14	27.961	32.596	30.555	
2606	201.24	27.961	32.596	30.555	
2607	201.34	27.961	32.596	30.555	
2608	201.44	27.961	32.596	30.555	
2609	201.54	27.961	32.596	30.555	
2610	201.64	27.961	32.596	30.555	
2611	201.74	27.961	32.596	30.555	
2612	201.84	27.962	32.597	30.555	
2613	201.94	27.962	32.597	30.555	
2614	202.	27.962	32.597	30.555	
2615	202.01	27.962	32.597	30.555	
2616	202.02	27.962	32.597	30.556	
2617	202.05	27.962	32.597	30.556	
2618	202.14	27.962	32.597	30.556	
2619	202.24	27.962	32.597	30.556	
2620	202.34	27.962	32.597	30.556	
2621	202.44	27.962	32.597	30.556	
2622	202.54	27.962	32.597	30.556	
2623	202.64	27.962	32.597	30.556	
2624	202.74	27.962	32.598	30.556	
2625	202.84	27.963	32.598	30.556	
2626	202.94	27.963	32.598	30.556	
2627	203.	27.963	32.598	30.557	
2628	203.01	27.963	32.598	30.557	
2629	203.02	27.963	32.598	30.557	
2630	203.05	27.963	32.598	30.557	
2631	203.14	27.963	32.598	30.557	
2632	203.24	27.963	32.598	30.557	
2633	203.34	27.963	32.598	30.557	
2634	203.44	27.963	32.598	30.557	
2635	203.54	27.963	32.598	30.557	
2636	203.64	27.963	32.599	30.557	
2637	203.74	27.963	32.599	30.557	
2638	203.84	27.964	32.599	30.557	
2639	203.94	27.964	32.599	30.557	
2640	204.	27.964	32.599	30.558	
2641	204.01	27.964	32.599	30.558	
2642	204.02	27.964	32.599	30.558	
2643	204.05	27.964	32.599	30.558	
2644	204.14	27.964	32.599	30.558	
2645	204.24	27.964	32.599	30.558	
2646	204.34	27.964	32.599	30.558	
2647	204.44	27.964	32.599	30.558	
2648	204.54	27.964	32.599	30.558	
2649	204.64	27.964	32.6	30.558	
2650	204.74	27.964	32.6	30.558	
2651	204.84	27.964	32.6	30.558	
2652	204.94	27.965	32.6	30.558	
2653	205.	27.965	32.6	30.559	
2654	205.01	27.965	32.6	30.559	
2655	205.02	27.965	32.6	30.559	
2656	205.05	27.965	32.6	30.559	
2657	205.14	27.965	32.6	30.559	
2658	205.24	27.965	32.6	30.559	
2659	205.34	27.965	32.6	30.559	
2660	205.44	27.965	32.6	30.559	
2661	205.54	27.965	32.601	30.559	
2662	205.64	27.965	32.601	30.559	
2663	205.74	27.965	32.601	30.559	
2664	205.84	27.965	32.601	30.559	
2665	205.94	27.966	32.601	30.56	
2666	206.	27.966	32.601	30.56	
2667	206.01	27.966	32.601	30.56	
2668	206.02	27.966	32.601	30.56	
2669	206.05	27.966	32.601	30.56	
2670	206.14	27.966	32.601	30.56	
2671	206.24	27.966	32.601	30.56	
2672	206.34	27.966	32.601	30.56	
2673	206.44	27.966	32.602	30.56	
2674	206.54	27.966	32.602	30.56	
2675	206.64	27.966	32.602	30.56	
2676	206.74	27.966	32.602	30.56	
2677	206.84	27.966	32.602	30.56	
2678	206.94	27.967	32.602	30.561	
2679	207.	27.967	32.602	30.561	
2680	207.01	27.967	32.602	30.561	
2681	207.02	27.967	32.602	30.561	
2682	207.05	27.967	32.602	30.561	
2683	207.14	27.967	32.602	30.561	
2684	207.24	27.967	32.602	30.561	
2685	207.34	27.967	32.603	30.561	
2686	207.44	27.967	32.603	30.561	
2687	207.54	27.967	32.603	30.561	
2688	207.64	27.967	32.603	30.561	
2689	207.74	27.967	32.603	30.561	
2690	207.84	27.967	32.603	30.561	
2691	207.94	27.968	32.603	30.562	
2692	208.	27.968	32.603	30.562	
2693	208.01	27.968	32.603	30.562	
2694	208.02	27.968	32.603	30.562	
2695	208.05	27.968	32.603	30.562	
2696	208.14	27.968	32.603	30.562	
2697	208.24	27.968	32.604	30.562	
2698	208.34	27.968	32.604	30.562	
2699	208.44	27.968	32.604	30.562	
2700	208.54	27.968	32.604	30.562	
2701	208.64	27.968	32.604	30.562	
2702	208.74	27.968	32.604	30.562	
2703	208.84	27.968	32.604	30.562	
2704	208.94	27.968	32.604	30.563	
2705	209.	27.969	32.604	30.563	
2706	209.01	27.969	32.604	30.563	
2707	209.02	27.969	32.604	30.563	
2708	209.05	27.969	32.604	30.563	
2709	209.14	27.969	32.605	30.563	
2710	209.24	27.969	32.605	30.563	
2711	209.34	27.969	32.605	30.563	
2712	209.44	27.969	32.605	30.563	
2713	209.54	27.969	32.605	30.563	
2714	209.64	27.969	32.605	30.563	
2715	209.74	27.969	32.605	30.563	
2716	209.84	27.969	32.605	30.564	
2717	209.94	27.969	32.605	30.564	
2718	210.	27.97	32.605	30.564	
2719	210.01	27.97	32.605	30.564	
2720	210.02	27.97	32.605	30.564	
2721	210.05	27.97	32.606	30.564	
2722	210.14	27.97	32.606	30.564	
2723	210.24	27.97	32.606	30.564	
2724	210.34	27.97	32.606	30.564	
2725	210.44	27.97	32.606	30.564	
2726	210.54	27.97	32.606	30.564	
2727	210.64	27.97	32.606	30.564	
2728	210.74	27.97	32.606	30.564	
2729	210.84	27.97	32.606	30.565	
2730	210.94	27.97	32.606	30.565	
2731	211.	27.971	32.607	30.565	
2732	211.01	27.971	32.607	30.565	
2733	211.02	27.971	32.607	30.565	
2734	211.05	27.971	32.607	30.565	
2735	211.14	27.971	32.607	30.565	
2736	211.24	27.971	32.607	30.565	
2737	211.34	27.971	32.607	30.565	
2738	211.44	27.971	32.607	30.565	
2739	211.54	27.971	32.607	30.565	
2740	211.64	27.971	32.607	30.565	
2741	211.74	27.971	32.607	30.565	
2742	211.84	27.971	32.607	30.566	
2743	211.94	27.971	32.608	30.566	
2744	212.	27.971	32.608	30.566	
2745	212.01	27.971	32.608	30.566	
2746	212.02	27.972	32.608	30.566	
2747	212.05	27.972	32.608	30.566	
2748	212.14	27.972	32.608	30.566	
2749	212.24	27.972	32.608	30.566	
2750	212.34	27.972	32.608	30.566	
2751	212.44	27.972	32.608	30.566	
2752	212.54	27.972	32.608	30.566	
2753	212.64	27.972	32.608	30.566	
2754	212.74	27.972	32.608	30.567	
2755	212.84	27.972	32.609	30.567	
2756	212.94	27.972	32.609	30.567	
2757	213.	27.972	32.609	30.567	
2758	213.01	27.972	32.609	30.567	
2759	213.02	27.972	32.609	30.567	
2760	213.05	27.973	32.609	30.567	
2761	213.14	27.973	32.609	30.567	
2762	213.24	27.973	32.609	30.567	
2763	213.34	27.973	32.609	30.567	
2764	213.44	27.973	32.609	30.567	
2765	213.54	27.973	32.609	30.567	
2766	213.64	27.973	32.61	30.567	
2767	213.74	27.973	32.61	30.568	
2768	213.84	27.973	32.61	30.568	
2769	213.94	27.973	32.61	30.568	
2770	214.	27.973	32.61	30.568	
2771	214.01	27.973	32.61	30.568	
2772	214.02	27.973	32.61	30.568	
2773	214.05	27.973	32.61	30.568	
2774	214.14	27.974	32.61	30.568	
2775	214.24	27.974	32.61	30.568	
2776	214.34	27.974	32.61	30.568	
2777	214.44	27.974	32.61	30.568	
2778	214.54	27.974	32.611	30.568	
2779	214.64	27.974	32.611	30.569	
2780	214.74	27.974	32.611	30.569	
2781	214.84	27.974	32.611	30.569	
2782	214.94	27.974	32.611	30.569	
2783	215.	27.974	32.611	30.569	
2784	215.01	27.974	32.611	30.569	
2785	215.02	27.974	32.611	30.569	
2786	215.05	27.974	32.611	30.569	
2787	215.14	27.975	32.611	30.569	
2788	215.24	27.975	32.611	30.569	
2789	215.34	27.975	32.611	30.569	
2790	215.44	27.975	32.612	30.569	
2791	215.54	27.975	32.612	30.569	
2792	215.64	27.975	32.612	30.57	
2793	215.74	27.975	32.612	30.57	
2794	215.84	27.975	32.612	30.57	
2795	215.94	27.975	32.612	30.57	
2796	216.	27.975	32.612	30.57	
2797	216.01	27.975	32.612	30.57	
2798	216.02	27.975	32.612	30.57	
2799	216.05	27.975	32.612	30.57	
2800	216.14	27.976	32.612	30.57	
2801	216.24	27.976	32.612	30.57	
2802	216.34	27.976	32.613	30.57	
2803	216.44	27.976	32.613	30.57	
2804	216.54	27.976	32.613	30.571	
2805	216.64	27.976	32.613	30.571	
2806	216.74	27.976	32.613	30.571	
2807	216.84	27.976	32.613	30.571	
2808	216.94	27.976	32.613	30.571	
2809	217.	27.976	32.613	30.571	
2810	217.01	27.976	32.613	30.571	
2811	217.02	27.976	32.613	30.571	
2812	217.05	27.976	32.613	30.571	
2813	217.14	27.977	32.613	30.571	
2814	217.24	27.977	32.614	30.571	
2815	217.34	27.977	32.614	30.571	
2816	217.44	27.977	32.614	30.571	
2817	217.54	27.977	32.614	30.572	
2818	217.64	27.977	32.614	30.572	
2819	217.74	27.977	32.614	30.572	
2820	217.84	27.977	32.614	30.572	
2821	217.94	27.977	32.614	30.572	
2822	218.	27.977	32.614	30.572	
2823	218.01	27.977	32.614	30.572	
2824	218.02	27.977	32.614	30.572	
2825	218.05	27.977	32.614	30.572	
2826	218.14	27.977	32.615	30.572	
2827	218.24	27.978	32.615	30.572	
2828	218.34	27.978	32.615	30.572	
2829	218.44	27.978	32.615	30.573	
2830	218.54	27.978	32.615	30.573	
2831	218.64	27.978	32.615	30.573	
2832	218.74	27.978	32.615	30.573	
2833	218.84	27.978	32.615	30.573	
2834	218.94	27.978	32.615	30.573	
2835	219.	27.978	32.616	30.573	
2836	219.01	27.978	32.616	30.573	
2837	219.02	27.978	32.616	30.573	
2838	219.05	27.978	32.616	30.573	
2839	219.14	27.978	32.616	30.573	
2840	219.24	27.979	32.616	30.573	
2841	219.34	27.979	32.616	30.573	
2842	219.44	27.979	32.616	30.574	
2843	219.54	27.979	32.616	30.574	
2844	219.64	27.979	32.616	30.574	
2845	219.74	27.979	32.616	30.574	
2846	219.84	27.979	32.617	30.574	
2847	219.94	27.979	32.617	30.574	
2848	220.	27.979	32.617	30.574	
2849	220.01	27.979	32.617	30.574	
2850	220.02	27.979	32.617	30.574	
2851	220.05	27.979	32.617	30.574	
2852	220.14	27.979	32.617	30.574	
2853	220.24	27.98	32.617	30.574	
2854	220.34	27.98	32.617	30.575	
2855	220.44	27.98	32.617	30.575	
2856	220.54	27.98	32.617	30.575	
2857	220.64	27.98	32.617	30.575	
2858	220.74	27.98	32.618	30.575	
2859	220.84	27.98	32.618	30.575	
2860	220.94	27.98	32.618	30.575	
2861	221.	27.98	32.618	30.575	
2862	221.01	27.98	32.618	30.575	
2863	221.02	27.98	32.618	30.575	
2864	221.05	27.98	32.618	30.575	
2865	221.14	27.98	32.618	30.575	
2866	221.24	27.981	32.618	30.575	
2867	221.34	27.981	32.618	30.576	
2868	221.44	27.981	32.618	30.576	
2869	221.54	27.981	32.618	30.576	
2870	221.64	27.981	32.619	30.576	
2871	221.74	27.981	32.619	30.576	
2872	221.84	27.981	32.619	30.576	
2873	221.94	27.981	32.619	30.576	
2874	222.	27.981	32.619	30.576	
2875	222.01	27.981	32.619	30.576	
2876	222.02	27.981	32.619	30.576	
2877	222.05	27.981	32.619	30.576	
2878	222.14	27.981	32.619	30.576	
2879	222.24	27.982	32.619	30.577	
2880	222.34	27.982	32.619	30.577	
2881	222.44	27.982	32.619	30.577	
2882	222.54	27.982	32.62	30.577	
2883	222.64	27.982	32.62	30.577	
2884	222.74	27.982	32.62	30.577	
2885	222.84	27.982	32.62	30.577	
2886	222.94	27.982	32.62	30.577	
2887	223.	27.982	32.62	30.577	
2888	223.01	27.982	32.62	30.577	
2889	223.02	27.982	32.62	30.577	
2890	223.05	27.982	32.62	30.577	
2891	223.14	27.982	32.62	30.577	
2892	223.24	27.982	32.62	30.578	
2893	223.34	27.983	32.621	30.578	
2894	223.44	27.983	32.621	30.578	
2895	223.54	27.983	32.621	30.578	
2896	223.64	27.983	32.621	30.578	
2897	223.74	27.983	32.621	30.578	
2898	223.84	27.983	32.621	30.578	
2899	223.94	27.983	32.621	30.578	
2900	224.	27.983	32.621	30.578	
2901	224.01	27.983	32.621	30.578	
2902	224.02	27.983	32.621	30.578	
2903	224.05	27.983	32.621	30.578	
2904	224.14	27.983	32.621	30.579	
2905	224.24	27.983	32.622	30.579	
2906	224.34	27.984	32.622	30.579	
2907	224.44	27.984	32.622	30.579	
2908	224.54	27.984	32.622	30.579	
2909	224.64	27.984	32.622	30.579	
2910	224.74	27.984	32.622	30.579	
2911	224.84	27.984	32.622	30.579	
2912	224.94	27.984	32.622	30.579	
2913	225.	27.984	32.622	30.579	
2914	225.01	27.984	32.622	30.579	
2915	225.02	27.984	32.622	30.579	
2916	225.05	27.984	32.622	30.58	
2917	225.14	27.984	32.623	30.58	
2918	225.24	27.984	32.623	30.58	
2919	225.34	27.985	32.623	30.58	
2920	225.44	27.985	32.623	30.58	
2921	225.54	27.985	32.623	30.58	
2922	225.64	27.985	32.623	30.58	
2923	225.74	27.985	32.623	30.58	
2924	225.84	27.985	32.623	30.58	
2925	225.94	27.985	32.624	30.58	
2926	226.	27.985	32.624	30.581	
2927	226.01	27.985	32.624	30.581	
2928	226.02	27.985	32.624	30.581	
2929	226.05	27.985	32.624	30.581	
2930	226.14	27.985	32.624	30.581	
2931	226.24	27.985	32.624	30.581	
2932	226.34	27.986	32.624	30.581	
2933	226.44	27.986	32.624	30.581	
2934	226.54	27.986	32.624	30.581	
2935	226.64	27.986	32.624	30.581	
2936	226.74	27.986	32.624	30.581	
2937	226.84	27.986	32.625	30.581	
2938	226.94	27.986	32.625	30.582	
2939	227.	27.986	32.625	30.582	
2940	227.01	27.986	32.625	30.582	
2941	227.02	27.986	32.625	30.582	
2942	227.05	27.986	32.625	30.582	
2943	227.14	27.986	32.625	30.582	
2944	227.24	27.986	32.625	30.582	
2945	227.34	27.987	32.625	30.582	
2946	227.44	27.987	32.625	30.582	
2947	227.54	27.987	32.625	30.582	
2948	227.64	27.987	32.626	30.582	
2949	227.74	27.987	32.626	30.582	
2950	227.84	27.987	32.626	30.583	
2951	227.94	27.987	32.626	30.583	
2952	228.	27.987	32.626	30.583	
2953	228.01	27.987	32.626	30.583	
2954	228.02	27.987	32.626	30.583	
2955	228.05	27.987	32.626	30.583	
2956	228.14	27.987	32.626	30.583	
2957	228.24	27.987	32.626	30.583	
2958	228.34	27.987	32.626	30.583	
2959	228.44	27.988	32.626	30.583	
2960	228.54	27.988	32.627	30.583	
2961	228.64	27.988	32.627	30.583	
2962	228.74	27.988	32.627	30.583	
2963	228.84	27.988	32.627	30.584	
2964	228.94	27.988	32.627	30.584	
2965	229.	27.988	32.627	30.584	
2966	229.01	27.988	32.627	30.584	
2967	229.02	27.988	32.627	30.584	
2968	229.05	27.988	32.627	30.584	
2969	229.14	27.988	32.627	30.584	
2970	229.24	27.988	32.627	30.584	
2971	229.34	27.988	32.627	30.584	
2972	229.44	27.989	32.628	30.584	
2973	229.54	27.989	32.628	30.584	
2974	229.64	27.989	32.628	30.584	
2975	229.74	27.989	32.628	30.585	
2976	229.84	27.989	32.628	30.585	
2977	229.94	27.989	32.628	30.585	
2978	230.	27.989	32.628	30.585	
2979	230.01	27.989	32.628	30.585	
2980	230.02	27.989	32.628	30.585	
2981	230.05	27.989	32.628	30.585	
2982	230.14	27.989	32.628	30.585	
2983	230.24	27.989	32.629	30.585	
2984	230.34	27.989	32.629	30.585	
2985	230.44	27.99	32.629	30.585	
2986	230.54	27.99	32.629	30.585	
2987	230.64	27.99	32.629	30.586	
2988	230.74	27.99	32.629	30.586	
2989	230.84	27.99	32.629	30.586	
2990	230.94	27.99	32.629	30.586	
2991	231.	27.99	32.629	30.586	
2992	231.01	27.99	32.629	30.586	
2993	231.02	27.99	32.629	30.586	
2994	231.05	27.99	32.63	30.586	
2995	231.14	27.99	32.63	30.586	
2996	231.24	27.99	32.63	30.586	
2997	231.34	27.99	32.63	30.586	
2998	231.44	27.991	32.63	30.586	
2999	231.54	27.991	32.63	30.586	
3000	231.64	27.991	32.63	30.587	
3001	231.74	27.991	32.63	30.587	
3002	231.84	27.991	32.63	30.587	
3003	231.94	27.991	32.631	30.587	
3004	232.	27.991	32.631	30.587	
3005	232.01	27.991	32.631	30.587	
3006	232.02	27.991	32.631	30.587	
3007	232.05	27.991	32.631	30.587	
3008	232.14	27.991	32.631	30.587	
3009	232.24	27.991	32.631	30.587	
3010	232.34	27.991	32.631	30.587	
3011	232.44	27.992	32.631	30.587	
3012	232.54	27.992	32.631	30.588	
3013	232.64	27.992	32.631	30.588	
3014	232.74	27.992	32.632	30.588	
3015	232.84	27.992	32.632	30.588	
3016	232.94	27.992	32.632	30.588	
3017	233.	27.992	32.632	30.588	
3018	233.01	27.992	32.632	30.588	
3019	233.02	27.992	32.632	30.588	
3020	233.05	27.992	32.632	30.588	
3021	233.14	27.992	32.632	30.588	
3022	233.24	27.992	32.632	30.588	
3023	233.34	27.992	32.632	30.588	
3024	233.44	27.992	32.632	30.589	
3025	233.54	27.993	32.632	30.589	
3026	233.64	27.993	32.633	30.589	
3027	233.74	27.993	32.633	30.589	
3028	233.84	27.993	32.633	30.589	
3029	233.94	27.993	32.633	30.589	
3030	234.	27.993	32.633	30.589	
3031	234.01	27.993	32.633	30.589	
3032	234.02	27.993	32.633	30.589	
3033	234.05	27.993	32.633	30.589	
3034	234.14	27.993	32.633	30.589	
3035	234.24	27.993	32.633	30.589	
3036	234.34	27.993	32.633	30.59	
3037	234.44	27.993	32.634	30.59	
3038	234.54	27.994	32.634	30.59	
3039	234.64	27.994	32.634	30.59	
3040	234.74	27.994	32.634	30.59	
3041	234.84	27.994	32.634	30.59	
3042	234.94	27.994	32.634	30.59	
3043	235.	27.994	32.634	30.59	
3044	235.01	27.994	32.634	30.59	
3045	235.02	27.994	32.634	30.59	
3046	235.05	27.994	32.634	30.59	
3047	235.14	27.994	32.634	30.59	
3048	235.24	27.994	32.634	30.591	
3049	235.34	27.994	32.635	30.591	
3050	235.44	27.994	32.635	30.591	
3051	235.54	27.995	32.635	30.591	
3052	235.64	27.995	32.635	30.591	
3053	235.74	27.995	32.635	30.591	
3054	235.84	27.995	32.635	30.591	
3055	235.94	27.995	32.635	30.591	
3056	236.	27.995	32.635	30.591	
3057	236.01	27.995	32.635	30.591	
3058	236.02	27.995	32.635	30.591	
3059	236.05	27.995	32.635	30.591	
3060	236.14	27.995	32.636	30.591	
3061	236.24	27.995	32.636	30.592	
3062	236.34	27.995	32.636	30.592	
3063	236.44	27.995	32.636	30.592	
3064	236.54	27.996	32.636	30.592	
3065	236.64	27.996	32.636	30.592	
3066	236.74	27.996	32.636	30.592	
3067	236.84	27.996	32.636	30.592	
3068	236.94	27.996	32.637	30.592	
3069	237.	27.996	32.637	30.592	
3070	237.01	27.996	32.637	30.592	
3071	237.02	27.996	32.637	30.592	
3072	237.05	27.996	32.637	30.592	
3073	237.14	27.996	32.637	30.593	
3074	237.24	27.996	32.637	30.593	
3075	237.34	27.996	32.637	30.593	
3076	237.44	27.996	32.637	30.593	
3077	237.54	27.997	32.637	30.593	
3078	237.64	27.997	32.637	30.593	
3079	237.74	27.997	32.637	30.593	
3080	237.84	27.997	32.638	30.593	
3081	237.94	27.997	32.638	30.593	
3082	238.	27.997	32.638	30.594	
3083	238.01	27.997	32.638	30.594	
3084	238.02	27.997	32.638	30.594	
3085	238.05	27.997	32.638	30.594	
3086	238.14	27.997	32.638	30.594	
3087	238.24	27.997	32.638	30.594	
3088	238.34	27.997	32.638	30.594	
3089	238.44	27.997	32.638	30.594	
3090	238.54	27.997	32.638	30.594	
3091	238.64	27.998	32.639	30.594	
3092	238.74	27.998	32.639	30.594	
3093	238.84	27.998	32.639	30.594	
3094	238.94	27.998	32.639	30.595	
3095	239.	27.998	32.639	30.595	
3096	239.01	27.998	32.639	30.595	
3097	239.02	27.998	32.639	30.595	
3098	239.05	27.998	32.639	30.595	
3099	239.14	27.998	32.639	30.595	
3100	239.24	27.998	32.639	30.595	
3101	239.34	27.998	32.639	30.595	
3102	239.44	27.998	32.64	30.595	
3103	239.54	27.998	32.64	30.595	
3104	239.64	27.999	32.64	30.595	
3105	239.74	27.999	32.64	30.595	
3106	239.84	27.999	32.64	30.596	
3107	239.94	27.999	32.64	30.596	
3108	240.	27.999	32.64	30.596	
3109	240.01	27.999	32.64	30.596	
3110	240.02	27.999	32.64	30.596	
3111	240.05	27.999	32.64	30.596	
3112	240.14	27.999	32.64	30.596	
3113	240.24	27.999	32.64	30.596	
3114	240.34	27.999	32.641	30.596	
3115	240.44	27.999	32.641	30.596	
3116	240.54	27.999	32.641	30.596	
3117	240.64	28.	32.641	30.596	
3118	240.74	28.	32.641	30.597	
3119	240.84	28.	32.641	30.597	
3120	240.94	28.	32.641	30.597	
3121	241.	28.	32.641	30.597	
3122	241.01	28.	32.641	30.597	
3123	241.02	28.	32.641	30.597	
3124	241.05	28.	32.641	30.597	
3125	241.14	28.	32.642	30.597	
3126	241.24	28.	32.642	30.597	
3127	241.34	28.	32.642	30.597	
3128	241.44	28.	32.642	30.597	
3129	241.54	28.	32.642	30.597	
3130	241.64	28.001	32.642	30.598	
3131	241.74	28.001	32.642	30.598	
3132	241.84	28.001	32.642	30.598	
3133	241.94	28.001	32.643	30.598	
3134	242.	28.001	32.643	30.598	
3135	242.01	28.001	32.643	30.598	
3136	242.02	28.001	32.643	30.598	
3137	242.05	28.001	32.643	30.598	
3138	242.14	28.001	32.643	30.598	
3139	242.24	28.001	32.643	30.598	
3140	242.34	28.001	32.643	30.598	
3141	242.44	28.001	32.643	30.598	
3142	242.54	28.001	32.643	30.598	
3143	242.64	28.002	32.643	30.599	
3144	242.74	28.002	32.644	30.599	
3145	242.84	28.002	32.644	30.599	
3146	242.94	28.002	32.644	30.599	
3147	243.	28.002	32.644	30.599	
3148	243.01	28.002	32.644	30.599	
3149	243.02	28.002	32.644	30.599	
3150	243.05	28.002	32.644	30.599	
3151	243.14	28.002	32.644	30.599	
3152	243.24	28.002	32.644	30.599	
3153	243.34	28.002	32.644	30.599	
3154	243.44	28.002	32.644	30.599	
3155	243.54	28.002	32.644	30.6	
3156	243.64	28.003	32.645	30.6	
3157	243.74	28.003	32.645	30.6	
3158	243.84	28.003	32.645	30.6	
3159	243.94	28.003	32.645	30.6	
3160	244.	28.003	32.645	30.6	
3161	244.01	28.003	32.645	30.6	
3162	244.02	28.003	32.645	30.6	
3163	244.05	28.003	32.645	30.6	
3164	244.14	28.003	32.645	30.6	
3165	244.24	28.003	32.645	30.6	
3166	244.34	28.003	32.645	30.6	
3167	244.44	28.003	32.646	30.601	
3168	244.54	28.003	32.646	30.601	
3169	244.64	28.003	32.646	30.601	
3170	244.74	28.004	32.646	30.601	
3171	244.84	28.004	32.646	30.601	
3172	244.94	28.004	32.646	30.601	
3173	245.	28.004	32.646	30.601	
3174	245.01	28.004	32.646	30.601	
3175	245.02	28.004	32.646	30.601	
3176	245.05	28.004	32.646	30.601	
3177	245.14	28.004	32.646	30.601	
3178	245.24	28.004	32.647	30.601	
3179	245.34	28.004	32.647	30.602	
3180	245.44	28.004	32.647	30.602	
3181	245.54	28.004	32.647	30.602	
3182	245.64	28.004	32.647	30.602	
3183	245.74	28.005	32.647	30.602	
3184	245.84	28.005	32.647	30.602	
3185	245.94	28.005	32.647	30.602	
3186	246.	28.005	32.647	30.602	
3187	246.01	28.005	32.648	30.602	
3188	246.02	28.005	32.648	30.602	
3189	246.05	28.005	32.648	30.602	
3190	246.14	28.005	32.648	30.602	
3191	246.24	28.005	32.648	30.603	
3192	246.34	28.005	32.648	30.603	
3193	246.44	28.005	32.648	30.603	
3194	246.54	28.005	32.648	30.603	
3195	246.64	28.005	32.648	30.603	
3196	246.74	28.006	32.648	30.603	
3197	246.84	28.006	32.649	30.603	
3198	246.94	28.006	32.649	30.603	
3199	247.	28.006	32.649	30.603	
3200	247.01	28.006	32.649	30.603	
3201	247.02	28.006	32.649	30.603	
3202	247.05	28.006	32.649	30.603	
3203	247.14	28.006	32.649	30.604	
3204	247.24	28.006	32.649	30.604	
3205	247.34	28.006	32.649	30.604	
3206	247.44	28.006	32.649	30.604	
3207	247.54	28.006	32.649	30.604	
3208	247.64	28.006	32.65	30.604	
3209	247.74	28.007	32.65	30.604	
3210	247.84	28.007	32.65	30.604	
3211	247.94	28.007	32.65	30.604	
3212	248.	28.007	32.65	30.605	
3213	248.01	28.007	32.65	30.605	
3214	248.02	28.007	32.65	30.605	
3215	248.05	28.007	32.65	30.605	
3216	248.14	28.007	32.65	30.605	
3217	248.24	28.007	32.65	30.605	
3218	248.34	28.007	32.65	30.605	
3219	248.44	28.007	32.65	30.605	
3220	248.54	28.007	32.651	30.605	
3221	248.64	28.007	32.651	30.605	
3222	248.74	28.008	32.651	30.605	
3223	248.84	28.008	32.651	30.605	
3224	248.94	28.008	32.651	30.606	
3225	249.	28.008	32.651	30.606	
3226	249.01	28.008	32.651	30.606	
3227	249.02	28.008	32.651	30.606	
3228	249.05	28.008	32.651	30.606	
3229	249.14	28.008	32.651	30.606	
3230	249.24	28.008	32.651	30.606	
3231	249.34	28.008	32.652	30.606	
3232	249.44	28.008	32.652	30.606	
3233	249.54	28.008	32.652	30.606	
3234	249.64	28.008	32.652	30.606	
3235	249.74	28.009	32.652	30.606	
3236	249.84	28.009	32.652	30.607	
3237	249.94	28.009	32.652	30.607	
3238	250.	28.009	32.652	30.607	
3239	250.01	28.009	32.652	30.607	
3240	250.02	28.009	32.652	30.607	
3241	250.05	28.009	32.652	30.607	
3242	250.14	28.009	32.653	30.607	
3243	250.24	28.009	32.653	30.607	
3244	250.34	28.009	32.653	30.607	
3245	250.44	28.009	32.653	30.607	
3246	250.54	28.009	32.653	30.607	
3247	250.64	28.009	32.653	30.607	
3248	250.74	28.009	32.653	30.608	
3249	250.84	28.01	32.653	30.608	
3250	250.94	28.01	32.654	30.608	
3251	251.	28.01	32.654	30.608	
3252	251.01	28.01	32.654	30.608	
3253	251.02	28.01	32.654	30.608	
3254	251.05	28.01	32.654	30.608	
3255	251.14	28.01	32.654	30.608	
3256	251.24	28.01	32.654	30.608	
3257	251.34	28.01	32.654	30.608	
3258	251.44	28.01	32.654	30.608	
3259	251.54	28.01	32.654	30.608	
3260	251.64	28.01	32.654	30.609	
3261	251.74	28.01	32.655	30.609	
3262	251.84	28.011	32.655	30.609	
3263	251.94	28.011	32.655	30.609	
3264	252.	28.011	32.655	30.609	
3265	252.01	28.011	32.655	30.609	
3266	252.02	28.011	32.655	30.609	
3267	252.05	28.011	32.655	30.609	
3268	252.14	28.011	32.655	30.609	
3269	252.24	28.011	32.655	30.609	
3270	252.34	28.011	32.655	30.609	
3271	252.44	28.011	32.655	30.609	
3272	252.54	28.011	32.656	30.61	
3273	252.64	28.011	32.656	30.61	
3274	252.74	28.011	32.656	30.61	
3275	252.84	28.012	32.656	30.61	
3276	252.94	28.012	32.656	30.61	
3277	253.	28.012	32.656	30.61	
3278	253.01	28.012	32.656	30.61	
3279	253.02	28.012	32.656	30.61	
3280	253.05	28.012	32.656	30.61	
3281	253.14	28.012	32.656	30.61	
3282	253.24	28.012	32.656	30.61	
3283	253.34	28.012	32.657	30.61	
3284	253.44	28.012	32.657	30.611	
3285	253.54	28.012	32.657	30.611	
3286	253.64	28.012	32.657	30.611	
3287	253.74	28.012	32.657	30.611	
3288	253.84	28.013	32.657	30.611	
3289	253.94	28.013	32.657	30.611	
3290	254.	28.013	32.657	30.611	
3291	254.01	28.013	32.657	30.611	
3292	254.02	28.013	32.657	30.611	
3293	254.05	28.013	32.657	30.611	
3294	254.14	28.013	32.658	30.611	
3295	254.24	28.013	32.658	30.611	
3296	254.34	28.013	32.658	30.612	
3297	254.44	28.013	32.658	30.612	
3298	254.54	28.013	32.658	30.612	
3299	254.64	28.013	32.658	30.612	
3300	254.74	28.013	32.658	30.612	
3301	254.84	28.014	32.658	30.612	
3302	254.94	28.014	32.659	30.612	
3303	255.	28.014	32.659	30.612	
3304	255.01	28.014	32.659	30.612	
3305	255.02	28.014	32.659	30.612	
3306	255.05	28.014	32.659	30.612	
3307	255.14	28.014	32.659	30.612	
3308	255.24	28.014	32.659	30.613	
3309	255.34	28.014	32.659	30.613	
3310	255.44	28.014	32.659	30.613	
3311	255.54	28.014	32.659	30.613	
3312	255.64	28.014	32.659	30.613	
3313	255.74	28.014	32.66	30.613	
3314	255.84	28.015	32.66	30.613	
3315	255.94	28.015	32.66	30.613	
3316	256.	28.015	32.66	30.613	
3317	256.01	28.015	32.66	30.613	
3318	256.02	28.015	32.66	30.613	
3319	256.05	28.015	32.66	30.614	
3320	256.14	28.015	32.66	30.614	
3321	256.24	28.015	32.66	30.614	
3322	256.34	28.015	32.66	30.614	
3323	256.44	28.015	32.66	30.614	
3324	256.54	28.015	32.661	30.614	
3325	256.64	28.015	32.661	30.614	
3326	256.74	28.015	32.661	30.614	
3327	256.84	28.015	32.661	30.614	
3328	256.94	28.016	32.661	30.615	
3329	257.	28.016	32.661	30.615	
3330	257.01	28.016	32.661	30.615	
3331	257.02	28.016	32.661	30.615	
3332	257.05	28.016	32.661	30.615	
3333	257.14	28.016	32.661	30.615	
3334	257.24	28.016	32.661	30.615	
3335	257.34	28.016	32.662	30.615	
3336	257.44	28.016	32.662	30.615	
3337	257.54	28.016	32.662	30.615	
3338	257.64	28.016	32.662	30.615	
3339	257.74	28.016	32.662	30.615	
3340	257.84	28.016	32.662	30.616	
3341	257.94	28.017	32.662	30.616	
3342	258.	28.017	32.662	30.616	
3343	258.01	28.017	32.662	30.616	
3344	258.02	28.017	32.662	30.616	
3345	258.05	28.017	32.662	30.616	
3346	258.14	28.017	32.663	30.616	
3347	258.24	28.017	32.663	30.616	
3348	258.34	28.017	32.663	30.616	
3349	258.44	28.017	32.663	30.616	
3350	258.54	28.017	32.663	30.616	
3351	258.64	28.017	32.663	30.616	
3352	258.74	28.017	32.663	30.617	
3353	258.84	28.017	32.663	30.617	
3354	258.94	28.018	32.664	30.617	
3355	259.	28.018	32.664	30.617	
3356	259.01	28.018	32.664	30.617	
3357	259.02	28.018	32.664	30.617	
3358	259.05	28.018	32.664	30.617	
3359	259.14	28.018	32.664	30.617	
3360	259.24	28.018	32.664	30.617	
3361	259.34	28.018	32.664	30.617	
3362	259.44	28.018	32.664	30.617	
3363	259.54	28.018	32.664	30.617	
3364	259.64	28.018	32.664	30.618	
3365	259.74	28.018	32.665	30.618	
3366	259.84	28.018	32.665	30.618	
3367	259.94	28.019	32.665	30.618	
3368	260.	28.019	32.665	30.618	
3369	260.01	28.019	32.665	30.618	
3370	260.02	28.019	32.665	30.618	
3371	260.05	28.019	32.665	30.618	
3372	260.14	28.019	32.665	30.618	
3373	260.24	28.019	32.665	30.618	
3374	260.34	28.019	32.665	30.618	
3375	260.44	28.019	32.665	30.618	
3376	260.54	28.019	32.666	30.619	
3377	260.64	28.019	32.666	30.619	
3378	260.74	28.019	32.666	30.619	
3379	260.84	28.019	32.666	30.619	
3380	260.94	28.02	32.666	30.619	
3381	261.	28.02	32.666	30.619	
3382	261.01	28.02	32.666	30.619	
3383	261.02	28.02	32.666	30.619	
3384	261.05	28.02	32.666	30.619	
3385	261.14	28.02	32.666	30.619	
3386	261.24	28.02	32.666	30.619	
3387	261.34	28.02	32.667	30.619	
3388	261.44	28.02	32.667	30.62	
3389	261.54	28.02	32.667	30.62	
3390	261.64	28.02	32.667	30.62	
3391	261.74	28.02	32.667	30.62	
3392	261.84	28.02	32.667	30.62	
3393	261.94	28.021	32.667	30.62	
3394	262.	28.021	32.667	30.62	
3395	262.01	28.021	32.667	30.62	
3396	262.02	28.021	32.667	30.62	
3397	262.05	28.021	32.668	30.62	
3398	262.14	28.021	32.668	30.62	
3399	262.24	28.021	32.668	30.62	
3400	262.34	28.021	32.668	30.621	
3401	262.44	28.021	32.668	30.621	
3402	262.54	28.021	32.668	30.621	
3403	262.64	28.021	32.668	30.621	
3404	262.74	28.021	32.668	30.621	
3405	262.84	28.021	32.669	30.621	
3406	262.94	28.022	32.669	30.621	
3407	263.	28.022	32.669	30.621	
3408	263.01	28.022	32.669	30.621	
3409	263.02	28.022	32.669	30.621	
3410	263.05	28.022	32.669	30.621	
3411	263.14	28.022	32.669	30.622	
3412	263.24	28.022	32.669	30.622	
3413	263.34	28.022	32.669	30.622	
3414	263.44	28.022	32.669	30.622	
3415	263.54	28.022	32.669	30.622	
3416	263.64	28.022	32.67	30.622	
3417	263.74	28.022	32.67	30.622	
3418	263.84	28.022	32.67	30.622	
3419	263.94	28.022	32.67	30.622	
3420	264.	28.023	32.67	30.622	
3421	264.01	28.023	32.67	30.623	
3422	264.02	28.023	32.67	30.623	
3423	264.05	28.023	32.67	30.623	
3424	264.14	28.023	32.67	30.623	
3425	264.24	28.023	32.67	30.623	
3426	264.34	28.023	32.67	30.623	
3427	264.44	28.023	32.671	30.623	
3428	264.54	28.023	32.671	30.623	
3429	264.64	28.023	32.671	30.623	
3430	264.74	28.023	32.671	30.623	
3431	264.84	28.023	32.671	30.623	
3432	264.94	28.023	32.671	30.624	
3433	265.	28.024	32.671	30.624	
3434	265.01	28.024	32.671	30.624	
3435	265.02	28.024	32.671	30.624	
3436	265.05	28.024	32.671	30.624	
3437	265.14	28.024	32.671	30.624	
3438	265.24	28.024	32.672	30.624	
3439	265.34	28.024	32.672	30.624	
3440	265.44	28.024	32.672	30.624	
3441	265.54	28.024	32.672	30.624	
3442	265.64	28.024	32.672	30.624	
3443	265.74	28.024	32.672	30.624	
3444	265.84	28.024	32.672	30.625	
3445	265.94	28.024	32.672	30.625	
3446	266.	28.025	32.673	30.625	
3447	266.01	28.025	32.673	30.625	
3448	266.02	28.025	32.673	30.625	
3449	266.05	28.025	32.673	30.625	
3450	266.14	28.025	32.673	30.625	
3451	266.24	28.025	32.673	30.625	
3452	266.34	28.025	32.673	30.625	
3453	266.44	28.025	32.673	30.625	
3454	266.54	28.025	32.673	30.625	
3455	266.64	28.025	32.673	30.625	
3456	266.74	28.025	32.673	30.626	
3457	266.84	28.025	32.674	30.626	
3458	266.94	28.025	32.674	30.626	
3459	267.	28.026	32.674	30.626	
3460	267.01	28.026	32.674	30.626	
3461	267.02	28.026	32.674	30.626	
3462	267.05	28.026	32.674	30.626	
3463	267.14	28.026	32.674	30.626	
3464	267.24	28.026	32.674	30.626	
3465	267.34	28.026	32.674	30.626	
3466	267.44	28.026	32.674	30.626	
3467	267.54	28.026	32.675	30.627	
3468	267.64	28.026	32.675	30.627	
3469	267.74	28.026	32.675	30.627	
3470	267.84	28.026	32.675	30.627	
3471	267.94	28.026	32.675	30.627	
3472	268.	28.026	32.675	30.627	
3473	268.01	28.026	32.675	30.627	
3474	268.02	28.027	32.675	30.627	
3475	268.05	28.027	32.675	30.627	
3476	268.14	28.027	32.675	30.627	
3477	268.24	28.027	32.675	30.627	
3478	268.34	28.027	32.676	30.627	
3479	268.44	28.027	32.676	30.628	
3480	268.54	28.027	32.676	30.628	
3481	268.64	28.027	32.676	30.628	
3482	268.74	28.027	32.676	30.628	
3483	268.84	28.027	32.676	30.628	
3484	268.94	28.027	32.676	30.628	
3485	269.	28.027	32.676	30.628	
3486	269.01	28.027	32.676	30.628	
3487	269.02	28.027	32.676	30.628	
3488	269.05	28.028	32.676	30.628	
3489	269.14	28.028	32.677	30.628	
3490	269.24	28.028	32.677	30.628	
3491	269.34	28.028	32.677	30.629	
3492	269.44	28.028	32.677	30.629	
3493	269.54	28.028	32.677	30.629	
3494	269.64	28.028	32.677	30.629	
3495	269.74	28.028	32.677	30.629	
3496	269.84	28.028	32.677	30.629	
3497	269.94	28.028	32.678	30.629	
3498	270.	28.028	32.678	30.629	
3499	270.01	28.028	32.678	30.629	
3500	270.02	28.028	32.678	30.629	
3501	270.05	28.029	32.678	30.629	
3502	270.14	28.029	32.678	30.629	
3503	270.24	28.029	32.678	30.63	
3504	270.34	28.029	32.678	30.63	
3505	270.44	28.029	32.678	30.63	
3506	270.54	28.029	32.678	30.63	
3507	270.64	28.029	32.679	30.63	
3508	270.74	28.029	32.679	30.63	
3509	270.84	28.029	32.679	30.63	
3510	270.94	28.029	32.679	30.63	
3511	271.	28.029	32.679	30.63	
3512	271.01	28.029	32.679	30.63	
3513	271.02	28.029	32.679	30.63	
3514	271.05	28.029	32.679	30.631	
3515	271.14	28.03	32.679	30.631	
3516	271.24	28.03	32.679	30.631	
3517	271.34	28.03	32.679	30.631	
3518	271.44	28.03	32.68	30.631	
3519	271.54	28.03	32.68	30.631	
3520	271.64	28.03	32.68	30.631	
3521	271.74	28.03	32.68	30.631	
3522	271.84	28.03	32.68	30.631	
3523	271.94	28.03	32.68	30.632	
3524	272.	28.03	32.68	30.632	
3525	272.01	28.03	32.68	30.632	
3526	272.02	28.03	32.68	30.632	
3527	272.05	28.03	32.68	30.632	
3528	272.14	28.031	32.68	30.632	
3529	272.24	28.031	32.681	30.632	
3530	272.34	28.031	32.681	30.632	
3531	272.44	28.031	32.681	30.632	
3532	272.54	28.031	32.681	30.632	
3533	272.64	28.031	32.681	30.632	
3534	272.74	28.031	32.681	30.632	
3535	272.84	28.031	32.681	30.633	
3536	272.94	28.031	32.681	30.633	
3537	273.	28.031	32.682	30.633	
3538	273.01	28.031	32.682	30.633	
3539	273.02	28.031	32.682	30.633	
3540	273.05	28.031	32.682	30.633	
3541	273.14	28.032	32.682	30.633	
3542	273.24	28.032	32.682	30.633	
3543	273.34	28.032	32.682	30.633	
3544	273.44	28.032	32.682	30.633	
3545	273.54	28.032	32.682	30.633	
3546	273.64	28.032	32.682	30.634	
3547	273.74	28.032	32.683	30.634	
3548	273.84	28.032	32.683	30.634	
3549	273.94	28.032	32.683	30.634	
3550	274.	28.032	32.683	30.634	
3551	274.01	28.032	32.683	30.634	
3552	274.02	28.032	32.683	30.634	
3553	274.05	28.032	32.683	30.634	
3554	274.14	28.033	32.683	30.634	
3555	274.24	28.033	32.683	30.634	
3556	274.34	28.033	32.683	30.634	
3557	274.44	28.033	32.683	30.634	
3558	274.54	28.033	32.684	30.635	
3559	274.64	28.033	32.684	30.635	
3560	274.74	28.033	32.684	30.635	
3561	274.84	28.033	32.684	30.635	
3562	274.94	28.033	32.684	30.635	
3563	275.	28.033	32.684	30.635	
3564	275.01	28.033	32.684	30.635	
3565	275.02	28.033	32.684	30.635	
3566	275.05	28.033	32.684	30.635	
3567	275.14	28.034	32.684	30.635	
3568	275.24	28.034	32.684	30.635	
3569	275.34	28.034	32.685	30.635	
3570	275.44	28.034	32.685	30.636	
3571	275.54	28.034	32.685	30.636	
3572	275.64	28.034	32.685	30.636	
3573	275.74	28.034	32.685	30.636	
3574	275.84	28.034	32.685	30.636	
3575	275.94	28.034	32.685	30.636	
3576	276.	28.034	32.685	30.636	
3577	276.01	28.034	32.685	30.636	
3578	276.02	28.034	32.685	30.636	
3579	276.05	28.034	32.686	30.636	
3580	276.14	28.035	32.686	30.636	
3581	276.24	28.035	32.686	30.636	
3582	276.34	28.035	32.686	30.637	
3583	276.44	28.035	32.686	30.637	
3584	276.54	28.035	32.686	30.637	
3585	276.64	28.035	32.686	30.637	
3586	276.74	28.035	32.686	30.637	
3587	276.84	28.035	32.687	30.637	
3588	276.94	28.035	32.687	30.637	
3589	277.	28.035	32.687	30.637	
3590	277.01	28.035	32.687	30.637	
3591	277.02	28.035	32.687	30.637	
3592	277.05	28.035	32.687	30.637	
3593	277.14	28.036	32.687	30.638	
3594	277.24	28.036	32.687	30.638	
3595	277.34	28.036	32.687	30.638	
3596	277.44	28.036	32.687	30.638	
3597	277.54	28.036	32.687	30.638	
3598	277.64	28.036	32.688	30.638	
3599	277.74	28.036	32.688	30.638	
3600	277.84	28.036	32.688	30.638	
3601	277.94	28.036	32.688	30.638	
3602	278.	28.036	32.688	30.639	
3603	278.01	28.036	32.688	30.639	
3604	278.02	28.036	32.688	30.639	
3605	278.05	28.036	32.688	30.639	
3606	278.14	28.036	32.688	30.639	
3607	278.24	28.037	32.688	30.639	
3608	278.34	28.037	32.689	30.639	
3609	278.44	28.037	32.689	30.639	
3610	278.54	28.037	32.689	30.639	
3611	278.64	28.037	32.689	30.639	
3612	278.74	28.037	32.689	30.639	
3613	278.84	28.037	32.689	30.639	
3614	278.94	28.037	32.689	30.64	
3615	279.	28.037	32.689	30.64	
3616	279.01	28.037	32.689	30.64	
3617	279.02	28.037	32.689	30.64	
3618	279.05	28.037	32.689	30.64	
3619	279.14	28.037	32.69	30.64	
3620	279.24	28.038	32.69	30.64	
3621	279.34	28.038	32.69	30.64	
3622	279.44	28.038	32.69	30.64	
3623	279.54	28.038	32.69	30.64	
3624	279.64	28.038	32.69	30.64	
3625	279.74	28.038	32.69	30.641	
3626	279.84	28.038	32.69	30.641	
3627	279.94	28.038	32.691	30.641	
3628	280.	28.038	32.691	30.641	
3629	280.01	28.038	32.691	30.641	
3630	280.02	28.038	32.691	30.641	
3631	280.05	28.038	32.691	30.641	
3632	280.14	28.038	32.691	30.641	
3633	280.24	28.039	32.691	30.641	
3634	280.34	28.039	32.691	30.641	
3635	280.44	28.039	32.691	30.641	
3636	280.54	28.039	32.691	30.641	
3637	280.64	28.039	32.692	30.642	
3638	280.74	28.039	32.692	30.642	
3639	280.84	28.039	32.692	30.642	
3640	280.94	28.039	32.692	30.642	
3641	281.	28.039	32.692	30.642	
3642	281.01	28.039	32.692	30.642	
3643	281.02	28.039	32.692	30.642	
3644	281.05	28.039	32.692	30.642	
3645	281.14	28.039	32.692	30.642	
3646	281.24	28.04	32.692	30.642	
3647	281.34	28.04	32.692	30.642	
3648	281.44	28.04	32.693	30.643	
3649	281.54	28.04	32.693	30.643	
3650	281.64	28.04	32.693	30.643	
3651	281.74	28.04	32.693	30.643	
3652	281.84	28.04	32.693	30.643	
3653	281.94	28.04	32.693	30.643	
3654	282.	28.04	32.693	30.643	
3655	282.01	28.04	32.693	30.643	
3656	282.02	28.04	32.693	30.643	
3657	282.05	28.04	32.693	30.643	
3658	282.14	28.04	32.693	30.643	
3659	282.24	28.041	32.694	30.643	
3660	282.34	28.041	32.694	30.644	
3661	282.44	28.041	32.694	30.644	
3662	282.54	28.041	32.694	30.644	
3663	282.64	28.041	32.694	30.644	
3664	282.74	28.041	32.694	30.644	
3665	282.84	28.041	32.694	30.644	
3666	282.94	28.041	32.695	30.644	
3667	283.	28.041	32.695	30.644	
3668	283.01	28.041	32.695	30.644	
3669	283.02	28.041	32.695	30.644	
3670	283.05	28.041	32.695	30.644	
3671	283.14	28.041	32.695	30.644	
3672	283.24	28.042	32.695	30.645	
3673	283.34	28.042	32.695	30.645	
3674	283.44	28.042	32.695	30.645	
3675	283.54	28.042	32.695	30.645	
3676	283.64	28.042	32.695	30.645	
3677	283.74	28.042	32.696	30.645	
3678	283.84	28.042	32.696	30.645	
3679	283.94	28.042	32.696	30.645	
3680	284.	28.042	32.696	30.645	
3681	284.01	28.042	32.696	30.645	
3682	284.02	28.042	32.696	30.645	
3683	284.05	28.042	32.696	30.646	
3684	284.14	28.042	32.696	30.646	
3685	284.24	28.043	32.696	30.646	
3686	284.34	28.043	32.696	30.646	
3687	284.44	28.043	32.697	30.646	
3688	284.54	28.043	32.697	30.646	
3689	284.64	28.043	32.697	30.646	
3690	284.74	28.043	32.697	30.646	
3691	284.84	28.043	32.697	30.646	
3692	284.94	28.043	32.697	30.647	
3693	285.	28.043	32.697	30.647	
3694	285.01	28.043	32.697	30.647	
3695	285.02	28.043	32.697	30.647	
3696	285.05	28.043	32.697	30.647	
3697	285.14	28.043	32.697	30.647	
3698	285.24	28.043	32.698	30.647	
3699	285.34	28.044	32.698	30.647	
3700	285.44	28.044	32.698	30.647	
3701	285.54	28.044	32.698	30.647	
3702	285.64	28.044	32.698	30.647	
3703	285.74	28.044	32.698	30.647	
3704	285.84	28.044	32.698	30.648	
3705	285.94	28.044	32.699	30.648	
3706	286.	28.044	32.699	30.648	
3707	286.01	28.044	32.699	30.648	
3708	286.02	28.044	32.699	30.648	
3709	286.05	28.044	32.699	30.648	
3710	286.14	28.044	32.699	30.648	
3711	286.24	28.044	32.699	30.648	
3712	286.34	28.045	32.699	30.648	
3713	286.44	28.045	32.699	30.648	
3714	286.54	28.045	32.699	30.648	
3715	286.64	28.045	32.699	30.649	
3716	286.74	28.045	32.7	30.649	
3717	286.84	28.045	32.7	30.649	
3718	286.94	28.045	32.7	30.649	
3719	287.	28.045	32.7	30.649	
3720	287.01	28.045	32.7	30.649	
3721	287.02	28.045	32.7	30.649	
3722	287.05	28.045	32.7	30.649	
3723	287.14	28.045	32.7	30.649	
3724	287.24	28.045	32.7	30.649	
3725	287.34	28.046	32.7	30.649	
3726	287.44	28.046	32.7	30.649	
3727	287.54	28.046	32.701	30.65	
3728	287.64	28.046	32.701	30.65	
3729	287.74	28.046	32.701	30.65	
3730	287.84	28.046	32.701	30.65	
3731	287.94	28.046	32.701	30.65	
3732	288.	28.046	32.701	30.65	
3733	288.01	28.046	32.701	30.65	
3734	288.02	28.046	32.701	30.65	
3735	288.05	28.046	32.701	30.65	
3736	288.14	28.046	32.701	30.65	
3737	288.24	28.046	32.702	30.65	
3738	288.34	28.047	32.702	30.651	
3739	288.44	28.047	32.702	30.651	
3740	288.54	28.047	32.702	30.651	
3741	288.64	28.047	32.702	30.651	
3742	288.74	28.047	32.702	30.651	
3743	288.84	28.047	32.702	30.651	
3744	288.94	28.047	32.702	30.651	
3745	289.	28.047	32.703	30.651	
3746	289.01	28.047	32.703	30.651	
3747	289.02	28.047	32.703	30.651	
3748	289.05	28.047	32.703	30.651	
3749	289.14	28.047	32.703	30.651	
3750	289.24	28.047	32.703	30.652	
3751	289.34	28.048	32.703	30.652	
3752	289.44	28.048	32.703	30.652	
3753	289.54	28.048	32.703	30.652	
3754	289.64	28.048	32.703	30.652	
3755	289.74	28.048	32.704	30.652	
3756	289.84	28.048	32.704	30.652	
3757	289.94	28.048	32.704	30.652	
3758	290.	28.048	32.704	30.652	
3759	290.01	28.048	32.704	30.652	
3760	290.02	28.048	32.704	30.652	
3761	290.05	28.048	32.704	30.653	
3762	290.14	28.048	32.704	30.653	
3763	290.24	28.048	32.704	30.653	
3764	290.34	28.049	32.704	30.653	
3765	290.44	28.049	32.704	30.653	
3766	290.54	28.049	32.705	30.653	
3767	290.64	28.049	32.705	30.653	
3768	290.74	28.049	32.705	30.653	
3769	290.84	28.049	32.705	30.653	
3770	290.94	28.049	32.705	30.654	
3771	291.	28.049	32.705	30.654	
3772	291.01	28.049	32.705	30.654	
3773	291.02	28.049	32.705	30.654	
3774	291.05	28.049	32.705	30.654	
3775	291.14	28.049	32.705	30.654	
3776	291.24	28.049	32.706	30.654	
3777	291.34	28.05	32.706	30.654	
3778	291.44	28.05	32.706	30.654	
3779	291.54	28.05	32.706	30.654	
3780	291.64	28.05	32.706	30.654	
3781	291.74	28.05	32.706	30.654	
3782	291.84	28.05	32.706	30.655	
3783	291.94	28.05	32.706	30.655	
3784	292.	28.05	32.707	30.655	
3785	292.01	28.05	32.707	30.655	
3786	292.02	28.05	32.707	30.655	
3787	292.05	28.05	32.707	30.655	
3788	292.14	28.05	32.707	30.655	
3789	292.24	28.05	32.707	30.655	
3790	292.34	28.05	32.707	30.655	
3791	292.44	28.051	32.707	30.655	
3792	292.54	28.051	32.707	30.655	
3793	292.64	28.051	32.707	30.656	
3794	292.74	28.051	32.708	30.656	
3795	292.84	28.051	32.708	30.656	
3796	292.94	28.051	32.708	30.656	
3797	293.	28.051	32.708	30.656	
3798	293.01	28.051	32.708	30.656	
3799	293.02	28.051	32.708	30.656	
3800	293.05	28.051	32.708	30.656	
3801	293.14	28.051	32.708	30.656	
3802	293.24	28.051	32.708	30.656	
3803	293.34	28.051	32.708	30.656	
3804	293.44	28.052	32.708	30.656	
3805	293.54	28.052	32.709	30.657	
3806	293.64	28.052	32.709	30.657	
3807	293.74	28.052	32.709	30.657	
3808	293.84	28.052	32.709	30.657	
3809	293.94	28.052	32.709	30.657	
3810	294.	28.052	32.709	30.657	
3811	294.01	28.052	32.709	30.657	
3812	294.02	28.052	32.709	30.657	
3813	294.05	28.052	32.709	30.657	
3814	294.14	28.052	32.709	30.657	
3815	294.24	28.052	32.71	30.657	
3816	294.34	28.052	32.71	30.658	
3817	294.44	28.053	32.71	30.658	
3818	294.54	28.053	32.71	30.658	
3819	294.64	28.053	32.71	30.658	
3820	294.74	28.053	32.71	30.658	
3821	294.84	28.053	32.71	30.658	
3822	294.94	28.053	32.71	30.658	
3823	295.	28.053	32.711	30.658	
3824	295.01	28.053	32.711	30.658	
3825	295.02	28.053	32.711	30.658	
3826	295.05	28.053	32.711	30.658	
3827	295.14	28.053	32.711	30.658	
3828	295.24	28.053	32.711	30.659	
3829	295.34	28.053	32.711	30.659	
3830	295.44	28.054	32.711	30.659	
3831	295.54	28.054	32.711	30.659	
3832	295.64	28.054	32.711	30.659	
3833	295.74	28.054	32.712	30.659	
3834	295.84	28.054	32.712	30.659	
3835	295.94	28.054	32.712	30.659	
3836	296.	28.054	32.712	30.659	
3837	296.01	28.054	32.712	30.66	
3838	296.02	28.054	32.712	30.66	
3839	296.05	28.054	32.712	30.66	
3840	296.14	28.054	32.712	30.66	
3841	296.24	28.054	32.712	30.66	
3842	296.34	28.054	32.712	30.66	
3843	296.44	28.055	32.713	30.66	
3844	296.54	28.055	32.713	30.66	
3845	296.64	28.055	32.713	30.66	
3846	296.74	28.055	32.713	30.66	
3847	296.84	28.055	32.713	30.66	
3848	296.94	28.055	32.713	30.661	
3849	297.	28.055	32.713	30.661	
3850	297.01	28.055	32.713	30.661	
3851	297.02	28.055	32.713	30.661	
3852	297.05	28.055	32.713	30.661	
3853	297.14	28.055	32.713	30.661	
3854	297.24	28.055	32.714	30.661	
3855	297.34	28.055	32.714	30.661	
3856	297.44	28.056	32.714	30.661	
3857	297.54	28.056	32.714	30.661	
3858	297.64	28.056	32.714	30.661	
3859	297.74	28.056	32.714	30.662	
3860	297.84	28.056	32.714	30.662	
3861	297.94	28.056	32.715	30.662	
3862	298.	28.056	32.715	30.662	
3863	298.01	28.056	32.715	30.662	
3864	298.02	28.056	32.715	30.662	
3865	298.05	28.056	32.715	30.662	
3866	298.14	28.056	32.715	30.662	
3867	298.24	28.056	32.715	30.662	
3868	298.34	28.056	32.715	30.662	
3869	298.44	28.057	32.715	30.662	
3870	298.54	28.057	32.715	30.662	
3871	298.64	28.057	32.715	30.663	
3872	298.74	28.057	32.716	30.663	
3873	298.84	28.057	32.716	30.663	
3874	298.94	28.057	32.716	30.663	
3875	299.	28.057	32.716	30.663	
3876	299.01	28.057	32.716	30.663	
3877	299.02	28.057	32.716	30.663	
3878	299.05	28.057	32.716	30.663	
3879	299.14	28.057	32.716	30.663	
3880	299.24	28.057	32.716	30.663	
3881	299.34	28.057	32.716	30.663	
3882	299.44	28.058	32.717	30.664	
3883	299.54	28.058	32.717	30.664	
3884	299.64	28.058	32.717	30.664	
3885	299.74	28.058	32.717	30.664	
3886	299.84	28.058	32.717	30.664	
3887	299.94	28.058	32.717	30.664	
3888	300.	28.058	32.717	30.664	
3889	300.01	28.058	32.717	30.664	
3890	300.02	28.058	32.717	30.664	
3891	300.05	28.058	32.717	30.664	
3892	300.14	28.058	32.717	30.664	
3893	300.24	28.058	32.718	30.664	
3894	300.34	28.058	32.718	30.665	
3895	300.44	28.058	32.718	30.665	
3896	300.54	28.059	32.718	30.665	
3897	300.64	28.059	32.718	30.665	
3898	300.74	28.059	32.718	30.665	
3899	300.84	28.059	32.718	30.665	
3900	300.94	28.059	32.719	30.665	
3901	301.	28.059	32.719	30.665	
3902	301.01	28.059	32.719	30.665	
3903	301.02	28.059	32.719	30.665	
3904	301.05	28.059	32.719	30.665	
3905	301.14	28.059	32.719	30.666	
3906	301.24	28.059	32.719	30.666	
3907	301.34	28.059	32.719	30.666	
3908	301.44	28.059	32.719	30.666	
3909	301.54	28.06	32.719	30.666	
3910	301.64	28.06	32.72	30.666	
3911	301.74	28.06	32.72	30.666	
3912	301.84	28.06	32.72	30.666	
3913	301.94	28.06	32.72	30.666	
3914	302.	28.06	32.72	30.667	
3915	302.01	28.06	32.72	30.667	
3916	302.02	28.06	32.72	30.667	
3917	302.05	28.06	32.72	30.667	
3918	302.14	28.06	32.72	30.667	
3919	302.24	28.06	32.72	30.667	
3920	302.34	28.06	32.72	30.667	
3921	302.44	28.06	32.721	30.667	
3922	302.54	28.061	32.721	30.667	
3923	302.64	28.061	32.721	30.667	
3924	302.74	28.061	32.721	30.667	
3925	302.84	28.061	32.721	30.668	
3926	302.94	28.061	32.721	30.668	
3927	303.	28.061	32.721	30.668	
3928	303.01	28.061	32.721	30.668	
3929	303.02	28.061	32.721	30.668	
3930	303.05	28.061	32.721	30.668	
3931	303.14	28.061	32.722	30.668	
3932	303.24	28.061	32.722	30.668	
3933	303.34	28.061	32.722	30.668	
3934	303.44	28.061	32.722	30.668	
3935	303.54	28.062	32.722	30.668	
3936	303.64	28.062	32.722	30.669	
3937	303.74	28.062	32.722	30.669	
3938	303.84	28.062	32.723	30.669	
3939	303.94	28.062	32.723	30.669	
3940	304.	28.062	32.723	30.669	
3941	304.01	28.062	32.723	30.669	
3942	304.02	28.062	32.723	30.669	
3943	304.05	28.062	32.723	30.669	
3944	304.14	28.062	32.723	30.669	
3945	304.24	28.062	32.723	30.669	
3946	304.34	28.062	32.723	30.669	
3947	304.44	28.062	32.723	30.669	
3948	304.54	28.063	32.723	30.67	
3949	304.64	28.063	32.724	30.67	
3950	304.74	28.063	32.724	30.67	
3951	304.84	28.063	32.724	30.67	
3952	304.94	28.063	32.724	30.67	
3953	305.	28.063	32.724	30.67	
3954	305.01	28.063	32.724	30.67	
3955	305.02	28.063	32.724	30.67	
3956	305.05	28.063	32.724	30.67	
3957	305.14	28.063	32.724	30.67	
3958	305.24	28.063	32.724	30.67	
3959	305.34	28.063	32.725	30.671	
3960	305.44	28.063	32.725	30.671	
3961	305.54	28.064	32.725	30.671	
3962	305.64	28.064	32.725	30.671	
3963	305.74	28.064	32.725	30.671	
3964	305.84	28.064	32.725	30.671	
3965	305.94	28.064	32.725	30.671	
3966	306.	28.064	32.725	30.671	
3967	306.01	28.064	32.725	30.671	
3968	306.02	28.064	32.725	30.671	
3969	306.05	28.064	32.726	30.671	
3970	306.14	28.064	32.726	30.671	
3971	306.24	28.064	32.726	30.672	
3972	306.34	28.064	32.726	30.672	
3973	306.44	28.064	32.726	30.672	
3974	306.54	28.065	32.726	30.672	
3975	306.64	28.065	32.726	30.672	
3976	306.74	28.065	32.726	30.672	
3977	306.84	28.065	32.727	30.672	
3978	306.94	28.065	32.727	30.672	
3979	307.	28.065	32.727	30.672	
3980	307.01	28.065	32.727	30.673	
3981	307.02	28.065	32.727	30.673	
3982	307.05	28.065	32.727	30.673	
3983	307.14	28.065	32.727	30.673	
3984	307.24	28.065	32.727	30.673	
3985	307.34	28.065	32.727	30.673	
3986	307.44	28.065	32.727	30.673	
3987	307.54	28.066	32.728	30.673	
3988	307.64	28.066	32.728	30.673	
3989	307.74	28.066	32.728	30.673	
3990	307.84	28.066	32.728	30.673	
3991	307.94	28.066	32.728	30.674	
3992	308.	28.066	32.728	30.674	
3993	308.01	28.066	32.728	30.674	
3994	308.02	28.066	32.728	30.674	
3995	308.05	28.066	32.728	30.674	
3996	308.14	28.066	32.728	30.674	
3997	308.24	28.066	32.729	30.674	
3998	308.34	28.066	32.729	30.674	
3999	308.44	28.066	32.729	30.674	
4000	308.54	28.066	32.729	30.674	
4001	308.64	28.067	32.729	30.674	
4002	308.74	28.067	32.729	30.675	
4003	308.84	28.067	32.729	30.675	
4004	308.94	28.067	32.729	30.675	
4005	309.	28.067	32.73	30.675	
4006	309.01	28.067	32.73	30.675	
4007	309.02	28.067	32.73	30.675	
4008	309.05	28.067	32.73	30.675	
4009	309.14	28.067	32.73	30.675	
4010	309.24	28.067	32.73	30.675	
4011	309.34	28.067	32.73	30.675	
4012	309.44	28.067	32.73	30.675	
4013	309.54	28.067	32.73	30.676	
4014	309.64	28.068	32.73	30.676	
4015	309.74	28.068	32.731	30.676	
4016	309.84	28.068	32.731	30.676	
4017	309.94	28.068	32.731	30.676	
4018	310.	28.068	32.731	30.676	
4019	310.01	28.068	32.731	30.676	
4020	310.02	28.068	32.731	30.676	
4021	310.05	28.068	32.731	30.676	
4022	310.14	28.068	32.731	30.676	
4023	310.24	28.068	32.731	30.676	
4024	310.34	28.068	32.731	30.676	
4025	310.44	28.068	32.732	30.677	
4026	310.54	28.068	32.732	30.677	
4027	310.64	28.069	32.732	30.677	
4028	310.74	28.069	32.732	30.677	
4029	310.84	28.069	32.732	30.677	
4030	310.94	28.069	32.732	30.677	
4031	311.	28.069	32.732	30.677	
4032	311.01	28.069	32.732	30.677	
4033	311.02	28.069	32.732	30.677	
4034	311.05	28.069	32.732	30.677	
4035	311.14	28.069	32.732	30.677	
4036	311.24	28.069	32.733	30.678	
4037	311.34	28.069	32.733	30.678	
4038	311.44	28.069	32.733	30.678	
4039	311.54	28.069	32.733	30.678	
4040	311.64	28.07	32.733	30.678	
4041	311.74	28.07	32.733	30.678	
4042	311.84	28.07	32.733	30.678	
4043	311.94	28.07	32.734	30.678	
4044	312.	28.07	32.734	30.678	
4045	312.01	28.07	32.734	30.678	
4046	312.02	28.07	32.734	30.678	
4047	312.05	28.07	32.734	30.679	
4048	312.14	28.07	32.734	30.679	
4049	312.24	28.07	32.734	30.679	
4050	312.34	28.07	32.734	30.679	
4051	312.44	28.07	32.734	30.679	
4052	312.54	28.07	32.734	30.679	
4053	312.64	28.071	32.735	30.679	
4054	312.74	28.071	32.735	30.679	
4055	312.84	28.071	32.735	30.679	
4056	312.94	28.071	32.735	30.68	
4057	313.	28.071	32.735	30.68	
4058	313.01	28.071	32.735	30.68	
4059	313.02	28.071	32.735	30.68	
4060	313.05	28.071	32.735	30.68	
4061	313.14	28.071	32.735	30.68	
4062	313.24	28.071	32.735	30.68	
4063	313.34	28.071	32.735	30.68	
4064	313.44	28.071	32.736	30.68	
4065	313.54	28.071	32.736	30.68	
4066	313.64	28.072	32.736	30.68	
4067	313.74	28.072	32.736	30.681	
4068	313.84	28.072	32.736	30.681	
4069	313.94	28.072	32.736	30.681	
4070	314.	28.072	32.736	30.681	
4071	314.01	28.072	32.736	30.681	
4072	314.02	28.072	32.736	30.681	
4073	314.05	28.072	32.736	30.681	
4074	314.14	28.072	32.737	30.681	
4075	314.24	28.072	32.737	30.681	
4076	314.34	28.072	32.737	30.681	
4077	314.44	28.072	32.737	30.681	
4078	314.54	28.072	32.737	30.681	
4079	314.64	28.073	32.737	30.682	
4080	314.74	28.073	32.737	30.682	
4081	314.84	28.073	32.738	30.682	
4082	314.94	28.073	32.738	30.682	
4083	315.	28.073	32.738	30.682	
4084	315.01	28.073	32.738	30.682	
4085	315.02	28.073	32.738	30.682	
4086	315.05	28.073	32.738	30.682	
4087	315.14	28.073	32.738	30.682	
4088	315.24	28.073	32.738	30.682	
4089	315.34	28.073	32.738	30.682	
4090	315.44	28.073	32.738	30.683	
4091	315.54	28.073	32.739	30.683	
4092	315.64	28.073	32.739	30.683	
4093	315.74	28.074	32.739	30.683	
4094	315.84	28.074	32.739	30.683	
4095	315.94	28.074	32.739	30.683	
4096	316.	28.074	32.739	30.683	
4097	316.01	28.074	32.739	30.683	
4098	316.02	28.074	32.739	30.683	
4099	316.05	28.074	32.739	30.683	
4100	316.14	28.074	32.739	30.683	
4101	316.24	28.074	32.739	30.684	
4102	316.34	28.074	32.74	30.684	
4103	316.44	28.074	32.74	30.684	
4104	316.54	28.074	32.74	30.684	
4105	316.64	28.074	32.74	30.684	
4106	316.74	28.075	32.74	30.684	
4107	316.84	28.075	32.74	30.684	
4108	316.94	28.075	32.74	30.684	
4109	317.	28.075	32.741	30.684	
4110	317.01	28.075	32.741	30.684	
4111	317.02	28.075	32.741	30.684	
4112	317.05	28.075	32.741	30.684	
4113	317.14	28.075	32.741	30.685	
4114	317.24	28.075	32.741	30.685	
4115	317.34	28.075	32.741	30.685	
4116	317.44	28.075	32.741	30.685	
4117	317.54	28.075	32.741	30.685	
4118	317.64	28.075	32.741	30.685	
4119	317.74	28.076	32.742	30.685	
4120	317.84	28.076	32.742	30.685	
4121	317.94	28.076	32.742	30.686	
4122	318.	28.076	32.742	30.686	
4123	318.01	28.076	32.742	30.686	
4124	318.02	28.076	32.742	30.686	
4125	318.05	28.076	32.742	30.686	
4126	318.14	28.076	32.742	30.686	
4127	318.24	28.076	32.742	30.686	
4128	318.34	28.076	32.742	30.686	
4129	318.44	28.076	32.743	30.686	
4130	318.54	28.076	32.743	30.686	
4131	318.64	28.076	32.743	30.686	
4132	318.74	28.077	32.743	30.686	
4133	318.84	28.077	32.743	30.687	
4134	318.94	28.077	32.743	30.687	
4135	319.	28.077	32.743	30.687	
4136	319.01	28.077	32.743	30.687	
4137	319.02	28.077	32.743	30.687	
4138	319.05	28.077	32.743	30.687	
4139	319.14	28.077	32.743	30.687	
4140	319.24	28.077	32.744	30.687	
4141	319.34	28.077	32.744	30.687	
4142	319.44	28.077	32.744	30.687	
4143	319.54	28.077	32.744	30.687	
4144	319.64	28.077	32.744	30.688	
4145	319.74	28.078	32.744	30.688	
4146	319.84	28.078	32.744	30.688	
4147	319.94	28.078	32.745	30.688	
4148	320.	28.078	32.745	30.688	
4149	320.01	28.078	32.745	30.688	
4150	320.02	28.078	32.745	30.688	
4151	320.05	28.078	32.745	30.688	
4152	320.14	28.078	32.745	30.688	
4153	320.24	28.078	32.745	30.688	
4154	320.34	28.078	32.745	30.688	
4155	320.44	28.078	32.745	30.689	
4156	320.54	28.078	32.745	30.689	
4157	320.64	28.078	32.746	30.689	
4158	320.74	28.079	32.746	30.689	
4159	320.84	28.079	32.746	30.689	
4160	320.94	28.079	32.746	30.689	
4161	321.	28.079	32.746	30.689	
4162	321.01	28.079	32.746	30.689	
4163	321.02	28.079	32.746	30.689	
4164	321.05	28.079	32.746	30.689	
4165	321.14	28.079	32.746	30.689	
4166	321.24	28.079	32.746	30.689	
4167	321.34	28.079	32.747	30.69	
4168	321.44	28.079	32.747	30.69	
4169	321.54	28.079	32.747	30.69	
4170	321.64	28.079	32.747	30.69	
4171	321.74	28.08	32.747	30.69	
4172	321.84	28.08	32.747	30.69	
4173	321.94	28.08	32.747	30.69	
4174	322.	28.08	32.747	30.69	
4175	322.01	28.08	32.747	30.69	
4176	322.02	28.08	32.747	30.69	
4177	322.05	28.08	32.748	30.69	
4178	322.14	28.08	32.748	30.691	
4179	322.24	28.08	32.748	30.691	
4180	322.34	28.08	32.748	30.691	
4181	322.44	28.08	32.748	30.691	
4182	322.54	28.08	32.748	30.691	
4183	322.64	28.08	32.748	30.691	
4184	322.74	28.081	32.748	30.691	
4185	322.84	28.081	32.749	30.691	
4186	322.94	28.081	32.749	30.692	
4187	323.	28.081	32.749	30.692	
4188	323.01	28.081	32.749	30.692	
4189	323.02	28.081	32.749	30.692	
4190	323.05	28.081	32.749	30.692	
4191	323.14	28.081	32.749	30.692	
4192	323.24	28.081	32.749	30.692	
4193	323.34	28.081	32.749	30.692	
4194	323.44	28.081	32.749	30.692	
4195	323.54	28.081	32.75	30.692	
4196	323.64	28.081	32.75	30.692	
4197	323.74	28.081	32.75	30.692	
4198	323.84	28.082	32.75	30.693	
4199	323.94	28.082	32.75	30.693	
4200	324.	28.082	32.75	30.693	
4201	324.01	28.082	32.75	30.693	
4202	324.02	28.082	32.75	30.693	
4203	324.05	28.082	32.75	30.693	
4204	324.14	28.082	32.75	30.693	
4205	324.24	28.082	32.751	30.693	
4206	324.34	28.082	32.751	30.693	
4207	324.44	28.082	32.751	30.693	
4208	324.54	28.082	32.751	30.693	
4209	324.64	28.082	32.751	30.694	
4210	324.74	28.082	32.751	30.694	
4211	324.84	28.083	32.751	30.694	
4212	324.94	28.083	32.752	30.694	
4213	325.	28.083	32.752	30.694	
4214	325.01	28.083	32.752	30.694	
4215	325.02	28.083	32.752	30.694	
4216	325.05	28.083	32.752	30.694	
4217	325.14	28.083	32.752	30.694	
4218	325.24	28.083	32.752	30.694	
4219	325.34	28.083	32.752	30.694	
4220	325.44	28.083	32.752	30.695	
4221	325.54	28.083	32.752	30.695	
4222	325.64	28.083	32.753	30.695	
4223	325.74	28.083	32.753	30.695	
4224	325.84	28.084	32.753	30.695	
4225	325.94	28.084	32.753	30.695	
4226	326.	28.084	32.753	30.695	
4227	326.01	28.084	32.753	30.695	
4228	326.02	28.084	32.753	30.695	
4229	326.05	28.084	32.753	30.695	
4230	326.14	28.084	32.753	30.695	
4231	326.24	28.084	32.753	30.696	
4232	326.34	28.084	32.753	30.696	
4233	326.44	28.084	32.754	30.696	
4234	326.54	28.084	32.754	30.696	
4235	326.64	28.084	32.754	30.696	
4236	326.74	28.084	32.754	30.696	
4237	326.84	28.085	32.754	30.696	
4238	326.94	28.085	32.754	30.696	
4239	327.	28.085	32.754	30.696	
4240	327.01	28.085	32.754	30.696	
4241	327.02	28.085	32.754	30.696	
4242	327.05	28.085	32.754	30.696	
4243	327.14	28.085	32.755	30.697	
4244	327.24	28.085	32.755	30.697	
4245	327.34	28.085	32.755	30.697	
4246	327.44	28.085	32.755	30.697	
4247	327.54	28.085	32.755	30.697	
4248	327.64	28.085	32.755	30.697	
4249	327.74	28.085	32.755	30.697	
4250	327.84	28.086	32.756	30.697	
4251	327.94	28.086	32.756	30.698	
4252	328.	28.086	32.756	30.698	
4253	328.01	28.086	32.756	30.698	
4254	328.02	28.086	32.756	30.698	
4255	328.05	28.086	32.756	30.698	
4256	328.14	28.086	32.756	30.698	
4257	328.24	28.086	32.756	30.698	
4258	328.34	28.086	32.756	30.698	
4259	328.44	28.086	32.756	30.698	
4260	328.54	28.086	32.757	30.698	
4261	328.64	28.086	32.757	30.698	
4262	328.74	28.086	32.757	30.699	
4263	328.84	28.087	32.757	30.699	
4264	328.94	28.087	32.757	30.699	
4265	329.	28.087	32.757	30.699	
4266	329.01	28.087	32.757	30.699	
4267	329.02	28.087	32.757	30.699	
4268	329.05	28.087	32.757	30.699	
4269	329.14	28.087	32.757	30.699	
4270	329.24	28.087	32.758	30.699	
4271	329.34	28.087	32.758	30.699	
4272	329.44	28.087	32.758	30.699	
4273	329.54	28.087	32.758	30.699	
4274	329.64	28.087	32.758	30.7	
4275	329.74	28.087	32.758	30.7	
4276	329.84	28.088	32.758	30.7	
4277	329.94	28.088	32.759	30.7	
4278	330.	28.088	32.759	30.7	
4279	330.01	28.088	32.759	30.7	
4280	330.02	28.088	32.759	30.7	
4281	330.05	28.088	32.759	30.7	
4282	330.14	28.088	32.759	30.7	
4283	330.24	28.088	32.759	30.7	
4284	330.34	28.088	32.759	30.7	
4285	330.44	28.088	32.759	30.701	
4286	330.54	28.088	32.759	30.701	
4287	330.64	28.088	32.76	30.701	
4288	330.74	28.088	32.76	30.701	
4289	330.84	28.088	32.76	30.701	
4290	330.94	28.089	32.76	30.701	
4291	331.	28.089	32.76	30.701	
4292	331.01	28.089	32.76	30.701	
4293	331.02	28.089	32.76	30.701	
4294	331.05	28.089	32.76	30.701	
4295	331.14	28.089	32.76	30.701	
4296	331.24	28.089	32.76	30.702	
4297	331.34	28.089	32.76	30.702	
4298	331.44	28.089	32.761	30.702	
4299	331.54	28.089	32.761	30.702	
4300	331.64	28.089	32.761	30.702	
4301	331.74	28.089	32.761	30.702	
4302	331.84	28.089	32.761	30.702	
4303	331.94	28.09	32.761	30.702	
4304	332.	28.09	32.761	30.702	
4305	332.01	28.09	32.761	30.702	
4306	332.02	28.09	32.761	30.702	
4307	332.05	28.09	32.761	30.703	
4308	332.14	28.09	32.762	30.703	
4309	332.24	28.09	32.762	30.703	
4310	332.34	28.09	32.762	30.703	
4311	332.44	28.09	32.762	30.703	
4312	332.54	28.09	32.762	30.703	
4313	332.64	28.09	32.762	30.703	
4314	332.74	28.09	32.762	30.703	
4315	332.84	28.09	32.763	30.703	
4316	332.94	28.091	32.763	30.704	
4317	333.	28.091	32.763	30.704	
4318	333.01	28.091	32.763	30.704	
4319	333.02	28.091	32.763	30.704	
4320	333.05	28.091	32.763	30.704	
4321	333.14	28.091	32.763	30.704	
4322	333.24	28.091	32.763	30.704	
4323	333.34	28.091	32.763	30.704	
4324	333.44	28.091	32.763	30.704	
4325	333.54	28.091	32.764	30.704	
4326	333.64	28.091	32.764	30.704	
4327	333.74	28.091	32.764	30.705	
4328	333.84	28.091	32.764	30.705	
4329	333.94	28.092	32.764	30.705	
4330	334.	28.092	32.764	30.705	
4331	334.01	28.092	32.764	30.705	
4332	334.02	28.092	32.764	30.705	
4333	334.05	28.092	32.764	30.705	
4334	334.14	28.092	32.764	30.705	
4335	334.24	28.092	32.765	30.705	
4336	334.34	28.092	32.765	30.705	
4337	334.44	28.092	32.765	30.705	
4338	334.54	28.092	32.765	30.706	
4339	334.64	28.092	32.765	30.706	
4340	334.74	28.092	32.765	30.706	
4341	334.84	28.092	32.765	30.706	
4342	334.94	28.093	32.766	30.706	
4343	335.	28.093	32.766	30.706	
4344	335.01	28.093	32.766	30.706	
4345	335.02	28.093	32.766	30.706	
4346	335.05	28.093	32.766	30.706	
4347	335.14	28.093	32.766	30.706	
4348	335.24	28.093	32.766	30.706	
4349	335.34	28.093	32.766	30.707	
4350	335.44	28.093	32.766	30.707	
4351	335.54	28.093	32.766	30.707	
4352	335.64	28.093	32.767	30.707	
4353	335.74	28.093	32.767	30.707	
4354	335.84	28.093	32.767	30.707	
4355	335.94	28.094	32.767	30.707	
4356	336.	28.094	32.767	30.707	
4357	336.01	28.094	32.767	30.707	
4358	336.02	28.094	32.767	30.707	
4359	336.05	28.094	32.767	30.707	
4360	336.14	28.094	32.767	30.707	
4361	336.24	28.094	32.767	30.708	
4362	336.34	28.094	32.768	30.708	
4363	336.44	28.094	32.768	30.708	
4364	336.54	28.094	32.768	30.708	
4365	336.64	28.094	32.768	30.708	
4366	336.74	28.094	32.768	30.708	
4367	336.84	28.094	32.768	30.708	
4368	336.94	28.095	32.768	30.708	
4369	337.	28.095	32.768	30.709	
4370	337.01	28.095	32.768	30.709	
4371	337.02	28.095	32.768	30.709	
4372	337.05	28.095	32.769	30.709	
4373	337.14	28.095	32.769	30.709	
4374	337.24	28.095	32.769	30.709	
4375	337.34	28.095	32.769	30.709	
4376	337.44	28.095	32.769	30.709	
4377	337.54	28.095	32.769	30.709	
4378	337.64	28.095	32.769	30.709	
4379	337.74	28.095	32.769	30.709	
4380	337.84	28.095	32.77	30.71	
4381	337.94	28.096	32.77	30.71	
4382	338.	28.096	32.77	30.71	
4383	338.01	28.096	32.77	30.71	
4384	338.02	28.096	32.77	30.71	
4385	338.05	28.096	32.77	30.71	
4386	338.14	28.096	32.77	30.71	
4387	338.24	28.096	32.77	30.71	
4388	338.34	28.096	32.77	30.71	
4389	338.44	28.096	32.77	30.71	
4390	338.54	28.096	32.771	30.71	
4391	338.64	28.096	32.771	30.711	
4392	338.74	28.096	32.771	30.711	
4393	338.84	28.096	32.771	30.711	
4394	338.94	28.096	32.771	30.711	
4395	339.	28.097	32.771	30.711	
4396	339.01	28.097	32.771	30.711	
4397	339.02	28.097	32.771	30.711	
4398	339.05	28.097	32.771	30.711	
4399	339.14	28.097	32.771	30.711	
4400	339.24	28.097	32.772	30.711	
4401	339.34	28.097	32.772	30.711	
4402	339.44	28.097	32.772	30.711	
4403	339.54	28.097	32.772	30.712	
4404	339.64	28.097	32.772	30.712	
4405	339.74	28.097	32.772	30.712	
4406	339.84	28.097	32.772	30.712	
4407	339.94	28.097	32.773	30.712	
4408	340.	28.098	32.773	30.712	
4409	340.01	28.098	32.773	30.712	
4410	340.02	28.098	32.773	30.712	
4411	340.05	28.098	32.773	30.712	
4412	340.14	28.098	32.773	30.712	
4413	340.24	28.098	32.773	30.712	
4414	340.34	28.098	32.773	30.713	
4415	340.44	28.098	32.773	30.713	
4416	340.54	28.098	32.773	30.713	
4417	340.64	28.098	32.774	30.713	
4418	340.74	28.098	32.774	30.713	
4419	340.84	28.098	32.774	30.713	
4420	340.94	28.098	32.774	30.713	
4421	341.	28.099	32.774	30.713	
4422	341.01	28.099	32.774	30.713	
4423	341.02	28.099	32.774	30.713	
4424	341.05	28.099	32.774	30.713	
4425	341.14	28.099	32.774	30.714	
4426	341.24	28.099	32.774	30.714	
4427	341.34	28.099	32.775	30.714	
4428	341.44	28.099	32.775	30.714	
4429	341.54	28.099	32.775	30.714	
4430	341.64	28.099	32.775	30.714	
4431	341.74	28.099	32.775	30.714	
4432	341.84	28.099	32.775	30.714	
4433	341.94	28.099	32.775	30.715	
4434	342.	28.1	32.776	30.715	
4435	342.01	28.1	32.776	30.715	
4436	342.02	28.1	32.776	30.715	
4437	342.05	28.1	32.776	30.715	
4438	342.14	28.1	32.776	30.715	
4439	342.24	28.1	32.776	30.715	
4440	342.34	28.1	32.776	30.715	
4441	342.44	28.1	32.776	30.715	
4442	342.54	28.1	32.776	30.715	
4443	342.64	28.1	32.776	30.715	
4444	342.74	28.1	32.777	30.715	
4445	342.84	28.1	32.777	30.716	
4446	342.94	28.1	32.777	30.716	
4447	343.	28.1	32.777	30.716	
4448	343.01	28.101	32.777	30.716	
4449	343.02	28.101	32.777	30.716	
4450	343.05	28.101	32.777	30.716	
4451	343.14	28.101	32.777	30.716	
4452	343.24	28.101	32.777	30.716	
4453	343.34	28.101	32.777	30.716	
4454	343.44	28.101	32.778	30.716	
4455	343.54	28.101	32.778	30.716	
4456	343.64	28.101	32.778	30.717	
4457	343.74	28.101	32.778	30.717	
4458	343.84	28.101	32.778	30.717	
4459	343.94	28.101	32.778	30.717	
4460	344.	28.101	32.778	30.717	
4461	344.01	28.101	32.778	30.717	
4462	344.02	28.101	32.778	30.717	
4463	344.05	28.102	32.778	30.717	
4464	344.14	28.102	32.779	30.717	
4465	344.24	28.102	32.779	30.717	
4466	344.34	28.102	32.779	30.717	
4467	344.44	28.102	32.779	30.718	
4468	344.54	28.102	32.779	30.718	
4469	344.64	28.102	32.779	30.718	
4470	344.74	28.102	32.779	30.718	
4471	344.84	28.102	32.78	30.718	
4472	344.94	28.102	32.78	30.718	
4473	345.	28.102	32.78	30.718	
4474	345.01	28.102	32.78	30.718	
4475	345.02	28.102	32.78	30.718	
4476	345.05	28.103	32.78	30.718	
4477	345.14	28.103	32.78	30.718	
4478	345.24	28.103	32.78	30.719	
4479	345.34	28.103	32.78	30.719	
4480	345.44	28.103	32.78	30.719	
4481	345.54	28.103	32.781	30.719	
4482	345.64	28.103	32.781	30.719	
4483	345.74	28.103	32.781	30.719	
4484	345.84	28.103	32.781	30.719	
4485	345.94	28.103	32.781	30.719	
4486	346.	28.103	32.781	30.719	
4487	346.01	28.103	32.781	30.719	
4488	346.02	28.103	32.781	30.719	
4489	346.05	28.104	32.781	30.72	
4490	346.14	28.104	32.781	30.72	
4491	346.24	28.104	32.782	30.72	
4492	346.34	28.104	32.782	30.72	
4493	346.44	28.104	32.782	30.72	
4494	346.54	28.104	32.782	30.72	
4495	346.64	28.104	32.782	30.72	
4496	346.74	28.104	32.782	30.72	
4497	346.84	28.104	32.782	30.72	
4498	346.94	28.104	32.783	30.721	
4499	347.	28.104	32.783	30.721	
4500	347.01	28.104	32.783	30.721	
4501	347.02	28.104	32.783	30.721	
4502	347.05	28.104	32.783	30.721	
4503	347.14	28.105	32.783	30.721	
4504	347.24	28.105	32.783	30.721	
4505	347.34	28.105	32.783	30.721	
4506	347.44	28.105	32.783	30.721	
4507	347.54	28.105	32.783	30.721	
4508	347.64	28.105	32.784	30.721	
4509	347.74	28.105	32.784	30.722	
4510	347.84	28.105	32.784	30.722	
4511	347.94	28.105	32.784	30.722	
4512	348.	28.105	32.784	30.722	
4513	348.01	28.105	32.784	30.722	
4514	348.02	28.105	32.784	30.722	
4515	348.05	28.105	32.784	30.722	
4516	348.14	28.106	32.784	30.722	
4517	348.24	28.106	32.784	30.722	
4518	348.34	28.106	32.785	30.722	
4519	348.44	28.106	32.785	30.722	
4520	348.54	28.106	32.785	30.723	
4521	348.64	28.106	32.785	30.723	
4522	348.74	28.106	32.785	30.723	
4523	348.84	28.106	32.785	30.723	
4524	348.94	28.106	32.785	30.723	
4525	349.	28.106	32.785	30.723	
4526	349.01	28.106	32.785	30.723	
4527	349.02	28.106	32.785	30.723	
4528	349.05	28.106	32.786	30.723	
4529	349.14	28.107	32.786	30.723	
4530	349.24	28.107	32.786	30.723	
4531	349.34	28.107	32.786	30.724	
4532	349.44	28.107	32.786	30.724	
4533	349.54	28.107	32.786	30.724	
4534	349.64	28.107	32.786	30.724	
4535	349.74	28.107	32.787	30.724	
4536	349.84	28.107	32.787	30.724	
4537	349.94	28.107	32.787	30.724	
4538	350.	28.107	32.787	30.724	
4539	350.01	28.107	32.787	30.724	
4540	350.02	28.107	32.787	30.724	
4541	350.05	28.107	32.787	30.724	
4542	350.14	28.108	32.787	30.725	
4543	350.24	28.108	32.787	30.725	
4544	350.34	28.108	32.787	30.725	
4545	350.44	28.108	32.788	30.725	
4546	350.54	28.108	32.788	30.725	
4547	350.64	28.108	32.788	30.725	
4548	350.74	28.108	32.788	30.725	
4549	350.84	28.108	32.788	30.725	
4550	350.94	28.108	32.788	30.725	
4551	351.	28.108	32.788	30.726	
4552	351.01	28.108	32.788	30.726	
4553	351.02	28.108	32.788	30.726	
4554	351.05	28.108	32.788	30.726	
4555	351.14	28.109	32.789	30.726	
4556	351.24	28.109	32.789	30.726	
4557	351.34	28.109	32.789	30.726	
4558	351.44	28.109	32.789	30.726	
4559	351.54	28.109	32.789	30.726	
4560	351.64	28.109	32.789	30.726	
4561	351.74	28.109	32.789	30.726	
4562	351.84	28.109	32.79	30.727	
4563	351.94	28.109	32.79	30.727	
4564	352.	28.109	32.79	30.727	
4565	352.01	28.109	32.79	30.727	
4566	352.02	28.109	32.79	30.727	
4567	352.05	28.109	32.79	30.727	
4568	352.14	28.11	32.79	30.727	
4569	352.24	28.11	32.79	30.727	
4570	352.34	28.11	32.79	30.727	
4571	352.44	28.11	32.79	30.727	
4572	352.54	28.11	32.791	30.727	
4573	352.64	28.11	32.791	30.728	
4574	352.74	28.11	32.791	30.728	
4575	352.84	28.11	32.791	30.728	
4576	352.94	28.11	32.791	30.728	
4577	353.	28.11	32.791	30.728	
4578	353.01	28.11	32.791	30.728	
4579	353.02	28.11	32.791	30.728	
4580	353.05	28.11	32.791	30.728	
4581	353.14	28.11	32.791	30.728	
4582	353.24	28.111	32.792	30.728	
4583	353.34	28.111	32.792	30.728	
4584	353.44	28.111	32.792	30.729	
4585	353.54	28.111	32.792	30.729	
4586	353.64	28.111	32.792	30.729	
4587	353.74	28.111	32.792	30.729	
4588	353.84	28.111	32.792	30.729	
4589	353.94	28.111	32.793	30.729	
4590	354.	28.111	32.793	30.729	
4591	354.01	28.111	32.793	30.729	
4592	354.02	28.111	32.793	30.729	
4593	354.05	28.111	32.793	30.729	
4594	354.14	28.111	32.793	30.729	
4595	354.24	28.112	32.793	30.73	
4596	354.34	28.112	32.793	30.73	
4597	354.44	28.112	32.793	30.73	
4598	354.54	28.112	32.793	30.73	
4599	354.64	28.112	32.794	30.73	
4600	354.74	28.112	32.794	30.73	
4601	354.84	28.112	32.794	30.73	
4602	354.94	28.112	32.794	30.73	
4603	355.	28.112	32.794	30.73	
4604	355.01	28.112	32.794	30.73	
4605	355.02	28.112	32.794	30.73	
4606	355.05	28.112	32.794	30.731	
4607	355.14	28.112	32.794	30.731	
4608	355.24	28.113	32.794	30.731	
4609	355.34	28.113	32.795	30.731	
4610	355.44	28.113	32.795	30.731	
4611	355.54	28.113	32.795	30.731	
4612	355.64	28.113	32.795	30.731	
4613	355.74	28.113	32.795	30.731	
4614	355.84	28.113	32.795	30.731	
4615	355.94	28.113	32.795	30.732	
4616	356.	28.113	32.795	30.732	
4617	356.01	28.113	32.795	30.732	
4618	356.02	28.113	32.795	30.732	
4619	356.05	28.113	32.796	30.732	
4620	356.14	28.113	32.796	30.732	
4621	356.24	28.114	32.796	30.732	
4622	356.34	28.114	32.796	30.732	
4623	356.44	28.114	32.796	30.732	
4624	356.54	28.114	32.796	30.732	
4625	356.64	28.114	32.796	30.732	
4626	356.74	28.114	32.797	30.733	
4627	356.84	28.114	32.797	30.733	
4628	356.94	28.114	32.797	30.733	
4629	357.	28.114	32.797	30.733	
4630	357.01	28.114	32.797	30.733	
4631	357.02	28.114	32.797	30.733	
4632	357.05	28.114	32.797	30.733	
4633	357.14	28.114	32.797	30.733	
4634	357.24	28.115	32.797	30.733	
4635	357.34	28.115	32.797	30.733	
4636	357.44	28.115	32.798	30.733	
4637	357.54	28.115	32.798	30.734	
4638	357.64	28.115	32.798	30.734	
4639	357.74	28.115	32.798	30.734	
4640	357.84	28.115	32.798	30.734	
4641	357.94	28.115	32.798	30.734	
4642	358.	28.115	32.798	30.734	
4643	358.01	28.115	32.798	30.734	
4644	358.02	28.115	32.798	30.734	
4645	358.05	28.115	32.798	30.734	
4646	358.14	28.115	32.799	30.734	
4647	358.24	28.116	32.799	30.734	
4648	358.34	28.116	32.799	30.735	
4649	358.44	28.116	32.799	30.735	
4650	358.54	28.116	32.799	30.735	
4651	358.64	28.116	32.799	30.735	
4652	358.74	28.116	32.799	30.735	
4653	358.84	28.116	32.8	30.735	
4654	358.94	28.116	32.8	30.735	
4655	359.	28.116	32.8	30.735	
4656	359.01	28.116	32.8	30.735	
4657	359.02	28.116	32.8	30.735	
4658	359.05	28.116	32.8	30.735	
4659	359.14	28.116	32.8	30.736	
4660	359.24	28.117	32.8	30.736	
4661	359.34	28.117	32.8	30.736	
4662	359.44	28.117	32.8	30.736	
4663	359.54	28.117	32.801	30.736	
4664	359.64	28.117	32.801	30.736	
4665	359.74	28.117	32.801	30.736	
4666	359.84	28.117	32.801	30.736	
4667	359.94	28.117	32.801	30.737	
4668	360.	28.117	32.801	30.737	
4669	360.01	28.117	32.801	30.737	
4670	360.02	28.117	32.801	30.737	
4671	360.05	28.117	32.801	30.737	
4672	360.14	28.117	32.801	30.737	
4673	360.24	28.117	32.802	30.737	
4674	360.34	28.118	32.802	30.737	
4675	360.44	28.118	32.802	30.737	
4676	360.54	28.118	32.802	30.737	
4677	360.64	28.118	32.802	30.737	
4678	360.74	28.118	32.802	30.738	
4679	360.84	28.118	32.802	30.738	
4680	360.94	28.118	32.803	30.738	
4681	361.	28.118	32.803	30.738	
4682	361.01	28.118	32.803	30.738	
4683	361.02	28.118	32.803	30.738	
4684	361.05	28.118	32.803	30.738	
4685	361.14	28.118	32.803	30.738	
4686	361.24	28.118	32.803	30.738	
4687	361.34	28.119	32.803	30.738	
4688	361.44	28.119	32.803	30.738	
4689	361.54	28.119	32.803	30.738	
4690	361.64	28.119	32.804	30.739	
4691	361.74	28.119	32.804	30.739	
4692	361.84	28.119	32.804	30.739	
4693	361.94	28.119	32.804	30.739	
4694	362.	28.119	32.804	30.739	
4695	362.01	28.119	32.804	30.739	
4696	362.02	28.119	32.804	30.739	
4697	362.05	28.119	32.804	30.739	
4698	362.14	28.119	32.804	30.739	
4699	362.24	28.119	32.804	30.739	
4700	362.34	28.12	32.805	30.739	
4701	362.44	28.12	32.805	30.74	
4702	362.54	28.12	32.805	30.74	
4703	362.64	28.12	32.805	30.74	
4704	362.74	28.12	32.805	30.74	
4705	362.84	28.12	32.805	30.74	
4706	362.94	28.12	32.805	30.74	
4707	363.	28.12	32.806	30.74	
4708	363.01	28.12	32.806	30.74	
4709	363.02	28.12	32.806	30.74	
4710	363.05	28.12	32.806	30.74	
4711	363.14	28.12	32.806	30.74	
4712	363.24	28.12	32.806	30.741	
4713	363.34	28.121	32.806	30.741	
4714	363.44	28.121	32.806	30.741	
4715	363.54	28.121	32.806	30.741	
4716	363.64	28.121	32.806	30.741	
4717	363.74	28.121	32.807	30.741	
4718	363.84	28.121	32.807	30.741	
4719	363.94	28.121	32.807	30.741	
4720	364.	28.121	32.807	30.742	
4721	364.01	28.121	32.807	30.742	
4722	364.02	28.121	32.807	30.742	
4723	364.05	28.121	32.807	30.742	
4724	364.14	28.121	32.807	30.742	
4725	364.24	28.121	32.807	30.742	
4726	364.34	28.122	32.807	30.742	
4727	364.44	28.122	32.808	30.742	
4728	364.54	28.122	32.808	30.742	
4729	364.64	28.122	32.808	30.742	
4730	364.74	28.122	32.808	30.742	
4731	364.84	28.122	32.808	30.743	
4732	364.94	28.122	32.808	30.743	
4733	365.	28.122	32.808	30.743	
4734	365.01	28.122	32.808	30.743	
4735	365.02	28.122	32.808	30.743	
4736	365.05	28.122	32.808	30.743	
4737	365.14	28.122	32.809	30.743	
4738	365.24	28.122	32.809	30.743	
4739	365.34	28.123	32.809	30.743	
4740	365.44	28.123	32.809	30.743	
4741	365.54	28.123	32.809	30.743	
4742	365.64	28.123	32.809	30.744	
4743	365.74	28.123	32.809	30.744	
4744	365.84	28.123	32.81	30.744	
4745	365.94	28.123	32.81	30.744	
4746	366.	28.123	32.81	30.744	
4747	366.01	28.123	32.81	30.744	
4748	366.02	28.123	32.81	30.744	
4749	366.05	28.123	32.81	30.744	
4750	366.14	28.123	32.81	30.744	
4751	366.24	28.123	32.81	30.744	
4752	366.34	28.123	32.81	30.744	
4753	366.44	28.124	32.81	30.745	
4754	366.54	28.124	32.811	30.745	
4755	366.64	28.124	32.811	30.745	
4756	366.74	28.124	32.811	30.745	
4757	366.84	28.124	32.811	30.745	
4758	366.94	28.124	32.811	30.745	
4759	367.	28.124	32.811	30.745	
4760	367.01	28.124	32.811	30.745	
4761	367.02	28.124	32.811	30.745	
4762	367.05	28.124	32.811	30.745	
4763	367.14	28.124	32.812	30.745	
4764	367.24	28.124	32.812	30.746	
4765	367.34	28.124	32.812	30.746	
4766	367.44	28.125	32.812	30.746	
4767	367.54	28.125	32.812	30.746	
4768	367.64	28.125	32.812	30.746	
4769	367.74	28.125	32.812	30.746	
4770	367.84	28.125	32.813	30.746	
4771	367.94	28.125	32.813	30.746	
4772	368.	28.125	32.813	30.746	
4773	368.01	28.125	32.813	30.746	
4774	368.02	28.125	32.813	30.746	
4775	368.05	28.125	32.813	30.747	
4776	368.14	28.125	32.813	30.747	
4777	368.24	28.125	32.813	30.747	
4778	368.34	28.125	32.813	30.747	
4779	368.44	28.126	32.813	30.747	
4780	368.54	28.126	32.814	30.747	
4781	368.64	28.126	32.814	30.747	
4782	368.74	28.126	32.814	30.747	
4783	368.84	28.126	32.814	30.747	
4784	368.94	28.126	32.814	30.748	
4785	369.	28.126	32.814	30.748	
4786	369.01	28.126	32.814	30.748	
4787	369.02	28.126	32.814	30.748	
4788	369.05	28.126	32.814	30.748	
4789	369.14	28.126	32.814	30.748	
4790	369.24	28.126	32.815	30.748	
4791	369.34	28.126	32.815	30.748	
4792	369.44	28.127	32.815	30.748	
4793	369.54	28.127	32.815	30.748	
4794	369.64	28.127	32.815	30.748	
4795	369.74	28.127	32.815	30.749	
4796	369.84	28.127	32.815	30.749	
4797	369.94	28.127	32.816	30.749	
4798	370.	28.127	32.816	30.749	
4799	370.01	28.127	32.816	30.749	
4800	370.02	28.127	32.816	30.749	
4801	370.05	28.127	32.816	30.749	
4802	370.14	28.127	32.816	30.749	
4803	370.24	28.127	32.816	30.749	
4804	370.34	28.127	32.816	30.749	
4805	370.44	28.128	32.816	30.749	
4806	370.54	28.128	32.816	30.75	
4807	370.64	28.128	32.817	30.75	
4808	370.74	28.128	32.817	30.75	
4809	370.84	28.128	32.817	30.75	
4810	370.94	28.128	32.817	30.75	
4811	371.	28.128	32.817	30.75	
4812	371.01	28.128	32.817	30.75	
4813	371.02	28.128	32.817	30.75	
4814	371.05	28.128	32.817	30.75	
4815	371.14	28.128	32.817	30.75	
4816	371.24	28.128	32.817	30.75	
4817	371.34	28.128	32.818	30.751	
4818	371.44	28.129	32.818	30.751	
4819	371.54	28.129	32.818	30.751	
4820	371.64	28.129	32.818	30.751	
4821	371.74	28.129	32.818	30.751	
4822	371.84	28.129	32.818	30.751	
4823	371.94	28.129	32.818	30.751	
4824	372.	28.129	32.819	30.751	
4825	372.01	28.129	32.819	30.751	
4826	372.02	28.129	32.819	30.751	
4827	372.05	28.129	32.819	30.751	
4828	372.14	28.129	32.819	30.752	
4829	372.24	28.129	32.819	30.752	
4830	372.34	28.129	32.819	30.752	
4831	372.44	28.129	32.819	30.752	
4832	372.54	28.13	32.819	30.752	
4833	372.64	28.13	32.819	30.752	
4834	372.74	28.13	32.82	30.752	
4835	372.84	28.13	32.82	30.752	
4836	372.94	28.13	32.82	30.753	
4837	373.	28.13	32.82	30.753	
4838	373.01	28.13	32.82	30.753	
4839	373.02	28.13	32.82	30.753	
4840	373.05	28.13	32.82	30.753	
4841	373.14	28.13	32.82	30.753	
4842	373.24	28.13	32.82	30.753	
4843	373.34	28.13	32.82	30.753	
4844	373.44	28.13	32.821	30.753	
4845	373.54	28.131	32.821	30.753	
4846	373.64	28.131	32.821	30.753	
4847	373.74	28.131	32.821	30.754	
4848	373.84	28.131	32.821	30.754	
4849	373.94	28.131	32.821	30.754	
4850	374.	28.131	32.821	30.754	
4851	374.01	28.131	32.821	30.754	
4852	374.02	28.131	32.821	30.754	
4853	374.05	28.131	32.822	30.754	
4854	374.14	28.131	32.822	30.754	
4855	374.24	28.131	32.822	30.754	
4856	374.34	28.131	32.822	30.754	
4857	374.44	28.131	32.822	30.754	
4858	374.54	28.132	32.822	30.755	
4859	374.64	28.132	32.822	30.755	
4860	374.74	28.132	32.823	30.755	
4861	374.84	28.132	32.823	30.755	
4862	374.94	28.132	32.823	30.755	
4863	375.	28.132	32.823	30.755	
4864	375.01	28.132	32.823	30.755	
4865	375.02	28.132	32.823	30.755	
4866	375.05	28.132	32.823	30.755	
4867	375.14	28.132	32.823	30.755	
4868	375.24	28.132	32.823	30.755	
4869	375.34	28.132	32.823	30.756	
4870	375.44	28.132	32.824	30.756	
4871	375.54	28.133	32.824	30.756	
4872	375.64	28.133	32.824	30.756	
4873	375.74	28.133	32.824	30.756	
4874	375.84	28.133	32.824	30.756	
4875	375.94	28.133	32.824	30.756	
4876	376.	28.133	32.824	30.756	
4877	376.01	28.133	32.824	30.756	
4878	376.02	28.133	32.824	30.756	
4879	376.05	28.133	32.824	30.756	
4880	376.14	28.133	32.825	30.757	
4881	376.24	28.133	32.825	30.757	
4882	376.34	28.133	32.825	30.757	
4883	376.44	28.133	32.825	30.757	
4884	376.54	28.134	32.825	30.757	
4885	376.64	28.134	32.825	30.757	
4886	376.74	28.134	32.825	30.757	
4887	376.84	28.134	32.826	30.757	
4888	376.94	28.134	32.826	30.758	
4889	377.	28.134	32.826	30.758	
4890	377.01	28.134	32.826	30.758	
4891	377.02	28.134	32.826	30.758	
4892	377.05	28.134	32.826	30.758	
4893	377.14	28.134	32.826	30.758	
4894	377.24	28.134	32.826	30.758	
4895	377.34	28.134	32.826	30.758	
4896	377.44	28.134	32.826	30.758	
4897	377.54	28.135	32.827	30.758	
4898	377.64	28.135	32.827	30.758	
4899	377.74	28.135	32.827	30.758	
4900	377.84	28.135	32.827	30.759	
4901	377.94	28.135	32.827	30.759	
4902	378.	28.135	32.827	30.759	
4903	378.01	28.135	32.827	30.759	
4904	378.02	28.135	32.827	30.759	
4905	378.05	28.135	32.827	30.759	
4906	378.14	28.135	32.827	30.759	
4907	378.24	28.135	32.828	30.759	
4908	378.34	28.135	32.828	30.759	
4909	378.44	28.135	32.828	30.759	
4910	378.54	28.136	32.828	30.759	
4911	378.64	28.136	32.828	30.76	
4912	378.74	28.136	32.828	30.76	
4913	378.84	28.136	32.828	30.76	
4914	378.94	28.136	32.829	30.76	
4915	379.	28.136	32.829	30.76	
4916	379.01	28.136	32.829	30.76	
4917	379.02	28.136	32.829	30.76	
4918	379.05	28.136	32.829	30.76	
4919	379.14	28.136	32.829	30.76	
4920	379.24	28.136	32.829	30.76	
4921	379.34	28.136	32.829	30.76	
4922	379.44	28.136	32.829	30.761	
4923	379.54	28.136	32.83	30.761	
4924	379.64	28.137	32.83	30.761	
4925	379.74	28.137	32.83	30.761	
4926	379.84	28.137	32.83	30.761	
4927	379.94	28.137	32.83	30.761	
4928	380.	28.137	32.83	30.761	
4929	380.01	28.137	32.83	30.761	
4930	380.02	28.137	32.83	30.761	
4931	380.05	28.137	32.83	30.761	
4932	380.14	28.137	32.83	30.761	
4933	380.24	28.137	32.831	30.762	
4934	380.34	28.137	32.831	30.762	
4935	380.44	28.137	32.831	30.762	
4936	380.54	28.137	32.831	30.762	
4937	380.64	28.138	32.831	30.762	
4938	380.74	28.138	32.831	30.762	
4939	380.84	28.138	32.831	30.762	
4940	380.94	28.138	32.832	30.762	
4941	381.	28.138	32.832	30.763	
4942	381.01	28.138	32.832	30.763	
4943	381.02	28.138	32.832	30.763	
4944	381.05	28.138	32.832	30.763	
4945	381.14	28.138	32.832	30.763	
4946	381.24	28.138	32.832	30.763	
4947	381.34	28.138	32.832	30.763	
4948	381.44	28.138	32.832	30.763	
4949	381.54	28.138	32.832	30.763	
4950	381.64	28.139	32.833	30.763	
4951	381.74	28.139	32.833	30.763	
4952	381.84	28.139	32.833	30.764	
4953	381.94	28.139	32.833	30.764	
4954	382.	28.139	32.833	30.764	
4955	382.01	28.139	32.833	30.764	
4956	382.02	28.139	32.833	30.764	
4957	382.05	28.139	32.833	30.764	
4958	382.14	28.139	32.833	30.764	
4959	382.24	28.139	32.833	30.764	
4960	382.34	28.139	32.834	30.764	
4961	382.44	28.139	32.834	30.764	
4962	382.54	28.139	32.834	30.764	
4963	382.64	28.14	32.834	30.765	
4964	382.74	28.14	32.834	30.765	
4965	382.84	28.14	32.834	30.765	
4966	382.94	28.14	32.834	30.765	
4967	383.	28.14	32.835	30.765	
4968	383.01	28.14	32.835	30.765	
4969	383.02	28.14	32.835	30.765	
4970	383.05	28.14	32.835	30.765	
4971	383.14	28.14	32.835	30.765	
4972	383.24	28.14	32.835	30.765	
4973	383.34	28.14	32.835	30.765	
4974	383.44	28.14	32.835	30.766	
4975	383.54	28.14	32.835	30.766	
4976	383.64	28.141	32.835	30.766	
4977	383.74	28.141	32.836	30.766	
4978	383.84	28.141	32.836	30.766	
4979	383.94	28.141	32.836	30.766	
4980	384.	28.141	32.836	30.766	
4981	384.01	28.141	32.836	30.766	
4982	384.02	28.141	32.836	30.766	
4983	384.05	28.141	32.836	30.766	
4984	384.14	28.141	32.836	30.766	
4985	384.24	28.141	32.836	30.767	
4986	384.34	28.141	32.837	30.767	
4987	384.44	28.141	32.837	30.767	
4988	384.54	28.141	32.837	30.767	
4989	384.64	28.142	32.837	30.767	
4990	384.74	28.142	32.837	30.767	
4991	384.84	28.142	32.837	30.767	
4992	384.94	28.142	32.837	30.767	
4993	385.	28.142	32.837	30.768	
4994	385.01	28.142	32.837	30.768	
4995	385.02	28.142	32.838	30.768	
4996	385.05	28.142	32.838	30.768	
4997	385.14	28.142	32.838	30.768	
4998	385.24	28.142	32.838	30.768	
4999	385.34	28.142	32.838	30.768	
5000	385.44	28.142	32.838	30.768	
5001	385.54	28.142	32.838	30.768	
5002	385.64	28.142	32.838	30.768	
5003	385.74	28.143	32.839	30.768	
5004	385.84	28.143	32.839	30.769	
5005	385.94	28.143	32.839	30.769	
5006	386.	28.143	32.839	30.769	
5007	386.01	28.143	32.839	30.769	
5008	386.02	28.143	32.839	30.769	
5009	386.05	28.143	32.839	30.769	
5010	386.14	28.143	32.839	30.769	
5011	386.24	28.143	32.839	30.769	
5012	386.34	28.143	32.839	30.769	
5013	386.44	28.143	32.84	30.769	
5014	386.54	28.143	32.84	30.769	
5015	386.64	28.143	32.84	30.77	
5016	386.74	28.144	32.84	30.77	
5017	386.84	28.144	32.84	30.77	
5018	386.94	28.144	32.84	30.77	
5019	387.	28.144	32.84	30.77	
5020	387.01	28.144	32.84	30.77	
5021	387.02	28.144	32.84	30.77	
5022	387.05	28.144	32.84	30.77	
5023	387.14	28.144	32.841	30.77	
5024	387.24	28.144	32.841	30.77	
5025	387.34	28.144	32.841	30.77	
5026	387.44	28.144	32.841	30.771	
5027	387.54	28.144	32.841	30.771	
5028	387.64	28.144	32.841	30.771	
5029	387.74	28.145	32.841	30.771	
5030	387.84	28.145	32.842	30.771	
5031	387.94	28.145	32.842	30.771	
5032	388.	28.145	32.842	30.771	
5033	388.01	28.145	32.842	30.771	
5034	388.02	28.145	32.842	30.771	
5035	388.05	28.145	32.842	30.771	
5036	388.14	28.145	32.842	30.771	
5037	388.24	28.145	32.842	30.772	
5038	388.34	28.145	32.842	30.772	
5039	388.44	28.145	32.843	30.772	
5040	388.54	28.145	32.843	30.772	
5041	388.64	28.145	32.843	30.772	
5042	388.74	28.146	32.843	30.772	
5043	388.84	28.146	32.843	30.772	
5044	388.94	28.146	32.843	30.772	
5045	389.	28.146	32.843	30.772	
5046	389.01	28.146	32.843	30.772	
5047	389.02	28.146	32.843	30.773	
5048	389.05	28.146	32.843	30.773	
5049	389.14	28.146	32.844	30.773	
5050	389.24	28.146	32.844	30.773	
5051	389.34	28.146	32.844	30.773	
5052	389.44	28.146	32.844	30.773	
5053	389.54	28.146	32.844	30.773	
5054	389.64	28.146	32.844	30.773	
5055	389.74	28.147	32.844	30.773	
5056	389.84	28.147	32.845	30.774	
5057	389.94	28.147	32.845	30.774	
5058	390.	28.147	32.845	30.774	
5059	390.01	28.147	32.845	30.774	
5060	390.02	28.147	32.845	30.774	
5061	390.05	28.147	32.845	30.774	
5062	390.14	28.147	32.845	30.774	
5063	390.24	28.147	32.845	30.774	
5064	390.34	28.147	32.845	30.774	
5065	390.44	28.147	32.845	30.774	
5066	390.54	28.147	32.846	30.774	
5067	390.64	28.147	32.846	30.775	
5068	390.74	28.147	32.846	30.775	
5069	390.84	28.148	32.846	30.775	
5070	390.94	28.148	32.846	30.775	
5071	391.	28.148	32.846	30.775	
5072	391.01	28.148	32.846	30.775	
5073	391.02	28.148	32.846	30.775	
5074	391.05	28.148	32.846	30.775	
5075	391.14	28.148	32.846	30.775	
5076	391.24	28.148	32.847	30.775	
5077	391.34	28.148	32.847	30.775	
5078	391.44	28.148	32.847	30.776	
5079	391.54	28.148	32.847	30.776	
5080	391.64	28.148	32.847	30.776	
5081	391.74	28.148	32.847	30.776	
5082	391.84	28.149	32.848	30.776	
5083	391.94	28.149	32.848	30.776	
5084	392.	28.149	32.848	30.776	
5085	392.01	28.149	32.848	30.776	
5086	392.02	28.149	32.848	30.776	
5087	392.05	28.149	32.848	30.776	
5088	392.14	28.149	32.848	30.776	
5089	392.24	28.149	32.848	30.777	
5090	392.34	28.149	32.848	30.777	
5091	392.44	28.149	32.848	30.777	
5092	392.54	28.149	32.849	30.777	
5093	392.64	28.149	32.849	30.777	
5094	392.74	28.149	32.849	30.777	
5095	392.84	28.15	32.849	30.777	
5096	392.94	28.15	32.849	30.777	
5097	393.	28.15	32.849	30.777	
5098	393.01	28.15	32.849	30.777	
5099	393.02	28.15	32.849	30.777	
5100	393.05	28.15	32.849	30.778	
5101	393.14	28.15	32.849	30.778	
5102	393.24	28.15	32.85	30.778	
5103	393.34	28.15	32.85	30.778	
5104	393.44	28.15	32.85	30.778	
5105	393.54	28.15	32.85	30.778	
5106	393.64	28.15	32.85	30.778	
5107	393.74	28.15	32.85	30.778	
5108	393.84	28.151	32.85	30.779	
5109	393.94	28.151	32.851	30.779	
5110	394.	28.151	32.851	30.779	
5111	394.01	28.151	32.851	30.779	
5112	394.02	28.151	32.851	30.779	
5113	394.05	28.151	32.851	30.779	
5114	394.14	28.151	32.851	30.779	
5115	394.24	28.151	32.851	30.779	
5116	394.34	28.151	32.851	30.779	
5117	394.44	28.151	32.851	30.779	
5118	394.54	28.151	32.851	30.779	
5119	394.64	28.151	32.852	30.779	
5120	394.74	28.151	32.852	30.78	
5121	394.84	28.152	32.852	30.78	
5122	394.94	28.152	32.852	30.78	
5123	395.	28.152	32.852	30.78	
5124	395.01	28.152	32.852	30.78	
5125	395.02	28.152	32.852	30.78	
5126	395.05	28.152	32.852	30.78	
5127	395.14	28.152	32.852	30.78	
5128	395.24	28.152	32.853	30.78	
5129	395.34	28.152	32.853	30.78	
5130	395.44	28.152	32.853	30.78	
5131	395.54	28.152	32.853	30.781	
5132	395.64	28.152	32.853	30.781	
5133	395.74	28.152	32.853	30.781	
5134	395.84	28.153	32.853	30.781	
5135	395.94	28.153	32.854	30.781	
5136	396.	28.153	32.854	30.781	
5137	396.01	28.153	32.854	30.781	
5138	396.02	28.153	32.854	30.781	
5139	396.05	28.153	32.854	30.781	
5140	396.14	28.153	32.854	30.781	
5141	396.24	28.153	32.854	30.781	
5142	396.34	28.153	32.854	30.782	
5143	396.44	28.153	32.854	30.782	
5144	396.54	28.153	32.854	30.782	
5145	396.64	28.153	32.855	30.782	
5146	396.74	28.153	32.855	30.782	
5147	396.84	28.153	32.855	30.782	
5148	396.94	28.154	32.855	30.782	
5149	397.	28.154	32.855	30.782	
5150	397.01	28.154	32.855	30.782	
5151	397.02	28.154	32.855	30.782	
5152	397.05	28.154	32.855	30.783	
5153	397.14	28.154	32.855	30.783	
5154	397.24	28.154	32.855	30.783	
5155	397.34	28.154	32.856	30.783	
5156	397.44	28.154	32.856	30.783	
5157	397.54	28.154	32.856	30.783	
5158	397.64	28.154	32.856	30.783	
5159	397.74	28.154	32.856	30.783	
5160	397.84	28.154	32.856	30.783	
5161	397.94	28.155	32.856	30.784	
5162	398.	28.155	32.857	30.784	
5163	398.01	28.155	32.857	30.784	
5164	398.02	28.155	32.857	30.784	
5165	398.05	28.155	32.857	30.784	
5166	398.14	28.155	32.857	30.784	
5167	398.24	28.155	32.857	30.784	
5168	398.34	28.155	32.857	30.784	
5169	398.44	28.155	32.857	30.784	
5170	398.54	28.155	32.857	30.784	
5171	398.64	28.155	32.858	30.784	
5172	398.74	28.155	32.858	30.785	
5173	398.84	28.155	32.858	30.785	
5174	398.94	28.156	32.858	30.785	
5175	399.	28.156	32.858	30.785	
5176	399.01	28.156	32.858	30.785	
5177	399.02	28.156	32.858	30.785	
5178	399.05	28.156	32.858	30.785	
5179	399.14	28.156	32.858	30.785	
5180	399.24	28.156	32.858	30.785	
5181	399.34	28.156	32.859	30.785	
5182	399.44	28.156	32.859	30.785	
5183	399.54	28.156	32.859	30.786	
5184	399.64	28.156	32.859	30.786	
5185	399.74	28.156	32.859	30.786	
5186	399.84	28.156	32.859	30.786	
5187	399.94	28.157	32.859	30.786	
5188	400.	28.157	32.86	30.786	
5189	400.01	28.157	32.86	30.786	
5190	400.02	28.157	32.86	30.786	
5191	400.05	28.157	32.86	30.786	
5192	400.14	28.157	32.86	30.786	
5193	400.24	28.157	32.86	30.786	
5194	400.34	28.157	32.86	30.787	
5195	400.44	28.157	32.86	30.787	
5196	400.54	28.157	32.86	30.787	
5197	400.64	28.157	32.86	30.787	
5198	400.74	28.157	32.861	30.787	
5199	400.84	28.157	32.861	30.787	
5200	400.94	28.158	32.861	30.787	
5201	401.	28.158	32.861	30.787	
5202	401.01	28.158	32.861	30.787	
5203	401.02	28.158	32.861	30.787	
5204	401.05	28.158	32.861	30.787	
5205	401.14	28.158	32.861	30.788	
5206	401.24	28.158	32.861	30.788	
5207	401.34	28.158	32.862	30.788	
5208	401.44	28.158	32.862	30.788	
5209	401.54	28.158	32.862	30.788	
5210	401.64	28.158	32.862	30.788	
5211	401.74	28.158	32.862	30.788	
5212	401.84	28.158	32.862	30.788	
5213	401.94	28.158	32.862	30.789	
5214	402.	28.159	32.862	30.789	
5215	402.01	28.159	32.862	30.789	
5216	402.02	28.159	32.863	30.789	
5217	402.05	28.159	32.863	30.789	
5218	402.14	28.159	32.863	30.789	
5219	402.24	28.159	32.863	30.789	
5220	402.34	28.159	32.863	30.789	
5221	402.44	28.159	32.863	30.789	
5222	402.54	28.159	32.863	30.789	
5223	402.64	28.159	32.863	30.789	
5224	402.74	28.159	32.864	30.79	
5225	402.84	28.159	32.864	30.79	
5226	402.94	28.159	32.864	30.79	
5227	403.	28.16	32.864	30.79	
5228	403.01	28.16	32.864	30.79	
5229	403.02	28.16	32.864	30.79	
5230	403.05	28.16	32.864	30.79	
5231	403.14	28.16	32.864	30.79	
5232	403.24	28.16	32.864	30.79	
5233	403.34	28.16	32.864	30.79	
5234	403.44	28.16	32.865	30.79	
5235	403.54	28.16	32.865	30.791	
5236	403.64	28.16	32.865	30.791	
5237	403.74	28.16	32.865	30.791	
5238	403.84	28.16	32.865	30.791	
5239	403.94	28.16	32.865	30.791	
5240	404.	28.161	32.865	30.791	
5241	404.01	28.161	32.865	30.791	
5242	404.02	28.161	32.865	30.791	
5243	404.05	28.161	32.866	30.791	
5244	404.14	28.161	32.866	30.791	
5245	404.24	28.161	32.866	30.791	
5246	404.34	28.161	32.866	30.792	
5247	404.44	28.161	32.866	30.792	
5248	404.54	28.161	32.866	30.792	
5249	404.64	28.161	32.866	30.792	
5250	404.74	28.161	32.867	30.792	
5251	404.84	28.161	32.867	30.792	
5252	404.94	28.161	32.867	30.792	
5253	405.	28.161	32.867	30.792	
5254	405.01	28.162	32.867	30.792	
5255	405.02	28.162	32.867	30.792	
5256	405.05	28.162	32.867	30.793	
5257	405.14	28.162	32.867	30.793	
5258	405.24	28.162	32.867	30.793	
5259	405.34	28.162	32.867	30.793	
5260	405.44	28.162	32.868	30.793	
5261	405.54	28.162	32.868	30.793	
5262	405.64	28.162	32.868	30.793	
5263	405.74	28.162	32.868	30.793	
5264	405.84	28.162	32.868	30.793	
5265	405.94	28.162	32.868	30.794	
5266	406.	28.162	32.868	30.794	
5267	406.01	28.162	32.868	30.794	
5268	406.02	28.163	32.868	30.794	
5269	406.05	28.163	32.868	30.794	
5270	406.14	28.163	32.869	30.794	
5271	406.24	28.163	32.869	30.794	
5272	406.34	28.163	32.869	30.794	
5273	406.44	28.163	32.869	30.794	
5274	406.54	28.163	32.869	30.794	
5275	406.64	28.163	32.869	30.794	
5276	406.74	28.163	32.869	30.795	
5277	406.84	28.163	32.87	30.795	
5278	406.94	28.163	32.87	30.795	
5279	407.	28.163	32.87	30.795	
5280	407.01	28.163	32.87	30.795	
5281	407.02	28.163	32.87	30.795	
5282	407.05	28.164	32.87	30.795	
5283	407.14	28.164	32.87	30.795	
5284	407.24	28.164	32.87	30.795	
5285	407.34	28.164	32.87	30.795	
5286	407.44	28.164	32.871	30.795	
5287	407.54	28.164	32.871	30.796	
5288	407.64	28.164	32.871	30.796	
5289	407.74	28.164	32.871	30.796	
5290	407.84	28.164	32.871	30.796	
5291	407.94	28.164	32.871	30.796	
5292	408.	28.164	32.871	30.796	
5293	408.01	28.164	32.871	30.796	
5294	408.02	28.164	32.871	30.796	
5295	408.05	28.164	32.871	30.796	
5296	408.14	28.165	32.872	30.796	
5297	408.24	28.165	32.872	30.796	
5298	408.34	28.165	32.872	30.797	
5299	408.44	28.165	32.872	30.797	
5300	408.54	28.165	32.872	30.797	
5301	408.64	28.165	32.872	30.797	
5302	408.74	28.165	32.872	30.797	
5303	408.84	28.165	32.873	30.797	
5304	408.94	28.165	32.873	30.797	
5305	409.	28.165	32.873	30.797	
5306	409.01	28.165	32.873	30.797	
5307	409.02	28.165	32.873	30.797	
5308	409.05	28.165	32.873	30.798	
5309	409.14	28.166	32.873	30.798	
5310	409.24	28.166	32.873	30.798	
5311	409.34	28.166	32.873	30.798	
5312	409.44	28.166	32.873	30.798	
5313	409.54	28.166	32.874	30.798	
5314	409.64	28.166	32.874	30.798	
5315	409.74	28.166	32.874	30.798	
5316	409.84	28.166	32.874	30.798	
5317	409.94	28.166	32.874	30.799	
5318	410.	28.166	32.874	30.799	
5319	410.01	28.166	32.874	30.799	
5320	410.02	28.166	32.874	30.799	
5321	410.05	28.166	32.874	30.799	
5322	410.14	28.167	32.875	30.799	
5323	410.24	28.167	32.875	30.799	
5324	410.34	28.167	32.875	30.799	
5325	410.44	28.167	32.875	30.799	
5326	410.54	28.167	32.875	30.799	
5327	410.64	28.167	32.875	30.799	
5328	410.74	28.167	32.875	30.8	
5329	410.84	28.167	32.876	30.8	
5330	410.94	28.167	32.876	30.8	
5331	411.	28.167	32.876	30.8	
5332	411.01	28.167	32.876	30.8	
5333	411.02	28.167	32.876	30.8	
5334	411.05	28.167	32.876	30.8	
5335	411.14	28.168	32.876	30.8	
5336	411.24	28.168	32.876	30.8	
5337	411.34	28.168	32.876	30.8	
5338	411.44	28.168	32.876	30.801	
5339	411.54	28.168	32.877	30.801	
5340	411.64	28.168	32.877	30.801	
5341	411.74	28.168	32.877	30.801	
5342	411.84	28.168	32.877	30.801	
5343	411.94	28.168	32.877	30.801	
5344	412.	28.168	32.877	30.801	
5345	412.01	28.168	32.877	30.801	
5346	412.02	28.168	32.877	30.801	
5347	412.05	28.168	32.877	30.801	
5348	412.14	28.169	32.877	30.801	
5349	412.24	28.169	32.878	30.802	
5350	412.34	28.169	32.878	30.802	
5351	412.44	28.169	32.878	30.802	
5352	412.54	28.169	32.878	30.802	
5353	412.64	28.169	32.878	30.802	
5354	412.74	28.169	32.878	30.802	
5355	412.84	28.169	32.879	30.802	
5356	412.94	28.169	32.879	30.802	
5357	413.	28.169	32.879	30.802	
5358	413.01	28.169	32.879	30.802	
5359	413.02	28.169	32.879	30.802	
5360	413.05	28.169	32.879	30.803	
5361	413.14	28.169	32.879	30.803	
5362	413.24	28.17	32.879	30.803	
5363	413.34	28.17	32.879	30.803	
5364	413.44	28.17	32.879	30.803	
5365	413.54	28.17	32.88	30.803	
5366	413.64	28.17	32.88	30.803	
5367	413.74	28.17	32.88	30.803	
5368	413.84	28.17	32.88	30.804	
5369	413.94	28.17	32.88	30.804	
5370	414.	28.17	32.88	30.804	
5371	414.01	28.17	32.88	30.804	
5372	414.02	28.17	32.88	30.804	
5373	414.05	28.17	32.88	30.804	
5374	414.14	28.17	32.88	30.804	
5375	414.24	28.171	32.881	30.804	
5376	414.34	28.171	32.881	30.804	
5377	414.44	28.171	32.881	30.804	
5378	414.54	28.171	32.881	30.804	
5379	414.64	28.171	32.881	30.805	
5380	414.74	28.171	32.881	30.805	
5381	414.84	28.171	32.882	30.805	
5382	414.94	28.171	32.882	30.805	
5383	415.	28.171	32.882	30.805	
5384	415.01	28.171	32.882	30.805	
5385	415.02	28.171	32.882	30.805	
5386	415.05	28.171	32.882	30.805	
5387	415.14	28.171	32.882	30.805	
5388	415.24	28.172	32.882	30.805	
5389	415.34	28.172	32.882	30.805	
5390	415.44	28.172	32.882	30.806	
5391	415.54	28.172	32.883	30.806	
5392	415.64	28.172	32.883	30.806	
5393	415.74	28.172	32.883	30.806	
5394	415.84	28.172	32.883	30.806	
5395	415.94	28.172	32.883	30.806	
5396	416.	28.172	32.883	30.806	
5397	416.01	28.172	32.883	30.806	
5398	416.02	28.172	32.883	30.806	
5399	416.05	28.172	32.883	30.806	
5400	416.14	28.172	32.883	30.806	
5401	416.24	28.173	32.884	30.807	
5402	416.34	28.173	32.884	30.807	
5403	416.44	28.173	32.884	30.807	
5404	416.54	28.173	32.884	30.807	
5405	416.64	28.173	32.884	30.807	
5406	416.74	28.173	32.884	30.807	
5407	416.84	28.173	32.884	30.807	
5408	416.94	28.173	32.885	30.807	
5409	417.	28.173	32.885	30.807	
5410	417.01	28.173	32.885	30.807	
5411	417.02	28.173	32.885	30.808	
5412	417.05	28.173	32.885	30.808	
5413	417.14	28.173	32.885	30.808	
5414	417.24	28.174	32.885	30.808	
5415	417.34	28.174	32.885	30.808	
5416	417.44	28.174	32.885	30.808	
5417	417.54	28.174	32.886	30.808	
5418	417.64	28.174	32.886	30.808	
5419	417.74	28.174	32.886	30.808	
5420	417.84	28.174	32.886	30.809	
5421	417.94	28.174	32.886	30.809	
5422	418.	28.174	32.886	30.809	
5423	418.01	28.174	32.886	30.809	
5424	418.02	28.174	32.886	30.809	
5425	418.05	28.174	32.886	30.809	
5426	418.14	28.174	32.886	30.809	
5427	418.24	28.174	32.887	30.809	
5428	418.34	28.175	32.887	30.809	
5429	418.44	28.175	32.887	30.809	
5430	418.54	28.175	32.887	30.809	
5431	418.64	28.175	32.887	30.81	
5432	418.74	28.175	32.887	30.81	
5433	418.84	28.175	32.887	30.81	
5434	418.94	28.175	32.888	30.81	
5435	419.	28.175	32.888	30.81	
5436	419.01	28.175	32.888	30.81	
5437	419.02	28.175	32.888	30.81	
5438	419.05	28.175	32.888	30.81	
5439	419.14	28.175	32.888	30.81	
5440	419.24	28.175	32.888	30.81	
5441	419.34	28.176	32.888	30.81	
5442	419.44	28.176	32.888	30.811	
5443	419.54	28.176	32.889	30.811	
5444	419.64	28.176	32.889	30.811	
5445	419.74	28.176	32.889	30.811	
5446	419.84	28.176	32.889	30.811	
5447	419.94	28.176	32.889	30.811	
5448	420.	28.176	32.889	30.811	
5449	420.01	28.176	32.889	30.811	
5450	420.02	28.176	32.889	30.811	
5451	420.05	28.176	32.889	30.811	
5452	420.14	28.176	32.889	30.811	
5453	420.24	28.176	32.89	30.812	
5454	420.34	28.177	32.89	30.812	
5455	420.44	28.177	32.89	30.812	
5456	420.54	28.177	32.89	30.812	
5457	420.64	28.177	32.89	30.812	
5458	420.74	28.177	32.89	30.812	
5459	420.84	28.177	32.89	30.812	
5460	420.94	28.177	32.891	30.812	
5461	421.	28.177	32.891	30.813	
5462	421.01	28.177	32.891	30.813	
5463	421.02	28.177	32.891	30.813	
5464	421.05	28.177	32.891	30.813	
5465	421.14	28.177	32.891	30.813	
5466	421.24	28.177	32.891	30.813	
5467	421.34	28.178	32.891	30.813	
5468	421.44	28.178	32.891	30.813	
5469	421.54	28.178	32.891	30.813	
5470	421.64	28.178	32.892	30.813	
5471	421.74	28.178	32.892	30.813	
5472	421.84	28.178	32.892	30.814	
5473	421.94	28.178	32.892	30.814	
5474	422.	28.178	32.892	30.814	
5475	422.01	28.178	32.892	30.814	
5476	422.02	28.178	32.892	30.814	
5477	422.05	28.178	32.892	30.814	
5478	422.14	28.178	32.892	30.814	
5479	422.24	28.178	32.893	30.814	
5480	422.34	28.178	32.893	30.814	
5481	422.44	28.179	32.893	30.814	
5482	422.54	28.179	32.893	30.814	
5483	422.64	28.179	32.893	30.815	
5484	422.74	28.179	32.893	30.815	
5485	422.84	28.179	32.893	30.815	
5486	422.94	28.179	32.894	30.815	
5487	423.	28.179	32.894	30.815	
5488	423.01	28.179	32.894	30.815	
5489	423.02	28.179	32.894	30.815	
5490	423.05	28.179	32.894	30.815	
5491	423.14	28.179	32.894	30.815	
5492	423.24	28.179	32.894	30.815	
5493	423.34	28.179	32.894	30.815	
5494	423.44	28.18	32.894	30.816	
5495	423.54	28.18	32.894	30.816	
5496	423.64	28.18	32.895	30.816	
5497	423.74	28.18	32.895	30.816	
5498	423.84	28.18	32.895	30.816	
5499	423.94	28.18	32.895	30.816	
5500	424.	28.18	32.895	30.816	
5501	424.01	28.18	32.895	30.816	
5502	424.02	28.18	32.895	30.816	
5503	424.05	28.18	32.895	30.816	
5504	424.14	28.18	32.895	30.816	
5505	424.24	28.18	32.896	30.817	
5506	424.34	28.18	32.896	30.817	
5507	424.44	28.181	32.896	30.817	
5508	424.54	28.181	32.896	30.817	
5509	424.64	28.181	32.896	30.817	
5510	424.74	28.181	32.896	30.817	
5511	424.84	28.181	32.896	30.817	
5512	424.94	28.181	32.897	30.817	
5513	425.	28.181	32.897	30.818	
5514	425.01	28.181	32.897	30.818	
5515	425.02	28.181	32.897	30.818	
5516	425.05	28.181	32.897	30.818	
5517	425.14	28.181	32.897	30.818	
5518	425.24	28.181	32.897	30.818	
5519	425.34	28.181	32.897	30.818	
5520	425.44	28.182	32.897	30.818	
5521	425.54	28.182	32.897	30.818	
5522	425.64	28.182	32.898	30.818	
5523	425.74	28.182	32.898	30.818	
5524	425.84	28.182	32.898	30.819	
5525	425.94	28.182	32.898	30.819	
5526	426.	28.182	32.898	30.819	
5527	426.01	28.182	32.898	30.819	
5528	426.02	28.182	32.898	30.819	
5529	426.05	28.182	32.898	30.819	
5530	426.14	28.182	32.898	30.819	
5531	426.24	28.182	32.899	30.819	
5532	426.34	28.182	32.899	30.819	
5533	426.44	28.183	32.899	30.819	
5534	426.54	28.183	32.899	30.819	
5535	426.64	28.183	32.899	30.82	
5536	426.74	28.183	32.899	30.82	
5537	426.84	28.183	32.899	30.82	
5538	426.94	28.183	32.9	30.82	
5539	427.	28.183	32.9	30.82	
5540	427.01	28.183	32.9	30.82	
5541	427.02	28.183	32.9	30.82	
5542	427.05	28.183	32.9	30.82	
5543	427.14	28.183	32.9	30.82	
5544	427.24	28.183	32.9	30.82	
5545	427.34	28.183	32.9	30.82	
5546	427.44	28.183	32.9	30.821	
5547	427.54	28.184	32.9	30.821	
5548	427.64	28.184	32.901	30.821	
5549	427.74	28.184	32.901	30.821	
5550	427.84	28.184	32.901	30.821	
5551	427.94	28.184	32.901	30.821	
5552	428.	28.184	32.901	30.821	
5553	428.01	28.184	32.901	30.821	
5554	428.02	28.184	32.901	30.821	
5555	428.05	28.184	32.901	30.821	
5556	428.14	28.184	32.901	30.821	
5557	428.24	28.184	32.901	30.822	
5558	428.34	28.184	32.902	30.822	
5559	428.44	28.184	32.902	30.822	
5560	428.54	28.185	32.902	30.822	
5561	428.64	28.185	32.902	30.822	
5562	428.74	28.185	32.902	30.822	
5563	428.84	28.185	32.902	30.822	
5564	428.94	28.185	32.903	30.822	
5565	429.	28.185	32.903	30.823	
5566	429.01	28.185	32.903	30.823	
5567	429.02	28.185	32.903	30.823	
5568	429.05	28.185	32.903	30.823	
5569	429.14	28.185	32.903	30.823	
5570	429.24	28.185	32.903	30.823	
5571	429.34	28.185	32.903	30.823	
5572	429.44	28.185	32.903	30.823	
5573	429.54	28.186	32.903	30.823	
5574	429.64	28.186	32.904	30.823	
5575	429.74	28.186	32.904	30.823	
5576	429.84	28.186	32.904	30.824	
5577	429.94	28.186	32.904	30.824	
5578	430.	28.186	32.904	30.824	
5579	430.01	28.186	32.904	30.824	
5580	430.02	28.186	32.904	30.824	
5581	430.05	28.186	32.904	30.824	
5582	430.14	28.186	32.904	30.824	
5583	430.24	28.186	32.904	30.824	
5584	430.34	28.186	32.905	30.824	
5585	430.44	28.186	32.905	30.824	
5586	430.54	28.187	32.905	30.825	
5587	430.64	28.187	32.905	30.825	
5588	430.74	28.187	32.905	30.825	
5589	430.84	28.187	32.905	30.825	
5590	430.94	28.187	32.906	30.825	
5591	431.	28.187	32.906	30.825	
5592	431.01	28.187	32.906	30.825	
5593	431.02	28.187	32.906	30.825	
5594	431.05	28.187	32.906	30.825	
5595	431.14	28.187	32.906	30.825	
5596	431.24	28.187	32.906	30.825	
5597	431.34	28.187	32.906	30.826	
5598	431.44	28.187	32.906	30.826	
5599	431.54	28.187	32.906	30.826	
5600	431.64	28.188	32.907	30.826	
5601	431.74	28.188	32.907	30.826	
5602	431.84	28.188	32.907	30.826	
5603	431.94	28.188	32.907	30.826	
5604	432.	28.188	32.907	30.826	
5605	432.01	28.188	32.907	30.826	
5606	432.02	28.188	32.907	30.826	
5607	432.05	28.188	32.907	30.826	
5608	432.14	28.188	32.907	30.827	
5609	432.24	28.188	32.907	30.827	
5610	432.34	28.188	32.908	30.827	
5611	432.44	28.188	32.908	30.827	
5612	432.54	28.188	32.908	30.827	
5613	432.64	28.189	32.908	30.827	
5614	432.74	28.189	32.908	30.827	
5615	432.84	28.189	32.908	30.827	
5616	432.94	28.189	32.909	30.828	
5617	433.	28.189	32.909	30.828	
5618	433.01	28.189	32.909	30.828	
5619	433.02	28.189	32.909	30.828	
5620	433.05	28.189	32.909	30.828	
5621	433.14	28.189	32.909	30.828	
5622	433.24	28.189	32.909	30.828	
5623	433.34	28.189	32.909	30.828	
5624	433.44	28.189	32.909	30.828	
5625	433.54	28.189	32.909	30.828	
5626	433.64	28.19	32.91	30.828	
5627	433.74	28.19	32.91	30.829	
5628	433.84	28.19	32.91	30.829	
5629	433.94	28.19	32.91	30.829	
5630	434.	28.19	32.91	30.829	
5631	434.01	28.19	32.91	30.829	
5632	434.02	28.19	32.91	30.829	
5633	434.05	28.19	32.91	30.829	
5634	434.14	28.19	32.91	30.829	
5635	434.24	28.19	32.91	30.829	
5636	434.34	28.19	32.911	30.829	
5637	434.44	28.19	32.911	30.829	
5638	434.54	28.19	32.911	30.83	
5639	434.64	28.191	32.911	30.83	
5640	434.74	28.191	32.911	30.83	
5641	434.84	28.191	32.911	30.83	
5642	434.94	28.191	32.912	30.83	
5643	435.	28.191	32.912	30.83	
5644	435.01	28.191	32.912	30.83	
5645	435.02	28.191	32.912	30.83	
5646	435.05	28.191	32.912	30.83	
5647	435.14	28.191	32.912	30.83	
5648	435.24	28.191	32.912	30.83	
5649	435.34	28.191	32.912	30.831	
5650	435.44	28.191	32.912	30.831	
5651	435.54	28.191	32.912	30.831	
5652	435.64	28.192	32.913	30.831	
5653	435.74	28.192	32.913	30.831	
5654	435.84	28.192	32.913	30.831	
5655	435.94	28.192	32.913	30.831	
5656	436.	28.192	32.913	30.831	
5657	436.01	28.192	32.913	30.831	
5658	436.02	28.192	32.913	30.831	
5659	436.05	28.192	32.913	30.831	
5660	436.14	28.192	32.913	30.832	
5661	436.24	28.192	32.913	30.832	
5662	436.34	28.192	32.914	30.832	
5663	436.44	28.192	32.914	30.832	
5664	436.54	28.192	32.914	30.832	
5665	436.64	28.192	32.914	30.832	
5666	436.74	28.193	32.914	30.832	
5667	436.84	28.193	32.914	30.832	
5668	436.94	28.193	32.915	30.833	
5669	437.	28.193	32.915	30.833	
5670	437.01	28.193	32.915	30.833	
5671	437.02	28.193	32.915	30.833	
5672	437.05	28.193	32.915	30.833	
5673	437.14	28.193	32.915	30.833	
5674	437.24	28.193	32.915	30.833	
5675	437.34	28.193	32.915	30.833	
5676	437.44	28.193	32.915	30.833	
5677	437.54	28.193	32.915	30.833	
5678	437.64	28.193	32.916	30.833	
5679	437.74	28.194	32.916	30.834	
5680	437.84	28.194	32.916	30.834	
5681	437.94	28.194	32.916	30.834	
5682	438.	28.194	32.916	30.834	
5683	438.01	28.194	32.916	30.834	
5684	438.02	28.194	32.916	30.834	
5685	438.05	28.194	32.916	30.834	
5686	438.14	28.194	32.916	30.834	
5687	438.24	28.194	32.916	30.834	
5688	438.34	28.194	32.917	30.834	
5689	438.44	28.194	32.917	30.834	
5690	438.54	28.194	32.917	30.835	
5691	438.64	28.194	32.917	30.835	
5692	438.74	28.195	32.917	30.835	
5693	438.84	28.195	32.917	30.835	
5694	438.94	28.195	32.918	30.835	
5695	439.	28.195	32.918	30.835	
5696	439.01	28.195	32.918	30.835	
5697	439.02	28.195	32.918	30.835	
5698	439.05	28.195	32.918	30.835	
5699	439.14	28.195	32.918	30.835	
5700	439.24	28.195	32.918	30.835	
5701	439.34	28.195	32.918	30.836	
5702	439.44	28.195	32.918	30.836	
5703	439.54	28.195	32.918	30.836	
5704	439.64	28.195	32.919	30.836	
5705	439.74	28.196	32.919	30.836	
5706	439.84	28.196	32.919	30.836	
5707	439.94	28.196	32.919	30.836	
5708	440.	28.196	32.919	30.836	
5709	440.01	28.196	32.919	30.836	
5710	440.02	28.196	32.919	30.836	
5711	440.05	28.196	32.919	30.836	
5712	440.14	28.196	32.919	30.837	
5713	440.24	28.196	32.919	30.837	
5714	440.34	28.196	32.92	30.837	
5715	440.44	28.196	32.92	30.837	
5716	440.54	28.196	32.92	30.837	
5717	440.64	28.196	32.92	30.837	
5718	440.74	28.196	32.92	30.837	
5719	440.84	28.197	32.92	30.837	
5720	440.94	28.197	32.921	30.838	
5721	441.	28.197	32.921	30.838	
5722	441.01	28.197	32.921	30.838	
5723	441.02	28.197	32.921	30.838	
5724	441.05	28.197	32.921	30.838	
5725	441.14	28.197	32.921	30.838	
5726	441.24	28.197	32.921	30.838	
5727	441.34	28.197	32.921	30.838	
5728	441.44	28.197	32.921	30.838	
5729	441.54	28.197	32.921	30.838	
5730	441.64	28.197	32.922	30.839	
5731	441.74	28.197	32.922	30.839	
5732	441.84	28.198	32.922	30.839	
5733	441.94	28.198	32.922	30.839	
5734	442.	28.198	32.922	30.839	
5735	442.01	28.198	32.922	30.839	
5736	442.02	28.198	32.922	30.839	
5737	442.05	28.198	32.922	30.839	
5738	442.14	28.198	32.922	30.839	
5739	442.24	28.198	32.922	30.839	
5740	442.34	28.198	32.923	30.839	
5741	442.44	28.198	32.923	30.84	
5742	442.54	28.198	32.923	30.84	
5743	442.64	28.198	32.923	30.84	
5744	442.74	28.198	32.923	30.84	
5745	442.84	28.199	32.923	30.84	
5746	442.94	28.199	32.924	30.84	
5747	443.	28.199	32.924	30.84	
5748	443.01	28.199	32.924	30.84	
5749	443.02	28.199	32.924	30.84	
5750	443.05	28.199	32.924	30.84	
5751	443.14	28.199	32.924	30.84	
5752	443.24	28.199	32.924	30.841	
5753	443.34	28.199	32.924	30.841	
5754	443.44	28.199	32.924	30.841	
5755	443.54	28.199	32.924	30.841	
5756	443.64	28.199	32.925	30.841	
5757	443.74	28.199	32.925	30.841	
5758	443.84	28.2	32.925	30.841	
5759	443.94	28.2	32.925	30.841	
5760	444.	28.2	32.925	30.841	
5761	444.01	28.2	32.925	30.841	
5762	444.02	28.2	32.925	30.842	
5763	444.05	28.2	32.925	30.842	
5764	444.14	28.2	32.925	30.842	
5765	444.24	28.2	32.926	30.842	
5766	444.34	28.2	32.926	30.842	
5767	444.44	28.2	32.926	30.842	
5768	444.54	28.2	32.926	30.842	
5769	444.64	28.2	32.926	30.842	
5770	444.74	28.2	32.926	30.842	
5771	444.84	28.2	32.926	30.843	
5772	444.94	28.201	32.927	30.843	
5773	445.	28.201	32.927	30.843	
5774	445.01	28.201	32.927	30.843	
5775	445.02	28.201	32.927	30.843	
5776	445.05	28.201	32.927	30.843	
5777	445.14	28.201	32.927	30.843	
5778	445.24	28.201	32.927	30.843	
5779	445.34	28.201	32.927	30.843	
5780	445.44	28.201	32.927	30.843	
5781	445.54	28.201	32.927	30.843	
5782	445.64	28.201	32.928	30.844	
5783	445.74	28.201	32.928	30.844	
5784	445.84	28.201	32.928	30.844	
5785	445.94	28.202	32.928	30.844	
5786	446.	28.202	32.928	30.844	
5787	446.01	28.202	32.928	30.844	
5788	446.02	28.202	32.928	30.844	
5789	446.05	28.202	32.928	30.844	
5790	446.14	28.202	32.928	30.844	
5791	446.24	28.202	32.929	30.844	
5792	446.34	28.202	32.929	30.844	
5793	446.44	28.202	32.929	30.845	
5794	446.54	28.202	32.929	30.845	
5795	446.64	28.202	32.929	30.845	
5796	446.74	28.202	32.929	30.845	
5797	446.84	28.202	32.929	30.845	
5798	446.94	28.203	32.93	30.845	
5799	447.	28.203	32.93	30.845	
5800	447.01	28.203	32.93	30.845	
5801	447.02	28.203	32.93	30.845	
5802	447.05	28.203	32.93	30.845	
5803	447.14	28.203	32.93	30.845	
5804	447.24	28.203	32.93	30.846	
5805	447.34	28.203	32.93	30.846	
5806	447.44	28.203	32.93	30.846	
5807	447.54	28.203	32.93	30.846	
5808	447.64	28.203	32.931	30.846	
5809	447.74	28.203	32.931	30.846	
5810	447.84	28.203	32.931	30.846	
5811	447.94	28.204	32.931	30.846	
5812	448.	28.204	32.931	30.847	
5813	448.01	28.204	32.931	30.847	
5814	448.02	28.204	32.931	30.847	
5815	448.05	28.204	32.931	30.847	
5816	448.14	28.204	32.931	30.847	
5817	448.24	28.204	32.932	30.847	
5818	448.34	28.204	32.932	30.847	
5819	448.44	28.204	32.932	30.847	
5820	448.54	28.204	32.932	30.847	
5821	448.64	28.204	32.932	30.847	
5822	448.74	28.204	32.932	30.847	
5823	448.84	28.204	32.932	30.848	
5824	448.94	28.204	32.933	30.848	
5825	449.	28.205	32.933	30.848	
5826	449.01	28.205	32.933	30.848	
5827	449.02	28.205	32.933	30.848	
5828	449.05	28.205	32.933	30.848	
5829	449.14	28.205	32.933	30.848	
5830	449.24	28.205	32.933	30.848	
5831	449.34	28.205	32.933	30.848	
5832	449.44	28.205	32.933	30.848	
5833	449.54	28.205	32.933	30.848	
5834	449.64	28.205	32.934	30.849	
5835	449.74	28.205	32.934	30.849	
5836	449.84	28.205	32.934	30.849	
5837	449.94	28.205	32.934	30.849	
5838	450.	28.206	32.934	30.849	
5839	450.01	28.206	32.934	30.849	
5840	450.02	28.206	32.934	30.849	
5841	450.05	28.206	32.934	30.849	
5842	450.14	28.206	32.934	30.849	
5843	450.24	28.206	32.935	30.849	
5844	450.34	28.206	32.935	30.849	
5845	450.44	28.206	32.935	30.85	
5846	450.54	28.206	32.935	30.85	
5847	450.64	28.206	32.935	30.85	
5848	450.74	28.206	32.935	30.85	
5849	450.84	28.206	32.935	30.85	
5850	450.94	28.206	32.936	30.85	
5851	451.	28.207	32.936	30.85	
5852	451.01	28.207	32.936	30.85	
5853	451.02	28.207	32.936	30.85	
5854	451.05	28.207	32.936	30.85	
5855	451.14	28.207	32.936	30.851	
5856	451.24	28.207	32.936	30.851	
5857	451.34	28.207	32.936	30.851	
5858	451.44	28.207	32.936	30.851	
5859	451.54	28.207	32.937	30.851	
5860	451.64	28.207	32.937	30.851	
5861	451.74	28.207	32.937	30.851	
5862	451.84	28.207	32.937	30.851	
5863	451.94	28.207	32.937	30.852	
5864	452.	28.207	32.937	30.852	
5865	452.01	28.207	32.937	30.852	
5866	452.02	28.208	32.937	30.852	
5867	452.05	28.208	32.937	30.852	
5868	452.14	28.208	32.937	30.852	
5869	452.24	28.208	32.938	30.852	
5870	452.34	28.208	32.938	30.852	
5871	452.44	28.208	32.938	30.852	
5872	452.54	28.208	32.938	30.852	
5873	452.64	28.208	32.938	30.852	
5874	452.74	28.208	32.938	30.853	
5875	452.84	28.208	32.938	30.853	
5876	452.94	28.208	32.939	30.853	
5877	453.	28.208	32.939	30.853	
5878	453.01	28.208	32.939	30.853	
5879	453.02	28.208	32.939	30.853	
5880	453.05	28.209	32.939	30.853	
5881	453.14	28.209	32.939	30.853	
5882	453.24	28.209	32.939	30.853	
5883	453.34	28.209	32.939	30.853	
5884	453.44	28.209	32.939	30.853	
5885	453.54	28.209	32.94	30.854	
5886	453.64	28.209	32.94	30.854	
5887	453.74	28.209	32.94	30.854	
5888	453.84	28.209	32.94	30.854	
5889	453.94	28.209	32.94	30.854	
5890	454.	28.209	32.94	30.854	
5891	454.01	28.209	32.94	30.854	
5892	454.02	28.209	32.94	30.854	
5893	454.05	28.209	32.94	30.854	
5894	454.14	28.21	32.94	30.854	
5895	454.24	28.21	32.941	30.854	
5896	454.34	28.21	32.941	30.855	
5897	454.44	28.21	32.941	30.855	
5898	454.54	28.21	32.941	30.855	
5899	454.64	28.21	32.941	30.855	
5900	454.74	28.21	32.941	30.855	
5901	454.84	28.21	32.941	30.855	
5902	454.94	28.21	32.942	30.855	
5903	455.	28.21	32.942	30.855	
5904	455.01	28.21	32.942	30.855	
5905	455.02	28.21	32.942	30.855	
5906	455.05	28.21	32.942	30.855	
5907	455.14	28.211	32.942	30.856	
5908	455.24	28.211	32.942	30.856	
5909	455.34	28.211	32.942	30.856	
5910	455.44	28.211	32.942	30.856	
5911	455.54	28.211	32.943	30.856	
5912	455.64	28.211	32.943	30.856	
5913	455.74	28.211	32.943	30.856	
5914	455.84	28.211	32.943	30.856	
5915	455.94	28.211	32.943	30.857	
5916	456.	28.211	32.943	30.857	
5917	456.01	28.211	32.943	30.857	
5918	456.02	28.211	32.943	30.857	
5919	456.05	28.211	32.943	30.857	
5920	456.14	28.212	32.943	30.857	
5921	456.24	28.212	32.944	30.857	
5922	456.34	28.212	32.944	30.857	
5923	456.44	28.212	32.944	30.857	
5924	456.54	28.212	32.944	30.857	
5925	456.64	28.212	32.944	30.857	
5926	456.74	28.212	32.944	30.858	
5927	456.84	28.212	32.945	30.858	
5928	456.94	28.212	32.945	30.858	
5929	457.	28.212	32.945	30.858	
5930	457.01	28.212	32.945	30.858	
5931	457.02	28.212	32.945	30.858	
5932	457.05	28.212	32.945	30.858	
5933	457.14	28.212	32.945	30.858	
5934	457.24	28.213	32.945	30.858	
5935	457.34	28.213	32.945	30.858	
5936	457.44	28.213	32.945	30.858	
5937	457.54	28.213	32.946	30.859	
5938	457.64	28.213	32.946	30.859	
5939	457.74	28.213	32.946	30.859	
5940	457.84	28.213	32.946	30.859	
5941	457.94	28.213	32.946	30.859	
5942	458.	28.213	32.946	30.859	
5943	458.01	28.213	32.946	30.859	
5944	458.02	28.213	32.946	30.859	
5945	458.05	28.213	32.946	30.859	
5946	458.14	28.213	32.946	30.859	
5947	458.24	28.214	32.947	30.859	
5948	458.34	28.214	32.947	30.86	
5949	458.44	28.214	32.947	30.86	
5950	458.54	28.214	32.947	30.86	
5951	458.64	28.214	32.947	30.86	
5952	458.74	28.214	32.947	30.86	
5953	458.84	28.214	32.948	30.86	
5954	458.94	28.214	32.948	30.86	
5955	459.	28.214	32.948	30.86	
5956	459.01	28.214	32.948	30.86	
5957	459.02	28.214	32.948	30.86	
5958	459.05	28.214	32.948	30.861	
5959	459.14	28.214	32.948	30.861	
5960	459.24	28.215	32.948	30.861	
5961	459.34	28.215	32.948	30.861	
5962	459.44	28.215	32.948	30.861	
5963	459.54	28.215	32.949	30.861	
5964	459.64	28.215	32.949	30.861	
5965	459.74	28.215	32.949	30.861	
5966	459.84	28.215	32.949	30.862	
5967	459.94	28.215	32.949	30.862	
5968	460.	28.215	32.949	30.862	
5969	460.01	28.215	32.949	30.862	
5970	460.02	28.215	32.949	30.862	
5971	460.05	28.215	32.949	30.862	
5972	460.14	28.215	32.949	30.862	
5973	460.24	28.216	32.95	30.862	
5974	460.34	28.216	32.95	30.862	
5975	460.44	28.216	32.95	30.862	
5976	460.54	28.216	32.95	30.862	
5977	460.64	28.216	32.95	30.863	
5978	460.74	28.216	32.95	30.863	
5979	460.84	28.216	32.951	30.863	
5980	460.94	28.216	32.951	30.863	
5981	461.	28.216	32.951	30.863	
5982	461.01	28.216	32.951	30.863	
5983	461.02	28.216	32.951	30.863	
5984	461.05	28.216	32.951	30.863	
5985	461.14	28.216	32.951	30.863	
5986	461.24	28.216	32.951	30.863	
5987	461.34	28.217	32.951	30.863	
5988	461.44	28.217	32.951	30.864	
5989	461.54	28.217	32.952	30.864	
5990	461.64	28.217	32.952	30.864	
5991	461.74	28.217	32.952	30.864	
5992	461.84	28.217	32.952	30.864	
5993	461.94	28.217	32.952	30.864	
5994	462.	28.217	32.952	30.864	
5995	462.01	28.217	32.952	30.864	
5996	462.02	28.217	32.952	30.864	
5997	462.05	28.217	32.952	30.864	
5998	462.14	28.217	32.953	30.864	
5999	462.24	28.217	32.953	30.865	
6000	462.34	28.218	32.953	30.865	
6001	462.44	28.218	32.953	30.865	
6002	462.54	28.218	32.953	30.865	
6003	462.64	28.218	32.953	30.865	
6004	462.74	28.218	32.953	30.865	
6005	462.84	28.218	32.954	30.865	
6006	462.94	28.218	32.954	30.865	
6007	463.	28.218	32.954	30.866	
6008	463.01	28.218	32.954	30.866	
6009	463.02	28.218	32.954	30.866	
6010	463.05	28.218	32.954	30.866	
6011	463.14	28.218	32.954	30.866	
6012	463.24	28.218	32.954	30.866	
6013	463.34	28.219	32.954	30.866	
6014	463.44	28.219	32.954	30.866	
6015	463.54	28.219	32.955	30.866	
6016	463.64	28.219	32.955	30.866	
6017	463.74	28.219	32.955	30.866	
6018	463.84	28.219	32.955	30.867	
6019	463.94	28.219	32.955	30.867	
6020	464.	28.219	32.955	30.867	
6021	464.01	28.219	32.955	30.867	
6022	464.02	28.219	32.955	30.867	
6023	464.05	28.219	32.955	30.867	
6024	464.14	28.219	32.956	30.867	
6025	464.24	28.219	32.956	30.867	
6026	464.34	28.22	32.956	30.867	
6027	464.44	28.22	32.956	30.867	
6028	464.54	28.22	32.956	30.867	
6029	464.64	28.22	32.956	30.868	
6030	464.74	28.22	32.956	30.868	
6031	464.84	28.22	32.957	30.868	
6032	464.94	28.22	32.957	30.868	
6033	465.	28.22	32.957	30.868	
6034	465.01	28.22	32.957	30.868	
6035	465.02	28.22	32.957	30.868	
6036	465.05	28.22	32.957	30.868	
6037	465.14	28.22	32.957	30.868	
6038	465.24	28.22	32.957	30.868	
6039	465.34	28.22	32.957	30.868	
6040	465.44	28.221	32.958	30.869	
6041	465.54	28.221	32.958	30.869	
6042	465.64	28.221	32.958	30.869	
6043	465.74	28.221	32.958	30.869	
6044	465.84	28.221	32.958	30.869	
6045	465.94	28.221	32.958	30.869	
6046	466.	28.221	32.958	30.869	
6047	466.01	28.221	32.958	30.869	
6048	466.02	28.221	32.958	30.869	
6049	466.05	28.221	32.958	30.869	
6050	466.14	28.221	32.959	30.87	
6051	466.24	28.221	32.959	30.87	
6052	466.34	28.221	32.959	30.87	
6053	466.44	28.222	32.959	30.87	
6054	466.54	28.222	32.959	30.87	
6055	466.64	28.222	32.959	30.87	
6056	466.74	28.222	32.959	30.87	
6057	466.84	28.222	32.96	30.87	
6058	466.94	28.222	32.96	30.871	
6059	467.	28.222	32.96	30.871	
6060	467.01	28.222	32.96	30.871	
6061	467.02	28.222	32.96	30.871	
6062	467.05	28.222	32.96	30.871	
6063	467.14	28.222	32.96	30.871	
6064	467.24	28.222	32.96	30.871	
6065	467.34	28.222	32.96	30.871	
6066	467.44	28.223	32.961	30.871	
6067	467.54	28.223	32.961	30.871	
6068	467.64	28.223	32.961	30.871	
6069	467.74	28.223	32.961	30.872	
6070	467.84	28.223	32.961	30.872	
6071	467.94	28.223	32.961	30.872	
6072	468.	28.223	32.961	30.872	
6073	468.01	28.223	32.961	30.872	
6074	468.02	28.223	32.961	30.872	
6075	468.05	28.223	32.961	30.872	
6076	468.14	28.223	32.962	30.872	
6077	468.24	28.223	32.962	30.872	
6078	468.34	28.223	32.962	30.872	
6079	468.44	28.223	32.962	30.872	
6080	468.54	28.224	32.962	30.873	
6081	468.64	28.224	32.962	30.873	
6082	468.74	28.224	32.963	30.873	
6083	468.84	28.224	32.963	30.873	
6084	468.94	28.224	32.963	30.873	
6085	469.	28.224	32.963	30.873	
6086	469.01	28.224	32.963	30.873	
6087	469.02	28.224	32.963	30.873	
6088	469.05	28.224	32.963	30.873	
6089	469.14	28.224	32.963	30.873	
6090	469.24	28.224	32.963	30.873	
6091	469.34	28.224	32.963	30.874	
6092	469.44	28.224	32.964	30.874	
6093	469.54	28.225	32.964	30.874	
6094	469.64	28.225	32.964	30.874	
6095	469.74	28.225	32.964	30.874	
6096	469.84	28.225	32.964	30.874	
6097	469.94	28.225	32.964	30.874	
6098	470.	28.225	32.964	30.874	
6099	470.01	28.225	32.964	30.874	
6100	470.02	28.225	32.964	30.874	
6101	470.05	28.225	32.965	30.874	
6102	470.14	28.225	32.965	30.875	
6103	470.24	28.225	32.965	30.875	
6104	470.34	28.225	32.965	30.875	
6105	470.44	28.225	32.965	30.875	
6106	470.54	28.226	32.965	30.875	
6107	470.64	28.226	32.965	30.875	
6108	470.74	28.226	32.966	30.875	
6109	470.84	28.226	32.966	30.875	
6110	470.94	28.226	32.966	30.876	
6111	471.	28.226	32.966	30.876	
6112	471.01	28.226	32.966	30.876	
6113	471.02	28.226	32.966	30.876	
6114	471.05	28.226	32.966	30.876	
6115	471.14	28.226	32.966	30.876	
6116	471.24	28.226	32.966	30.876	
6117	471.34	28.226	32.966	30.876	
6118	471.44	28.226	32.967	30.876	
6119	471.54	28.227	32.967	30.876	
6120	471.64	28.227	32.967	30.876	
6121	471.74	28.227	32.967	30.877	
6122	471.84	28.227	32.967	30.877	
6123	471.94	28.227	32.967	30.877	
6124	472.	28.227	32.967	30.877	
6125	472.01	28.227	32.967	30.877	
6126	472.02	28.227	32.967	30.877	
6127	472.05	28.227	32.968	30.877	
6128	472.14	28.227	32.968	30.877	
6129	472.24	28.227	32.968	30.877	
6130	472.34	28.227	32.968	30.877	
6131	472.44	28.227	32.968	30.878	
6132	472.54	28.227	32.968	30.878	
6133	472.64	28.228	32.968	30.878	
6134	472.74	28.228	32.969	30.878	
6135	472.84	28.228	32.969	30.878	
6136	472.94	28.228	32.969	30.878	
6137	473.	28.228	32.969	30.878	
6138	473.01	28.228	32.969	30.878	
6139	473.02	28.228	32.969	30.878	
6140	473.05	28.228	32.969	30.878	
6141	473.14	28.228	32.969	30.878	
6142	473.24	28.228	32.969	30.879	
6143	473.34	28.228	32.97	30.879	
6144	473.44	28.228	32.97	30.879	
6145	473.54	28.228	32.97	30.879	
6146	473.64	28.229	32.97	30.879	
6147	473.74	28.229	32.97	30.879	
6148	473.84	28.229	32.97	30.879	
6149	473.94	28.229	32.97	30.879	
6150	474.	28.229	32.971	30.879	
6151	474.01	28.229	32.971	30.88	
6152	474.02	28.229	32.971	30.88	
6153	474.05	28.229	32.971	30.88	
6154	474.14	28.229	32.971	30.88	
6155	474.24	28.229	32.971	30.88	
6156	474.34	28.229	32.971	30.88	
6157	474.44	28.229	32.971	30.88	
6158	474.54	28.229	32.971	30.88	
6159	474.64	28.23	32.971	30.88	
6160	474.74	28.23	32.972	30.88	
6161	474.84	28.23	32.972	30.881	
6162	474.94	28.23	32.972	30.881	
6163	475.	28.23	32.972	30.881	
6164	475.01	28.23	32.972	30.881	
6165	475.02	28.23	32.972	30.881	
6166	475.05	28.23	32.972	30.881	
6167	475.14	28.23	32.972	30.881	
6168	475.24	28.23	32.972	30.881	
6169	475.34	28.23	32.973	30.881	
6170	475.44	28.23	32.973	30.881	
6171	475.54	28.23	32.973	30.881	
6172	475.64	28.231	32.973	30.882	
6173	475.74	28.231	32.973	30.882	
6174	475.84	28.231	32.973	30.882	
6175	475.94	28.231	32.973	30.882	
6176	476.	28.231	32.974	30.882	
6177	476.01	28.231	32.974	30.882	
6178	476.02	28.231	32.974	30.882	
6179	476.05	28.231	32.974	30.882	
6180	476.14	28.231	32.974	30.882	
6181	476.24	28.231	32.974	30.882	
6182	476.34	28.231	32.974	30.882	
6183	476.44	28.231	32.974	30.883	
6184	476.54	28.231	32.974	30.883	
6185	476.64	28.231	32.975	30.883	
6186	476.74	28.232	32.975	30.883	
6187	476.84	28.232	32.975	30.883	
6188	476.94	28.232	32.975	30.883	
6189	477.	28.232	32.975	30.883	
6190	477.01	28.232	32.975	30.883	
6191	477.02	28.232	32.975	30.883	
6192	477.05	28.232	32.975	30.883	
6193	477.14	28.232	32.975	30.883	
6194	477.24	28.232	32.975	30.884	
6195	477.34	28.232	32.976	30.884	
6196	477.44	28.232	32.976	30.884	
6197	477.54	28.232	32.976	30.884	
6198	477.64	28.232	32.976	30.884	
6199	477.74	28.233	32.976	30.884	
6200	477.84	28.233	32.976	30.884	
6201	477.94	28.233	32.976	30.884	
6202	478.	28.233	32.977	30.885	
6203	478.01	28.233	32.977	30.885	
6204	478.02	28.233	32.977	30.885	
6205	478.05	28.233	32.977	30.885	
6206	478.14	28.233	32.977	30.885	
6207	478.24	28.233	32.977	30.885	
6208	478.34	28.233	32.977	30.885	
6209	478.44	28.233	32.977	30.885	
6210	478.54	28.233	32.977	30.885	
6211	478.64	28.233	32.978	30.885	
6212	478.74	28.234	32.978	30.886	
6213	478.84	28.234	32.978	30.886	
6214	478.94	28.234	32.978	30.886	
6215	479.	28.234	32.978	30.886	
6216	479.01	28.234	32.978	30.886	
6217	479.02	28.234	32.978	30.886	
6218	479.05	28.234	32.978	30.886	
6219	479.14	28.234	32.978	30.886	
6220	479.24	28.234	32.978	30.886	
6221	479.34	28.234	32.979	30.886	
6222	479.44	28.234	32.979	30.886	
6223	479.54	28.234	32.979	30.887	
6224	479.64	28.234	32.979	30.887	
6225	479.74	28.234	32.979	30.887	
6226	479.84	28.235	32.979	30.887	
6227	479.94	28.235	32.98	30.887	
6228	480.	28.235	32.98	30.887	
6229	480.01	28.235	32.98	30.887	
6230	480.02	28.235	32.98	30.887	
6231	480.05	28.235	32.98	30.887	
6232	480.14	28.235	32.98	30.887	
6233	480.24	28.235	32.98	30.887	
6234	480.34	28.235	32.98	30.888	
6235	480.44	28.235	32.98	30.888	
6236	480.54	28.235	32.98	30.888	
6237	480.64	28.235	32.981	30.888	
6238	480.74	28.235	32.981	30.888	
6239	480.84	28.236	32.981	30.888	
6240	480.94	28.236	32.981	30.888	
6241	481.	28.236	32.981	30.888	
6242	481.01	28.236	32.981	30.888	
6243	481.02	28.236	32.981	30.888	
6244	481.05	28.236	32.981	30.888	
6245	481.14	28.236	32.981	30.889	
6246	481.24	28.236	32.982	30.889	
6247	481.34	28.236	32.982	30.889	
6248	481.44	28.236	32.982	30.889	
6249	481.54	28.236	32.982	30.889	
6250	481.64	28.236	32.982	30.889	
6251	481.74	28.236	32.982	30.889	
6252	481.84	28.237	32.982	30.889	
6253	481.94	28.237	32.983	30.89	
6254	482.	28.237	32.983	30.89	
6255	482.01	28.237	32.983	30.89	
6256	482.02	28.237	32.983	30.89	
6257	482.05	28.237	32.983	30.89	
6258	482.14	28.237	32.983	30.89	
6259	482.24	28.237	32.983	30.89	
6260	482.34	28.237	32.983	30.89	
6261	482.44	28.237	32.983	30.89	
6262	482.54	28.237	32.983	30.89	
6263	482.64	28.237	32.984	30.89	
6264	482.74	28.237	32.984	30.891	
6265	482.84	28.237	32.984	30.891	
6266	482.94	28.238	32.984	30.891	
6267	483.	28.238	32.984	30.891	
6268	483.01	28.238	32.984	30.891	
6269	483.02	28.238	32.984	30.891	
6270	483.05	28.238	32.984	30.891	
6271	483.14	28.238	32.984	30.891	
6272	483.24	28.238	32.985	30.891	
6273	483.34	28.238	32.985	30.891	
6274	483.44	28.238	32.985	30.891	
6275	483.54	28.238	32.985	30.892	
6276	483.64	28.238	32.985	30.892	
6277	483.74	28.238	32.985	30.892	
6278	483.84	28.238	32.985	30.892	
6279	483.94	28.239	32.986	30.892	
6280	484.	28.239	32.986	30.892	
6281	484.01	28.239	32.986	30.892	
6282	484.02	28.239	32.986	30.892	
6283	484.05	28.239	32.986	30.892	
6284	484.14	28.239	32.986	30.892	
6285	484.24	28.239	32.986	30.892	
6286	484.34	28.239	32.986	30.893	
6287	484.44	28.239	32.986	30.893	
6288	484.54	28.239	32.987	30.893	
6289	484.64	28.239	32.987	30.893	
6290	484.74	28.239	32.987	30.893	
6291	484.84	28.239	32.987	30.893	
6292	484.94	28.24	32.987	30.893	
6293	485.	28.24	32.987	30.893	
6294	485.01	28.24	32.987	30.893	
6295	485.02	28.24	32.987	30.893	
6296	485.05	28.24	32.987	30.894	
6297	485.14	28.24	32.987	30.894	
6298	485.24	28.24	32.988	30.894	
6299	485.34	28.24	32.988	30.894	
6300	485.44	28.24	32.988	30.894	
6301	485.54	28.24	32.988	30.894	
6302	485.64	28.24	32.988	30.894	
6303	485.74	28.24	32.988	30.894	
6304	485.84	28.24	32.989	30.895	
6305	485.94	28.241	32.989	30.895	
6306	486.	28.241	32.989	30.895	
6307	486.01	28.241	32.989	30.895	
6308	486.02	28.241	32.989	30.895	
6309	486.05	28.241	32.989	30.895	
6310	486.14	28.241	32.989	30.895	
6311	486.24	28.241	32.989	30.895	
6312	486.34	28.241	32.989	30.895	
6313	486.44	28.241	32.989	30.895	
6314	486.54	28.241	32.99	30.895	
6315	486.64	28.241	32.99	30.896	
6316	486.74	28.241	32.99	30.896	
6317	486.84	28.241	32.99	30.896	
6318	486.94	28.241	32.99	30.896	
6319	487.	28.242	32.99	30.896	
6320	487.01	28.242	32.99	30.896	
6321	487.02	28.242	32.99	30.896	
6322	487.05	28.242	32.99	30.896	
6323	487.14	28.242	32.991	30.896	
6324	487.24	28.242	32.991	30.896	
6325	487.34	28.242	32.991	30.896	
6326	487.44	28.242	32.991	30.897	
6327	487.54	28.242	32.991	30.897	
6328	487.64	28.242	32.991	30.897	
6329	487.74	28.242	32.991	30.897	
6330	487.84	28.242	32.992	30.897	
6331	487.94	28.242	32.992	30.897	
6332	488.	28.243	32.992	30.897	
6333	488.01	28.243	32.992	30.897	
6334	488.02	28.243	32.992	30.897	
6335	488.05	28.243	32.992	30.897	
6336	488.14	28.243	32.992	30.897	
6337	488.24	28.243	32.992	30.898	
6338	488.34	28.243	32.992	30.898	
6339	488.44	28.243	32.992	30.898	
6340	488.54	28.243	32.993	30.898	
6341	488.64	28.243	32.993	30.898	
6342	488.74	28.243	32.993	30.898	
6343	488.84	28.243	32.993	30.898	
6344	488.94	28.243	32.993	30.898	
6345	489.	28.243	32.993	30.899	
6346	489.01	28.243	32.993	30.899	
6347	489.02	28.243	32.993	30.899	
6348	489.05	28.244	32.993	30.899	
6349	489.14	28.244	32.994	30.899	
6350	489.24	28.244	32.994	30.899	
6351	489.34	28.244	32.994	30.899	
6352	489.44	28.244	32.994	30.899	
6353	489.54	28.244	32.994	30.899	
6354	489.64	28.244	32.994	30.899	
6355	489.74	28.244	32.994	30.899	
6356	489.84	28.244	32.995	30.9	
6357	489.94	28.244	32.995	30.9	
6358	490.	28.244	32.995	30.9	
6359	490.01	28.244	32.995	30.9	
6360	490.02	28.244	32.995	30.9	
6361	490.05	28.244	32.995	30.9	
6362	490.14	28.245	32.995	30.9	
6363	490.24	28.245	32.995	30.9	
6364	490.34	28.245	32.995	30.9	
6365	490.44	28.245	32.996	30.9	
6366	490.54	28.245	32.996	30.901	
6367	490.64	28.245	32.996	30.901	
6368	490.74	28.245	32.996	30.901	
6369	490.84	28.245	32.996	30.901	
6370	490.94	28.245	32.996	30.901	
6371	491.	28.245	32.996	30.901	
6372	491.01	28.245	32.996	30.901	
6373	491.02	28.245	32.996	30.901	
6374	491.05	28.245	32.996	30.901	
6375	491.14	28.246	32.997	30.901	
6376	491.24	28.246	32.997	30.901	
6377	491.34	28.246	32.997	30.902	
6378	491.44	28.246	32.997	30.902	
6379	491.54	28.246	32.997	30.902	
6380	491.64	28.246	32.997	30.902	
6381	491.74	28.246	32.998	30.902	
6382	491.84	28.246	32.998	30.902	
6383	491.94	28.246	32.998	30.902	
6384	492.	28.246	32.998	30.902	
6385	492.01	28.246	32.998	30.902	
6386	492.02	28.246	32.998	30.902	
6387	492.05	28.246	32.998	30.902	
6388	492.14	28.247	32.998	30.903	
6389	492.24	28.247	32.998	30.903	
6390	492.34	28.247	32.998	30.903	
6391	492.44	28.247	32.999	30.903	
6392	492.54	28.247	32.999	30.903	
6393	492.64	28.247	32.999	30.903	
6394	492.74	28.247	32.999	30.903	
6395	492.84	28.247	32.999	30.903	
6396	492.94	28.247	32.999	30.904	
6397	493.	28.247	32.999	30.904	
6398	493.01	28.247	32.999	30.904	
6399	493.02	28.247	32.999	30.904	
6400	493.05	28.247	33.	30.904	
6401	493.14	28.247	33.	30.904	
6402	493.24	28.248	33.	30.904	
6403	493.34	28.248	33.	30.904	
6404	493.44	28.248	33.	30.904	
6405	493.54	28.248	33.	30.904	
6406	493.64	28.248	33.	30.904	
6407	493.74	28.248	33.001	30.905	
6408	493.84	28.248	33.001	30.905	
6409	493.94	28.248	33.001	30.905	
6410	494.	28.248	33.001	30.905	
6411	494.01	28.248	33.001	30.905	
6412	494.02	28.248	33.001	30.905	
6413	494.05	28.248	33.001	30.905	
6414	494.14	28.248	33.001	30.905	
6415	494.24	28.249	33.001	30.905	
6416	494.34	28.249	33.001	30.905	
6417	494.44	28.249	33.002	30.905	
6418	494.54	28.249	33.002	30.906	
6419	494.64	28.249	33.002	30.906	
6420	494.74	28.249	33.002	30.906	
6421	494.84	28.249	33.002	30.906	
6422	494.94	28.249	33.002	30.906	
6423	495.	28.249	33.002	30.906	
6424	495.01	28.249	33.003	30.906	
6425	495.02	28.249	33.003	30.906	
6426	495.05	28.249	33.003	30.906	
6427	495.14	28.249	33.003	30.906	
6428	495.24	28.25	33.003	30.906	
6429	495.34	28.25	33.003	30.907	
6430	495.44	28.25	33.003	30.907	
6431	495.54	28.25	33.003	30.907	
6432	495.64	28.25	33.003	30.907	
6433	495.74	28.25	33.004	30.907	
6434	495.84	28.25	33.004	30.907	
6435	495.94	28.25	33.004	30.907	
6436	496.	28.25	33.004	30.907	
6437	496.01	28.25	33.004	30.907	
6438	496.02	28.25	33.004	30.907	
6439	496.05	28.25	33.004	30.908	
6440	496.14	28.25	33.004	30.908	
6441	496.24	28.25	33.004	30.908	
6442	496.34	28.251	33.005	30.908	
6443	496.44	28.251	33.005	30.908	
6444	496.54	28.251	33.005	30.908	
6445	496.64	28.251	33.005	30.908	
6446	496.74	28.251	33.005	30.908	
6447	496.84	28.251	33.005	30.909	
6448	496.94	28.251	33.005	30.909	
6449	497.	28.251	33.006	30.909	
6450	497.01	28.251	33.006	30.909	
6451	497.02	28.251	33.006	30.909	
6452	497.05	28.251	33.006	30.909	
6453	497.14	28.251	33.006	30.909	
6454	497.24	28.251	33.006	30.909	
6455	497.34	28.252	33.006	30.909	
6456	497.44	28.252	33.006	30.909	
6457	497.54	28.252	33.006	30.909	
6458	497.64	28.252	33.007	30.91	
6459	497.74	28.252	33.007	30.91	
6460	497.84	28.252	33.007	30.91	
6461	497.94	28.252	33.007	30.91	
6462	498.	28.252	33.007	30.91	
6463	498.01	28.252	33.007	30.91	
6464	498.02	28.252	33.007	30.91	
6465	498.05	28.252	33.007	30.91	
6466	498.14	28.252	33.007	30.91	
6467	498.24	28.252	33.007	30.91	
6468	498.34	28.253	33.008	30.91	
6469	498.44	28.253	33.008	30.911	
6470	498.54	28.253	33.008	30.911	
6471	498.64	28.253	33.008	30.911	
6472	498.74	28.253	33.008	30.911	
6473	498.84	28.253	33.008	30.911	
6474	498.94	28.253	33.009	30.911	
6475	499.	28.253	33.009	30.911	
6476	499.01	28.253	33.009	30.911	
6477	499.02	28.253	33.009	30.911	
6478	499.05	28.253	33.009	30.911	
6479	499.14	28.253	33.009	30.911	
6480	499.24	28.253	33.009	30.912	
6481	499.34	28.253	33.009	30.912	
6482	499.44	28.254	33.009	30.912	
6483	499.54	28.254	33.009	30.912	
6484	499.64	28.254	33.01	30.912	
6485	499.74	28.254	33.01	30.912	
6486	499.84	28.254	33.01	30.912	
6487	499.94	28.254	33.01	30.912	
6488	500.	28.254	33.01	30.913	
6489	500.01	28.254	33.01	30.913	
6490	500.02	28.254	33.01	30.913	
6491	500.05	28.254	33.01	30.913	
6492	500.14	28.254	33.01	30.913	
6493	500.24	28.254	33.01	30.913	
6494	500.34	28.254	33.011	30.913	
6495	500.44	28.255	33.011	30.913	
6496	500.54	28.255	33.011	30.913	
6497	500.64	28.255	33.011	30.913	
6498	500.74	28.255	33.011	30.913	
6499	500.84	28.255	33.011	30.914	
6500	500.94	28.255	33.012	30.914	
6501	501.	28.255	33.012	30.914	
6502	501.01	28.255	33.012	30.914	
6503	501.02	28.255	33.012	30.914	
6504	501.05	28.255	33.012	30.914	
6505	501.14	28.255	33.012	30.914	
6506	501.24	28.255	33.012	30.914	
6507	501.34	28.255	33.012	30.914	
6508	501.44	28.256	33.012	30.914	
6509	501.54	28.256	33.012	30.915	
6510	501.64	28.256	33.013	30.915	
6511	501.74	28.256	33.013	30.915	
6512	501.84	28.256	33.013	30.915	
6513	501.94	28.256	33.013	30.915	
6514	502.	28.256	33.013	30.915	
6515	502.01	28.256	33.013	30.915	
6516	502.02	28.256	33.013	30.915	
6517	502.05	28.256	33.013	30.915	
6518	502.14	28.256	33.013	30.915	
6519	502.24	28.256	33.014	30.915	
6520	502.34	28.256	33.014	30.916	
6521	502.44	28.257	33.014	30.916	
6522	502.54	28.257	33.014	30.916	
6523	502.64	28.257	33.014	30.916	
6524	502.74	28.257	33.014	30.916	
6525	502.84	28.257	33.014	30.916	
6526	502.94	28.257	33.015	30.916	
6527	503.	28.257	33.015	30.916	
6528	503.01	28.257	33.015	30.916	
6529	503.02	28.257	33.015	30.916	
6530	503.05	28.257	33.015	30.916	
6531	503.14	28.257	33.015	30.917	
6532	503.24	28.257	33.015	30.917	
6533	503.34	28.257	33.015	30.917	
6534	503.44	28.257	33.015	30.917	
6535	503.54	28.258	33.016	30.917	
6536	503.64	28.258	33.016	30.917	
6537	503.74	28.258	33.016	30.917	
6538	503.84	28.258	33.016	30.917	
6539	503.94	28.258	33.016	30.918	
6540	504.	28.258	33.016	30.918	
6541	504.01	28.258	33.016	30.918	
6542	504.02	28.258	33.016	30.918	
6543	504.05	28.258	33.016	30.918	
6544	504.14	28.258	33.016	30.918	
6545	504.24	28.258	33.017	30.918	
6546	504.34	28.258	33.017	30.918	
6547	504.44	28.258	33.017	30.918	
6548	504.54	28.259	33.017	30.918	
6549	504.64	28.259	33.017	30.918	
6550	504.74	28.259	33.017	30.919	
6551	504.84	28.259	33.018	30.919	
6552	504.94	28.259	33.018	30.919	
6553	505.	28.259	33.018	30.919	
6554	505.01	28.259	33.018	30.919	
6555	505.02	28.259	33.018	30.919	
6556	505.05	28.259	33.018	30.919	
6557	505.14	28.259	33.018	30.919	
6558	505.24	28.259	33.018	30.919	
6559	505.34	28.259	33.018	30.919	
6560	505.44	28.259	33.018	30.919	
6561	505.54	28.26	33.019	30.92	
6562	505.64	28.26	33.019	30.92	
6563	505.74	28.26	33.019	30.92	
6564	505.84	28.26	33.019	30.92	
6565	505.94	28.26	33.019	30.92	
6566	506.	28.26	33.019	30.92	
6567	506.01	28.26	33.019	30.92	
6568	506.02	28.26	33.019	30.92	
6569	506.05	28.26	33.019	30.92	
6570	506.14	28.26	33.02	30.92	
6571	506.24	28.26	33.02	30.921	
6572	506.34	28.26	33.02	30.921	
6573	506.44	28.26	33.02	30.921	
6574	506.54	28.26	33.02	30.921	
6575	506.64	28.261	33.02	30.921	
6576	506.74	28.261	33.02	30.921	
6577	506.84	28.261	33.021	30.921	
6578	506.94	28.261	33.021	30.921	
6579	507.	28.261	33.021	30.921	
6580	507.01	28.261	33.021	30.921	
6581	507.02	28.261	33.021	30.922	
6582	507.05	28.261	33.021	30.922	
6583	507.14	28.261	33.021	30.922	
6584	507.24	28.261	33.021	30.922	
6585	507.34	28.261	33.021	30.922	
6586	507.44	28.261	33.022	30.922	
6587	507.54	28.261	33.022	30.922	
6588	507.64	28.262	33.022	30.922	
6589	507.74	28.262	33.022	30.922	
6590	507.84	28.262	33.022	30.923	
6591	507.94	28.262	33.022	30.923	
6592	508.	28.262	33.022	30.923	
6593	508.01	28.262	33.022	30.923	
6594	508.02	28.262	33.022	30.923	
6595	508.05	28.262	33.022	30.923	
6596	508.14	28.262	33.023	30.923	
6597	508.24	28.262	33.023	30.923	
6598	508.34	28.262	33.023	30.923	
6599	508.44	28.262	33.023	30.923	
6600	508.54	28.262	33.023	30.923	
6601	508.64	28.263	33.023	30.924	
6602	508.74	28.263	33.024	30.924	
6603	508.84	28.263	33.024	30.924	
6604	508.94	28.263	33.024	30.924	
6605	509.	28.263	33.024	30.924	
6606	509.01	28.263	33.024	30.924	
6607	509.02	28.263	33.024	30.924	
6608	509.05	28.263	33.024	30.924	
6609	509.14	28.263	33.024	30.924	
6610	509.24	28.263	33.024	30.924	
6611	509.34	28.263	33.024	30.924	
6612	509.44	28.263	33.025	30.925	
6613	509.54	28.263	33.025	30.925	
6614	509.64	28.263	33.025	30.925	
6615	509.74	28.264	33.025	30.925	
6616	509.84	28.264	33.025	30.925	
6617	509.94	28.264	33.025	30.925	
6618	510.	28.264	33.025	30.925	
6619	510.01	28.264	33.025	30.925	
6620	510.02	28.264	33.025	30.925	
6621	510.05	28.264	33.026	30.925	
6622	510.14	28.264	33.026	30.925	
6623	510.24	28.264	33.026	30.926	
6624	510.34	28.264	33.026	30.926	
6625	510.44	28.264	33.026	30.926	
6626	510.54	28.264	33.026	30.926	
6627	510.64	28.264	33.026	30.926	
6628	510.74	28.265	33.027	30.926	
6629	510.84	28.265	33.027	30.926	
6630	510.94	28.265	33.027	30.926	
6631	511.	28.265	33.027	30.927	
6632	511.01	28.265	33.027	30.927	
6633	511.02	28.265	33.027	30.927	
6634	511.05	28.265	33.027	30.927	
6635	511.14	28.265	33.027	30.927	
6636	511.24	28.265	33.027	30.927	
6637	511.34	28.265	33.027	30.927	
6638	511.44	28.265	33.028	30.927	
6639	511.54	28.265	33.028	30.927	
6640	511.64	28.265	33.028	30.927	
6641	511.74	28.265	33.028	30.928	
6642	511.84	28.266	33.028	30.928	
6643	511.94	28.266	33.028	30.928	
6644	512.	28.266	33.028	30.928	
6645	512.01	28.266	33.029	30.928	
6646	512.02	28.266	33.029	30.928	
6647	512.05	28.266	33.029	30.928	
6648	512.14	28.266	33.029	30.928	
6649	512.24	28.266	33.029	30.928	
6650	512.34	28.266	33.029	30.928	
6651	512.44	28.266	33.029	30.928	
6652	512.54	28.266	33.029	30.929	
6653	512.64	28.266	33.029	30.929	
6654	512.74	28.266	33.03	30.929	
6655	512.84	28.267	33.03	30.929	
6656	512.94	28.267	33.03	30.929	
6657	513.	28.267	33.03	30.929	
6658	513.01	28.267	33.03	30.929	
6659	513.02	28.267	33.03	30.929	
6660	513.05	28.267	33.03	30.929	
6661	513.14	28.267	33.03	30.929	
6662	513.24	28.267	33.03	30.929	
6663	513.34	28.267	33.031	30.93	
6664	513.44	28.267	33.031	30.93	
6665	513.54	28.267	33.031	30.93	
6666	513.64	28.267	33.031	30.93	
6667	513.74	28.267	33.031	30.93	
6668	513.84	28.268	33.031	30.93	
6669	513.94	28.268	33.031	30.93	
6670	514.	28.268	33.032	30.93	
6671	514.01	28.268	33.032	30.93	
6672	514.02	28.268	33.032	30.93	
6673	514.05	28.268	33.032	30.93	
6674	514.14	28.268	33.032	30.931	
6675	514.24	28.268	33.032	30.931	
6676	514.34	28.268	33.032	30.931	
6677	514.44	28.268	33.032	30.931	
6678	514.54	28.268	33.032	30.931	
6679	514.64	28.268	33.033	30.931	
6680	514.74	28.268	33.033	30.931	
6681	514.84	28.268	33.033	30.931	
6682	514.94	28.269	33.033	30.932	
6683	515.	28.269	33.033	30.932	
6684	515.01	28.269	33.033	30.932	
6685	515.02	28.269	33.033	30.932	
6686	515.05	28.269	33.033	30.932	
6687	515.14	28.269	33.033	30.932	
6688	515.24	28.269	33.033	30.932	
6689	515.34	28.269	33.034	30.932	
6690	515.44	28.269	33.034	30.932	
6691	515.54	28.269	33.034	30.932	
6692	515.64	28.269	33.034	30.932	
6693	515.74	28.269	33.034	30.933	
6694	515.84	28.269	33.034	30.933	
6695	515.94	28.27	33.035	30.933	
6696	516.	28.27	33.035	30.933	
6697	516.01	28.27	33.035	30.933	
6698	516.02	28.27	33.035	30.933	
6699	516.05	28.27	33.035	30.933	
6700	516.14	28.27	33.035	30.933	
6701	516.24	28.27	33.035	30.933	
6702	516.34	28.27	33.035	30.933	
6703	516.44	28.27	33.035	30.934	
6704	516.54	28.27	33.035	30.934	
6705	516.64	28.27	33.036	30.934	
6706	516.74	28.27	33.036	30.934	
6707	516.84	28.27	33.036	30.934	
6708	516.94	28.271	33.036	30.934	
6709	517.	28.271	33.036	30.934	
6710	517.01	28.271	33.036	30.934	
6711	517.02	28.271	33.036	30.934	
6712	517.05	28.271	33.036	30.934	
6713	517.14	28.271	33.036	30.934	
6714	517.24	28.271	33.037	30.935	
6715	517.34	28.271	33.037	30.935	
6716	517.44	28.271	33.037	30.935	
6717	517.54	28.271	33.037	30.935	
6718	517.64	28.271	33.037	30.935	
6719	517.74	28.271	33.037	30.935	
6720	517.84	28.271	33.037	30.935	
6721	517.94	28.271	33.038	30.935	
6722	518.	28.272	33.038	30.936	
6723	518.01	28.272	33.038	30.936	
6724	518.02	28.272	33.038	30.936	
6725	518.05	28.272	33.038	30.936	
6726	518.14	28.272	33.038	30.936	
6727	518.24	28.272	33.038	30.936	
6728	518.34	28.272	33.038	30.936	
6729	518.44	28.272	33.038	30.936	
6730	518.54	28.272	33.039	30.936	
6731	518.64	28.272	33.039	30.936	
6732	518.74	28.272	33.039	30.936	
6733	518.84	28.272	33.039	30.937	
6734	518.94	28.272	33.039	30.937	
6735	519.	28.273	33.039	30.937	
6736	519.01	28.273	33.039	30.937	
6737	519.02	28.273	33.039	30.937	
6738	519.05	28.273	33.039	30.937	
6739	519.14	28.273	33.039	30.937	
6740	519.24	28.273	33.04	30.937	
6741	519.34	28.273	33.04	30.937	
6742	519.44	28.273	33.04	30.937	
6743	519.54	28.273	33.04	30.937	
6744	519.64	28.273	33.04	30.938	
6745	519.74	28.273	33.04	30.938	
6746	519.84	28.273	33.041	30.938	
6747	519.94	28.273	33.041	30.938	
6748	520.	28.273	33.041	30.938	
6749	520.01	28.273	33.041	30.938	
6750	520.02	28.273	33.041	30.938	
6751	520.05	28.274	33.041	30.938	
6752	520.14	28.274	33.041	30.938	
6753	520.24	28.274	33.041	30.938	
6754	520.34	28.274	33.041	30.938	
6755	520.44	28.274	33.041	30.939	
6756	520.54	28.274	33.042	30.939	
6757	520.64	28.274	33.042	30.939	
6758	520.74	28.274	33.042	30.939	
6759	520.84	28.274	33.042	30.939	
6760	520.94	28.274	33.042	30.939	
6761	521.	28.274	33.042	30.939	
6762	521.01	28.274	33.042	30.939	
6763	521.02	28.274	33.042	30.939	
6764	521.05	28.274	33.042	30.939	
6765	521.14	28.275	33.043	30.94	
6766	521.24	28.275	33.043	30.94	
6767	521.34	28.275	33.043	30.94	
6768	521.44	28.275	33.043	30.94	
6769	521.54	28.275	33.043	30.94	
6770	521.64	28.275	33.043	30.94	
6771	521.74	28.275	33.043	30.94	
6772	521.84	28.275	33.044	30.94	
6773	521.94	28.275	33.044	30.941	
6774	522.	28.275	33.044	30.941	
6775	522.01	28.275	33.044	30.941	
6776	522.02	28.275	33.044	30.941	
6777	522.05	28.275	33.044	30.941	
6778	522.14	28.276	33.044	30.941	
6779	522.24	28.276	33.044	30.941	
6780	522.34	28.276	33.044	30.941	
6781	522.44	28.276	33.045	30.941	
6782	522.54	28.276	33.045	30.941	
6783	522.64	28.276	33.045	30.941	
6784	522.74	28.276	33.045	30.942	
6785	522.84	28.276	33.045	30.942	
6786	522.94	28.276	33.045	30.942	
6787	523.	28.276	33.045	30.942	
6788	523.01	28.276	33.045	30.942	
6789	523.02	28.276	33.045	30.942	
6790	523.05	28.276	33.045	30.942	
6791	523.14	28.277	33.046	30.942	
6792	523.24	28.277	33.046	30.942	
6793	523.34	28.277	33.046	30.942	
6794	523.44	28.277	33.046	30.942	
6795	523.54	28.277	33.046	30.943	
6796	523.64	28.277	33.046	30.943	
6797	523.74	28.277	33.047	30.943	
6798	523.84	28.277	33.047	30.943	
6799	523.94	28.277	33.047	30.943	
6800	524.	28.277	33.047	30.943	
6801	524.01	28.277	33.047	30.943	
6802	524.02	28.277	33.047	30.943	
6803	524.05	28.277	33.047	30.943	
6804	524.14	28.277	33.047	30.943	
6805	524.24	28.278	33.047	30.943	
6806	524.34	28.278	33.047	30.944	
6807	524.44	28.278	33.048	30.944	
6808	524.54	28.278	33.048	30.944	
6809	524.64	28.278	33.048	30.944	
6810	524.74	28.278	33.048	30.944	
6811	524.84	28.278	33.048	30.944	
6812	524.94	28.278	33.048	30.944	
6813	525.	28.278	33.048	30.944	
6814	525.01	28.278	33.048	30.944	
6815	525.02	28.278	33.048	30.944	
6816	525.05	28.278	33.049	30.944	
6817	525.14	28.278	33.049	30.945	
6818	525.24	28.279	33.049	30.945	
6819	525.34	28.279	33.049	30.945	
6820	525.44	28.279	33.049	30.945	
6821	525.54	28.279	33.049	30.945	
6822	525.64	28.279	33.049	30.945	
6823	525.74	28.279	33.05	30.945	
6824	525.84	28.279	33.05	30.946	
6825	525.94	28.279	33.05	30.946	
6826	526.	28.279	33.05	30.946	
6827	526.01	28.279	33.05	30.946	
6828	526.02	28.279	33.05	30.946	
6829	526.05	28.279	33.05	30.946	
6830	526.14	28.279	33.05	30.946	
6831	526.24	28.28	33.05	30.946	
6832	526.34	28.28	33.05	30.946	
6833	526.44	28.28	33.051	30.946	
6834	526.54	28.28	33.051	30.946	
6835	526.64	28.28	33.051	30.947	
6836	526.74	28.28	33.051	30.947	
6837	526.84	28.28	33.051	30.947	
6838	526.94	28.28	33.051	30.947	
6839	527.	28.28	33.052	30.947	
6840	527.01	28.28	33.052	30.947	
6841	527.02	28.28	33.052	30.947	
6842	527.05	28.28	33.052	30.947	
6843	527.14	28.28	33.052	30.947	
6844	527.24	28.28	33.052	30.947	
6845	527.34	28.281	33.052	30.947	
6846	527.44	28.281	33.052	30.948	
6847	527.54	28.281	33.052	30.948	
6848	527.64	28.281	33.052	30.948	
6849	527.74	28.281	33.053	30.948	
6850	527.84	28.281	33.053	30.948	
6851	527.94	28.281	33.053	30.948	
6852	528.	28.281	33.053	30.948	
6853	528.01	28.281	33.053	30.948	
6854	528.02	28.281	33.053	30.948	
6855	528.05	28.281	33.053	30.948	
6856	528.14	28.281	33.053	30.948	
6857	528.24	28.281	33.053	30.949	
6858	528.34	28.282	33.054	30.949	
6859	528.44	28.282	33.054	30.949	
6860	528.54	28.282	33.054	30.949	
6861	528.64	28.282	33.054	30.949	
6862	528.74	28.282	33.054	30.949	
6863	528.84	28.282	33.054	30.949	
6864	528.94	28.282	33.054	30.949	
6865	529.	28.282	33.055	30.95	
6866	529.01	28.282	33.055	30.95	
6867	529.02	28.282	33.055	30.95	
6868	529.05	28.282	33.055	30.95	
6869	529.14	28.282	33.055	30.95	
6870	529.24	28.282	33.055	30.95	
6871	529.34	28.282	33.055	30.95	
6872	529.44	28.283	33.055	30.95	
6873	529.54	28.283	33.055	30.95	
6874	529.64	28.283	33.056	30.95	
6875	529.74	28.283	33.056	30.95	
6876	529.84	28.283	33.056	30.951	
6877	529.94	28.283	33.056	30.951	
6878	530.	28.283	33.056	30.951	
6879	530.01	28.283	33.056	30.951	
6880	530.02	28.283	33.056	30.951	
6881	530.05	28.283	33.056	30.951	
6882	530.14	28.283	33.056	30.951	
6883	530.24	28.283	33.056	30.951	
6884	530.34	28.283	33.057	30.951	
6885	530.44	28.284	33.057	30.951	
6886	530.54	28.284	33.057	30.952	
6887	530.64	28.284	33.057	30.952	
6888	530.74	28.284	33.057	30.952	
6889	530.84	28.284	33.057	30.952	
6890	530.94	28.284	33.058	30.952	
6891	531.	28.284	33.058	30.952	
6892	531.01	28.284	33.058	30.952	
6893	531.02	28.284	33.058	30.952	
6894	531.05	28.284	33.058	30.952	
6895	531.14	28.284	33.058	30.952	
6896	531.24	28.284	33.058	30.952	
6897	531.34	28.284	33.058	30.953	
6898	531.44	28.285	33.058	30.953	
6899	531.54	28.285	33.058	30.953	
6900	531.64	28.285	33.059	30.953	
6901	531.74	28.285	33.059	30.953	
6902	531.84	28.285	33.059	30.953	
6903	531.94	28.285	33.059	30.953	
6904	532.	28.285	33.059	30.953	
6905	532.01	28.285	33.059	30.953	
6906	532.02	28.285	33.059	30.953	
6907	532.05	28.285	33.059	30.953	
6908	532.14	28.285	33.059	30.954	
6909	532.24	28.285	33.06	30.954	
6910	532.34	28.285	33.06	30.954	
6911	532.44	28.285	33.06	30.954	
6912	532.54	28.286	33.06	30.954	
6913	532.64	28.286	33.06	30.954	
6914	532.74	28.286	33.06	30.954	
6915	532.84	28.286	33.06	30.954	
6916	532.94	28.286	33.061	30.955	
6917	533.	28.286	33.061	30.955	
6918	533.01	28.286	33.061	30.955	
6919	533.02	28.286	33.061	30.955	
6920	533.05	28.286	33.061	30.955	
6921	533.14	28.286	33.061	30.955	
6922	533.24	28.286	33.061	30.955	
6923	533.34	28.286	33.061	30.955	
6924	533.44	28.286	33.061	30.955	
6925	533.54	28.287	33.062	30.955	
6926	533.64	28.287	33.062	30.955	
6927	533.74	28.287	33.062	30.956	
6928	533.84	28.287	33.062	30.956	
6929	533.94	28.287	33.062	30.956	
6930	534.	28.287	33.062	30.956	
6931	534.01	28.287	33.062	30.956	
6932	534.02	28.287	33.062	30.956	
6933	534.05	28.287	33.062	30.956	
6934	534.14	28.287	33.062	30.956	
6935	534.24	28.287	33.063	30.956	
6936	534.34	28.287	33.063	30.956	
6937	534.44	28.287	33.063	30.956	
6938	534.54	28.288	33.063	30.957	
6939	534.64	28.288	33.063	30.957	
6940	534.74	28.288	33.063	30.957	
6941	534.84	28.288	33.064	30.957	
6942	534.94	28.288	33.064	30.957	
6943	535.	28.288	33.064	30.957	
6944	535.01	28.288	33.064	30.957	
6945	535.02	28.288	33.064	30.957	
6946	535.05	28.288	33.064	30.957	
6947	535.14	28.288	33.064	30.957	
6948	535.24	28.288	33.064	30.958	
6949	535.34	28.288	33.064	30.958	
6950	535.44	28.288	33.064	30.958	
6951	535.54	28.288	33.065	30.958	
6952	535.64	28.289	33.065	30.958	
6953	535.74	28.289	33.065	30.958	
6954	535.84	28.289	33.065	30.958	
6955	535.94	28.289	33.065	30.958	
6956	536.	28.289	33.065	30.958	
6957	536.01	28.289	33.065	30.958	
6958	536.02	28.289	33.065	30.959	
6959	536.05	28.289	33.065	30.959	
6960	536.14	28.289	33.066	30.959	
6961	536.24	28.289	33.066	30.959	
6962	536.34	28.289	33.066	30.959	
6963	536.44	28.289	33.066	30.959	
6964	536.54	28.289	33.066	30.959	
6965	536.64	28.29	33.066	30.959	
6966	536.74	28.29	33.066	30.959	
6967	536.84	28.29	33.067	30.96	
6968	536.94	28.29	33.067	30.96	
6969	537.	28.29	33.067	30.96	
6970	537.01	28.29	33.067	30.96	
6971	537.02	28.29	33.067	30.96	
6972	537.05	28.29	33.067	30.96	
6973	537.14	28.29	33.067	30.96	
6974	537.24	28.29	33.067	30.96	
6975	537.34	28.29	33.067	30.96	
6976	537.44	28.29	33.068	30.96	
6977	537.54	28.29	33.068	30.96	
6978	537.64	28.29	33.068	30.961	
6979	537.74	28.291	33.068	30.961	
6980	537.84	28.291	33.068	30.961	
6981	537.94	28.291	33.068	30.961	
6982	538.	28.291	33.068	30.961	
6983	538.01	28.291	33.068	30.961	
6984	538.02	28.291	33.068	30.961	
6985	538.05	28.291	33.069	30.961	
6986	538.14	28.291	33.069	30.961	
6987	538.24	28.291	33.069	30.961	
6988	538.34	28.291	33.069	30.961	
6989	538.44	28.291	33.069	30.962	
6990	538.54	28.291	33.069	30.962	
6991	538.64	28.291	33.069	30.962	
6992	538.74	28.292	33.07	30.962	
6993	538.84	28.292	33.07	30.962	
6994	538.94	28.292	33.07	30.962	
6995	539.	28.292	33.07	30.962	
6996	539.01	28.292	33.07	30.962	
6997	539.02	28.292	33.07	30.962	
6998	539.05	28.292	33.07	30.962	
6999	539.14	28.292	33.07	30.962	
7000	539.24	28.292	33.07	30.963	
7001	539.34	28.292	33.07	30.963	
7002	539.44	28.292	33.071	30.963	
7003	539.54	28.292	33.071	30.963	
7004	539.64	28.292	33.071	30.963	
7005	539.74	28.293	33.071	30.963	
7006	539.84	28.293	33.071	30.963	
7007	539.94	28.293	33.071	30.964	
7008	540.	28.293	33.072	30.964	
7009	540.01	28.293	33.072	30.964	
7010	540.02	28.293	33.072	30.964	
7011	540.05	28.293	33.072	30.964	
7012	540.14	28.293	33.072	30.964	
7013	540.24	28.293	33.072	30.964	
7014	540.34	28.293	33.072	30.964	
7015	540.44	28.293	33.072	30.964	
7016	540.54	28.293	33.072	30.964	
7017	540.64	28.293	33.072	30.964	
7018	540.74	28.293	33.073	30.965	
7019	540.84	28.294	33.073	30.965	
7020	540.94	28.294	33.073	30.965	
7021	541.	28.294	33.073	30.965	
7022	541.01	28.294	33.073	30.965	
7023	541.02	28.294	33.073	30.965	
7024	541.05	28.294	33.073	30.965	
7025	541.14	28.294	33.073	30.965	
7026	541.24	28.294	33.073	30.965	
7027	541.34	28.294	33.074	30.965	
7028	541.44	28.294	33.074	30.965	
7029	541.54	28.294	33.074	30.966	
7030	541.64	28.294	33.074	30.966	
7031	541.74	28.294	33.074	30.966	
7032	541.84	28.295	33.074	30.966	
7033	541.94	28.295	33.074	30.966	
7034	542.	28.295	33.075	30.966	
7035	542.01	28.295	33.075	30.966	
7036	542.02	28.295	33.075	30.966	
7037	542.05	28.295	33.075	30.966	
7038	542.14	28.295	33.075	30.966	
7039	542.24	28.295	33.075	30.966	
7040	542.34	28.295	33.075	30.967	
7041	542.44	28.295	33.075	30.967	
7042	542.54	28.295	33.075	30.967	
7043	542.64	28.295	33.076	30.967	
7044	542.74	28.295	33.076	30.967	
7045	542.84	28.295	33.076	30.967	
7046	542.94	28.296	33.076	30.967	
7047	543.	28.296	33.076	30.967	
7048	543.01	28.296	33.076	30.967	
7049	543.02	28.296	33.076	30.967	
7050	543.05	28.296	33.076	30.967	
7051	543.14	28.296	33.076	30.968	
7052	543.24	28.296	33.076	30.968	
7053	543.34	28.296	33.077	30.968	
7054	543.44	28.296	33.077	30.968	
7055	543.54	28.296	33.077	30.968	
7056	543.64	28.296	33.077	30.968	
7057	543.74	28.296	33.077	30.968	
7058	543.84	28.296	33.077	30.968	
7059	543.94	28.297	33.078	30.969	
7060	544.	28.297	33.078	30.969	
7061	544.01	28.297	33.078	30.969	
7062	544.02	28.297	33.078	30.969	
7063	544.05	28.297	33.078	30.969	
7064	544.14	28.297	33.078	30.969	
7065	544.24	28.297	33.078	30.969	
7066	544.34	28.297	33.078	30.969	
7067	544.44	28.297	33.078	30.969	
7068	544.54	28.297	33.078	30.969	
7069	544.64	28.297	33.079	30.97	
7070	544.74	28.297	33.079	30.97	
7071	544.84	28.297	33.079	30.97	
7072	544.94	28.298	33.079	30.97	
7073	545.	28.298	33.079	30.97	
7074	545.01	28.298	33.079	30.97	
7075	545.02	28.298	33.079	30.97	
7076	545.05	28.298	33.079	30.97	
7077	545.14	28.298	33.079	30.97	
7078	545.24	28.298	33.08	30.97	
7079	545.34	28.298	33.08	30.97	
7080	545.44	28.298	33.08	30.971	
7081	545.54	28.298	33.08	30.971	
7082	545.64	28.298	33.08	30.971	
7083	545.74	28.298	33.08	30.971	
7084	545.84	28.298	33.081	30.971	
7085	545.94	28.298	33.081	30.971	
7086	546.	28.299	33.081	30.971	
7087	546.01	28.299	33.081	30.971	
7088	546.02	28.299	33.081	30.971	
7089	546.05	28.299	33.081	30.971	
7090	546.14	28.299	33.081	30.971	
7091	546.24	28.299	33.081	30.972	
7092	546.34	28.299	33.081	30.972	
7093	546.44	28.299	33.081	30.972	
7094	546.54	28.299	33.082	30.972	
7095	546.64	28.299	33.082	30.972	
7096	546.74	28.299	33.082	30.972	
7097	546.84	28.299	33.082	30.972	
7098	546.94	28.299	33.082	30.972	
7099	547.	28.299	33.082	30.973	
7100	547.01	28.299	33.082	30.973	
7101	547.02	28.3	33.082	30.973	
7102	547.05	28.3	33.082	30.973	
7103	547.14	28.3	33.083	30.973	
7104	547.24	28.3	33.083	30.973	
7105	547.34	28.3	33.083	30.973	
7106	547.44	28.3	33.083	30.973	
7107	547.54	28.3	33.083	30.973	
7108	547.64	28.3	33.083	30.973	
7109	547.74	28.3	33.083	30.973	
7110	547.84	28.3	33.084	30.974	
7111	547.94	28.3	33.084	30.974	
7112	548.	28.3	33.084	30.974	
7113	548.01	28.3	33.084	30.974	
7114	548.02	28.3	33.084	30.974	
7115	548.05	28.3	33.084	30.974	
7116	548.14	28.301	33.084	30.974	
7117	548.24	28.301	33.084	30.974	
7118	548.34	28.301	33.084	30.974	
7119	548.44	28.301	33.085	30.974	
7120	548.54	28.301	33.085	30.975	
7121	548.64	28.301	33.085	30.975	
7122	548.74	28.301	33.085	30.975	
7123	548.84	28.301	33.085	30.975	
7124	548.94	28.301	33.085	30.975	
7125	549.	28.301	33.085	30.975	
7126	549.01	28.301	33.085	30.975	
7127	549.02	28.301	33.085	30.975	
7128	549.05	28.301	33.085	30.975	
7129	549.14	28.302	33.086	30.975	
7130	549.24	28.302	33.086	30.975	
7131	549.34	28.302	33.086	30.976	
7132	549.44	28.302	33.086	30.976	
7133	549.54	28.302	33.086	30.976	
7134	549.64	28.302	33.086	30.976	
7135	549.74	28.302	33.087	30.976	
7136	549.84	28.302	33.087	30.976	
7137	549.94	28.302	33.087	30.976	
7138	550.	28.302	33.087	30.976	
7139	550.01	28.302	33.087	30.976	
7140	550.02	28.302	33.087	30.976	
7141	550.05	28.302	33.087	30.976	
7142	550.14	28.303	33.087	30.977	
7143	550.24	28.303	33.087	30.977	
7144	550.34	28.303	33.087	30.977	
7145	550.44	28.303	33.088	30.977	
7146	550.54	28.303	33.088	30.977	
7147	550.64	28.303	33.088	30.977	
7148	550.74	28.303	33.088	30.977	
7149	550.84	28.303	33.088	30.977	
7150	550.94	28.303	33.088	30.978	
7151	551.	28.303	33.088	30.978	
7152	551.01	28.303	33.088	30.978	
7153	551.02	28.303	33.088	30.978	
7154	551.05	28.303	33.089	30.978	
7155	551.14	28.303	33.089	30.978	
7156	551.24	28.304	33.089	30.978	
7157	551.34	28.304	33.089	30.978	
7158	551.44	28.304	33.089	30.978	
7159	551.54	28.304	33.089	30.978	
7160	551.64	28.304	33.089	30.978	
7161	551.74	28.304	33.09	30.979	
7162	551.84	28.304	33.09	30.979	
7163	551.94	28.304	33.09	30.979	
7164	552.	28.304	33.09	30.979	
7165	552.01	28.304	33.09	30.979	
7166	552.02	28.304	33.09	30.979	
7167	552.05	28.304	33.09	30.979	
7168	552.14	28.304	33.09	30.979	
7169	552.24	28.305	33.09	30.979	
7170	552.34	28.305	33.091	30.979	
7171	552.44	28.305	33.091	30.979	
7172	552.54	28.305	33.091	30.98	
7173	552.64	28.305	33.091	30.98	
7174	552.74	28.305	33.091	30.98	
7175	552.84	28.305	33.091	30.98	
7176	552.94	28.305	33.091	30.98	
7177	553.	28.305	33.092	30.98	
7178	553.01	28.305	33.092	30.98	
7179	553.02	28.305	33.092	30.98	
7180	553.05	28.305	33.092	30.98	
7181	553.14	28.305	33.092	30.98	
7182	553.24	28.305	33.092	30.981	
7183	553.34	28.306	33.092	30.981	
7184	553.44	28.306	33.092	30.981	
7185	553.54	28.306	33.092	30.981	
7186	553.64	28.306	33.093	30.981	
7187	553.74	28.306	33.093	30.981	
7188	553.84	28.306	33.093	30.981	
7189	553.94	28.306	33.093	30.981	
7190	554.	28.306	33.093	30.981	
7191	554.01	28.306	33.093	30.981	
7192	554.02	28.306	33.093	30.982	
7193	554.05	28.306	33.093	30.982	
7194	554.14	28.306	33.093	30.982	
7195	554.24	28.306	33.093	30.982	
7196	554.34	28.307	33.094	30.982	
7197	554.44	28.307	33.094	30.982	
7198	554.54	28.307	33.094	30.982	
7199	554.64	28.307	33.094	30.982	
7200	554.74	28.307	33.094	30.982	
7201	554.84	28.307	33.094	30.983	
7202	554.94	28.307	33.095	30.983	
7203	555.	28.307	33.095	30.983	
7204	555.01	28.307	33.095	30.983	
7205	555.02	28.307	33.095	30.983	
7206	555.05	28.307	33.095	30.983	
7207	555.14	28.307	33.095	30.983	
7208	555.24	28.307	33.095	30.983	
7209	555.34	28.308	33.095	30.983	
7210	555.44	28.308	33.095	30.983	
7211	555.54	28.308	33.095	30.983	
7212	555.64	28.308	33.096	30.984	
7213	555.74	28.308	33.096	30.984	
7214	555.84	28.308	33.096	30.984	
7215	555.94	28.308	33.096	30.984	
7216	556.	28.308	33.096	30.984	
7217	556.01	28.308	33.096	30.984	
7218	556.02	28.308	33.096	30.984	
7219	556.05	28.308	33.096	30.984	
7220	556.14	28.308	33.096	30.984	
7221	556.24	28.308	33.097	30.984	
7222	556.34	28.308	33.097	30.984	
7223	556.44	28.309	33.097	30.985	
7224	556.54	28.309	33.097	30.985	
7225	556.64	28.309	33.097	30.985	
7226	556.74	28.309	33.097	30.985	
7227	556.84	28.309	33.097	30.985	
7228	556.94	28.309	33.098	30.985	
7229	557.	28.309	33.098	30.985	
7230	557.01	28.309	33.098	30.985	
7231	557.02	28.309	33.098	30.985	
7232	557.05	28.309	33.098	30.985	
7233	557.14	28.309	33.098	30.985	
7234	557.24	28.309	33.098	30.986	
7235	557.34	28.309	33.098	30.986	
7236	557.44	28.31	33.098	30.986	
7237	557.54	28.31	33.099	30.986	
7238	557.64	28.31	33.099	30.986	
7239	557.74	28.31	33.099	30.986	
7240	557.84	28.31	33.099	30.986	
7241	557.94	28.31	33.099	30.987	
7242	558.	28.31	33.099	30.987	
7243	558.01	28.31	33.099	30.987	
7244	558.02	28.31	33.099	30.987	
7245	558.05	28.31	33.099	30.987	
7246	558.14	28.31	33.099	30.987	
7247	558.24	28.31	33.1	30.987	
7248	558.34	28.31	33.1	30.987	
7249	558.44	28.31	33.1	30.987	
7250	558.54	28.311	33.1	30.987	
7251	558.64	28.311	33.1	30.987	
7252	558.74	28.311	33.1	30.988	
7253	558.84	28.311	33.101	30.988	
7254	558.94	28.311	33.101	30.988	
7255	559.	28.311	33.101	30.988	
7256	559.01	28.311	33.101	30.988	
7257	559.02	28.311	33.101	30.988	
7258	559.05	28.311	33.101	30.988	
7259	559.14	28.311	33.101	30.988	
7260	559.24	28.311	33.101	30.988	
7261	559.34	28.311	33.101	30.988	
7262	559.44	28.311	33.101	30.988	
7263	559.54	28.312	33.102	30.989	
7264	559.64	28.312	33.102	30.989	
7265	559.74	28.312	33.102	30.989	
7266	559.84	28.312	33.102	30.989	
7267	559.94	28.312	33.102	30.989	
7268	560.	28.312	33.102	30.989	
7269	560.01	28.312	33.102	30.989	
7270	560.02	28.312	33.102	30.989	
7271	560.05	28.312	33.102	30.989	
7272	560.14	28.312	33.103	30.989	
7273	560.24	28.312	33.103	30.989	
7274	560.34	28.312	33.103	30.99	
7275	560.44	28.312	33.103	30.99	
7276	560.54	28.312	33.103	30.99	
7277	560.64	28.313	33.103	30.99	
7278	560.74	28.313	33.103	30.99	
7279	560.84	28.313	33.104	30.99	
7280	560.94	28.313	33.104	30.99	
7281	561.	28.313	33.104	30.99	
7282	561.01	28.313	33.104	30.99	
7283	561.02	28.313	33.104	30.99	
7284	561.05	28.313	33.104	30.99	
7285	561.14	28.313	33.104	30.991	
7286	561.24	28.313	33.104	30.991	
7287	561.34	28.313	33.104	30.991	
7288	561.44	28.313	33.105	30.991	
7289	561.54	28.313	33.105	30.991	
7290	561.64	28.314	33.105	30.991	
7291	561.74	28.314	33.105	30.991	
7292	561.84	28.314	33.105	30.992	
7293	561.94	28.314	33.105	30.992	
7294	562.	28.314	33.105	30.992	
7295	562.01	28.314	33.105	30.992	
7296	562.02	28.314	33.105	30.992	
7297	562.05	28.314	33.106	30.992	
7298	562.14	28.314	33.106	30.992	
7299	562.24	28.314	33.106	30.992	
7300	562.34	28.314	33.106	30.992	
7301	562.44	28.314	33.106	30.992	
7302	562.54	28.314	33.106	30.992	
7303	562.64	28.315	33.106	30.993	
7304	562.74	28.315	33.107	30.993	
7305	562.84	28.315	33.107	30.993	
7306	562.94	28.315	33.107	30.993	
7307	563.	28.315	33.107	30.993	
7308	563.01	28.315	33.107	30.993	
7309	563.02	28.315	33.107	30.993	
7310	563.05	28.315	33.107	30.993	
7311	563.14	28.315	33.107	30.993	
7312	563.24	28.315	33.107	30.993	
7313	563.34	28.315	33.107	30.993	
7314	563.44	28.315	33.108	30.994	
7315	563.54	28.315	33.108	30.994	
7316	563.64	28.315	33.108	30.994	
7317	563.74	28.316	33.108	30.994	
7318	563.84	28.316	33.108	30.994	
7319	563.94	28.316	33.108	30.994	
7320	564.	28.316	33.109	30.994	
7321	564.01	28.316	33.109	30.994	
7322	564.02	28.316	33.109	30.994	
7323	564.05	28.316	33.109	30.994	
7324	564.14	28.316	33.109	30.994	
7325	564.24	28.316	33.109	30.995	
7326	564.34	28.316	33.109	30.995	
7327	564.44	28.316	33.109	30.995	
7328	564.54	28.316	33.109	30.995	
7329	564.64	28.316	33.11	30.995	
7330	564.74	28.317	33.11	30.995	
7331	564.84	28.317	33.11	30.995	
7332	564.94	28.317	33.11	30.995	
7333	565.	28.317	33.11	30.996	
7334	565.01	28.317	33.11	30.996	
7335	565.02	28.317	33.11	30.996	
7336	565.05	28.317	33.11	30.996	
7337	565.14	28.317	33.11	30.996	
7338	565.24	28.317	33.11	30.996	
7339	565.34	28.317	33.111	30.996	
7340	565.44	28.317	33.111	30.996	
7341	565.54	28.317	33.111	30.996	
7342	565.64	28.317	33.111	30.996	
7343	565.74	28.317	33.111	30.996	
7344	565.84	28.318	33.111	30.997	
7345	565.94	28.318	33.112	30.997	
7346	566.	28.318	33.112	30.997	
7347	566.01	28.318	33.112	30.997	
7348	566.02	28.318	33.112	30.997	
7349	566.05	28.318	33.112	30.997	
7350	566.14	28.318	33.112	30.997	
7351	566.24	28.318	33.112	30.997	
7352	566.34	28.318	33.112	30.997	
7353	566.44	28.318	33.112	30.997	
7354	566.54	28.318	33.112	30.998	
7355	566.64	28.318	33.113	30.998	
7356	566.74	28.318	33.113	30.998	
7357	566.84	28.319	33.113	30.998	
7358	566.94	28.319	33.113	30.998	
7359	567.	28.319	33.113	30.998	
7360	567.01	28.319	33.113	30.998	
7361	567.02	28.319	33.113	30.998	
7362	567.05	28.319	33.113	30.998	
7363	567.14	28.319	33.113	30.998	
7364	567.24	28.319	33.114	30.998	
7365	567.34	28.319	33.114	30.999	
7366	567.44	28.319	33.114	30.999	
7367	567.54	28.319	33.114	30.999	
7368	567.64	28.319	33.114	30.999	
7369	567.74	28.319	33.114	30.999	
7370	567.84	28.319	33.114	30.999	
7371	567.94	28.32	33.115	30.999	
7372	568.	28.32	33.115	30.999	
7373	568.01	28.32	33.115	30.999	
7374	568.02	28.32	33.115	30.999	
7375	568.05	28.32	33.115	30.999	
7376	568.14	28.32	33.115	31.	
7377	568.24	28.32	33.115	31.	
7378	568.34	28.32	33.115	31.	
7379	568.44	28.32	33.115	31.	
7380	568.54	28.32	33.116	31.	
7381	568.64	28.32	33.116	31.	
7382	568.74	28.32	33.116	31.	
7383	568.84	28.32	33.116	31.	
7384	568.94	28.321	33.116	31.001	
7385	569.	28.321	33.116	31.001	
7386	569.01	28.321	33.116	31.001	
7387	569.02	28.321	33.116	31.001	
7388	569.05	28.321	33.116	31.001	
7389	569.14	28.321	33.116	31.001	
7390	569.24	28.321	33.117	31.001	
7391	569.34	28.321	33.117	31.001	
7392	569.44	28.321	33.117	31.001	
7393	569.54	28.321	33.117	31.001	
7394	569.64	28.321	33.117	31.001	
7395	569.74	28.321	33.117	31.002	
7396	569.84	28.321	33.118	31.002	
7397	569.94	28.321	33.118	31.002	
7398	570.	28.322	33.118	31.002	
7399	570.01	28.322	33.118	31.002	
7400	570.02	28.322	33.118	31.002	
7401	570.05	28.322	33.118	31.002	
7402	570.14	28.322	33.118	31.002	
7403	570.24	28.322	33.118	31.002	
7404	570.34	28.322	33.118	31.002	
7405	570.44	28.322	33.118	31.002	
7406	570.54	28.322	33.119	31.003	
7407	570.64	28.322	33.119	31.003	
7408	570.74	28.322	33.119	31.003	
7409	570.84	28.322	33.119	31.003	
7410	570.94	28.322	33.119	31.003	
7411	571.	28.323	33.119	31.003	
7412	571.01	28.323	33.119	31.003	
7413	571.02	28.323	33.119	31.003	
7414	571.05	28.323	33.119	31.003	
7415	571.14	28.323	33.12	31.003	
7416	571.24	28.323	33.12	31.004	
7417	571.34	28.323	33.12	31.004	
7418	571.44	28.323	33.12	31.004	
7419	571.54	28.323	33.12	31.004	
7420	571.64	28.323	33.12	31.004	
7421	571.74	28.323	33.12	31.004	
7422	571.84	28.323	33.121	31.004	
7423	571.94	28.323	33.121	31.004	
7424	572.	28.323	33.121	31.004	
7425	572.01	28.323	33.121	31.005	
7426	572.02	28.323	33.121	31.005	
7427	572.05	28.324	33.121	31.005	
7428	572.14	28.324	33.121	31.005	
7429	572.24	28.324	33.121	31.005	
7430	572.34	28.324	33.121	31.005	
7431	572.44	28.324	33.122	31.005	
7432	572.54	28.324	33.122	31.005	
7433	572.64	28.324	33.122	31.005	
7434	572.74	28.324	33.122	31.005	
7435	572.84	28.324	33.122	31.006	
7436	572.94	28.324	33.122	31.006	
7437	573.	28.324	33.122	31.006	
7438	573.01	28.324	33.122	31.006	
7439	573.02	28.324	33.122	31.006	
7440	573.05	28.324	33.123	31.006	
7441	573.14	28.325	33.123	31.006	
7442	573.24	28.325	33.123	31.006	
7443	573.34	28.325	33.123	31.006	
7444	573.44	28.325	33.123	31.006	
7445	573.54	28.325	33.123	31.006	
7446	573.64	28.325	33.123	31.007	
7447	573.74	28.325	33.124	31.007	
7448	573.84	28.325	33.124	31.007	
7449	573.94	28.325	33.124	31.007	
7450	574.	28.325	33.124	31.007	
7451	574.01	28.325	33.124	31.007	
7452	574.02	28.325	33.124	31.007	
7453	574.05	28.325	33.124	31.007	
7454	574.14	28.326	33.124	31.007	
7455	574.24	28.326	33.124	31.007	
7456	574.34	28.326	33.124	31.007	
7457	574.44	28.326	33.125	31.008	
7458	574.54	28.326	33.125	31.008	
7459	574.64	28.326	33.125	31.008	
7460	574.74	28.326	33.125	31.008	
7461	574.84	28.326	33.125	31.008	
7462	574.94	28.326	33.125	31.008	
7463	575.	28.326	33.126	31.008	
7464	575.01	28.326	33.126	31.008	
7465	575.02	28.326	33.126	31.008	
7466	575.05	28.326	33.126	31.008	
7467	575.14	28.326	33.126	31.009	
7468	575.24	28.327	33.126	31.009	
7469	575.34	28.327	33.126	31.009	
7470	575.44	28.327	33.126	31.009	
7471	575.54	28.327	33.126	31.009	
7472	575.64	28.327	33.127	31.009	
7473	575.74	28.327	33.127	31.009	
7474	575.84	28.327	33.127	31.009	
7475	575.94	28.327	33.127	31.01	
7476	576.	28.327	33.127	31.01	
7477	576.01	28.327	33.127	31.01	
7478	576.02	28.327	33.127	31.01	
7479	576.05	28.327	33.127	31.01	
7480	576.14	28.327	33.127	31.01	
7481	576.24	28.328	33.127	31.01	
7482	576.34	28.328	33.128	31.01	
7483	576.44	28.328	33.128	31.01	
7484	576.54	28.328	33.128	31.01	
7485	576.64	28.328	33.128	31.01	
7486	576.74	28.328	33.128	31.011	
7487	576.84	28.328	33.128	31.011	
7488	576.94	28.328	33.129	31.011	
7489	577.	28.328	33.129	31.011	
7490	577.01	28.328	33.129	31.011	
7491	577.02	28.328	33.129	31.011	
7492	577.05	28.328	33.129	31.011	
7493	577.14	28.328	33.129	31.011	
7494	577.24	28.328	33.129	31.011	
7495	577.34	28.329	33.129	31.011	
7496	577.44	28.329	33.129	31.011	
7497	577.54	28.329	33.129	31.012	
7498	577.64	28.329	33.13	31.012	
7499	577.74	28.329	33.13	31.012	
7500	577.84	28.329	33.13	31.012	
7501	577.94	28.329	33.13	31.012	
7502	578.	28.329	33.13	31.012	
7503	578.01	28.329	33.13	31.012	
7504	578.02	28.329	33.13	31.012	
7505	578.05	28.329	33.13	31.012	
7506	578.14	28.329	33.13	31.012	
7507	578.24	28.329	33.131	31.012	
7508	578.34	28.33	33.131	31.013	
7509	578.44	28.33	33.131	31.013	
7510	578.54	28.33	33.131	31.013	
7511	578.64	28.33	33.131	31.013	
7512	578.74	28.33	33.131	31.013	
7513	578.84	28.33	33.131	31.013	
7514	578.94	28.33	33.132	31.013	
7515	579.	28.33	33.132	31.013	
7516	579.01	28.33	33.132	31.013	
7517	579.02	28.33	33.132	31.013	
7518	579.05	28.33	33.132	31.014	
7519	579.14	28.33	33.132	31.014	
7520	579.24	28.33	33.132	31.014	
7521	579.34	28.33	33.132	31.014	
7522	579.44	28.331	33.132	31.014	
7523	579.54	28.331	33.133	31.014	
7524	579.64	28.331	33.133	31.014	
7525	579.74	28.331	33.133	31.014	
7526	579.84	28.331	33.133	31.015	
7527	579.94	28.331	33.133	31.015	
7528	580.	28.331	33.133	31.015	
7529	580.01	28.331	33.133	31.015	
7530	580.02	28.331	33.133	31.015	
7531	580.05	28.331	33.133	31.015	
7532	580.14	28.331	33.133	31.015	
7533	580.24	28.331	33.134	31.015	
7534	580.34	28.331	33.134	31.015	
7535	580.44	28.332	33.134	31.015	
7536	580.54	28.332	33.134	31.015	
7537	580.64	28.332	33.134	31.016	
7538	580.74	28.332	33.134	31.016	
7539	580.84	28.332	33.135	31.016	
7540	580.94	28.332	33.135	31.016	
7541	581.	28.332	33.135	31.016	
7542	581.01	28.332	33.135	31.016	
7543	581.02	28.332	33.135	31.016	
7544	581.05	28.332	33.135	31.016	
7545	581.14	28.332	33.135	31.016	
7546	581.24	28.332	33.135	31.016	
7547	581.34	28.332	33.135	31.016	
7548	581.44	28.332	33.135	31.017	
7549	581.54	28.333	33.136	31.017	
7550	581.64	28.333	33.136	31.017	
7551	581.74	28.333	33.136	31.017	
7552	581.84	28.333	33.136	31.017	
7553	581.94	28.333	33.136	31.017	
7554	582.	28.333	33.136	31.017	
7555	582.01	28.333	33.136	31.017	
7556	582.02	28.333	33.136	31.017	
7557	582.05	28.333	33.136	31.017	
7558	582.14	28.333	33.137	31.017	
7559	582.24	28.333	33.137	31.018	
7560	582.34	28.333	33.137	31.018	
7561	582.44	28.333	33.137	31.018	
7562	582.54	28.334	33.137	31.018	
7563	582.64	28.334	33.137	31.018	
7564	582.74	28.334	33.137	31.018	
7565	582.84	28.334	33.138	31.018	
7566	582.94	28.334	33.138	31.018	
7567	583.	28.334	33.138	31.019	
7568	583.01	28.334	33.138	31.019	
7569	583.02	28.334	33.138	31.019	
7570	583.05	28.334	33.138	31.019	
7571	583.14	28.334	33.138	31.019	
7572	583.24	28.334	33.138	31.019	
7573	583.34	28.334	33.138	31.019	
7574	583.44	28.334	33.139	31.019	
7575	583.54	28.335	33.139	31.019	
7576	583.64	28.335	33.139	31.019	
7577	583.74	28.335	33.139	31.02	
7578	583.84	28.335	33.139	31.02	
7579	583.94	28.335	33.139	31.02	
7580	584.	28.335	33.139	31.02	
7581	584.01	28.335	33.139	31.02	
7582	584.02	28.335	33.139	31.02	
7583	584.05	28.335	33.14	31.02	
7584	584.14	28.335	33.14	31.02	
7585	584.24	28.335	33.14	31.02	
7586	584.34	28.335	33.14	31.02	
7587	584.44	28.335	33.14	31.02	
7588	584.54	28.335	33.14	31.021	
7589	584.64	28.336	33.14	31.021	
7590	584.74	28.336	33.141	31.021	
7591	584.84	28.336	33.141	31.021	
7592	584.94	28.336	33.141	31.021	
7593	585.	28.336	33.141	31.021	
7594	585.01	28.336	33.141	31.021	
7595	585.02	28.336	33.141	31.021	
7596	585.05	28.336	33.141	31.021	
7597	585.14	28.336	33.141	31.021	
7598	585.24	28.336	33.141	31.021	
7599	585.34	28.336	33.142	31.022	
7600	585.44	28.336	33.142	31.022	
7601	585.54	28.336	33.142	31.022	
7602	585.64	28.337	33.142	31.022	
7603	585.74	28.337	33.142	31.022	
7604	585.84	28.337	33.142	31.022	
7605	585.94	28.337	33.142	31.022	
7606	586.	28.337	33.143	31.022	
7607	586.01	28.337	33.143	31.022	
7608	586.02	28.337	33.143	31.022	
7609	586.05	28.337	33.143	31.022	
7610	586.14	28.337	33.143	31.023	
7611	586.24	28.337	33.143	31.023	
7612	586.34	28.337	33.143	31.023	
7613	586.44	28.337	33.143	31.023	
7614	586.54	28.337	33.143	31.023	
7615	586.64	28.337	33.144	31.023	
7616	586.74	28.338	33.144	31.023	
7617	586.84	28.338	33.144	31.023	
7618	586.94	28.338	33.144	31.024	
7619	587.	28.338	33.144	31.024	
7620	587.01	28.338	33.144	31.024	
7621	587.02	28.338	33.144	31.024	
7622	587.05	28.338	33.144	31.024	
7623	587.14	28.338	33.144	31.024	
7624	587.24	28.338	33.144	31.024	
7625	587.34	28.338	33.145	31.024	
7626	587.44	28.338	33.145	31.024	
7627	587.54	28.338	33.145	31.024	
7628	587.64	28.338	33.145	31.024	
7629	587.74	28.339	33.145	31.025	
7630	587.84	28.339	33.145	31.025	
7631	587.94	28.339	33.146	31.025	
7632	588.	28.339	33.146	31.025	
7633	588.01	28.339	33.146	31.025	
7634	588.02	28.339	33.146	31.025	
7635	588.05	28.339	33.146	31.025	
7636	588.14	28.339	33.146	31.025	
7637	588.24	28.339	33.146	31.025	
7638	588.34	28.339	33.146	31.025	
7639	588.44	28.339	33.146	31.026	
7640	588.54	28.339	33.146	31.026	
7641	588.64	28.339	33.147	31.026	
7642	588.74	28.339	33.147	31.026	
7643	588.84	28.34	33.147	31.026	
7644	588.94	28.34	33.147	31.026	
7645	589.	28.34	33.147	31.026	
7646	589.01	28.34	33.147	31.026	
7647	589.02	28.34	33.147	31.026	
7648	589.05	28.34	33.147	31.026	
7649	589.14	28.34	33.147	31.026	
7650	589.24	28.34	33.148	31.027	
7651	589.34	28.34	33.148	31.027	
7652	589.44	28.34	33.148	31.027	
7653	589.54	28.34	33.148	31.027	
7654	589.64	28.34	33.148	31.027	
7655	589.74	28.34	33.148	31.027	
7656	589.84	28.341	33.148	31.027	
7657	589.94	28.341	33.149	31.027	
7658	590.	28.341	33.149	31.028	
7659	590.01	28.341	33.149	31.028	
7660	590.02	28.341	33.149	31.028	
7661	590.05	28.341	33.149	31.028	
7662	590.14	28.341	33.149	31.028	
7663	590.24	28.341	33.149	31.028	
7664	590.34	28.341	33.149	31.028	
7665	590.44	28.341	33.149	31.028	
7666	590.54	28.341	33.15	31.028	
7667	590.64	28.341	33.15	31.028	
7668	590.74	28.341	33.15	31.028	
7669	590.84	28.341	33.15	31.029	
7670	590.94	28.342	33.15	31.029	
7671	591.	28.342	33.15	31.029	
7672	591.01	28.342	33.15	31.029	
7673	591.02	28.342	33.15	31.029	
7674	591.05	28.342	33.15	31.029	
7675	591.14	28.342	33.15	31.029	
7676	591.24	28.342	33.151	31.029	
7677	591.34	28.342	33.151	31.029	
7678	591.44	28.342	33.151	31.029	
7679	591.54	28.342	33.151	31.029	
7680	591.64	28.342	33.151	31.03	
7681	591.74	28.342	33.151	31.03	
7682	591.84	28.342	33.152	31.03	
7683	591.94	28.343	33.152	31.03	
7684	592.	28.343	33.152	31.03	
7685	592.01	28.343	33.152	31.03	
7686	592.02	28.343	33.152	31.03	
7687	592.05	28.343	33.152	31.03	
7688	592.14	28.343	33.152	31.03	
7689	592.24	28.343	33.152	31.03	
7690	592.34	28.343	33.152	31.031	
7691	592.44	28.343	33.153	31.031	
7692	592.54	28.343	33.153	31.031	
7693	592.64	28.343	33.153	31.031	
7694	592.74	28.343	33.153	31.031	
7695	592.84	28.343	33.153	31.031	
7696	592.94	28.343	33.153	31.031	
7697	593.	28.344	33.153	31.031	
7698	593.01	28.344	33.153	31.031	
7699	593.02	28.344	33.153	31.031	
7700	593.05	28.344	33.153	31.031	
7701	593.14	28.344	33.154	31.032	
7702	593.24	28.344	33.154	31.032	
7703	593.34	28.344	33.154	31.032	
7704	593.44	28.344	33.154	31.032	
7705	593.54	28.344	33.154	31.032	
7706	593.64	28.344	33.154	31.032	
7707	593.74	28.344	33.155	31.032	
7708	593.84	28.344	33.155	31.032	
7709	593.94	28.344	33.155	31.033	
7710	594.	28.344	33.155	31.033	
7711	594.01	28.344	33.155	31.033	
7712	594.02	28.345	33.155	31.033	
7713	594.05	28.345	33.155	31.033	
7714	594.14	28.345	33.155	31.033	
7715	594.24	28.345	33.155	31.033	
7716	594.34	28.345	33.155	31.033	
7717	594.44	28.345	33.156	31.033	
7718	594.54	28.345	33.156	31.033	
7719	594.64	28.345	33.156	31.033	
7720	594.74	28.345	33.156	31.034	
7721	594.84	28.345	33.156	31.034	
7722	594.94	28.345	33.156	31.034	
7723	595.	28.345	33.156	31.034	
7724	595.01	28.345	33.156	31.034	
7725	595.02	28.345	33.157	31.034	
7726	595.05	28.345	33.157	31.034	
7727	595.14	28.346	33.157	31.034	
7728	595.24	28.346	33.157	31.034	
7729	595.34	28.346	33.157	31.034	
7730	595.44	28.346	33.157	31.034	
7731	595.54	28.346	33.157	31.035	
7732	595.64	28.346	33.157	31.035	
7733	595.74	28.346	33.158	31.035	
7734	595.84	28.346	33.158	31.035	
7735	595.94	28.346	33.158	31.035	
7736	596.	28.346	33.158	31.035	
7737	596.01	28.346	33.158	31.035	
7738	596.02	28.346	33.158	31.035	
7739	596.05	28.346	33.158	31.035	
7740	596.14	28.347	33.158	31.035	
7741	596.24	28.347	33.158	31.036	
7742	596.34	28.347	33.159	31.036	
7743	596.44	28.347	33.159	31.036	
7744	596.54	28.347	33.159	31.036	
7745	596.64	28.347	33.159	31.036	
7746	596.74	28.347	33.159	31.036	
7747	596.84	28.347	33.159	31.036	
7748	596.94	28.347	33.159	31.036	
7749	597.	28.347	33.16	31.036	
7750	597.01	28.347	33.16	31.036	
7751	597.02	28.347	33.16	31.036	
7752	597.05	28.347	33.16	31.037	
7753	597.14	28.347	33.16	31.037	
7754	597.24	28.348	33.16	31.037	
7755	597.34	28.348	33.16	31.037	
7756	597.44	28.348	33.16	31.037	
7757	597.54	28.348	33.16	31.037	
7758	597.64	28.348	33.161	31.037	
7759	597.74	28.348	33.161	31.037	
7760	597.84	28.348	33.161	31.038	
7761	597.94	28.348	33.161	31.038	
7762	598.	28.348	33.161	31.038	
7763	598.01	28.348	33.161	31.038	
7764	598.02	28.348	33.161	31.038	
7765	598.05	28.348	33.161	31.038	
7766	598.14	28.348	33.161	31.038	
7767	598.24	28.349	33.161	31.038	
7768	598.34	28.349	33.162	31.038	
7769	598.44	28.349	33.162	31.038	
7770	598.54	28.349	33.162	31.038	
7771	598.64	28.349	33.162	31.039	
7772	598.74	28.349	33.162	31.039	
7773	598.84	28.349	33.162	31.039	
7774	598.94	28.349	33.163	31.039	
7775	599.	28.349	33.163	31.039	
7776	599.01	28.349	33.163	31.039	
7777	599.02	28.349	33.163	31.039	
7778	599.05	28.349	33.163	31.039	
7779	599.14	28.349	33.163	31.039	
7780	599.24	28.349	33.163	31.039	
7781	599.34	28.35	33.163	31.039	
7782	599.44	28.35	33.163	31.04	
7783	599.54	28.35	33.164	31.04	
7784	599.64	28.35	33.164	31.04	
7785	599.74	28.35	33.164	31.04	
7786	599.84	28.35	33.164	31.04	
7787	599.94	28.35	33.164	31.04	
7788	600.	28.35	33.164	31.04	
7789	600.01	28.35	33.164	31.04	
7790	600.02	28.35	33.164	31.04	
7791	600.05	28.35	33.164	31.04	
7792	600.14	28.35	33.164	31.04	
7793	600.24	28.35	33.165	31.041	
7794	600.34	28.351	33.165	31.041	
7795	600.44	28.351	33.165	31.041	
7796	600.54	28.351	33.165	31.041	
7797	600.64	28.351	33.165	31.041	
7798	600.74	28.351	33.165	31.041	
7799	600.84	28.351	33.166	31.041	
7800	600.94	28.351	33.166	31.042	
7801	601.	28.351	33.166	31.042	
7802	601.01	28.351	33.166	31.042	
7803	601.02	28.351	33.166	31.042	
7804	601.05	28.351	33.166	31.042	
7805	601.14	28.351	33.166	31.042	
7806	601.24	28.351	33.166	31.042	
7807	601.34	28.351	33.166	31.042	
7808	601.44	28.352	33.166	31.042	
7809	601.54	28.352	33.167	31.042	
7810	601.64	28.352	33.167	31.042	
7811	601.74	28.352	33.167	31.043	
7812	601.84	28.352	33.167	31.043	
7813	601.94	28.352	33.167	31.043	
7814	602.	28.352	33.167	31.043	
7815	602.01	28.352	33.167	31.043	
7816	602.02	28.352	33.167	31.043	
7817	602.05	28.352	33.167	31.043	
7818	602.14	28.352	33.168	31.043	
7819	602.24	28.352	33.168	31.043	
7820	602.34	28.352	33.168	31.043	
7821	602.44	28.353	33.168	31.043	
7822	602.54	28.353	33.168	31.044	
7823	602.64	28.353	33.168	31.044	
7824	602.74	28.353	33.168	31.044	
7825	602.84	28.353	33.169	31.044	
7826	602.94	28.353	33.169	31.044	
7827	603.	28.353	33.169	31.044	
7828	603.01	28.353	33.169	31.044	
7829	603.02	28.353	33.169	31.044	
7830	603.05	28.353	33.169	31.044	
7831	603.14	28.353	33.169	31.044	
7832	603.24	28.353	33.169	31.044	
7833	603.34	28.353	33.169	31.045	
7834	603.44	28.353	33.17	31.045	
7835	603.54	28.354	33.17	31.045	
7836	603.64	28.354	33.17	31.045	
7837	603.74	28.354	33.17	31.045	
7838	603.84	28.354	33.17	31.045	
7839	603.94	28.354	33.17	31.045	
7840	604.	28.354	33.17	31.045	
7841	604.01	28.354	33.17	31.045	
7842	604.02	28.354	33.17	31.045	
7843	604.05	28.354	33.17	31.045	
7844	604.14	28.354	33.171	31.046	
7845	604.24	28.354	33.171	31.046	
7846	604.34	28.354	33.171	31.046	
7847	604.44	28.354	33.171	31.046	
7848	604.54	28.355	33.171	31.046	
7849	604.64	28.355	33.171	31.046	
7850	604.74	28.355	33.172	31.046	
7851	604.84	28.355	33.172	31.047	
7852	604.94	28.355	33.172	31.047	
7853	605.	28.355	33.172	31.047	
7854	605.01	28.355	33.172	31.047	
7855	605.02	28.355	33.172	31.047	
7856	605.05	28.355	33.172	31.047	
7857	605.14	28.355	33.172	31.047	
7858	605.24	28.355	33.172	31.047	
7859	605.34	28.355	33.172	31.047	
7860	605.44	28.355	33.173	31.047	
7861	605.54	28.355	33.173	31.047	
7862	605.64	28.356	33.173	31.048	
7863	605.74	28.356	33.173	31.048	
7864	605.84	28.356	33.173	31.048	
7865	605.94	28.356	33.173	31.048	
7866	606.	28.356	33.174	31.048	
7867	606.01	28.356	33.174	31.048	
7868	606.02	28.356	33.174	31.048	
7869	606.05	28.356	33.174	31.048	
7870	606.14	28.356	33.174	31.048	
7871	606.24	28.356	33.174	31.048	
7872	606.34	28.356	33.174	31.048	
7873	606.44	28.356	33.174	31.049	
7874	606.54	28.356	33.174	31.049	
7875	606.64	28.357	33.175	31.049	
7876	606.74	28.357	33.175	31.049	
7877	606.84	28.357	33.175	31.049	
7878	606.94	28.357	33.175	31.049	
7879	607.	28.357	33.175	31.049	
7880	607.01	28.357	33.175	31.049	
7881	607.02	28.357	33.175	31.049	
7882	607.05	28.357	33.175	31.049	
7883	607.14	28.357	33.175	31.049	
7884	607.24	28.357	33.175	31.05	
7885	607.34	28.357	33.176	31.05	
7886	607.44	28.357	33.176	31.05	
7887	607.54	28.357	33.176	31.05	
7888	607.64	28.357	33.176	31.05	
7889	607.74	28.358	33.176	31.05	
7890	607.84	28.358	33.176	31.05	
7891	607.94	28.358	33.177	31.05	
7892	608.	28.358	33.177	31.051	
7893	608.01	28.358	33.177	31.051	
7894	608.02	28.358	33.177	31.051	
7895	608.05	28.358	33.177	31.051	
7896	608.14	28.358	33.177	31.051	
7897	608.24	28.358	33.177	31.051	
7898	608.34	28.358	33.177	31.051	
7899	608.44	28.358	33.177	31.051	
7900	608.54	28.358	33.177	31.051	
7901	608.64	28.358	33.178	31.051	
7902	608.74	28.359	33.178	31.051	
7903	608.84	28.359	33.178	31.052	
7904	608.94	28.359	33.178	31.052	
7905	609.	28.359	33.178	31.052	
7906	609.01	28.359	33.178	31.052	
7907	609.02	28.359	33.178	31.052	
7908	609.05	28.359	33.178	31.052	
7909	609.14	28.359	33.178	31.052	
7910	609.24	28.359	33.179	31.052	
7911	609.34	28.359	33.179	31.052	
7912	609.44	28.359	33.179	31.052	
7913	609.54	28.359	33.179	31.053	
7914	609.64	28.359	33.179	31.053	
7915	609.74	28.359	33.179	31.053	
7916	609.84	28.36	33.179	31.053	
7917	609.94	28.36	33.18	31.053	
7918	610.	28.36	33.18	31.053	
7919	610.01	28.36	33.18	31.053	
7920	610.02	28.36	33.18	31.053	
7921	610.05	28.36	33.18	31.053	
7922	610.14	28.36	33.18	31.053	
7923	610.24	28.36	33.18	31.053	
7924	610.34	28.36	33.18	31.054	
7925	610.44	28.36	33.18	31.054	
7926	610.54	28.36	33.181	31.054	
7927	610.64	28.36	33.181	31.054	
7928	610.74	28.36	33.181	31.054	
7929	610.84	28.361	33.181	31.054	
7930	610.94	28.361	33.181	31.054	
7931	611.	28.361	33.181	31.054	
7932	611.01	28.361	33.181	31.054	
7933	611.02	28.361	33.181	31.054	
7934	611.05	28.361	33.181	31.054	
7935	611.14	28.361	33.181	31.055	
7936	611.24	28.361	33.182	31.055	
7937	611.34	28.361	33.182	31.055	
7938	611.44	28.361	33.182	31.055	
7939	611.54	28.361	33.182	31.055	
7940	611.64	28.361	33.182	31.055	
7941	611.74	28.361	33.182	31.055	
7942	611.84	28.361	33.183	31.055	
7943	611.94	28.362	33.183	31.056	
7944	612.	28.362	33.183	31.056	
7945	612.01	28.362	33.183	31.056	
7946	612.02	28.362	33.183	31.056	
7947	612.05	28.362	33.183	31.056	
7948	612.14	28.362	33.183	31.056	
7949	612.24	28.362	33.183	31.056	
7950	612.34	28.362	33.183	31.056	
7951	612.44	28.362	33.184	31.056	
7952	612.54	28.362	33.184	31.056	
7953	612.64	28.362	33.184	31.056	
7954	612.74	28.362	33.184	31.057	
7955	612.84	28.362	33.184	31.057	
7956	612.94	28.363	33.184	31.057	
7957	613.	28.363	33.184	31.057	
7958	613.01	28.363	33.184	31.057	
7959	613.02	28.363	33.184	31.057	
7960	613.05	28.363	33.184	31.057	
7961	613.14	28.363	33.185	31.057	
7962	613.24	28.363	33.185	31.057	
7963	613.34	28.363	33.185	31.057	
7964	613.44	28.363	33.185	31.058	
7965	613.54	28.363	33.185	31.058	
7966	613.64	28.363	33.185	31.058	
7967	613.74	28.363	33.186	31.058	
7968	613.84	28.363	33.186	31.058	
7969	613.94	28.363	33.186	31.058	
7970	614.	28.364	33.186	31.058	
7971	614.01	28.364	33.186	31.058	
7972	614.02	28.364	33.186	31.058	
7973	614.05	28.364	33.186	31.058	
7974	614.14	28.364	33.186	31.058	
7975	614.24	28.364	33.186	31.059	
7976	614.34	28.364	33.186	31.059	
7977	614.44	28.364	33.187	31.059	
7978	614.54	28.364	33.187	31.059	
7979	614.64	28.364	33.187	31.059	
7980	614.74	28.364	33.187	31.059	
7981	614.84	28.364	33.187	31.059	
7982	614.94	28.364	33.187	31.059	
7983	615.	28.364	33.187	31.06	
7984	615.01	28.364	33.187	31.06	
7985	615.02	28.364	33.188	31.06	
7986	615.05	28.365	33.188	31.06	
7987	615.14	28.365	33.188	31.06	
7988	615.24	28.365	33.188	31.06	
7989	615.34	28.365	33.188	31.06	
7990	615.44	28.365	33.188	31.06	
7991	615.54	28.365	33.188	31.06	
7992	615.64	28.365	33.188	31.06	
7993	615.74	28.365	33.189	31.06	
7994	615.84	28.365	33.189	31.061	
7995	615.94	28.365	33.189	31.061	
7996	616.	28.365	33.189	31.061	
7997	616.01	28.365	33.189	31.061	
7998	616.02	28.365	33.189	31.061	
7999	616.05	28.365	33.189	31.061	
8000	616.14	28.366	33.189	31.061	
8001	616.24	28.366	33.189	31.061	
8002	616.34	28.366	33.19	31.061	
8003	616.44	28.366	33.19	31.061	
8004	616.54	28.366	33.19	31.061	
8005	616.64	28.366	33.19	31.062	
8006	616.74	28.366	33.19	31.062	
8007	616.84	28.366	33.19	31.062	
8008	616.94	28.366	33.19	31.062	
8009	617.	28.366	33.191	31.062	
8010	617.01	28.366	33.191	31.062	
8011	617.02	28.366	33.191	31.062	
8012	617.05	28.366	33.191	31.062	
8013	617.14	28.367	33.191	31.062	
8014	617.24	28.367	33.191	31.062	
8015	617.34	28.367	33.191	31.062	
8016	617.44	28.367	33.191	31.063	
8017	617.54	28.367	33.191	31.063	
8018	617.64	28.367	33.192	31.063	
8019	617.74	28.367	33.192	31.063	
8020	617.84	28.367	33.192	31.063	
8021	617.94	28.367	33.192	31.063	
8022	618.	28.367	33.192	31.063	
8023	618.01	28.367	33.192	31.063	
8024	618.02	28.367	33.192	31.063	
8025	618.05	28.367	33.192	31.063	
8026	618.14	28.367	33.192	31.064	
8027	618.24	28.368	33.193	31.064	
8028	618.34	28.368	33.193	31.064	
8029	618.44	28.368	33.193	31.064	
8030	618.54	28.368	33.193	31.064	
8031	618.64	28.368	33.193	31.064	
8032	618.74	28.368	33.193	31.064	
8033	618.84	28.368	33.193	31.064	
8034	618.94	28.368	33.194	31.065	
8035	619.	28.368	33.194	31.065	
8036	619.01	28.368	33.194	31.065	
8037	619.02	28.368	33.194	31.065	
8038	619.05	28.368	33.194	31.065	
8039	619.14	28.368	33.194	31.065	
8040	619.24	28.369	33.194	31.065	
8041	619.34	28.369	33.194	31.065	
8042	619.44	28.369	33.194	31.065	
8043	619.54	28.369	33.195	31.065	
8044	619.64	28.369	33.195	31.065	
8045	619.74	28.369	33.195	31.066	
8046	619.84	28.369	33.195	31.066	
8047	619.94	28.369	33.195	31.066	
8048	620.	28.369	33.195	31.066	
8049	620.01	28.369	33.195	31.066	
8050	620.02	28.369	33.195	31.066	
8051	620.05	28.369	33.195	31.066	
8052	620.14	28.369	33.195	31.066	
8053	620.24	28.369	33.196	31.066	
8054	620.34	28.37	33.196	31.066	
8055	620.44	28.37	33.196	31.066	
8056	620.54	28.37	33.196	31.067	
8057	620.64	28.37	33.196	31.067	
8058	620.74	28.37	33.196	31.067	
8059	620.84	28.37	33.197	31.067	
8060	620.94	28.37	33.197	31.067	
8061	621.	28.37	33.197	31.067	
8062	621.01	28.37	33.197	31.067	
8063	621.02	28.37	33.197	31.067	
8064	621.05	28.37	33.197	31.067	
8065	621.14	28.37	33.197	31.067	
8066	621.24	28.37	33.197	31.067	
8067	621.34	28.371	33.197	31.068	
8068	621.44	28.371	33.197	31.068	
8069	621.54	28.371	33.198	31.068	
8070	621.64	28.371	33.198	31.068	
8071	621.74	28.371	33.198	31.068	
8072	621.84	28.371	33.198	31.068	
8073	621.94	28.371	33.198	31.068	
8074	622.	28.371	33.198	31.068	
8075	622.01	28.371	33.198	31.068	
8076	622.02	28.371	33.198	31.068	
8077	622.05	28.371	33.198	31.069	
8078	622.14	28.371	33.199	31.069	
8079	622.24	28.371	33.199	31.069	
8080	622.34	28.371	33.199	31.069	
8081	622.44	28.372	33.199	31.069	
8082	622.54	28.372	33.199	31.069	
8083	622.64	28.372	33.199	31.069	
8084	622.74	28.372	33.199	31.069	
8085	622.84	28.372	33.2	31.07	
8086	622.94	28.372	33.2	31.07	
8087	623.	28.372	33.2	31.07	
8088	623.01	28.372	33.2	31.07	
8089	623.02	28.372	33.2	31.07	
8090	623.05	28.372	33.2	31.07	
8091	623.14	28.372	33.2	31.07	
8092	623.24	28.372	33.2	31.07	
8093	623.34	28.372	33.2	31.07	
8094	623.44	28.372	33.201	31.07	
8095	623.54	28.373	33.201	31.07	
8096	623.64	28.373	33.201	31.071	
8097	623.74	28.373	33.201	31.071	
8098	623.84	28.373	33.201	31.071	
8099	623.94	28.373	33.201	31.071	
8100	624.	28.373	33.201	31.071	
8101	624.01	28.373	33.201	31.071	
8102	624.02	28.373	33.201	31.071	
8103	624.05	28.373	33.202	31.071	
8104	624.14	28.373	33.202	31.071	
8105	624.24	28.373	33.202	31.071	
8106	624.34	28.373	33.202	31.071	
8107	624.44	28.373	33.202	31.072	
8108	624.54	28.374	33.202	31.072	
8109	624.64	28.374	33.202	31.072	
8110	624.74	28.374	33.203	31.072	
8111	624.84	28.374	33.203	31.072	
8112	624.94	28.374	33.203	31.072	
8113	625.	28.374	33.203	31.072	
8114	625.01	28.374	33.203	31.072	
8115	625.02	28.374	33.203	31.072	
8116	625.05	28.374	33.203	31.072	
8117	625.14	28.374	33.203	31.072	
8118	625.24	28.374	33.203	31.073	
8119	625.34	28.374	33.204	31.073	
8120	625.44	28.374	33.204	31.073	
8121	625.54	28.374	33.204	31.073	
8122	625.64	28.375	33.204	31.073	
8123	625.74	28.375	33.204	31.073	
8124	625.84	28.375	33.204	31.073	
8125	625.94	28.375	33.204	31.073	
8126	626.	28.375	33.205	31.074	
8127	626.01	28.375	33.205	31.074	
8128	626.02	28.375	33.205	31.074	
8129	626.05	28.375	33.205	31.074	
8130	626.14	28.375	33.205	31.074	
8131	626.24	28.375	33.205	31.074	
8132	626.34	28.375	33.205	31.074	
8133	626.44	28.375	33.205	31.074	
8134	626.54	28.375	33.205	31.074	
8135	626.64	28.376	33.206	31.074	
8136	626.74	28.376	33.206	31.075	
8137	626.84	28.376	33.206	31.075	
8138	626.94	28.376	33.206	31.075	
8139	627.	28.376	33.206	31.075	
8140	627.01	28.376	33.206	31.075	
8141	627.02	28.376	33.206	31.075	
8142	627.05	28.376	33.206	31.075	
8143	627.14	28.376	33.206	31.075	
8144	627.24	28.376	33.206	31.075	
8145	627.34	28.376	33.207	31.075	
8146	627.44	28.376	33.207	31.075	
8147	627.54	28.376	33.207	31.076	
8148	627.64	28.376	33.207	31.076	
8149	627.74	28.377	33.207	31.076	
8150	627.84	28.377	33.207	31.076	
8151	627.94	28.377	33.208	31.076	
8152	628.	28.377	33.208	31.076	
8153	628.01	28.377	33.208	31.076	
8154	628.02	28.377	33.208	31.076	
8155	628.05	28.377	33.208	31.076	
8156	628.14	28.377	33.208	31.076	
8157	628.24	28.377	33.208	31.076	
8158	628.34	28.377	33.208	31.077	
8159	628.44	28.377	33.208	31.077	
8160	628.54	28.377	33.208	31.077	
8161	628.64	28.377	33.209	31.077	
8162	628.74	28.378	33.209	31.077	
8163	628.84	28.378	33.209	31.077	
8164	628.94	28.378	33.209	31.077	
8165	629.	28.378	33.209	31.077	
8166	629.01	28.378	33.209	31.077	
8167	629.02	28.378	33.209	31.077	
8168	629.05	28.378	33.209	31.077	
8169	629.14	28.378	33.209	31.078	
8170	629.24	28.378	33.21	31.078	
8171	629.34	28.378	33.21	31.078	
8172	629.44	28.378	33.21	31.078	
8173	629.54	28.378	33.21	31.078	
8174	629.64	28.378	33.21	31.078	
8175	629.74	28.378	33.21	31.078	
8176	629.84	28.379	33.211	31.078	
8177	629.94	28.379	33.211	31.079	
8178	630.	28.379	33.211	31.079	
8179	630.01	28.379	33.211	31.079	
8180	630.02	28.379	33.211	31.079	
8181	630.05	28.379	33.211	31.079	
8182	630.14	28.379	33.211	31.079	
8183	630.24	28.379	33.211	31.079	
8184	630.34	28.379	33.211	31.079	
8185	630.44	28.379	33.211	31.079	
8186	630.54	28.379	33.212	31.079	
8187	630.64	28.379	33.212	31.08	
8188	630.74	28.379	33.212	31.08	
8189	630.84	28.38	33.212	31.08	
8190	630.94	28.38	33.212	31.08	
8191	631.	28.38	33.212	31.08	
8192	631.01	28.38	33.212	31.08	
8193	631.02	28.38	33.212	31.08	
8194	631.05	28.38	33.212	31.08	
8195	631.14	28.38	33.213	31.08	
8196	631.24	28.38	33.213	31.08	
8197	631.34	28.38	33.213	31.08	
8198	631.44	28.38	33.213	31.081	
8199	631.54	28.38	33.213	31.081	
8200	631.64	28.38	33.213	31.081	
8201	631.74	28.38	33.213	31.081	
8202	631.84	28.38	33.214	31.081	
8203	631.94	28.381	33.214	31.081	
8204	632.	28.381	33.214	31.081	
8205	632.01	28.381	33.214	31.081	
8206	632.02	28.381	33.214	31.081	
8207	632.05	28.381	33.214	31.081	
8208	632.14	28.381	33.214	31.081	
8209	632.24	28.381	33.214	31.082	
8210	632.34	28.381	33.214	31.082	
8211	632.44	28.381	33.215	31.082	
8212	632.54	28.381	33.215	31.082	
8213	632.64	28.381	33.215	31.082	
8214	632.74	28.381	33.215	31.082	
8215	632.84	28.381	33.215	31.082	
8216	632.94	28.382	33.215	31.082	
8217	633.	28.382	33.215	31.083	
8218	633.01	28.382	33.215	31.083	
8219	633.02	28.382	33.215	31.083	
8220	633.05	28.382	33.216	31.083	
8221	633.14	28.382	33.216	31.083	
8222	633.24	28.382	33.216	31.083	
8223	633.34	28.382	33.216	31.083	
8224	633.44	28.382	33.216	31.083	
8225	633.54	28.382	33.216	31.083	
8226	633.64	28.382	33.216	31.083	
8227	633.74	28.382	33.217	31.083	
8228	633.84	28.382	33.217	31.084	
8229	633.94	28.382	33.217	31.084	
8230	634.	28.383	33.217	31.084	
8231	634.01	28.383	33.217	31.084	
8232	634.02	28.383	33.217	31.084	
8233	634.05	28.383	33.217	31.084	
8234	634.14	28.383	33.217	31.084	
8235	634.24	28.383	33.217	31.084	
8236	634.34	28.383	33.218	31.084	
8237	634.44	28.383	33.218	31.084	
8238	634.54	28.383	33.218	31.084	
8239	634.64	28.383	33.218	31.085	
8240	634.74	28.383	33.218	31.085	
8241	634.84	28.383	33.218	31.085	
8242	634.94	28.383	33.218	31.085	
8243	635.	28.383	33.219	31.085	
8244	635.01	28.383	33.219	31.085	
8245	635.02	28.383	33.219	31.085	
8246	635.05	28.383	33.219	31.085	
8247	635.14	28.384	33.219	31.085	
8248	635.24	28.384	33.219	31.085	
8249	635.34	28.384	33.219	31.086	
8250	635.44	28.384	33.219	31.086	
8251	635.54	28.384	33.219	31.086	
8252	635.64	28.384	33.22	31.086	
8253	635.74	28.384	33.22	31.086	
8254	635.84	28.384	33.22	31.086	
8255	635.94	28.384	33.22	31.086	
8256	636.	28.384	33.22	31.086	
8257	636.01	28.384	33.22	31.086	
8258	636.02	28.384	33.22	31.086	
8259	636.05	28.384	33.22	31.086	
8260	636.14	28.385	33.22	31.087	
8261	636.24	28.385	33.22	31.087	
8262	636.34	28.385	33.221	31.087	
8263	636.44	28.385	33.221	31.087	
8264	636.54	28.385	33.221	31.087	
8265	636.64	28.385	33.221	31.087	
8266	636.74	28.385	33.221	31.087	
8267	636.84	28.385	33.221	31.087	
8268	636.94	28.385	33.222	31.088	
8269	637.	28.385	33.222	31.088	
8270	637.01	28.385	33.222	31.088	
8271	637.02	28.385	33.222	31.088	
8272	637.05	28.385	33.222	31.088	
8273	637.14	28.385	33.222	31.088	
8274	637.24	28.386	33.222	31.088	
8275	637.34	28.386	33.222	31.088	
8276	637.44	28.386	33.222	31.088	
8277	637.54	28.386	33.222	31.088	
8278	637.64	28.386	33.223	31.088	
8279	637.74	28.386	33.223	31.089	
8280	637.84	28.386	33.223	31.089	
8281	637.94	28.386	33.223	31.089	
8282	638.	28.386	33.223	31.089	
8283	638.01	28.386	33.223	31.089	
8284	638.02	28.386	33.223	31.089	
8285	638.05	28.386	33.223	31.089	
8286	638.14	28.386	33.223	31.089	
8287	638.24	28.387	33.224	31.089	
8288	638.34	28.387	33.224	31.089	
8289	638.44	28.387	33.224	31.089	
8290	638.54	28.387	33.224	31.09	
8291	638.64	28.387	33.224	31.09	
8292	638.74	28.387	33.224	31.09	
8293	638.84	28.387	33.224	31.09	
8294	638.94	28.387	33.225	31.09	
8295	639.	28.387	33.225	31.09	
8296	639.01	28.387	33.225	31.09	
8297	639.02	28.387	33.225	31.09	
8298	639.05	28.387	33.225	31.09	
8299	639.14	28.387	33.225	31.09	
8300	639.24	28.387	33.225	31.091	
8301	639.34	28.388	33.225	31.091	
8302	639.44	28.388	33.225	31.091	
8303	639.54	28.388	33.226	31.091	
8304	639.64	28.388	33.226	31.091	
8305	639.74	28.388	33.226	31.091	
8306	639.84	28.388	33.226	31.091	
8307	639.94	28.388	33.226	31.091	
8308	640.	28.388	33.226	31.091	
8309	640.01	28.388	33.226	31.091	
8310	640.02	28.388	33.226	31.092	
8311	640.05	28.388	33.226	31.092	
8312	640.14	28.388	33.227	31.092	
8313	640.24	28.388	33.227	31.092	
8314	640.34	28.389	33.227	31.092	
8315	640.44	28.389	33.227	31.092	
8316	640.54	28.389	33.227	31.092	
8317	640.64	28.389	33.227	31.092	
8318	640.74	28.389	33.227	31.092	
8319	640.84	28.389	33.228	31.093	
8320	640.94	28.389	33.228	31.093	
8321	641.	28.389	33.228	31.093	
8322	641.01	28.389	33.228	31.093	
8323	641.02	28.389	33.228	31.093	
8324	641.05	28.389	33.228	31.093	
8325	641.14	28.389	33.228	31.093	
8326	641.24	28.389	33.228	31.093	
8327	641.34	28.389	33.228	31.093	
8328	641.44	28.39	33.229	31.093	
8329	641.54	28.39	33.229	31.093	
8330	641.64	28.39	33.229	31.094	
8331	641.74	28.39	33.229	31.094	
8332	641.84	28.39	33.229	31.094	
8333	641.94	28.39	33.229	31.094	
8334	642.	28.39	33.229	31.094	
8335	642.01	28.39	33.229	31.094	
8336	642.02	28.39	33.229	31.094	
8337	642.05	28.39	33.229	31.094	
8338	642.14	28.39	33.23	31.094	
8339	642.24	28.39	33.23	31.094	
8340	642.34	28.39	33.23	31.094	
8341	642.44	28.39	33.23	31.095	
8342	642.54	28.391	33.23	31.095	
8343	642.64	28.391	33.23	31.095	
8344	642.74	28.391	33.231	31.095	
8345	642.84	28.391	33.231	31.095	
8346	642.94	28.391	33.231	31.095	
8347	643.	28.391	33.231	31.095	
8348	643.01	28.391	33.231	31.095	
8349	643.02	28.391	33.231	31.095	
8350	643.05	28.391	33.231	31.095	
8351	643.14	28.391	33.231	31.095	
8352	643.24	28.391	33.231	31.096	
8353	643.34	28.391	33.231	31.096	
8354	643.44	28.391	33.232	31.096	
8355	643.54	28.392	33.232	31.096	
8356	643.64	28.392	33.232	31.096	
8357	643.74	28.392	33.232	31.096	
8358	643.84	28.392	33.232	31.096	
8359	643.94	28.392	33.232	31.097	
8360	644.	28.392	33.233	31.097	
8361	644.01	28.392	33.233	31.097	
8362	644.02	28.392	33.233	31.097	
8363	644.05	28.392	33.233	31.097	
8364	644.14	28.392	33.233	31.097	
8365	644.24	28.392	33.233	31.097	
8366	644.34	28.392	33.233	31.097	
8367	644.44	28.392	33.233	31.097	
8368	644.54	28.392	33.233	31.097	
8369	644.64	28.393	33.234	31.097	
8370	644.74	28.393	33.234	31.098	
8371	644.84	28.393	33.234	31.098	
8372	644.94	28.393	33.234	31.098	
8373	645.	28.393	33.234	31.098	
8374	645.01	28.393	33.234	31.098	
8375	645.02	28.393	33.234	31.098	
8376	645.05	28.393	33.234	31.098	
8377	645.14	28.393	33.234	31.098	
8378	645.24	28.393	33.234	31.098	
8379	645.34	28.393	33.235	31.098	
8380	645.44	28.393	33.235	31.098	
8381	645.54	28.393	33.235	31.099	
8382	645.64	28.394	33.235	31.099	
8383	645.74	28.394	33.235	31.099	
8384	645.84	28.394	33.235	31.099	
8385	645.94	28.394	33.236	31.099	
8386	646.	28.394	33.236	31.099	
8387	646.01	28.394	33.236	31.099	
8388	646.02	28.394	33.236	31.099	
8389	646.05	28.394	33.236	31.099	
8390	646.14	28.394	33.236	31.099	
8391	646.24	28.394	33.236	31.099	
8392	646.34	28.394	33.236	31.1	
8393	646.44	28.394	33.236	31.1	
8394	646.54	28.394	33.236	31.1	
8395	646.64	28.394	33.237	31.1	
8396	646.74	28.395	33.237	31.1	
8397	646.84	28.395	33.237	31.1	
8398	646.94	28.395	33.237	31.1	
8399	647.	28.395	33.237	31.1	
8400	647.01	28.395	33.237	31.1	
8401	647.02	28.395	33.237	31.1	
8402	647.05	28.395	33.237	31.101	
8403	647.14	28.395	33.237	31.101	
8404	647.24	28.395	33.238	31.101	
8405	647.34	28.395	33.238	31.101	
8406	647.44	28.395	33.238	31.101	
8407	647.54	28.395	33.238	31.101	
8408	647.64	28.395	33.238	31.101	
8409	647.74	28.396	33.238	31.101	
8410	647.84	28.396	33.238	31.102	
8411	647.94	28.396	33.239	31.102	
8412	648.	28.396	33.239	31.102	
8413	648.01	28.396	33.239	31.102	
8414	648.02	28.396	33.239	31.102	
8415	648.05	28.396	33.239	31.102	
8416	648.14	28.396	33.239	31.102	
8417	648.24	28.396	33.239	31.102	
8418	648.34	28.396	33.239	31.102	
8419	648.44	28.396	33.239	31.102	
8420	648.54	28.396	33.24	31.102	
8421	648.64	28.396	33.24	31.103	
8422	648.74	28.396	33.24	31.103	
8423	648.84	28.397	33.24	31.103	
8424	648.94	28.397	33.24	31.103	
8425	649.	28.397	33.24	31.103	
8426	649.01	28.397	33.24	31.103	
8427	649.02	28.397	33.24	31.103	
8428	649.05	28.397	33.24	31.103	
8429	649.14	28.397	33.241	31.103	
8430	649.24	28.397	33.241	31.103	
8431	649.34	28.397	33.241	31.103	
8432	649.44	28.397	33.241	31.104	
8433	649.54	28.397	33.241	31.104	
8434	649.64	28.397	33.241	31.104	
8435	649.74	28.397	33.241	31.104	
8436	649.84	28.397	33.242	31.104	
8437	649.94	28.398	33.242	31.104	
8438	650.	28.398	33.242	31.104	
8439	650.01	28.398	33.242	31.104	
8440	650.02	28.398	33.242	31.104	
8441	650.05	28.398	33.242	31.104	
8442	650.14	28.398	33.242	31.104	
8443	650.24	28.398	33.242	31.105	
8444	650.34	28.398	33.242	31.105	
8445	650.44	28.398	33.243	31.105	
8446	650.54	28.398	33.243	31.105	
8447	650.64	28.398	33.243	31.105	
8448	650.74	28.398	33.243	31.105	
8449	650.84	28.398	33.243	31.105	
8450	650.94	28.399	33.243	31.105	
8451	651.	28.399	33.243	31.106	
8452	651.01	28.399	33.243	31.106	
8453	651.02	28.399	33.243	31.106	
8454	651.05	28.399	33.243	31.106	
8455	651.14	28.399	33.244	31.106	
8456	651.24	28.399	33.244	31.106	
8457	651.34	28.399	33.244	31.106	
8458	651.44	28.399	33.244	31.106	
8459	651.54	28.399	33.244	31.106	
8460	651.64	28.399	33.244	31.106	
8461	651.74	28.399	33.245	31.106	
8462	651.84	28.399	33.245	31.107	
8463	651.94	28.399	33.245	31.107	
8464	652.	28.4	33.245	31.107	
8465	652.01	28.4	33.245	31.107	
8466	652.02	28.4	33.245	31.107	
8467	652.05	28.4	33.245	31.107	
8468	652.14	28.4	33.245	31.107	
8469	652.24	28.4	33.245	31.107	
8470	652.34	28.4	33.245	31.107	
8471	652.44	28.4	33.246	31.107	
8472	652.54	28.4	33.246	31.108	
8473	652.64	28.4	33.246	31.108	
8474	652.74	28.4	33.246	31.108	
8475	652.84	28.4	33.246	31.108	
8476	652.94	28.4	33.246	31.108	
8477	653.	28.4	33.247	31.108	
8478	653.01	28.4	33.247	31.108	
8479	653.02	28.4	33.247	31.108	
8480	653.05	28.401	33.247	31.108	
8481	653.14	28.401	33.247	31.108	
8482	653.24	28.401	33.247	31.108	
8483	653.34	28.401	33.247	31.109	
8484	653.44	28.401	33.247	31.109	
8485	653.54	28.401	33.247	31.109	
8486	653.64	28.401	33.248	31.109	
8487	653.74	28.401	33.248	31.109	
8488	653.84	28.401	33.248	31.109	
8489	653.94	28.401	33.248	31.109	
8490	654.	28.401	33.248	31.109	
8491	654.01	28.401	33.248	31.109	
8492	654.02	28.401	33.248	31.109	
8493	654.05	28.401	33.248	31.109	
8494	654.14	28.402	33.248	31.11	
8495	654.24	28.402	33.248	31.11	
8496	654.34	28.402	33.249	31.11	
8497	654.44	28.402	33.249	31.11	
8498	654.54	28.402	33.249	31.11	
8499	654.64	28.402	33.249	31.11	
8500	654.74	28.402	33.249	31.11	
8501	654.84	28.402	33.249	31.11	
8502	654.94	28.402	33.25	31.111	
8503	655.	28.402	33.25	31.111	
8504	655.01	28.402	33.25	31.111	
8505	655.02	28.402	33.25	31.111	
8506	655.05	28.402	33.25	31.111	
8507	655.14	28.402	33.25	31.111	
8508	655.24	28.403	33.25	31.111	
8509	655.34	28.403	33.25	31.111	
8510	655.44	28.403	33.25	31.111	
8511	655.54	28.403	33.25	31.111	
8512	655.64	28.403	33.251	31.111	
8513	655.74	28.403	33.251	31.112	
8514	655.84	28.403	33.251	31.112	
8515	655.94	28.403	33.251	31.112	
8516	656.	28.403	33.251	31.112	
8517	656.01	28.403	33.251	31.112	
8518	656.02	28.403	33.251	31.112	
8519	656.05	28.403	33.251	31.112	
8520	656.14	28.403	33.251	31.112	
8521	656.24	28.404	33.252	31.112	
8522	656.34	28.404	33.252	31.112	
8523	656.44	28.404	33.252	31.113	
8524	656.54	28.404	33.252	31.113	
8525	656.64	28.404	33.252	31.113	
8526	656.74	28.404	33.252	31.113	
8527	656.84	28.404	33.252	31.113	
8528	656.94	28.404	33.253	31.113	
8529	657.	28.404	33.253	31.113	
8530	657.01	28.404	33.253	31.113	
8531	657.02	28.404	33.253	31.113	
8532	657.05	28.404	33.253	31.113	
8533	657.14	28.404	33.253	31.113	
8534	657.24	28.404	33.253	31.114	
8535	657.34	28.405	33.253	31.114	
8536	657.44	28.405	33.253	31.114	
8537	657.54	28.405	33.254	31.114	
8538	657.64	28.405	33.254	31.114	
8539	657.74	28.405	33.254	31.114	
8540	657.84	28.405	33.254	31.114	
8541	657.94	28.405	33.254	31.114	
8542	658.	28.405	33.254	31.115	
8543	658.01	28.405	33.254	31.115	
8544	658.02	28.405	33.254	31.115	
8545	658.05	28.405	33.254	31.115	
8546	658.14	28.405	33.255	31.115	
8547	658.24	28.405	33.255	31.115	
8548	658.34	28.406	33.255	31.115	
8549	658.44	28.406	33.255	31.115	
8550	658.54	28.406	33.255	31.115	
8551	658.64	28.406	33.255	31.115	
8552	658.74	28.406	33.255	31.115	
8553	658.84	28.406	33.256	31.116	
8554	658.94	28.406	33.256	31.116	
8555	659.	28.406	33.256	31.116	
8556	659.01	28.406	33.256	31.116	
8557	659.02	28.406	33.256	31.116	
8558	659.05	28.406	33.256	31.116	
8559	659.14	28.406	33.256	31.116	
8560	659.24	28.406	33.256	31.116	
8561	659.34	28.406	33.256	31.116	
8562	659.44	28.407	33.257	31.116	
8563	659.54	28.407	33.257	31.116	
8564	659.64	28.407	33.257	31.117	
8565	659.74	28.407	33.257	31.117	
8566	659.84	28.407	33.257	31.117	
8567	659.94	28.407	33.257	31.117	
8568	660.	28.407	33.257	31.117	
8569	660.01	28.407	33.257	31.117	
8570	660.02	28.407	33.257	31.117	
8571	660.05	28.407	33.257	31.117	
8572	660.14	28.407	33.258	31.117	
8573	660.24	28.407	33.258	31.117	
8574	660.34	28.407	33.258	31.117	
8575	660.44	28.407	33.258	31.118	
8576	660.54	28.408	33.258	31.118	
8577	660.64	28.408	33.258	31.118	
8578	660.74	28.408	33.259	31.118	
8579	660.84	28.408	33.259	31.118	
8580	660.94	28.408	33.259	31.118	
8581	661.	28.408	33.259	31.118	
8582	661.01	28.408	33.259	31.118	
8583	661.02	28.408	33.259	31.118	
8584	661.05	28.408	33.259	31.118	
8585	661.14	28.408	33.259	31.119	
8586	661.24	28.408	33.259	31.119	
8587	661.34	28.408	33.259	31.119	
8588	661.44	28.408	33.26	31.119	
8589	661.54	28.409	33.26	31.119	
8590	661.64	28.409	33.26	31.119	
8591	661.74	28.409	33.26	31.119	
8592	661.84	28.409	33.26	31.119	
8593	661.94	28.409	33.26	31.12	
8594	662.	28.409	33.261	31.12	
8595	662.01	28.409	33.261	31.12	
8596	662.02	28.409	33.261	31.12	
8597	662.05	28.409	33.261	31.12	
8598	662.14	28.409	33.261	31.12	
8599	662.24	28.409	33.261	31.12	
8600	662.34	28.409	33.261	31.12	
8601	662.44	28.409	33.261	31.12	
8602	662.54	28.409	33.261	31.12	
8603	662.64	28.41	33.262	31.12	
8604	662.74	28.41	33.262	31.121	
8605	662.84	28.41	33.262	31.121	
8606	662.94	28.41	33.262	31.121	
8607	663.	28.41	33.262	31.121	
8608	663.01	28.41	33.262	31.121	
8609	663.02	28.41	33.262	31.121	
8610	663.05	28.41	33.262	31.121	
8611	663.14	28.41	33.262	31.121	
8612	663.24	28.41	33.262	31.121	
8613	663.34	28.41	33.263	31.121	
8614	663.44	28.41	33.263	31.121	
8615	663.54	28.41	33.263	31.122	
8616	663.64	28.411	33.263	31.122	
8617	663.74	28.411	33.263	31.122	
8618	663.84	28.411	33.263	31.122	
8619	663.94	28.411	33.264	31.122	
8620	664.	28.411	33.264	31.122	
8621	664.01	28.411	33.264	31.122	
8622	664.02	28.411	33.264	31.122	
8623	664.05	28.411	33.264	31.122	
8624	664.14	28.411	33.264	31.122	
8625	664.24	28.411	33.264	31.122	
8626	664.34	28.411	33.264	31.123	
8627	664.44	28.411	33.264	31.123	
8628	664.54	28.411	33.264	31.123	
8629	664.64	28.411	33.265	31.123	
8630	664.74	28.412	33.265	31.123	
8631	664.84	28.412	33.265	31.123	
8632	664.94	28.412	33.265	31.123	
8633	665.	28.412	33.265	31.123	
8634	665.01	28.412	33.265	31.123	
8635	665.02	28.412	33.265	31.123	
8636	665.05	28.412	33.265	31.124	
8637	665.14	28.412	33.265	31.124	
8638	665.24	28.412	33.266	31.124	
8639	665.34	28.412	33.266	31.124	
8640	665.44	28.412	33.266	31.124	
8641	665.54	28.412	33.266	31.124	
8642	665.64	28.412	33.266	31.124	
8643	665.74	28.412	33.266	31.124	
8644	665.84	28.413	33.266	31.125	
8645	665.94	28.413	33.267	31.125	
8646	666.	28.413	33.267	31.125	
8647	666.01	28.413	33.267	31.125	
8648	666.02	28.413	33.267	31.125	
8649	666.05	28.413	33.267	31.125	
8650	666.14	28.413	33.267	31.125	
8651	666.24	28.413	33.267	31.125	
8652	666.34	28.413	33.267	31.125	
8653	666.44	28.413	33.267	31.125	
8654	666.54	28.413	33.268	31.125	
8655	666.64	28.413	33.268	31.126	
8656	666.74	28.413	33.268	31.126	
8657	666.84	28.414	33.268	31.126	
8658	666.94	28.414	33.268	31.126	
8659	667.	28.414	33.268	31.126	
8660	667.01	28.414	33.268	31.126	
8661	667.02	28.414	33.268	31.126	
8662	667.05	28.414	33.268	31.126	
8663	667.14	28.414	33.269	31.126	
8664	667.24	28.414	33.269	31.126	
8665	667.34	28.414	33.269	31.126	
8666	667.44	28.414	33.269	31.127	
8667	667.54	28.414	33.269	31.127	
8668	667.64	28.414	33.269	31.127	
8669	667.74	28.414	33.269	31.127	
8670	667.84	28.414	33.27	31.127	
8671	667.94	28.415	33.27	31.127	
8672	668.	28.415	33.27	31.127	
8673	668.01	28.415	33.27	31.127	
8674	668.02	28.415	33.27	31.127	
8675	668.05	28.415	33.27	31.127	
8676	668.14	28.415	33.27	31.127	
8677	668.24	28.415	33.27	31.128	
8678	668.34	28.415	33.27	31.128	
8679	668.44	28.415	33.271	31.128	
8680	668.54	28.415	33.271	31.128	
8681	668.64	28.415	33.271	31.128	
8682	668.74	28.415	33.271	31.128	
8683	668.84	28.415	33.271	31.128	
8684	668.94	28.416	33.271	31.128	
8685	669.	28.416	33.271	31.129	
8686	669.01	28.416	33.271	31.129	
8687	669.02	28.416	33.271	31.129	
8688	669.05	28.416	33.271	31.129	
8689	669.14	28.416	33.272	31.129	
8690	669.24	28.416	33.272	31.129	
8691	669.34	28.416	33.272	31.129	
8692	669.44	28.416	33.272	31.129	
8693	669.54	28.416	33.272	31.129	
8694	669.64	28.416	33.272	31.129	
8695	669.74	28.416	33.273	31.13	
8696	669.84	28.416	33.273	31.13	
8697	669.94	28.416	33.273	31.13	
8698	670.	28.416	33.273	31.13	
8699	670.01	28.417	33.273	31.13	
8700	670.02	28.417	33.273	31.13	
8701	670.05	28.417	33.273	31.13	
8702	670.14	28.417	33.273	31.13	
8703	670.24	28.417	33.273	31.13	
8704	670.34	28.417	33.273	31.13	
8705	670.44	28.417	33.274	31.13	
8706	670.54	28.417	33.274	31.131	
8707	670.64	28.417	33.274	31.131	
8708	670.74	28.417	33.274	31.131	
8709	670.84	28.417	33.274	31.131	
8710	670.94	28.417	33.274	31.131	
8711	671.	28.417	33.275	31.131	
8712	671.01	28.417	33.275	31.131	
8713	671.02	28.417	33.275	31.131	
8714	671.05	28.417	33.275	31.131	
8715	671.14	28.418	33.275	31.131	
8716	671.24	28.418	33.275	31.131	
8717	671.34	28.418	33.275	31.132	
8718	671.44	28.418	33.275	31.132	
8719	671.54	28.418	33.275	31.132	
8720	671.64	28.418	33.276	31.132	
8721	671.74	28.418	33.276	31.132	
8722	671.84	28.418	33.276	31.132	
8723	671.94	28.418	33.276	31.132	
8724	672.	28.418	33.276	31.132	
8725	672.01	28.418	33.276	31.132	
8726	672.02	28.418	33.276	31.132	
8727	672.05	28.418	33.276	31.132	
8728	672.14	28.419	33.276	31.133	
8729	672.24	28.419	33.276	31.133	
8730	672.34	28.419	33.277	31.133	
8731	672.44	28.419	33.277	31.133	
8732	672.54	28.419	33.277	31.133	
8733	672.64	28.419	33.277	31.133	
8734	672.74	28.419	33.277	31.133	
8735	672.84	28.419	33.277	31.133	
8736	672.94	28.419	33.278	31.134	
8737	673.	28.419	33.278	31.134	
8738	673.01	28.419	33.278	31.134	
8739	673.02	28.419	33.278	31.134	
8740	673.05	28.419	33.278	31.134	
8741	673.14	28.419	33.278	31.134	
8742	673.24	28.42	33.278	31.134	
8743	673.34	28.42	33.278	31.134	
8744	673.44	28.42	33.278	31.134	
8745	673.54	28.42	33.278	31.134	
8746	673.64	28.42	33.279	31.134	
8747	673.74	28.42	33.279	31.135	
8748	673.84	28.42	33.279	31.135	
8749	673.94	28.42	33.279	31.135	
8750	674.	28.42	33.279	31.135	
8751	674.01	28.42	33.279	31.135	
8752	674.02	28.42	33.279	31.135	
8753	674.05	28.42	33.279	31.135	
8754	674.14	28.42	33.279	31.135	
8755	674.24	28.42	33.28	31.135	
8756	674.34	28.421	33.28	31.135	
8757	674.44	28.421	33.28	31.136	
8758	674.54	28.421	33.28	31.136	
8759	674.64	28.421	33.28	31.136	
8760	674.74	28.421	33.28	31.136	
8761	674.84	28.421	33.28	31.136	
8762	674.94	28.421	33.281	31.136	
8763	675.	28.421	33.281	31.136	
8764	675.01	28.421	33.281	31.136	
8765	675.02	28.421	33.281	31.136	
8766	675.05	28.421	33.281	31.136	
8767	675.14	28.421	33.281	31.136	
8768	675.24	28.421	33.281	31.137	
8769	675.34	28.422	33.281	31.137	
8770	675.44	28.422	33.281	31.137	
8771	675.54	28.422	33.282	31.137	
8772	675.64	28.422	33.282	31.137	
8773	675.74	28.422	33.282	31.137	
8774	675.84	28.422	33.282	31.137	
8775	675.94	28.422	33.282	31.137	
8776	676.	28.422	33.282	31.138	
8777	676.01	28.422	33.282	31.138	
8778	676.02	28.422	33.282	31.138	
8779	676.05	28.422	33.282	31.138	
8780	676.14	28.422	33.283	31.138	
8781	676.24	28.422	33.283	31.138	
8782	676.34	28.422	33.283	31.138	
8783	676.44	28.423	33.283	31.138	
8784	676.54	28.423	33.283	31.138	
8785	676.64	28.423	33.283	31.138	
8786	676.74	28.423	33.283	31.138	
8787	676.84	28.423	33.284	31.139	
8788	676.94	28.423	33.284	31.139	
8789	677.	28.423	33.284	31.139	
8790	677.01	28.423	33.284	31.139	
8791	677.02	28.423	33.284	31.139	
8792	677.05	28.423	33.284	31.139	
8793	677.14	28.423	33.284	31.139	
8794	677.24	28.423	33.284	31.139	
8795	677.34	28.423	33.284	31.139	
8796	677.44	28.423	33.285	31.139	
8797	677.54	28.424	33.285	31.139	
8798	677.64	28.424	33.285	31.14	
8799	677.74	28.424	33.285	31.14	
8800	677.84	28.424	33.285	31.14	
8801	677.94	28.424	33.285	31.14	
8802	678.	28.424	33.285	31.14	
8803	678.01	28.424	33.285	31.14	
8804	678.02	28.424	33.285	31.14	
8805	678.05	28.424	33.285	31.14	
8806	678.14	28.424	33.286	31.14	
8807	678.24	28.424	33.286	31.14	
8808	678.34	28.424	33.286	31.141	
8809	678.44	28.424	33.286	31.141	
8810	678.54	28.425	33.286	31.141	
8811	678.64	28.425	33.286	31.141	
8812	678.74	28.425	33.287	31.141	
8813	678.84	28.425	33.287	31.141	
8814	678.94	28.425	33.287	31.141	
8815	679.	28.425	33.287	31.141	
8816	679.01	28.425	33.287	31.141	
8817	679.02	28.425	33.287	31.141	
8818	679.05	28.425	33.287	31.141	
8819	679.14	28.425	33.287	31.142	
8820	679.24	28.425	33.287	31.142	
8821	679.34	28.425	33.287	31.142	
8822	679.44	28.425	33.288	31.142	
8823	679.54	28.425	33.288	31.142	
8824	679.64	28.426	33.288	31.142	
8825	679.74	28.426	33.288	31.142	
8826	679.84	28.426	33.288	31.142	
8827	679.94	28.426	33.288	31.143	
8828	680.	28.426	33.289	31.143	
8829	680.01	28.426	33.289	31.143	
8830	680.02	28.426	33.289	31.143	
8831	680.05	28.426	33.289	31.143	
8832	680.14	28.426	33.289	31.143	
8833	680.24	28.426	33.289	31.143	
8834	680.34	28.426	33.289	31.143	
8835	680.44	28.426	33.289	31.143	
8836	680.54	28.426	33.289	31.143	
8837	680.64	28.427	33.29	31.143	
8838	680.74	28.427	33.29	31.144	
8839	680.84	28.427	33.29	31.144	
8840	680.94	28.427	33.29	31.144	
8841	681.	28.427	33.29	31.144	
8842	681.01	28.427	33.29	31.144	
8843	681.02	28.427	33.29	31.144	
8844	681.05	28.427	33.29	31.144	
8845	681.14	28.427	33.29	31.144	
8846	681.24	28.427	33.29	31.144	
8847	681.34	28.427	33.291	31.144	
8848	681.44	28.427	33.291	31.144	
8849	681.54	28.427	33.291	31.145	
8850	681.64	28.427	33.291	31.145	
8851	681.74	28.428	33.291	31.145	
8852	681.84	28.428	33.291	31.145	
8853	681.94	28.428	33.292	31.145	
8854	682.	28.428	33.292	31.145	
8855	682.01	28.428	33.292	31.145	
8856	682.02	28.428	33.292	31.145	
8857	682.05	28.428	33.292	31.145	
8858	682.14	28.428	33.292	31.145	
8859	682.24	28.428	33.292	31.145	
8860	682.34	28.428	33.292	31.146	
8861	682.44	28.428	33.292	31.146	
8862	682.54	28.428	33.292	31.146	
8863	682.64	28.428	33.293	31.146	
8864	682.74	28.428	33.293	31.146	
8865	682.84	28.429	33.293	31.146	
8866	682.94	28.429	33.293	31.146	
8867	683.	28.429	33.293	31.146	
8868	683.01	28.429	33.293	31.146	
8869	683.02	28.429	33.293	31.146	
8870	683.05	28.429	33.293	31.147	
8871	683.14	28.429	33.293	31.147	
8872	683.24	28.429	33.294	31.147	
8873	683.34	28.429	33.294	31.147	
8874	683.44	28.429	33.294	31.147	
8875	683.54	28.429	33.294	31.147	
8876	683.64	28.429	33.294	31.147	
8877	683.74	28.429	33.294	31.147	
8878	683.84	28.43	33.294	31.148	
8879	683.94	28.43	33.295	31.148	
8880	684.	28.43	33.295	31.148	
8881	684.01	28.43	33.295	31.148	
8882	684.02	28.43	33.295	31.148	
8883	684.05	28.43	33.295	31.148	
8884	684.14	28.43	33.295	31.148	
8885	684.24	28.43	33.295	31.148	
8886	684.34	28.43	33.295	31.148	
8887	684.44	28.43	33.295	31.148	
8888	684.54	28.43	33.296	31.148	
8889	684.64	28.43	33.296	31.149	
8890	684.74	28.43	33.296	31.149	
8891	684.84	28.43	33.296	31.149	
8892	684.94	28.431	33.296	31.149	
8893	685.	28.431	33.296	31.149	
8894	685.01	28.431	33.296	31.149	
8895	685.02	28.431	33.296	31.149	
8896	685.05	28.431	33.296	31.149	
8897	685.14	28.431	33.297	31.149	
8898	685.24	28.431	33.297	31.149	
8899	685.34	28.431	33.297	31.149	
8900	685.44	28.431	33.297	31.15	
8901	685.54	28.431	33.297	31.15	
8902	685.64	28.431	33.297	31.15	
8903	685.74	28.431	33.297	31.15	
8904	685.84	28.431	33.298	31.15	
8905	685.94	28.431	33.298	31.15	
8906	686.	28.432	33.298	31.15	
8907	686.01	28.432	33.298	31.15	
8908	686.02	28.432	33.298	31.15	
8909	686.05	28.432	33.298	31.15	
8910	686.14	28.432	33.298	31.15	
8911	686.24	28.432	33.298	31.151	
8912	686.34	28.432	33.298	31.151	
8913	686.44	28.432	33.299	31.151	
8914	686.54	28.432	33.299	31.151	
8915	686.64	28.432	33.299	31.151	
8916	686.74	28.432	33.299	31.151	
8917	686.84	28.432	33.299	31.151	
8918	686.94	28.432	33.299	31.151	
8919	687.	28.432	33.299	31.152	
8920	687.01	28.432	33.299	31.152	
8921	687.02	28.432	33.299	31.152	
8922	687.05	28.433	33.299	31.152	
8923	687.14	28.433	33.3	31.152	
8924	687.24	28.433	33.3	31.152	
8925	687.34	28.433	33.3	31.152	
8926	687.44	28.433	33.3	31.152	
8927	687.54	28.433	33.3	31.152	
8928	687.64	28.433	33.3	31.152	
8929	687.74	28.433	33.301	31.153	
8930	687.84	28.433	33.301	31.153	
8931	687.94	28.433	33.301	31.153	
8932	688.	28.433	33.301	31.153	
8933	688.01	28.433	33.301	31.153	
8934	688.02	28.433	33.301	31.153	
8935	688.05	28.433	33.301	31.153	
8936	688.14	28.434	33.301	31.153	
8937	688.24	28.434	33.301	31.153	
8938	688.34	28.434	33.301	31.153	
8939	688.44	28.434	33.302	31.153	
8940	688.54	28.434	33.302	31.154	
8941	688.64	28.434	33.302	31.154	
8942	688.74	28.434	33.302	31.154	
8943	688.84	28.434	33.302	31.154	
8944	688.94	28.434	33.302	31.154	
8945	689.	28.434	33.303	31.154	
8946	689.01	28.434	33.303	31.154	
8947	689.02	28.434	33.303	31.154	
8948	689.05	28.434	33.303	31.154	
8949	689.14	28.434	33.303	31.154	
8950	689.24	28.435	33.303	31.154	
8951	689.34	28.435	33.303	31.155	
8952	689.44	28.435	33.303	31.155	
8953	689.54	28.435	33.303	31.155	
8954	689.64	28.435	33.304	31.155	
8955	689.74	28.435	33.304	31.155	
8956	689.84	28.435	33.304	31.155	
8957	689.94	28.435	33.304	31.155	
8958	690.	28.435	33.304	31.155	
8959	690.01	28.435	33.304	31.155	
8960	690.02	28.435	33.304	31.155	
8961	690.05	28.435	33.304	31.155	
8962	690.14	28.435	33.304	31.156	
8963	690.24	28.436	33.304	31.156	
8964	690.34	28.436	33.305	31.156	
8965	690.44	28.436	33.305	31.156	
8966	690.54	28.436	33.305	31.156	
8967	690.64	28.436	33.305	31.156	
8968	690.74	28.436	33.305	31.156	
8969	690.84	28.436	33.305	31.156	
8970	690.94	28.436	33.306	31.157	
8971	691.	28.436	33.306	31.157	
8972	691.01	28.436	33.306	31.157	
8973	691.02	28.436	33.306	31.157	
8974	691.05	28.436	33.306	31.157	
8975	691.14	28.436	33.306	31.157	
8976	691.24	28.436	33.306	31.157	
8977	691.34	28.437	33.306	31.157	
8978	691.44	28.437	33.306	31.157	
8979	691.54	28.437	33.306	31.157	
8980	691.64	28.437	33.307	31.157	
8981	691.74	28.437	33.307	31.158	
8982	691.84	28.437	33.307	31.158	
8983	691.94	28.437	33.307	31.158	
8984	692.	28.437	33.307	31.158	
8985	692.01	28.437	33.307	31.158	
8986	692.02	28.437	33.307	31.158	
8987	692.05	28.437	33.307	31.158	
8988	692.14	28.437	33.307	31.158	
8989	692.24	28.437	33.308	31.158	
8990	692.34	28.437	33.308	31.158	
8991	692.44	28.438	33.308	31.159	
8992	692.54	28.438	33.308	31.159	
8993	692.64	28.438	33.308	31.159	
8994	692.74	28.438	33.308	31.159	
8995	692.84	28.438	33.309	31.159	
8996	692.94	28.438	33.309	31.159	
8997	693.	28.438	33.309	31.159	
8998	693.01	28.438	33.309	31.159	
8999	693.02	28.438	33.309	31.159	
9000	693.05	28.438	33.309	31.159	
9001	693.14	28.438	33.309	31.159	
9002	693.24	28.438	33.309	31.16	
9003	693.34	28.438	33.309	31.16	
9004	693.44	28.439	33.309	31.16	
9005	693.54	28.439	33.31	31.16	
9006	693.64	28.439	33.31	31.16	
9007	693.74	28.439	33.31	31.16	
9008	693.84	28.439	33.31	31.16	
9009	693.94	28.439	33.31	31.16	
9010	694.	28.439	33.31	31.161	
9011	694.01	28.439	33.31	31.161	
9012	694.02	28.439	33.31	31.161	
9013	694.05	28.439	33.31	31.161	
9014	694.14	28.439	33.311	31.161	
9015	694.24	28.439	33.311	31.161	
9016	694.34	28.439	33.311	31.161	
9017	694.44	28.439	33.311	31.161	
9018	694.54	28.44	33.311	31.161	
9019	694.64	28.44	33.311	31.161	
9020	694.74	28.44	33.311	31.161	
9021	694.84	28.44	33.312	31.162	
9022	694.94	28.44	33.312	31.162	
9023	695.	28.44	33.312	31.162	
9024	695.01	28.44	33.312	31.162	
9025	695.02	28.44	33.312	31.162	
9026	695.05	28.44	33.312	31.162	
9027	695.14	28.44	33.312	31.162	
9028	695.24	28.44	33.312	31.162	
9029	695.34	28.44	33.312	31.162	
9030	695.44	28.44	33.313	31.162	
9031	695.54	28.44	33.313	31.162	
9032	695.64	28.441	33.313	31.163	
9033	695.74	28.441	33.313	31.163	
9034	695.84	28.441	33.313	31.163	
9035	695.94	28.441	33.313	31.163	
9036	696.	28.441	33.313	31.163	
9037	696.01	28.441	33.313	31.163	
9038	696.02	28.441	33.313	31.163	
9039	696.05	28.441	33.314	31.163	
9040	696.14	28.441	33.314	31.163	
9041	696.24	28.441	33.314	31.163	
9042	696.34	28.441	33.314	31.163	
9043	696.44	28.441	33.314	31.164	
9044	696.54	28.441	33.314	31.164	
9045	696.64	28.442	33.314	31.164	
9046	696.74	28.442	33.315	31.164	
9047	696.84	28.442	33.315	31.164	
9048	696.94	28.442	33.315	31.164	
9049	697.	28.442	33.315	31.164	
9050	697.01	28.442	33.315	31.164	
9051	697.02	28.442	33.315	31.164	
9052	697.05	28.442	33.315	31.164	
9053	697.14	28.442	33.315	31.165	
9054	697.24	28.442	33.315	31.165	
9055	697.34	28.442	33.316	31.165	
9056	697.44	28.442	33.316	31.165	
9057	697.54	28.442	33.316	31.165	
9058	697.64	28.442	33.316	31.165	
9059	697.74	28.443	33.316	31.165	
9060	697.84	28.443	33.316	31.165	
9061	697.94	28.443	33.316	31.166	
9062	698.	28.443	33.317	31.166	
9063	698.01	28.443	33.317	31.166	
9064	698.02	28.443	33.317	31.166	
9065	698.05	28.443	33.317	31.166	
9066	698.14	28.443	33.317	31.166	
9067	698.24	28.443	33.317	31.166	
9068	698.34	28.443	33.317	31.166	
9069	698.44	28.443	33.317	31.166	
9070	698.54	28.443	33.317	31.166	
9071	698.64	28.443	33.318	31.166	
9072	698.74	28.443	33.318	31.167	
9073	698.84	28.444	33.318	31.167	
9074	698.94	28.444	33.318	31.167	
9075	699.	28.444	33.318	31.167	
9076	699.01	28.444	33.318	31.167	
9077	699.02	28.444	33.318	31.167	
9078	699.05	28.444	33.318	31.167	
9079	699.14	28.444	33.318	31.167	
9080	699.24	28.444	33.318	31.167	
9081	699.34	28.444	33.319	31.167	
9082	699.44	28.444	33.319	31.167	
9083	699.54	28.444	33.319	31.168	
9084	699.64	28.444	33.319	31.168	
9085	699.74	28.444	33.319	31.168	
9086	699.84	28.445	33.319	31.168	
9087	699.94	28.445	33.32	31.168	
9088	700.	28.445	33.32	31.168	
9089	700.01	28.445	33.32	31.168	
9090	700.02	28.445	33.32	31.168	
9091	700.05	28.445	33.32	31.168	
9092	700.14	28.445	33.32	31.168	
9093	700.24	28.445	33.32	31.168	
9094	700.34	28.445	33.32	31.169	
9095	700.44	28.445	33.32	31.169	
9096	700.54	28.445	33.32	31.169	
9097	700.64	28.445	33.321	31.169	
9098	700.74	28.445	33.321	31.169	
9099	700.84	28.445	33.321	31.169	
9100	700.94	28.446	33.321	31.169	
9101	701.	28.446	33.321	31.169	
9102	701.01	28.446	33.321	31.169	
9103	701.02	28.446	33.321	31.169	
9104	701.05	28.446	33.321	31.17	
9105	701.14	28.446	33.321	31.17	
9106	701.24	28.446	33.322	31.17	
9107	701.34	28.446	33.322	31.17	
9108	701.44	28.446	33.322	31.17	
9109	701.54	28.446	33.322	31.17	
9110	701.64	28.446	33.322	31.17	
9111	701.74	28.446	33.322	31.17	
9112	701.84	28.446	33.323	31.171	
9113	701.94	28.446	33.323	31.171	
9114	702.	28.447	33.323	31.171	
9115	702.01	28.447	33.323	31.171	
9116	702.02	28.447	33.323	31.171	
9117	702.05	28.447	33.323	31.171	
9118	702.14	28.447	33.323	31.171	
9119	702.24	28.447	33.323	31.171	
9120	702.34	28.447	33.323	31.171	
9121	702.44	28.447	33.323	31.171	
9122	702.54	28.447	33.324	31.171	
9123	702.64	28.447	33.324	31.172	
9124	702.74	28.447	33.324	31.172	
9125	702.84	28.447	33.324	31.172	
9126	702.94	28.447	33.324	31.172	
9127	703.	28.447	33.324	31.172	
9128	703.01	28.447	33.324	31.172	
9129	703.02	28.447	33.324	31.172	
9130	703.05	28.448	33.324	31.172	
9131	703.14	28.448	33.325	31.172	
9132	703.24	28.448	33.325	31.172	
9133	703.34	28.448	33.325	31.172	
9134	703.44	28.448	33.325	31.173	
9135	703.54	28.448	33.325	31.173	
9136	703.64	28.448	33.325	31.173	
9137	703.74	28.448	33.325	31.173	
9138	703.84	28.448	33.326	31.173	
9139	703.94	28.448	33.326	31.173	
9140	704.	28.448	33.326	31.173	
9141	704.01	28.448	33.326	31.173	
9142	704.02	28.448	33.326	31.173	
9143	704.05	28.448	33.326	31.173	
9144	704.14	28.449	33.326	31.173	
9145	704.24	28.449	33.326	31.174	
9146	704.34	28.449	33.326	31.174	
9147	704.44	28.449	33.327	31.174	
9148	704.54	28.449	33.327	31.174	
9149	704.64	28.449	33.327	31.174	
9150	704.74	28.449	33.327	31.174	
9151	704.84	28.449	33.327	31.174	
9152	704.94	28.449	33.327	31.174	
9153	705.	28.449	33.327	31.175	
9154	705.01	28.449	33.327	31.175	
9155	705.02	28.449	33.327	31.175	
9156	705.05	28.449	33.328	31.175	
9157	705.14	28.449	33.328	31.175	
9158	705.24	28.45	33.328	31.175	
9159	705.34	28.45	33.328	31.175	
9160	705.44	28.45	33.328	31.175	
9161	705.54	28.45	33.328	31.175	
9162	705.64	28.45	33.328	31.175	
9163	705.74	28.45	33.329	31.176	
9164	705.84	28.45	33.329	31.176	
9165	705.94	28.45	33.329	31.176	
9166	706.	28.45	33.329	31.176	
9167	706.01	28.45	33.329	31.176	
9168	706.02	28.45	33.329	31.176	
9169	706.05	28.45	33.329	31.176	
9170	706.14	28.45	33.329	31.176	
9171	706.24	28.451	33.329	31.176	
9172	706.34	28.451	33.33	31.176	
9173	706.44	28.451	33.33	31.176	
9174	706.54	28.451	33.33	31.177	
9175	706.64	28.451	33.33	31.177	
9176	706.74	28.451	33.33	31.177	
9177	706.84	28.451	33.33	31.177	
9178	706.94	28.451	33.33	31.177	
9179	707.	28.451	33.331	31.177	
9180	707.01	28.451	33.331	31.177	
9181	707.02	28.451	33.331	31.177	
9182	707.05	28.451	33.331	31.177	
9183	707.14	28.451	33.331	31.177	
9184	707.24	28.451	33.331	31.177	
9185	707.34	28.452	33.331	31.178	
9186	707.44	28.452	33.331	31.178	
9187	707.54	28.452	33.331	31.178	
9188	707.64	28.452	33.332	31.178	
9189	707.74	28.452	33.332	31.178	
9190	707.84	28.452	33.332	31.178	
9191	707.94	28.452	33.332	31.178	
9192	708.	28.452	33.332	31.178	
9193	708.01	28.452	33.332	31.178	
9194	708.02	28.452	33.332	31.178	
9195	708.05	28.452	33.332	31.178	
9196	708.14	28.452	33.332	31.179	
9197	708.24	28.452	33.332	31.179	
9198	708.34	28.452	33.333	31.179	
9199	708.44	28.453	33.333	31.179	
9200	708.54	28.453	33.333	31.179	
9201	708.64	28.453	33.333	31.179	
9202	708.74	28.453	33.333	31.179	
9203	708.84	28.453	33.333	31.179	
9204	708.94	28.453	33.334	31.18	
9205	709.	28.453	33.334	31.18	
9206	709.01	28.453	33.334	31.18	
9207	709.02	28.453	33.334	31.18	
9208	709.05	28.453	33.334	31.18	
9209	709.14	28.453	33.334	31.18	
9210	709.24	28.453	33.334	31.18	
9211	709.34	28.453	33.334	31.18	
9212	709.44	28.454	33.334	31.18	
9213	709.54	28.454	33.335	31.18	
9214	709.64	28.454	33.335	31.18	
9215	709.74	28.454	33.335	31.181	
9216	709.84	28.454	33.335	31.181	
9217	709.94	28.454	33.335	31.181	
9218	710.	28.454	33.335	31.181	
9219	710.01	28.454	33.335	31.181	
9220	710.02	28.454	33.335	31.181	
9221	710.05	28.454	33.335	31.181	
9222	710.14	28.454	33.335	31.181	
9223	710.24	28.454	33.336	31.181	
9224	710.34	28.454	33.336	31.181	
9225	710.44	28.454	33.336	31.182	
9226	710.54	28.455	33.336	31.182	
9227	710.64	28.455	33.336	31.182	
9228	710.74	28.455	33.336	31.182	
9229	710.84	28.455	33.337	31.182	
9230	710.94	28.455	33.337	31.182	
9231	711.	28.455	33.337	31.182	
9232	711.01	28.455	33.337	31.182	
9233	711.02	28.455	33.337	31.182	
9234	711.05	28.455	33.337	31.182	
9235	711.14	28.455	33.337	31.182	
9236	711.24	28.455	33.337	31.183	
9237	711.34	28.455	33.337	31.183	
9238	711.44	28.455	33.337	31.183	
9239	711.54	28.455	33.338	31.183	
9240	711.64	28.456	33.338	31.183	
9241	711.74	28.456	33.338	31.183	
9242	711.84	28.456	33.338	31.183	
9243	711.94	28.456	33.338	31.183	
9244	712.	28.456	33.338	31.183	
9245	712.01	28.456	33.338	31.184	
9246	712.02	28.456	33.338	31.184	
9247	712.05	28.456	33.338	31.184	
9248	712.14	28.456	33.339	31.184	
9249	712.24	28.456	33.339	31.184	
9250	712.34	28.456	33.339	31.184	
9251	712.44	28.456	33.339	31.184	
9252	712.54	28.456	33.339	31.184	
9253	712.64	28.456	33.339	31.184	
9254	712.74	28.457	33.34	31.184	
9255	712.84	28.457	33.34	31.185	
9256	712.94	28.457	33.34	31.185	
9257	713.	28.457	33.34	31.185	
9258	713.01	28.457	33.34	31.185	
9259	713.02	28.457	33.34	31.185	
9260	713.05	28.457	33.34	31.185	
9261	713.14	28.457	33.34	31.185	
9262	713.24	28.457	33.34	31.185	
9263	713.34	28.457	33.34	31.185	
9264	713.44	28.457	33.341	31.185	
9265	713.54	28.457	33.341	31.185	
9266	713.64	28.457	33.341	31.186	
9267	713.74	28.458	33.341	31.186	
9268	713.84	28.458	33.341	31.186	
9269	713.94	28.458	33.341	31.186	
9270	714.	28.458	33.341	31.186	
9271	714.01	28.458	33.341	31.186	
9272	714.02	28.458	33.341	31.186	
9273	714.05	28.458	33.342	31.186	
9274	714.14	28.458	33.342	31.186	
9275	714.24	28.458	33.342	31.186	
9276	714.34	28.458	33.342	31.186	
9277	714.44	28.458	33.342	31.187	
9278	714.54	28.458	33.342	31.187	
9279	714.64	28.458	33.342	31.187	
9280	714.74	28.458	33.343	31.187	
9281	714.84	28.459	33.343	31.187	
9282	714.94	28.459	33.343	31.187	
9283	715.	28.459	33.343	31.187	
9284	715.01	28.459	33.343	31.187	
9285	715.02	28.459	33.343	31.187	
9286	715.05	28.459	33.343	31.187	
9287	715.14	28.459	33.343	31.188	
9288	715.24	28.459	33.343	31.188	
9289	715.34	28.459	33.344	31.188	
9290	715.44	28.459	33.344	31.188	
9291	715.54	28.459	33.344	31.188	
9292	715.64	28.459	33.344	31.188	
9293	715.74	28.459	33.344	31.188	
9294	715.84	28.459	33.344	31.188	
9295	715.94	28.46	33.344	31.189	
9296	716.	28.46	33.345	31.189	
9297	716.01	28.46	33.345	31.189	
9298	716.02	28.46	33.345	31.189	
9299	716.05	28.46	33.345	31.189	
9300	716.14	28.46	33.345	31.189	
9301	716.24	28.46	33.345	31.189	
9302	716.34	28.46	33.345	31.189	
9303	716.44	28.46	33.345	31.189	
9304	716.54	28.46	33.345	31.189	
9305	716.64	28.46	33.346	31.189	
9306	716.74	28.46	33.346	31.19	
9307	716.84	28.46	33.346	31.19	
9308	716.94	28.461	33.346	31.19	
9309	717.	28.461	33.346	31.19	
9310	717.01	28.461	33.346	31.19	
9311	717.02	28.461	33.346	31.19	
9312	717.05	28.461	33.346	31.19	
9313	717.14	28.461	33.346	31.19	
9314	717.24	28.461	33.347	31.19	
9315	717.34	28.461	33.347	31.19	
9316	717.44	28.461	33.347	31.19	
9317	717.54	28.461	33.347	31.191	
9318	717.64	28.461	33.347	31.191	
9319	717.74	28.461	33.347	31.191	
9320	717.84	28.461	33.347	31.191	
9321	717.94	28.461	33.348	31.191	
9322	718.	28.462	33.348	31.191	
9323	718.01	28.462	33.348	31.191	
9324	718.02	28.462	33.348	31.191	
9325	718.05	28.462	33.348	31.191	
9326	718.14	28.462	33.348	31.191	
9327	718.24	28.462	33.348	31.191	
9328	718.34	28.462	33.348	31.192	
9329	718.44	28.462	33.348	31.192	
9330	718.54	28.462	33.349	31.192	
9331	718.64	28.462	33.349	31.192	
9332	718.74	28.462	33.349	31.192	
9333	718.84	28.462	33.349	31.192	
9334	718.94	28.462	33.349	31.192	
9335	719.	28.462	33.349	31.192	
9336	719.01	28.462	33.349	31.192	
9337	719.02	28.462	33.349	31.192	
9338	719.05	28.462	33.349	31.192	
9339	719.14	28.463	33.349	31.193	
9340	719.24	28.463	33.35	31.193	
9341	719.34	28.463	33.35	31.193	
9342	719.44	28.463	33.35	31.193	
9343	719.54	28.463	33.35	31.193	
9344	719.64	28.463	33.35	31.193	
9345	719.74	28.463	33.35	31.193	
9346	719.84	28.463	33.351	31.194	
9347	719.94	28.463	33.351	31.194	
9348	720.	28.463	33.351	31.194	
9349	720.01	28.463	33.351	31.194	
9350	720.02	28.463	33.351	31.194	
9351	720.05	28.463	33.351	31.194	
9352	720.14	28.464	33.351	31.194	
9353	720.24	28.464	33.351	31.194	
9354	720.34	28.464	33.351	31.194	
9355	720.44	28.464	33.352	31.194	
9356	720.54	28.464	33.352	31.194	
9357	720.64	28.464	33.352	31.195	
9358	720.74	28.464	33.352	31.195	
9359	720.84	28.464	33.352	31.195	
9360	720.94	28.464	33.352	31.195	
9361	721.	28.464	33.352	31.195	
9362	721.01	28.464	33.352	31.195	
9363	721.02	28.464	33.352	31.195	
9364	721.05	28.464	33.352	31.195	
9365	721.14	28.464	33.353	31.195	
9366	721.24	28.465	33.353	31.195	
9367	721.34	28.465	33.353	31.195	
9368	721.44	28.465	33.353	31.196	
9369	721.54	28.465	33.353	31.196	
9370	721.64	28.465	33.353	31.196	
9371	721.74	28.465	33.354	31.196	
9372	721.84	28.465	33.354	31.196	
9373	721.94	28.465	33.354	31.196	
9374	722.	28.465	33.354	31.196	
9375	722.01	28.465	33.354	31.196	
9376	722.02	28.465	33.354	31.196	
9377	722.05	28.465	33.354	31.196	
9378	722.14	28.465	33.354	31.196	
9379	722.24	28.465	33.354	31.197	
9380	722.34	28.466	33.354	31.197	
9381	722.44	28.466	33.355	31.197	
9382	722.54	28.466	33.355	31.197	
9383	722.64	28.466	33.355	31.197	
9384	722.74	28.466	33.355	31.197	
9385	722.84	28.466	33.355	31.197	
9386	722.94	28.466	33.355	31.197	
9387	723.	28.466	33.355	31.198	
9388	723.01	28.466	33.356	31.198	
9389	723.02	28.466	33.356	31.198	
9390	723.05	28.466	33.356	31.198	
9391	723.14	28.466	33.356	31.198	
9392	723.24	28.466	33.356	31.198	
9393	723.34	28.466	33.356	31.198	
9394	723.44	28.467	33.356	31.198	
9395	723.54	28.467	33.356	31.198	
9396	723.64	28.467	33.356	31.198	
9397	723.74	28.467	33.357	31.198	
9398	723.84	28.467	33.357	31.199	
9399	723.94	28.467	33.357	31.199	
9400	724.	28.467	33.357	31.199	
9401	724.01	28.467	33.357	31.199	
9402	724.02	28.467	33.357	31.199	
9403	724.05	28.467	33.357	31.199	
9404	724.14	28.467	33.357	31.199	
9405	724.24	28.467	33.357	31.199	
9406	724.34	28.467	33.358	31.199	
9407	724.44	28.468	33.358	31.199	
9408	724.54	28.468	33.358	31.199	
9409	724.64	28.468	33.358	31.2	
9410	724.74	28.468	33.358	31.2	
9411	724.84	28.468	33.358	31.2	
9412	724.94	28.468	33.359	31.2	
9413	725.	28.468	33.359	31.2	
9414	725.01	28.468	33.359	31.2	
9415	725.02	28.468	33.359	31.2	
9416	725.05	28.468	33.359	31.2	
9417	725.14	28.468	33.359	31.2	
9418	725.24	28.468	33.359	31.2	
9419	725.34	28.468	33.359	31.201	
9420	725.44	28.468	33.359	31.201	
9421	725.54	28.469	33.359	31.201	
9422	725.64	28.469	33.36	31.201	
9423	725.74	28.469	33.36	31.201	
9424	725.84	28.469	33.36	31.201	
9425	725.94	28.469	33.36	31.201	
9426	726.	28.469	33.36	31.201	
9427	726.01	28.469	33.36	31.201	
9428	726.02	28.469	33.36	31.201	
9429	726.05	28.469	33.36	31.201	
9430	726.14	28.469	33.36	31.202	
9431	726.24	28.469	33.361	31.202	
9432	726.34	28.469	33.361	31.202	
9433	726.44	28.469	33.361	31.202	
9434	726.54	28.469	33.361	31.202	
9435	726.64	28.47	33.361	31.202	
9436	726.74	28.47	33.361	31.202	
9437	726.84	28.47	33.361	31.202	
9438	726.94	28.47	33.362	31.203	
9439	727.	28.47	33.362	31.203	
9440	727.01	28.47	33.362	31.203	
9441	727.02	28.47	33.362	31.203	
9442	727.05	28.47	33.362	31.203	
9443	727.14	28.47	33.362	31.203	
9444	727.24	28.47	33.362	31.203	
9445	727.34	28.47	33.362	31.203	
9446	727.44	28.47	33.362	31.203	
9447	727.54	28.47	33.363	31.203	
9448	727.64	28.47	33.363	31.203	
9449	727.74	28.471	33.363	31.204	
9450	727.84	28.471	33.363	31.204	
9451	727.94	28.471	33.363	31.204	
9452	728.	28.471	33.363	31.204	
9453	728.01	28.471	33.363	31.204	
9454	728.02	28.471	33.363	31.204	
9455	728.05	28.471	33.363	31.204	
9456	728.14	28.471	33.363	31.204	
9457	728.24	28.471	33.364	31.204	
9458	728.34	28.471	33.364	31.204	
9459	728.44	28.471	33.364	31.204	
9460	728.54	28.471	33.364	31.205	
9461	728.64	28.471	33.364	31.205	
9462	728.74	28.472	33.364	31.205	
9463	728.84	28.472	33.365	31.205	
9464	728.94	28.472	33.365	31.205	
9465	729.	28.472	33.365	31.205	
9466	729.01	28.472	33.365	31.205	
9467	729.02	28.472	33.365	31.205	
9468	729.05	28.472	33.365	31.205	
9469	729.14	28.472	33.365	31.205	
9470	729.24	28.472	33.365	31.205	
9471	729.34	28.472	33.365	31.206	
9472	729.44	28.472	33.366	31.206	
9473	729.54	28.472	33.366	31.206	
9474	729.64	28.472	33.366	31.206	
9475	729.74	28.472	33.366	31.206	
9476	729.84	28.473	33.366	31.206	
9477	729.94	28.473	33.366	31.206	
9478	730.	28.473	33.366	31.206	
9479	730.01	28.473	33.366	31.206	
9480	730.02	28.473	33.366	31.206	
9481	730.05	28.473	33.366	31.207	
9482	730.14	28.473	33.367	31.207	
9483	730.24	28.473	33.367	31.207	
9484	730.34	28.473	33.367	31.207	
9485	730.44	28.473	33.367	31.207	
9486	730.54	28.473	33.367	31.207	
9487	730.64	28.473	33.367	31.207	
9488	730.74	28.473	33.368	31.207	
9489	730.84	28.473	33.368	31.208	
9490	730.94	28.474	33.368	31.208	
9491	731.	28.474	33.368	31.208	
9492	731.01	28.474	33.368	31.208	
9493	731.02	28.474	33.368	31.208	
9494	731.05	28.474	33.368	31.208	
9495	731.14	28.474	33.368	31.208	
9496	731.24	28.474	33.368	31.208	
9497	731.34	28.474	33.368	31.208	
9498	731.44	28.474	33.369	31.208	
9499	731.54	28.474	33.369	31.208	
9500	731.64	28.474	33.369	31.209	
9501	731.74	28.474	33.369	31.209	
9502	731.84	28.474	33.369	31.209	
9503	731.94	28.475	33.369	31.209	
9504	732.	28.475	33.37	31.209	
9505	732.01	28.475	33.37	31.209	
9506	732.02	28.475	33.37	31.209	
9507	732.05	28.475	33.37	31.209	
9508	732.14	28.475	33.37	31.209	
9509	732.24	28.475	33.37	31.209	
9510	732.34	28.475	33.37	31.209	
9511	732.44	28.475	33.37	31.21	
9512	732.54	28.475	33.37	31.21	
9513	732.64	28.475	33.371	31.21	
9514	732.74	28.475	33.371	31.21	
9515	732.84	28.475	33.371	31.21	
9516	732.94	28.475	33.371	31.21	
9517	733.	28.475	33.371	31.21	
9518	733.01	28.476	33.371	31.21	
9519	733.02	28.476	33.371	31.21	
9520	733.05	28.476	33.371	31.21	
9521	733.14	28.476	33.371	31.21	
9522	733.24	28.476	33.371	31.211	
9523	733.34	28.476	33.372	31.211	
9524	733.44	28.476	33.372	31.211	
9525	733.54	28.476	33.372	31.211	
9526	733.64	28.476	33.372	31.211	
9527	733.74	28.476	33.372	31.211	
9528	733.84	28.476	33.372	31.211	
9529	733.94	28.476	33.373	31.211	
9530	734.	28.476	33.373	31.212	
9531	734.01	28.476	33.373	31.212	
9532	734.02	28.476	33.373	31.212	
9533	734.05	28.476	33.373	31.212	
9534	734.14	28.477	33.373	31.212	
9535	734.24	28.477	33.373	31.212	
9536	734.34	28.477	33.373	31.212	
9537	734.44	28.477	33.373	31.212	
9538	734.54	28.477	33.373	31.212	
9539	734.64	28.477	33.374	31.212	
9540	734.74	28.477	33.374	31.213	
9541	734.84	28.477	33.374	31.213	
9542	734.94	28.477	33.374	31.213	
9543	735.	28.477	33.374	31.213	
9544	735.01	28.477	33.374	31.213	
9545	735.02	28.477	33.374	31.213	
9546	735.05	28.477	33.374	31.213	
9547	735.14	28.477	33.374	31.213	
9548	735.24	28.478	33.375	31.213	
9549	735.34	28.478	33.375	31.213	
9550	735.44	28.478	33.375	31.213	
9551	735.54	28.478	33.375	31.214	
9552	735.64	28.478	33.375	31.214	
9553	735.74	28.478	33.375	31.214	
9554	735.84	28.478	33.375	31.214	
9555	735.94	28.478	33.376	31.214	
9556	736.	28.478	33.376	31.214	
9557	736.01	28.478	33.376	31.214	
9558	736.02	28.478	33.376	31.214	
9559	736.05	28.478	33.376	31.214	
9560	736.14	28.478	33.376	31.214	
9561	736.24	28.479	33.376	31.214	
9562	736.34	28.479	33.376	31.215	
9563	736.44	28.479	33.376	31.215	
9564	736.54	28.479	33.377	31.215	
9565	736.64	28.479	33.377	31.215	
9566	736.74	28.479	33.377	31.215	
9567	736.84	28.479	33.377	31.215	
9568	736.94	28.479	33.377	31.215	
9569	737.	28.479	33.377	31.215	
9570	737.01	28.479	33.377	31.215	
9571	737.02	28.479	33.377	31.215	
9572	737.05	28.479	33.377	31.215	
9573	737.14	28.479	33.378	31.216	
9574	737.24	28.479	33.378	31.216	
9575	737.34	28.48	33.378	31.216	
9576	737.44	28.48	33.378	31.216	
9577	737.54	28.48	33.378	31.216	
9578	737.64	28.48	33.378	31.216	
9579	737.74	28.48	33.378	31.216	
9580	737.84	28.48	33.379	31.216	
9581	737.94	28.48	33.379	31.217	
9582	738.	28.48	33.379	31.217	
9583	738.01	28.48	33.379	31.217	
9584	738.02	28.48	33.379	31.217	
9585	738.05	28.48	33.379	31.217	
9586	738.14	28.48	33.379	31.217	
9587	738.24	28.48	33.379	31.217	
9588	738.34	28.48	33.379	31.217	
9589	738.44	28.481	33.38	31.217	
9590	738.54	28.481	33.38	31.217	
9591	738.64	28.481	33.38	31.217	
9592	738.74	28.481	33.38	31.218	
9593	738.84	28.481	33.38	31.218	
9594	738.94	28.481	33.38	31.218	
9595	739.	28.481	33.38	31.218	
9596	739.01	28.481	33.38	31.218	
9597	739.02	28.481	33.38	31.218	
9598	739.05	28.481	33.381	31.218	
9599	739.14	28.481	33.381	31.218	
9600	739.24	28.481	33.381	31.218	
9601	739.34	28.481	33.381	31.218	
9602	739.44	28.481	33.381	31.219	
9603	739.54	28.482	33.381	31.219	
9604	739.64	28.482	33.381	31.219	
9605	739.74	28.482	33.382	31.219	
9606	739.84	28.482	33.382	31.219	
9607	739.94	28.482	33.382	31.219	
9608	740.	28.482	33.382	31.219	
9609	740.01	28.482	33.382	31.219	
9610	740.02	28.482	33.382	31.219	
9611	740.05	28.482	33.382	31.219	
9612	740.14	28.482	33.382	31.219	
9613	740.24	28.482	33.382	31.22	
9614	740.34	28.482	33.383	31.22	
9615	740.44	28.482	33.383	31.22	
9616	740.54	28.483	33.383	31.22	
9617	740.64	28.483	33.383	31.22	
9618	740.74	28.483	33.383	31.22	
9619	740.84	28.483	33.383	31.22	
9620	740.94	28.483	33.383	31.22	
9621	741.	28.483	33.384	31.22	
9622	741.01	28.483	33.384	31.221	
9623	741.02	28.483	33.384	31.221	
9624	741.05	28.483	33.384	31.221	
9625	741.14	28.483	33.384	31.221	
9626	741.24	28.483	33.384	31.221	
9627	741.34	28.483	33.384	31.221	
9628	741.44	28.483	33.384	31.221	
9629	741.54	28.483	33.384	31.221	
9630	741.64	28.484	33.385	31.221	
9631	741.74	28.484	33.385	31.221	
9632	741.84	28.484	33.385	31.222	
9633	741.94	28.484	33.385	31.222	
9634	742.	28.484	33.385	31.222	
9635	742.01	28.484	33.385	31.222	
9636	742.02	28.484	33.385	31.222	
9637	742.05	28.484	33.385	31.222	
9638	742.14	28.484	33.385	31.222	
9639	742.24	28.484	33.385	31.222	
9640	742.34	28.484	33.386	31.222	
9641	742.44	28.484	33.386	31.222	
9642	742.54	28.484	33.386	31.222	
9643	742.64	28.484	33.386	31.223	
9644	742.74	28.485	33.386	31.223	
9645	742.84	28.485	33.386	31.223	
9646	742.94	28.485	33.387	31.223	
9647	743.	28.485	33.387	31.223	
9648	743.01	28.485	33.387	31.223	
9649	743.02	28.485	33.387	31.223	
9650	743.05	28.485	33.387	31.223	
9651	743.14	28.485	33.387	31.223	
9652	743.24	28.485	33.387	31.223	
9653	743.34	28.485	33.387	31.223	
9654	743.44	28.485	33.387	31.224	
9655	743.54	28.485	33.388	31.224	
9656	743.64	28.485	33.388	31.224	
9657	743.74	28.485	33.388	31.224	
9658	743.84	28.486	33.388	31.224	
9659	743.94	28.486	33.388	31.224	
9660	744.	28.486	33.388	31.224	
9661	744.01	28.486	33.388	31.224	
9662	744.02	28.486	33.388	31.224	
9663	744.05	28.486	33.388	31.224	
9664	744.14	28.486	33.388	31.224	
9665	744.24	28.486	33.389	31.225	
9666	744.34	28.486	33.389	31.225	
9667	744.44	28.486	33.389	31.225	
9668	744.54	28.486	33.389	31.225	
9669	744.64	28.486	33.389	31.225	
9670	744.74	28.486	33.389	31.225	
9671	744.84	28.487	33.39	31.225	
9672	744.94	28.487	33.39	31.226	
9673	745.	28.487	33.39	31.226	
9674	745.01	28.487	33.39	31.226	
9675	745.02	28.487	33.39	31.226	
9676	745.05	28.487	33.39	31.226	
9677	745.14	28.487	33.39	31.226	
9678	745.24	28.487	33.39	31.226	
9679	745.34	28.487	33.39	31.226	
9680	745.44	28.487	33.39	31.226	
9681	745.54	28.487	33.391	31.226	
9682	745.64	28.487	33.391	31.226	
9683	745.74	28.487	33.391	31.227	
9684	745.84	28.487	33.391	31.227	
9685	745.94	28.488	33.391	31.227	
9686	746.	28.488	33.391	31.227	
9687	746.01	28.488	33.391	31.227	
9688	746.02	28.488	33.391	31.227	
9689	746.05	28.488	33.391	31.227	
9690	746.14	28.488	33.392	31.227	
9691	746.24	28.488	33.392	31.227	
9692	746.34	28.488	33.392	31.227	
9693	746.44	28.488	33.392	31.227	
9694	746.54	28.488	33.392	31.228	
9695	746.64	28.488	33.392	31.228	
9696	746.74	28.488	33.392	31.228	
9697	746.84	28.488	33.393	31.228	
9698	746.94	28.488	33.393	31.228	
9699	747.	28.489	33.393	31.228	
9700	747.01	28.489	33.393	31.228	
9701	747.02	28.489	33.393	31.228	
9702	747.05	28.489	33.393	31.228	
9703	747.14	28.489	33.393	31.228	
9704	747.24	28.489	33.393	31.228	
9705	747.34	28.489	33.393	31.229	
9706	747.44	28.489	33.394	31.229	
9707	747.54	28.489	33.394	31.229	
9708	747.64	28.489	33.394	31.229	
9709	747.74	28.489	33.394	31.229	
9710	747.84	28.489	33.394	31.229	
9711	747.94	28.489	33.394	31.229	
9712	748.	28.489	33.394	31.229	
9713	748.01	28.489	33.394	31.229	
9714	748.02	28.489	33.394	31.229	
9715	748.05	28.489	33.395	31.229	
9716	748.14	28.49	33.395	31.23	
9717	748.24	28.49	33.395	31.23	
9718	748.34	28.49	33.395	31.23	
9719	748.44	28.49	33.395	31.23	
9720	748.54	28.49	33.395	31.23	
9721	748.64	28.49	33.395	31.23	
9722	748.74	28.49	33.396	31.23	
9723	748.84	28.49	33.396	31.23	
9724	748.94	28.49	33.396	31.231	
9725	749.	28.49	33.396	31.231	
9726	749.01	28.49	33.396	31.231	
9727	749.02	28.49	33.396	31.231	
9728	749.05	28.49	33.396	31.231	
9729	749.14	28.491	33.396	31.231	
9730	749.24	28.491	33.396	31.231	
9731	749.34	28.491	33.397	31.231	
9732	749.44	28.491	33.397	31.231	
9733	749.54	28.491	33.397	31.231	
9734	749.64	28.491	33.397	31.232	
9735	749.74	28.491	33.397	31.232	
9736	749.84	28.491	33.397	31.232	
9737	749.94	28.491	33.397	31.232	
9738	750.	28.491	33.398	31.232	
9739	750.01	28.491	33.398	31.232	
9740	750.02	28.491	33.398	31.232	
9741	750.05	28.491	33.398	31.232	
9742	750.14	28.491	33.398	31.232	
9743	750.24	28.492	33.398	31.232	
9744	750.34	28.492	33.398	31.232	
9745	750.44	28.492	33.398	31.233	
9746	750.54	28.492	33.398	31.233	
9747	750.64	28.492	33.399	31.233	
9748	750.74	28.492	33.399	31.233	
9749	750.84	28.492	33.399	31.233	
9750	750.94	28.492	33.399	31.233	
9751	751.	28.492	33.399	31.233	
9752	751.01	28.492	33.399	31.233	
9753	751.02	28.492	33.399	31.233	
9754	751.05	28.492	33.399	31.233	
9755	751.14	28.492	33.399	31.233	
9756	751.24	28.492	33.4	31.234	
9757	751.34	28.493	33.4	31.234	
9758	751.44	28.493	33.4	31.234	
9759	751.54	28.493	33.4	31.234	
9760	751.64	28.493	33.4	31.234	
9761	751.74	28.493	33.4	31.234	
9762	751.84	28.493	33.4	31.234	
9763	751.94	28.493	33.401	31.234	
9764	752.	28.493	33.401	31.235	
9765	752.01	28.493	33.401	31.235	
9766	752.02	28.493	33.401	31.235	
9767	752.05	28.493	33.401	31.235	
9768	752.14	28.493	33.401	31.235	
9769	752.24	28.493	33.401	31.235	
9770	752.34	28.493	33.401	31.235	
9771	752.44	28.494	33.401	31.235	
9772	752.54	28.494	33.402	31.235	
9773	752.64	28.494	33.402	31.235	
9774	752.74	28.494	33.402	31.235	
9775	752.84	28.494	33.402	31.236	
9776	752.94	28.494	33.402	31.236	
9777	753.	28.494	33.402	31.236	
9778	753.01	28.494	33.402	31.236	
9779	753.02	28.494	33.402	31.236	
9780	753.05	28.494	33.402	31.236	
9781	753.14	28.494	33.402	31.236	
9782	753.24	28.494	33.403	31.236	
9783	753.34	28.494	33.403	31.236	
9784	753.44	28.495	33.403	31.236	
9785	753.54	28.495	33.403	31.236	
9786	753.64	28.495	33.403	31.237	
9787	753.74	28.495	33.403	31.237	
9788	753.84	28.495	33.404	31.237	
9789	753.94	28.495	33.404	31.237	
9790	754.	28.495	33.404	31.237	
9791	754.01	28.495	33.404	31.237	
9792	754.02	28.495	33.404	31.237	
9793	754.05	28.495	33.404	31.237	
9794	754.14	28.495	33.404	31.237	
9795	754.24	28.495	33.404	31.237	
9796	754.34	28.495	33.404	31.238	
9797	754.44	28.495	33.404	31.238	
9798	754.54	28.496	33.405	31.238	
9799	754.64	28.496	33.405	31.238	
9800	754.74	28.496	33.405	31.238	
9801	754.84	28.496	33.405	31.238	
9802	754.94	28.496	33.405	31.238	
9803	755.	28.496	33.405	31.238	
9804	755.01	28.496	33.405	31.238	
9805	755.02	28.496	33.405	31.238	
9806	755.05	28.496	33.405	31.238	
9807	755.14	28.496	33.406	31.239	
9808	755.24	28.496	33.406	31.239	
9809	755.34	28.496	33.406	31.239	
9810	755.44	28.496	33.406	31.239	
9811	755.54	28.496	33.406	31.239	
9812	755.64	28.497	33.406	31.239	
9813	755.74	28.497	33.407	31.239	
9814	755.84	28.497	33.407	31.239	
9815	755.94	28.497	33.407	31.24	
9816	756.	28.497	33.407	31.24	
9817	756.01	28.497	33.407	31.24	
9818	756.02	28.497	33.407	31.24	
9819	756.05	28.497	33.407	31.24	
9820	756.14	28.497	33.407	31.24	
9821	756.24	28.497	33.407	31.24	
9822	756.34	28.497	33.407	31.24	
9823	756.44	28.497	33.408	31.24	
9824	756.54	28.497	33.408	31.24	
9825	756.64	28.497	33.408	31.24	
9826	756.74	28.498	33.408	31.241	
9827	756.84	28.498	33.408	31.241	
9828	756.94	28.498	33.408	31.241	
9829	757.	28.498	33.408	31.241	
9830	757.01	28.498	33.409	31.241	
9831	757.02	28.498	33.409	31.241	
9832	757.05	28.498	33.409	31.241	
9833	757.14	28.498	33.409	31.241	
9834	757.24	28.498	33.409	31.241	
9835	757.34	28.498	33.409	31.241	
9836	757.44	28.498	33.409	31.241	
9837	757.54	28.498	33.409	31.242	
9838	757.64	28.498	33.409	31.242	
9839	757.74	28.498	33.41	31.242	
9840	757.84	28.499	33.41	31.242	
9841	757.94	28.499	33.41	31.242	
9842	758.	28.499	33.41	31.242	
9843	758.01	28.499	33.41	31.242	
9844	758.02	28.499	33.41	31.242	
9845	758.05	28.499	33.41	31.242	
9846	758.14	28.499	33.41	31.242	
9847	758.24	28.499	33.41	31.242	
9848	758.34	28.499	33.411	31.243	
9849	758.44	28.499	33.411	31.243	
9850	758.54	28.499	33.411	31.243	
9851	758.64	28.499	33.411	31.243	
9852	758.74	28.499	33.411	31.243	
9853	758.84	28.5	33.411	31.243	
9854	758.94	28.5	33.412	31.243	
9855	759.	28.5	33.412	31.243	
9856	759.01	28.5	33.412	31.243	
9857	759.02	28.5	33.412	31.243	
9858	759.05	28.5	33.412	31.244	
9859	759.14	28.5	33.412	31.244	
9860	759.24	28.5	33.412	31.244	
9861	759.34	28.5	33.412	31.244	
9862	759.44	28.5	33.412	31.244	
9863	759.54	28.5	33.412	31.244	
9864	759.64	28.5	33.413	31.244	
9865	759.74	28.5	33.413	31.244	
9866	759.84	28.5	33.413	31.245	
9867	759.94	28.501	33.413	31.245	
9868	760.	28.501	33.413	31.245	
9869	760.01	28.501	33.413	31.245	
9870	760.02	28.501	33.413	31.245	
9871	760.05	28.501	33.413	31.245	
9872	760.14	28.501	33.413	31.245	
9873	760.24	28.501	33.414	31.245	
9874	760.34	28.501	33.414	31.245	
9875	760.44	28.501	33.414	31.245	
9876	760.54	28.501	33.414	31.245	
9877	760.64	28.501	33.414	31.246	
9878	760.74	28.501	33.414	31.246	
9879	760.84	28.501	33.414	31.246	
9880	760.94	28.501	33.415	31.246	
9881	761.	28.502	33.415	31.246	
9882	761.01	28.502	33.415	31.246	
9883	761.02	28.502	33.415	31.246	
9884	761.05	28.502	33.415	31.246	
9885	761.14	28.502	33.415	31.246	
9886	761.24	28.502	33.415	31.246	
9887	761.34	28.502	33.415	31.246	
9888	761.44	28.502	33.415	31.247	
9889	761.54	28.502	33.416	31.247	
9890	761.64	28.502	33.416	31.247	
9891	761.74	28.502	33.416	31.247	
9892	761.84	28.502	33.416	31.247	
9893	761.94	28.502	33.416	31.247	
9894	762.	28.502	33.416	31.247	
9895	762.01	28.502	33.416	31.247	
9896	762.02	28.502	33.416	31.247	
9897	762.05	28.502	33.416	31.247	
9898	762.14	28.503	33.416	31.247	
9899	762.24	28.503	33.417	31.248	
9900	762.34	28.503	33.417	31.248	
9901	762.44	28.503	33.417	31.248	
9902	762.54	28.503	33.417	31.248	
9903	762.64	28.503	33.417	31.248	
9904	762.74	28.503	33.417	31.248	
9905	762.84	28.503	33.418	31.248	
9906	762.94	28.503	33.418	31.248	
9907	763.	28.503	33.418	31.249	
9908	763.01	28.503	33.418	31.249	
9909	763.02	28.503	33.418	31.249	
9910	763.05	28.503	33.418	31.249	
9911	763.14	28.504	33.418	31.249	
9912	763.24	28.504	33.418	31.249	
9913	763.34	28.504	33.418	31.249	
9914	763.44	28.504	33.419	31.249	
9915	763.54	28.504	33.419	31.249	
9916	763.64	28.504	33.419	31.249	
9917	763.74	28.504	33.419	31.249	
9918	763.84	28.504	33.419	31.25	
9919	763.94	28.504	33.419	31.25	
9920	764.	28.504	33.419	31.25	
9921	764.01	28.504	33.419	31.25	
9922	764.02	28.504	33.419	31.25	
9923	764.05	28.504	33.419	31.25	
9924	764.14	28.504	33.42	31.25	
9925	764.24	28.505	33.42	31.25	
9926	764.34	28.505	33.42	31.25	
9927	764.44	28.505	33.42	31.25	
9928	764.54	28.505	33.42	31.25	
9929	764.64	28.505	33.42	31.251	
9930	764.74	28.505	33.421	31.251	
9931	764.84	28.505	33.421	31.251	
9932	764.94	28.505	33.421	31.251	
9933	765.	28.505	33.421	31.251	
9934	765.01	28.505	33.421	31.251	
9935	765.02	28.505	33.421	31.251	
9936	765.05	28.505	33.421	31.251	
9937	765.14	28.505	33.421	31.251	
9938	765.24	28.505	33.421	31.251	
9939	765.34	28.506	33.421	31.252	
9940	765.44	28.506	33.422	31.252	
9941	765.54	28.506	33.422	31.252	
9942	765.64	28.506	33.422	31.252	
9943	765.74	28.506	33.422	31.252	
9944	765.84	28.506	33.422	31.252	
9945	765.94	28.506	33.422	31.252	
9946	766.	28.506	33.423	31.252	
9947	766.01	28.506	33.423	31.252	
9948	766.02	28.506	33.423	31.252	
9949	766.05	28.506	33.423	31.252	
9950	766.14	28.506	33.423	31.253	
9951	766.24	28.506	33.423	31.253	
9952	766.34	28.506	33.423	31.253	
9953	766.44	28.507	33.423	31.253	
9954	766.54	28.507	33.423	31.253	
9955	766.64	28.507	33.424	31.253	
9956	766.74	28.507	33.424	31.253	
9957	766.84	28.507	33.424	31.253	
9958	766.94	28.507	33.424	31.254	
9959	767.	28.507	33.424	31.254	
9960	767.01	28.507	33.424	31.254	
9961	767.02	28.507	33.424	31.254	
9962	767.05	28.507	33.424	31.254	
9963	767.14	28.507	33.424	31.254	
9964	767.24	28.507	33.424	31.254	
9965	767.34	28.507	33.425	31.254	
9966	767.44	28.507	33.425	31.254	
9967	767.54	28.508	33.425	31.254	
9968	767.64	28.508	33.425	31.254	
9969	767.74	28.508	33.425	31.255	
9970	767.84	28.508	33.425	31.255	
9971	767.94	28.508	33.426	31.255	
9972	768.	28.508	33.426	31.255	
9973	768.01	28.508	33.426	31.255	
9974	768.02	28.508	33.426	31.255	
9975	768.05	28.508	33.426	31.255	
9976	768.14	28.508	33.426	31.255	
9977	768.24	28.508	33.426	31.255	
9978	768.34	28.508	33.426	31.255	
9979	768.44	28.508	33.426	31.255	
9980	768.54	28.509	33.426	31.256	
9981	768.64	28.509	33.427	31.256	
9982	768.74	28.509	33.427	31.256	
9983	768.84	28.509	33.427	31.256	
9984	768.94	28.509	33.427	31.256	
9985	769.	28.509	33.427	31.256	
9986	769.01	28.509	33.427	31.256	
9987	769.02	28.509	33.427	31.256	
9988	769.05	28.509	33.427	31.256	
9989	769.14	28.509	33.427	31.256	
9990	769.24	28.509	33.428	31.256	
9991	769.34	28.509	33.428	31.257	
9992	769.44	28.509	33.428	31.257	
9993	769.54	28.509	33.428	31.257	
9994	769.64	28.51	33.428	31.257	
9995	769.74	28.51	33.428	31.257	
9996	769.84	28.51	33.429	31.257	
9997	769.94	28.51	33.429	31.257	
9998	770.	28.51	33.429	31.257	
9999	770.01	28.51	33.429	31.257	
10000	770.02	28.51	33.429	31.257	
10001	770.05	28.51	33.429	31.258	
10002	770.14	28.51	33.429	31.258	
10003	770.24	28.51	33.429	31.258	
10004	770.34	28.51	33.429	31.258	
10005	770.44	28.51	33.429	31.258	
10006	770.54	28.51	33.43	31.258	
10007	770.64	28.51	33.43	31.258	
10008	770.74	28.511	33.43	31.258	
10009	770.84	28.511	33.43	31.259	
10010	770.94	28.511	33.43	31.259	
10011	771.	28.511	33.43	31.259	
10012	771.01	28.511	33.43	31.259	
10013	771.02	28.511	33.43	31.259	
10014	771.05	28.511	33.43	31.259	
10015	771.14	28.511	33.431	31.259	
10016	771.24	28.511	33.431	31.259	
10017	771.34	28.511	33.431	31.259	
10018	771.44	28.511	33.431	31.259	
10019	771.54	28.511	33.431	31.259	
10020	771.64	28.511	33.431	31.26	
10021	771.74	28.511	33.431	31.26	
10022	771.84	28.512	33.432	31.26	
10023	771.94	28.512	33.432	31.26	
10024	772.	28.512	33.432	31.26	
10025	772.01	28.512	33.432	31.26	
10026	772.02	28.512	33.432	31.26	
10027	772.05	28.512	33.432	31.26	
10028	772.14	28.512	33.432	31.26	
10029	772.24	28.512	33.432	31.26	
10030	772.34	28.512	33.432	31.26	
10031	772.44	28.512	33.433	31.261	
10032	772.54	28.512	33.433	31.261	
10033	772.64	28.512	33.433	31.261	
10034	772.74	28.512	33.433	31.261	
10035	772.84	28.512	33.433	31.261	
10036	772.94	28.513	33.433	31.261	
10037	773.	28.513	33.433	31.261	
10038	773.01	28.513	33.433	31.261	
10039	773.02	28.513	33.433	31.261	
10040	773.05	28.513	33.434	31.261	
10041	773.14	28.513	33.434	31.261	
10042	773.24	28.513	33.434	31.262	
10043	773.34	28.513	33.434	31.262	
10044	773.44	28.513	33.434	31.262	
10045	773.54	28.513	33.434	31.262	
10046	773.64	28.513	33.434	31.262	
10047	773.74	28.513	33.435	31.262	
10048	773.84	28.513	33.435	31.262	
10049	773.94	28.514	33.435	31.262	
10050	774.	28.514	33.435	31.263	
10051	774.01	28.514	33.435	31.263	
10052	774.02	28.514	33.435	31.263	
10053	774.05	28.514	33.435	31.263	
10054	774.14	28.514	33.435	31.263	
10055	774.24	28.514	33.435	31.263	
10056	774.34	28.514	33.436	31.263	
10057	774.44	28.514	33.436	31.263	
10058	774.54	28.514	33.436	31.263	
10059	774.64	28.514	33.436	31.263	
10060	774.74	28.514	33.436	31.263	
10061	774.84	28.514	33.436	31.264	
10062	774.94	28.514	33.436	31.264	
10063	775.	28.514	33.437	31.264	
10064	775.01	28.514	33.437	31.264	
10065	775.02	28.515	33.437	31.264	
10066	775.05	28.515	33.437	31.264	
10067	775.14	28.515	33.437	31.264	
10068	775.24	28.515	33.437	31.264	
10069	775.34	28.515	33.437	31.264	
10070	775.44	28.515	33.437	31.264	
10071	775.54	28.515	33.437	31.265	
10072	775.64	28.515	33.438	31.265	
10073	775.74	28.515	33.438	31.265	
10074	775.84	28.515	33.438	31.265	
10075	775.94	28.515	33.438	31.265	
10076	776.	28.515	33.438	31.265	
10077	776.01	28.515	33.438	31.265	
10078	776.02	28.515	33.438	31.265	
10079	776.05	28.515	33.438	31.265	
10080	776.14	28.516	33.438	31.265	
10081	776.24	28.516	33.438	31.265	
10082	776.34	28.516	33.439	31.266	
10083	776.44	28.516	33.439	31.266	
10084	776.54	28.516	33.439	31.266	
10085	776.64	28.516	33.439	31.266	
10086	776.74	28.516	33.439	31.266	
10087	776.84	28.516	33.439	31.266	
10088	776.94	28.516	33.44	31.266	
10089	777.	28.516	33.44	31.266	
10090	777.01	28.516	33.44	31.266	
10091	777.02	28.516	33.44	31.266	
10092	777.05	28.516	33.44	31.266	
10093	777.14	28.516	33.44	31.267	
10094	777.24	28.517	33.44	31.267	
10095	777.34	28.517	33.44	31.267	
10096	777.44	28.517	33.44	31.267	
10097	777.54	28.517	33.441	31.267	
10098	777.64	28.517	33.441	31.267	
10099	777.74	28.517	33.441	31.267	
10100	777.84	28.517	33.441	31.267	
10101	777.94	28.517	33.441	31.268	
10102	778.	28.517	33.441	31.268	
10103	778.01	28.517	33.441	31.268	
10104	778.02	28.517	33.441	31.268	
10105	778.05	28.517	33.441	31.268	
10106	778.14	28.517	33.441	31.268	
10107	778.24	28.517	33.442	31.268	
10108	778.34	28.518	33.442	31.268	
10109	778.44	28.518	33.442	31.268	
10110	778.54	28.518	33.442	31.268	
10111	778.64	28.518	33.442	31.268	
10112	778.74	28.518	33.442	31.269	
10113	778.84	28.518	33.443	31.269	
10114	778.94	28.518	33.443	31.269	
10115	779.	28.518	33.443	31.269	
10116	779.01	28.518	33.443	31.269	
10117	779.02	28.518	33.443	31.269	
10118	779.05	28.518	33.443	31.269	
10119	779.14	28.518	33.443	31.269	
10120	779.24	28.518	33.443	31.269	
10121	779.34	28.518	33.443	31.269	
10122	779.44	28.519	33.443	31.269	
10123	779.54	28.519	33.444	31.27	
10124	779.64	28.519	33.444	31.27	
10125	779.74	28.519	33.444	31.27	
10126	779.84	28.519	33.444	31.27	
10127	779.94	28.519	33.444	31.27	
10128	780.	28.519	33.444	31.27	
10129	780.01	28.519	33.444	31.27	
10130	780.02	28.519	33.444	31.27	
10131	780.05	28.519	33.444	31.27	
10132	780.14	28.519	33.445	31.27	
10133	780.24	28.519	33.445	31.27	
10134	780.34	28.519	33.445	31.271	
10135	780.44	28.52	33.445	31.271	
10136	780.54	28.52	33.445	31.271	
10137	780.64	28.52	33.445	31.271	
10138	780.74	28.52	33.445	31.271	
10139	780.84	28.52	33.446	31.271	
10140	780.94	28.52	33.446	31.271	
10141	781.	28.52	33.446	31.271	
10142	781.01	28.52	33.446	31.271	
10143	781.02	28.52	33.446	31.271	
10144	781.05	28.52	33.446	31.272	
10145	781.14	28.52	33.446	31.272	
10146	781.24	28.52	33.446	31.272	
10147	781.34	28.52	33.446	31.272	
10148	781.44	28.52	33.447	31.272	
10149	781.54	28.521	33.447	31.272	
10150	781.64	28.521	33.447	31.272	
10151	781.74	28.521	33.447	31.272	
10152	781.84	28.521	33.447	31.273	
10153	781.94	28.521	33.447	31.273	
10154	782.	28.521	33.447	31.273	
10155	782.01	28.521	33.447	31.273	
10156	782.02	28.521	33.447	31.273	
10157	782.05	28.521	33.448	31.273	
10158	782.14	28.521	33.448	31.273	
10159	782.24	28.521	33.448	31.273	
10160	782.34	28.521	33.448	31.273	
10161	782.44	28.521	33.448	31.273	
10162	782.54	28.521	33.448	31.273	
10163	782.64	28.522	33.448	31.274	
10164	782.74	28.522	33.449	31.274	
10165	782.84	28.522	33.449	31.274	
10166	782.94	28.522	33.449	31.274	
10167	783.	28.522	33.449	31.274	
10168	783.01	28.522	33.449	31.274	
10169	783.02	28.522	33.449	31.274	
10170	783.05	28.522	33.449	31.274	
10171	783.14	28.522	33.449	31.274	
10172	783.24	28.522	33.449	31.274	
10173	783.34	28.522	33.45	31.274	
10174	783.44	28.522	33.45	31.275	
10175	783.54	28.522	33.45	31.275	
10176	783.64	28.522	33.45	31.275	
10177	783.74	28.523	33.45	31.275	
10178	783.84	28.523	33.45	31.275	
10179	783.94	28.523	33.45	31.275	
10180	784.	28.523	33.451	31.275	
10181	784.01	28.523	33.451	31.275	
10182	784.02	28.523	33.451	31.275	
10183	784.05	28.523	33.451	31.275	
10184	784.14	28.523	33.451	31.275	
10185	784.24	28.523	33.451	31.276	
10186	784.34	28.523	33.451	31.276	
10187	784.44	28.523	33.451	31.276	
10188	784.54	28.523	33.451	31.276	
10189	784.64	28.523	33.452	31.276	
10190	784.74	28.523	33.452	31.276	
10191	784.84	28.524	33.452	31.276	
10192	784.94	28.524	33.452	31.276	
10193	785.	28.524	33.452	31.277	
10194	785.01	28.524	33.452	31.277	
10195	785.02	28.524	33.452	31.277	
10196	785.05	28.524	33.452	31.277	
10197	785.14	28.524	33.452	31.277	
10198	785.24	28.524	33.453	31.277	
10199	785.34	28.524	33.453	31.277	
10200	785.44	28.524	33.453	31.277	
10201	785.54	28.524	33.453	31.277	
10202	785.64	28.524	33.453	31.277	
10203	785.74	28.524	33.453	31.277	
10204	785.84	28.525	33.453	31.278	
10205	785.94	28.525	33.454	31.278	
10206	786.	28.525	33.454	31.278	
10207	786.01	28.525	33.454	31.278	
10208	786.02	28.525	33.454	31.278	
10209	786.05	28.525	33.454	31.278	
10210	786.14	28.525	33.454	31.278	
10211	786.24	28.525	33.454	31.278	
10212	786.34	28.525	33.454	31.278	
10213	786.44	28.525	33.454	31.278	
10214	786.54	28.525	33.455	31.279	
10215	786.64	28.525	33.455	31.279	
10216	786.74	28.525	33.455	31.279	
10217	786.84	28.525	33.455	31.279	
10218	786.94	28.526	33.455	31.279	
10219	787.	28.526	33.455	31.279	
10220	787.01	28.526	33.455	31.279	
10221	787.02	28.526	33.455	31.279	
10222	787.05	28.526	33.455	31.279	
10223	787.14	28.526	33.455	31.279	
10224	787.24	28.526	33.456	31.279	
10225	787.34	28.526	33.456	31.28	
10226	787.44	28.526	33.456	31.28	
10227	787.54	28.526	33.456	31.28	
10228	787.64	28.526	33.456	31.28	
10229	787.74	28.526	33.456	31.28	
10230	787.84	28.526	33.457	31.28	
10231	787.94	28.526	33.457	31.28	
10232	788.	28.527	33.457	31.28	
10233	788.01	28.527	33.457	31.28	
10234	788.02	28.527	33.457	31.28	
10235	788.05	28.527	33.457	31.28	
10236	788.14	28.527	33.457	31.281	
10237	788.24	28.527	33.457	31.281	
10238	788.34	28.527	33.457	31.281	
10239	788.44	28.527	33.458	31.281	
10240	788.54	28.527	33.458	31.281	
10241	788.64	28.527	33.458	31.281	
10242	788.74	28.527	33.458	31.281	
10243	788.84	28.527	33.458	31.281	
10244	788.94	28.527	33.458	31.282	
10245	789.	28.527	33.458	31.282	
10246	789.01	28.527	33.458	31.282	
10247	789.02	28.527	33.458	31.282	
10248	789.05	28.527	33.458	31.282	
10249	789.14	28.528	33.459	31.282	
10250	789.24	28.528	33.459	31.282	
10251	789.34	28.528	33.459	31.282	
10252	789.44	28.528	33.459	31.282	
10253	789.54	28.528	33.459	31.282	
10254	789.64	28.528	33.459	31.282	
10255	789.74	28.528	33.46	31.283	
10256	789.84	28.528	33.46	31.283	
10257	789.94	28.528	33.46	31.283	
10258	790.	28.528	33.46	31.283	
10259	790.01	28.528	33.46	31.283	
10260	790.02	28.528	33.46	31.283	
10261	790.05	28.528	33.46	31.283	
10262	790.14	28.528	33.46	31.283	
10263	790.24	28.529	33.46	31.283	
10264	790.34	28.529	33.46	31.283	
10265	790.44	28.529	33.461	31.283	
10266	790.54	28.529	33.461	31.284	
10267	790.64	28.529	33.461	31.284	
10268	790.74	28.529	33.461	31.284	
10269	790.84	28.529	33.461	31.284	
10270	790.94	28.529	33.461	31.284	
10271	791.	28.529	33.461	31.284	
10272	791.01	28.529	33.462	31.284	
10273	791.02	28.529	33.462	31.284	
10274	791.05	28.529	33.462	31.284	
10275	791.14	28.529	33.462	31.284	
10276	791.24	28.529	33.462	31.284	
10277	791.34	28.53	33.462	31.285	
10278	791.44	28.53	33.462	31.285	
10279	791.54	28.53	33.462	31.285	
10280	791.64	28.53	33.462	31.285	
10281	791.74	28.53	33.463	31.285	
10282	791.84	28.53	33.463	31.285	
10283	791.94	28.53	33.463	31.285	
10284	792.	28.53	33.463	31.285	
10285	792.01	28.53	33.463	31.285	
10286	792.02	28.53	33.463	31.285	
10287	792.05	28.53	33.463	31.286	
10288	792.14	28.53	33.463	31.286	
10289	792.24	28.53	33.463	31.286	
10290	792.34	28.531	33.464	31.286	
10291	792.44	28.531	33.464	31.286	
10292	792.54	28.531	33.464	31.286	
10293	792.64	28.531	33.464	31.286	
10294	792.74	28.531	33.464	31.286	
10295	792.84	28.531	33.464	31.287	
10296	792.94	28.531	33.465	31.287	
10297	793.	28.531	33.465	31.287	
10298	793.01	28.531	33.465	31.287	
10299	793.02	28.531	33.465	31.287	
10300	793.05	28.531	33.465	31.287	
10301	793.14	28.531	33.465	31.287	
10302	793.24	28.531	33.465	31.287	
10303	793.34	28.531	33.465	31.287	
10304	793.44	28.532	33.465	31.287	
10305	793.54	28.532	33.465	31.287	
10306	793.64	28.532	33.466	31.288	
10307	793.74	28.532	33.466	31.288	
10308	793.84	28.532	33.466	31.288	
10309	793.94	28.532	33.466	31.288	
10310	794.	28.532	33.466	31.288	
10311	794.01	28.532	33.466	31.288	
10312	794.02	28.532	33.466	31.288	
10313	794.05	28.532	33.466	31.288	
10314	794.14	28.532	33.466	31.288	
10315	794.24	28.532	33.467	31.288	
10316	794.34	28.532	33.467	31.288	
10317	794.44	28.532	33.467	31.289	
10318	794.54	28.533	33.467	31.289	
10319	794.64	28.533	33.467	31.289	
10320	794.74	28.533	33.467	31.289	
10321	794.84	28.533	33.467	31.289	
10322	794.94	28.533	33.468	31.289	
10323	795.	28.533	33.468	31.289	
10324	795.01	28.533	33.468	31.289	
10325	795.02	28.533	33.468	31.289	
10326	795.05	28.533	33.468	31.289	
10327	795.14	28.533	33.468	31.289	
10328	795.24	28.533	33.468	31.29	
10329	795.34	28.533	33.468	31.29	
10330	795.44	28.533	33.468	31.29	
10331	795.54	28.533	33.469	31.29	
10332	795.64	28.534	33.469	31.29	
10333	795.74	28.534	33.469	31.29	
10334	795.84	28.534	33.469	31.29	
10335	795.94	28.534	33.469	31.29	
10336	796.	28.534	33.469	31.291	
10337	796.01	28.534	33.469	31.291	
10338	796.02	28.534	33.469	31.291	
10339	796.05	28.534	33.469	31.291	
10340	796.14	28.534	33.47	31.291	
10341	796.24	28.534	33.47	31.291	
10342	796.34	28.534	33.47	31.291	
10343	796.44	28.534	33.47	31.291	
10344	796.54	28.534	33.47	31.291	
10345	796.64	28.534	33.47	31.291	
10346	796.74	28.535	33.47	31.291	
10347	796.84	28.535	33.471	31.292	
10348	796.94	28.535	33.471	31.292	
10349	797.	28.535	33.471	31.292	
10350	797.01	28.535	33.471	31.292	
10351	797.02	28.535	33.471	31.292	
10352	797.05	28.535	33.471	31.292	
10353	797.14	28.535	33.471	31.292	
10354	797.24	28.535	33.471	31.292	
10355	797.34	28.535	33.471	31.292	
10356	797.44	28.535	33.472	31.292	
10357	797.54	28.535	33.472	31.293	
10358	797.64	28.535	33.472	31.293	
10359	797.74	28.535	33.472	31.293	
10360	797.84	28.536	33.472	31.293	
10361	797.94	28.536	33.472	31.293	
10362	798.	28.536	33.472	31.293	
10363	798.01	28.536	33.472	31.293	
10364	798.02	28.536	33.472	31.293	
10365	798.05	28.536	33.472	31.293	
10366	798.14	28.536	33.473	31.293	
10367	798.24	28.536	33.473	31.293	
10368	798.34	28.536	33.473	31.294	
10369	798.44	28.536	33.473	31.294	
10370	798.54	28.536	33.473	31.294	
10371	798.64	28.536	33.473	31.294	
10372	798.74	28.536	33.474	31.294	
10373	798.84	28.537	33.474	31.294	
10374	798.94	28.537	33.474	31.294	
10375	799.	28.537	33.474	31.294	
10376	799.01	28.537	33.474	31.294	
10377	799.02	28.537	33.474	31.294	
10378	799.05	28.537	33.474	31.294	
10379	799.14	28.537	33.474	31.295	
10380	799.24	28.537	33.474	31.295	
10381	799.34	28.537	33.475	31.295	
10382	799.44	28.537	33.475	31.295	
10383	799.54	28.537	33.475	31.295	
10384	799.64	28.537	33.475	31.295	
10385	799.74	28.537	33.475	31.295	
10386	799.84	28.537	33.475	31.295	
10387	799.94	28.538	33.475	31.296	
10388	800.	28.538	33.476	31.296	
10389	800.01	28.538	33.476	31.296	
10390	800.02	28.538	33.476	31.296	
10391	800.05	28.538	33.476	31.296	
10392	800.14	28.538	33.476	31.296	
10393	800.24	28.538	33.476	31.296	
10394	800.34	28.538	33.476	31.296	
10395	800.44	28.538	33.476	31.296	
10396	800.54	28.538	33.476	31.296	
10397	800.64	28.538	33.477	31.296	
10398	800.74	28.538	33.477	31.297	
10399	800.84	28.538	33.477	31.297	
10400	800.94	28.538	33.477	31.297	
10401	801.	28.538	33.477	31.297	
10402	801.01	28.539	33.477	31.297	
10403	801.02	28.539	33.477	31.297	
10404	801.05	28.539	33.477	31.297	
10405	801.14	28.539	33.477	31.297	
10406	801.24	28.539	33.477	31.297	
10407	801.34	28.539	33.478	31.297	
10408	801.44	28.539	33.478	31.297	
10409	801.54	28.539	33.478	31.298	
10410	801.64	28.539	33.478	31.298	
10411	801.74	28.539	33.478	31.298	
10412	801.84	28.539	33.478	31.298	
10413	801.94	28.539	33.479	31.298	
10414	802.	28.539	33.479	31.298	
10415	802.01	28.539	33.479	31.298	
10416	802.02	28.539	33.479	31.298	
10417	802.05	28.539	33.479	31.298	
10418	802.14	28.54	33.479	31.298	
10419	802.24	28.54	33.479	31.298	
10420	802.34	28.54	33.479	31.299	
10421	802.44	28.54	33.479	31.299	
10422	802.54	28.54	33.479	31.299	
10423	802.64	28.54	33.48	31.299	
10424	802.74	28.54	33.48	31.299	
10425	802.84	28.54	33.48	31.299	
10426	802.94	28.54	33.48	31.299	
10427	803.	28.54	33.48	31.299	
10428	803.01	28.54	33.48	31.299	
10429	803.02	28.54	33.48	31.299	
10430	803.05	28.54	33.48	31.3	
10431	803.14	28.54	33.48	31.3	
10432	803.24	28.541	33.481	31.3	
10433	803.34	28.541	33.481	31.3	
10434	803.44	28.541	33.481	31.3	
10435	803.54	28.541	33.481	31.3	
10436	803.64	28.541	33.481	31.3	
10437	803.74	28.541	33.481	31.3	
10438	803.84	28.541	33.482	31.301	
10439	803.94	28.541	33.482	31.301	
10440	804.	28.541	33.482	31.301	
10441	804.01	28.541	33.482	31.301	
10442	804.02	28.541	33.482	31.301	
10443	804.05	28.541	33.482	31.301	
10444	804.14	28.541	33.482	31.301	
10445	804.24	28.541	33.482	31.301	
10446	804.34	28.542	33.482	31.301	
10447	804.44	28.542	33.482	31.301	
10448	804.54	28.542	33.483	31.301	
10449	804.64	28.542	33.483	31.302	
10450	804.74	28.542	33.483	31.302	
10451	804.84	28.542	33.483	31.302	
10452	804.94	28.542	33.483	31.302	
10453	805.	28.542	33.483	31.302	
10454	805.01	28.542	33.483	31.302	
10455	805.02	28.542	33.483	31.302	
10456	805.05	28.542	33.483	31.302	
10457	805.14	28.542	33.484	31.302	
10458	805.24	28.542	33.484	31.302	
10459	805.34	28.542	33.484	31.302	
10460	805.44	28.543	33.484	31.303	
10461	805.54	28.543	33.484	31.303	
10462	805.64	28.543	33.484	31.303	
10463	805.74	28.543	33.484	31.303	
10464	805.84	28.543	33.485	31.303	
10465	805.94	28.543	33.485	31.303	
10466	806.	28.543	33.485	31.303	
10467	806.01	28.543	33.485	31.303	
10468	806.02	28.543	33.485	31.303	
10469	806.05	28.543	33.485	31.303	
10470	806.14	28.543	33.485	31.303	
10471	806.24	28.543	33.485	31.304	
10472	806.34	28.543	33.485	31.304	
10473	806.44	28.544	33.486	31.304	
10474	806.54	28.544	33.486	31.304	
10475	806.64	28.544	33.486	31.304	
10476	806.74	28.544	33.486	31.304	
10477	806.84	28.544	33.486	31.304	
10478	806.94	28.544	33.486	31.304	
10479	807.	28.544	33.486	31.305	
10480	807.01	28.544	33.486	31.305	
10481	807.02	28.544	33.486	31.305	
10482	807.05	28.544	33.487	31.305	
10483	807.14	28.544	33.487	31.305	
10484	807.24	28.544	33.487	31.305	
10485	807.34	28.544	33.487	31.305	
10486	807.44	28.544	33.487	31.305	
10487	807.54	28.545	33.487	31.305	
10488	807.64	28.545	33.487	31.305	
10489	807.74	28.545	33.488	31.305	
10490	807.84	28.545	33.488	31.306	
10491	807.94	28.545	33.488	31.306	
10492	808.	28.545	33.488	31.306	
10493	808.01	28.545	33.488	31.306	
10494	808.02	28.545	33.488	31.306	
10495	808.05	28.545	33.488	31.306	
10496	808.14	28.545	33.488	31.306	
10497	808.24	28.545	33.488	31.306	
10498	808.34	28.545	33.489	31.306	
10499	808.44	28.545	33.489	31.306	
10500	808.54	28.545	33.489	31.306	
10501	808.64	28.546	33.489	31.307	
10502	808.74	28.546	33.489	31.307	
10503	808.84	28.546	33.489	31.307	
10504	808.94	28.546	33.489	31.307	
10505	809.	28.546	33.49	31.307	
10506	809.01	28.546	33.49	31.307	
10507	809.02	28.546	33.49	31.307	
10508	809.05	28.546	33.49	31.307	
10509	809.14	28.546	33.49	31.307	
10510	809.24	28.546	33.49	31.307	
10511	809.34	28.546	33.49	31.308	
10512	809.44	28.546	33.49	31.308	
10513	809.54	28.546	33.49	31.308	
10514	809.64	28.546	33.491	31.308	
10515	809.74	28.547	33.491	31.308	
10516	809.84	28.547	33.491	31.308	
10517	809.94	28.547	33.491	31.308	
10518	810.	28.547	33.491	31.308	
10519	810.01	28.547	33.491	31.308	
10520	810.02	28.547	33.491	31.308	
10521	810.05	28.547	33.491	31.308	
10522	810.14	28.547	33.491	31.309	
10523	810.24	28.547	33.492	31.309	
10524	810.34	28.547	33.492	31.309	
10525	810.44	28.547	33.492	31.309	
10526	810.54	28.547	33.492	31.309	
10527	810.64	28.547	33.492	31.309	
10528	810.74	28.547	33.492	31.309	
10529	810.84	28.548	33.492	31.309	
10530	810.94	28.548	33.493	31.31	
10531	811.	28.548	33.493	31.31	
10532	811.01	28.548	33.493	31.31	
10533	811.02	28.548	33.493	31.31	
10534	811.05	28.548	33.493	31.31	
10535	811.14	28.548	33.493	31.31	
10536	811.24	28.548	33.493	31.31	
10537	811.34	28.548	33.493	31.31	
10538	811.44	28.548	33.493	31.31	
10539	811.54	28.548	33.494	31.31	
10540	811.64	28.548	33.494	31.31	
10541	811.74	28.548	33.494	31.311	
10542	811.84	28.548	33.494	31.311	
10543	811.94	28.549	33.494	31.311	
10544	812.	28.549	33.494	31.311	
10545	812.01	28.549	33.494	31.311	
10546	812.02	28.549	33.494	31.311	
10547	812.05	28.549	33.494	31.311	
10548	812.14	28.549	33.494	31.311	
10549	812.24	28.549	33.495	31.311	
10550	812.34	28.549	33.495	31.311	
10551	812.44	28.549	33.495	31.311	
10552	812.54	28.549	33.495	31.312	
10553	812.64	28.549	33.495	31.312	
10554	812.74	28.549	33.495	31.312	
10555	812.84	28.549	33.496	31.312	
10556	812.94	28.549	33.496	31.312	
10557	813.	28.55	33.496	31.312	
10558	813.01	28.55	33.496	31.312	
10559	813.02	28.55	33.496	31.312	
10560	813.05	28.55	33.496	31.312	
10561	813.14	28.55	33.496	31.312	
10562	813.24	28.55	33.496	31.312	
10563	813.34	28.55	33.496	31.313	
10564	813.44	28.55	33.496	31.313	
10565	813.54	28.55	33.497	31.313	
10566	813.64	28.55	33.497	31.313	
10567	813.74	28.55	33.497	31.313	
10568	813.84	28.55	33.497	31.313	
10569	813.94	28.55	33.497	31.313	
10570	814.	28.55	33.497	31.313	
10571	814.01	28.55	33.497	31.313	
10572	814.02	28.55	33.497	31.313	
10573	814.05	28.551	33.497	31.314	
10574	814.14	28.551	33.498	31.314	
10575	814.24	28.551	33.498	31.314	
10576	814.34	28.551	33.498	31.314	
10577	814.44	28.551	33.498	31.314	
10578	814.54	28.551	33.498	31.314	
10579	814.64	28.551	33.498	31.314	
10580	814.74	28.551	33.499	31.314	
10581	814.84	28.551	33.499	31.315	
10582	814.94	28.551	33.499	31.315	
10583	815.	28.551	33.499	31.315	
10584	815.01	28.551	33.499	31.315	
10585	815.02	28.551	33.499	31.315	
10586	815.05	28.551	33.499	31.315	
10587	815.14	28.552	33.499	31.315	
10588	815.24	28.552	33.499	31.315	
10589	815.34	28.552	33.499	31.315	
10590	815.44	28.552	33.5	31.315	
10591	815.54	28.552	33.5	31.315	
10592	815.64	28.552	33.5	31.316	
10593	815.74	28.552	33.5	31.316	
10594	815.84	28.552	33.5	31.316	
10595	815.94	28.552	33.5	31.316	
10596	816.	28.552	33.5	31.316	
10597	816.01	28.552	33.5	31.316	
10598	816.02	28.552	33.501	31.316	
10599	816.05	28.552	33.501	31.316	
10600	816.14	28.552	33.501	31.316	
10601	816.24	28.553	33.501	31.316	
10602	816.34	28.553	33.501	31.316	
10603	816.44	28.553	33.501	31.317	
10604	816.54	28.553	33.501	31.317	
10605	816.64	28.553	33.501	31.317	
10606	816.74	28.553	33.502	31.317	
10607	816.84	28.553	33.502	31.317	
10608	816.94	28.553	33.502	31.317	
10609	817.	28.553	33.502	31.317	
10610	817.01	28.553	33.502	31.317	
10611	817.02	28.553	33.502	31.317	
10612	817.05	28.553	33.502	31.317	
10613	817.14	28.553	33.502	31.317	
10614	817.24	28.553	33.502	31.318	
10615	817.34	28.554	33.503	31.318	
10616	817.44	28.554	33.503	31.318	
10617	817.54	28.554	33.503	31.318	
10618	817.64	28.554	33.503	31.318	
10619	817.74	28.554	33.503	31.318	
10620	817.84	28.554	33.503	31.318	
10621	817.94	28.554	33.504	31.318	
10622	818.	28.554	33.504	31.319	
10623	818.01	28.554	33.504	31.319	
10624	818.02	28.554	33.504	31.319	
10625	818.05	28.554	33.504	31.319	
10626	818.14	28.554	33.504	31.319	
10627	818.24	28.554	33.504	31.319	
10628	818.34	28.554	33.504	31.319	
10629	818.44	28.555	33.504	31.319	
10630	818.54	28.555	33.504	31.319	
10631	818.64	28.555	33.505	31.319	
10632	818.74	28.555	33.505	31.319	
10633	818.84	28.555	33.505	31.32	
10634	818.94	28.555	33.505	31.32	
10635	819.	28.555	33.505	31.32	
10636	819.01	28.555	33.505	31.32	
10637	819.02	28.555	33.505	31.32	
10638	819.05	28.555	33.505	31.32	
10639	819.14	28.555	33.505	31.32	
10640	819.24	28.555	33.506	31.32	
10641	819.34	28.555	33.506	31.32	
10642	819.44	28.555	33.506	31.32	
10643	819.54	28.556	33.506	31.32	
10644	819.64	28.556	33.506	31.321	
10645	819.74	28.556	33.506	31.321	
10646	819.84	28.556	33.506	31.321	
10647	819.94	28.556	33.507	31.321	
10648	820.	28.556	33.507	31.321	
10649	820.01	28.556	33.507	31.321	
10650	820.02	28.556	33.507	31.321	
10651	820.05	28.556	33.507	31.321	
10652	820.14	28.556	33.507	31.321	
10653	820.24	28.556	33.507	31.321	
10654	820.34	28.556	33.507	31.321	
10655	820.44	28.556	33.507	31.322	
10656	820.54	28.556	33.508	31.322	
10657	820.64	28.557	33.508	31.322	
10658	820.74	28.557	33.508	31.322	
10659	820.84	28.557	33.508	31.322	
10660	820.94	28.557	33.508	31.322	
10661	821.	28.557	33.508	31.322	
10662	821.01	28.557	33.508	31.322	
10663	821.02	28.557	33.508	31.322	
10664	821.05	28.557	33.508	31.322	
10665	821.14	28.557	33.508	31.323	
10666	821.24	28.557	33.509	31.323	
10667	821.34	28.557	33.509	31.323	
10668	821.44	28.557	33.509	31.323	
10669	821.54	28.557	33.509	31.323	
10670	821.64	28.557	33.509	31.323	
10671	821.74	28.558	33.509	31.323	
10672	821.84	28.558	33.51	31.323	
10673	821.94	28.558	33.51	31.324	
10674	822.	28.558	33.51	31.324	
10675	822.01	28.558	33.51	31.324	
10676	822.02	28.558	33.51	31.324	
10677	822.05	28.558	33.51	31.324	
10678	822.14	28.558	33.51	31.324	
10679	822.24	28.558	33.51	31.324	
10680	822.34	28.558	33.51	31.324	
10681	822.44	28.558	33.511	31.324	
10682	822.54	28.558	33.511	31.324	
10683	822.64	28.558	33.511	31.324	
10684	822.74	28.558	33.511	31.325	
10685	822.84	28.559	33.511	31.325	
10686	822.94	28.559	33.511	31.325	
10687	823.	28.559	33.511	31.325	
10688	823.01	28.559	33.511	31.325	
10689	823.02	28.559	33.511	31.325	
10690	823.05	28.559	33.511	31.325	
10691	823.14	28.559	33.512	31.325	
10692	823.24	28.559	33.512	31.325	
10693	823.34	28.559	33.512	31.325	
10694	823.44	28.559	33.512	31.325	
10695	823.54	28.559	33.512	31.326	
10696	823.64	28.559	33.512	31.326	
10697	823.74	28.559	33.513	31.326	
10698	823.84	28.56	33.513	31.326	
10699	823.94	28.56	33.513	31.326	
10700	824.	28.56	33.513	31.326	
10701	824.01	28.56	33.513	31.326	
10702	824.02	28.56	33.513	31.326	
10703	824.05	28.56	33.513	31.326	
10704	824.14	28.56	33.513	31.326	
10705	824.24	28.56	33.513	31.326	
10706	824.34	28.56	33.513	31.327	
10707	824.44	28.56	33.514	31.327	
10708	824.54	28.56	33.514	31.327	
10709	824.64	28.56	33.514	31.327	
10710	824.74	28.56	33.514	31.327	
10711	824.84	28.56	33.514	31.327	
10712	824.94	28.561	33.514	31.327	
10713	825.	28.561	33.515	31.327	
10714	825.01	28.561	33.515	31.327	
10715	825.02	28.561	33.515	31.327	
10716	825.05	28.561	33.515	31.327	
10717	825.14	28.561	33.515	31.328	
10718	825.24	28.561	33.515	31.328	
10719	825.34	28.561	33.515	31.328	
10720	825.44	28.561	33.515	31.328	
10721	825.54	28.561	33.515	31.328	
10722	825.64	28.561	33.516	31.328	
10723	825.74	28.561	33.516	31.328	
10724	825.84	28.561	33.516	31.328	
10725	825.94	28.561	33.516	31.329	
10726	826.	28.561	33.516	31.329	
10727	826.01	28.561	33.516	31.329	
10728	826.02	28.562	33.516	31.329	
10729	826.05	28.562	33.516	31.329	
10730	826.14	28.562	33.516	31.329	
10731	826.24	28.562	33.516	31.329	
10732	826.34	28.562	33.517	31.329	
10733	826.44	28.562	33.517	31.329	
10734	826.54	28.562	33.517	31.329	
10735	826.64	28.562	33.517	31.33	
10736	826.74	28.562	33.517	31.33	
10737	826.84	28.562	33.517	31.33	
10738	826.94	28.562	33.518	31.33	
10739	827.	28.562	33.518	31.33	
10740	827.01	28.562	33.518	31.33	
10741	827.02	28.562	33.518	31.33	
10742	827.05	28.562	33.518	31.33	
10743	827.14	28.563	33.518	31.33	
10744	827.24	28.563	33.518	31.33	
10745	827.34	28.563	33.518	31.33	
10746	827.44	28.563	33.518	31.331	
10747	827.54	28.563	33.518	31.331	
10748	827.64	28.563	33.519	31.331	
10749	827.74	28.563	33.519	31.331	
10750	827.84	28.563	33.519	31.331	
10751	827.94	28.563	33.519	31.331	
10752	828.	28.563	33.519	31.331	
10753	828.01	28.563	33.519	31.331	
10754	828.02	28.563	33.519	31.331	
10755	828.05	28.563	33.519	31.331	
10756	828.14	28.563	33.519	31.331	
10757	828.24	28.564	33.52	31.332	
10758	828.34	28.564	33.52	31.332	
10759	828.44	28.564	33.52	31.332	
10760	828.54	28.564	33.52	31.332	
10761	828.64	28.564	33.52	31.332	
10762	828.74	28.564	33.52	31.332	
10763	828.84	28.564	33.521	31.332	
10764	828.94	28.564	33.521	31.332	
10765	829.	28.564	33.521	31.332	
10766	829.01	28.564	33.521	31.333	
10767	829.02	28.564	33.521	31.333	
10768	829.05	28.564	33.521	31.333	
10769	829.14	28.564	33.521	31.333	
10770	829.24	28.564	33.521	31.333	
10771	829.34	28.565	33.521	31.333	
10772	829.44	28.565	33.521	31.333	
10773	829.54	28.565	33.522	31.333	
10774	829.64	28.565	33.522	31.333	
10775	829.74	28.565	33.522	31.333	
10776	829.84	28.565	33.522	31.334	
10777	829.94	28.565	33.522	31.334	
10778	830.	28.565	33.522	31.334	
10779	830.01	28.565	33.522	31.334	
10780	830.02	28.565	33.522	31.334	
10781	830.05	28.565	33.522	31.334	
10782	830.14	28.565	33.523	31.334	
10783	830.24	28.565	33.523	31.334	
10784	830.34	28.565	33.523	31.334	
10785	830.44	28.566	33.523	31.334	
10786	830.54	28.566	33.523	31.334	
10787	830.64	28.566	33.523	31.335	
10788	830.74	28.566	33.523	31.335	
10789	830.84	28.566	33.524	31.335	
10790	830.94	28.566	33.524	31.335	
10791	831.	28.566	33.524	31.335	
10792	831.01	28.566	33.524	31.335	
10793	831.02	28.566	33.524	31.335	
10794	831.05	28.566	33.524	31.335	
10795	831.14	28.566	33.524	31.335	
10796	831.24	28.566	33.524	31.335	
10797	831.34	28.566	33.524	31.335	
10798	831.44	28.566	33.525	31.336	
10799	831.54	28.567	33.525	31.336	
10800	831.64	28.567	33.525	31.336	
10801	831.74	28.567	33.525	31.336	
10802	831.84	28.567	33.525	31.336	
10803	831.94	28.567	33.525	31.336	
10804	832.	28.567	33.525	31.336	
10805	832.01	28.567	33.525	31.336	
10806	832.02	28.567	33.525	31.336	
10807	832.05	28.567	33.526	31.336	
10808	832.14	28.567	33.526	31.336	
10809	832.24	28.567	33.526	31.337	
10810	832.34	28.567	33.526	31.337	
10811	832.44	28.567	33.526	31.337	
10812	832.54	28.567	33.526	31.337	
10813	832.64	28.568	33.526	31.337	
10814	832.74	28.568	33.527	31.337	
10815	832.84	28.568	33.527	31.337	
10816	832.94	28.568	33.527	31.338	
10817	833.	28.568	33.527	31.338	
10818	833.01	28.568	33.527	31.338	
10819	833.02	28.568	33.527	31.338	
10820	833.05	28.568	33.527	31.338	
10821	833.14	28.568	33.527	31.338	
10822	833.24	28.568	33.527	31.338	
10823	833.34	28.568	33.528	31.338	
10824	833.44	28.568	33.528	31.338	
10825	833.54	28.568	33.528	31.338	
10826	833.64	28.568	33.528	31.338	
10827	833.74	28.569	33.528	31.339	
10828	833.84	28.569	33.528	31.339	
10829	833.94	28.569	33.528	31.339	
10830	834.	28.569	33.529	31.339	
10831	834.01	28.569	33.529	31.339	
10832	834.02	28.569	33.529	31.339	
10833	834.05	28.569	33.529	31.339	
10834	834.14	28.569	33.529	31.339	
10835	834.24	28.569	33.529	31.339	
10836	834.34	28.569	33.529	31.339	
10837	834.44	28.569	33.529	31.339	
10838	834.54	28.569	33.529	31.34	
10839	834.64	28.569	33.53	31.34	
10840	834.74	28.57	33.53	31.34	
10841	834.84	28.57	33.53	31.34	
10842	834.94	28.57	33.53	31.34	
10843	835.	28.57	33.53	31.34	
10844	835.01	28.57	33.53	31.34	
10845	835.02	28.57	33.53	31.34	
10846	835.05	28.57	33.53	31.34	
10847	835.14	28.57	33.53	31.34	
10848	835.24	28.57	33.53	31.34	
10849	835.34	28.57	33.531	31.341	
10850	835.44	28.57	33.531	31.341	
10851	835.54	28.57	33.531	31.341	
10852	835.64	28.57	33.531	31.341	
10853	835.74	28.57	33.531	31.341	
10854	835.84	28.571	33.531	31.341	
10855	835.94	28.571	33.532	31.341	
10856	836.	28.571	33.532	31.341	
10857	836.01	28.571	33.532	31.341	
10858	836.02	28.571	33.532	31.341	
10859	836.05	28.571	33.532	31.341	
10860	836.14	28.571	33.532	31.342	
10861	836.24	28.571	33.532	31.342	
10862	836.34	28.571	33.532	31.342	
10863	836.44	28.571	33.532	31.342	
10864	836.54	28.571	33.533	31.342	
10865	836.64	28.571	33.533	31.342	
10866	836.74	28.571	33.533	31.342	
10867	836.84	28.571	33.533	31.342	
10868	836.94	28.572	33.533	31.343	
10869	837.	28.572	33.533	31.343	
10870	837.01	28.572	33.533	31.343	
10871	837.02	28.572	33.533	31.343	
10872	837.05	28.572	33.533	31.343	
10873	837.14	28.572	33.533	31.343	
10874	837.24	28.572	33.534	31.343	
10875	837.34	28.572	33.534	31.343	
10876	837.44	28.572	33.534	31.343	
10877	837.54	28.572	33.534	31.343	
10878	837.64	28.572	33.534	31.343	
10879	837.74	28.572	33.534	31.344	
10880	837.84	28.572	33.535	31.344	
10881	837.94	28.572	33.535	31.344	
10882	838.	28.572	33.535	31.344	
10883	838.01	28.573	33.535	31.344	
10884	838.02	28.573	33.535	31.344	
10885	838.05	28.573	33.535	31.344	
10886	838.14	28.573	33.535	31.344	
10887	838.24	28.573	33.535	31.344	
10888	838.34	28.573	33.535	31.344	
10889	838.44	28.573	33.535	31.344	
10890	838.54	28.573	33.536	31.345	
10891	838.64	28.573	33.536	31.345	
10892	838.74	28.573	33.536	31.345	
10893	838.84	28.573	33.536	31.345	
10894	838.94	28.573	33.536	31.345	
10895	839.	28.573	33.536	31.345	
10896	839.01	28.573	33.536	31.345	
10897	839.02	28.573	33.536	31.345	
10898	839.05	28.573	33.536	31.345	
10899	839.14	28.574	33.537	31.345	
10900	839.24	28.574	33.537	31.346	
10901	839.34	28.574	33.537	31.346	
10902	839.44	28.574	33.537	31.346	
10903	839.54	28.574	33.537	31.346	
10904	839.64	28.574	33.537	31.346	
10905	839.74	28.574	33.538	31.346	
10906	839.84	28.574	33.538	31.346	
10907	839.94	28.574	33.538	31.346	
10908	840.	28.574	33.538	31.346	
10909	840.01	28.574	33.538	31.346	
10910	840.02	28.574	33.538	31.346	
10911	840.05	28.574	33.538	31.347	
10912	840.14	28.574	33.538	31.347	
10913	840.24	28.575	33.538	31.347	
10914	840.34	28.575	33.538	31.347	
10915	840.44	28.575	33.539	31.347	
10916	840.54	28.575	33.539	31.347	
10917	840.64	28.575	33.539	31.347	
10918	840.74	28.575	33.539	31.347	
10919	840.84	28.575	33.539	31.348	
10920	840.94	28.575	33.539	31.348	
10921	841.	28.575	33.539	31.348	
10922	841.01	28.575	33.539	31.348	
10923	841.02	28.575	33.54	31.348	
10924	841.05	28.575	33.54	31.348	
10925	841.14	28.575	33.54	31.348	
10926	841.24	28.575	33.54	31.348	
10927	841.34	28.576	33.54	31.348	
10928	841.44	28.576	33.54	31.348	
10929	841.54	28.576	33.54	31.348	
10930	841.64	28.576	33.54	31.349	
10931	841.74	28.576	33.541	31.349	
10932	841.84	28.576	33.541	31.349	
10933	841.94	28.576	33.541	31.349	
10934	842.	28.576	33.541	31.349	
10935	842.01	28.576	33.541	31.349	
10936	842.02	28.576	33.541	31.349	
10937	842.05	28.576	33.541	31.349	
10938	842.14	28.576	33.541	31.349	
10939	842.24	28.576	33.541	31.349	
10940	842.34	28.576	33.542	31.349	
10941	842.44	28.577	33.542	31.35	
10942	842.54	28.577	33.542	31.35	
10943	842.64	28.577	33.542	31.35	
10944	842.74	28.577	33.542	31.35	
10945	842.84	28.577	33.542	31.35	
10946	842.94	28.577	33.542	31.35	
10947	843.	28.577	33.543	31.35	
10948	843.01	28.577	33.543	31.35	
10949	843.02	28.577	33.543	31.35	
10950	843.05	28.577	33.543	31.35	
10951	843.14	28.577	33.543	31.35	
10952	843.24	28.577	33.543	31.351	
10953	843.34	28.577	33.543	31.351	
10954	843.44	28.577	33.543	31.351	
10955	843.54	28.578	33.543	31.351	
10956	843.64	28.578	33.544	31.351	
10957	843.74	28.578	33.544	31.351	
10958	843.84	28.578	33.544	31.351	
10959	843.94	28.578	33.544	31.351	
10960	844.	28.578	33.544	31.352	
10961	844.01	28.578	33.544	31.352	
10962	844.02	28.578	33.544	31.352	
10963	844.05	28.578	33.544	31.352	
10964	844.14	28.578	33.544	31.352	
10965	844.24	28.578	33.545	31.352	
10966	844.34	28.578	33.545	31.352	
10967	844.44	28.578	33.545	31.352	
10968	844.54	28.578	33.545	31.352	
10969	844.64	28.579	33.545	31.352	
10970	844.74	28.579	33.545	31.352	
10971	844.84	28.579	33.545	31.353	
10972	844.94	28.579	33.546	31.353	
10973	845.	28.579	33.546	31.353	
10974	845.01	28.579	33.546	31.353	
10975	845.02	28.579	33.546	31.353	
10976	845.05	28.579	33.546	31.353	
10977	845.14	28.579	33.546	31.353	
10978	845.24	28.579	33.546	31.353	
10979	845.34	28.579	33.546	31.353	
10980	845.44	28.579	33.546	31.353	
10981	845.54	28.579	33.547	31.354	
10982	845.64	28.579	33.547	31.354	
10983	845.74	28.58	33.547	31.354	
10984	845.84	28.58	33.547	31.354	
10985	845.94	28.58	33.547	31.354	
10986	846.	28.58	33.547	31.354	
10987	846.01	28.58	33.547	31.354	
10988	846.02	28.58	33.547	31.354	
10989	846.05	28.58	33.547	31.354	
10990	846.14	28.58	33.547	31.354	
10991	846.24	28.58	33.548	31.354	
10992	846.34	28.58	33.548	31.355	
10993	846.44	28.58	33.548	31.355	
10994	846.54	28.58	33.548	31.355	
10995	846.64	28.58	33.548	31.355	
10996	846.74	28.58	33.548	31.355	
10997	846.84	28.581	33.549	31.355	
10998	846.94	28.581	33.549	31.355	
10999	847.	28.581	33.549	31.355	
11000	847.01	28.581	33.549	31.355	
11001	847.02	28.581	33.549	31.355	
11002	847.05	28.581	33.549	31.355	
11003	847.14	28.581	33.549	31.356	
11004	847.24	28.581	33.549	31.356	
11005	847.34	28.581	33.549	31.356	
11006	847.44	28.581	33.55	31.356	
11007	847.54	28.581	33.55	31.356	
11008	847.64	28.581	33.55	31.356	
11009	847.74	28.581	33.55	31.356	
11010	847.84	28.582	33.55	31.356	
11011	847.94	28.582	33.55	31.357	
11012	848.	28.582	33.55	31.357	
11013	848.01	28.582	33.55	31.357	
11014	848.02	28.582	33.55	31.357	
11015	848.05	28.582	33.55	31.357	
11016	848.14	28.582	33.551	31.357	
11017	848.24	28.582	33.551	31.357	
11018	848.34	28.582	33.551	31.357	
11019	848.44	28.582	33.551	31.357	
11020	848.54	28.582	33.551	31.357	
11021	848.64	28.582	33.551	31.357	
11022	848.74	28.582	33.552	31.358	
11023	848.84	28.582	33.552	31.358	
11024	848.94	28.583	33.552	31.358	
11025	849.	28.583	33.552	31.358	
11026	849.01	28.583	33.552	31.358	
11027	849.02	28.583	33.552	31.358	
11028	849.05	28.583	33.552	31.358	
11029	849.14	28.583	33.552	31.358	
11030	849.24	28.583	33.552	31.358	
11031	849.34	28.583	33.552	31.358	
11032	849.44	28.583	33.553	31.358	
11033	849.54	28.583	33.553	31.359	
11034	849.64	28.583	33.553	31.359	
11035	849.74	28.583	33.553	31.359	
11036	849.84	28.583	33.553	31.359	
11037	849.94	28.583	33.553	31.359	
11038	850.	28.583	33.554	31.359	
11039	850.01	28.583	33.554	31.359	
11040	850.02	28.583	33.554	31.359	
11041	850.05	28.584	33.554	31.359	
11042	850.14	28.584	33.554	31.359	
11043	850.24	28.584	33.554	31.359	
11044	850.34	28.584	33.554	31.36	
11045	850.44	28.584	33.554	31.36	
11046	850.54	28.584	33.554	31.36	
11047	850.64	28.584	33.555	31.36	
11048	850.74	28.584	33.555	31.36	
11049	850.84	28.584	33.555	31.36	
11050	850.94	28.584	33.555	31.36	
11051	851.	28.584	33.555	31.36	
11052	851.01	28.584	33.555	31.36	
11053	851.02	28.584	33.555	31.36	
11054	851.05	28.584	33.555	31.36	
11055	851.14	28.585	33.555	31.361	
11056	851.24	28.585	33.555	31.361	
11057	851.34	28.585	33.556	31.361	
11058	851.44	28.585	33.556	31.361	
11059	851.54	28.585	33.556	31.361	
11060	851.64	28.585	33.556	31.361	
11061	851.74	28.585	33.556	31.361	
11062	851.84	28.585	33.556	31.361	
11063	851.94	28.585	33.557	31.362	
11064	852.	28.585	33.557	31.362	
11065	852.01	28.585	33.557	31.362	
11066	852.02	28.585	33.557	31.362	
11067	852.05	28.585	33.557	31.362	
11068	852.14	28.585	33.557	31.362	
11069	852.24	28.586	33.557	31.362	
11070	852.34	28.586	33.557	31.362	
11071	852.44	28.586	33.557	31.362	
11072	852.54	28.586	33.557	31.362	
11073	852.64	28.586	33.558	31.363	
11074	852.74	28.586	33.558	31.363	
11075	852.84	28.586	33.558	31.363	
11076	852.94	28.586	33.558	31.363	
11077	853.	28.586	33.558	31.363	
11078	853.01	28.586	33.558	31.363	
11079	853.02	28.586	33.558	31.363	
11080	853.05	28.586	33.558	31.363	
11081	853.14	28.586	33.558	31.363	
11082	853.24	28.586	33.559	31.363	
11083	853.34	28.587	33.559	31.363	
11084	853.44	28.587	33.559	31.364	
11085	853.54	28.587	33.559	31.364	
11086	853.64	28.587	33.559	31.364	
11087	853.74	28.587	33.559	31.364	
11088	853.84	28.587	33.56	31.364	
11089	853.94	28.587	33.56	31.364	
11090	854.	28.587	33.56	31.364	
11091	854.01	28.587	33.56	31.364	
11092	854.02	28.587	33.56	31.364	
11093	854.05	28.587	33.56	31.364	
11094	854.14	28.587	33.56	31.364	
11095	854.24	28.587	33.56	31.365	
11096	854.34	28.587	33.56	31.365	
11097	854.44	28.588	33.56	31.365	
11098	854.54	28.588	33.561	31.365	
11099	854.64	28.588	33.561	31.365	
11100	854.74	28.588	33.561	31.365	
11101	854.84	28.588	33.561	31.365	
11102	854.94	28.588	33.561	31.365	
11103	855.	28.588	33.561	31.366	
11104	855.01	28.588	33.561	31.366	
11105	855.02	28.588	33.561	31.366	
11106	855.05	28.588	33.561	31.366	
11107	855.14	28.588	33.562	31.366	
11108	855.24	28.588	33.562	31.366	
11109	855.34	28.588	33.562	31.366	
11110	855.44	28.588	33.562	31.366	
11111	855.54	28.589	33.562	31.366	
11112	855.64	28.589	33.562	31.366	
11113	855.74	28.589	33.562	31.366	
11114	855.84	28.589	33.563	31.367	
11115	855.94	28.589	33.563	31.367	
11116	856.	28.589	33.563	31.367	
11117	856.01	28.589	33.563	31.367	
11118	856.02	28.589	33.563	31.367	
11119	856.05	28.589	33.563	31.367	
11120	856.14	28.589	33.563	31.367	
11121	856.24	28.589	33.563	31.367	
11122	856.34	28.589	33.563	31.367	
11123	856.44	28.589	33.564	31.367	
11124	856.54	28.589	33.564	31.367	
11125	856.64	28.59	33.564	31.368	
11126	856.74	28.59	33.564	31.368	
11127	856.84	28.59	33.564	31.368	
11128	856.94	28.59	33.564	31.368	
11129	857.	28.59	33.564	31.368	
11130	857.01	28.59	33.564	31.368	
11131	857.02	28.59	33.564	31.368	
11132	857.05	28.59	33.565	31.368	
11133	857.14	28.59	33.565	31.368	
11134	857.24	28.59	33.565	31.368	
11135	857.34	28.59	33.565	31.368	
11136	857.44	28.59	33.565	31.369	
11137	857.54	28.59	33.565	31.369	
11138	857.64	28.59	33.565	31.369	
11139	857.74	28.591	33.566	31.369	
11140	857.84	28.591	33.566	31.369	
11141	857.94	28.591	33.566	31.369	
11142	858.	28.591	33.566	31.369	
11143	858.01	28.591	33.566	31.369	
11144	858.02	28.591	33.566	31.369	
11145	858.05	28.591	33.566	31.369	
11146	858.14	28.591	33.566	31.369	
11147	858.24	28.591	33.566	31.37	
11148	858.34	28.591	33.567	31.37	
11149	858.44	28.591	33.567	31.37	
11150	858.54	28.591	33.567	31.37	
11151	858.64	28.591	33.567	31.37	
11152	858.74	28.591	33.567	31.37	
11153	858.84	28.592	33.567	31.37	
11154	858.94	28.592	33.567	31.371	
11155	859.	28.592	33.568	31.371	
11156	859.01	28.592	33.568	31.371	
11157	859.02	28.592	33.568	31.371	
11158	859.05	28.592	33.568	31.371	
11159	859.14	28.592	33.568	31.371	
11160	859.24	28.592	33.568	31.371	
11161	859.34	28.592	33.568	31.371	
11162	859.44	28.592	33.568	31.371	
11163	859.54	28.592	33.568	31.371	
11164	859.64	28.592	33.569	31.371	
11165	859.74	28.592	33.569	31.372	
11166	859.84	28.592	33.569	31.372	
11167	859.94	28.593	33.569	31.372	
11168	860.	28.593	33.569	31.372	
11169	860.01	28.593	33.569	31.372	
11170	860.02	28.593	33.569	31.372	
11171	860.05	28.593	33.569	31.372	
11172	860.14	28.593	33.569	31.372	
11173	860.24	28.593	33.569	31.372	
11174	860.34	28.593	33.57	31.372	
11175	860.44	28.593	33.57	31.372	
11176	860.54	28.593	33.57	31.373	
11177	860.64	28.593	33.57	31.373	
11178	860.74	28.593	33.57	31.373	
11179	860.84	28.593	33.57	31.373	
11180	860.94	28.593	33.571	31.373	
11181	861.	28.594	33.571	31.373	
11182	861.01	28.594	33.571	31.373	
11183	861.02	28.594	33.571	31.373	
11184	861.05	28.594	33.571	31.373	
11185	861.14	28.594	33.571	31.373	
11186	861.24	28.594	33.571	31.373	
11187	861.34	28.594	33.571	31.374	
11188	861.44	28.594	33.571	31.374	
11189	861.54	28.594	33.572	31.374	
11190	861.64	28.594	33.572	31.374	
11191	861.74	28.594	33.572	31.374	
11192	861.84	28.594	33.572	31.374	
11193	861.94	28.594	33.572	31.374	
11194	862.	28.594	33.572	31.374	
11195	862.01	28.594	33.572	31.374	
11196	862.02	28.594	33.572	31.374	
11197	862.05	28.594	33.572	31.374	
11198	862.14	28.595	33.572	31.375	
11199	862.24	28.595	33.573	31.375	
11200	862.34	28.595	33.573	31.375	
11201	862.44	28.595	33.573	31.375	
11202	862.54	28.595	33.573	31.375	
11203	862.64	28.595	33.573	31.375	
11204	862.74	28.595	33.573	31.375	
11205	862.84	28.595	33.574	31.375	
11206	862.94	28.595	33.574	31.376	
11207	863.	28.595	33.574	31.376	
11208	863.01	28.595	33.574	31.376	
11209	863.02	28.595	33.574	31.376	
11210	863.05	28.595	33.574	31.376	
11211	863.14	28.595	33.574	31.376	
11212	863.24	28.596	33.574	31.376	
11213	863.34	28.596	33.574	31.376	
11214	863.44	28.596	33.574	31.376	
11215	863.54	28.596	33.575	31.376	
11216	863.64	28.596	33.575	31.376	
11217	863.74	28.596	33.575	31.377	
11218	863.84	28.596	33.575	31.377	
11219	863.94	28.596	33.575	31.377	
11220	864.	28.596	33.575	31.377	
11221	864.01	28.596	33.575	31.377	
11222	864.02	28.596	33.575	31.377	
11223	864.05	28.596	33.575	31.377	
11224	864.14	28.596	33.576	31.377	
11225	864.24	28.596	33.576	31.377	
11226	864.34	28.597	33.576	31.377	
11227	864.44	28.597	33.576	31.377	
11228	864.54	28.597	33.576	31.378	
11229	864.64	28.597	33.576	31.378	
11230	864.74	28.597	33.576	31.378	
11231	864.84	28.597	33.577	31.378	
11232	864.94	28.597	33.577	31.378	
11233	865.	28.597	33.577	31.378	
11234	865.01	28.597	33.577	31.378	
11235	865.02	28.597	33.577	31.378	
11236	865.05	28.597	33.577	31.378	
11237	865.14	28.597	33.577	31.378	
11238	865.24	28.597	33.577	31.378	
11239	865.34	28.597	33.577	31.379	
11240	865.44	28.598	33.578	31.379	
11241	865.54	28.598	33.578	31.379	
11242	865.64	28.598	33.578	31.379	
11243	865.74	28.598	33.578	31.379	
11244	865.84	28.598	33.578	31.379	
11245	865.94	28.598	33.578	31.379	
11246	866.	28.598	33.578	31.379	
11247	866.01	28.598	33.578	31.379	
11248	866.02	28.598	33.578	31.379	
11249	866.05	28.598	33.579	31.38	
11250	866.14	28.598	33.579	31.38	
11251	866.24	28.598	33.579	31.38	
11252	866.34	28.598	33.579	31.38	
11253	866.44	28.598	33.579	31.38	
11254	866.54	28.599	33.579	31.38	
11255	866.64	28.599	33.579	31.38	
11256	866.74	28.599	33.58	31.38	
11257	866.84	28.599	33.58	31.381	
11258	866.94	28.599	33.58	31.381	
11259	867.	28.599	33.58	31.381	
11260	867.01	28.599	33.58	31.381	
11261	867.02	28.599	33.58	31.381	
11262	867.05	28.599	33.58	31.381	
11263	867.14	28.599	33.58	31.381	
11264	867.24	28.599	33.58	31.381	
11265	867.34	28.599	33.581	31.381	
11266	867.44	28.599	33.581	31.381	
11267	867.54	28.6	33.581	31.381	
11268	867.64	28.6	33.581	31.382	
11269	867.74	28.6	33.581	31.382	
11270	867.84	28.6	33.581	31.382	
11271	867.94	28.6	33.581	31.382	
11272	868.	28.6	33.582	31.382	
11273	868.01	28.6	33.582	31.382	
11274	868.02	28.6	33.582	31.382	
11275	868.05	28.6	33.582	31.382	
11276	868.14	28.6	33.582	31.382	
11277	868.24	28.6	33.582	31.382	
11278	868.34	28.6	33.582	31.382	
11279	868.44	28.6	33.582	31.383	
11280	868.54	28.6	33.582	31.383	
11281	868.64	28.601	33.583	31.383	
11282	868.74	28.601	33.583	31.383	
11283	868.84	28.601	33.583	31.383	
11284	868.94	28.601	33.583	31.383	
11285	869.	28.601	33.583	31.383	
11286	869.01	28.601	33.583	31.383	
11287	869.02	28.601	33.583	31.383	
11288	869.05	28.601	33.583	31.383	
11289	869.14	28.601	33.583	31.383	
11290	869.24	28.601	33.584	31.384	
11291	869.34	28.601	33.584	31.384	
11292	869.44	28.601	33.584	31.384	
11293	869.54	28.601	33.584	31.384	
11294	869.64	28.601	33.584	31.384	
11295	869.74	28.602	33.584	31.384	
11296	869.84	28.602	33.584	31.384	
11297	869.94	28.602	33.585	31.384	
11298	870.	28.602	33.585	31.385	
11299	870.01	28.602	33.585	31.385	
11300	870.02	28.602	33.585	31.385	
11301	870.05	28.602	33.585	31.385	
11302	870.14	28.602	33.585	31.385	
11303	870.24	28.602	33.585	31.385	
11304	870.34	28.602	33.585	31.385	
11305	870.44	28.602	33.585	31.385	
11306	870.54	28.602	33.586	31.385	
11307	870.64	28.602	33.586	31.385	
11308	870.74	28.602	33.586	31.385	
11309	870.84	28.603	33.586	31.386	
11310	870.94	28.603	33.586	31.386	
11311	871.	28.603	33.586	31.386	
11312	871.01	28.603	33.586	31.386	
11313	871.02	28.603	33.586	31.386	
11314	871.05	28.603	33.586	31.386	
11315	871.14	28.603	33.586	31.386	
11316	871.24	28.603	33.587	31.386	
11317	871.34	28.603	33.587	31.386	
11318	871.44	28.603	33.587	31.386	
11319	871.54	28.603	33.587	31.386	
11320	871.64	28.603	33.587	31.387	
11321	871.74	28.603	33.587	31.387	
11322	871.84	28.603	33.588	31.387	
11323	871.94	28.604	33.588	31.387	
11324	872.	28.604	33.588	31.387	
11325	872.01	28.604	33.588	31.387	
11326	872.02	28.604	33.588	31.387	
11327	872.05	28.604	33.588	31.387	
11328	872.14	28.604	33.588	31.387	
11329	872.24	28.604	33.588	31.387	
11330	872.34	28.604	33.588	31.388	
11331	872.44	28.604	33.589	31.388	
11332	872.54	28.604	33.589	31.388	
11333	872.64	28.604	33.589	31.388	
11334	872.74	28.604	33.589	31.388	
11335	872.84	28.604	33.589	31.388	
11336	872.94	28.604	33.589	31.388	
11337	873.	28.604	33.589	31.388	
11338	873.01	28.604	33.589	31.388	
11339	873.02	28.604	33.589	31.388	
11340	873.05	28.605	33.589	31.388	
11341	873.14	28.605	33.59	31.389	
11342	873.24	28.605	33.59	31.389	
11343	873.34	28.605	33.59	31.389	
11344	873.44	28.605	33.59	31.389	
11345	873.54	28.605	33.59	31.389	
11346	873.64	28.605	33.59	31.389	
11347	873.74	28.605	33.591	31.389	
11348	873.84	28.605	33.591	31.389	
11349	873.94	28.605	33.591	31.39	
11350	874.	28.605	33.591	31.39	
11351	874.01	28.605	33.591	31.39	
11352	874.02	28.605	33.591	31.39	
11353	874.05	28.605	33.591	31.39	
11354	874.14	28.606	33.591	31.39	
11355	874.24	28.606	33.591	31.39	
11356	874.34	28.606	33.591	31.39	
11357	874.44	28.606	33.592	31.39	
11358	874.54	28.606	33.592	31.39	
11359	874.64	28.606	33.592	31.39	
11360	874.74	28.606	33.592	31.391	
11361	874.84	28.606	33.592	31.391	
11362	874.94	28.606	33.592	31.391	
11363	875.	28.606	33.593	31.391	
11364	875.01	28.606	33.593	31.391	
11365	875.02	28.606	33.593	31.391	
11366	875.05	28.606	33.593	31.391	
11367	875.14	28.606	33.593	31.391	
11368	875.24	28.607	33.593	31.391	
11369	875.34	28.607	33.593	31.391	
11370	875.44	28.607	33.593	31.391	
11371	875.54	28.607	33.593	31.392	
11372	875.64	28.607	33.593	31.392	
11373	875.74	28.607	33.594	31.392	
11374	875.84	28.607	33.594	31.392	
11375	875.94	28.607	33.594	31.392	
11376	876.	28.607	33.594	31.392	
11377	876.01	28.607	33.594	31.392	
11378	876.02	28.607	33.594	31.392	
11379	876.05	28.607	33.594	31.392	
11380	876.14	28.607	33.594	31.392	
11381	876.24	28.607	33.594	31.392	
11382	876.34	28.608	33.595	31.393	
11383	876.44	28.608	33.595	31.393	
11384	876.54	28.608	33.595	31.393	
11385	876.64	28.608	33.595	31.393	
11386	876.74	28.608	33.595	31.393	
11387	876.84	28.608	33.595	31.393	
11388	876.94	28.608	33.596	31.393	
11389	877.	28.608	33.596	31.393	
11390	877.01	28.608	33.596	31.393	
11391	877.02	28.608	33.596	31.393	
11392	877.05	28.608	33.596	31.393	
11393	877.14	28.608	33.596	31.394	
11394	877.24	28.608	33.596	31.394	
11395	877.34	28.608	33.596	31.394	
11396	877.44	28.609	33.596	31.394	
11397	877.54	28.609	33.596	31.394	
11398	877.64	28.609	33.597	31.394	
11399	877.74	28.609	33.597	31.394	
11400	877.84	28.609	33.597	31.394	
11401	877.94	28.609	33.597	31.395	
11402	878.	28.609	33.597	31.395	
11403	878.01	28.609	33.597	31.395	
11404	878.02	28.609	33.597	31.395	
11405	878.05	28.609	33.597	31.395	
11406	878.14	28.609	33.597	31.395	
11407	878.24	28.609	33.598	31.395	
11408	878.34	28.609	33.598	31.395	
11409	878.44	28.609	33.598	31.395	
11410	878.54	28.61	33.598	31.395	
11411	878.64	28.61	33.598	31.395	
11412	878.74	28.61	33.598	31.396	
11413	878.84	28.61	33.598	31.396	
11414	878.94	28.61	33.599	31.396	
11415	879.	28.61	33.599	31.396	
11416	879.01	28.61	33.599	31.396	
11417	879.02	28.61	33.599	31.396	
11418	879.05	28.61	33.599	31.396	
11419	879.14	28.61	33.599	31.396	
11420	879.24	28.61	33.599	31.396	
11421	879.34	28.61	33.599	31.396	
11422	879.44	28.61	33.599	31.397	
11423	879.54	28.61	33.6	31.397	
11424	879.64	28.611	33.6	31.397	
11425	879.74	28.611	33.6	31.397	
11426	879.84	28.611	33.6	31.397	
11427	879.94	28.611	33.6	31.397	
11428	880.	28.611	33.6	31.397	
11429	880.01	28.611	33.6	31.397	
11430	880.02	28.611	33.6	31.397	
11431	880.05	28.611	33.6	31.397	
11432	880.14	28.611	33.601	31.397	
11433	880.24	28.611	33.601	31.398	
11434	880.34	28.611	33.601	31.398	
11435	880.44	28.611	33.601	31.398	
11436	880.54	28.611	33.601	31.398	
11437	880.64	28.611	33.601	31.398	
11438	880.74	28.612	33.601	31.398	
11439	880.84	28.612	33.602	31.398	
11440	880.94	28.612	33.602	31.398	
11441	881.	28.612	33.602	31.398	
11442	881.01	28.612	33.602	31.398	
11443	881.02	28.612	33.602	31.399	
11444	881.05	28.612	33.602	31.399	
11445	881.14	28.612	33.602	31.399	
11446	881.24	28.612	33.602	31.399	
11447	881.34	28.612	33.602	31.399	
11448	881.44	28.612	33.603	31.399	
11449	881.54	28.612	33.603	31.399	
11450	881.64	28.612	33.603	31.399	
11451	881.74	28.612	33.603	31.399	
11452	881.84	28.613	33.603	31.4	
11453	881.94	28.613	33.603	31.4	
11454	882.	28.613	33.603	31.4	
11455	882.01	28.613	33.603	31.4	
11456	882.02	28.613	33.603	31.4	
11457	882.05	28.613	33.603	31.4	
11458	882.14	28.613	33.604	31.4	
11459	882.24	28.613	33.604	31.4	
11460	882.34	28.613	33.604	31.4	
11461	882.44	28.613	33.604	31.4	
11462	882.54	28.613	33.604	31.4	
11463	882.64	28.613	33.604	31.401	
11464	882.74	28.613	33.605	31.401	
11465	882.84	28.613	33.605	31.401	
11466	882.94	28.614	33.605	31.401	
11467	883.	28.614	33.605	31.401	
11468	883.01	28.614	33.605	31.401	
11469	883.02	28.614	33.605	31.401	
11470	883.05	28.614	33.605	31.401	
11471	883.14	28.614	33.605	31.401	
11472	883.24	28.614	33.605	31.401	
11473	883.34	28.614	33.606	31.401	
11474	883.44	28.614	33.606	31.402	
11475	883.54	28.614	33.606	31.402	
11476	883.64	28.614	33.606	31.402	
11477	883.74	28.614	33.606	31.402	
11478	883.84	28.614	33.606	31.402	
11479	883.94	28.614	33.606	31.402	
11480	884.	28.615	33.607	31.402	
11481	884.01	28.615	33.607	31.402	
11482	884.02	28.615	33.607	31.402	
11483	884.05	28.615	33.607	31.402	
11484	884.14	28.615	33.607	31.402	
11485	884.24	28.615	33.607	31.403	
11486	884.34	28.615	33.607	31.403	
11487	884.44	28.615	33.607	31.403	
11488	884.54	28.615	33.607	31.403	
11489	884.64	28.615	33.608	31.403	
11490	884.74	28.615	33.608	31.403	
11491	884.84	28.615	33.608	31.403	
11492	884.94	28.615	33.608	31.403	
11493	885.	28.615	33.608	31.404	
11494	885.01	28.615	33.608	31.404	
11495	885.02	28.615	33.608	31.404	
11496	885.05	28.615	33.608	31.404	
11497	885.14	28.616	33.608	31.404	
11498	885.24	28.616	33.608	31.404	
11499	885.34	28.616	33.609	31.404	
11500	885.44	28.616	33.609	31.404	
11501	885.54	28.616	33.609	31.404	
11502	885.64	28.616	33.609	31.404	
11503	885.74	28.616	33.609	31.404	
11504	885.84	28.616	33.609	31.405	
11505	885.94	28.616	33.61	31.405	
11506	886.	28.616	33.61	31.405	
11507	886.01	28.616	33.61	31.405	
11508	886.02	28.616	33.61	31.405	
11509	886.05	28.616	33.61	31.405	
11510	886.14	28.616	33.61	31.405	
11511	886.24	28.617	33.61	31.405	
11512	886.34	28.617	33.61	31.405	
11513	886.44	28.617	33.61	31.405	
11514	886.54	28.617	33.611	31.406	
11515	886.64	28.617	33.611	31.406	
11516	886.74	28.617	33.611	31.406	
11517	886.84	28.617	33.611	31.406	
11518	886.94	28.617	33.611	31.406	
11519	887.	28.617	33.611	31.406	
11520	887.01	28.617	33.611	31.406	
11521	887.02	28.617	33.611	31.406	
11522	887.05	28.617	33.611	31.406	
11523	887.14	28.617	33.611	31.406	
11524	887.24	28.617	33.612	31.406	
11525	887.34	28.618	33.612	31.407	
11526	887.44	28.618	33.612	31.407	
11527	887.54	28.618	33.612	31.407	
11528	887.64	28.618	33.612	31.407	
11529	887.74	28.618	33.612	31.407	
11530	887.84	28.618	33.613	31.407	
11531	887.94	28.618	33.613	31.407	
11532	888.	28.618	33.613	31.407	
11533	888.01	28.618	33.613	31.407	
11534	888.02	28.618	33.613	31.407	
11535	888.05	28.618	33.613	31.407	
11536	888.14	28.618	33.613	31.408	
11537	888.24	28.618	33.613	31.408	
11538	888.34	28.618	33.613	31.408	
11539	888.44	28.619	33.613	31.408	
11540	888.54	28.619	33.614	31.408	
11541	888.64	28.619	33.614	31.408	
11542	888.74	28.619	33.614	31.408	
11543	888.84	28.619	33.614	31.408	
11544	888.94	28.619	33.614	31.409	
11545	889.	28.619	33.614	31.409	
11546	889.01	28.619	33.614	31.409	
11547	889.02	28.619	33.614	31.409	
11548	889.05	28.619	33.614	31.409	
11549	889.14	28.619	33.615	31.409	
11550	889.24	28.619	33.615	31.409	
11551	889.34	28.619	33.615	31.409	
11552	889.44	28.619	33.615	31.409	
11553	889.54	28.62	33.615	31.409	
11554	889.64	28.62	33.615	31.409	
11555	889.74	28.62	33.615	31.41	
11556	889.84	28.62	33.616	31.41	
11557	889.94	28.62	33.616	31.41	
11558	890.	28.62	33.616	31.41	
11559	890.01	28.62	33.616	31.41	
11560	890.02	28.62	33.616	31.41	
11561	890.05	28.62	33.616	31.41	
11562	890.14	28.62	33.616	31.41	
11563	890.24	28.62	33.616	31.41	
11564	890.34	28.62	33.616	31.41	
11565	890.44	28.62	33.617	31.41	
11566	890.54	28.62	33.617	31.411	
11567	890.64	28.621	33.617	31.411	
11568	890.74	28.621	33.617	31.411	
11569	890.84	28.621	33.617	31.411	
11570	890.94	28.621	33.617	31.411	
11571	891.	28.621	33.617	31.411	
11572	891.01	28.621	33.617	31.411	
11573	891.02	28.621	33.617	31.411	
11574	891.05	28.621	33.618	31.411	
11575	891.14	28.621	33.618	31.411	
11576	891.24	28.621	33.618	31.411	
11577	891.34	28.621	33.618	31.412	
11578	891.44	28.621	33.618	31.412	
11579	891.54	28.621	33.618	31.412	
11580	891.64	28.621	33.618	31.412	
11581	891.74	28.622	33.619	31.412	
11582	891.84	28.622	33.619	31.412	
11583	891.94	28.622	33.619	31.412	
11584	892.	28.622	33.619	31.412	
11585	892.01	28.622	33.619	31.412	
11586	892.02	28.622	33.619	31.412	
11587	892.05	28.622	33.619	31.412	
11588	892.14	28.622	33.619	31.413	
11589	892.24	28.622	33.619	31.413	
11590	892.34	28.622	33.62	31.413	
11591	892.44	28.622	33.62	31.413	
11592	892.54	28.622	33.62	31.413	
11593	892.64	28.622	33.62	31.413	
11594	892.74	28.622	33.62	31.413	
11595	892.84	28.623	33.62	31.413	
11596	892.94	28.623	33.62	31.414	
11597	893.	28.623	33.621	31.414	
11598	893.01	28.623	33.621	31.414	
11599	893.02	28.623	33.621	31.414	
11600	893.05	28.623	33.621	31.414	
11601	893.14	28.623	33.621	31.414	
11602	893.24	28.623	33.621	31.414	
11603	893.34	28.623	33.621	31.414	
11604	893.44	28.623	33.621	31.414	
11605	893.54	28.623	33.621	31.414	
11606	893.64	28.623	33.622	31.414	
11607	893.74	28.623	33.622	31.415	
11608	893.84	28.623	33.622	31.415	
11609	893.94	28.624	33.622	31.415	
11610	894.	28.624	33.622	31.415	
11611	894.01	28.624	33.622	31.415	
11612	894.02	28.624	33.622	31.415	
11613	894.05	28.624	33.622	31.415	
11614	894.14	28.624	33.622	31.415	
11615	894.24	28.624	33.623	31.415	
11616	894.34	28.624	33.623	31.415	
11617	894.44	28.624	33.623	31.416	
11618	894.54	28.624	33.623	31.416	
11619	894.64	28.624	33.623	31.416	
11620	894.74	28.624	33.623	31.416	
11621	894.84	28.624	33.623	31.416	
11622	894.94	28.624	33.624	31.416	
11623	895.	28.625	33.624	31.416	
11624	895.01	28.625	33.624	31.416	
11625	895.02	28.625	33.624	31.416	
11626	895.05	28.625	33.624	31.416	
11627	895.14	28.625	33.624	31.416	
11628	895.24	28.625	33.624	31.417	
11629	895.34	28.625	33.624	31.417	
11630	895.44	28.625	33.624	31.417	
11631	895.54	28.625	33.625	31.417	
11632	895.64	28.625	33.625	31.417	
11633	895.74	28.625	33.625	31.417	
11634	895.84	28.625	33.625	31.417	
11635	895.94	28.625	33.625	31.417	
11636	896.	28.625	33.625	31.417	
11637	896.01	28.625	33.625	31.417	
11638	896.02	28.625	33.625	31.418	
11639	896.05	28.625	33.625	31.418	
11640	896.14	28.626	33.625	31.418	
11641	896.24	28.626	33.626	31.418	
11642	896.34	28.626	33.626	31.418	
11643	896.44	28.626	33.626	31.418	
11644	896.54	28.626	33.626	31.418	
11645	896.64	28.626	33.626	31.418	
11646	896.74	28.626	33.626	31.418	
11647	896.84	28.626	33.627	31.419	
11648	896.94	28.626	33.627	31.419	
11649	897.	28.626	33.627	31.419	
11650	897.01	28.626	33.627	31.419	
11651	897.02	28.626	33.627	31.419	
11652	897.05	28.626	33.627	31.419	
11653	897.14	28.626	33.627	31.419	
11654	897.24	28.627	33.627	31.419	
11655	897.34	28.627	33.627	31.419	
11656	897.44	28.627	33.627	31.419	
11657	897.54	28.627	33.628	31.419	
11658	897.64	28.627	33.628	31.42	
11659	897.74	28.627	33.628	31.42	
11660	897.84	28.627	33.628	31.42	
11661	897.94	28.627	33.628	31.42	
11662	898.	28.627	33.628	31.42	
11663	898.01	28.627	33.628	31.42	
11664	898.02	28.627	33.628	31.42	
11665	898.05	28.627	33.628	31.42	
11666	898.14	28.627	33.629	31.42	
11667	898.24	28.627	33.629	31.42	
11668	898.34	28.628	33.629	31.42	
11669	898.44	28.628	33.629	31.421	
11670	898.54	28.628	33.629	31.421	
11671	898.64	28.628	33.629	31.421	
11672	898.74	28.628	33.63	31.421	
11673	898.84	28.628	33.63	31.421	
11674	898.94	28.628	33.63	31.421	
11675	899.	28.628	33.63	31.421	
11676	899.01	28.628	33.63	31.421	
11677	899.02	28.628	33.63	31.421	
11678	899.05	28.628	33.63	31.421	
11679	899.14	28.628	33.63	31.421	
11680	899.24	28.628	33.63	31.422	
11681	899.34	28.628	33.63	31.422	
11682	899.44	28.629	33.631	31.422	
11683	899.54	28.629	33.631	31.422	
11684	899.64	28.629	33.631	31.422	
11685	899.74	28.629	33.631	31.422	
11686	899.84	28.629	33.631	31.422	
11687	899.94	28.629	33.631	31.422	
11688	900.	28.629	33.631	31.423	
11689	900.01	28.629	33.632	31.423	
11690	900.02	28.629	33.632	31.423	
11691	900.05	28.629	33.632	31.423	
11692	900.14	28.629	33.632	31.423	
11693	900.24	28.629	33.632	31.423	
11694	900.34	28.629	33.632	31.423	
11695	900.44	28.629	33.632	31.423	
11696	900.54	28.63	33.632	31.423	
11697	900.64	28.63	33.632	31.423	
11698	900.74	28.63	33.633	31.423	
11699	900.84	28.63	33.633	31.424	
11700	900.94	28.63	33.633	31.424	
11701	901.	28.63	33.633	31.424	
11702	901.01	28.63	33.633	31.424	
11703	901.02	28.63	33.633	31.424	
11704	901.05	28.63	33.633	31.424	
11705	901.14	28.63	33.633	31.424	
11706	901.24	28.63	33.633	31.424	
11707	901.34	28.63	33.634	31.424	
11708	901.44	28.63	33.634	31.424	
11709	901.54	28.63	33.634	31.425	
11710	901.64	28.631	33.634	31.425	
11711	901.74	28.631	33.634	31.425	
11712	901.84	28.631	33.634	31.425	
11713	901.94	28.631	33.635	31.425	
11714	902.	28.631	33.635	31.425	
11715	902.01	28.631	33.635	31.425	
11716	902.02	28.631	33.635	31.425	
11717	902.05	28.631	33.635	31.425	
11718	902.14	28.631	33.635	31.425	
11719	902.24	28.631	33.635	31.425	
11720	902.34	28.631	33.635	31.426	
11721	902.44	28.631	33.635	31.426	
11722	902.54	28.631	33.635	31.426	
11723	902.64	28.631	33.636	31.426	
11724	902.74	28.632	33.636	31.426	
11725	902.84	28.632	33.636	31.426	
11726	902.94	28.632	33.636	31.426	
11727	903.	28.632	33.636	31.426	
11728	903.01	28.632	33.636	31.426	
11729	903.02	28.632	33.636	31.426	
11730	903.05	28.632	33.636	31.426	
11731	903.14	28.632	33.636	31.427	
11732	903.24	28.632	33.637	31.427	
11733	903.34	28.632	33.637	31.427	
11734	903.44	28.632	33.637	31.427	
11735	903.54	28.632	33.637	31.427	
11736	903.64	28.632	33.637	31.427	
11737	903.74	28.632	33.637	31.427	
11738	903.84	28.633	33.637	31.427	
11739	903.94	28.633	33.638	31.428	
11740	904.	28.633	33.638	31.428	
11741	904.01	28.633	33.638	31.428	
11742	904.02	28.633	33.638	31.428	
11743	904.05	28.633	33.638	31.428	
11744	904.14	28.633	33.638	31.428	
11745	904.24	28.633	33.638	31.428	
11746	904.34	28.633	33.638	31.428	
11747	904.44	28.633	33.638	31.428	
11748	904.54	28.633	33.639	31.428	
11749	904.64	28.633	33.639	31.428	
11750	904.74	28.633	33.639	31.429	
11751	904.84	28.633	33.639	31.429	
11752	904.94	28.634	33.639	31.429	
11753	905.	28.634	33.639	31.429	
11754	905.01	28.634	33.639	31.429	
11755	905.02	28.634	33.639	31.429	
11756	905.05	28.634	33.639	31.429	
11757	905.14	28.634	33.64	31.429	
11758	905.24	28.634	33.64	31.429	
11759	905.34	28.634	33.64	31.429	
11760	905.44	28.634	33.64	31.429	
11761	905.54	28.634	33.64	31.43	
11762	905.64	28.634	33.64	31.43	
11763	905.74	28.634	33.64	31.43	
11764	905.84	28.634	33.641	31.43	
11765	905.94	28.634	33.641	31.43	
11766	906.	28.634	33.641	31.43	
11767	906.01	28.635	33.641	31.43	
11768	906.02	28.635	33.641	31.43	
11769	906.05	28.635	33.641	31.43	
11770	906.14	28.635	33.641	31.43	
11771	906.24	28.635	33.641	31.43	
11772	906.34	28.635	33.641	31.431	
11773	906.44	28.635	33.642	31.431	
11774	906.54	28.635	33.642	31.431	
11775	906.64	28.635	33.642	31.431	
11776	906.74	28.635	33.642	31.431	
11777	906.84	28.635	33.642	31.431	
11778	906.94	28.635	33.642	31.431	
11779	907.	28.635	33.642	31.431	
11780	907.01	28.635	33.642	31.431	
11781	907.02	28.635	33.642	31.431	
11782	907.05	28.635	33.642	31.431	
11783	907.14	28.636	33.643	31.432	
11784	907.24	28.636	33.643	31.432	
11785	907.34	28.636	33.643	31.432	
11786	907.44	28.636	33.643	31.432	
11787	907.54	28.636	33.643	31.432	
11788	907.64	28.636	33.643	31.432	
11789	907.74	28.636	33.644	31.432	
11790	907.84	28.636	33.644	31.432	
11791	907.94	28.636	33.644	31.433	
11792	908.	28.636	33.644	31.433	
11793	908.01	28.636	33.644	31.433	
11794	908.02	28.636	33.644	31.433	
11795	908.05	28.636	33.644	31.433	
11796	908.14	28.636	33.644	31.433	
11797	908.24	28.637	33.644	31.433	
11798	908.34	28.637	33.644	31.433	
11799	908.44	28.637	33.645	31.433	
11800	908.54	28.637	33.645	31.433	
11801	908.64	28.637	33.645	31.433	
11802	908.74	28.637	33.645	31.434	
11803	908.84	28.637	33.645	31.434	
11804	908.94	28.637	33.645	31.434	
11805	909.	28.637	33.646	31.434	
11806	909.01	28.637	33.646	31.434	
11807	909.02	28.637	33.646	31.434	
11808	909.05	28.637	33.646	31.434	
11809	909.14	28.637	33.646	31.434	
11810	909.24	28.637	33.646	31.434	
11811	909.34	28.638	33.646	31.434	
11812	909.44	28.638	33.646	31.435	
11813	909.54	28.638	33.646	31.435	
11814	909.64	28.638	33.647	31.435	
11815	909.74	28.638	33.647	31.435	
11816	909.84	28.638	33.647	31.435	
11817	909.94	28.638	33.647	31.435	
11818	910.	28.638	33.647	31.435	
11819	910.01	28.638	33.647	31.435	
11820	910.02	28.638	33.647	31.435	
11821	910.05	28.638	33.647	31.435	
11822	910.14	28.638	33.647	31.435	
11823	910.24	28.638	33.647	31.436	
11824	910.34	28.638	33.648	31.436	
11825	910.44	28.639	33.648	31.436	
11826	910.54	28.639	33.648	31.436	
11827	910.64	28.639	33.648	31.436	
11828	910.74	28.639	33.648	31.436	
11829	910.84	28.639	33.648	31.436	
11830	910.94	28.639	33.649	31.436	
11831	911.	28.639	33.649	31.436	
11832	911.01	28.639	33.649	31.436	
11833	911.02	28.639	33.649	31.437	
11834	911.05	28.639	33.649	31.437	
11835	911.14	28.639	33.649	31.437	
11836	911.24	28.639	33.649	31.437	
11837	911.34	28.639	33.649	31.437	
11838	911.44	28.639	33.649	31.437	
11839	911.54	28.64	33.649	31.437	
11840	911.64	28.64	33.65	31.437	
11841	911.74	28.64	33.65	31.437	
11842	911.84	28.64	33.65	31.438	
11843	911.94	28.64	33.65	31.438	
11844	912.	28.64	33.65	31.438	
11845	912.01	28.64	33.65	31.438	
11846	912.02	28.64	33.65	31.438	
11847	912.05	28.64	33.65	31.438	
11848	912.14	28.64	33.65	31.438	
11849	912.24	28.64	33.651	31.438	
11850	912.34	28.64	33.651	31.438	
11851	912.44	28.64	33.651	31.438	
11852	912.54	28.64	33.651	31.438	
11853	912.64	28.641	33.651	31.439	
11854	912.74	28.641	33.651	31.439	
11855	912.84	28.641	33.652	31.439	
11856	912.94	28.641	33.652	31.439	
11857	913.	28.641	33.652	31.439	
11858	913.01	28.641	33.652	31.439	
11859	913.02	28.641	33.652	31.439	
11860	913.05	28.641	33.652	31.439	
11861	913.14	28.641	33.652	31.439	
11862	913.24	28.641	33.652	31.439	
11863	913.34	28.641	33.652	31.439	
11864	913.44	28.641	33.652	31.44	
11865	913.54	28.641	33.653	31.44	
11866	913.64	28.641	33.653	31.44	
11867	913.74	28.642	33.653	31.44	
11868	913.84	28.642	33.653	31.44	
11869	913.94	28.642	33.653	31.44	
11870	914.	28.642	33.653	31.44	
11871	914.01	28.642	33.653	31.44	
11872	914.02	28.642	33.653	31.44	
11873	914.05	28.642	33.653	31.44	
11874	914.14	28.642	33.654	31.44	
11875	914.24	28.642	33.654	31.441	
11876	914.34	28.642	33.654	31.441	
11877	914.44	28.642	33.654	31.441	
11878	914.54	28.642	33.654	31.441	
11879	914.64	28.642	33.654	31.441	
11880	914.74	28.642	33.654	31.441	
11881	914.84	28.643	33.655	31.441	
11882	914.94	28.643	33.655	31.441	
11883	915.	28.643	33.655	31.442	
11884	915.01	28.643	33.655	31.442	
11885	915.02	28.643	33.655	31.442	
11886	915.05	28.643	33.655	31.442	
11887	915.14	28.643	33.655	31.442	
11888	915.24	28.643	33.655	31.442	
11889	915.34	28.643	33.655	31.442	
11890	915.44	28.643	33.656	31.442	
11891	915.54	28.643	33.656	31.442	
11892	915.64	28.643	33.656	31.442	
11893	915.74	28.643	33.656	31.442	
11894	915.84	28.643	33.656	31.443	
11895	915.94	28.644	33.656	31.443	
11896	916.	28.644	33.656	31.443	
11897	916.01	28.644	33.656	31.443	
11898	916.02	28.644	33.656	31.443	
11899	916.05	28.644	33.657	31.443	
11900	916.14	28.644	33.657	31.443	
11901	916.24	28.644	33.657	31.443	
11902	916.34	28.644	33.657	31.443	
11903	916.44	28.644	33.657	31.443	
11904	916.54	28.644	33.657	31.443	
11905	916.64	28.644	33.657	31.444	
11906	916.74	28.644	33.658	31.444	
11907	916.84	28.644	33.658	31.444	
11908	916.94	28.644	33.658	31.444	
11909	917.	28.644	33.658	31.444	
11910	917.01	28.644	33.658	31.444	
11911	917.02	28.644	33.658	31.444	
11912	917.05	28.645	33.658	31.444	
11913	917.14	28.645	33.658	31.444	
11914	917.24	28.645	33.658	31.444	
11915	917.34	28.645	33.659	31.445	
11916	917.44	28.645	33.659	31.445	
11917	917.54	28.645	33.659	31.445	
11918	917.64	28.645	33.659	31.445	
11919	917.74	28.645	33.659	31.445	
11920	917.84	28.645	33.659	31.445	
11921	917.94	28.645	33.659	31.445	
11922	918.	28.645	33.66	31.445	
11923	918.01	28.645	33.66	31.445	
11924	918.02	28.645	33.66	31.445	
11925	918.05	28.645	33.66	31.445	
11926	918.14	28.646	33.66	31.446	
11927	918.24	28.646	33.66	31.446	
11928	918.34	28.646	33.66	31.446	
11929	918.44	28.646	33.66	31.446	
11930	918.54	28.646	33.66	31.446	
11931	918.64	28.646	33.661	31.446	
11932	918.74	28.646	33.661	31.446	
11933	918.84	28.646	33.661	31.446	
11934	918.94	28.646	33.661	31.447	
11935	919.	28.646	33.661	31.447	
11936	919.01	28.646	33.661	31.447	
11937	919.02	28.646	33.661	31.447	
11938	919.05	28.646	33.661	31.447	
11939	919.14	28.646	33.661	31.447	
11940	919.24	28.647	33.661	31.447	
11941	919.34	28.647	33.662	31.447	
11942	919.44	28.647	33.662	31.447	
11943	919.54	28.647	33.662	31.447	
11944	919.64	28.647	33.662	31.447	
11945	919.74	28.647	33.662	31.448	
11946	919.84	28.647	33.662	31.448	
11947	919.94	28.647	33.663	31.448	
11948	920.	28.647	33.663	31.448	
11949	920.01	28.647	33.663	31.448	
11950	920.02	28.647	33.663	31.448	
11951	920.05	28.647	33.663	31.448	
11952	920.14	28.647	33.663	31.448	
11953	920.24	28.647	33.663	31.448	
11954	920.34	28.647	33.663	31.448	
11955	920.44	28.648	33.663	31.448	
11956	920.54	28.648	33.664	31.449	
11957	920.64	28.648	33.664	31.449	
11958	920.74	28.648	33.664	31.449	
11959	920.84	28.648	33.664	31.449	
11960	920.94	28.648	33.664	31.449	
11961	921.	28.648	33.664	31.449	
11962	921.01	28.648	33.664	31.449	
11963	921.02	28.648	33.664	31.449	
11964	921.05	28.648	33.664	31.449	
11965	921.14	28.648	33.664	31.449	
11966	921.24	28.648	33.665	31.449	
11967	921.34	28.648	33.665	31.45	
11968	921.44	28.648	33.665	31.45	
11969	921.54	28.649	33.665	31.45	
11970	921.64	28.649	33.665	31.45	
11971	921.74	28.649	33.665	31.45	
11972	921.84	28.649	33.666	31.45	
11973	921.94	28.649	33.666	31.45	
11974	922.	28.649	33.666	31.45	
11975	922.01	28.649	33.666	31.45	
11976	922.02	28.649	33.666	31.45	
11977	922.05	28.649	33.666	31.45	
11978	922.14	28.649	33.666	31.451	
11979	922.24	28.649	33.666	31.451	
11980	922.34	28.649	33.666	31.451	
11981	922.44	28.649	33.666	31.451	
11982	922.54	28.649	33.667	31.451	
11983	922.64	28.65	33.667	31.451	
11984	922.74	28.65	33.667	31.451	
11985	922.84	28.65	33.667	31.451	
11986	922.94	28.65	33.667	31.452	
11987	923.	28.65	33.667	31.452	
11988	923.01	28.65	33.667	31.452	
11989	923.02	28.65	33.667	31.452	
11990	923.05	28.65	33.667	31.452	
11991	923.14	28.65	33.668	31.452	
11992	923.24	28.65	33.668	31.452	
11993	923.34	28.65	33.668	31.452	
11994	923.44	28.65	33.668	31.452	
11995	923.54	28.65	33.668	31.452	
11996	923.64	28.65	33.668	31.452	
11997	923.74	28.651	33.669	31.453	
11998	923.84	28.651	33.669	31.453	
11999	923.94	28.651	33.669	31.453	
12000	924.	28.651	33.669	31.453	
12001	924.01	28.651	33.669	31.453	
12002	924.02	28.651	33.669	31.453	
12003	924.05	28.651	33.669	31.453	
12004	924.14	28.651	33.669	31.453	
12005	924.24	28.651	33.669	31.453	
12006	924.34	28.651	33.669	31.453	
12007	924.44	28.651	33.67	31.453	
12008	924.54	28.651	33.67	31.454	
12009	924.64	28.651	33.67	31.454	
12010	924.74	28.651	33.67	31.454	
12011	924.84	28.652	33.67	31.454	
12012	924.94	28.652	33.67	31.454	
12013	925.	28.652	33.67	31.454	
12014	925.01	28.652	33.67	31.454	
12015	925.02	28.652	33.671	31.454	
12016	925.05	28.652	33.671	31.454	
12017	925.14	28.652	33.671	31.454	
12018	925.24	28.652	33.671	31.454	
12019	925.34	28.652	33.671	31.455	
12020	925.44	28.652	33.671	31.455	
12021	925.54	28.652	33.671	31.455	
12022	925.64	28.652	33.671	31.455	
12023	925.74	28.652	33.672	31.455	
12024	925.84	28.652	33.672	31.455	
12025	925.94	28.653	33.672	31.455	
12026	926.	28.653	33.672	31.455	
12027	926.01	28.653	33.672	31.455	
12028	926.02	28.653	33.672	31.455	
12029	926.05	28.653	33.672	31.456	
12030	926.14	28.653	33.672	31.456	
12031	926.24	28.653	33.672	31.456	
12032	926.34	28.653	33.673	31.456	
12033	926.44	28.653	33.673	31.456	
12034	926.54	28.653	33.673	31.456	
12035	926.64	28.653	33.673	31.456	
12036	926.74	28.653	33.673	31.456	
12037	926.84	28.653	33.673	31.457	
12038	926.94	28.653	33.674	31.457	
12039	927.	28.654	33.674	31.457	
12040	927.01	28.654	33.674	31.457	
12041	927.02	28.654	33.674	31.457	
12042	927.05	28.654	33.674	31.457	
12043	927.14	28.654	33.674	31.457	
12044	927.24	28.654	33.674	31.457	
12045	927.34	28.654	33.674	31.457	
12046	927.44	28.654	33.674	31.457	
12047	927.54	28.654	33.674	31.457	
12048	927.64	28.654	33.675	31.458	
12049	927.74	28.654	33.675	31.458	
12050	927.84	28.654	33.675	31.458	
12051	927.94	28.654	33.675	31.458	
12052	928.	28.654	33.675	31.458	
12053	928.01	28.654	33.675	31.458	
12054	928.02	28.654	33.675	31.458	
12055	928.05	28.654	33.675	31.458	
12056	928.14	28.655	33.675	31.458	
12057	928.24	28.655	33.676	31.458	
12058	928.34	28.655	33.676	31.458	
12059	928.44	28.655	33.676	31.459	
12060	928.54	28.655	33.676	31.459	
12061	928.64	28.655	33.676	31.459	
12062	928.74	28.655	33.676	31.459	
12063	928.84	28.655	33.676	31.459	
12064	928.94	28.655	33.677	31.459	
12065	929.	28.655	33.677	31.459	
12066	929.01	28.655	33.677	31.459	
12067	929.02	28.655	33.677	31.459	
12068	929.05	28.655	33.677	31.459	
12069	929.14	28.655	33.677	31.459	
12070	929.24	28.656	33.677	31.46	
12071	929.34	28.656	33.677	31.46	
12072	929.44	28.656	33.677	31.46	
12073	929.54	28.656	33.678	31.46	
12074	929.64	28.656	33.678	31.46	
12075	929.74	28.656	33.678	31.46	
12076	929.84	28.656	33.678	31.46	
12077	929.94	28.656	33.678	31.46	
12078	930.	28.656	33.678	31.461	
12079	930.01	28.656	33.678	31.461	
12080	930.02	28.656	33.678	31.461	
12081	930.05	28.656	33.678	31.461	
12082	930.14	28.656	33.678	31.461	
12083	930.24	28.656	33.679	31.461	
12084	930.34	28.657	33.679	31.461	
12085	930.44	28.657	33.679	31.461	
12086	930.54	28.657	33.679	31.461	
12087	930.64	28.657	33.679	31.461	
12088	930.74	28.657	33.679	31.461	
12089	930.84	28.657	33.68	31.462	
12090	930.94	28.657	33.68	31.462	
12091	931.	28.657	33.68	31.462	
12092	931.01	28.657	33.68	31.462	
12093	931.02	28.657	33.68	31.462	
12094	931.05	28.657	33.68	31.462	
12095	931.14	28.657	33.68	31.462	
12096	931.24	28.657	33.68	31.462	
12097	931.34	28.657	33.68	31.462	
12098	931.44	28.658	33.681	31.462	
12099	931.54	28.658	33.681	31.462	
12100	931.64	28.658	33.681	31.463	
12101	931.74	28.658	33.681	31.463	
12102	931.84	28.658	33.681	31.463	
12103	931.94	28.658	33.681	31.463	
12104	932.	28.658	33.681	31.463	
12105	932.01	28.658	33.681	31.463	
12106	932.02	28.658	33.681	31.463	
12107	932.05	28.658	33.681	31.463	
12108	932.14	28.658	33.682	31.463	
12109	932.24	28.658	33.682	31.463	
12110	932.34	28.658	33.682	31.463	
12111	932.44	28.658	33.682	31.464	
12112	932.54	28.659	33.682	31.464	
12113	932.64	28.659	33.682	31.464	
12114	932.74	28.659	33.683	31.464	
12115	932.84	28.659	33.683	31.464	
12116	932.94	28.659	33.683	31.464	
12117	933.	28.659	33.683	31.464	
12118	933.01	28.659	33.683	31.464	
12119	933.02	28.659	33.683	31.464	
12120	933.05	28.659	33.683	31.464	
12121	933.14	28.659	33.683	31.464	
12122	933.24	28.659	33.683	31.465	
12123	933.34	28.659	33.683	31.465	
12124	933.44	28.659	33.684	31.465	
12125	933.54	28.659	33.684	31.465	
12126	933.64	28.66	33.684	31.465	
12127	933.74	28.66	33.684	31.465	
12128	933.84	28.66	33.684	31.465	
12129	933.94	28.66	33.684	31.466	
12130	934.	28.66	33.685	31.466	
12131	934.01	28.66	33.685	31.466	
12132	934.02	28.66	33.685	31.466	
12133	934.05	28.66	33.685	31.466	
12134	934.14	28.66	33.685	31.466	
12135	934.24	28.66	33.685	31.466	
12136	934.34	28.66	33.685	31.466	
12137	934.44	28.66	33.685	31.466	
12138	934.54	28.66	33.685	31.466	
12139	934.64	28.66	33.686	31.466	
12140	934.74	28.661	33.686	31.467	
12141	934.84	28.661	33.686	31.467	
12142	934.94	28.661	33.686	31.467	
12143	935.	28.661	33.686	31.467	
12144	935.01	28.661	33.686	31.467	
12145	935.02	28.661	33.686	31.467	
12146	935.05	28.661	33.686	31.467	
12147	935.14	28.661	33.686	31.467	
12148	935.24	28.661	33.686	31.467	
12149	935.34	28.661	33.687	31.467	
12150	935.44	28.661	33.687	31.467	
12151	935.54	28.661	33.687	31.468	
12152	935.64	28.661	33.687	31.468	
12153	935.74	28.661	33.687	31.468	
12154	935.84	28.662	33.687	31.468	
12155	935.94	28.662	33.688	31.468	
12156	936.	28.662	33.688	31.468	
12157	936.01	28.662	33.688	31.468	
12158	936.02	28.662	33.688	31.468	
12159	936.05	28.662	33.688	31.468	
12160	936.14	28.662	33.688	31.468	
12161	936.24	28.662	33.688	31.468	
12162	936.34	28.662	33.688	31.469	
12163	936.44	28.662	33.688	31.469	
12164	936.54	28.662	33.688	31.469	
12165	936.64	28.662	33.689	31.469	
12166	936.74	28.662	33.689	31.469	
12167	936.84	28.662	33.689	31.469	
12168	936.94	28.663	33.689	31.469	
12169	937.	28.663	33.689	31.469	
12170	937.01	28.663	33.689	31.469	
12171	937.02	28.663	33.689	31.469	
12172	937.05	28.663	33.689	31.469	
12173	937.14	28.663	33.689	31.47	
12174	937.24	28.663	33.69	31.47	
12175	937.34	28.663	33.69	31.47	
12176	937.44	28.663	33.69	31.47	
12177	937.54	28.663	33.69	31.47	
12178	937.64	28.663	33.69	31.47	
12179	937.74	28.663	33.69	31.47	
12180	937.84	28.663	33.691	31.47	
12181	937.94	28.663	33.691	31.471	
12182	938.	28.663	33.691	31.471	
12183	938.01	28.663	33.691	31.471	
12184	938.02	28.663	33.691	31.471	
12185	938.05	28.664	33.691	31.471	
12186	938.14	28.664	33.691	31.471	
12187	938.24	28.664	33.691	31.471	
12188	938.34	28.664	33.691	31.471	
12189	938.44	28.664	33.691	31.471	
12190	938.54	28.664	33.692	31.471	
12191	938.64	28.664	33.692	31.471	
12192	938.74	28.664	33.692	31.472	
12193	938.84	28.664	33.692	31.472	
12194	938.94	28.664	33.692	31.472	
12195	939.	28.664	33.692	31.472	
12196	939.01	28.664	33.692	31.472	
12197	939.02	28.664	33.692	31.472	
12198	939.05	28.664	33.692	31.472	
12199	939.14	28.665	33.693	31.472	
12200	939.24	28.665	33.693	31.472	
12201	939.34	28.665	33.693	31.472	
12202	939.44	28.665	33.693	31.472	
12203	939.54	28.665	33.693	31.473	
12204	939.64	28.665	33.693	31.473	
12205	939.74	28.665	33.693	31.473	
12206	939.84	28.665	33.694	31.473	
12207	939.94	28.665	33.694	31.473	
12208	940.	28.665	33.694	31.473	
12209	940.01	28.665	33.694	31.473	
12210	940.02	28.665	33.694	31.473	
12211	940.05	28.665	33.694	31.473	
12212	940.14	28.665	33.694	31.473	
12213	940.24	28.665	33.694	31.473	
12214	940.34	28.666	33.694	31.474	
12215	940.44	28.666	33.695	31.474	
12216	940.54	28.666	33.695	31.474	
12217	940.64	28.666	33.695	31.474	
12218	940.74	28.666	33.695	31.474	
12219	940.84	28.666	33.695	31.474	
12220	940.94	28.666	33.695	31.474	
12221	941.	28.666	33.695	31.474	
12222	941.01	28.666	33.695	31.474	
12223	941.02	28.666	33.695	31.474	
12224	941.05	28.666	33.696	31.474	
12225	941.14	28.666	33.696	31.475	
12226	941.24	28.666	33.696	31.475	
12227	941.34	28.666	33.696	31.475	
12228	941.44	28.667	33.696	31.475	
12229	941.54	28.667	33.696	31.475	
12230	941.64	28.667	33.696	31.475	
12231	941.74	28.667	33.697	31.475	
12232	941.84	28.667	33.697	31.475	
12233	941.94	28.667	33.697	31.476	
12234	942.	28.667	33.697	31.476	
12235	942.01	28.667	33.697	31.476	
12236	942.02	28.667	33.697	31.476	
12237	942.05	28.667	33.697	31.476	
12238	942.14	28.667	33.697	31.476	
12239	942.24	28.667	33.697	31.476	
12240	942.34	28.667	33.698	31.476	
12241	942.44	28.667	33.698	31.476	
12242	942.54	28.668	33.698	31.476	
12243	942.64	28.668	33.698	31.477	
12244	942.74	28.668	33.698	31.477	
12245	942.84	28.668	33.698	31.477	
12246	942.94	28.668	33.698	31.477	
12247	943.	28.668	33.699	31.477	
12248	943.01	28.668	33.699	31.477	
12249	943.02	28.668	33.699	31.477	
12250	943.05	28.668	33.699	31.477	
12251	943.14	28.668	33.699	31.477	
12252	943.24	28.668	33.699	31.477	
12253	943.34	28.668	33.699	31.477	
12254	943.44	28.668	33.699	31.478	
12255	943.54	28.668	33.699	31.478	
12256	943.64	28.669	33.7	31.478	
12257	943.74	28.669	33.7	31.478	
12258	943.84	28.669	33.7	31.478	
12259	943.94	28.669	33.7	31.478	
12260	944.	28.669	33.7	31.478	
12261	944.01	28.669	33.7	31.478	
12262	944.02	28.669	33.7	31.478	
12263	944.05	28.669	33.7	31.478	
12264	944.14	28.669	33.7	31.478	
12265	944.24	28.669	33.7	31.479	
12266	944.34	28.669	33.701	31.479	
12267	944.44	28.669	33.701	31.479	
12268	944.54	28.669	33.701	31.479	
12269	944.64	28.669	33.701	31.479	
12270	944.74	28.67	33.701	31.479	
12271	944.84	28.67	33.701	31.479	
12272	944.94	28.67	33.702	31.479	
12273	945.	28.67	33.702	31.479	
12274	945.01	28.67	33.702	31.479	
12275	945.02	28.67	33.702	31.48	
12276	945.05	28.67	33.702	31.48	
12277	945.14	28.67	33.702	31.48	
12278	945.24	28.67	33.702	31.48	
12279	945.34	28.67	33.702	31.48	
12280	945.44	28.67	33.702	31.48	
12281	945.54	28.67	33.703	31.48	
12282	945.64	28.67	33.703	31.48	
12283	945.74	28.67	33.703	31.48	
12284	945.84	28.671	33.703	31.481	
12285	945.94	28.671	33.703	31.481	
12286	946.	28.671	33.703	31.481	
12287	946.01	28.671	33.703	31.481	
12288	946.02	28.671	33.703	31.481	
12289	946.05	28.671	33.703	31.481	
12290	946.14	28.671	33.703	31.481	
12291	946.24	28.671	33.704	31.481	
12292	946.34	28.671	33.704	31.481	
12293	946.44	28.671	33.704	31.481	
12294	946.54	28.671	33.704	31.481	
12295	946.64	28.671	33.704	31.482	
12296	946.74	28.671	33.704	31.482	
12297	946.84	28.671	33.705	31.482	
12298	946.94	28.672	33.705	31.482	
12299	947.	28.672	33.705	31.482	
12300	947.01	28.672	33.705	31.482	
12301	947.02	28.672	33.705	31.482	
12302	947.05	28.672	33.705	31.482	
12303	947.14	28.672	33.705	31.482	
12304	947.24	28.672	33.705	31.482	
12305	947.34	28.672	33.705	31.482	
12306	947.44	28.672	33.705	31.483	
12307	947.54	28.672	33.706	31.483	
12308	947.64	28.672	33.706	31.483	
12309	947.74	28.672	33.706	31.483	
12310	947.84	28.672	33.706	31.483	
12311	947.94	28.672	33.706	31.483	
12312	948.	28.673	33.706	31.483	
12313	948.01	28.673	33.706	31.483	
12314	948.02	28.673	33.706	31.483	
12315	948.05	28.673	33.706	31.483	
12316	948.14	28.673	33.707	31.483	
12317	948.24	28.673	33.707	31.484	
12318	948.34	28.673	33.707	31.484	
12319	948.44	28.673	33.707	31.484	
12320	948.54	28.673	33.707	31.484	
12321	948.64	28.673	33.707	31.484	
12322	948.74	28.673	33.707	31.484	
12323	948.84	28.673	33.708	31.484	
12324	948.94	28.673	33.708	31.484	
12325	949.	28.673	33.708	31.485	
12326	949.01	28.673	33.708	31.485	
12327	949.02	28.673	33.708	31.485	
12328	949.05	28.673	33.708	31.485	
12329	949.14	28.674	33.708	31.485	
12330	949.24	28.674	33.708	31.485	
12331	949.34	28.674	33.708	31.485	
12332	949.44	28.674	33.709	31.485	
12333	949.54	28.674	33.709	31.485	
12334	949.64	28.674	33.709	31.485	
12335	949.74	28.674	33.709	31.485	
12336	949.84	28.674	33.709	31.486	
12337	949.94	28.674	33.709	31.486	
12338	950.	28.674	33.709	31.486	
12339	950.01	28.674	33.709	31.486	
12340	950.02	28.674	33.709	31.486	
12341	950.05	28.674	33.71	31.486	
12342	950.14	28.674	33.71	31.486	
12343	950.24	28.675	33.71	31.486	
12344	950.34	28.675	33.71	31.486	
12345	950.44	28.675	33.71	31.486	
12346	950.54	28.675	33.71	31.486	
12347	950.64	28.675	33.71	31.487	
12348	950.74	28.675	33.711	31.487	
12349	950.84	28.675	33.711	31.487	
12350	950.94	28.675	33.711	31.487	
12351	951.	28.675	33.711	31.487	
12352	951.01	28.675	33.711	31.487	
12353	951.02	28.675	33.711	31.487	
12354	951.05	28.675	33.711	31.487	
12355	951.14	28.675	33.711	31.487	
12356	951.24	28.675	33.711	31.487	
12357	951.34	28.676	33.712	31.487	
12358	951.44	28.676	33.712	31.488	
12359	951.54	28.676	33.712	31.488	
12360	951.64	28.676	33.712	31.488	
12361	951.74	28.676	33.712	31.488	
12362	951.84	28.676	33.712	31.488	
12363	951.94	28.676	33.712	31.488	
12364	952.	28.676	33.713	31.488	
12365	952.01	28.676	33.713	31.488	
12366	952.02	28.676	33.713	31.488	
12367	952.05	28.676	33.713	31.488	
12368	952.14	28.676	33.713	31.489	
12369	952.24	28.676	33.713	31.489	
12370	952.34	28.676	33.713	31.489	
12371	952.44	28.677	33.713	31.489	
12372	952.54	28.677	33.713	31.489	
12373	952.64	28.677	33.714	31.489	
12374	952.74	28.677	33.714	31.489	
12375	952.84	28.677	33.714	31.489	
12376	952.94	28.677	33.714	31.49	
12377	953.	28.677	33.714	31.49	
12378	953.01	28.677	33.714	31.49	
12379	953.02	28.677	33.714	31.49	
12380	953.05	28.677	33.714	31.49	
12381	953.14	28.677	33.714	31.49	
12382	953.24	28.677	33.715	31.49	
12383	953.34	28.677	33.715	31.49	
12384	953.44	28.677	33.715	31.49	
12385	953.54	28.678	33.715	31.49	
12386	953.64	28.678	33.715	31.49	
12387	953.74	28.678	33.715	31.491	
12388	953.84	28.678	33.715	31.491	
12389	953.94	28.678	33.716	31.491	
12390	954.	28.678	33.716	31.491	
12391	954.01	28.678	33.716	31.491	
12392	954.02	28.678	33.716	31.491	
12393	954.05	28.678	33.716	31.491	
12394	954.14	28.678	33.716	31.491	
12395	954.24	28.678	33.716	31.491	
12396	954.34	28.678	33.716	31.491	
12397	954.44	28.678	33.716	31.491	
12398	954.54	28.678	33.717	31.492	
12399	954.64	28.678	33.717	31.492	
12400	954.74	28.679	33.717	31.492	
12401	954.84	28.679	33.717	31.492	
12402	954.94	28.679	33.717	31.492	
12403	955.	28.679	33.717	31.492	
12404	955.01	28.679	33.717	31.492	
12405	955.02	28.679	33.717	31.492	
12406	955.05	28.679	33.717	31.492	
12407	955.14	28.679	33.717	31.492	
12408	955.24	28.679	33.718	31.492	
12409	955.34	28.679	33.718	31.493	
12410	955.44	28.679	33.718	31.493	
12411	955.54	28.679	33.718	31.493	
12412	955.64	28.679	33.718	31.493	
12413	955.74	28.679	33.718	31.493	
12414	955.84	28.68	33.719	31.493	
12415	955.94	28.68	33.719	31.493	
12416	956.	28.68	33.719	31.493	
12417	956.01	28.68	33.719	31.493	
12418	956.02	28.68	33.719	31.493	
12419	956.05	28.68	33.719	31.493	
12420	956.14	28.68	33.719	31.494	
12421	956.24	28.68	33.719	31.494	
12422	956.34	28.68	33.719	31.494	
12423	956.44	28.68	33.72	31.494	
12424	956.54	28.68	33.72	31.494	
12425	956.64	28.68	33.72	31.494	
12426	956.74	28.68	33.72	31.494	
12427	956.84	28.68	33.72	31.494	
12428	956.94	28.681	33.72	31.495	
12429	957.	28.681	33.72	31.495	
12430	957.01	28.681	33.72	31.495	
12431	957.02	28.681	33.72	31.495	
12432	957.05	28.681	33.72	31.495	
12433	957.14	28.681	33.721	31.495	
12434	957.24	28.681	33.721	31.495	
12435	957.34	28.681	33.721	31.495	
12436	957.44	28.681	33.721	31.495	
12437	957.54	28.681	33.721	31.495	
12438	957.64	28.681	33.721	31.495	
12439	957.74	28.681	33.722	31.496	
12440	957.84	28.681	33.722	31.496	
12441	957.94	28.681	33.722	31.496	
12442	958.	28.682	33.722	31.496	
12443	958.01	28.682	33.722	31.496	
12444	958.02	28.682	33.722	31.496	
12445	958.05	28.682	33.722	31.496	
12446	958.14	28.682	33.722	31.496	
12447	958.24	28.682	33.722	31.496	
12448	958.34	28.682	33.722	31.496	
12449	958.44	28.682	33.723	31.496	
12450	958.54	28.682	33.723	31.497	
12451	958.64	28.682	33.723	31.497	
12452	958.74	28.682	33.723	31.497	
12453	958.84	28.682	33.723	31.497	
12454	958.94	28.682	33.723	31.497	
12455	959.	28.682	33.723	31.497	
12456	959.01	28.682	33.724	31.497	
12457	959.02	28.682	33.724	31.497	
12458	959.05	28.682	33.724	31.497	
12459	959.14	28.683	33.724	31.497	
12460	959.24	28.683	33.724	31.497	
12461	959.34	28.683	33.724	31.498	
12462	959.44	28.683	33.724	31.498	
12463	959.54	28.683	33.724	31.498	
12464	959.64	28.683	33.724	31.498	
12465	959.74	28.683	33.725	31.498	
12466	959.84	28.683	33.725	31.498	
12467	959.94	28.683	33.725	31.498	
12468	960.	28.683	33.725	31.498	
12469	960.01	28.683	33.725	31.498	
12470	960.02	28.683	33.725	31.498	
12471	960.05	28.683	33.725	31.499	
12472	960.14	28.683	33.725	31.499	
12473	960.24	28.684	33.725	31.499	
12474	960.34	28.684	33.726	31.499	
12475	960.44	28.684	33.726	31.499	
12476	960.54	28.684	33.726	31.499	
12477	960.64	28.684	33.726	31.499	
12478	960.74	28.684	33.726	31.499	
12479	960.84	28.684	33.726	31.499	
12480	960.94	28.684	33.727	31.5	
12481	961.	28.684	33.727	31.5	
12482	961.01	28.684	33.727	31.5	
12483	961.02	28.684	33.727	31.5	
12484	961.05	28.684	33.727	31.5	
12485	961.14	28.684	33.727	31.5	
12486	961.24	28.684	33.727	31.5	
12487	961.34	28.685	33.727	31.5	
12488	961.44	28.685	33.727	31.5	
12489	961.54	28.685	33.727	31.5	
12490	961.64	28.685	33.728	31.501	
12491	961.74	28.685	33.728	31.501	
12492	961.84	28.685	33.728	31.501	
12493	961.94	28.685	33.728	31.501	
12494	962.	28.685	33.728	31.501	
12495	962.01	28.685	33.728	31.501	
12496	962.02	28.685	33.728	31.501	
12497	962.05	28.685	33.728	31.501	
12498	962.14	28.685	33.728	31.501	
12499	962.24	28.685	33.729	31.501	
12500	962.34	28.685	33.729	31.501	
12501	962.44	28.686	33.729	31.502	
12502	962.54	28.686	33.729	31.502	
12503	962.64	28.686	33.729	31.502	
12504	962.74	28.686	33.729	31.502	
12505	962.84	28.686	33.729	31.502	
12506	962.94	28.686	33.73	31.502	
12507	963.	28.686	33.73	31.502	
12508	963.01	28.686	33.73	31.502	
12509	963.02	28.686	33.73	31.502	
12510	963.05	28.686	33.73	31.502	
12511	963.14	28.686	33.73	31.502	
12512	963.24	28.686	33.73	31.503	
12513	963.34	28.686	33.73	31.503	
12514	963.44	28.686	33.73	31.503	
12515	963.54	28.687	33.731	31.503	
12516	963.64	28.687	33.731	31.503	
12517	963.74	28.687	33.731	31.503	
12518	963.84	28.687	33.731	31.503	
12519	963.94	28.687	33.731	31.503	
12520	964.	28.687	33.731	31.503	
12521	964.01	28.687	33.731	31.504	
12522	964.02	28.687	33.731	31.504	
12523	964.05	28.687	33.731	31.504	
12524	964.14	28.687	33.732	31.504	
12525	964.24	28.687	33.732	31.504	
12526	964.34	28.687	33.732	31.504	
12527	964.44	28.687	33.732	31.504	
12528	964.54	28.687	33.732	31.504	
12529	964.64	28.688	33.732	31.504	
12530	964.74	28.688	33.732	31.504	
12531	964.84	28.688	33.733	31.505	
12532	964.94	28.688	33.733	31.505	
12533	965.	28.688	33.733	31.505	
12534	965.01	28.688	33.733	31.505	
12535	965.02	28.688	33.733	31.505	
12536	965.05	28.688	33.733	31.505	
12537	965.14	28.688	33.733	31.505	
12538	965.24	28.688	33.733	31.505	
12539	965.34	28.688	33.733	31.505	
12540	965.44	28.688	33.734	31.505	
12541	965.54	28.688	33.734	31.505	
12542	965.64	28.688	33.734	31.506	
12543	965.74	28.688	33.734	31.506	
12544	965.84	28.689	33.734	31.506	
12545	965.94	28.689	33.734	31.506	
12546	966.	28.689	33.734	31.506	
12547	966.01	28.689	33.734	31.506	
12548	966.02	28.689	33.734	31.506	
12549	966.05	28.689	33.734	31.506	
12550	966.14	28.689	33.735	31.506	
12551	966.24	28.689	33.735	31.506	
12552	966.34	28.689	33.735	31.506	
12553	966.44	28.689	33.735	31.507	
12554	966.54	28.689	33.735	31.507	
12555	966.64	28.689	33.735	31.507	
12556	966.74	28.689	33.736	31.507	
12557	966.84	28.689	33.736	31.507	
12558	966.94	28.69	33.736	31.507	
12559	967.	28.69	33.736	31.507	
12560	967.01	28.69	33.736	31.507	
12561	967.02	28.69	33.736	31.507	
12562	967.05	28.69	33.736	31.507	
12563	967.14	28.69	33.736	31.507	
12564	967.24	28.69	33.736	31.508	
12565	967.34	28.69	33.736	31.508	
12566	967.44	28.69	33.737	31.508	
12567	967.54	28.69	33.737	31.508	
12568	967.64	28.69	33.737	31.508	
12569	967.74	28.69	33.737	31.508	
12570	967.84	28.69	33.737	31.508	
12571	967.94	28.69	33.737	31.508	
12572	968.	28.691	33.738	31.509	
12573	968.01	28.691	33.738	31.509	
12574	968.02	28.691	33.738	31.509	
12575	968.05	28.691	33.738	31.509	
12576	968.14	28.691	33.738	31.509	
12577	968.24	28.691	33.738	31.509	
12578	968.34	28.691	33.738	31.509	
12579	968.44	28.691	33.738	31.509	
12580	968.54	28.691	33.738	31.509	
12581	968.64	28.691	33.739	31.509	
12582	968.74	28.691	33.739	31.509	
12583	968.84	28.691	33.739	31.51	
12584	968.94	28.691	33.739	31.51	
12585	969.	28.691	33.739	31.51	
12586	969.01	28.691	33.739	31.51	
12587	969.02	28.691	33.739	31.51	
12588	969.05	28.691	33.739	31.51	
12589	969.14	28.692	33.739	31.51	
12590	969.24	28.692	33.739	31.51	
12591	969.34	28.692	33.74	31.51	
12592	969.44	28.692	33.74	31.51	
12593	969.54	28.692	33.74	31.51	
12594	969.64	28.692	33.74	31.511	
12595	969.74	28.692	33.74	31.511	
12596	969.84	28.692	33.74	31.511	
12597	969.94	28.692	33.741	31.511	
12598	970.	28.692	33.741	31.511	
12599	970.01	28.692	33.741	31.511	
12600	970.02	28.692	33.741	31.511	
12601	970.05	28.692	33.741	31.511	
12602	970.14	28.692	33.741	31.511	
12603	970.24	28.693	33.741	31.511	
12604	970.34	28.693	33.741	31.511	
12605	970.44	28.693	33.741	31.512	
12606	970.54	28.693	33.741	31.512	
12607	970.64	28.693	33.742	31.512	
12608	970.74	28.693	33.742	31.512	
12609	970.84	28.693	33.742	31.512	
12610	970.94	28.693	33.742	31.512	
12611	971.	28.693	33.742	31.512	
12612	971.01	28.693	33.742	31.512	
12613	971.02	28.693	33.742	31.512	
12614	971.05	28.693	33.742	31.512	
12615	971.14	28.693	33.742	31.513	
12616	971.24	28.693	33.743	31.513	
12617	971.34	28.694	33.743	31.513	
12618	971.44	28.694	33.743	31.513	
12619	971.54	28.694	33.743	31.513	
12620	971.64	28.694	33.743	31.513	
12621	971.74	28.694	33.743	31.513	
12622	971.84	28.694	33.744	31.513	
12623	971.94	28.694	33.744	31.514	
12624	972.	28.694	33.744	31.514	
12625	972.01	28.694	33.744	31.514	
12626	972.02	28.694	33.744	31.514	
12627	972.05	28.694	33.744	31.514	
12628	972.14	28.694	33.744	31.514	
12629	972.24	28.694	33.744	31.514	
12630	972.34	28.694	33.744	31.514	
12631	972.44	28.695	33.744	31.514	
12632	972.54	28.695	33.745	31.514	
12633	972.64	28.695	33.745	31.514	
12634	972.74	28.695	33.745	31.515	
12635	972.84	28.695	33.745	31.515	
12636	972.94	28.695	33.745	31.515	
12637	973.	28.695	33.745	31.515	
12638	973.01	28.695	33.745	31.515	
12639	973.02	28.695	33.745	31.515	
12640	973.05	28.695	33.745	31.515	
12641	973.14	28.695	33.746	31.515	
12642	973.24	28.695	33.746	31.515	
12643	973.34	28.695	33.746	31.515	
12644	973.44	28.695	33.746	31.515	
12645	973.54	28.696	33.746	31.516	
12646	973.64	28.696	33.746	31.516	
12647	973.74	28.696	33.746	31.516	
12648	973.84	28.696	33.747	31.516	
12649	973.94	28.696	33.747	31.516	
12650	974.	28.696	33.747	31.516	
12651	974.01	28.696	33.747	31.516	
12652	974.02	28.696	33.747	31.516	
12653	974.05	28.696	33.747	31.516	
12654	974.14	28.696	33.747	31.516	
12655	974.24	28.696	33.747	31.516	
12656	974.34	28.696	33.747	31.517	
12657	974.44	28.696	33.748	31.517	
12658	974.54	28.696	33.748	31.517	
12659	974.64	28.697	33.748	31.517	
12660	974.74	28.697	33.748	31.517	
12661	974.84	28.697	33.748	31.517	
12662	974.94	28.697	33.748	31.517	
12663	975.	28.697	33.748	31.517	
12664	975.01	28.697	33.748	31.517	
12665	975.02	28.697	33.748	31.517	
12666	975.05	28.697	33.749	31.517	
12667	975.14	28.697	33.749	31.518	
12668	975.24	28.697	33.749	31.518	
12669	975.34	28.697	33.749	31.518	
12670	975.44	28.697	33.749	31.518	
12671	975.54	28.697	33.749	31.518	
12672	975.64	28.697	33.749	31.518	
12673	975.74	28.697	33.75	31.518	
12674	975.84	28.698	33.75	31.518	
12675	975.94	28.698	33.75	31.519	
12676	976.	28.698	33.75	31.519	
12677	976.01	28.698	33.75	31.519	
12678	976.02	28.698	33.75	31.519	
12679	976.05	28.698	33.75	31.519	
12680	976.14	28.698	33.75	31.519	
12681	976.24	28.698	33.75	31.519	
12682	976.34	28.698	33.751	31.519	
12683	976.44	28.698	33.751	31.519	
12684	976.54	28.698	33.751	31.519	
12685	976.64	28.698	33.751	31.519	
12686	976.74	28.698	33.751	31.52	
12687	976.84	28.698	33.751	31.52	
12688	976.94	28.699	33.751	31.52	
12689	977.	28.699	33.752	31.52	
12690	977.01	28.699	33.752	31.52	
12691	977.02	28.699	33.752	31.52	
12692	977.05	28.699	33.752	31.52	
12693	977.14	28.699	33.752	31.52	
12694	977.24	28.699	33.752	31.52	
12695	977.34	28.699	33.752	31.52	
12696	977.44	28.699	33.752	31.52	
12697	977.54	28.699	33.752	31.521	
12698	977.64	28.699	33.753	31.521	
12699	977.74	28.699	33.753	31.521	
12700	977.84	28.699	33.753	31.521	
12701	977.94	28.699	33.753	31.521	
12702	978.	28.7	33.753	31.521	
12703	978.01	28.7	33.753	31.521	
12704	978.02	28.7	33.753	31.521	
12705	978.05	28.7	33.753	31.521	
12706	978.14	28.7	33.753	31.521	
12707	978.24	28.7	33.753	31.521	
12708	978.34	28.7	33.754	31.522	
12709	978.44	28.7	33.754	31.522	
12710	978.54	28.7	33.754	31.522	
12711	978.64	28.7	33.754	31.522	
12712	978.74	28.7	33.754	31.522	
12713	978.84	28.7	33.754	31.522	
12714	978.94	28.7	33.755	31.522	
12715	979.	28.7	33.755	31.522	
12716	979.01	28.7	33.755	31.522	
12717	979.02	28.7	33.755	31.522	
12718	979.05	28.7	33.755	31.522	
12719	979.14	28.701	33.755	31.523	
12720	979.24	28.701	33.755	31.523	
12721	979.34	28.701	33.755	31.523	
12722	979.44	28.701	33.755	31.523	
12723	979.54	28.701	33.756	31.523	
12724	979.64	28.701	33.756	31.523	
12725	979.74	28.701	33.756	31.523	
12726	979.84	28.701	33.756	31.523	
12727	979.94	28.701	33.756	31.524	
12728	980.	28.701	33.756	31.524	
12729	980.01	28.701	33.756	31.524	
12730	980.02	28.701	33.756	31.524	
12731	980.05	28.701	33.756	31.524	
12732	980.14	28.701	33.756	31.524	
12733	980.24	28.702	33.757	31.524	
12734	980.34	28.702	33.757	31.524	
12735	980.44	28.702	33.757	31.524	
12736	980.54	28.702	33.757	31.524	
12737	980.64	28.702	33.757	31.524	
12738	980.74	28.702	33.757	31.525	
12739	980.84	28.702	33.758	31.525	
12740	980.94	28.702	33.758	31.525	
12741	981.	28.702	33.758	31.525	
12742	981.01	28.702	33.758	31.525	
12743	981.02	28.702	33.758	31.525	
12744	981.05	28.702	33.758	31.525	
12745	981.14	28.702	33.758	31.525	
12746	981.24	28.702	33.758	31.525	
12747	981.34	28.703	33.758	31.525	
12748	981.44	28.703	33.758	31.526	
12749	981.54	28.703	33.759	31.526	
12750	981.64	28.703	33.759	31.526	
12751	981.74	28.703	33.759	31.526	
12752	981.84	28.703	33.759	31.526	
12753	981.94	28.703	33.759	31.526	
12754	982.	28.703	33.759	31.526	
12755	982.01	28.703	33.759	31.526	
12756	982.02	28.703	33.759	31.526	
12757	982.05	28.703	33.759	31.526	
12758	982.14	28.703	33.76	31.526	
12759	982.24	28.703	33.76	31.527	
12760	982.34	28.703	33.76	31.527	
12761	982.44	28.704	33.76	31.527	
12762	982.54	28.704	33.76	31.527	
12763	982.64	28.704	33.76	31.527	
12764	982.74	28.704	33.761	31.527	
12765	982.84	28.704	33.761	31.527	
12766	982.94	28.704	33.761	31.527	
12767	983.	28.704	33.761	31.527	
12768	983.01	28.704	33.761	31.527	
12769	983.02	28.704	33.761	31.528	
12770	983.05	28.704	33.761	31.528	
12771	983.14	28.704	33.761	31.528	
12772	983.24	28.704	33.761	31.528	
12773	983.34	28.704	33.761	31.528	
12774	983.44	28.704	33.762	31.528	
12775	983.54	28.705	33.762	31.528	
12776	983.64	28.705	33.762	31.528	
12777	983.74	28.705	33.762	31.528	
12778	983.84	28.705	33.762	31.529	
12779	983.94	28.705	33.762	31.529	
12780	984.	28.705	33.762	31.529	
12781	984.01	28.705	33.762	31.529	
12782	984.02	28.705	33.763	31.529	
12783	984.05	28.705	33.763	31.529	
12784	984.14	28.705	33.763	31.529	
12785	984.24	28.705	33.763	31.529	
12786	984.34	28.705	33.763	31.529	
12787	984.44	28.705	33.763	31.529	
12788	984.54	28.705	33.763	31.529	
12789	984.64	28.705	33.763	31.53	
12790	984.74	28.706	33.764	31.53	
12791	984.84	28.706	33.764	31.53	
12792	984.94	28.706	33.764	31.53	
12793	985.	28.706	33.764	31.53	
12794	985.01	28.706	33.764	31.53	
12795	985.02	28.706	33.764	31.53	
12796	985.05	28.706	33.764	31.53	
12797	985.14	28.706	33.764	31.53	
12798	985.24	28.706	33.764	31.53	
12799	985.34	28.706	33.765	31.53	
12800	985.44	28.706	33.765	31.531	
12801	985.54	28.706	33.765	31.531	
12802	985.64	28.706	33.765	31.531	
12803	985.74	28.706	33.765	31.531	
12804	985.84	28.707	33.765	31.531	
12805	985.94	28.707	33.766	31.531	
12806	986.	28.707	33.766	31.531	
12807	986.01	28.707	33.766	31.531	
12808	986.02	28.707	33.766	31.531	
12809	986.05	28.707	33.766	31.531	
12810	986.14	28.707	33.766	31.531	
12811	986.24	28.707	33.766	31.532	
12812	986.34	28.707	33.766	31.532	
12813	986.44	28.707	33.766	31.532	
12814	986.54	28.707	33.766	31.532	
12815	986.64	28.707	33.767	31.532	
12816	986.74	28.707	33.767	31.532	
12817	986.84	28.707	33.767	31.532	
12818	986.94	28.708	33.767	31.532	
12819	987.	28.708	33.767	31.533	
12820	987.01	28.708	33.767	31.533	
12821	987.02	28.708	33.767	31.533	
12822	987.05	28.708	33.767	31.533	
12823	987.14	28.708	33.767	31.533	
12824	987.24	28.708	33.768	31.533	
12825	987.34	28.708	33.768	31.533	
12826	987.44	28.708	33.768	31.533	
12827	987.54	28.708	33.768	31.533	
12828	987.64	28.708	33.768	31.533	
12829	987.74	28.708	33.768	31.533	
12830	987.84	28.708	33.768	31.534	
12831	987.94	28.708	33.769	31.534	
12832	988.	28.709	33.769	31.534	
12833	988.01	28.709	33.769	31.534	
12834	988.02	28.709	33.769	31.534	
12835	988.05	28.709	33.769	31.534	
12836	988.14	28.709	33.769	31.534	
12837	988.24	28.709	33.769	31.534	
12838	988.34	28.709	33.769	31.534	
12839	988.44	28.709	33.769	31.534	
12840	988.54	28.709	33.77	31.534	
12841	988.64	28.709	33.77	31.535	
12842	988.74	28.709	33.77	31.535	
12843	988.84	28.709	33.77	31.535	
12844	988.94	28.709	33.77	31.535	
12845	989.	28.709	33.77	31.535	
12846	989.01	28.709	33.77	31.535	
12847	989.02	28.709	33.77	31.535	
12848	989.05	28.709	33.77	31.535	
12849	989.14	28.71	33.77	31.535	
12850	989.24	28.71	33.771	31.535	
12851	989.34	28.71	33.771	31.535	
12852	989.44	28.71	33.771	31.536	
12853	989.54	28.71	33.771	31.536	
12854	989.64	28.71	33.771	31.536	
12855	989.74	28.71	33.771	31.536	
12856	989.84	28.71	33.772	31.536	
12857	989.94	28.71	33.772	31.536	
12858	990.	28.71	33.772	31.536	
12859	990.01	28.71	33.772	31.536	
12860	990.02	28.71	33.772	31.536	
12861	990.05	28.71	33.772	31.536	
12862	990.14	28.71	33.772	31.536	
12863	990.24	28.711	33.772	31.537	
12864	990.34	28.711	33.772	31.537	
12865	990.44	28.711	33.773	31.537	
12866	990.54	28.711	33.773	31.537	
12867	990.64	28.711	33.773	31.537	
12868	990.74	28.711	33.773	31.537	
12869	990.84	28.711	33.773	31.537	
12870	990.94	28.711	33.773	31.537	
12871	991.	28.711	33.773	31.538	
12872	991.01	28.711	33.773	31.538	
12873	991.02	28.711	33.773	31.538	
12874	991.05	28.711	33.773	31.538	
12875	991.14	28.711	33.774	31.538	
12876	991.24	28.711	33.774	31.538	
12877	991.34	28.712	33.774	31.538	
12878	991.44	28.712	33.774	31.538	
12879	991.54	28.712	33.774	31.538	
12880	991.64	28.712	33.774	31.538	
12881	991.74	28.712	33.775	31.539	
12882	991.84	28.712	33.775	31.539	
12883	991.94	28.712	33.775	31.539	
12884	992.	28.712	33.775	31.539	
12885	992.01	28.712	33.775	31.539	
12886	992.02	28.712	33.775	31.539	
12887	992.05	28.712	33.775	31.539	
12888	992.14	28.712	33.775	31.539	
12889	992.24	28.712	33.775	31.539	
12890	992.34	28.712	33.775	31.539	
12891	992.44	28.712	33.776	31.539	
12892	992.54	28.713	33.776	31.54	
12893	992.64	28.713	33.776	31.54	
12894	992.74	28.713	33.776	31.54	
12895	992.84	28.713	33.776	31.54	
12896	992.94	28.713	33.776	31.54	
12897	993.	28.713	33.777	31.54	
12898	993.01	28.713	33.777	31.54	
12899	993.02	28.713	33.777	31.54	
12900	993.05	28.713	33.777	31.54	
12901	993.14	28.713	33.777	31.54	
12902	993.24	28.713	33.777	31.54	
12903	993.34	28.713	33.777	31.541	
12904	993.44	28.713	33.777	31.541	
12905	993.54	28.713	33.777	31.541	
12906	993.64	28.714	33.778	31.541	
12907	993.74	28.714	33.778	31.541	
12908	993.84	28.714	33.778	31.541	
12909	993.94	28.714	33.778	31.541	
12910	994.	28.714	33.778	31.541	
12911	994.01	28.714	33.778	31.541	
12912	994.02	28.714	33.778	31.541	
12913	994.05	28.714	33.778	31.541	
12914	994.14	28.714	33.778	31.542	
12915	994.24	28.714	33.778	31.542	
12916	994.34	28.714	33.779	31.542	
12917	994.44	28.714	33.779	31.542	
12918	994.54	28.714	33.779	31.542	
12919	994.64	28.714	33.779	31.542	
12920	994.74	28.715	33.779	31.542	
12921	994.84	28.715	33.779	31.542	
12922	994.94	28.715	33.78	31.543	
12923	995.	28.715	33.78	31.543	
12924	995.01	28.715	33.78	31.543	
12925	995.02	28.715	33.78	31.543	
12926	995.05	28.715	33.78	31.543	
12927	995.14	28.715	33.78	31.543	
12928	995.24	28.715	33.78	31.543	
12929	995.34	28.715	33.78	31.543	
12930	995.44	28.715	33.78	31.543	
12931	995.54	28.715	33.78	31.543	
12932	995.64	28.715	33.781	31.543	
12933	995.74	28.715	33.781	31.544	
12934	995.84	28.716	33.781	31.544	
12935	995.94	28.716	33.781	31.544	
12936	996.	28.716	33.781	31.544	
12937	996.01	28.716	33.781	31.544	
12938	996.02	28.716	33.781	31.544	
12939	996.05	28.716	33.781	31.544	
12940	996.14	28.716	33.781	31.544	
12941	996.24	28.716	33.782	31.544	
12942	996.34	28.716	33.782	31.544	
12943	996.44	28.716	33.782	31.544	
12944	996.54	28.716	33.782	31.545	
12945	996.64	28.716	33.782	31.545	
12946	996.74	28.716	33.782	31.545	
12947	996.84	28.716	33.782	31.545	
12948	996.94	28.717	33.783	31.545	
12949	997.	28.717	33.783	31.545	
12950	997.01	28.717	33.783	31.545	
12951	997.02	28.717	33.783	31.545	
12952	997.05	28.717	33.783	31.545	
12953	997.14	28.717	33.783	31.545	
12954	997.24	28.717	33.783	31.545	
12955	997.34	28.717	33.783	31.546	
12956	997.44	28.717	33.783	31.546	
12957	997.54	28.717	33.784	31.546	
12958	997.64	28.717	33.784	31.546	
12959	997.74	28.717	33.784	31.546	
12960	997.84	28.717	33.784	31.546	
12961	997.94	28.717	33.784	31.546	
12962	998.	28.717	33.784	31.546	
12963	998.01	28.717	33.784	31.546	
12964	998.02	28.717	33.784	31.546	
12965	998.05	28.718	33.784	31.546	
12966	998.14	28.718	33.785	31.547	
12967	998.24	28.718	33.785	31.547	
12968	998.34	28.718	33.785	31.547	
12969	998.44	28.718	33.785	31.547	
12970	998.54	28.718	33.785	31.547	
12971	998.64	28.718	33.785	31.547	
12972	998.74	28.718	33.785	31.547	
12973	998.84	28.718	33.786	31.547	
12974	998.94	28.718	33.786	31.548	
12975	999.	28.718	33.786	31.548	
12976	999.01	28.718	33.786	31.548	
12977	999.02	28.718	33.786	31.548	
12978	999.05	28.718	33.786	31.548	
12979	999.14	28.719	33.786	31.548	
12980	999.24	28.719	33.786	31.548	
12981	999.34	28.719	33.786	31.548	
12982	999.44	28.719	33.787	31.548	
12983	999.54	28.719	33.787	31.548	
12984	999.64	28.719	33.787	31.548	
12985	999.74	28.719	33.787	31.549	
12986	999.84	28.719	33.787	31.549	
12987	999.94	28.719	33.787	31.549	
12988	1000.	28.719	33.787	31.549	
12989	1000.	28.719	33.787	31.549	
12990	1000.	28.719	33.787	31.549	
12991	1000.	28.719	33.788	31.549	
12992	1000.1	28.719	33.788	31.549	
12993	1000.2	28.719	33.788	31.549	
12994	1000.3	28.72	33.788	31.549	
12995	1000.4	28.72	33.788	31.549	
12996	1000.5	28.72	33.788	31.55	
12997	1000.6	28.72	33.788	31.55	
12998	1000.7	28.72	33.789	31.55	
12999	1000.8	28.72	33.789	31.55	
13000	1000.9	28.72	33.789	31.55	
13001	1001.	28.72	33.789	31.55	
13002	1001.	28.72	33.789	31.55	
13003	1001.	28.72	33.789	31.55	
13004	1001.	28.72	33.789	31.55	
13005	1001.1	28.72	33.789	31.55	
13006	1001.2	28.72	33.789	31.55	
13007	1001.3	28.72	33.79	31.551	
13008	1001.4	28.721	33.79	31.551	
13009	1001.5	28.721	33.79	31.551	
13010	1001.6	28.721	33.79	31.551	
13011	1001.7	28.721	33.79	31.551	
13012	1001.8	28.721	33.79	31.551	
13013	1001.9	28.721	33.79	31.551	
13014	1002.	28.721	33.791	31.551	
13015	1002.	28.721	33.791	31.551	
13016	1002.	28.721	33.791	31.551	
13017	1002.	28.721	33.791	31.552	
13018	1002.1	28.721	33.791	31.552	
13019	1002.2	28.721	33.791	31.552	
13020	1002.3	28.721	33.791	31.552	
13021	1002.4	28.721	33.791	31.552	
13022	1002.5	28.722	33.791	31.552	
13023	1002.6	28.722	33.792	31.552	
13024	1002.7	28.722	33.792	31.552	
13025	1002.8	28.722	33.792	31.553	
13026	1002.9	28.722	33.792	31.553	
13027	1003.	28.722	33.792	31.553	
13028	1003.	28.722	33.792	31.553	
13029	1003.	28.722	33.792	31.553	
13030	1003.	28.722	33.792	31.553	
13031	1003.1	28.722	33.792	31.553	
13032	1003.2	28.722	33.792	31.553	
13033	1003.3	28.722	33.793	31.553	
13034	1003.4	28.722	33.793	31.553	
13035	1003.5	28.722	33.793	31.553	
13036	1003.6	28.723	33.793	31.554	
13037	1003.7	28.723	33.793	31.554	
13038	1003.8	28.723	33.793	31.554	
13039	1003.9	28.723	33.794	31.554	
13040	1004.	28.723	33.794	31.554	
13041	1004.	28.723	33.794	31.554	
13042	1004.	28.723	33.794	31.554	
13043	1004.	28.723	33.794	31.554	
13044	1004.1	28.723	33.794	31.554	
13045	1004.2	28.723	33.794	31.554	
13046	1004.3	28.723	33.794	31.554	
13047	1004.4	28.723	33.794	31.555	
13048	1004.5	28.723	33.795	31.555	
13049	1004.6	28.723	33.795	31.555	
13050	1004.7	28.724	33.795	31.555	
13051	1004.8	28.724	33.795	31.555	
13052	1004.9	28.724	33.795	31.555	
13053	1005.	28.724	33.795	31.555	
13054	1005.	28.724	33.795	31.555	
13055	1005.	28.724	33.795	31.555	
13056	1005.	28.724	33.795	31.555	
13057	1005.1	28.724	33.795	31.555	
13058	1005.2	28.724	33.796	31.556	
13059	1005.3	28.724	33.796	31.556	
13060	1005.4	28.724	33.796	31.556	
13061	1005.5	28.724	33.796	31.556	
13062	1005.6	28.724	33.796	31.556	
13063	1005.7	28.724	33.796	31.556	
13064	1005.8	28.725	33.797	31.556	
13065	1005.9	28.725	33.797	31.556	
13066	1006.	28.725	33.797	31.556	
13067	1006.	28.725	33.797	31.557	
13068	1006.	28.725	33.797	31.557	
13069	1006.	28.725	33.797	31.557	
13070	1006.1	28.725	33.797	31.557	
13071	1006.2	28.725	33.797	31.557	
13072	1006.3	28.725	33.797	31.557	
13073	1006.4	28.725	33.797	31.557	
13074	1006.5	28.725	33.798	31.557	
13075	1006.6	28.725	33.798	31.557	
13076	1006.7	28.725	33.798	31.557	
13077	1006.8	28.725	33.798	31.558	
13078	1006.9	28.725	33.798	31.558	
13079	1007.	28.726	33.798	31.558	
13080	1007.	28.726	33.798	31.558	
13081	1007.	28.726	33.798	31.558	
13082	1007.	28.726	33.798	31.558	
13083	1007.1	28.726	33.799	31.558	
13084	1007.2	28.726	33.799	31.558	
13085	1007.3	28.726	33.799	31.558	
13086	1007.4	28.726	33.799	31.558	
13087	1007.5	28.726	33.799	31.558	
13088	1007.6	28.726	33.799	31.559	
13089	1007.7	28.726	33.799	31.559	
13090	1007.8	28.726	33.8	31.559	
13091	1007.9	28.726	33.8	31.559	
13092	1008.	28.726	33.8	31.559	
13093	1008.	28.726	33.8	31.559	
13094	1008.	28.726	33.8	31.559	
13095	1008.	28.726	33.8	31.559	
13096	1008.1	28.727	33.8	31.559	
13097	1008.2	28.727	33.8	31.559	
13098	1008.3	28.727	33.8	31.559	
13099	1008.4	28.727	33.801	31.56	
13100	1008.5	28.727	33.801	31.56	
13101	1008.6	28.727	33.801	31.56	
13102	1008.7	28.727	33.801	31.56	
13103	1008.8	28.727	33.801	31.56	
13104	1008.9	28.727	33.801	31.56	
13105	1009.	28.727	33.801	31.56	
13106	1009.	28.727	33.801	31.56	
13107	1009.	28.727	33.801	31.56	
13108	1009.	28.727	33.802	31.56	
13109	1009.1	28.727	33.802	31.56	
13110	1009.2	28.728	33.802	31.561	
13111	1009.3	28.728	33.802	31.561	
13112	1009.4	28.728	33.802	31.561	
13113	1009.5	28.728	33.802	31.561	
13114	1009.6	28.728	33.802	31.561	
13115	1009.7	28.728	33.803	31.561	
13116	1009.8	28.728	33.803	31.561	
13117	1009.9	28.728	33.803	31.561	
13118	1010.	28.728	33.803	31.562	
13119	1010.	28.728	33.803	31.562	
13120	1010.	28.728	33.803	31.562	
13121	1010.	28.728	33.803	31.562	
13122	1010.1	28.728	33.803	31.562	
13123	1010.2	28.728	33.803	31.562	
13124	1010.3	28.729	33.804	31.562	
13125	1010.4	28.729	33.804	31.562	
13126	1010.5	28.729	33.804	31.562	
13127	1010.6	28.729	33.804	31.562	
13128	1010.7	28.729	33.804	31.562	
13129	1010.8	28.729	33.804	31.563	
13130	1010.9	28.729	33.804	31.563	
13131	1011.	28.729	33.805	31.563	
13132	1011.	28.729	33.805	31.563	
13133	1011.	28.729	33.805	31.563	
13134	1011.	28.729	33.805	31.563	
13135	1011.1	28.729	33.805	31.563	
13136	1011.2	28.729	33.805	31.563	
13137	1011.3	28.729	33.805	31.563	
13138	1011.4	28.73	33.805	31.563	
13139	1011.5	28.73	33.805	31.563	
13140	1011.6	28.73	33.806	31.564	
13141	1011.7	28.73	33.806	31.564	
13142	1011.8	28.73	33.806	31.564	
13143	1011.9	28.73	33.806	31.564	
13144	1012.	28.73	33.806	31.564	
13145	1012.	28.73	33.806	31.564	
13146	1012.	28.73	33.806	31.564	
13147	1012.	28.73	33.806	31.564	
13148	1012.1	28.73	33.806	31.564	
13149	1012.2	28.73	33.807	31.564	
13150	1012.3	28.73	33.807	31.564	
13151	1012.4	28.73	33.807	31.565	
13152	1012.5	28.731	33.807	31.565	
13153	1012.6	28.731	33.807	31.565	
13154	1012.7	28.731	33.807	31.565	
13155	1012.8	28.731	33.807	31.565	
13156	1012.9	28.731	33.808	31.565	
13157	1013.	28.731	33.808	31.565	
13158	1013.	28.731	33.808	31.565	
13159	1013.	28.731	33.808	31.565	
13160	1013.	28.731	33.808	31.565	
13161	1013.1	28.731	33.808	31.565	
13162	1013.2	28.731	33.808	31.566	
13163	1013.3	28.731	33.808	31.566	
13164	1013.4	28.731	33.808	31.566	
13165	1013.5	28.731	33.809	31.566	
13166	1013.6	28.731	33.809	31.566	
13167	1013.7	28.732	33.809	31.566	
13168	1013.8	28.732	33.809	31.566	
13169	1013.9	28.732	33.809	31.567	
13170	1014.	28.732	33.809	31.567	
13171	1014.	28.732	33.809	31.567	
13172	1014.	28.732	33.809	31.567	
13173	1014.	28.732	33.809	31.567	
13174	1014.1	28.732	33.809	31.567	
13175	1014.2	28.732	33.81	31.567	
13176	1014.3	28.732	33.81	31.567	
13177	1014.4	28.732	33.81	31.567	
13178	1014.5	28.732	33.81	31.567	
13179	1014.6	28.732	33.81	31.567	
13180	1014.7	28.732	33.81	31.568	
13181	1014.8	28.733	33.811	31.568	
13182	1014.9	28.733	33.811	31.568	
13183	1015.	28.733	33.811	31.568	
13184	1015.	28.733	33.811	31.568	
13185	1015.	28.733	33.811	31.568	
13186	1015.	28.733	33.811	31.568	
13187	1015.1	28.733	33.811	31.568	
13188	1015.2	28.733	33.811	31.568	
13189	1015.3	28.733	33.811	31.568	
13190	1015.4	28.733	33.812	31.568	
13191	1015.5	28.733	33.812	31.569	
13192	1015.6	28.733	33.812	31.569	
13193	1015.7	28.733	33.812	31.569	
13194	1015.8	28.733	33.812	31.569	
13195	1015.9	28.734	33.812	31.569	
13196	1016.	28.734	33.812	31.569	
13197	1016.	28.734	33.812	31.569	
13198	1016.	28.734	33.812	31.569	
13199	1016.	28.734	33.812	31.569	
13200	1016.1	28.734	33.813	31.569	
13201	1016.2	28.734	33.813	31.569	
13202	1016.3	28.734	33.813	31.57	
13203	1016.4	28.734	33.813	31.57	
13204	1016.5	28.734	33.813	31.57	
13205	1016.6	28.734	33.813	31.57	
13206	1016.7	28.734	33.814	31.57	
13207	1016.8	28.734	33.814	31.57	
13208	1016.9	28.734	33.814	31.57	
13209	1017.	28.735	33.814	31.57	
13210	1017.	28.735	33.814	31.57	
13211	1017.	28.735	33.814	31.57	
13212	1017.	28.735	33.814	31.57	
13213	1017.1	28.735	33.814	31.571	
13214	1017.2	28.735	33.814	31.571	
13215	1017.3	28.735	33.814	31.571	
13216	1017.4	28.735	33.815	31.571	
13217	1017.5	28.735	33.815	31.571	
13218	1017.6	28.735	33.815	31.571	
13219	1017.7	28.735	33.815	31.571	
13220	1017.8	28.735	33.815	31.571	
13221	1017.9	28.735	33.815	31.572	
13222	1018.	28.735	33.815	31.572	
13223	1018.	28.735	33.816	31.572	
13224	1018.	28.735	33.816	31.572	
13225	1018.	28.735	33.816	31.572	
13226	1018.1	28.736	33.816	31.572	
13227	1018.2	28.736	33.816	31.572	
13228	1018.3	28.736	33.816	31.572	
13229	1018.4	28.736	33.816	31.572	
13230	1018.5	28.736	33.816	31.572	
13231	1018.6	28.736	33.816	31.572	
13232	1018.7	28.736	33.817	31.573	
13233	1018.8	28.736	33.817	31.573	
13234	1018.9	28.736	33.817	31.573	
13235	1019.	28.736	33.817	31.573	
13236	1019.	28.736	33.817	31.573	
13237	1019.	28.736	33.817	31.573	
13238	1019.	28.736	33.817	31.573	
13239	1019.1	28.736	33.817	31.573	
13240	1019.2	28.737	33.817	31.573	
13241	1019.3	28.737	33.818	31.573	
13242	1019.4	28.737	33.818	31.573	
13243	1019.5	28.737	33.818	31.574	
13244	1019.6	28.737	33.818	31.574	
13245	1019.7	28.737	33.818	31.574	
13246	1019.8	28.737	33.818	31.574	
13247	1019.9	28.737	33.819	31.574	
13248	1020.	28.737	33.819	31.574	
13249	1020.	28.737	33.819	31.574	
13250	1020.	28.737	33.819	31.574	
13251	1020.	28.737	33.819	31.574	
13252	1020.1	28.737	33.819	31.574	
13253	1020.2	28.737	33.819	31.574	
13254	1020.3	28.737	33.819	31.575	
13255	1020.4	28.738	33.819	31.575	
13256	1020.5	28.738	33.819	31.575	
13257	1020.6	28.738	33.82	31.575	
13258	1020.7	28.738	33.82	31.575	
13259	1020.8	28.738	33.82	31.575	
13260	1020.9	28.738	33.82	31.575	
13261	1021.	28.738	33.82	31.575	
13262	1021.	28.738	33.82	31.575	
13263	1021.	28.738	33.82	31.575	
13264	1021.	28.738	33.82	31.575	
13265	1021.1	28.738	33.82	31.576	
13266	1021.2	28.738	33.821	31.576	
13267	1021.3	28.738	33.821	31.576	
13268	1021.4	28.738	33.821	31.576	
13269	1021.5	28.739	33.821	31.576	
13270	1021.6	28.739	33.821	31.576	
13271	1021.7	28.739	33.821	31.576	
13272	1021.8	28.739	33.821	31.576	
13273	1021.9	28.739	33.822	31.577	
13274	1022.	28.739	33.822	31.577	
13275	1022.	28.739	33.822	31.577	
13276	1022.	28.739	33.822	31.577	
13277	1022.	28.739	33.822	31.577	
13278	1022.1	28.739	33.822	31.577	
13279	1022.2	28.739	33.822	31.577	
13280	1022.3	28.739	33.822	31.577	
13281	1022.4	28.739	33.822	31.577	
13282	1022.5	28.739	33.823	31.577	
13283	1022.6	28.74	33.823	31.577	
13284	1022.7	28.74	33.823	31.578	
13285	1022.8	28.74	33.823	31.578	
13286	1022.9	28.74	33.823	31.578	
13287	1023.	28.74	33.823	31.578	
13288	1023.	28.74	33.823	31.578	
13289	1023.	28.74	33.823	31.578	
13290	1023.	28.74	33.823	31.578	
13291	1023.1	28.74	33.824	31.578	
13292	1023.2	28.74	33.824	31.578	
13293	1023.3	28.74	33.824	31.578	
13294	1023.4	28.74	33.824	31.578	
13295	1023.5	28.74	33.824	31.579	
13296	1023.6	28.74	33.824	31.579	
13297	1023.7	28.741	33.824	31.579	
13298	1023.8	28.741	33.825	31.579	
13299	1023.9	28.741	33.825	31.579	
13300	1024.	28.741	33.825	31.579	
13301	1024.	28.741	33.825	31.579	
13302	1024.	28.741	33.825	31.579	
13303	1024.	28.741	33.825	31.579	
13304	1024.1	28.741	33.825	31.579	
13305	1024.2	28.741	33.825	31.579	
13306	1024.3	28.741	33.825	31.58	
13307	1024.4	28.741	33.826	31.58	
13308	1024.5	28.741	33.826	31.58	
13309	1024.6	28.741	33.826	31.58	
13310	1024.7	28.741	33.826	31.58	
13311	1024.8	28.742	33.826	31.58	
13312	1024.9	28.742	33.826	31.58	
13313	1025.	28.742	33.826	31.58	
13314	1025.	28.742	33.826	31.58	
13315	1025.	28.742	33.826	31.58	
13316	1025.	28.742	33.826	31.581	
13317	1025.1	28.742	33.827	31.581	
13318	1025.2	28.742	33.827	31.581	
13319	1025.3	28.742	33.827	31.581	
13320	1025.4	28.742	33.827	31.581	
13321	1025.5	28.742	33.827	31.581	
13322	1025.6	28.742	33.827	31.581	
13323	1025.7	28.742	33.828	31.581	
13324	1025.8	28.742	33.828	31.582	
13325	1025.9	28.742	33.828	31.582	
13326	1026.	28.743	33.828	31.582	
13327	1026.	28.743	33.828	31.582	
13328	1026.	28.743	33.828	31.582	
13329	1026.	28.743	33.828	31.582	
13330	1026.1	28.743	33.828	31.582	
13331	1026.2	28.743	33.828	31.582	
13332	1026.3	28.743	33.828	31.582	
13333	1026.4	28.743	33.829	31.582	
13334	1026.5	28.743	33.829	31.582	
13335	1026.6	28.743	33.829	31.583	
13336	1026.7	28.743	33.829	31.583	
13337	1026.8	28.743	33.829	31.583	
13338	1026.9	28.743	33.829	31.583	
13339	1027.	28.743	33.83	31.583	
13340	1027.	28.743	33.83	31.583	
13341	1027.	28.743	33.83	31.583	
13342	1027.	28.743	33.83	31.583	
13343	1027.1	28.744	33.83	31.583	
13344	1027.2	28.744	33.83	31.583	
13345	1027.3	28.744	33.83	31.583	
13346	1027.4	28.744	33.83	31.584	
13347	1027.5	28.744	33.83	31.584	
13348	1027.6	28.744	33.831	31.584	
13349	1027.7	28.744	33.831	31.584	
13350	1027.8	28.744	33.831	31.584	
13351	1027.9	28.744	33.831	31.584	
13352	1028.	28.744	33.831	31.584	
13353	1028.	28.744	33.831	31.584	
13354	1028.	28.744	33.831	31.584	
13355	1028.	28.744	33.831	31.584	
13356	1028.1	28.744	33.831	31.584	
13357	1028.2	28.745	33.831	31.585	
13358	1028.3	28.745	33.832	31.585	
13359	1028.4	28.745	33.832	31.585	
13360	1028.5	28.745	33.832	31.585	
13361	1028.6	28.745	33.832	31.585	
13362	1028.7	28.745	33.832	31.585	
13363	1028.8	28.745	33.832	31.585	
13364	1028.9	28.745	33.833	31.585	
13365	1029.	28.745	33.833	31.585	
13366	1029.	28.745	33.833	31.585	
13367	1029.	28.745	33.833	31.586	
13368	1029.	28.745	33.833	31.586	
13369	1029.1	28.745	33.833	31.586	
13370	1029.2	28.745	33.833	31.586	
13371	1029.3	28.746	33.833	31.586	
13372	1029.4	28.746	33.833	31.586	
13373	1029.5	28.746	33.833	31.586	
13374	1029.6	28.746	33.834	31.586	
13375	1029.7	28.746	33.834	31.586	
13376	1029.8	28.746	33.834	31.587	
13377	1029.9	28.746	33.834	31.587	
13378	1030.	28.746	33.834	31.587	
13379	1030.	28.746	33.834	31.587	
13380	1030.	28.746	33.834	31.587	
13381	1030.	28.746	33.834	31.587	
13382	1030.1	28.746	33.834	31.587	
13383	1030.2	28.746	33.835	31.587	
13384	1030.3	28.746	33.835	31.587	
13385	1030.4	28.747	33.835	31.587	
13386	1030.5	28.747	33.835	31.587	
13387	1030.6	28.747	33.835	31.588	
13388	1030.7	28.747	33.835	31.588	
13389	1030.8	28.747	33.836	31.588	
13390	1030.9	28.747	33.836	31.588	
13391	1031.	28.747	33.836	31.588	
13392	1031.	28.747	33.836	31.588	
13393	1031.	28.747	33.836	31.588	
13394	1031.	28.747	33.836	31.588	
13395	1031.1	28.747	33.836	31.588	
13396	1031.2	28.747	33.836	31.588	
13397	1031.3	28.747	33.836	31.588	
13398	1031.4	28.747	33.836	31.589	
13399	1031.5	28.747	33.837	31.589	
13400	1031.6	28.748	33.837	31.589	
13401	1031.7	28.748	33.837	31.589	
13402	1031.8	28.748	33.837	31.589	
13403	1031.9	28.748	33.837	31.589	
13404	1032.	28.748	33.837	31.589	
13405	1032.	28.748	33.837	31.589	
13406	1032.	28.748	33.837	31.589	
13407	1032.	28.748	33.837	31.589	
13408	1032.1	28.748	33.838	31.589	
13409	1032.2	28.748	33.838	31.59	
13410	1032.3	28.748	33.838	31.59	
13411	1032.4	28.748	33.838	31.59	
13412	1032.5	28.748	33.838	31.59	
13413	1032.6	28.748	33.838	31.59	
13414	1032.7	28.749	33.838	31.59	
13415	1032.8	28.749	33.839	31.59	
13416	1032.9	28.749	33.839	31.59	
13417	1033.	28.749	33.839	31.591	
13418	1033.	28.749	33.839	31.591	
13419	1033.	28.749	33.839	31.591	
13420	1033.	28.749	33.839	31.591	
13421	1033.1	28.749	33.839	31.591	
13422	1033.2	28.749	33.839	31.591	
13423	1033.3	28.749	33.839	31.591	
13424	1033.4	28.749	33.84	31.591	
13425	1033.5	28.749	33.84	31.591	
13426	1033.6	28.749	33.84	31.591	
13427	1033.7	28.749	33.84	31.591	
13428	1033.8	28.75	33.84	31.592	
13429	1033.9	28.75	33.84	31.592	
13430	1034.	28.75	33.84	31.592	
13431	1034.	28.75	33.84	31.592	
13432	1034.	28.75	33.84	31.592	
13433	1034.	28.75	33.841	31.592	
13434	1034.1	28.75	33.841	31.592	
13435	1034.2	28.75	33.841	31.592	
13436	1034.3	28.75	33.841	31.592	
13437	1034.4	28.75	33.841	31.592	
13438	1034.5	28.75	33.841	31.592	
13439	1034.6	28.75	33.841	31.593	
13440	1034.7	28.75	33.842	31.593	
13441	1034.8	28.75	33.842	31.593	
13442	1034.9	28.751	33.842	31.593	
13443	1035.	28.751	33.842	31.593	
13444	1035.	28.751	33.842	31.593	
13445	1035.	28.751	33.842	31.593	
13446	1035.	28.751	33.842	31.593	
13447	1035.1	28.751	33.842	31.593	
13448	1035.2	28.751	33.842	31.593	
13449	1035.3	28.751	33.843	31.593	
13450	1035.4	28.751	33.843	31.594	
13451	1035.5	28.751	33.843	31.594	
13452	1035.6	28.751	33.843	31.594	
13453	1035.7	28.751	33.843	31.594	
13454	1035.8	28.751	33.843	31.594	
13455	1035.9	28.751	33.843	31.594	
13456	1036.	28.751	33.844	31.594	
13457	1036.	28.751	33.844	31.594	
13458	1036.	28.751	33.844	31.594	
13459	1036.	28.752	33.844	31.594	
13460	1036.1	28.752	33.844	31.594	
13461	1036.2	28.752	33.844	31.595	
13462	1036.3	28.752	33.844	31.595	
13463	1036.4	28.752	33.844	31.595	
13464	1036.5	28.752	33.844	31.595	
13465	1036.6	28.752	33.845	31.595	
13466	1036.7	28.752	33.845	31.595	
13467	1036.8	28.752	33.845	31.595	
13468	1036.9	28.752	33.845	31.595	
13469	1037.	28.752	33.845	31.596	
13470	1037.	28.752	33.845	31.596	
13471	1037.	28.752	33.845	31.596	
13472	1037.	28.752	33.845	31.596	
13473	1037.1	28.753	33.845	31.596	
13474	1037.2	28.753	33.845	31.596	
13475	1037.3	28.753	33.846	31.596	
13476	1037.4	28.753	33.846	31.596	
13477	1037.5	28.753	33.846	31.596	
13478	1037.6	28.753	33.846	31.596	
13479	1037.7	28.753	33.846	31.596	
13480	1037.8	28.753	33.846	31.597	
13481	1037.9	28.753	33.847	31.597	
13482	1038.	28.753	33.847	31.597	
13483	1038.	28.753	33.847	31.597	
13484	1038.	28.753	33.847	31.597	
13485	1038.	28.753	33.847	31.597	
13486	1038.1	28.753	33.847	31.597	
13487	1038.2	28.753	33.847	31.597	
13488	1038.3	28.754	33.847	31.597	
13489	1038.4	28.754	33.847	31.597	
13490	1038.5	28.754	33.848	31.597	
13491	1038.6	28.754	33.848	31.598	
13492	1038.7	28.754	33.848	31.598	
13493	1038.8	28.754	33.848	31.598	
13494	1038.9	28.754	33.848	31.598	
13495	1039.	28.754	33.848	31.598	
13496	1039.	28.754	33.848	31.598	
13497	1039.	28.754	33.848	31.598	
13498	1039.	28.754	33.848	31.598	
13499	1039.1	28.754	33.848	31.598	
13500	1039.2	28.754	33.849	31.598	
13501	1039.3	28.754	33.849	31.599	
13502	1039.4	28.755	33.849	31.599	
13503	1039.5	28.755	33.849	31.599	
13504	1039.6	28.755	33.849	31.599	
13505	1039.7	28.755	33.849	31.599	
13506	1039.8	28.755	33.85	31.599	
13507	1039.9	28.755	33.85	31.599	
13508	1040.	28.755	33.85	31.599	
13509	1040.	28.755	33.85	31.599	
13510	1040.	28.755	33.85	31.599	
13511	1040.	28.755	33.85	31.599	
13512	1040.1	28.755	33.85	31.6	
13513	1040.2	28.755	33.85	31.6	
13514	1040.3	28.755	33.85	31.6	
13515	1040.4	28.755	33.85	31.6	
13516	1040.5	28.756	33.851	31.6	
13517	1040.6	28.756	33.851	31.6	
13518	1040.7	28.756	33.851	31.6	
13519	1040.8	28.756	33.851	31.6	
13520	1040.9	28.756	33.851	31.601	
13521	1041.	28.756	33.851	31.601	
13522	1041.	28.756	33.851	31.601	
13523	1041.	28.756	33.851	31.601	
13524	1041.	28.756	33.851	31.601	
13525	1041.1	28.756	33.852	31.601	
13526	1041.2	28.756	33.852	31.601	
13527	1041.3	28.756	33.852	31.601	
13528	1041.4	28.756	33.852	31.601	
13529	1041.5	28.756	33.852	31.601	
13530	1041.6	28.757	33.852	31.601	
13531	1041.7	28.757	33.853	31.602	
13532	1041.8	28.757	33.853	31.602	
13533	1041.9	28.757	33.853	31.602	
13534	1042.	28.757	33.853	31.602	
13535	1042.	28.757	33.853	31.602	
13536	1042.	28.757	33.853	31.602	
13537	1042.	28.757	33.853	31.602	
13538	1042.1	28.757	33.853	31.602	
13539	1042.2	28.757	33.853	31.602	
13540	1042.3	28.757	33.853	31.602	
13541	1042.4	28.757	33.854	31.602	
13542	1042.5	28.757	33.854	31.603	
13543	1042.6	28.757	33.854	31.603	
13544	1042.7	28.757	33.854	31.603	
13545	1042.8	28.758	33.854	31.603	
13546	1042.9	28.758	33.854	31.603	
13547	1043.	28.758	33.854	31.603	
13548	1043.	28.758	33.854	31.603	
13549	1043.	28.758	33.854	31.603	
13550	1043.	28.758	33.855	31.603	
13551	1043.1	28.758	33.855	31.603	
13552	1043.2	28.758	33.855	31.603	
13553	1043.3	28.758	33.855	31.604	
13554	1043.4	28.758	33.855	31.604	
13555	1043.5	28.758	33.855	31.604	
13556	1043.6	28.758	33.855	31.604	
13557	1043.7	28.758	33.856	31.604	
13558	1043.8	28.758	33.856	31.604	
13559	1043.9	28.759	33.856	31.604	
13560	1044.	28.759	33.856	31.604	
13561	1044.	28.759	33.856	31.604	
13562	1044.	28.759	33.856	31.604	
13563	1044.	28.759	33.856	31.604	
13564	1044.1	28.759	33.856	31.605	
13565	1044.2	28.759	33.856	31.605	
13566	1044.3	28.759	33.857	31.605	
13567	1044.4	28.759	33.857	31.605	
13568	1044.5	28.759	33.857	31.605	
13569	1044.6	28.759	33.857	31.605	
13570	1044.7	28.759	33.857	31.605	
13571	1044.8	28.759	33.857	31.605	
13572	1044.9	28.759	33.857	31.606	
13573	1045.	28.76	33.858	31.606	
13574	1045.	28.76	33.858	31.606	
13575	1045.	28.76	33.858	31.606	
13576	1045.	28.76	33.858	31.606	
13577	1045.1	28.76	33.858	31.606	
13578	1045.2	28.76	33.858	31.606	
13579	1045.3	28.76	33.858	31.606	
13580	1045.4	28.76	33.858	31.606	
13581	1045.5	28.76	33.858	31.606	
13582	1045.6	28.76	33.859	31.606	
13583	1045.7	28.76	33.859	31.607	
13584	1045.8	28.76	33.859	31.607	
13585	1045.9	28.76	33.859	31.607	
13586	1046.	28.76	33.859	31.607	
13587	1046.	28.76	33.859	31.607	
13588	1046.	28.76	33.859	31.607	
13589	1046.	28.76	33.859	31.607	
13590	1046.1	28.761	33.859	31.607	
13591	1046.2	28.761	33.86	31.607	
13592	1046.3	28.761	33.86	31.607	
13593	1046.4	28.761	33.86	31.607	
13594	1046.5	28.761	33.86	31.608	
13595	1046.6	28.761	33.86	31.608	
13596	1046.7	28.761	33.86	31.608	
13597	1046.8	28.761	33.86	31.608	
13598	1046.9	28.761	33.861	31.608	
13599	1047.	28.761	33.861	31.608	
13600	1047.	28.761	33.861	31.608	
13601	1047.	28.761	33.861	31.608	
13602	1047.	28.761	33.861	31.608	
13603	1047.1	28.761	33.861	31.608	
13604	1047.2	28.762	33.861	31.608	
13605	1047.3	28.762	33.861	31.609	
13606	1047.4	28.762	33.861	31.609	
13607	1047.5	28.762	33.862	31.609	
13608	1047.6	28.762	33.862	31.609	
13609	1047.7	28.762	33.862	31.609	
13610	1047.8	28.762	33.862	31.609	
13611	1047.9	28.762	33.862	31.609	
13612	1048.	28.762	33.862	31.609	
13613	1048.	28.762	33.862	31.609	
13614	1048.	28.762	33.862	31.609	
13615	1048.	28.762	33.862	31.609	
13616	1048.1	28.762	33.862	31.61	
13617	1048.2	28.762	33.863	31.61	
13618	1048.3	28.762	33.863	31.61	
13619	1048.4	28.763	33.863	31.61	
13620	1048.5	28.763	33.863	31.61	
13621	1048.6	28.763	33.863	31.61	
13622	1048.7	28.763	33.863	31.61	
13623	1048.8	28.763	33.864	31.61	
13624	1048.9	28.763	33.864	31.611	
13625	1049.	28.763	33.864	31.611	
13626	1049.	28.763	33.864	31.611	
13627	1049.	28.763	33.864	31.611	
13628	1049.	28.763	33.864	31.611	
13629	1049.1	28.763	33.864	31.611	
13630	1049.2	28.763	33.864	31.611	
13631	1049.3	28.763	33.864	31.611	
13632	1049.4	28.763	33.865	31.611	
13633	1049.5	28.764	33.865	31.611	
13634	1049.6	28.764	33.865	31.611	
13635	1049.7	28.764	33.865	31.612	
13636	1049.8	28.764	33.865	31.612	
13637	1049.9	28.764	33.865	31.612	
13638	1050.	28.764	33.865	31.612	
13639	1050.	28.764	33.865	31.612	
13640	1050.	28.764	33.865	31.612	
13641	1050.	28.764	33.865	31.612	
13642	1050.1	28.764	33.866	31.612	
13643	1050.2	28.764	33.866	31.612	
13644	1050.3	28.764	33.866	31.612	
13645	1050.4	28.764	33.866	31.612	
13646	1050.5	28.764	33.866	31.613	
13647	1050.6	28.765	33.866	31.613	
13648	1050.7	28.765	33.867	31.613	
13649	1050.8	28.765	33.867	31.613	
13650	1050.9	28.765	33.867	31.613	
13651	1051.	28.765	33.867	31.613	
13652	1051.	28.765	33.867	31.613	
13653	1051.	28.765	33.867	31.613	
13654	1051.	28.765	33.867	31.613	
13655	1051.1	28.765	33.867	31.613	
13656	1051.2	28.765	33.867	31.613	
13657	1051.3	28.765	33.867	31.614	
13658	1051.4	28.765	33.868	31.614	
13659	1051.5	28.765	33.868	31.614	
13660	1051.6	28.765	33.868	31.614	
13661	1051.7	28.766	33.868	31.614	
13662	1051.8	28.766	33.868	31.614	
13663	1051.9	28.766	33.868	31.614	
13664	1052.	28.766	33.868	31.614	
13665	1052.	28.766	33.869	31.614	
13666	1052.	28.766	33.869	31.614	
13667	1052.	28.766	33.869	31.615	
13668	1052.1	28.766	33.869	31.615	
13669	1052.2	28.766	33.869	31.615	
13670	1052.3	28.766	33.869	31.615	
13671	1052.4	28.766	33.869	31.615	
13672	1052.5	28.766	33.869	31.615	
13673	1052.6	28.766	33.869	31.615	
13674	1052.7	28.766	33.87	31.615	
13675	1052.8	28.767	33.87	31.616	
13676	1052.9	28.767	33.87	31.616	
13677	1053.	28.767	33.87	31.616	
13678	1053.	28.767	33.87	31.616	
13679	1053.	28.767	33.87	31.616	
13680	1053.	28.767	33.87	31.616	
13681	1053.1	28.767	33.87	31.616	
13682	1053.2	28.767	33.87	31.616	
13683	1053.3	28.767	33.871	31.616	
13684	1053.4	28.767	33.871	31.616	
13685	1053.5	28.767	33.871	31.616	
13686	1053.6	28.767	33.871	31.617	
13687	1053.7	28.767	33.871	31.617	
13688	1053.8	28.767	33.871	31.617	
13689	1053.9	28.767	33.872	31.617	
13690	1054.	28.768	33.872	31.617	
13691	1054.	28.768	33.872	31.617	
13692	1054.	28.768	33.872	31.617	
13693	1054.	28.768	33.872	31.617	
13694	1054.1	28.768	33.872	31.617	
13695	1054.2	28.768	33.872	31.617	
13696	1054.3	28.768	33.872	31.617	
13697	1054.4	28.768	33.872	31.618	
13698	1054.5	28.768	33.872	31.618	
13699	1054.6	28.768	33.873	31.618	
13700	1054.7	28.768	33.873	31.618	
13701	1054.8	28.768	33.873	31.618	
13702	1054.9	28.768	33.873	31.618	
13703	1055.	28.768	33.873	31.618	
13704	1055.	28.768	33.873	31.618	
13705	1055.	28.768	33.873	31.618	
13706	1055.	28.768	33.873	31.618	
13707	1055.1	28.769	33.873	31.618	
13708	1055.2	28.769	33.874	31.619	
13709	1055.3	28.769	33.874	31.619	
13710	1055.4	28.769	33.874	31.619	
13711	1055.5	28.769	33.874	31.619	
13712	1055.6	28.769	33.874	31.619	
13713	1055.7	28.769	33.874	31.619	
13714	1055.8	28.769	33.874	31.619	
13715	1055.9	28.769	33.875	31.619	
13716	1056.	28.769	33.875	31.619	
13717	1056.	28.769	33.875	31.619	
13718	1056.	28.769	33.875	31.62	
13719	1056.	28.769	33.875	31.62	
13720	1056.1	28.769	33.875	31.62	
13721	1056.2	28.77	33.875	31.62	
13722	1056.3	28.77	33.875	31.62	
13723	1056.4	28.77	33.875	31.62	
13724	1056.5	28.77	33.876	31.62	
13725	1056.6	28.77	33.876	31.62	
13726	1056.7	28.77	33.876	31.62	
13727	1056.8	28.77	33.876	31.621	
13728	1056.9	28.77	33.876	31.621	
13729	1057.	28.77	33.876	31.621	
13730	1057.	28.77	33.876	31.621	
13731	1057.	28.77	33.876	31.621	
13732	1057.	28.77	33.876	31.621	
13733	1057.1	28.77	33.877	31.621	
13734	1057.2	28.77	33.877	31.621	
13735	1057.3	28.771	33.877	31.621	
13736	1057.4	28.771	33.877	31.621	
13737	1057.5	28.771	33.877	31.621	
13738	1057.6	28.771	33.877	31.622	
13739	1057.7	28.771	33.877	31.622	
13740	1057.8	28.771	33.878	31.622	
13741	1057.9	28.771	33.878	31.622	
13742	1058.	28.771	33.878	31.622	
13743	1058.	28.771	33.878	31.622	
13744	1058.	28.771	33.878	31.622	
13745	1058.	28.771	33.878	31.622	
13746	1058.1	28.771	33.878	31.622	
13747	1058.2	28.771	33.878	31.622	
13748	1058.3	28.771	33.878	31.622	
13749	1058.4	28.771	33.879	31.623	
13750	1058.5	28.772	33.879	31.623	
13751	1058.6	28.772	33.879	31.623	
13752	1058.7	28.772	33.879	31.623	
13753	1058.8	28.772	33.879	31.623	
13754	1058.9	28.772	33.879	31.623	
13755	1059.	28.772	33.879	31.623	
13756	1059.	28.772	33.879	31.623	
13757	1059.	28.772	33.879	31.623	
13758	1059.	28.772	33.879	31.623	
13759	1059.1	28.772	33.88	31.623	
13760	1059.2	28.772	33.88	31.624	
13761	1059.3	28.772	33.88	31.624	
13762	1059.4	28.772	33.88	31.624	
13763	1059.5	28.772	33.88	31.624	
13764	1059.6	28.773	33.88	31.624	
13765	1059.7	28.773	33.881	31.624	
13766	1059.8	28.773	33.881	31.624	
13767	1059.9	28.773	33.881	31.624	
13768	1060.	28.773	33.881	31.625	
13769	1060.	28.773	33.881	31.625	
13770	1060.	28.773	33.881	31.625	
13771	1060.	28.773	33.881	31.625	
13772	1060.1	28.773	33.881	31.625	
13773	1060.2	28.773	33.881	31.625	
13774	1060.3	28.773	33.882	31.625	
13775	1060.4	28.773	33.882	31.625	
13776	1060.5	28.773	33.882	31.625	
13777	1060.6	28.773	33.882	31.625	
13778	1060.7	28.774	33.882	31.625	
13779	1060.8	28.774	33.882	31.626	
13780	1060.9	28.774	33.882	31.626	
13781	1061.	28.774	33.883	31.626	
13782	1061.	28.774	33.883	31.626	
13783	1061.	28.774	33.883	31.626	
13784	1061.	28.774	33.883	31.626	
13785	1061.1	28.774	33.883	31.626	
13786	1061.2	28.774	33.883	31.626	
13787	1061.3	28.774	33.883	31.626	
13788	1061.4	28.774	33.883	31.626	
13789	1061.5	28.774	33.883	31.626	
13790	1061.6	28.774	33.884	31.627	
13791	1061.7	28.774	33.884	31.627	
13792	1061.8	28.775	33.884	31.627	
13793	1061.9	28.775	33.884	31.627	
13794	1062.	28.775	33.884	31.627	
13795	1062.	28.775	33.884	31.627	
13796	1062.	28.775	33.884	31.627	
13797	1062.	28.775	33.884	31.627	
13798	1062.1	28.775	33.884	31.627	
13799	1062.2	28.775	33.884	31.627	
13800	1062.3	28.775	33.885	31.627	
13801	1062.4	28.775	33.885	31.628	
13802	1062.5	28.775	33.885	31.628	
13803	1062.6	28.775	33.885	31.628	
13804	1062.7	28.775	33.885	31.628	
13805	1062.8	28.775	33.885	31.628	
13806	1062.9	28.775	33.886	31.628	
13807	1063.	28.776	33.886	31.628	
13808	1063.	28.776	33.886	31.628	
13809	1063.	28.776	33.886	31.628	
13810	1063.	28.776	33.886	31.628	
13811	1063.1	28.776	33.886	31.628	
13812	1063.2	28.776	33.886	31.629	
13813	1063.3	28.776	33.886	31.629	
13814	1063.4	28.776	33.886	31.629	
13815	1063.5	28.776	33.886	31.629	
13816	1063.6	28.776	33.887	31.629	
13817	1063.7	28.776	33.887	31.629	
13818	1063.8	28.776	33.887	31.629	
13819	1063.9	28.776	33.887	31.629	
13820	1064.	28.776	33.887	31.63	
13821	1064.	28.776	33.887	31.63	
13822	1064.	28.776	33.887	31.63	
13823	1064.	28.776	33.887	31.63	
13824	1064.1	28.777	33.887	31.63	
13825	1064.2	28.777	33.888	31.63	
13826	1064.3	28.777	33.888	31.63	
13827	1064.4	28.777	33.888	31.63	
13828	1064.5	28.777	33.888	31.63	
13829	1064.6	28.777	33.888	31.63	
13830	1064.7	28.777	33.888	31.63	
13831	1064.8	28.777	33.889	31.631	
13832	1064.9	28.777	33.889	31.631	
13833	1065.	28.777	33.889	31.631	
13834	1065.	28.777	33.889	31.631	
13835	1065.	28.777	33.889	31.631	
13836	1065.	28.777	33.889	31.631	
13837	1065.1	28.777	33.889	31.631	
13838	1065.2	28.778	33.889	31.631	
13839	1065.3	28.778	33.889	31.631	
13840	1065.4	28.778	33.889	31.631	
13841	1065.5	28.778	33.89	31.631	
13842	1065.6	28.778	33.89	31.632	
13843	1065.7	28.778	33.89	31.632	
13844	1065.8	28.778	33.89	31.632	
13845	1065.9	28.778	33.89	31.632	
13846	1066.	28.778	33.89	31.632	
13847	1066.	28.778	33.89	31.632	
13848	1066.	28.778	33.89	31.632	
13849	1066.	28.778	33.89	31.632	
13850	1066.1	28.778	33.891	31.632	
13851	1066.2	28.778	33.891	31.632	
13852	1066.3	28.779	33.891	31.632	
13853	1066.4	28.779	33.891	31.633	
13854	1066.5	28.779	33.891	31.633	
13855	1066.6	28.779	33.891	31.633	
13856	1066.7	28.779	33.891	31.633	
13857	1066.8	28.779	33.892	31.633	
13858	1066.9	28.779	33.892	31.633	
13859	1067.	28.779	33.892	31.633	
13860	1067.	28.779	33.892	31.633	
13861	1067.	28.779	33.892	31.633	
13862	1067.	28.779	33.892	31.633	
13863	1067.1	28.779	33.892	31.634	
13864	1067.2	28.779	33.892	31.634	
13865	1067.3	28.779	33.892	31.634	
13866	1067.4	28.78	33.893	31.634	
13867	1067.5	28.78	33.893	31.634	
13868	1067.6	28.78	33.893	31.634	
13869	1067.7	28.78	33.893	31.634	
13870	1067.8	28.78	33.893	31.634	
13871	1067.9	28.78	33.893	31.635	
13872	1068.	28.78	33.893	31.635	
13873	1068.	28.78	33.893	31.635	
13874	1068.	28.78	33.893	31.635	
13875	1068.	28.78	33.894	31.635	
13876	1068.1	28.78	33.894	31.635	
13877	1068.2	28.78	33.894	31.635	
13878	1068.3	28.78	33.894	31.635	
13879	1068.4	28.78	33.894	31.635	
13880	1068.5	28.78	33.894	31.635	
13881	1068.6	28.781	33.894	31.635	
13882	1068.7	28.781	33.895	31.636	
13883	1068.8	28.781	33.895	31.636	
13884	1068.9	28.781	33.895	31.636	
13885	1069.	28.781	33.895	31.636	
13886	1069.	28.781	33.895	31.636	
13887	1069.	28.781	33.895	31.636	
13888	1069.	28.781	33.895	31.636	
13889	1069.1	28.781	33.895	31.636	
13890	1069.2	28.781	33.895	31.636	
13891	1069.3	28.781	33.896	31.636	
13892	1069.4	28.781	33.896	31.636	
13893	1069.5	28.781	33.896	31.637	
13894	1069.6	28.781	33.896	31.637	
13895	1069.7	28.782	33.896	31.637	
13896	1069.8	28.782	33.896	31.637	
13897	1069.9	28.782	33.896	31.637	
13898	1070.	28.782	33.897	31.637	
13899	1070.	28.782	33.897	31.637	
13900	1070.	28.782	33.897	31.637	
13901	1070.	28.782	33.897	31.637	
13902	1070.1	28.782	33.897	31.637	
13903	1070.2	28.782	33.897	31.637	
13904	1070.3	28.782	33.897	31.638	
13905	1070.4	28.782	33.897	31.638	
13906	1070.5	28.782	33.897	31.638	
13907	1070.6	28.782	33.898	31.638	
13908	1070.7	28.782	33.898	31.638	
13909	1070.8	28.783	33.898	31.638	
13910	1070.9	28.783	33.898	31.638	
13911	1071.	28.783	33.898	31.638	
13912	1071.	28.783	33.898	31.638	
13913	1071.	28.783	33.898	31.638	
13914	1071.	28.783	33.898	31.638	
13915	1071.1	28.783	33.898	31.639	
13916	1071.2	28.783	33.898	31.639	
13917	1071.3	28.783	33.899	31.639	
13918	1071.4	28.783	33.899	31.639	
13919	1071.5	28.783	33.899	31.639	
13920	1071.6	28.783	33.899	31.639	
13921	1071.7	28.783	33.899	31.639	
13922	1071.8	28.783	33.899	31.639	
13923	1071.9	28.784	33.9	31.64	
13924	1072.	28.784	33.9	31.64	
13925	1072.	28.784	33.9	31.64	
13926	1072.	28.784	33.9	31.64	
13927	1072.	28.784	33.9	31.64	
13928	1072.1	28.784	33.9	31.64	
13929	1072.2	28.784	33.9	31.64	
13930	1072.3	28.784	33.9	31.64	
13931	1072.4	28.784	33.9	31.64	
13932	1072.5	28.784	33.901	31.64	
13933	1072.6	28.784	33.901	31.64	
13934	1072.7	28.784	33.901	31.641	
13935	1072.8	28.784	33.901	31.641	
13936	1072.9	28.784	33.901	31.641	
13937	1073.	28.784	33.901	31.641	
13938	1073.	28.784	33.901	31.641	
13939	1073.	28.784	33.901	31.641	
13940	1073.	28.784	33.901	31.641	
13941	1073.1	28.785	33.901	31.641	
13942	1073.2	28.785	33.902	31.641	
13943	1073.3	28.785	33.902	31.641	
13944	1073.4	28.785	33.902	31.641	
13945	1073.5	28.785	33.902	31.642	
13946	1073.6	28.785	33.902	31.642	
13947	1073.7	28.785	33.902	31.642	
13948	1073.8	28.785	33.903	31.642	
13949	1073.9	28.785	33.903	31.642	
13950	1074.	28.785	33.903	31.642	
13951	1074.	28.785	33.903	31.642	
13952	1074.	28.785	33.903	31.642	
13953	1074.	28.785	33.903	31.642	
13954	1074.1	28.785	33.903	31.642	
13955	1074.2	28.786	33.903	31.642	
13956	1074.3	28.786	33.903	31.643	
13957	1074.4	28.786	33.903	31.643	
13958	1074.5	28.786	33.904	31.643	
13959	1074.6	28.786	33.904	31.643	
13960	1074.7	28.786	33.904	31.643	
13961	1074.8	28.786	33.904	31.643	
13962	1074.9	28.786	33.904	31.643	
13963	1075.	28.786	33.904	31.643	
13964	1075.	28.786	33.904	31.643	
13965	1075.	28.786	33.904	31.643	
13966	1075.	28.786	33.904	31.643	
13967	1075.1	28.786	33.905	31.644	
13968	1075.2	28.786	33.905	31.644	
13969	1075.3	28.787	33.905	31.644	
13970	1075.4	28.787	33.905	31.644	
13971	1075.5	28.787	33.905	31.644	
13972	1075.6	28.787	33.905	31.644	
13973	1075.7	28.787	33.906	31.644	
13974	1075.8	28.787	33.906	31.644	
13975	1075.9	28.787	33.906	31.645	
13976	1076.	28.787	33.906	31.645	
13977	1076.	28.787	33.906	31.645	
13978	1076.	28.787	33.906	31.645	
13979	1076.	28.787	33.906	31.645	
13980	1076.1	28.787	33.906	31.645	
13981	1076.2	28.787	33.906	31.645	
13982	1076.3	28.787	33.906	31.645	
13983	1076.4	28.788	33.907	31.645	
13984	1076.5	28.788	33.907	31.645	
13985	1076.6	28.788	33.907	31.645	
13986	1076.7	28.788	33.907	31.646	
13987	1076.8	28.788	33.907	31.646	
13988	1076.9	28.788	33.907	31.646	
13989	1077.	28.788	33.907	31.646	
13990	1077.	28.788	33.907	31.646	
13991	1077.	28.788	33.908	31.646	
13992	1077.	28.788	33.908	31.646	
13993	1077.1	28.788	33.908	31.646	
13994	1077.2	28.788	33.908	31.646	
13995	1077.3	28.788	33.908	31.646	
13996	1077.4	28.788	33.908	31.646	
13997	1077.5	28.788	33.908	31.647	
13998	1077.6	28.789	33.908	31.647	
13999	1077.7	28.789	33.909	31.647	
14000	1077.8	28.789	33.909	31.647	
14001	1077.9	28.789	33.909	31.647	
14002	1078.	28.789	33.909	31.647	
14003	1078.	28.789	33.909	31.647	
14004	1078.	28.789	33.909	31.647	
14005	1078.	28.789	33.909	31.647	
14006	1078.1	28.789	33.909	31.647	
14007	1078.2	28.789	33.909	31.647	
14008	1078.3	28.789	33.91	31.648	
14009	1078.4	28.789	33.91	31.648	
14010	1078.5	28.789	33.91	31.648	
14011	1078.6	28.789	33.91	31.648	
14012	1078.7	28.79	33.91	31.648	
14013	1078.8	28.79	33.91	31.648	
14014	1078.9	28.79	33.911	31.648	
14015	1079.	28.79	33.911	31.648	
14016	1079.	28.79	33.911	31.648	
14017	1079.	28.79	33.911	31.648	
14018	1079.	28.79	33.911	31.648	
14019	1079.1	28.79	33.911	31.649	
14020	1079.2	28.79	33.911	31.649	
14021	1079.3	28.79	33.911	31.649	
14022	1079.4	28.79	33.911	31.649	
14023	1079.5	28.79	33.911	31.649	
14024	1079.6	28.79	33.912	31.649	
14025	1079.7	28.79	33.912	31.649	
14026	1079.8	28.791	33.912	31.649	
14027	1079.9	28.791	33.912	31.65	
14028	1080.	28.791	33.912	31.65	
14029	1080.	28.791	33.912	31.65	
14030	1080.	28.791	33.912	31.65	
14031	1080.	28.791	33.912	31.65	
14032	1080.1	28.791	33.912	31.65	
14033	1080.2	28.791	33.913	31.65	
14034	1080.3	28.791	33.913	31.65	
14035	1080.4	28.791	33.913	31.65	
14036	1080.5	28.791	33.913	31.65	
14037	1080.6	28.791	33.913	31.65	
14038	1080.7	28.791	33.913	31.651	
14039	1080.8	28.791	33.913	31.651	
14040	1080.9	28.792	33.914	31.651	
14041	1081.	28.792	33.914	31.651	
14042	1081.	28.792	33.914	31.651	
14043	1081.	28.792	33.914	31.651	
14044	1081.	28.792	33.914	31.651	
14045	1081.1	28.792	33.914	31.651	
14046	1081.2	28.792	33.914	31.651	
14047	1081.3	28.792	33.914	31.651	
14048	1081.4	28.792	33.914	31.651	
14049	1081.5	28.792	33.915	31.652	
14050	1081.6	28.792	33.915	31.652	
14051	1081.7	28.792	33.915	31.652	
14052	1081.8	28.792	33.915	31.652	
14053	1081.9	28.792	33.915	31.652	
14054	1082.	28.792	33.915	31.652	
14055	1082.	28.792	33.915	31.652	
14056	1082.	28.792	33.915	31.652	
14057	1082.	28.792	33.915	31.652	
14058	1082.1	28.793	33.915	31.652	
14059	1082.2	28.793	33.916	31.653	
14060	1082.3	28.793	33.916	31.653	
14061	1082.4	28.793	33.916	31.653	
14062	1082.5	28.793	33.916	31.653	
14063	1082.6	28.793	33.916	31.653	
14064	1082.7	28.793	33.916	31.653	
14065	1082.8	28.793	33.917	31.653	
14066	1082.9	28.793	33.917	31.653	
14067	1083.	28.793	33.917	31.653	
14068	1083.	28.793	33.917	31.653	
14069	1083.	28.793	33.917	31.653	
14070	1083.	28.793	33.917	31.654	
14071	1083.1	28.793	33.917	31.654	
14072	1083.2	28.794	33.917	31.654	
14073	1083.3	28.794	33.917	31.654	
14074	1083.4	28.794	33.918	31.654	
14075	1083.5	28.794	33.918	31.654	
14076	1083.6	28.794	33.918	31.654	
14077	1083.7	28.794	33.918	31.654	
14078	1083.8	28.794	33.918	31.655	
14079	1083.9	28.794	33.918	31.655	
14080	1084.	28.794	33.918	31.655	
14081	1084.	28.794	33.918	31.655	
14082	1084.	28.794	33.918	31.655	
14083	1084.	28.794	33.918	31.655	
14084	1084.1	28.794	33.919	31.655	
14085	1084.2	28.794	33.919	31.655	
14086	1084.3	28.795	33.919	31.655	
14087	1084.4	28.795	33.919	31.655	
14088	1084.5	28.795	33.919	31.655	
14089	1084.6	28.795	33.919	31.656	
14090	1084.7	28.795	33.92	31.656	
14091	1084.8	28.795	33.92	31.656	
14092	1084.9	28.795	33.92	31.656	
14093	1085.	28.795	33.92	31.656	
14094	1085.	28.795	33.92	31.656	
14095	1085.	28.795	33.92	31.656	
14096	1085.	28.795	33.92	31.656	
14097	1085.1	28.795	33.92	31.656	
14098	1085.2	28.795	33.92	31.656	
14099	1085.3	28.795	33.92	31.656	
14100	1085.4	28.795	33.921	31.657	
14101	1085.5	28.796	33.921	31.657	
14102	1085.6	28.796	33.921	31.657	
14103	1085.7	28.796	33.921	31.657	
14104	1085.8	28.796	33.921	31.657	
14105	1085.9	28.796	33.921	31.657	
14106	1086.	28.796	33.922	31.657	
14107	1086.	28.796	33.922	31.657	
14108	1086.	28.796	33.922	31.657	
14109	1086.	28.796	33.922	31.657	
14110	1086.1	28.796	33.922	31.657	
14111	1086.2	28.796	33.922	31.658	
14112	1086.3	28.796	33.922	31.658	
14113	1086.4	28.796	33.922	31.658	
14114	1086.5	28.796	33.922	31.658	
14115	1086.6	28.797	33.923	31.658	
14116	1086.7	28.797	33.923	31.658	
14117	1086.8	28.797	33.923	31.658	
14118	1086.9	28.797	33.923	31.658	
14119	1087.	28.797	33.923	31.658	
14120	1087.	28.797	33.923	31.658	
14121	1087.	28.797	33.923	31.659	
14122	1087.	28.797	33.923	31.659	
14123	1087.1	28.797	33.923	31.659	
14124	1087.2	28.797	33.923	31.659	
14125	1087.3	28.797	33.924	31.659	
14126	1087.4	28.797	33.924	31.659	
14127	1087.5	28.797	33.924	31.659	
14128	1087.6	28.797	33.924	31.659	
14129	1087.7	28.798	33.924	31.659	
14130	1087.8	28.798	33.924	31.66	
14131	1087.9	28.798	33.925	31.66	
14132	1088.	28.798	33.925	31.66	
14133	1088.	28.798	33.925	31.66	
14134	1088.	28.798	33.925	31.66	
14135	1088.	28.798	33.925	31.66	
14136	1088.1	28.798	33.925	31.66	
14137	1088.2	28.798	33.925	31.66	
14138	1088.3	28.798	33.925	31.66	
14139	1088.4	28.798	33.925	31.66	
14140	1088.5	28.798	33.925	31.66	
14141	1088.6	28.798	33.926	31.661	
14142	1088.7	28.798	33.926	31.661	
14143	1088.8	28.799	33.926	31.661	
14144	1088.9	28.799	33.926	31.661	
14145	1089.	28.799	33.926	31.661	
14146	1089.	28.799	33.926	31.661	
14147	1089.	28.799	33.926	31.661	
14148	1089.	28.799	33.926	31.661	
14149	1089.1	28.799	33.926	31.661	
14150	1089.2	28.799	33.927	31.661	
14151	1089.3	28.799	33.927	31.661	
14152	1089.4	28.799	33.927	31.662	
14153	1089.5	28.799	33.927	31.662	
14154	1089.6	28.799	33.927	31.662	
14155	1089.7	28.799	33.927	31.662	
14156	1089.8	28.799	33.927	31.662	
14157	1089.9	28.799	33.928	31.662	
14158	1090.	28.8	33.928	31.662	
14159	1090.	28.8	33.928	31.662	
14160	1090.	28.8	33.928	31.662	
14161	1090.	28.8	33.928	31.662	
14162	1090.1	28.8	33.928	31.662	
14163	1090.2	28.8	33.928	31.663	
14164	1090.3	28.8	33.928	31.663	
14165	1090.4	28.8	33.928	31.663	
14166	1090.5	28.8	33.929	31.663	
14167	1090.6	28.8	33.929	31.663	
14168	1090.7	28.8	33.929	31.663	
14169	1090.8	28.8	33.929	31.663	
14170	1090.9	28.8	33.929	31.663	
14171	1091.	28.8	33.929	31.664	
14172	1091.	28.8	33.929	31.664	
14173	1091.	28.8	33.929	31.664	
14174	1091.	28.8	33.929	31.664	
14175	1091.1	28.801	33.93	31.664	
14176	1091.2	28.801	33.93	31.664	
14177	1091.3	28.801	33.93	31.664	
14178	1091.4	28.801	33.93	31.664	
14179	1091.5	28.801	33.93	31.664	
14180	1091.6	28.801	33.93	31.664	
14181	1091.7	28.801	33.93	31.664	
14182	1091.8	28.801	33.931	31.665	
14183	1091.9	28.801	33.931	31.665	
14184	1092.	28.801	33.931	31.665	
14185	1092.	28.801	33.931	31.665	
14186	1092.	28.801	33.931	31.665	
14187	1092.	28.801	33.931	31.665	
14188	1092.1	28.801	33.931	31.665	
14189	1092.2	28.802	33.931	31.665	
14190	1092.3	28.802	33.931	31.665	
14191	1092.4	28.802	33.932	31.665	
14192	1092.5	28.802	33.932	31.665	
14193	1092.6	28.802	33.932	31.666	
14194	1092.7	28.802	33.932	31.666	
14195	1092.8	28.802	33.932	31.666	
14196	1092.9	28.802	33.932	31.666	
14197	1093.	28.802	33.932	31.666	
14198	1093.	28.802	33.932	31.666	
14199	1093.	28.802	33.932	31.666	
14200	1093.	28.802	33.932	31.666	
14201	1093.1	28.802	33.933	31.666	
14202	1093.2	28.802	33.933	31.666	
14203	1093.3	28.803	33.933	31.666	
14204	1093.4	28.803	33.933	31.667	
14205	1093.5	28.803	33.933	31.667	
14206	1093.6	28.803	33.933	31.667	
14207	1093.7	28.803	33.934	31.667	
14208	1093.8	28.803	33.934	31.667	
14209	1093.9	28.803	33.934	31.667	
14210	1094.	28.803	33.934	31.667	
14211	1094.	28.803	33.934	31.667	
14212	1094.	28.803	33.934	31.667	
14213	1094.	28.803	33.934	31.667	
14214	1094.1	28.803	33.934	31.667	
14215	1094.2	28.803	33.934	31.668	
14216	1094.3	28.803	33.935	31.668	
14217	1094.4	28.803	33.935	31.668	
14218	1094.5	28.804	33.935	31.668	
14219	1094.6	28.804	33.935	31.668	
14220	1094.7	28.804	33.935	31.668	
14221	1094.8	28.804	33.935	31.668	
14222	1094.9	28.804	33.935	31.668	
14223	1095.	28.804	33.936	31.669	
14224	1095.	28.804	33.936	31.669	
14225	1095.	28.804	33.936	31.669	
14226	1095.	28.804	33.936	31.669	
14227	1095.1	28.804	33.936	31.669	
14228	1095.2	28.804	33.936	31.669	
14229	1095.3	28.804	33.936	31.669	
14230	1095.4	28.804	33.936	31.669	
14231	1095.5	28.804	33.936	31.669	
14232	1095.6	28.805	33.937	31.669	
14233	1095.7	28.805	33.937	31.669	
14234	1095.8	28.805	33.937	31.67	
14235	1095.9	28.805	33.937	31.67	
14236	1096.	28.805	33.937	31.67	
14237	1096.	28.805	33.937	31.67	
14238	1096.	28.805	33.937	31.67	
14239	1096.	28.805	33.937	31.67	
14240	1096.1	28.805	33.937	31.67	
14241	1096.2	28.805	33.937	31.67	
14242	1096.3	28.805	33.938	31.67	
14243	1096.4	28.805	33.938	31.67	
14244	1096.5	28.805	33.938	31.67	
14245	1096.6	28.805	33.938	31.671	
14246	1096.7	28.806	33.938	31.671	
14247	1096.8	28.806	33.938	31.671	
14248	1096.9	28.806	33.939	31.671	
14249	1097.	28.806	33.939	31.671	
14250	1097.	28.806	33.939	31.671	
14251	1097.	28.806	33.939	31.671	
14252	1097.	28.806	33.939	31.671	
14253	1097.1	28.806	33.939	31.671	
14254	1097.2	28.806	33.939	31.671	
14255	1097.3	28.806	33.939	31.671	
14256	1097.4	28.806	33.939	31.672	
14257	1097.5	28.806	33.94	31.672	
14258	1097.6	28.806	33.94	31.672	
14259	1097.7	28.806	33.94	31.672	
14260	1097.8	28.807	33.94	31.672	
14261	1097.9	28.807	33.94	31.672	
14262	1098.	28.807	33.94	31.672	
14263	1098.	28.807	33.94	31.672	
14264	1098.	28.807	33.94	31.672	
14265	1098.	28.807	33.94	31.672	
14266	1098.1	28.807	33.94	31.672	
14267	1098.2	28.807	33.941	31.673	
14268	1098.3	28.807	33.941	31.673	
14269	1098.4	28.807	33.941	31.673	
14270	1098.5	28.807	33.941	31.673	
14271	1098.6	28.807	33.941	31.673	
14272	1098.7	28.807	33.941	31.673	
14273	1098.8	28.807	33.942	31.673	
14274	1098.9	28.807	33.942	31.673	
14275	1099.	28.808	33.942	31.674	
14276	1099.	28.808	33.942	31.674	
14277	1099.	28.808	33.942	31.674	
14278	1099.	28.808	33.942	31.674	
14279	1099.1	28.808	33.942	31.674	
14280	1099.2	28.808	33.942	31.674	
14281	1099.3	28.808	33.942	31.674	
14282	1099.4	28.808	33.942	31.674	
14283	1099.5	28.808	33.943	31.674	
14284	1099.6	28.808	33.943	31.674	
14285	1099.7	28.808	33.943	31.675	
14286	1099.8	28.808	33.943	31.675	
14287	1099.9	28.808	33.943	31.675	
14288	1100.	28.808	33.943	31.675	
14289	1100.	28.808	33.943	31.675	
14290	1100.	28.808	33.943	31.675	
14291	1100.	28.808	33.943	31.675	
14292	1100.1	28.809	33.944	31.675	
14293	1100.2	28.809	33.944	31.675	
14294	1100.3	28.809	33.944	31.675	
14295	1100.4	28.809	33.944	31.675	
14296	1100.5	28.809	33.944	31.676	
14297	1100.6	28.809	33.944	31.676	
14298	1100.7	28.809	33.944	31.676	
14299	1100.8	28.809	33.945	31.676	
14300	1100.9	28.809	33.945	31.676	
14301	1101.	28.809	33.945	31.676	
14302	1101.	28.809	33.945	31.676	
14303	1101.	28.809	33.945	31.676	
14304	1101.	28.809	33.945	31.676	
14305	1101.1	28.809	33.945	31.676	
14306	1101.2	28.81	33.945	31.676	
14307	1101.3	28.81	33.945	31.677	
14308	1101.4	28.81	33.946	31.677	
14309	1101.5	28.81	33.946	31.677	
14310	1101.6	28.81	33.946	31.677	
14311	1101.7	28.81	33.946	31.677	
14312	1101.8	28.81	33.946	31.677	
14313	1101.9	28.81	33.946	31.677	
14314	1102.	28.81	33.946	31.677	
14315	1102.	28.81	33.946	31.677	
14316	1102.	28.81	33.946	31.677	
14317	1102.	28.81	33.947	31.677	
14318	1102.1	28.81	33.947	31.678	
14319	1102.2	28.81	33.947	31.678	
14320	1102.3	28.81	33.947	31.678	
14321	1102.4	28.811	33.947	31.678	
14322	1102.5	28.811	33.947	31.678	
14323	1102.6	28.811	33.947	31.678	
14324	1102.7	28.811	33.948	31.678	
14325	1102.8	28.811	33.948	31.678	
14326	1102.9	28.811	33.948	31.679	
14327	1103.	28.811	33.948	31.679	
14328	1103.	28.811	33.948	31.679	
14329	1103.	28.811	33.948	31.679	
14330	1103.	28.811	33.948	31.679	
14331	1103.1	28.811	33.948	31.679	
14332	1103.2	28.811	33.948	31.679	
14333	1103.3	28.811	33.949	31.679	
14334	1103.4	28.811	33.949	31.679	
14335	1103.5	28.812	33.949	31.679	
14336	1103.6	28.812	33.949	31.679	
14337	1103.7	28.812	33.949	31.68	
14338	1103.8	28.812	33.949	31.68	
14339	1103.9	28.812	33.949	31.68	
14340	1104.	28.812	33.95	31.68	
14341	1104.	28.812	33.95	31.68	
14342	1104.	28.812	33.95	31.68	
14343	1104.	28.812	33.95	31.68	
14344	1104.1	28.812	33.95	31.68	
14345	1104.2	28.812	33.95	31.68	
14346	1104.3	28.812	33.95	31.68	
14347	1104.4	28.812	33.95	31.68	
14348	1104.5	28.812	33.95	31.681	
14349	1104.6	28.813	33.951	31.681	
14350	1104.7	28.813	33.951	31.681	
14351	1104.8	28.813	33.951	31.681	
14352	1104.9	28.813	33.951	31.681	
14353	1105.	28.813	33.951	31.681	
14354	1105.	28.813	33.951	31.681	
14355	1105.	28.813	33.951	31.681	
14356	1105.	28.813	33.951	31.681	
14357	1105.1	28.813	33.951	31.681	
14358	1105.2	28.813	33.952	31.681	
14359	1105.3	28.813	33.952	31.682	
14360	1105.4	28.813	33.952	31.682	
14361	1105.5	28.813	33.952	31.682	
14362	1105.6	28.813	33.952	31.682	
14363	1105.7	28.814	33.952	31.682	
14364	1105.8	28.814	33.952	31.682	
14365	1105.9	28.814	33.953	31.682	
14366	1106.	28.814	33.953	31.682	
14367	1106.	28.814	33.953	31.682	
14368	1106.	28.814	33.953	31.682	
14369	1106.	28.814	33.953	31.682	
14370	1106.1	28.814	33.953	31.683	
14371	1106.2	28.814	33.953	31.683	
14372	1106.3	28.814	33.953	31.683	
14373	1106.4	28.814	33.953	31.683	
14374	1106.5	28.814	33.954	31.683	
14375	1106.6	28.814	33.954	31.683	
14376	1106.7	28.814	33.954	31.683	
14377	1106.8	28.814	33.954	31.683	
14378	1106.9	28.815	33.954	31.684	
14379	1107.	28.815	33.954	31.684	
14380	1107.	28.815	33.954	31.684	
14381	1107.	28.815	33.954	31.684	
14382	1107.	28.815	33.954	31.684	
14383	1107.1	28.815	33.954	31.684	
14384	1107.2	28.815	33.955	31.684	
14385	1107.3	28.815	33.955	31.684	
14386	1107.4	28.815	33.955	31.684	
14387	1107.5	28.815	33.955	31.684	
14388	1107.6	28.815	33.955	31.684	
14389	1107.7	28.815	33.955	31.685	
14390	1107.8	28.815	33.956	31.685	
14391	1107.9	28.815	33.956	31.685	
14392	1108.	28.816	33.956	31.685	
14393	1108.	28.816	33.956	31.685	
14394	1108.	28.816	33.956	31.685	
14395	1108.	28.816	33.956	31.685	
14396	1108.1	28.816	33.956	31.685	
14397	1108.2	28.816	33.956	31.685	
14398	1108.3	28.816	33.956	31.685	
14399	1108.4	28.816	33.956	31.685	
14400	1108.5	28.816	33.957	31.686	
14401	1108.6	28.816	33.957	31.686	
14402	1108.7	28.816	33.957	31.686	
14403	1108.8	28.816	33.957	31.686	
14404	1108.9	28.816	33.957	31.686	
14405	1109.	28.816	33.957	31.686	
14406	1109.	28.816	33.957	31.686	
14407	1109.	28.816	33.957	31.686	
14408	1109.	28.816	33.957	31.686	
14409	1109.1	28.817	33.958	31.686	
14410	1109.2	28.817	33.958	31.686	
14411	1109.3	28.817	33.958	31.687	
14412	1109.4	28.817	33.958	31.687	
14413	1109.5	28.817	33.958	31.687	
14414	1109.6	28.817	33.958	31.687	
14415	1109.7	28.817	33.959	31.687	
14416	1109.8	28.817	33.959	31.687	
14417	1109.9	28.817	33.959	31.687	
14418	1110.	28.817	33.959	31.687	
14419	1110.	28.817	33.959	31.687	
14420	1110.	28.817	33.959	31.687	
14421	1110.	28.817	33.959	31.687	
14422	1110.1	28.817	33.959	31.688	
14423	1110.2	28.817	33.959	31.688	
14424	1110.3	28.818	33.959	31.688	
14425	1110.4	28.818	33.96	31.688	
14426	1110.5	28.818	33.96	31.688	
14427	1110.6	28.818	33.96	31.688	
14428	1110.7	28.818	33.96	31.688	
14429	1110.8	28.818	33.96	31.688	
14430	1110.9	28.818	33.96	31.689	
14431	1111.	28.818	33.96	31.689	
14432	1111.	28.818	33.961	31.689	
14433	1111.	28.818	33.961	31.689	
14434	1111.	28.818	33.961	31.689	
14435	1111.1	28.818	33.961	31.689	
14436	1111.2	28.818	33.961	31.689	
14437	1111.3	28.818	33.961	31.689	
14438	1111.4	28.819	33.961	31.689	
14439	1111.5	28.819	33.961	31.689	
14440	1111.6	28.819	33.961	31.689	
14441	1111.7	28.819	33.962	31.69	
14442	1111.8	28.819	33.962	31.69	
14443	1111.9	28.819	33.962	31.69	
14444	1112.	28.819	33.962	31.69	
14445	1112.	28.819	33.962	31.69	
14446	1112.	28.819	33.962	31.69	
14447	1112.	28.819	33.962	31.69	
14448	1112.1	28.819	33.962	31.69	
14449	1112.2	28.819	33.962	31.69	
14450	1112.3	28.819	33.963	31.69	
14451	1112.4	28.819	33.963	31.69	
14452	1112.5	28.82	33.963	31.691	
14453	1112.6	28.82	33.963	31.691	
14454	1112.7	28.82	33.963	31.691	
14455	1112.8	28.82	33.963	31.691	
14456	1112.9	28.82	33.964	31.691	
14457	1113.	28.82	33.964	31.691	
14458	1113.	28.82	33.964	31.691	
14459	1113.	28.82	33.964	31.691	
14460	1113.	28.82	33.964	31.691	
14461	1113.1	28.82	33.964	31.691	
14462	1113.2	28.82	33.964	31.691	
14463	1113.3	28.82	33.964	31.692	
14464	1113.4	28.82	33.964	31.692	
14465	1113.5	28.82	33.964	31.692	
14466	1113.6	28.821	33.965	31.692	
14467	1113.7	28.821	33.965	31.692	
14468	1113.8	28.821	33.965	31.692	
14469	1113.9	28.821	33.965	31.692	
14470	1114.	28.821	33.965	31.692	
14471	1114.	28.821	33.965	31.692	
14472	1114.	28.821	33.965	31.692	
14473	1114.	28.821	33.965	31.692	
14474	1114.1	28.821	33.965	31.693	
14475	1114.2	28.821	33.966	31.693	
14476	1114.3	28.821	33.966	31.693	
14477	1114.4	28.821	33.966	31.693	
14478	1114.5	28.821	33.966	31.693	
14479	1114.6	28.821	33.966	31.693	
14480	1114.7	28.821	33.966	31.693	
14481	1114.8	28.822	33.966	31.693	
14482	1114.9	28.822	33.967	31.694	
14483	1115.	28.822	33.967	31.694	
14484	1115.	28.822	33.967	31.694	
14485	1115.	28.822	33.967	31.694	
14486	1115.	28.822	33.967	31.694	
14487	1115.1	28.822	33.967	31.694	
14488	1115.2	28.822	33.967	31.694	
14489	1115.3	28.822	33.967	31.694	
14490	1115.4	28.822	33.967	31.694	
14491	1115.5	28.822	33.968	31.694	
14492	1115.6	28.822	33.968	31.694	
14493	1115.7	28.822	33.968	31.695	
14494	1115.8	28.822	33.968	31.695	
14495	1115.9	28.823	33.968	31.695	
14496	1116.	28.823	33.968	31.695	
14497	1116.	28.823	33.968	31.695	
14498	1116.	28.823	33.968	31.695	
14499	1116.	28.823	33.968	31.695	
14500	1116.1	28.823	33.969	31.695	
14501	1116.2	28.823	33.969	31.695	
14502	1116.3	28.823	33.969	31.695	
14503	1116.4	28.823	33.969	31.695	
14504	1116.5	28.823	33.969	31.696	
14505	1116.6	28.823	33.969	31.696	
14506	1116.7	28.823	33.969	31.696	
14507	1116.8	28.823	33.97	31.696	
14508	1116.9	28.823	33.97	31.696	
14509	1117.	28.823	33.97	31.696	
14510	1117.	28.823	33.97	31.696	
14511	1117.	28.823	33.97	31.696	
14512	1117.	28.824	33.97	31.696	
14513	1117.1	28.824	33.97	31.696	
14514	1117.2	28.824	33.97	31.696	
14515	1117.3	28.824	33.97	31.697	
14516	1117.4	28.824	33.971	31.697	
14517	1117.5	28.824	33.971	31.697	
14518	1117.6	28.824	33.971	31.697	
14519	1117.7	28.824	33.971	31.697	
14520	1117.8	28.824	33.971	31.697	
14521	1117.9	28.824	33.971	31.697	
14522	1118.	28.824	33.971	31.697	
14523	1118.	28.824	33.971	31.697	
14524	1118.	28.824	33.971	31.697	
14525	1118.	28.824	33.971	31.698	
14526	1118.1	28.824	33.972	31.698	
14527	1118.2	28.825	33.972	31.698	
14528	1118.3	28.825	33.972	31.698	
14529	1118.4	28.825	33.972	31.698	
14530	1118.5	28.825	33.972	31.698	
14531	1118.6	28.825	33.972	31.698	
14532	1118.7	28.825	33.973	31.698	
14533	1118.8	28.825	33.973	31.699	
14534	1118.9	28.825	33.973	31.699	
14535	1119.	28.825	33.973	31.699	
14536	1119.	28.825	33.973	31.699	
14537	1119.	28.825	33.973	31.699	
14538	1119.	28.825	33.973	31.699	
14539	1119.1	28.825	33.973	31.699	
14540	1119.2	28.825	33.973	31.699	
14541	1119.3	28.826	33.973	31.699	
14542	1119.4	28.826	33.974	31.699	
14543	1119.5	28.826	33.974	31.699	
14544	1119.6	28.826	33.974	31.7	
14545	1119.7	28.826	33.974	31.7	
14546	1119.8	28.826	33.974	31.7	
14547	1119.9	28.826	33.974	31.7	
14548	1120.	28.826	33.975	31.7	
14549	1120.	28.826	33.975	31.7	
14550	1120.	28.826	33.975	31.7	
14551	1120.	28.826	33.975	31.7	
14552	1120.1	28.826	33.975	31.7	
14553	1120.2	28.826	33.975	31.7	
14554	1120.3	28.826	33.975	31.7	
14555	1120.4	28.827	33.975	31.701	
14556	1120.5	28.827	33.975	31.701	
14557	1120.6	28.827	33.976	31.701	
14558	1120.7	28.827	33.976	31.701	
14559	1120.8	28.827	33.976	31.701	
14560	1120.9	28.827	33.976	31.701	
14561	1121.	28.827	33.976	31.701	
14562	1121.	28.827	33.976	31.701	
14563	1121.	28.827	33.976	31.701	
14564	1121.	28.827	33.976	31.701	
14565	1121.1	28.827	33.976	31.701	
14566	1121.2	28.827	33.976	31.702	
14567	1121.3	28.827	33.977	31.702	
14568	1121.4	28.827	33.977	31.702	
14569	1121.5	28.827	33.977	31.702	
14570	1121.6	28.828	33.977	31.702	
14571	1121.7	28.828	33.977	31.702	
14572	1121.8	28.828	33.977	31.702	
14573	1121.9	28.828	33.978	31.702	
14574	1122.	28.828	33.978	31.702	
14575	1122.	28.828	33.978	31.702	
14576	1122.	28.828	33.978	31.703	
14577	1122.	28.828	33.978	31.703	
14578	1122.1	28.828	33.978	31.703	
14579	1122.2	28.828	33.978	31.703	
14580	1122.3	28.828	33.978	31.703	
14581	1122.4	28.828	33.978	31.703	
14582	1122.5	28.828	33.978	31.703	
14583	1122.6	28.828	33.979	31.703	
14584	1122.7	28.829	33.979	31.703	
14585	1122.8	28.829	33.979	31.704	
14586	1122.9	28.829	33.979	31.704	
14587	1123.	28.829	33.979	31.704	
14588	1123.	28.829	33.979	31.704	
14589	1123.	28.829	33.979	31.704	
14590	1123.	28.829	33.979	31.704	
14591	1123.1	28.829	33.979	31.704	
14592	1123.2	28.829	33.98	31.704	
14593	1123.3	28.829	33.98	31.704	
14594	1123.4	28.829	33.98	31.704	
14595	1123.5	28.829	33.98	31.704	
14596	1123.6	28.829	33.98	31.705	
14597	1123.7	28.829	33.98	31.705	
14598	1123.8	28.83	33.981	31.705	
14599	1123.9	28.83	33.981	31.705	
14600	1124.	28.83	33.981	31.705	
14601	1124.	28.83	33.981	31.705	
14602	1124.	28.83	33.981	31.705	
14603	1124.	28.83	33.981	31.705	
14604	1124.1	28.83	33.981	31.705	
14605	1124.2	28.83	33.981	31.705	
14606	1124.3	28.83	33.981	31.705	
14607	1124.4	28.83	33.981	31.706	
14608	1124.5	28.83	33.982	31.706	
14609	1124.6	28.83	33.982	31.706	
14610	1124.7	28.83	33.982	31.706	
14611	1124.8	28.83	33.982	31.706	
14612	1124.9	28.831	33.982	31.706	
14613	1125.	28.831	33.982	31.706	
14614	1125.	28.831	33.982	31.706	
14615	1125.	28.831	33.982	31.706	
14616	1125.	28.831	33.982	31.706	
14617	1125.1	28.831	33.983	31.706	
14618	1125.2	28.831	33.983	31.707	
14619	1125.3	28.831	33.983	31.707	
14620	1125.4	28.831	33.983	31.707	
14621	1125.5	28.831	33.983	31.707	
14622	1125.6	28.831	33.983	31.707	
14623	1125.7	28.831	33.983	31.707	
14624	1125.8	28.831	33.984	31.707	
14625	1125.9	28.831	33.984	31.707	
14626	1126.	28.831	33.984	31.708	
14627	1126.	28.831	33.984	31.708	
14628	1126.	28.831	33.984	31.708	
14629	1126.	28.831	33.984	31.708	
14630	1126.1	28.832	33.984	31.708	
14631	1126.2	28.832	33.984	31.708	
14632	1126.3	28.832	33.984	31.708	
14633	1126.4	28.832	33.985	31.708	
14634	1126.5	28.832	33.985	31.708	
14635	1126.6	28.832	33.985	31.708	
14636	1126.7	28.832	33.985	31.708	
14637	1126.8	28.832	33.985	31.709	
14638	1126.9	28.832	33.985	31.709	
14639	1127.	28.832	33.985	31.709	
14640	1127.	28.832	33.985	31.709	
14641	1127.	28.832	33.985	31.709	
14642	1127.	28.832	33.986	31.709	
14643	1127.1	28.832	33.986	31.709	
14644	1127.2	28.833	33.986	31.709	
14645	1127.3	28.833	33.986	31.709	
14646	1127.4	28.833	33.986	31.709	
14647	1127.5	28.833	33.986	31.709	
14648	1127.6	28.833	33.986	31.71	
14649	1127.7	28.833	33.987	31.71	
14650	1127.8	28.833	33.987	31.71	
14651	1127.9	28.833	33.987	31.71	
14652	1128.	28.833	33.987	31.71	
14653	1128.	28.833	33.987	31.71	
14654	1128.	28.833	33.987	31.71	
14655	1128.	28.833	33.987	31.71	
14656	1128.1	28.833	33.987	31.71	
14657	1128.2	28.833	33.987	31.71	
14658	1128.3	28.834	33.988	31.71	
14659	1128.4	28.834	33.988	31.711	
14660	1128.5	28.834	33.988	31.711	
14661	1128.6	28.834	33.988	31.711	
14662	1128.7	28.834	33.988	31.711	
14663	1128.8	28.834	33.988	31.711	
14664	1128.9	28.834	33.988	31.711	
14665	1129.	28.834	33.989	31.711	
14666	1129.	28.834	33.989	31.711	
14667	1129.	28.834	33.989	31.711	
14668	1129.	28.834	33.989	31.711	
14669	1129.1	28.834	33.989	31.711	
14670	1129.2	28.834	33.989	31.712	
14671	1129.3	28.834	33.989	31.712	
14672	1129.4	28.834	33.989	31.712	
14673	1129.5	28.835	33.989	31.712	
14674	1129.6	28.835	33.99	31.712	
14675	1129.7	28.835	33.99	31.712	
14676	1129.8	28.835	33.99	31.712	
14677	1129.9	28.835	33.99	31.712	
14678	1130.	28.835	33.99	31.713	
14679	1130.	28.835	33.99	31.713	
14680	1130.	28.835	33.99	31.713	
14681	1130.	28.835	33.99	31.713	
14682	1130.1	28.835	33.99	31.713	
14683	1130.2	28.835	33.99	31.713	
14684	1130.3	28.835	33.991	31.713	
14685	1130.4	28.835	33.991	31.713	
14686	1130.5	28.835	33.991	31.713	
14687	1130.6	28.836	33.991	31.713	
14688	1130.7	28.836	33.991	31.713	
14689	1130.8	28.836	33.991	31.714	
14690	1130.9	28.836	33.992	31.714	
14691	1131.	28.836	33.992	31.714	
14692	1131.	28.836	33.992	31.714	
14693	1131.	28.836	33.992	31.714	
14694	1131.	28.836	33.992	31.714	
14695	1131.1	28.836	33.992	31.714	
14696	1131.2	28.836	33.992	31.714	
14697	1131.3	28.836	33.992	31.714	
14698	1131.4	28.836	33.992	31.714	
14699	1131.5	28.836	33.993	31.714	
14700	1131.6	28.836	33.993	31.715	
14701	1131.7	28.837	33.993	31.715	
14702	1131.8	28.837	33.993	31.715	
14703	1131.9	28.837	33.993	31.715	
14704	1132.	28.837	33.993	31.715	
14705	1132.	28.837	33.993	31.715	
14706	1132.	28.837	33.993	31.715	
14707	1132.	28.837	33.993	31.715	
14708	1132.1	28.837	33.993	31.715	
14709	1132.2	28.837	33.994	31.715	
14710	1132.3	28.837	33.994	31.715	
14711	1132.4	28.837	33.994	31.716	
14712	1132.5	28.837	33.994	31.716	
14713	1132.6	28.837	33.994	31.716	
14714	1132.7	28.837	33.994	31.716	
14715	1132.8	28.837	33.995	31.716	
14716	1132.9	28.838	33.995	31.716	
14717	1133.	28.838	33.995	31.716	
14718	1133.	28.838	33.995	31.716	
14719	1133.	28.838	33.995	31.716	
14720	1133.	28.838	33.995	31.716	
14721	1133.1	28.838	33.995	31.716	
14722	1133.2	28.838	33.995	31.717	
14723	1133.3	28.838	33.995	31.717	
14724	1133.4	28.838	33.995	31.717	
14725	1133.5	28.838	33.996	31.717	
14726	1133.6	28.838	33.996	31.717	
14727	1133.7	28.838	33.996	31.717	
14728	1133.8	28.838	33.996	31.717	
14729	1133.9	28.838	33.996	31.717	
14730	1134.	28.839	33.996	31.718	
14731	1134.	28.839	33.996	31.718	
14732	1134.	28.839	33.996	31.718	
14733	1134.	28.839	33.996	31.718	
14734	1134.1	28.839	33.997	31.718	
14735	1134.2	28.839	33.997	31.718	
14736	1134.3	28.839	33.997	31.718	
14737	1134.4	28.839	33.997	31.718	
14738	1134.5	28.839	33.997	31.718	
14739	1134.6	28.839	33.997	31.718	
14740	1134.7	28.839	33.998	31.718	
14741	1134.8	28.839	33.998	31.719	
14742	1134.9	28.839	33.998	31.719	
14743	1135.	28.839	33.998	31.719	
14744	1135.	28.839	33.998	31.719	
14745	1135.	28.839	33.998	31.719	
14746	1135.	28.839	33.998	31.719	
14747	1135.1	28.84	33.998	31.719	
14748	1135.2	28.84	33.998	31.719	
14749	1135.3	28.84	33.998	31.719	
14750	1135.4	28.84	33.999	31.719	
14751	1135.5	28.84	33.999	31.719	
14752	1135.6	28.84	33.999	31.72	
14753	1135.7	28.84	33.999	31.72	
14754	1135.8	28.84	33.999	31.72	
14755	1135.9	28.84	33.999	31.72	
14756	1136.	28.84	33.999	31.72	
14757	1136.	28.84	33.999	31.72	
14758	1136.	28.84	34.	31.72	
14759	1136.	28.84	34.	31.72	
14760	1136.1	28.84	34.	31.72	
14761	1136.2	28.84	34.	31.72	
14762	1136.3	28.841	34.	31.72	
14763	1136.4	28.841	34.	31.721	
14764	1136.5	28.841	34.	31.721	
14765	1136.6	28.841	34.	31.721	
14766	1136.7	28.841	34.001	31.721	
14767	1136.8	28.841	34.001	31.721	
14768	1136.9	28.841	34.001	31.721	
14769	1137.	28.841	34.001	31.721	
14770	1137.	28.841	34.001	31.721	
14771	1137.	28.841	34.001	31.721	
14772	1137.	28.841	34.001	31.721	
14773	1137.1	28.841	34.001	31.721	
14774	1137.2	28.841	34.001	31.722	
14775	1137.3	28.841	34.002	31.722	
14776	1137.4	28.842	34.002	31.722	
14777	1137.5	28.842	34.002	31.722	
14778	1137.6	28.842	34.002	31.722	
14779	1137.7	28.842	34.002	31.722	
14780	1137.8	28.842	34.002	31.722	
14781	1137.9	28.842	34.002	31.722	
14782	1138.	28.842	34.003	31.723	
14783	1138.	28.842	34.003	31.723	
14784	1138.	28.842	34.003	31.723	
14785	1138.	28.842	34.003	31.723	
14786	1138.1	28.842	34.003	31.723	
14787	1138.2	28.842	34.003	31.723	
14788	1138.3	28.842	34.003	31.723	
14789	1138.4	28.842	34.003	31.723	
14790	1138.5	28.843	34.003	31.723	
14791	1138.6	28.843	34.004	31.723	
14792	1138.7	28.843	34.004	31.724	
14793	1138.8	28.843	34.004	31.724	
14794	1138.9	28.843	34.004	31.724	
14795	1139.	28.843	34.004	31.724	
14796	1139.	28.843	34.004	31.724	
14797	1139.	28.843	34.004	31.724	
14798	1139.	28.843	34.004	31.724	
14799	1139.1	28.843	34.004	31.724	
14800	1139.2	28.843	34.005	31.724	
14801	1139.3	28.843	34.005	31.724	
14802	1139.4	28.843	34.005	31.724	
14803	1139.5	28.843	34.005	31.725	
14804	1139.6	28.843	34.005	31.725	
14805	1139.7	28.844	34.005	31.725	
14806	1139.8	28.844	34.005	31.725	
14807	1139.9	28.844	34.006	31.725	
14808	1140.	28.844	34.006	31.725	
14809	1140.	28.844	34.006	31.725	
14810	1140.	28.844	34.006	31.725	
14811	1140.	28.844	34.006	31.725	
14812	1140.1	28.844	34.006	31.725	
14813	1140.2	28.844	34.006	31.725	
14814	1140.3	28.844	34.006	31.726	
14815	1140.4	28.844	34.006	31.726	
14816	1140.5	28.844	34.007	31.726	
14817	1140.6	28.844	34.007	31.726	
14818	1140.7	28.844	34.007	31.726	
14819	1140.8	28.845	34.007	31.726	
14820	1140.9	28.845	34.007	31.726	
14821	1141.	28.845	34.007	31.726	
14822	1141.	28.845	34.007	31.726	
14823	1141.	28.845	34.007	31.726	
14824	1141.	28.845	34.007	31.726	
14825	1141.1	28.845	34.007	31.727	
14826	1141.2	28.845	34.008	31.727	
14827	1141.3	28.845	34.008	31.727	
14828	1141.4	28.845	34.008	31.727	
14829	1141.5	28.845	34.008	31.727	
14830	1141.6	28.845	34.008	31.727	
14831	1141.7	28.845	34.008	31.727	
14832	1141.8	28.845	34.009	31.727	
14833	1141.9	28.846	34.009	31.728	
14834	1142.	28.846	34.009	31.728	
14835	1142.	28.846	34.009	31.728	
14836	1142.	28.846	34.009	31.728	
14837	1142.	28.846	34.009	31.728	
14838	1142.1	28.846	34.009	31.728	
14839	1142.2	28.846	34.009	31.728	
14840	1142.3	28.846	34.009	31.728	
14841	1142.4	28.846	34.01	31.728	
14842	1142.5	28.846	34.01	31.728	
14843	1142.6	28.846	34.01	31.728	
14844	1142.7	28.846	34.01	31.729	
14845	1142.8	28.846	34.01	31.729	
14846	1142.9	28.846	34.01	31.729	
14847	1143.	28.846	34.01	31.729	
14848	1143.	28.846	34.01	31.729	
14849	1143.	28.846	34.01	31.729	
14850	1143.	28.847	34.01	31.729	
14851	1143.1	28.847	34.011	31.729	
14852	1143.2	28.847	34.011	31.729	
14853	1143.3	28.847	34.011	31.729	
14854	1143.4	28.847	34.011	31.729	
14855	1143.5	28.847	34.011	31.73	
14856	1143.6	28.847	34.011	31.73	
14857	1143.7	28.847	34.012	31.73	
14858	1143.8	28.847	34.012	31.73	
14859	1143.9	28.847	34.012	31.73	
14860	1144.	28.847	34.012	31.73	
14861	1144.	28.847	34.012	31.73	
14862	1144.	28.847	34.012	31.73	
14863	1144.	28.847	34.012	31.73	
14864	1144.1	28.847	34.012	31.73	
14865	1144.2	28.848	34.012	31.73	
14866	1144.3	28.848	34.012	31.731	
14867	1144.4	28.848	34.013	31.731	
14868	1144.5	28.848	34.013	31.731	
14869	1144.6	28.848	34.013	31.731	
14870	1144.7	28.848	34.013	31.731	
14871	1144.8	28.848	34.013	31.731	
14872	1144.9	28.848	34.013	31.731	
14873	1145.	28.848	34.014	31.731	
14874	1145.	28.848	34.014	31.731	
14875	1145.	28.848	34.014	31.731	
14876	1145.	28.848	34.014	31.731	
14877	1145.1	28.848	34.014	31.732	
14878	1145.2	28.848	34.014	31.732	
14879	1145.3	28.849	34.014	31.732	
14880	1145.4	28.849	34.014	31.732	
14881	1145.5	28.849	34.014	31.732	
14882	1145.6	28.849	34.015	31.732	
14883	1145.7	28.849	34.015	31.732	
14884	1145.8	28.849	34.015	31.732	
14885	1145.9	28.849	34.015	31.733	
14886	1146.	28.849	34.015	31.733	
14887	1146.	28.849	34.015	31.733	
14888	1146.	28.849	34.015	31.733	
14889	1146.	28.849	34.015	31.733	
14890	1146.1	28.849	34.015	31.733	
14891	1146.2	28.849	34.015	31.733	
14892	1146.3	28.849	34.016	31.733	
14893	1146.4	28.849	34.016	31.733	
14894	1146.5	28.85	34.016	31.733	
14895	1146.6	28.85	34.016	31.733	
14896	1146.7	28.85	34.016	31.734	
14897	1146.8	28.85	34.016	31.734	
14898	1146.9	28.85	34.017	31.734	
14899	1147.	28.85	34.017	31.734	
14900	1147.	28.85	34.017	31.734	
14901	1147.	28.85	34.017	31.734	
14902	1147.	28.85	34.017	31.734	
14903	1147.1	28.85	34.017	31.734	
14904	1147.2	28.85	34.017	31.734	
14905	1147.3	28.85	34.017	31.734	
14906	1147.4	28.85	34.017	31.734	
14907	1147.5	28.85	34.017	31.735	
14908	1147.6	28.851	34.018	31.735	
14909	1147.7	28.851	34.018	31.735	
14910	1147.8	28.851	34.018	31.735	
14911	1147.9	28.851	34.018	31.735	
14912	1148.	28.851	34.018	31.735	
14913	1148.	28.851	34.018	31.735	
14914	1148.	28.851	34.018	31.735	
14915	1148.	28.851	34.018	31.735	
14916	1148.1	28.851	34.018	31.735	
14917	1148.2	28.851	34.019	31.735	
14918	1148.3	28.851	34.019	31.736	
14919	1148.4	28.851	34.019	31.736	
14920	1148.5	28.851	34.019	31.736	
14921	1148.6	28.851	34.019	31.736	
14922	1148.7	28.852	34.019	31.736	
14923	1148.8	28.852	34.019	31.736	
14924	1148.9	28.852	34.02	31.736	
14925	1149.	28.852	34.02	31.736	
14926	1149.	28.852	34.02	31.736	
14927	1149.	28.852	34.02	31.736	
14928	1149.	28.852	34.02	31.736	
14929	1149.1	28.852	34.02	31.737	
14930	1149.2	28.852	34.02	31.737	
14931	1149.3	28.852	34.02	31.737	
14932	1149.4	28.852	34.02	31.737	
14933	1149.5	28.852	34.021	31.737	
14934	1149.6	28.852	34.021	31.737	
14935	1149.7	28.852	34.021	31.737	
14936	1149.8	28.852	34.021	31.737	
14937	1149.9	28.853	34.021	31.738	
14938	1150.	28.853	34.021	31.738	
14939	1150.	28.853	34.021	31.738	
14940	1150.	28.853	34.021	31.738	
14941	1150.	28.853	34.021	31.738	
14942	1150.1	28.853	34.022	31.738	
14943	1150.2	28.853	34.022	31.738	
14944	1150.3	28.853	34.022	31.738	
14945	1150.4	28.853	34.022	31.738	
14946	1150.5	28.853	34.022	31.738	
14947	1150.6	28.853	34.022	31.738	
14948	1150.7	28.853	34.022	31.739	
14949	1150.8	28.853	34.023	31.739	
14950	1150.9	28.853	34.023	31.739	
14951	1151.	28.854	34.023	31.739	
14952	1151.	28.854	34.023	31.739	
14953	1151.	28.854	34.023	31.739	
14954	1151.	28.854	34.023	31.739	
14955	1151.1	28.854	34.023	31.739	
14956	1151.2	28.854	34.023	31.739	
14957	1151.3	28.854	34.023	31.739	
14958	1151.4	28.854	34.024	31.739	
14959	1151.5	28.854	34.024	31.74	
14960	1151.6	28.854	34.024	31.74	
14961	1151.7	28.854	34.024	31.74	
14962	1151.8	28.854	34.024	31.74	
14963	1151.9	28.854	34.024	31.74	
14964	1152.	28.854	34.024	31.74	
14965	1152.	28.854	34.024	31.74	
14966	1152.	28.854	34.024	31.74	
14967	1152.	28.854	34.024	31.74	
14968	1152.1	28.855	34.025	31.74	
14969	1152.2	28.855	34.025	31.74	
14970	1152.3	28.855	34.025	31.741	
14971	1152.4	28.855	34.025	31.741	
14972	1152.5	28.855	34.025	31.741	
14973	1152.6	28.855	34.025	31.741	
14974	1152.7	28.855	34.026	31.741	
14975	1152.8	28.855	34.026	31.741	
14976	1152.9	28.855	34.026	31.741	
14977	1153.	28.855	34.026	31.741	
14978	1153.	28.855	34.026	31.741	
14979	1153.	28.855	34.026	31.741	
14980	1153.	28.855	34.026	31.741	
14981	1153.1	28.855	34.026	31.742	
14982	1153.2	28.855	34.026	31.742	
14983	1153.3	28.856	34.027	31.742	
14984	1153.4	28.856	34.027	31.742	
14985	1153.5	28.856	34.027	31.742	
14986	1153.6	28.856	34.027	31.742	
14987	1153.7	28.856	34.027	31.742	
14988	1153.8	28.856	34.027	31.742	
14989	1153.9	28.856	34.027	31.743	
14990	1154.	28.856	34.028	31.743	
14991	1154.	28.856	34.028	31.743	
14992	1154.	28.856	34.028	31.743	
14993	1154.	28.856	34.028	31.743	
14994	1154.1	28.856	34.028	31.743	
14995	1154.2	28.856	34.028	31.743	
14996	1154.3	28.856	34.028	31.743	
14997	1154.4	28.857	34.028	31.743	
14998	1154.5	28.857	34.028	31.743	
14999	1154.6	28.857	34.029	31.743	
15000	1154.7	28.857	34.029	31.744	
15001	1154.8	28.857	34.029	31.744	
15002	1154.9	28.857	34.029	31.744	
15003	1155.	28.857	34.029	31.744	
15004	1155.	28.857	34.029	31.744	
15005	1155.	28.857	34.029	31.744	
15006	1155.	28.857	34.029	31.744	
15007	1155.1	28.857	34.029	31.744	
15008	1155.2	28.857	34.029	31.744	
15009	1155.3	28.857	34.03	31.744	
15010	1155.4	28.857	34.03	31.744	
15011	1155.5	28.858	34.03	31.745	
15012	1155.6	28.858	34.03	31.745	
15013	1155.7	28.858	34.03	31.745	
15014	1155.8	28.858	34.03	31.745	
15015	1155.9	28.858	34.031	31.745	
15016	1156.	28.858	34.031	31.745	
15017	1156.	28.858	34.031	31.745	
15018	1156.	28.858	34.031	31.745	
15019	1156.	28.858	34.031	31.745	
15020	1156.1	28.858	34.031	31.745	
15021	1156.2	28.858	34.031	31.745	
15022	1156.3	28.858	34.031	31.746	
15023	1156.4	28.858	34.031	31.746	
15024	1156.5	28.858	34.031	31.746	
15025	1156.6	28.858	34.032	31.746	
15026	1156.7	28.859	34.032	31.746	
15027	1156.8	28.859	34.032	31.746	
15028	1156.9	28.859	34.032	31.746	
15029	1157.	28.859	34.032	31.746	
15030	1157.	28.859	34.032	31.746	
15031	1157.	28.859	34.032	31.746	
15032	1157.	28.859	34.032	31.746	
15033	1157.1	28.859	34.032	31.747	
15034	1157.2	28.859	34.033	31.747	
15035	1157.3	28.859	34.033	31.747	
15036	1157.4	28.859	34.033	31.747	
15037	1157.5	28.859	34.033	31.747	
15038	1157.6	28.859	34.033	31.747	
15039	1157.7	28.859	34.033	31.747	
15040	1157.8	28.86	34.034	31.747	
15041	1157.9	28.86	34.034	31.748	
15042	1158.	28.86	34.034	31.748	
15043	1158.	28.86	34.034	31.748	
15044	1158.	28.86	34.034	31.748	
15045	1158.	28.86	34.034	31.748	
15046	1158.1	28.86	34.034	31.748	
15047	1158.2	28.86	34.034	31.748	
15048	1158.3	28.86	34.034	31.748	
15049	1158.4	28.86	34.034	31.748	
15050	1158.5	28.86	34.035	31.748	
15051	1158.6	28.86	34.035	31.748	
15052	1158.7	28.86	34.035	31.749	
15053	1158.8	28.86	34.035	31.749	
15054	1158.9	28.861	34.035	31.749	
15055	1159.	28.861	34.035	31.749	
15056	1159.	28.861	34.035	31.749	
15057	1159.	28.861	34.035	31.749	
15058	1159.	28.861	34.035	31.749	
15059	1159.1	28.861	34.036	31.749	
15060	1159.2	28.861	34.036	31.749	
15061	1159.3	28.861	34.036	31.749	
15062	1159.4	28.861	34.036	31.749	
15063	1159.5	28.861	34.036	31.75	
15064	1159.6	28.861	34.036	31.75	
15065	1159.7	28.861	34.036	31.75	
15066	1159.8	28.861	34.037	31.75	
15067	1159.9	28.861	34.037	31.75	
15068	1160.	28.861	34.037	31.75	
15069	1160.	28.861	34.037	31.75	
15070	1160.	28.861	34.037	31.75	
15071	1160.	28.862	34.037	31.75	
15072	1160.1	28.862	34.037	31.75	
15073	1160.2	28.862	34.037	31.75	
15074	1160.3	28.862	34.037	31.751	
15075	1160.4	28.862	34.038	31.751	
15076	1160.5	28.862	34.038	31.751	
15077	1160.6	28.862	34.038	31.751	
15078	1160.7	28.862	34.038	31.751	
15079	1160.8	28.862	34.038	31.751	
15080	1160.9	28.862	34.038	31.751	
15081	1161.	28.862	34.038	31.751	
15082	1161.	28.862	34.038	31.751	
15083	1161.	28.862	34.038	31.751	
15084	1161.	28.862	34.039	31.752	
15085	1161.1	28.862	34.039	31.752	
15086	1161.2	28.863	34.039	31.752	
15087	1161.3	28.863	34.039	31.752	
15088	1161.4	28.863	34.039	31.752	
15089	1161.5	28.863	34.039	31.752	
15090	1161.6	28.863	34.039	31.752	
15091	1161.7	28.863	34.04	31.752	
15092	1161.8	28.863	34.04	31.753	
15093	1161.9	28.863	34.04	31.753	
15094	1162.	28.863	34.04	31.753	
15095	1162.	28.863	34.04	31.753	
15096	1162.	28.863	34.04	31.753	
15097	1162.	28.863	34.04	31.753	
15098	1162.1	28.863	34.04	31.753	
15099	1162.2	28.863	34.04	31.753	
15100	1162.3	28.864	34.041	31.753	
15101	1162.4	28.864	34.041	31.753	
15102	1162.5	28.864	34.041	31.753	
15103	1162.6	28.864	34.041	31.754	
15104	1162.7	28.864	34.041	31.754	
15105	1162.8	28.864	34.041	31.754	
15106	1162.9	28.864	34.041	31.754	
15107	1163.	28.864	34.042	31.754	
15108	1163.	28.864	34.042	31.754	
15109	1163.	28.864	34.042	31.754	
15110	1163.	28.864	34.042	31.754	
15111	1163.1	28.864	34.042	31.754	
15112	1163.2	28.864	34.042	31.754	
15113	1163.3	28.864	34.042	31.754	
15114	1163.4	28.864	34.042	31.755	
15115	1163.5	28.865	34.042	31.755	
15116	1163.6	28.865	34.043	31.755	
15117	1163.7	28.865	34.043	31.755	
15118	1163.8	28.865	34.043	31.755	
15119	1163.9	28.865	34.043	31.755	
15120	1164.	28.865	34.043	31.755	
15121	1164.	28.865	34.043	31.755	
15122	1164.	28.865	34.043	31.755	
15123	1164.	28.865	34.043	31.755	
15124	1164.1	28.865	34.043	31.755	
15125	1164.2	28.865	34.044	31.756	
15126	1164.3	28.865	34.044	31.756	
15127	1164.4	28.865	34.044	31.756	
15128	1164.5	28.865	34.044	31.756	
15129	1164.6	28.866	34.044	31.756	
15130	1164.7	28.866	34.044	31.756	
15131	1164.8	28.866	34.044	31.756	
15132	1164.9	28.866	34.045	31.756	
15133	1165.	28.866	34.045	31.756	
15134	1165.	28.866	34.045	31.756	
15135	1165.	28.866	34.045	31.756	
15136	1165.	28.866	34.045	31.757	
15137	1165.1	28.866	34.045	31.757	
15138	1165.2	28.866	34.045	31.757	
15139	1165.3	28.866	34.045	31.757	
15140	1165.4	28.866	34.045	31.757	
15141	1165.5	28.866	34.046	31.757	
15142	1165.6	28.866	34.046	31.757	
15143	1165.7	28.867	34.046	31.757	
15144	1165.8	28.867	34.046	31.758	
15145	1165.9	28.867	34.046	31.758	
15146	1166.	28.867	34.046	31.758	
15147	1166.	28.867	34.046	31.758	
15148	1166.	28.867	34.046	31.758	
15149	1166.	28.867	34.046	31.758	
15150	1166.1	28.867	34.046	31.758	
15151	1166.2	28.867	34.047	31.758	
15152	1166.3	28.867	34.047	31.758	
15153	1166.4	28.867	34.047	31.758	
15154	1166.5	28.867	34.047	31.758	
15155	1166.6	28.867	34.047	31.759	
15156	1166.7	28.867	34.047	31.759	
15157	1166.8	28.867	34.048	31.759	
15158	1166.9	28.868	34.048	31.759	
15159	1167.	28.868	34.048	31.759	
15160	1167.	28.868	34.048	31.759	
15161	1167.	28.868	34.048	31.759	
15162	1167.	28.868	34.048	31.759	
15163	1167.1	28.868	34.048	31.759	
15164	1167.2	28.868	34.048	31.759	
15165	1167.3	28.868	34.048	31.759	
15166	1167.4	28.868	34.048	31.76	
15167	1167.5	28.868	34.049	31.76	
15168	1167.6	28.868	34.049	31.76	
15169	1167.7	28.868	34.049	31.76	
15170	1167.8	28.868	34.049	31.76	
15171	1167.9	28.868	34.049	31.76	
15172	1168.	28.869	34.049	31.76	
15173	1168.	28.869	34.049	31.76	
15174	1168.	28.869	34.049	31.76	
15175	1168.	28.869	34.049	31.76	
15176	1168.1	28.869	34.05	31.76	
15177	1168.2	28.869	34.05	31.761	
15178	1168.3	28.869	34.05	31.761	
15179	1168.4	28.869	34.05	31.761	
15180	1168.5	28.869	34.05	31.761	
15181	1168.6	28.869	34.05	31.761	
15182	1168.7	28.869	34.051	31.761	
15183	1168.8	28.869	34.051	31.761	
15184	1168.9	28.869	34.051	31.761	
15185	1169.	28.869	34.051	31.761	
15186	1169.	28.869	34.051	31.761	
15187	1169.	28.869	34.051	31.762	
15188	1169.	28.869	34.051	31.762	
15189	1169.1	28.87	34.051	31.762	
15190	1169.2	28.87	34.051	31.762	
15191	1169.3	28.87	34.051	31.762	
15192	1169.4	28.87	34.052	31.762	
15193	1169.5	28.87	34.052	31.762	
15194	1169.6	28.87	34.052	31.762	
15195	1169.7	28.87	34.052	31.762	
15196	1169.8	28.87	34.052	31.763	
15197	1169.9	28.87	34.052	31.763	
15198	1170.	28.87	34.052	31.763	
15199	1170.	28.87	34.053	31.763	
15200	1170.	28.87	34.053	31.763	
15201	1170.	28.87	34.053	31.763	
15202	1170.1	28.87	34.053	31.763	
15203	1170.2	28.87	34.053	31.763	
15204	1170.3	28.871	34.053	31.763	
15205	1170.4	28.871	34.053	31.763	
15206	1170.5	28.871	34.053	31.763	
15207	1170.6	28.871	34.053	31.764	
15208	1170.7	28.871	34.054	31.764	
15209	1170.8	28.871	34.054	31.764	
15210	1170.9	28.871	34.054	31.764	
15211	1171.	28.871	34.054	31.764	
15212	1171.	28.871	34.054	31.764	
15213	1171.	28.871	34.054	31.764	
15214	1171.	28.871	34.054	31.764	
15215	1171.1	28.871	34.054	31.764	
15216	1171.2	28.871	34.054	31.764	
15217	1171.3	28.871	34.055	31.764	
15218	1171.4	28.872	34.055	31.765	
15219	1171.5	28.872	34.055	31.765	
15220	1171.6	28.872	34.055	31.765	
15221	1171.7	28.872	34.055	31.765	
15222	1171.8	28.872	34.055	31.765	
15223	1171.9	28.872	34.056	31.765	
15224	1172.	28.872	34.056	31.765	
15225	1172.	28.872	34.056	31.765	
15226	1172.	28.872	34.056	31.765	
15227	1172.	28.872	34.056	31.765	
15228	1172.1	28.872	34.056	31.765	
15229	1172.2	28.872	34.056	31.766	
15230	1172.3	28.872	34.056	31.766	
15231	1172.4	28.872	34.056	31.766	
15232	1172.5	28.873	34.056	31.766	
15233	1172.6	28.873	34.057	31.766	
15234	1172.7	28.873	34.057	31.766	
15235	1172.8	28.873	34.057	31.766	
15236	1172.9	28.873	34.057	31.766	
15237	1173.	28.873	34.057	31.767	
15238	1173.	28.873	34.057	31.767	
15239	1173.	28.873	34.057	31.767	
15240	1173.	28.873	34.057	31.767	
15241	1173.1	28.873	34.057	31.767	
15242	1173.2	28.873	34.058	31.767	
15243	1173.3	28.873	34.058	31.767	
15244	1173.4	28.873	34.058	31.767	
15245	1173.5	28.873	34.058	31.767	
15246	1173.6	28.873	34.058	31.767	
15247	1173.7	28.874	34.058	31.767	
15248	1173.8	28.874	34.058	31.768	
15249	1173.9	28.874	34.059	31.768	
15250	1174.	28.874	34.059	31.768	
15251	1174.	28.874	34.059	31.768	
15252	1174.	28.874	34.059	31.768	
15253	1174.	28.874	34.059	31.768	
15254	1174.1	28.874	34.059	31.768	
15255	1174.2	28.874	34.059	31.768	
15256	1174.3	28.874	34.059	31.768	
15257	1174.4	28.874	34.059	31.768	
15258	1174.5	28.874	34.06	31.768	
15259	1174.6	28.874	34.06	31.769	
15260	1174.7	28.874	34.06	31.769	
15261	1174.8	28.875	34.06	31.769	
15262	1174.9	28.875	34.06	31.769	
15263	1175.	28.875	34.06	31.769	
15264	1175.	28.875	34.06	31.769	
15265	1175.	28.875	34.06	31.769	
15266	1175.	28.875	34.06	31.769	
15267	1175.1	28.875	34.061	31.769	
15268	1175.2	28.875	34.061	31.769	
15269	1175.3	28.875	34.061	31.769	
15270	1175.4	28.875	34.061	31.77	
15271	1175.5	28.875	34.061	31.77	
15272	1175.6	28.875	34.061	31.77	
15273	1175.7	28.875	34.061	31.77	
15274	1175.8	28.875	34.062	31.77	
15275	1175.9	28.875	34.062	31.77	
15276	1176.	28.876	34.062	31.77	
15277	1176.	28.876	34.062	31.77	
15278	1176.	28.876	34.062	31.77	
15279	1176.	28.876	34.062	31.77	
15280	1176.1	28.876	34.062	31.77	
15281	1176.2	28.876	34.062	31.771	
15282	1176.3	28.876	34.062	31.771	
15283	1176.4	28.876	34.063	31.771	
15284	1176.5	28.876	34.063	31.771	
15285	1176.6	28.876	34.063	31.771	
15286	1176.7	28.876	34.063	31.771	
15287	1176.8	28.876	34.063	31.771	
15288	1176.9	28.876	34.063	31.771	
15289	1177.	28.876	34.063	31.772	
15290	1177.	28.876	34.063	31.772	
15291	1177.	28.876	34.063	31.772	
15292	1177.	28.876	34.063	31.772	
15293	1177.1	28.877	34.064	31.772	
15294	1177.2	28.877	34.064	31.772	
15295	1177.3	28.877	34.064	31.772	
15296	1177.4	28.877	34.064	31.772	
15297	1177.5	28.877	34.064	31.772	
15298	1177.6	28.877	34.064	31.772	
15299	1177.7	28.877	34.065	31.772	
15300	1177.8	28.877	34.065	31.773	
15301	1177.9	28.877	34.065	31.773	
15302	1178.	28.877	34.065	31.773	
15303	1178.	28.877	34.065	31.773	
15304	1178.	28.877	34.065	31.773	
15305	1178.	28.877	34.065	31.773	
15306	1178.1	28.877	34.065	31.773	
15307	1178.2	28.878	34.065	31.773	
15308	1178.3	28.878	34.065	31.773	
15309	1178.4	28.878	34.066	31.773	
15310	1178.5	28.878	34.066	31.773	
15311	1178.6	28.878	34.066	31.774	
15312	1178.7	28.878	34.066	31.774	
15313	1178.8	28.878	34.066	31.774	
15314	1178.9	28.878	34.066	31.774	
15315	1179.	28.878	34.067	31.774	
15316	1179.	28.878	34.067	31.774	
15317	1179.	28.878	34.067	31.774	
15318	1179.	28.878	34.067	31.774	
15319	1179.1	28.878	34.067	31.774	
15320	1179.2	28.878	34.067	31.774	
15321	1179.3	28.878	34.067	31.774	
15322	1179.4	28.879	34.067	31.775	
15323	1179.5	28.879	34.067	31.775	
15324	1179.6	28.879	34.068	31.775	
15325	1179.7	28.879	34.068	31.775	
15326	1179.8	28.879	34.068	31.775	
15327	1179.9	28.879	34.068	31.775	
15328	1180.	28.879	34.068	31.775	
15329	1180.	28.879	34.068	31.775	
15330	1180.	28.879	34.068	31.775	
15331	1180.	28.879	34.068	31.775	
15332	1180.1	28.879	34.068	31.775	
15333	1180.2	28.879	34.068	31.776	
15334	1180.3	28.879	34.069	31.776	
15335	1180.4	28.879	34.069	31.776	
15336	1180.5	28.88	34.069	31.776	
15337	1180.6	28.88	34.069	31.776	
15338	1180.7	28.88	34.069	31.776	
15339	1180.8	28.88	34.069	31.776	
15340	1180.9	28.88	34.07	31.776	
15341	1181.	28.88	34.07	31.777	
15342	1181.	28.88	34.07	31.777	
15343	1181.	28.88	34.07	31.777	
15344	1181.	28.88	34.07	31.777	
15345	1181.1	28.88	34.07	31.777	
15346	1181.2	28.88	34.07	31.777	
15347	1181.3	28.88	34.07	31.777	
15348	1181.4	28.88	34.07	31.777	
15349	1181.5	28.88	34.07	31.777	
15350	1181.6	28.881	34.071	31.777	
15351	1181.7	28.881	34.071	31.777	
15352	1181.8	28.881	34.071	31.778	
15353	1181.9	28.881	34.071	31.778	
15354	1182.	28.881	34.071	31.778	
15355	1182.	28.881	34.071	31.778	
15356	1182.	28.881	34.071	31.778	
15357	1182.	28.881	34.071	31.778	
15358	1182.1	28.881	34.071	31.778	
15359	1182.2	28.881	34.072	31.778	
15360	1182.3	28.881	34.072	31.778	
15361	1182.4	28.881	34.072	31.778	
15362	1182.5	28.881	34.072	31.778	
15363	1182.6	28.881	34.072	31.779	
15364	1182.7	28.881	34.072	31.779	
15365	1182.8	28.882	34.073	31.779	
15366	1182.9	28.882	34.073	31.779	
15367	1183.	28.882	34.073	31.779	
15368	1183.	28.882	34.073	31.779	
15369	1183.	28.882	34.073	31.779	
15370	1183.	28.882	34.073	31.779	
15371	1183.1	28.882	34.073	31.779	
15372	1183.2	28.882	34.073	31.779	
15373	1183.3	28.882	34.073	31.779	
15374	1183.4	28.882	34.073	31.78	
15375	1183.5	28.882	34.074	31.78	
15376	1183.6	28.882	34.074	31.78	
15377	1183.7	28.882	34.074	31.78	
15378	1183.8	28.882	34.074	31.78	
15379	1183.9	28.883	34.074	31.78	
15380	1184.	28.883	34.074	31.78	
15381	1184.	28.883	34.074	31.78	
15382	1184.	28.883	34.074	31.78	
15383	1184.	28.883	34.074	31.78	
15384	1184.1	28.883	34.075	31.78	
15385	1184.2	28.883	34.075	31.781	
15386	1184.3	28.883	34.075	31.781	
15387	1184.4	28.883	34.075	31.781	
15388	1184.5	28.883	34.075	31.781	
15389	1184.6	28.883	34.075	31.781	
15390	1184.7	28.883	34.075	31.781	
15391	1184.8	28.883	34.076	31.781	
15392	1184.9	28.883	34.076	31.781	
15393	1185.	28.883	34.076	31.782	
15394	1185.	28.883	34.076	31.782	
15395	1185.	28.883	34.076	31.782	
15396	1185.	28.884	34.076	31.782	
15397	1185.1	28.884	34.076	31.782	
15398	1185.2	28.884	34.076	31.782	
15399	1185.3	28.884	34.076	31.782	
15400	1185.4	28.884	34.077	31.782	
15401	1185.5	28.884	34.077	31.782	
15402	1185.6	28.884	34.077	31.782	
15403	1185.7	28.884	34.077	31.782	
15404	1185.8	28.884	34.077	31.783	
15405	1185.9	28.884	34.077	31.783	
15406	1186.	28.884	34.077	31.783	
15407	1186.	28.884	34.077	31.783	
15408	1186.	28.884	34.077	31.783	
15409	1186.	28.884	34.078	31.783	
15410	1186.1	28.884	34.078	31.783	
15411	1186.2	28.885	34.078	31.783	
15412	1186.3	28.885	34.078	31.783	
15413	1186.4	28.885	34.078	31.783	
15414	1186.5	28.885	34.078	31.783	
15415	1186.6	28.885	34.078	31.784	
15416	1186.7	28.885	34.079	31.784	
15417	1186.8	28.885	34.079	31.784	
15418	1186.9	28.885	34.079	31.784	
15419	1187.	28.885	34.079	31.784	
15420	1187.	28.885	34.079	31.784	
15421	1187.	28.885	34.079	31.784	
15422	1187.	28.885	34.079	31.784	
15423	1187.1	28.885	34.079	31.784	
15424	1187.2	28.885	34.079	31.784	
15425	1187.3	28.886	34.08	31.784	
15426	1187.4	28.886	34.08	31.785	
15427	1187.5	28.886	34.08	31.785	
15428	1187.6	28.886	34.08	31.785	
15429	1187.7	28.886	34.08	31.785	
15430	1187.8	28.886	34.08	31.785	
15431	1187.9	28.886	34.08	31.785	
15432	1188.	28.886	34.081	31.785	
15433	1188.	28.886	34.081	31.785	
15434	1188.	28.886	34.081	31.785	
15435	1188.	28.886	34.081	31.785	
15436	1188.1	28.886	34.081	31.785	
15437	1188.2	28.886	34.081	31.786	
15438	1188.3	28.886	34.081	31.786	
15439	1188.4	28.886	34.081	31.786	
15440	1188.5	28.887	34.081	31.786	
15441	1188.6	28.887	34.082	31.786	
15442	1188.7	28.887	34.082	31.786	
15443	1188.8	28.887	34.082	31.786	
15444	1188.9	28.887	34.082	31.787	
15445	1189.	28.887	34.082	31.787	
15446	1189.	28.887	34.082	31.787	
15447	1189.	28.887	34.082	31.787	
15448	1189.	28.887	34.082	31.787	
15449	1189.1	28.887	34.082	31.787	
15450	1189.2	28.887	34.082	31.787	
15451	1189.3	28.887	34.083	31.787	
15452	1189.4	28.887	34.083	31.787	
15453	1189.5	28.887	34.083	31.787	
15454	1189.6	28.888	34.083	31.787	
15455	1189.7	28.888	34.083	31.788	
15456	1189.8	28.888	34.083	31.788	
15457	1189.9	28.888	34.084	31.788	
15458	1190.	28.888	34.084	31.788	
15459	1190.	28.888	34.084	31.788	
15460	1190.	28.888	34.084	31.788	
15461	1190.	28.888	34.084	31.788	
15462	1190.1	28.888	34.084	31.788	
15463	1190.2	28.888	34.084	31.788	
15464	1190.3	28.888	34.084	31.788	
15465	1190.4	28.888	34.084	31.788	
15466	1190.5	28.888	34.085	31.789	
15467	1190.6	28.888	34.085	31.789	
15468	1190.7	28.889	34.085	31.789	
15469	1190.8	28.889	34.085	31.789	
15470	1190.9	28.889	34.085	31.789	
15471	1191.	28.889	34.085	31.789	
15472	1191.	28.889	34.085	31.789	
15473	1191.	28.889	34.085	31.789	
15474	1191.	28.889	34.085	31.789	
15475	1191.1	28.889	34.085	31.789	
15476	1191.2	28.889	34.086	31.789	
15477	1191.3	28.889	34.086	31.79	
15478	1191.4	28.889	34.086	31.79	
15479	1191.5	28.889	34.086	31.79	
15480	1191.6	28.889	34.086	31.79	
15481	1191.7	28.889	34.086	31.79	
15482	1191.8	28.889	34.087	31.79	
15483	1191.9	28.89	34.087	31.79	
15484	1192.	28.89	34.087	31.79	
15485	1192.	28.89	34.087	31.79	
15486	1192.	28.89	34.087	31.79	
15487	1192.	28.89	34.087	31.79	
15488	1192.1	28.89	34.087	31.791	
15489	1192.2	28.89	34.087	31.791	
15490	1192.3	28.89	34.087	31.791	
15491	1192.4	28.89	34.087	31.791	
15492	1192.5	28.89	34.088	31.791	
15493	1192.6	28.89	34.088	31.791	
15494	1192.7	28.89	34.088	31.791	
15495	1192.8	28.89	34.088	31.791	
15496	1192.9	28.89	34.088	31.792	
15497	1193.	28.891	34.088	31.792	
15498	1193.	28.891	34.088	31.792	
15499	1193.	28.891	34.088	31.792	
15500	1193.	28.891	34.088	31.792	
15501	1193.1	28.891	34.089	31.792	
15502	1193.2	28.891	34.089	31.792	
15503	1193.3	28.891	34.089	31.792	
15504	1193.4	28.891	34.089	31.792	
15505	1193.5	28.891	34.089	31.792	
15506	1193.6	28.891	34.089	31.792	
15507	1193.7	28.891	34.09	31.793	
15508	1193.8	28.891	34.09	31.793	
15509	1193.9	28.891	34.09	31.793	
15510	1194.	28.891	34.09	31.793	
15511	1194.	28.891	34.09	31.793	
15512	1194.	28.891	34.09	31.793	
15513	1194.	28.891	34.09	31.793	
15514	1194.1	28.892	34.09	31.793	
15515	1194.2	28.892	34.09	31.793	
15516	1194.3	28.892	34.09	31.793	
15517	1194.4	28.892	34.091	31.793	
15518	1194.5	28.892	34.091	31.794	
15519	1194.6	28.892	34.091	31.794	
15520	1194.7	28.892	34.091	31.794	
15521	1194.8	28.892	34.091	31.794	
15522	1194.9	28.892	34.091	31.794	
15523	1195.	28.892	34.091	31.794	
15524	1195.	28.892	34.091	31.794	
15525	1195.	28.892	34.092	31.794	
15526	1195.	28.892	34.092	31.794	
15527	1195.1	28.892	34.092	31.794	
15528	1195.2	28.892	34.092	31.794	
15529	1195.3	28.893	34.092	31.795	
15530	1195.4	28.893	34.092	31.795	
15531	1195.5	28.893	34.092	31.795	
15532	1195.6	28.893	34.092	31.795	
15533	1195.7	28.893	34.093	31.795	
15534	1195.8	28.893	34.093	31.795	
15535	1195.9	28.893	34.093	31.795	
15536	1196.	28.893	34.093	31.795	
15537	1196.	28.893	34.093	31.795	
15538	1196.	28.893	34.093	31.795	
15539	1196.	28.893	34.093	31.795	
15540	1196.1	28.893	34.093	31.796	
15541	1196.2	28.893	34.093	31.796	
15542	1196.3	28.893	34.094	31.796	
15543	1196.4	28.894	34.094	31.796	
15544	1196.5	28.894	34.094	31.796	
15545	1196.6	28.894	34.094	31.796	
15546	1196.7	28.894	34.094	31.796	
15547	1196.8	28.894	34.094	31.796	
15548	1196.9	28.894	34.095	31.797	
15549	1197.	28.894	34.095	31.797	
15550	1197.	28.894	34.095	31.797	
15551	1197.	28.894	34.095	31.797	
15552	1197.	28.894	34.095	31.797	
15553	1197.1	28.894	34.095	31.797	
15554	1197.2	28.894	34.095	31.797	
15555	1197.3	28.894	34.095	31.797	
15556	1197.4	28.894	34.095	31.797	
15557	1197.5	28.894	34.095	31.797	
15558	1197.6	28.895	34.096	31.797	
15559	1197.7	28.895	34.096	31.798	
15560	1197.8	28.895	34.096	31.798	
15561	1197.9	28.895	34.096	31.798	
15562	1198.	28.895	34.096	31.798	
15563	1198.	28.895	34.096	31.798	
15564	1198.	28.895	34.096	31.798	
15565	1198.	28.895	34.096	31.798	
15566	1198.1	28.895	34.096	31.798	
15567	1198.2	28.895	34.097	31.798	
15568	1198.3	28.895	34.097	31.798	
15569	1198.4	28.895	34.097	31.798	
15570	1198.5	28.895	34.097	31.799	
15571	1198.6	28.895	34.097	31.799	
15572	1198.7	28.896	34.097	31.799	
15573	1198.8	28.896	34.097	31.799	
15574	1198.9	28.896	34.098	31.799	
15575	1199.	28.896	34.098	31.799	
15576	1199.	28.896	34.098	31.799	
15577	1199.	28.896	34.098	31.799	
15578	1199.	28.896	34.098	31.799	
15579	1199.1	28.896	34.098	31.799	
15580	1199.2	28.896	34.098	31.799	
15581	1199.3	28.896	34.098	31.8	
15582	1199.4	28.896	34.098	31.8	
15583	1199.5	28.896	34.099	31.8	
15584	1199.6	28.896	34.099	31.8	
15585	1199.7	28.896	34.099	31.8	
15586	1199.8	28.897	34.099	31.8	
15587	1199.9	28.897	34.099	31.8	
15588	1200.	28.897	34.099	31.8	
15589	1200.	28.897	34.099	31.8	
15590	1200.	28.897	34.099	31.8	
15591	1200.	28.897	34.099	31.8	
15592	1200.1	28.897	34.099	31.801	
15593	1200.2	28.897	34.1	31.801	
15594	1200.3	28.897	34.1	31.801	
15595	1200.4	28.897	34.1	31.801	
15596	1200.5	28.897	34.1	31.801	
15597	1200.6	28.897	34.1	31.801	
15598	1200.7	28.897	34.1	31.801	
15599	1200.8	28.897	34.101	31.801	
15600	1200.9	28.897	34.101	31.802	
15601	1201.	28.898	34.101	31.802	
15602	1201.	28.898	34.101	31.802	
15603	1201.	28.898	34.101	31.802	
15604	1201.	28.898	34.101	31.802	
15605	1201.1	28.898	34.101	31.802	
15606	1201.2	28.898	34.101	31.802	
15607	1201.3	28.898	34.101	31.802	
15608	1201.4	28.898	34.102	31.802	
15609	1201.5	28.898	34.102	31.802	
15610	1201.6	28.898	34.102	31.802	
15611	1201.7	28.898	34.102	31.803	
15612	1201.8	28.898	34.102	31.803	
15613	1201.9	28.898	34.102	31.803	
15614	1202.	28.898	34.102	31.803	
15615	1202.	28.898	34.102	31.803	
15616	1202.	28.898	34.102	31.803	
15617	1202.	28.898	34.102	31.803	
15618	1202.1	28.899	34.103	31.803	
15619	1202.2	28.899	34.103	31.803	
15620	1202.3	28.899	34.103	31.803	
15621	1202.4	28.899	34.103	31.803	
15622	1202.5	28.899	34.103	31.804	
15623	1202.6	28.899	34.103	31.804	
15624	1202.7	28.899	34.104	31.804	
15625	1202.8	28.899	34.104	31.804	
15626	1202.9	28.899	34.104	31.804	
15627	1203.	28.899	34.104	31.804	
15628	1203.	28.899	34.104	31.804	
15629	1203.	28.899	34.104	31.804	
15630	1203.	28.899	34.104	31.804	
15631	1203.1	28.899	34.104	31.804	
15632	1203.2	28.899	34.104	31.804	
15633	1203.3	28.9	34.104	31.805	
15634	1203.4	28.9	34.105	31.805	
15635	1203.5	28.9	34.105	31.805	
15636	1203.6	28.9	34.105	31.805	
15637	1203.7	28.9	34.105	31.805	
15638	1203.8	28.9	34.105	31.805	
15639	1203.9	28.9	34.105	31.805	
15640	1204.	28.9	34.106	31.805	
15641	1204.	28.9	34.106	31.805	
15642	1204.	28.9	34.106	31.805	
15643	1204.	28.9	34.106	31.805	
15644	1204.1	28.9	34.106	31.806	
15645	1204.2	28.9	34.106	31.806	
15646	1204.3	28.9	34.106	31.806	
15647	1204.4	28.901	34.106	31.806	
15648	1204.5	28.901	34.106	31.806	
15649	1204.6	28.901	34.107	31.806	
15650	1204.7	28.901	34.107	31.806	
15651	1204.8	28.901	34.107	31.806	
15652	1204.9	28.901	34.107	31.807	
15653	1205.	28.901	34.107	31.807	
15654	1205.	28.901	34.107	31.807	
15655	1205.	28.901	34.107	31.807	
15656	1205.	28.901	34.107	31.807	
15657	1205.1	28.901	34.107	31.807	
15658	1205.2	28.901	34.107	31.807	
15659	1205.3	28.901	34.108	31.807	
15660	1205.4	28.901	34.108	31.807	
15661	1205.5	28.902	34.108	31.807	
15662	1205.6	28.902	34.108	31.807	
15663	1205.7	28.902	34.108	31.808	
15664	1205.8	28.902	34.108	31.808	
15665	1205.9	28.902	34.109	31.808	
15666	1206.	28.902	34.109	31.808	
15667	1206.	28.902	34.109	31.808	
15668	1206.	28.902	34.109	31.808	
15669	1206.	28.902	34.109	31.808	
15670	1206.1	28.902	34.109	31.808	
15671	1206.2	28.902	34.109	31.808	
15672	1206.3	28.902	34.109	31.808	
15673	1206.4	28.902	34.109	31.808	
15674	1206.5	28.902	34.109	31.809	
15675	1206.6	28.902	34.11	31.809	
15676	1206.7	28.903	34.11	31.809	
15677	1206.8	28.903	34.11	31.809	
15678	1206.9	28.903	34.11	31.809	
15679	1207.	28.903	34.11	31.809	
15680	1207.	28.903	34.11	31.809	
15681	1207.	28.903	34.11	31.809	
15682	1207.	28.903	34.11	31.809	
15683	1207.1	28.903	34.11	31.809	
15684	1207.2	28.903	34.111	31.809	
15685	1207.3	28.903	34.111	31.81	
15686	1207.4	28.903	34.111	31.81	
15687	1207.5	28.903	34.111	31.81	
15688	1207.6	28.903	34.111	31.81	
15689	1207.7	28.903	34.111	31.81	
15690	1207.8	28.904	34.112	31.81	
15691	1207.9	28.904	34.112	31.81	
15692	1208.	28.904	34.112	31.81	
15693	1208.	28.904	34.112	31.81	
15694	1208.	28.904	34.112	31.81	
15695	1208.	28.904	34.112	31.81	
15696	1208.1	28.904	34.112	31.811	
15697	1208.2	28.904	34.112	31.811	
15698	1208.3	28.904	34.112	31.811	
15699	1208.4	28.904	34.112	31.811	
15700	1208.5	28.904	34.113	31.811	
15701	1208.6	28.904	34.113	31.811	
15702	1208.7	28.904	34.113	31.811	
15703	1208.8	28.904	34.113	31.811	
15704	1208.9	28.905	34.113	31.812	
15705	1209.	28.905	34.113	31.812	
15706	1209.	28.905	34.113	31.812	
15707	1209.	28.905	34.113	31.812	
15708	1209.	28.905	34.113	31.812	
15709	1209.1	28.905	34.114	31.812	
15710	1209.2	28.905	34.114	31.812	
15711	1209.3	28.905	34.114	31.812	
15712	1209.4	28.905	34.114	31.812	
15713	1209.5	28.905	34.114	31.812	
15714	1209.6	28.905	34.114	31.812	
15715	1209.7	28.905	34.114	31.813	
15716	1209.8	28.905	34.115	31.813	
15717	1209.9	28.905	34.115	31.813	
15718	1210.	28.905	34.115	31.813	
15719	1210.	28.905	34.115	31.813	
15720	1210.	28.905	34.115	31.813	
15721	1210.	28.905	34.115	31.813	
15722	1210.1	28.906	34.115	31.813	
15723	1210.2	28.906	34.115	31.813	
15724	1210.3	28.906	34.115	31.813	
15725	1210.4	28.906	34.116	31.813	
15726	1210.5	28.906	34.116	31.814	
15727	1210.6	28.906	34.116	31.814	
15728	1210.7	28.906	34.116	31.814	
15729	1210.8	28.906	34.116	31.814	
15730	1210.9	28.906	34.116	31.814	
15731	1211.	28.906	34.116	31.814	
15732	1211.	28.906	34.116	31.814	
15733	1211.	28.906	34.116	31.814	
15734	1211.	28.906	34.117	31.814	
15735	1211.1	28.906	34.117	31.814	
15736	1211.2	28.907	34.117	31.814	
15737	1211.3	28.907	34.117	31.815	
15738	1211.4	28.907	34.117	31.815	
15739	1211.5	28.907	34.117	31.815	
15740	1211.6	28.907	34.117	31.815	
15741	1211.7	28.907	34.118	31.815	
15742	1211.8	28.907	34.118	31.815	
15743	1211.9	28.907	34.118	31.815	
15744	1212.	28.907	34.118	31.815	
15745	1212.	28.907	34.118	31.815	
15746	1212.	28.907	34.118	31.815	
15747	1212.	28.907	34.118	31.815	
15748	1212.1	28.907	34.118	31.816	
15749	1212.2	28.907	34.118	31.816	
15750	1212.3	28.907	34.119	31.816	
15751	1212.4	28.908	34.119	31.816	
15752	1212.5	28.908	34.119	31.816	
15753	1212.6	28.908	34.119	31.816	
15754	1212.7	28.908	34.119	31.816	
15755	1212.8	28.908	34.119	31.816	
15756	1212.9	28.908	34.119	31.817	
15757	1213.	28.908	34.12	31.817	
15758	1213.	28.908	34.12	31.817	
15759	1213.	28.908	34.12	31.817	
15760	1213.	28.908	34.12	31.817	
15761	1213.1	28.908	34.12	31.817	
15762	1213.2	28.908	34.12	31.817	
15763	1213.3	28.908	34.12	31.817	
15764	1213.4	28.908	34.12	31.817	
15765	1213.5	28.909	34.12	31.817	
15766	1213.6	28.909	34.121	31.817	
15767	1213.7	28.909	34.121	31.818	
15768	1213.8	28.909	34.121	31.818	
15769	1213.9	28.909	34.121	31.818	
15770	1214.	28.909	34.121	31.818	
15771	1214.	28.909	34.121	31.818	
15772	1214.	28.909	34.121	31.818	
15773	1214.	28.909	34.121	31.818	
15774	1214.1	28.909	34.121	31.818	
15775	1214.2	28.909	34.121	31.818	
15776	1214.3	28.909	34.122	31.818	
15777	1214.4	28.909	34.122	31.818	
15778	1214.5	28.909	34.122	31.819	
15779	1214.6	28.91	34.122	31.819	
15780	1214.7	28.91	34.122	31.819	
15781	1214.8	28.91	34.122	31.819	
15782	1214.9	28.91	34.123	31.819	
15783	1215.	28.91	34.123	31.819	
15784	1215.	28.91	34.123	31.819	
15785	1215.	28.91	34.123	31.819	
15786	1215.	28.91	34.123	31.819	
15787	1215.1	28.91	34.123	31.819	
15788	1215.2	28.91	34.123	31.819	
15789	1215.3	28.91	34.123	31.82	
15790	1215.4	28.91	34.123	31.82	
15791	1215.5	28.91	34.124	31.82	
15792	1215.6	28.91	34.124	31.82	
15793	1215.7	28.91	34.124	31.82	
15794	1215.8	28.911	34.124	31.82	
15795	1215.9	28.911	34.124	31.82	
15796	1216.	28.911	34.124	31.82	
15797	1216.	28.911	34.124	31.82	
15798	1216.	28.911	34.124	31.82	
15799	1216.	28.911	34.124	31.82	
15800	1216.1	28.911	34.124	31.821	
15801	1216.2	28.911	34.125	31.821	
15802	1216.3	28.911	34.125	31.821	
15803	1216.4	28.911	34.125	31.821	
15804	1216.5	28.911	34.125	31.821	
15805	1216.6	28.911	34.125	31.821	
15806	1216.7	28.911	34.125	31.821	
15807	1216.8	28.911	34.126	31.821	
15808	1216.9	28.912	34.126	31.822	
15809	1217.	28.912	34.126	31.822	
15810	1217.	28.912	34.126	31.822	
15811	1217.	28.912	34.126	31.822	
15812	1217.	28.912	34.126	31.822	
15813	1217.1	28.912	34.126	31.822	
15814	1217.2	28.912	34.126	31.822	
15815	1217.3	28.912	34.126	31.822	
15816	1217.4	28.912	34.126	31.822	
15817	1217.5	28.912	34.127	31.822	
15818	1217.6	28.912	34.127	31.822	
15819	1217.7	28.912	34.127	31.823	
15820	1217.8	28.912	34.127	31.823	
15821	1217.9	28.912	34.127	31.823	
15822	1218.	28.912	34.127	31.823	
15823	1218.	28.912	34.127	31.823	
15824	1218.	28.912	34.127	31.823	
15825	1218.	28.912	34.127	31.823	
15826	1218.1	28.913	34.128	31.823	
15827	1218.2	28.913	34.128	31.823	
15828	1218.3	28.913	34.128	31.823	
15829	1218.4	28.913	34.128	31.823	
15830	1218.5	28.913	34.128	31.824	
15831	1218.6	28.913	34.128	31.824	
15832	1218.7	28.913	34.129	31.824	
15833	1218.8	28.913	34.129	31.824	
15834	1218.9	28.913	34.129	31.824	
15835	1219.	28.913	34.129	31.824	
15836	1219.	28.913	34.129	31.824	
15837	1219.	28.913	34.129	31.824	
15838	1219.	28.913	34.129	31.824	
15839	1219.1	28.913	34.129	31.824	
15840	1219.2	28.914	34.129	31.824	
15841	1219.3	28.914	34.129	31.825	
15842	1219.4	28.914	34.13	31.825	
15843	1219.5	28.914	34.13	31.825	
15844	1219.6	28.914	34.13	31.825	
15845	1219.7	28.914	34.13	31.825	
15846	1219.8	28.914	34.13	31.825	
15847	1219.9	28.914	34.13	31.825	
15848	1220.	28.914	34.13	31.825	
15849	1220.	28.914	34.13	31.825	
15850	1220.	28.914	34.131	31.825	
15851	1220.	28.914	34.131	31.826	
15852	1220.1	28.914	34.131	31.826	
15853	1220.2	28.914	34.131	31.826	
15854	1220.3	28.915	34.131	31.826	
15855	1220.4	28.915	34.131	31.826	
15856	1220.5	28.915	34.131	31.826	
15857	1220.6	28.915	34.131	31.826	
15858	1220.7	28.915	34.132	31.826	
15859	1220.8	28.915	34.132	31.826	
15860	1220.9	28.915	34.132	31.827	
15861	1221.	28.915	34.132	31.827	
15862	1221.	28.915	34.132	31.827	
15863	1221.	28.915	34.132	31.827	
15864	1221.	28.915	34.132	31.827	
15865	1221.1	28.915	34.132	31.827	
15866	1221.2	28.915	34.132	31.827	
15867	1221.3	28.915	34.133	31.827	
15868	1221.4	28.915	34.133	31.827	
15869	1221.5	28.916	34.133	31.827	
15870	1221.6	28.916	34.133	31.827	
15871	1221.7	28.916	34.133	31.828	
15872	1221.8	28.916	34.133	31.828	
15873	1221.9	28.916	34.134	31.828	
15874	1222.	28.916	34.134	31.828	
15875	1222.	28.916	34.134	31.828	
15876	1222.	28.916	34.134	31.828	
15877	1222.	28.916	34.134	31.828	
15878	1222.1	28.916	34.134	31.828	
15879	1222.2	28.916	34.134	31.828	
15880	1222.3	28.916	34.134	31.828	
15881	1222.4	28.916	34.134	31.829	
15882	1222.5	28.916	34.134	31.829	
15883	1222.6	28.917	34.135	31.829	
15884	1222.7	28.917	34.135	31.829	
15885	1222.8	28.917	34.135	31.829	
15886	1222.9	28.917	34.135	31.829	
15887	1223.	28.917	34.135	31.829	
15888	1223.	28.917	34.135	31.829	
15889	1223.	28.917	34.135	31.829	
15890	1223.	28.917	34.135	31.829	
15891	1223.1	28.917	34.135	31.829	
15892	1223.2	28.917	34.136	31.83	
15893	1223.3	28.917	34.136	31.83	
15894	1223.4	28.917	34.136	31.83	
15895	1223.5	28.917	34.136	31.83	
15896	1223.6	28.917	34.136	31.83	
15897	1223.7	28.917	34.136	31.83	
15898	1223.8	28.918	34.136	31.83	
15899	1223.9	28.918	34.137	31.83	
15900	1224.	28.918	34.137	31.83	
15901	1224.	28.918	34.137	31.83	
15902	1224.	28.918	34.137	31.83	
15903	1224.	28.918	34.137	31.831	
15904	1224.1	28.918	34.137	31.831	
15905	1224.2	28.918	34.137	31.831	
15906	1224.3	28.918	34.137	31.831	
15907	1224.4	28.918	34.137	31.831	
15908	1224.5	28.918	34.138	31.831	
15909	1224.6	28.918	34.138	31.831	
15910	1224.7	28.918	34.138	31.831	
15911	1224.8	28.918	34.138	31.832	
15912	1224.9	28.919	34.138	31.832	
15913	1225.	28.919	34.138	31.832	
15914	1225.	28.919	34.138	31.832	
15915	1225.	28.919	34.138	31.832	
15916	1225.	28.919	34.138	31.832	
15917	1225.1	28.919	34.138	31.832	
15918	1225.2	28.919	34.139	31.832	
15919	1225.3	28.919	34.139	31.832	
15920	1225.4	28.919	34.139	31.832	
15921	1225.5	28.919	34.139	31.832	
15922	1225.6	28.919	34.139	31.833	
15923	1225.7	28.919	34.139	31.833	
15924	1225.8	28.919	34.14	31.833	
15925	1225.9	28.919	34.14	31.833	
15926	1226.	28.919	34.14	31.833	
15927	1226.	28.919	34.14	31.833	
15928	1226.	28.919	34.14	31.833	
15929	1226.	28.92	34.14	31.833	
15930	1226.1	28.92	34.14	31.833	
15931	1226.2	28.92	34.14	31.833	
15932	1226.3	28.92	34.14	31.833	
15933	1226.4	28.92	34.141	31.834	
15934	1226.5	28.92	34.141	31.834	
15935	1226.6	28.92	34.141	31.834	
15936	1226.7	28.92	34.141	31.834	
15937	1226.8	28.92	34.141	31.834	
15938	1226.9	28.92	34.141	31.834	
15939	1227.	28.92	34.141	31.834	
15940	1227.	28.92	34.141	31.834	
15941	1227.	28.92	34.141	31.834	
15942	1227.	28.92	34.141	31.834	
15943	1227.1	28.92	34.142	31.834	
15944	1227.2	28.921	34.142	31.835	
15945	1227.3	28.921	34.142	31.835	
15946	1227.4	28.921	34.142	31.835	
15947	1227.5	28.921	34.142	31.835	
15948	1227.6	28.921	34.142	31.835	
15949	1227.7	28.921	34.143	31.835	
15950	1227.8	28.921	34.143	31.835	
15951	1227.9	28.921	34.143	31.835	
15952	1228.	28.921	34.143	31.835	
15953	1228.	28.921	34.143	31.835	
15954	1228.	28.921	34.143	31.835	
15955	1228.	28.921	34.143	31.836	
15956	1228.1	28.921	34.143	31.836	
15957	1228.2	28.921	34.143	31.836	
15958	1228.3	28.922	34.143	31.836	
15959	1228.4	28.922	34.144	31.836	
15960	1228.5	28.922	34.144	31.836	
15961	1228.6	28.922	34.144	31.836	
15962	1228.7	28.922	34.144	31.836	
15963	1228.8	28.922	34.144	31.837	
15964	1228.9	28.922	34.144	31.837	
15965	1229.	28.922	34.145	31.837	
15966	1229.	28.922	34.145	31.837	
15967	1229.	28.922	34.145	31.837	
15968	1229.	28.922	34.145	31.837	
15969	1229.1	28.922	34.145	31.837	
15970	1229.2	28.922	34.145	31.837	
15971	1229.3	28.922	34.145	31.837	
15972	1229.4	28.922	34.145	31.837	
15973	1229.5	28.923	34.145	31.837	
15974	1229.6	28.923	34.146	31.838	
15975	1229.7	28.923	34.146	31.838	
15976	1229.8	28.923	34.146	31.838	
15977	1229.9	28.923	34.146	31.838	
15978	1230.	28.923	34.146	31.838	
15979	1230.	28.923	34.146	31.838	
15980	1230.	28.923	34.146	31.838	
15981	1230.	28.923	34.146	31.838	
15982	1230.1	28.923	34.146	31.838	
15983	1230.2	28.923	34.146	31.838	
15984	1230.3	28.923	34.147	31.838	
15985	1230.4	28.923	34.147	31.839	
15986	1230.5	28.923	34.147	31.839	
15987	1230.6	28.924	34.147	31.839	
15988	1230.7	28.924	34.147	31.839	
15989	1230.8	28.924	34.147	31.839	
15990	1230.9	28.924	34.148	31.839	
15991	1231.	28.924	34.148	31.839	
15992	1231.	28.924	34.148	31.839	
15993	1231.	28.924	34.148	31.839	
15994	1231.	28.924	34.148	31.839	
15995	1231.1	28.924	34.148	31.839	
15996	1231.2	28.924	34.148	31.84	
15997	1231.3	28.924	34.148	31.84	
15998	1231.4	28.924	34.148	31.84	
15999	1231.5	28.924	34.148	31.84	
16000	1231.6	28.924	34.149	31.84	
16001	1231.7	28.924	34.149	31.84	
16002	1231.8	28.925	34.149	31.84	
16003	1231.9	28.925	34.149	31.84	
16004	1232.	28.925	34.149	31.84	
16005	1232.	28.925	34.149	31.84	
16006	1232.	28.925	34.149	31.841	
16007	1232.	28.925	34.149	31.841	
16008	1232.1	28.925	34.149	31.841	
16009	1232.2	28.925	34.15	31.841	
16010	1232.3	28.925	34.15	31.841	
16011	1232.4	28.925	34.15	31.841	
16012	1232.5	28.925	34.15	31.841	
16013	1232.6	28.925	34.15	31.841	
16014	1232.7	28.925	34.15	31.841	
16015	1232.8	28.925	34.151	31.842	
16016	1232.9	28.926	34.151	31.842	
16017	1233.	28.926	34.151	31.842	
16018	1233.	28.926	34.151	31.842	
16019	1233.	28.926	34.151	31.842	
16020	1233.	28.926	34.151	31.842	
16021	1233.1	28.926	34.151	31.842	
16022	1233.2	28.926	34.151	31.842	
16023	1233.3	28.926	34.151	31.842	
16024	1233.4	28.926	34.151	31.842	
16025	1233.5	28.926	34.152	31.842	
16026	1233.6	28.926	34.152	31.843	
16027	1233.7	28.926	34.152	31.843	
16028	1233.8	28.926	34.152	31.843	
16029	1233.9	28.926	34.152	31.843	
16030	1234.	28.926	34.152	31.843	
16031	1234.	28.926	34.152	31.843	
16032	1234.	28.926	34.152	31.843	
16033	1234.	28.927	34.152	31.843	
16034	1234.1	28.927	34.153	31.843	
16035	1234.2	28.927	34.153	31.843	
16036	1234.3	28.927	34.153	31.843	
16037	1234.4	28.927	34.153	31.844	
16038	1234.5	28.927	34.153	31.844	
16039	1234.6	28.927	34.153	31.844	
16040	1234.7	28.927	34.153	31.844	
16041	1234.8	28.927	34.154	31.844	
16042	1234.9	28.927	34.154	31.844	
16043	1235.	28.927	34.154	31.844	
16044	1235.	28.927	34.154	31.844	
16045	1235.	28.927	34.154	31.844	
16046	1235.	28.927	34.154	31.844	
16047	1235.1	28.927	34.154	31.844	
16048	1235.2	28.928	34.154	31.845	
16049	1235.3	28.928	34.154	31.845	
16050	1235.4	28.928	34.155	31.845	
16051	1235.5	28.928	34.155	31.845	
16052	1235.6	28.928	34.155	31.845	
16053	1235.7	28.928	34.155	31.845	
16054	1235.8	28.928	34.155	31.845	
16055	1235.9	28.928	34.155	31.845	
16056	1236.	28.928	34.155	31.845	
16057	1236.	28.928	34.155	31.846	
16058	1236.	28.928	34.155	31.846	
16059	1236.	28.928	34.156	31.846	
16060	1236.1	28.928	34.156	31.846	
16061	1236.2	28.928	34.156	31.846	
16062	1236.3	28.929	34.156	31.846	
16063	1236.4	28.929	34.156	31.846	
16064	1236.5	28.929	34.156	31.846	
16065	1236.6	28.929	34.156	31.846	
16066	1236.7	28.929	34.157	31.846	
16067	1236.8	28.929	34.157	31.847	
16068	1236.9	28.929	34.157	31.847	
16069	1237.	28.929	34.157	31.847	
16070	1237.	28.929	34.157	31.847	
16071	1237.	28.929	34.157	31.847	
16072	1237.	28.929	34.157	31.847	
16073	1237.1	28.929	34.157	31.847	
16074	1237.2	28.929	34.157	31.847	
16075	1237.3	28.929	34.158	31.847	
16076	1237.4	28.929	34.158	31.847	
16077	1237.5	28.93	34.158	31.847	
16078	1237.6	28.93	34.158	31.848	
16079	1237.7	28.93	34.158	31.848	
16080	1237.8	28.93	34.158	31.848	
16081	1237.9	28.93	34.158	31.848	
16082	1238.	28.93	34.159	31.848	
16083	1238.	28.93	34.159	31.848	
16084	1238.	28.93	34.159	31.848	
16085	1238.	28.93	34.159	31.848	
16086	1238.1	28.93	34.159	31.848	
16087	1238.2	28.93	34.159	31.848	
16088	1238.3	28.93	34.159	31.848	
16089	1238.4	28.93	34.159	31.849	
16090	1238.5	28.93	34.159	31.849	
16091	1238.6	28.931	34.16	31.849	
16092	1238.7	28.931	34.16	31.849	
16093	1238.8	28.931	34.16	31.849	
16094	1238.9	28.931	34.16	31.849	
16095	1239.	28.931	34.16	31.849	
16096	1239.	28.931	34.16	31.849	
16097	1239.	28.931	34.16	31.849	
16098	1239.	28.931	34.16	31.849	
16099	1239.1	28.931	34.16	31.849	
16100	1239.2	28.931	34.16	31.85	
16101	1239.3	28.931	34.161	31.85	
16102	1239.4	28.931	34.161	31.85	
16103	1239.5	28.931	34.161	31.85	
16104	1239.6	28.931	34.161	31.85	
16105	1239.7	28.931	34.161	31.85	
16106	1239.8	28.932	34.161	31.85	
16107	1239.9	28.932	34.162	31.85	
16108	1240.	28.932	34.162	31.851	
16109	1240.	28.932	34.162	31.851	
16110	1240.	28.932	34.162	31.851	
16111	1240.	28.932	34.162	31.851	
16112	1240.1	28.932	34.162	31.851	
16113	1240.2	28.932	34.162	31.851	
16114	1240.3	28.932	34.162	31.851	
16115	1240.4	28.932	34.162	31.851	
16116	1240.5	28.932	34.163	31.851	
16117	1240.6	28.932	34.163	31.851	
16118	1240.7	28.932	34.163	31.851	
16119	1240.8	28.932	34.163	31.852	
16120	1240.9	28.933	34.163	31.852	
16121	1241.	28.933	34.163	31.852	
16122	1241.	28.933	34.163	31.852	
16123	1241.	28.933	34.163	31.852	
16124	1241.	28.933	34.163	31.852	
16125	1241.1	28.933	34.163	31.852	
16126	1241.2	28.933	34.164	31.852	
16127	1241.3	28.933	34.164	31.852	
16128	1241.4	28.933	34.164	31.852	
16129	1241.5	28.933	34.164	31.852	
16130	1241.6	28.933	34.164	31.853	
16131	1241.7	28.933	34.164	31.853	
16132	1241.8	28.933	34.165	31.853	
16133	1241.9	28.933	34.165	31.853	
16134	1242.	28.933	34.165	31.853	
16135	1242.	28.933	34.165	31.853	
16136	1242.	28.933	34.165	31.853	
16137	1242.	28.934	34.165	31.853	
16138	1242.1	28.934	34.165	31.853	
16139	1242.2	28.934	34.165	31.853	
16140	1242.3	28.934	34.165	31.853	
16141	1242.4	28.934	34.165	31.854	
16142	1242.5	28.934	34.166	31.854	
16143	1242.6	28.934	34.166	31.854	
16144	1242.7	28.934	34.166	31.854	
16145	1242.8	28.934	34.166	31.854	
16146	1242.9	28.934	34.166	31.854	
16147	1243.	28.934	34.166	31.854	
16148	1243.	28.934	34.166	31.854	
16149	1243.	28.934	34.166	31.854	
16150	1243.	28.934	34.166	31.854	
16151	1243.1	28.934	34.167	31.854	
16152	1243.2	28.935	34.167	31.855	
16153	1243.3	28.935	34.167	31.855	
16154	1243.4	28.935	34.167	31.855	
16155	1243.5	28.935	34.167	31.855	
16156	1243.6	28.935	34.167	31.855	
16157	1243.7	28.935	34.168	31.855	
16158	1243.8	28.935	34.168	31.855	
16159	1243.9	28.935	34.168	31.855	
16160	1244.	28.935	34.168	31.856	
16161	1244.	28.935	34.168	31.856	
16162	1244.	28.935	34.168	31.856	
16163	1244.	28.935	34.168	31.856	
16164	1244.1	28.935	34.168	31.856	
16165	1244.2	28.935	34.168	31.856	
16166	1244.3	28.936	34.168	31.856	
16167	1244.4	28.936	34.169	31.856	
16168	1244.5	28.936	34.169	31.856	
16169	1244.6	28.936	34.169	31.856	
16170	1244.7	28.936	34.169	31.856	
16171	1244.8	28.936	34.169	31.857	
16172	1244.9	28.936	34.169	31.857	
16173	1245.	28.936	34.169	31.857	
16174	1245.	28.936	34.169	31.857	
16175	1245.	28.936	34.17	31.857	
16176	1245.	28.936	34.17	31.857	
16177	1245.1	28.936	34.17	31.857	
16178	1245.2	28.936	34.17	31.857	
16179	1245.3	28.936	34.17	31.857	
16180	1245.4	28.936	34.17	31.857	
16181	1245.5	28.937	34.17	31.857	
16182	1245.6	28.937	34.17	31.858	
16183	1245.7	28.937	34.171	31.858	
16184	1245.8	28.937	34.171	31.858	
16185	1245.9	28.937	34.171	31.858	
16186	1246.	28.937	34.171	31.858	
16187	1246.	28.937	34.171	31.858	
16188	1246.	28.937	34.171	31.858	
16189	1246.	28.937	34.171	31.858	
16190	1246.1	28.937	34.171	31.858	
16191	1246.2	28.937	34.171	31.858	
16192	1246.3	28.937	34.172	31.858	
16193	1246.4	28.937	34.172	31.859	
16194	1246.5	28.937	34.172	31.859	
16195	1246.6	28.938	34.172	31.859	
16196	1246.7	28.938	34.172	31.859	
16197	1246.8	28.938	34.172	31.859	
16198	1246.9	28.938	34.173	31.859	
16199	1247.	28.938	34.173	31.859	
16200	1247.	28.938	34.173	31.859	
16201	1247.	28.938	34.173	31.859	
16202	1247.	28.938	34.173	31.859	
16203	1247.1	28.938	34.173	31.859	
16204	1247.2	28.938	34.173	31.86	
16205	1247.3	28.938	34.173	31.86	
16206	1247.4	28.938	34.173	31.86	
16207	1247.5	28.938	34.173	31.86	
16208	1247.6	28.938	34.174	31.86	
16209	1247.7	28.939	34.174	31.86	
16210	1247.8	28.939	34.174	31.86	
16211	1247.9	28.939	34.174	31.86	
16212	1248.	28.939	34.174	31.861	
16213	1248.	28.939	34.174	31.861	
16214	1248.	28.939	34.174	31.861	
16215	1248.	28.939	34.174	31.861	
16216	1248.1	28.939	34.174	31.861	
16217	1248.2	28.939	34.175	31.861	
16218	1248.3	28.939	34.175	31.861	
16219	1248.4	28.939	34.175	31.861	
16220	1248.5	28.939	34.175	31.861	
16221	1248.6	28.939	34.175	31.861	
16222	1248.7	28.939	34.175	31.861	
16223	1248.8	28.939	34.175	31.862	
16224	1248.9	28.94	34.176	31.862	
16225	1249.	28.94	34.176	31.862	
16226	1249.	28.94	34.176	31.862	
16227	1249.	28.94	34.176	31.862	
16228	1249.	28.94	34.176	31.862	
16229	1249.1	28.94	34.176	31.862	
16230	1249.2	28.94	34.176	31.862	
16231	1249.3	28.94	34.176	31.862	
16232	1249.4	28.94	34.176	31.862	
16233	1249.5	28.94	34.177	31.862	
16234	1249.6	28.94	34.177	31.863	
16235	1249.7	28.94	34.177	31.863	
16236	1249.8	28.94	34.177	31.863	
16237	1249.9	28.94	34.177	31.863	
16238	1250.	28.94	34.177	31.863	
16239	1250.	28.94	34.177	31.863	
16240	1250.	28.94	34.177	31.863	
16241	1250.	28.941	34.177	31.863	
16242	1250.1	28.941	34.178	31.863	
16243	1250.2	28.941	34.178	31.863	
16244	1250.3	28.941	34.178	31.863	
16245	1250.4	28.941	34.178	31.864	
16246	1250.5	28.941	34.178	31.864	
16247	1250.6	28.941	34.178	31.864	
16248	1250.7	28.941	34.178	31.864	
16249	1250.8	28.941	34.179	31.864	
16250	1250.9	28.941	34.179	31.864	
16251	1251.	28.941	34.179	31.864	
16252	1251.	28.941	34.179	31.864	
16253	1251.	28.941	34.179	31.864	
16254	1251.	28.941	34.179	31.864	
16255	1251.1	28.941	34.179	31.864	
16256	1251.2	28.942	34.179	31.865	
16257	1251.3	28.942	34.179	31.865	
16258	1251.4	28.942	34.18	31.865	
16259	1251.5	28.942	34.18	31.865	
16260	1251.6	28.942	34.18	31.865	
16261	1251.7	28.942	34.18	31.865	
16262	1251.8	28.942	34.18	31.865	
16263	1251.9	28.942	34.18	31.865	
16264	1252.	28.942	34.18	31.866	
16265	1252.	28.942	34.18	31.866	
16266	1252.	28.942	34.18	31.866	
16267	1252.	28.942	34.18	31.866	
16268	1252.1	28.942	34.181	31.866	
16269	1252.2	28.942	34.181	31.866	
16270	1252.3	28.943	34.181	31.866	
16271	1252.4	28.943	34.181	31.866	
16272	1252.5	28.943	34.181	31.866	
16273	1252.6	28.943	34.181	31.866	
16274	1252.7	28.943	34.182	31.866	
16275	1252.8	28.943	34.182	31.867	
16276	1252.9	28.943	34.182	31.867	
16277	1253.	28.943	34.182	31.867	
16278	1253.	28.943	34.182	31.867	
16279	1253.	28.943	34.182	31.867	
16280	1253.	28.943	34.182	31.867	
16281	1253.1	28.943	34.182	31.867	
16282	1253.2	28.943	34.182	31.867	
16283	1253.3	28.943	34.182	31.867	
16284	1253.4	28.943	34.183	31.867	
16285	1253.5	28.944	34.183	31.867	
16286	1253.6	28.944	34.183	31.868	
16287	1253.7	28.944	34.183	31.868	
16288	1253.8	28.944	34.183	31.868	
16289	1253.9	28.944	34.183	31.868	
16290	1254.	28.944	34.184	31.868	
16291	1254.	28.944	34.184	31.868	
16292	1254.	28.944	34.184	31.868	
16293	1254.	28.944	34.184	31.868	
16294	1254.1	28.944	34.184	31.868	
16295	1254.2	28.944	34.184	31.868	
16296	1254.3	28.944	34.184	31.868	
16297	1254.4	28.944	34.184	31.869	
16298	1254.5	28.944	34.184	31.869	
16299	1254.6	28.945	34.185	31.869	
16300	1254.7	28.945	34.185	31.869	
16301	1254.8	28.945	34.185	31.869	
16302	1254.9	28.945	34.185	31.869	
16303	1255.	28.945	34.185	31.869	
16304	1255.	28.945	34.185	31.869	
16305	1255.	28.945	34.185	31.869	
16306	1255.	28.945	34.185	31.869	
16307	1255.1	28.945	34.185	31.869	
16308	1255.2	28.945	34.185	31.87	
16309	1255.3	28.945	34.186	31.87	
16310	1255.4	28.945	34.186	31.87	
16311	1255.5	28.945	34.186	31.87	
16312	1255.6	28.945	34.186	31.87	
16313	1255.7	28.945	34.186	31.87	
16314	1255.8	28.946	34.186	31.87	
16315	1255.9	28.946	34.187	31.87	
16316	1256.	28.946	34.187	31.871	
16317	1256.	28.946	34.187	31.871	
16318	1256.	28.946	34.187	31.871	
16319	1256.	28.946	34.187	31.871	
16320	1256.1	28.946	34.187	31.871	
16321	1256.2	28.946	34.187	31.871	
16322	1256.3	28.946	34.187	31.871	
16323	1256.4	28.946	34.187	31.871	
16324	1256.5	28.946	34.187	31.871	
16325	1256.6	28.946	34.188	31.871	
16326	1256.7	28.946	34.188	31.871	
16327	1256.8	28.946	34.188	31.872	
16328	1256.9	28.947	34.188	31.872	
16329	1257.	28.947	34.188	31.872	
16330	1257.	28.947	34.188	31.872	
16331	1257.	28.947	34.188	31.872	
16332	1257.	28.947	34.188	31.872	
16333	1257.1	28.947	34.188	31.872	
16334	1257.2	28.947	34.189	31.872	
16335	1257.3	28.947	34.189	31.872	
16336	1257.4	28.947	34.189	31.872	
16337	1257.5	28.947	34.189	31.872	
16338	1257.6	28.947	34.189	31.873	
16339	1257.7	28.947	34.189	31.873	
16340	1257.8	28.947	34.19	31.873	
16341	1257.9	28.947	34.19	31.873	
16342	1258.	28.947	34.19	31.873	
16343	1258.	28.947	34.19	31.873	
16344	1258.	28.947	34.19	31.873	
16345	1258.	28.948	34.19	31.873	
16346	1258.1	28.948	34.19	31.873	
16347	1258.2	28.948	34.19	31.873	
16348	1258.3	28.948	34.19	31.873	
16349	1258.4	28.948	34.19	31.874	
16350	1258.5	28.948	34.191	31.874	
16351	1258.6	28.948	34.191	31.874	
16352	1258.7	28.948	34.191	31.874	
16353	1258.8	28.948	34.191	31.874	
16354	1258.9	28.948	34.191	31.874	
16355	1259.	28.948	34.191	31.874	
16356	1259.	28.948	34.191	31.874	
16357	1259.	28.948	34.191	31.874	
16358	1259.	28.948	34.191	31.874	
16359	1259.1	28.948	34.192	31.874	
16360	1259.2	28.949	34.192	31.875	
16361	1259.3	28.949	34.192	31.875	
16362	1259.4	28.949	34.192	31.875	
16363	1259.5	28.949	34.192	31.875	
16364	1259.6	28.949	34.192	31.875	
16365	1259.7	28.949	34.192	31.875	
16366	1259.8	28.949	34.193	31.875	
16367	1259.9	28.949	34.193	31.875	
16368	1260.	28.949	34.193	31.876	
16369	1260.	28.949	34.193	31.876	
16370	1260.	28.949	34.193	31.876	
16371	1260.	28.949	34.193	31.876	
16372	1260.1	28.949	34.193	31.876	
16373	1260.2	28.949	34.193	31.876	
16374	1260.3	28.95	34.193	31.876	
16375	1260.4	28.95	34.194	31.876	
16376	1260.5	28.95	34.194	31.876	
16377	1260.6	28.95	34.194	31.876	
16378	1260.7	28.95	34.194	31.876	
16379	1260.8	28.95	34.194	31.877	
16380	1260.9	28.95	34.194	31.877	
16381	1261.	28.95	34.194	31.877	
16382	1261.	28.95	34.194	31.877	
16383	1261.	28.95	34.194	31.877	
16384	1261.	28.95	34.195	31.877	
16385	1261.1	28.95	34.195	31.877	
16386	1261.2	28.95	34.195	31.877	
16387	1261.3	28.95	34.195	31.877	
16388	1261.4	28.95	34.195	31.877	
16389	1261.5	28.951	34.195	31.877	
16390	1261.6	28.951	34.195	31.878	
16391	1261.7	28.951	34.196	31.878	
16392	1261.8	28.951	34.196	31.878	
16393	1261.9	28.951	34.196	31.878	
16394	1262.	28.951	34.196	31.878	
16395	1262.	28.951	34.196	31.878	
16396	1262.	28.951	34.196	31.878	
16397	1262.	28.951	34.196	31.878	
16398	1262.1	28.951	34.196	31.878	
16399	1262.2	28.951	34.196	31.878	
16400	1262.3	28.951	34.197	31.878	
16401	1262.4	28.951	34.197	31.879	
16402	1262.5	28.951	34.197	31.879	
16403	1262.6	28.952	34.197	31.879	
16404	1262.7	28.952	34.197	31.879	
16405	1262.8	28.952	34.197	31.879	
16406	1262.9	28.952	34.197	31.879	
16407	1263.	28.952	34.198	31.879	
16408	1263.	28.952	34.198	31.879	
16409	1263.	28.952	34.198	31.879	
16410	1263.	28.952	34.198	31.879	
16411	1263.1	28.952	34.198	31.879	
16412	1263.2	28.952	34.198	31.88	
16413	1263.3	28.952	34.198	31.88	
16414	1263.4	28.952	34.198	31.88	
16415	1263.5	28.952	34.198	31.88	
16416	1263.6	28.952	34.199	31.88	
16417	1263.7	28.952	34.199	31.88	
16418	1263.8	28.953	34.199	31.88	
16419	1263.9	28.953	34.199	31.88	
16420	1264.	28.953	34.199	31.881	
16421	1264.	28.953	34.199	31.881	
16422	1264.	28.953	34.199	31.881	
16423	1264.	28.953	34.199	31.881	
16424	1264.1	28.953	34.199	31.881	
16425	1264.2	28.953	34.2	31.881	
16426	1264.3	28.953	34.2	31.881	
16427	1264.4	28.953	34.2	31.881	
16428	1264.5	28.953	34.2	31.881	
16429	1264.6	28.953	34.2	31.881	
16430	1264.7	28.953	34.2	31.881	
16431	1264.8	28.953	34.2	31.882	
16432	1264.9	28.954	34.201	31.882	
16433	1265.	28.954	34.201	31.882	
16434	1265.	28.954	34.201	31.882	
16435	1265.	28.954	34.201	31.882	
16436	1265.	28.954	34.201	31.882	
16437	1265.1	28.954	34.201	31.882	
16438	1265.2	28.954	34.201	31.882	
16439	1265.3	28.954	34.201	31.882	
16440	1265.4	28.954	34.201	31.882	
16441	1265.5	28.954	34.202	31.882	
16442	1265.6	28.954	34.202	31.883	
16443	1265.7	28.954	34.202	31.883	
16444	1265.8	28.954	34.202	31.883	
16445	1265.9	28.954	34.202	31.883	
16446	1266.	28.954	34.202	31.883	
16447	1266.	28.954	34.202	31.883	
16448	1266.	28.954	34.202	31.883	
16449	1266.	28.955	34.202	31.883	
16450	1266.1	28.955	34.202	31.883	
16451	1266.2	28.955	34.203	31.883	
16452	1266.3	28.955	34.203	31.883	
16453	1266.4	28.955	34.203	31.884	
16454	1266.5	28.955	34.203	31.884	
16455	1266.6	28.955	34.203	31.884	
16456	1266.7	28.955	34.203	31.884	
16457	1266.8	28.955	34.204	31.884	
16458	1266.9	28.955	34.204	31.884	
16459	1267.	28.955	34.204	31.884	
16460	1267.	28.955	34.204	31.884	
16461	1267.	28.955	34.204	31.884	
16462	1267.	28.955	34.204	31.884	
16463	1267.1	28.955	34.204	31.885	
16464	1267.2	28.956	34.204	31.885	
16465	1267.3	28.956	34.204	31.885	
16466	1267.4	28.956	34.204	31.885	
16467	1267.5	28.956	34.205	31.885	
16468	1267.6	28.956	34.205	31.885	
16469	1267.7	28.956	34.205	31.885	
16470	1267.8	28.956	34.205	31.885	
16471	1267.9	28.956	34.205	31.886	
16472	1268.	28.956	34.205	31.886	
16473	1268.	28.956	34.205	31.886	
16474	1268.	28.956	34.205	31.886	
16475	1268.	28.956	34.205	31.886	
16476	1268.1	28.956	34.206	31.886	
16477	1268.2	28.956	34.206	31.886	
16478	1268.3	28.957	34.206	31.886	
16479	1268.4	28.957	34.206	31.886	
16480	1268.5	28.957	34.206	31.886	
16481	1268.6	28.957	34.206	31.886	
16482	1268.7	28.957	34.207	31.887	
16483	1268.8	28.957	34.207	31.887	
16484	1268.9	28.957	34.207	31.887	
16485	1269.	28.957	34.207	31.887	
16486	1269.	28.957	34.207	31.887	
16487	1269.	28.957	34.207	31.887	
16488	1269.	28.957	34.207	31.887	
16489	1269.1	28.957	34.207	31.887	
16490	1269.2	28.957	34.207	31.887	
16491	1269.3	28.957	34.207	31.887	
16492	1269.4	28.957	34.208	31.887	
16493	1269.5	28.958	34.208	31.888	
16494	1269.6	28.958	34.208	31.888	
16495	1269.7	28.958	34.208	31.888	
16496	1269.8	28.958	34.208	31.888	
16497	1269.9	28.958	34.208	31.888	
16498	1270.	28.958	34.208	31.888	
16499	1270.	28.958	34.209	31.888	
16500	1270.	28.958	34.209	31.888	
16501	1270.	28.958	34.209	31.888	
16502	1270.1	28.958	34.209	31.888	
16503	1270.2	28.958	34.209	31.888	
16504	1270.3	28.958	34.209	31.889	
16505	1270.4	28.958	34.209	31.889	
16506	1270.5	28.958	34.209	31.889	
16507	1270.6	28.959	34.209	31.889	
16508	1270.7	28.959	34.21	31.889	
16509	1270.8	28.959	34.21	31.889	
16510	1270.9	28.959	34.21	31.889	
16511	1271.	28.959	34.21	31.889	
16512	1271.	28.959	34.21	31.889	
16513	1271.	28.959	34.21	31.889	
16514	1271.	28.959	34.21	31.889	
16515	1271.1	28.959	34.21	31.89	
16516	1271.2	28.959	34.21	31.89	
16517	1271.3	28.959	34.211	31.89	
16518	1271.4	28.959	34.211	31.89	
16519	1271.5	28.959	34.211	31.89	
16520	1271.6	28.959	34.211	31.89	
16521	1271.7	28.959	34.211	31.89	
16522	1271.8	28.96	34.211	31.89	
16523	1271.9	28.96	34.212	31.891	
16524	1272.	28.96	34.212	31.891	
16525	1272.	28.96	34.212	31.891	
16526	1272.	28.96	34.212	31.891	
16527	1272.	28.96	34.212	31.891	
16528	1272.1	28.96	34.212	31.891	
16529	1272.2	28.96	34.212	31.891	
16530	1272.3	28.96	34.212	31.891	
16531	1272.4	28.96	34.212	31.891	
16532	1272.5	28.96	34.212	31.891	
16533	1272.6	28.96	34.213	31.891	
16534	1272.7	28.96	34.213	31.892	
16535	1272.8	28.96	34.213	31.892	
16536	1272.9	28.961	34.213	31.892	
16537	1273.	28.961	34.213	31.892	
16538	1273.	28.961	34.213	31.892	
16539	1273.	28.961	34.213	31.892	
16540	1273.	28.961	34.213	31.892	
16541	1273.1	28.961	34.213	31.892	
16542	1273.2	28.961	34.214	31.892	
16543	1273.3	28.961	34.214	31.892	
16544	1273.4	28.961	34.214	31.892	
16545	1273.5	28.961	34.214	31.893	
16546	1273.6	28.961	34.214	31.893	
16547	1273.7	28.961	34.214	31.893	
16548	1273.8	28.961	34.214	31.893	
16549	1273.9	28.961	34.215	31.893	
16550	1274.	28.961	34.215	31.893	
16551	1274.	28.961	34.215	31.893	
16552	1274.	28.961	34.215	31.893	
16553	1274.	28.961	34.215	31.893	
16554	1274.1	28.962	34.215	31.893	
16555	1274.2	28.962	34.215	31.893	
16556	1274.3	28.962	34.215	31.894	
16557	1274.4	28.962	34.215	31.894	
16558	1274.5	28.962	34.216	31.894	
16559	1274.6	28.962	34.216	31.894	
16560	1274.7	28.962	34.216	31.894	
16561	1274.8	28.962	34.216	31.894	
16562	1274.9	28.962	34.216	31.894	
16563	1275.	28.962	34.216	31.894	
16564	1275.	28.962	34.216	31.894	
16565	1275.	28.962	34.216	31.894	
16566	1275.	28.962	34.216	31.894	
16567	1275.1	28.962	34.217	31.895	
16568	1275.2	28.963	34.217	31.895	
16569	1275.3	28.963	34.217	31.895	
16570	1275.4	28.963	34.217	31.895	
16571	1275.5	28.963	34.217	31.895	
16572	1275.6	28.963	34.217	31.895	
16573	1275.7	28.963	34.217	31.895	
16574	1275.8	28.963	34.218	31.895	
16575	1275.9	28.963	34.218	31.896	
16576	1276.	28.963	34.218	31.896	
16577	1276.	28.963	34.218	31.896	
16578	1276.	28.963	34.218	31.896	
16579	1276.	28.963	34.218	31.896	
16580	1276.1	28.963	34.218	31.896	
16581	1276.2	28.963	34.218	31.896	
16582	1276.3	28.963	34.218	31.896	
16583	1276.4	28.964	34.219	31.896	
16584	1276.5	28.964	34.219	31.896	
16585	1276.6	28.964	34.219	31.896	
16586	1276.7	28.964	34.219	31.897	
16587	1276.8	28.964	34.219	31.897	
16588	1276.9	28.964	34.219	31.897	
16589	1277.	28.964	34.219	31.897	
16590	1277.	28.964	34.219	31.897	
16591	1277.	28.964	34.219	31.897	
16592	1277.	28.964	34.219	31.897	
16593	1277.1	28.964	34.22	31.897	
16594	1277.2	28.964	34.22	31.897	
16595	1277.3	28.964	34.22	31.897	
16596	1277.4	28.964	34.22	31.897	
16597	1277.5	28.965	34.22	31.898	
16598	1277.6	28.965	34.22	31.898	
16599	1277.7	28.965	34.221	31.898	
16600	1277.8	28.965	34.221	31.898	
16601	1277.9	28.965	34.221	31.898	
16602	1278.	28.965	34.221	31.898	
16603	1278.	28.965	34.221	31.898	
16604	1278.	28.965	34.221	31.898	
16605	1278.	28.965	34.221	31.898	
16606	1278.1	28.965	34.221	31.898	
16607	1278.2	28.965	34.221	31.898	
16608	1278.3	28.965	34.222	31.899	
16609	1278.4	28.965	34.222	31.899	
16610	1278.5	28.965	34.222	31.899	
16611	1278.6	28.966	34.222	31.899	
16612	1278.7	28.966	34.222	31.899	
16613	1278.8	28.966	34.222	31.899	
16614	1278.9	28.966	34.222	31.899	
16615	1279.	28.966	34.223	31.899	
16616	1279.	28.966	34.223	31.899	
16617	1279.	28.966	34.223	31.899	
16618	1279.	28.966	34.223	31.899	
16619	1279.1	28.966	34.223	31.9	
16620	1279.2	28.966	34.223	31.9	
16621	1279.3	28.966	34.223	31.9	
16622	1279.4	28.966	34.223	31.9	
16623	1279.5	28.966	34.223	31.9	
16624	1279.6	28.966	34.224	31.9	
16625	1279.7	28.966	34.224	31.9	
16626	1279.8	28.967	34.224	31.9	
16627	1279.9	28.967	34.224	31.901	
16628	1280.	28.967	34.224	31.901	
16629	1280.	28.967	34.224	31.901	
16630	1280.	28.967	34.224	31.901	
16631	1280.	28.967	34.224	31.901	
16632	1280.1	28.967	34.224	31.901	
16633	1280.2	28.967	34.224	31.901	
16634	1280.3	28.967	34.225	31.901	
16635	1280.4	28.967	34.225	31.901	
16636	1280.5	28.967	34.225	31.901	
16637	1280.6	28.967	34.225	31.901	
16638	1280.7	28.967	34.225	31.902	
16639	1280.8	28.967	34.225	31.902	
16640	1280.9	28.968	34.226	31.902	
16641	1281.	28.968	34.226	31.902	
16642	1281.	28.968	34.226	31.902	
16643	1281.	28.968	34.226	31.902	
16644	1281.	28.968	34.226	31.902	
16645	1281.1	28.968	34.226	31.902	
16646	1281.2	28.968	34.226	31.902	
16647	1281.3	28.968	34.226	31.902	
16648	1281.4	28.968	34.226	31.902	
16649	1281.5	28.968	34.227	31.903	
16650	1281.6	28.968	34.227	31.903	
16651	1281.7	28.968	34.227	31.903	
16652	1281.8	28.968	34.227	31.903	
16653	1281.9	28.968	34.227	31.903	
16654	1282.	28.968	34.227	31.903	
16655	1282.	28.968	34.227	31.903	
16656	1282.	28.968	34.227	31.903	
16657	1282.	28.968	34.227	31.903	
16658	1282.1	28.969	34.227	31.903	
16659	1282.2	28.969	34.228	31.903	
16660	1282.3	28.969	34.228	31.904	
16661	1282.4	28.969	34.228	31.904	
16662	1282.5	28.969	34.228	31.904	
16663	1282.6	28.969	34.228	31.904	
16664	1282.7	28.969	34.228	31.904	
16665	1282.8	28.969	34.229	31.904	
16666	1282.9	28.969	34.229	31.904	
16667	1283.	28.969	34.229	31.904	
16668	1283.	28.969	34.229	31.904	
16669	1283.	28.969	34.229	31.904	
16670	1283.	28.969	34.229	31.904	
16671	1283.1	28.969	34.229	31.905	
16672	1283.2	28.97	34.229	31.905	
16673	1283.3	28.97	34.229	31.905	
16674	1283.4	28.97	34.229	31.905	
16675	1283.5	28.97	34.23	31.905	
16676	1283.6	28.97	34.23	31.905	
16677	1283.7	28.97	34.23	31.905	
16678	1283.8	28.97	34.23	31.905	
16679	1283.9	28.97	34.23	31.906	
16680	1284.	28.97	34.23	31.906	
16681	1284.	28.97	34.23	31.906	
16682	1284.	28.97	34.23	31.906	
16683	1284.	28.97	34.23	31.906	
16684	1284.1	28.97	34.231	31.906	
16685	1284.2	28.97	34.231	31.906	
16686	1284.3	28.97	34.231	31.906	
16687	1284.4	28.971	34.231	31.906	
16688	1284.5	28.971	34.231	31.906	
16689	1284.6	28.971	34.231	31.906	
16690	1284.7	28.971	34.231	31.907	
16691	1284.8	28.971	34.232	31.907	
16692	1284.9	28.971	34.232	31.907	
16693	1285.	28.971	34.232	31.907	
16694	1285.	28.971	34.232	31.907	
16695	1285.	28.971	34.232	31.907	
16696	1285.	28.971	34.232	31.907	
16697	1285.1	28.971	34.232	31.907	
16698	1285.2	28.971	34.232	31.907	
16699	1285.3	28.971	34.232	31.907	
16700	1285.4	28.971	34.233	31.907	
16701	1285.5	28.972	34.233	31.908	
16702	1285.6	28.972	34.233	31.908	
16703	1285.7	28.972	34.233	31.908	
16704	1285.8	28.972	34.233	31.908	
16705	1285.9	28.972	34.233	31.908	
16706	1286.	28.972	34.233	31.908	
16707	1286.	28.972	34.233	31.908	
16708	1286.	28.972	34.233	31.908	
16709	1286.	28.972	34.234	31.908	
16710	1286.1	28.972	34.234	31.908	
16711	1286.2	28.972	34.234	31.908	
16712	1286.3	28.972	34.234	31.909	
16713	1286.4	28.972	34.234	31.909	
16714	1286.5	28.972	34.234	31.909	
16715	1286.6	28.972	34.234	31.909	
16716	1286.7	28.973	34.235	31.909	
16717	1286.8	28.973	34.235	31.909	
16718	1286.9	28.973	34.235	31.909	
16719	1287.	28.973	34.235	31.909	
16720	1287.	28.973	34.235	31.909	
16721	1287.	28.973	34.235	31.909	
16722	1287.	28.973	34.235	31.909	
16723	1287.1	28.973	34.235	31.91	
16724	1287.2	28.973	34.235	31.91	
16725	1287.3	28.973	34.236	31.91	
16726	1287.4	28.973	34.236	31.91	
16727	1287.5	28.973	34.236	31.91	
16728	1287.6	28.973	34.236	31.91	
16729	1287.7	28.973	34.236	31.91	
16730	1287.8	28.974	34.236	31.91	
16731	1287.9	28.974	34.236	31.911	
16732	1288.	28.974	34.237	31.911	
16733	1288.	28.974	34.237	31.911	
16734	1288.	28.974	34.237	31.911	
16735	1288.	28.974	34.237	31.911	
16736	1288.1	28.974	34.237	31.911	
16737	1288.2	28.974	34.237	31.911	
16738	1288.3	28.974	34.237	31.911	
16739	1288.4	28.974	34.237	31.911	
16740	1288.5	28.974	34.237	31.911	
16741	1288.6	28.974	34.238	31.911	
16742	1288.7	28.974	34.238	31.912	
16743	1288.8	28.974	34.238	31.912	
16744	1288.9	28.974	34.238	31.912	
16745	1289.	28.975	34.238	31.912	
16746	1289.	28.975	34.238	31.912	
16747	1289.	28.975	34.238	31.912	
16748	1289.	28.975	34.238	31.912	
16749	1289.1	28.975	34.238	31.912	
16750	1289.2	28.975	34.239	31.912	
16751	1289.3	28.975	34.239	31.912	
16752	1289.4	28.975	34.239	31.912	
16753	1289.5	28.975	34.239	31.913	
16754	1289.6	28.975	34.239	31.913	
16755	1289.7	28.975	34.239	31.913	
16756	1289.8	28.975	34.239	31.913	
16757	1289.9	28.975	34.24	31.913	
16758	1290.	28.975	34.24	31.913	
16759	1290.	28.975	34.24	31.913	
16760	1290.	28.975	34.24	31.913	
16761	1290.	28.975	34.24	31.913	
16762	1290.1	28.976	34.24	31.913	
16763	1290.2	28.976	34.24	31.913	
16764	1290.3	28.976	34.24	31.914	
16765	1290.4	28.976	34.24	31.914	
16766	1290.5	28.976	34.241	31.914	
16767	1290.6	28.976	34.241	31.914	
16768	1290.7	28.976	34.241	31.914	
16769	1290.8	28.976	34.241	31.914	
16770	1290.9	28.976	34.241	31.914	
16771	1291.	28.976	34.241	31.914	
16772	1291.	28.976	34.241	31.914	
16773	1291.	28.976	34.241	31.914	
16774	1291.	28.976	34.241	31.914	
16775	1291.1	28.976	34.241	31.915	
16776	1291.2	28.976	34.242	31.915	
16777	1291.3	28.977	34.242	31.915	
16778	1291.4	28.977	34.242	31.915	
16779	1291.5	28.977	34.242	31.915	
16780	1291.6	28.977	34.242	31.915	
16781	1291.7	28.977	34.242	31.915	
16782	1291.8	28.977	34.243	31.915	
16783	1291.9	28.977	34.243	31.916	
16784	1292.	28.977	34.243	31.916	
16785	1292.	28.977	34.243	31.916	
16786	1292.	28.977	34.243	31.916	
16787	1292.	28.977	34.243	31.916	
16788	1292.1	28.977	34.243	31.916	
16789	1292.2	28.977	34.243	31.916	
16790	1292.3	28.977	34.243	31.916	
16791	1292.4	28.978	34.244	31.916	
16792	1292.5	28.978	34.244	31.916	
16793	1292.6	28.978	34.244	31.916	
16794	1292.7	28.978	34.244	31.917	
16795	1292.8	28.978	34.244	31.917	
16796	1292.9	28.978	34.244	31.917	
16797	1293.	28.978	34.244	31.917	
16798	1293.	28.978	34.244	31.917	
16799	1293.	28.978	34.244	31.917	
16800	1293.	28.978	34.244	31.917	
16801	1293.1	28.978	34.245	31.917	
16802	1293.2	28.978	34.245	31.917	
16803	1293.3	28.978	34.245	31.917	
16804	1293.4	28.978	34.245	31.917	
16805	1293.5	28.979	34.245	31.918	
16806	1293.6	28.979	34.245	31.918	
16807	1293.7	28.979	34.246	31.918	
16808	1293.8	28.979	34.246	31.918	
16809	1293.9	28.979	34.246	31.918	
16810	1294.	28.979	34.246	31.918	
16811	1294.	28.979	34.246	31.918	
16812	1294.	28.979	34.246	31.918	
16813	1294.	28.979	34.246	31.918	
16814	1294.1	28.979	34.246	31.918	
16815	1294.2	28.979	34.246	31.918	
16816	1294.3	28.979	34.246	31.919	
16817	1294.4	28.979	34.247	31.919	
16818	1294.5	28.979	34.247	31.919	
16819	1294.6	28.979	34.247	31.919	
16820	1294.7	28.98	34.247	31.919	
16821	1294.8	28.98	34.247	31.919	
16822	1294.9	28.98	34.247	31.919	
16823	1295.	28.98	34.248	31.919	
16824	1295.	28.98	34.248	31.919	
16825	1295.	28.98	34.248	31.919	
16826	1295.	28.98	34.248	31.919	
16827	1295.1	28.98	34.248	31.92	
16828	1295.2	28.98	34.248	31.92	
16829	1295.3	28.98	34.248	31.92	
16830	1295.4	28.98	34.248	31.92	
16831	1295.5	28.98	34.248	31.92	
16832	1295.6	28.98	34.249	31.92	
16833	1295.7	28.98	34.249	31.92	
16834	1295.8	28.981	34.249	31.92	
16835	1295.9	28.981	34.249	31.921	
16836	1296.	28.981	34.249	31.921	
16837	1296.	28.981	34.249	31.921	
16838	1296.	28.981	34.249	31.921	
16839	1296.	28.981	34.249	31.921	
16840	1296.1	28.981	34.249	31.921	
16841	1296.2	28.981	34.249	31.921	
16842	1296.3	28.981	34.25	31.921	
16843	1296.4	28.981	34.25	31.921	
16844	1296.5	28.981	34.25	31.921	
16845	1296.6	28.981	34.25	31.921	
16846	1296.7	28.981	34.25	31.922	
16847	1296.8	28.981	34.25	31.922	
16848	1296.9	28.981	34.251	31.922	
16849	1297.	28.982	34.251	31.922	
16850	1297.	28.982	34.251	31.922	
16851	1297.	28.982	34.251	31.922	
16852	1297.	28.982	34.251	31.922	
16853	1297.1	28.982	34.251	31.922	
16854	1297.2	28.982	34.251	31.922	
16855	1297.3	28.982	34.251	31.922	
16856	1297.4	28.982	34.251	31.922	
16857	1297.5	28.982	34.251	31.923	
16858	1297.6	28.982	34.252	31.923	
16859	1297.7	28.982	34.252	31.923	
16860	1297.8	28.982	34.252	31.923	
16861	1297.9	28.982	34.252	31.923	
16862	1298.	28.982	34.252	31.923	
16863	1298.	28.982	34.252	31.923	
16864	1298.	28.982	34.252	31.923	
16865	1298.	28.982	34.252	31.923	
16866	1298.1	28.983	34.252	31.923	
16867	1298.2	28.983	34.253	31.923	
16868	1298.3	28.983	34.253	31.924	
16869	1298.4	28.983	34.253	31.924	
16870	1298.5	28.983	34.253	31.924	
16871	1298.6	28.983	34.253	31.924	
16872	1298.7	28.983	34.253	31.924	
16873	1298.8	28.983	34.254	31.924	
16874	1298.9	28.983	34.254	31.924	
16875	1299.	28.983	34.254	31.924	
16876	1299.	28.983	34.254	31.924	
16877	1299.	28.983	34.254	31.924	
16878	1299.	28.983	34.254	31.924	
16879	1299.1	28.983	34.254	31.925	
16880	1299.2	28.983	34.254	31.925	
16881	1299.3	28.984	34.254	31.925	
16882	1299.4	28.984	34.254	31.925	
16883	1299.5	28.984	34.255	31.925	
16884	1299.6	28.984	34.255	31.925	
16885	1299.7	28.984	34.255	31.925	
16886	1299.8	28.984	34.255	31.925	
16887	1299.9	28.984	34.255	31.926	
16888	1300.	28.984	34.255	31.926	
16889	1300.	28.984	34.255	31.926	
16890	1300.	28.984	34.255	31.926	
16891	1300.	28.984	34.255	31.926	
16892	1300.1	28.984	34.256	31.926	
16893	1300.2	28.984	34.256	31.926	
16894	1300.3	28.984	34.256	31.926	
16895	1300.4	28.985	34.256	31.926	
16896	1300.5	28.985	34.256	31.926	
16897	1300.6	28.985	34.256	31.926	
16898	1300.7	28.985	34.256	31.927	
16899	1300.8	28.985	34.257	31.927	
16900	1300.9	28.985	34.257	31.927	
16901	1301.	28.985	34.257	31.927	
16902	1301.	28.985	34.257	31.927	
16903	1301.	28.985	34.257	31.927	
16904	1301.	28.985	34.257	31.927	
16905	1301.1	28.985	34.257	31.927	
16906	1301.2	28.985	34.257	31.927	
16907	1301.3	28.985	34.257	31.927	
16908	1301.4	28.985	34.258	31.927	
16909	1301.5	28.985	34.258	31.928	
16910	1301.6	28.986	34.258	31.928	
16911	1301.7	28.986	34.258	31.928	
16912	1301.8	28.986	34.258	31.928	
16913	1301.9	28.986	34.258	31.928	
16914	1302.	28.986	34.258	31.928	
16915	1302.	28.986	34.258	31.928	
16916	1302.	28.986	34.258	31.928	
16917	1302.	28.986	34.259	31.928	
16918	1302.1	28.986	34.259	31.928	
16919	1302.2	28.986	34.259	31.928	
16920	1302.3	28.986	34.259	31.929	
16921	1302.4	28.986	34.259	31.929	
16922	1302.5	28.986	34.259	31.929	
16923	1302.6	28.986	34.259	31.929	
16924	1302.7	28.987	34.26	31.929	
16925	1302.8	28.987	34.26	31.929	
16926	1302.9	28.987	34.26	31.929	
16927	1303.	28.987	34.26	31.929	
16928	1303.	28.987	34.26	31.929	
16929	1303.	28.987	34.26	31.929	
16930	1303.	28.987	34.26	31.929	
16931	1303.1	28.987	34.26	31.93	
16932	1303.2	28.987	34.26	31.93	
16933	1303.3	28.987	34.261	31.93	
16934	1303.4	28.987	34.261	31.93	
16935	1303.5	28.987	34.261	31.93	
16936	1303.6	28.987	34.261	31.93	
16937	1303.7	28.987	34.261	31.93	
16938	1303.8	28.987	34.261	31.93	
16939	1303.9	28.988	34.261	31.931	
16940	1304.	28.988	34.262	31.931	
16941	1304.	28.988	34.262	31.931	
16942	1304.	28.988	34.262	31.931	
16943	1304.	28.988	34.262	31.931	
16944	1304.1	28.988	34.262	31.931	
16945	1304.2	28.988	34.262	31.931	
16946	1304.3	28.988	34.262	31.931	
16947	1304.4	28.988	34.262	31.931	
16948	1304.5	28.988	34.262	31.931	
16949	1304.6	28.988	34.263	31.931	
16950	1304.7	28.988	34.263	31.932	
16951	1304.8	28.988	34.263	31.932	
16952	1304.9	28.988	34.263	31.932	
16953	1305.	28.988	34.263	31.932	
16954	1305.	28.988	34.263	31.932	
16955	1305.	28.989	34.263	31.932	
16956	1305.	28.989	34.263	31.932	
16957	1305.1	28.989	34.263	31.932	
16958	1305.2	28.989	34.263	31.932	
16959	1305.3	28.989	34.264	31.932	
16960	1305.4	28.989	34.264	31.932	
16961	1305.5	28.989	34.264	31.933	
16962	1305.6	28.989	34.264	31.933	
16963	1305.7	28.989	34.264	31.933	
16964	1305.8	28.989	34.264	31.933	
16965	1305.9	28.989	34.265	31.933	
16966	1306.	28.989	34.265	31.933	
16967	1306.	28.989	34.265	31.933	
16968	1306.	28.989	34.265	31.933	
16969	1306.	28.989	34.265	31.933	
16970	1306.1	28.989	34.265	31.933	
16971	1306.2	28.99	34.265	31.933	
16972	1306.3	28.99	34.265	31.934	
16973	1306.4	28.99	34.265	31.934	
16974	1306.5	28.99	34.266	31.934	
16975	1306.6	28.99	34.266	31.934	
16976	1306.7	28.99	34.266	31.934	
16977	1306.8	28.99	34.266	31.934	
16978	1306.9	28.99	34.266	31.934	
16979	1307.	28.99	34.266	31.934	
16980	1307.	28.99	34.266	31.934	
16981	1307.	28.99	34.266	31.934	
16982	1307.	28.99	34.266	31.934	
16983	1307.1	28.99	34.266	31.935	
16984	1307.2	28.99	34.267	31.935	
16985	1307.3	28.991	34.267	31.935	
16986	1307.4	28.991	34.267	31.935	
16987	1307.5	28.991	34.267	31.935	
16988	1307.6	28.991	34.267	31.935	
16989	1307.7	28.991	34.267	31.935	
16990	1307.8	28.991	34.268	31.935	
16991	1307.9	28.991	34.268	31.936	
16992	1308.	28.991	34.268	31.936	
16993	1308.	28.991	34.268	31.936	
16994	1308.	28.991	34.268	31.936	
16995	1308.	28.991	34.268	31.936	
16996	1308.1	28.991	34.268	31.936	
16997	1308.2	28.991	34.268	31.936	
16998	1308.3	28.991	34.268	31.936	
16999	1308.4	28.991	34.268	31.936	
17000	1308.5	28.992	34.269	31.936	
17001	1308.6	28.992	34.269	31.936	
17002	1308.7	28.992	34.269	31.937	
17003	1308.8	28.992	34.269	31.937	
17004	1308.9	28.992	34.269	31.937	
17005	1309.	28.992	34.269	31.937	
17006	1309.	28.992	34.269	31.937	
17007	1309.	28.992	34.269	31.937	
17008	1309.	28.992	34.269	31.937	
17009	1309.1	28.992	34.27	31.937	
17010	1309.2	28.992	34.27	31.937	
17011	1309.3	28.992	34.27	31.937	
17012	1309.4	28.992	34.27	31.937	
17013	1309.5	28.992	34.27	31.938	
17014	1309.6	28.993	34.27	31.938	
17015	1309.7	28.993	34.271	31.938	
17016	1309.8	28.993	34.271	31.938	
17017	1309.9	28.993	34.271	31.938	
17018	1310.	28.993	34.271	31.938	
17019	1310.	28.993	34.271	31.938	
17020	1310.	28.993	34.271	31.938	
17021	1310.	28.993	34.271	31.938	
17022	1310.1	28.993	34.271	31.938	
17023	1310.2	28.993	34.271	31.938	
17024	1310.3	28.993	34.271	31.939	
17025	1310.4	28.993	34.272	31.939	
17026	1310.5	28.993	34.272	31.939	
17027	1310.6	28.993	34.272	31.939	
17028	1310.7	28.993	34.272	31.939	
17029	1310.8	28.994	34.272	31.939	
17030	1310.9	28.994	34.272	31.939	
17031	1311.	28.994	34.272	31.939	
17032	1311.	28.994	34.273	31.939	
17033	1311.	28.994	34.273	31.939	
17034	1311.	28.994	34.273	31.939	
17035	1311.1	28.994	34.273	31.94	
17036	1311.2	28.994	34.273	31.94	
17037	1311.3	28.994	34.273	31.94	
17038	1311.4	28.994	34.273	31.94	
17039	1311.5	28.994	34.273	31.94	
17040	1311.6	28.994	34.273	31.94	
17041	1311.7	28.994	34.274	31.94	
17042	1311.8	28.994	34.274	31.94	
17043	1311.9	28.995	34.274	31.941	
17044	1312.	28.995	34.274	31.941	
17045	1312.	28.995	34.274	31.941	
17046	1312.	28.995	34.274	31.941	
17047	1312.	28.995	34.274	31.941	
17048	1312.1	28.995	34.274	31.941	
17049	1312.2	28.995	34.274	31.941	
17050	1312.3	28.995	34.275	31.941	
17051	1312.4	28.995	34.275	31.941	
17052	1312.5	28.995	34.275	31.941	
17053	1312.6	28.995	34.275	31.941	
17054	1312.7	28.995	34.275	31.942	
17055	1312.8	28.995	34.275	31.942	
17056	1312.9	28.995	34.276	31.942	
17057	1313.	28.995	34.276	31.942	
17058	1313.	28.995	34.276	31.942	
17059	1313.	28.995	34.276	31.942	
17060	1313.	28.996	34.276	31.942	
17061	1313.1	28.996	34.276	31.942	
17062	1313.2	28.996	34.276	31.942	
17063	1313.3	28.996	34.276	31.942	
17064	1313.4	28.996	34.276	31.942	
17065	1313.5	28.996	34.276	31.943	
17066	1313.6	28.996	34.277	31.943	
17067	1313.7	28.996	34.277	31.943	
17068	1313.8	28.996	34.277	31.943	
17069	1313.9	28.996	34.277	31.943	
17070	1314.	28.996	34.277	31.943	
17071	1314.	28.996	34.277	31.943	
17072	1314.	28.996	34.277	31.943	
17073	1314.	28.996	34.277	31.943	
17074	1314.1	28.996	34.277	31.943	
17075	1314.2	28.997	34.278	31.943	
17076	1314.3	28.997	34.278	31.944	
17077	1314.4	28.997	34.278	31.944	
17078	1314.5	28.997	34.278	31.944	
17079	1314.6	28.997	34.278	31.944	
17080	1314.7	28.997	34.278	31.944	
17081	1314.8	28.997	34.278	31.944	
17082	1314.9	28.997	34.279	31.944	
17083	1315.	28.997	34.279	31.944	
17084	1315.	28.997	34.279	31.944	
17085	1315.	28.997	34.279	31.944	
17086	1315.	28.997	34.279	31.944	
17087	1315.1	28.997	34.279	31.945	
17088	1315.2	28.997	34.279	31.945	
17089	1315.3	28.997	34.279	31.945	
17090	1315.4	28.998	34.279	31.945	
17091	1315.5	28.998	34.28	31.945	
17092	1315.6	28.998	34.28	31.945	
17093	1315.7	28.998	34.28	31.945	
17094	1315.8	28.998	34.28	31.945	
17095	1315.9	28.998	34.28	31.946	
17096	1316.	28.998	34.28	31.946	
17097	1316.	28.998	34.28	31.946	
17098	1316.	28.998	34.28	31.946	
17099	1316.	28.998	34.28	31.946	
17100	1316.1	28.998	34.281	31.946	
17101	1316.2	28.998	34.281	31.946	
17102	1316.3	28.998	34.281	31.946	
17103	1316.4	28.998	34.281	31.946	
17104	1316.5	28.999	34.281	31.946	
17105	1316.6	28.999	34.281	31.946	
17106	1316.7	28.999	34.281	31.947	
17107	1316.8	28.999	34.282	31.947	
17108	1316.9	28.999	34.282	31.947	
17109	1317.	28.999	34.282	31.947	
17110	1317.	28.999	34.282	31.947	
17111	1317.	28.999	34.282	31.947	
17112	1317.	28.999	34.282	31.947	
17113	1317.1	28.999	34.282	31.947	
17114	1317.2	28.999	34.282	31.947	
17115	1317.3	28.999	34.282	31.947	
17116	1317.4	28.999	34.283	31.947	
17117	1317.5	28.999	34.283	31.948	
17118	1317.6	28.999	34.283	31.948	
17119	1317.7	29.	34.283	31.948	
17120	1317.8	29.	34.283	31.948	
17121	1317.9	29.	34.283	31.948	
17122	1318.	29.	34.283	31.948	
17123	1318.	29.	34.283	31.948	
17124	1318.	29.	34.283	31.948	
17125	1318.	29.	34.283	31.948	
17126	1318.1	29.	34.284	31.948	
17127	1318.2	29.	34.284	31.948	
17128	1318.3	29.	34.284	31.949	
17129	1318.4	29.	34.284	31.949	
17130	1318.5	29.	34.284	31.949	
17131	1318.6	29.	34.284	31.949	
17132	1318.7	29.	34.285	31.949	
17133	1318.8	29.001	34.285	31.949	
17134	1318.9	29.001	34.285	31.949	
17135	1319.	29.001	34.285	31.949	
17136	1319.	29.001	34.285	31.949	
17137	1319.	29.001	34.285	31.949	
17138	1319.	29.001	34.285	31.949	
17139	1319.1	29.001	34.285	31.95	
17140	1319.2	29.001	34.285	31.95	
17141	1319.3	29.001	34.286	31.95	
17142	1319.4	29.001	34.286	31.95	
17143	1319.5	29.001	34.286	31.95	
17144	1319.6	29.001	34.286	31.95	
17145	1319.7	29.001	34.286	31.95	
17146	1319.8	29.001	34.286	31.95	
17147	1319.9	29.001	34.286	31.951	
17148	1320.	29.002	34.287	31.951	
17149	1320.	29.002	34.287	31.951	
17150	1320.	29.002	34.287	31.951	
17151	1320.	29.002	34.287	31.951	
17152	1320.1	29.002	34.287	31.951	
17153	1320.2	29.002	34.287	31.951	
17154	1320.3	29.002	34.287	31.951	
17155	1320.4	29.002	34.287	31.951	
17156	1320.5	29.002	34.287	31.951	
17157	1320.6	29.002	34.288	31.951	
17158	1320.7	29.002	34.288	31.952	
17159	1320.8	29.002	34.288	31.952	
17160	1320.9	29.002	34.288	31.952	
17161	1321.	29.002	34.288	31.952	
17162	1321.	29.002	34.288	31.952	
17163	1321.	29.002	34.288	31.952	
17164	1321.	29.002	34.288	31.952	
17165	1321.1	29.003	34.288	31.952	
17166	1321.2	29.003	34.288	31.952	
17167	1321.3	29.003	34.289	31.952	
17168	1321.4	29.003	34.289	31.952	
17169	1321.5	29.003	34.289	31.953	
17170	1321.6	29.003	34.289	31.953	
17171	1321.7	29.003	34.289	31.953	
17172	1321.8	29.003	34.289	31.953	
17173	1321.9	29.003	34.29	31.953	
17174	1322.	29.003	34.29	31.953	
17175	1322.	29.003	34.29	31.953	
17176	1322.	29.003	34.29	31.953	
17177	1322.	29.003	34.29	31.953	
17178	1322.1	29.003	34.29	31.953	
17179	1322.2	29.004	34.29	31.953	
17180	1322.3	29.004	34.29	31.954	
17181	1322.4	29.004	34.29	31.954	
17182	1322.5	29.004	34.291	31.954	
17183	1322.6	29.004	34.291	31.954	
17184	1322.7	29.004	34.291	31.954	
17185	1322.8	29.004	34.291	31.954	
17186	1322.9	29.004	34.291	31.954	
17187	1323.	29.004	34.291	31.954	
17188	1323.	29.004	34.291	31.954	
17189	1323.	29.004	34.291	31.954	
17190	1323.	29.004	34.291	31.954	
17191	1323.1	29.004	34.291	31.955	
17192	1323.2	29.004	34.292	31.955	
17193	1323.3	29.004	34.292	31.955	
17194	1323.4	29.005	34.292	31.955	
17195	1323.5	29.005	34.292	31.955	
17196	1323.6	29.005	34.292	31.955	
17197	1323.7	29.005	34.292	31.955	
17198	1323.8	29.005	34.293	31.955	
17199	1323.9	29.005	34.293	31.956	
17200	1324.	29.005	34.293	31.956	
17201	1324.	29.005	34.293	31.956	
17202	1324.	29.005	34.293	31.956	
17203	1324.	29.005	34.293	31.956	
17204	1324.1	29.005	34.293	31.956	
17205	1324.2	29.005	34.293	31.956	
17206	1324.3	29.005	34.293	31.956	
17207	1324.4	29.005	34.293	31.956	
17208	1324.5	29.006	34.294	31.956	
17209	1324.6	29.006	34.294	31.956	
17210	1324.7	29.006	34.294	31.957	
17211	1324.8	29.006	34.294	31.957	
17212	1324.9	29.006	34.294	31.957	
17213	1325.	29.006	34.294	31.957	
17214	1325.	29.006	34.294	31.957	
17215	1325.	29.006	34.294	31.957	
17216	1325.	29.006	34.294	31.957	
17217	1325.1	29.006	34.295	31.957	
17218	1325.2	29.006	34.295	31.957	
17219	1325.3	29.006	34.295	31.957	
17220	1325.4	29.006	34.295	31.957	
17221	1325.5	29.006	34.295	31.958	
17222	1325.6	29.006	34.295	31.958	
17223	1325.7	29.007	34.296	31.958	
17224	1325.8	29.007	34.296	31.958	
17225	1325.9	29.007	34.296	31.958	
17226	1326.	29.007	34.296	31.958	
17227	1326.	29.007	34.296	31.958	
17228	1326.	29.007	34.296	31.958	
17229	1326.	29.007	34.296	31.958	
17230	1326.1	29.007	34.296	31.958	
17231	1326.2	29.007	34.296	31.958	
17232	1326.3	29.007	34.296	31.959	
17233	1326.4	29.007	34.297	31.959	
17234	1326.5	29.007	34.297	31.959	
17235	1326.6	29.007	34.297	31.959	
17236	1326.7	29.007	34.297	31.959	
17237	1326.8	29.008	34.297	31.959	
17238	1326.9	29.008	34.297	31.959	
17239	1327.	29.008	34.297	31.959	
17240	1327.	29.008	34.297	31.959	
17241	1327.	29.008	34.298	31.959	
17242	1327.	29.008	34.298	31.959	
17243	1327.1	29.008	34.298	31.96	
17244	1327.2	29.008	34.298	31.96	
17245	1327.3	29.008	34.298	31.96	
17246	1327.4	29.008	34.298	31.96	
17247	1327.5	29.008	34.298	31.96	
17248	1327.6	29.008	34.298	31.96	
17249	1327.7	29.008	34.299	31.96	
17250	1327.8	29.008	34.299	31.96	
17251	1327.9	29.008	34.299	31.961	
17252	1328.	29.009	34.299	31.961	
17253	1328.	29.009	34.299	31.961	
17254	1328.	29.009	34.299	31.961	
17255	1328.	29.009	34.299	31.961	
17256	1328.1	29.009	34.299	31.961	
17257	1328.2	29.009	34.299	31.961	
17258	1328.3	29.009	34.3	31.961	
17259	1328.4	29.009	34.3	31.961	
17260	1328.5	29.009	34.3	31.961	
17261	1328.6	29.009	34.3	31.961	
17262	1328.7	29.009	34.3	31.962	
17263	1328.8	29.009	34.3	31.962	
17264	1328.9	29.009	34.301	31.962	
17265	1329.	29.009	34.301	31.962	
17266	1329.	29.009	34.301	31.962	
17267	1329.	29.009	34.301	31.962	
17268	1329.	29.009	34.301	31.962	
17269	1329.1	29.01	34.301	31.962	
17270	1329.2	29.01	34.301	31.962	
17271	1329.3	29.01	34.301	31.962	
17272	1329.4	29.01	34.301	31.962	
17273	1329.5	29.01	34.301	31.963	
17274	1329.6	29.01	34.302	31.963	
17275	1329.7	29.01	34.302	31.963	
17276	1329.8	29.01	34.302	31.963	
17277	1329.9	29.01	34.302	31.963	
17278	1330.	29.01	34.302	31.963	
17279	1330.	29.01	34.302	31.963	
17280	1330.	29.01	34.302	31.963	
17281	1330.	29.01	34.302	31.963	
17282	1330.1	29.01	34.302	31.963	
17283	1330.2	29.01	34.303	31.963	
17284	1330.3	29.011	34.303	31.964	
17285	1330.4	29.011	34.303	31.964	
17286	1330.5	29.011	34.303	31.964	
17287	1330.6	29.011	34.303	31.964	
17288	1330.7	29.011	34.303	31.964	
17289	1330.8	29.011	34.303	31.964	
17290	1330.9	29.011	34.304	31.964	
17291	1331.	29.011	34.304	31.964	
17292	1331.	29.011	34.304	31.964	
17293	1331.	29.011	34.304	31.964	
17294	1331.	29.011	34.304	31.965	
17295	1331.1	29.011	34.304	31.965	
17296	1331.2	29.011	34.304	31.965	
17297	1331.3	29.011	34.304	31.965	
17298	1331.4	29.012	34.304	31.965	
17299	1331.5	29.012	34.305	31.965	
17300	1331.6	29.012	34.305	31.965	
17301	1331.7	29.012	34.305	31.965	
17302	1331.8	29.012	34.305	31.965	
17303	1331.9	29.012	34.305	31.966	
17304	1332.	29.012	34.305	31.966	
17305	1332.	29.012	34.305	31.966	
17306	1332.	29.012	34.305	31.966	
17307	1332.	29.012	34.305	31.966	
17308	1332.1	29.012	34.305	31.966	
17309	1332.2	29.012	34.306	31.966	
17310	1332.3	29.012	34.306	31.966	
17311	1332.4	29.012	34.306	31.966	
17312	1332.5	29.012	34.306	31.966	
17313	1332.6	29.013	34.306	31.966	
17314	1332.7	29.013	34.306	31.967	
17315	1332.8	29.013	34.307	31.967	
17316	1332.9	29.013	34.307	31.967	
17317	1333.	29.013	34.307	31.967	
17318	1333.	29.013	34.307	31.967	
17319	1333.	29.013	34.307	31.967	
17320	1333.	29.013	34.307	31.967	
17321	1333.1	29.013	34.307	31.967	
17322	1333.2	29.013	34.307	31.967	
17323	1333.3	29.013	34.307	31.967	
17324	1333.4	29.013	34.308	31.967	
17325	1333.5	29.013	34.308	31.968	
17326	1333.6	29.013	34.308	31.968	
17327	1333.7	29.014	34.308	31.968	
17328	1333.8	29.014	34.308	31.968	
17329	1333.9	29.014	34.308	31.968	
17330	1334.	29.014	34.308	31.968	
17331	1334.	29.014	34.308	31.968	
17332	1334.	29.014	34.308	31.968	
17333	1334.	29.014	34.308	31.968	
17334	1334.1	29.014	34.309	31.968	
17335	1334.2	29.014	34.309	31.968	
17336	1334.3	29.014	34.309	31.969	
17337	1334.4	29.014	34.309	31.969	
17338	1334.5	29.014	34.309	31.969	
17339	1334.6	29.014	34.309	31.969	
17340	1334.7	29.014	34.31	31.969	
17341	1334.8	29.014	34.31	31.969	
17342	1334.9	29.015	34.31	31.969	
17343	1335.	29.015	34.31	31.969	
17344	1335.	29.015	34.31	31.969	
17345	1335.	29.015	34.31	31.969	
17346	1335.	29.015	34.31	31.97	
17347	1335.1	29.015	34.31	31.97	
17348	1335.2	29.015	34.31	31.97	
17349	1335.3	29.015	34.31	31.97	
17350	1335.4	29.015	34.311	31.97	
17351	1335.5	29.015	34.311	31.97	
17352	1335.6	29.015	34.311	31.97	
17353	1335.7	29.015	34.311	31.97	
17354	1335.8	29.015	34.311	31.97	
17355	1335.9	29.015	34.311	31.971	
17356	1336.	29.015	34.312	31.971	
17357	1336.	29.015	34.312	31.971	
17358	1336.	29.015	34.312	31.971	
17359	1336.	29.016	34.312	31.971	
17360	1336.1	29.016	34.312	31.971	
17361	1336.2	29.016	34.312	31.971	
17362	1336.3	29.016	34.312	31.971	
17363	1336.4	29.016	34.312	31.971	
17364	1336.5	29.016	34.312	31.971	
17365	1336.6	29.016	34.313	31.971	
17366	1336.7	29.016	34.313	31.972	
17367	1336.8	29.016	34.313	31.972	
17368	1336.9	29.016	34.313	31.972	
17369	1337.	29.016	34.313	31.972	
17370	1337.	29.016	34.313	31.972	
17371	1337.	29.016	34.313	31.972	
17372	1337.	29.016	34.313	31.972	
17373	1337.1	29.016	34.313	31.972	
17374	1337.2	29.017	34.313	31.972	
17375	1337.3	29.017	34.314	31.972	
17376	1337.4	29.017	34.314	31.972	
17377	1337.5	29.017	34.314	31.973	
17378	1337.6	29.017	34.314	31.973	
17379	1337.7	29.017	34.314	31.973	
17380	1337.8	29.017	34.314	31.973	
17381	1337.9	29.017	34.315	31.973	
17382	1338.	29.017	34.315	31.973	
17383	1338.	29.017	34.315	31.973	
17384	1338.	29.017	34.315	31.973	
17385	1338.	29.017	34.315	31.973	
17386	1338.1	29.017	34.315	31.973	
17387	1338.2	29.017	34.315	31.973	
17388	1338.3	29.018	34.315	31.974	
17389	1338.4	29.018	34.315	31.974	
17390	1338.5	29.018	34.315	31.974	
17391	1338.6	29.018	34.316	31.974	
17392	1338.7	29.018	34.316	31.974	
17393	1338.8	29.018	34.316	31.974	
17394	1338.9	29.018	34.316	31.974	
17395	1339.	29.018	34.316	31.974	
17396	1339.	29.018	34.316	31.974	
17397	1339.	29.018	34.316	31.974	
17398	1339.	29.018	34.316	31.975	
17399	1339.1	29.018	34.316	31.975	
17400	1339.2	29.018	34.317	31.975	
17401	1339.3	29.018	34.317	31.975	
17402	1339.4	29.018	34.317	31.975	
17403	1339.5	29.019	34.317	31.975	
17404	1339.6	29.019	34.317	31.975	
17405	1339.7	29.019	34.317	31.975	
17406	1339.8	29.019	34.318	31.975	
17407	1339.9	29.019	34.318	31.976	
17408	1340.	29.019	34.318	31.976	
17409	1340.	29.019	34.318	31.976	
17410	1340.	29.019	34.318	31.976	
17411	1340.	29.019	34.318	31.976	
17412	1340.1	29.019	34.318	31.976	
17413	1340.2	29.019	34.318	31.976	
17414	1340.3	29.019	34.318	31.976	
17415	1340.4	29.019	34.318	31.976	
17416	1340.5	29.019	34.319	31.976	
17417	1340.6	29.02	34.319	31.976	
17418	1340.7	29.02	34.319	31.977	
17419	1340.8	29.02	34.319	31.977	
17420	1340.9	29.02	34.319	31.977	
17421	1341.	29.02	34.319	31.977	
17422	1341.	29.02	34.319	31.977	
17423	1341.	29.02	34.319	31.977	
17424	1341.	29.02	34.319	31.977	
17425	1341.1	29.02	34.32	31.977	
17426	1341.2	29.02	34.32	31.977	
17427	1341.3	29.02	34.32	31.977	
17428	1341.4	29.02	34.32	31.978	
17429	1341.5	29.02	34.32	31.978	
17430	1341.6	29.02	34.32	31.978	
17431	1341.7	29.02	34.32	31.978	
17432	1341.8	29.021	34.321	31.978	
17433	1341.9	29.021	34.321	31.978	
17434	1342.	29.021	34.321	31.978	
17435	1342.	29.021	34.321	31.978	
17436	1342.	29.021	34.321	31.978	
17437	1342.	29.021	34.321	31.978	
17438	1342.1	29.021	34.321	31.978	
17439	1342.2	29.021	34.321	31.979	
17440	1342.3	29.021	34.321	31.979	
17441	1342.4	29.021	34.322	31.979	
17442	1342.5	29.021	34.322	31.979	
17443	1342.6	29.021	34.322	31.979	
17444	1342.7	29.021	34.322	31.979	
17445	1342.8	29.021	34.322	31.979	
17446	1342.9	29.022	34.322	31.979	
17447	1343.	29.022	34.322	31.979	
17448	1343.	29.022	34.322	31.979	
17449	1343.	29.022	34.322	31.979	
17450	1343.	29.022	34.323	31.98	
17451	1343.1	29.022	34.323	31.98	
17452	1343.2	29.022	34.323	31.98	
17453	1343.3	29.022	34.323	31.98	
17454	1343.4	29.022	34.323	31.98	
17455	1343.5	29.022	34.323	31.98	
17456	1343.6	29.022	34.323	31.98	
17457	1343.7	29.022	34.324	31.98	
17458	1343.8	29.022	34.324	31.981	
17459	1343.9	29.022	34.324	31.981	
17460	1344.	29.022	34.324	31.981	
17461	1344.	29.022	34.324	31.981	
17462	1344.	29.022	34.324	31.981	
17463	1344.	29.022	34.324	31.981	
17464	1344.1	29.023	34.324	31.981	
17465	1344.2	29.023	34.324	31.981	
17466	1344.3	29.023	34.325	31.981	
17467	1344.4	29.023	34.325	31.981	
17468	1344.5	29.023	34.325	31.981	
17469	1344.6	29.023	34.325	31.982	
17470	1344.7	29.023	34.325	31.982	
17471	1344.8	29.023	34.325	31.982	
17472	1344.9	29.023	34.325	31.982	
17473	1345.	29.023	34.326	31.982	
17474	1345.	29.023	34.326	31.982	
17475	1345.	29.023	34.326	31.982	
17476	1345.	29.023	34.326	31.982	
17477	1345.1	29.023	34.326	31.982	
17478	1345.2	29.024	34.326	31.982	
17479	1345.3	29.024	34.326	31.982	
17480	1345.4	29.024	34.326	31.983	
17481	1345.5	29.024	34.326	31.983	
17482	1345.6	29.024	34.327	31.983	
17483	1345.7	29.024	34.327	31.983	
17484	1345.8	29.024	34.327	31.983	
17485	1345.9	29.024	34.327	31.983	
17486	1346.	29.024	34.327	31.983	
17487	1346.	29.024	34.327	31.983	
17488	1346.	29.024	34.327	31.983	
17489	1346.	29.024	34.327	31.983	
17490	1346.1	29.024	34.327	31.983	
17491	1346.2	29.024	34.328	31.984	
17492	1346.3	29.024	34.328	31.984	
17493	1346.4	29.025	34.328	31.984	
17494	1346.5	29.025	34.328	31.984	
17495	1346.6	29.025	34.328	31.984	
17496	1346.7	29.025	34.328	31.984	
17497	1346.8	29.025	34.328	31.984	
17498	1346.9	29.025	34.329	31.984	
17499	1347.	29.025	34.329	31.984	
17500	1347.	29.025	34.329	31.984	
17501	1347.	29.025	34.329	31.984	
17502	1347.	29.025	34.329	31.985	
17503	1347.1	29.025	34.329	31.985	
17504	1347.2	29.025	34.329	31.985	
17505	1347.3	29.025	34.329	31.985	
17506	1347.4	29.025	34.329	31.985	
17507	1347.5	29.025	34.33	31.985	
17508	1347.6	29.026	34.33	31.985	
17509	1347.7	29.026	34.33	31.985	
17510	1347.8	29.026	34.33	31.986	
17511	1347.9	29.026	34.33	31.986	
17512	1348.	29.026	34.33	31.986	
17513	1348.	29.026	34.33	31.986	
17514	1348.	29.026	34.33	31.986	
17515	1348.	29.026	34.33	31.986	
17516	1348.1	29.026	34.33	31.986	
17517	1348.2	29.026	34.331	31.986	
17518	1348.3	29.026	34.331	31.986	
17519	1348.4	29.026	34.331	31.986	
17520	1348.5	29.026	34.331	31.986	
17521	1348.6	29.026	34.331	31.987	
17522	1348.7	29.027	34.331	31.987	
17523	1348.8	29.027	34.332	31.987	
17524	1348.9	29.027	34.332	31.987	
17525	1349.	29.027	34.332	31.987	
17526	1349.	29.027	34.332	31.987	
17527	1349.	29.027	34.332	31.987	
17528	1349.	29.027	34.332	31.987	
17529	1349.1	29.027	34.332	31.987	
17530	1349.2	29.027	34.332	31.987	
17531	1349.3	29.027	34.332	31.987	
17532	1349.4	29.027	34.333	31.988	
17533	1349.5	29.027	34.333	31.988	
17534	1349.6	29.027	34.333	31.988	
17535	1349.7	29.027	34.333	31.988	
17536	1349.8	29.027	34.333	31.988	
17537	1349.9	29.028	34.333	31.988	
17538	1350.	29.028	34.333	31.988	
17539	1350.	29.028	34.333	31.988	
17540	1350.	29.028	34.333	31.988	
17541	1350.	29.028	34.333	31.988	
17542	1350.1	29.028	34.334	31.988	
17543	1350.2	29.028	34.334	31.989	
17544	1350.3	29.028	34.334	31.989	
17545	1350.4	29.028	34.334	31.989	
17546	1350.5	29.028	34.334	31.989	
17547	1350.6	29.028	34.334	31.989	
17548	1350.7	29.028	34.335	31.989	
17549	1350.8	29.028	34.335	31.989	
17550	1350.9	29.028	34.335	31.989	
17551	1351.	29.029	34.335	31.989	
17552	1351.	29.029	34.335	31.989	
17553	1351.	29.029	34.335	31.989	
17554	1351.	29.029	34.335	31.99	
17555	1351.1	29.029	34.335	31.99	
17556	1351.2	29.029	34.335	31.99	
17557	1351.3	29.029	34.335	31.99	
17558	1351.4	29.029	34.336	31.99	
17559	1351.5	29.029	34.336	31.99	
17560	1351.6	29.029	34.336	31.99	
17561	1351.7	29.029	34.336	31.99	
17562	1351.8	29.029	34.336	31.991	
17563	1351.9	29.029	34.336	31.991	
17564	1352.	29.029	34.337	31.991	
17565	1352.	29.029	34.337	31.991	
17566	1352.	29.029	34.337	31.991	
17567	1352.	29.029	34.337	31.991	
17568	1352.1	29.029	34.337	31.991	
17569	1352.2	29.03	34.337	31.991	
17570	1352.3	29.03	34.337	31.991	
17571	1352.4	29.03	34.337	31.991	
17572	1352.5	29.03	34.337	31.991	
17573	1352.6	29.03	34.338	31.992	
17574	1352.7	29.03	34.338	31.992	
17575	1352.8	29.03	34.338	31.992	
17576	1352.9	29.03	34.338	31.992	
17577	1353.	29.03	34.338	31.992	
17578	1353.	29.03	34.338	31.992	
17579	1353.	29.03	34.338	31.992	
17580	1353.	29.03	34.338	31.992	
17581	1353.1	29.03	34.338	31.992	
17582	1353.2	29.03	34.338	31.992	
17583	1353.3	29.031	34.339	31.992	
17584	1353.4	29.031	34.339	31.993	
17585	1353.5	29.031	34.339	31.993	
17586	1353.6	29.031	34.339	31.993	
17587	1353.7	29.031	34.339	31.993	
17588	1353.8	29.031	34.339	31.993	
17589	1353.9	29.031	34.34	31.993	
17590	1354.	29.031	34.34	31.993	
17591	1354.	29.031	34.34	31.993	
17592	1354.	29.031	34.34	31.993	
17593	1354.	29.031	34.34	31.993	
17594	1354.1	29.031	34.34	31.993	
17595	1354.2	29.031	34.34	31.994	
17596	1354.3	29.031	34.34	31.994	
17597	1354.4	29.031	34.34	31.994	
17598	1354.5	29.032	34.34	31.994	
17599	1354.6	29.032	34.341	31.994	
17600	1354.7	29.032	34.341	31.994	
17601	1354.8	29.032	34.341	31.994	
17602	1354.9	29.032	34.341	31.994	
17603	1355.	29.032	34.341	31.994	
17604	1355.	29.032	34.341	31.994	
17605	1355.	29.032	34.341	31.994	
17606	1355.	29.032	34.341	31.995	
17607	1355.1	29.032	34.341	31.995	
17608	1355.2	29.032	34.342	31.995	
17609	1355.3	29.032	34.342	31.995	
17610	1355.4	29.032	34.342	31.995	
17611	1355.5	29.032	34.342	31.995	
17612	1355.6	29.033	34.342	31.995	
17613	1355.7	29.033	34.342	31.995	
17614	1355.8	29.033	34.343	31.996	
17615	1355.9	29.033	34.343	31.996	
17616	1356.	29.033	34.343	31.996	
17617	1356.	29.033	34.343	31.996	
17618	1356.	29.033	34.343	31.996	
17619	1356.	29.033	34.343	31.996	
17620	1356.1	29.033	34.343	31.996	
17621	1356.2	29.033	34.343	31.996	
17622	1356.3	29.033	34.343	31.996	
17623	1356.4	29.033	34.343	31.996	
17624	1356.5	29.033	34.344	31.996	
17625	1356.6	29.033	34.344	31.997	
17626	1356.7	29.033	34.344	31.997	
17627	1356.8	29.034	34.344	31.997	
17628	1356.9	29.034	34.344	31.997	
17629	1357.	29.034	34.344	31.997	
17630	1357.	29.034	34.344	31.997	
17631	1357.	29.034	34.344	31.997	
17632	1357.	29.034	34.344	31.997	
17633	1357.1	29.034	34.345	31.997	
17634	1357.2	29.034	34.345	31.997	
17635	1357.3	29.034	34.345	31.997	
17636	1357.4	29.034	34.345	31.998	
17637	1357.5	29.034	34.345	31.998	
17638	1357.6	29.034	34.345	31.998	
17639	1357.7	29.034	34.345	31.998	
17640	1357.8	29.034	34.346	31.998	
17641	1357.9	29.035	34.346	31.998	
17642	1358.	29.035	34.346	31.998	
17643	1358.	29.035	34.346	31.998	
17644	1358.	29.035	34.346	31.998	
17645	1358.	29.035	34.346	31.998	
17646	1358.1	29.035	34.346	31.998	
17647	1358.2	29.035	34.346	31.999	
17648	1358.3	29.035	34.346	31.999	
17649	1358.4	29.035	34.347	31.999	
17650	1358.5	29.035	34.347	31.999	
17651	1358.6	29.035	34.347	31.999	
17652	1358.7	29.035	34.347	31.999	
17653	1358.8	29.035	34.347	31.999	
17654	1358.9	29.035	34.347	31.999	
17655	1359.	29.035	34.347	31.999	
17656	1359.	29.035	34.347	31.999	
17657	1359.	29.035	34.347	31.999	
17658	1359.	29.035	34.348	32.	
17659	1359.1	29.036	34.348	32.	
17660	1359.2	29.036	34.348	32.	
17661	1359.3	29.036	34.348	32.	
17662	1359.4	29.036	34.348	32.	
17663	1359.5	29.036	34.348	32.	
17664	1359.6	29.036	34.348	32.	
17665	1359.7	29.036	34.349	32.	
17666	1359.8	29.036	34.349	32.001	
17667	1359.9	29.036	34.349	32.001	
17668	1360.	29.036	34.349	32.001	
17669	1360.	29.036	34.349	32.001	
17670	1360.	29.036	34.349	32.001	
17671	1360.	29.036	34.349	32.001	
17672	1360.1	29.036	34.349	32.001	
17673	1360.2	29.037	34.349	32.001	
17674	1360.3	29.037	34.35	32.001	
17675	1360.4	29.037	34.35	32.001	
17676	1360.5	29.037	34.35	32.001	
17677	1360.6	29.037	34.35	32.002	
17678	1360.7	29.037	34.35	32.002	
17679	1360.8	29.037	34.35	32.002	
17680	1360.9	29.037	34.35	32.002	
17681	1361.	29.037	34.351	32.002	
17682	1361.	29.037	34.351	32.002	
17683	1361.	29.037	34.351	32.002	
17684	1361.	29.037	34.351	32.002	
17685	1361.1	29.037	34.351	32.002	
17686	1361.2	29.037	34.351	32.002	
17687	1361.3	29.037	34.351	32.002	
17688	1361.4	29.038	34.351	32.003	
17689	1361.5	29.038	34.351	32.003	
17690	1361.6	29.038	34.352	32.003	
17691	1361.7	29.038	34.352	32.003	
17692	1361.8	29.038	34.352	32.003	
17693	1361.9	29.038	34.352	32.003	
17694	1362.	29.038	34.352	32.003	
17695	1362.	29.038	34.352	32.003	
17696	1362.	29.038	34.352	32.003	
17697	1362.	29.038	34.352	32.003	
17698	1362.1	29.038	34.352	32.003	
17699	1362.2	29.038	34.353	32.004	
17700	1362.3	29.038	34.353	32.004	
17701	1362.4	29.038	34.353	32.004	
17702	1362.5	29.039	34.353	32.004	
17703	1362.6	29.039	34.353	32.004	
17704	1362.7	29.039	34.353	32.004	
17705	1362.8	29.039	34.353	32.004	
17706	1362.9	29.039	34.354	32.004	
17707	1363.	29.039	34.354	32.004	
17708	1363.	29.039	34.354	32.004	
17709	1363.	29.039	34.354	32.004	
17710	1363.	29.039	34.354	32.005	
17711	1363.1	29.039	34.354	32.005	
17712	1363.2	29.039	34.354	32.005	
17713	1363.3	29.039	34.354	32.005	
17714	1363.4	29.039	34.354	32.005	
17715	1363.5	29.039	34.355	32.005	
17716	1363.6	29.039	34.355	32.005	
17717	1363.7	29.04	34.355	32.005	
17718	1363.8	29.04	34.355	32.006	
17719	1363.9	29.04	34.355	32.006	
17720	1364.	29.04	34.355	32.006	
17721	1364.	29.04	34.355	32.006	
17722	1364.	29.04	34.355	32.006	
17723	1364.	29.04	34.355	32.006	
17724	1364.1	29.04	34.355	32.006	
17725	1364.2	29.04	34.356	32.006	
17726	1364.3	29.04	34.356	32.006	
17727	1364.4	29.04	34.356	32.006	
17728	1364.5	29.04	34.356	32.006	
17729	1364.6	29.04	34.356	32.007	
17730	1364.7	29.04	34.356	32.007	
17731	1364.8	29.041	34.357	32.007	
17732	1364.9	29.041	34.357	32.007	
17733	1365.	29.041	34.357	32.007	
17734	1365.	29.041	34.357	32.007	
17735	1365.	29.041	34.357	32.007	
17736	1365.	29.041	34.357	32.007	
17737	1365.1	29.041	34.357	32.007	
17738	1365.2	29.041	34.357	32.007	
17739	1365.3	29.041	34.357	32.007	
17740	1365.4	29.041	34.358	32.008	
17741	1365.5	29.041	34.358	32.008	
17742	1365.6	29.041	34.358	32.008	
17743	1365.7	29.041	34.358	32.008	
17744	1365.8	29.041	34.358	32.008	
17745	1365.9	29.041	34.358	32.008	
17746	1366.	29.042	34.358	32.008	
17747	1366.	29.042	34.358	32.008	
17748	1366.	29.042	34.358	32.008	
17749	1366.	29.042	34.358	32.008	
17750	1366.1	29.042	34.359	32.008	
17751	1366.2	29.042	34.359	32.009	
17752	1366.3	29.042	34.359	32.009	
17753	1366.4	29.042	34.359	32.009	
17754	1366.5	29.042	34.359	32.009	
17755	1366.6	29.042	34.359	32.009	
17756	1366.7	29.042	34.36	32.009	
17757	1366.8	29.042	34.36	32.009	
17758	1366.9	29.042	34.36	32.009	
17759	1367.	29.042	34.36	32.009	
17760	1367.	29.042	34.36	32.009	
17761	1367.	29.042	34.36	32.01	
17762	1367.	29.042	34.36	32.01	
17763	1367.1	29.043	34.36	32.01	
17764	1367.2	29.043	34.36	32.01	
17765	1367.3	29.043	34.36	32.01	
17766	1367.4	29.043	34.361	32.01	
17767	1367.5	29.043	34.361	32.01	
17768	1367.6	29.043	34.361	32.01	
17769	1367.7	29.043	34.361	32.01	
17770	1367.8	29.043	34.361	32.011	
17771	1367.9	29.043	34.361	32.011	
17772	1368.	29.043	34.362	32.011	
17773	1368.	29.043	34.362	32.011	
17774	1368.	29.043	34.362	32.011	
17775	1368.	29.043	34.362	32.011	
17776	1368.1	29.043	34.362	32.011	
17777	1368.2	29.043	34.362	32.011	
17778	1368.3	29.044	34.362	32.011	
17779	1368.4	29.044	34.362	32.011	
17780	1368.5	29.044	34.362	32.011	
17781	1368.6	29.044	34.363	32.012	
17782	1368.7	29.044	34.363	32.012	
17783	1368.8	29.044	34.363	32.012	
17784	1368.9	29.044	34.363	32.012	
17785	1369.	29.044	34.363	32.012	
17786	1369.	29.044	34.363	32.012	
17787	1369.	29.044	34.363	32.012	
17788	1369.	29.044	34.363	32.012	
17789	1369.1	29.044	34.363	32.012	
17790	1369.2	29.044	34.363	32.012	
17791	1369.3	29.044	34.364	32.012	
17792	1369.4	29.045	34.364	32.013	
17793	1369.5	29.045	34.364	32.013	
17794	1369.6	29.045	34.364	32.013	
17795	1369.7	29.045	34.364	32.013	
17796	1369.8	29.045	34.364	32.013	
17797	1369.9	29.045	34.365	32.013	
17798	1370.	29.045	34.365	32.013	
17799	1370.	29.045	34.365	32.013	
17800	1370.	29.045	34.365	32.013	
17801	1370.	29.045	34.365	32.013	
17802	1370.1	29.045	34.365	32.013	
17803	1370.2	29.045	34.365	32.014	
17804	1370.3	29.045	34.365	32.014	
17805	1370.4	29.045	34.365	32.014	
17806	1370.5	29.045	34.365	32.014	
17807	1370.6	29.046	34.366	32.014	
17808	1370.7	29.046	34.366	32.014	
17809	1370.8	29.046	34.366	32.014	
17810	1370.9	29.046	34.366	32.014	
17811	1371.	29.046	34.366	32.014	
17812	1371.	29.046	34.366	32.014	
17813	1371.	29.046	34.366	32.015	
17814	1371.	29.046	34.366	32.015	
17815	1371.1	29.046	34.366	32.015	
17816	1371.2	29.046	34.367	32.015	
17817	1371.3	29.046	34.367	32.015	
17818	1371.4	29.046	34.367	32.015	
17819	1371.5	29.046	34.367	32.015	
17820	1371.6	29.046	34.367	32.015	
17821	1371.7	29.047	34.367	32.015	
17822	1371.8	29.047	34.368	32.016	
17823	1371.9	29.047	34.368	32.016	
17824	1372.	29.047	34.368	32.016	
17825	1372.	29.047	34.368	32.016	
17826	1372.	29.047	34.368	32.016	
17827	1372.	29.047	34.368	32.016	
17828	1372.1	29.047	34.368	32.016	
17829	1372.2	29.047	34.368	32.016	
17830	1372.3	29.047	34.368	32.016	
17831	1372.4	29.047	34.368	32.016	
17832	1372.5	29.047	34.369	32.016	
17833	1372.6	29.047	34.369	32.017	
17834	1372.7	29.047	34.369	32.017	
17835	1372.8	29.047	34.369	32.017	
17836	1372.9	29.048	34.369	32.017	
17837	1373.	29.048	34.369	32.017	
17838	1373.	29.048	34.369	32.017	
17839	1373.	29.048	34.369	32.017	
17840	1373.	29.048	34.369	32.017	
17841	1373.1	29.048	34.37	32.017	
17842	1373.2	29.048	34.37	32.017	
17843	1373.3	29.048	34.37	32.017	
17844	1373.4	29.048	34.37	32.018	
17845	1373.5	29.048	34.37	32.018	
17846	1373.6	29.048	34.37	32.018	
17847	1373.7	29.048	34.37	32.018	
17848	1373.8	29.048	34.371	32.018	
17849	1373.9	29.048	34.371	32.018	
17850	1374.	29.048	34.371	32.018	
17851	1374.	29.048	34.371	32.018	
17852	1374.	29.048	34.371	32.018	
17853	1374.	29.049	34.371	32.018	
17854	1374.1	29.049	34.371	32.018	
17855	1374.2	29.049	34.371	32.019	
17856	1374.3	29.049	34.371	32.019	
17857	1374.4	29.049	34.372	32.019	
17858	1374.5	29.049	34.372	32.019	
17859	1374.6	29.049	34.372	32.019	
17860	1374.7	29.049	34.372	32.019	
17861	1374.8	29.049	34.372	32.019	
17862	1374.9	29.049	34.372	32.019	
17863	1375.	29.049	34.372	32.019	
17864	1375.	29.049	34.372	32.019	
17865	1375.	29.049	34.372	32.02	
17866	1375.	29.049	34.373	32.02	
17867	1375.1	29.049	34.373	32.02	
17868	1375.2	29.05	34.373	32.02	
17869	1375.3	29.05	34.373	32.02	
17870	1375.4	29.05	34.373	32.02	
17871	1375.5	29.05	34.373	32.02	
17872	1375.6	29.05	34.373	32.02	
17873	1375.7	29.05	34.374	32.02	
17874	1375.8	29.05	34.374	32.021	
17875	1375.9	29.05	34.374	32.021	
17876	1376.	29.05	34.374	32.021	
17877	1376.	29.05	34.374	32.021	
17878	1376.	29.05	34.374	32.021	
17879	1376.	29.05	34.374	32.021	
17880	1376.1	29.05	34.374	32.021	
17881	1376.2	29.05	34.374	32.021	
17882	1376.3	29.05	34.375	32.021	
17883	1376.4	29.051	34.375	32.021	
17884	1376.5	29.051	34.375	32.021	
17885	1376.6	29.051	34.375	32.022	
17886	1376.7	29.051	34.375	32.022	
17887	1376.8	29.051	34.375	32.022	
17888	1376.9	29.051	34.375	32.022	
17889	1377.	29.051	34.376	32.022	
17890	1377.	29.051	34.376	32.022	
17891	1377.	29.051	34.376	32.022	
17892	1377.	29.051	34.376	32.022	
17893	1377.1	29.051	34.376	32.022	
17894	1377.2	29.051	34.376	32.022	
17895	1377.3	29.051	34.376	32.022	
17896	1377.4	29.051	34.376	32.023	
17897	1377.5	29.052	34.376	32.023	
17898	1377.6	29.052	34.377	32.023	
17899	1377.7	29.052	34.377	32.023	
17900	1377.8	29.052	34.377	32.023	
17901	1377.9	29.052	34.377	32.023	
17902	1378.	29.052	34.377	32.023	
17903	1378.	29.052	34.377	32.023	
17904	1378.	29.052	34.377	32.023	
17905	1378.	29.052	34.377	32.023	
17906	1378.1	29.052	34.377	32.023	
17907	1378.2	29.052	34.378	32.024	
17908	1378.3	29.052	34.378	32.024	
17909	1378.4	29.052	34.378	32.024	
17910	1378.5	29.052	34.378	32.024	
17911	1378.6	29.052	34.378	32.024	
17912	1378.7	29.053	34.378	32.024	
17913	1378.8	29.053	34.378	32.024	
17914	1378.9	29.053	34.379	32.024	
17915	1379.	29.053	34.379	32.024	
17916	1379.	29.053	34.379	32.024	
17917	1379.	29.053	34.379	32.025	
17918	1379.	29.053	34.379	32.025	
17919	1379.1	29.053	34.379	32.025	
17920	1379.2	29.053	34.379	32.025	
17921	1379.3	29.053	34.379	32.025	
17922	1379.4	29.053	34.379	32.025	
17923	1379.5	29.053	34.38	32.025	
17924	1379.6	29.053	34.38	32.025	
17925	1379.7	29.053	34.38	32.025	
17926	1379.8	29.054	34.38	32.026	
17927	1379.9	29.054	34.38	32.026	
17928	1380.	29.054	34.38	32.026	
17929	1380.	29.054	34.38	32.026	
17930	1380.	29.054	34.38	32.026	
17931	1380.	29.054	34.38	32.026	
17932	1380.1	29.054	34.38	32.026	
17933	1380.2	29.054	34.381	32.026	
17934	1380.3	29.054	34.381	32.026	
17935	1380.4	29.054	34.381	32.026	
17936	1380.5	29.054	34.381	32.026	
17937	1380.6	29.054	34.381	32.027	
17938	1380.7	29.054	34.381	32.027	
17939	1380.8	29.054	34.382	32.027	
17940	1380.9	29.054	34.382	32.027	
17941	1381.	29.055	34.382	32.027	
17942	1381.	29.055	34.382	32.027	
17943	1381.	29.055	34.382	32.027	
17944	1381.	29.055	34.382	32.027	
17945	1381.1	29.055	34.382	32.027	
17946	1381.2	29.055	34.382	32.027	
17947	1381.3	29.055	34.382	32.027	
17948	1381.4	29.055	34.383	32.028	
17949	1381.5	29.055	34.383	32.028	
17950	1381.6	29.055	34.383	32.028	
17951	1381.7	29.055	34.383	32.028	
17952	1381.8	29.055	34.383	32.028	
17953	1381.9	29.055	34.383	32.028	
17954	1382.	29.055	34.383	32.028	
17955	1382.	29.055	34.383	32.028	
17956	1382.	29.055	34.383	32.028	
17957	1382.	29.055	34.383	32.028	
17958	1382.1	29.056	34.384	32.028	
17959	1382.2	29.056	34.384	32.029	
17960	1382.3	29.056	34.384	32.029	
17961	1382.4	29.056	34.384	32.029	
17962	1382.5	29.056	34.384	32.029	
17963	1382.6	29.056	34.384	32.029	
17964	1382.7	29.056	34.385	32.029	
17965	1382.8	29.056	34.385	32.029	
17966	1382.9	29.056	34.385	32.029	
17967	1383.	29.056	34.385	32.029	
17968	1383.	29.056	34.385	32.029	
17969	1383.	29.056	34.385	32.03	
17970	1383.	29.056	34.385	32.03	
17971	1383.1	29.056	34.385	32.03	
17972	1383.2	29.056	34.385	32.03	
17973	1383.3	29.057	34.385	32.03	
17974	1383.4	29.057	34.386	32.03	
17975	1383.5	29.057	34.386	32.03	
17976	1383.6	29.057	34.386	32.03	
17977	1383.7	29.057	34.386	32.03	
17978	1383.8	29.057	34.386	32.031	
17979	1383.9	29.057	34.386	32.031	
17980	1384.	29.057	34.387	32.031	
17981	1384.	29.057	34.387	32.031	
17982	1384.	29.057	34.387	32.031	
17983	1384.	29.057	34.387	32.031	
17984	1384.1	29.057	34.387	32.031	
17985	1384.2	29.057	34.387	32.031	
17986	1384.3	29.057	34.387	32.031	
17987	1384.4	29.058	34.387	32.031	
17988	1384.5	29.058	34.387	32.031	
17989	1384.6	29.058	34.388	32.032	
17990	1384.7	29.058	34.388	32.032	
17991	1384.8	29.058	34.388	32.032	
17992	1384.9	29.058	34.388	32.032	
17993	1385.	29.058	34.388	32.032	
17994	1385.	29.058	34.388	32.032	
17995	1385.	29.058	34.388	32.032	
17996	1385.	29.058	34.388	32.032	
17997	1385.1	29.058	34.388	32.032	
17998	1385.2	29.058	34.388	32.032	
17999	1385.3	29.058	34.389	32.032	
18000	1385.4	29.058	34.389	32.033	
18001	1385.5	29.058	34.389	32.033	
18002	1385.6	29.059	34.389	32.033	
18003	1385.7	29.059	34.389	32.033	
18004	1385.8	29.059	34.389	32.033	
18005	1385.9	29.059	34.39	32.033	
18006	1386.	29.059	34.39	32.033	
18007	1386.	29.059	34.39	32.033	
18008	1386.	29.059	34.39	32.033	
18009	1386.	29.059	34.39	32.033	
18010	1386.1	29.059	34.39	32.033	
18011	1386.2	29.059	34.39	32.034	
18012	1386.3	29.059	34.39	32.034	
18013	1386.4	29.059	34.39	32.034	
18014	1386.5	29.059	34.39	32.034	
18015	1386.6	29.059	34.391	32.034	
18016	1386.7	29.06	34.391	32.034	
18017	1386.8	29.06	34.391	32.034	
18018	1386.9	29.06	34.391	32.034	
18019	1387.	29.06	34.391	32.034	
18020	1387.	29.06	34.391	32.035	
18021	1387.	29.06	34.391	32.035	
18022	1387.	29.06	34.391	32.035	
18023	1387.1	29.06	34.391	32.035	
18024	1387.2	29.06	34.392	32.035	
18025	1387.3	29.06	34.392	32.035	
18026	1387.4	29.06	34.392	32.035	
18027	1387.5	29.06	34.392	32.035	
18028	1387.6	29.06	34.392	32.035	
18029	1387.7	29.06	34.392	32.035	
18030	1387.8	29.06	34.393	32.036	
18031	1387.9	29.061	34.393	32.036	
18032	1388.	29.061	34.393	32.036	
18033	1388.	29.061	34.393	32.036	
18034	1388.	29.061	34.393	32.036	
18035	1388.	29.061	34.393	32.036	
18036	1388.1	29.061	34.393	32.036	
18037	1388.2	29.061	34.393	32.036	
18038	1388.3	29.061	34.393	32.036	
18039	1388.4	29.061	34.393	32.036	
18040	1388.5	29.061	34.394	32.036	
18041	1388.6	29.061	34.394	32.037	
18042	1388.7	29.061	34.394	32.037	
18043	1388.8	29.061	34.394	32.037	
18044	1388.9	29.061	34.394	32.037	
18045	1389.	29.061	34.394	32.037	
18046	1389.	29.061	34.394	32.037	
18047	1389.	29.061	34.394	32.037	
18048	1389.	29.062	34.394	32.037	
18049	1389.1	29.062	34.395	32.037	
18050	1389.2	29.062	34.395	32.037	
18051	1389.3	29.062	34.395	32.037	
18052	1389.4	29.062	34.395	32.038	
18053	1389.5	29.062	34.395	32.038	
18054	1389.6	29.062	34.395	32.038	
18055	1389.7	29.062	34.395	32.038	
18056	1389.8	29.062	34.396	32.038	
18057	1389.9	29.062	34.396	32.038	
18058	1390.	29.062	34.396	32.038	
18059	1390.	29.062	34.396	32.038	
18060	1390.	29.062	34.396	32.038	
18061	1390.	29.062	34.396	32.038	
18062	1390.1	29.062	34.396	32.038	
18063	1390.2	29.063	34.396	32.039	
18064	1390.3	29.063	34.396	32.039	
18065	1390.4	29.063	34.397	32.039	
18066	1390.5	29.063	34.397	32.039	
18067	1390.6	29.063	34.397	32.039	
18068	1390.7	29.063	34.397	32.039	
18069	1390.8	29.063	34.397	32.039	
18070	1390.9	29.063	34.397	32.039	
18071	1391.	29.063	34.397	32.039	
18072	1391.	29.063	34.397	32.04	
18073	1391.	29.063	34.397	32.04	
18074	1391.	29.063	34.398	32.04	
18075	1391.1	29.063	34.398	32.04	
18076	1391.2	29.063	34.398	32.04	
18077	1391.3	29.063	34.398	32.04	
18078	1391.4	29.064	34.398	32.04	
18079	1391.5	29.064	34.398	32.04	
18080	1391.6	29.064	34.398	32.04	
18081	1391.7	29.064	34.399	32.04	
18082	1391.8	29.064	34.399	32.041	
18083	1391.9	29.064	34.399	32.041	
18084	1392.	29.064	34.399	32.041	
18085	1392.	29.064	34.399	32.041	
18086	1392.	29.064	34.399	32.041	
18087	1392.	29.064	34.399	32.041	
18088	1392.1	29.064	34.399	32.041	
18089	1392.2	29.064	34.399	32.041	
18090	1392.3	29.064	34.4	32.041	
18091	1392.4	29.064	34.4	32.041	
18092	1392.5	29.065	34.4	32.041	
18093	1392.6	29.065	34.4	32.042	
18094	1392.7	29.065	34.4	32.042	
18095	1392.8	29.065	34.4	32.042	
18096	1392.9	29.065	34.4	32.042	
18097	1393.	29.065	34.401	32.042	
18098	1393.	29.065	34.401	32.042	
18099	1393.	29.065	34.401	32.042	
18100	1393.	29.065	34.401	32.042	
18101	1393.1	29.065	34.401	32.042	
18102	1393.2	29.065	34.401	32.042	
18103	1393.3	29.065	34.401	32.042	
18104	1393.4	29.065	34.401	32.043	
18105	1393.5	29.065	34.401	32.043	
18106	1393.6	29.065	34.402	32.043	
18107	1393.7	29.066	34.402	32.043	
18108	1393.8	29.066	34.402	32.043	
18109	1393.9	29.066	34.402	32.043	
18110	1394.	29.066	34.402	32.043	
18111	1394.	29.066	34.402	32.043	
18112	1394.	29.066	34.402	32.043	
18113	1394.	29.066	34.402	32.043	
18114	1394.1	29.066	34.402	32.043	
18115	1394.2	29.066	34.403	32.044	
18116	1394.3	29.066	34.403	32.044	
18117	1394.4	29.066	34.403	32.044	
18118	1394.5	29.066	34.403	32.044	
18119	1394.6	29.066	34.403	32.044	
18120	1394.7	29.066	34.403	32.044	
18121	1394.8	29.067	34.403	32.044	
18122	1394.9	29.067	34.404	32.044	
18123	1395.	29.067	34.404	32.044	
18124	1395.	29.067	34.404	32.045	
18125	1395.	29.067	34.404	32.045	
18126	1395.	29.067	34.404	32.045	
18127	1395.1	29.067	34.404	32.045	
18128	1395.2	29.067	34.404	32.045	
18129	1395.3	29.067	34.404	32.045	
18130	1395.4	29.067	34.404	32.045	
18131	1395.5	29.067	34.405	32.045	
18132	1395.6	29.067	34.405	32.045	
18133	1395.7	29.067	34.405	32.045	
18134	1395.8	29.067	34.405	32.046	
18135	1395.9	29.067	34.405	32.046	
18136	1396.	29.068	34.405	32.046	
18137	1396.	29.068	34.405	32.046	
18138	1396.	29.068	34.405	32.046	
18139	1396.	29.068	34.405	32.046	
18140	1396.1	29.068	34.405	32.046	
18141	1396.2	29.068	34.406	32.046	
18142	1396.3	29.068	34.406	32.046	
18143	1396.4	29.068	34.406	32.046	
18144	1396.5	29.068	34.406	32.046	
18145	1396.6	29.068	34.406	32.047	
18146	1396.7	29.068	34.406	32.047	
18147	1396.8	29.068	34.407	32.047	
18148	1396.9	29.068	34.407	32.047	
18149	1397.	29.068	34.407	32.047	
18150	1397.	29.068	34.407	32.047	
18151	1397.	29.068	34.407	32.047	
18152	1397.	29.068	34.407	32.047	
18153	1397.1	29.069	34.407	32.047	
18154	1397.2	29.069	34.407	32.047	
18155	1397.3	29.069	34.407	32.047	
18156	1397.4	29.069	34.408	32.048	
18157	1397.5	29.069	34.408	32.048	
18158	1397.6	29.069	34.408	32.048	
18159	1397.7	29.069	34.408	32.048	
18160	1397.8	29.069	34.408	32.048	
18161	1397.9	29.069	34.408	32.048	
18162	1398.	29.069	34.408	32.048	
18163	1398.	29.069	34.408	32.048	
18164	1398.	29.069	34.408	32.048	
18165	1398.	29.069	34.408	32.048	
18166	1398.1	29.069	34.409	32.048	
18167	1398.2	29.069	34.409	32.049	
18168	1398.3	29.07	34.409	32.049	
18169	1398.4	29.07	34.409	32.049	
18170	1398.5	29.07	34.409	32.049	
18171	1398.6	29.07	34.409	32.049	
18172	1398.7	29.07	34.41	32.049	
18173	1398.8	29.07	34.41	32.049	
18174	1398.9	29.07	34.41	32.049	
18175	1399.	29.07	34.41	32.049	
18176	1399.	29.07	34.41	32.05	
18177	1399.	29.07	34.41	32.05	
18178	1399.	29.07	34.41	32.05	
18179	1399.1	29.07	34.41	32.05	
18180	1399.2	29.07	34.41	32.05	
18181	1399.3	29.07	34.41	32.05	
18182	1399.4	29.071	34.411	32.05	
18183	1399.5	29.071	34.411	32.05	
18184	1399.6	29.071	34.411	32.05	
18185	1399.7	29.071	34.411	32.05	
18186	1399.8	29.071	34.411	32.051	
18187	1399.9	29.071	34.411	32.051	
18188	1400.	29.071	34.412	32.051	
18189	1400.	29.071	34.412	32.051	
18190	1400.	29.071	34.412	32.051	
18191	1400.	29.071	34.412	32.051	
18192	1400.1	29.071	34.412	32.051	
18193	1400.2	29.071	34.412	32.051	
18194	1400.3	29.071	34.412	32.051	
18195	1400.4	29.071	34.412	32.051	
18196	1400.5	29.071	34.412	32.051	
18197	1400.6	29.072	34.413	32.052	
18198	1400.7	29.072	34.413	32.052	
18199	1400.8	29.072	34.413	32.052	
18200	1400.9	29.072	34.413	32.052	
18201	1401.	29.072	34.413	32.052	
18202	1401.	29.072	34.413	32.052	
18203	1401.	29.072	34.413	32.052	
18204	1401.	29.072	34.413	32.052	
18205	1401.1	29.072	34.413	32.052	
18206	1401.2	29.072	34.413	32.052	
18207	1401.3	29.072	34.414	32.052	
18208	1401.4	29.072	34.414	32.053	
18209	1401.5	29.072	34.414	32.053	
18210	1401.6	29.072	34.414	32.053	
18211	1401.7	29.073	34.414	32.053	
18212	1401.8	29.073	34.414	32.053	
18213	1401.9	29.073	34.415	32.053	
18214	1402.	29.073	34.415	32.053	
18215	1402.	29.073	34.415	32.053	
18216	1402.	29.073	34.415	32.053	
18217	1402.	29.073	34.415	32.053	
18218	1402.1	29.073	34.415	32.053	
18219	1402.2	29.073	34.415	32.054	
18220	1402.3	29.073	34.415	32.054	
18221	1402.4	29.073	34.415	32.054	
18222	1402.5	29.073	34.415	32.054	
18223	1402.6	29.073	34.416	32.054	
18224	1402.7	29.073	34.416	32.054	
18225	1402.8	29.073	34.416	32.054	
18226	1402.9	29.074	34.416	32.054	
18227	1403.	29.074	34.416	32.054	
18228	1403.	29.074	34.416	32.055	
18229	1403.	29.074	34.416	32.055	
18230	1403.	29.074	34.416	32.055	
18231	1403.1	29.074	34.416	32.055	
18232	1403.2	29.074	34.417	32.055	
18233	1403.3	29.074	34.417	32.055	
18234	1403.4	29.074	34.417	32.055	
18235	1403.5	29.074	34.417	32.055	
18236	1403.6	29.074	34.417	32.055	
18237	1403.7	29.074	34.417	32.055	
18238	1403.8	29.074	34.418	32.056	
18239	1403.9	29.074	34.418	32.056	
18240	1404.	29.074	34.418	32.056	
18241	1404.	29.074	34.418	32.056	
18242	1404.	29.074	34.418	32.056	
18243	1404.	29.075	34.418	32.056	
18244	1404.1	29.075	34.418	32.056	
18245	1404.2	29.075	34.418	32.056	
18246	1404.3	29.075	34.418	32.056	
18247	1404.4	29.075	34.418	32.056	
18248	1404.5	29.075	34.419	32.056	
18249	1404.6	29.075	34.419	32.057	
18250	1404.7	29.075	34.419	32.057	
18251	1404.8	29.075	34.419	32.057	
18252	1404.9	29.075	34.419	32.057	
18253	1405.	29.075	34.419	32.057	
18254	1405.	29.075	34.419	32.057	
18255	1405.	29.075	34.419	32.057	
18256	1405.	29.075	34.419	32.057	
18257	1405.1	29.075	34.42	32.057	
18258	1405.2	29.076	34.42	32.057	
18259	1405.3	29.076	34.42	32.057	
18260	1405.4	29.076	34.42	32.058	
18261	1405.5	29.076	34.42	32.058	
18262	1405.6	29.076	34.42	32.058	
18263	1405.7	29.076	34.42	32.058	
18264	1405.8	29.076	34.421	32.058	
18265	1405.9	29.076	34.421	32.058	
18266	1406.	29.076	34.421	32.058	
18267	1406.	29.076	34.421	32.058	
18268	1406.	29.076	34.421	32.058	
18269	1406.	29.076	34.421	32.058	
18270	1406.1	29.076	34.421	32.058	
18271	1406.2	29.076	34.421	32.059	
18272	1406.3	29.076	34.421	32.059	
18273	1406.4	29.077	34.422	32.059	
18274	1406.5	29.077	34.422	32.059	
18275	1406.6	29.077	34.422	32.059	
18276	1406.7	29.077	34.422	32.059	
18277	1406.8	29.077	34.422	32.059	
18278	1406.9	29.077	34.422	32.059	
18279	1407.	29.077	34.422	32.06	
18280	1407.	29.077	34.422	32.06	
18281	1407.	29.077	34.422	32.06	
18282	1407.	29.077	34.423	32.06	
18283	1407.1	29.077	34.423	32.06	
18284	1407.2	29.077	34.423	32.06	
18285	1407.3	29.077	34.423	32.06	
18286	1407.4	29.077	34.423	32.06	
18287	1407.5	29.078	34.423	32.06	
18288	1407.6	29.078	34.423	32.06	
18289	1407.7	29.078	34.424	32.06	
18290	1407.8	29.078	34.424	32.061	
18291	1407.9	29.078	34.424	32.061	
18292	1408.	29.078	34.424	32.061	
18293	1408.	29.078	34.424	32.061	
18294	1408.	29.078	34.424	32.061	
18295	1408.	29.078	34.424	32.061	
18296	1408.1	29.078	34.424	32.061	
18297	1408.2	29.078	34.424	32.061	
18298	1408.3	29.078	34.425	32.061	
18299	1408.4	29.078	34.425	32.061	
18300	1408.5	29.078	34.425	32.061	
18301	1408.6	29.078	34.425	32.062	
18302	1408.7	29.079	34.425	32.062	
18303	1408.8	29.079	34.425	32.062	
18304	1408.9	29.079	34.425	32.062	
18305	1409.	29.079	34.426	32.062	
18306	1409.	29.079	34.426	32.062	
18307	1409.	29.079	34.426	32.062	
18308	1409.	29.079	34.426	32.062	
18309	1409.1	29.079	34.426	32.062	
18310	1409.2	29.079	34.426	32.062	
18311	1409.3	29.079	34.426	32.062	
18312	1409.4	29.079	34.426	32.063	
18313	1409.5	29.079	34.426	32.063	
18314	1409.6	29.079	34.427	32.063	
18315	1409.7	29.079	34.427	32.063	
18316	1409.8	29.08	34.427	32.063	
18317	1409.9	29.08	34.427	32.063	
18318	1410.	29.08	34.427	32.063	
18319	1410.	29.08	34.427	32.063	
18320	1410.	29.08	34.427	32.063	
18321	1410.	29.08	34.427	32.063	
18322	1410.1	29.08	34.427	32.063	
18323	1410.2	29.08	34.428	32.064	
18324	1410.3	29.08	34.428	32.064	
18325	1410.4	29.08	34.428	32.064	
18326	1410.5	29.08	34.428	32.064	
18327	1410.6	29.08	34.428	32.064	
18328	1410.7	29.08	34.428	32.064	
18329	1410.8	29.08	34.428	32.064	
18330	1410.9	29.08	34.429	32.064	
18331	1411.	29.081	34.429	32.065	
18332	1411.	29.081	34.429	32.065	
18333	1411.	29.081	34.429	32.065	
18334	1411.	29.081	34.429	32.065	
18335	1411.1	29.081	34.429	32.065	
18336	1411.2	29.081	34.429	32.065	
18337	1411.3	29.081	34.429	32.065	
18338	1411.4	29.081	34.429	32.065	
18339	1411.5	29.081	34.43	32.065	
18340	1411.6	29.081	34.43	32.065	
18341	1411.7	29.081	34.43	32.065	
18342	1411.8	29.081	34.43	32.066	
18343	1411.9	29.081	34.43	32.066	
18344	1412.	29.081	34.43	32.066	
18345	1412.	29.081	34.43	32.066	
18346	1412.	29.081	34.43	32.066	
18347	1412.	29.081	34.43	32.066	
18348	1412.1	29.082	34.43	32.066	
18349	1412.2	29.082	34.431	32.066	
18350	1412.3	29.082	34.431	32.066	
18351	1412.4	29.082	34.431	32.066	
18352	1412.5	29.082	34.431	32.066	
18353	1412.6	29.082	34.431	32.067	
18354	1412.7	29.082	34.431	32.067	
18355	1412.8	29.082	34.432	32.067	
18356	1412.9	29.082	34.432	32.067	
18357	1413.	29.082	34.432	32.067	
18358	1413.	29.082	34.432	32.067	
18359	1413.	29.082	34.432	32.067	
18360	1413.	29.082	34.432	32.067	
18361	1413.1	29.082	34.432	32.067	
18362	1413.2	29.082	34.432	32.067	
18363	1413.3	29.083	34.432	32.067	
18364	1413.4	29.083	34.433	32.068	
18365	1413.5	29.083	34.433	32.068	
18366	1413.6	29.083	34.433	32.068	
18367	1413.7	29.083	34.433	32.068	
18368	1413.8	29.083	34.433	32.068	
18369	1413.9	29.083	34.433	32.068	
18370	1414.	29.083	34.433	32.068	
18371	1414.	29.083	34.433	32.068	
18372	1414.	29.083	34.433	32.068	
18373	1414.	29.083	34.433	32.068	
18374	1414.1	29.083	34.434	32.068	
18375	1414.2	29.083	34.434	32.069	
18376	1414.3	29.083	34.434	32.069	
18377	1414.4	29.084	34.434	32.069	
18378	1414.5	29.084	34.434	32.069	
18379	1414.6	29.084	34.434	32.069	
18380	1414.7	29.084	34.435	32.069	
18381	1414.8	29.084	34.435	32.069	
18382	1414.9	29.084	34.435	32.069	
18383	1415.	29.084	34.435	32.07	
18384	1415.	29.084	34.435	32.07	
18385	1415.	29.084	34.435	32.07	
18386	1415.	29.084	34.435	32.07	
18387	1415.1	29.084	34.435	32.07	
18388	1415.2	29.084	34.435	32.07	
18389	1415.3	29.084	34.435	32.07	
18390	1415.4	29.084	34.436	32.07	
18391	1415.5	29.084	34.436	32.07	
18392	1415.6	29.085	34.436	32.07	
18393	1415.7	29.085	34.436	32.07	
18394	1415.8	29.085	34.436	32.071	
18395	1415.9	29.085	34.436	32.071	
18396	1416.	29.085	34.437	32.071	
18397	1416.	29.085	34.437	32.071	
18398	1416.	29.085	34.437	32.071	
18399	1416.	29.085	34.437	32.071	
18400	1416.1	29.085	34.437	32.071	
18401	1416.2	29.085	34.437	32.071	
18402	1416.3	29.085	34.437	32.071	
18403	1416.4	29.085	34.437	32.071	
18404	1416.5	29.085	34.437	32.071	
18405	1416.6	29.085	34.438	32.072	
18406	1416.7	29.085	34.438	32.072	
18407	1416.8	29.086	34.438	32.072	
18408	1416.9	29.086	34.438	32.072	
18409	1417.	29.086	34.438	32.072	
18410	1417.	29.086	34.438	32.072	
18411	1417.	29.086	34.438	32.072	
18412	1417.	29.086	34.438	32.072	
18413	1417.1	29.086	34.438	32.072	
18414	1417.2	29.086	34.438	32.072	
18415	1417.3	29.086	34.439	32.072	
18416	1417.4	29.086	34.439	32.073	
18417	1417.5	29.086	34.439	32.073	
18418	1417.6	29.086	34.439	32.073	
18419	1417.7	29.086	34.439	32.073	
18420	1417.8	29.086	34.439	32.073	
18421	1417.9	29.087	34.44	32.073	
18422	1418.	29.087	34.44	32.073	
18423	1418.	29.087	34.44	32.073	
18424	1418.	29.087	34.44	32.073	
18425	1418.	29.087	34.44	32.073	
18426	1418.1	29.087	34.44	32.073	
18427	1418.2	29.087	34.44	32.074	
18428	1418.3	29.087	34.44	32.074	
18429	1418.4	29.087	34.44	32.074	
18430	1418.5	29.087	34.44	32.074	
18431	1418.6	29.087	34.441	32.074	
18432	1418.7	29.087	34.441	32.074	
18433	1418.8	29.087	34.441	32.074	
18434	1418.9	29.087	34.441	32.074	
18435	1419.	29.087	34.441	32.075	
18436	1419.	29.087	34.441	32.075	
18437	1419.	29.087	34.441	32.075	
18438	1419.	29.087	34.441	32.075	
18439	1419.1	29.088	34.441	32.075	
18440	1419.2	29.088	34.442	32.075	
18441	1419.3	29.088	34.442	32.075	
18442	1419.4	29.088	34.442	32.075	
18443	1419.5	29.088	34.442	32.075	
18444	1419.6	29.088	34.442	32.075	
18445	1419.7	29.088	34.442	32.075	
18446	1419.8	29.088	34.443	32.076	
18447	1419.9	29.088	34.443	32.076	
18448	1420.	29.088	34.443	32.076	
18449	1420.	29.088	34.443	32.076	
18450	1420.	29.088	34.443	32.076	
18451	1420.	29.088	34.443	32.076	
18452	1420.1	29.088	34.443	32.076	
18453	1420.2	29.089	34.443	32.076	
18454	1420.3	29.089	34.443	32.076	
18455	1420.4	29.089	34.443	32.076	
18456	1420.5	29.089	34.444	32.076	
18457	1420.6	29.089	34.444	32.077	
18458	1420.7	29.089	34.444	32.077	
18459	1420.8	29.089	34.444	32.077	
18460	1420.9	29.089	34.444	32.077	
18461	1421.	29.089	34.444	32.077	
18462	1421.	29.089	34.444	32.077	
18463	1421.	29.089	34.444	32.077	
18464	1421.	29.089	34.444	32.077	
18465	1421.1	29.089	34.445	32.077	
18466	1421.2	29.089	34.445	32.077	
18467	1421.3	29.089	34.445	32.077	
18468	1421.4	29.09	34.445	32.078	
18469	1421.5	29.09	34.445	32.078	
18470	1421.6	29.09	34.445	32.078	
18471	1421.7	29.09	34.445	32.078	
18472	1421.8	29.09	34.446	32.078	
18473	1421.9	29.09	34.446	32.078	
18474	1422.	29.09	34.446	32.078	
18475	1422.	29.09	34.446	32.078	
18476	1422.	29.09	34.446	32.078	
18477	1422.	29.09	34.446	32.078	
18478	1422.1	29.09	34.446	32.078	
18479	1422.2	29.09	34.446	32.079	
18480	1422.3	29.09	34.446	32.079	
18481	1422.4	29.09	34.447	32.079	
18482	1422.5	29.091	34.447	32.079	
18483	1422.6	29.091	34.447	32.079	
18484	1422.7	29.091	34.447	32.079	
18485	1422.8	29.091	34.447	32.079	
18486	1422.9	29.091	34.447	32.079	
18487	1423.	29.091	34.447	32.08	
18488	1423.	29.091	34.447	32.08	
18489	1423.	29.091	34.448	32.08	
18490	1423.	29.091	34.448	32.08	
18491	1423.1	29.091	34.448	32.08	
18492	1423.2	29.091	34.448	32.08	
18493	1423.3	29.091	34.448	32.08	
18494	1423.4	29.091	34.448	32.08	
18495	1423.5	29.091	34.448	32.08	
18496	1423.6	29.091	34.448	32.08	
18497	1423.7	29.092	34.449	32.08	
18498	1423.8	29.092	34.449	32.081	
18499	1423.9	29.092	34.449	32.081	
18500	1424.	29.092	34.449	32.081	
18501	1424.	29.092	34.449	32.081	
18502	1424.	29.092	34.449	32.081	
18503	1424.	29.092	34.449	32.081	
18504	1424.1	29.092	34.449	32.081	
18505	1424.2	29.092	34.449	32.081	
18506	1424.3	29.092	34.45	32.081	
18507	1424.4	29.092	34.45	32.081	
18508	1424.5	29.092	34.45	32.081	
18509	1424.6	29.092	34.45	32.082	
18510	1424.7	29.092	34.45	32.082	
18511	1424.8	29.092	34.45	32.082	
18512	1424.9	29.093	34.451	32.082	
18513	1425.	29.093	34.451	32.082	
18514	1425.	29.093	34.451	32.082	
18515	1425.	29.093	34.451	32.082	
18516	1425.	29.093	34.451	32.082	
18517	1425.1	29.093	34.451	32.082	
18518	1425.2	29.093	34.451	32.082	
18519	1425.3	29.093	34.451	32.082	
18520	1425.4	29.093	34.451	32.083	
18521	1425.5	29.093	34.451	32.083	
18522	1425.6	29.093	34.452	32.083	
18523	1425.7	29.093	34.452	32.083	
18524	1425.8	29.093	34.452	32.083	
18525	1425.9	29.093	34.452	32.083	
18526	1426.	29.094	34.452	32.083	
18527	1426.	29.094	34.452	32.083	
18528	1426.	29.094	34.452	32.083	
18529	1426.	29.094	34.452	32.083	
18530	1426.1	29.094	34.452	32.083	
18531	1426.2	29.094	34.453	32.084	
18532	1426.3	29.094	34.453	32.084	
18533	1426.4	29.094	34.453	32.084	
18534	1426.5	29.094	34.453	32.084	
18535	1426.6	29.094	34.453	32.084	
18536	1426.7	29.094	34.453	32.084	
18537	1426.8	29.094	34.453	32.084	
18538	1426.9	29.094	34.454	32.084	
18539	1427.	29.094	34.454	32.085	
18540	1427.	29.094	34.454	32.085	
18541	1427.	29.094	34.454	32.085	
18542	1427.	29.094	34.454	32.085	
18543	1427.1	29.094	34.454	32.085	
18544	1427.2	29.095	34.454	32.085	
18545	1427.3	29.095	34.454	32.085	
18546	1427.4	29.095	34.454	32.085	
18547	1427.5	29.095	34.455	32.085	
18548	1427.6	29.095	34.455	32.085	
18549	1427.7	29.095	34.455	32.085	
18550	1427.8	29.095	34.455	32.086	
18551	1427.9	29.095	34.455	32.086	
18552	1428.	29.095	34.455	32.086	
18553	1428.	29.095	34.455	32.086	
18554	1428.	29.095	34.455	32.086	
18555	1428.	29.095	34.455	32.086	
18556	1428.1	29.095	34.456	32.086	
18557	1428.2	29.095	34.456	32.086	
18558	1428.3	29.096	34.456	32.086	
18559	1428.4	29.096	34.456	32.086	
18560	1428.5	29.096	34.456	32.086	
18561	1428.6	29.096	34.456	32.087	
18562	1428.7	29.096	34.456	32.087	
18563	1428.8	29.096	34.457	32.087	
18564	1428.9	29.096	34.457	32.087	
18565	1429.	29.096	34.457	32.087	
18566	1429.	29.096	34.457	32.087	
18567	1429.	29.096	34.457	32.087	
18568	1429.	29.096	34.457	32.087	
18569	1429.1	29.096	34.457	32.087	
18570	1429.2	29.096	34.457	32.087	
18571	1429.3	29.096	34.457	32.087	
18572	1429.4	29.096	34.458	32.088	
18573	1429.5	29.097	34.458	32.088	
18574	1429.6	29.097	34.458	32.088	
18575	1429.7	29.097	34.458	32.088	
18576	1429.8	29.097	34.458	32.088	
18577	1429.9	29.097	34.458	32.088	
18578	1430.	29.097	34.458	32.088	
18579	1430.	29.097	34.458	32.088	
18580	1430.	29.097	34.458	32.088	
18581	1430.	29.097	34.458	32.088	
18582	1430.1	29.097	34.459	32.088	
18583	1430.2	29.097	34.459	32.089	
18584	1430.3	29.097	34.459	32.089	
18585	1430.4	29.097	34.459	32.089	
18586	1430.5	29.097	34.459	32.089	
18587	1430.6	29.098	34.459	32.089	
18588	1430.7	29.098	34.46	32.089	
18589	1430.8	29.098	34.46	32.089	
18590	1430.9	29.098	34.46	32.089	
18591	1431.	29.098	34.46	32.09	
18592	1431.	29.098	34.46	32.09	
18593	1431.	29.098	34.46	32.09	
18594	1431.	29.098	34.46	32.09	
18595	1431.1	29.098	34.46	32.09	
18596	1431.2	29.098	34.46	32.09	
18597	1431.3	29.098	34.461	32.09	
18598	1431.4	29.098	34.461	32.09	
18599	1431.5	29.098	34.461	32.09	
18600	1431.6	29.098	34.461	32.09	
18601	1431.7	29.098	34.461	32.09	
18602	1431.8	29.099	34.461	32.091	
18603	1431.9	29.099	34.461	32.091	
18604	1432.	29.099	34.462	32.091	
18605	1432.	29.099	34.462	32.091	
18606	1432.	29.099	34.462	32.091	
18607	1432.	29.099	34.462	32.091	
18608	1432.1	29.099	34.462	32.091	
18609	1432.2	29.099	34.462	32.091	
18610	1432.3	29.099	34.462	32.091	
18611	1432.4	29.099	34.462	32.091	
18612	1432.5	29.099	34.462	32.091	
18613	1432.6	29.099	34.463	32.092	
18614	1432.7	29.099	34.463	32.092	
18615	1432.8	29.099	34.463	32.092	
18616	1432.9	29.1	34.463	32.092	
18617	1433.	29.1	34.463	32.092	
18618	1433.	29.1	34.463	32.092	
18619	1433.	29.1	34.463	32.092	
18620	1433.	29.1	34.463	32.092	
18621	1433.1	29.1	34.463	32.092	
18622	1433.2	29.1	34.463	32.092	
18623	1433.3	29.1	34.464	32.092	
18624	1433.4	29.1	34.464	32.093	
18625	1433.5	29.1	34.464	32.093	
18626	1433.6	29.1	34.464	32.093	
18627	1433.7	29.1	34.464	32.093	
18628	1433.8	29.1	34.464	32.093	
18629	1433.9	29.1	34.465	32.093	
18630	1434.	29.1	34.465	32.093	
18631	1434.	29.1	34.465	32.093	
18632	1434.	29.1	34.465	32.093	
18633	1434.	29.1	34.465	32.093	
18634	1434.1	29.101	34.465	32.093	
18635	1434.2	29.101	34.465	32.094	
18636	1434.3	29.101	34.465	32.094	
18637	1434.4	29.101	34.465	32.094	
18638	1434.5	29.101	34.466	32.094	
18639	1434.6	29.101	34.466	32.094	
18640	1434.7	29.101	34.466	32.094	
18641	1434.8	29.101	34.466	32.094	
18642	1434.9	29.101	34.466	32.094	
18643	1435.	29.101	34.466	32.095	
18644	1435.	29.101	34.466	32.095	
18645	1435.	29.101	34.466	32.095	
18646	1435.	29.101	34.466	32.095	
18647	1435.1	29.101	34.466	32.095	
18648	1435.2	29.101	34.467	32.095	
18649	1435.3	29.102	34.467	32.095	
18650	1435.4	29.102	34.467	32.095	
18651	1435.5	29.102	34.467	32.095	
18652	1435.6	29.102	34.467	32.095	
18653	1435.7	29.102	34.467	32.095	
18654	1435.8	29.102	34.468	32.096	
18655	1435.9	29.102	34.468	32.096	
18656	1436.	29.102	34.468	32.096	
18657	1436.	29.102	34.468	32.096	
18658	1436.	29.102	34.468	32.096	
18659	1436.	29.102	34.468	32.096	
18660	1436.1	29.102	34.468	32.096	
18661	1436.2	29.102	34.468	32.096	
18662	1436.3	29.102	34.468	32.096	
18663	1436.4	29.103	34.468	32.096	
18664	1436.5	29.103	34.469	32.096	
18665	1436.6	29.103	34.469	32.097	
18666	1436.7	29.103	34.469	32.097	
18667	1436.8	29.103	34.469	32.097	
18668	1436.9	29.103	34.469	32.097	
18669	1437.	29.103	34.469	32.097	
18670	1437.	29.103	34.469	32.097	
18671	1437.	29.103	34.469	32.097	
18672	1437.	29.103	34.469	32.097	
18673	1437.1	29.103	34.47	32.097	
18674	1437.2	29.103	34.47	32.097	
18675	1437.3	29.103	34.47	32.097	
18676	1437.4	29.103	34.47	32.098	
18677	1437.5	29.103	34.47	32.098	
18678	1437.6	29.104	34.47	32.098	
18679	1437.7	29.104	34.471	32.098	
18680	1437.8	29.104	34.471	32.098	
18681	1437.9	29.104	34.471	32.098	
18682	1438.	29.104	34.471	32.098	
18683	1438.	29.104	34.471	32.098	
18684	1438.	29.104	34.471	32.098	
18685	1438.	29.104	34.471	32.098	
18686	1438.1	29.104	34.471	32.098	
18687	1438.2	29.104	34.471	32.099	
18688	1438.3	29.104	34.471	32.099	
18689	1438.4	29.104	34.472	32.099	
18690	1438.5	29.104	34.472	32.099	
18691	1438.6	29.104	34.472	32.099	
18692	1438.7	29.105	34.472	32.099	
18693	1438.8	29.105	34.472	32.099	
18694	1438.9	29.105	34.472	32.099	
18695	1439.	29.105	34.472	32.1	
18696	1439.	29.105	34.473	32.1	
18697	1439.	29.105	34.473	32.1	
18698	1439.	29.105	34.473	32.1	
18699	1439.1	29.105	34.473	32.1	
18700	1439.2	29.105	34.473	32.1	
18701	1439.3	29.105	34.473	32.1	
18702	1439.4	29.105	34.473	32.1	
18703	1439.5	29.105	34.473	32.1	
18704	1439.6	29.105	34.473	32.1	
18705	1439.7	29.105	34.474	32.1	
18706	1439.8	29.105	34.474	32.101	
18707	1439.9	29.106	34.474	32.101	
18708	1440.	29.106	34.474	32.101	
18709	1440.	29.106	34.474	32.101	
18710	1440.	29.106	34.474	32.101	
18711	1440.	29.106	34.474	32.101	
18712	1440.1	29.106	34.474	32.101	
18713	1440.2	29.106	34.474	32.101	
18714	1440.3	29.106	34.475	32.101	
18715	1440.4	29.106	34.475	32.101	
18716	1440.5	29.106	34.475	32.101	
18717	1440.6	29.106	34.475	32.102	
18718	1440.7	29.106	34.475	32.102	
18719	1440.8	29.106	34.475	32.102	
18720	1440.9	29.106	34.476	32.102	
18721	1441.	29.106	34.476	32.102	
18722	1441.	29.106	34.476	32.102	
18723	1441.	29.106	34.476	32.102	
18724	1441.	29.107	34.476	32.102	
18725	1441.1	29.107	34.476	32.102	
18726	1441.2	29.107	34.476	32.102	
18727	1441.3	29.107	34.476	32.102	
18728	1441.4	29.107	34.476	32.103	
18729	1441.5	29.107	34.476	32.103	
18730	1441.6	29.107	34.477	32.103	
18731	1441.7	29.107	34.477	32.103	
18732	1441.8	29.107	34.477	32.103	
18733	1441.9	29.107	34.477	32.103	
18734	1442.	29.107	34.477	32.103	
18735	1442.	29.107	34.477	32.103	
18736	1442.	29.107	34.477	32.103	
18737	1442.	29.107	34.477	32.103	
18738	1442.1	29.107	34.477	32.103	
18739	1442.2	29.108	34.478	32.104	
18740	1442.3	29.108	34.478	32.104	
18741	1442.4	29.108	34.478	32.104	
18742	1442.5	29.108	34.478	32.104	
18743	1442.6	29.108	34.478	32.104	
18744	1442.7	29.108	34.478	32.104	
18745	1442.8	29.108	34.478	32.104	
18746	1442.9	29.108	34.479	32.104	
18747	1443.	29.108	34.479	32.105	
18748	1443.	29.108	34.479	32.105	
18749	1443.	29.108	34.479	32.105	
18750	1443.	29.108	34.479	32.105	
18751	1443.1	29.108	34.479	32.105	
18752	1443.2	29.108	34.479	32.105	
18753	1443.3	29.108	34.479	32.105	
18754	1443.4	29.109	34.479	32.105	
18755	1443.5	29.109	34.48	32.105	
18756	1443.6	29.109	34.48	32.105	
18757	1443.7	29.109	34.48	32.105	
18758	1443.8	29.109	34.48	32.106	
18759	1443.9	29.109	34.48	32.106	
18760	1444.	29.109	34.48	32.106	
18761	1444.	29.109	34.48	32.106	
18762	1444.	29.109	34.48	32.106	
18763	1444.	29.109	34.48	32.106	
18764	1444.1	29.109	34.481	32.106	
18765	1444.2	29.109	34.481	32.106	
18766	1444.3	29.109	34.481	32.106	
18767	1444.4	29.109	34.481	32.106	
18768	1444.5	29.11	34.481	32.106	
18769	1444.6	29.11	34.481	32.107	
18770	1444.7	29.11	34.481	32.107	
18771	1444.8	29.11	34.482	32.107	
18772	1444.9	29.11	34.482	32.107	
18773	1445.	29.11	34.482	32.107	
18774	1445.	29.11	34.482	32.107	
18775	1445.	29.11	34.482	32.107	
18776	1445.	29.11	34.482	32.107	
18777	1445.1	29.11	34.482	32.107	
18778	1445.2	29.11	34.482	32.107	
18779	1445.3	29.11	34.482	32.107	
18780	1445.4	29.11	34.483	32.108	
18781	1445.5	29.11	34.483	32.108	
18782	1445.6	29.11	34.483	32.108	
18783	1445.7	29.111	34.483	32.108	
18784	1445.8	29.111	34.483	32.108	
18785	1445.9	29.111	34.483	32.108	
18786	1446.	29.111	34.483	32.108	
18787	1446.	29.111	34.483	32.108	
18788	1446.	29.111	34.483	32.108	
18789	1446.	29.111	34.484	32.108	
18790	1446.1	29.111	34.484	32.108	
18791	1446.2	29.111	34.484	32.109	
18792	1446.3	29.111	34.484	32.109	
18793	1446.4	29.111	34.484	32.109	
18794	1446.5	29.111	34.484	32.109	
18795	1446.6	29.111	34.484	32.109	
18796	1446.7	29.111	34.485	32.109	
18797	1446.8	29.112	34.485	32.109	
18798	1446.9	29.112	34.485	32.109	
18799	1447.	29.112	34.485	32.11	
18800	1447.	29.112	34.485	32.11	
18801	1447.	29.112	34.485	32.11	
18802	1447.	29.112	34.485	32.11	
18803	1447.1	29.112	34.485	32.11	
18804	1447.2	29.112	34.485	32.11	
18805	1447.3	29.112	34.486	32.11	
18806	1447.4	29.112	34.486	32.11	
18807	1447.5	29.112	34.486	32.11	
18808	1447.6	29.112	34.486	32.11	
18809	1447.7	29.112	34.486	32.11	
18810	1447.8	29.112	34.486	32.111	
18811	1447.9	29.112	34.486	32.111	
18812	1448.	29.113	34.487	32.111	
18813	1448.	29.113	34.487	32.111	
18814	1448.	29.113	34.487	32.111	
18815	1448.	29.113	34.487	32.111	
18816	1448.1	29.113	34.487	32.111	
18817	1448.2	29.113	34.487	32.111	
18818	1448.3	29.113	34.487	32.111	
18819	1448.4	29.113	34.487	32.111	
18820	1448.5	29.113	34.487	32.111	
18821	1448.6	29.113	34.488	32.112	
18822	1448.7	29.113	34.488	32.112	
18823	1448.8	29.113	34.488	32.112	
18824	1448.9	29.113	34.488	32.112	
18825	1449.	29.113	34.488	32.112	
18826	1449.	29.113	34.488	32.112	
18827	1449.	29.113	34.488	32.112	
18828	1449.	29.113	34.488	32.112	
18829	1449.1	29.114	34.488	32.112	
18830	1449.2	29.114	34.489	32.112	
18831	1449.3	29.114	34.489	32.112	
18832	1449.4	29.114	34.489	32.113	
18833	1449.5	29.114	34.489	32.113	
18834	1449.6	29.114	34.489	32.113	
18835	1449.7	29.114	34.489	32.113	
18836	1449.8	29.114	34.489	32.113	
18837	1449.9	29.114	34.49	32.113	
18838	1450.	29.114	34.49	32.113	
18839	1450.	29.114	34.49	32.113	
18840	1450.	29.114	34.49	32.113	
18841	1450.	29.114	34.49	32.113	
18842	1450.1	29.114	34.49	32.113	
18843	1450.2	29.114	34.49	32.114	
18844	1450.3	29.115	34.49	32.114	
18845	1450.4	29.115	34.49	32.114	
18846	1450.5	29.115	34.491	32.114	
18847	1450.6	29.115	34.491	32.114	
18848	1450.7	29.115	34.491	32.114	
18849	1450.8	29.115	34.491	32.114	
18850	1450.9	29.115	34.491	32.114	
18851	1451.	29.115	34.491	32.115	
18852	1451.	29.115	34.491	32.115	
18853	1451.	29.115	34.491	32.115	
18854	1451.	29.115	34.491	32.115	
18855	1451.1	29.115	34.491	32.115	
18856	1451.2	29.115	34.492	32.115	
18857	1451.3	29.115	34.492	32.115	
18858	1451.4	29.115	34.492	32.115	
18859	1451.5	29.116	34.492	32.115	
18860	1451.6	29.116	34.492	32.115	
18861	1451.7	29.116	34.492	32.115	
18862	1451.8	29.116	34.493	32.116	
18863	1451.9	29.116	34.493	32.116	
18864	1452.	29.116	34.493	32.116	
18865	1452.	29.116	34.493	32.116	
18866	1452.	29.116	34.493	32.116	
18867	1452.	29.116	34.493	32.116	
18868	1452.1	29.116	34.493	32.116	
18869	1452.2	29.116	34.493	32.116	
18870	1452.3	29.116	34.493	32.116	
18871	1452.4	29.116	34.494	32.116	
18872	1452.5	29.116	34.494	32.116	
18873	1452.6	29.117	34.494	32.117	
18874	1452.7	29.117	34.494	32.117	
18875	1452.8	29.117	34.494	32.117	
18876	1452.9	29.117	34.494	32.117	
18877	1453.	29.117	34.494	32.117	
18878	1453.	29.117	34.494	32.117	
18879	1453.	29.117	34.494	32.117	
18880	1453.	29.117	34.494	32.117	
18881	1453.1	29.117	34.495	32.117	
18882	1453.2	29.117	34.495	32.117	
18883	1453.3	29.117	34.495	32.117	
18884	1453.4	29.117	34.495	32.118	
18885	1453.5	29.117	34.495	32.118	
18886	1453.6	29.117	34.495	32.118	
18887	1453.7	29.117	34.496	32.118	
18888	1453.8	29.118	34.496	32.118	
18889	1453.9	29.118	34.496	32.118	
18890	1454.	29.118	34.496	32.118	
18891	1454.	29.118	34.496	32.118	
18892	1454.	29.118	34.496	32.118	
18893	1454.	29.118	34.496	32.118	
18894	1454.1	29.118	34.496	32.118	
18895	1454.2	29.118	34.496	32.119	
18896	1454.3	29.118	34.496	32.119	
18897	1454.4	29.118	34.497	32.119	
18898	1454.5	29.118	34.497	32.119	
18899	1454.6	29.118	34.497	32.119	
18900	1454.7	29.118	34.497	32.119	
18901	1454.8	29.118	34.497	32.119	
18902	1454.9	29.119	34.497	32.119	
18903	1455.	29.119	34.498	32.12	
18904	1455.	29.119	34.498	32.12	
18905	1455.	29.119	34.498	32.12	
18906	1455.	29.119	34.498	32.12	
18907	1455.1	29.119	34.498	32.12	
18908	1455.2	29.119	34.498	32.12	
18909	1455.3	29.119	34.498	32.12	
18910	1455.4	29.119	34.498	32.12	
18911	1455.5	29.119	34.498	32.12	
18912	1455.6	29.119	34.499	32.12	
18913	1455.7	29.119	34.499	32.12	
18914	1455.8	29.119	34.499	32.121	
18915	1455.9	29.119	34.499	32.121	
18916	1456.	29.119	34.499	32.121	
18917	1456.	29.119	34.499	32.121	
18918	1456.	29.119	34.499	32.121	
18919	1456.	29.119	34.499	32.121	
18920	1456.1	29.12	34.499	32.121	
18921	1456.2	29.12	34.499	32.121	
18922	1456.3	29.12	34.5	32.121	
18923	1456.4	29.12	34.5	32.121	
18924	1456.5	29.12	34.5	32.121	
18925	1456.6	29.12	34.5	32.122	
18926	1456.7	29.12	34.5	32.122	
18927	1456.8	29.12	34.5	32.122	
18928	1456.9	29.12	34.501	32.122	
18929	1457.	29.12	34.501	32.122	
18930	1457.	29.12	34.501	32.122	
18931	1457.	29.12	34.501	32.122	
18932	1457.	29.12	34.501	32.122	
18933	1457.1	29.12	34.501	32.122	
18934	1457.2	29.12	34.501	32.122	
18935	1457.3	29.121	34.501	32.122	
18936	1457.4	29.121	34.501	32.123	
18937	1457.5	29.121	34.501	32.123	
18938	1457.6	29.121	34.502	32.123	
18939	1457.7	29.121	34.502	32.123	
18940	1457.8	29.121	34.502	32.123	
18941	1457.9	29.121	34.502	32.123	
18942	1458.	29.121	34.502	32.123	
18943	1458.	29.121	34.502	32.123	
18944	1458.	29.121	34.502	32.123	
18945	1458.	29.121	34.502	32.123	
18946	1458.1	29.121	34.502	32.123	
18947	1458.2	29.121	34.503	32.124	
18948	1458.3	29.121	34.503	32.124	
18949	1458.4	29.122	34.503	32.124	
18950	1458.5	29.122	34.503	32.124	
18951	1458.6	29.122	34.503	32.124	
18952	1458.7	29.122	34.503	32.124	
18953	1458.8	29.122	34.504	32.124	
18954	1458.9	29.122	34.504	32.124	
18955	1459.	29.122	34.504	32.125	
18956	1459.	29.122	34.504	32.125	
18957	1459.	29.122	34.504	32.125	
18958	1459.	29.122	34.504	32.125	
18959	1459.1	29.122	34.504	32.125	
18960	1459.2	29.122	34.504	32.125	
18961	1459.3	29.122	34.504	32.125	
18962	1459.4	29.122	34.504	32.125	
18963	1459.5	29.122	34.505	32.125	
18964	1459.6	29.123	34.505	32.125	
18965	1459.7	29.123	34.505	32.125	
18966	1459.8	29.123	34.505	32.126	
18967	1459.9	29.123	34.505	32.126	
18968	1460.	29.123	34.505	32.126	
18969	1460.	29.123	34.505	32.126	
18970	1460.	29.123	34.505	32.126	
18971	1460.	29.123	34.505	32.126	
18972	1460.1	29.123	34.506	32.126	
18973	1460.2	29.123	34.506	32.126	
18974	1460.3	29.123	34.506	32.126	
18975	1460.4	29.123	34.506	32.126	
18976	1460.5	29.123	34.506	32.126	
18977	1460.6	29.123	34.506	32.127	
18978	1460.7	29.124	34.506	32.127	
18979	1460.8	29.124	34.507	32.127	
18980	1460.9	29.124	34.507	32.127	
18981	1461.	29.124	34.507	32.127	
18982	1461.	29.124	34.507	32.127	
18983	1461.	29.124	34.507	32.127	
18984	1461.	29.124	34.507	32.127	
18985	1461.1	29.124	34.507	32.127	
18986	1461.2	29.124	34.507	32.127	
18987	1461.3	29.124	34.507	32.127	
18988	1461.4	29.124	34.508	32.128	
18989	1461.5	29.124	34.508	32.128	
18990	1461.6	29.124	34.508	32.128	
18991	1461.7	29.124	34.508	32.128	
18992	1461.8	29.124	34.508	32.128	
18993	1461.9	29.125	34.508	32.128	
18994	1462.	29.125	34.508	32.128	
18995	1462.	29.125	34.508	32.128	
18996	1462.	29.125	34.508	32.128	
18997	1462.	29.125	34.509	32.128	
18998	1462.1	29.125	34.509	32.128	
18999	1462.2	29.125	34.509	32.129	
19000	1462.3	29.125	34.509	32.129	
19001	1462.4	29.125	34.509	32.129	
19002	1462.5	29.125	34.509	32.129	
19003	1462.6	29.125	34.509	32.129	
19004	1462.7	29.125	34.51	32.129	
19005	1462.8	29.125	34.51	32.129	
19006	1462.9	29.125	34.51	32.129	
19007	1463.	29.125	34.51	32.13	
19008	1463.	29.125	34.51	32.13	
19009	1463.	29.125	34.51	32.13	
19010	1463.	29.126	34.51	32.13	
19011	1463.1	29.126	34.51	32.13	
19012	1463.2	29.126	34.51	32.13	
19013	1463.3	29.126	34.511	32.13	
19014	1463.4	29.126	34.511	32.13	
19015	1463.5	29.126	34.511	32.13	
19016	1463.6	29.126	34.511	32.13	
19017	1463.7	29.126	34.511	32.13	
19018	1463.8	29.126	34.511	32.131	
19019	1463.9	29.126	34.512	32.131	
19020	1464.	29.126	34.512	32.131	
19021	1464.	29.126	34.512	32.131	
19022	1464.	29.126	34.512	32.131	
19023	1464.	29.126	34.512	32.131	
19024	1464.1	29.126	34.512	32.131	
19025	1464.2	29.127	34.512	32.131	
19026	1464.3	29.127	34.512	32.131	
19027	1464.4	29.127	34.512	32.131	
19028	1464.5	29.127	34.512	32.131	
19029	1464.6	29.127	34.513	32.132	
19030	1464.7	29.127	34.513	32.132	
19031	1464.8	29.127	34.513	32.132	
19032	1464.9	29.127	34.513	32.132	
19033	1465.	29.127	34.513	32.132	
19034	1465.	29.127	34.513	32.132	
19035	1465.	29.127	34.513	32.132	
19036	1465.	29.127	34.513	32.132	
19037	1465.1	29.127	34.513	32.132	
19038	1465.2	29.127	34.514	32.132	
19039	1465.3	29.127	34.514	32.132	
19040	1465.4	29.128	34.514	32.133	
19041	1465.5	29.128	34.514	32.133	
19042	1465.6	29.128	34.514	32.133	
19043	1465.7	29.128	34.514	32.133	
19044	1465.8	29.128	34.514	32.133	
19045	1465.9	29.128	34.515	32.133	
19046	1466.	29.128	34.515	32.133	
19047	1466.	29.128	34.515	32.133	
19048	1466.	29.128	34.515	32.133	
19049	1466.	29.128	34.515	32.133	
19050	1466.1	29.128	34.515	32.133	
19051	1466.2	29.128	34.515	32.134	
19052	1466.3	29.128	34.515	32.134	
19053	1466.4	29.128	34.515	32.134	
19054	1466.5	29.129	34.516	32.134	
19055	1466.6	29.129	34.516	32.134	
19056	1466.7	29.129	34.516	32.134	
19057	1466.8	29.129	34.516	32.134	
19058	1466.9	29.129	34.516	32.134	
19059	1467.	29.129	34.516	32.135	
19060	1467.	29.129	34.516	32.135	
19061	1467.	29.129	34.516	32.135	
19062	1467.	29.129	34.516	32.135	
19063	1467.1	29.129	34.517	32.135	
19064	1467.2	29.129	34.517	32.135	
19065	1467.3	29.129	34.517	32.135	
19066	1467.4	29.129	34.517	32.135	
19067	1467.5	29.129	34.517	32.135	
19068	1467.6	29.129	34.517	32.135	
19069	1467.7	29.13	34.517	32.135	
19070	1467.8	29.13	34.518	32.136	
19071	1467.9	29.13	34.518	32.136	
19072	1468.	29.13	34.518	32.136	
19073	1468.	29.13	34.518	32.136	
19074	1468.	29.13	34.518	32.136	
19075	1468.	29.13	34.518	32.136	
19076	1468.1	29.13	34.518	32.136	
19077	1468.2	29.13	34.518	32.136	
19078	1468.3	29.13	34.518	32.136	
19079	1468.4	29.13	34.519	32.136	
19080	1468.5	29.13	34.519	32.136	
19081	1468.6	29.13	34.519	32.137	
19082	1468.7	29.13	34.519	32.137	
19083	1468.8	29.131	34.519	32.137	
19084	1468.9	29.131	34.519	32.137	
19085	1469.	29.131	34.519	32.137	
19086	1469.	29.131	34.519	32.137	
19087	1469.	29.131	34.519	32.137	
19088	1469.	29.131	34.52	32.137	
19089	1469.1	29.131	34.52	32.137	
19090	1469.2	29.131	34.52	32.137	
19091	1469.3	29.131	34.52	32.137	
19092	1469.4	29.131	34.52	32.138	
19093	1469.5	29.131	34.52	32.138	
19094	1469.6	29.131	34.52	32.138	
19095	1469.7	29.131	34.521	32.138	
19096	1469.8	29.131	34.521	32.138	
19097	1469.9	29.131	34.521	32.138	
19098	1470.	29.132	34.521	32.138	
19099	1470.	29.132	34.521	32.138	
19100	1470.	29.132	34.521	32.138	
19101	1470.	29.132	34.521	32.138	
19102	1470.1	29.132	34.521	32.138	
19103	1470.2	29.132	34.521	32.139	
19104	1470.3	29.132	34.522	32.139	
19105	1470.4	29.132	34.522	32.139	
19106	1470.5	29.132	34.522	32.139	
19107	1470.6	29.132	34.522	32.139	
19108	1470.7	29.132	34.522	32.139	
19109	1470.8	29.132	34.522	32.139	
19110	1470.9	29.132	34.522	32.139	
19111	1471.	29.132	34.523	32.14	
19112	1471.	29.132	34.523	32.14	
19113	1471.	29.132	34.523	32.14	
19114	1471.	29.132	34.523	32.14	
19115	1471.1	29.132	34.523	32.14	
19116	1471.2	29.133	34.523	32.14	
19117	1471.3	29.133	34.523	32.14	
19118	1471.4	29.133	34.523	32.14	
19119	1471.5	29.133	34.523	32.14	
19120	1471.6	29.133	34.524	32.14	
19121	1471.7	29.133	34.524	32.14	
19122	1471.8	29.133	34.524	32.141	
19123	1471.9	29.133	34.524	32.141	
19124	1472.	29.133	34.524	32.141	
19125	1472.	29.133	34.524	32.141	
19126	1472.	29.133	34.524	32.141	
19127	1472.	29.133	34.524	32.141	
19128	1472.1	29.133	34.524	32.141	
19129	1472.2	29.133	34.524	32.141	
19130	1472.3	29.134	34.525	32.141	
19131	1472.4	29.134	34.525	32.141	
19132	1472.5	29.134	34.525	32.141	
19133	1472.6	29.134	34.525	32.142	
19134	1472.7	29.134	34.525	32.142	
19135	1472.8	29.134	34.525	32.142	
19136	1472.9	29.134	34.526	32.142	
19137	1473.	29.134	34.526	32.142	
19138	1473.	29.134	34.526	32.142	
19139	1473.	29.134	34.526	32.142	
19140	1473.	29.134	34.526	32.142	
19141	1473.1	29.134	34.526	32.142	
19142	1473.2	29.134	34.526	32.142	
19143	1473.3	29.134	34.526	32.142	
19144	1473.4	29.134	34.526	32.143	
19145	1473.5	29.135	34.527	32.143	
19146	1473.6	29.135	34.527	32.143	
19147	1473.7	29.135	34.527	32.143	
19148	1473.8	29.135	34.527	32.143	
19149	1473.9	29.135	34.527	32.143	
19150	1474.	29.135	34.527	32.143	
19151	1474.	29.135	34.527	32.143	
19152	1474.	29.135	34.527	32.143	
19153	1474.	29.135	34.527	32.143	
19154	1474.1	29.135	34.527	32.143	
19155	1474.2	29.135	34.528	32.144	
19156	1474.3	29.135	34.528	32.144	
19157	1474.4	29.135	34.528	32.144	
19158	1474.5	29.135	34.528	32.144	
19159	1474.6	29.136	34.528	32.144	
19160	1474.7	29.136	34.528	32.144	
19161	1474.8	29.136	34.529	32.144	
19162	1474.9	29.136	34.529	32.144	
19163	1475.	29.136	34.529	32.145	
19164	1475.	29.136	34.529	32.145	
19165	1475.	29.136	34.529	32.145	
19166	1475.	29.136	34.529	32.145	
19167	1475.1	29.136	34.529	32.145	
19168	1475.2	29.136	34.529	32.145	
19169	1475.3	29.136	34.529	32.145	
19170	1475.4	29.136	34.529	32.145	
19171	1475.5	29.136	34.53	32.145	
19172	1475.6	29.136	34.53	32.145	
19173	1475.7	29.136	34.53	32.145	
19174	1475.8	29.137	34.53	32.146	
19175	1475.9	29.137	34.53	32.146	
19176	1476.	29.137	34.53	32.146	
19177	1476.	29.137	34.53	32.146	
19178	1476.	29.137	34.53	32.146	
19179	1476.	29.137	34.53	32.146	
19180	1476.1	29.137	34.531	32.146	
19181	1476.2	29.137	34.531	32.146	
19182	1476.3	29.137	34.531	32.146	
19183	1476.4	29.137	34.531	32.146	
19184	1476.5	29.137	34.531	32.146	
19185	1476.6	29.137	34.531	32.147	
19186	1476.7	29.137	34.532	32.147	
19187	1476.8	29.137	34.532	32.147	
19188	1476.9	29.138	34.532	32.147	
19189	1477.	29.138	34.532	32.147	
19190	1477.	29.138	34.532	32.147	
19191	1477.	29.138	34.532	32.147	
19192	1477.	29.138	34.532	32.147	
19193	1477.1	29.138	34.532	32.147	
19194	1477.2	29.138	34.532	32.147	
19195	1477.3	29.138	34.532	32.147	
19196	1477.4	29.138	34.533	32.148	
19197	1477.5	29.138	34.533	32.148	
19198	1477.6	29.138	34.533	32.148	
19199	1477.7	29.138	34.533	32.148	
19200	1477.8	29.138	34.533	32.148	
19201	1477.9	29.138	34.533	32.148	
19202	1478.	29.138	34.534	32.148	
19203	1478.	29.138	34.534	32.148	
19204	1478.	29.138	34.534	32.148	
19205	1478.	29.138	34.534	32.148	
19206	1478.1	29.139	34.534	32.148	
19207	1478.2	29.139	34.534	32.149	
19208	1478.3	29.139	34.534	32.149	
19209	1478.4	29.139	34.534	32.149	
19210	1478.5	29.139	34.534	32.149	
19211	1478.6	29.139	34.535	32.149	
19212	1478.7	29.139	34.535	32.149	
19213	1478.8	29.139	34.535	32.149	
19214	1478.9	29.139	34.535	32.149	
19215	1479.	29.139	34.535	32.15	
19216	1479.	29.139	34.535	32.15	
19217	1479.	29.139	34.535	32.15	
19218	1479.	29.139	34.535	32.15	
19219	1479.1	29.139	34.535	32.15	
19220	1479.2	29.139	34.535	32.15	
19221	1479.3	29.14	34.536	32.15	
19222	1479.4	29.14	34.536	32.15	
19223	1479.5	29.14	34.536	32.15	
19224	1479.6	29.14	34.536	32.15	
19225	1479.7	29.14	34.536	32.15	
19226	1479.8	29.14	34.536	32.151	
19227	1479.9	29.14	34.537	32.151	
19228	1480.	29.14	34.537	32.151	
19229	1480.	29.14	34.537	32.151	
19230	1480.	29.14	34.537	32.151	
19231	1480.	29.14	34.537	32.151	
19232	1480.1	29.14	34.537	32.151	
19233	1480.2	29.14	34.537	32.151	
19234	1480.3	29.14	34.537	32.151	
19235	1480.4	29.141	34.537	32.151	
19236	1480.5	29.141	34.537	32.151	
19237	1480.6	29.141	34.538	32.152	
19238	1480.7	29.141	34.538	32.152	
19239	1480.8	29.141	34.538	32.152	
19240	1480.9	29.141	34.538	32.152	
19241	1481.	29.141	34.538	32.152	
19242	1481.	29.141	34.538	32.152	
19243	1481.	29.141	34.538	32.152	
19244	1481.	29.141	34.538	32.152	
19245	1481.1	29.141	34.538	32.152	
19246	1481.2	29.141	34.539	32.152	
19247	1481.3	29.141	34.539	32.152	
19248	1481.4	29.141	34.539	32.153	
19249	1481.5	29.141	34.539	32.153	
19250	1481.6	29.142	34.539	32.153	
19251	1481.7	29.142	34.539	32.153	
19252	1481.8	29.142	34.54	32.153	
19253	1481.9	29.142	34.54	32.153	
19254	1482.	29.142	34.54	32.153	
19255	1482.	29.142	34.54	32.153	
19256	1482.	29.142	34.54	32.153	
19257	1482.	29.142	34.54	32.153	
19258	1482.1	29.142	34.54	32.153	
19259	1482.2	29.142	34.54	32.154	
19260	1482.3	29.142	34.54	32.154	
19261	1482.4	29.142	34.54	32.154	
19262	1482.5	29.142	34.541	32.154	
19263	1482.6	29.142	34.541	32.154	
19264	1482.7	29.143	34.541	32.154	
19265	1482.8	29.143	34.541	32.154	
19266	1482.9	29.143	34.541	32.154	
19267	1483.	29.143	34.541	32.155	
19268	1483.	29.143	34.541	32.155	
19269	1483.	29.143	34.541	32.155	
19270	1483.	29.143	34.541	32.155	
19271	1483.1	29.143	34.542	32.155	
19272	1483.2	29.143	34.542	32.155	
19273	1483.3	29.143	34.542	32.155	
19274	1483.4	29.143	34.542	32.155	
19275	1483.5	29.143	34.542	32.155	
19276	1483.6	29.143	34.542	32.155	
19277	1483.7	29.143	34.542	32.155	
19278	1483.8	29.143	34.543	32.156	
19279	1483.9	29.144	34.543	32.156	
19280	1484.	29.144	34.543	32.156	
19281	1484.	29.144	34.543	32.156	
19282	1484.	29.144	34.543	32.156	
19283	1484.	29.144	34.543	32.156	
19284	1484.1	29.144	34.543	32.156	
19285	1484.2	29.144	34.543	32.156	
19286	1484.3	29.144	34.543	32.156	
19287	1484.4	29.144	34.544	32.156	
19288	1484.5	29.144	34.544	32.156	
19289	1484.6	29.144	34.544	32.157	
19290	1484.7	29.144	34.544	32.157	
19291	1484.8	29.144	34.544	32.157	
19292	1484.9	29.144	34.544	32.157	
19293	1485.	29.144	34.544	32.157	
19294	1485.	29.144	34.544	32.157	
19295	1485.	29.144	34.544	32.157	
19296	1485.	29.144	34.545	32.157	
19297	1485.1	29.145	34.545	32.157	
19298	1485.2	29.145	34.545	32.157	
19299	1485.3	29.145	34.545	32.157	
19300	1485.4	29.145	34.545	32.158	
19301	1485.5	29.145	34.545	32.158	
19302	1485.6	29.145	34.545	32.158	
19303	1485.7	29.145	34.546	32.158	
19304	1485.8	29.145	34.546	32.158	
19305	1485.9	29.145	34.546	32.158	
19306	1486.	29.145	34.546	32.158	
19307	1486.	29.145	34.546	32.158	
19308	1486.	29.145	34.546	32.158	
19309	1486.	29.145	34.546	32.158	
19310	1486.1	29.145	34.546	32.158	
19311	1486.2	29.146	34.546	32.159	
19312	1486.3	29.146	34.547	32.159	
19313	1486.4	29.146	34.547	32.159	
19314	1486.5	29.146	34.547	32.159	
19315	1486.6	29.146	34.547	32.159	
19316	1486.7	29.146	34.547	32.159	
19317	1486.8	29.146	34.547	32.159	
19318	1486.9	29.146	34.547	32.159	
19319	1487.	29.146	34.548	32.16	
19320	1487.	29.146	34.548	32.16	
19321	1487.	29.146	34.548	32.16	
19322	1487.	29.146	34.548	32.16	
19323	1487.1	29.146	34.548	32.16	
19324	1487.2	29.146	34.548	32.16	
19325	1487.3	29.146	34.548	32.16	
19326	1487.4	29.147	34.548	32.16	
19327	1487.5	29.147	34.548	32.16	
19328	1487.6	29.147	34.549	32.16	
19329	1487.7	29.147	34.549	32.16	
19330	1487.8	29.147	34.549	32.161	
19331	1487.9	29.147	34.549	32.161	
19332	1488.	29.147	34.549	32.161	
19333	1488.	29.147	34.549	32.161	
19334	1488.	29.147	34.549	32.161	
19335	1488.	29.147	34.549	32.161	
19336	1488.1	29.147	34.549	32.161	
19337	1488.2	29.147	34.55	32.161	
19338	1488.3	29.147	34.55	32.161	
19339	1488.4	29.147	34.55	32.161	
19340	1488.5	29.148	34.55	32.161	
19341	1488.6	29.148	34.55	32.162	
19342	1488.7	29.148	34.55	32.162	
19343	1488.8	29.148	34.55	32.162	
19344	1488.9	29.148	34.551	32.162	
19345	1489.	29.148	34.551	32.162	
19346	1489.	29.148	34.551	32.162	
19347	1489.	29.148	34.551	32.162	
19348	1489.	29.148	34.551	32.162	
19349	1489.1	29.148	34.551	32.162	
19350	1489.2	29.148	34.551	32.162	
19351	1489.3	29.148	34.551	32.162	
19352	1489.4	29.148	34.551	32.163	
19353	1489.5	29.148	34.552	32.163	
19354	1489.6	29.148	34.552	32.163	
19355	1489.7	29.149	34.552	32.163	
19356	1489.8	29.149	34.552	32.163	
19357	1489.9	29.149	34.552	32.163	
19358	1490.	29.149	34.552	32.163	
19359	1490.	29.149	34.552	32.163	
19360	1490.	29.149	34.552	32.163	
19361	1490.	29.149	34.552	32.163	
19362	1490.1	29.149	34.553	32.163	
19363	1490.2	29.149	34.553	32.164	
19364	1490.3	29.149	34.553	32.164	
19365	1490.4	29.149	34.553	32.164	
19366	1490.5	29.149	34.553	32.164	
19367	1490.6	29.149	34.553	32.164	
19368	1490.7	29.149	34.553	32.164	
19369	1490.8	29.149	34.554	32.164	
19370	1490.9	29.15	34.554	32.164	
19371	1491.	29.15	34.554	32.165	
19372	1491.	29.15	34.554	32.165	
19373	1491.	29.15	34.554	32.165	
19374	1491.	29.15	34.554	32.165	
19375	1491.1	29.15	34.554	32.165	
19376	1491.2	29.15	34.554	32.165	
19377	1491.3	29.15	34.554	32.165	
19378	1491.4	29.15	34.555	32.165	
19379	1491.5	29.15	34.555	32.165	
19380	1491.6	29.15	34.555	32.165	
19381	1491.7	29.15	34.555	32.165	
19382	1491.8	29.15	34.555	32.166	
19383	1491.9	29.15	34.555	32.166	
19384	1492.	29.15	34.555	32.166	
19385	1492.	29.15	34.555	32.166	
19386	1492.	29.151	34.555	32.166	
19387	1492.	29.151	34.555	32.166	
19388	1492.1	29.151	34.556	32.166	
19389	1492.2	29.151	34.556	32.166	
19390	1492.3	29.151	34.556	32.166	
19391	1492.4	29.151	34.556	32.166	
19392	1492.5	29.151	34.556	32.166	
19393	1492.6	29.151	34.556	32.167	
19394	1492.7	29.151	34.557	32.167	
19395	1492.8	29.151	34.557	32.167	
19396	1492.9	29.151	34.557	32.167	
19397	1493.	29.151	34.557	32.167	
19398	1493.	29.151	34.557	32.167	
19399	1493.	29.151	34.557	32.167	
19400	1493.	29.151	34.557	32.167	
19401	1493.1	29.151	34.557	32.167	
19402	1493.2	29.152	34.557	32.167	
19403	1493.3	29.152	34.558	32.167	
19404	1493.4	29.152	34.558	32.168	
19405	1493.5	29.152	34.558	32.168	
19406	1493.6	29.152	34.558	32.168	
19407	1493.7	29.152	34.558	32.168	
19408	1493.8	29.152	34.558	32.168	
19409	1493.9	29.152	34.558	32.168	
19410	1494.	29.152	34.559	32.168	
19411	1494.	29.152	34.559	32.168	
19412	1494.	29.152	34.559	32.168	
19413	1494.	29.152	34.559	32.168	
19414	1494.1	29.152	34.559	32.168	
19415	1494.2	29.152	34.559	32.169	
19416	1494.3	29.153	34.559	32.169	
19417	1494.4	29.153	34.559	32.169	
19418	1494.5	29.153	34.559	32.169	
19419	1494.6	29.153	34.56	32.169	
19420	1494.7	29.153	34.56	32.169	
19421	1494.8	29.153	34.56	32.169	
19422	1494.9	29.153	34.56	32.169	
19423	1495.	29.153	34.56	32.17	
19424	1495.	29.153	34.56	32.17	
19425	1495.	29.153	34.56	32.17	
19426	1495.	29.153	34.56	32.17	
19427	1495.1	29.153	34.56	32.17	
19428	1495.2	29.153	34.56	32.17	
19429	1495.3	29.153	34.561	32.17	
19430	1495.4	29.153	34.561	32.17	
19431	1495.5	29.154	34.561	32.17	
19432	1495.6	29.154	34.561	32.17	
19433	1495.7	29.154	34.561	32.17	
19434	1495.8	29.154	34.561	32.171	
19435	1495.9	29.154	34.562	32.171	
19436	1496.	29.154	34.562	32.171	
19437	1496.	29.154	34.562	32.171	
19438	1496.	29.154	34.562	32.171	
19439	1496.	29.154	34.562	32.171	
19440	1496.1	29.154	34.562	32.171	
19441	1496.2	29.154	34.562	32.171	
19442	1496.3	29.154	34.562	32.171	
19443	1496.4	29.154	34.562	32.171	
19444	1496.5	29.154	34.563	32.171	
19445	1496.6	29.154	34.563	32.172	
19446	1496.7	29.155	34.563	32.172	
19447	1496.8	29.155	34.563	32.172	
19448	1496.9	29.155	34.563	32.172	
19449	1497.	29.155	34.563	32.172	
19450	1497.	29.155	34.563	32.172	
19451	1497.	29.155	34.563	32.172	
19452	1497.	29.155	34.563	32.172	
19453	1497.1	29.155	34.563	32.172	
19454	1497.2	29.155	34.564	32.172	
19455	1497.3	29.155	34.564	32.172	
19456	1497.4	29.155	34.564	32.173	
19457	1497.5	29.155	34.564	32.173	
19458	1497.6	29.155	34.564	32.173	
19459	1497.7	29.155	34.564	32.173	
19460	1497.8	29.156	34.565	32.173	
19461	1497.9	29.156	34.565	32.173	
19462	1498.	29.156	34.565	32.173	
19463	1498.	29.156	34.565	32.173	
19464	1498.	29.156	34.565	32.173	
19465	1498.	29.156	34.565	32.173	
19466	1498.1	29.156	34.565	32.173	
19467	1498.2	29.156	34.565	32.174	
19468	1498.3	29.156	34.565	32.174	
19469	1498.4	29.156	34.565	32.174	
19470	1498.5	29.156	34.566	32.174	
19471	1498.6	29.156	34.566	32.174	
19472	1498.7	29.156	34.566	32.174	
19473	1498.8	29.156	34.566	32.174	
19474	1498.9	29.156	34.566	32.174	
19475	1499.	29.157	34.566	32.175	
19476	1499.	29.157	34.566	32.175	
19477	1499.	29.157	34.566	32.175	
19478	1499.	29.157	34.566	32.175	
19479	1499.1	29.157	34.567	32.175	
19480	1499.2	29.157	34.567	32.175	
19481	1499.3	29.157	34.567	32.175	
19482	1499.4	29.157	34.567	32.175	
19483	1499.5	29.157	34.567	32.175	
19484	1499.6	29.157	34.567	32.175	
19485	1499.7	29.157	34.568	32.175	
19486	1499.8	29.157	34.568	32.176	
19487	1499.9	29.157	34.568	32.176	
19488	1500.	29.157	34.568	32.176	
19489	1500.	29.157	34.568	32.176	
19490	1500.	29.157	34.568	32.176	
19491	1500.	29.157	34.568	32.176	
19492	1500.1	29.158	34.568	32.176	
19493	1500.2	29.158	34.568	32.176	
19494	1500.3	29.158	34.568	32.176	
19495	1500.4	29.158	34.569	32.176	
19496	1500.5	29.158	34.569	32.176	
19497	1500.6	29.158	34.569	32.177	
19498	1500.7	29.158	34.569	32.177	
19499	1500.8	29.158	34.569	32.177	
19500	1500.9	29.158	34.569	32.177	
19501	1501.	29.158	34.57	32.177	
19502	1501.	29.158	34.57	32.177	
19503	1501.	29.158	34.57	32.177	
19504	1501.	29.158	34.57	32.177	
19505	1501.1	29.158	34.57	32.177	
19506	1501.2	29.158	34.57	32.177	
19507	1501.3	29.159	34.57	32.177	
19508	1501.4	29.159	34.57	32.178	
19509	1501.5	29.159	34.57	32.178	
19510	1501.6	29.159	34.571	32.178	
19511	1501.7	29.159	34.571	32.178	
19512	1501.8	29.159	34.571	32.178	
19513	1501.9	29.159	34.571	32.178	
19514	1502.	29.159	34.571	32.178	
19515	1502.	29.159	34.571	32.178	
19516	1502.	29.159	34.571	32.178	
19517	1502.	29.159	34.571	32.178	
19518	1502.1	29.159	34.571	32.178	
19519	1502.2	29.159	34.571	32.179	
19520	1502.3	29.159	34.572	32.179	
19521	1502.4	29.159	34.572	32.179	
19522	1502.5	29.16	34.572	32.179	
19523	1502.6	29.16	34.572	32.179	
19524	1502.7	29.16	34.572	32.179	
19525	1502.8	29.16	34.572	32.179	
19526	1502.9	29.16	34.573	32.179	
19527	1503.	29.16	34.573	32.18	
19528	1503.	29.16	34.573	32.18	
19529	1503.	29.16	34.573	32.18	
19530	1503.	29.16	34.573	32.18	
19531	1503.1	29.16	34.573	32.18	
19532	1503.2	29.16	34.573	32.18	
19533	1503.3	29.16	34.573	32.18	
19534	1503.4	29.16	34.573	32.18	
19535	1503.5	29.16	34.573	32.18	
19536	1503.6	29.161	34.574	32.18	
19537	1503.7	29.161	34.574	32.18	
19538	1503.8	29.161	34.574	32.181	
19539	1503.9	29.161	34.574	32.181	
19540	1504.	29.161	34.574	32.181	
19541	1504.	29.161	34.574	32.181	
19542	1504.	29.161	34.574	32.181	
19543	1504.	29.161	34.574	32.181	
19544	1504.1	29.161	34.574	32.181	
19545	1504.2	29.161	34.575	32.181	
19546	1504.3	29.161	34.575	32.181	
19547	1504.4	29.161	34.575	32.181	
19548	1504.5	29.161	34.575	32.181	
19549	1504.6	29.161	34.575	32.182	
19550	1504.7	29.161	34.575	32.182	
19551	1504.8	29.162	34.576	32.182	
19552	1504.9	29.162	34.576	32.182	
19553	1505.	29.162	34.576	32.182	
19554	1505.	29.162	34.576	32.182	
19555	1505.	29.162	34.576	32.182	
19556	1505.	29.162	34.576	32.182	
19557	1505.1	29.162	34.576	32.182	
19558	1505.2	29.162	34.576	32.182	
19559	1505.3	29.162	34.576	32.182	
19560	1505.4	29.162	34.576	32.183	
19561	1505.5	29.162	34.577	32.183	
19562	1505.6	29.162	34.577	32.183	
19563	1505.7	29.162	34.577	32.183	
19564	1505.8	29.162	34.577	32.183	
19565	1505.9	29.163	34.577	32.183	
19566	1506.	29.163	34.577	32.183	
19567	1506.	29.163	34.577	32.183	
19568	1506.	29.163	34.577	32.183	
19569	1506.	29.163	34.577	32.183	
19570	1506.1	29.163	34.578	32.183	
19571	1506.2	29.163	34.578	32.184	
19572	1506.3	29.163	34.578	32.184	
19573	1506.4	29.163	34.578	32.184	
19574	1506.5	29.163	34.578	32.184	
19575	1506.6	29.163	34.578	32.184	
19576	1506.7	29.163	34.578	32.184	
19577	1506.8	29.163	34.579	32.184	
19578	1506.9	29.163	34.579	32.184	
19579	1507.	29.163	34.579	32.185	
19580	1507.	29.163	34.579	32.185	
19581	1507.	29.163	34.579	32.185	
19582	1507.	29.163	34.579	32.185	
19583	1507.1	29.164	34.579	32.185	
19584	1507.2	29.164	34.579	32.185	
19585	1507.3	29.164	34.579	32.185	
19586	1507.4	29.164	34.58	32.185	
19587	1507.5	29.164	34.58	32.185	
19588	1507.6	29.164	34.58	32.185	
19589	1507.7	29.164	34.58	32.185	
19590	1507.8	29.164	34.58	32.186	
19591	1507.9	29.164	34.58	32.186	
19592	1508.	29.164	34.58	32.186	
19593	1508.	29.164	34.58	32.186	
19594	1508.	29.164	34.58	32.186	
19595	1508.	29.164	34.581	32.186	
19596	1508.1	29.164	34.581	32.186	
19597	1508.2	29.164	34.581	32.186	
19598	1508.3	29.165	34.581	32.186	
19599	1508.4	29.165	34.581	32.186	
19600	1508.5	29.165	34.581	32.186	
19601	1508.6	29.165	34.581	32.187	
19602	1508.7	29.165	34.582	32.187	
19603	1508.8	29.165	34.582	32.187	
19604	1508.9	29.165	34.582	32.187	
19605	1509.	29.165	34.582	32.187	
19606	1509.	29.165	34.582	32.187	
19607	1509.	29.165	34.582	32.187	
19608	1509.	29.165	34.582	32.187	
19609	1509.1	29.165	34.582	32.187	
19610	1509.2	29.165	34.582	32.187	
19611	1509.3	29.165	34.583	32.187	
19612	1509.4	29.166	34.583	32.188	
19613	1509.5	29.166	34.583	32.188	
19614	1509.6	29.166	34.583	32.188	
19615	1509.7	29.166	34.583	32.188	
19616	1509.8	29.166	34.583	32.188	
19617	1509.9	29.166	34.584	32.188	
19618	1510.	29.166	34.584	32.188	
19619	1510.	29.166	34.584	32.188	
19620	1510.	29.166	34.584	32.188	
19621	1510.	29.166	34.584	32.188	
19622	1510.1	29.166	34.584	32.188	
19623	1510.2	29.166	34.584	32.189	
19624	1510.3	29.166	34.584	32.189	
19625	1510.4	29.166	34.584	32.189	
19626	1510.5	29.166	34.584	32.189	
19627	1510.6	29.167	34.585	32.189	
19628	1510.7	29.167	34.585	32.189	
19629	1510.8	29.167	34.585	32.189	
19630	1510.9	29.167	34.585	32.189	
19631	1511.	29.167	34.585	32.19	
19632	1511.	29.167	34.585	32.19	
19633	1511.	29.167	34.585	32.19	
19634	1511.	29.167	34.585	32.19	
19635	1511.1	29.167	34.585	32.19	
19636	1511.2	29.167	34.586	32.19	
19637	1511.3	29.167	34.586	32.19	
19638	1511.4	29.167	34.586	32.19	
19639	1511.5	29.167	34.586	32.19	
19640	1511.6	29.167	34.586	32.19	
19641	1511.7	29.167	34.586	32.19	
19642	1511.8	29.168	34.586	32.191	
19643	1511.9	29.168	34.587	32.191	
19644	1512.	29.168	34.587	32.191	
19645	1512.	29.168	34.587	32.191	
19646	1512.	29.168	34.587	32.191	
19647	1512.	29.168	34.587	32.191	
19648	1512.1	29.168	34.587	32.191	
19649	1512.2	29.168	34.587	32.191	
19650	1512.3	29.168	34.587	32.191	
19651	1512.4	29.168	34.587	32.191	
19652	1512.5	29.168	34.588	32.191	
19653	1512.6	29.168	34.588	32.192	
19654	1512.7	29.168	34.588	32.192	
19655	1512.8	29.168	34.588	32.192	
19656	1512.9	29.169	34.588	32.192	
19657	1513.	29.169	34.588	32.192	
19658	1513.	29.169	34.588	32.192	
19659	1513.	29.169	34.588	32.192	
19660	1513.	29.169	34.588	32.192	
19661	1513.1	29.169	34.589	32.192	
19662	1513.2	29.169	34.589	32.192	
19663	1513.3	29.169	34.589	32.192	
19664	1513.4	29.169	34.589	32.193	
19665	1513.5	29.169	34.589	32.193	
19666	1513.6	29.169	34.589	32.193	
19667	1513.7	29.169	34.589	32.193	
19668	1513.8	29.169	34.59	32.193	
19669	1513.9	29.169	34.59	32.193	
19670	1514.	29.169	34.59	32.193	
19671	1514.	29.169	34.59	32.193	
19672	1514.	29.169	34.59	32.193	
19673	1514.	29.169	34.59	32.193	
19674	1514.1	29.17	34.59	32.193	
19675	1514.2	29.17	34.59	32.194	
19676	1514.3	29.17	34.59	32.194	
19677	1514.4	29.17	34.591	32.194	
19678	1514.5	29.17	34.591	32.194	
19679	1514.6	29.17	34.591	32.194	
19680	1514.7	29.17	34.591	32.194	
19681	1514.8	29.17	34.591	32.194	
19682	1514.9	29.17	34.591	32.194	
19683	1515.	29.17	34.591	32.195	
19684	1515.	29.17	34.591	32.195	
19685	1515.	29.17	34.591	32.195	
19686	1515.	29.17	34.592	32.195	
19687	1515.1	29.17	34.592	32.195	
19688	1515.2	29.171	34.592	32.195	
19689	1515.3	29.171	34.592	32.195	
19690	1515.4	29.171	34.592	32.195	
19691	1515.5	29.171	34.592	32.195	
19692	1515.6	29.171	34.592	32.195	
19693	1515.7	29.171	34.593	32.195	
19694	1515.8	29.171	34.593	32.196	
19695	1515.9	29.171	34.593	32.196	
19696	1516.	29.171	34.593	32.196	
19697	1516.	29.171	34.593	32.196	
19698	1516.	29.171	34.593	32.196	
19699	1516.	29.171	34.593	32.196	
19700	1516.1	29.171	34.593	32.196	
19701	1516.2	29.171	34.593	32.196	
19702	1516.3	29.171	34.594	32.196	
19703	1516.4	29.172	34.594	32.196	
19704	1516.5	29.172	34.594	32.196	
19705	1516.6	29.172	34.594	32.197	
19706	1516.7	29.172	34.594	32.197	
19707	1516.8	29.172	34.594	32.197	
19708	1516.9	29.172	34.594	32.197	
19709	1517.	29.172	34.595	32.197	
19710	1517.	29.172	34.595	32.197	
19711	1517.	29.172	34.595	32.197	
19712	1517.	29.172	34.595	32.197	
19713	1517.1	29.172	34.595	32.197	
19714	1517.2	29.172	34.595	32.197	
19715	1517.3	29.172	34.595	32.197	
19716	1517.4	29.172	34.595	32.198	
19717	1517.5	29.172	34.595	32.198	
19718	1517.6	29.173	34.596	32.198	
19719	1517.7	29.173	34.596	32.198	
19720	1517.8	29.173	34.596	32.198	
19721	1517.9	29.173	34.596	32.198	
19722	1518.	29.173	34.596	32.198	
19723	1518.	29.173	34.596	32.198	
19724	1518.	29.173	34.596	32.198	
19725	1518.	29.173	34.596	32.198	
19726	1518.1	29.173	34.596	32.198	
19727	1518.2	29.173	34.597	32.199	
19728	1518.3	29.173	34.597	32.199	
19729	1518.4	29.173	34.597	32.199	
19730	1518.5	29.173	34.597	32.199	
19731	1518.6	29.173	34.597	32.199	
19732	1518.7	29.174	34.597	32.199	
19733	1518.8	29.174	34.597	32.199	
19734	1518.9	29.174	34.598	32.199	
19735	1519.	29.174	34.598	32.2	
19736	1519.	29.174	34.598	32.2	
19737	1519.	29.174	34.598	32.2	
19738	1519.	29.174	34.598	32.2	
19739	1519.1	29.174	34.598	32.2	
19740	1519.2	29.174	34.598	32.2	
19741	1519.3	29.174	34.598	32.2	
19742	1519.4	29.174	34.598	32.2	
19743	1519.5	29.174	34.599	32.2	
19744	1519.6	29.174	34.599	32.2	
19745	1519.7	29.174	34.599	32.2	
19746	1519.8	29.174	34.599	32.201	
19747	1519.9	29.175	34.599	32.201	
19748	1520.	29.175	34.599	32.201	
19749	1520.	29.175	34.599	32.201	
19750	1520.	29.175	34.599	32.201	
19751	1520.	29.175	34.599	32.201	
19752	1520.1	29.175	34.599	32.201	
19753	1520.2	29.175	34.6	32.201	
19754	1520.3	29.175	34.6	32.201	
19755	1520.4	29.175	34.6	32.201	
19756	1520.5	29.175	34.6	32.201	
19757	1520.6	29.175	34.6	32.202	
19758	1520.7	29.175	34.6	32.202	
19759	1520.8	29.175	34.601	32.202	
19760	1520.9	29.175	34.601	32.202	
19761	1521.	29.175	34.601	32.202	
19762	1521.	29.175	34.601	32.202	
19763	1521.	29.175	34.601	32.202	
19764	1521.	29.176	34.601	32.202	
19765	1521.1	29.176	34.601	32.202	
19766	1521.2	29.176	34.601	32.202	
19767	1521.3	29.176	34.601	32.202	
19768	1521.4	29.176	34.602	32.203	
19769	1521.5	29.176	34.602	32.203	
19770	1521.6	29.176	34.602	32.203	
19771	1521.7	29.176	34.602	32.203	
19772	1521.8	29.176	34.602	32.203	
19773	1521.9	29.176	34.602	32.203	
19774	1522.	29.176	34.602	32.203	
19775	1522.	29.176	34.602	32.203	
19776	1522.	29.176	34.602	32.203	
19777	1522.	29.176	34.602	32.203	
19778	1522.1	29.176	34.603	32.203	
19779	1522.2	29.177	34.603	32.204	
19780	1522.3	29.177	34.603	32.204	
19781	1522.4	29.177	34.603	32.204	
19782	1522.5	29.177	34.603	32.204	
19783	1522.6	29.177	34.603	32.204	
19784	1522.7	29.177	34.604	32.204	
19785	1522.8	29.177	34.604	32.204	
19786	1522.9	29.177	34.604	32.204	
19787	1523.	29.177	34.604	32.205	
19788	1523.	29.177	34.604	32.205	
19789	1523.	29.177	34.604	32.205	
19790	1523.	29.177	34.604	32.205	
19791	1523.1	29.177	34.604	32.205	
19792	1523.2	29.177	34.604	32.205	
19793	1523.3	29.177	34.604	32.205	
19794	1523.4	29.178	34.605	32.205	
19795	1523.5	29.178	34.605	32.205	
19796	1523.6	29.178	34.605	32.205	
19797	1523.7	29.178	34.605	32.205	
19798	1523.8	29.178	34.605	32.206	
19799	1523.9	29.178	34.605	32.206	
19800	1524.	29.178	34.606	32.206	
19801	1524.	29.178	34.606	32.206	
19802	1524.	29.178	34.606	32.206	
19803	1524.	29.178	34.606	32.206	
19804	1524.1	29.178	34.606	32.206	
19805	1524.2	29.178	34.606	32.206	
19806	1524.3	29.178	34.606	32.206	
19807	1524.4	29.178	34.606	32.206	
19808	1524.5	29.179	34.606	32.206	
19809	1524.6	29.179	34.607	32.207	
19810	1524.7	29.179	34.607	32.207	
19811	1524.8	29.179	34.607	32.207	
19812	1524.9	29.179	34.607	32.207	
19813	1525.	29.179	34.607	32.207	
19814	1525.	29.179	34.607	32.207	
19815	1525.	29.179	34.607	32.207	
19816	1525.	29.179	34.607	32.207	
19817	1525.1	29.179	34.607	32.207	
19818	1525.2	29.179	34.607	32.207	
19819	1525.3	29.179	34.608	32.207	
19820	1525.4	29.179	34.608	32.208	
19821	1525.5	29.179	34.608	32.208	
19822	1525.6	29.179	34.608	32.208	
19823	1525.7	29.18	34.608	32.208	
19824	1525.8	29.18	34.608	32.208	
19825	1525.9	29.18	34.609	32.208	
19826	1526.	29.18	34.609	32.208	
19827	1526.	29.18	34.609	32.208	
19828	1526.	29.18	34.609	32.208	
19829	1526.	29.18	34.609	32.208	
19830	1526.1	29.18	34.609	32.208	
19831	1526.2	29.18	34.609	32.209	
19832	1526.3	29.18	34.609	32.209	
19833	1526.4	29.18	34.609	32.209	
19834	1526.5	29.18	34.61	32.209	
19835	1526.6	29.18	34.61	32.209	
19836	1526.7	29.18	34.61	32.209	
19837	1526.8	29.18	34.61	32.209	
19838	1526.9	29.181	34.61	32.209	
19839	1527.	29.181	34.61	32.21	
19840	1527.	29.181	34.61	32.21	
19841	1527.	29.181	34.61	32.21	
19842	1527.	29.181	34.61	32.21	
19843	1527.1	29.181	34.61	32.21	
19844	1527.2	29.181	34.611	32.21	
19845	1527.3	29.181	34.611	32.21	
19846	1527.4	29.181	34.611	32.21	
19847	1527.5	29.181	34.611	32.21	
19848	1527.6	29.181	34.611	32.21	
19849	1527.7	29.181	34.611	32.21	
19850	1527.8	29.181	34.612	32.211	
19851	1527.9	29.181	34.612	32.211	
19852	1528.	29.181	34.612	32.211	
19853	1528.	29.182	34.612	32.211	
19854	1528.	29.182	34.612	32.211	
19855	1528.	29.182	34.612	32.211	
19856	1528.1	29.182	34.612	32.211	
19857	1528.2	29.182	34.612	32.211	
19858	1528.3	29.182	34.612	32.211	
19859	1528.4	29.182	34.612	32.211	
19860	1528.5	29.182	34.613	32.211	
19861	1528.6	29.182	34.613	32.212	
19862	1528.7	29.182	34.613	32.212	
19863	1528.8	29.182	34.613	32.212	
19864	1528.9	29.182	34.613	32.212	
19865	1529.	29.182	34.613	32.212	
19866	1529.	29.182	34.613	32.212	
19867	1529.	29.182	34.613	32.212	
19868	1529.	29.182	34.613	32.212	
19869	1529.1	29.182	34.614	32.212	
19870	1529.2	29.183	34.614	32.212	
19871	1529.3	29.183	34.614	32.212	
19872	1529.4	29.183	34.614	32.213	
19873	1529.5	29.183	34.614	32.213	
19874	1529.6	29.183	34.614	32.213	
19875	1529.7	29.183	34.615	32.213	
19876	1529.8	29.183	34.615	32.213	
19877	1529.9	29.183	34.615	32.213	
19878	1530.	29.183	34.615	32.213	
19879	1530.	29.183	34.615	32.213	
19880	1530.	29.183	34.615	32.213	
19881	1530.	29.183	34.615	32.213	
19882	1530.1	29.183	34.615	32.213	
19883	1530.2	29.183	34.615	32.214	
19884	1530.3	29.184	34.615	32.214	
19885	1530.4	29.184	34.616	32.214	
19886	1530.5	29.184	34.616	32.214	
19887	1530.6	29.184	34.616	32.214	
19888	1530.7	29.184	34.616	32.214	
19889	1530.8	29.184	34.616	32.214	
19890	1530.9	29.184	34.616	32.214	
19891	1531.	29.184	34.616	32.215	
19892	1531.	29.184	34.617	32.215	
19893	1531.	29.184	34.617	32.215	
19894	1531.	29.184	34.617	32.215	
19895	1531.1	29.184	34.617	32.215	
19896	1531.2	29.184	34.617	32.215	
19897	1531.3	29.184	34.617	32.215	
19898	1531.4	29.184	34.617	32.215	
19899	1531.5	29.185	34.617	32.215	
19900	1531.6	29.185	34.617	32.215	
19901	1531.7	29.185	34.618	32.215	
19902	1531.8	29.185	34.618	32.216	
19903	1531.9	29.185	34.618	32.216	
19904	1532.	29.185	34.618	32.216	
19905	1532.	29.185	34.618	32.216	
19906	1532.	29.185	34.618	32.216	
19907	1532.	29.185	34.618	32.216	
19908	1532.1	29.185	34.618	32.216	
19909	1532.2	29.185	34.618	32.216	
19910	1532.3	29.185	34.619	32.216	
19911	1532.4	29.185	34.619	32.216	
19912	1532.5	29.185	34.619	32.216	
19913	1532.6	29.185	34.619	32.217	
19914	1532.7	29.186	34.619	32.217	
19915	1532.8	29.186	34.619	32.217	
19916	1532.9	29.186	34.62	32.217	
19917	1533.	29.186	34.62	32.217	
19918	1533.	29.186	34.62	32.217	
19919	1533.	29.186	34.62	32.217	
19920	1533.	29.186	34.62	32.217	
19921	1533.1	29.186	34.62	32.217	
19922	1533.2	29.186	34.62	32.217	
19923	1533.3	29.186	34.62	32.217	
19924	1533.4	29.186	34.62	32.218	
19925	1533.5	29.186	34.62	32.218	
19926	1533.6	29.186	34.621	32.218	
19927	1533.7	29.186	34.621	32.218	
19928	1533.8	29.187	34.621	32.218	
19929	1533.9	29.187	34.621	32.218	
19930	1534.	29.187	34.621	32.218	
19931	1534.	29.187	34.621	32.218	
19932	1534.	29.187	34.621	32.218	
19933	1534.	29.187	34.621	32.218	
19934	1534.1	29.187	34.621	32.218	
19935	1534.2	29.187	34.622	32.219	
19936	1534.3	29.187	34.622	32.219	
19937	1534.4	29.187	34.622	32.219	
19938	1534.5	29.187	34.622	32.219	
19939	1534.6	29.187	34.622	32.219	
19940	1534.7	29.187	34.622	32.219	
19941	1534.8	29.187	34.623	32.219	
19942	1534.9	29.187	34.623	32.219	
19943	1535.	29.188	34.623	32.22	
19944	1535.	29.188	34.623	32.22	
19945	1535.	29.188	34.623	32.22	
19946	1535.	29.188	34.623	32.22	
19947	1535.1	29.188	34.623	32.22	
19948	1535.2	29.188	34.623	32.22	
19949	1535.3	29.188	34.623	32.22	
19950	1535.4	29.188	34.623	32.22	
19951	1535.5	29.188	34.624	32.22	
19952	1535.6	29.188	34.624	32.22	
19953	1535.7	29.188	34.624	32.22	
19954	1535.8	29.188	34.624	32.221	
19955	1535.9	29.188	34.624	32.221	
19956	1536.	29.188	34.624	32.221	
19957	1536.	29.188	34.624	32.221	
19958	1536.	29.188	34.624	32.221	
19959	1536.	29.188	34.624	32.221	
19960	1536.1	29.189	34.625	32.221	
19961	1536.2	29.189	34.625	32.221	
19962	1536.3	29.189	34.625	32.221	
19963	1536.4	29.189	34.625	32.221	
19964	1536.5	29.189	34.625	32.221	
19965	1536.6	29.189	34.625	32.222	
19966	1536.7	29.189	34.625	32.222	
19967	1536.8	29.189	34.626	32.222	
19968	1536.9	29.189	34.626	32.222	
19969	1537.	29.189	34.626	32.222	
19970	1537.	29.189	34.626	32.222	
19971	1537.	29.189	34.626	32.222	
19972	1537.	29.189	34.626	32.222	
19973	1537.1	29.189	34.626	32.222	
19974	1537.2	29.189	34.626	32.222	
19975	1537.3	29.19	34.626	32.222	
19976	1537.4	29.19	34.627	32.223	
19977	1537.5	29.19	34.627	32.223	
19978	1537.6	29.19	34.627	32.223	
19979	1537.7	29.19	34.627	32.223	
19980	1537.8	29.19	34.627	32.223	
19981	1537.9	29.19	34.627	32.223	
19982	1538.	29.19	34.627	32.223	
19983	1538.	29.19	34.627	32.223	
19984	1538.	29.19	34.627	32.223	
19985	1538.	29.19	34.628	32.223	
19986	1538.1	29.19	34.628	32.223	
19987	1538.2	29.19	34.628	32.224	
19988	1538.3	29.19	34.628	32.224	
19989	1538.4	29.19	34.628	32.224	
19990	1538.5	29.191	34.628	32.224	
19991	1538.6	29.191	34.628	32.224	
19992	1538.7	29.191	34.629	32.224	
19993	1538.8	29.191	34.629	32.224	
19994	1538.9	29.191	34.629	32.224	
19995	1539.	29.191	34.629	32.225	
19996	1539.	29.191	34.629	32.225	
19997	1539.	29.191	34.629	32.225	
19998	1539.	29.191	34.629	32.225	
19999	1539.1	29.191	34.629	32.225	
20000	1539.2	29.191	34.629	32.225	
20001	1539.3	29.191	34.63	32.225	
20002	1539.4	29.191	34.63	32.225	
20003	1539.5	29.191	34.63	32.225	
20004	1539.6	29.192	34.63	32.225	
20005	1539.7	29.192	34.63	32.225	
20006	1539.8	29.192	34.63	32.226	
20007	1539.9	29.192	34.63	32.226	
20008	1540.	29.192	34.631	32.226	
20009	1540.	29.192	34.631	32.226	
20010	1540.	29.192	34.631	32.226	
20011	1540.	29.192	34.631	32.226	
20012	1540.1	29.192	34.631	32.226	
20013	1540.2	29.192	34.631	32.226	
20014	1540.3	29.192	34.631	32.226	
20015	1540.4	29.192	34.631	32.226	
20016	1540.5	29.192	34.631	32.226	
20017	1540.6	29.192	34.632	32.227	
20018	1540.7	29.192	34.632	32.227	
20019	1540.8	29.193	34.632	32.227	
20020	1540.9	29.193	34.632	32.227	
20021	1541.	29.193	34.632	32.227	
20022	1541.	29.193	34.632	32.227	
20023	1541.	29.193	34.632	32.227	
20024	1541.	29.193	34.632	32.227	
20025	1541.1	29.193	34.632	32.227	
20026	1541.2	29.193	34.633	32.227	
20027	1541.3	29.193	34.633	32.227	
20028	1541.4	29.193	34.633	32.228	
20029	1541.5	29.193	34.633	32.228	
20030	1541.6	29.193	34.633	32.228	
20031	1541.7	29.193	34.633	32.228	
20032	1541.8	29.193	34.633	32.228	
20033	1541.9	29.193	34.634	32.228	
20034	1542.	29.194	34.634	32.228	
20035	1542.	29.194	34.634	32.228	
20036	1542.	29.194	34.634	32.228	
20037	1542.	29.194	34.634	32.228	
20038	1542.1	29.194	34.634	32.228	
20039	1542.2	29.194	34.634	32.229	
20040	1542.3	29.194	34.634	32.229	
20041	1542.4	29.194	34.634	32.229	
20042	1542.5	29.194	34.635	32.229	
20043	1542.6	29.194	34.635	32.229	
20044	1542.7	29.194	34.635	32.229	
20045	1542.8	29.194	34.635	32.229	
20046	1542.9	29.194	34.635	32.229	
20047	1543.	29.194	34.635	32.23	
20048	1543.	29.194	34.635	32.23	
20049	1543.	29.194	34.635	32.23	
20050	1543.	29.194	34.635	32.23	
20051	1543.1	29.195	34.636	32.23	
20052	1543.2	29.195	34.636	32.23	
20053	1543.3	29.195	34.636	32.23	
20054	1543.4	29.195	34.636	32.23	
20055	1543.5	29.195	34.636	32.23	
20056	1543.6	29.195	34.636	32.23	
20057	1543.7	29.195	34.636	32.23	
20058	1543.8	29.195	34.637	32.231	
20059	1543.9	29.195	34.637	32.231	
20060	1544.	29.195	34.637	32.231	
20061	1544.	29.195	34.637	32.231	
20062	1544.	29.195	34.637	32.231	
20063	1544.	29.195	34.637	32.231	
20064	1544.1	29.195	34.637	32.231	
20065	1544.2	29.195	34.637	32.231	
20066	1544.3	29.196	34.637	32.231	
20067	1544.4	29.196	34.638	32.231	
20068	1544.5	29.196	34.638	32.231	
20069	1544.6	29.196	34.638	32.232	
20070	1544.7	29.196	34.638	32.232	
20071	1544.8	29.196	34.638	32.232	
20072	1544.9	29.196	34.638	32.232	
20073	1545.	29.196	34.638	32.232	
20074	1545.	29.196	34.638	32.232	
20075	1545.	29.196	34.638	32.232	
20076	1545.	29.196	34.639	32.232	
20077	1545.1	29.196	34.639	32.232	
20078	1545.2	29.196	34.639	32.232	
20079	1545.3	29.196	34.639	32.232	
20080	1545.4	29.197	34.639	32.233	
20081	1545.5	29.197	34.639	32.233	
20082	1545.6	29.197	34.639	32.233	
20083	1545.7	29.197	34.64	32.233	
20084	1545.8	29.197	34.64	32.233	
20085	1545.9	29.197	34.64	32.233	
20086	1546.	29.197	34.64	32.233	
20087	1546.	29.197	34.64	32.233	
20088	1546.	29.197	34.64	32.233	
20089	1546.	29.197	34.64	32.233	
20090	1546.1	29.197	34.64	32.233	
20091	1546.2	29.197	34.64	32.234	
20092	1546.3	29.197	34.641	32.234	
20093	1546.4	29.197	34.641	32.234	
20094	1546.5	29.197	34.641	32.234	
20095	1546.6	29.198	34.641	32.234	
20096	1546.7	29.198	34.641	32.234	
20097	1546.8	29.198	34.641	32.234	
20098	1546.9	29.198	34.641	32.234	
20099	1547.	29.198	34.642	32.235	
20100	1547.	29.198	34.642	32.235	
20101	1547.	29.198	34.642	32.235	
20102	1547.	29.198	34.642	32.235	
20103	1547.1	29.198	34.642	32.235	
20104	1547.2	29.198	34.642	32.235	
20105	1547.3	29.198	34.642	32.235	
20106	1547.4	29.198	34.642	32.235	
20107	1547.5	29.198	34.642	32.235	
20108	1547.6	29.198	34.643	32.235	
20109	1547.7	29.198	34.643	32.235	
20110	1547.8	29.199	34.643	32.236	
20111	1547.9	29.199	34.643	32.236	
20112	1548.	29.199	34.643	32.236	
20113	1548.	29.199	34.643	32.236	
20114	1548.	29.199	34.643	32.236	
20115	1548.	29.199	34.643	32.236	
20116	1548.1	29.199	34.643	32.236	
20117	1548.2	29.199	34.644	32.236	
20118	1548.3	29.199	34.644	32.236	
20119	1548.4	29.199	34.644	32.236	
20120	1548.5	29.199	34.644	32.236	
20121	1548.6	29.199	34.644	32.237	
20122	1548.7	29.199	34.644	32.237	
20123	1548.8	29.199	34.644	32.237	
20124	1548.9	29.2	34.645	32.237	
20125	1549.	29.2	34.645	32.237	
20126	1549.	29.2	34.645	32.237	
20127	1549.	29.2	34.645	32.237	
20128	1549.	29.2	34.645	32.237	
20129	1549.1	29.2	34.645	32.237	
20130	1549.2	29.2	34.645	32.237	
20131	1549.3	29.2	34.645	32.237	
20132	1549.4	29.2	34.645	32.238	
20133	1549.5	29.2	34.646	32.238	
20134	1549.6	29.2	34.646	32.238	
20135	1549.7	29.2	34.646	32.238	
20136	1549.8	29.2	34.646	32.238	
20137	1549.9	29.2	34.646	32.238	
20138	1550.	29.2	34.646	32.238	
20139	1550.	29.2	34.646	32.238	
20140	1550.	29.2	34.646	32.238	
20141	1550.	29.2	34.646	32.238	
20142	1550.1	29.201	34.646	32.238	
20143	1550.2	29.201	34.647	32.239	
20144	1550.3	29.201	34.647	32.239	
20145	1550.4	29.201	34.647	32.239	
20146	1550.5	29.201	34.647	32.239	
20147	1550.6	29.201	34.647	32.239	
20148	1550.7	29.201	34.647	32.239	
20149	1550.8	29.201	34.648	32.239	
20150	1550.9	29.201	34.648	32.239	
20151	1551.	29.201	34.648	32.24	
20152	1551.	29.201	34.648	32.24	
20153	1551.	29.201	34.648	32.24	
20154	1551.	29.201	34.648	32.24	
20155	1551.1	29.201	34.648	32.24	
20156	1551.2	29.201	34.648	32.24	
20157	1551.3	29.202	34.648	32.24	
20158	1551.4	29.202	34.649	32.24	
20159	1551.5	29.202	34.649	32.24	
20160	1551.6	29.202	34.649	32.24	
20161	1551.7	29.202	34.649	32.24	
20162	1551.8	29.202	34.649	32.241	
20163	1551.9	29.202	34.649	32.241	
20164	1552.	29.202	34.649	32.241	
20165	1552.	29.202	34.649	32.241	
20166	1552.	29.202	34.649	32.241	
20167	1552.	29.202	34.649	32.241	
20168	1552.1	29.202	34.65	32.241	
20169	1552.2	29.202	34.65	32.241	
20170	1552.3	29.202	34.65	32.241	
20171	1552.4	29.203	34.65	32.241	
20172	1552.5	29.203	34.65	32.241	
20173	1552.6	29.203	34.65	32.242	
20174	1552.7	29.203	34.651	32.242	
20175	1552.8	29.203	34.651	32.242	
20176	1552.9	29.203	34.651	32.242	
20177	1553.	29.203	34.651	32.242	
20178	1553.	29.203	34.651	32.242	
20179	1553.	29.203	34.651	32.242	
20180	1553.	29.203	34.651	32.242	
20181	1553.1	29.203	34.651	32.242	
20182	1553.2	29.203	34.651	32.242	
20183	1553.3	29.203	34.651	32.242	
20184	1553.4	29.203	34.652	32.243	
20185	1553.5	29.203	34.652	32.243	
20186	1553.6	29.204	34.652	32.243	
20187	1553.7	29.204	34.652	32.243	
20188	1553.8	29.204	34.652	32.243	
20189	1553.9	29.204	34.652	32.243	
20190	1554.	29.204	34.653	32.243	
20191	1554.	29.204	34.653	32.243	
20192	1554.	29.204	34.653	32.243	
20193	1554.	29.204	34.653	32.243	
20194	1554.1	29.204	34.653	32.243	
20195	1554.2	29.204	34.653	32.244	
20196	1554.3	29.204	34.653	32.244	
20197	1554.4	29.204	34.653	32.244	
20198	1554.5	29.204	34.653	32.244	
20199	1554.6	29.204	34.654	32.244	
20200	1554.7	29.205	34.654	32.244	
20201	1554.8	29.205	34.654	32.244	
20202	1554.9	29.205	34.654	32.244	
20203	1555.	29.205	34.654	32.245	
20204	1555.	29.205	34.654	32.245	
20205	1555.	29.205	34.654	32.245	
20206	1555.	29.205	34.654	32.245	
20207	1555.1	29.205	34.654	32.245	
20208	1555.2	29.205	34.654	32.245	
20209	1555.3	29.205	34.655	32.245	
20210	1555.4	29.205	34.655	32.245	
20211	1555.5	29.205	34.655	32.245	
20212	1555.6	29.205	34.655	32.245	
20213	1555.7	29.205	34.655	32.245	
20214	1555.8	29.205	34.655	32.246	
20215	1555.9	29.206	34.656	32.246	
20216	1556.	29.206	34.656	32.246	
20217	1556.	29.206	34.656	32.246	
20218	1556.	29.206	34.656	32.246	
20219	1556.	29.206	34.656	32.246	
20220	1556.1	29.206	34.656	32.246	
20221	1556.2	29.206	34.656	32.246	
20222	1556.3	29.206	34.656	32.246	
20223	1556.4	29.206	34.656	32.246	
20224	1556.5	29.206	34.657	32.246	
20225	1556.6	29.206	34.657	32.247	
20226	1556.7	29.206	34.657	32.247	
20227	1556.8	29.206	34.657	32.247	
20228	1556.9	29.206	34.657	32.247	
20229	1557.	29.206	34.657	32.247	
20230	1557.	29.206	34.657	32.247	
20231	1557.	29.206	34.657	32.247	
20232	1557.	29.206	34.657	32.247	
20233	1557.1	29.207	34.657	32.247	
20234	1557.2	29.207	34.658	32.247	
20235	1557.3	29.207	34.658	32.247	
20236	1557.4	29.207	34.658	32.248	
20237	1557.5	29.207	34.658	32.248	
20238	1557.6	29.207	34.658	32.248	
20239	1557.7	29.207	34.658	32.248	
20240	1557.8	29.207	34.659	32.248	
20241	1557.9	29.207	34.659	32.248	
20242	1558.	29.207	34.659	32.248	
20243	1558.	29.207	34.659	32.248	
20244	1558.	29.207	34.659	32.248	
20245	1558.	29.207	34.659	32.248	
20246	1558.1	29.207	34.659	32.248	
20247	1558.2	29.208	34.659	32.249	
20248	1558.3	29.208	34.659	32.249	
20249	1558.4	29.208	34.659	32.249	
20250	1558.5	29.208	34.66	32.249	
20251	1558.6	29.208	34.66	32.249	
20252	1558.7	29.208	34.66	32.249	
20253	1558.8	29.208	34.66	32.249	
20254	1558.9	29.208	34.66	32.249	
20255	1559.	29.208	34.66	32.25	
20256	1559.	29.208	34.66	32.25	
20257	1559.	29.208	34.66	32.25	
20258	1559.	29.208	34.66	32.25	
20259	1559.1	29.208	34.661	32.25	
20260	1559.2	29.208	34.661	32.25	
20261	1559.3	29.208	34.661	32.25	
20262	1559.4	29.209	34.661	32.25	
20263	1559.5	29.209	34.661	32.25	
20264	1559.6	29.209	34.661	32.25	
20265	1559.7	29.209	34.662	32.25	
20266	1559.8	29.209	34.662	32.251	
20267	1559.9	29.209	34.662	32.251	
20268	1560.	29.209	34.662	32.251	
20269	1560.	29.209	34.662	32.251	
20270	1560.	29.209	34.662	32.251	
20271	1560.	29.209	34.662	32.251	
20272	1560.1	29.209	34.662	32.251	
20273	1560.2	29.209	34.662	32.251	
20274	1560.3	29.209	34.662	32.251	
20275	1560.4	29.209	34.663	32.251	
20276	1560.5	29.209	34.663	32.251	
20277	1560.6	29.21	34.663	32.252	
20278	1560.7	29.21	34.663	32.252	
20279	1560.8	29.21	34.663	32.252	
20280	1560.9	29.21	34.663	32.252	
20281	1561.	29.21	34.664	32.252	
20282	1561.	29.21	34.664	32.252	
20283	1561.	29.21	34.664	32.252	
20284	1561.	29.21	34.664	32.252	
20285	1561.1	29.21	34.664	32.252	
20286	1561.2	29.21	34.664	32.252	
20287	1561.3	29.21	34.664	32.252	
20288	1561.4	29.21	34.664	32.253	
20289	1561.5	29.21	34.664	32.253	
20290	1561.6	29.21	34.665	32.253	
20291	1561.7	29.211	34.665	32.253	
20292	1561.8	29.211	34.665	32.253	
20293	1561.9	29.211	34.665	32.253	
20294	1562.	29.211	34.665	32.253	
20295	1562.	29.211	34.665	32.253	
20296	1562.	29.211	34.665	32.253	
20297	1562.	29.211	34.665	32.253	
20298	1562.1	29.211	34.665	32.253	
20299	1562.2	29.211	34.665	32.254	
20300	1562.3	29.211	34.666	32.254	
20301	1562.4	29.211	34.666	32.254	
20302	1562.5	29.211	34.666	32.254	
20303	1562.6	29.211	34.666	32.254	
20304	1562.7	29.211	34.666	32.254	
20305	1562.8	29.211	34.666	32.254	
20306	1562.9	29.212	34.667	32.254	
20307	1563.	29.212	34.667	32.255	
20308	1563.	29.212	34.667	32.255	
20309	1563.	29.212	34.667	32.255	
20310	1563.	29.212	34.667	32.255	
20311	1563.1	29.212	34.667	32.255	
20312	1563.2	29.212	34.667	32.255	
20313	1563.3	29.212	34.667	32.255	
20314	1563.4	29.212	34.667	32.255	
20315	1563.5	29.212	34.667	32.255	
20316	1563.6	29.212	34.668	32.255	
20317	1563.7	29.212	34.668	32.255	
20318	1563.8	29.212	34.668	32.256	
20319	1563.9	29.212	34.668	32.256	
20320	1564.	29.212	34.668	32.256	
20321	1564.	29.212	34.668	32.256	
20322	1564.	29.212	34.668	32.256	
20323	1564.	29.213	34.668	32.256	
20324	1564.1	29.213	34.668	32.256	
20325	1564.2	29.213	34.669	32.256	
20326	1564.3	29.213	34.669	32.256	
20327	1564.4	29.213	34.669	32.256	
20328	1564.5	29.213	34.669	32.256	
20329	1564.6	29.213	34.669	32.257	
20330	1564.7	29.213	34.669	32.257	
20331	1564.8	29.213	34.67	32.257	
20332	1564.9	29.213	34.67	32.257	
20333	1565.	29.213	34.67	32.257	
20334	1565.	29.213	34.67	32.257	
20335	1565.	29.213	34.67	32.257	
20336	1565.	29.213	34.67	32.257	
20337	1565.1	29.213	34.67	32.257	
20338	1565.2	29.214	34.67	32.257	
20339	1565.3	29.214	34.67	32.257	
20340	1565.4	29.214	34.67	32.258	
20341	1565.5	29.214	34.671	32.258	
20342	1565.6	29.214	34.671	32.258	
20343	1565.7	29.214	34.671	32.258	
20344	1565.8	29.214	34.671	32.258	
20345	1565.9	29.214	34.671	32.258	
20346	1566.	29.214	34.671	32.258	
20347	1566.	29.214	34.671	32.258	
20348	1566.	29.214	34.671	32.258	
20349	1566.	29.214	34.671	32.258	
20350	1566.1	29.214	34.672	32.258	
20351	1566.2	29.214	34.672	32.259	
20352	1566.3	29.214	34.672	32.259	
20353	1566.4	29.215	34.672	32.259	
20354	1566.5	29.215	34.672	32.259	
20355	1566.6	29.215	34.672	32.259	
20356	1566.7	29.215	34.672	32.259	
20357	1566.8	29.215	34.673	32.259	
20358	1566.9	29.215	34.673	32.259	
20359	1567.	29.215	34.673	32.26	
20360	1567.	29.215	34.673	32.26	
20361	1567.	29.215	34.673	32.26	
20362	1567.	29.215	34.673	32.26	
20363	1567.1	29.215	34.673	32.26	
20364	1567.2	29.215	34.673	32.26	
20365	1567.3	29.215	34.673	32.26	
20366	1567.4	29.215	34.674	32.26	
20367	1567.5	29.216	34.674	32.26	
20368	1567.6	29.216	34.674	32.26	
20369	1567.7	29.216	34.674	32.26	
20370	1567.8	29.216	34.674	32.261	
20371	1567.9	29.216	34.674	32.261	
20372	1568.	29.216	34.674	32.261	
20373	1568.	29.216	34.674	32.261	
20374	1568.	29.216	34.675	32.261	
20375	1568.	29.216	34.675	32.261	
20376	1568.1	29.216	34.675	32.261	
20377	1568.2	29.216	34.675	32.261	
20378	1568.3	29.216	34.675	32.261	
20379	1568.4	29.216	34.675	32.261	
20380	1568.5	29.216	34.675	32.261	
20381	1568.6	29.216	34.675	32.262	
20382	1568.7	29.217	34.676	32.262	
20383	1568.8	29.217	34.676	32.262	
20384	1568.9	29.217	34.676	32.262	
20385	1569.	29.217	34.676	32.262	
20386	1569.	29.217	34.676	32.262	
20387	1569.	29.217	34.676	32.262	
20388	1569.	29.217	34.676	32.262	
20389	1569.1	29.217	34.676	32.262	
20390	1569.2	29.217	34.676	32.262	
20391	1569.3	29.217	34.677	32.262	
20392	1569.4	29.217	34.677	32.263	
20393	1569.5	29.217	34.677	32.263	
20394	1569.6	29.217	34.677	32.263	
20395	1569.7	29.217	34.677	32.263	
20396	1569.8	29.217	34.677	32.263	
20397	1569.9	29.218	34.678	32.263	
20398	1570.	29.218	34.678	32.263	
20399	1570.	29.218	34.678	32.263	
20400	1570.	29.218	34.678	32.263	
20401	1570.	29.218	34.678	32.263	
20402	1570.1	29.218	34.678	32.263	
20403	1570.2	29.218	34.678	32.264	
20404	1570.3	29.218	34.678	32.264	
20405	1570.4	29.218	34.678	32.264	
20406	1570.5	29.218	34.678	32.264	
20407	1570.6	29.218	34.679	32.264	
20408	1570.7	29.218	34.679	32.264	
20409	1570.8	29.218	34.679	32.264	
20410	1570.9	29.218	34.679	32.264	
20411	1571.	29.218	34.679	32.265	
20412	1571.	29.218	34.679	32.265	
20413	1571.	29.218	34.679	32.265	
20414	1571.	29.219	34.679	32.265	
20415	1571.1	29.219	34.679	32.265	
20416	1571.2	29.219	34.68	32.265	
20417	1571.3	29.219	34.68	32.265	
20418	1571.4	29.219	34.68	32.265	
20419	1571.5	29.219	34.68	32.265	
20420	1571.6	29.219	34.68	32.265	
20421	1571.7	29.219	34.68	32.265	
20422	1571.8	29.219	34.68	32.266	
20423	1571.9	29.219	34.681	32.266	
20424	1572.	29.219	34.681	32.266	
20425	1572.	29.219	34.681	32.266	
20426	1572.	29.219	34.681	32.266	
20427	1572.	29.219	34.681	32.266	
20428	1572.1	29.219	34.681	32.266	
20429	1572.2	29.22	34.681	32.266	
20430	1572.3	29.22	34.681	32.266	
20431	1572.4	29.22	34.681	32.266	
20432	1572.5	29.22	34.682	32.266	
20433	1572.6	29.22	34.682	32.267	
20434	1572.7	29.22	34.682	32.267	
20435	1572.8	29.22	34.682	32.267	
20436	1572.9	29.22	34.682	32.267	
20437	1573.	29.22	34.682	32.267	
20438	1573.	29.22	34.682	32.267	
20439	1573.	29.22	34.682	32.267	
20440	1573.	29.22	34.682	32.267	
20441	1573.1	29.22	34.683	32.267	
20442	1573.2	29.22	34.683	32.267	
20443	1573.3	29.22	34.683	32.267	
20444	1573.4	29.221	34.683	32.268	
20445	1573.5	29.221	34.683	32.268	
20446	1573.6	29.221	34.683	32.268	
20447	1573.7	29.221	34.683	32.268	
20448	1573.8	29.221	34.684	32.268	
20449	1573.9	29.221	34.684	32.268	
20450	1574.	29.221	34.684	32.268	
20451	1574.	29.221	34.684	32.268	
20452	1574.	29.221	34.684	32.268	
20453	1574.	29.221	34.684	32.268	
20454	1574.1	29.221	34.684	32.268	
20455	1574.2	29.221	34.684	32.269	
20456	1574.3	29.221	34.684	32.269	
20457	1574.4	29.221	34.685	32.269	
20458	1574.5	29.222	34.685	32.269	
20459	1574.6	29.222	34.685	32.269	
20460	1574.7	29.222	34.685	32.269	
20461	1574.8	29.222	34.685	32.269	
20462	1574.9	29.222	34.685	32.269	
20463	1575.	29.222	34.685	32.27	
20464	1575.	29.222	34.685	32.27	
20465	1575.	29.222	34.685	32.27	
20466	1575.	29.222	34.686	32.27	
20467	1575.1	29.222	34.686	32.27	
20468	1575.2	29.222	34.686	32.27	
20469	1575.3	29.222	34.686	32.27	
20470	1575.4	29.222	34.686	32.27	
20471	1575.5	29.222	34.686	32.27	
20472	1575.6	29.222	34.686	32.27	
20473	1575.7	29.223	34.687	32.27	
20474	1575.8	29.223	34.687	32.271	
20475	1575.9	29.223	34.687	32.271	
20476	1576.	29.223	34.687	32.271	
20477	1576.	29.223	34.687	32.271	
20478	1576.	29.223	34.687	32.271	
20479	1576.	29.223	34.687	32.271	
20480	1576.1	29.223	34.687	32.271	
20481	1576.2	29.223	34.687	32.271	
20482	1576.3	29.223	34.688	32.271	
20483	1576.4	29.223	34.688	32.271	
20484	1576.5	29.223	34.688	32.271	
20485	1576.6	29.223	34.688	32.272	
20486	1576.7	29.223	34.688	32.272	
20487	1576.8	29.223	34.688	32.272	
20488	1576.9	29.224	34.688	32.272	
20489	1577.	29.224	34.689	32.272	
20490	1577.	29.224	34.689	32.272	
20491	1577.	29.224	34.689	32.272	
20492	1577.	29.224	34.689	32.272	
20493	1577.1	29.224	34.689	32.272	
20494	1577.2	29.224	34.689	32.272	
20495	1577.3	29.224	34.689	32.272	
20496	1577.4	29.224	34.689	32.273	
20497	1577.5	29.224	34.689	32.273	
20498	1577.6	29.224	34.69	32.273	
20499	1577.7	29.224	34.69	32.273	
20500	1577.8	29.224	34.69	32.273	
20501	1577.9	29.224	34.69	32.273	
20502	1578.	29.224	34.69	32.273	
20503	1578.	29.225	34.69	32.273	
20504	1578.	29.225	34.69	32.273	
20505	1578.	29.225	34.69	32.273	
20506	1578.1	29.225	34.69	32.273	
20507	1578.2	29.225	34.691	32.274	
20508	1578.3	29.225	34.691	32.274	
20509	1578.4	29.225	34.691	32.274	
20510	1578.5	29.225	34.691	32.274	
20511	1578.6	29.225	34.691	32.274	
20512	1578.7	29.225	34.691	32.274	
20513	1578.8	29.225	34.691	32.274	
20514	1578.9	29.225	34.692	32.274	
20515	1579.	29.225	34.692	32.275	
20516	1579.	29.225	34.692	32.275	
20517	1579.	29.225	34.692	32.275	
20518	1579.	29.225	34.692	32.275	
20519	1579.1	29.225	34.692	32.275	
20520	1579.2	29.226	34.692	32.275	
20521	1579.3	29.226	34.692	32.275	
20522	1579.4	29.226	34.692	32.275	
20523	1579.5	29.226	34.693	32.275	
20524	1579.6	29.226	34.693	32.275	
20525	1579.7	29.226	34.693	32.275	
20526	1579.8	29.226	34.693	32.276	
20527	1579.9	29.226	34.693	32.276	
20528	1580.	29.226	34.693	32.276	
20529	1580.	29.226	34.693	32.276	
20530	1580.	29.226	34.693	32.276	
20531	1580.	29.226	34.693	32.276	
20532	1580.1	29.226	34.694	32.276	
20533	1580.2	29.226	34.694	32.276	
20534	1580.3	29.227	34.694	32.276	
20535	1580.4	29.227	34.694	32.276	
20536	1580.5	29.227	34.694	32.276	
20537	1580.6	29.227	34.694	32.277	
20538	1580.7	29.227	34.694	32.277	
20539	1580.8	29.227	34.695	32.277	
20540	1580.9	29.227	34.695	32.277	
20541	1581.	29.227	34.695	32.277	
20542	1581.	29.227	34.695	32.277	
20543	1581.	29.227	34.695	32.277	
20544	1581.	29.227	34.695	32.277	
20545	1581.1	29.227	34.695	32.277	
20546	1581.2	29.227	34.695	32.277	
20547	1581.3	29.227	34.695	32.277	
20548	1581.4	29.227	34.696	32.278	
20549	1581.5	29.228	34.696	32.278	
20550	1581.6	29.228	34.696	32.278	
20551	1581.7	29.228	34.696	32.278	
20552	1581.8	29.228	34.696	32.278	
20553	1581.9	29.228	34.696	32.278	
20554	1582.	29.228	34.696	32.278	
20555	1582.	29.228	34.696	32.278	
20556	1582.	29.228	34.696	32.278	
20557	1582.	29.228	34.697	32.278	
20558	1582.1	29.228	34.697	32.278	
20559	1582.2	29.228	34.697	32.279	
20560	1582.3	29.228	34.697	32.279	
20561	1582.4	29.228	34.697	32.279	
20562	1582.5	29.228	34.697	32.279	
20563	1582.6	29.228	34.697	32.279	
20564	1582.7	29.229	34.698	32.279	
20565	1582.8	29.229	34.698	32.279	
20566	1582.9	29.229	34.698	32.279	
20567	1583.	29.229	34.698	32.28	
20568	1583.	29.229	34.698	32.28	
20569	1583.	29.229	34.698	32.28	
20570	1583.	29.229	34.698	32.28	
20571	1583.1	29.229	34.698	32.28	
20572	1583.2	29.229	34.698	32.28	
20573	1583.3	29.229	34.699	32.28	
20574	1583.4	29.229	34.699	32.28	
20575	1583.5	29.229	34.699	32.28	
20576	1583.6	29.229	34.699	32.28	
20577	1583.7	29.229	34.699	32.28	
20578	1583.8	29.23	34.699	32.281	
20579	1583.9	29.23	34.699	32.281	
20580	1584.	29.23	34.7	32.281	
20581	1584.	29.23	34.7	32.281	
20582	1584.	29.23	34.7	32.281	
20583	1584.	29.23	34.7	32.281	
20584	1584.1	29.23	34.7	32.281	
20585	1584.2	29.23	34.7	32.281	
20586	1584.3	29.23	34.7	32.281	
20587	1584.4	29.23	34.7	32.281	
20588	1584.5	29.23	34.7	32.281	
20589	1584.6	29.23	34.701	32.282	
20590	1584.7	29.23	34.701	32.282	
20591	1584.8	29.23	34.701	32.282	
20592	1584.9	29.23	34.701	32.282	
20593	1585.	29.231	34.701	32.282	
20594	1585.	29.231	34.701	32.282	
20595	1585.	29.231	34.701	32.282	
20596	1585.	29.231	34.701	32.282	
20597	1585.1	29.231	34.701	32.282	
20598	1585.2	29.231	34.702	32.282	
20599	1585.3	29.231	34.702	32.282	
20600	1585.4	29.231	34.702	32.283	
20601	1585.5	29.231	34.702	32.283	
20602	1585.6	29.231	34.702	32.283	
20603	1585.7	29.231	34.702	32.283	
20604	1585.8	29.231	34.702	32.283	
20605	1585.9	29.231	34.703	32.283	
20606	1586.	29.231	34.703	32.283	
20607	1586.	29.231	34.703	32.283	
20608	1586.	29.231	34.703	32.283	
20609	1586.	29.231	34.703	32.283	
20610	1586.1	29.231	34.703	32.283	
20611	1586.2	29.232	34.703	32.284	
20612	1586.3	29.232	34.703	32.284	
20613	1586.4	29.232	34.703	32.284	
20614	1586.5	29.232	34.704	32.284	
20615	1586.6	29.232	34.704	32.284	
20616	1586.7	29.232	34.704	32.284	
20617	1586.8	29.232	34.704	32.284	
20618	1586.9	29.232	34.704	32.284	
20619	1587.	29.232	34.704	32.285	
20620	1587.	29.232	34.704	32.285	
20621	1587.	29.232	34.704	32.285	
20622	1587.	29.232	34.704	32.285	
20623	1587.1	29.232	34.704	32.285	
20624	1587.2	29.232	34.705	32.285	
20625	1587.3	29.233	34.705	32.285	
20626	1587.4	29.233	34.705	32.285	
20627	1587.5	29.233	34.705	32.285	
20628	1587.6	29.233	34.705	32.285	
20629	1587.7	29.233	34.705	32.285	
20630	1587.8	29.233	34.706	32.286	
20631	1587.9	29.233	34.706	32.286	
20632	1588.	29.233	34.706	32.286	
20633	1588.	29.233	34.706	32.286	
20634	1588.	29.233	34.706	32.286	
20635	1588.	29.233	34.706	32.286	
20636	1588.1	29.233	34.706	32.286	
20637	1588.2	29.233	34.706	32.286	
20638	1588.3	29.233	34.706	32.286	
20639	1588.4	29.233	34.707	32.286	
20640	1588.5	29.234	34.707	32.286	
20641	1588.6	29.234	34.707	32.287	
20642	1588.7	29.234	34.707	32.287	
20643	1588.8	29.234	34.707	32.287	
20644	1588.9	29.234	34.707	32.287	
20645	1589.	29.234	34.707	32.287	
20646	1589.	29.234	34.707	32.287	
20647	1589.	29.234	34.707	32.287	
20648	1589.	29.234	34.707	32.287	
20649	1589.1	29.234	34.708	32.287	
20650	1589.2	29.234	34.708	32.287	
20651	1589.3	29.234	34.708	32.287	
20652	1589.4	29.234	34.708	32.288	
20653	1589.5	29.234	34.708	32.288	
20654	1589.6	29.234	34.708	32.288	
20655	1589.7	29.235	34.709	32.288	
20656	1589.8	29.235	34.709	32.288	
20657	1589.9	29.235	34.709	32.288	
20658	1590.	29.235	34.709	32.288	
20659	1590.	29.235	34.709	32.288	
20660	1590.	29.235	34.709	32.288	
20661	1590.	29.235	34.709	32.288	
20662	1590.1	29.235	34.709	32.288	
20663	1590.2	29.235	34.709	32.289	
20664	1590.3	29.235	34.71	32.289	
20665	1590.4	29.235	34.71	32.289	
20666	1590.5	29.235	34.71	32.289	
20667	1590.6	29.235	34.71	32.289	
20668	1590.7	29.235	34.71	32.289	
20669	1590.8	29.236	34.71	32.289	
20670	1590.9	29.236	34.71	32.289	
20671	1591.	29.236	34.711	32.29	
20672	1591.	29.236	34.711	32.29	
20673	1591.	29.236	34.711	32.29	
20674	1591.	29.236	34.711	32.29	
20675	1591.1	29.236	34.711	32.29	
20676	1591.2	29.236	34.711	32.29	
20677	1591.3	29.236	34.711	32.29	
20678	1591.4	29.236	34.711	32.29	
20679	1591.5	29.236	34.711	32.29	
20680	1591.6	29.236	34.712	32.29	
20681	1591.7	29.236	34.712	32.29	
20682	1591.8	29.236	34.712	32.291	
20683	1591.9	29.236	34.712	32.291	
20684	1592.	29.237	34.712	32.291	
20685	1592.	29.237	34.712	32.291	
20686	1592.	29.237	34.712	32.291	
20687	1592.	29.237	34.712	32.291	
20688	1592.1	29.237	34.712	32.291	
20689	1592.2	29.237	34.712	32.291	
20690	1592.3	29.237	34.713	32.291	
20691	1592.4	29.237	34.713	32.291	
20692	1592.5	29.237	34.713	32.291	
20693	1592.6	29.237	34.713	32.292	
20694	1592.7	29.237	34.713	32.292	
20695	1592.8	29.237	34.713	32.292	
20696	1592.9	29.237	34.714	32.292	
20697	1593.	29.237	34.714	32.292	
20698	1593.	29.237	34.714	32.292	
20699	1593.	29.237	34.714	32.292	
20700	1593.	29.237	34.714	32.292	
20701	1593.1	29.237	34.714	32.292	
20702	1593.2	29.238	34.714	32.292	
20703	1593.3	29.238	34.714	32.292	
20704	1593.4	29.238	34.714	32.293	
20705	1593.5	29.238	34.715	32.293	
20706	1593.6	29.238	34.715	32.293	
20707	1593.7	29.238	34.715	32.293	
20708	1593.8	29.238	34.715	32.293	
20709	1593.9	29.238	34.715	32.293	
20710	1594.	29.238	34.715	32.293	
20711	1594.	29.238	34.715	32.293	
20712	1594.	29.238	34.715	32.293	
20713	1594.	29.238	34.715	32.293	
20714	1594.1	29.238	34.715	32.293	
20715	1594.2	29.238	34.716	32.294	
20716	1594.3	29.239	34.716	32.294	
20717	1594.4	29.239	34.716	32.294	
20718	1594.5	29.239	34.716	32.294	
20719	1594.6	29.239	34.716	32.294	
20720	1594.7	29.239	34.716	32.294	
20721	1594.8	29.239	34.717	32.294	
20722	1594.9	29.239	34.717	32.294	
20723	1595.	29.239	34.717	32.295	
20724	1595.	29.239	34.717	32.295	
20725	1595.	29.239	34.717	32.295	
20726	1595.	29.239	34.717	32.295	
20727	1595.1	29.239	34.717	32.295	
20728	1595.2	29.239	34.717	32.295	
20729	1595.3	29.239	34.717	32.295	
20730	1595.4	29.239	34.718	32.295	
20731	1595.5	29.24	34.718	32.295	
20732	1595.6	29.24	34.718	32.295	
20733	1595.7	29.24	34.718	32.295	
20734	1595.8	29.24	34.718	32.296	
20735	1595.9	29.24	34.718	32.296	
20736	1596.	29.24	34.718	32.296	
20737	1596.	29.24	34.718	32.296	
20738	1596.	29.24	34.718	32.296	
20739	1596.	29.24	34.718	32.296	
20740	1596.1	29.24	34.719	32.296	
20741	1596.2	29.24	34.719	32.296	
20742	1596.3	29.24	34.719	32.296	
20743	1596.4	29.24	34.719	32.296	
20744	1596.5	29.24	34.719	32.296	
20745	1596.6	29.241	34.719	32.297	
20746	1596.7	29.241	34.72	32.297	
20747	1596.8	29.241	34.72	32.297	
20748	1596.9	29.241	34.72	32.297	
20749	1597.	29.241	34.72	32.297	
20750	1597.	29.241	34.72	32.297	
20751	1597.	29.241	34.72	32.297	
20752	1597.	29.241	34.72	32.297	
20753	1597.1	29.241	34.72	32.297	
20754	1597.2	29.241	34.72	32.297	
20755	1597.3	29.241	34.72	32.297	
20756	1597.4	29.241	34.721	32.298	
20757	1597.5	29.241	34.721	32.298	
20758	1597.6	29.241	34.721	32.298	
20759	1597.7	29.241	34.721	32.298	
20760	1597.8	29.242	34.721	32.298	
20761	1597.9	29.242	34.721	32.298	
20762	1598.	29.242	34.722	32.298	
20763	1598.	29.242	34.722	32.298	
20764	1598.	29.242	34.722	32.298	
20765	1598.	29.242	34.722	32.298	
20766	1598.1	29.242	34.722	32.298	
20767	1598.2	29.242	34.722	32.299	
20768	1598.3	29.242	34.722	32.299	
20769	1598.4	29.242	34.722	32.299	
20770	1598.5	29.242	34.722	32.299	
20771	1598.6	29.242	34.723	32.299	
20772	1598.7	29.242	34.723	32.299	
20773	1598.8	29.242	34.723	32.299	
20774	1598.9	29.242	34.723	32.299	
20775	1599.	29.243	34.723	32.3	
20776	1599.	29.243	34.723	32.3	
20777	1599.	29.243	34.723	32.3	
20778	1599.	29.243	34.723	32.3	
20779	1599.1	29.243	34.723	32.3	
20780	1599.2	29.243	34.723	32.3	
20781	1599.3	29.243	34.724	32.3	
20782	1599.4	29.243	34.724	32.3	
20783	1599.5	29.243	34.724	32.3	
20784	1599.6	29.243	34.724	32.3	
20785	1599.7	29.243	34.724	32.3	
20786	1599.8	29.243	34.724	32.301	
20787	1599.9	29.243	34.725	32.301	
20788	1600.	29.243	34.725	32.301	
20789	1600.	29.243	34.725	32.301	
20790	1600.	29.243	34.725	32.301	
20791	1600.	29.243	34.725	32.301	
20792	1600.1	29.244	34.725	32.301	
20793	1600.2	29.244	34.725	32.301	
20794	1600.3	29.244	34.725	32.301	
20795	1600.4	29.244	34.725	32.301	
20796	1600.5	29.244	34.726	32.301	
20797	1600.6	29.244	34.726	32.302	
20798	1600.7	29.244	34.726	32.302	
20799	1600.8	29.244	34.726	32.302	
20800	1600.9	29.244	34.726	32.302	
20801	1601.	29.244	34.726	32.302	
20802	1601.	29.244	34.726	32.302	
20803	1601.	29.244	34.726	32.302	
20804	1601.	29.244	34.726	32.302	
20805	1601.1	29.244	34.726	32.302	
20806	1601.2	29.244	34.727	32.302	
20807	1601.3	29.245	34.727	32.302	
20808	1601.4	29.245	34.727	32.303	
20809	1601.5	29.245	34.727	32.303	
20810	1601.6	29.245	34.727	32.303	
20811	1601.7	29.245	34.727	32.303	
20812	1601.8	29.245	34.728	32.303	
20813	1601.9	29.245	34.728	32.303	
20814	1602.	29.245	34.728	32.303	
20815	1602.	29.245	34.728	32.303	
20816	1602.	29.245	34.728	32.303	
20817	1602.	29.245	34.728	32.303	
20818	1602.1	29.245	34.728	32.303	
20819	1602.2	29.245	34.728	32.304	
20820	1602.3	29.245	34.728	32.304	
20821	1602.4	29.245	34.728	32.304	
20822	1602.5	29.246	34.729	32.304	
20823	1602.6	29.246	34.729	32.304	
20824	1602.7	29.246	34.729	32.304	
20825	1602.8	29.246	34.729	32.304	
20826	1602.9	29.246	34.729	32.304	
20827	1603.	29.246	34.729	32.305	
20828	1603.	29.246	34.729	32.305	
20829	1603.	29.246	34.729	32.305	
20830	1603.	29.246	34.729	32.305	
20831	1603.1	29.246	34.73	32.305	
20832	1603.2	29.246	34.73	32.305	
20833	1603.3	29.246	34.73	32.305	
20834	1603.4	29.246	34.73	32.305	
20835	1603.5	29.246	34.73	32.305	
20836	1603.6	29.247	34.73	32.305	
20837	1603.7	29.247	34.731	32.305	
20838	1603.8	29.247	34.731	32.306	
20839	1603.9	29.247	34.731	32.306	
20840	1604.	29.247	34.731	32.306	
20841	1604.	29.247	34.731	32.306	
20842	1604.	29.247	34.731	32.306	
20843	1604.	29.247	34.731	32.306	
20844	1604.1	29.247	34.731	32.306	
20845	1604.2	29.247	34.731	32.306	
20846	1604.3	29.247	34.731	32.306	
20847	1604.4	29.247	34.732	32.306	
20848	1604.5	29.247	34.732	32.306	
20849	1604.6	29.247	34.732	32.307	
20850	1604.7	29.247	34.732	32.307	
20851	1604.8	29.248	34.732	32.307	
20852	1604.9	29.248	34.732	32.307	
20853	1605.	29.248	34.732	32.307	
20854	1605.	29.248	34.733	32.307	
20855	1605.	29.248	34.733	32.307	
20856	1605.	29.248	34.733	32.307	
20857	1605.1	29.248	34.733	32.307	
20858	1605.2	29.248	34.733	32.307	
20859	1605.3	29.248	34.733	32.307	
20860	1605.4	29.248	34.733	32.308	
20861	1605.5	29.248	34.733	32.308	
20862	1605.6	29.248	34.734	32.308	
20863	1605.7	29.248	34.734	32.308	
20864	1605.8	29.248	34.734	32.308	
20865	1605.9	29.248	34.734	32.308	
20866	1606.	29.249	34.734	32.308	
20867	1606.	29.249	34.734	32.308	
20868	1606.	29.249	34.734	32.308	
20869	1606.	29.249	34.734	32.308	
20870	1606.1	29.249	34.734	32.308	
20871	1606.2	29.249	34.734	32.309	
20872	1606.3	29.249	34.735	32.309	
20873	1606.4	29.249	34.735	32.309	
20874	1606.5	29.249	34.735	32.309	
20875	1606.6	29.249	34.735	32.309	
20876	1606.7	29.249	34.735	32.309	
20877	1606.8	29.249	34.735	32.309	
20878	1606.9	29.249	34.736	32.309	
20879	1607.	29.249	34.736	32.31	
20880	1607.	29.249	34.736	32.31	
20881	1607.	29.249	34.736	32.31	
20882	1607.	29.249	34.736	32.31	
20883	1607.1	29.25	34.736	32.31	
20884	1607.2	29.25	34.736	32.31	
20885	1607.3	29.25	34.736	32.31	
20886	1607.4	29.25	34.736	32.31	
20887	1607.5	29.25	34.736	32.31	
20888	1607.6	29.25	34.737	32.31	
20889	1607.7	29.25	34.737	32.31	
20890	1607.8	29.25	34.737	32.311	
20891	1607.9	29.25	34.737	32.311	
20892	1608.	29.25	34.737	32.311	
20893	1608.	29.25	34.737	32.311	
20894	1608.	29.25	34.737	32.311	
20895	1608.	29.25	34.737	32.311	
20896	1608.1	29.25	34.737	32.311	
20897	1608.2	29.25	34.738	32.311	
20898	1608.3	29.251	34.738	32.311	
20899	1608.4	29.251	34.738	32.311	
20900	1608.5	29.251	34.738	32.311	
20901	1608.6	29.251	34.738	32.312	
20902	1608.7	29.251	34.738	32.312	
20903	1608.8	29.251	34.739	32.312	
20904	1608.9	29.251	34.739	32.312	
20905	1609.	29.251	34.739	32.312	
20906	1609.	29.251	34.739	32.312	
20907	1609.	29.251	34.739	32.312	
20908	1609.	29.251	34.739	32.312	
20909	1609.1	29.251	34.739	32.312	
20910	1609.2	29.251	34.739	32.312	
20911	1609.3	29.251	34.739	32.312	
20912	1609.4	29.251	34.739	32.313	
20913	1609.5	29.252	34.74	32.313	
20914	1609.6	29.252	34.74	32.313	
20915	1609.7	29.252	34.74	32.313	
20916	1609.8	29.252	34.74	32.313	
20917	1609.9	29.252	34.74	32.313	
20918	1610.	29.252	34.74	32.313	
20919	1610.	29.252	34.74	32.313	
20920	1610.	29.252	34.74	32.313	
20921	1610.	29.252	34.74	32.313	
20922	1610.1	29.252	34.741	32.313	
20923	1610.2	29.252	34.741	32.314	
20924	1610.3	29.252	34.741	32.314	
20925	1610.4	29.252	34.741	32.314	
20926	1610.5	29.252	34.741	32.314	
20927	1610.6	29.253	34.741	32.314	
20928	1610.7	29.253	34.742	32.314	
20929	1610.8	29.253	34.742	32.314	
20930	1610.9	29.253	34.742	32.314	
20931	1611.	29.253	34.742	32.315	
20932	1611.	29.253	34.742	32.315	
20933	1611.	29.253	34.742	32.315	
20934	1611.	29.253	34.742	32.315	
20935	1611.1	29.253	34.742	32.315	
20936	1611.2	29.253	34.742	32.315	
20937	1611.3	29.253	34.742	32.315	
20938	1611.4	29.253	34.743	32.315	
20939	1611.5	29.253	34.743	32.315	
20940	1611.6	29.253	34.743	32.315	
20941	1611.7	29.253	34.743	32.315	
20942	1611.8	29.254	34.743	32.316	
20943	1611.9	29.254	34.743	32.316	
20944	1612.	29.254	34.743	32.316	
20945	1612.	29.254	34.743	32.316	
20946	1612.	29.254	34.744	32.316	
20947	1612.	29.254	34.744	32.316	
20948	1612.1	29.254	34.744	32.316	
20949	1612.2	29.254	34.744	32.316	
20950	1612.3	29.254	34.744	32.316	
20951	1612.4	29.254	34.744	32.316	
20952	1612.5	29.254	34.744	32.316	
20953	1612.6	29.254	34.744	32.317	
20954	1612.7	29.254	34.745	32.317	
20955	1612.8	29.254	34.745	32.317	
20956	1612.9	29.254	34.745	32.317	
20957	1613.	29.255	34.745	32.317	
20958	1613.	29.255	34.745	32.317	
20959	1613.	29.255	34.745	32.317	
20960	1613.	29.255	34.745	32.317	
20961	1613.1	29.255	34.745	32.317	
20962	1613.2	29.255	34.745	32.317	
20963	1613.3	29.255	34.746	32.317	
20964	1613.4	29.255	34.746	32.318	
20965	1613.5	29.255	34.746	32.318	
20966	1613.6	29.255	34.746	32.318	
20967	1613.7	29.255	34.746	32.318	
20968	1613.8	29.255	34.746	32.318	
20969	1613.9	29.255	34.747	32.318	
20970	1614.	29.255	34.747	32.318	
20971	1614.	29.255	34.747	32.318	
20972	1614.	29.255	34.747	32.318	
20973	1614.	29.255	34.747	32.318	
20974	1614.1	29.256	34.747	32.318	
20975	1614.2	29.256	34.747	32.319	
20976	1614.3	29.256	34.747	32.319	
20977	1614.4	29.256	34.747	32.319	
20978	1614.5	29.256	34.747	32.319	
20979	1614.6	29.256	34.748	32.319	
20980	1614.7	29.256	34.748	32.319	
20981	1614.8	29.256	34.748	32.319	
20982	1614.9	29.256	34.748	32.319	
20983	1615.	29.256	34.748	32.32	
20984	1615.	29.256	34.748	32.32	
20985	1615.	29.256	34.748	32.32	
20986	1615.	29.256	34.748	32.32	
20987	1615.1	29.256	34.748	32.32	
20988	1615.2	29.256	34.749	32.32	
20989	1615.3	29.257	34.749	32.32	
20990	1615.4	29.257	34.749	32.32	
20991	1615.5	29.257	34.749	32.32	
20992	1615.6	29.257	34.749	32.32	
20993	1615.7	29.257	34.749	32.32	
20994	1615.8	29.257	34.75	32.321	
20995	1615.9	29.257	34.75	32.321	
20996	1616.	29.257	34.75	32.321	
20997	1616.	29.257	34.75	32.321	
20998	1616.	29.257	34.75	32.321	
20999	1616.	29.257	34.75	32.321	
21000	1616.1	29.257	34.75	32.321	
21001	1616.2	29.257	34.75	32.321	
21002	1616.3	29.257	34.75	32.321	
21003	1616.4	29.257	34.75	32.321	
21004	1616.5	29.258	34.751	32.321	
21005	1616.6	29.258	34.751	32.322	
21006	1616.7	29.258	34.751	32.322	
21007	1616.8	29.258	34.751	32.322	
21008	1616.9	29.258	34.751	32.322	
21009	1617.	29.258	34.751	32.322	
21010	1617.	29.258	34.751	32.322	
21011	1617.	29.258	34.751	32.322	
21012	1617.	29.258	34.751	32.322	
21013	1617.1	29.258	34.752	32.322	
21014	1617.2	29.258	34.752	32.322	
21015	1617.3	29.258	34.752	32.322	
21016	1617.4	29.258	34.752	32.323	
21017	1617.5	29.258	34.752	32.323	
21018	1617.6	29.259	34.752	32.323	
21019	1617.7	29.259	34.752	32.323	
21020	1617.8	29.259	34.753	32.323	
21021	1617.9	29.259	34.753	32.323	
21022	1618.	29.259	34.753	32.323	
21023	1618.	29.259	34.753	32.323	
21024	1618.	29.259	34.753	32.323	
21025	1618.	29.259	34.753	32.323	
21026	1618.1	29.259	34.753	32.323	
21027	1618.2	29.259	34.753	32.324	
21028	1618.3	29.259	34.753	32.324	
21029	1618.4	29.259	34.754	32.324	
21030	1618.5	29.259	34.754	32.324	
21031	1618.6	29.259	34.754	32.324	
21032	1618.7	29.259	34.754	32.324	
21033	1618.8	29.26	34.754	32.324	
21034	1618.9	29.26	34.754	32.324	
21035	1619.	29.26	34.754	32.325	
21036	1619.	29.26	34.754	32.325	
21037	1619.	29.26	34.754	32.325	
21038	1619.	29.26	34.755	32.325	
21039	1619.1	29.26	34.755	32.325	
21040	1619.2	29.26	34.755	32.325	
21041	1619.3	29.26	34.755	32.325	
21042	1619.4	29.26	34.755	32.325	
21043	1619.5	29.26	34.755	32.325	
21044	1619.6	29.26	34.755	32.325	
21045	1619.7	29.26	34.756	32.325	
21046	1619.8	29.26	34.756	32.326	
21047	1619.9	29.26	34.756	32.326	
21048	1620.	29.261	34.756	32.326	
21049	1620.	29.261	34.756	32.326	
21050	1620.	29.261	34.756	32.326	
21051	1620.	29.261	34.756	32.326	
21052	1620.1	29.261	34.756	32.326	
21053	1620.2	29.261	34.756	32.326	
21054	1620.3	29.261	34.757	32.326	
21055	1620.4	29.261	34.757	32.326	
21056	1620.5	29.261	34.757	32.326	
21057	1620.6	29.261	34.757	32.327	
21058	1620.7	29.261	34.757	32.327	
21059	1620.8	29.261	34.757	32.327	
21060	1620.9	29.261	34.758	32.327	
21061	1621.	29.261	34.758	32.327	
21062	1621.	29.261	34.758	32.327	
21063	1621.	29.261	34.758	32.327	
21064	1621.	29.261	34.758	32.327	
21065	1621.1	29.262	34.758	32.327	
21066	1621.2	29.262	34.758	32.327	
21067	1621.3	29.262	34.758	32.327	
21068	1621.4	29.262	34.758	32.328	
21069	1621.5	29.262	34.758	32.328	
21070	1621.6	29.262	34.759	32.328	
21071	1621.7	29.262	34.759	32.328	
21072	1621.8	29.262	34.759	32.328	
21073	1621.9	29.262	34.759	32.328	
21074	1622.	29.262	34.759	32.328	
21075	1622.	29.262	34.759	32.328	
21076	1622.	29.262	34.759	32.328	
21077	1622.	29.262	34.759	32.328	
21078	1622.1	29.262	34.759	32.328	
21079	1622.2	29.262	34.76	32.329	
21080	1622.3	29.263	34.76	32.329	
21081	1622.4	29.263	34.76	32.329	
21082	1622.5	29.263	34.76	32.329	
21083	1622.6	29.263	34.76	32.329	
21084	1622.7	29.263	34.76	32.329	
21085	1622.8	29.263	34.76	32.329	
21086	1622.9	29.263	34.761	32.329	
21087	1623.	29.263	34.761	32.33	
21088	1623.	29.263	34.761	32.33	
21089	1623.	29.263	34.761	32.33	
21090	1623.	29.263	34.761	32.33	
21091	1623.1	29.263	34.761	32.33	
21092	1623.2	29.263	34.761	32.33	
21093	1623.3	29.263	34.761	32.33	
21094	1623.4	29.264	34.761	32.33	
21095	1623.5	29.264	34.762	32.33	
21096	1623.6	29.264	34.762	32.33	
21097	1623.7	29.264	34.762	32.33	
21098	1623.8	29.264	34.762	32.331	
21099	1623.9	29.264	34.762	32.331	
21100	1624.	29.264	34.762	32.331	
21101	1624.	29.264	34.762	32.331	
21102	1624.	29.264	34.762	32.331	
21103	1624.	29.264	34.762	32.331	
21104	1624.1	29.264	34.763	32.331	
21105	1624.2	29.264	34.763	32.331	
21106	1624.3	29.264	34.763	32.331	
21107	1624.4	29.264	34.763	32.331	
21108	1624.5	29.264	34.763	32.331	
21109	1624.6	29.265	34.763	32.332	
21110	1624.7	29.265	34.763	32.332	
21111	1624.8	29.265	34.764	32.332	
21112	1624.9	29.265	34.764	32.332	
21113	1625.	29.265	34.764	32.332	
21114	1625.	29.265	34.764	32.332	
21115	1625.	29.265	34.764	32.332	
21116	1625.	29.265	34.764	32.332	
21117	1625.1	29.265	34.764	32.332	
21118	1625.2	29.265	34.764	32.332	
21119	1625.3	29.265	34.764	32.332	
21120	1625.4	29.265	34.765	32.333	
21121	1625.5	29.265	34.765	32.333	
21122	1625.6	29.265	34.765	32.333	
21123	1625.7	29.265	34.765	32.333	
21124	1625.8	29.266	34.765	32.333	
21125	1625.9	29.266	34.765	32.333	
21126	1626.	29.266	34.765	32.333	
21127	1626.	29.266	34.765	32.333	
21128	1626.	29.266	34.765	32.333	
21129	1626.	29.266	34.766	32.333	
21130	1626.1	29.266	34.766	32.333	
21131	1626.2	29.266	34.766	32.334	
21132	1626.3	29.266	34.766	32.334	
21133	1626.4	29.266	34.766	32.334	
21134	1626.5	29.266	34.766	32.334	
21135	1626.6	29.266	34.766	32.334	
21136	1626.7	29.266	34.767	32.334	
21137	1626.8	29.266	34.767	32.334	
21138	1626.9	29.267	34.767	32.334	
21139	1627.	29.267	34.767	32.335	
21140	1627.	29.267	34.767	32.335	
21141	1627.	29.267	34.767	32.335	
21142	1627.	29.267	34.767	32.335	
21143	1627.1	29.267	34.767	32.335	
21144	1627.2	29.267	34.767	32.335	
21145	1627.3	29.267	34.768	32.335	
21146	1627.4	29.267	34.768	32.335	
21147	1627.5	29.267	34.768	32.335	
21148	1627.6	29.267	34.768	32.335	
21149	1627.7	29.267	34.768	32.335	
21150	1627.8	29.267	34.768	32.336	
21151	1627.9	29.267	34.769	32.336	
21152	1628.	29.267	34.769	32.336	
21153	1628.	29.267	34.769	32.336	
21154	1628.	29.267	34.769	32.336	
21155	1628.	29.267	34.769	32.336	
21156	1628.1	29.268	34.769	32.336	
21157	1628.2	29.268	34.769	32.336	
21158	1628.3	29.268	34.769	32.336	
21159	1628.4	29.268	34.769	32.336	
21160	1628.5	29.268	34.769	32.336	
21161	1628.6	29.268	34.77	32.337	
21162	1628.7	29.268	34.77	32.337	
21163	1628.8	29.268	34.77	32.337	
21164	1628.9	29.268	34.77	32.337	
21165	1629.	29.268	34.77	32.337	
21166	1629.	29.268	34.77	32.337	
21167	1629.	29.268	34.77	32.337	
21168	1629.	29.268	34.77	32.337	
21169	1629.1	29.268	34.77	32.337	
21170	1629.2	29.268	34.771	32.337	
21171	1629.3	29.269	34.771	32.337	
21172	1629.4	29.269	34.771	32.338	
21173	1629.5	29.269	34.771	32.338	
21174	1629.6	29.269	34.771	32.338	
21175	1629.7	29.269	34.771	32.338	
21176	1629.8	29.269	34.771	32.338	
21177	1629.9	29.269	34.772	32.338	
21178	1630.	29.269	34.772	32.338	
21179	1630.	29.269	34.772	32.338	
21180	1630.	29.269	34.772	32.338	
21181	1630.	29.269	34.772	32.338	
21182	1630.1	29.269	34.772	32.338	
21183	1630.2	29.269	34.772	32.339	
21184	1630.3	29.269	34.772	32.339	
21185	1630.4	29.27	34.772	32.339	
21186	1630.5	29.27	34.773	32.339	
21187	1630.6	29.27	34.773	32.339	
21188	1630.7	29.27	34.773	32.339	
21189	1630.8	29.27	34.773	32.339	
21190	1630.9	29.27	34.773	32.34	
21191	1631.	29.27	34.773	32.34	
21192	1631.	29.27	34.773	32.34	
21193	1631.	29.27	34.773	32.34	
21194	1631.	29.27	34.773	32.34	
21195	1631.1	29.27	34.774	32.34	
21196	1631.2	29.27	34.774	32.34	
21197	1631.3	29.27	34.774	32.34	
21198	1631.4	29.27	34.774	32.34	
21199	1631.5	29.27	34.774	32.34	
21200	1631.6	29.271	34.774	32.34	
21201	1631.7	29.271	34.774	32.341	
21202	1631.8	29.271	34.775	32.341	
21203	1631.9	29.271	34.775	32.341	
21204	1632.	29.271	34.775	32.341	
21205	1632.	29.271	34.775	32.341	
21206	1632.	29.271	34.775	32.341	
21207	1632.	29.271	34.775	32.341	
21208	1632.1	29.271	34.775	32.341	
21209	1632.2	29.271	34.775	32.341	
21210	1632.3	29.271	34.775	32.341	
21211	1632.4	29.271	34.776	32.341	
21212	1632.5	29.271	34.776	32.342	
21213	1632.6	29.271	34.776	32.342	
21214	1632.7	29.271	34.776	32.342	
21215	1632.8	29.272	34.776	32.342	
21216	1632.9	29.272	34.776	32.342	
21217	1633.	29.272	34.776	32.342	
21218	1633.	29.272	34.776	32.342	
21219	1633.	29.272	34.776	32.342	
21220	1633.	29.272	34.777	32.342	
21221	1633.1	29.272	34.777	32.342	
21222	1633.2	29.272	34.777	32.342	
21223	1633.3	29.272	34.777	32.343	
21224	1633.4	29.272	34.777	32.343	
21225	1633.5	29.272	34.777	32.343	
21226	1633.6	29.272	34.777	32.343	
21227	1633.7	29.272	34.778	32.343	
21228	1633.8	29.272	34.778	32.343	
21229	1633.9	29.273	34.778	32.343	
21230	1634.	29.273	34.778	32.343	
21231	1634.	29.273	34.778	32.343	
21232	1634.	29.273	34.778	32.343	
21233	1634.	29.273	34.778	32.343	
21234	1634.1	29.273	34.778	32.344	
21235	1634.2	29.273	34.778	32.344	
21236	1634.3	29.273	34.779	32.344	
21237	1634.4	29.273	34.779	32.344	
21238	1634.5	29.273	34.779	32.344	
21239	1634.6	29.273	34.779	32.344	
21240	1634.7	29.273	34.779	32.344	
21241	1634.8	29.273	34.779	32.344	
21242	1634.9	29.273	34.779	32.345	
21243	1635.	29.273	34.78	32.345	
21244	1635.	29.273	34.78	32.345	
21245	1635.	29.273	34.78	32.345	
21246	1635.	29.273	34.78	32.345	
21247	1635.1	29.274	34.78	32.345	
21248	1635.2	29.274	34.78	32.345	
21249	1635.3	29.274	34.78	32.345	
21250	1635.4	29.274	34.78	32.345	
21251	1635.5	29.274	34.78	32.345	
21252	1635.6	29.274	34.781	32.345	
21253	1635.7	29.274	34.781	32.346	
21254	1635.8	29.274	34.781	32.346	
21255	1635.9	29.274	34.781	32.346	
21256	1636.	29.274	34.781	32.346	
21257	1636.	29.274	34.781	32.346	
21258	1636.	29.274	34.781	32.346	
21259	1636.	29.274	34.781	32.346	
21260	1636.1	29.274	34.781	32.346	
21261	1636.2	29.274	34.782	32.346	
21262	1636.3	29.275	34.782	32.346	
21263	1636.4	29.275	34.782	32.346	
21264	1636.5	29.275	34.782	32.347	
21265	1636.6	29.275	34.782	32.347	
21266	1636.7	29.275	34.782	32.347	
21267	1636.8	29.275	34.782	32.347	
21268	1636.9	29.275	34.783	32.347	
21269	1637.	29.275	34.783	32.347	
21270	1637.	29.275	34.783	32.347	
21271	1637.	29.275	34.783	32.347	
21272	1637.	29.275	34.783	32.347	
21273	1637.1	29.275	34.783	32.347	
21274	1637.2	29.275	34.783	32.347	
21275	1637.3	29.275	34.783	32.348	
21276	1637.4	29.276	34.783	32.348	
21277	1637.5	29.276	34.784	32.348	
21278	1637.6	29.276	34.784	32.348	
21279	1637.7	29.276	34.784	32.348	
21280	1637.8	29.276	34.784	32.348	
21281	1637.9	29.276	34.784	32.348	
21282	1638.	29.276	34.784	32.348	
21283	1638.	29.276	34.784	32.348	
21284	1638.	29.276	34.784	32.348	
21285	1638.	29.276	34.784	32.348	
21286	1638.1	29.276	34.785	32.349	
21287	1638.2	29.276	34.785	32.349	
21288	1638.3	29.276	34.785	32.349	
21289	1638.4	29.276	34.785	32.349	
21290	1638.5	29.276	34.785	32.349	
21291	1638.6	29.277	34.785	32.349	
21292	1638.7	29.277	34.785	32.349	
21293	1638.8	29.277	34.786	32.349	
21294	1638.9	29.277	34.786	32.35	
21295	1639.	29.277	34.786	32.35	
21296	1639.	29.277	34.786	32.35	
21297	1639.	29.277	34.786	32.35	
21298	1639.	29.277	34.786	32.35	
21299	1639.1	29.277	34.786	32.35	
21300	1639.2	29.277	34.786	32.35	
21301	1639.3	29.277	34.786	32.35	
21302	1639.4	29.277	34.787	32.35	
21303	1639.5	29.277	34.787	32.35	
21304	1639.6	29.277	34.787	32.35	
21305	1639.7	29.277	34.787	32.351	
21306	1639.8	29.278	34.787	32.351	
21307	1639.9	29.278	34.787	32.351	
21308	1640.	29.278	34.787	32.351	
21309	1640.	29.278	34.787	32.351	
21310	1640.	29.278	34.787	32.351	
21311	1640.	29.278	34.788	32.351	
21312	1640.1	29.278	34.788	32.351	
21313	1640.2	29.278	34.788	32.351	
21314	1640.3	29.278	34.788	32.351	
21315	1640.4	29.278	34.788	32.351	
21316	1640.5	29.278	34.788	32.352	
21317	1640.6	29.278	34.788	32.352	
21318	1640.7	29.278	34.789	32.352	
21319	1640.8	29.278	34.789	32.352	
21320	1640.9	29.279	34.789	32.352	
21321	1641.	29.279	34.789	32.352	
21322	1641.	29.279	34.789	32.352	
21323	1641.	29.279	34.789	32.352	
21324	1641.	29.279	34.789	32.352	
21325	1641.1	29.279	34.789	32.352	
21326	1641.2	29.279	34.789	32.352	
21327	1641.3	29.279	34.79	32.353	
21328	1641.4	29.279	34.79	32.353	
21329	1641.5	29.279	34.79	32.353	
21330	1641.6	29.279	34.79	32.353	
21331	1641.7	29.279	34.79	32.353	
21332	1641.8	29.279	34.79	32.353	
21333	1641.9	29.279	34.79	32.353	
21334	1642.	29.279	34.791	32.353	
21335	1642.	29.279	34.791	32.353	
21336	1642.	29.279	34.791	32.353	
21337	1642.	29.279	34.791	32.353	
21338	1642.1	29.28	34.791	32.354	
21339	1642.2	29.28	34.791	32.354	
21340	1642.3	29.28	34.791	32.354	
21341	1642.4	29.28	34.791	32.354	
21342	1642.5	29.28	34.791	32.354	
21343	1642.6	29.28	34.792	32.354	
21344	1642.7	29.28	34.792	32.354	
21345	1642.8	29.28	34.792	32.354	
21346	1642.9	29.28	34.792	32.355	
21347	1643.	29.28	34.792	32.355	
21348	1643.	29.28	34.792	32.355	
21349	1643.	29.28	34.792	32.355	
21350	1643.	29.28	34.792	32.355	
21351	1643.1	29.28	34.792	32.355	
21352	1643.2	29.28	34.793	32.355	
21353	1643.3	29.281	34.793	32.355	
21354	1643.4	29.281	34.793	32.355	
21355	1643.5	29.281	34.793	32.355	
21356	1643.6	29.281	34.793	32.355	
21357	1643.7	29.281	34.793	32.356	
21358	1643.8	29.281	34.793	32.356	
21359	1643.9	29.281	34.794	32.356	
21360	1644.	29.281	34.794	32.356	
21361	1644.	29.281	34.794	32.356	
21362	1644.	29.281	34.794	32.356	
21363	1644.	29.281	34.794	32.356	
21364	1644.1	29.281	34.794	32.356	
21365	1644.2	29.281	34.794	32.356	
21366	1644.3	29.281	34.794	32.356	
21367	1644.4	29.282	34.794	32.356	
21368	1644.5	29.282	34.795	32.357	
21369	1644.6	29.282	34.795	32.357	
21370	1644.7	29.282	34.795	32.357	
21371	1644.8	29.282	34.795	32.357	
21372	1644.9	29.282	34.795	32.357	
21373	1645.	29.282	34.795	32.357	
21374	1645.	29.282	34.795	32.357	
21375	1645.	29.282	34.795	32.357	
21376	1645.	29.282	34.795	32.357	
21377	1645.1	29.282	34.796	32.357	
21378	1645.2	29.282	34.796	32.357	
21379	1645.3	29.282	34.796	32.358	
21380	1645.4	29.282	34.796	32.358	
21381	1645.5	29.282	34.796	32.358	
21382	1645.6	29.283	34.796	32.358	
21383	1645.7	29.283	34.796	32.358	
21384	1645.8	29.283	34.797	32.358	
21385	1645.9	29.283	34.797	32.358	
21386	1646.	29.283	34.797	32.358	
21387	1646.	29.283	34.797	32.358	
21388	1646.	29.283	34.797	32.358	
21389	1646.	29.283	34.797	32.358	
21390	1646.1	29.283	34.797	32.359	
21391	1646.2	29.283	34.797	32.359	
21392	1646.3	29.283	34.797	32.359	
21393	1646.4	29.283	34.798	32.359	
21394	1646.5	29.283	34.798	32.359	
21395	1646.6	29.283	34.798	32.359	
21396	1646.7	29.283	34.798	32.359	
21397	1646.8	29.284	34.798	32.359	
21398	1646.9	29.284	34.798	32.36	
21399	1647.	29.284	34.798	32.36	
21400	1647.	29.284	34.798	32.36	
21401	1647.	29.284	34.798	32.36	
21402	1647.	29.284	34.799	32.36	
21403	1647.1	29.284	34.799	32.36	
21404	1647.2	29.284	34.799	32.36	
21405	1647.3	29.284	34.799	32.36	
21406	1647.4	29.284	34.799	32.36	
21407	1647.5	29.284	34.799	32.36	
21408	1647.6	29.284	34.799	32.36	
21409	1647.7	29.284	34.8	32.361	
21410	1647.8	29.284	34.8	32.361	
21411	1647.9	29.285	34.8	32.361	
21412	1648.	29.285	34.8	32.361	
21413	1648.	29.285	34.8	32.361	
21414	1648.	29.285	34.8	32.361	
21415	1648.	29.285	34.8	32.361	
21416	1648.1	29.285	34.8	32.361	
21417	1648.2	29.285	34.8	32.361	
21418	1648.3	29.285	34.801	32.361	
21419	1648.4	29.285	34.801	32.361	
21420	1648.5	29.285	34.801	32.362	
21421	1648.6	29.285	34.801	32.362	
21422	1648.7	29.285	34.801	32.362	
21423	1648.8	29.285	34.801	32.362	
21424	1648.9	29.285	34.801	32.362	
21425	1649.	29.285	34.802	32.362	
21426	1649.	29.285	34.802	32.362	
21427	1649.	29.285	34.802	32.362	
21428	1649.	29.285	34.802	32.362	
21429	1649.1	29.286	34.802	32.362	
21430	1649.2	29.286	34.802	32.362	
21431	1649.3	29.286	34.802	32.363	
21432	1649.4	29.286	34.802	32.363	
21433	1649.5	29.286	34.802	32.363	
21434	1649.6	29.286	34.803	32.363	
21435	1649.7	29.286	34.803	32.363	
21436	1649.8	29.286	34.803	32.363	
21437	1649.9	29.286	34.803	32.363	
21438	1650.	29.286	34.803	32.363	
21439	1650.	29.286	34.803	32.363	
21440	1650.	29.286	34.803	32.363	
21441	1650.	29.286	34.803	32.363	
21442	1650.1	29.286	34.803	32.364	
21443	1650.2	29.286	34.804	32.364	
21444	1650.3	29.287	34.804	32.364	
21445	1650.4	29.287	34.804	32.364	
21446	1650.5	29.287	34.804	32.364	
21447	1650.6	29.287	34.804	32.364	
21448	1650.7	29.287	34.804	32.364	
21449	1650.8	29.287	34.804	32.364	
21450	1650.9	29.287	34.805	32.365	
21451	1651.	29.287	34.805	32.365	
21452	1651.	29.287	34.805	32.365	
21453	1651.	29.287	34.805	32.365	
21454	1651.	29.287	34.805	32.365	
21455	1651.1	29.287	34.805	32.365	
21456	1651.2	29.287	34.805	32.365	
21457	1651.3	29.287	34.805	32.365	
21458	1651.4	29.288	34.805	32.365	
21459	1651.5	29.288	34.806	32.365	
21460	1651.6	29.288	34.806	32.365	
21461	1651.7	29.288	34.806	32.366	
21462	1651.8	29.288	34.806	32.366	
21463	1651.9	29.288	34.806	32.366	
21464	1652.	29.288	34.806	32.366	
21465	1652.	29.288	34.806	32.366	
21466	1652.	29.288	34.806	32.366	
21467	1652.	29.288	34.806	32.366	
21468	1652.1	29.288	34.806	32.366	
21469	1652.2	29.288	34.807	32.366	
21470	1652.3	29.288	34.807	32.366	
21471	1652.4	29.288	34.807	32.366	
21472	1652.5	29.288	34.807	32.367	
21473	1652.6	29.289	34.807	32.367	
21474	1652.7	29.289	34.807	32.367	
21475	1652.8	29.289	34.808	32.367	
21476	1652.9	29.289	34.808	32.367	
21477	1653.	29.289	34.808	32.367	
21478	1653.	29.289	34.808	32.367	
21479	1653.	29.289	34.808	32.367	
21480	1653.	29.289	34.808	32.367	
21481	1653.1	29.289	34.808	32.367	
21482	1653.2	29.289	34.808	32.367	
21483	1653.3	29.289	34.808	32.368	
21484	1653.4	29.289	34.809	32.368	
21485	1653.5	29.289	34.809	32.368	
21486	1653.6	29.289	34.809	32.368	
21487	1653.7	29.289	34.809	32.368	
21488	1653.8	29.29	34.809	32.368	
21489	1653.9	29.29	34.809	32.368	
21490	1654.	29.29	34.809	32.368	
21491	1654.	29.29	34.809	32.368	
21492	1654.	29.29	34.809	32.368	
21493	1654.	29.29	34.809	32.368	
21494	1654.1	29.29	34.81	32.369	
21495	1654.2	29.29	34.81	32.369	
21496	1654.3	29.29	34.81	32.369	
21497	1654.4	29.29	34.81	32.369	
21498	1654.5	29.29	34.81	32.369	
21499	1654.6	29.29	34.81	32.369	
21500	1654.7	29.29	34.811	32.369	
21501	1654.8	29.29	34.811	32.369	
21502	1654.9	29.291	34.811	32.37	
21503	1655.	29.291	34.811	32.37	
21504	1655.	29.291	34.811	32.37	
21505	1655.	29.291	34.811	32.37	
21506	1655.	29.291	34.811	32.37	
21507	1655.1	29.291	34.811	32.37	
21508	1655.2	29.291	34.811	32.37	
21509	1655.3	29.291	34.812	32.37	
21510	1655.4	29.291	34.812	32.37	
21511	1655.5	29.291	34.812	32.37	
21512	1655.6	29.291	34.812	32.37	
21513	1655.7	29.291	34.812	32.371	
21514	1655.8	29.291	34.812	32.371	
21515	1655.9	29.291	34.812	32.371	
21516	1656.	29.291	34.813	32.371	
21517	1656.	29.291	34.813	32.371	
21518	1656.	29.291	34.813	32.371	
21519	1656.	29.291	34.813	32.371	
21520	1656.1	29.292	34.813	32.371	
21521	1656.2	29.292	34.813	32.371	
21522	1656.3	29.292	34.813	32.371	
21523	1656.4	29.292	34.813	32.371	
21524	1656.5	29.292	34.813	32.372	
21525	1656.6	29.292	34.814	32.372	
21526	1656.7	29.292	34.814	32.372	
21527	1656.8	29.292	34.814	32.372	
21528	1656.9	29.292	34.814	32.372	
21529	1657.	29.292	34.814	32.372	
21530	1657.	29.292	34.814	32.372	
21531	1657.	29.292	34.814	32.372	
21532	1657.	29.292	34.814	32.372	
21533	1657.1	29.292	34.814	32.372	
21534	1657.2	29.292	34.815	32.372	
21535	1657.3	29.293	34.815	32.373	
21536	1657.4	29.293	34.815	32.373	
21537	1657.5	29.293	34.815	32.373	
21538	1657.6	29.293	34.815	32.373	
21539	1657.7	29.293	34.815	32.373	
21540	1657.8	29.293	34.815	32.373	
21541	1657.9	29.293	34.816	32.373	
21542	1658.	29.293	34.816	32.373	
21543	1658.	29.293	34.816	32.373	
21544	1658.	29.293	34.816	32.373	
21545	1658.	29.293	34.816	32.373	
21546	1658.1	29.293	34.816	32.374	
21547	1658.2	29.293	34.816	32.374	
21548	1658.3	29.293	34.816	32.374	
21549	1658.4	29.294	34.816	32.374	
21550	1658.5	29.294	34.817	32.374	
21551	1658.6	29.294	34.817	32.374	
21552	1658.7	29.294	34.817	32.374	
21553	1658.8	29.294	34.817	32.374	
21554	1658.9	29.294	34.817	32.375	
21555	1659.	29.294	34.817	32.375	
21556	1659.	29.294	34.817	32.375	
21557	1659.	29.294	34.817	32.375	
21558	1659.	29.294	34.817	32.375	
21559	1659.1	29.294	34.817	32.375	
21560	1659.2	29.294	34.818	32.375	
21561	1659.3	29.294	34.818	32.375	
21562	1659.4	29.294	34.818	32.375	
21563	1659.5	29.294	34.818	32.375	
21564	1659.6	29.295	34.818	32.375	
21565	1659.7	29.295	34.818	32.376	
21566	1659.8	29.295	34.819	32.376	
21567	1659.9	29.295	34.819	32.376	
21568	1660.	29.295	34.819	32.376	
21569	1660.	29.295	34.819	32.376	
21570	1660.	29.295	34.819	32.376	
21571	1660.	29.295	34.819	32.376	
21572	1660.1	29.295	34.819	32.376	
21573	1660.2	29.295	34.819	32.376	
21574	1660.3	29.295	34.819	32.376	
21575	1660.4	29.295	34.82	32.376	
21576	1660.5	29.295	34.82	32.377	
21577	1660.6	29.295	34.82	32.377	
21578	1660.7	29.295	34.82	32.377	
21579	1660.8	29.296	34.82	32.377	
21580	1660.9	29.296	34.82	32.377	
21581	1661.	29.296	34.82	32.377	
21582	1661.	29.296	34.82	32.377	
21583	1661.	29.296	34.82	32.377	
21584	1661.	29.296	34.82	32.377	
21585	1661.1	29.296	34.821	32.377	
21586	1661.2	29.296	34.821	32.377	
21587	1661.3	29.296	34.821	32.378	
21588	1661.4	29.296	34.821	32.378	
21589	1661.5	29.296	34.821	32.378	
21590	1661.6	29.296	34.821	32.378	
21591	1661.7	29.296	34.822	32.378	
21592	1661.8	29.296	34.822	32.378	
21593	1661.9	29.297	34.822	32.378	
21594	1662.	29.297	34.822	32.378	
21595	1662.	29.297	34.822	32.378	
21596	1662.	29.297	34.822	32.378	
21597	1662.	29.297	34.822	32.378	
21598	1662.1	29.297	34.822	32.379	
21599	1662.2	29.297	34.822	32.379	
21600	1662.3	29.297	34.823	32.379	
21601	1662.4	29.297	34.823	32.379	
21602	1662.5	29.297	34.823	32.379	
21603	1662.6	29.297	34.823	32.379	
21604	1662.7	29.297	34.823	32.379	
21605	1662.8	29.297	34.823	32.379	
21606	1662.9	29.297	34.823	32.38	
21607	1663.	29.297	34.824	32.38	
21608	1663.	29.297	34.824	32.38	
21609	1663.	29.297	34.824	32.38	
21610	1663.	29.297	34.824	32.38	
21611	1663.1	29.298	34.824	32.38	
21612	1663.2	29.298	34.824	32.38	
21613	1663.3	29.298	34.824	32.38	
21614	1663.4	29.298	34.824	32.38	
21615	1663.5	29.298	34.824	32.38	
21616	1663.6	29.298	34.825	32.38	
21617	1663.7	29.298	34.825	32.381	
21618	1663.8	29.298	34.825	32.381	
21619	1663.9	29.298	34.825	32.381	
21620	1664.	29.298	34.825	32.381	
21621	1664.	29.298	34.825	32.381	
21622	1664.	29.298	34.825	32.381	
21623	1664.	29.298	34.825	32.381	
21624	1664.1	29.298	34.825	32.381	
21625	1664.2	29.298	34.826	32.381	
21626	1664.3	29.299	34.826	32.381	
21627	1664.4	29.299	34.826	32.381	
21628	1664.5	29.299	34.826	32.382	
21629	1664.6	29.299	34.826	32.382	
21630	1664.7	29.299	34.826	32.382	
21631	1664.8	29.299	34.826	32.382	
21632	1664.9	29.299	34.827	32.382	
21633	1665.	29.299	34.827	32.382	
21634	1665.	29.299	34.827	32.382	
21635	1665.	29.299	34.827	32.382	
21636	1665.	29.299	34.827	32.382	
21637	1665.1	29.299	34.827	32.382	
21638	1665.2	29.299	34.827	32.382	
21639	1665.3	29.299	34.827	32.383	
21640	1665.4	29.3	34.827	32.383	
21641	1665.5	29.3	34.828	32.383	
21642	1665.6	29.3	34.828	32.383	
21643	1665.7	29.3	34.828	32.383	
21644	1665.8	29.3	34.828	32.383	
21645	1665.9	29.3	34.828	32.383	
21646	1666.	29.3	34.828	32.383	
21647	1666.	29.3	34.828	32.383	
21648	1666.	29.3	34.828	32.383	
21649	1666.	29.3	34.828	32.383	
21650	1666.1	29.3	34.828	32.384	
21651	1666.2	29.3	34.829	32.384	
21652	1666.3	29.3	34.829	32.384	
21653	1666.4	29.3	34.829	32.384	
21654	1666.5	29.3	34.829	32.384	
21655	1666.6	29.301	34.829	32.384	
21656	1666.7	29.301	34.829	32.384	
21657	1666.8	29.301	34.83	32.384	
21658	1666.9	29.301	34.83	32.385	
21659	1667.	29.301	34.83	32.385	
21660	1667.	29.301	34.83	32.385	
21661	1667.	29.301	34.83	32.385	
21662	1667.	29.301	34.83	32.385	
21663	1667.1	29.301	34.83	32.385	
21664	1667.2	29.301	34.83	32.385	
21665	1667.3	29.301	34.83	32.385	
21666	1667.4	29.301	34.831	32.385	
21667	1667.5	29.301	34.831	32.385	
21668	1667.6	29.301	34.831	32.385	
21669	1667.7	29.301	34.831	32.386	
21670	1667.8	29.302	34.831	32.386	
21671	1667.9	29.302	34.831	32.386	
21672	1668.	29.302	34.831	32.386	
21673	1668.	29.302	34.831	32.386	
21674	1668.	29.302	34.831	32.386	
21675	1668.	29.302	34.831	32.386	
21676	1668.1	29.302	34.832	32.386	
21677	1668.2	29.302	34.832	32.386	
21678	1668.3	29.302	34.832	32.386	
21679	1668.4	29.302	34.832	32.386	
21680	1668.5	29.302	34.832	32.387	
21681	1668.6	29.302	34.832	32.387	
21682	1668.7	29.302	34.833	32.387	
21683	1668.8	29.302	34.833	32.387	
21684	1668.9	29.303	34.833	32.387	
21685	1669.	29.303	34.833	32.387	
21686	1669.	29.303	34.833	32.387	
21687	1669.	29.303	34.833	32.387	
21688	1669.	29.303	34.833	32.387	
21689	1669.1	29.303	34.833	32.387	
21690	1669.2	29.303	34.833	32.387	
21691	1669.3	29.303	34.834	32.388	
21692	1669.4	29.303	34.834	32.388	
21693	1669.5	29.303	34.834	32.388	
21694	1669.6	29.303	34.834	32.388	
21695	1669.7	29.303	34.834	32.388	
21696	1669.8	29.303	34.834	32.388	
21697	1669.9	29.303	34.834	32.388	
21698	1670.	29.303	34.835	32.388	
21699	1670.	29.303	34.835	32.388	
21700	1670.	29.303	34.835	32.388	
21701	1670.	29.303	34.835	32.388	
21702	1670.1	29.304	34.835	32.389	
21703	1670.2	29.304	34.835	32.389	
21704	1670.3	29.304	34.835	32.389	
21705	1670.4	29.304	34.835	32.389	
21706	1670.5	29.304	34.835	32.389	
21707	1670.6	29.304	34.836	32.389	
21708	1670.7	29.304	34.836	32.389	
21709	1670.8	29.304	34.836	32.389	
21710	1670.9	29.304	34.836	32.39	
21711	1671.	29.304	34.836	32.39	
21712	1671.	29.304	34.836	32.39	
21713	1671.	29.304	34.836	32.39	
21714	1671.	29.304	34.836	32.39	
21715	1671.1	29.304	34.836	32.39	
21716	1671.2	29.304	34.837	32.39	
21717	1671.3	29.305	34.837	32.39	
21718	1671.4	29.305	34.837	32.39	
21719	1671.5	29.305	34.837	32.39	
21720	1671.6	29.305	34.837	32.39	
21721	1671.7	29.305	34.837	32.391	
21722	1671.8	29.305	34.837	32.391	
21723	1671.9	29.305	34.838	32.391	
21724	1672.	29.305	34.838	32.391	
21725	1672.	29.305	34.838	32.391	
21726	1672.	29.305	34.838	32.391	
21727	1672.	29.305	34.838	32.391	
21728	1672.1	29.305	34.838	32.391	
21729	1672.2	29.305	34.838	32.391	
21730	1672.3	29.305	34.838	32.391	
21731	1672.4	29.306	34.838	32.391	
21732	1672.5	29.306	34.839	32.392	
21733	1672.6	29.306	34.839	32.392	
21734	1672.7	29.306	34.839	32.392	
21735	1672.8	29.306	34.839	32.392	
21736	1672.9	29.306	34.839	32.392	
21737	1673.	29.306	34.839	32.392	
21738	1673.	29.306	34.839	32.392	
21739	1673.	29.306	34.839	32.392	
21740	1673.	29.306	34.839	32.392	
21741	1673.1	29.306	34.839	32.392	
21742	1673.2	29.306	34.84	32.392	
21743	1673.3	29.306	34.84	32.393	
21744	1673.4	29.306	34.84	32.393	
21745	1673.5	29.306	34.84	32.393	
21746	1673.6	29.307	34.84	32.393	
21747	1673.7	29.307	34.84	32.393	
21748	1673.8	29.307	34.841	32.393	
21749	1673.9	29.307	34.841	32.393	
21750	1674.	29.307	34.841	32.393	
21751	1674.	29.307	34.841	32.393	
21752	1674.	29.307	34.841	32.393	
21753	1674.	29.307	34.841	32.393	
21754	1674.1	29.307	34.841	32.394	
21755	1674.2	29.307	34.841	32.394	
21756	1674.3	29.307	34.841	32.394	
21757	1674.4	29.307	34.842	32.394	
21758	1674.5	29.307	34.842	32.394	
21759	1674.6	29.307	34.842	32.394	
21760	1674.7	29.307	34.842	32.394	
21761	1674.8	29.308	34.842	32.394	
21762	1674.9	29.308	34.842	32.395	
21763	1675.	29.308	34.842	32.395	
21764	1675.	29.308	34.842	32.395	
21765	1675.	29.308	34.842	32.395	
21766	1675.	29.308	34.842	32.395	
21767	1675.1	29.308	34.843	32.395	
21768	1675.2	29.308	34.843	32.395	
21769	1675.3	29.308	34.843	32.395	
21770	1675.4	29.308	34.843	32.395	
21771	1675.5	29.308	34.843	32.395	
21772	1675.6	29.308	34.843	32.395	
21773	1675.7	29.308	34.844	32.396	
21774	1675.8	29.308	34.844	32.396	
21775	1675.9	29.309	34.844	32.396	
21776	1676.	29.309	34.844	32.396	
21777	1676.	29.309	34.844	32.396	
21778	1676.	29.309	34.844	32.396	
21779	1676.	29.309	34.844	32.396	
21780	1676.1	29.309	34.844	32.396	
21781	1676.2	29.309	34.844	32.396	
21782	1676.3	29.309	34.845	32.396	
21783	1676.4	29.309	34.845	32.396	
21784	1676.5	29.309	34.845	32.397	
21785	1676.6	29.309	34.845	32.397	
21786	1676.7	29.309	34.845	32.397	
21787	1676.8	29.309	34.845	32.397	
21788	1676.9	29.309	34.845	32.397	
21789	1677.	29.309	34.846	32.397	
21790	1677.	29.309	34.846	32.397	
21791	1677.	29.309	34.846	32.397	
21792	1677.	29.309	34.846	32.397	
21793	1677.1	29.31	34.846	32.397	
21794	1677.2	29.31	34.846	32.397	
21795	1677.3	29.31	34.846	32.398	
21796	1677.4	29.31	34.846	32.398	
21797	1677.5	29.31	34.846	32.398	
21798	1677.6	29.31	34.847	32.398	
21799	1677.7	29.31	34.847	32.398	
21800	1677.8	29.31	34.847	32.398	
21801	1677.9	29.31	34.847	32.398	
21802	1678.	29.31	34.847	32.398	
21803	1678.	29.31	34.847	32.398	
21804	1678.	29.31	34.847	32.398	
21805	1678.	29.31	34.847	32.398	
21806	1678.1	29.31	34.847	32.399	
21807	1678.2	29.31	34.848	32.399	
21808	1678.3	29.311	34.848	32.399	
21809	1678.4	29.311	34.848	32.399	
21810	1678.5	29.311	34.848	32.399	
21811	1678.6	29.311	34.848	32.399	
21812	1678.7	29.311	34.848	32.399	
21813	1678.8	29.311	34.848	32.399	
21814	1678.9	29.311	34.849	32.4	
21815	1679.	29.311	34.849	32.4	
21816	1679.	29.311	34.849	32.4	
21817	1679.	29.311	34.849	32.4	
21818	1679.	29.311	34.849	32.4	
21819	1679.1	29.311	34.849	32.4	
21820	1679.2	29.311	34.849	32.4	
21821	1679.3	29.311	34.849	32.4	
21822	1679.4	29.312	34.849	32.4	
21823	1679.5	29.312	34.85	32.4	
21824	1679.6	29.312	34.85	32.4	
21825	1679.7	29.312	34.85	32.401	
21826	1679.8	29.312	34.85	32.401	
21827	1679.9	29.312	34.85	32.401	
21828	1680.	29.312	34.85	32.401	
21829	1680.	29.312	34.85	32.401	
21830	1680.	29.312	34.85	32.401	
21831	1680.	29.312	34.85	32.401	
21832	1680.1	29.312	34.85	32.401	
21833	1680.2	29.312	34.851	32.401	
21834	1680.3	29.312	34.851	32.401	
21835	1680.4	29.312	34.851	32.401	
21836	1680.5	29.312	34.851	32.402	
21837	1680.6	29.313	34.851	32.402	
21838	1680.7	29.313	34.851	32.402	
21839	1680.8	29.313	34.852	32.402	
21840	1680.9	29.313	34.852	32.402	
21841	1681.	29.313	34.852	32.402	
21842	1681.	29.313	34.852	32.402	
21843	1681.	29.313	34.852	32.402	
21844	1681.	29.313	34.852	32.402	
21845	1681.1	29.313	34.852	32.402	
21846	1681.2	29.313	34.852	32.402	
21847	1681.3	29.313	34.852	32.403	
21848	1681.4	29.313	34.853	32.403	
21849	1681.5	29.313	34.853	32.403	
21850	1681.6	29.313	34.853	32.403	
21851	1681.7	29.313	34.853	32.403	
21852	1681.8	29.314	34.853	32.403	
21853	1681.9	29.314	34.853	32.403	
21854	1682.	29.314	34.853	32.403	
21855	1682.	29.314	34.853	32.403	
21856	1682.	29.314	34.853	32.403	
21857	1682.	29.314	34.853	32.403	
21858	1682.1	29.314	34.854	32.404	
21859	1682.2	29.314	34.854	32.404	
21860	1682.3	29.314	34.854	32.404	
21861	1682.4	29.314	34.854	32.404	
21862	1682.5	29.314	34.854	32.404	
21863	1682.6	29.314	34.854	32.404	
21864	1682.7	29.314	34.855	32.404	
21865	1682.8	29.314	34.855	32.404	
21866	1682.9	29.315	34.855	32.405	
21867	1683.	29.315	34.855	32.405	
21868	1683.	29.315	34.855	32.405	
21869	1683.	29.315	34.855	32.405	
21870	1683.	29.315	34.855	32.405	
21871	1683.1	29.315	34.855	32.405	
21872	1683.2	29.315	34.855	32.405	
21873	1683.3	29.315	34.856	32.405	
21874	1683.4	29.315	34.856	32.405	
21875	1683.5	29.315	34.856	32.405	
21876	1683.6	29.315	34.856	32.405	
21877	1683.7	29.315	34.856	32.406	
21878	1683.8	29.315	34.856	32.406	
21879	1683.9	29.315	34.856	32.406	
21880	1684.	29.315	34.857	32.406	
21881	1684.	29.315	34.857	32.406	
21882	1684.	29.315	34.857	32.406	
21883	1684.	29.315	34.857	32.406	
21884	1684.1	29.316	34.857	32.406	
21885	1684.2	29.316	34.857	32.406	
21886	1684.3	29.316	34.857	32.406	
21887	1684.4	29.316	34.857	32.406	
21888	1684.5	29.316	34.857	32.407	
21889	1684.6	29.316	34.858	32.407	
21890	1684.7	29.316	34.858	32.407	
21891	1684.8	29.316	34.858	32.407	
21892	1684.9	29.316	34.858	32.407	
21893	1685.	29.316	34.858	32.407	
21894	1685.	29.316	34.858	32.407	
21895	1685.	29.316	34.858	32.407	
21896	1685.	29.316	34.858	32.407	
21897	1685.1	29.316	34.858	32.407	
21898	1685.2	29.316	34.859	32.407	
21899	1685.3	29.317	34.859	32.408	
21900	1685.4	29.317	34.859	32.408	
21901	1685.5	29.317	34.859	32.408	
21902	1685.6	29.317	34.859	32.408	
21903	1685.7	29.317	34.859	32.408	
21904	1685.8	29.317	34.859	32.408	
21905	1685.9	29.317	34.86	32.408	
21906	1686.	29.317	34.86	32.408	
21907	1686.	29.317	34.86	32.408	
21908	1686.	29.317	34.86	32.408	
21909	1686.	29.317	34.86	32.408	
21910	1686.1	29.317	34.86	32.409	
21911	1686.2	29.317	34.86	32.409	
21912	1686.3	29.317	34.86	32.409	
21913	1686.4	29.318	34.86	32.409	
21914	1686.5	29.318	34.861	32.409	
21915	1686.6	29.318	34.861	32.409	
21916	1686.7	29.318	34.861	32.409	
21917	1686.8	29.318	34.861	32.409	
21918	1686.9	29.318	34.861	32.41	
21919	1687.	29.318	34.861	32.41	
21920	1687.	29.318	34.861	32.41	
21921	1687.	29.318	34.861	32.41	
21922	1687.	29.318	34.861	32.41	
21923	1687.1	29.318	34.861	32.41	
21924	1687.2	29.318	34.862	32.41	
21925	1687.3	29.318	34.862	32.41	
21926	1687.4	29.318	34.862	32.41	
21927	1687.5	29.318	34.862	32.41	
21928	1687.6	29.319	34.862	32.41	
21929	1687.7	29.319	34.862	32.411	
21930	1687.8	29.319	34.863	32.411	
21931	1687.9	29.319	34.863	32.411	
21932	1688.	29.319	34.863	32.411	
21933	1688.	29.319	34.863	32.411	
21934	1688.	29.319	34.863	32.411	
21935	1688.	29.319	34.863	32.411	
21936	1688.1	29.319	34.863	32.411	
21937	1688.2	29.319	34.863	32.411	
21938	1688.3	29.319	34.863	32.411	
21939	1688.4	29.319	34.864	32.411	
21940	1688.5	29.319	34.864	32.412	
21941	1688.6	29.319	34.864	32.412	
21942	1688.7	29.319	34.864	32.412	
21943	1688.8	29.32	34.864	32.412	
21944	1688.9	29.32	34.864	32.412	
21945	1689.	29.32	34.864	32.412	
21946	1689.	29.32	34.864	32.412	
21947	1689.	29.32	34.864	32.412	
21948	1689.	29.32	34.864	32.412	
21949	1689.1	29.32	34.865	32.412	
21950	1689.2	29.32	34.865	32.412	
21951	1689.3	29.32	34.865	32.413	
21952	1689.4	29.32	34.865	32.413	
21953	1689.5	29.32	34.865	32.413	
21954	1689.6	29.32	34.865	32.413	
21955	1689.7	29.32	34.866	32.413	
21956	1689.8	29.32	34.866	32.413	
21957	1689.9	29.32	34.866	32.413	
21958	1690.	29.321	34.866	32.413	
21959	1690.	29.321	34.866	32.413	
21960	1690.	29.321	34.866	32.413	
21961	1690.	29.321	34.866	32.413	
21962	1690.1	29.321	34.866	32.414	
21963	1690.2	29.321	34.866	32.414	
21964	1690.3	29.321	34.867	32.414	
21965	1690.4	29.321	34.867	32.414	
21966	1690.5	29.321	34.867	32.414	
21967	1690.6	29.321	34.867	32.414	
21968	1690.7	29.321	34.867	32.414	
21969	1690.8	29.321	34.867	32.414	
21970	1690.9	29.321	34.867	32.415	
21971	1691.	29.321	34.868	32.415	
21972	1691.	29.321	34.868	32.415	
21973	1691.	29.321	34.868	32.415	
21974	1691.	29.321	34.868	32.415	
21975	1691.1	29.322	34.868	32.415	
21976	1691.2	29.322	34.868	32.415	
21977	1691.3	29.322	34.868	32.415	
21978	1691.4	29.322	34.868	32.415	
21979	1691.5	29.322	34.868	32.415	
21980	1691.6	29.322	34.869	32.415	
21981	1691.7	29.322	34.869	32.416	
21982	1691.8	29.322	34.869	32.416	
21983	1691.9	29.322	34.869	32.416	
21984	1692.	29.322	34.869	32.416	
21985	1692.	29.322	34.869	32.416	
21986	1692.	29.322	34.869	32.416	
21987	1692.	29.322	34.869	32.416	
21988	1692.1	29.322	34.869	32.416	
21989	1692.2	29.322	34.87	32.416	
21990	1692.3	29.323	34.87	32.416	
21991	1692.4	29.323	34.87	32.416	
21992	1692.5	29.323	34.87	32.417	
21993	1692.6	29.323	34.87	32.417	
21994	1692.7	29.323	34.87	32.417	
21995	1692.8	29.323	34.87	32.417	
21996	1692.9	29.323	34.871	32.417	
21997	1693.	29.323	34.871	32.417	
21998	1693.	29.323	34.871	32.417	
21999	1693.	29.323	34.871	32.417	
22000	1693.	29.323	34.871	32.417	
22001	1693.1	29.323	34.871	32.417	
22002	1693.2	29.323	34.871	32.417	
22003	1693.3	29.323	34.871	32.418	
22004	1693.4	29.323	34.871	32.418	
22005	1693.5	29.324	34.872	32.418	
22006	1693.6	29.324	34.872	32.418	
22007	1693.7	29.324	34.872	32.418	
22008	1693.8	29.324	34.872	32.418	
22009	1693.9	29.324	34.872	32.418	
22010	1694.	29.324	34.872	32.418	
22011	1694.	29.324	34.872	32.418	
22012	1694.	29.324	34.872	32.418	
22013	1694.	29.324	34.872	32.418	
22014	1694.1	29.324	34.872	32.419	
22015	1694.2	29.324	34.873	32.419	
22016	1694.3	29.324	34.873	32.419	
22017	1694.4	29.324	34.873	32.419	
22018	1694.5	29.324	34.873	32.419	
22019	1694.6	29.325	34.873	32.419	
22020	1694.7	29.325	34.873	32.419	
22021	1694.8	29.325	34.874	32.419	
22022	1694.9	29.325	34.874	32.42	
22023	1695.	29.325	34.874	32.42	
22024	1695.	29.325	34.874	32.42	
22025	1695.	29.325	34.874	32.42	
22026	1695.	29.325	34.874	32.42	
22027	1695.1	29.325	34.874	32.42	
22028	1695.2	29.325	34.874	32.42	
22029	1695.3	29.325	34.874	32.42	
22030	1695.4	29.325	34.875	32.42	
22031	1695.5	29.325	34.875	32.42	
22032	1695.6	29.325	34.875	32.42	
22033	1695.7	29.325	34.875	32.421	
22034	1695.8	29.326	34.875	32.421	
22035	1695.9	29.326	34.875	32.421	
22036	1696.	29.326	34.875	32.421	
22037	1696.	29.326	34.875	32.421	
22038	1696.	29.326	34.875	32.421	
22039	1696.	29.326	34.875	32.421	
22040	1696.1	29.326	34.876	32.421	
22041	1696.2	29.326	34.876	32.421	
22042	1696.3	29.326	34.876	32.421	
22043	1696.4	29.326	34.876	32.421	
22044	1696.5	29.326	34.876	32.422	
22045	1696.6	29.326	34.876	32.422	
22046	1696.7	29.326	34.877	32.422	
22047	1696.8	29.326	34.877	32.422	
22048	1696.9	29.326	34.877	32.422	
22049	1697.	29.327	34.877	32.422	
22050	1697.	29.327	34.877	32.422	
22051	1697.	29.327	34.877	32.422	
22052	1697.	29.327	34.877	32.422	
22053	1697.1	29.327	34.877	32.422	
22054	1697.2	29.327	34.877	32.422	
22055	1697.3	29.327	34.878	32.423	
22056	1697.4	29.327	34.878	32.423	
22057	1697.5	29.327	34.878	32.423	
22058	1697.6	29.327	34.878	32.423	
22059	1697.7	29.327	34.878	32.423	
22060	1697.8	29.327	34.878	32.423	
22061	1697.9	29.327	34.878	32.423	
22062	1698.	29.327	34.879	32.423	
22063	1698.	29.327	34.879	32.423	
22064	1698.	29.327	34.879	32.423	
22065	1698.	29.327	34.879	32.423	
22066	1698.1	29.328	34.879	32.424	
22067	1698.2	29.328	34.879	32.424	
22068	1698.3	29.328	34.879	32.424	
22069	1698.4	29.328	34.879	32.424	
22070	1698.5	29.328	34.879	32.424	
22071	1698.6	29.328	34.88	32.424	
22072	1698.7	29.328	34.88	32.424	
22073	1698.8	29.328	34.88	32.424	
22074	1698.9	29.328	34.88	32.425	
22075	1699.	29.328	34.88	32.425	
22076	1699.	29.328	34.88	32.425	
22077	1699.	29.328	34.88	32.425	
22078	1699.	29.328	34.88	32.425	
22079	1699.1	29.328	34.88	32.425	
22080	1699.2	29.328	34.881	32.425	
22081	1699.3	29.329	34.881	32.425	
22082	1699.4	29.329	34.881	32.425	
22083	1699.5	29.329	34.881	32.425	
22084	1699.6	29.329	34.881	32.425	
22085	1699.7	29.329	34.881	32.426	
22086	1699.8	29.329	34.881	32.426	
22087	1699.9	29.329	34.882	32.426	
22088	1700.	29.329	34.882	32.426	
22089	1700.	29.329	34.882	32.426	
22090	1700.	29.329	34.882	32.426	
22091	1700.	29.329	34.882	32.426	
22092	1700.1	29.329	34.882	32.426	
22093	1700.2	29.329	34.882	32.426	
22094	1700.3	29.329	34.882	32.426	
22095	1700.4	29.329	34.882	32.426	
22096	1700.5	29.33	34.883	32.427	
22097	1700.6	29.33	34.883	32.427	
22098	1700.7	29.33	34.883	32.427	
22099	1700.8	29.33	34.883	32.427	
22100	1700.9	29.33	34.883	32.427	
22101	1701.	29.33	34.883	32.427	
22102	1701.	29.33	34.883	32.427	
22103	1701.	29.33	34.883	32.427	
22104	1701.	29.33	34.883	32.427	
22105	1701.1	29.33	34.884	32.427	
22106	1701.2	29.33	34.884	32.427	
22107	1701.3	29.33	34.884	32.428	
22108	1701.4	29.33	34.884	32.428	
22109	1701.5	29.33	34.884	32.428	
22110	1701.6	29.331	34.884	32.428	
22111	1701.7	29.331	34.884	32.428	
22112	1701.8	29.331	34.885	32.428	
22113	1701.9	29.331	34.885	32.428	
22114	1702.	29.331	34.885	32.428	
22115	1702.	29.331	34.885	32.428	
22116	1702.	29.331	34.885	32.428	
22117	1702.	29.331	34.885	32.428	
22118	1702.1	29.331	34.885	32.429	
22119	1702.2	29.331	34.885	32.429	
22120	1702.3	29.331	34.885	32.429	
22121	1702.4	29.331	34.886	32.429	
22122	1702.5	29.331	34.886	32.429	
22123	1702.6	29.331	34.886	32.429	
22124	1702.7	29.331	34.886	32.429	
22125	1702.8	29.332	34.886	32.429	
22126	1702.9	29.332	34.886	32.43	
22127	1703.	29.332	34.886	32.43	
22128	1703.	29.332	34.886	32.43	
22129	1703.	29.332	34.886	32.43	
22130	1703.	29.332	34.887	32.43	
22131	1703.1	29.332	34.887	32.43	
22132	1703.2	29.332	34.887	32.43	
22133	1703.3	29.332	34.887	32.43	
22134	1703.4	29.332	34.887	32.43	
22135	1703.5	29.332	34.887	32.43	
22136	1703.6	29.332	34.887	32.43	
22137	1703.7	29.332	34.888	32.431	
22138	1703.8	29.332	34.888	32.431	
22139	1703.9	29.332	34.888	32.431	
22140	1704.	29.333	34.888	32.431	
22141	1704.	29.333	34.888	32.431	
22142	1704.	29.333	34.888	32.431	
22143	1704.	29.333	34.888	32.431	
22144	1704.1	29.333	34.888	32.431	
22145	1704.2	29.333	34.888	32.431	
22146	1704.3	29.333	34.889	32.431	
22147	1704.4	29.333	34.889	32.431	
22148	1704.5	29.333	34.889	32.432	
22149	1704.6	29.333	34.889	32.432	
22150	1704.7	29.333	34.889	32.432	
22151	1704.8	29.333	34.889	32.432	
22152	1704.9	29.333	34.889	32.432	
22153	1705.	29.333	34.89	32.432	
22154	1705.	29.333	34.89	32.432	
22155	1705.	29.333	34.89	32.432	
22156	1705.	29.333	34.89	32.432	
22157	1705.1	29.334	34.89	32.432	
22158	1705.2	29.334	34.89	32.432	
22159	1705.3	29.334	34.89	32.433	
22160	1705.4	29.334	34.89	32.433	
22161	1705.5	29.334	34.89	32.433	
22162	1705.6	29.334	34.891	32.433	
22163	1705.7	29.334	34.891	32.433	
22164	1705.8	29.334	34.891	32.433	
22165	1705.9	29.334	34.891	32.433	
22166	1706.	29.334	34.891	32.433	
22167	1706.	29.334	34.891	32.433	
22168	1706.	29.334	34.891	32.433	
22169	1706.	29.334	34.891	32.433	
22170	1706.1	29.334	34.891	32.434	
22171	1706.2	29.334	34.892	32.434	
22172	1706.3	29.335	34.892	32.434	
22173	1706.4	29.335	34.892	32.434	
22174	1706.5	29.335	34.892	32.434	
22175	1706.6	29.335	34.892	32.434	
22176	1706.7	29.335	34.892	32.434	
22177	1706.8	29.335	34.892	32.434	
22178	1706.9	29.335	34.893	32.435	
22179	1707.	29.335	34.893	32.435	
22180	1707.	29.335	34.893	32.435	
22181	1707.	29.335	34.893	32.435	
22182	1707.	29.335	34.893	32.435	
22183	1707.1	29.335	34.893	32.435	
22184	1707.2	29.335	34.893	32.435	
22185	1707.3	29.335	34.893	32.435	
22186	1707.4	29.335	34.893	32.435	
22187	1707.5	29.336	34.894	32.435	
22188	1707.6	29.336	34.894	32.435	
22189	1707.7	29.336	34.894	32.436	
22190	1707.8	29.336	34.894	32.436	
22191	1707.9	29.336	34.894	32.436	
22192	1708.	29.336	34.894	32.436	
22193	1708.	29.336	34.894	32.436	
22194	1708.	29.336	34.894	32.436	
22195	1708.	29.336	34.894	32.436	
22196	1708.1	29.336	34.895	32.436	
22197	1708.2	29.336	34.895	32.436	
22198	1708.3	29.336	34.895	32.436	
22199	1708.4	29.336	34.895	32.436	
22200	1708.5	29.336	34.895	32.437	
22201	1708.6	29.337	34.895	32.437	
22202	1708.7	29.337	34.895	32.437	
22203	1708.8	29.337	34.896	32.437	
22204	1708.9	29.337	34.896	32.437	
22205	1709.	29.337	34.896	32.437	
22206	1709.	29.337	34.896	32.437	
22207	1709.	29.337	34.896	32.437	
22208	1709.	29.337	34.896	32.437	
22209	1709.1	29.337	34.896	32.437	
22210	1709.2	29.337	34.896	32.437	
22211	1709.3	29.337	34.896	32.438	
22212	1709.4	29.337	34.897	32.438	
22213	1709.5	29.337	34.897	32.438	
22214	1709.6	29.337	34.897	32.438	
22215	1709.7	29.337	34.897	32.438	
22216	1709.8	29.338	34.897	32.438	
22217	1709.9	29.338	34.897	32.438	
22218	1710.	29.338	34.897	32.438	
22219	1710.	29.338	34.897	32.438	
22220	1710.	29.338	34.897	32.438	
22221	1710.	29.338	34.898	32.438	
22222	1710.1	29.338	34.898	32.439	
22223	1710.2	29.338	34.898	32.439	
22224	1710.3	29.338	34.898	32.439	
22225	1710.4	29.338	34.898	32.439	
22226	1710.5	29.338	34.898	32.439	
22227	1710.6	29.338	34.898	32.439	
22228	1710.7	29.338	34.899	32.439	
22229	1710.8	29.338	34.899	32.439	
22230	1710.9	29.338	34.899	32.44	
22231	1711.	29.339	34.899	32.44	
22232	1711.	29.339	34.899	32.44	
22233	1711.	29.339	34.899	32.44	
22234	1711.	29.339	34.899	32.44	
22235	1711.1	29.339	34.899	32.44	
22236	1711.2	29.339	34.899	32.44	
22237	1711.3	29.339	34.9	32.44	
22238	1711.4	29.339	34.9	32.44	
22239	1711.5	29.339	34.9	32.44	
22240	1711.6	29.339	34.9	32.44	
22241	1711.7	29.339	34.9	32.441	
22242	1711.8	29.339	34.9	32.441	
22243	1711.9	29.339	34.9	32.441	
22244	1712.	29.339	34.901	32.441	
22245	1712.	29.339	34.901	32.441	
22246	1712.	29.339	34.901	32.441	
22247	1712.	29.339	34.901	32.441	
22248	1712.1	29.34	34.901	32.441	
22249	1712.2	29.34	34.901	32.441	
22250	1712.3	29.34	34.901	32.441	
22251	1712.4	29.34	34.901	32.441	
22252	1712.5	29.34	34.901	32.442	
22253	1712.6	29.34	34.902	32.442	
22254	1712.7	29.34	34.902	32.442	
22255	1712.8	29.34	34.902	32.442	
22256	1712.9	29.34	34.902	32.442	
22257	1713.	29.34	34.902	32.442	
22258	1713.	29.34	34.902	32.442	
22259	1713.	29.34	34.902	32.442	
22260	1713.	29.34	34.902	32.442	
22261	1713.1	29.34	34.902	32.442	
22262	1713.2	29.34	34.903	32.442	
22263	1713.3	29.341	34.903	32.443	
22264	1713.4	29.341	34.903	32.443	
22265	1713.5	29.341	34.903	32.443	
22266	1713.6	29.341	34.903	32.443	
22267	1713.7	29.341	34.903	32.443	
22268	1713.8	29.341	34.903	32.443	
22269	1713.9	29.341	34.904	32.443	
22270	1714.	29.341	34.904	32.443	
22271	1714.	29.341	34.904	32.443	
22272	1714.	29.341	34.904	32.443	
22273	1714.	29.341	34.904	32.443	
22274	1714.1	29.341	34.904	32.444	
22275	1714.2	29.341	34.904	32.444	
22276	1714.3	29.341	34.904	32.444	
22277	1714.4	29.341	34.904	32.444	
22278	1714.5	29.342	34.905	32.444	
22279	1714.6	29.342	34.905	32.444	
22280	1714.7	29.342	34.905	32.444	
22281	1714.8	29.342	34.905	32.444	
22282	1714.9	29.342	34.905	32.445	
22283	1715.	29.342	34.905	32.445	
22284	1715.	29.342	34.905	32.445	
22285	1715.	29.342	34.905	32.445	
22286	1715.	29.342	34.905	32.445	
22287	1715.1	29.342	34.906	32.445	
22288	1715.2	29.342	34.906	32.445	
22289	1715.3	29.342	34.906	32.445	
22290	1715.4	29.342	34.906	32.445	
22291	1715.5	29.342	34.906	32.445	
22292	1715.6	29.343	34.906	32.445	
22293	1715.7	29.343	34.906	32.446	
22294	1715.8	29.343	34.907	32.446	
22295	1715.9	29.343	34.907	32.446	
22296	1716.	29.343	34.907	32.446	
22297	1716.	29.343	34.907	32.446	
22298	1716.	29.343	34.907	32.446	
22299	1716.	29.343	34.907	32.446	
22300	1716.1	29.343	34.907	32.446	
22301	1716.2	29.343	34.907	32.446	
22302	1716.3	29.343	34.907	32.446	
22303	1716.4	29.343	34.908	32.446	
22304	1716.5	29.343	34.908	32.447	
22305	1716.6	29.343	34.908	32.447	
22306	1716.7	29.343	34.908	32.447	
22307	1716.8	29.344	34.908	32.447	
22308	1716.9	29.344	34.908	32.447	
22309	1717.	29.344	34.908	32.447	
22310	1717.	29.344	34.908	32.447	
22311	1717.	29.344	34.908	32.447	
22312	1717.	29.344	34.909	32.447	
22313	1717.1	29.344	34.909	32.447	
22314	1717.2	29.344	34.909	32.447	
22315	1717.3	29.344	34.909	32.448	
22316	1717.4	29.344	34.909	32.448	
22317	1717.5	29.344	34.909	32.448	
22318	1717.6	29.344	34.909	32.448	
22319	1717.7	29.344	34.91	32.448	
22320	1717.8	29.344	34.91	32.448	
22321	1717.9	29.344	34.91	32.448	
22322	1718.	29.345	34.91	32.448	
22323	1718.	29.345	34.91	32.448	
22324	1718.	29.345	34.91	32.448	
22325	1718.	29.345	34.91	32.449	
22326	1718.1	29.345	34.91	32.449	
22327	1718.2	29.345	34.91	32.449	
22328	1718.3	29.345	34.911	32.449	
22329	1718.4	29.345	34.911	32.449	
22330	1718.5	29.345	34.911	32.449	
22331	1718.6	29.345	34.911	32.449	
22332	1718.7	29.345	34.911	32.449	
22333	1718.8	29.345	34.911	32.449	
22334	1718.9	29.345	34.911	32.45	
22335	1719.	29.345	34.912	32.45	
22336	1719.	29.345	34.912	32.45	
22337	1719.	29.345	34.912	32.45	
22338	1719.	29.345	34.912	32.45	
22339	1719.1	29.345	34.912	32.45	
22340	1719.2	29.346	34.912	32.45	
22341	1719.3	29.346	34.912	32.45	
22342	1719.4	29.346	34.912	32.45	
22343	1719.5	29.346	34.912	32.45	
22344	1719.6	29.346	34.913	32.45	
22345	1719.7	29.346	34.913	32.451	
22346	1719.8	29.346	34.913	32.451	
22347	1719.9	29.346	34.913	32.451	
22348	1720.	29.346	34.913	32.451	
22349	1720.	29.346	34.913	32.451	
22350	1720.	29.346	34.913	32.451	
22351	1720.	29.346	34.913	32.451	
22352	1720.1	29.346	34.913	32.451	
22353	1720.2	29.346	34.914	32.451	
22354	1720.3	29.347	34.914	32.451	
22355	1720.4	29.347	34.914	32.451	
22356	1720.5	29.347	34.914	32.452	
22357	1720.6	29.347	34.914	32.452	
22358	1720.7	29.347	34.914	32.452	
22359	1720.8	29.347	34.914	32.452	
22360	1720.9	29.347	34.915	32.452	
22361	1721.	29.347	34.915	32.452	
22362	1721.	29.347	34.915	32.452	
22363	1721.	29.347	34.915	32.452	
22364	1721.	29.347	34.915	32.452	
22365	1721.1	29.347	34.915	32.452	
22366	1721.2	29.347	34.915	32.452	
22367	1721.3	29.347	34.915	32.453	
22368	1721.4	29.347	34.915	32.453	
22369	1721.5	29.348	34.916	32.453	
22370	1721.6	29.348	34.916	32.453	
22371	1721.7	29.348	34.916	32.453	
22372	1721.8	29.348	34.916	32.453	
22373	1721.9	29.348	34.916	32.453	
22374	1722.	29.348	34.916	32.453	
22375	1722.	29.348	34.916	32.453	
22376	1722.	29.348	34.916	32.453	
22377	1722.	29.348	34.916	32.454	
22378	1722.1	29.348	34.917	32.454	
22379	1722.2	29.348	34.917	32.454	
22380	1722.3	29.348	34.917	32.454	
22381	1722.4	29.348	34.917	32.454	
22382	1722.5	29.348	34.917	32.454	
22383	1722.6	29.348	34.917	32.454	
22384	1722.7	29.349	34.917	32.454	
22385	1722.8	29.349	34.918	32.454	
22386	1722.9	29.349	34.918	32.455	
22387	1723.	29.349	34.918	32.455	
22388	1723.	29.349	34.918	32.455	
22389	1723.	29.349	34.918	32.455	
22390	1723.	29.349	34.918	32.455	
22391	1723.1	29.349	34.918	32.455	
22392	1723.2	29.349	34.918	32.455	
22393	1723.3	29.349	34.918	32.455	
22394	1723.4	29.349	34.919	32.455	
22395	1723.5	29.349	34.919	32.455	
22396	1723.6	29.349	34.919	32.455	
22397	1723.7	29.349	34.919	32.456	
22398	1723.8	29.35	34.919	32.456	
22399	1723.9	29.35	34.919	32.456	
22400	1724.	29.35	34.919	32.456	
22401	1724.	29.35	34.919	32.456	
22402	1724.	29.35	34.919	32.456	
22403	1724.	29.35	34.92	32.456	
22404	1724.1	29.35	34.92	32.456	
22405	1724.2	29.35	34.92	32.456	
22406	1724.3	29.35	34.92	32.456	
22407	1724.4	29.35	34.92	32.457	
22408	1724.5	29.35	34.92	32.457	
22409	1724.6	29.35	34.92	32.457	
22410	1724.7	29.35	34.921	32.457	
22411	1724.8	29.35	34.921	32.457	
22412	1724.9	29.35	34.921	32.457	
22413	1725.	29.351	34.921	32.457	
22414	1725.	29.351	34.921	32.457	
22415	1725.	29.351	34.921	32.457	
22416	1725.	29.351	34.921	32.457	
22417	1725.1	29.351	34.921	32.457	
22418	1725.2	29.351	34.921	32.458	
22419	1725.3	29.351	34.922	32.458	
22420	1725.4	29.351	34.922	32.458	
22421	1725.5	29.351	34.922	32.458	
22422	1725.6	29.351	34.922	32.458	
22423	1725.7	29.351	34.922	32.458	
22424	1725.8	29.351	34.922	32.458	
22425	1725.9	29.351	34.923	32.458	
22426	1726.	29.351	34.923	32.458	
22427	1726.	29.351	34.923	32.458	
22428	1726.	29.351	34.923	32.458	
22429	1726.	29.351	34.923	32.459	
22430	1726.1	29.351	34.923	32.459	
22431	1726.2	29.352	34.923	32.459	
22432	1726.3	29.352	34.923	32.459	
22433	1726.4	29.352	34.923	32.459	
22434	1726.5	29.352	34.923	32.459	
22435	1726.6	29.352	34.924	32.459	
22436	1726.7	29.352	34.924	32.459	
22437	1726.8	29.352	34.924	32.46	
22438	1726.9	29.352	34.924	32.46	
22439	1727.	29.352	34.924	32.46	
22440	1727.	29.352	34.924	32.46	
22441	1727.	29.352	34.924	32.46	
22442	1727.	29.352	34.924	32.46	
22443	1727.1	29.352	34.924	32.46	
22444	1727.2	29.352	34.925	32.46	
22445	1727.3	29.353	34.925	32.46	
22446	1727.4	29.353	34.925	32.46	
22447	1727.5	29.353	34.925	32.46	
22448	1727.6	29.353	34.925	32.461	
22449	1727.7	29.353	34.925	32.461	
22450	1727.8	29.353	34.925	32.461	
22451	1727.9	29.353	34.926	32.461	
22452	1728.	29.353	34.926	32.461	
22453	1728.	29.353	34.926	32.461	
22454	1728.	29.353	34.926	32.461	
22455	1728.	29.353	34.926	32.461	
22456	1728.1	29.353	34.926	32.461	
22457	1728.2	29.353	34.926	32.461	
22458	1728.3	29.353	34.926	32.461	
22459	1728.4	29.353	34.926	32.462	
22460	1728.5	29.354	34.927	32.462	
22461	1728.6	29.354	34.927	32.462	
22462	1728.7	29.354	34.927	32.462	
22463	1728.8	29.354	34.927	32.462	
22464	1728.9	29.354	34.927	32.462	
22465	1729.	29.354	34.927	32.462	
22466	1729.	29.354	34.927	32.462	
22467	1729.	29.354	34.927	32.462	
22468	1729.	29.354	34.927	32.462	
22469	1729.1	29.354	34.928	32.462	
22470	1729.2	29.354	34.928	32.463	
22471	1729.3	29.354	34.928	32.463	
22472	1729.4	29.354	34.928	32.463	
22473	1729.5	29.354	34.928	32.463	
22474	1729.6	29.354	34.928	32.463	
22475	1729.7	29.355	34.928	32.463	
22476	1729.8	29.355	34.929	32.463	
22477	1729.9	29.355	34.929	32.463	
22478	1730.	29.355	34.929	32.463	
22479	1730.	29.355	34.929	32.463	
22480	1730.	29.355	34.929	32.463	
22481	1730.	29.355	34.929	32.464	
22482	1730.1	29.355	34.929	32.464	
22483	1730.2	29.355	34.929	32.464	
22484	1730.3	29.355	34.929	32.464	
22485	1730.4	29.355	34.93	32.464	
22486	1730.5	29.355	34.93	32.464	
22487	1730.6	29.355	34.93	32.464	
22488	1730.7	29.355	34.93	32.464	
22489	1730.8	29.356	34.93	32.465	
22490	1730.9	29.356	34.93	32.465	
22491	1731.	29.356	34.93	32.465	
22492	1731.	29.356	34.93	32.465	
22493	1731.	29.356	34.931	32.465	
22494	1731.	29.356	34.931	32.465	
22495	1731.1	29.356	34.931	32.465	
22496	1731.2	29.356	34.931	32.465	
22497	1731.3	29.356	34.931	32.465	
22498	1731.4	29.356	34.931	32.465	
22499	1731.5	29.356	34.931	32.465	
22500	1731.6	29.356	34.931	32.466	
22501	1731.7	29.356	34.932	32.466	
22502	1731.8	29.356	34.932	32.466	
22503	1731.9	29.356	34.932	32.466	
22504	1732.	29.357	34.932	32.466	
22505	1732.	29.357	34.932	32.466	
22506	1732.	29.357	34.932	32.466	
22507	1732.	29.357	34.932	32.466	
22508	1732.1	29.357	34.932	32.466	
22509	1732.2	29.357	34.932	32.466	
22510	1732.3	29.357	34.933	32.466	
22511	1732.4	29.357	34.933	32.467	
22512	1732.5	29.357	34.933	32.467	
22513	1732.6	29.357	34.933	32.467	
22514	1732.7	29.357	34.933	32.467	
22515	1732.8	29.357	34.933	32.467	
22516	1732.9	29.357	34.934	32.467	
22517	1733.	29.357	34.934	32.467	
22518	1733.	29.357	34.934	32.467	
22519	1733.	29.357	34.934	32.467	
22520	1733.	29.357	34.934	32.467	
22521	1733.1	29.357	34.934	32.467	
22522	1733.2	29.358	34.934	32.468	
22523	1733.3	29.358	34.934	32.468	
22524	1733.4	29.358	34.934	32.468	
22525	1733.5	29.358	34.934	32.468	
22526	1733.6	29.358	34.935	32.468	
22527	1733.7	29.358	34.935	32.468	
22528	1733.8	29.358	34.935	32.468	
22529	1733.9	29.358	34.935	32.468	
22530	1734.	29.358	34.935	32.468	
22531	1734.	29.358	34.935	32.468	
22532	1734.	29.358	34.935	32.468	
22533	1734.	29.358	34.935	32.469	
22534	1734.1	29.358	34.935	32.469	
22535	1734.2	29.358	34.936	32.469	
22536	1734.3	29.359	34.936	32.469	
22537	1734.4	29.359	34.936	32.469	
22538	1734.5	29.359	34.936	32.469	
22539	1734.6	29.359	34.936	32.469	
22540	1734.7	29.359	34.936	32.469	
22541	1734.8	29.359	34.937	32.47	
22542	1734.9	29.359	34.937	32.47	
22543	1735.	29.359	34.937	32.47	
22544	1735.	29.359	34.937	32.47	
22545	1735.	29.359	34.937	32.47	
22546	1735.	29.359	34.937	32.47	
22547	1735.1	29.359	34.937	32.47	
22548	1735.2	29.359	34.937	32.47	
22549	1735.3	29.359	34.937	32.47	
22550	1735.4	29.359	34.937	32.47	
22551	1735.5	29.36	34.938	32.47	
22552	1735.6	29.36	34.938	32.471	
22553	1735.7	29.36	34.938	32.471	
22554	1735.8	29.36	34.938	32.471	
22555	1735.9	29.36	34.938	32.471	
22556	1736.	29.36	34.938	32.471	
22557	1736.	29.36	34.938	32.471	
22558	1736.	29.36	34.938	32.471	
22559	1736.	29.36	34.938	32.471	
22560	1736.1	29.36	34.939	32.471	
22561	1736.2	29.36	34.939	32.471	
22562	1736.3	29.36	34.939	32.471	
22563	1736.4	29.36	34.939	32.472	
22564	1736.5	29.36	34.939	32.472	
22565	1736.6	29.36	34.939	32.472	
22566	1736.7	29.361	34.94	32.472	
22567	1736.8	29.361	34.94	32.472	
22568	1736.9	29.361	34.94	32.472	
22569	1737.	29.361	34.94	32.472	
22570	1737.	29.361	34.94	32.472	
22571	1737.	29.361	34.94	32.472	
22572	1737.	29.361	34.94	32.472	
22573	1737.1	29.361	34.94	32.472	
22574	1737.2	29.361	34.94	32.473	
22575	1737.3	29.361	34.94	32.473	
22576	1737.4	29.361	34.941	32.473	
22577	1737.5	29.361	34.941	32.473	
22578	1737.6	29.361	34.941	32.473	
22579	1737.7	29.361	34.941	32.473	
22580	1737.8	29.361	34.941	32.473	
22581	1737.9	29.362	34.941	32.473	
22582	1738.	29.362	34.941	32.473	
22583	1738.	29.362	34.942	32.473	
22584	1738.	29.362	34.942	32.474	
22585	1738.	29.362	34.942	32.474	
22586	1738.1	29.362	34.942	32.474	
22587	1738.2	29.362	34.942	32.474	
22588	1738.3	29.362	34.942	32.474	
22589	1738.4	29.362	34.942	32.474	
22590	1738.5	29.362	34.942	32.474	
22591	1738.6	29.362	34.942	32.474	
22592	1738.7	29.362	34.943	32.474	
22593	1738.8	29.362	34.943	32.475	
22594	1738.9	29.362	34.943	32.475	
22595	1739.	29.362	34.943	32.475	
22596	1739.	29.362	34.943	32.475	
22597	1739.	29.363	34.943	32.475	
22598	1739.	29.363	34.943	32.475	
22599	1739.1	29.363	34.943	32.475	
22600	1739.2	29.363	34.943	32.475	
22601	1739.3	29.363	34.944	32.475	
22602	1739.4	29.363	34.944	32.475	
22603	1739.5	29.363	34.944	32.475	
22604	1739.6	29.363	34.944	32.476	
22605	1739.7	29.363	34.944	32.476	
22606	1739.8	29.363	34.944	32.476	
22607	1739.9	29.363	34.945	32.476	
22608	1740.	29.363	34.945	32.476	
22609	1740.	29.363	34.945	32.476	
22610	1740.	29.363	34.945	32.476	
22611	1740.	29.363	34.945	32.476	
22612	1740.1	29.363	34.945	32.476	
22613	1740.2	29.364	34.945	32.476	
22614	1740.3	29.364	34.945	32.476	
22615	1740.4	29.364	34.945	32.477	
22616	1740.5	29.364	34.945	32.477	
22617	1740.6	29.364	34.946	32.477	
22618	1740.7	29.364	34.946	32.477	
22619	1740.8	29.364	34.946	32.477	
22620	1740.9	29.364	34.946	32.477	
22621	1741.	29.364	34.946	32.477	
22622	1741.	29.364	34.946	32.477	
22623	1741.	29.364	34.946	32.477	
22624	1741.	29.364	34.946	32.477	
22625	1741.1	29.364	34.946	32.477	
22626	1741.2	29.364	34.947	32.478	
22627	1741.3	29.364	34.947	32.478	
22628	1741.4	29.365	34.947	32.478	
22629	1741.5	29.365	34.947	32.478	
22630	1741.6	29.365	34.947	32.478	
22631	1741.7	29.365	34.947	32.478	
22632	1741.8	29.365	34.948	32.478	
22633	1741.9	29.365	34.948	32.478	
22634	1742.	29.365	34.948	32.478	
22635	1742.	29.365	34.948	32.478	
22636	1742.	29.365	34.948	32.479	
22637	1742.	29.365	34.948	32.479	
22638	1742.1	29.365	34.948	32.479	
22639	1742.2	29.365	34.948	32.479	
22640	1742.3	29.365	34.948	32.479	
22641	1742.4	29.365	34.948	32.479	
22642	1742.5	29.366	34.949	32.479	
22643	1742.6	29.366	34.949	32.479	
22644	1742.7	29.366	34.949	32.479	
22645	1742.8	29.366	34.949	32.48	
22646	1742.9	29.366	34.949	32.48	
22647	1743.	29.366	34.949	32.48	
22648	1743.	29.366	34.949	32.48	
22649	1743.	29.366	34.949	32.48	
22650	1743.	29.366	34.949	32.48	
22651	1743.1	29.366	34.95	32.48	
22652	1743.2	29.366	34.95	32.48	
22653	1743.3	29.366	34.95	32.48	
22654	1743.4	29.366	34.95	32.48	
22655	1743.5	29.366	34.95	32.48	
22656	1743.6	29.366	34.95	32.481	
22657	1743.7	29.367	34.951	32.481	
22658	1743.8	29.367	34.951	32.481	
22659	1743.9	29.367	34.951	32.481	
22660	1744.	29.367	34.951	32.481	
22661	1744.	29.367	34.951	32.481	
22662	1744.	29.367	34.951	32.481	
22663	1744.	29.367	34.951	32.481	
22664	1744.1	29.367	34.951	32.481	
22665	1744.2	29.367	34.951	32.481	
22666	1744.3	29.367	34.951	32.481	
22667	1744.4	29.367	34.952	32.482	
22668	1744.5	29.367	34.952	32.482	
22669	1744.6	29.367	34.952	32.482	
22670	1744.7	29.367	34.952	32.482	
22671	1744.8	29.367	34.952	32.482	
22672	1744.9	29.368	34.952	32.482	
22673	1745.	29.368	34.953	32.482	
22674	1745.	29.368	34.953	32.482	
22675	1745.	29.368	34.953	32.482	
22676	1745.	29.368	34.953	32.482	
22677	1745.1	29.368	34.953	32.482	
22678	1745.2	29.368	34.953	32.483	
22679	1745.3	29.368	34.953	32.483	
22680	1745.4	29.368	34.953	32.483	
22681	1745.5	29.368	34.953	32.483	
22682	1745.6	29.368	34.954	32.483	
22683	1745.7	29.368	34.954	32.483	
22684	1745.8	29.368	34.954	32.483	
22685	1745.9	29.368	34.954	32.483	
22686	1746.	29.368	34.954	32.483	
22687	1746.	29.368	34.954	32.484	
22688	1746.	29.368	34.954	32.484	
22689	1746.	29.369	34.954	32.484	
22690	1746.1	29.369	34.954	32.484	
22691	1746.2	29.369	34.954	32.484	
22692	1746.3	29.369	34.955	32.484	
22693	1746.4	29.369	34.955	32.484	
22694	1746.5	29.369	34.955	32.484	
22695	1746.6	29.369	34.955	32.484	
22696	1746.7	29.369	34.955	32.484	
22697	1746.8	29.369	34.955	32.485	
22698	1746.9	29.369	34.956	32.485	
22699	1747.	29.369	34.956	32.485	
22700	1747.	29.369	34.956	32.485	
22701	1747.	29.369	34.956	32.485	
22702	1747.	29.369	34.956	32.485	
22703	1747.1	29.369	34.956	32.485	
22704	1747.2	29.37	34.956	32.485	
22705	1747.3	29.37	34.956	32.485	
22706	1747.4	29.37	34.956	32.485	
22707	1747.5	29.37	34.957	32.485	
22708	1747.6	29.37	34.957	32.486	
22709	1747.7	29.37	34.957	32.486	
22710	1747.8	29.37	34.957	32.486	
22711	1747.9	29.37	34.957	32.486	
22712	1748.	29.37	34.957	32.486	
22713	1748.	29.37	34.957	32.486	
22714	1748.	29.37	34.957	32.486	
22715	1748.	29.37	34.957	32.486	
22716	1748.1	29.37	34.957	32.486	
22717	1748.2	29.37	34.958	32.486	
22718	1748.3	29.37	34.958	32.486	
22719	1748.4	29.371	34.958	32.487	
22720	1748.5	29.371	34.958	32.487	
22721	1748.6	29.371	34.958	32.487	
22722	1748.7	29.371	34.958	32.487	
22723	1748.8	29.371	34.959	32.487	
22724	1748.9	29.371	34.959	32.487	
22725	1749.	29.371	34.959	32.487	
22726	1749.	29.371	34.959	32.487	
22727	1749.	29.371	34.959	32.487	
22728	1749.	29.371	34.959	32.487	
22729	1749.1	29.371	34.959	32.487	
22730	1749.2	29.371	34.959	32.488	
22731	1749.3	29.371	34.959	32.488	
22732	1749.4	29.371	34.959	32.488	
22733	1749.5	29.372	34.96	32.488	
22734	1749.6	29.372	34.96	32.488	
22735	1749.7	29.372	34.96	32.488	
22736	1749.8	29.372	34.96	32.488	
22737	1749.9	29.372	34.96	32.488	
22738	1750.	29.372	34.96	32.489	
22739	1750.	29.372	34.96	32.489	
22740	1750.	29.372	34.96	32.489	
22741	1750.	29.372	34.96	32.489	
22742	1750.1	29.372	34.961	32.489	
22743	1750.2	29.372	34.961	32.489	
22744	1750.3	29.372	34.961	32.489	
22745	1750.4	29.372	34.961	32.489	
22746	1750.5	29.372	34.961	32.489	
22747	1750.6	29.372	34.961	32.489	
22748	1750.7	29.373	34.962	32.489	
22749	1750.8	29.373	34.962	32.49	
22750	1750.9	29.373	34.962	32.49	
22751	1751.	29.373	34.962	32.49	
22752	1751.	29.373	34.962	32.49	
22753	1751.	29.373	34.962	32.49	
22754	1751.	29.373	34.962	32.49	
22755	1751.1	29.373	34.962	32.49	
22756	1751.2	29.373	34.962	32.49	
22757	1751.3	29.373	34.962	32.49	
22758	1751.4	29.373	34.963	32.49	
22759	1751.5	29.373	34.963	32.49	
22760	1751.6	29.373	34.963	32.491	
22761	1751.7	29.373	34.963	32.491	
22762	1751.8	29.373	34.963	32.491	
22763	1751.9	29.374	34.963	32.491	
22764	1752.	29.374	34.964	32.491	
22765	1752.	29.374	34.964	32.491	
22766	1752.	29.374	34.964	32.491	
22767	1752.	29.374	34.964	32.491	
22768	1752.1	29.374	34.964	32.491	
22769	1752.2	29.374	34.964	32.491	
22770	1752.3	29.374	34.964	32.491	
22771	1752.4	29.374	34.964	32.492	
22772	1752.5	29.374	34.964	32.492	
22773	1752.6	29.374	34.965	32.492	
22774	1752.7	29.374	34.965	32.492	
22775	1752.8	29.374	34.965	32.492	
22776	1752.9	29.374	34.965	32.492	
22777	1753.	29.374	34.965	32.492	
22778	1753.	29.374	34.965	32.492	
22779	1753.	29.374	34.965	32.492	
22780	1753.	29.375	34.965	32.492	
22781	1753.1	29.375	34.965	32.492	
22782	1753.2	29.375	34.965	32.493	
22783	1753.3	29.375	34.966	32.493	
22784	1753.4	29.375	34.966	32.493	
22785	1753.5	29.375	34.966	32.493	
22786	1753.6	29.375	34.966	32.493	
22787	1753.7	29.375	34.966	32.493	
22788	1753.8	29.375	34.966	32.493	
22789	1753.9	29.375	34.967	32.493	
22790	1754.	29.375	34.967	32.494	
22791	1754.	29.375	34.967	32.494	
22792	1754.	29.375	34.967	32.494	
22793	1754.	29.375	34.967	32.494	
22794	1754.1	29.375	34.967	32.494	
22795	1754.2	29.376	34.967	32.494	
22796	1754.3	29.376	34.967	32.494	
22797	1754.4	29.376	34.967	32.494	
22798	1754.5	29.376	34.968	32.494	
22799	1754.6	29.376	34.968	32.494	
22800	1754.7	29.376	34.968	32.494	
22801	1754.8	29.376	34.968	32.495	
22802	1754.9	29.376	34.968	32.495	
22803	1755.	29.376	34.968	32.495	
22804	1755.	29.376	34.968	32.495	
22805	1755.	29.376	34.968	32.495	
22806	1755.	29.376	34.968	32.495	
22807	1755.1	29.376	34.968	32.495	
22808	1755.2	29.376	34.969	32.495	
22809	1755.3	29.376	34.969	32.495	
22810	1755.4	29.377	34.969	32.495	
22811	1755.5	29.377	34.969	32.495	
22812	1755.6	29.377	34.969	32.496	
22813	1755.7	29.377	34.969	32.496	
22814	1755.8	29.377	34.97	32.496	
22815	1755.9	29.377	34.97	32.496	
22816	1756.	29.377	34.97	32.496	
22817	1756.	29.377	34.97	32.496	
22818	1756.	29.377	34.97	32.496	
22819	1756.	29.377	34.97	32.496	
22820	1756.1	29.377	34.97	32.496	
22821	1756.2	29.377	34.97	32.496	
22822	1756.3	29.377	34.97	32.496	
22823	1756.4	29.377	34.971	32.497	
22824	1756.5	29.377	34.971	32.497	
22825	1756.6	29.378	34.971	32.497	
22826	1756.7	29.378	34.971	32.497	
22827	1756.8	29.378	34.971	32.497	
22828	1756.9	29.378	34.971	32.497	
22829	1757.	29.378	34.971	32.497	
22830	1757.	29.378	34.971	32.497	
22831	1757.	29.378	34.971	32.497	
22832	1757.	29.378	34.971	32.497	
22833	1757.1	29.378	34.972	32.497	
22834	1757.2	29.378	34.972	32.498	
22835	1757.3	29.378	34.972	32.498	
22836	1757.4	29.378	34.972	32.498	
22837	1757.5	29.378	34.972	32.498	
22838	1757.6	29.378	34.972	32.498	
22839	1757.7	29.379	34.973	32.498	
22840	1757.8	29.379	34.973	32.498	
22841	1757.9	29.379	34.973	32.498	
22842	1758.	29.379	34.973	32.499	
22843	1758.	29.379	34.973	32.499	
22844	1758.	29.379	34.973	32.499	
22845	1758.	29.379	34.973	32.499	
22846	1758.1	29.379	34.973	32.499	
22847	1758.2	29.379	34.973	32.499	
22848	1758.3	29.379	34.974	32.499	
22849	1758.4	29.379	34.974	32.499	
22850	1758.5	29.379	34.974	32.499	
22851	1758.6	29.379	34.974	32.499	
22852	1758.7	29.379	34.974	32.499	
22853	1758.8	29.379	34.974	32.5	
22854	1758.9	29.38	34.974	32.5	
22855	1759.	29.38	34.975	32.5	
22856	1759.	29.38	34.975	32.5	
22857	1759.	29.38	34.975	32.5	
22858	1759.	29.38	34.975	32.5	
22859	1759.1	29.38	34.975	32.5	
22860	1759.2	29.38	34.975	32.5	
22861	1759.3	29.38	34.975	32.5	
22862	1759.4	29.38	34.975	32.5	
22863	1759.5	29.38	34.975	32.5	
22864	1759.6	29.38	34.976	32.501	
22865	1759.7	29.38	34.976	32.501	
22866	1759.8	29.38	34.976	32.501	
22867	1759.9	29.38	34.976	32.501	
22868	1760.	29.38	34.976	32.501	
22869	1760.	29.38	34.976	32.501	
22870	1760.	29.38	34.976	32.501	
22871	1760.	29.38	34.976	32.501	
22872	1760.1	29.381	34.976	32.501	
22873	1760.2	29.381	34.977	32.501	
22874	1760.3	29.381	34.977	32.501	
22875	1760.4	29.381	34.977	32.502	
22876	1760.5	29.381	34.977	32.502	
22877	1760.6	29.381	34.977	32.502	
22878	1760.7	29.381	34.977	32.502	
22879	1760.8	29.381	34.977	32.502	
22880	1760.9	29.381	34.978	32.502	
22881	1761.	29.381	34.978	32.502	
22882	1761.	29.381	34.978	32.502	
22883	1761.	29.381	34.978	32.502	
22884	1761.	29.381	34.978	32.502	
22885	1761.1	29.381	34.978	32.502	
22886	1761.2	29.382	34.978	32.503	
22887	1761.3	29.382	34.978	32.503	
22888	1761.4	29.382	34.978	32.503	
22889	1761.5	29.382	34.979	32.503	
22890	1761.6	29.382	34.979	32.503	
22891	1761.7	29.382	34.979	32.503	
22892	1761.8	29.382	34.979	32.503	
22893	1761.9	29.382	34.979	32.503	
22894	1762.	29.382	34.979	32.504	
22895	1762.	29.382	34.979	32.504	
22896	1762.	29.382	34.979	32.504	
22897	1762.	29.382	34.979	32.504	
22898	1762.1	29.382	34.979	32.504	
22899	1762.2	29.382	34.98	32.504	
22900	1762.3	29.382	34.98	32.504	
22901	1762.4	29.383	34.98	32.504	
22902	1762.5	29.383	34.98	32.504	
22903	1762.6	29.383	34.98	32.504	
22904	1762.7	29.383	34.98	32.504	
22905	1762.8	29.383	34.981	32.505	
22906	1762.9	29.383	34.981	32.505	
22907	1763.	29.383	34.981	32.505	
22908	1763.	29.383	34.981	32.505	
22909	1763.	29.383	34.981	32.505	
22910	1763.	29.383	34.981	32.505	
22911	1763.1	29.383	34.981	32.505	
22912	1763.2	29.383	34.981	32.505	
22913	1763.3	29.383	34.981	32.505	
22914	1763.4	29.383	34.982	32.505	
22915	1763.5	29.383	34.982	32.505	
22916	1763.6	29.384	34.982	32.506	
22917	1763.7	29.384	34.982	32.506	
22918	1763.8	29.384	34.982	32.506	
22919	1763.9	29.384	34.982	32.506	
22920	1764.	29.384	34.982	32.506	
22921	1764.	29.384	34.982	32.506	
22922	1764.	29.384	34.982	32.506	
22923	1764.	29.384	34.983	32.506	
22924	1764.1	29.384	34.983	32.506	
22925	1764.2	29.384	34.983	32.506	
22926	1764.3	29.384	34.983	32.506	
22927	1764.4	29.384	34.983	32.507	
22928	1764.5	29.384	34.983	32.507	
22929	1764.6	29.384	34.983	32.507	
22930	1764.7	29.385	34.984	32.507	
22931	1764.8	29.385	34.984	32.507	
22932	1764.9	29.385	34.984	32.507	
22933	1765.	29.385	34.984	32.507	
22934	1765.	29.385	34.984	32.507	
22935	1765.	29.385	34.984	32.507	
22936	1765.	29.385	34.984	32.507	
22937	1765.1	29.385	34.984	32.507	
22938	1765.2	29.385	34.984	32.508	
22939	1765.3	29.385	34.985	32.508	
22940	1765.4	29.385	34.985	32.508	
22941	1765.5	29.385	34.985	32.508	
22942	1765.6	29.385	34.985	32.508	
22943	1765.7	29.385	34.985	32.508	
22944	1765.8	29.385	34.985	32.508	
22945	1765.9	29.386	34.985	32.508	
22946	1766.	29.386	34.986	32.509	
22947	1766.	29.386	34.986	32.509	
22948	1766.	29.386	34.986	32.509	
22949	1766.	29.386	34.986	32.509	
22950	1766.1	29.386	34.986	32.509	
22951	1766.2	29.386	34.986	32.509	
22952	1766.3	29.386	34.986	32.509	
22953	1766.4	29.386	34.986	32.509	
22954	1766.5	29.386	34.986	32.509	
22955	1766.6	29.386	34.987	32.509	
22956	1766.7	29.386	34.987	32.509	
22957	1766.8	29.386	34.987	32.51	
22958	1766.9	29.386	34.987	32.51	
22959	1767.	29.386	34.987	32.51	
22960	1767.	29.386	34.987	32.51	
22961	1767.	29.386	34.987	32.51	
22962	1767.	29.386	34.987	32.51	
22963	1767.1	29.387	34.987	32.51	
22964	1767.2	29.387	34.988	32.51	
22965	1767.3	29.387	34.988	32.51	
22966	1767.4	29.387	34.988	32.51	
22967	1767.5	29.387	34.988	32.51	
22968	1767.6	29.387	34.988	32.511	
22969	1767.7	29.387	34.988	32.511	
22970	1767.8	29.387	34.988	32.511	
22971	1767.9	29.387	34.989	32.511	
22972	1768.	29.387	34.989	32.511	
22973	1768.	29.387	34.989	32.511	
22974	1768.	29.387	34.989	32.511	
22975	1768.	29.387	34.989	32.511	
22976	1768.1	29.387	34.989	32.511	
22977	1768.2	29.387	34.989	32.511	
22978	1768.3	29.388	34.989	32.511	
22979	1768.4	29.388	34.989	32.512	
22980	1768.5	29.388	34.99	32.512	
22981	1768.6	29.388	34.99	32.512	
22982	1768.7	29.388	34.99	32.512	
22983	1768.8	29.388	34.99	32.512	
22984	1768.9	29.388	34.99	32.512	
22985	1769.	29.388	34.99	32.512	
22986	1769.	29.388	34.99	32.512	
22987	1769.	29.388	34.99	32.512	
22988	1769.	29.388	34.99	32.512	
22989	1769.1	29.388	34.991	32.512	
22990	1769.2	29.388	34.991	32.513	
22991	1769.3	29.388	34.991	32.513	
22992	1769.4	29.389	34.991	32.513	
22993	1769.5	29.389	34.991	32.513	
22994	1769.6	29.389	34.991	32.513	
22995	1769.7	29.389	34.991	32.513	
22996	1769.8	29.389	34.992	32.513	
22997	1769.9	29.389	34.992	32.513	
22998	1770.	29.389	34.992	32.514	
22999	1770.	29.389	34.992	32.514	
23000	1770.	29.389	34.992	32.514	
23001	1770.	29.389	34.992	32.514	
23002	1770.1	29.389	34.992	32.514	
23003	1770.2	29.389	34.992	32.514	
23004	1770.3	29.389	34.992	32.514	
23005	1770.4	29.389	34.993	32.514	
23006	1770.5	29.389	34.993	32.514	
23007	1770.6	29.39	34.993	32.514	
23008	1770.7	29.39	34.993	32.514	
23009	1770.8	29.39	34.993	32.515	
23010	1770.9	29.39	34.993	32.515	
23011	1771.	29.39	34.993	32.515	
23012	1771.	29.39	34.993	32.515	
23013	1771.	29.39	34.993	32.515	
23014	1771.	29.39	34.994	32.515	
23015	1771.1	29.39	34.994	32.515	
23016	1771.2	29.39	34.994	32.515	
23017	1771.3	29.39	34.994	32.515	
23018	1771.4	29.39	34.994	32.515	
23019	1771.5	29.39	34.994	32.515	
23020	1771.6	29.39	34.994	32.516	
23021	1771.7	29.39	34.995	32.516	
23022	1771.8	29.391	34.995	32.516	
23023	1771.9	29.391	34.995	32.516	
23024	1772.	29.391	34.995	32.516	
23025	1772.	29.391	34.995	32.516	
23026	1772.	29.391	34.995	32.516	
23027	1772.	29.391	34.995	32.516	
23028	1772.1	29.391	34.995	32.516	
23029	1772.2	29.391	34.995	32.516	
23030	1772.3	29.391	34.996	32.516	
23031	1772.4	29.391	34.996	32.517	
23032	1772.5	29.391	34.996	32.517	
23033	1772.6	29.391	34.996	32.517	
23034	1772.7	29.391	34.996	32.517	
23035	1772.8	29.391	34.996	32.517	
23036	1772.9	29.392	34.997	32.517	
23037	1773.	29.392	34.997	32.517	
23038	1773.	29.392	34.997	32.517	
23039	1773.	29.392	34.997	32.517	
23040	1773.	29.392	34.997	32.517	
23041	1773.1	29.392	34.997	32.517	
23042	1773.2	29.392	34.997	32.518	
23043	1773.3	29.392	34.997	32.518	
23044	1773.4	29.392	34.997	32.518	
23045	1773.5	29.392	34.997	32.518	
23046	1773.6	29.392	34.998	32.518	
23047	1773.7	29.392	34.998	32.518	
23048	1773.8	29.392	34.998	32.518	
23049	1773.9	29.392	34.998	32.518	
23050	1774.	29.392	34.998	32.519	
23051	1774.	29.392	34.998	32.519	
23052	1774.	29.392	34.998	32.519	
23053	1774.	29.392	34.998	32.519	
23054	1774.1	29.393	34.998	32.519	
23055	1774.2	29.393	34.999	32.519	
23056	1774.3	29.393	34.999	32.519	
23057	1774.4	29.393	34.999	32.519	
23058	1774.5	29.393	34.999	32.519	
23059	1774.6	29.393	34.999	32.519	
23060	1774.7	29.393	34.999	32.519	
23061	1774.8	29.393	35.	32.52	
23062	1774.9	29.393	35.	32.52	
23063	1775.	29.393	35.	32.52	
23064	1775.	29.393	35.	32.52	
23065	1775.	29.393	35.	32.52	
23066	1775.	29.393	35.	32.52	
23067	1775.1	29.393	35.	32.52	
23068	1775.2	29.393	35.	32.52	
23069	1775.3	29.394	35.	32.52	
23070	1775.4	29.394	35.	32.52	
23071	1775.5	29.394	35.001	32.52	
23072	1775.6	29.394	35.001	32.521	
23073	1775.7	29.394	35.001	32.521	
23074	1775.8	29.394	35.001	32.521	
23075	1775.9	29.394	35.001	32.521	
23076	1776.	29.394	35.001	32.521	
23077	1776.	29.394	35.001	32.521	
23078	1776.	29.394	35.001	32.521	
23079	1776.	29.394	35.001	32.521	
23080	1776.1	29.394	35.002	32.521	
23081	1776.2	29.394	35.002	32.521	
23082	1776.3	29.394	35.002	32.521	
23083	1776.4	29.395	35.002	32.522	
23084	1776.5	29.395	35.002	32.522	
23085	1776.6	29.395	35.002	32.522	
23086	1776.7	29.395	35.002	32.522	
23087	1776.8	29.395	35.003	32.522	
23088	1776.9	29.395	35.003	32.522	
23089	1777.	29.395	35.003	32.522	
23090	1777.	29.395	35.003	32.522	
23091	1777.	29.395	35.003	32.522	
23092	1777.	29.395	35.003	32.522	
23093	1777.1	29.395	35.003	32.523	
23094	1777.2	29.395	35.003	32.523	
23095	1777.3	29.395	35.003	32.523	
23096	1777.4	29.395	35.004	32.523	
23097	1777.5	29.395	35.004	32.523	
23098	1777.6	29.396	35.004	32.523	
23099	1777.7	29.396	35.004	32.523	
23100	1777.8	29.396	35.004	32.523	
23101	1777.9	29.396	35.004	32.524	
23102	1778.	29.396	35.004	32.524	
23103	1778.	29.396	35.004	32.524	
23104	1778.	29.396	35.005	32.524	
23105	1778.	29.396	35.005	32.524	
23106	1778.1	29.396	35.005	32.524	
23107	1778.2	29.396	35.005	32.524	
23108	1778.3	29.396	35.005	32.524	
23109	1778.4	29.396	35.005	32.524	
23110	1778.5	29.396	35.005	32.524	
23111	1778.6	29.396	35.005	32.524	
23112	1778.7	29.396	35.006	32.525	
23113	1778.8	29.397	35.006	32.525	
23114	1778.9	29.397	35.006	32.525	
23115	1779.	29.397	35.006	32.525	
23116	1779.	29.397	35.006	32.525	
23117	1779.	29.397	35.006	32.525	
23118	1779.	29.397	35.006	32.525	
23119	1779.1	29.397	35.006	32.525	
23120	1779.2	29.397	35.006	32.525	
23121	1779.3	29.397	35.007	32.525	
23122	1779.4	29.397	35.007	32.525	
23123	1779.5	29.397	35.007	32.526	
23124	1779.6	29.397	35.007	32.526	
23125	1779.7	29.397	35.007	32.526	
23126	1779.8	29.397	35.007	32.526	
23127	1779.9	29.397	35.008	32.526	
23128	1780.	29.398	35.008	32.526	
23129	1780.	29.398	35.008	32.526	
23130	1780.	29.398	35.008	32.526	
23131	1780.	29.398	35.008	32.526	
23132	1780.1	29.398	35.008	32.526	
23133	1780.2	29.398	35.008	32.526	
23134	1780.3	29.398	35.008	32.527	
23135	1780.4	29.398	35.008	32.527	
23136	1780.5	29.398	35.008	32.527	
23137	1780.6	29.398	35.009	32.527	
23138	1780.7	29.398	35.009	32.527	
23139	1780.8	29.398	35.009	32.527	
23140	1780.9	29.398	35.009	32.527	
23141	1781.	29.398	35.009	32.527	
23142	1781.	29.398	35.009	32.527	
23143	1781.	29.398	35.009	32.527	
23144	1781.	29.398	35.009	32.527	
23145	1781.1	29.399	35.009	32.528	
23146	1781.2	29.399	35.01	32.528	
23147	1781.3	29.399	35.01	32.528	
23148	1781.4	29.399	35.01	32.528	
23149	1781.5	29.399	35.01	32.528	
23150	1781.6	29.399	35.01	32.528	
23151	1781.7	29.399	35.01	32.528	
23152	1781.8	29.399	35.011	32.528	
23153	1781.9	29.399	35.011	32.529	
23154	1782.	29.399	35.011	32.529	
23155	1782.	29.399	35.011	32.529	
23156	1782.	29.399	35.011	32.529	
23157	1782.	29.399	35.011	32.529	
23158	1782.1	29.399	35.011	32.529	
23159	1782.2	29.399	35.011	32.529	
23160	1782.3	29.4	35.011	32.529	
23161	1782.4	29.4	35.011	32.529	
23162	1782.5	29.4	35.012	32.529	
23163	1782.6	29.4	35.012	32.529	
23164	1782.7	29.4	35.012	32.53	
23165	1782.8	29.4	35.012	32.53	
23166	1782.9	29.4	35.012	32.53	
23167	1783.	29.4	35.012	32.53	
23168	1783.	29.4	35.012	32.53	
23169	1783.	29.4	35.012	32.53	
23170	1783.	29.4	35.012	32.53	
23171	1783.1	29.4	35.013	32.53	
23172	1783.2	29.4	35.013	32.53	
23173	1783.3	29.4	35.013	32.53	
23174	1783.4	29.4	35.013	32.53	
23175	1783.5	29.401	35.013	32.531	
23176	1783.6	29.401	35.013	32.531	
23177	1783.7	29.401	35.014	32.531	
23178	1783.8	29.401	35.014	32.531	
23179	1783.9	29.401	35.014	32.531	
23180	1784.	29.401	35.014	32.531	
23181	1784.	29.401	35.014	32.531	
23182	1784.	29.401	35.014	32.531	
23183	1784.	29.401	35.014	32.531	
23184	1784.1	29.401	35.014	32.531	
23185	1784.2	29.401	35.014	32.531	
23186	1784.3	29.401	35.014	32.532	
23187	1784.4	29.401	35.015	32.532	
23188	1784.5	29.401	35.015	32.532	
23189	1784.6	29.402	35.015	32.532	
23190	1784.7	29.402	35.015	32.532	
23191	1784.8	29.402	35.015	32.532	
23192	1784.9	29.402	35.015	32.532	
23193	1785.	29.402	35.016	32.532	
23194	1785.	29.402	35.016	32.532	
23195	1785.	29.402	35.016	32.532	
23196	1785.	29.402	35.016	32.532	
23197	1785.1	29.402	35.016	32.533	
23198	1785.2	29.402	35.016	32.533	
23199	1785.3	29.402	35.016	32.533	
23200	1785.4	29.402	35.016	32.533	
23201	1785.5	29.402	35.016	32.533	
23202	1785.6	29.402	35.017	32.533	
23203	1785.7	29.402	35.017	32.533	
23204	1785.8	29.403	35.017	32.533	
23205	1785.9	29.403	35.017	32.534	
23206	1786.	29.403	35.017	32.534	
23207	1786.	29.403	35.017	32.534	
23208	1786.	29.403	35.017	32.534	
23209	1786.	29.403	35.017	32.534	
23210	1786.1	29.403	35.017	32.534	
23211	1786.2	29.403	35.017	32.534	
23212	1786.3	29.403	35.018	32.534	
23213	1786.4	29.403	35.018	32.534	
23214	1786.5	29.403	35.018	32.534	
23215	1786.6	29.403	35.018	32.534	
23216	1786.7	29.403	35.018	32.535	
23217	1786.8	29.403	35.018	32.535	
23218	1786.9	29.403	35.019	32.535	
23219	1787.	29.404	35.019	32.535	
23220	1787.	29.404	35.019	32.535	
23221	1787.	29.404	35.019	32.535	
23222	1787.	29.404	35.019	32.535	
23223	1787.1	29.404	35.019	32.535	
23224	1787.2	29.404	35.019	32.535	
23225	1787.3	29.404	35.019	32.535	
23226	1787.4	29.404	35.019	32.535	
23227	1787.5	29.404	35.02	32.536	
23228	1787.6	29.404	35.02	32.536	
23229	1787.7	29.404	35.02	32.536	
23230	1787.8	29.404	35.02	32.536	
23231	1787.9	29.404	35.02	32.536	
23232	1788.	29.404	35.02	32.536	
23233	1788.	29.404	35.02	32.536	
23234	1788.	29.404	35.02	32.536	
23235	1788.	29.404	35.02	32.536	
23236	1788.1	29.405	35.02	32.536	
23237	1788.2	29.405	35.021	32.536	
23238	1788.3	29.405	35.021	32.537	
23239	1788.4	29.405	35.021	32.537	
23240	1788.5	29.405	35.021	32.537	
23241	1788.6	29.405	35.021	32.537	
23242	1788.7	29.405	35.021	32.537	
23243	1788.8	29.405	35.022	32.537	
23244	1788.9	29.405	35.022	32.537	
23245	1789.	29.405	35.022	32.537	
23246	1789.	29.405	35.022	32.537	
23247	1789.	29.405	35.022	32.537	
23248	1789.	29.405	35.022	32.537	
23249	1789.1	29.405	35.022	32.538	
23250	1789.2	29.405	35.022	32.538	
23251	1789.3	29.406	35.022	32.538	
23252	1789.4	29.406	35.023	32.538	
23253	1789.5	29.406	35.023	32.538	
23254	1789.6	29.406	35.023	32.538	
23255	1789.7	29.406	35.023	32.538	
23256	1789.8	29.406	35.023	32.538	
23257	1789.9	29.406	35.023	32.539	
23258	1790.	29.406	35.023	32.539	
23259	1790.	29.406	35.023	32.539	
23260	1790.	29.406	35.023	32.539	
23261	1790.	29.406	35.023	32.539	
23262	1790.1	29.406	35.024	32.539	
23263	1790.2	29.406	35.024	32.539	
23264	1790.3	29.406	35.024	32.539	
23265	1790.4	29.406	35.024	32.539	
23266	1790.5	29.407	35.024	32.539	
23267	1790.6	29.407	35.024	32.539	
23268	1790.7	29.407	35.025	32.54	
23269	1790.8	29.407	35.025	32.54	
23270	1790.9	29.407	35.025	32.54	
23271	1791.	29.407	35.025	32.54	
23272	1791.	29.407	35.025	32.54	
23273	1791.	29.407	35.025	32.54	
23274	1791.	29.407	35.025	32.54	
23275	1791.1	29.407	35.025	32.54	
23276	1791.2	29.407	35.025	32.54	
23277	1791.3	29.407	35.025	32.54	
23278	1791.4	29.407	35.026	32.54	
23279	1791.5	29.407	35.026	32.541	
23280	1791.6	29.408	35.026	32.541	
23281	1791.7	29.408	35.026	32.541	
23282	1791.8	29.408	35.026	32.541	
23283	1791.9	29.408	35.026	32.541	
23284	1792.	29.408	35.027	32.541	
23285	1792.	29.408	35.027	32.541	
23286	1792.	29.408	35.027	32.541	
23287	1792.	29.408	35.027	32.541	
23288	1792.1	29.408	35.027	32.541	
23289	1792.2	29.408	35.027	32.541	
23290	1792.3	29.408	35.027	32.542	
23291	1792.4	29.408	35.027	32.542	
23292	1792.5	29.408	35.027	32.542	
23293	1792.6	29.408	35.028	32.542	
23294	1792.7	29.408	35.028	32.542	
23295	1792.8	29.409	35.028	32.542	
23296	1792.9	29.409	35.028	32.542	
23297	1793.	29.409	35.028	32.542	
23298	1793.	29.409	35.028	32.542	
23299	1793.	29.409	35.028	32.542	
23300	1793.	29.409	35.028	32.542	
23301	1793.1	29.409	35.028	32.543	
23302	1793.2	29.409	35.028	32.543	
23303	1793.3	29.409	35.029	32.543	
23304	1793.4	29.409	35.029	32.543	
23305	1793.5	29.409	35.029	32.543	
23306	1793.6	29.409	35.029	32.543	
23307	1793.7	29.409	35.029	32.543	
23308	1793.8	29.409	35.029	32.543	
23309	1793.9	29.409	35.03	32.544	
23310	1794.	29.41	35.03	32.544	
23311	1794.	29.41	35.03	32.544	
23312	1794.	29.41	35.03	32.544	
23313	1794.	29.41	35.03	32.544	
23314	1794.1	29.41	35.03	32.544	
23315	1794.2	29.41	35.03	32.544	
23316	1794.3	29.41	35.03	32.544	
23317	1794.4	29.41	35.03	32.544	
23318	1794.5	29.41	35.031	32.544	
23319	1794.6	29.41	35.031	32.544	
23320	1794.7	29.41	35.031	32.545	
23321	1794.8	29.41	35.031	32.545	
23322	1794.9	29.41	35.031	32.545	
23323	1795.	29.41	35.031	32.545	
23324	1795.	29.41	35.031	32.545	
23325	1795.	29.41	35.031	32.545	
23326	1795.	29.41	35.031	32.545	
23327	1795.1	29.41	35.031	32.545	
23328	1795.2	29.411	35.032	32.545	
23329	1795.3	29.411	35.032	32.545	
23330	1795.4	29.411	35.032	32.545	
23331	1795.5	29.411	35.032	32.546	
23332	1795.6	29.411	35.032	32.546	
23333	1795.7	29.411	35.032	32.546	
23334	1795.8	29.411	35.033	32.546	
23335	1795.9	29.411	35.033	32.546	
23336	1796.	29.411	35.033	32.546	
23337	1796.	29.411	35.033	32.546	
23338	1796.	29.411	35.033	32.546	
23339	1796.	29.411	35.033	32.546	
23340	1796.1	29.411	35.033	32.546	
23341	1796.2	29.411	35.033	32.546	
23342	1796.3	29.412	35.033	32.547	
23343	1796.4	29.412	35.034	32.547	
23344	1796.5	29.412	35.034	32.547	
23345	1796.6	29.412	35.034	32.547	
23346	1796.7	29.412	35.034	32.547	
23347	1796.8	29.412	35.034	32.547	
23348	1796.9	29.412	35.034	32.547	
23349	1797.	29.412	35.034	32.547	
23350	1797.	29.412	35.034	32.547	
23351	1797.	29.412	35.034	32.547	
23352	1797.	29.412	35.035	32.547	
23353	1797.1	29.412	35.035	32.548	
23354	1797.2	29.412	35.035	32.548	
23355	1797.3	29.412	35.035	32.548	
23356	1797.4	29.412	35.035	32.548	
23357	1797.5	29.413	35.035	32.548	
23358	1797.6	29.413	35.035	32.548	
23359	1797.7	29.413	35.036	32.548	
23360	1797.8	29.413	35.036	32.548	
23361	1797.9	29.413	35.036	32.549	
23362	1798.	29.413	35.036	32.549	
23363	1798.	29.413	35.036	32.549	
23364	1798.	29.413	35.036	32.549	
23365	1798.	29.413	35.036	32.549	
23366	1798.1	29.413	35.036	32.549	
23367	1798.2	29.413	35.036	32.549	
23368	1798.3	29.413	35.037	32.549	
23369	1798.4	29.413	35.037	32.549	
23370	1798.5	29.413	35.037	32.549	
23371	1798.6	29.413	35.037	32.549	
23372	1798.7	29.414	35.037	32.55	
23373	1798.8	29.414	35.037	32.55	
23374	1798.9	29.414	35.037	32.55	
23375	1799.	29.414	35.038	32.55	
23376	1799.	29.414	35.038	32.55	
23377	1799.	29.414	35.038	32.55	
23378	1799.	29.414	35.038	32.55	
23379	1799.1	29.414	35.038	32.55	
23380	1799.2	29.414	35.038	32.55	
23381	1799.3	29.414	35.038	32.55	
23382	1799.4	29.414	35.038	32.55	
23383	1799.5	29.414	35.038	32.551	
23384	1799.6	29.414	35.039	32.551	
23385	1799.7	29.414	35.039	32.551	
23386	1799.8	29.415	35.039	32.551	
23387	1799.9	29.415	35.039	32.551	
23388	1800.	29.415	35.039	32.551	
