	Time [s]	Minimum [°C]	Maximum [°C]	Average [°C]	
1	1.	26.343	27.664	27.027	
2	1.01	26.34	27.702	27.029	
3	1.02	26.338	27.731	27.03	
4	1.05	26.334	27.772	27.033	
5	1.11	26.328	27.81	27.037	
6	1.21	26.321	27.853	27.041	
7	1.31	26.316	27.889	27.043	
8	1.41	26.312	27.921	27.045	
9	1.51	26.309	27.948	27.047	
10	1.61	26.307	27.972	27.048	
11	1.71	26.304	27.992	27.049	
12	1.81	26.303	28.009	27.05	
13	1.91	26.301	28.023	27.05	
14	2.	26.3	28.034	27.051	
15	2.01	26.299	28.036	27.051	
16	2.02	26.299	28.037	27.051	
17	2.05	26.299	28.04	27.051	
18	2.14	26.298	28.049	27.052	
19	2.24	26.297	28.058	27.052	
20	2.34	26.296	28.066	27.052	
21	2.44	26.295	28.073	27.053	
22	2.54	26.294	28.08	27.053	
23	2.64	26.293	28.085	27.053	
24	2.74	26.292	28.091	27.053	
25	2.84	26.291	28.096	27.054	
26	2.94	26.291	28.1	27.054	
27	3.	26.29	28.103	27.054	
28	3.01	26.29	28.104	27.054	
29	3.02	26.29	28.104	27.054	
30	3.05	26.29	28.105	27.054	
31	3.14	26.29	28.109	27.054	
32	3.24	26.289	28.113	27.054	
33	3.34	26.289	28.117	27.054	
34	3.44	26.288	28.12	27.054	
35	3.54	26.288	28.124	27.054	
36	3.64	26.288	28.127	27.054	
37	3.74	26.287	28.13	27.054	
38	3.84	26.287	28.133	27.054	
39	3.94	26.287	28.136	27.054	
40	4.	26.287	28.138	27.054	
41	4.01	26.287	28.138	27.054	
42	4.02	26.287	28.138	27.054	
43	4.05	26.286	28.139	27.054	
44	4.14	26.286	28.141	27.054	
45	4.24	26.286	28.144	27.054	
46	4.34	26.286	28.146	27.054	
47	4.44	26.286	28.149	27.054	
48	4.54	26.286	28.151	27.054	
49	4.64	26.285	28.153	27.054	
50	4.74	26.285	28.155	27.053	
51	4.84	26.285	28.157	27.053	
52	4.94	26.285	28.159	27.053	
53	5.	26.285	28.16	27.053	
54	5.01	26.285	28.16	27.053	
55	5.02	26.285	28.16	27.053	
56	5.05	26.285	28.161	27.053	
57	5.14	26.285	28.163	27.053	
58	5.24	26.285	28.164	27.053	
59	5.34	26.285	28.166	27.053	
60	5.44	26.285	28.167	27.053	
61	5.54	26.285	28.169	27.052	
62	5.64	26.285	28.17	27.052	
63	5.74	26.285	28.172	27.052	
64	5.84	26.285	28.173	27.052	
65	5.94	26.285	28.174	27.052	
66	6.	26.285	28.175	27.052	
67	6.01	26.285	28.175	27.052	
68	6.02	26.285	28.175	27.052	
69	6.05	26.285	28.176	27.052	
70	6.14	26.285	28.177	27.052	
71	6.24	26.285	28.178	27.051	
72	6.34	26.285	28.179	27.051	
73	6.44	26.285	28.18	27.051	
74	6.54	26.285	28.181	27.051	
75	6.64	26.285	28.182	27.051	
76	6.74	26.285	28.183	27.051	
77	6.84	26.285	28.184	27.05	
78	6.94	26.285	28.185	27.05	
79	7.	26.285	28.185	27.05	
80	7.01	26.285	28.185	27.05	
81	7.02	26.285	28.185	27.05	
82	7.05	26.285	28.186	27.05	
83	7.14	26.285	28.186	27.05	
84	7.24	26.285	28.187	27.05	
85	7.34	26.285	28.188	27.05	
86	7.44	26.285	28.189	27.049	
87	7.54	26.285	28.189	27.049	
88	7.64	26.286	28.19	27.049	
89	7.74	26.286	28.191	27.049	
90	7.84	26.286	28.191	27.049	
91	7.94	26.286	28.192	27.049	
92	8.	26.286	28.192	27.048	
93	8.01	26.286	28.192	27.048	
94	8.02	26.286	28.192	27.048	
95	8.05	26.286	28.192	27.048	
96	8.14	26.286	28.193	27.048	
97	8.24	26.286	28.193	27.048	
98	8.34	26.286	28.194	27.048	
99	8.44	26.286	28.194	27.048	
100	8.54	26.286	28.195	27.048	
101	8.64	26.286	28.195	27.047	
102	8.74	26.286	28.196	27.047	
103	8.84	26.286	28.196	27.047	
104	8.94	26.286	28.197	27.047	
105	9.	26.286	28.197	27.047	
106	9.01	26.286	28.197	27.047	
107	9.02	26.286	28.197	27.047	
108	9.05	26.286	28.197	27.047	
109	9.14	26.287	28.197	27.047	
110	9.24	26.287	28.198	27.046	
111	9.34	26.287	28.198	27.046	
112	9.44	26.287	28.199	27.046	
113	9.54	26.287	28.199	27.046	
114	9.64	26.287	28.199	27.046	
115	9.74	26.287	28.2	27.045	
116	9.84	26.287	28.2	27.045	
117	9.94	26.287	28.2	27.045	
118	10.	26.287	28.2	27.045	
119	10.01	26.287	28.2	27.045	
120	10.02	26.287	28.2	27.045	
121	10.05	26.287	28.2	27.045	
122	10.14	26.287	28.201	27.045	
123	10.24	26.287	28.201	27.045	
124	10.34	26.288	28.201	27.044	
125	10.44	26.288	28.202	27.044	
126	10.54	26.288	28.202	27.044	
127	10.64	26.288	28.202	27.044	
128	10.74	26.288	28.202	27.044	
129	10.84	26.288	28.203	27.044	
130	10.94	26.288	28.203	27.043	
131	11.	26.288	28.203	27.043	
132	11.01	26.288	28.203	27.043	
133	11.02	26.288	28.203	27.043	
134	11.05	26.288	28.203	27.043	
135	11.14	26.288	28.203	27.043	
136	11.24	26.288	28.203	27.043	
137	11.34	26.288	28.204	27.043	
138	11.44	26.288	28.204	27.043	
139	11.54	26.288	28.204	27.042	
140	11.64	26.289	28.204	27.042	
141	11.74	26.289	28.204	27.042	
142	11.84	26.289	28.205	27.042	
143	11.94	26.289	28.205	27.042	
144	12.	26.289	28.205	27.042	
145	12.01	26.289	28.205	27.042	
146	12.02	26.289	28.205	27.042	
147	12.05	26.289	28.205	27.042	
148	12.14	26.289	28.205	27.041	
149	12.24	26.289	28.205	27.041	
150	12.34	26.289	28.205	27.041	
151	12.44	26.289	28.206	27.041	
152	12.54	26.289	28.206	27.041	
153	12.64	26.289	28.206	27.041	
154	12.74	26.289	28.206	27.04	
155	12.84	26.29	28.206	27.04	
156	12.94	26.29	28.206	27.04	
157	13.	26.29	28.207	27.04	
158	13.01	26.29	28.207	27.04	
159	13.02	26.29	28.207	27.04	
160	13.05	26.29	28.207	27.04	
161	13.14	26.29	28.207	27.04	
162	13.24	26.29	28.207	27.04	
163	13.34	26.29	28.207	27.039	
164	13.44	26.29	28.207	27.039	
165	13.54	26.29	28.207	27.039	
166	13.64	26.29	28.207	27.039	
167	13.74	26.29	28.208	27.039	
168	13.84	26.29	28.208	27.039	
169	13.94	26.29	28.208	27.038	
170	14.	26.291	28.208	27.038	
171	14.01	26.291	28.208	27.038	
172	14.02	26.291	28.208	27.038	
173	14.05	26.291	28.208	27.038	
174	14.14	26.291	28.208	27.038	
175	14.24	26.291	28.208	27.038	
176	14.34	26.291	28.208	27.038	
177	14.44	26.291	28.209	27.038	
178	14.54	26.291	28.209	27.037	
179	14.64	26.291	28.209	27.037	
180	14.74	26.291	28.209	27.037	
181	14.84	26.291	28.209	27.037	
182	14.94	26.291	28.209	27.037	
183	15.	26.291	28.209	27.037	
184	15.01	26.291	28.209	27.037	
185	15.02	26.291	28.209	27.037	
186	15.05	26.291	28.209	27.037	
187	15.14	26.292	28.209	27.036	
188	15.24	26.292	28.21	27.036	
189	15.34	26.292	28.21	27.036	
190	15.44	26.292	28.21	27.036	
191	15.54	26.292	28.21	27.036	
192	15.64	26.292	28.21	27.036	
193	15.74	26.292	28.21	27.035	
194	15.84	26.292	28.21	27.035	
195	15.94	26.292	28.21	27.035	
196	16.	26.292	28.21	27.035	
197	16.01	26.292	28.21	27.035	
198	16.02	26.292	28.21	27.035	
199	16.05	26.292	28.21	27.035	
200	16.14	26.292	28.211	27.035	
201	16.24	26.292	28.211	27.035	
202	16.34	26.293	28.211	27.034	
203	16.44	26.293	28.211	27.034	
204	16.54	26.293	28.211	27.034	
205	16.64	26.293	28.211	27.034	
206	16.74	26.293	28.211	27.034	
207	16.84	26.293	28.211	27.034	
208	16.94	26.293	28.211	27.033	
209	17.	26.293	28.211	27.033	
210	17.01	26.293	28.212	27.033	
211	17.02	26.293	28.212	27.033	
212	17.05	26.293	28.212	27.033	
213	17.14	26.293	28.212	27.033	
214	17.24	26.293	28.212	27.033	
215	17.34	26.293	28.212	27.033	
216	17.44	26.293	28.212	27.033	
217	17.54	26.294	28.212	27.033	
218	17.64	26.294	28.212	27.032	
219	17.74	26.294	28.212	27.032	
220	17.84	26.294	28.212	27.032	
221	17.94	26.294	28.212	27.032	
222	18.	26.294	28.213	27.032	
223	18.01	26.294	28.213	27.032	
224	18.02	26.294	28.213	27.032	
225	18.05	26.294	28.213	27.032	
226	18.14	26.294	28.213	27.032	
227	18.24	26.294	28.213	27.031	
228	18.34	26.294	28.213	27.031	
229	18.44	26.294	28.213	27.031	
230	18.54	26.294	28.213	27.031	
231	18.64	26.294	28.213	27.031	
232	18.74	26.294	28.213	27.031	
233	18.84	26.295	28.213	27.03	
234	18.94	26.295	28.214	27.03	
235	19.	26.295	28.214	27.03	
236	19.01	26.295	28.214	27.03	
237	19.02	26.295	28.214	27.03	
238	19.05	26.295	28.214	27.03	
239	19.14	26.295	28.214	27.03	
240	19.24	26.295	28.214	27.03	
241	19.34	26.295	28.214	27.03	
242	19.44	26.295	28.214	27.03	
243	19.54	26.295	28.214	27.029	
244	19.64	26.295	28.214	27.029	
245	19.74	26.295	28.214	27.029	
246	19.84	26.295	28.214	27.029	
247	19.94	26.295	28.215	27.029	
248	20.	26.296	28.215	27.029	
249	20.01	26.296	28.215	27.029	
250	20.02	26.296	28.215	27.029	
251	20.05	26.296	28.215	27.029	
252	20.14	26.296	28.215	27.028	
253	20.24	26.296	28.215	27.028	
254	20.34	26.296	28.215	27.028	
255	20.44	26.296	28.215	27.028	
256	20.54	26.296	28.215	27.028	
257	20.64	26.296	28.215	27.028	
258	20.74	26.296	28.215	27.027	
259	20.84	26.296	28.215	27.027	
260	20.94	26.296	28.216	27.027	
261	21.	26.296	28.216	27.027	
262	21.01	26.296	28.216	27.027	
263	21.02	26.296	28.216	27.027	
264	21.05	26.296	28.216	27.027	
265	21.14	26.296	28.216	27.027	
266	21.24	26.297	28.216	27.027	
267	21.34	26.297	28.216	27.027	
268	21.44	26.297	28.216	27.026	
269	21.54	26.297	28.216	27.026	
270	21.64	26.297	28.216	27.026	
271	21.74	26.297	28.216	27.026	
272	21.84	26.297	28.216	27.026	
273	21.94	26.297	28.217	27.026	
274	22.	26.297	28.217	27.026	
275	22.01	26.297	28.217	27.026	
276	22.02	26.297	28.217	27.026	
277	22.05	26.297	28.217	27.025	
278	22.14	26.297	28.217	27.025	
279	22.24	26.297	28.217	27.025	
280	22.34	26.297	28.217	27.025	
281	22.44	26.298	28.217	27.025	
282	22.54	26.298	28.217	27.025	
283	22.64	26.298	28.217	27.025	
284	22.74	26.298	28.217	27.024	
285	22.84	26.298	28.217	27.024	
286	22.94	26.298	28.218	27.024	
287	23.	26.298	28.218	27.024	
288	23.01	26.298	28.218	27.024	
289	23.02	26.298	28.218	27.024	
290	23.05	26.298	28.218	27.024	
291	23.14	26.298	28.218	27.024	
292	23.24	26.298	28.218	27.024	
293	23.34	26.298	28.218	27.024	
294	23.44	26.298	28.218	27.023	
295	23.54	26.298	28.218	27.023	
296	23.64	26.299	28.218	27.023	
297	23.74	26.299	28.218	27.023	
298	23.84	26.299	28.218	27.023	
299	23.94	26.299	28.219	27.023	
300	24.	26.299	28.219	27.023	
301	24.01	26.299	28.219	27.023	
302	24.02	26.299	28.219	27.023	
303	24.05	26.299	28.219	27.022	
304	24.14	26.299	28.219	27.022	
305	24.24	26.299	28.219	27.022	
306	24.34	26.299	28.219	27.022	
307	24.44	26.299	28.219	27.022	
308	24.54	26.299	28.219	27.022	
309	24.64	26.299	28.219	27.022	
310	24.74	26.299	28.219	27.021	
311	24.84	26.299	28.219	27.021	
312	24.94	26.3	28.22	27.021	
313	25.	26.3	28.22	27.021	
314	25.01	26.3	28.22	27.021	
315	25.02	26.3	28.22	27.021	
316	25.05	26.3	28.22	27.021	
317	25.14	26.3	28.22	27.021	
318	25.24	26.3	28.22	27.021	
319	25.34	26.3	28.22	27.021	
320	25.44	26.3	28.22	27.02	
321	25.54	26.3	28.22	27.02	
322	25.64	26.3	28.22	27.02	
323	25.74	26.3	28.22	27.02	
324	25.84	26.3	28.22	27.02	
325	25.94	26.3	28.221	27.02	
326	26.	26.3	28.221	27.02	
327	26.01	26.3	28.221	27.02	
328	26.02	26.3	28.221	27.02	
329	26.05	26.3	28.221	27.02	
330	26.14	26.301	28.221	27.019	
331	26.24	26.301	28.221	27.019	
332	26.34	26.301	28.221	27.019	
333	26.44	26.301	28.221	27.019	
334	26.54	26.301	28.221	27.019	
335	26.64	26.301	28.221	27.019	
336	26.74	26.301	28.221	27.019	
337	26.84	26.301	28.221	27.018	
338	26.94	26.301	28.222	27.018	
339	27.	26.301	28.222	27.018	
340	27.01	26.301	28.222	27.018	
341	27.02	26.301	28.222	27.018	
342	27.05	26.301	28.222	27.018	
343	27.14	26.301	28.222	27.018	
344	27.24	26.301	28.222	27.018	
345	27.34	26.301	28.222	27.018	
346	27.44	26.302	28.222	27.018	
347	27.54	26.302	28.222	27.017	
348	27.64	26.302	28.222	27.017	
349	27.74	26.302	28.222	27.017	
350	27.84	26.302	28.222	27.017	
351	27.94	26.302	28.223	27.017	
352	28.	26.302	28.223	27.017	
353	28.01	26.302	28.223	27.017	
354	28.02	26.302	28.223	27.017	
355	28.05	26.302	28.223	27.017	
356	28.14	26.302	28.223	27.017	
357	28.24	26.302	28.223	27.016	
358	28.34	26.302	28.223	27.016	
359	28.44	26.302	28.223	27.016	
360	28.54	26.302	28.223	27.016	
361	28.64	26.303	28.223	27.016	
362	28.74	26.303	28.223	27.016	
363	28.84	26.303	28.223	27.016	
364	28.94	26.303	28.224	27.015	
365	29.	26.303	28.224	27.015	
366	29.01	26.303	28.224	27.015	
367	29.02	26.303	28.224	27.015	
368	29.05	26.303	28.224	27.015	
369	29.14	26.303	28.224	27.015	
370	29.24	26.303	28.224	27.015	
371	29.34	26.303	28.224	27.015	
372	29.44	26.303	28.224	27.015	
373	29.54	26.303	28.224	27.015	
374	29.64	26.303	28.224	27.014	
375	29.74	26.303	28.224	27.014	
376	29.84	26.303	28.224	27.014	
377	29.94	26.304	28.225	27.014	
378	30.	26.304	28.225	27.014	
379	30.01	26.304	28.225	27.014	
380	30.02	26.304	28.225	27.014	
381	30.05	26.304	28.225	27.014	
382	30.14	26.304	28.225	27.014	
383	30.24	26.304	28.225	27.014	
384	30.34	26.304	28.225	27.013	
385	30.44	26.304	28.225	27.013	
386	30.54	26.304	28.225	27.013	
387	30.64	26.304	28.225	27.013	
388	30.74	26.304	28.225	27.013	
389	30.84	26.304	28.225	27.013	
390	30.94	26.304	28.226	27.013	
391	31.	26.304	28.226	27.013	
392	31.01	26.304	28.226	27.013	
393	31.02	26.304	28.226	27.013	
394	31.05	26.304	28.226	27.012	
395	31.14	26.304	28.226	27.012	
396	31.24	26.305	28.226	27.012	
397	31.34	26.305	28.226	27.012	
398	31.44	26.305	28.226	27.012	
399	31.54	26.305	28.226	27.012	
400	31.64	26.305	28.226	27.012	
401	31.74	26.305	28.226	27.012	
402	31.84	26.305	28.226	27.011	
403	31.94	26.305	28.227	27.011	
404	32.	26.305	28.227	27.011	
405	32.01	26.305	28.227	27.011	
406	32.02	26.305	28.227	27.011	
407	32.05	26.305	28.227	27.011	
408	32.14	26.305	28.227	27.011	
409	32.24	26.305	28.227	27.011	
410	32.34	26.305	28.227	27.011	
411	32.44	26.305	28.227	27.011	
412	32.54	26.306	28.227	27.01	
413	32.64	26.306	28.227	27.01	
414	32.74	26.306	28.227	27.01	
415	32.84	26.306	28.227	27.01	
416	32.94	26.306	28.228	27.01	
417	33.	26.306	28.228	27.01	
418	33.01	26.306	28.228	27.01	
419	33.02	26.306	28.228	27.01	
420	33.05	26.306	28.228	27.01	
421	33.14	26.306	28.228	27.01	
422	33.24	26.306	28.228	27.01	
423	33.34	26.306	28.228	27.009	
424	33.44	26.306	28.228	27.009	
425	33.54	26.306	28.228	27.009	
426	33.64	26.306	28.228	27.009	
427	33.74	26.307	28.228	27.009	
428	33.84	26.307	28.228	27.009	
429	33.94	26.307	28.229	27.009	
430	34.	26.307	28.229	27.009	
431	34.01	26.307	28.229	27.008	
432	34.02	26.307	28.229	27.008	
433	34.05	26.307	28.229	27.008	
434	34.14	26.307	28.229	27.008	
435	34.24	26.307	28.229	27.008	
436	34.34	26.307	28.229	27.008	
437	34.44	26.307	28.229	27.008	
438	34.54	26.307	28.229	27.008	
439	34.64	26.307	28.229	27.008	
440	34.74	26.307	28.229	27.008	
441	34.84	26.307	28.229	27.007	
442	34.94	26.307	28.23	27.007	
443	35.	26.307	28.23	27.007	
444	35.01	26.307	28.23	27.007	
445	35.02	26.307	28.23	27.007	
446	35.05	26.308	28.23	27.007	
447	35.14	26.308	28.23	27.007	
448	35.24	26.308	28.23	27.007	
449	35.34	26.308	28.23	27.007	
450	35.44	26.308	28.23	27.007	
451	35.54	26.308	28.23	27.006	
452	35.64	26.308	28.23	27.006	
453	35.74	26.308	28.23	27.006	
454	35.84	26.308	28.23	27.006	
455	35.94	26.308	28.231	27.006	
456	36.	26.308	28.231	27.006	
457	36.01	26.308	28.231	27.006	
458	36.02	26.308	28.231	27.006	
459	36.05	26.308	28.231	27.006	
460	36.14	26.308	28.231	27.006	
461	36.24	26.308	28.231	27.006	
462	36.34	26.309	28.231	27.005	
463	36.44	26.309	28.231	27.005	
464	36.54	26.309	28.231	27.005	
465	36.64	26.309	28.231	27.005	
466	36.74	26.309	28.231	27.005	
467	36.84	26.309	28.231	27.005	
468	36.94	26.309	28.232	27.005	
469	37.	26.309	28.232	27.005	
470	37.01	26.309	28.232	27.005	
471	37.02	26.309	28.232	27.005	
472	37.05	26.309	28.232	27.005	
473	37.14	26.309	28.232	27.004	
474	37.24	26.309	28.232	27.004	
475	37.34	26.309	28.232	27.004	
476	37.44	26.309	28.232	27.004	
477	37.54	26.309	28.232	27.004	
478	37.64	26.31	28.232	27.004	
479	37.74	26.31	28.232	27.004	
480	37.84	26.31	28.232	27.004	
481	37.94	26.31	28.233	27.003	
482	38.	26.31	28.233	27.003	
483	38.01	26.31	28.233	27.003	
484	38.02	26.31	28.233	27.003	
485	38.05	26.31	28.233	27.003	
486	38.14	26.31	28.233	27.003	
487	38.24	26.31	28.233	27.003	
488	38.34	26.31	28.233	27.003	
489	38.44	26.31	28.233	27.003	
490	38.54	26.31	28.233	27.003	
491	38.64	26.31	28.233	27.003	
492	38.74	26.31	28.233	27.002	
493	38.84	26.31	28.233	27.002	
494	38.94	26.31	28.234	27.002	
495	39.	26.311	28.234	27.002	
496	39.01	26.311	28.234	27.002	
497	39.02	26.311	28.234	27.002	
498	39.05	26.311	28.234	27.002	
499	39.14	26.311	28.234	27.002	
500	39.24	26.311	28.234	27.002	
501	39.34	26.311	28.234	27.002	
502	39.44	26.311	28.234	27.002	
503	39.54	26.311	28.234	27.001	
504	39.64	26.311	28.234	27.001	
505	39.74	26.311	28.234	27.001	
506	39.84	26.311	28.234	27.001	
507	39.94	26.311	28.235	27.001	
508	40.	26.311	28.235	27.001	
509	40.01	26.311	28.235	27.001	
510	40.02	26.311	28.235	27.001	
511	40.05	26.311	28.235	27.001	
512	40.14	26.311	28.235	27.001	
513	40.24	26.311	28.235	27.001	
514	40.34	26.312	28.235	27.	
515	40.44	26.312	28.235	27.	
516	40.54	26.312	28.235	27.	
517	40.64	26.312	28.235	27.	
518	40.74	26.312	28.235	27.	
519	40.84	26.312	28.235	27.	
520	40.94	26.312	28.236	27.	
521	41.	26.312	28.236	27.	
522	41.01	26.312	28.236	27.	
523	41.02	26.312	28.236	27.	
524	41.05	26.312	28.236	27.	
525	41.14	26.312	28.236	26.999	
526	41.24	26.312	28.236	26.999	
527	41.34	26.312	28.236	26.999	
528	41.44	26.312	28.236	26.999	
529	41.54	26.312	28.236	26.999	
530	41.64	26.313	28.236	26.999	
531	41.74	26.313	28.236	26.999	
532	41.84	26.313	28.236	26.999	
533	41.94	26.313	28.237	26.998	
534	42.	26.313	28.237	26.998	
535	42.01	26.313	28.237	26.998	
536	42.02	26.313	28.237	26.998	
537	42.05	26.313	28.237	26.998	
538	42.14	26.313	28.237	26.998	
539	42.24	26.313	28.237	26.998	
540	42.34	26.313	28.237	26.998	
541	42.44	26.313	28.237	26.998	
542	42.54	26.313	28.237	26.998	
543	42.64	26.313	28.237	26.998	
544	42.74	26.313	28.237	26.997	
545	42.84	26.313	28.237	26.997	
546	42.94	26.314	28.238	26.997	
547	43.	26.314	28.238	26.997	
548	43.01	26.314	28.238	26.997	
549	43.02	26.314	28.238	26.997	
550	43.05	26.314	28.238	26.997	
551	43.14	26.314	28.238	26.997	
552	43.24	26.314	28.238	26.997	
553	43.34	26.314	28.238	26.997	
554	43.44	26.314	28.238	26.997	
555	43.54	26.314	28.238	26.997	
556	43.64	26.314	28.238	26.996	
557	43.74	26.314	28.238	26.996	
558	43.84	26.314	28.238	26.996	
559	43.94	26.314	28.239	26.996	
560	44.	26.314	28.239	26.996	
561	44.01	26.314	28.239	26.996	
562	44.02	26.314	28.239	26.996	
563	44.05	26.314	28.239	26.996	
564	44.14	26.314	28.239	26.996	
565	44.24	26.314	28.239	26.996	
566	44.34	26.315	28.239	26.996	
567	44.44	26.315	28.239	26.995	
568	44.54	26.315	28.239	26.995	
569	44.64	26.315	28.239	26.995	
570	44.74	26.315	28.239	26.995	
571	44.84	26.315	28.24	26.995	
572	44.94	26.315	28.24	26.995	
573	45.	26.315	28.24	26.995	
574	45.01	26.315	28.24	26.995	
575	45.02	26.315	28.24	26.995	
576	45.05	26.315	28.24	26.995	
577	45.14	26.315	28.24	26.995	
578	45.24	26.315	28.24	26.995	
579	45.34	26.315	28.24	26.994	
580	45.44	26.315	28.24	26.994	
581	45.54	26.315	28.24	26.994	
582	45.64	26.316	28.24	26.994	
583	45.74	26.316	28.24	26.994	
584	45.84	26.316	28.241	26.994	
585	45.94	26.316	28.241	26.994	
586	46.	26.316	28.241	26.994	
587	46.01	26.316	28.241	26.994	
588	46.02	26.316	28.241	26.994	
589	46.05	26.316	28.241	26.994	
590	46.14	26.316	28.241	26.994	
591	46.24	26.316	28.241	26.993	
592	46.34	26.316	28.241	26.993	
593	46.44	26.316	28.241	26.993	
594	46.54	26.316	28.241	26.993	
595	46.64	26.316	28.241	26.993	
596	46.74	26.316	28.241	26.993	
597	46.84	26.316	28.242	26.993	
598	46.94	26.316	28.242	26.993	
599	47.	26.317	28.242	26.993	
600	47.01	26.317	28.242	26.993	
601	47.02	26.317	28.242	26.992	
602	47.05	26.317	28.242	26.992	
603	47.14	26.317	28.242	26.992	
604	47.24	26.317	28.242	26.992	
605	47.34	26.317	28.242	26.992	
606	47.44	26.317	28.242	26.992	
607	47.54	26.317	28.242	26.992	
608	47.64	26.317	28.242	26.992	
609	47.74	26.317	28.242	26.992	
610	47.84	26.317	28.243	26.992	
611	47.94	26.317	28.243	26.991	
612	48.	26.317	28.243	26.991	
613	48.01	26.317	28.243	26.991	
614	48.02	26.317	28.243	26.991	
615	48.05	26.317	28.243	26.991	
616	48.14	26.317	28.243	26.991	
617	48.24	26.317	28.243	26.991	
618	48.34	26.317	28.243	26.991	
619	48.44	26.318	28.243	26.991	
620	48.54	26.318	28.243	26.991	
621	48.64	26.318	28.243	26.991	
622	48.74	26.318	28.243	26.991	
623	48.84	26.318	28.244	26.99	
624	48.94	26.318	28.244	26.99	
625	49.	26.318	28.244	26.99	
626	49.01	26.318	28.244	26.99	
627	49.02	26.318	28.244	26.99	
628	49.05	26.318	28.244	26.99	
629	49.14	26.318	28.244	26.99	
630	49.24	26.318	28.244	26.99	
631	49.34	26.318	28.244	26.99	
632	49.44	26.318	28.244	26.99	
633	49.54	26.318	28.244	26.99	
634	49.64	26.318	28.244	26.99	
635	49.74	26.319	28.245	26.989	
636	49.84	26.319	28.245	26.989	
637	49.94	26.319	28.245	26.989	
638	50.	26.319	28.245	26.989	
639	50.01	26.319	28.245	26.989	
640	50.02	26.319	28.245	26.989	
641	50.05	26.319	28.245	26.989	
642	50.14	26.319	28.245	26.989	
643	50.24	26.319	28.245	26.989	
644	50.34	26.319	28.245	26.989	
645	50.44	26.319	28.245	26.989	
646	50.54	26.319	28.245	26.989	
647	50.64	26.319	28.245	26.988	
648	50.74	26.319	28.246	26.988	
649	50.84	26.319	28.246	26.988	
650	50.94	26.319	28.246	26.988	
651	51.	26.319	28.246	26.988	
652	51.01	26.319	28.246	26.988	
653	51.02	26.319	28.246	26.988	
654	51.05	26.319	28.246	26.988	
655	51.14	26.32	28.246	26.988	
656	51.24	26.32	28.246	26.988	
657	51.34	26.32	28.246	26.988	
658	51.44	26.32	28.246	26.988	
659	51.54	26.32	28.246	26.987	
660	51.64	26.32	28.246	26.987	
661	51.74	26.32	28.247	26.987	
662	51.84	26.32	28.247	26.987	
663	51.94	26.32	28.247	26.987	
664	52.	26.32	28.247	26.987	
665	52.01	26.32	28.247	26.987	
666	52.02	26.32	28.247	26.987	
667	52.05	26.32	28.247	26.987	
668	52.14	26.32	28.247	26.987	
669	52.24	26.32	28.247	26.987	
670	52.34	26.32	28.247	26.987	
671	52.44	26.32	28.247	26.987	
672	52.54	26.321	28.247	26.986	
673	52.64	26.321	28.247	26.986	
674	52.74	26.321	28.248	26.986	
675	52.84	26.321	28.248	26.986	
676	52.94	26.321	28.248	26.986	
677	53.	26.321	28.248	26.986	
678	53.01	26.321	28.248	26.986	
679	53.02	26.321	28.248	26.986	
680	53.05	26.321	28.248	26.986	
681	53.14	26.321	28.248	26.986	
682	53.24	26.321	28.248	26.986	
683	53.34	26.321	28.248	26.986	
684	53.44	26.321	28.248	26.985	
685	53.54	26.321	28.248	26.985	
686	53.64	26.321	28.249	26.985	
687	53.74	26.321	28.249	26.985	
688	53.84	26.321	28.249	26.985	
689	53.94	26.322	28.249	26.985	
690	54.	26.322	28.249	26.985	
691	54.01	26.322	28.249	26.985	
692	54.02	26.322	28.249	26.985	
693	54.05	26.322	28.249	26.985	
694	54.14	26.322	28.249	26.985	
695	54.24	26.322	28.249	26.985	
696	54.34	26.322	28.249	26.985	
697	54.44	26.322	28.249	26.984	
698	54.54	26.322	28.249	26.984	
699	54.64	26.322	28.25	26.984	
700	54.74	26.322	28.25	26.984	
701	54.84	26.322	28.25	26.984	
702	54.94	26.322	28.25	26.984	
703	55.	26.322	28.25	26.984	
704	55.01	26.322	28.25	26.984	
705	55.02	26.322	28.25	26.984	
706	55.05	26.322	28.25	26.984	
707	55.14	26.322	28.25	26.984	
708	55.24	26.322	28.25	26.984	
709	55.34	26.323	28.25	26.983	
710	55.44	26.323	28.25	26.983	
711	55.54	26.323	28.25	26.983	
712	55.64	26.323	28.251	26.983	
713	55.74	26.323	28.251	26.983	
714	55.84	26.323	28.251	26.983	
715	55.94	26.323	28.251	26.983	
716	56.	26.323	28.251	26.983	
717	56.01	26.323	28.251	26.983	
718	56.02	26.323	28.251	26.983	
719	56.05	26.323	28.251	26.983	
720	56.14	26.323	28.251	26.983	
721	56.24	26.323	28.251	26.983	
722	56.34	26.323	28.251	26.982	
723	56.44	26.323	28.251	26.982	
724	56.54	26.323	28.251	26.982	
725	56.64	26.323	28.252	26.982	
726	56.74	26.324	28.252	26.982	
727	56.84	26.324	28.252	26.982	
728	56.94	26.324	28.252	26.982	
729	57.	26.324	28.252	26.982	
730	57.01	26.324	28.252	26.982	
731	57.02	26.324	28.252	26.982	
732	57.05	26.324	28.252	26.982	
733	57.14	26.324	28.252	26.982	
734	57.24	26.324	28.252	26.982	
735	57.34	26.324	28.252	26.981	
736	57.44	26.324	28.252	26.981	
737	57.54	26.324	28.253	26.981	
738	57.64	26.324	28.253	26.981	
739	57.74	26.324	28.253	26.981	
740	57.84	26.324	28.253	26.981	
741	57.94	26.324	28.253	26.981	
742	58.	26.324	28.253	26.981	
743	58.01	26.324	28.253	26.981	
744	58.02	26.324	28.253	26.981	
745	58.05	26.324	28.253	26.981	
746	58.14	26.325	28.253	26.981	
747	58.24	26.325	28.253	26.981	
748	58.34	26.325	28.253	26.98	
749	58.44	26.325	28.253	26.98	
750	58.54	26.325	28.254	26.98	
751	58.64	26.325	28.254	26.98	
752	58.74	26.325	28.254	26.98	
753	58.84	26.325	28.254	26.98	
754	58.94	26.325	28.254	26.98	
755	59.	26.325	28.254	26.98	
756	59.01	26.325	28.254	26.98	
757	59.02	26.325	28.254	26.98	
758	59.05	26.325	28.254	26.98	
759	59.14	26.325	28.254	26.98	
760	59.24	26.325	28.254	26.98	
761	59.34	26.325	28.254	26.979	
762	59.44	26.325	28.254	26.979	
763	59.54	26.325	28.255	26.979	
764	59.64	26.326	28.255	26.979	
765	59.74	26.326	28.255	26.979	
766	59.84	26.326	28.255	26.979	
767	59.94	26.326	28.255	26.979	
768	60.	26.326	28.255	26.979	
769	60.01	26.326	28.255	26.979	
770	60.02	26.326	28.255	26.979	
771	60.05	26.326	28.255	26.979	
772	60.14	26.326	28.255	26.979	
773	60.24	26.326	28.255	26.979	
774	60.34	26.326	28.255	26.978	
775	60.44	26.326	28.256	26.978	
776	60.54	26.326	28.256	26.978	
777	60.64	26.326	28.256	26.978	
778	60.74	26.326	28.256	26.978	
779	60.84	26.326	28.256	26.978	
780	60.94	26.326	28.256	26.978	
781	61.	26.326	28.256	26.978	
782	61.01	26.327	28.256	26.978	
783	61.02	26.327	28.256	26.978	
784	61.05	26.327	28.256	26.978	
785	61.14	26.327	28.256	26.978	
786	61.24	26.327	28.256	26.978	
787	61.34	26.327	28.256	26.978	
788	61.44	26.327	28.257	26.977	
789	61.54	26.327	28.257	26.977	
790	61.64	26.327	28.257	26.977	
791	61.74	26.327	28.257	26.977	
792	61.84	26.327	28.257	26.977	
793	61.94	26.327	28.257	26.977	
794	62.	26.327	28.257	26.977	
795	62.01	26.327	28.257	26.977	
796	62.02	26.327	28.257	26.977	
797	62.05	26.327	28.257	26.977	
798	62.14	26.327	28.257	26.977	
799	62.24	26.327	28.257	26.977	
800	62.34	26.327	28.257	26.977	
801	62.44	26.327	28.258	26.976	
802	62.54	26.328	28.258	26.976	
803	62.64	26.328	28.258	26.976	
804	62.74	26.328	28.258	26.976	
805	62.84	26.328	28.258	26.976	
806	62.94	26.328	28.258	26.976	
807	63.	26.328	28.258	26.976	
808	63.01	26.328	28.258	26.976	
809	63.02	26.328	28.258	26.976	
810	63.05	26.328	28.258	26.976	
811	63.14	26.328	28.258	26.976	
812	63.24	26.328	28.258	26.976	
813	63.34	26.328	28.259	26.976	
814	63.44	26.328	28.259	26.976	
815	63.54	26.328	28.259	26.975	
816	63.64	26.328	28.259	26.975	
817	63.74	26.328	28.259	26.975	
818	63.84	26.328	28.259	26.975	
819	63.94	26.329	28.259	26.975	
820	64.	26.329	28.259	26.975	
821	64.01	26.329	28.259	26.975	
822	64.02	26.329	28.259	26.975	
823	64.05	26.329	28.259	26.975	
824	64.14	26.329	28.259	26.975	
825	64.24	26.329	28.259	26.975	
826	64.34	26.329	28.26	26.975	
827	64.44	26.329	28.26	26.975	
828	64.54	26.329	28.26	26.975	
829	64.64	26.329	28.26	26.974	
830	64.74	26.329	28.26	26.974	
831	64.84	26.329	28.26	26.974	
832	64.94	26.329	28.26	26.974	
833	65.	26.329	28.26	26.974	
834	65.01	26.329	28.26	26.974	
835	65.02	26.329	28.26	26.974	
836	65.05	26.329	28.26	26.974	
837	65.14	26.329	28.26	26.974	
838	65.24	26.329	28.26	26.974	
839	65.34	26.329	28.261	26.974	
840	65.44	26.33	28.261	26.974	
841	65.54	26.33	28.261	26.974	
842	65.64	26.33	28.261	26.974	
843	65.74	26.33	28.261	26.973	
844	65.84	26.33	28.261	26.973	
845	65.94	26.33	28.261	26.973	
846	66.	26.33	28.261	26.973	
847	66.01	26.33	28.261	26.973	
848	66.02	26.33	28.261	26.973	
849	66.05	26.33	28.261	26.973	
850	66.14	26.33	28.261	26.973	
851	66.24	26.33	28.262	26.973	
852	66.34	26.33	28.262	26.973	
853	66.44	26.33	28.262	26.973	
854	66.54	26.33	28.262	26.973	
855	66.64	26.33	28.262	26.973	
856	66.74	26.33	28.262	26.973	
857	66.84	26.33	28.262	26.972	
858	66.94	26.331	28.262	26.972	
859	67.	26.331	28.262	26.972	
860	67.01	26.331	28.262	26.972	
861	67.02	26.331	28.262	26.972	
862	67.05	26.331	28.262	26.972	
863	67.14	26.331	28.262	26.972	
864	67.24	26.331	28.263	26.972	
865	67.34	26.331	28.263	26.972	
866	67.44	26.331	28.263	26.972	
867	67.54	26.331	28.263	26.972	
868	67.64	26.331	28.263	26.972	
869	67.74	26.331	28.263	26.972	
870	67.84	26.331	28.263	26.972	
871	67.94	26.331	28.263	26.971	
872	68.	26.331	28.263	26.971	
873	68.01	26.331	28.263	26.971	
874	68.02	26.331	28.263	26.971	
875	68.05	26.331	28.263	26.971	
876	68.14	26.331	28.264	26.971	
877	68.24	26.331	28.264	26.971	
878	68.34	26.332	28.264	26.971	
879	68.44	26.332	28.264	26.971	
880	68.54	26.332	28.264	26.971	
881	68.64	26.332	28.264	26.971	
882	68.74	26.332	28.264	26.971	
883	68.84	26.332	28.264	26.971	
884	68.94	26.332	28.264	26.971	
885	69.	26.332	28.264	26.971	
886	69.01	26.332	28.264	26.971	
887	69.02	26.332	28.264	26.971	
888	69.05	26.332	28.264	26.97	
889	69.14	26.332	28.265	26.97	
890	69.24	26.332	28.265	26.97	
891	69.34	26.332	28.265	26.97	
892	69.44	26.332	28.265	26.97	
893	69.54	26.332	28.265	26.97	
894	69.64	26.332	28.265	26.97	
895	69.74	26.332	28.265	26.97	
896	69.84	26.333	28.265	26.97	
897	69.94	26.333	28.265	26.97	
898	70.	26.333	28.265	26.97	
899	70.01	26.333	28.265	26.97	
900	70.02	26.333	28.265	26.97	
901	70.05	26.333	28.266	26.97	
902	70.14	26.333	28.266	26.97	
903	70.24	26.333	28.266	26.969	
904	70.34	26.333	28.266	26.969	
905	70.44	26.333	28.266	26.969	
906	70.54	26.333	28.266	26.969	
907	70.64	26.333	28.266	26.969	
908	70.74	26.333	28.266	26.969	
909	70.84	26.333	28.266	26.969	
910	70.94	26.333	28.266	26.969	
911	71.	26.333	28.266	26.969	
912	71.01	26.333	28.267	26.969	
913	71.02	26.333	28.267	26.969	
914	71.05	26.333	28.267	26.969	
915	71.14	26.333	28.267	26.969	
916	71.24	26.333	28.267	26.969	
917	71.34	26.334	28.267	26.969	
918	71.44	26.334	28.267	26.968	
919	71.54	26.334	28.267	26.968	
920	71.64	26.334	28.267	26.968	
921	71.74	26.334	28.267	26.968	
922	71.84	26.334	28.267	26.968	
923	71.94	26.334	28.267	26.968	
924	72.	26.334	28.268	26.968	
925	72.01	26.334	28.268	26.968	
926	72.02	26.334	28.268	26.968	
927	72.05	26.334	28.268	26.968	
928	72.14	26.334	28.268	26.968	
929	72.24	26.334	28.268	26.968	
930	72.34	26.334	28.268	26.968	
931	72.44	26.334	28.268	26.968	
932	72.54	26.334	28.268	26.968	
933	72.64	26.334	28.268	26.967	
934	72.74	26.334	28.268	26.967	
935	72.84	26.335	28.268	26.967	
936	72.94	26.335	28.269	26.967	
937	73.	26.335	28.269	26.967	
938	73.01	26.335	28.269	26.967	
939	73.02	26.335	28.269	26.967	
940	73.05	26.335	28.269	26.967	
941	73.14	26.335	28.269	26.967	
942	73.24	26.335	28.269	26.967	
943	73.34	26.335	28.269	26.967	
944	73.44	26.335	28.269	26.967	
945	73.54	26.335	28.269	26.967	
946	73.64	26.335	28.269	26.967	
947	73.74	26.335	28.269	26.967	
948	73.84	26.335	28.269	26.966	
949	73.94	26.335	28.27	26.966	
950	74.	26.335	28.27	26.966	
951	74.01	26.335	28.27	26.966	
952	74.02	26.335	28.27	26.966	
953	74.05	26.335	28.27	26.966	
954	74.14	26.335	28.27	26.966	
955	74.24	26.335	28.27	26.966	
956	74.34	26.335	28.27	26.966	
957	74.44	26.336	28.27	26.966	
958	74.54	26.336	28.27	26.966	
959	74.64	26.336	28.27	26.966	
960	74.74	26.336	28.27	26.966	
961	74.84	26.336	28.271	26.966	
962	74.94	26.336	28.271	26.966	
963	75.	26.336	28.271	26.966	
964	75.01	26.336	28.271	26.965	
965	75.02	26.336	28.271	26.965	
966	75.05	26.336	28.271	26.965	
967	75.14	26.336	28.271	26.965	
968	75.24	26.336	28.271	26.965	
969	75.34	26.336	28.271	26.965	
970	75.44	26.336	28.271	26.965	
971	75.54	26.336	28.271	26.965	
972	75.64	26.336	28.271	26.965	
973	75.74	26.336	28.271	26.965	
974	75.84	26.336	28.272	26.965	
975	75.94	26.337	28.272	26.965	
976	76.	26.337	28.272	26.965	
977	76.01	26.337	28.272	26.965	
978	76.02	26.337	28.272	26.965	
979	76.05	26.337	28.272	26.965	
980	76.14	26.337	28.272	26.965	
981	76.24	26.337	28.272	26.965	
982	76.34	26.337	28.272	26.964	
983	76.44	26.337	28.272	26.964	
984	76.54	26.337	28.272	26.964	
985	76.64	26.337	28.272	26.964	
986	76.74	26.337	28.273	26.964	
987	76.84	26.337	28.273	26.964	
988	76.94	26.337	28.273	26.964	
989	77.	26.337	28.273	26.964	
990	77.01	26.337	28.273	26.964	
991	77.02	26.337	28.273	26.964	
992	77.05	26.337	28.273	26.964	
993	77.14	26.337	28.273	26.964	
994	77.24	26.337	28.273	26.964	
995	77.34	26.337	28.273	26.964	
996	77.44	26.338	28.273	26.964	
997	77.54	26.338	28.273	26.963	
998	77.64	26.338	28.273	26.963	
999	77.74	26.338	28.274	26.963	
1000	77.84	26.338	28.274	26.963	
1001	77.94	26.338	28.274	26.963	
1002	78.	26.338	28.274	26.963	
1003	78.01	26.338	28.274	26.963	
1004	78.02	26.338	28.274	26.963	
1005	78.05	26.338	28.274	26.963	
1006	78.14	26.338	28.274	26.963	
1007	78.24	26.338	28.274	26.963	
1008	78.34	26.338	28.274	26.963	
1009	78.44	26.338	28.274	26.963	
1010	78.54	26.338	28.274	26.963	
1011	78.64	26.338	28.275	26.963	
1012	78.74	26.338	28.275	26.963	
1013	78.84	26.338	28.275	26.962	
1014	78.94	26.338	28.275	26.962	
1015	79.	26.339	28.275	26.962	
1016	79.01	26.339	28.275	26.962	
1017	79.02	26.339	28.275	26.962	
1018	79.05	26.339	28.275	26.962	
1019	79.14	26.339	28.275	26.962	
1020	79.24	26.339	28.275	26.962	
1021	79.34	26.339	28.275	26.962	
1022	79.44	26.339	28.275	26.962	
1023	79.54	26.339	28.275	26.962	
1024	79.64	26.339	28.276	26.962	
1025	79.74	26.339	28.276	26.962	
1026	79.84	26.339	28.276	26.962	
1027	79.94	26.339	28.276	26.962	
1028	80.	26.339	28.276	26.962	
1029	80.01	26.339	28.276	26.962	
1030	80.02	26.339	28.276	26.962	
1031	80.05	26.339	28.276	26.962	
1032	80.14	26.339	28.276	26.962	
1033	80.24	26.339	28.276	26.961	
1034	80.34	26.339	28.276	26.961	
1035	80.44	26.339	28.276	26.961	
1036	80.54	26.34	28.277	26.961	
1037	80.64	26.34	28.277	26.961	
1038	80.74	26.34	28.277	26.961	
1039	80.84	26.34	28.277	26.961	
1040	80.94	26.34	28.277	26.961	
1041	81.	26.34	28.277	26.961	
1042	81.01	26.34	28.277	26.961	
1043	81.02	26.34	28.277	26.961	
1044	81.05	26.34	28.277	26.961	
1045	81.14	26.34	28.277	26.961	
1046	81.24	26.34	28.277	26.961	
1047	81.34	26.34	28.277	26.961	
1048	81.44	26.34	28.277	26.961	
1049	81.54	26.34	28.278	26.96	
1050	81.64	26.34	28.278	26.96	
1051	81.74	26.34	28.278	26.96	
1052	81.84	26.34	28.278	26.96	
1053	81.94	26.34	28.278	26.96	
1054	82.	26.34	28.278	26.96	
1055	82.01	26.34	28.278	26.96	
1056	82.02	26.34	28.278	26.96	
1057	82.05	26.34	28.278	26.96	
1058	82.14	26.341	28.278	26.96	
1059	82.24	26.341	28.278	26.96	
1060	82.34	26.341	28.278	26.96	
1061	82.44	26.341	28.279	26.96	
1062	82.54	26.341	28.279	26.96	
1063	82.64	26.341	28.279	26.96	
1064	82.74	26.341	28.279	26.96	
1065	82.84	26.341	28.279	26.96	
1066	82.94	26.341	28.279	26.959	
1067	83.	26.341	28.279	26.959	
1068	83.01	26.341	28.279	26.959	
1069	83.02	26.341	28.279	26.959	
1070	83.05	26.341	28.279	26.959	
1071	83.14	26.341	28.279	26.959	
1072	83.24	26.341	28.279	26.959	
1073	83.34	26.341	28.279	26.959	
1074	83.44	26.341	28.28	26.959	
1075	83.54	26.341	28.28	26.959	
1076	83.64	26.341	28.28	26.959	
1077	83.74	26.342	28.28	26.959	
1078	83.84	26.342	28.28	26.959	
1079	83.94	26.342	28.28	26.959	
1080	84.	26.342	28.28	26.959	
1081	84.01	26.342	28.28	26.959	
1082	84.02	26.342	28.28	26.959	
1083	84.05	26.342	28.28	26.959	
1084	84.14	26.342	28.28	26.959	
1085	84.24	26.342	28.28	26.958	
1086	84.34	26.342	28.281	26.958	
1087	84.44	26.342	28.281	26.958	
1088	84.54	26.342	28.281	26.958	
1089	84.64	26.342	28.281	26.958	
1090	84.74	26.342	28.281	26.958	
1091	84.84	26.342	28.281	26.958	
1092	84.94	26.342	28.281	26.958	
1093	85.	26.342	28.281	26.958	
1094	85.01	26.342	28.281	26.958	
1095	85.02	26.342	28.281	26.958	
1096	85.05	26.342	28.281	26.958	
1097	85.14	26.342	28.281	26.958	
1098	85.24	26.342	28.281	26.958	
1099	85.34	26.343	28.282	26.958	
1100	85.44	26.343	28.282	26.958	
1101	85.54	26.343	28.282	26.958	
1102	85.64	26.343	28.282	26.958	
1103	85.74	26.343	28.282	26.957	
1104	85.84	26.343	28.282	26.957	
1105	85.94	26.343	28.282	26.957	
1106	86.	26.343	28.282	26.957	
1107	86.01	26.343	28.282	26.957	
1108	86.02	26.343	28.282	26.957	
1109	86.05	26.343	28.282	26.957	
1110	86.14	26.343	28.282	26.957	
1111	86.24	26.343	28.283	26.957	
1112	86.34	26.343	28.283	26.957	
1113	86.44	26.343	28.283	26.957	
1114	86.54	26.343	28.283	26.957	
1115	86.64	26.343	28.283	26.957	
1116	86.74	26.343	28.283	26.957	
1117	86.84	26.343	28.283	26.957	
1118	86.94	26.344	28.283	26.957	
1119	87.	26.344	28.283	26.957	
1120	87.01	26.344	28.283	26.957	
1121	87.02	26.344	28.283	26.957	
1122	87.05	26.344	28.283	26.957	
1123	87.14	26.344	28.283	26.956	
1124	87.24	26.344	28.284	26.956	
1125	87.34	26.344	28.284	26.956	
1126	87.44	26.344	28.284	26.956	
1127	87.54	26.344	28.284	26.956	
1128	87.64	26.344	28.284	26.956	
1129	87.74	26.344	28.284	26.956	
1130	87.84	26.344	28.284	26.956	
1131	87.94	26.344	28.284	26.956	
1132	88.	26.344	28.284	26.956	
1133	88.01	26.344	28.284	26.956	
1134	88.02	26.344	28.284	26.956	
1135	88.05	26.344	28.284	26.956	
1136	88.14	26.344	28.285	26.956	
1137	88.24	26.344	28.285	26.956	
1138	88.34	26.344	28.285	26.956	
1139	88.44	26.344	28.285	26.956	
1140	88.54	26.345	28.285	26.956	
1141	88.64	26.345	28.285	26.955	
1142	88.74	26.345	28.285	26.955	
1143	88.84	26.345	28.285	26.955	
1144	88.94	26.345	28.285	26.955	
1145	89.	26.345	28.285	26.955	
1146	89.01	26.345	28.285	26.955	
1147	89.02	26.345	28.285	26.955	
1148	89.05	26.345	28.286	26.955	
1149	89.14	26.345	28.286	26.955	
1150	89.24	26.345	28.286	26.955	
1151	89.34	26.345	28.286	26.955	
1152	89.44	26.345	28.286	26.955	
1153	89.54	26.345	28.286	26.955	
1154	89.64	26.345	28.286	26.955	
1155	89.74	26.345	28.286	26.955	
1156	89.84	26.345	28.286	26.955	
1157	89.94	26.345	28.286	26.955	
1158	90.	26.345	28.287	26.955	
1159	90.01	26.345	28.287	26.955	
1160	90.02	26.345	28.287	26.955	
1161	90.05	26.345	28.287	26.955	
1162	90.14	26.346	28.287	26.954	
1163	90.24	26.346	28.287	26.954	
1164	90.34	26.346	28.287	26.954	
1165	90.44	26.346	28.287	26.954	
1166	90.54	26.346	28.287	26.954	
1167	90.64	26.346	28.287	26.954	
1168	90.74	26.346	28.287	26.954	
1169	90.84	26.346	28.287	26.954	
1170	90.94	26.346	28.288	26.954	
1171	91.	26.346	28.288	26.954	
1172	91.01	26.346	28.288	26.954	
1173	91.02	26.346	28.288	26.954	
1174	91.05	26.346	28.288	26.954	
1175	91.14	26.346	28.288	26.954	
1176	91.24	26.346	28.288	26.954	
1177	91.34	26.346	28.288	26.954	
1178	91.44	26.346	28.288	26.954	
1179	91.54	26.346	28.288	26.954	
1180	91.64	26.346	28.288	26.953	
1181	91.74	26.347	28.288	26.953	
1182	91.84	26.347	28.288	26.953	
1183	91.94	26.347	28.289	26.953	
1184	92.	26.347	28.289	26.953	
1185	92.01	26.347	28.289	26.953	
1186	92.02	26.347	28.289	26.953	
1187	92.05	26.347	28.289	26.953	
1188	92.14	26.347	28.289	26.953	
1189	92.24	26.347	28.289	26.953	
1190	92.34	26.347	28.289	26.953	
1191	92.44	26.347	28.289	26.953	
1192	92.54	26.347	28.289	26.953	
1193	92.64	26.347	28.289	26.953	
1194	92.74	26.347	28.289	26.953	
1195	92.84	26.347	28.29	26.953	
1196	92.94	26.347	28.29	26.953	
1197	93.	26.347	28.29	26.953	
1198	93.01	26.347	28.29	26.953	
1199	93.02	26.347	28.29	26.953	
1200	93.05	26.347	28.29	26.953	
1201	93.14	26.347	28.29	26.953	
1202	93.24	26.347	28.29	26.952	
1203	93.34	26.347	28.29	26.952	
1204	93.44	26.348	28.29	26.952	
1205	93.54	26.348	28.29	26.952	
1206	93.64	26.348	28.29	26.952	
1207	93.74	26.348	28.291	26.952	
1208	93.84	26.348	28.291	26.952	
1209	93.94	26.348	28.291	26.952	
1210	94.	26.348	28.291	26.952	
1211	94.01	26.348	28.291	26.952	
1212	94.02	26.348	28.291	26.952	
1213	94.05	26.348	28.291	26.952	
1214	94.14	26.348	28.291	26.952	
1215	94.24	26.348	28.291	26.952	
1216	94.34	26.348	28.291	26.952	
1217	94.44	26.348	28.291	26.952	
1218	94.54	26.348	28.291	26.952	
1219	94.64	26.348	28.291	26.952	
1220	94.74	26.348	28.292	26.952	
1221	94.84	26.348	28.292	26.951	
1222	94.94	26.348	28.292	26.951	
1223	95.	26.348	28.292	26.951	
1224	95.01	26.348	28.292	26.951	
1225	95.02	26.348	28.292	26.951	
1226	95.05	26.349	28.292	26.951	
1227	95.14	26.349	28.292	26.951	
1228	95.24	26.349	28.292	26.951	
1229	95.34	26.349	28.292	26.951	
1230	95.44	26.349	28.292	26.951	
1231	95.54	26.349	28.292	26.951	
1232	95.64	26.349	28.293	26.951	
1233	95.74	26.349	28.293	26.951	
1234	95.84	26.349	28.293	26.951	
1235	95.94	26.349	28.293	26.951	
1236	96.	26.349	28.293	26.951	
1237	96.01	26.349	28.293	26.951	
1238	96.02	26.349	28.293	26.951	
1239	96.05	26.349	28.293	26.951	
1240	96.14	26.349	28.293	26.951	
1241	96.24	26.349	28.293	26.951	
1242	96.34	26.349	28.293	26.951	
1243	96.44	26.349	28.293	26.95	
1244	96.54	26.349	28.293	26.95	
1245	96.64	26.349	28.294	26.95	
1246	96.74	26.35	28.294	26.95	
1247	96.84	26.35	28.294	26.95	
1248	96.94	26.35	28.294	26.95	
1249	97.	26.35	28.294	26.95	
1250	97.01	26.35	28.294	26.95	
1251	97.02	26.35	28.294	26.95	
1252	97.05	26.35	28.294	26.95	
1253	97.14	26.35	28.294	26.95	
1254	97.24	26.35	28.294	26.95	
1255	97.34	26.35	28.294	26.95	
1256	97.44	26.35	28.294	26.95	
1257	97.54	26.35	28.295	26.95	
1258	97.64	26.35	28.295	26.95	
1259	97.74	26.35	28.295	26.95	
1260	97.84	26.35	28.295	26.95	
1261	97.94	26.35	28.295	26.95	
1262	98.	26.35	28.295	26.95	
1263	98.01	26.35	28.295	26.95	
1264	98.02	26.35	28.295	26.95	
1265	98.05	26.35	28.295	26.95	
1266	98.14	26.35	28.295	26.949	
1267	98.24	26.35	28.295	26.949	
1268	98.34	26.35	28.295	26.949	
1269	98.44	26.351	28.296	26.949	
1270	98.54	26.351	28.296	26.949	
1271	98.64	26.351	28.296	26.949	
1272	98.74	26.351	28.296	26.949	
1273	98.84	26.351	28.296	26.949	
1274	98.94	26.351	28.296	26.949	
1275	99.	26.351	28.296	26.949	
1276	99.01	26.351	28.296	26.949	
1277	99.02	26.351	28.296	26.949	
1278	99.05	26.351	28.296	26.949	
1279	99.14	26.351	28.296	26.949	
1280	99.24	26.351	28.296	26.949	
1281	99.34	26.351	28.296	26.949	
1282	99.44	26.351	28.297	26.949	
1283	99.54	26.351	28.297	26.949	
1284	99.64	26.351	28.297	26.949	
1285	99.74	26.351	28.297	26.949	
1286	99.84	26.351	28.297	26.948	
1287	99.94	26.351	28.297	26.948	
1288	100.	26.351	28.297	26.948	
1289	100.01	26.351	28.297	26.948	
1290	100.02	26.351	28.297	26.948	
1291	100.05	26.352	28.297	26.948	
1292	100.14	26.352	28.297	26.948	
1293	100.24	26.352	28.297	26.948	
1294	100.34	26.352	28.298	26.948	
1295	100.44	26.352	28.298	26.948	
1296	100.54	26.352	28.298	26.948	
1297	100.64	26.352	28.298	26.948	
1298	100.74	26.352	28.298	26.948	
1299	100.84	26.352	28.298	26.948	
1300	100.94	26.352	28.298	26.948	
1301	101.	26.352	28.298	26.948	
1302	101.01	26.352	28.298	26.948	
1303	101.02	26.352	28.298	26.948	
1304	101.05	26.352	28.298	26.948	
1305	101.14	26.352	28.298	26.948	
1306	101.24	26.352	28.299	26.948	
1307	101.34	26.352	28.299	26.948	
1308	101.44	26.352	28.299	26.948	
1309	101.54	26.352	28.299	26.948	
1310	101.64	26.352	28.299	26.947	
1311	101.74	26.352	28.299	26.947	
1312	101.84	26.353	28.299	26.947	
1313	101.94	26.353	28.299	26.947	
1314	102.	26.353	28.299	26.947	
1315	102.01	26.353	28.299	26.947	
1316	102.02	26.353	28.299	26.947	
1317	102.05	26.353	28.299	26.947	
1318	102.14	26.353	28.299	26.947	
1319	102.24	26.353	28.3	26.947	
1320	102.34	26.353	28.3	26.947	
1321	102.44	26.353	28.3	26.947	
1322	102.54	26.353	28.3	26.947	
1323	102.64	26.353	28.3	26.947	
1324	102.74	26.353	28.3	26.947	
1325	102.84	26.353	28.3	26.947	
1326	102.94	26.353	28.3	26.947	
1327	103.	26.353	28.3	26.947	
1328	103.01	26.353	28.3	26.947	
1329	103.02	26.353	28.3	26.947	
1330	103.05	26.353	28.3	26.947	
1331	103.14	26.353	28.301	26.947	
1332	103.24	26.353	28.301	26.947	
1333	103.34	26.353	28.301	26.947	
1334	103.44	26.353	28.301	26.946	
1335	103.54	26.354	28.301	26.946	
1336	103.64	26.354	28.301	26.946	
1337	103.74	26.354	28.301	26.946	
1338	103.84	26.354	28.301	26.946	
1339	103.94	26.354	28.301	26.946	
1340	104.	26.354	28.301	26.946	
1341	104.01	26.354	28.301	26.946	
1342	104.02	26.354	28.301	26.946	
1343	104.05	26.354	28.302	26.946	
1344	104.14	26.354	28.302	26.946	
1345	104.24	26.354	28.302	26.946	
1346	104.34	26.354	28.302	26.946	
1347	104.44	26.354	28.302	26.946	
1348	104.54	26.354	28.302	26.946	
1349	104.64	26.354	28.302	26.946	
1350	104.74	26.354	28.302	26.946	
1351	104.84	26.354	28.302	26.946	
1352	104.94	26.354	28.302	26.946	
1353	105.	26.354	28.303	26.946	
1354	105.01	26.354	28.303	26.946	
1355	105.02	26.354	28.303	26.946	
1356	105.05	26.354	28.303	26.946	
1357	105.14	26.354	28.303	26.946	
1358	105.24	26.355	28.303	26.946	
1359	105.34	26.355	28.303	26.945	
1360	105.44	26.355	28.303	26.945	
1361	105.54	26.355	28.303	26.945	
1362	105.64	26.355	28.303	26.945	
1363	105.74	26.355	28.303	26.945	
1364	105.84	26.355	28.303	26.945	
1365	105.94	26.355	28.304	26.945	
1366	106.	26.355	28.304	26.945	
1367	106.01	26.355	28.304	26.945	
1368	106.02	26.355	28.304	26.945	
1369	106.05	26.355	28.304	26.945	
1370	106.14	26.355	28.304	26.945	
1371	106.24	26.355	28.304	26.945	
1372	106.34	26.355	28.304	26.945	
1373	106.44	26.355	28.304	26.945	
1374	106.54	26.355	28.304	26.945	
1375	106.64	26.355	28.304	26.945	
1376	106.74	26.355	28.304	26.945	
1377	106.84	26.355	28.305	26.945	
1378	106.94	26.356	28.305	26.945	
1379	107.	26.356	28.305	26.945	
1380	107.01	26.356	28.305	26.945	
1381	107.02	26.356	28.305	26.945	
1382	107.05	26.356	28.305	26.945	
1383	107.14	26.356	28.305	26.945	
1384	107.24	26.356	28.305	26.944	
1385	107.34	26.356	28.305	26.944	
1386	107.44	26.356	28.305	26.944	
1387	107.54	26.356	28.305	26.944	
1388	107.64	26.356	28.305	26.944	
1389	107.74	26.356	28.305	26.944	
1390	107.84	26.356	28.306	26.944	
1391	107.94	26.356	28.306	26.944	
1392	108.	26.356	28.306	26.944	
1393	108.01	26.356	28.306	26.944	
1394	108.02	26.356	28.306	26.944	
1395	108.05	26.356	28.306	26.944	
1396	108.14	26.356	28.306	26.944	
1397	108.24	26.356	28.306	26.944	
1398	108.34	26.356	28.306	26.944	
1399	108.44	26.356	28.306	26.944	
1400	108.54	26.356	28.306	26.944	
1401	108.64	26.356	28.306	26.944	
1402	108.74	26.357	28.307	26.944	
1403	108.84	26.357	28.307	26.944	
1404	108.94	26.357	28.307	26.944	
1405	109.	26.357	28.307	26.944	
1406	109.01	26.357	28.307	26.944	
1407	109.02	26.357	28.307	26.944	
1408	109.05	26.357	28.307	26.944	
1409	109.14	26.357	28.307	26.943	
1410	109.24	26.357	28.307	26.943	
1411	109.34	26.357	28.307	26.943	
1412	109.44	26.357	28.307	26.943	
1413	109.54	26.357	28.307	26.943	
1414	109.64	26.357	28.308	26.943	
1415	109.74	26.357	28.308	26.943	
1416	109.84	26.357	28.308	26.943	
1417	109.94	26.357	28.308	26.943	
1418	110.	26.357	28.308	26.943	
1419	110.01	26.357	28.308	26.943	
1420	110.02	26.357	28.308	26.943	
1421	110.05	26.357	28.308	26.943	
1422	110.14	26.357	28.308	26.943	
1423	110.24	26.357	28.308	26.943	
1424	110.34	26.357	28.308	26.943	
1425	110.44	26.358	28.308	26.943	
1426	110.54	26.358	28.309	26.943	
1427	110.64	26.358	28.309	26.943	
1428	110.74	26.358	28.309	26.943	
1429	110.84	26.358	28.309	26.943	
1430	110.94	26.358	28.309	26.943	
1431	111.	26.358	28.309	26.943	
1432	111.01	26.358	28.309	26.943	
1433	111.02	26.358	28.309	26.943	
1434	111.05	26.358	28.309	26.943	
1435	111.14	26.358	28.309	26.943	
1436	111.24	26.358	28.309	26.942	
1437	111.34	26.358	28.309	26.942	
1438	111.44	26.358	28.309	26.942	
1439	111.54	26.358	28.31	26.942	
1440	111.64	26.358	28.31	26.942	
1441	111.74	26.358	28.31	26.942	
1442	111.84	26.358	28.31	26.942	
1443	111.94	26.358	28.31	26.942	
1444	112.	26.358	28.31	26.942	
1445	112.01	26.358	28.31	26.942	
1446	112.02	26.358	28.31	26.942	
1447	112.05	26.358	28.31	26.942	
1448	112.14	26.358	28.31	26.942	
1449	112.24	26.359	28.31	26.942	
1450	112.34	26.359	28.31	26.942	
1451	112.44	26.359	28.311	26.942	
1452	112.54	26.359	28.311	26.942	
1453	112.64	26.359	28.311	26.942	
1454	112.74	26.359	28.311	26.942	
1455	112.84	26.359	28.311	26.942	
1456	112.94	26.359	28.311	26.942	
1457	113.	26.359	28.311	26.942	
1458	113.01	26.359	28.311	26.942	
1459	113.02	26.359	28.311	26.942	
1460	113.05	26.359	28.311	26.942	
1461	113.14	26.359	28.311	26.942	
1462	113.24	26.359	28.311	26.942	
1463	113.34	26.359	28.312	26.941	
1464	113.44	26.359	28.312	26.941	
1465	113.54	26.359	28.312	26.941	
1466	113.64	26.359	28.312	26.941	
1467	113.74	26.359	28.312	26.941	
1468	113.84	26.359	28.312	26.941	
1469	113.94	26.359	28.312	26.941	
1470	114.	26.36	28.312	26.941	
1471	114.01	26.36	28.312	26.941	
1472	114.02	26.36	28.312	26.941	
1473	114.05	26.36	28.312	26.941	
1474	114.14	26.36	28.312	26.941	
1475	114.24	26.36	28.312	26.941	
1476	114.34	26.36	28.313	26.941	
1477	114.44	26.36	28.313	26.941	
1478	114.54	26.36	28.313	26.941	
1479	114.64	26.36	28.313	26.941	
1480	114.74	26.36	28.313	26.941	
1481	114.84	26.36	28.313	26.941	
1482	114.94	26.36	28.313	26.941	
1483	115.	26.36	28.313	26.941	
1484	115.01	26.36	28.313	26.941	
1485	115.02	26.36	28.313	26.941	
1486	115.05	26.36	28.313	26.941	
1487	115.14	26.36	28.313	26.941	
1488	115.24	26.36	28.314	26.941	
1489	115.34	26.36	28.314	26.941	
1490	115.44	26.36	28.314	26.94	
1491	115.54	26.36	28.314	26.94	
1492	115.64	26.36	28.314	26.94	
1493	115.74	26.36	28.314	26.94	
1494	115.84	26.361	28.314	26.94	
1495	115.94	26.361	28.314	26.94	
1496	116.	26.361	28.314	26.94	
1497	116.01	26.361	28.314	26.94	
1498	116.02	26.361	28.314	26.94	
1499	116.05	26.361	28.314	26.94	
1500	116.14	26.361	28.315	26.94	
1501	116.24	26.361	28.315	26.94	
1502	116.34	26.361	28.315	26.94	
1503	116.44	26.361	28.315	26.94	
1504	116.54	26.361	28.315	26.94	
1505	116.64	26.361	28.315	26.94	
1506	116.74	26.361	28.315	26.94	
1507	116.84	26.361	28.315	26.94	
1508	116.94	26.361	28.315	26.94	
1509	117.	26.361	28.315	26.94	
1510	117.01	26.361	28.315	26.94	
1511	117.02	26.361	28.315	26.94	
1512	117.05	26.361	28.316	26.94	
1513	117.14	26.361	28.316	26.94	
1514	117.24	26.361	28.316	26.94	
1515	117.34	26.361	28.316	26.94	
1516	117.44	26.361	28.316	26.94	
1517	117.54	26.361	28.316	26.94	
1518	117.64	26.362	28.316	26.94	
1519	117.74	26.362	28.316	26.939	
1520	117.84	26.362	28.316	26.939	
1521	117.94	26.362	28.316	26.939	
1522	118.	26.362	28.317	26.939	
1523	118.01	26.362	28.317	26.939	
1524	118.02	26.362	28.317	26.939	
1525	118.05	26.362	28.317	26.939	
1526	118.14	26.362	28.317	26.939	
1527	118.24	26.362	28.317	26.939	
1528	118.34	26.362	28.317	26.939	
1529	118.44	26.362	28.317	26.939	
1530	118.54	26.362	28.317	26.939	
1531	118.64	26.362	28.317	26.939	
1532	118.74	26.362	28.317	26.939	
1533	118.84	26.362	28.317	26.939	
1534	118.94	26.362	28.318	26.939	
1535	119.	26.362	28.318	26.939	
1536	119.01	26.362	28.318	26.939	
1537	119.02	26.362	28.318	26.939	
1538	119.05	26.362	28.318	26.939	
1539	119.14	26.362	28.318	26.939	
1540	119.24	26.362	28.318	26.939	
1541	119.34	26.362	28.318	26.939	
1542	119.44	26.363	28.318	26.939	
1543	119.54	26.363	28.318	26.939	
1544	119.64	26.363	28.318	26.939	
1545	119.74	26.363	28.318	26.939	
1546	119.84	26.363	28.319	26.939	
1547	119.94	26.363	28.319	26.939	
1548	120.	26.363	28.319	26.938	
1549	120.01	26.363	28.319	26.938	
1550	120.02	26.363	28.319	26.938	
1551	120.05	26.363	28.319	26.938	
1552	120.14	26.363	28.319	26.938	
1553	120.24	26.363	28.319	26.938	
1554	120.34	26.363	28.319	26.938	
1555	120.44	26.363	28.319	26.938	
1556	120.54	26.363	28.319	26.938	
1557	120.64	26.363	28.319	26.938	
1558	120.74	26.363	28.32	26.938	
1559	120.84	26.363	28.32	26.938	
1560	120.94	26.363	28.32	26.938	
1561	121.	26.363	28.32	26.938	
1562	121.01	26.363	28.32	26.938	
1563	121.02	26.363	28.32	26.938	
1564	121.05	26.363	28.32	26.938	
1565	121.14	26.363	28.32	26.938	
1566	121.24	26.364	28.32	26.938	
1567	121.34	26.364	28.32	26.938	
1568	121.44	26.364	28.32	26.938	
1569	121.54	26.364	28.32	26.938	
1570	121.64	26.364	28.32	26.938	
1571	121.74	26.364	28.321	26.938	
1572	121.84	26.364	28.321	26.938	
1573	121.94	26.364	28.321	26.938	
1574	122.	26.364	28.321	26.938	
1575	122.01	26.364	28.321	26.938	
1576	122.02	26.364	28.321	26.938	
1577	122.05	26.364	28.321	26.938	
1578	122.14	26.364	28.321	26.938	
1579	122.24	26.364	28.321	26.938	
1580	122.34	26.364	28.321	26.938	
1581	122.44	26.364	28.321	26.937	
1582	122.54	26.364	28.321	26.937	
1583	122.64	26.364	28.322	26.937	
1584	122.74	26.364	28.322	26.937	
1585	122.84	26.364	28.322	26.937	
1586	122.94	26.364	28.322	26.937	
1587	123.	26.364	28.322	26.937	
1588	123.01	26.364	28.322	26.937	
1589	123.02	26.364	28.322	26.937	
1590	123.05	26.364	28.322	26.937	
1591	123.14	26.365	28.322	26.937	
1592	123.24	26.365	28.322	26.937	
1593	123.34	26.365	28.322	26.937	
1594	123.44	26.365	28.322	26.937	
1595	123.54	26.365	28.323	26.937	
1596	123.64	26.365	28.323	26.937	
1597	123.74	26.365	28.323	26.937	
1598	123.84	26.365	28.323	26.937	
1599	123.94	26.365	28.323	26.937	
1600	124.	26.365	28.323	26.937	
1601	124.01	26.365	28.323	26.937	
1602	124.02	26.365	28.323	26.937	
1603	124.05	26.365	28.323	26.937	
1604	124.14	26.365	28.323	26.937	
1605	124.24	26.365	28.323	26.937	
1606	124.34	26.365	28.323	26.937	
1607	124.44	26.365	28.324	26.937	
1608	124.54	26.365	28.324	26.937	
1609	124.64	26.365	28.324	26.937	
1610	124.74	26.365	28.324	26.937	
1611	124.84	26.365	28.324	26.937	
1612	124.94	26.366	28.324	26.936	
1613	125.	26.366	28.324	26.936	
1614	125.01	26.366	28.324	26.936	
1615	125.02	26.366	28.324	26.936	
1616	125.05	26.366	28.324	26.936	
1617	125.14	26.366	28.324	26.936	
1618	125.24	26.366	28.324	26.936	
1619	125.34	26.366	28.325	26.936	
1620	125.44	26.366	28.325	26.936	
1621	125.54	26.366	28.325	26.936	
1622	125.64	26.366	28.325	26.936	
1623	125.74	26.366	28.325	26.936	
1624	125.84	26.366	28.325	26.936	
1625	125.94	26.366	28.325	26.936	
1626	126.	26.366	28.325	26.936	
1627	126.01	26.366	28.325	26.936	
1628	126.02	26.366	28.325	26.936	
1629	126.05	26.366	28.325	26.936	
1630	126.14	26.366	28.325	26.936	
1631	126.24	26.366	28.325	26.936	
1632	126.34	26.366	28.326	26.936	
1633	126.44	26.366	28.326	26.936	
1634	126.54	26.366	28.326	26.936	
1635	126.64	26.366	28.326	26.936	
1636	126.74	26.366	28.326	26.936	
1637	126.84	26.367	28.326	26.936	
1638	126.94	26.367	28.326	26.936	
1639	127.	26.367	28.326	26.936	
1640	127.01	26.367	28.326	26.936	
1641	127.02	26.367	28.326	26.936	
1642	127.05	26.367	28.326	26.936	
1643	127.14	26.367	28.326	26.936	
1644	127.24	26.367	28.327	26.936	
1645	127.34	26.367	28.327	26.936	
1646	127.44	26.367	28.327	26.936	
1647	127.54	26.367	28.327	26.936	
1648	127.64	26.367	28.327	26.935	
1649	127.74	26.367	28.327	26.935	
1650	127.84	26.367	28.327	26.935	
1651	127.94	26.367	28.327	26.935	
1652	128.	26.367	28.327	26.935	
1653	128.01	26.367	28.327	26.935	
1654	128.02	26.367	28.327	26.935	
1655	128.05	26.367	28.327	26.935	
1656	128.14	26.367	28.328	26.935	
1657	128.24	26.367	28.328	26.935	
1658	128.34	26.367	28.328	26.935	
1659	128.44	26.367	28.328	26.935	
1660	128.54	26.367	28.328	26.935	
1661	128.64	26.367	28.328	26.935	
1662	128.74	26.368	28.328	26.935	
1663	128.84	26.368	28.328	26.935	
1664	128.94	26.368	28.328	26.935	
1665	129.	26.368	28.328	26.935	
1666	129.01	26.368	28.329	26.935	
1667	129.02	26.368	28.329	26.935	
1668	129.05	26.368	28.329	26.935	
1669	129.14	26.368	28.329	26.935	
1670	129.24	26.368	28.329	26.935	
1671	129.34	26.368	28.329	26.935	
1672	129.44	26.368	28.329	26.935	
1673	129.54	26.368	28.329	26.935	
1674	129.64	26.368	28.329	26.935	
1675	129.74	26.368	28.329	26.935	
1676	129.84	26.368	28.329	26.935	
1677	129.94	26.368	28.33	26.935	
1678	130.	26.368	28.33	26.935	
1679	130.01	26.368	28.33	26.935	
1680	130.02	26.368	28.33	26.935	
1681	130.05	26.368	28.33	26.935	
1682	130.14	26.368	28.33	26.935	
1683	130.24	26.368	28.33	26.935	
1684	130.34	26.368	28.33	26.934	
1685	130.44	26.368	28.33	26.934	
1686	130.54	26.368	28.33	26.934	
1687	130.64	26.369	28.33	26.934	
1688	130.74	26.369	28.33	26.934	
1689	130.84	26.369	28.33	26.934	
1690	130.94	26.369	28.331	26.934	
1691	131.	26.369	28.331	26.934	
1692	131.01	26.369	28.331	26.934	
1693	131.02	26.369	28.331	26.934	
1694	131.05	26.369	28.331	26.934	
1695	131.14	26.369	28.331	26.934	
1696	131.24	26.369	28.331	26.934	
1697	131.34	26.369	28.331	26.934	
1698	131.44	26.369	28.331	26.934	
1699	131.54	26.369	28.331	26.934	
1700	131.64	26.369	28.331	26.934	
1701	131.74	26.369	28.331	26.934	
1702	131.84	26.369	28.332	26.934	
1703	131.94	26.369	28.332	26.934	
1704	132.	26.369	28.332	26.934	
1705	132.01	26.369	28.332	26.934	
1706	132.02	26.369	28.332	26.934	
1707	132.05	26.369	28.332	26.934	
1708	132.14	26.369	28.332	26.934	
1709	132.24	26.369	28.332	26.934	
1710	132.34	26.369	28.332	26.934	
1711	132.44	26.369	28.332	26.934	
1712	132.54	26.37	28.332	26.934	
1713	132.64	26.37	28.332	26.934	
1714	132.74	26.37	28.333	26.934	
1715	132.84	26.37	28.333	26.934	
1716	132.94	26.37	28.333	26.934	
1717	133.	26.37	28.333	26.934	
1718	133.01	26.37	28.333	26.934	
1719	133.02	26.37	28.333	26.934	
1720	133.05	26.37	28.333	26.934	
1721	133.14	26.37	28.333	26.934	
1722	133.24	26.37	28.333	26.933	
1723	133.34	26.37	28.333	26.933	
1724	133.44	26.37	28.333	26.933	
1725	133.54	26.37	28.333	26.933	
1726	133.64	26.37	28.334	26.933	
1727	133.74	26.37	28.334	26.933	
1728	133.84	26.37	28.334	26.933	
1729	133.94	26.37	28.334	26.933	
1730	134.	26.37	28.334	26.933	
1731	134.01	26.37	28.334	26.933	
1732	134.02	26.37	28.334	26.933	
1733	134.05	26.37	28.334	26.933	
1734	134.14	26.37	28.334	26.933	
1735	134.24	26.37	28.334	26.933	
1736	134.34	26.37	28.334	26.933	
1737	134.44	26.371	28.334	26.933	
1738	134.54	26.371	28.335	26.933	
1739	134.64	26.371	28.335	26.933	
1740	134.74	26.371	28.335	26.933	
1741	134.84	26.371	28.335	26.933	
1742	134.94	26.371	28.335	26.933	
1743	135.	26.371	28.335	26.933	
1744	135.01	26.371	28.335	26.933	
1745	135.02	26.371	28.335	26.933	
1746	135.05	26.371	28.335	26.933	
1747	135.14	26.371	28.335	26.933	
1748	135.24	26.371	28.335	26.933	
1749	135.34	26.371	28.335	26.933	
1750	135.44	26.371	28.336	26.933	
1751	135.54	26.371	28.336	26.933	
1752	135.64	26.371	28.336	26.933	
1753	135.74	26.371	28.336	26.933	
1754	135.84	26.371	28.336	26.933	
1755	135.94	26.371	28.336	26.933	
1756	136.	26.371	28.336	26.933	
1757	136.01	26.371	28.336	26.933	
1758	136.02	26.371	28.336	26.933	
1759	136.05	26.371	28.336	26.933	
1760	136.14	26.371	28.336	26.933	
1761	136.24	26.371	28.336	26.933	
1762	136.34	26.371	28.336	26.932	
1763	136.44	26.372	28.337	26.932	
1764	136.54	26.372	28.337	26.932	
1765	136.64	26.372	28.337	26.932	
1766	136.74	26.372	28.337	26.932	
1767	136.84	26.372	28.337	26.932	
1768	136.94	26.372	28.337	26.932	
1769	137.	26.372	28.337	26.932	
1770	137.01	26.372	28.337	26.932	
1771	137.02	26.372	28.337	26.932	
1772	137.05	26.372	28.337	26.932	
1773	137.14	26.372	28.337	26.932	
1774	137.24	26.372	28.337	26.932	
1775	137.34	26.372	28.338	26.932	
1776	137.44	26.372	28.338	26.932	
1777	137.54	26.372	28.338	26.932	
1778	137.64	26.372	28.338	26.932	
1779	137.74	26.372	28.338	26.932	
1780	137.84	26.372	28.338	26.932	
1781	137.94	26.372	28.338	26.932	
1782	138.	26.372	28.338	26.932	
1783	138.01	26.372	28.338	26.932	
1784	138.02	26.372	28.338	26.932	
1785	138.05	26.372	28.338	26.932	
1786	138.14	26.372	28.338	26.932	
1787	138.24	26.372	28.339	26.932	
1788	138.34	26.373	28.339	26.932	
1789	138.44	26.373	28.339	26.932	
1790	138.54	26.373	28.339	26.932	
1791	138.64	26.373	28.339	26.932	
1792	138.74	26.373	28.339	26.932	
1793	138.84	26.373	28.339	26.932	
1794	138.94	26.373	28.339	26.932	
1795	139.	26.373	28.339	26.932	
1796	139.01	26.373	28.339	26.932	
1797	139.02	26.373	28.339	26.932	
1798	139.05	26.373	28.339	26.932	
1799	139.14	26.373	28.34	26.932	
1800	139.24	26.373	28.34	26.932	
1801	139.34	26.373	28.34	26.932	
1802	139.44	26.373	28.34	26.932	
1803	139.54	26.373	28.34	26.931	
1804	139.64	26.373	28.34	26.931	
1805	139.74	26.373	28.34	26.931	
1806	139.84	26.373	28.34	26.931	
1807	139.94	26.373	28.34	26.931	
1808	140.	26.373	28.34	26.931	
1809	140.01	26.373	28.341	26.931	
1810	140.02	26.373	28.341	26.931	
1811	140.05	26.373	28.341	26.931	
1812	140.14	26.373	28.341	26.931	
1813	140.24	26.373	28.341	26.931	
1814	140.34	26.374	28.341	26.931	
1815	140.44	26.374	28.341	26.931	
1816	140.54	26.374	28.341	26.931	
1817	140.64	26.374	28.341	26.931	
1818	140.74	26.374	28.341	26.931	
1819	140.84	26.374	28.341	26.931	
1820	140.94	26.374	28.342	26.931	
1821	141.	26.374	28.342	26.931	
1822	141.01	26.374	28.342	26.931	
1823	141.02	26.374	28.342	26.931	
1824	141.05	26.374	28.342	26.931	
1825	141.14	26.374	28.342	26.931	
1826	141.24	26.374	28.342	26.931	
1827	141.34	26.374	28.342	26.931	
1828	141.44	26.374	28.342	26.931	
1829	141.54	26.374	28.342	26.931	
1830	141.64	26.374	28.342	26.931	
1831	141.74	26.374	28.342	26.931	
1832	141.84	26.374	28.343	26.931	
1833	141.94	26.374	28.343	26.931	
1834	142.	26.374	28.343	26.931	
1835	142.01	26.374	28.343	26.931	
1836	142.02	26.374	28.343	26.931	
1837	142.05	26.374	28.343	26.931	
1838	142.14	26.374	28.343	26.931	
1839	142.24	26.374	28.343	26.931	
1840	142.34	26.375	28.343	26.931	
1841	142.44	26.375	28.343	26.931	
1842	142.54	26.375	28.343	26.931	
1843	142.64	26.375	28.343	26.931	
1844	142.74	26.375	28.343	26.931	
1845	142.84	26.375	28.344	26.931	
1846	142.94	26.375	28.344	26.931	
1847	143.	26.375	28.344	26.93	
1848	143.01	26.375	28.344	26.93	
1849	143.02	26.375	28.344	26.93	
1850	143.05	26.375	28.344	26.93	
1851	143.14	26.375	28.344	26.93	
1852	143.24	26.375	28.344	26.93	
1853	143.34	26.375	28.344	26.93	
1854	143.44	26.375	28.344	26.93	
1855	143.54	26.375	28.344	26.93	
1856	143.64	26.375	28.344	26.93	
1857	143.74	26.375	28.345	26.93	
1858	143.84	26.375	28.345	26.93	
1859	143.94	26.375	28.345	26.93	
1860	144.	26.375	28.345	26.93	
1861	144.01	26.375	28.345	26.93	
1862	144.02	26.375	28.345	26.93	
1863	144.05	26.375	28.345	26.93	
1864	144.14	26.375	28.345	26.93	
1865	144.24	26.375	28.345	26.93	
1866	144.34	26.376	28.345	26.93	
1867	144.44	26.376	28.345	26.93	
1868	144.54	26.376	28.345	26.93	
1869	144.64	26.376	28.346	26.93	
1870	144.74	26.376	28.346	26.93	
1871	144.84	26.376	28.346	26.93	
1872	144.94	26.376	28.346	26.93	
1873	145.	26.376	28.346	26.93	
1874	145.01	26.376	28.346	26.93	
1875	145.02	26.376	28.346	26.93	
1876	145.05	26.376	28.346	26.93	
1877	145.14	26.376	28.346	26.93	
1878	145.24	26.376	28.346	26.93	
1879	145.34	26.376	28.346	26.93	
1880	145.44	26.376	28.346	26.93	
1881	145.54	26.376	28.347	26.93	
1882	145.64	26.376	28.347	26.93	
1883	145.74	26.376	28.347	26.93	
1884	145.84	26.376	28.347	26.93	
1885	145.94	26.376	28.347	26.93	
1886	146.	26.376	28.347	26.93	
1887	146.01	26.376	28.347	26.93	
1888	146.02	26.376	28.347	26.93	
1889	146.05	26.376	28.347	26.93	
1890	146.14	26.376	28.347	26.93	
1891	146.24	26.376	28.347	26.93	
1892	146.34	26.377	28.347	26.93	
1893	146.44	26.377	28.348	26.93	
1894	146.54	26.377	28.348	26.93	
1895	146.64	26.377	28.348	26.93	
1896	146.74	26.377	28.348	26.929	
1897	146.84	26.377	28.348	26.929	
1898	146.94	26.377	28.348	26.929	
1899	147.	26.377	28.348	26.929	
1900	147.01	26.377	28.348	26.929	
1901	147.02	26.377	28.348	26.929	
1902	147.05	26.377	28.348	26.929	
1903	147.14	26.377	28.348	26.929	
1904	147.24	26.377	28.348	26.929	
1905	147.34	26.377	28.349	26.929	
1906	147.44	26.377	28.349	26.929	
1907	147.54	26.377	28.349	26.929	
1908	147.64	26.377	28.349	26.929	
1909	147.74	26.377	28.349	26.929	
1910	147.84	26.377	28.349	26.929	
1911	147.94	26.377	28.349	26.929	
1912	148.	26.377	28.349	26.929	
1913	148.01	26.377	28.349	26.929	
1914	148.02	26.377	28.349	26.929	
1915	148.05	26.377	28.349	26.929	
1916	148.14	26.377	28.349	26.929	
1917	148.24	26.377	28.35	26.929	
1918	148.34	26.378	28.35	26.929	
1919	148.44	26.378	28.35	26.929	
1920	148.54	26.378	28.35	26.929	
1921	148.64	26.378	28.35	26.929	
1922	148.74	26.378	28.35	26.929	
1923	148.84	26.378	28.35	26.929	
1924	148.94	26.378	28.35	26.929	
1925	149.	26.378	28.35	26.929	
1926	149.01	26.378	28.35	26.929	
1927	149.02	26.378	28.35	26.929	
1928	149.05	26.378	28.35	26.929	
1929	149.14	26.378	28.351	26.929	
1930	149.24	26.378	28.351	26.929	
1931	149.34	26.378	28.351	26.929	
1932	149.44	26.378	28.351	26.929	
1933	149.54	26.378	28.351	26.929	
1934	149.64	26.378	28.351	26.929	
1935	149.74	26.378	28.351	26.929	
1936	149.84	26.378	28.351	26.929	
1937	149.94	26.378	28.351	26.929	
1938	150.	26.378	28.351	26.929	
1939	150.01	26.378	28.351	26.929	
1940	150.02	26.378	28.351	26.929	
1941	150.05	26.378	28.352	26.929	
1942	150.14	26.378	28.352	26.929	
1943	150.24	26.378	28.352	26.929	
1944	150.34	26.378	28.352	26.929	
1945	150.44	26.379	28.352	26.929	
1946	150.54	26.379	28.352	26.929	
1947	150.64	26.379	28.352	26.929	
1948	150.74	26.379	28.352	26.928	
1949	150.84	26.379	28.352	26.928	
1950	150.94	26.379	28.352	26.928	
1951	151.	26.379	28.353	26.928	
1952	151.01	26.379	28.353	26.928	
1953	151.02	26.379	28.353	26.928	
1954	151.05	26.379	28.353	26.928	
1955	151.14	26.379	28.353	26.928	
1956	151.24	26.379	28.353	26.928	
1957	151.34	26.379	28.353	26.928	
1958	151.44	26.379	28.353	26.928	
1959	151.54	26.379	28.353	26.928	
1960	151.64	26.379	28.353	26.928	
1961	151.74	26.379	28.353	26.928	
1962	151.84	26.379	28.353	26.928	
1963	151.94	26.379	28.354	26.928	
1964	152.	26.379	28.354	26.928	
1965	152.01	26.379	28.354	26.928	
1966	152.02	26.379	28.354	26.928	
1967	152.05	26.379	28.354	26.928	
1968	152.14	26.379	28.354	26.928	
1969	152.24	26.379	28.354	26.928	
1970	152.34	26.379	28.354	26.928	
1971	152.44	26.38	28.354	26.928	
1972	152.54	26.38	28.354	26.928	
1973	152.64	26.38	28.354	26.928	
1974	152.74	26.38	28.354	26.928	
1975	152.84	26.38	28.355	26.928	
1976	152.94	26.38	28.355	26.928	
1977	153.	26.38	28.355	26.928	
1978	153.01	26.38	28.355	26.928	
1979	153.02	26.38	28.355	26.928	
1980	153.05	26.38	28.355	26.928	
1981	153.14	26.38	28.355	26.928	
1982	153.24	26.38	28.355	26.928	
1983	153.34	26.38	28.355	26.928	
1984	153.44	26.38	28.355	26.928	
1985	153.54	26.38	28.355	26.928	
1986	153.64	26.38	28.355	26.928	
1987	153.74	26.38	28.356	26.928	
1988	153.84	26.38	28.356	26.928	
1989	153.94	26.38	28.356	26.928	
1990	154.	26.38	28.356	26.928	
1991	154.01	26.38	28.356	26.928	
1992	154.02	26.38	28.356	26.928	
1993	154.05	26.38	28.356	26.928	
1994	154.14	26.38	28.356	26.928	
1995	154.24	26.38	28.356	26.928	
1996	154.34	26.38	28.356	26.928	
1997	154.44	26.38	28.356	26.928	
1998	154.54	26.381	28.356	26.928	
1999	154.64	26.381	28.357	26.928	
2000	154.74	26.381	28.357	26.928	
2001	154.84	26.381	28.357	26.928	
2002	154.94	26.381	28.357	26.928	
2003	155.	26.381	28.357	26.928	
2004	155.01	26.381	28.357	26.928	
2005	155.02	26.381	28.357	26.928	
2006	155.05	26.381	28.357	26.928	
2007	155.14	26.381	28.357	26.927	
2008	155.24	26.381	28.357	26.927	
2009	155.34	26.381	28.357	26.927	
2010	155.44	26.381	28.357	26.927	
2011	155.54	26.381	28.358	26.927	
2012	155.64	26.381	28.358	26.927	
2013	155.74	26.381	28.358	26.927	
2014	155.84	26.381	28.358	26.927	
2015	155.94	26.381	28.358	26.927	
2016	156.	26.381	28.358	26.927	
2017	156.01	26.381	28.358	26.927	
2018	156.02	26.381	28.358	26.927	
2019	156.05	26.381	28.358	26.927	
2020	156.14	26.381	28.358	26.927	
2021	156.24	26.381	28.358	26.927	
2022	156.34	26.381	28.358	26.927	
2023	156.44	26.381	28.359	26.927	
2024	156.54	26.381	28.359	26.927	
2025	156.64	26.382	28.359	26.927	
2026	156.74	26.382	28.359	26.927	
2027	156.84	26.382	28.359	26.927	
2028	156.94	26.382	28.359	26.927	
2029	157.	26.382	28.359	26.927	
2030	157.01	26.382	28.359	26.927	
2031	157.02	26.382	28.359	26.927	
2032	157.05	26.382	28.359	26.927	
2033	157.14	26.382	28.359	26.927	
2034	157.24	26.382	28.359	26.927	
2035	157.34	26.382	28.36	26.927	
2036	157.44	26.382	28.36	26.927	
2037	157.54	26.382	28.36	26.927	
2038	157.64	26.382	28.36	26.927	
2039	157.74	26.382	28.36	26.927	
2040	157.84	26.382	28.36	26.927	
2041	157.94	26.382	28.36	26.927	
2042	158.	26.382	28.36	26.927	
2043	158.01	26.382	28.36	26.927	
2044	158.02	26.382	28.36	26.927	
2045	158.05	26.382	28.36	26.927	
2046	158.14	26.382	28.36	26.927	
2047	158.24	26.382	28.361	26.927	
2048	158.34	26.382	28.361	26.927	
2049	158.44	26.382	28.361	26.927	
2050	158.54	26.382	28.361	26.927	
2051	158.64	26.382	28.361	26.927	
2052	158.74	26.383	28.361	26.927	
2053	158.84	26.383	28.361	26.927	
2054	158.94	26.383	28.361	26.927	
2055	159.	26.383	28.361	26.927	
2056	159.01	26.383	28.361	26.927	
2057	159.02	26.383	28.361	26.927	
2058	159.05	26.383	28.361	26.927	
2059	159.14	26.383	28.362	26.927	
2060	159.24	26.383	28.362	26.927	
2061	159.34	26.383	28.362	26.927	
2062	159.44	26.383	28.362	26.927	
2063	159.54	26.383	28.362	26.927	
2064	159.64	26.383	28.362	26.927	
2065	159.74	26.383	28.362	26.927	
2066	159.84	26.383	28.362	26.927	
2067	159.94	26.383	28.362	26.927	
2068	160.	26.383	28.362	26.927	
2069	160.01	26.383	28.362	26.927	
2070	160.02	26.383	28.362	26.927	
2071	160.05	26.383	28.363	26.926	
2072	160.14	26.383	28.363	26.926	
2073	160.24	26.383	28.363	26.926	
2074	160.34	26.383	28.363	26.926	
2075	160.44	26.383	28.363	26.926	
2076	160.54	26.383	28.363	26.926	
2077	160.64	26.383	28.363	26.926	
2078	160.74	26.383	28.363	26.926	
2079	160.84	26.383	28.363	26.926	
2080	160.94	26.384	28.363	26.926	
2081	161.	26.384	28.364	26.926	
2082	161.01	26.384	28.364	26.926	
2083	161.02	26.384	28.364	26.926	
2084	161.05	26.384	28.364	26.926	
2085	161.14	26.384	28.364	26.926	
2086	161.24	26.384	28.364	26.926	
2087	161.34	26.384	28.364	26.926	
2088	161.44	26.384	28.364	26.926	
2089	161.54	26.384	28.364	26.926	
2090	161.64	26.384	28.364	26.926	
2091	161.74	26.384	28.364	26.926	
2092	161.84	26.384	28.364	26.926	
2093	161.94	26.384	28.365	26.926	
2094	162.	26.384	28.365	26.926	
2095	162.01	26.384	28.365	26.926	
2096	162.02	26.384	28.365	26.926	
2097	162.05	26.384	28.365	26.926	
2098	162.14	26.384	28.365	26.926	
2099	162.24	26.384	28.365	26.926	
2100	162.34	26.384	28.365	26.926	
2101	162.44	26.384	28.365	26.926	
2102	162.54	26.384	28.365	26.926	
2103	162.64	26.384	28.365	26.926	
2104	162.74	26.384	28.365	26.926	
2105	162.84	26.384	28.366	26.926	
2106	162.94	26.384	28.366	26.926	
2107	163.	26.385	28.366	26.926	
2108	163.01	26.385	28.366	26.926	
2109	163.02	26.385	28.366	26.926	
2110	163.05	26.385	28.366	26.926	
2111	163.14	26.385	28.366	26.926	
2112	163.24	26.385	28.366	26.926	
2113	163.34	26.385	28.366	26.926	
2114	163.44	26.385	28.366	26.926	
2115	163.54	26.385	28.366	26.926	
2116	163.64	26.385	28.366	26.926	
2117	163.74	26.385	28.367	26.926	
2118	163.84	26.385	28.367	26.926	
2119	163.94	26.385	28.367	26.926	
2120	164.	26.385	28.367	26.926	
2121	164.01	26.385	28.367	26.926	
2122	164.02	26.385	28.367	26.926	
2123	164.05	26.385	28.367	26.926	
2124	164.14	26.385	28.367	26.926	
2125	164.24	26.385	28.367	26.926	
2126	164.34	26.385	28.367	26.926	
2127	164.44	26.385	28.367	26.926	
2128	164.54	26.385	28.367	26.926	
2129	164.64	26.385	28.368	26.926	
2130	164.74	26.385	28.368	26.926	
2131	164.84	26.385	28.368	26.926	
2132	164.94	26.385	28.368	26.926	
2133	165.	26.385	28.368	26.926	
2134	165.01	26.385	28.368	26.926	
2135	165.02	26.385	28.368	26.926	
2136	165.05	26.385	28.368	26.926	
2137	165.14	26.385	28.368	26.926	
2138	165.24	26.386	28.368	26.926	
2139	165.34	26.386	28.368	26.926	
2140	165.44	26.386	28.368	26.926	
2141	165.54	26.386	28.369	26.926	
2142	165.64	26.386	28.369	26.925	
2143	165.74	26.386	28.369	26.925	
2144	165.84	26.386	28.369	26.925	
2145	165.94	26.386	28.369	26.925	
2146	166.	26.386	28.369	26.925	
2147	166.01	26.386	28.369	26.925	
2148	166.02	26.386	28.369	26.925	
2149	166.05	26.386	28.369	26.925	
2150	166.14	26.386	28.369	26.925	
2151	166.24	26.386	28.369	26.925	
2152	166.34	26.386	28.369	26.925	
2153	166.44	26.386	28.37	26.925	
2154	166.54	26.386	28.37	26.925	
2155	166.64	26.386	28.37	26.925	
2156	166.74	26.386	28.37	26.925	
2157	166.84	26.386	28.37	26.925	
2158	166.94	26.386	28.37	26.925	
2159	167.	26.386	28.37	26.925	
2160	167.01	26.386	28.37	26.925	
2161	167.02	26.386	28.37	26.925	
2162	167.05	26.386	28.37	26.925	
2163	167.14	26.386	28.37	26.925	
2164	167.24	26.386	28.37	26.925	
2165	167.34	26.387	28.371	26.925	
2166	167.44	26.387	28.371	26.925	
2167	167.54	26.387	28.371	26.925	
2168	167.64	26.387	28.371	26.925	
2169	167.74	26.387	28.371	26.925	
2170	167.84	26.387	28.371	26.925	
2171	167.94	26.387	28.371	26.925	
2172	168.	26.387	28.371	26.925	
2173	168.01	26.387	28.371	26.925	
2174	168.02	26.387	28.371	26.925	
2175	168.05	26.387	28.371	26.925	
2176	168.14	26.387	28.371	26.925	
2177	168.24	26.387	28.372	26.925	
2178	168.34	26.387	28.372	26.925	
2179	168.44	26.387	28.372	26.925	
2180	168.54	26.387	28.372	26.925	
2181	168.64	26.387	28.372	26.925	
2182	168.74	26.387	28.372	26.925	
2183	168.84	26.387	28.372	26.925	
2184	168.94	26.387	28.372	26.925	
2185	169.	26.387	28.372	26.925	
2186	169.01	26.387	28.372	26.925	
2187	169.02	26.387	28.372	26.925	
2188	169.05	26.387	28.372	26.925	
2189	169.14	26.387	28.373	26.925	
2190	169.24	26.387	28.373	26.925	
2191	169.34	26.387	28.373	26.925	
2192	169.44	26.387	28.373	26.925	
2193	169.54	26.388	28.373	26.925	
2194	169.64	26.388	28.373	26.925	
2195	169.74	26.388	28.373	26.925	
2196	169.84	26.388	28.373	26.925	
2197	169.94	26.388	28.373	26.925	
2198	170.	26.388	28.373	26.925	
2199	170.01	26.388	28.374	26.925	
2200	170.02	26.388	28.374	26.925	
2201	170.05	26.388	28.374	26.925	
2202	170.14	26.388	28.374	26.925	
2203	170.24	26.388	28.374	26.925	
2204	170.34	26.388	28.374	26.925	
2205	170.44	26.388	28.374	26.925	
2206	170.54	26.388	28.374	26.925	
2207	170.64	26.388	28.374	26.925	
2208	170.74	26.388	28.374	26.925	
2209	170.84	26.388	28.374	26.925	
2210	170.94	26.388	28.375	26.925	
2211	171.	26.388	28.375	26.925	
2212	171.01	26.388	28.375	26.925	
2213	171.02	26.388	28.375	26.925	
2214	171.05	26.388	28.375	26.925	
2215	171.14	26.388	28.375	26.925	
2216	171.24	26.388	28.375	26.925	
2217	171.34	26.388	28.375	26.925	
2218	171.44	26.388	28.375	26.925	
2219	171.54	26.388	28.375	26.925	
2220	171.64	26.388	28.375	26.925	
2221	171.74	26.388	28.375	26.925	
2222	171.84	26.389	28.376	26.925	
2223	171.94	26.389	28.376	26.925	
2224	172.	26.389	28.376	26.925	
2225	172.01	26.389	28.376	26.925	
2226	172.02	26.389	28.376	26.925	
2227	172.05	26.389	28.376	26.925	
2228	172.14	26.389	28.376	26.925	
2229	172.24	26.389	28.376	26.925	
2230	172.34	26.389	28.376	26.924	
2231	172.44	26.389	28.376	26.924	
2232	172.54	26.389	28.376	26.924	
2233	172.64	26.389	28.376	26.924	
2234	172.74	26.389	28.377	26.924	
2235	172.84	26.389	28.377	26.924	
2236	172.94	26.389	28.377	26.924	
2237	173.	26.389	28.377	26.924	
2238	173.01	26.389	28.377	26.924	
2239	173.02	26.389	28.377	26.924	
2240	173.05	26.389	28.377	26.924	
2241	173.14	26.389	28.377	26.924	
2242	173.24	26.389	28.377	26.924	
2243	173.34	26.389	28.377	26.924	
2244	173.44	26.389	28.377	26.924	
2245	173.54	26.389	28.377	26.924	
2246	173.64	26.389	28.378	26.924	
2247	173.74	26.389	28.378	26.924	
2248	173.84	26.389	28.378	26.924	
2249	173.94	26.389	28.378	26.924	
2250	174.	26.39	28.378	26.924	
2251	174.01	26.39	28.378	26.924	
2252	174.02	26.39	28.378	26.924	
2253	174.05	26.39	28.378	26.924	
2254	174.14	26.39	28.378	26.924	
2255	174.24	26.39	28.378	26.924	
2256	174.34	26.39	28.378	26.924	
2257	174.44	26.39	28.378	26.924	
2258	174.54	26.39	28.379	26.924	
2259	174.64	26.39	28.379	26.924	
2260	174.74	26.39	28.379	26.924	
2261	174.84	26.39	28.379	26.924	
2262	174.94	26.39	28.379	26.924	
2263	175.	26.39	28.379	26.924	
2264	175.01	26.39	28.379	26.924	
2265	175.02	26.39	28.379	26.924	
2266	175.05	26.39	28.379	26.924	
2267	175.14	26.39	28.379	26.924	
2268	175.24	26.39	28.379	26.924	
2269	175.34	26.39	28.379	26.924	
2270	175.44	26.39	28.38	26.924	
2271	175.54	26.39	28.38	26.924	
2272	175.64	26.39	28.38	26.924	
2273	175.74	26.39	28.38	26.924	
2274	175.84	26.39	28.38	26.924	
2275	175.94	26.39	28.38	26.924	
2276	176.	26.39	28.38	26.924	
2277	176.01	26.39	28.38	26.924	
2278	176.02	26.39	28.38	26.924	
2279	176.05	26.39	28.38	26.924	
2280	176.14	26.39	28.38	26.924	
2281	176.24	26.391	28.38	26.924	
2282	176.34	26.391	28.381	26.924	
2283	176.44	26.391	28.381	26.924	
2284	176.54	26.391	28.381	26.924	
2285	176.64	26.391	28.381	26.924	
2286	176.74	26.391	28.381	26.924	
2287	176.84	26.391	28.381	26.924	
2288	176.94	26.391	28.381	26.924	
2289	177.	26.391	28.381	26.924	
2290	177.01	26.391	28.381	26.924	
2291	177.02	26.391	28.381	26.924	
2292	177.05	26.391	28.381	26.924	
2293	177.14	26.391	28.381	26.924	
2294	177.24	26.391	28.382	26.924	
2295	177.34	26.391	28.382	26.924	
2296	177.44	26.391	28.382	26.924	
2297	177.54	26.391	28.382	26.924	
2298	177.64	26.391	28.382	26.924	
2299	177.74	26.391	28.382	26.924	
2300	177.84	26.391	28.382	26.924	
2301	177.94	26.391	28.382	26.924	
2302	178.	26.391	28.382	26.924	
2303	178.01	26.391	28.382	26.924	
2304	178.02	26.391	28.382	26.924	
2305	178.05	26.391	28.382	26.924	
2306	178.14	26.391	28.382	26.924	
2307	178.24	26.391	28.383	26.924	
2308	178.34	26.391	28.383	26.924	
2309	178.44	26.391	28.383	26.924	
2310	178.54	26.392	28.383	26.924	
2311	178.64	26.392	28.383	26.924	
2312	178.74	26.392	28.383	26.924	
2313	178.84	26.392	28.383	26.924	
2314	178.94	26.392	28.383	26.924	
2315	179.	26.392	28.383	26.924	
2316	179.01	26.392	28.383	26.924	
2317	179.02	26.392	28.383	26.924	
2318	179.05	26.392	28.384	26.924	
2319	179.14	26.392	28.384	26.924	
2320	179.24	26.392	28.384	26.924	
2321	179.34	26.392	28.384	26.924	
2322	179.44	26.392	28.384	26.924	
2323	179.54	26.392	28.384	26.924	
2324	179.64	26.392	28.384	26.924	
2325	179.74	26.392	28.384	26.924	
2326	179.84	26.392	28.384	26.924	
2327	179.94	26.392	28.384	26.924	
2328	180.	26.392	28.385	26.924	
2329	180.01	26.392	28.385	26.924	
2330	180.02	26.392	28.385	26.924	
2331	180.05	26.392	28.385	26.924	
2332	180.14	26.392	28.385	26.924	
2333	180.24	26.392	28.385	26.924	
2334	180.34	26.392	28.385	26.924	
2335	180.44	26.392	28.385	26.924	
2336	180.54	26.392	28.385	26.924	
2337	180.64	26.392	28.385	26.924	
2338	180.74	26.392	28.385	26.923	
2339	180.84	26.393	28.385	26.923	
2340	180.94	26.393	28.386	26.923	
2341	181.	26.393	28.386	26.923	
2342	181.01	26.393	28.386	26.923	
2343	181.02	26.393	28.386	26.923	
2344	181.05	26.393	28.386	26.923	
2345	181.14	26.393	28.386	26.923	
2346	181.24	26.393	28.386	26.923	
2347	181.34	26.393	28.386	26.923	
2348	181.44	26.393	28.386	26.923	
2349	181.54	26.393	28.386	26.923	
2350	181.64	26.393	28.386	26.923	
2351	181.74	26.393	28.386	26.923	
2352	181.84	26.393	28.387	26.923	
2353	181.94	26.393	28.387	26.923	
2354	182.	26.393	28.387	26.923	
2355	182.01	26.393	28.387	26.923	
2356	182.02	26.393	28.387	26.923	
2357	182.05	26.393	28.387	26.923	
2358	182.14	26.393	28.387	26.923	
2359	182.24	26.393	28.387	26.923	
2360	182.34	26.393	28.387	26.923	
2361	182.44	26.393	28.387	26.923	
2362	182.54	26.393	28.387	26.923	
2363	182.64	26.393	28.387	26.923	
2364	182.74	26.393	28.388	26.923	
2365	182.84	26.393	28.388	26.923	
2366	182.94	26.393	28.388	26.923	
2367	183.	26.393	28.388	26.923	
2368	183.01	26.393	28.388	26.923	
2369	183.02	26.393	28.388	26.923	
2370	183.05	26.393	28.388	26.923	
2371	183.14	26.394	28.388	26.923	
2372	183.24	26.394	28.388	26.923	
2373	183.34	26.394	28.388	26.923	
2374	183.44	26.394	28.388	26.923	
2375	183.54	26.394	28.388	26.923	
2376	183.64	26.394	28.389	26.923	
2377	183.74	26.394	28.389	26.923	
2378	183.84	26.394	28.389	26.923	
2379	183.94	26.394	28.389	26.923	
2380	184.	26.394	28.389	26.923	
2381	184.01	26.394	28.389	26.923	
2382	184.02	26.394	28.389	26.923	
2383	184.05	26.394	28.389	26.923	
2384	184.14	26.394	28.389	26.923	
2385	184.24	26.394	28.389	26.923	
2386	184.34	26.394	28.389	26.923	
2387	184.44	26.394	28.389	26.923	
2388	184.54	26.394	28.39	26.923	
2389	184.64	26.394	28.39	26.923	
2390	184.74	26.394	28.39	26.923	
2391	184.84	26.394	28.39	26.923	
2392	184.94	26.394	28.39	26.923	
2393	185.	26.394	28.39	26.923	
2394	185.01	26.394	28.39	26.923	
2395	185.02	26.394	28.39	26.923	
2396	185.05	26.394	28.39	26.923	
2397	185.14	26.394	28.39	26.923	
2398	185.24	26.394	28.39	26.923	
2399	185.34	26.394	28.39	26.923	
2400	185.44	26.395	28.391	26.923	
2401	185.54	26.395	28.391	26.923	
2402	185.64	26.395	28.391	26.923	
2403	185.74	26.395	28.391	26.923	
2404	185.84	26.395	28.391	26.923	
2405	185.94	26.395	28.391	26.923	
2406	186.	26.395	28.391	26.923	
2407	186.01	26.395	28.391	26.923	
2408	186.02	26.395	28.391	26.923	
2409	186.05	26.395	28.391	26.923	
2410	186.14	26.395	28.391	26.923	
2411	186.24	26.395	28.391	26.923	
2412	186.34	26.395	28.392	26.923	
2413	186.44	26.395	28.392	26.923	
2414	186.54	26.395	28.392	26.923	
2415	186.64	26.395	28.392	26.923	
2416	186.74	26.395	28.392	26.923	
2417	186.84	26.395	28.392	26.923	
2418	186.94	26.395	28.392	26.923	
2419	187.	26.395	28.392	26.923	
2420	187.01	26.395	28.392	26.923	
2421	187.02	26.395	28.392	26.923	
2422	187.05	26.395	28.392	26.923	
2423	187.14	26.395	28.392	26.923	
2424	187.24	26.395	28.393	26.923	
2425	187.34	26.395	28.393	26.923	
2426	187.44	26.395	28.393	26.923	
2427	187.54	26.395	28.393	26.923	
2428	187.64	26.395	28.393	26.923	
2429	187.74	26.395	28.393	26.923	
2430	187.84	26.396	28.393	26.923	
2431	187.94	26.396	28.393	26.923	
2432	188.	26.396	28.393	26.923	
2433	188.01	26.396	28.393	26.923	
2434	188.02	26.396	28.393	26.923	
2435	188.05	26.396	28.393	26.923	
2436	188.14	26.396	28.394	26.923	
2437	188.24	26.396	28.394	26.923	
2438	188.34	26.396	28.394	26.923	
2439	188.44	26.396	28.394	26.923	
2440	188.54	26.396	28.394	26.923	
2441	188.64	26.396	28.394	26.923	
2442	188.74	26.396	28.394	26.923	
2443	188.84	26.396	28.394	26.923	
2444	188.94	26.396	28.394	26.923	
2445	189.	26.396	28.395	26.923	
2446	189.01	26.396	28.395	26.923	
2447	189.02	26.396	28.395	26.923	
2448	189.05	26.396	28.395	26.923	
2449	189.14	26.396	28.395	26.923	
2450	189.24	26.396	28.395	26.923	
2451	189.34	26.396	28.395	26.923	
2452	189.44	26.396	28.395	26.923	
2453	189.54	26.396	28.395	26.923	
2454	189.64	26.396	28.395	26.923	
2455	189.74	26.396	28.395	26.923	
2456	189.84	26.396	28.395	26.923	
2457	189.94	26.396	28.396	26.923	
2458	190.	26.396	28.396	26.923	
2459	190.01	26.396	28.396	26.923	
2460	190.02	26.396	28.396	26.923	
2461	190.05	26.396	28.396	26.923	
2462	190.14	26.397	28.396	26.923	
2463	190.24	26.397	28.396	26.923	
2464	190.34	26.397	28.396	26.923	
2465	190.44	26.397	28.396	26.923	
2466	190.54	26.397	28.396	26.923	
2467	190.64	26.397	28.396	26.923	
2468	190.74	26.397	28.396	26.923	
2469	190.84	26.397	28.397	26.923	
2470	190.94	26.397	28.397	26.923	
2471	191.	26.397	28.397	26.923	
2472	191.01	26.397	28.397	26.923	
2473	191.02	26.397	28.397	26.923	
2474	191.05	26.397	28.397	26.923	
2475	191.14	26.397	28.397	26.923	
2476	191.24	26.397	28.397	26.923	
2477	191.34	26.397	28.397	26.923	
2478	191.44	26.397	28.397	26.923	
2479	191.54	26.397	28.397	26.923	
2480	191.64	26.397	28.397	26.923	
2481	191.74	26.397	28.398	26.923	
2482	191.84	26.397	28.398	26.923	
2483	191.94	26.397	28.398	26.923	
2484	192.	26.397	28.398	26.923	
2485	192.01	26.397	28.398	26.923	
2486	192.02	26.397	28.398	26.923	
2487	192.05	26.397	28.398	26.923	
2488	192.14	26.397	28.398	26.923	
2489	192.24	26.397	28.398	26.923	
2490	192.34	26.397	28.398	26.923	
2491	192.44	26.397	28.398	26.923	
2492	192.54	26.398	28.398	26.923	
2493	192.64	26.398	28.399	26.923	
2494	192.74	26.398	28.399	26.923	
2495	192.84	26.398	28.399	26.923	
2496	192.94	26.398	28.399	26.923	
2497	193.	26.398	28.399	26.923	
2498	193.01	26.398	28.399	26.923	
2499	193.02	26.398	28.399	26.923	
2500	193.05	26.398	28.399	26.923	
2501	193.14	26.398	28.399	26.923	
2502	193.24	26.398	28.399	26.923	
2503	193.34	26.398	28.399	26.923	
2504	193.44	26.398	28.399	26.923	
2505	193.54	26.398	28.4	26.923	
2506	193.64	26.398	28.4	26.922	
2507	193.74	26.398	28.4	26.922	
2508	193.84	26.398	28.4	26.922	
2509	193.94	26.398	28.4	26.922	
2510	194.	26.398	28.4	26.922	
2511	194.01	26.398	28.4	26.922	
2512	194.02	26.398	28.4	26.922	
2513	194.05	26.398	28.4	26.922	
2514	194.14	26.398	28.4	26.922	
2515	194.24	26.398	28.4	26.922	
2516	194.34	26.398	28.4	26.922	
2517	194.44	26.398	28.401	26.922	
2518	194.54	26.398	28.401	26.922	
2519	194.64	26.398	28.401	26.922	
2520	194.74	26.398	28.401	26.922	
2521	194.84	26.398	28.401	26.922	
2522	194.94	26.399	28.401	26.922	
2523	195.	26.399	28.401	26.922	
2524	195.01	26.399	28.401	26.922	
2525	195.02	26.399	28.401	26.922	
2526	195.05	26.399	28.401	26.922	
2527	195.14	26.399	28.401	26.922	
2528	195.24	26.399	28.401	26.922	
2529	195.34	26.399	28.402	26.922	
2530	195.44	26.399	28.402	26.922	
2531	195.54	26.399	28.402	26.922	
2532	195.64	26.399	28.402	26.922	
2533	195.74	26.399	28.402	26.922	
2534	195.84	26.399	28.402	26.922	
2535	195.94	26.399	28.402	26.922	
2536	196.	26.399	28.402	26.922	
2537	196.01	26.399	28.402	26.922	
2538	196.02	26.399	28.402	26.922	
2539	196.05	26.399	28.402	26.922	
2540	196.14	26.399	28.402	26.922	
2541	196.24	26.399	28.403	26.922	
2542	196.34	26.399	28.403	26.922	
2543	196.44	26.399	28.403	26.922	
2544	196.54	26.399	28.403	26.922	
2545	196.64	26.399	28.403	26.922	
2546	196.74	26.399	28.403	26.922	
2547	196.84	26.399	28.403	26.922	
2548	196.94	26.399	28.403	26.922	
2549	197.	26.399	28.403	26.922	
2550	197.01	26.399	28.403	26.922	
2551	197.02	26.399	28.403	26.922	
2552	197.05	26.399	28.403	26.922	
2553	197.14	26.399	28.404	26.922	
2554	197.24	26.399	28.404	26.922	
2555	197.34	26.399	28.404	26.922	
2556	197.44	26.399	28.404	26.922	
2557	197.54	26.399	28.404	26.922	
2558	197.64	26.399	28.404	26.922	
2559	197.74	26.399	28.404	26.922	
2560	197.84	26.399	28.404	26.922	
2561	197.94	26.399	28.404	26.922	
2562	198.	26.399	28.405	26.922	
2563	198.01	26.399	28.405	26.922	
2564	198.02	26.399	28.405	26.922	
2565	198.05	26.399	28.405	26.922	
2566	198.14	26.399	28.405	26.922	
2567	198.24	26.4	28.405	26.922	
2568	198.34	26.4	28.405	26.922	
2569	198.44	26.4	28.405	26.922	
2570	198.54	26.4	28.405	26.922	
2571	198.64	26.4	28.405	26.922	
2572	198.74	26.4	28.405	26.922	
2573	198.84	26.4	28.405	26.922	
2574	198.94	26.4	28.406	26.922	
2575	199.	26.4	28.406	26.922	
2576	199.01	26.4	28.406	26.922	
2577	199.02	26.4	28.406	26.922	
2578	199.05	26.4	28.406	26.922	
2579	199.14	26.4	28.406	26.922	
2580	199.24	26.4	28.406	26.922	
2581	199.34	26.4	28.406	26.922	
2582	199.44	26.4	28.406	26.922	
2583	199.54	26.4	28.406	26.922	
2584	199.64	26.4	28.406	26.922	
2585	199.74	26.4	28.406	26.922	
2586	199.84	26.4	28.407	26.922	
2587	199.94	26.4	28.407	26.922	
2588	200.	26.4	28.407	26.922	
2589	200.01	26.4	28.407	26.922	
2590	200.02	26.4	28.407	26.922	
2591	200.05	26.4	28.407	26.922	
2592	200.14	26.4	28.407	26.922	
2593	200.24	26.4	28.407	26.922	
2594	200.34	26.4	28.407	26.922	
2595	200.44	26.4	28.407	26.922	
2596	200.54	26.4	28.407	26.922	
2597	200.64	26.4	28.407	26.922	
2598	200.74	26.4	28.408	26.922	
2599	200.84	26.4	28.408	26.922	
2600	200.94	26.4	28.408	26.922	
2601	201.	26.4	28.408	26.922	
2602	201.01	26.4	28.408	26.922	
2603	201.02	26.4	28.408	26.922	
2604	201.05	26.4	28.408	26.922	
2605	201.14	26.4	28.408	26.922	
2606	201.24	26.4	28.408	26.922	
2607	201.34	26.4	28.408	26.922	
2608	201.44	26.4	28.408	26.922	
2609	201.54	26.4	28.408	26.922	
2610	201.64	26.4	28.409	26.922	
2611	201.74	26.4	28.409	26.922	
2612	201.84	26.4	28.409	26.922	
2613	201.94	26.4	28.409	26.922	
2614	202.	26.4	28.409	26.922	
2615	202.01	26.4	28.409	26.922	
2616	202.02	26.4	28.409	26.922	
2617	202.05	26.4	28.409	26.922	
2618	202.14	26.401	28.409	26.922	
2619	202.24	26.401	28.409	26.922	
2620	202.34	26.401	28.409	26.922	
2621	202.44	26.401	28.409	26.922	
2622	202.54	26.401	28.41	26.922	
2623	202.64	26.401	28.41	26.922	
2624	202.74	26.401	28.41	26.922	
2625	202.84	26.401	28.41	26.922	
2626	202.94	26.401	28.41	26.922	
2627	203.	26.401	28.41	26.922	
2628	203.01	26.401	28.41	26.922	
2629	203.02	26.401	28.41	26.922	
2630	203.05	26.401	28.41	26.922	
2631	203.14	26.401	28.41	26.922	
2632	203.24	26.401	28.41	26.922	
2633	203.34	26.401	28.41	26.922	
2634	203.44	26.401	28.411	26.922	
2635	203.54	26.401	28.411	26.922	
2636	203.64	26.401	28.411	26.922	
2637	203.74	26.401	28.411	26.922	
2638	203.84	26.401	28.411	26.922	
2639	203.94	26.401	28.411	26.922	
2640	204.	26.401	28.411	26.922	
2641	204.01	26.401	28.411	26.922	
2642	204.02	26.401	28.411	26.922	
2643	204.05	26.401	28.411	26.922	
2644	204.14	26.401	28.411	26.922	
2645	204.24	26.401	28.412	26.922	
2646	204.34	26.401	28.412	26.922	
2647	204.44	26.401	28.412	26.922	
2648	204.54	26.401	28.412	26.922	
2649	204.64	26.401	28.412	26.922	
2650	204.74	26.401	28.412	26.922	
2651	204.84	26.401	28.412	26.922	
2652	204.94	26.401	28.412	26.922	
2653	205.	26.401	28.412	26.922	
2654	205.01	26.401	28.412	26.922	
2655	205.02	26.401	28.412	26.922	
2656	205.05	26.401	28.412	26.922	
2657	205.14	26.401	28.413	26.922	
2658	205.24	26.401	28.413	26.922	
2659	205.34	26.401	28.413	26.922	
2660	205.44	26.401	28.413	26.922	
2661	205.54	26.401	28.413	26.922	
2662	205.64	26.401	28.413	26.922	
2663	205.74	26.401	28.413	26.922	
2664	205.84	26.402	28.413	26.922	
2665	205.94	26.402	28.413	26.922	
2666	206.	26.402	28.413	26.922	
2667	206.01	26.402	28.413	26.922	
2668	206.02	26.402	28.413	26.922	
2669	206.05	26.402	28.414	26.922	
2670	206.14	26.402	28.414	26.922	
2671	206.24	26.402	28.414	26.922	
2672	206.34	26.402	28.414	26.922	
2673	206.44	26.402	28.414	26.922	
2674	206.54	26.402	28.414	26.922	
2675	206.64	26.402	28.414	26.922	
2676	206.74	26.402	28.414	26.922	
2677	206.84	26.402	28.414	26.922	
2678	206.94	26.402	28.415	26.922	
2679	207.	26.402	28.415	26.922	
2680	207.01	26.402	28.415	26.922	
2681	207.02	26.402	28.415	26.922	
2682	207.05	26.402	28.415	26.922	
2683	207.14	26.402	28.415	26.922	
2684	207.24	26.402	28.415	26.922	
2685	207.34	26.402	28.415	26.922	
2686	207.44	26.402	28.415	26.922	
2687	207.54	26.402	28.415	26.922	
2688	207.64	26.402	28.415	26.922	
2689	207.74	26.402	28.415	26.922	
2690	207.84	26.402	28.416	26.922	
2691	207.94	26.402	28.416	26.922	
2692	208.	26.402	28.416	26.922	
2693	208.01	26.402	28.416	26.922	
2694	208.02	26.402	28.416	26.922	
2695	208.05	26.402	28.416	26.922	
2696	208.14	26.402	28.416	26.922	
2697	208.24	26.402	28.416	26.922	
2698	208.34	26.402	28.416	26.922	
2699	208.44	26.402	28.416	26.922	
2700	208.54	26.402	28.416	26.922	
2701	208.64	26.402	28.416	26.922	
2702	208.74	26.402	28.417	26.922	
2703	208.84	26.402	28.417	26.922	
2704	208.94	26.402	28.417	26.922	
2705	209.	26.402	28.417	26.922	
2706	209.01	26.402	28.417	26.922	
2707	209.02	26.402	28.417	26.922	
2708	209.05	26.402	28.417	26.922	
2709	209.14	26.402	28.417	26.922	
2710	209.24	26.403	28.417	26.922	
2711	209.34	26.403	28.417	26.922	
2712	209.44	26.403	28.417	26.922	
2713	209.54	26.403	28.417	26.922	
2714	209.64	26.403	28.418	26.922	
2715	209.74	26.403	28.418	26.922	
2716	209.84	26.403	28.418	26.922	
2717	209.94	26.403	28.418	26.922	
2718	210.	26.403	28.418	26.922	
2719	210.01	26.403	28.418	26.922	
2720	210.02	26.403	28.418	26.922	
2721	210.05	26.403	28.418	26.922	
2722	210.14	26.403	28.418	26.922	
2723	210.24	26.403	28.418	26.922	
2724	210.34	26.403	28.418	26.922	
2725	210.44	26.403	28.418	26.922	
2726	210.54	26.403	28.419	26.922	
2727	210.64	26.403	28.419	26.922	
2728	210.74	26.403	28.419	26.922	
2729	210.84	26.403	28.419	26.922	
2730	210.94	26.403	28.419	26.922	
2731	211.	26.403	28.419	26.922	
2732	211.01	26.403	28.419	26.922	
2733	211.02	26.403	28.419	26.922	
2734	211.05	26.403	28.419	26.922	
2735	211.14	26.403	28.419	26.922	
2736	211.24	26.403	28.419	26.922	
2737	211.34	26.403	28.419	26.922	
2738	211.44	26.403	28.42	26.922	
2739	211.54	26.403	28.42	26.922	
2740	211.64	26.403	28.42	26.922	
2741	211.74	26.403	28.42	26.922	
2742	211.84	26.403	28.42	26.922	
2743	211.94	26.403	28.42	26.922	
2744	212.	26.403	28.42	26.922	
2745	212.01	26.403	28.42	26.922	
2746	212.02	26.403	28.42	26.922	
2747	212.05	26.403	28.42	26.922	
2748	212.14	26.403	28.42	26.922	
2749	212.24	26.403	28.42	26.922	
2750	212.34	26.403	28.421	26.922	
2751	212.44	26.403	28.421	26.922	
2752	212.54	26.404	28.421	26.922	
2753	212.64	26.404	28.421	26.922	
2754	212.74	26.404	28.421	26.922	
2755	212.84	26.404	28.421	26.922	
2756	212.94	26.404	28.421	26.922	
2757	213.	26.404	28.421	26.922	
2758	213.01	26.404	28.421	26.922	
2759	213.02	26.404	28.421	26.922	
2760	213.05	26.404	28.421	26.922	
2761	213.14	26.404	28.421	26.922	
2762	213.24	26.404	28.422	26.922	
2763	213.34	26.404	28.422	26.922	
2764	213.44	26.404	28.422	26.922	
2765	213.54	26.404	28.422	26.922	
2766	213.64	26.404	28.422	26.922	
2767	213.74	26.404	28.422	26.922	
2768	213.84	26.404	28.422	26.922	
2769	213.94	26.404	28.422	26.922	
2770	214.	26.404	28.422	26.922	
2771	214.01	26.404	28.422	26.922	
2772	214.02	26.404	28.422	26.922	
2773	214.05	26.404	28.422	26.922	
2774	214.14	26.404	28.423	26.922	
2775	214.24	26.404	28.423	26.922	
2776	214.34	26.404	28.423	26.922	
2777	214.44	26.404	28.423	26.922	
2778	214.54	26.404	28.423	26.922	
2779	214.64	26.404	28.423	26.922	
2780	214.74	26.404	28.423	26.922	
2781	214.84	26.404	28.423	26.922	
2782	214.94	26.404	28.423	26.922	
2783	215.	26.404	28.423	26.922	
2784	215.01	26.404	28.424	26.922	
2785	215.02	26.404	28.424	26.922	
2786	215.05	26.404	28.424	26.922	
2787	215.14	26.404	28.424	26.922	
2788	215.24	26.404	28.424	26.922	
2789	215.34	26.404	28.424	26.922	
2790	215.44	26.404	28.424	26.922	
2791	215.54	26.404	28.424	26.922	
2792	215.64	26.404	28.424	26.922	
2793	215.74	26.405	28.424	26.922	
2794	215.84	26.405	28.424	26.922	
2795	215.94	26.405	28.425	26.922	
2796	216.	26.405	28.425	26.922	
2797	216.01	26.405	28.425	26.922	
2798	216.02	26.405	28.425	26.922	
2799	216.05	26.405	28.425	26.922	
2800	216.14	26.405	28.425	26.922	
2801	216.24	26.405	28.425	26.922	
2802	216.34	26.405	28.425	26.922	
2803	216.44	26.405	28.425	26.922	
2804	216.54	26.405	28.425	26.922	
2805	216.64	26.405	28.425	26.922	
2806	216.74	26.405	28.425	26.922	
2807	216.84	26.405	28.426	26.922	
2808	216.94	26.405	28.426	26.922	
2809	217.	26.405	28.426	26.922	
2810	217.01	26.405	28.426	26.922	
2811	217.02	26.405	28.426	26.922	
2812	217.05	26.405	28.426	26.922	
2813	217.14	26.405	28.426	26.922	
2814	217.24	26.405	28.426	26.922	
2815	217.34	26.405	28.426	26.922	
2816	217.44	26.405	28.426	26.922	
2817	217.54	26.405	28.426	26.922	
2818	217.64	26.405	28.426	26.922	
2819	217.74	26.405	28.427	26.922	
2820	217.84	26.405	28.427	26.922	
2821	217.94	26.405	28.427	26.922	
2822	218.	26.405	28.427	26.922	
2823	218.01	26.405	28.427	26.922	
2824	218.02	26.405	28.427	26.922	
2825	218.05	26.405	28.427	26.922	
2826	218.14	26.405	28.427	26.922	
2827	218.24	26.405	28.427	26.922	
2828	218.34	26.405	28.427	26.922	
2829	218.44	26.405	28.427	26.922	
2830	218.54	26.405	28.427	26.922	
2831	218.64	26.405	28.428	26.922	
2832	218.74	26.406	28.428	26.922	
2833	218.84	26.406	28.428	26.922	
2834	218.94	26.406	28.428	26.922	
2835	219.	26.406	28.428	26.922	
2836	219.01	26.406	28.428	26.922	
2837	219.02	26.406	28.428	26.922	
2838	219.05	26.406	28.428	26.922	
2839	219.14	26.406	28.428	26.922	
2840	219.24	26.406	28.428	26.922	
2841	219.34	26.406	28.428	26.922	
2842	219.44	26.406	28.428	26.922	
2843	219.54	26.406	28.429	26.922	
2844	219.64	26.406	28.429	26.922	
2845	219.74	26.406	28.429	26.922	
2846	219.84	26.406	28.429	26.922	
2847	219.94	26.406	28.429	26.922	
2848	220.	26.406	28.429	26.922	
2849	220.01	26.406	28.429	26.922	
2850	220.02	26.406	28.429	26.922	
2851	220.05	26.406	28.429	26.922	
2852	220.14	26.406	28.429	26.922	
2853	220.24	26.406	28.429	26.922	
2854	220.34	26.406	28.429	26.922	
2855	220.44	26.406	28.43	26.922	
2856	220.54	26.406	28.43	26.922	
2857	220.64	26.406	28.43	26.922	
2858	220.74	26.406	28.43	26.922	
2859	220.84	26.406	28.43	26.922	
2860	220.94	26.406	28.43	26.922	
2861	221.	26.406	28.43	26.922	
2862	221.01	26.406	28.43	26.922	
2863	221.02	26.406	28.43	26.922	
2864	221.05	26.406	28.43	26.922	
2865	221.14	26.406	28.43	26.922	
2866	221.24	26.406	28.43	26.922	
2867	221.34	26.406	28.431	26.922	
2868	221.44	26.406	28.431	26.922	
2869	221.54	26.406	28.431	26.922	
2870	221.64	26.407	28.431	26.922	
2871	221.74	26.407	28.431	26.922	
2872	221.84	26.407	28.431	26.922	
2873	221.94	26.407	28.431	26.922	
2874	222.	26.407	28.431	26.922	
2875	222.01	26.407	28.431	26.922	
2876	222.02	26.407	28.431	26.922	
2877	222.05	26.407	28.431	26.922	
2878	222.14	26.407	28.431	26.922	
2879	222.24	26.407	28.432	26.922	
2880	222.34	26.407	28.432	26.922	
2881	222.44	26.407	28.432	26.922	
2882	222.54	26.407	28.432	26.922	
2883	222.64	26.407	28.432	26.922	
2884	222.74	26.407	28.432	26.922	
2885	222.84	26.407	28.432	26.922	
2886	222.94	26.407	28.432	26.922	
2887	223.	26.407	28.432	26.922	
2888	223.01	26.407	28.432	26.922	
2889	223.02	26.407	28.432	26.922	
2890	223.05	26.407	28.432	26.922	
2891	223.14	26.407	28.433	26.922	
2892	223.24	26.407	28.433	26.922	
2893	223.34	26.407	28.433	26.922	
2894	223.44	26.407	28.433	26.922	
2895	223.54	26.407	28.433	26.922	
2896	223.64	26.407	28.433	26.922	
2897	223.74	26.407	28.433	26.922	
2898	223.84	26.407	28.433	26.922	
2899	223.94	26.407	28.433	26.922	
2900	224.	26.407	28.434	26.922	
2901	224.01	26.407	28.434	26.922	
2902	224.02	26.407	28.434	26.922	
2903	224.05	26.407	28.434	26.922	
2904	224.14	26.407	28.434	26.922	
2905	224.24	26.407	28.434	26.922	
2906	224.34	26.407	28.434	26.922	
2907	224.44	26.408	28.434	26.922	
2908	224.54	26.408	28.434	26.922	
2909	224.64	26.408	28.434	26.922	
2910	224.74	26.408	28.434	26.922	
2911	224.84	26.408	28.434	26.922	
2912	224.94	26.408	28.435	26.922	
2913	225.	26.408	28.435	26.922	
2914	225.01	26.408	28.435	26.922	
2915	225.02	26.408	28.435	26.922	
2916	225.05	26.408	28.435	26.922	
2917	225.14	26.408	28.435	26.922	
2918	225.24	26.408	28.435	26.922	
2919	225.34	26.408	28.435	26.922	
2920	225.44	26.408	28.435	26.922	
2921	225.54	26.408	28.435	26.922	
2922	225.64	26.408	28.435	26.922	
2923	225.74	26.408	28.435	26.922	
2924	225.84	26.408	28.436	26.922	
2925	225.94	26.408	28.436	26.922	
2926	226.	26.408	28.436	26.922	
2927	226.01	26.408	28.436	26.922	
2928	226.02	26.408	28.436	26.922	
2929	226.05	26.408	28.436	26.922	
2930	226.14	26.408	28.436	26.922	
2931	226.24	26.408	28.436	26.922	
2932	226.34	26.408	28.436	26.922	
2933	226.44	26.408	28.436	26.922	
2934	226.54	26.408	28.436	26.922	
2935	226.64	26.408	28.436	26.922	
2936	226.74	26.408	28.437	26.922	
2937	226.84	26.408	28.437	26.922	
2938	226.94	26.408	28.437	26.922	
2939	227.	26.408	28.437	26.922	
2940	227.01	26.408	28.437	26.922	
2941	227.02	26.408	28.437	26.922	
2942	227.05	26.408	28.437	26.922	
2943	227.14	26.408	28.437	26.922	
2944	227.24	26.409	28.437	26.922	
2945	227.34	26.409	28.437	26.922	
2946	227.44	26.409	28.437	26.922	
2947	227.54	26.409	28.437	26.922	
2948	227.64	26.409	28.438	26.923	
2949	227.74	26.409	28.438	26.923	
2950	227.84	26.409	28.438	26.923	
2951	227.94	26.409	28.438	26.923	
2952	228.	26.409	28.438	26.923	
2953	228.01	26.409	28.438	26.923	
2954	228.02	26.409	28.438	26.923	
2955	228.05	26.409	28.438	26.923	
2956	228.14	26.409	28.438	26.923	
2957	228.24	26.409	28.438	26.923	
2958	228.34	26.409	28.438	26.923	
2959	228.44	26.409	28.439	26.923	
2960	228.54	26.409	28.439	26.923	
2961	228.64	26.409	28.439	26.923	
2962	228.74	26.409	28.439	26.923	
2963	228.84	26.409	28.439	26.923	
2964	228.94	26.409	28.439	26.923	
2965	229.	26.409	28.439	26.923	
2966	229.01	26.409	28.439	26.923	
2967	229.02	26.409	28.439	26.923	
2968	229.05	26.409	28.439	26.923	
2969	229.14	26.409	28.439	26.923	
2970	229.24	26.409	28.439	26.923	
2971	229.34	26.409	28.44	26.923	
2972	229.44	26.409	28.44	26.923	
2973	229.54	26.409	28.44	26.923	
2974	229.64	26.409	28.44	26.923	
2975	229.74	26.409	28.44	26.923	
2976	229.84	26.41	28.44	26.923	
2977	229.94	26.41	28.44	26.923	
2978	230.	26.41	28.44	26.923	
2979	230.01	26.41	28.44	26.923	
2980	230.02	26.41	28.44	26.923	
2981	230.05	26.41	28.44	26.923	
2982	230.14	26.41	28.44	26.923	
2983	230.24	26.41	28.441	26.923	
2984	230.34	26.41	28.441	26.923	
2985	230.44	26.41	28.441	26.923	
2986	230.54	26.41	28.441	26.923	
2987	230.64	26.41	28.441	26.923	
2988	230.74	26.41	28.441	26.923	
2989	230.84	26.41	28.441	26.923	
2990	230.94	26.41	28.441	26.923	
2991	231.	26.41	28.441	26.923	
2992	231.01	26.41	28.441	26.923	
2993	231.02	26.41	28.441	26.923	
2994	231.05	26.41	28.441	26.923	
2995	231.14	26.41	28.442	26.923	
2996	231.24	26.41	28.442	26.923	
2997	231.34	26.41	28.442	26.923	
2998	231.44	26.41	28.442	26.923	
2999	231.54	26.41	28.442	26.923	
3000	231.64	26.41	28.442	26.923	
3001	231.74	26.41	28.442	26.923	
3002	231.84	26.41	28.442	26.923	
3003	231.94	26.41	28.442	26.923	
3004	232.	26.41	28.442	26.923	
3005	232.01	26.41	28.442	26.923	
3006	232.02	26.41	28.443	26.923	
3007	232.05	26.41	28.443	26.923	
3008	232.14	26.41	28.443	26.923	
3009	232.24	26.41	28.443	26.923	
3010	232.34	26.41	28.443	26.923	
3011	232.44	26.41	28.443	26.923	
3012	232.54	26.411	28.443	26.923	
3013	232.64	26.411	28.443	26.923	
3014	232.74	26.411	28.443	26.923	
3015	232.84	26.411	28.443	26.923	
3016	232.94	26.411	28.444	26.923	
3017	233.	26.411	28.444	26.923	
3018	233.01	26.411	28.444	26.923	
3019	233.02	26.411	28.444	26.923	
3020	233.05	26.411	28.444	26.923	
3021	233.14	26.411	28.444	26.923	
3022	233.24	26.411	28.444	26.923	
3023	233.34	26.411	28.444	26.923	
3024	233.44	26.411	28.444	26.923	
3025	233.54	26.411	28.444	26.923	
3026	233.64	26.411	28.444	26.923	
3027	233.74	26.411	28.444	26.923	
3028	233.84	26.411	28.445	26.923	
3029	233.94	26.411	28.445	26.923	
3030	234.	26.411	28.445	26.923	
3031	234.01	26.411	28.445	26.923	
3032	234.02	26.411	28.445	26.923	
3033	234.05	26.411	28.445	26.923	
3034	234.14	26.411	28.445	26.923	
3035	234.24	26.411	28.445	26.923	
3036	234.34	26.411	28.445	26.923	
3037	234.44	26.411	28.445	26.923	
3038	234.54	26.411	28.445	26.923	
3039	234.64	26.411	28.445	26.923	
3040	234.74	26.411	28.446	26.923	
3041	234.84	26.411	28.446	26.923	
3042	234.94	26.411	28.446	26.923	
3043	235.	26.411	28.446	26.923	
3044	235.01	26.412	28.446	26.923	
3045	235.02	26.412	28.446	26.923	
3046	235.05	26.412	28.446	26.923	
3047	235.14	26.412	28.446	26.923	
3048	235.24	26.412	28.446	26.923	
3049	235.34	26.412	28.446	26.923	
3050	235.44	26.412	28.446	26.923	
3051	235.54	26.412	28.446	26.923	
3052	235.64	26.412	28.447	26.923	
3053	235.74	26.412	28.447	26.923	
3054	235.84	26.412	28.447	26.923	
3055	235.94	26.412	28.447	26.923	
3056	236.	26.412	28.447	26.923	
3057	236.01	26.412	28.447	26.923	
3058	236.02	26.412	28.447	26.923	
3059	236.05	26.412	28.447	26.923	
3060	236.14	26.412	28.447	26.923	
3061	236.24	26.412	28.447	26.923	
3062	236.34	26.412	28.447	26.923	
3063	236.44	26.412	28.447	26.923	
3064	236.54	26.412	28.448	26.923	
3065	236.64	26.412	28.448	26.923	
3066	236.74	26.412	28.448	26.923	
3067	236.84	26.412	28.448	26.923	
3068	236.94	26.412	28.448	26.923	
3069	237.	26.412	28.448	26.923	
3070	237.01	26.412	28.448	26.923	
3071	237.02	26.412	28.448	26.923	
3072	237.05	26.412	28.448	26.923	
3073	237.14	26.412	28.448	26.923	
3074	237.24	26.412	28.448	26.923	
3075	237.34	26.412	28.448	26.923	
3076	237.44	26.412	28.449	26.923	
3077	237.54	26.413	28.449	26.923	
3078	237.64	26.413	28.449	26.923	
3079	237.74	26.413	28.449	26.923	
3080	237.84	26.413	28.449	26.923	
3081	237.94	26.413	28.449	26.923	
3082	238.	26.413	28.449	26.923	
3083	238.01	26.413	28.449	26.923	
3084	238.02	26.413	28.449	26.923	
3085	238.05	26.413	28.449	26.923	
3086	238.14	26.413	28.449	26.923	
3087	238.24	26.413	28.449	26.923	
3088	238.34	26.413	28.45	26.923	
3089	238.44	26.413	28.45	26.923	
3090	238.54	26.413	28.45	26.923	
3091	238.64	26.413	28.45	26.923	
3092	238.74	26.413	28.45	26.923	
3093	238.84	26.413	28.45	26.923	
3094	238.94	26.413	28.45	26.923	
3095	239.	26.413	28.45	26.923	
3096	239.01	26.413	28.45	26.923	
3097	239.02	26.413	28.45	26.923	
3098	239.05	26.413	28.45	26.923	
3099	239.14	26.413	28.45	26.923	
3100	239.24	26.413	28.451	26.923	
3101	239.34	26.413	28.451	26.923	
3102	239.44	26.413	28.451	26.923	
3103	239.54	26.413	28.451	26.923	
3104	239.64	26.413	28.451	26.923	
3105	239.74	26.413	28.451	26.923	
3106	239.84	26.413	28.451	26.923	
3107	239.94	26.413	28.451	26.923	
3108	240.	26.414	28.451	26.923	
3109	240.01	26.414	28.451	26.923	
3110	240.02	26.414	28.451	26.923	
3111	240.05	26.414	28.451	26.923	
3112	240.14	26.414	28.452	26.923	
3113	240.24	26.414	28.452	26.923	
3114	240.34	26.414	28.452	26.923	
3115	240.44	26.414	28.452	26.923	
3116	240.54	26.414	28.452	26.923	
3117	240.64	26.414	28.452	26.923	
3118	240.74	26.414	28.452	26.923	
3119	240.84	26.414	28.452	26.923	
3120	240.94	26.414	28.452	26.923	
3121	241.	26.414	28.453	26.923	
3122	241.01	26.414	28.453	26.923	
3123	241.02	26.414	28.453	26.923	
3124	241.05	26.414	28.453	26.923	
3125	241.14	26.414	28.453	26.923	
3126	241.24	26.414	28.453	26.923	
3127	241.34	26.414	28.453	26.923	
3128	241.44	26.414	28.453	26.923	
3129	241.54	26.414	28.453	26.923	
3130	241.64	26.414	28.453	26.923	
3131	241.74	26.414	28.453	26.923	
3132	241.84	26.414	28.453	26.923	
3133	241.94	26.414	28.454	26.923	
3134	242.	26.414	28.454	26.923	
3135	242.01	26.414	28.454	26.923	
3136	242.02	26.414	28.454	26.923	
3137	242.05	26.414	28.454	26.923	
3138	242.14	26.414	28.454	26.923	
3139	242.24	26.414	28.454	26.923	
3140	242.34	26.414	28.454	26.923	
3141	242.44	26.415	28.454	26.924	
3142	242.54	26.415	28.454	26.924	
3143	242.64	26.415	28.454	26.924	
3144	242.74	26.415	28.454	26.924	
3145	242.84	26.415	28.455	26.924	
3146	242.94	26.415	28.455	26.924	
3147	243.	26.415	28.455	26.924	
3148	243.01	26.415	28.455	26.924	
3149	243.02	26.415	28.455	26.924	
3150	243.05	26.415	28.455	26.924	
3151	243.14	26.415	28.455	26.924	
3152	243.24	26.415	28.455	26.924	
3153	243.34	26.415	28.455	26.924	
3154	243.44	26.415	28.455	26.924	
3155	243.54	26.415	28.455	26.924	
3156	243.64	26.415	28.456	26.924	
3157	243.74	26.415	28.456	26.924	
3158	243.84	26.415	28.456	26.924	
3159	243.94	26.415	28.456	26.924	
3160	244.	26.415	28.456	26.924	
3161	244.01	26.415	28.456	26.924	
3162	244.02	26.415	28.456	26.924	
3163	244.05	26.415	28.456	26.924	
3164	244.14	26.415	28.456	26.924	
3165	244.24	26.415	28.456	26.924	
3166	244.34	26.415	28.456	26.924	
3167	244.44	26.415	28.456	26.924	
3168	244.54	26.415	28.457	26.924	
3169	244.64	26.415	28.457	26.924	
3170	244.74	26.415	28.457	26.924	
3171	244.84	26.416	28.457	26.924	
3172	244.94	26.416	28.457	26.924	
3173	245.	26.416	28.457	26.924	
3174	245.01	26.416	28.457	26.924	
3175	245.02	26.416	28.457	26.924	
3176	245.05	26.416	28.457	26.924	
3177	245.14	26.416	28.457	26.924	
3178	245.24	26.416	28.457	26.924	
3179	245.34	26.416	28.457	26.924	
3180	245.44	26.416	28.458	26.924	
3181	245.54	26.416	28.458	26.924	
3182	245.64	26.416	28.458	26.924	
3183	245.74	26.416	28.458	26.924	
3184	245.84	26.416	28.458	26.924	
3185	245.94	26.416	28.458	26.924	
3186	246.	26.416	28.458	26.924	
3187	246.01	26.416	28.458	26.924	
3188	246.02	26.416	28.458	26.924	
3189	246.05	26.416	28.458	26.924	
3190	246.14	26.416	28.458	26.924	
3191	246.24	26.416	28.458	26.924	
3192	246.34	26.416	28.459	26.924	
3193	246.44	26.416	28.459	26.924	
3194	246.54	26.416	28.459	26.924	
3195	246.64	26.416	28.459	26.924	
3196	246.74	26.416	28.459	26.924	
3197	246.84	26.416	28.459	26.924	
3198	246.94	26.416	28.459	26.924	
3199	247.	26.416	28.459	26.924	
3200	247.01	26.416	28.459	26.924	
3201	247.02	26.416	28.459	26.924	
3202	247.05	26.416	28.459	26.924	
3203	247.14	26.417	28.459	26.924	
3204	247.24	26.417	28.46	26.924	
3205	247.34	26.417	28.46	26.924	
3206	247.44	26.417	28.46	26.924	
3207	247.54	26.417	28.46	26.924	
3208	247.64	26.417	28.46	26.924	
3209	247.74	26.417	28.46	26.924	
3210	247.84	26.417	28.46	26.924	
3211	247.94	26.417	28.46	26.924	
3212	248.	26.417	28.46	26.924	
3213	248.01	26.417	28.46	26.924	
3214	248.02	26.417	28.46	26.924	
3215	248.05	26.417	28.46	26.924	
3216	248.14	26.417	28.461	26.924	
3217	248.24	26.417	28.461	26.924	
3218	248.34	26.417	28.461	26.924	
3219	248.44	26.417	28.461	26.924	
3220	248.54	26.417	28.461	26.924	
3221	248.64	26.417	28.461	26.924	
3222	248.74	26.417	28.461	26.924	
3223	248.84	26.417	28.461	26.924	
3224	248.94	26.417	28.461	26.924	
3225	249.	26.417	28.461	26.924	
3226	249.01	26.417	28.462	26.924	
3227	249.02	26.417	28.462	26.924	
3228	249.05	26.417	28.462	26.924	
3229	249.14	26.417	28.462	26.924	
3230	249.24	26.417	28.462	26.924	
3231	249.34	26.417	28.462	26.924	
3232	249.44	26.418	28.462	26.924	
3233	249.54	26.418	28.462	26.924	
3234	249.64	26.418	28.462	26.924	
3235	249.74	26.418	28.462	26.924	
3236	249.84	26.418	28.462	26.924	
3237	249.94	26.418	28.463	26.924	
3238	250.	26.418	28.463	26.924	
3239	250.01	26.418	28.463	26.924	
3240	250.02	26.418	28.463	26.924	
3241	250.05	26.418	28.463	26.924	
3242	250.14	26.418	28.463	26.924	
3243	250.24	26.418	28.463	26.924	
3244	250.34	26.418	28.463	26.924	
3245	250.44	26.418	28.463	26.924	
3246	250.54	26.418	28.463	26.924	
3247	250.64	26.418	28.463	26.924	
3248	250.74	26.418	28.463	26.924	
3249	250.84	26.418	28.464	26.924	
3250	250.94	26.418	28.464	26.924	
3251	251.	26.418	28.464	26.924	
3252	251.01	26.418	28.464	26.924	
3253	251.02	26.418	28.464	26.924	
3254	251.05	26.418	28.464	26.924	
3255	251.14	26.418	28.464	26.924	
3256	251.24	26.418	28.464	26.924	
3257	251.34	26.418	28.464	26.924	
3258	251.44	26.418	28.464	26.924	
3259	251.54	26.418	28.464	26.924	
3260	251.64	26.418	28.464	26.924	
3261	251.74	26.419	28.465	26.924	
3262	251.84	26.419	28.465	26.924	
3263	251.94	26.419	28.465	26.924	
3264	252.	26.419	28.465	26.924	
3265	252.01	26.419	28.465	26.924	
3266	252.02	26.419	28.465	26.924	
3267	252.05	26.419	28.465	26.924	
3268	252.14	26.419	28.465	26.924	
3269	252.24	26.419	28.465	26.924	
3270	252.34	26.419	28.465	26.924	
3271	252.44	26.419	28.465	26.924	
3272	252.54	26.419	28.465	26.924	
3273	252.64	26.419	28.466	26.924	
3274	252.74	26.419	28.466	26.924	
3275	252.84	26.419	28.466	26.925	
3276	252.94	26.419	28.466	26.925	
3277	253.	26.419	28.466	26.925	
3278	253.01	26.419	28.466	26.925	
3279	253.02	26.419	28.466	26.925	
3280	253.05	26.419	28.466	26.925	
3281	253.14	26.419	28.466	26.925	
3282	253.24	26.419	28.466	26.925	
3283	253.34	26.419	28.466	26.925	
3284	253.44	26.419	28.466	26.925	
3285	253.54	26.419	28.467	26.925	
3286	253.64	26.419	28.467	26.925	
3287	253.74	26.419	28.467	26.925	
3288	253.84	26.419	28.467	26.925	
3289	253.94	26.42	28.467	26.925	
3290	254.	26.42	28.467	26.925	
3291	254.01	26.42	28.467	26.925	
3292	254.02	26.42	28.467	26.925	
3293	254.05	26.42	28.467	26.925	
3294	254.14	26.42	28.467	26.925	
3295	254.24	26.42	28.467	26.925	
3296	254.34	26.42	28.467	26.925	
3297	254.44	26.42	28.468	26.925	
3298	254.54	26.42	28.468	26.925	
3299	254.64	26.42	28.468	26.925	
3300	254.74	26.42	28.468	26.925	
3301	254.84	26.42	28.468	26.925	
3302	254.94	26.42	28.468	26.925	
3303	255.	26.42	28.468	26.925	
3304	255.01	26.42	28.468	26.925	
3305	255.02	26.42	28.468	26.925	
3306	255.05	26.42	28.468	26.925	
3307	255.14	26.42	28.468	26.925	
3308	255.24	26.42	28.468	26.925	
3309	255.34	26.42	28.469	26.925	
3310	255.44	26.42	28.469	26.925	
3311	255.54	26.42	28.469	26.925	
3312	255.64	26.42	28.469	26.925	
3313	255.74	26.42	28.469	26.925	
3314	255.84	26.42	28.469	26.925	
3315	255.94	26.42	28.469	26.925	
3316	256.	26.42	28.469	26.925	
3317	256.01	26.42	28.469	26.925	
3318	256.02	26.42	28.469	26.925	
3319	256.05	26.42	28.469	26.925	
3320	256.14	26.421	28.469	26.925	
3321	256.24	26.421	28.47	26.925	
3322	256.34	26.421	28.47	26.925	
3323	256.44	26.421	28.47	26.925	
3324	256.54	26.421	28.47	26.925	
3325	256.64	26.421	28.47	26.925	
3326	256.74	26.421	28.47	26.925	
3327	256.84	26.421	28.47	26.925	
3328	256.94	26.421	28.47	26.925	
3329	257.	26.421	28.47	26.925	
3330	257.01	26.421	28.47	26.925	
3331	257.02	26.421	28.47	26.925	
3332	257.05	26.421	28.471	26.925	
3333	257.14	26.421	28.471	26.925	
3334	257.24	26.421	28.471	26.925	
3335	257.34	26.421	28.471	26.925	
3336	257.44	26.421	28.471	26.925	
3337	257.54	26.421	28.471	26.925	
3338	257.64	26.421	28.471	26.925	
3339	257.74	26.421	28.471	26.925	
3340	257.84	26.421	28.471	26.925	
3341	257.94	26.421	28.472	26.925	
3342	258.	26.421	28.472	26.925	
3343	258.01	26.421	28.472	26.925	
3344	258.02	26.421	28.472	26.925	
3345	258.05	26.421	28.472	26.925	
3346	258.14	26.421	28.472	26.925	
3347	258.24	26.421	28.472	26.925	
3348	258.34	26.422	28.472	26.925	
3349	258.44	26.422	28.472	26.925	
3350	258.54	26.422	28.472	26.925	
3351	258.64	26.422	28.472	26.925	
3352	258.74	26.422	28.472	26.925	
3353	258.84	26.422	28.473	26.925	
3354	258.94	26.422	28.473	26.925	
3355	259.	26.422	28.473	26.925	
3356	259.01	26.422	28.473	26.925	
3357	259.02	26.422	28.473	26.925	
3358	259.05	26.422	28.473	26.925	
3359	259.14	26.422	28.473	26.925	
3360	259.24	26.422	28.473	26.925	
3361	259.34	26.422	28.473	26.925	
3362	259.44	26.422	28.473	26.925	
3363	259.54	26.422	28.473	26.925	
3364	259.64	26.422	28.473	26.925	
3365	259.74	26.422	28.474	26.925	
3366	259.84	26.422	28.474	26.925	
3367	259.94	26.422	28.474	26.925	
3368	260.	26.422	28.474	26.925	
3369	260.01	26.422	28.474	26.925	
3370	260.02	26.422	28.474	26.925	
3371	260.05	26.422	28.474	26.925	
3372	260.14	26.422	28.474	26.925	
3373	260.24	26.422	28.474	26.925	
3374	260.34	26.422	28.474	26.925	
3375	260.44	26.422	28.474	26.925	
3376	260.54	26.423	28.474	26.925	
3377	260.64	26.423	28.475	26.925	
3378	260.74	26.423	28.475	26.925	
3379	260.84	26.423	28.475	26.925	
3380	260.94	26.423	28.475	26.925	
3381	261.	26.423	28.475	26.925	
3382	261.01	26.423	28.475	26.925	
3383	261.02	26.423	28.475	26.925	
3384	261.05	26.423	28.475	26.925	
3385	261.14	26.423	28.475	26.925	
3386	261.24	26.423	28.475	26.925	
3387	261.34	26.423	28.475	26.925	
3388	261.44	26.423	28.475	26.926	
3389	261.54	26.423	28.476	26.926	
3390	261.64	26.423	28.476	26.926	
3391	261.74	26.423	28.476	26.926	
3392	261.84	26.423	28.476	26.926	
3393	261.94	26.423	28.476	26.926	
3394	262.	26.423	28.476	26.926	
3395	262.01	26.423	28.476	26.926	
3396	262.02	26.423	28.476	26.926	
3397	262.05	26.423	28.476	26.926	
3398	262.14	26.423	28.476	26.926	
3399	262.24	26.423	28.476	26.926	
3400	262.34	26.423	28.476	26.926	
3401	262.44	26.423	28.477	26.926	
3402	262.54	26.423	28.477	26.926	
3403	262.64	26.424	28.477	26.926	
3404	262.74	26.424	28.477	26.926	
3405	262.84	26.424	28.477	26.926	
3406	262.94	26.424	28.477	26.926	
3407	263.	26.424	28.477	26.926	
3408	263.01	26.424	28.477	26.926	
3409	263.02	26.424	28.477	26.926	
3410	263.05	26.424	28.477	26.926	
3411	263.14	26.424	28.477	26.926	
3412	263.24	26.424	28.477	26.926	
3413	263.34	26.424	28.478	26.926	
3414	263.44	26.424	28.478	26.926	
3415	263.54	26.424	28.478	26.926	
3416	263.64	26.424	28.478	26.926	
3417	263.74	26.424	28.478	26.926	
3418	263.84	26.424	28.478	26.926	
3419	263.94	26.424	28.478	26.926	
3420	264.	26.424	28.478	26.926	
3421	264.01	26.424	28.478	26.926	
3422	264.02	26.424	28.478	26.926	
3423	264.05	26.424	28.478	26.926	
3424	264.14	26.424	28.478	26.926	
3425	264.24	26.424	28.479	26.926	
3426	264.34	26.424	28.479	26.926	
3427	264.44	26.424	28.479	26.926	
3428	264.54	26.424	28.479	26.926	
3429	264.64	26.424	28.479	26.926	
3430	264.74	26.424	28.479	26.926	
3431	264.84	26.425	28.479	26.926	
3432	264.94	26.425	28.479	26.926	
3433	265.	26.425	28.479	26.926	
3434	265.01	26.425	28.479	26.926	
3435	265.02	26.425	28.479	26.926	
3436	265.05	26.425	28.479	26.926	
3437	265.14	26.425	28.48	26.926	
3438	265.24	26.425	28.48	26.926	
3439	265.34	26.425	28.48	26.926	
3440	265.44	26.425	28.48	26.926	
3441	265.54	26.425	28.48	26.926	
3442	265.64	26.425	28.48	26.926	
3443	265.74	26.425	28.48	26.926	
3444	265.84	26.425	28.48	26.926	
3445	265.94	26.425	28.48	26.926	
3446	266.	26.425	28.481	26.926	
3447	266.01	26.425	28.481	26.926	
3448	266.02	26.425	28.481	26.926	
3449	266.05	26.425	28.481	26.926	
3450	266.14	26.425	28.481	26.926	
3451	266.24	26.425	28.481	26.926	
3452	266.34	26.425	28.481	26.926	
3453	266.44	26.425	28.481	26.926	
3454	266.54	26.425	28.481	26.926	
3455	266.64	26.425	28.481	26.926	
3456	266.74	26.425	28.481	26.926	
3457	266.84	26.425	28.481	26.926	
3458	266.94	26.425	28.482	26.926	
3459	267.	26.425	28.482	26.926	
3460	267.01	26.425	28.482	26.926	
3461	267.02	26.425	28.482	26.926	
3462	267.05	26.425	28.482	26.926	
3463	267.14	26.425	28.482	26.926	
3464	267.24	26.425	28.482	26.926	
3465	267.34	26.425	28.482	26.926	
3466	267.44	26.425	28.482	26.926	
3467	267.54	26.425	28.482	26.926	
3468	267.64	26.426	28.482	26.926	
3469	267.74	26.426	28.482	26.926	
3470	267.84	26.426	28.483	26.926	
3471	267.94	26.426	28.483	26.926	
3472	268.	26.426	28.483	26.926	
3473	268.01	26.426	28.483	26.926	
3474	268.02	26.426	28.483	26.926	
3475	268.05	26.426	28.483	26.926	
3476	268.14	26.426	28.483	26.926	
3477	268.24	26.426	28.483	26.926	
3478	268.34	26.426	28.483	26.926	
3479	268.44	26.426	28.483	26.926	
3480	268.54	26.426	28.483	26.926	
3481	268.64	26.426	28.483	26.926	
3482	268.74	26.426	28.484	26.926	
3483	268.84	26.426	28.484	26.926	
3484	268.94	26.426	28.484	26.926	
3485	269.	26.426	28.484	26.927	
3486	269.01	26.426	28.484	26.927	
3487	269.02	26.426	28.484	26.927	
3488	269.05	26.426	28.484	26.927	
3489	269.14	26.426	28.484	26.927	
3490	269.24	26.426	28.484	26.927	
3491	269.34	26.426	28.484	26.927	
3492	269.44	26.426	28.484	26.927	
3493	269.54	26.426	28.484	26.927	
3494	269.64	26.426	28.485	26.927	
3495	269.74	26.426	28.485	26.927	
3496	269.84	26.426	28.485	26.927	
3497	269.94	26.426	28.485	26.927	
3498	270.	26.426	28.485	26.927	
3499	270.01	26.426	28.485	26.927	
3500	270.02	26.426	28.485	26.927	
3501	270.05	26.426	28.485	26.927	
3502	270.14	26.426	28.485	26.927	
3503	270.24	26.426	28.485	26.927	
3504	270.34	26.426	28.485	26.927	
3505	270.44	26.426	28.486	26.927	
3506	270.54	26.426	28.486	26.927	
3507	270.64	26.427	28.486	26.927	
3508	270.74	26.427	28.486	26.927	
3509	270.84	26.427	28.486	26.927	
3510	270.94	26.427	28.486	26.927	
3511	271.	26.427	28.486	26.927	
3512	271.01	26.427	28.486	26.927	
3513	271.02	26.427	28.486	26.927	
3514	271.05	26.427	28.486	26.927	
3515	271.14	26.427	28.486	26.927	
3516	271.24	26.427	28.486	26.927	
3517	271.34	26.427	28.487	26.927	
3518	271.44	26.427	28.487	26.927	
3519	271.54	26.427	28.487	26.927	
3520	271.64	26.427	28.487	26.927	
3521	271.74	26.427	28.487	26.927	
3522	271.84	26.427	28.487	26.927	
3523	271.94	26.427	28.487	26.927	
3524	272.	26.427	28.487	26.927	
3525	272.01	26.427	28.487	26.927	
3526	272.02	26.427	28.487	26.927	
3527	272.05	26.427	28.487	26.927	
3528	272.14	26.427	28.487	26.927	
3529	272.24	26.427	28.488	26.927	
3530	272.34	26.427	28.488	26.927	
3531	272.44	26.427	28.488	26.927	
3532	272.54	26.427	28.488	26.927	
3533	272.64	26.427	28.488	26.927	
3534	272.74	26.427	28.488	26.927	
3535	272.84	26.427	28.488	26.927	
3536	272.94	26.427	28.488	26.927	
3537	273.	26.427	28.488	26.927	
3538	273.01	26.427	28.488	26.927	
3539	273.02	26.427	28.488	26.927	
3540	273.05	26.427	28.488	26.927	
3541	273.14	26.427	28.489	26.927	
3542	273.24	26.427	28.489	26.927	
3543	273.34	26.427	28.489	26.927	
3544	273.44	26.427	28.489	26.927	
3545	273.54	26.427	28.489	26.927	
3546	273.64	26.427	28.489	26.927	
3547	273.74	26.428	28.489	26.927	
3548	273.84	26.428	28.489	26.927	
3549	273.94	26.428	28.489	26.927	
3550	274.	26.428	28.489	26.927	
3551	274.01	26.428	28.489	26.927	
3552	274.02	26.428	28.49	26.927	
3553	274.05	26.428	28.49	26.927	
3554	274.14	26.428	28.49	26.927	
3555	274.24	26.428	28.49	26.927	
3556	274.34	26.428	28.49	26.927	
3557	274.44	26.428	28.49	26.927	
3558	274.54	26.428	28.49	26.927	
3559	274.64	26.428	28.49	26.927	
3560	274.74	26.428	28.49	26.927	
3561	274.84	26.428	28.49	26.927	
3562	274.94	26.428	28.491	26.927	
3563	275.	26.428	28.491	26.927	
3564	275.01	26.428	28.491	26.927	
3565	275.02	26.428	28.491	26.927	
3566	275.05	26.428	28.491	26.927	
3567	275.14	26.428	28.491	26.927	
3568	275.24	26.428	28.491	26.927	
3569	275.34	26.428	28.491	26.927	
3570	275.44	26.428	28.491	26.927	
3571	275.54	26.428	28.491	26.927	
3572	275.64	26.428	28.491	26.927	
3573	275.74	26.428	28.491	26.927	
3574	275.84	26.428	28.492	26.927	
3575	275.94	26.428	28.492	26.928	
3576	276.	26.428	28.492	26.928	
3577	276.01	26.428	28.492	26.928	
3578	276.02	26.428	28.492	26.928	
3579	276.05	26.428	28.492	26.928	
3580	276.14	26.428	28.492	26.928	
3581	276.24	26.428	28.492	26.928	
3582	276.34	26.428	28.492	26.928	
3583	276.44	26.428	28.492	26.928	
3584	276.54	26.428	28.492	26.928	
3585	276.64	26.428	28.492	26.928	
3586	276.74	26.429	28.493	26.928	
3587	276.84	26.429	28.493	26.928	
3588	276.94	26.429	28.493	26.928	
3589	277.	26.429	28.493	26.928	
3590	277.01	26.429	28.493	26.928	
3591	277.02	26.429	28.493	26.928	
3592	277.05	26.429	28.493	26.928	
3593	277.14	26.429	28.493	26.928	
3594	277.24	26.429	28.493	26.928	
3595	277.34	26.429	28.493	26.928	
3596	277.44	26.429	28.493	26.928	
3597	277.54	26.429	28.493	26.928	
3598	277.64	26.429	28.494	26.928	
3599	277.74	26.429	28.494	26.928	
3600	277.84	26.429	28.494	26.928	
3601	277.94	26.429	28.494	26.928	
3602	278.	26.429	28.494	26.928	
3603	278.01	26.429	28.494	26.928	
3604	278.02	26.429	28.494	26.928	
3605	278.05	26.429	28.494	26.928	
3606	278.14	26.429	28.494	26.928	
3607	278.24	26.429	28.494	26.928	
3608	278.34	26.429	28.494	26.928	
3609	278.44	26.429	28.494	26.928	
3610	278.54	26.429	28.495	26.928	
3611	278.64	26.429	28.495	26.928	
3612	278.74	26.429	28.495	26.928	
3613	278.84	26.429	28.495	26.928	
3614	278.94	26.429	28.495	26.928	
3615	279.	26.429	28.495	26.928	
3616	279.01	26.429	28.495	26.928	
3617	279.02	26.429	28.495	26.928	
3618	279.05	26.429	28.495	26.928	
3619	279.14	26.429	28.495	26.928	
3620	279.24	26.429	28.495	26.928	
3621	279.34	26.429	28.495	26.928	
3622	279.44	26.429	28.496	26.928	
3623	279.54	26.429	28.496	26.928	
3624	279.64	26.429	28.496	26.928	
3625	279.74	26.429	28.496	26.928	
3626	279.84	26.43	28.496	26.928	
3627	279.94	26.43	28.496	26.928	
3628	280.	26.43	28.496	26.928	
3629	280.01	26.43	28.496	26.928	
3630	280.02	26.43	28.496	26.928	
3631	280.05	26.43	28.496	26.928	
3632	280.14	26.43	28.496	26.928	
3633	280.24	26.43	28.496	26.928	
3634	280.34	26.43	28.497	26.928	
3635	280.44	26.43	28.497	26.928	
3636	280.54	26.43	28.497	26.928	
3637	280.64	26.43	28.497	26.928	
3638	280.74	26.43	28.497	26.928	
3639	280.84	26.43	28.497	26.928	
3640	280.94	26.43	28.497	26.928	
3641	281.	26.43	28.497	26.928	
3642	281.01	26.43	28.497	26.928	
3643	281.02	26.43	28.497	26.928	
3644	281.05	26.43	28.497	26.928	
3645	281.14	26.43	28.497	26.928	
3646	281.24	26.43	28.498	26.928	
3647	281.34	26.43	28.498	26.928	
3648	281.44	26.43	28.498	26.928	
3649	281.54	26.43	28.498	26.928	
3650	281.64	26.43	28.498	26.928	
3651	281.74	26.43	28.498	26.928	
3652	281.84	26.43	28.498	26.928	
3653	281.94	26.43	28.498	26.928	
3654	282.	26.43	28.498	26.928	
3655	282.01	26.43	28.498	26.928	
3656	282.02	26.43	28.498	26.928	
3657	282.05	26.43	28.498	26.928	
3658	282.14	26.43	28.499	26.928	
3659	282.24	26.43	28.499	26.928	
3660	282.34	26.43	28.499	26.929	
3661	282.44	26.43	28.499	26.929	
3662	282.54	26.43	28.499	26.929	
3663	282.64	26.43	28.499	26.929	
3664	282.74	26.43	28.499	26.929	
3665	282.84	26.43	28.499	26.929	
3666	282.94	26.431	28.499	26.929	
3667	283.	26.431	28.5	26.929	
3668	283.01	26.431	28.5	26.929	
3669	283.02	26.431	28.5	26.929	
3670	283.05	26.431	28.5	26.929	
3671	283.14	26.431	28.5	26.929	
3672	283.24	26.431	28.5	26.929	
3673	283.34	26.431	28.5	26.929	
3674	283.44	26.431	28.5	26.929	
3675	283.54	26.431	28.5	26.929	
3676	283.64	26.431	28.5	26.929	
3677	283.74	26.431	28.5	26.929	
3678	283.84	26.431	28.501	26.929	
3679	283.94	26.431	28.501	26.929	
3680	284.	26.431	28.501	26.929	
3681	284.01	26.431	28.501	26.929	
3682	284.02	26.431	28.501	26.929	
3683	284.05	26.431	28.501	26.929	
3684	284.14	26.431	28.501	26.929	
3685	284.24	26.431	28.501	26.929	
3686	284.34	26.431	28.501	26.929	
3687	284.44	26.431	28.501	26.929	
3688	284.54	26.431	28.501	26.929	
3689	284.64	26.431	28.501	26.929	
3690	284.74	26.431	28.502	26.929	
3691	284.84	26.431	28.502	26.929	
3692	284.94	26.431	28.502	26.929	
3693	285.	26.431	28.502	26.929	
3694	285.01	26.431	28.502	26.929	
3695	285.02	26.431	28.502	26.929	
3696	285.05	26.431	28.502	26.929	
3697	285.14	26.431	28.502	26.929	
3698	285.24	26.431	28.502	26.929	
3699	285.34	26.431	28.502	26.929	
3700	285.44	26.431	28.502	26.929	
3701	285.54	26.431	28.502	26.929	
3702	285.64	26.431	28.503	26.929	
3703	285.74	26.431	28.503	26.929	
3704	285.84	26.431	28.503	26.929	
3705	285.94	26.431	28.503	26.929	
3706	286.	26.431	28.503	26.929	
3707	286.01	26.431	28.503	26.929	
3708	286.02	26.432	28.503	26.929	
3709	286.05	26.432	28.503	26.929	
3710	286.14	26.432	28.503	26.929	
3711	286.24	26.432	28.503	26.929	
3712	286.34	26.432	28.503	26.929	
3713	286.44	26.432	28.503	26.929	
3714	286.54	26.432	28.504	26.929	
3715	286.64	26.432	28.504	26.929	
3716	286.74	26.432	28.504	26.929	
3717	286.84	26.432	28.504	26.929	
3718	286.94	26.432	28.504	26.929	
3719	287.	26.432	28.504	26.929	
3720	287.01	26.432	28.504	26.929	
3721	287.02	26.432	28.504	26.929	
3722	287.05	26.432	28.504	26.929	
3723	287.14	26.432	28.504	26.929	
3724	287.24	26.432	28.504	26.929	
3725	287.34	26.432	28.504	26.929	
3726	287.44	26.432	28.505	26.929	
3727	287.54	26.432	28.505	26.929	
3728	287.64	26.432	28.505	26.929	
3729	287.74	26.432	28.505	26.929	
3730	287.84	26.432	28.505	26.929	
3731	287.94	26.432	28.505	26.929	
3732	288.	26.432	28.505	26.929	
3733	288.01	26.432	28.505	26.929	
3734	288.02	26.432	28.505	26.929	
3735	288.05	26.432	28.505	26.929	
3736	288.14	26.432	28.505	26.929	
3737	288.24	26.432	28.505	26.929	
3738	288.34	26.432	28.506	26.93	
3739	288.44	26.432	28.506	26.93	
3740	288.54	26.432	28.506	26.93	
3741	288.64	26.432	28.506	26.93	
3742	288.74	26.432	28.506	26.93	
3743	288.84	26.432	28.506	26.93	
3744	288.94	26.432	28.506	26.93	
3745	289.	26.432	28.506	26.93	
3746	289.01	26.432	28.506	26.93	
3747	289.02	26.432	28.506	26.93	
3748	289.05	26.432	28.506	26.93	
3749	289.14	26.432	28.506	26.93	
3750	289.24	26.433	28.507	26.93	
3751	289.34	26.433	28.507	26.93	
3752	289.44	26.433	28.507	26.93	
3753	289.54	26.433	28.507	26.93	
3754	289.64	26.433	28.507	26.93	
3755	289.74	26.433	28.507	26.93	
3756	289.84	26.433	28.507	26.93	
3757	289.94	26.433	28.507	26.93	
3758	290.	26.433	28.507	26.93	
3759	290.01	26.433	28.507	26.93	
3760	290.02	26.433	28.507	26.93	
3761	290.05	26.433	28.507	26.93	
3762	290.14	26.433	28.508	26.93	
3763	290.24	26.433	28.508	26.93	
3764	290.34	26.433	28.508	26.93	
3765	290.44	26.433	28.508	26.93	
3766	290.54	26.433	28.508	26.93	
3767	290.64	26.433	28.508	26.93	
3768	290.74	26.433	28.508	26.93	
3769	290.84	26.433	28.508	26.93	
3770	290.94	26.433	28.508	26.93	
3771	291.	26.433	28.509	26.93	
3772	291.01	26.433	28.509	26.93	
3773	291.02	26.433	28.509	26.93	
3774	291.05	26.433	28.509	26.93	
3775	291.14	26.433	28.509	26.93	
3776	291.24	26.433	28.509	26.93	
3777	291.34	26.433	28.509	26.93	
3778	291.44	26.433	28.509	26.93	
3779	291.54	26.433	28.509	26.93	
3780	291.64	26.433	28.509	26.93	
3781	291.74	26.433	28.509	26.93	
3782	291.84	26.433	28.509	26.93	
3783	291.94	26.433	28.51	26.93	
3784	292.	26.433	28.51	26.93	
3785	292.01	26.433	28.51	26.93	
3786	292.02	26.433	28.51	26.93	
3787	292.05	26.433	28.51	26.93	
3788	292.14	26.433	28.51	26.93	
3789	292.24	26.433	28.51	26.93	
3790	292.34	26.434	28.51	26.93	
3791	292.44	26.434	28.51	26.93	
3792	292.54	26.434	28.51	26.93	
3793	292.64	26.434	28.51	26.93	
3794	292.74	26.434	28.51	26.93	
3795	292.84	26.434	28.511	26.93	
3796	292.94	26.434	28.511	26.93	
3797	293.	26.434	28.511	26.93	
3798	293.01	26.434	28.511	26.93	
3799	293.02	26.434	28.511	26.93	
3800	293.05	26.434	28.511	26.93	
3801	293.14	26.434	28.511	26.93	
3802	293.24	26.434	28.511	26.93	
3803	293.34	26.434	28.511	26.93	
3804	293.44	26.434	28.511	26.93	
3805	293.54	26.434	28.511	26.93	
3806	293.64	26.434	28.511	26.93	
3807	293.74	26.434	28.512	26.93	
3808	293.84	26.434	28.512	26.93	
3809	293.94	26.434	28.512	26.93	
3810	294.	26.434	28.512	26.93	
3811	294.01	26.434	28.512	26.93	
3812	294.02	26.434	28.512	26.931	
3813	294.05	26.434	28.512	26.931	
3814	294.14	26.434	28.512	26.931	
3815	294.24	26.434	28.512	26.931	
3816	294.34	26.434	28.512	26.931	
3817	294.44	26.434	28.512	26.931	
3818	294.54	26.434	28.512	26.931	
3819	294.64	26.434	28.513	26.931	
3820	294.74	26.434	28.513	26.931	
3821	294.84	26.434	28.513	26.931	
3822	294.94	26.434	28.513	26.931	
3823	295.	26.434	28.513	26.931	
3824	295.01	26.434	28.513	26.931	
3825	295.02	26.434	28.513	26.931	
3826	295.05	26.434	28.513	26.931	
3827	295.14	26.434	28.513	26.931	
3828	295.24	26.434	28.513	26.931	
3829	295.34	26.434	28.513	26.931	
3830	295.44	26.434	28.513	26.931	
3831	295.54	26.434	28.514	26.931	
3832	295.64	26.435	28.514	26.931	
3833	295.74	26.435	28.514	26.931	
3834	295.84	26.435	28.514	26.931	
3835	295.94	26.435	28.514	26.931	
3836	296.	26.435	28.514	26.931	
3837	296.01	26.435	28.514	26.931	
3838	296.02	26.435	28.514	26.931	
3839	296.05	26.435	28.514	26.931	
3840	296.14	26.435	28.514	26.931	
3841	296.24	26.435	28.514	26.931	
3842	296.34	26.435	28.514	26.931	
3843	296.44	26.435	28.515	26.931	
3844	296.54	26.435	28.515	26.931	
3845	296.64	26.435	28.515	26.931	
3846	296.74	26.435	28.515	26.931	
3847	296.84	26.435	28.515	26.931	
3848	296.94	26.435	28.515	26.931	
3849	297.	26.435	28.515	26.931	
3850	297.01	26.435	28.515	26.931	
3851	297.02	26.435	28.515	26.931	
3852	297.05	26.435	28.515	26.931	
3853	297.14	26.435	28.515	26.931	
3854	297.24	26.435	28.516	26.931	
3855	297.34	26.435	28.516	26.931	
3856	297.44	26.435	28.516	26.931	
3857	297.54	26.435	28.516	26.931	
3858	297.64	26.435	28.516	26.931	
3859	297.74	26.435	28.516	26.931	
3860	297.84	26.435	28.516	26.931	
3861	297.94	26.435	28.516	26.931	
3862	298.	26.435	28.516	26.931	
3863	298.01	26.435	28.516	26.931	
3864	298.02	26.435	28.516	26.931	
3865	298.05	26.435	28.516	26.931	
3866	298.14	26.435	28.517	26.931	
3867	298.24	26.435	28.517	26.931	
3868	298.34	26.435	28.517	26.931	
3869	298.44	26.435	28.517	26.931	
3870	298.54	26.435	28.517	26.931	
3871	298.64	26.435	28.517	26.931	
3872	298.74	26.435	28.517	26.931	
3873	298.84	26.436	28.517	26.931	
3874	298.94	26.436	28.517	26.931	
3875	299.	26.436	28.517	26.931	
3876	299.01	26.436	28.517	26.931	
3877	299.02	26.436	28.517	26.931	
3878	299.05	26.436	28.518	26.931	
3879	299.14	26.436	28.518	26.931	
3880	299.24	26.436	28.518	26.931	
3881	299.34	26.436	28.518	26.931	
3882	299.44	26.436	28.518	26.931	
3883	299.54	26.436	28.518	26.932	
3884	299.64	26.436	28.518	26.932	
3885	299.74	26.436	28.518	26.932	
3886	299.84	26.436	28.518	26.932	
3887	299.94	26.436	28.519	26.932	
3888	300.	26.436	28.519	26.932	
3889	300.01	26.436	28.519	26.932	
3890	300.02	26.436	28.519	26.932	
3891	300.05	26.436	28.519	26.932	
3892	300.14	26.436	28.519	26.932	
3893	300.24	26.436	28.519	26.932	
3894	300.34	26.436	28.519	26.932	
3895	300.44	26.436	28.519	26.932	
3896	300.54	26.436	28.519	26.932	
3897	300.64	26.436	28.519	26.932	
3898	300.74	26.436	28.519	26.932	
3899	300.84	26.436	28.52	26.932	
3900	300.94	26.436	28.52	26.932	
3901	301.	26.436	28.52	26.932	
3902	301.01	26.436	28.52	26.932	
3903	301.02	26.436	28.52	26.932	
3904	301.05	26.436	28.52	26.932	
3905	301.14	26.436	28.52	26.932	
3906	301.24	26.436	28.52	26.932	
3907	301.34	26.436	28.52	26.932	
3908	301.44	26.436	28.52	26.932	
3909	301.54	26.436	28.52	26.932	
3910	301.64	26.436	28.52	26.932	
3911	301.74	26.436	28.521	26.932	
3912	301.84	26.436	28.521	26.932	
3913	301.94	26.436	28.521	26.932	
3914	302.	26.436	28.521	26.932	
3915	302.01	26.437	28.521	26.932	
3916	302.02	26.437	28.521	26.932	
3917	302.05	26.437	28.521	26.932	
3918	302.14	26.437	28.521	26.932	
3919	302.24	26.437	28.521	26.932	
3920	302.34	26.437	28.521	26.932	
3921	302.44	26.437	28.521	26.932	
3922	302.54	26.437	28.521	26.932	
3923	302.64	26.437	28.522	26.932	
3924	302.74	26.437	28.522	26.932	
3925	302.84	26.437	28.522	26.932	
3926	302.94	26.437	28.522	26.932	
3927	303.	26.437	28.522	26.932	
3928	303.01	26.437	28.522	26.932	
3929	303.02	26.437	28.522	26.932	
3930	303.05	26.437	28.522	26.932	
3931	303.14	26.437	28.522	26.932	
3932	303.24	26.437	28.522	26.932	
3933	303.34	26.437	28.522	26.932	
3934	303.44	26.437	28.522	26.932	
3935	303.54	26.437	28.523	26.932	
3936	303.64	26.437	28.523	26.932	
3937	303.74	26.437	28.523	26.932	
3938	303.84	26.437	28.523	26.932	
3939	303.94	26.437	28.523	26.932	
3940	304.	26.437	28.523	26.932	
3941	304.01	26.437	28.523	26.932	
3942	304.02	26.437	28.523	26.932	
3943	304.05	26.437	28.523	26.932	
3944	304.14	26.437	28.523	26.932	
3945	304.24	26.437	28.523	26.932	
3946	304.34	26.437	28.523	26.932	
3947	304.44	26.437	28.524	26.932	
3948	304.54	26.437	28.524	26.932	
3949	304.64	26.437	28.524	26.932	
3950	304.74	26.437	28.524	26.933	
3951	304.84	26.437	28.524	26.933	
3952	304.94	26.437	28.524	26.933	
3953	305.	26.437	28.524	26.933	
3954	305.01	26.437	28.524	26.933	
3955	305.02	26.437	28.524	26.933	
3956	305.05	26.437	28.524	26.933	
3957	305.14	26.437	28.524	26.933	
3958	305.24	26.437	28.524	26.933	
3959	305.34	26.438	28.525	26.933	
3960	305.44	26.438	28.525	26.933	
3961	305.54	26.438	28.525	26.933	
3962	305.64	26.438	28.525	26.933	
3963	305.74	26.438	28.525	26.933	
3964	305.84	26.438	28.525	26.933	
3965	305.94	26.438	28.525	26.933	
3966	306.	26.438	28.525	26.933	
3967	306.01	26.438	28.525	26.933	
3968	306.02	26.438	28.525	26.933	
3969	306.05	26.438	28.525	26.933	
3970	306.14	26.438	28.525	26.933	
3971	306.24	26.438	28.526	26.933	
3972	306.34	26.438	28.526	26.933	
3973	306.44	26.438	28.526	26.933	
3974	306.54	26.438	28.526	26.933	
3975	306.64	26.438	28.526	26.933	
3976	306.74	26.438	28.526	26.933	
3977	306.84	26.438	28.526	26.933	
3978	306.94	26.438	28.526	26.933	
3979	307.	26.438	28.526	26.933	
3980	307.01	26.438	28.526	26.933	
3981	307.02	26.438	28.526	26.933	
3982	307.05	26.438	28.526	26.933	
3983	307.14	26.438	28.527	26.933	
3984	307.24	26.438	28.527	26.933	
3985	307.34	26.438	28.527	26.933	
3986	307.44	26.438	28.527	26.933	
3987	307.54	26.438	28.527	26.933	
3988	307.64	26.438	28.527	26.933	
3989	307.74	26.438	28.527	26.933	
3990	307.84	26.438	28.527	26.933	
3991	307.94	26.438	28.527	26.933	
3992	308.	26.438	28.528	26.933	
3993	308.01	26.438	28.528	26.933	
3994	308.02	26.438	28.528	26.933	
3995	308.05	26.438	28.528	26.933	
3996	308.14	26.438	28.528	26.933	
3997	308.24	26.438	28.528	26.933	
3998	308.34	26.438	28.528	26.933	
3999	308.44	26.438	28.528	26.933	
4000	308.54	26.438	28.528	26.933	
4001	308.64	26.439	28.528	26.933	
4002	308.74	26.439	28.528	26.933	
4003	308.84	26.439	28.528	26.933	
4004	308.94	26.439	28.529	26.933	
4005	309.	26.439	28.529	26.933	
4006	309.01	26.439	28.529	26.933	
4007	309.02	26.439	28.529	26.933	
4008	309.05	26.439	28.529	26.933	
4009	309.14	26.439	28.529	26.933	
4010	309.24	26.439	28.529	26.933	
4011	309.34	26.439	28.529	26.933	
4012	309.44	26.439	28.529	26.933	
4013	309.54	26.439	28.529	26.933	
4014	309.64	26.439	28.529	26.933	
4015	309.74	26.439	28.529	26.933	
4016	309.84	26.439	28.53	26.934	
4017	309.94	26.439	28.53	26.934	
4018	310.	26.439	28.53	26.934	
4019	310.01	26.439	28.53	26.934	
4020	310.02	26.439	28.53	26.934	
4021	310.05	26.439	28.53	26.934	
4022	310.14	26.439	28.53	26.934	
4023	310.24	26.439	28.53	26.934	
4024	310.34	26.439	28.53	26.934	
4025	310.44	26.439	28.53	26.934	
4026	310.54	26.439	28.53	26.934	
4027	310.64	26.439	28.53	26.934	
4028	310.74	26.439	28.531	26.934	
4029	310.84	26.439	28.531	26.934	
4030	310.94	26.439	28.531	26.934	
4031	311.	26.439	28.531	26.934	
4032	311.01	26.439	28.531	26.934	
4033	311.02	26.439	28.531	26.934	
4034	311.05	26.439	28.531	26.934	
4035	311.14	26.439	28.531	26.934	
4036	311.24	26.439	28.531	26.934	
4037	311.34	26.439	28.531	26.934	
4038	311.44	26.439	28.531	26.934	
4039	311.54	26.439	28.531	26.934	
4040	311.64	26.439	28.532	26.934	
4041	311.74	26.439	28.532	26.934	
4042	311.84	26.439	28.532	26.934	
4043	311.94	26.44	28.532	26.934	
4044	312.	26.44	28.532	26.934	
4045	312.01	26.44	28.532	26.934	
4046	312.02	26.44	28.532	26.934	
4047	312.05	26.44	28.532	26.934	
4048	312.14	26.44	28.532	26.934	
4049	312.24	26.44	28.532	26.934	
4050	312.34	26.44	28.532	26.934	
4051	312.44	26.44	28.533	26.934	
4052	312.54	26.44	28.533	26.934	
4053	312.64	26.44	28.533	26.934	
4054	312.74	26.44	28.533	26.934	
4055	312.84	26.44	28.533	26.934	
4056	312.94	26.44	28.533	26.934	
4057	313.	26.44	28.533	26.934	
4058	313.01	26.44	28.533	26.934	
4059	313.02	26.44	28.533	26.934	
4060	313.05	26.44	28.533	26.934	
4061	313.14	26.44	28.533	26.934	
4062	313.24	26.44	28.533	26.934	
4063	313.34	26.44	28.534	26.934	
4064	313.44	26.44	28.534	26.934	
4065	313.54	26.44	28.534	26.934	
4066	313.64	26.44	28.534	26.934	
4067	313.74	26.44	28.534	26.934	
4068	313.84	26.44	28.534	26.934	
4069	313.94	26.44	28.534	26.934	
4070	314.	26.44	28.534	26.934	
4071	314.01	26.44	28.534	26.934	
4072	314.02	26.44	28.534	26.934	
4073	314.05	26.44	28.534	26.934	
4074	314.14	26.44	28.534	26.934	
4075	314.24	26.44	28.535	26.934	
4076	314.34	26.44	28.535	26.934	
4077	314.44	26.44	28.535	26.934	
4078	314.54	26.44	28.535	26.934	
4079	314.64	26.44	28.535	26.934	
4080	314.74	26.44	28.535	26.935	
4081	314.84	26.44	28.535	26.935	
4082	314.94	26.44	28.535	26.935	
4083	315.	26.44	28.535	26.935	
4084	315.01	26.44	28.535	26.935	
4085	315.02	26.44	28.535	26.935	
4086	315.05	26.44	28.535	26.935	
4087	315.14	26.44	28.536	26.935	
4088	315.24	26.441	28.536	26.935	
4089	315.34	26.441	28.536	26.935	
4090	315.44	26.441	28.536	26.935	
4091	315.54	26.441	28.536	26.935	
4092	315.64	26.441	28.536	26.935	
4093	315.74	26.441	28.536	26.935	
4094	315.84	26.441	28.536	26.935	
4095	315.94	26.441	28.536	26.935	
4096	316.	26.441	28.536	26.935	
4097	316.01	26.441	28.536	26.935	
4098	316.02	26.441	28.537	26.935	
4099	316.05	26.441	28.537	26.935	
4100	316.14	26.441	28.537	26.935	
4101	316.24	26.441	28.537	26.935	
4102	316.34	26.441	28.537	26.935	
4103	316.44	26.441	28.537	26.935	
4104	316.54	26.441	28.537	26.935	
4105	316.64	26.441	28.537	26.935	
4106	316.74	26.441	28.537	26.935	
4107	316.84	26.441	28.537	26.935	
4108	316.94	26.441	28.538	26.935	
4109	317.	26.441	28.538	26.935	
4110	317.01	26.441	28.538	26.935	
4111	317.02	26.441	28.538	26.935	
4112	317.05	26.441	28.538	26.935	
4113	317.14	26.441	28.538	26.935	
4114	317.24	26.441	28.538	26.935	
4115	317.34	26.441	28.538	26.935	
4116	317.44	26.441	28.538	26.935	
4117	317.54	26.441	28.538	26.935	
4118	317.64	26.441	28.538	26.935	
4119	317.74	26.441	28.538	26.935	
4120	317.84	26.441	28.539	26.935	
4121	317.94	26.441	28.539	26.935	
4122	318.	26.441	28.539	26.935	
4123	318.01	26.441	28.539	26.935	
4124	318.02	26.441	28.539	26.935	
4125	318.05	26.441	28.539	26.935	
4126	318.14	26.441	28.539	26.935	
4127	318.24	26.441	28.539	26.935	
4128	318.34	26.441	28.539	26.935	
4129	318.44	26.441	28.539	26.935	
4130	318.54	26.441	28.539	26.935	
4131	318.64	26.442	28.539	26.935	
4132	318.74	26.442	28.54	26.935	
4133	318.84	26.442	28.54	26.935	
4134	318.94	26.442	28.54	26.935	
4135	319.	26.442	28.54	26.935	
4136	319.01	26.442	28.54	26.935	
4137	319.02	26.442	28.54	26.935	
4138	319.05	26.442	28.54	26.935	
4139	319.14	26.442	28.54	26.935	
4140	319.24	26.442	28.54	26.935	
4141	319.34	26.442	28.54	26.935	
4142	319.44	26.442	28.54	26.936	
4143	319.54	26.442	28.54	26.936	
4144	319.64	26.442	28.541	26.936	
4145	319.74	26.442	28.541	26.936	
4146	319.84	26.442	28.541	26.936	
4147	319.94	26.442	28.541	26.936	
4148	320.	26.442	28.541	26.936	
4149	320.01	26.442	28.541	26.936	
4150	320.02	26.442	28.541	26.936	
4151	320.05	26.442	28.541	26.936	
4152	320.14	26.442	28.541	26.936	
4153	320.24	26.442	28.541	26.936	
4154	320.34	26.442	28.541	26.936	
4155	320.44	26.442	28.541	26.936	
4156	320.54	26.442	28.542	26.936	
4157	320.64	26.442	28.542	26.936	
4158	320.74	26.442	28.542	26.936	
4159	320.84	26.442	28.542	26.936	
4160	320.94	26.442	28.542	26.936	
4161	321.	26.442	28.542	26.936	
4162	321.01	26.442	28.542	26.936	
4163	321.02	26.442	28.542	26.936	
4164	321.05	26.442	28.542	26.936	
4165	321.14	26.442	28.542	26.936	
4166	321.24	26.442	28.542	26.936	
4167	321.34	26.442	28.542	26.936	
4168	321.44	26.442	28.543	26.936	
4169	321.54	26.442	28.543	26.936	
4170	321.64	26.442	28.543	26.936	
4171	321.74	26.442	28.543	26.936	
4172	321.84	26.442	28.543	26.936	
4173	321.94	26.442	28.543	26.936	
4174	322.	26.443	28.543	26.936	
4175	322.01	26.443	28.543	26.936	
4176	322.02	26.443	28.543	26.936	
4177	322.05	26.443	28.543	26.936	
4178	322.14	26.443	28.543	26.936	
4179	322.24	26.443	28.543	26.936	
4180	322.34	26.443	28.544	26.936	
4181	322.44	26.443	28.544	26.936	
4182	322.54	26.443	28.544	26.936	
4183	322.64	26.443	28.544	26.936	
4184	322.74	26.443	28.544	26.936	
4185	322.84	26.443	28.544	26.936	
4186	322.94	26.443	28.544	26.936	
4187	323.	26.443	28.544	26.936	
4188	323.01	26.443	28.544	26.936	
4189	323.02	26.443	28.544	26.936	
4190	323.05	26.443	28.544	26.936	
4191	323.14	26.443	28.544	26.936	
4192	323.24	26.443	28.545	26.936	
4193	323.34	26.443	28.545	26.936	
4194	323.44	26.443	28.545	26.936	
4195	323.54	26.443	28.545	26.936	
4196	323.64	26.443	28.545	26.936	
4197	323.74	26.443	28.545	26.936	
4198	323.84	26.443	28.545	26.936	
4199	323.94	26.443	28.545	26.936	
4200	324.	26.443	28.545	26.936	
4201	324.01	26.443	28.545	26.936	
4202	324.02	26.443	28.545	26.936	
4203	324.05	26.443	28.545	26.936	
4204	324.14	26.443	28.546	26.937	
4205	324.24	26.443	28.546	26.937	
4206	324.34	26.443	28.546	26.937	
4207	324.44	26.443	28.546	26.937	
4208	324.54	26.443	28.546	26.937	
4209	324.64	26.443	28.546	26.937	
4210	324.74	26.443	28.546	26.937	
4211	324.84	26.443	28.546	26.937	
4212	324.94	26.443	28.546	26.937	
4213	325.	26.443	28.547	26.937	
4214	325.01	26.443	28.547	26.937	
4215	325.02	26.443	28.547	26.937	
4216	325.05	26.443	28.547	26.937	
4217	325.14	26.443	28.547	26.937	
4218	325.24	26.443	28.547	26.937	
4219	325.34	26.443	28.547	26.937	
4220	325.44	26.444	28.547	26.937	
4221	325.54	26.444	28.547	26.937	
4222	325.64	26.444	28.547	26.937	
4223	325.74	26.444	28.547	26.937	
4224	325.84	26.444	28.547	26.937	
4225	325.94	26.444	28.548	26.937	
4226	326.	26.444	28.548	26.937	
4227	326.01	26.444	28.548	26.937	
4228	326.02	26.444	28.548	26.937	
4229	326.05	26.444	28.548	26.937	
4230	326.14	26.444	28.548	26.937	
4231	326.24	26.444	28.548	26.937	
4232	326.34	26.444	28.548	26.937	
4233	326.44	26.444	28.548	26.937	
4234	326.54	26.444	28.548	26.937	
4235	326.64	26.444	28.548	26.937	
4236	326.74	26.444	28.548	26.937	
4237	326.84	26.444	28.549	26.937	
4238	326.94	26.444	28.549	26.937	
4239	327.	26.444	28.549	26.937	
4240	327.01	26.444	28.549	26.937	
4241	327.02	26.444	28.549	26.937	
4242	327.05	26.444	28.549	26.937	
4243	327.14	26.444	28.549	26.937	
4244	327.24	26.444	28.549	26.937	
4245	327.34	26.444	28.549	26.937	
4246	327.44	26.444	28.549	26.937	
4247	327.54	26.444	28.549	26.937	
4248	327.64	26.444	28.549	26.937	
4249	327.74	26.444	28.55	26.937	
4250	327.84	26.444	28.55	26.937	
4251	327.94	26.444	28.55	26.937	
4252	328.	26.444	28.55	26.937	
4253	328.01	26.444	28.55	26.937	
4254	328.02	26.444	28.55	26.937	
4255	328.05	26.444	28.55	26.937	
4256	328.14	26.444	28.55	26.937	
4257	328.24	26.444	28.55	26.937	
4258	328.34	26.444	28.55	26.937	
4259	328.44	26.444	28.55	26.937	
4260	328.54	26.444	28.55	26.937	
4261	328.64	26.444	28.551	26.938	
4262	328.74	26.444	28.551	26.938	
4263	328.84	26.445	28.551	26.938	
4264	328.94	26.445	28.551	26.938	
4265	329.	26.445	28.551	26.938	
4266	329.01	26.445	28.551	26.938	
4267	329.02	26.445	28.551	26.938	
4268	329.05	26.445	28.551	26.938	
4269	329.14	26.445	28.551	26.938	
4270	329.24	26.445	28.551	26.938	
4271	329.34	26.445	28.551	26.938	
4272	329.44	26.445	28.552	26.938	
4273	329.54	26.445	28.552	26.938	
4274	329.64	26.445	28.552	26.938	
4275	329.74	26.445	28.552	26.938	
4276	329.84	26.445	28.552	26.938	
4277	329.94	26.445	28.552	26.938	
4278	330.	26.445	28.552	26.938	
4279	330.01	26.445	28.552	26.938	
4280	330.02	26.445	28.552	26.938	
4281	330.05	26.445	28.552	26.938	
4282	330.14	26.445	28.552	26.938	
4283	330.24	26.445	28.552	26.938	
4284	330.34	26.445	28.553	26.938	
4285	330.44	26.445	28.553	26.938	
4286	330.54	26.445	28.553	26.938	
4287	330.64	26.445	28.553	26.938	
4288	330.74	26.445	28.553	26.938	
4289	330.84	26.445	28.553	26.938	
4290	330.94	26.445	28.553	26.938	
4291	331.	26.445	28.553	26.938	
4292	331.01	26.445	28.553	26.938	
4293	331.02	26.445	28.553	26.938	
4294	331.05	26.445	28.553	26.938	
4295	331.14	26.445	28.553	26.938	
4296	331.24	26.445	28.554	26.938	
4297	331.34	26.445	28.554	26.938	
4298	331.44	26.445	28.554	26.938	
4299	331.54	26.445	28.554	26.938	
4300	331.64	26.445	28.554	26.938	
4301	331.74	26.445	28.554	26.938	
4302	331.84	26.445	28.554	26.938	
4303	331.94	26.445	28.554	26.938	
4304	332.	26.445	28.554	26.938	
4305	332.01	26.445	28.554	26.938	
4306	332.02	26.445	28.554	26.938	
4307	332.05	26.445	28.554	26.938	
4308	332.14	26.445	28.555	26.938	
4309	332.24	26.445	28.555	26.938	
4310	332.34	26.446	28.555	26.938	
4311	332.44	26.446	28.555	26.938	
4312	332.54	26.446	28.555	26.938	
4313	332.64	26.446	28.555	26.938	
4314	332.74	26.446	28.555	26.938	
4315	332.84	26.446	28.555	26.938	
4316	332.94	26.446	28.555	26.938	
4317	333.	26.446	28.555	26.938	
4318	333.01	26.446	28.555	26.938	
4319	333.02	26.446	28.556	26.938	
4320	333.05	26.446	28.556	26.939	
4321	333.14	26.446	28.556	26.939	
4322	333.24	26.446	28.556	26.939	
4323	333.34	26.446	28.556	26.939	
4324	333.44	26.446	28.556	26.939	
4325	333.54	26.446	28.556	26.939	
4326	333.64	26.446	28.556	26.939	
4327	333.74	26.446	28.556	26.939	
4328	333.84	26.446	28.556	26.939	
4329	333.94	26.446	28.557	26.939	
4330	334.	26.446	28.557	26.939	
4331	334.01	26.446	28.557	26.939	
4332	334.02	26.446	28.557	26.939	
4333	334.05	26.446	28.557	26.939	
4334	334.14	26.446	28.557	26.939	
4335	334.24	26.446	28.557	26.939	
4336	334.34	26.446	28.557	26.939	
4337	334.44	26.446	28.557	26.939	
4338	334.54	26.446	28.557	26.939	
4339	334.64	26.446	28.557	26.939	
4340	334.74	26.446	28.557	26.939	
4341	334.84	26.446	28.558	26.939	
4342	334.94	26.446	28.558	26.939	
4343	335.	26.446	28.558	26.939	
4344	335.01	26.446	28.558	26.939	
4345	335.02	26.446	28.558	26.939	
4346	335.05	26.446	28.558	26.939	
4347	335.14	26.446	28.558	26.939	
4348	335.24	26.446	28.558	26.939	
4349	335.34	26.446	28.558	26.939	
4350	335.44	26.446	28.558	26.939	
4351	335.54	26.446	28.558	26.939	
4352	335.64	26.446	28.558	26.939	
4353	335.74	26.446	28.559	26.939	
4354	335.84	26.447	28.559	26.939	
4355	335.94	26.447	28.559	26.939	
4356	336.	26.447	28.559	26.939	
4357	336.01	26.447	28.559	26.939	
4358	336.02	26.447	28.559	26.939	
4359	336.05	26.447	28.559	26.939	
4360	336.14	26.447	28.559	26.939	
4361	336.24	26.447	28.559	26.939	
4362	336.34	26.447	28.559	26.939	
4363	336.44	26.447	28.559	26.939	
4364	336.54	26.447	28.559	26.939	
4365	336.64	26.447	28.56	26.939	
4366	336.74	26.447	28.56	26.939	
4367	336.84	26.447	28.56	26.939	
4368	336.94	26.447	28.56	26.939	
4369	337.	26.447	28.56	26.939	
4370	337.01	26.447	28.56	26.939	
4371	337.02	26.447	28.56	26.939	
4372	337.05	26.447	28.56	26.939	
4373	337.14	26.447	28.56	26.939	
4374	337.24	26.447	28.56	26.939	
4375	337.34	26.447	28.56	26.939	
4376	337.44	26.447	28.56	26.94	
4377	337.54	26.447	28.561	26.94	
4378	337.64	26.447	28.561	26.94	
4379	337.74	26.447	28.561	26.94	
4380	337.84	26.447	28.561	26.94	
4381	337.94	26.447	28.561	26.94	
4382	338.	26.447	28.561	26.94	
4383	338.01	26.447	28.561	26.94	
4384	338.02	26.447	28.561	26.94	
4385	338.05	26.447	28.561	26.94	
4386	338.14	26.447	28.561	26.94	
4387	338.24	26.447	28.561	26.94	
4388	338.34	26.447	28.561	26.94	
4389	338.44	26.447	28.562	26.94	
4390	338.54	26.447	28.562	26.94	
4391	338.64	26.447	28.562	26.94	
4392	338.74	26.447	28.562	26.94	
4393	338.84	26.447	28.562	26.94	
4394	338.94	26.447	28.562	26.94	
4395	339.	26.447	28.562	26.94	
4396	339.01	26.447	28.562	26.94	
4397	339.02	26.447	28.562	26.94	
4398	339.05	26.447	28.562	26.94	
4399	339.14	26.447	28.562	26.94	
4400	339.24	26.447	28.562	26.94	
4401	339.34	26.448	28.563	26.94	
4402	339.44	26.448	28.563	26.94	
4403	339.54	26.448	28.563	26.94	
4404	339.64	26.448	28.563	26.94	
4405	339.74	26.448	28.563	26.94	
4406	339.84	26.448	28.563	26.94	
4407	339.94	26.448	28.563	26.94	
4408	340.	26.448	28.563	26.94	
4409	340.01	26.448	28.563	26.94	
4410	340.02	26.448	28.563	26.94	
4411	340.05	26.448	28.563	26.94	
4412	340.14	26.448	28.563	26.94	
4413	340.24	26.448	28.564	26.94	
4414	340.34	26.448	28.564	26.94	
4415	340.44	26.448	28.564	26.94	
4416	340.54	26.448	28.564	26.94	
4417	340.64	26.448	28.564	26.94	
4418	340.74	26.448	28.564	26.94	
4419	340.84	26.448	28.564	26.94	
4420	340.94	26.448	28.564	26.94	
4421	341.	26.448	28.564	26.94	
4422	341.01	26.448	28.564	26.94	
4423	341.02	26.448	28.564	26.94	
4424	341.05	26.448	28.564	26.94	
4425	341.14	26.448	28.565	26.94	
4426	341.24	26.448	28.565	26.94	
4427	341.34	26.448	28.565	26.94	
4428	341.44	26.448	28.565	26.94	
4429	341.54	26.448	28.565	26.94	
4430	341.64	26.448	28.565	26.941	
4431	341.74	26.448	28.565	26.941	
4432	341.84	26.448	28.565	26.941	
4433	341.94	26.448	28.565	26.941	
4434	342.	26.448	28.566	26.941	
4435	342.01	26.448	28.566	26.941	
4436	342.02	26.448	28.566	26.941	
4437	342.05	26.448	28.566	26.941	
4438	342.14	26.448	28.566	26.941	
4439	342.24	26.448	28.566	26.941	
4440	342.34	26.448	28.566	26.941	
4441	342.44	26.448	28.566	26.941	
4442	342.54	26.448	28.566	26.941	
4443	342.64	26.448	28.566	26.941	
4444	342.74	26.448	28.566	26.941	
4445	342.84	26.449	28.566	26.941	
4446	342.94	26.449	28.567	26.941	
4447	343.	26.449	28.567	26.941	
4448	343.01	26.449	28.567	26.941	
4449	343.02	26.449	28.567	26.941	
4450	343.05	26.449	28.567	26.941	
4451	343.14	26.449	28.567	26.941	
4452	343.24	26.449	28.567	26.941	
4453	343.34	26.449	28.567	26.941	
4454	343.44	26.449	28.567	26.941	
4455	343.54	26.449	28.567	26.941	
4456	343.64	26.449	28.567	26.941	
4457	343.74	26.449	28.567	26.941	
4458	343.84	26.449	28.568	26.941	
4459	343.94	26.449	28.568	26.941	
4460	344.	26.449	28.568	26.941	
4461	344.01	26.449	28.568	26.941	
4462	344.02	26.449	28.568	26.941	
4463	344.05	26.449	28.568	26.941	
4464	344.14	26.449	28.568	26.941	
4465	344.24	26.449	28.568	26.941	
4466	344.34	26.449	28.568	26.941	
4467	344.44	26.449	28.568	26.941	
4468	344.54	26.449	28.568	26.941	
4469	344.64	26.449	28.568	26.941	
4470	344.74	26.449	28.569	26.941	
4471	344.84	26.449	28.569	26.941	
4472	344.94	26.449	28.569	26.941	
4473	345.	26.449	28.569	26.941	
4474	345.01	26.449	28.569	26.941	
4475	345.02	26.449	28.569	26.941	
4476	345.05	26.449	28.569	26.941	
4477	345.14	26.449	28.569	26.941	
4478	345.24	26.449	28.569	26.941	
4479	345.34	26.449	28.569	26.941	
4480	345.44	26.449	28.569	26.941	
4481	345.54	26.449	28.569	26.941	
4482	345.64	26.449	28.57	26.941	
4483	345.74	26.449	28.57	26.941	
4484	345.84	26.449	28.57	26.942	
4485	345.94	26.449	28.57	26.942	
4486	346.	26.449	28.57	26.942	
4487	346.01	26.449	28.57	26.942	
4488	346.02	26.449	28.57	26.942	
4489	346.05	26.449	28.57	26.942	
4490	346.14	26.449	28.57	26.942	
4491	346.24	26.449	28.57	26.942	
4492	346.34	26.45	28.57	26.942	
4493	346.44	26.45	28.57	26.942	
4494	346.54	26.45	28.571	26.942	
4495	346.64	26.45	28.571	26.942	
4496	346.74	26.45	28.571	26.942	
4497	346.84	26.45	28.571	26.942	
4498	346.94	26.45	28.571	26.942	
4499	347.	26.45	28.571	26.942	
4500	347.01	26.45	28.571	26.942	
4501	347.02	26.45	28.571	26.942	
4502	347.05	26.45	28.571	26.942	
4503	347.14	26.45	28.571	26.942	
4504	347.24	26.45	28.571	26.942	
4505	347.34	26.45	28.571	26.942	
4506	347.44	26.45	28.572	26.942	
4507	347.54	26.45	28.572	26.942	
4508	347.64	26.45	28.572	26.942	
4509	347.74	26.45	28.572	26.942	
4510	347.84	26.45	28.572	26.942	
4511	347.94	26.45	28.572	26.942	
4512	348.	26.45	28.572	26.942	
4513	348.01	26.45	28.572	26.942	
4514	348.02	26.45	28.572	26.942	
4515	348.05	26.45	28.572	26.942	
4516	348.14	26.45	28.572	26.942	
4517	348.24	26.45	28.572	26.942	
4518	348.34	26.45	28.573	26.942	
4519	348.44	26.45	28.573	26.942	
4520	348.54	26.45	28.573	26.942	
4521	348.64	26.45	28.573	26.942	
4522	348.74	26.45	28.573	26.942	
4523	348.84	26.45	28.573	26.942	
4524	348.94	26.45	28.573	26.942	
4525	349.	26.45	28.573	26.942	
4526	349.01	26.45	28.573	26.942	
4527	349.02	26.45	28.573	26.942	
4528	349.05	26.45	28.573	26.942	
4529	349.14	26.45	28.573	26.942	
4530	349.24	26.45	28.574	26.942	
4531	349.34	26.45	28.574	26.942	
4532	349.44	26.45	28.574	26.942	
4533	349.54	26.45	28.574	26.942	
4534	349.64	26.45	28.574	26.942	
4535	349.74	26.45	28.574	26.942	
4536	349.84	26.45	28.574	26.942	
4537	349.94	26.451	28.574	26.943	
4538	350.	26.451	28.574	26.943	
4539	350.01	26.451	28.574	26.943	
4540	350.02	26.451	28.574	26.943	
4541	350.05	26.451	28.574	26.943	
4542	350.14	26.451	28.575	26.943	
4543	350.24	26.451	28.575	26.943	
4544	350.34	26.451	28.575	26.943	
4545	350.44	26.451	28.575	26.943	
4546	350.54	26.451	28.575	26.943	
4547	350.64	26.451	28.575	26.943	
4548	350.74	26.451	28.575	26.943	
4549	350.84	26.451	28.575	26.943	
4550	350.94	26.451	28.575	26.943	
4551	351.	26.451	28.576	26.943	
4552	351.01	26.451	28.576	26.943	
4553	351.02	26.451	28.576	26.943	
4554	351.05	26.451	28.576	26.943	
4555	351.14	26.451	28.576	26.943	
4556	351.24	26.451	28.576	26.943	
4557	351.34	26.451	28.576	26.943	
4558	351.44	26.451	28.576	26.943	
4559	351.54	26.451	28.576	26.943	
4560	351.64	26.451	28.576	26.943	
4561	351.74	26.451	28.576	26.943	
4562	351.84	26.451	28.576	26.943	
4563	351.94	26.451	28.577	26.943	
4564	352.	26.451	28.577	26.943	
4565	352.01	26.451	28.577	26.943	
4566	352.02	26.451	28.577	26.943	
4567	352.05	26.451	28.577	26.943	
4568	352.14	26.451	28.577	26.943	
4569	352.24	26.451	28.577	26.943	
4570	352.34	26.451	28.577	26.943	
4571	352.44	26.451	28.577	26.943	
4572	352.54	26.451	28.577	26.943	
4573	352.64	26.451	28.577	26.943	
4574	352.74	26.451	28.577	26.943	
4575	352.84	26.451	28.578	26.943	
4576	352.94	26.451	28.578	26.943	
4577	353.	26.451	28.578	26.943	
4578	353.01	26.451	28.578	26.943	
4579	353.02	26.451	28.578	26.943	
4580	353.05	26.451	28.578	26.943	
4581	353.14	26.451	28.578	26.943	
4582	353.24	26.451	28.578	26.943	
4583	353.34	26.451	28.578	26.943	
4584	353.44	26.451	28.578	26.943	
4585	353.54	26.452	28.578	26.943	
4586	353.64	26.452	28.579	26.943	
4587	353.74	26.452	28.579	26.943	
4588	353.84	26.452	28.579	26.943	
4589	353.94	26.452	28.579	26.943	
4590	354.	26.452	28.579	26.944	
4591	354.01	26.452	28.579	26.944	
4592	354.02	26.452	28.579	26.944	
4593	354.05	26.452	28.579	26.944	
4594	354.14	26.452	28.579	26.944	
4595	354.24	26.452	28.579	26.944	
4596	354.34	26.452	28.579	26.944	
4597	354.44	26.452	28.579	26.944	
4598	354.54	26.452	28.58	26.944	
4599	354.64	26.452	28.58	26.944	
4600	354.74	26.452	28.58	26.944	
4601	354.84	26.452	28.58	26.944	
4602	354.94	26.452	28.58	26.944	
4603	355.	26.452	28.58	26.944	
4604	355.01	26.452	28.58	26.944	
4605	355.02	26.452	28.58	26.944	
4606	355.05	26.452	28.58	26.944	
4607	355.14	26.452	28.58	26.944	
4608	355.24	26.452	28.58	26.944	
4609	355.34	26.452	28.58	26.944	
4610	355.44	26.452	28.581	26.944	
4611	355.54	26.452	28.581	26.944	
4612	355.64	26.452	28.581	26.944	
4613	355.74	26.452	28.581	26.944	
4614	355.84	26.452	28.581	26.944	
4615	355.94	26.452	28.581	26.944	
4616	356.	26.452	28.581	26.944	
4617	356.01	26.452	28.581	26.944	
4618	356.02	26.452	28.581	26.944	
4619	356.05	26.452	28.581	26.944	
4620	356.14	26.452	28.581	26.944	
4621	356.24	26.452	28.581	26.944	
4622	356.34	26.452	28.582	26.944	
4623	356.44	26.452	28.582	26.944	
4624	356.54	26.452	28.582	26.944	
4625	356.64	26.452	28.582	26.944	
4626	356.74	26.452	28.582	26.944	
4627	356.84	26.452	28.582	26.944	
4628	356.94	26.452	28.582	26.944	
4629	357.	26.452	28.582	26.944	
4630	357.01	26.452	28.582	26.944	
4631	357.02	26.452	28.582	26.944	
4632	357.05	26.452	28.582	26.944	
4633	357.14	26.453	28.582	26.944	
4634	357.24	26.453	28.583	26.944	
4635	357.34	26.453	28.583	26.944	
4636	357.44	26.453	28.583	26.944	
4637	357.54	26.453	28.583	26.944	
4638	357.64	26.453	28.583	26.944	
4639	357.74	26.453	28.583	26.944	
4640	357.84	26.453	28.583	26.944	
4641	357.94	26.453	28.583	26.944	
4642	358.	26.453	28.583	26.945	
4643	358.01	26.453	28.583	26.945	
4644	358.02	26.453	28.583	26.945	
4645	358.05	26.453	28.583	26.945	
4646	358.14	26.453	28.584	26.945	
4647	358.24	26.453	28.584	26.945	
4648	358.34	26.453	28.584	26.945	
4649	358.44	26.453	28.584	26.945	
4650	358.54	26.453	28.584	26.945	
4651	358.64	26.453	28.584	26.945	
4652	358.74	26.453	28.584	26.945	
4653	358.84	26.453	28.584	26.945	
4654	358.94	26.453	28.584	26.945	
4655	359.	26.453	28.584	26.945	
4656	359.01	26.453	28.584	26.945	
4657	359.02	26.453	28.584	26.945	
4658	359.05	26.453	28.585	26.945	
4659	359.14	26.453	28.585	26.945	
4660	359.24	26.453	28.585	26.945	
4661	359.34	26.453	28.585	26.945	
4662	359.44	26.453	28.585	26.945	
4663	359.54	26.453	28.585	26.945	
4664	359.64	26.453	28.585	26.945	
4665	359.74	26.453	28.585	26.945	
4666	359.84	26.453	28.585	26.945	
4667	359.94	26.453	28.586	26.945	
4668	360.	26.453	28.586	26.945	
4669	360.01	26.453	28.586	26.945	
4670	360.02	26.453	28.586	26.945	
4671	360.05	26.453	28.586	26.945	
4672	360.14	26.453	28.586	26.945	
4673	360.24	26.453	28.586	26.945	
4674	360.34	26.453	28.586	26.945	
4675	360.44	26.453	28.586	26.945	
4676	360.54	26.453	28.586	26.945	
4677	360.64	26.453	28.586	26.945	
4678	360.74	26.454	28.586	26.945	
4679	360.84	26.454	28.587	26.945	
4680	360.94	26.454	28.587	26.945	
4681	361.	26.454	28.587	26.945	
4682	361.01	26.454	28.587	26.945	
4683	361.02	26.454	28.587	26.945	
4684	361.05	26.454	28.587	26.945	
4685	361.14	26.454	28.587	26.945	
4686	361.24	26.454	28.587	26.945	
4687	361.34	26.454	28.587	26.945	
4688	361.44	26.454	28.587	26.945	
4689	361.54	26.454	28.587	26.945	
4690	361.64	26.454	28.587	26.945	
4691	361.74	26.454	28.588	26.945	
4692	361.84	26.454	28.588	26.945	
4693	361.94	26.454	28.588	26.946	
4694	362.	26.454	28.588	26.946	
4695	362.01	26.454	28.588	26.946	
4696	362.02	26.454	28.588	26.946	
4697	362.05	26.454	28.588	26.946	
4698	362.14	26.454	28.588	26.946	
4699	362.24	26.454	28.588	26.946	
4700	362.34	26.454	28.588	26.946	
4701	362.44	26.454	28.588	26.946	
4702	362.54	26.454	28.588	26.946	
4703	362.64	26.454	28.589	26.946	
4704	362.74	26.454	28.589	26.946	
4705	362.84	26.454	28.589	26.946	
4706	362.94	26.454	28.589	26.946	
4707	363.	26.454	28.589	26.946	
4708	363.01	26.454	28.589	26.946	
4709	363.02	26.454	28.589	26.946	
4710	363.05	26.454	28.589	26.946	
4711	363.14	26.454	28.589	26.946	
4712	363.24	26.454	28.589	26.946	
4713	363.34	26.454	28.589	26.946	
4714	363.44	26.454	28.589	26.946	
4715	363.54	26.454	28.59	26.946	
4716	363.64	26.454	28.59	26.946	
4717	363.74	26.454	28.59	26.946	
4718	363.84	26.454	28.59	26.946	
4719	363.94	26.454	28.59	26.946	
4720	364.	26.454	28.59	26.946	
4721	364.01	26.454	28.59	26.946	
4722	364.02	26.454	28.59	26.946	
4723	364.05	26.454	28.59	26.946	
4724	364.14	26.454	28.59	26.946	
4725	364.24	26.454	28.59	26.946	
4726	364.34	26.455	28.59	26.946	
4727	364.44	26.455	28.591	26.946	
4728	364.54	26.455	28.591	26.946	
4729	364.64	26.455	28.591	26.946	
4730	364.74	26.455	28.591	26.946	
4731	364.84	26.455	28.591	26.946	
4732	364.94	26.455	28.591	26.946	
4733	365.	26.455	28.591	26.946	
4734	365.01	26.455	28.591	26.946	
4735	365.02	26.455	28.591	26.946	
4736	365.05	26.455	28.591	26.946	
4737	365.14	26.455	28.591	26.946	
4738	365.24	26.455	28.591	26.946	
4739	365.34	26.455	28.592	26.946	
4740	365.44	26.455	28.592	26.946	
4741	365.54	26.455	28.592	26.946	
4742	365.64	26.455	28.592	26.946	
4743	365.74	26.455	28.592	26.946	
4744	365.84	26.455	28.592	26.947	
4745	365.94	26.455	28.592	26.947	
4746	366.	26.455	28.592	26.947	
4747	366.01	26.455	28.592	26.947	
4748	366.02	26.455	28.592	26.947	
4749	366.05	26.455	28.592	26.947	
4750	366.14	26.455	28.592	26.947	
4751	366.24	26.455	28.593	26.947	
4752	366.34	26.455	28.593	26.947	
4753	366.44	26.455	28.593	26.947	
4754	366.54	26.455	28.593	26.947	
4755	366.64	26.455	28.593	26.947	
4756	366.74	26.455	28.593	26.947	
4757	366.84	26.455	28.593	26.947	
4758	366.94	26.455	28.593	26.947	
4759	367.	26.455	28.593	26.947	
4760	367.01	26.455	28.593	26.947	
4761	367.02	26.455	28.593	26.947	
4762	367.05	26.455	28.593	26.947	
4763	367.14	26.455	28.594	26.947	
4764	367.24	26.455	28.594	26.947	
4765	367.34	26.455	28.594	26.947	
4766	367.44	26.455	28.594	26.947	
4767	367.54	26.455	28.594	26.947	
4768	367.64	26.455	28.594	26.947	
4769	367.74	26.455	28.594	26.947	
4770	367.84	26.455	28.594	26.947	
4771	367.94	26.455	28.594	26.947	
4772	368.	26.456	28.594	26.947	
4773	368.01	26.456	28.594	26.947	
4774	368.02	26.456	28.595	26.947	
4775	368.05	26.456	28.595	26.947	
4776	368.14	26.456	28.595	26.947	
4777	368.24	26.456	28.595	26.947	
4778	368.34	26.456	28.595	26.947	
4779	368.44	26.456	28.595	26.947	
4780	368.54	26.456	28.595	26.947	
4781	368.64	26.456	28.595	26.947	
4782	368.74	26.456	28.595	26.947	
4783	368.84	26.456	28.595	26.947	
4784	368.94	26.456	28.596	26.947	
4785	369.	26.456	28.596	26.947	
4786	369.01	26.456	28.596	26.947	
4787	369.02	26.456	28.596	26.947	
4788	369.05	26.456	28.596	26.947	
4789	369.14	26.456	28.596	26.947	
4790	369.24	26.456	28.596	26.947	
4791	369.34	26.456	28.596	26.947	
4792	369.44	26.456	28.596	26.947	
4793	369.54	26.456	28.596	26.947	
4794	369.64	26.456	28.596	26.948	
4795	369.74	26.456	28.596	26.948	
4796	369.84	26.456	28.597	26.948	
4797	369.94	26.456	28.597	26.948	
4798	370.	26.456	28.597	26.948	
4799	370.01	26.456	28.597	26.948	
4800	370.02	26.456	28.597	26.948	
4801	370.05	26.456	28.597	26.948	
4802	370.14	26.456	28.597	26.948	
4803	370.24	26.456	28.597	26.948	
4804	370.34	26.456	28.597	26.948	
4805	370.44	26.456	28.597	26.948	
4806	370.54	26.456	28.597	26.948	
4807	370.64	26.456	28.597	26.948	
4808	370.74	26.456	28.598	26.948	
4809	370.84	26.456	28.598	26.948	
4810	370.94	26.456	28.598	26.948	
4811	371.	26.456	28.598	26.948	
4812	371.01	26.456	28.598	26.948	
4813	371.02	26.456	28.598	26.948	
4814	371.05	26.456	28.598	26.948	
4815	371.14	26.456	28.598	26.948	
4816	371.24	26.456	28.598	26.948	
4817	371.34	26.456	28.598	26.948	
4818	371.44	26.456	28.598	26.948	
4819	371.54	26.456	28.598	26.948	
4820	371.64	26.456	28.599	26.948	
4821	371.74	26.457	28.599	26.948	
4822	371.84	26.457	28.599	26.948	
4823	371.94	26.457	28.599	26.948	
4824	372.	26.457	28.599	26.948	
4825	372.01	26.457	28.599	26.948	
4826	372.02	26.457	28.599	26.948	
4827	372.05	26.457	28.599	26.948	
4828	372.14	26.457	28.599	26.948	
4829	372.24	26.457	28.599	26.948	
4830	372.34	26.457	28.599	26.948	
4831	372.44	26.457	28.599	26.948	
4832	372.54	26.457	28.6	26.948	
4833	372.64	26.457	28.6	26.948	
4834	372.74	26.457	28.6	26.948	
4835	372.84	26.457	28.6	26.948	
4836	372.94	26.457	28.6	26.948	
4837	373.	26.457	28.6	26.948	
4838	373.01	26.457	28.6	26.948	
4839	373.02	26.457	28.6	26.948	
4840	373.05	26.457	28.6	26.948	
4841	373.14	26.457	28.6	26.948	
4842	373.24	26.457	28.6	26.948	
4843	373.34	26.457	28.6	26.948	
4844	373.44	26.457	28.601	26.949	
4845	373.54	26.457	28.601	26.949	
4846	373.64	26.457	28.601	26.949	
4847	373.74	26.457	28.601	26.949	
4848	373.84	26.457	28.601	26.949	
4849	373.94	26.457	28.601	26.949	
4850	374.	26.457	28.601	26.949	
4851	374.01	26.457	28.601	26.949	
4852	374.02	26.457	28.601	26.949	
4853	374.05	26.457	28.601	26.949	
4854	374.14	26.457	28.601	26.949	
4855	374.24	26.457	28.601	26.949	
4856	374.34	26.457	28.602	26.949	
4857	374.44	26.457	28.602	26.949	
4858	374.54	26.457	28.602	26.949	
4859	374.64	26.457	28.602	26.949	
4860	374.74	26.457	28.602	26.949	
4861	374.84	26.457	28.602	26.949	
4862	374.94	26.457	28.602	26.949	
4863	375.	26.457	28.602	26.949	
4864	375.01	26.457	28.602	26.949	
4865	375.02	26.457	28.602	26.949	
4866	375.05	26.457	28.602	26.949	
4867	375.14	26.457	28.602	26.949	
4868	375.24	26.457	28.603	26.949	
4869	375.34	26.457	28.603	26.949	
4870	375.44	26.458	28.603	26.949	
4871	375.54	26.458	28.603	26.949	
4872	375.64	26.458	28.603	26.949	
4873	375.74	26.458	28.603	26.949	
4874	375.84	26.458	28.603	26.949	
4875	375.94	26.458	28.603	26.949	
4876	376.	26.458	28.603	26.949	
4877	376.01	26.458	28.603	26.949	
4878	376.02	26.458	28.603	26.949	
4879	376.05	26.458	28.603	26.949	
4880	376.14	26.458	28.604	26.949	
4881	376.24	26.458	28.604	26.949	
4882	376.34	26.458	28.604	26.949	
4883	376.44	26.458	28.604	26.949	
4884	376.54	26.458	28.604	26.949	
4885	376.64	26.458	28.604	26.949	
4886	376.74	26.458	28.604	26.949	
4887	376.84	26.458	28.604	26.949	
4888	376.94	26.458	28.604	26.949	
4889	377.	26.458	28.604	26.949	
4890	377.01	26.458	28.605	26.949	
4891	377.02	26.458	28.605	26.949	
4892	377.05	26.458	28.605	26.949	
4893	377.14	26.458	28.605	26.949	
4894	377.24	26.458	28.605	26.95	
4895	377.34	26.458	28.605	26.95	
4896	377.44	26.458	28.605	26.95	
4897	377.54	26.458	28.605	26.95	
4898	377.64	26.458	28.605	26.95	
4899	377.74	26.458	28.605	26.95	
4900	377.84	26.458	28.605	26.95	
4901	377.94	26.458	28.606	26.95	
4902	378.	26.458	28.606	26.95	
4903	378.01	26.458	28.606	26.95	
4904	378.02	26.458	28.606	26.95	
4905	378.05	26.458	28.606	26.95	
4906	378.14	26.458	28.606	26.95	
4907	378.24	26.458	28.606	26.95	
4908	378.34	26.458	28.606	26.95	
4909	378.44	26.458	28.606	26.95	
4910	378.54	26.458	28.606	26.95	
4911	378.64	26.458	28.606	26.95	
4912	378.74	26.458	28.606	26.95	
4913	378.84	26.458	28.607	26.95	
4914	378.94	26.458	28.607	26.95	
4915	379.	26.458	28.607	26.95	
4916	379.01	26.458	28.607	26.95	
4917	379.02	26.458	28.607	26.95	
4918	379.05	26.458	28.607	26.95	
4919	379.14	26.459	28.607	26.95	
4920	379.24	26.459	28.607	26.95	
4921	379.34	26.459	28.607	26.95	
4922	379.44	26.459	28.607	26.95	
4923	379.54	26.459	28.607	26.95	
4924	379.64	26.459	28.607	26.95	
4925	379.74	26.459	28.608	26.95	
4926	379.84	26.459	28.608	26.95	
4927	379.94	26.459	28.608	26.95	
4928	380.	26.459	28.608	26.95	
4929	380.01	26.459	28.608	26.95	
4930	380.02	26.459	28.608	26.95	
4931	380.05	26.459	28.608	26.95	
4932	380.14	26.459	28.608	26.95	
4933	380.24	26.459	28.608	26.95	
4934	380.34	26.459	28.608	26.95	
4935	380.44	26.459	28.608	26.95	
4936	380.54	26.459	28.608	26.95	
4937	380.64	26.459	28.609	26.95	
4938	380.74	26.459	28.609	26.95	
4939	380.84	26.459	28.609	26.95	
4940	380.94	26.459	28.609	26.951	
4941	381.	26.459	28.609	26.951	
4942	381.01	26.459	28.609	26.951	
4943	381.02	26.459	28.609	26.951	
4944	381.05	26.459	28.609	26.951	
4945	381.14	26.459	28.609	26.951	
4946	381.24	26.459	28.609	26.951	
4947	381.34	26.459	28.609	26.951	
4948	381.44	26.459	28.609	26.951	
4949	381.54	26.459	28.61	26.951	
4950	381.64	26.459	28.61	26.951	
4951	381.74	26.459	28.61	26.951	
4952	381.84	26.459	28.61	26.951	
4953	381.94	26.459	28.61	26.951	
4954	382.	26.459	28.61	26.951	
4955	382.01	26.459	28.61	26.951	
4956	382.02	26.459	28.61	26.951	
4957	382.05	26.459	28.61	26.951	
4958	382.14	26.459	28.61	26.951	
4959	382.24	26.459	28.61	26.951	
4960	382.34	26.459	28.61	26.951	
4961	382.44	26.459	28.611	26.951	
4962	382.54	26.459	28.611	26.951	
4963	382.64	26.459	28.611	26.951	
4964	382.74	26.459	28.611	26.951	
4965	382.84	26.459	28.611	26.951	
4966	382.94	26.46	28.611	26.951	
4967	383.	26.46	28.611	26.951	
4968	383.01	26.46	28.611	26.951	
4969	383.02	26.46	28.611	26.951	
4970	383.05	26.46	28.611	26.951	
4971	383.14	26.46	28.611	26.951	
4972	383.24	26.46	28.611	26.951	
4973	383.34	26.46	28.612	26.951	
4974	383.44	26.46	28.612	26.951	
4975	383.54	26.46	28.612	26.951	
4976	383.64	26.46	28.612	26.951	
4977	383.74	26.46	28.612	26.951	
4978	383.84	26.46	28.612	26.951	
4979	383.94	26.46	28.612	26.951	
4980	384.	26.46	28.612	26.951	
4981	384.01	26.46	28.612	26.951	
4982	384.02	26.46	28.612	26.951	
4983	384.05	26.46	28.612	26.951	
4984	384.14	26.46	28.612	26.951	
4985	384.24	26.46	28.613	26.951	
4986	384.34	26.46	28.613	26.951	
4987	384.44	26.46	28.613	26.951	
4988	384.54	26.46	28.613	26.951	
4989	384.64	26.46	28.613	26.952	
4990	384.74	26.46	28.613	26.952	
4991	384.84	26.46	28.613	26.952	
4992	384.94	26.46	28.613	26.952	
4993	385.	26.46	28.613	26.952	
4994	385.01	26.46	28.613	26.952	
4995	385.02	26.46	28.613	26.952	
4996	385.05	26.46	28.613	26.952	
4997	385.14	26.46	28.614	26.952	
4998	385.24	26.46	28.614	26.952	
4999	385.34	26.46	28.614	26.952	
5000	385.44	26.46	28.614	26.952	
5001	385.54	26.46	28.614	26.952	
5002	385.64	26.46	28.614	26.952	
5003	385.74	26.46	28.614	26.952	
5004	385.84	26.46	28.614	26.952	
5005	385.94	26.46	28.614	26.952	
5006	386.	26.46	28.614	26.952	
5007	386.01	26.46	28.614	26.952	
5008	386.02	26.46	28.615	26.952	
5009	386.05	26.46	28.615	26.952	
5010	386.14	26.46	28.615	26.952	
5011	386.24	26.46	28.615	26.952	
5012	386.34	26.46	28.615	26.952	
5013	386.44	26.46	28.615	26.952	
5014	386.54	26.46	28.615	26.952	
5015	386.64	26.461	28.615	26.952	
5016	386.74	26.461	28.615	26.952	
5017	386.84	26.461	28.615	26.952	
5018	386.94	26.461	28.616	26.952	
5019	387.	26.461	28.616	26.952	
5020	387.01	26.461	28.616	26.952	
5021	387.02	26.461	28.616	26.952	
5022	387.05	26.461	28.616	26.952	
5023	387.14	26.461	28.616	26.952	
5024	387.24	26.461	28.616	26.952	
5025	387.34	26.461	28.616	26.952	
5026	387.44	26.461	28.616	26.952	
5027	387.54	26.461	28.616	26.952	
5028	387.64	26.461	28.616	26.952	
5029	387.74	26.461	28.616	26.952	
5030	387.84	26.461	28.617	26.952	
5031	387.94	26.461	28.617	26.952	
5032	388.	26.461	28.617	26.952	
5033	388.01	26.461	28.617	26.952	
5034	388.02	26.461	28.617	26.952	
5035	388.05	26.461	28.617	26.952	
5036	388.14	26.461	28.617	26.952	
5037	388.24	26.461	28.617	26.953	
5038	388.34	26.461	28.617	26.953	
5039	388.44	26.461	28.617	26.953	
5040	388.54	26.461	28.617	26.953	
5041	388.64	26.461	28.617	26.953	
5042	388.74	26.461	28.618	26.953	
5043	388.84	26.461	28.618	26.953	
5044	388.94	26.461	28.618	26.953	
5045	389.	26.461	28.618	26.953	
5046	389.01	26.461	28.618	26.953	
5047	389.02	26.461	28.618	26.953	
5048	389.05	26.461	28.618	26.953	
5049	389.14	26.461	28.618	26.953	
5050	389.24	26.461	28.618	26.953	
5051	389.34	26.461	28.618	26.953	
5052	389.44	26.461	28.618	26.953	
5053	389.54	26.461	28.618	26.953	
5054	389.64	26.461	28.619	26.953	
5055	389.74	26.461	28.619	26.953	
5056	389.84	26.461	28.619	26.953	
5057	389.94	26.461	28.619	26.953	
5058	390.	26.461	28.619	26.953	
5059	390.01	26.461	28.619	26.953	
5060	390.02	26.461	28.619	26.953	
5061	390.05	26.461	28.619	26.953	
5062	390.14	26.461	28.619	26.953	
5063	390.24	26.461	28.619	26.953	
5064	390.34	26.461	28.619	26.953	
5065	390.44	26.462	28.619	26.953	
5066	390.54	26.462	28.62	26.953	
5067	390.64	26.462	28.62	26.953	
5068	390.74	26.462	28.62	26.953	
5069	390.84	26.462	28.62	26.953	
5070	390.94	26.462	28.62	26.953	
5071	391.	26.462	28.62	26.953	
5072	391.01	26.462	28.62	26.953	
5073	391.02	26.462	28.62	26.953	
5074	391.05	26.462	28.62	26.953	
5075	391.14	26.462	28.62	26.953	
5076	391.24	26.462	28.62	26.953	
5077	391.34	26.462	28.62	26.953	
5078	391.44	26.462	28.621	26.953	
5079	391.54	26.462	28.621	26.953	
5080	391.64	26.462	28.621	26.953	
5081	391.74	26.462	28.621	26.953	
5082	391.84	26.462	28.621	26.954	
5083	391.94	26.462	28.621	26.954	
5084	392.	26.462	28.621	26.954	
5085	392.01	26.462	28.621	26.954	
5086	392.02	26.462	28.621	26.954	
5087	392.05	26.462	28.621	26.954	
5088	392.14	26.462	28.621	26.954	
5089	392.24	26.462	28.621	26.954	
5090	392.34	26.462	28.622	26.954	
5091	392.44	26.462	28.622	26.954	
5092	392.54	26.462	28.622	26.954	
5093	392.64	26.462	28.622	26.954	
5094	392.74	26.462	28.622	26.954	
5095	392.84	26.462	28.622	26.954	
5096	392.94	26.462	28.622	26.954	
5097	393.	26.462	28.622	26.954	
5098	393.01	26.462	28.622	26.954	
5099	393.02	26.462	28.622	26.954	
5100	393.05	26.462	28.622	26.954	
5101	393.14	26.462	28.622	26.954	
5102	393.24	26.462	28.623	26.954	
5103	393.34	26.462	28.623	26.954	
5104	393.44	26.462	28.623	26.954	
5105	393.54	26.462	28.623	26.954	
5106	393.64	26.462	28.623	26.954	
5107	393.74	26.462	28.623	26.954	
5108	393.84	26.462	28.623	26.954	
5109	393.94	26.462	28.623	26.954	
5110	394.	26.462	28.623	26.954	
5111	394.01	26.462	28.623	26.954	
5112	394.02	26.462	28.623	26.954	
5113	394.05	26.462	28.623	26.954	
5114	394.14	26.462	28.624	26.954	
5115	394.24	26.463	28.624	26.954	
5116	394.34	26.463	28.624	26.954	
5117	394.44	26.463	28.624	26.954	
5118	394.54	26.463	28.624	26.954	
5119	394.64	26.463	28.624	26.954	
5120	394.74	26.463	28.624	26.954	
5121	394.84	26.463	28.624	26.954	
5122	394.94	26.463	28.624	26.954	
5123	395.	26.463	28.624	26.954	
5124	395.01	26.463	28.624	26.954	
5125	395.02	26.463	28.624	26.954	
5126	395.05	26.463	28.625	26.954	
5127	395.14	26.463	28.625	26.954	
5128	395.24	26.463	28.625	26.954	
5129	395.34	26.463	28.625	26.954	
5130	395.44	26.463	28.625	26.955	
5131	395.54	26.463	28.625	26.955	
5132	395.64	26.463	28.625	26.955	
5133	395.74	26.463	28.625	26.955	
5134	395.84	26.463	28.625	26.955	
5135	395.94	26.463	28.626	26.955	
5136	396.	26.463	28.626	26.955	
5137	396.01	26.463	28.626	26.955	
5138	396.02	26.463	28.626	26.955	
5139	396.05	26.463	28.626	26.955	
5140	396.14	26.463	28.626	26.955	
5141	396.24	26.463	28.626	26.955	
5142	396.34	26.463	28.626	26.955	
5143	396.44	26.463	28.626	26.955	
5144	396.54	26.463	28.626	26.955	
5145	396.64	26.463	28.626	26.955	
5146	396.74	26.463	28.626	26.955	
5147	396.84	26.463	28.627	26.955	
5148	396.94	26.463	28.627	26.955	
5149	397.	26.463	28.627	26.955	
5150	397.01	26.463	28.627	26.955	
5151	397.02	26.463	28.627	26.955	
5152	397.05	26.463	28.627	26.955	
5153	397.14	26.463	28.627	26.955	
5154	397.24	26.463	28.627	26.955	
5155	397.34	26.463	28.627	26.955	
5156	397.44	26.463	28.627	26.955	
5157	397.54	26.463	28.627	26.955	
5158	397.64	26.463	28.627	26.955	
5159	397.74	26.463	28.628	26.955	
5160	397.84	26.463	28.628	26.955	
5161	397.94	26.463	28.628	26.955	
5162	398.	26.464	28.628	26.955	
5163	398.01	26.464	28.628	26.955	
5164	398.02	26.464	28.628	26.955	
5165	398.05	26.464	28.628	26.955	
5166	398.14	26.464	28.628	26.955	
5167	398.24	26.464	28.628	26.955	
5168	398.34	26.464	28.628	26.955	
5169	398.44	26.464	28.628	26.955	
5170	398.54	26.464	28.628	26.955	
5171	398.64	26.464	28.628	26.955	
5172	398.74	26.464	28.629	26.955	
5173	398.84	26.464	28.629	26.955	
5174	398.94	26.464	28.629	26.955	
5175	399.	26.464	28.629	26.956	
5176	399.01	26.464	28.629	26.956	
5177	399.02	26.464	28.629	26.956	
5178	399.05	26.464	28.629	26.956	
5179	399.14	26.464	28.629	26.956	
5180	399.24	26.464	28.629	26.956	
5181	399.34	26.464	28.629	26.956	
5182	399.44	26.464	28.629	26.956	
5183	399.54	26.464	28.629	26.956	
5184	399.64	26.464	28.63	26.956	
5185	399.74	26.464	28.63	26.956	
5186	399.84	26.464	28.63	26.956	
5187	399.94	26.464	28.63	26.956	
5188	400.	26.464	28.63	26.956	
5189	400.01	26.464	28.63	26.956	
5190	400.02	26.464	28.63	26.956	
5191	400.05	26.464	28.63	26.956	
5192	400.14	26.464	28.63	26.956	
5193	400.24	26.464	28.63	26.956	
5194	400.34	26.464	28.63	26.956	
5195	400.44	26.464	28.63	26.956	
5196	400.54	26.464	28.631	26.956	
5197	400.64	26.464	28.631	26.956	
5198	400.74	26.464	28.631	26.956	
5199	400.84	26.464	28.631	26.956	
5200	400.94	26.464	28.631	26.956	
5201	401.	26.464	28.631	26.956	
5202	401.01	26.464	28.631	26.956	
5203	401.02	26.464	28.631	26.956	
5204	401.05	26.464	28.631	26.956	
5205	401.14	26.464	28.631	26.956	
5206	401.24	26.464	28.631	26.956	
5207	401.34	26.464	28.631	26.956	
5208	401.44	26.464	28.632	26.956	
5209	401.54	26.464	28.632	26.956	
5210	401.64	26.464	28.632	26.956	
5211	401.74	26.464	28.632	26.956	
5212	401.84	26.465	28.632	26.956	
5213	401.94	26.465	28.632	26.956	
5214	402.	26.465	28.632	26.956	
5215	402.01	26.465	28.632	26.956	
5216	402.02	26.465	28.632	26.956	
5217	402.05	26.465	28.632	26.956	
5218	402.14	26.465	28.632	26.956	
5219	402.24	26.465	28.632	26.956	
5220	402.34	26.465	28.633	26.956	
5221	402.44	26.465	28.633	26.956	
5222	402.54	26.465	28.633	26.957	
5223	402.64	26.465	28.633	26.957	
5224	402.74	26.465	28.633	26.957	
5225	402.84	26.465	28.633	26.957	
5226	402.94	26.465	28.633	26.957	
5227	403.	26.465	28.633	26.957	
5228	403.01	26.465	28.633	26.957	
5229	403.02	26.465	28.633	26.957	
5230	403.05	26.465	28.633	26.957	
5231	403.14	26.465	28.633	26.957	
5232	403.24	26.465	28.634	26.957	
5233	403.34	26.465	28.634	26.957	
5234	403.44	26.465	28.634	26.957	
5235	403.54	26.465	28.634	26.957	
5236	403.64	26.465	28.634	26.957	
5237	403.74	26.465	28.634	26.957	
5238	403.84	26.465	28.634	26.957	
5239	403.94	26.465	28.634	26.957	
5240	404.	26.465	28.634	26.957	
5241	404.01	26.465	28.634	26.957	
5242	404.02	26.465	28.634	26.957	
5243	404.05	26.465	28.634	26.957	
5244	404.14	26.465	28.635	26.957	
5245	404.24	26.465	28.635	26.957	
5246	404.34	26.465	28.635	26.957	
5247	404.44	26.465	28.635	26.957	
5248	404.54	26.465	28.635	26.957	
5249	404.64	26.465	28.635	26.957	
5250	404.74	26.465	28.635	26.957	
5251	404.84	26.465	28.635	26.957	
5252	404.94	26.465	28.635	26.957	
5253	405.	26.465	28.636	26.957	
5254	405.01	26.465	28.636	26.957	
5255	405.02	26.465	28.636	26.957	
5256	405.05	26.465	28.636	26.957	
5257	405.14	26.465	28.636	26.957	
5258	405.24	26.465	28.636	26.957	
5259	405.34	26.465	28.636	26.957	
5260	405.44	26.465	28.636	26.957	
5261	405.54	26.465	28.636	26.957	
5262	405.64	26.465	28.636	26.957	
5263	405.74	26.466	28.636	26.957	
5264	405.84	26.466	28.636	26.957	
5265	405.94	26.466	28.637	26.957	
5266	406.	26.466	28.637	26.958	
5267	406.01	26.466	28.637	26.958	
5268	406.02	26.466	28.637	26.958	
5269	406.05	26.466	28.637	26.958	
5270	406.14	26.466	28.637	26.958	
5271	406.24	26.466	28.637	26.958	
5272	406.34	26.466	28.637	26.958	
5273	406.44	26.466	28.637	26.958	
5274	406.54	26.466	28.637	26.958	
5275	406.64	26.466	28.637	26.958	
5276	406.74	26.466	28.637	26.958	
5277	406.84	26.466	28.638	26.958	
5278	406.94	26.466	28.638	26.958	
5279	407.	26.466	28.638	26.958	
5280	407.01	26.466	28.638	26.958	
5281	407.02	26.466	28.638	26.958	
5282	407.05	26.466	28.638	26.958	
5283	407.14	26.466	28.638	26.958	
5284	407.24	26.466	28.638	26.958	
5285	407.34	26.466	28.638	26.958	
5286	407.44	26.466	28.638	26.958	
5287	407.54	26.466	28.638	26.958	
5288	407.64	26.466	28.638	26.958	
5289	407.74	26.466	28.639	26.958	
5290	407.84	26.466	28.639	26.958	
5291	407.94	26.466	28.639	26.958	
5292	408.	26.466	28.639	26.958	
5293	408.01	26.466	28.639	26.958	
5294	408.02	26.466	28.639	26.958	
5295	408.05	26.466	28.639	26.958	
5296	408.14	26.466	28.639	26.958	
5297	408.24	26.466	28.639	26.958	
5298	408.34	26.466	28.639	26.958	
5299	408.44	26.466	28.639	26.958	
5300	408.54	26.466	28.639	26.958	
5301	408.64	26.466	28.64	26.958	
5302	408.74	26.466	28.64	26.958	
5303	408.84	26.466	28.64	26.958	
5304	408.94	26.466	28.64	26.958	
5305	409.	26.466	28.64	26.958	
5306	409.01	26.466	28.64	26.958	
5307	409.02	26.466	28.64	26.958	
5308	409.05	26.466	28.64	26.958	
5309	409.14	26.466	28.64	26.958	
5310	409.24	26.466	28.64	26.958	
5311	409.34	26.466	28.64	26.958	
5312	409.44	26.466	28.64	26.959	
5313	409.54	26.467	28.641	26.959	
5314	409.64	26.467	28.641	26.959	
5315	409.74	26.467	28.641	26.959	
5316	409.84	26.467	28.641	26.959	
5317	409.94	26.467	28.641	26.959	
5318	410.	26.467	28.641	26.959	
5319	410.01	26.467	28.641	26.959	
5320	410.02	26.467	28.641	26.959	
5321	410.05	26.467	28.641	26.959	
5322	410.14	26.467	28.641	26.959	
5323	410.24	26.467	28.641	26.959	
5324	410.34	26.467	28.641	26.959	
5325	410.44	26.467	28.642	26.959	
5326	410.54	26.467	28.642	26.959	
5327	410.64	26.467	28.642	26.959	
5328	410.74	26.467	28.642	26.959	
5329	410.84	26.467	28.642	26.959	
5330	410.94	26.467	28.642	26.959	
5331	411.	26.467	28.642	26.959	
5332	411.01	26.467	28.642	26.959	
5333	411.02	26.467	28.642	26.959	
5334	411.05	26.467	28.642	26.959	
5335	411.14	26.467	28.642	26.959	
5336	411.24	26.467	28.642	26.959	
5337	411.34	26.467	28.643	26.959	
5338	411.44	26.467	28.643	26.959	
5339	411.54	26.467	28.643	26.959	
5340	411.64	26.467	28.643	26.959	
5341	411.74	26.467	28.643	26.959	
5342	411.84	26.467	28.643	26.959	
5343	411.94	26.467	28.643	26.959	
5344	412.	26.467	28.643	26.959	
5345	412.01	26.467	28.643	26.959	
5346	412.02	26.467	28.643	26.959	
5347	412.05	26.467	28.643	26.959	
5348	412.14	26.467	28.643	26.959	
5349	412.24	26.467	28.644	26.959	
5350	412.34	26.467	28.644	26.959	
5351	412.44	26.467	28.644	26.959	
5352	412.54	26.467	28.644	26.959	
5353	412.64	26.467	28.644	26.959	
5354	412.74	26.467	28.644	26.959	
5355	412.84	26.467	28.644	26.959	
5356	412.94	26.467	28.644	26.96	
5357	413.	26.467	28.644	26.96	
5358	413.01	26.467	28.644	26.96	
5359	413.02	26.467	28.644	26.96	
5360	413.05	26.467	28.644	26.96	
5361	413.14	26.467	28.645	26.96	
5362	413.24	26.467	28.645	26.96	
5363	413.34	26.467	28.645	26.96	
5364	413.44	26.468	28.645	26.96	
5365	413.54	26.468	28.645	26.96	
5366	413.64	26.468	28.645	26.96	
5367	413.74	26.468	28.645	26.96	
5368	413.84	26.468	28.645	26.96	
5369	413.94	26.468	28.645	26.96	
5370	414.	26.468	28.645	26.96	
5371	414.01	26.468	28.646	26.96	
5372	414.02	26.468	28.646	26.96	
5373	414.05	26.468	28.646	26.96	
5374	414.14	26.468	28.646	26.96	
5375	414.24	26.468	28.646	26.96	
5376	414.34	26.468	28.646	26.96	
5377	414.44	26.468	28.646	26.96	
5378	414.54	26.468	28.646	26.96	
5379	414.64	26.468	28.646	26.96	
5380	414.74	26.468	28.646	26.96	
5381	414.84	26.468	28.646	26.96	
5382	414.94	26.468	28.647	26.96	
5383	415.	26.468	28.647	26.96	
5384	415.01	26.468	28.647	26.96	
5385	415.02	26.468	28.647	26.96	
5386	415.05	26.468	28.647	26.96	
5387	415.14	26.468	28.647	26.96	
5388	415.24	26.468	28.647	26.96	
5389	415.34	26.468	28.647	26.96	
5390	415.44	26.468	28.647	26.96	
5391	415.54	26.468	28.647	26.96	
5392	415.64	26.468	28.647	26.96	
5393	415.74	26.468	28.647	26.96	
5394	415.84	26.468	28.648	26.96	
5395	415.94	26.468	28.648	26.96	
5396	416.	26.468	28.648	26.96	
5397	416.01	26.468	28.648	26.96	
5398	416.02	26.468	28.648	26.96	
5399	416.05	26.468	28.648	26.96	
5400	416.14	26.468	28.648	26.96	
5401	416.24	26.468	28.648	26.96	
5402	416.34	26.468	28.648	26.961	
5403	416.44	26.468	28.648	26.961	
5404	416.54	26.468	28.648	26.961	
5405	416.64	26.468	28.648	26.961	
5406	416.74	26.468	28.649	26.961	
5407	416.84	26.468	28.649	26.961	
5408	416.94	26.468	28.649	26.961	
5409	417.	26.468	28.649	26.961	
5410	417.01	26.468	28.649	26.961	
5411	417.02	26.468	28.649	26.961	
5412	417.05	26.468	28.649	26.961	
5413	417.14	26.468	28.649	26.961	
5414	417.24	26.468	28.649	26.961	
5415	417.34	26.469	28.649	26.961	
5416	417.44	26.469	28.649	26.961	
5417	417.54	26.469	28.649	26.961	
5418	417.64	26.469	28.65	26.961	
5419	417.74	26.469	28.65	26.961	
5420	417.84	26.469	28.65	26.961	
5421	417.94	26.469	28.65	26.961	
5422	418.	26.469	28.65	26.961	
5423	418.01	26.469	28.65	26.961	
5424	418.02	26.469	28.65	26.961	
5425	418.05	26.469	28.65	26.961	
5426	418.14	26.469	28.65	26.961	
5427	418.24	26.469	28.65	26.961	
5428	418.34	26.469	28.65	26.961	
5429	418.44	26.469	28.65	26.961	
5430	418.54	26.469	28.651	26.961	
5431	418.64	26.469	28.651	26.961	
5432	418.74	26.469	28.651	26.961	
5433	418.84	26.469	28.651	26.961	
5434	418.94	26.469	28.651	26.961	
5435	419.	26.469	28.651	26.961	
5436	419.01	26.469	28.651	26.961	
5437	419.02	26.469	28.651	26.961	
5438	419.05	26.469	28.651	26.961	
5439	419.14	26.469	28.651	26.961	
5440	419.24	26.469	28.651	26.961	
5441	419.34	26.469	28.651	26.961	
5442	419.44	26.469	28.652	26.961	
5443	419.54	26.469	28.652	26.961	
5444	419.64	26.469	28.652	26.961	
5445	419.74	26.469	28.652	26.962	
5446	419.84	26.469	28.652	26.962	
5447	419.94	26.469	28.652	26.962	
5448	420.	26.469	28.652	26.962	
5449	420.01	26.469	28.652	26.962	
5450	420.02	26.469	28.652	26.962	
5451	420.05	26.469	28.652	26.962	
5452	420.14	26.469	28.652	26.962	
5453	420.24	26.469	28.652	26.962	
5454	420.34	26.469	28.652	26.962	
5455	420.44	26.469	28.653	26.962	
5456	420.54	26.469	28.653	26.962	
5457	420.64	26.469	28.653	26.962	
5458	420.74	26.469	28.653	26.962	
5459	420.84	26.469	28.653	26.962	
5460	420.94	26.469	28.653	26.962	
5461	421.	26.469	28.653	26.962	
5462	421.01	26.469	28.653	26.962	
5463	421.02	26.469	28.653	26.962	
5464	421.05	26.469	28.653	26.962	
5465	421.14	26.469	28.653	26.962	
5466	421.24	26.47	28.653	26.962	
5467	421.34	26.47	28.654	26.962	
5468	421.44	26.47	28.654	26.962	
5469	421.54	26.47	28.654	26.962	
5470	421.64	26.47	28.654	26.962	
5471	421.74	26.47	28.654	26.962	
5472	421.84	26.47	28.654	26.962	
5473	421.94	26.47	28.654	26.962	
5474	422.	26.47	28.654	26.962	
5475	422.01	26.47	28.654	26.962	
5476	422.02	26.47	28.654	26.962	
5477	422.05	26.47	28.654	26.962	
5478	422.14	26.47	28.654	26.962	
5479	422.24	26.47	28.655	26.962	
5480	422.34	26.47	28.655	26.962	
5481	422.44	26.47	28.655	26.962	
5482	422.54	26.47	28.655	26.962	
5483	422.64	26.47	28.655	26.962	
5484	422.74	26.47	28.655	26.962	
5485	422.84	26.47	28.655	26.962	
5486	422.94	26.47	28.655	26.962	
5487	423.	26.47	28.655	26.962	
5488	423.01	26.47	28.655	26.962	
5489	423.02	26.47	28.655	26.962	
5490	423.05	26.47	28.655	26.963	
5491	423.14	26.47	28.656	26.963	
5492	423.24	26.47	28.656	26.963	
5493	423.34	26.47	28.656	26.963	
5494	423.44	26.47	28.656	26.963	
5495	423.54	26.47	28.656	26.963	
5496	423.64	26.47	28.656	26.963	
5497	423.74	26.47	28.656	26.963	
5498	423.84	26.47	28.656	26.963	
5499	423.94	26.47	28.656	26.963	
5500	424.	26.47	28.657	26.963	
5501	424.01	26.47	28.657	26.963	
5502	424.02	26.47	28.657	26.963	
5503	424.05	26.47	28.657	26.963	
5504	424.14	26.47	28.657	26.963	
5505	424.24	26.47	28.657	26.963	
5506	424.34	26.47	28.657	26.963	
5507	424.44	26.47	28.657	26.963	
5508	424.54	26.47	28.657	26.963	
5509	424.64	26.47	28.657	26.963	
5510	424.74	26.47	28.657	26.963	
5511	424.84	26.47	28.657	26.963	
5512	424.94	26.47	28.658	26.963	
5513	425.	26.47	28.658	26.963	
5514	425.01	26.47	28.658	26.963	
5515	425.02	26.47	28.658	26.963	
5516	425.05	26.47	28.658	26.963	
5517	425.14	26.471	28.658	26.963	
5518	425.24	26.471	28.658	26.963	
5519	425.34	26.471	28.658	26.963	
5520	425.44	26.471	28.658	26.963	
5521	425.54	26.471	28.658	26.963	
5522	425.64	26.471	28.658	26.963	
5523	425.74	26.471	28.658	26.963	
5524	425.84	26.471	28.659	26.963	
5525	425.94	26.471	28.659	26.963	
5526	426.	26.471	28.659	26.963	
5527	426.01	26.471	28.659	26.963	
5528	426.02	26.471	28.659	26.963	
5529	426.05	26.471	28.659	26.963	
5530	426.14	26.471	28.659	26.963	
5531	426.24	26.471	28.659	26.963	
5532	426.34	26.471	28.659	26.963	
5533	426.44	26.471	28.659	26.964	
5534	426.54	26.471	28.659	26.964	
5535	426.64	26.471	28.659	26.964	
5536	426.74	26.471	28.66	26.964	
5537	426.84	26.471	28.66	26.964	
5538	426.94	26.471	28.66	26.964	
5539	427.	26.471	28.66	26.964	
5540	427.01	26.471	28.66	26.964	
5541	427.02	26.471	28.66	26.964	
5542	427.05	26.471	28.66	26.964	
5543	427.14	26.471	28.66	26.964	
5544	427.24	26.471	28.66	26.964	
5545	427.34	26.471	28.66	26.964	
5546	427.44	26.471	28.66	26.964	
5547	427.54	26.471	28.66	26.964	
5548	427.64	26.471	28.661	26.964	
5549	427.74	26.471	28.661	26.964	
5550	427.84	26.471	28.661	26.964	
5551	427.94	26.471	28.661	26.964	
5552	428.	26.471	28.661	26.964	
5553	428.01	26.471	28.661	26.964	
5554	428.02	26.471	28.661	26.964	
5555	428.05	26.471	28.661	26.964	
5556	428.14	26.471	28.661	26.964	
5557	428.24	26.471	28.661	26.964	
5558	428.34	26.471	28.661	26.964	
5559	428.44	26.471	28.661	26.964	
5560	428.54	26.471	28.662	26.964	
5561	428.64	26.471	28.662	26.964	
5562	428.74	26.471	28.662	26.964	
5563	428.84	26.471	28.662	26.964	
5564	428.94	26.471	28.662	26.964	
5565	429.	26.471	28.662	26.964	
5566	429.01	26.472	28.662	26.964	
5567	429.02	26.472	28.662	26.964	
5568	429.05	26.472	28.662	26.964	
5569	429.14	26.472	28.662	26.964	
5570	429.24	26.472	28.662	26.964	
5571	429.34	26.472	28.662	26.964	
5572	429.44	26.472	28.663	26.964	
5573	429.54	26.472	28.663	26.964	
5574	429.64	26.472	28.663	26.964	
5575	429.74	26.472	28.663	26.965	
5576	429.84	26.472	28.663	26.965	
5577	429.94	26.472	28.663	26.965	
5578	430.	26.472	28.663	26.965	
5579	430.01	26.472	28.663	26.965	
5580	430.02	26.472	28.663	26.965	
5581	430.05	26.472	28.663	26.965	
5582	430.14	26.472	28.663	26.965	
5583	430.24	26.472	28.663	26.965	
5584	430.34	26.472	28.664	26.965	
5585	430.44	26.472	28.664	26.965	
5586	430.54	26.472	28.664	26.965	
5587	430.64	26.472	28.664	26.965	
5588	430.74	26.472	28.664	26.965	
5589	430.84	26.472	28.664	26.965	
5590	430.94	26.472	28.664	26.965	
5591	431.	26.472	28.664	26.965	
5592	431.01	26.472	28.664	26.965	
5593	431.02	26.472	28.664	26.965	
5594	431.05	26.472	28.664	26.965	
5595	431.14	26.472	28.664	26.965	
5596	431.24	26.472	28.665	26.965	
5597	431.34	26.472	28.665	26.965	
5598	431.44	26.472	28.665	26.965	
5599	431.54	26.472	28.665	26.965	
5600	431.64	26.472	28.665	26.965	
5601	431.74	26.472	28.665	26.965	
5602	431.84	26.472	28.665	26.965	
5603	431.94	26.472	28.665	26.965	
5604	432.	26.472	28.665	26.965	
5605	432.01	26.472	28.665	26.965	
5606	432.02	26.472	28.665	26.965	
5607	432.05	26.472	28.665	26.965	
5608	432.14	26.472	28.666	26.965	
5609	432.24	26.472	28.666	26.965	
5610	432.34	26.472	28.666	26.965	
5611	432.44	26.472	28.666	26.965	
5612	432.54	26.472	28.666	26.965	
5613	432.64	26.472	28.666	26.965	
5614	432.74	26.472	28.666	26.965	
5615	432.84	26.472	28.666	26.965	
5616	432.94	26.472	28.666	26.965	
5617	433.	26.473	28.666	26.965	
5618	433.01	26.473	28.666	26.965	
5619	433.02	26.473	28.666	26.965	
5620	433.05	26.473	28.667	26.966	
5621	433.14	26.473	28.667	26.966	
5622	433.24	26.473	28.667	26.966	
5623	433.34	26.473	28.667	26.966	
5624	433.44	26.473	28.667	26.966	
5625	433.54	26.473	28.667	26.966	
5626	433.64	26.473	28.667	26.966	
5627	433.74	26.473	28.667	26.966	
5628	433.84	26.473	28.667	26.966	
5629	433.94	26.473	28.667	26.966	
5630	434.	26.473	28.668	26.966	
5631	434.01	26.473	28.668	26.966	
5632	434.02	26.473	28.668	26.966	
5633	434.05	26.473	28.668	26.966	
5634	434.14	26.473	28.668	26.966	
5635	434.24	26.473	28.668	26.966	
5636	434.34	26.473	28.668	26.966	
5637	434.44	26.473	28.668	26.966	
5638	434.54	26.473	28.668	26.966	
5639	434.64	26.473	28.668	26.966	
5640	434.74	26.473	28.668	26.966	
5641	434.84	26.473	28.668	26.966	
5642	434.94	26.473	28.669	26.966	
5643	435.	26.473	28.669	26.966	
5644	435.01	26.473	28.669	26.966	
5645	435.02	26.473	28.669	26.966	
5646	435.05	26.473	28.669	26.966	
5647	435.14	26.473	28.669	26.966	
5648	435.24	26.473	28.669	26.966	
5649	435.34	26.473	28.669	26.966	
5650	435.44	26.473	28.669	26.966	
5651	435.54	26.473	28.669	26.966	
5652	435.64	26.473	28.669	26.966	
5653	435.74	26.473	28.669	26.966	
5654	435.84	26.473	28.67	26.966	
5655	435.94	26.473	28.67	26.966	
5656	436.	26.473	28.67	26.966	
5657	436.01	26.473	28.67	26.966	
5658	436.02	26.473	28.67	26.966	
5659	436.05	26.473	28.67	26.966	
5660	436.14	26.473	28.67	26.966	
5661	436.24	26.473	28.67	26.966	
5662	436.34	26.473	28.67	26.967	
5663	436.44	26.473	28.67	26.967	
5664	436.54	26.473	28.67	26.967	
5665	436.64	26.473	28.67	26.967	
5666	436.74	26.473	28.671	26.967	
5667	436.84	26.473	28.671	26.967	
5668	436.94	26.474	28.671	26.967	
5669	437.	26.474	28.671	26.967	
5670	437.01	26.474	28.671	26.967	
5671	437.02	26.474	28.671	26.967	
5672	437.05	26.474	28.671	26.967	
5673	437.14	26.474	28.671	26.967	
5674	437.24	26.474	28.671	26.967	
5675	437.34	26.474	28.671	26.967	
5676	437.44	26.474	28.671	26.967	
5677	437.54	26.474	28.671	26.967	
5678	437.64	26.474	28.672	26.967	
5679	437.74	26.474	28.672	26.967	
5680	437.84	26.474	28.672	26.967	
5681	437.94	26.474	28.672	26.967	
5682	438.	26.474	28.672	26.967	
5683	438.01	26.474	28.672	26.967	
5684	438.02	26.474	28.672	26.967	
5685	438.05	26.474	28.672	26.967	
5686	438.14	26.474	28.672	26.967	
5687	438.24	26.474	28.672	26.967	
5688	438.34	26.474	28.672	26.967	
5689	438.44	26.474	28.672	26.967	
5690	438.54	26.474	28.673	26.967	
5691	438.64	26.474	28.673	26.967	
5692	438.74	26.474	28.673	26.967	
5693	438.84	26.474	28.673	26.967	
5694	438.94	26.474	28.673	26.967	
5695	439.	26.474	28.673	26.967	
5696	439.01	26.474	28.673	26.967	
5697	439.02	26.474	28.673	26.967	
5698	439.05	26.474	28.673	26.967	
5699	439.14	26.474	28.673	26.967	
5700	439.24	26.474	28.673	26.967	
5701	439.34	26.474	28.673	26.967	
5702	439.44	26.474	28.674	26.967	
5703	439.54	26.474	28.674	26.967	
5704	439.64	26.474	28.674	26.968	
5705	439.74	26.474	28.674	26.968	
5706	439.84	26.474	28.674	26.968	
5707	439.94	26.474	28.674	26.968	
5708	440.	26.474	28.674	26.968	
5709	440.01	26.474	28.674	26.968	
5710	440.02	26.474	28.674	26.968	
5711	440.05	26.474	28.674	26.968	
5712	440.14	26.474	28.674	26.968	
5713	440.24	26.474	28.674	26.968	
5714	440.34	26.474	28.675	26.968	
5715	440.44	26.474	28.675	26.968	
5716	440.54	26.474	28.675	26.968	
5717	440.64	26.474	28.675	26.968	
5718	440.74	26.474	28.675	26.968	
5719	440.84	26.474	28.675	26.968	
5720	440.94	26.475	28.675	26.968	
5721	441.	26.475	28.675	26.968	
5722	441.01	26.475	28.675	26.968	
5723	441.02	26.475	28.675	26.968	
5724	441.05	26.475	28.675	26.968	
5725	441.14	26.475	28.675	26.968	
5726	441.24	26.475	28.676	26.968	
5727	441.34	26.475	28.676	26.968	
5728	441.44	26.475	28.676	26.968	
5729	441.54	26.475	28.676	26.968	
5730	441.64	26.475	28.676	26.968	
5731	441.74	26.475	28.676	26.968	
5732	441.84	26.475	28.676	26.968	
5733	441.94	26.475	28.676	26.968	
5734	442.	26.475	28.676	26.968	
5735	442.01	26.475	28.676	26.968	
5736	442.02	26.475	28.676	26.968	
5737	442.05	26.475	28.676	26.968	
5738	442.14	26.475	28.677	26.968	
5739	442.24	26.475	28.677	26.968	
5740	442.34	26.475	28.677	26.968	
5741	442.44	26.475	28.677	26.968	
5742	442.54	26.475	28.677	26.968	
5743	442.64	26.475	28.677	26.968	
5744	442.74	26.475	28.677	26.968	
5745	442.84	26.475	28.677	26.968	
5746	442.94	26.475	28.677	26.969	
5747	443.	26.475	28.677	26.969	
5748	443.01	26.475	28.677	26.969	
5749	443.02	26.475	28.677	26.969	
5750	443.05	26.475	28.678	26.969	
5751	443.14	26.475	28.678	26.969	
5752	443.24	26.475	28.678	26.969	
5753	443.34	26.475	28.678	26.969	
5754	443.44	26.475	28.678	26.969	
5755	443.54	26.475	28.678	26.969	
5756	443.64	26.475	28.678	26.969	
5757	443.74	26.475	28.678	26.969	
5758	443.84	26.475	28.678	26.969	
5759	443.94	26.475	28.679	26.969	
5760	444.	26.475	28.679	26.969	
5761	444.01	26.475	28.679	26.969	
5762	444.02	26.475	28.679	26.969	
5763	444.05	26.475	28.679	26.969	
5764	444.14	26.475	28.679	26.969	
5765	444.24	26.475	28.679	26.969	
5766	444.34	26.475	28.679	26.969	
5767	444.44	26.475	28.679	26.969	
5768	444.54	26.475	28.679	26.969	
5769	444.64	26.475	28.679	26.969	
5770	444.74	26.475	28.679	26.969	
5771	444.84	26.476	28.679	26.969	
5772	444.94	26.476	28.68	26.969	
5773	445.	26.476	28.68	26.969	
5774	445.01	26.476	28.68	26.969	
5775	445.02	26.476	28.68	26.969	
5776	445.05	26.476	28.68	26.969	
5777	445.14	26.476	28.68	26.969	
5778	445.24	26.476	28.68	26.969	
5779	445.34	26.476	28.68	26.969	
5780	445.44	26.476	28.68	26.969	
5781	445.54	26.476	28.68	26.969	
5782	445.64	26.476	28.68	26.969	
5783	445.74	26.476	28.68	26.969	
5784	445.84	26.476	28.681	26.969	
5785	445.94	26.476	28.681	26.969	
5786	446.	26.476	28.681	26.969	
5787	446.01	26.476	28.681	26.969	
5788	446.02	26.476	28.681	26.969	
5789	446.05	26.476	28.681	26.969	
5790	446.14	26.476	28.681	26.97	
5791	446.24	26.476	28.681	26.97	
5792	446.34	26.476	28.681	26.97	
5793	446.44	26.476	28.681	26.97	
5794	446.54	26.476	28.681	26.97	
5795	446.64	26.476	28.681	26.97	
5796	446.74	26.476	28.682	26.97	
5797	446.84	26.476	28.682	26.97	
5798	446.94	26.476	28.682	26.97	
5799	447.	26.476	28.682	26.97	
5800	447.01	26.476	28.682	26.97	
5801	447.02	26.476	28.682	26.97	
5802	447.05	26.476	28.682	26.97	
5803	447.14	26.476	28.682	26.97	
5804	447.24	26.476	28.682	26.97	
5805	447.34	26.476	28.682	26.97	
5806	447.44	26.476	28.682	26.97	
5807	447.54	26.476	28.682	26.97	
5808	447.64	26.476	28.683	26.97	
5809	447.74	26.476	28.683	26.97	
5810	447.84	26.476	28.683	26.97	
5811	447.94	26.476	28.683	26.97	
5812	448.	26.476	28.683	26.97	
5813	448.01	26.476	28.683	26.97	
5814	448.02	26.476	28.683	26.97	
5815	448.05	26.476	28.683	26.97	
5816	448.14	26.476	28.683	26.97	
5817	448.24	26.476	28.683	26.97	
5818	448.34	26.476	28.683	26.97	
5819	448.44	26.476	28.683	26.97	
5820	448.54	26.476	28.684	26.97	
5821	448.64	26.476	28.684	26.97	
5822	448.74	26.476	28.684	26.97	
5823	448.84	26.477	28.684	26.97	
5824	448.94	26.477	28.684	26.97	
5825	449.	26.477	28.684	26.97	
5826	449.01	26.477	28.684	26.97	
5827	449.02	26.477	28.684	26.97	
5828	449.05	26.477	28.684	26.97	
5829	449.14	26.477	28.684	26.97	
5830	449.24	26.477	28.684	26.97	
5831	449.34	26.477	28.684	26.971	
5832	449.44	26.477	28.685	26.971	
5833	449.54	26.477	28.685	26.971	
5834	449.64	26.477	28.685	26.971	
5835	449.74	26.477	28.685	26.971	
5836	449.84	26.477	28.685	26.971	
5837	449.94	26.477	28.685	26.971	
5838	450.	26.477	28.685	26.971	
5839	450.01	26.477	28.685	26.971	
5840	450.02	26.477	28.685	26.971	
5841	450.05	26.477	28.685	26.971	
5842	450.14	26.477	28.685	26.971	
5843	450.24	26.477	28.685	26.971	
5844	450.34	26.477	28.686	26.971	
5845	450.44	26.477	28.686	26.971	
5846	450.54	26.477	28.686	26.971	
5847	450.64	26.477	28.686	26.971	
5848	450.74	26.477	28.686	26.971	
5849	450.84	26.477	28.686	26.971	
5850	450.94	26.477	28.686	26.971	
5851	451.	26.477	28.686	26.971	
5852	451.01	26.477	28.686	26.971	
5853	451.02	26.477	28.686	26.971	
5854	451.05	26.477	28.686	26.971	
5855	451.14	26.477	28.686	26.971	
5856	451.24	26.477	28.687	26.971	
5857	451.34	26.477	28.687	26.971	
5858	451.44	26.477	28.687	26.971	
5859	451.54	26.477	28.687	26.971	
5860	451.64	26.477	28.687	26.971	
5861	451.74	26.477	28.687	26.971	
5862	451.84	26.477	28.687	26.971	
5863	451.94	26.477	28.687	26.971	
5864	452.	26.477	28.687	26.971	
5865	452.01	26.477	28.687	26.971	
5866	452.02	26.477	28.687	26.971	
5867	452.05	26.477	28.687	26.971	
5868	452.14	26.477	28.688	26.971	
5869	452.24	26.477	28.688	26.971	
5870	452.34	26.477	28.688	26.971	
5871	452.44	26.477	28.688	26.971	
5872	452.54	26.477	28.688	26.972	
5873	452.64	26.477	28.688	26.972	
5874	452.74	26.477	28.688	26.972	
5875	452.84	26.478	28.688	26.972	
5876	452.94	26.478	28.688	26.972	
5877	453.	26.478	28.688	26.972	
5878	453.01	26.478	28.688	26.972	
5879	453.02	26.478	28.688	26.972	
5880	453.05	26.478	28.689	26.972	
5881	453.14	26.478	28.689	26.972	
5882	453.24	26.478	28.689	26.972	
5883	453.34	26.478	28.689	26.972	
5884	453.44	26.478	28.689	26.972	
5885	453.54	26.478	28.689	26.972	
5886	453.64	26.478	28.689	26.972	
5887	453.74	26.478	28.689	26.972	
5888	453.84	26.478	28.689	26.972	
5889	453.94	26.478	28.689	26.972	
5890	454.	26.478	28.69	26.972	
5891	454.01	26.478	28.69	26.972	
5892	454.02	26.478	28.69	26.972	
5893	454.05	26.478	28.69	26.972	
5894	454.14	26.478	28.69	26.972	
5895	454.24	26.478	28.69	26.972	
5896	454.34	26.478	28.69	26.972	
5897	454.44	26.478	28.69	26.972	
5898	454.54	26.478	28.69	26.972	
5899	454.64	26.478	28.69	26.972	
5900	454.74	26.478	28.69	26.972	
5901	454.84	26.478	28.69	26.972	
5902	454.94	26.478	28.691	26.972	
5903	455.	26.478	28.691	26.972	
5904	455.01	26.478	28.691	26.972	
5905	455.02	26.478	28.691	26.972	
5906	455.05	26.478	28.691	26.972	
5907	455.14	26.478	28.691	26.972	
5908	455.24	26.478	28.691	26.972	
5909	455.34	26.478	28.691	26.972	
5910	455.44	26.478	28.691	26.972	
5911	455.54	26.478	28.691	26.972	
5912	455.64	26.478	28.691	26.972	
5913	455.74	26.478	28.691	26.973	
5914	455.84	26.478	28.692	26.973	
5915	455.94	26.478	28.692	26.973	
5916	456.	26.478	28.692	26.973	
5917	456.01	26.478	28.692	26.973	
5918	456.02	26.478	28.692	26.973	
5919	456.05	26.478	28.692	26.973	
5920	456.14	26.478	28.692	26.973	
5921	456.24	26.478	28.692	26.973	
5922	456.34	26.478	28.692	26.973	
5923	456.44	26.478	28.692	26.973	
5924	456.54	26.478	28.692	26.973	
5925	456.64	26.478	28.692	26.973	
5926	456.74	26.478	28.693	26.973	
5927	456.84	26.479	28.693	26.973	
5928	456.94	26.479	28.693	26.973	
5929	457.	26.479	28.693	26.973	
5930	457.01	26.479	28.693	26.973	
5931	457.02	26.479	28.693	26.973	
5932	457.05	26.479	28.693	26.973	
5933	457.14	26.479	28.693	26.973	
5934	457.24	26.479	28.693	26.973	
5935	457.34	26.479	28.693	26.973	
5936	457.44	26.479	28.693	26.973	
5937	457.54	26.479	28.693	26.973	
5938	457.64	26.479	28.694	26.973	
5939	457.74	26.479	28.694	26.973	
5940	457.84	26.479	28.694	26.973	
5941	457.94	26.479	28.694	26.973	
5942	458.	26.479	28.694	26.973	
5943	458.01	26.479	28.694	26.973	
5944	458.02	26.479	28.694	26.973	
5945	458.05	26.479	28.694	26.973	
5946	458.14	26.479	28.694	26.973	
5947	458.24	26.479	28.694	26.973	
5948	458.34	26.479	28.694	26.973	
5949	458.44	26.479	28.694	26.973	
5950	458.54	26.479	28.695	26.973	
5951	458.64	26.479	28.695	26.973	
5952	458.74	26.479	28.695	26.973	
5953	458.84	26.479	28.695	26.973	
5954	458.94	26.479	28.695	26.974	
5955	459.	26.479	28.695	26.974	
5956	459.01	26.479	28.695	26.974	
5957	459.02	26.479	28.695	26.974	
5958	459.05	26.479	28.695	26.974	
5959	459.14	26.479	28.695	26.974	
5960	459.24	26.479	28.695	26.974	
5961	459.34	26.479	28.695	26.974	
5962	459.44	26.479	28.696	26.974	
5963	459.54	26.479	28.696	26.974	
5964	459.64	26.479	28.696	26.974	
5965	459.74	26.479	28.696	26.974	
5966	459.84	26.479	28.696	26.974	
5967	459.94	26.479	28.696	26.974	
5968	460.	26.479	28.696	26.974	
5969	460.01	26.479	28.696	26.974	
5970	460.02	26.479	28.696	26.974	
5971	460.05	26.479	28.696	26.974	
5972	460.14	26.479	28.696	26.974	
5973	460.24	26.479	28.696	26.974	
5974	460.34	26.479	28.697	26.974	
5975	460.44	26.479	28.697	26.974	
5976	460.54	26.479	28.697	26.974	
5977	460.64	26.479	28.697	26.974	
5978	460.74	26.479	28.697	26.974	
5979	460.84	26.48	28.697	26.974	
5980	460.94	26.48	28.697	26.974	
5981	461.	26.48	28.697	26.974	
5982	461.01	26.48	28.697	26.974	
5983	461.02	26.48	28.697	26.974	
5984	461.05	26.48	28.697	26.974	
5985	461.14	26.48	28.697	26.974	
5986	461.24	26.48	28.697	26.974	
5987	461.34	26.48	28.698	26.974	
5988	461.44	26.48	28.698	26.974	
5989	461.54	26.48	28.698	26.974	
5990	461.64	26.48	28.698	26.974	
5991	461.74	26.48	28.698	26.974	
5992	461.84	26.48	28.698	26.974	
5993	461.94	26.48	28.698	26.974	
5994	462.	26.48	28.698	26.974	
5995	462.01	26.48	28.698	26.974	
5996	462.02	26.48	28.698	26.974	
5997	462.05	26.48	28.698	26.974	
5998	462.14	26.48	28.698	26.975	
5999	462.24	26.48	28.699	26.975	
6000	462.34	26.48	28.699	26.975	
6001	462.44	26.48	28.699	26.975	
6002	462.54	26.48	28.699	26.975	
6003	462.64	26.48	28.699	26.975	
6004	462.74	26.48	28.699	26.975	
6005	462.84	26.48	28.699	26.975	
6006	462.94	26.48	28.699	26.975	
6007	463.	26.48	28.699	26.975	
6008	463.01	26.48	28.699	26.975	
6009	463.02	26.48	28.699	26.975	
6010	463.05	26.48	28.699	26.975	
6011	463.14	26.48	28.7	26.975	
6012	463.24	26.48	28.7	26.975	
6013	463.34	26.48	28.7	26.975	
6014	463.44	26.48	28.7	26.975	
6015	463.54	26.48	28.7	26.975	
6016	463.64	26.48	28.7	26.975	
6017	463.74	26.48	28.7	26.975	
6018	463.84	26.48	28.7	26.975	
6019	463.94	26.48	28.7	26.975	
6020	464.	26.48	28.701	26.975	
6021	464.01	26.48	28.701	26.975	
6022	464.02	26.48	28.701	26.975	
6023	464.05	26.48	28.701	26.975	
6024	464.14	26.48	28.701	26.975	
6025	464.24	26.48	28.701	26.975	
6026	464.34	26.48	28.701	26.975	
6027	464.44	26.48	28.701	26.975	
6028	464.54	26.48	28.701	26.975	
6029	464.64	26.48	28.701	26.975	
6030	464.74	26.48	28.701	26.975	
6031	464.84	26.481	28.701	26.975	
6032	464.94	26.481	28.702	26.975	
6033	465.	26.481	28.702	26.975	
6034	465.01	26.481	28.702	26.975	
6035	465.02	26.481	28.702	26.975	
6036	465.05	26.481	28.702	26.975	
6037	465.14	26.481	28.702	26.975	
6038	465.24	26.481	28.702	26.976	
6039	465.34	26.481	28.702	26.976	
6040	465.44	26.481	28.702	26.976	
6041	465.54	26.481	28.702	26.976	
6042	465.64	26.481	28.702	26.976	
6043	465.74	26.481	28.702	26.976	
6044	465.84	26.481	28.703	26.976	
6045	465.94	26.481	28.703	26.976	
6046	466.	26.481	28.703	26.976	
6047	466.01	26.481	28.703	26.976	
6048	466.02	26.481	28.703	26.976	
6049	466.05	26.481	28.703	26.976	
6050	466.14	26.481	28.703	26.976	
6051	466.24	26.481	28.703	26.976	
6052	466.34	26.481	28.703	26.976	
6053	466.44	26.481	28.703	26.976	
6054	466.54	26.481	28.703	26.976	
6055	466.64	26.481	28.703	26.976	
6056	466.74	26.481	28.704	26.976	
6057	466.84	26.481	28.704	26.976	
6058	466.94	26.481	28.704	26.976	
6059	467.	26.481	28.704	26.976	
6060	467.01	26.481	28.704	26.976	
6061	467.02	26.481	28.704	26.976	
6062	467.05	26.481	28.704	26.976	
6063	467.14	26.481	28.704	26.976	
6064	467.24	26.481	28.704	26.976	
6065	467.34	26.481	28.704	26.976	
6066	467.44	26.481	28.704	26.976	
6067	467.54	26.481	28.704	26.976	
6068	467.64	26.481	28.705	26.976	
6069	467.74	26.481	28.705	26.976	
6070	467.84	26.481	28.705	26.976	
6071	467.94	26.481	28.705	26.976	
6072	468.	26.481	28.705	26.976	
6073	468.01	26.481	28.705	26.976	
6074	468.02	26.481	28.705	26.976	
6075	468.05	26.481	28.705	26.976	
6076	468.14	26.481	28.705	26.976	
6077	468.24	26.481	28.705	26.976	
6078	468.34	26.481	28.705	26.976	
6079	468.44	26.481	28.705	26.977	
6080	468.54	26.481	28.705	26.977	
6081	468.64	26.481	28.706	26.977	
6082	468.74	26.481	28.706	26.977	
6083	468.84	26.481	28.706	26.977	
6084	468.94	26.482	28.706	26.977	
6085	469.	26.482	28.706	26.977	
6086	469.01	26.482	28.706	26.977	
6087	469.02	26.482	28.706	26.977	
6088	469.05	26.482	28.706	26.977	
6089	469.14	26.482	28.706	26.977	
6090	469.24	26.482	28.706	26.977	
6091	469.34	26.482	28.706	26.977	
6092	469.44	26.482	28.706	26.977	
6093	469.54	26.482	28.707	26.977	
6094	469.64	26.482	28.707	26.977	
6095	469.74	26.482	28.707	26.977	
6096	469.84	26.482	28.707	26.977	
6097	469.94	26.482	28.707	26.977	
6098	470.	26.482	28.707	26.977	
6099	470.01	26.482	28.707	26.977	
6100	470.02	26.482	28.707	26.977	
6101	470.05	26.482	28.707	26.977	
6102	470.14	26.482	28.707	26.977	
6103	470.24	26.482	28.707	26.977	
6104	470.34	26.482	28.707	26.977	
6105	470.44	26.482	28.708	26.977	
6106	470.54	26.482	28.708	26.977	
6107	470.64	26.482	28.708	26.977	
6108	470.74	26.482	28.708	26.977	
6109	470.84	26.482	28.708	26.977	
6110	470.94	26.482	28.708	26.977	
6111	471.	26.482	28.708	26.977	
6112	471.01	26.482	28.708	26.977	
6113	471.02	26.482	28.708	26.977	
6114	471.05	26.482	28.708	26.977	
6115	471.14	26.482	28.708	26.977	
6116	471.24	26.482	28.708	26.977	
6117	471.34	26.482	28.709	26.977	
6118	471.44	26.482	28.709	26.977	
6119	471.54	26.482	28.709	26.978	
6120	471.64	26.482	28.709	26.978	
6121	471.74	26.482	28.709	26.978	
6122	471.84	26.482	28.709	26.978	
6123	471.94	26.482	28.709	26.978	
6124	472.	26.482	28.709	26.978	
6125	472.01	26.482	28.709	26.978	
6126	472.02	26.482	28.709	26.978	
6127	472.05	26.482	28.709	26.978	
6128	472.14	26.482	28.709	26.978	
6129	472.24	26.482	28.71	26.978	
6130	472.34	26.482	28.71	26.978	
6131	472.44	26.482	28.71	26.978	
6132	472.54	26.482	28.71	26.978	
6133	472.64	26.482	28.71	26.978	
6134	472.74	26.482	28.71	26.978	
6135	472.84	26.482	28.71	26.978	
6136	472.94	26.483	28.71	26.978	
6137	473.	26.483	28.71	26.978	
6138	473.01	26.483	28.71	26.978	
6139	473.02	26.483	28.71	26.978	
6140	473.05	26.483	28.71	26.978	
6141	473.14	26.483	28.711	26.978	
6142	473.24	26.483	28.711	26.978	
6143	473.34	26.483	28.711	26.978	
6144	473.44	26.483	28.711	26.978	
6145	473.54	26.483	28.711	26.978	
6146	473.64	26.483	28.711	26.978	
6147	473.74	26.483	28.711	26.978	
6148	473.84	26.483	28.711	26.978	
6149	473.94	26.483	28.711	26.978	
6150	474.	26.483	28.711	26.978	
6151	474.01	26.483	28.711	26.978	
6152	474.02	26.483	28.711	26.978	
6153	474.05	26.483	28.712	26.978	
6154	474.14	26.483	28.712	26.978	
6155	474.24	26.483	28.712	26.978	
6156	474.34	26.483	28.712	26.978	
6157	474.44	26.483	28.712	26.978	
6158	474.54	26.483	28.712	26.978	
6159	474.64	26.483	28.712	26.979	
6160	474.74	26.483	28.712	26.979	
6161	474.84	26.483	28.712	26.979	
6162	474.94	26.483	28.712	26.979	
6163	475.	26.483	28.713	26.979	
6164	475.01	26.483	28.713	26.979	
6165	475.02	26.483	28.713	26.979	
6166	475.05	26.483	28.713	26.979	
6167	475.14	26.483	28.713	26.979	
6168	475.24	26.483	28.713	26.979	
6169	475.34	26.483	28.713	26.979	
6170	475.44	26.483	28.713	26.979	
6171	475.54	26.483	28.713	26.979	
6172	475.64	26.483	28.713	26.979	
6173	475.74	26.483	28.713	26.979	
6174	475.84	26.483	28.713	26.979	
6175	475.94	26.483	28.714	26.979	
6176	476.	26.483	28.714	26.979	
6177	476.01	26.483	28.714	26.979	
6178	476.02	26.483	28.714	26.979	
6179	476.05	26.483	28.714	26.979	
6180	476.14	26.483	28.714	26.979	
6181	476.24	26.483	28.714	26.979	
6182	476.34	26.483	28.714	26.979	
6183	476.44	26.483	28.714	26.979	
6184	476.54	26.483	28.714	26.979	
6185	476.64	26.483	28.714	26.979	
6186	476.74	26.483	28.714	26.979	
6187	476.84	26.483	28.715	26.979	
6188	476.94	26.484	28.715	26.979	
6189	477.	26.484	28.715	26.979	
6190	477.01	26.484	28.715	26.979	
6191	477.02	26.484	28.715	26.979	
6192	477.05	26.484	28.715	26.979	
6193	477.14	26.484	28.715	26.979	
6194	477.24	26.484	28.715	26.979	
6195	477.34	26.484	28.715	26.979	
6196	477.44	26.484	28.715	26.979	
6197	477.54	26.484	28.715	26.979	
6198	477.64	26.484	28.715	26.979	
6199	477.74	26.484	28.716	26.98	
6200	477.84	26.484	28.716	26.98	
6201	477.94	26.484	28.716	26.98	
6202	478.	26.484	28.716	26.98	
6203	478.01	26.484	28.716	26.98	
6204	478.02	26.484	28.716	26.98	
6205	478.05	26.484	28.716	26.98	
6206	478.14	26.484	28.716	26.98	
6207	478.24	26.484	28.716	26.98	
6208	478.34	26.484	28.716	26.98	
6209	478.44	26.484	28.716	26.98	
6210	478.54	26.484	28.716	26.98	
6211	478.64	26.484	28.717	26.98	
6212	478.74	26.484	28.717	26.98	
6213	478.84	26.484	28.717	26.98	
6214	478.94	26.484	28.717	26.98	
6215	479.	26.484	28.717	26.98	
6216	479.01	26.484	28.717	26.98	
6217	479.02	26.484	28.717	26.98	
6218	479.05	26.484	28.717	26.98	
6219	479.14	26.484	28.717	26.98	
6220	479.24	26.484	28.717	26.98	
6221	479.34	26.484	28.717	26.98	
6222	479.44	26.484	28.717	26.98	
6223	479.54	26.484	28.718	26.98	
6224	479.64	26.484	28.718	26.98	
6225	479.74	26.484	28.718	26.98	
6226	479.84	26.484	28.718	26.98	
6227	479.94	26.484	28.718	26.98	
6228	480.	26.484	28.718	26.98	
6229	480.01	26.484	28.718	26.98	
6230	480.02	26.484	28.718	26.98	
6231	480.05	26.484	28.718	26.98	
6232	480.14	26.484	28.718	26.98	
6233	480.24	26.484	28.718	26.98	
6234	480.34	26.484	28.718	26.98	
6235	480.44	26.484	28.719	26.98	
6236	480.54	26.484	28.719	26.98	
6237	480.64	26.484	28.719	26.98	
6238	480.74	26.484	28.719	26.98	
6239	480.84	26.484	28.719	26.981	
6240	480.94	26.484	28.719	26.981	
6241	481.	26.485	28.719	26.981	
6242	481.01	26.485	28.719	26.981	
6243	481.02	26.485	28.719	26.981	
6244	481.05	26.485	28.719	26.981	
6245	481.14	26.485	28.719	26.981	
6246	481.24	26.485	28.719	26.981	
6247	481.34	26.485	28.719	26.981	
6248	481.44	26.485	28.72	26.981	
6249	481.54	26.485	28.72	26.981	
6250	481.64	26.485	28.72	26.981	
6251	481.74	26.485	28.72	26.981	
6252	481.84	26.485	28.72	26.981	
6253	481.94	26.485	28.72	26.981	
6254	482.	26.485	28.72	26.981	
6255	482.01	26.485	28.72	26.981	
6256	482.02	26.485	28.72	26.981	
6257	482.05	26.485	28.72	26.981	
6258	482.14	26.485	28.72	26.981	
6259	482.24	26.485	28.72	26.981	
6260	482.34	26.485	28.721	26.981	
6261	482.44	26.485	28.721	26.981	
6262	482.54	26.485	28.721	26.981	
6263	482.64	26.485	28.721	26.981	
6264	482.74	26.485	28.721	26.981	
6265	482.84	26.485	28.721	26.981	
6266	482.94	26.485	28.721	26.981	
6267	483.	26.485	28.721	26.981	
6268	483.01	26.485	28.721	26.981	
6269	483.02	26.485	28.721	26.981	
6270	483.05	26.485	28.721	26.981	
6271	483.14	26.485	28.721	26.981	
6272	483.24	26.485	28.722	26.981	
6273	483.34	26.485	28.722	26.981	
6274	483.44	26.485	28.722	26.981	
6275	483.54	26.485	28.722	26.981	
6276	483.64	26.485	28.722	26.981	
6277	483.74	26.485	28.722	26.981	
6278	483.84	26.485	28.722	26.981	
6279	483.94	26.485	28.722	26.982	
6280	484.	26.485	28.722	26.982	
6281	484.01	26.485	28.722	26.982	
6282	484.02	26.485	28.722	26.982	
6283	484.05	26.485	28.722	26.982	
6284	484.14	26.485	28.723	26.982	
6285	484.24	26.485	28.723	26.982	
6286	484.34	26.485	28.723	26.982	
6287	484.44	26.485	28.723	26.982	
6288	484.54	26.485	28.723	26.982	
6289	484.64	26.485	28.723	26.982	
6290	484.74	26.485	28.723	26.982	
6291	484.84	26.485	28.723	26.982	
6292	484.94	26.485	28.723	26.982	
6293	485.	26.485	28.723	26.982	
6294	485.01	26.485	28.724	26.982	
6295	485.02	26.485	28.724	26.982	
6296	485.05	26.486	28.724	26.982	
6297	485.14	26.486	28.724	26.982	
6298	485.24	26.486	28.724	26.982	
6299	485.34	26.486	28.724	26.982	
6300	485.44	26.486	28.724	26.982	
6301	485.54	26.486	28.724	26.982	
6302	485.64	26.486	28.724	26.982	
6303	485.74	26.486	28.724	26.982	
6304	485.84	26.486	28.724	26.982	
6305	485.94	26.486	28.725	26.982	
6306	486.	26.486	28.725	26.982	
6307	486.01	26.486	28.725	26.982	
6308	486.02	26.486	28.725	26.982	
6309	486.05	26.486	28.725	26.982	
6310	486.14	26.486	28.725	26.982	
6311	486.24	26.486	28.725	26.982	
6312	486.34	26.486	28.725	26.982	
6313	486.44	26.486	28.725	26.982	
6314	486.54	26.486	28.725	26.982	
6315	486.64	26.486	28.725	26.982	
6316	486.74	26.486	28.725	26.982	
6317	486.84	26.486	28.726	26.982	
6318	486.94	26.486	28.726	26.983	
6319	487.	26.486	28.726	26.983	
6320	487.01	26.486	28.726	26.983	
6321	487.02	26.486	28.726	26.983	
6322	487.05	26.486	28.726	26.983	
6323	487.14	26.486	28.726	26.983	
6324	487.24	26.486	28.726	26.983	
6325	487.34	26.486	28.726	26.983	
6326	487.44	26.486	28.726	26.983	
6327	487.54	26.486	28.726	26.983	
6328	487.64	26.486	28.726	26.983	
6329	487.74	26.486	28.726	26.983	
6330	487.84	26.486	28.727	26.983	
6331	487.94	26.486	28.727	26.983	
6332	488.	26.486	28.727	26.983	
6333	488.01	26.486	28.727	26.983	
6334	488.02	26.486	28.727	26.983	
6335	488.05	26.486	28.727	26.983	
6336	488.14	26.486	28.727	26.983	
6337	488.24	26.486	28.727	26.983	
6338	488.34	26.486	28.727	26.983	
6339	488.44	26.486	28.727	26.983	
6340	488.54	26.486	28.727	26.983	
6341	488.64	26.486	28.727	26.983	
6342	488.74	26.486	28.728	26.983	
6343	488.84	26.486	28.728	26.983	
6344	488.94	26.486	28.728	26.983	
6345	489.	26.486	28.728	26.983	
6346	489.01	26.486	28.728	26.983	
6347	489.02	26.486	28.728	26.983	
6348	489.05	26.486	28.728	26.983	
6349	489.14	26.487	28.728	26.983	
6350	489.24	26.487	28.728	26.983	
6351	489.34	26.487	28.728	26.983	
6352	489.44	26.487	28.728	26.983	
6353	489.54	26.487	28.728	26.983	
6354	489.64	26.487	28.729	26.983	
6355	489.74	26.487	28.729	26.983	
6356	489.84	26.487	28.729	26.983	
6357	489.94	26.487	28.729	26.983	
6358	490.	26.487	28.729	26.984	
6359	490.01	26.487	28.729	26.984	
6360	490.02	26.487	28.729	26.984	
6361	490.05	26.487	28.729	26.984	
6362	490.14	26.487	28.729	26.984	
6363	490.24	26.487	28.729	26.984	
6364	490.34	26.487	28.729	26.984	
6365	490.44	26.487	28.729	26.984	
6366	490.54	26.487	28.73	26.984	
6367	490.64	26.487	28.73	26.984	
6368	490.74	26.487	28.73	26.984	
6369	490.84	26.487	28.73	26.984	
6370	490.94	26.487	28.73	26.984	
6371	491.	26.487	28.73	26.984	
6372	491.01	26.487	28.73	26.984	
6373	491.02	26.487	28.73	26.984	
6374	491.05	26.487	28.73	26.984	
6375	491.14	26.487	28.73	26.984	
6376	491.24	26.487	28.73	26.984	
6377	491.34	26.487	28.73	26.984	
6378	491.44	26.487	28.731	26.984	
6379	491.54	26.487	28.731	26.984	
6380	491.64	26.487	28.731	26.984	
6381	491.74	26.487	28.731	26.984	
6382	491.84	26.487	28.731	26.984	
6383	491.94	26.487	28.731	26.984	
6384	492.	26.487	28.731	26.984	
6385	492.01	26.487	28.731	26.984	
6386	492.02	26.487	28.731	26.984	
6387	492.05	26.487	28.731	26.984	
6388	492.14	26.487	28.731	26.984	
6389	492.24	26.487	28.731	26.984	
6390	492.34	26.487	28.732	26.984	
6391	492.44	26.487	28.732	26.984	
6392	492.54	26.487	28.732	26.984	
6393	492.64	26.487	28.732	26.984	
6394	492.74	26.487	28.732	26.984	
6395	492.84	26.487	28.732	26.984	
6396	492.94	26.487	28.732	26.984	
6397	493.	26.487	28.732	26.984	
6398	493.01	26.487	28.732	26.984	
6399	493.02	26.487	28.732	26.984	
6400	493.05	26.487	28.732	26.985	
6401	493.14	26.487	28.732	26.985	
6402	493.24	26.488	28.732	26.985	
6403	493.34	26.488	28.733	26.985	
6404	493.44	26.488	28.733	26.985	
6405	493.54	26.488	28.733	26.985	
6406	493.64	26.488	28.733	26.985	
6407	493.74	26.488	28.733	26.985	
6408	493.84	26.488	28.733	26.985	
6409	493.94	26.488	28.733	26.985	
6410	494.	26.488	28.733	26.985	
6411	494.01	26.488	28.733	26.985	
6412	494.02	26.488	28.733	26.985	
6413	494.05	26.488	28.733	26.985	
6414	494.14	26.488	28.733	26.985	
6415	494.24	26.488	28.734	26.985	
6416	494.34	26.488	28.734	26.985	
6417	494.44	26.488	28.734	26.985	
6418	494.54	26.488	28.734	26.985	
6419	494.64	26.488	28.734	26.985	
6420	494.74	26.488	28.734	26.985	
6421	494.84	26.488	28.734	26.985	
6422	494.94	26.488	28.734	26.985	
6423	495.	26.488	28.734	26.985	
6424	495.01	26.488	28.734	26.985	
6425	495.02	26.488	28.734	26.985	
6426	495.05	26.488	28.734	26.985	
6427	495.14	26.488	28.735	26.985	
6428	495.24	26.488	28.735	26.985	
6429	495.34	26.488	28.735	26.985	
6430	495.44	26.488	28.735	26.985	
6431	495.54	26.488	28.735	26.985	
6432	495.64	26.488	28.735	26.985	
6433	495.74	26.488	28.735	26.985	
6434	495.84	26.488	28.735	26.985	
6435	495.94	26.488	28.735	26.985	
6436	496.	26.488	28.735	26.985	
6437	496.01	26.488	28.736	26.985	
6438	496.02	26.488	28.736	26.985	
6439	496.05	26.488	28.736	26.985	
6440	496.14	26.488	28.736	26.986	
6441	496.24	26.488	28.736	26.986	
6442	496.34	26.488	28.736	26.986	
6443	496.44	26.488	28.736	26.986	
6444	496.54	26.488	28.736	26.986	
6445	496.64	26.488	28.736	26.986	
6446	496.74	26.488	28.736	26.986	
6447	496.84	26.488	28.736	26.986	
6448	496.94	26.488	28.737	26.986	
6449	497.	26.488	28.737	26.986	
6450	497.01	26.488	28.737	26.986	
6451	497.02	26.488	28.737	26.986	
6452	497.05	26.488	28.737	26.986	
6453	497.14	26.488	28.737	26.986	
6454	497.24	26.489	28.737	26.986	
6455	497.34	26.489	28.737	26.986	
6456	497.44	26.489	28.737	26.986	
6457	497.54	26.489	28.737	26.986	
6458	497.64	26.489	28.737	26.986	
6459	497.74	26.489	28.737	26.986	
6460	497.84	26.489	28.737	26.986	
6461	497.94	26.489	28.738	26.986	
6462	498.	26.489	28.738	26.986	
6463	498.01	26.489	28.738	26.986	
6464	498.02	26.489	28.738	26.986	
6465	498.05	26.489	28.738	26.986	
6466	498.14	26.489	28.738	26.986	
6467	498.24	26.489	28.738	26.986	
6468	498.34	26.489	28.738	26.986	
6469	498.44	26.489	28.738	26.986	
6470	498.54	26.489	28.738	26.986	
6471	498.64	26.489	28.738	26.986	
6472	498.74	26.489	28.738	26.986	
6473	498.84	26.489	28.739	26.986	
6474	498.94	26.489	28.739	26.986	
6475	499.	26.489	28.739	26.986	
6476	499.01	26.489	28.739	26.986	
6477	499.02	26.489	28.739	26.986	
6478	499.05	26.489	28.739	26.986	
6479	499.14	26.489	28.739	26.987	
6480	499.24	26.489	28.739	26.987	
6481	499.34	26.489	28.739	26.987	
6482	499.44	26.489	28.739	26.987	
6483	499.54	26.489	28.739	26.987	
6484	499.64	26.489	28.739	26.987	
6485	499.74	26.489	28.74	26.987	
6486	499.84	26.489	28.74	26.987	
6487	499.94	26.489	28.74	26.987	
6488	500.	26.489	28.74	26.987	
6489	500.01	26.489	28.74	26.987	
6490	500.02	26.489	28.74	26.987	
6491	500.05	26.489	28.74	26.987	
6492	500.14	26.489	28.74	26.987	
6493	500.24	26.489	28.74	26.987	
6494	500.34	26.489	28.74	26.987	
6495	500.44	26.489	28.74	26.987	
6496	500.54	26.489	28.74	26.987	
6497	500.64	26.489	28.741	26.987	
6498	500.74	26.489	28.741	26.987	
6499	500.84	26.489	28.741	26.987	
6500	500.94	26.489	28.741	26.987	
6501	501.	26.489	28.741	26.987	
6502	501.01	26.489	28.741	26.987	
6503	501.02	26.489	28.741	26.987	
6504	501.05	26.489	28.741	26.987	
6505	501.14	26.489	28.741	26.987	
6506	501.24	26.489	28.741	26.987	
6507	501.34	26.49	28.741	26.987	
6508	501.44	26.49	28.741	26.987	
6509	501.54	26.49	28.742	26.987	
6510	501.64	26.49	28.742	26.987	
6511	501.74	26.49	28.742	26.987	
6512	501.84	26.49	28.742	26.987	
6513	501.94	26.49	28.742	26.987	
6514	502.	26.49	28.742	26.987	
6515	502.01	26.49	28.742	26.987	
6516	502.02	26.49	28.742	26.987	
6517	502.05	26.49	28.742	26.987	
6518	502.14	26.49	28.742	26.988	
6519	502.24	26.49	28.742	26.988	
6520	502.34	26.49	28.742	26.988	
6521	502.44	26.49	28.743	26.988	
6522	502.54	26.49	28.743	26.988	
6523	502.64	26.49	28.743	26.988	
6524	502.74	26.49	28.743	26.988	
6525	502.84	26.49	28.743	26.988	
6526	502.94	26.49	28.743	26.988	
6527	503.	26.49	28.743	26.988	
6528	503.01	26.49	28.743	26.988	
6529	503.02	26.49	28.743	26.988	
6530	503.05	26.49	28.743	26.988	
6531	503.14	26.49	28.743	26.988	
6532	503.24	26.49	28.743	26.988	
6533	503.34	26.49	28.743	26.988	
6534	503.44	26.49	28.744	26.988	
6535	503.54	26.49	28.744	26.988	
6536	503.64	26.49	28.744	26.988	
6537	503.74	26.49	28.744	26.988	
6538	503.84	26.49	28.744	26.988	
6539	503.94	26.49	28.744	26.988	
6540	504.	26.49	28.744	26.988	
6541	504.01	26.49	28.744	26.988	
6542	504.02	26.49	28.744	26.988	
6543	504.05	26.49	28.744	26.988	
6544	504.14	26.49	28.744	26.988	
6545	504.24	26.49	28.744	26.988	
6546	504.34	26.49	28.745	26.988	
6547	504.44	26.49	28.745	26.988	
6548	504.54	26.49	28.745	26.988	
6549	504.64	26.49	28.745	26.988	
6550	504.74	26.49	28.745	26.988	
6551	504.84	26.49	28.745	26.988	
6552	504.94	26.49	28.745	26.988	
6553	505.	26.49	28.745	26.988	
6554	505.01	26.49	28.745	26.988	
6555	505.02	26.49	28.745	26.988	
6556	505.05	26.49	28.745	26.988	
6557	505.14	26.49	28.745	26.989	
6558	505.24	26.49	28.746	26.989	
6559	505.34	26.49	28.746	26.989	
6560	505.44	26.491	28.746	26.989	
6561	505.54	26.491	28.746	26.989	
6562	505.64	26.491	28.746	26.989	
6563	505.74	26.491	28.746	26.989	
6564	505.84	26.491	28.746	26.989	
6565	505.94	26.491	28.746	26.989	
6566	506.	26.491	28.746	26.989	
6567	506.01	26.491	28.746	26.989	
6568	506.02	26.491	28.746	26.989	
6569	506.05	26.491	28.746	26.989	
6570	506.14	26.491	28.747	26.989	
6571	506.24	26.491	28.747	26.989	
6572	506.34	26.491	28.747	26.989	
6573	506.44	26.491	28.747	26.989	
6574	506.54	26.491	28.747	26.989	
6575	506.64	26.491	28.747	26.989	
6576	506.74	26.491	28.747	26.989	
6577	506.84	26.491	28.747	26.989	
6578	506.94	26.491	28.747	26.989	
6579	507.	26.491	28.747	26.989	
6580	507.01	26.491	28.747	26.989	
6581	507.02	26.491	28.747	26.989	
6582	507.05	26.491	28.748	26.989	
6583	507.14	26.491	28.748	26.989	
6584	507.24	26.491	28.748	26.989	
6585	507.34	26.491	28.748	26.989	
6586	507.44	26.491	28.748	26.989	
6587	507.54	26.491	28.748	26.989	
6588	507.64	26.491	28.748	26.989	
6589	507.74	26.491	28.748	26.989	
6590	507.84	26.491	28.748	26.989	
6591	507.94	26.491	28.748	26.989	
6592	508.	26.491	28.749	26.989	
6593	508.01	26.491	28.749	26.989	
6594	508.02	26.491	28.749	26.989	
6595	508.05	26.491	28.749	26.989	
6596	508.14	26.491	28.749	26.99	
6597	508.24	26.491	28.749	26.99	
6598	508.34	26.491	28.749	26.99	
6599	508.44	26.491	28.749	26.99	
6600	508.54	26.491	28.749	26.99	
6601	508.64	26.491	28.749	26.99	
6602	508.74	26.491	28.749	26.99	
6603	508.84	26.491	28.749	26.99	
6604	508.94	26.491	28.75	26.99	
6605	509.	26.491	28.75	26.99	
6606	509.01	26.491	28.75	26.99	
6607	509.02	26.491	28.75	26.99	
6608	509.05	26.491	28.75	26.99	
6609	509.14	26.491	28.75	26.99	
6610	509.24	26.491	28.75	26.99	
6611	509.34	26.491	28.75	26.99	
6612	509.44	26.492	28.75	26.99	
6613	509.54	26.492	28.75	26.99	
6614	509.64	26.492	28.75	26.99	
6615	509.74	26.492	28.75	26.99	
6616	509.84	26.492	28.751	26.99	
6617	509.94	26.492	28.751	26.99	
6618	510.	26.492	28.751	26.99	
6619	510.01	26.492	28.751	26.99	
6620	510.02	26.492	28.751	26.99	
6621	510.05	26.492	28.751	26.99	
6622	510.14	26.492	28.751	26.99	
6623	510.24	26.492	28.751	26.99	
6624	510.34	26.492	28.751	26.99	
6625	510.44	26.492	28.751	26.99	
6626	510.54	26.492	28.751	26.99	
6627	510.64	26.492	28.751	26.99	
6628	510.74	26.492	28.752	26.99	
6629	510.84	26.492	28.752	26.99	
6630	510.94	26.492	28.752	26.99	
6631	511.	26.492	28.752	26.99	
6632	511.01	26.492	28.752	26.99	
6633	511.02	26.492	28.752	26.99	
6634	511.05	26.492	28.752	26.99	
6635	511.14	26.492	28.752	26.991	
6636	511.24	26.492	28.752	26.991	
6637	511.34	26.492	28.752	26.991	
6638	511.44	26.492	28.752	26.991	
6639	511.54	26.492	28.752	26.991	
6640	511.64	26.492	28.753	26.991	
6641	511.74	26.492	28.753	26.991	
6642	511.84	26.492	28.753	26.991	
6643	511.94	26.492	28.753	26.991	
6644	512.	26.492	28.753	26.991	
6645	512.01	26.492	28.753	26.991	
6646	512.02	26.492	28.753	26.991	
6647	512.05	26.492	28.753	26.991	
6648	512.14	26.492	28.753	26.991	
6649	512.24	26.492	28.753	26.991	
6650	512.34	26.492	28.753	26.991	
6651	512.44	26.492	28.753	26.991	
6652	512.54	26.492	28.753	26.991	
6653	512.64	26.492	28.754	26.991	
6654	512.74	26.492	28.754	26.991	
6655	512.84	26.492	28.754	26.991	
6656	512.94	26.492	28.754	26.991	
6657	513.	26.492	28.754	26.991	
6658	513.01	26.492	28.754	26.991	
6659	513.02	26.492	28.754	26.991	
6660	513.05	26.492	28.754	26.991	
6661	513.14	26.492	28.754	26.991	
6662	513.24	26.492	28.754	26.991	
6663	513.34	26.492	28.754	26.991	
6664	513.44	26.492	28.754	26.991	
6665	513.54	26.493	28.755	26.991	
6666	513.64	26.493	28.755	26.991	
6667	513.74	26.493	28.755	26.991	
6668	513.84	26.493	28.755	26.991	
6669	513.94	26.493	28.755	26.991	
6670	514.	26.493	28.755	26.991	
6671	514.01	26.493	28.755	26.991	
6672	514.02	26.493	28.755	26.991	
6673	514.05	26.493	28.755	26.991	
6674	514.14	26.493	28.755	26.992	
6675	514.24	26.493	28.755	26.992	
6676	514.34	26.493	28.755	26.992	
6677	514.44	26.493	28.756	26.992	
6678	514.54	26.493	28.756	26.992	
6679	514.64	26.493	28.756	26.992	
6680	514.74	26.493	28.756	26.992	
6681	514.84	26.493	28.756	26.992	
6682	514.94	26.493	28.756	26.992	
6683	515.	26.493	28.756	26.992	
6684	515.01	26.493	28.756	26.992	
6685	515.02	26.493	28.756	26.992	
6686	515.05	26.493	28.756	26.992	
6687	515.14	26.493	28.756	26.992	
6688	515.24	26.493	28.756	26.992	
6689	515.34	26.493	28.757	26.992	
6690	515.44	26.493	28.757	26.992	
6691	515.54	26.493	28.757	26.992	
6692	515.64	26.493	28.757	26.992	
6693	515.74	26.493	28.757	26.992	
6694	515.84	26.493	28.757	26.992	
6695	515.94	26.493	28.757	26.992	
6696	516.	26.493	28.757	26.992	
6697	516.01	26.493	28.757	26.992	
6698	516.02	26.493	28.757	26.992	
6699	516.05	26.493	28.757	26.992	
6700	516.14	26.493	28.757	26.992	
6701	516.24	26.493	28.757	26.992	
6702	516.34	26.493	28.758	26.992	
6703	516.44	26.493	28.758	26.992	
6704	516.54	26.493	28.758	26.992	
6705	516.64	26.493	28.758	26.992	
6706	516.74	26.493	28.758	26.992	
6707	516.84	26.493	28.758	26.992	
6708	516.94	26.493	28.758	26.992	
6709	517.	26.493	28.758	26.992	
6710	517.01	26.493	28.758	26.992	
6711	517.02	26.493	28.758	26.992	
6712	517.05	26.493	28.758	26.993	
6713	517.14	26.493	28.758	26.993	
6714	517.24	26.493	28.759	26.993	
6715	517.34	26.493	28.759	26.993	
6716	517.44	26.493	28.759	26.993	
6717	517.54	26.493	28.759	26.993	
6718	517.64	26.494	28.759	26.993	
6719	517.74	26.494	28.759	26.993	
6720	517.84	26.494	28.759	26.993	
6721	517.94	26.494	28.759	26.993	
6722	518.	26.494	28.759	26.993	
6723	518.01	26.494	28.759	26.993	
6724	518.02	26.494	28.759	26.993	
6725	518.05	26.494	28.759	26.993	
6726	518.14	26.494	28.76	26.993	
6727	518.24	26.494	28.76	26.993	
6728	518.34	26.494	28.76	26.993	
6729	518.44	26.494	28.76	26.993	
6730	518.54	26.494	28.76	26.993	
6731	518.64	26.494	28.76	26.993	
6732	518.74	26.494	28.76	26.993	
6733	518.84	26.494	28.76	26.993	
6734	518.94	26.494	28.76	26.993	
6735	519.	26.494	28.76	26.993	
6736	519.01	26.494	28.761	26.993	
6737	519.02	26.494	28.761	26.993	
6738	519.05	26.494	28.761	26.993	
6739	519.14	26.494	28.761	26.993	
6740	519.24	26.494	28.761	26.993	
6741	519.34	26.494	28.761	26.993	
6742	519.44	26.494	28.761	26.993	
6743	519.54	26.494	28.761	26.993	
6744	519.64	26.494	28.761	26.993	
6745	519.74	26.494	28.761	26.993	
6746	519.84	26.494	28.761	26.993	
6747	519.94	26.494	28.762	26.993	
6748	520.	26.494	28.762	26.994	
6749	520.01	26.494	28.762	26.994	
6750	520.02	26.494	28.762	26.994	
6751	520.05	26.494	28.762	26.994	
6752	520.14	26.494	28.762	26.994	
6753	520.24	26.494	28.762	26.994	
6754	520.34	26.494	28.762	26.994	
6755	520.44	26.494	28.762	26.994	
6756	520.54	26.494	28.762	26.994	
6757	520.64	26.494	28.762	26.994	
6758	520.74	26.494	28.762	26.994	
6759	520.84	26.494	28.762	26.994	
6760	520.94	26.494	28.763	26.994	
6761	521.	26.494	28.763	26.994	
6762	521.01	26.494	28.763	26.994	
6763	521.02	26.494	28.763	26.994	
6764	521.05	26.494	28.763	26.994	
6765	521.14	26.494	28.763	26.994	
6766	521.24	26.494	28.763	26.994	
6767	521.34	26.494	28.763	26.994	
6768	521.44	26.494	28.763	26.994	
6769	521.54	26.494	28.763	26.994	
6770	521.64	26.494	28.763	26.994	
6771	521.74	26.495	28.763	26.994	
6772	521.84	26.495	28.764	26.994	
6773	521.94	26.495	28.764	26.994	
6774	522.	26.495	28.764	26.994	
6775	522.01	26.495	28.764	26.994	
6776	522.02	26.495	28.764	26.994	
6777	522.05	26.495	28.764	26.994	
6778	522.14	26.495	28.764	26.994	
6779	522.24	26.495	28.764	26.994	
6780	522.34	26.495	28.764	26.994	
6781	522.44	26.495	28.764	26.994	
6782	522.54	26.495	28.764	26.994	
6783	522.64	26.495	28.764	26.994	
6784	522.74	26.495	28.765	26.994	
6785	522.84	26.495	28.765	26.994	
6786	522.94	26.495	28.765	26.994	
6787	523.	26.495	28.765	26.995	
6788	523.01	26.495	28.765	26.995	
6789	523.02	26.495	28.765	26.995	
6790	523.05	26.495	28.765	26.995	
6791	523.14	26.495	28.765	26.995	
6792	523.24	26.495	28.765	26.995	
6793	523.34	26.495	28.765	26.995	
6794	523.44	26.495	28.765	26.995	
6795	523.54	26.495	28.765	26.995	
6796	523.64	26.495	28.766	26.995	
6797	523.74	26.495	28.766	26.995	
6798	523.84	26.495	28.766	26.995	
6799	523.94	26.495	28.766	26.995	
6800	524.	26.495	28.766	26.995	
6801	524.01	26.495	28.766	26.995	
6802	524.02	26.495	28.766	26.995	
6803	524.05	26.495	28.766	26.995	
6804	524.14	26.495	28.766	26.995	
6805	524.24	26.495	28.766	26.995	
6806	524.34	26.495	28.766	26.995	
6807	524.44	26.495	28.766	26.995	
6808	524.54	26.495	28.767	26.995	
6809	524.64	26.495	28.767	26.995	
6810	524.74	26.495	28.767	26.995	
6811	524.84	26.495	28.767	26.995	
6812	524.94	26.495	28.767	26.995	
6813	525.	26.495	28.767	26.995	
6814	525.01	26.495	28.767	26.995	
6815	525.02	26.495	28.767	26.995	
6816	525.05	26.495	28.767	26.995	
6817	525.14	26.495	28.767	26.995	
6818	525.24	26.495	28.767	26.995	
6819	525.34	26.495	28.767	26.995	
6820	525.44	26.495	28.767	26.995	
6821	525.54	26.495	28.768	26.995	
6822	525.64	26.495	28.768	26.995	
6823	525.74	26.496	28.768	26.995	
6824	525.84	26.496	28.768	26.995	
6825	525.94	26.496	28.768	26.996	
6826	526.	26.496	28.768	26.996	
6827	526.01	26.496	28.768	26.996	
6828	526.02	26.496	28.768	26.996	
6829	526.05	26.496	28.768	26.996	
6830	526.14	26.496	28.768	26.996	
6831	526.24	26.496	28.768	26.996	
6832	526.34	26.496	28.768	26.996	
6833	526.44	26.496	28.769	26.996	
6834	526.54	26.496	28.769	26.996	
6835	526.64	26.496	28.769	26.996	
6836	526.74	26.496	28.769	26.996	
6837	526.84	26.496	28.769	26.996	
6838	526.94	26.496	28.769	26.996	
6839	527.	26.496	28.769	26.996	
6840	527.01	26.496	28.769	26.996	
6841	527.02	26.496	28.769	26.996	
6842	527.05	26.496	28.769	26.996	
6843	527.14	26.496	28.769	26.996	
6844	527.24	26.496	28.769	26.996	
6845	527.34	26.496	28.77	26.996	
6846	527.44	26.496	28.77	26.996	
6847	527.54	26.496	28.77	26.996	
6848	527.64	26.496	28.77	26.996	
6849	527.74	26.496	28.77	26.996	
6850	527.84	26.496	28.77	26.996	
6851	527.94	26.496	28.77	26.996	
6852	528.	26.496	28.77	26.996	
6853	528.01	26.496	28.77	26.996	
6854	528.02	26.496	28.77	26.996	
6855	528.05	26.496	28.77	26.996	
6856	528.14	26.496	28.77	26.996	
6857	528.24	26.496	28.771	26.996	
6858	528.34	26.496	28.771	26.996	
6859	528.44	26.496	28.771	26.996	
6860	528.54	26.496	28.771	26.996	
6861	528.64	26.496	28.771	26.996	
6862	528.74	26.496	28.771	26.996	
6863	528.84	26.496	28.771	26.997	
6864	528.94	26.496	28.771	26.997	
6865	529.	26.496	28.771	26.997	
6866	529.01	26.496	28.771	26.997	
6867	529.02	26.496	28.771	26.997	
6868	529.05	26.496	28.771	26.997	
6869	529.14	26.496	28.771	26.997	
6870	529.24	26.496	28.772	26.997	
6871	529.34	26.496	28.772	26.997	
6872	529.44	26.496	28.772	26.997	
6873	529.54	26.496	28.772	26.997	
6874	529.64	26.496	28.772	26.997	
6875	529.74	26.496	28.772	26.997	
6876	529.84	26.497	28.772	26.997	
6877	529.94	26.497	28.772	26.997	
6878	530.	26.497	28.772	26.997	
6879	530.01	26.497	28.772	26.997	
6880	530.02	26.497	28.772	26.997	
6881	530.05	26.497	28.772	26.997	
6882	530.14	26.497	28.773	26.997	
6883	530.24	26.497	28.773	26.997	
6884	530.34	26.497	28.773	26.997	
6885	530.44	26.497	28.773	26.997	
6886	530.54	26.497	28.773	26.997	
6887	530.64	26.497	28.773	26.997	
6888	530.74	26.497	28.773	26.997	
6889	530.84	26.497	28.773	26.997	
6890	530.94	26.497	28.773	26.997	
6891	531.	26.497	28.773	26.997	
6892	531.01	26.497	28.774	26.997	
6893	531.02	26.497	28.774	26.997	
6894	531.05	26.497	28.774	26.997	
6895	531.14	26.497	28.774	26.997	
6896	531.24	26.497	28.774	26.997	
6897	531.34	26.497	28.774	26.997	
6898	531.44	26.497	28.774	26.997	
6899	531.54	26.497	28.774	26.997	
6900	531.64	26.497	28.774	26.997	
6901	531.74	26.497	28.774	26.997	
6902	531.84	26.497	28.774	26.998	
6903	531.94	26.497	28.775	26.998	
6904	532.	26.497	28.775	26.998	
6905	532.01	26.497	28.775	26.998	
6906	532.02	26.497	28.775	26.998	
6907	532.05	26.497	28.775	26.998	
6908	532.14	26.497	28.775	26.998	
6909	532.24	26.497	28.775	26.998	
6910	532.34	26.497	28.775	26.998	
6911	532.44	26.497	28.775	26.998	
6912	532.54	26.497	28.775	26.998	
6913	532.64	26.497	28.775	26.998	
6914	532.74	26.497	28.775	26.998	
6915	532.84	26.497	28.775	26.998	
6916	532.94	26.497	28.776	26.998	
6917	533.	26.497	28.776	26.998	
6918	533.01	26.497	28.776	26.998	
6919	533.02	26.497	28.776	26.998	
6920	533.05	26.497	28.776	26.998	
6921	533.14	26.497	28.776	26.998	
6922	533.24	26.497	28.776	26.998	
6923	533.34	26.497	28.776	26.998	
6924	533.44	26.497	28.776	26.998	
6925	533.54	26.497	28.776	26.998	
6926	533.64	26.497	28.776	26.998	
6927	533.74	26.497	28.776	26.998	
6928	533.84	26.497	28.777	26.998	
6929	533.94	26.498	28.777	26.998	
6930	534.	26.498	28.777	26.998	
6931	534.01	26.498	28.777	26.998	
6932	534.02	26.498	28.777	26.998	
6933	534.05	26.498	28.777	26.998	
6934	534.14	26.498	28.777	26.998	
6935	534.24	26.498	28.777	26.998	
6936	534.34	26.498	28.777	26.998	
6937	534.44	26.498	28.777	26.998	
6938	534.54	26.498	28.777	26.998	
6939	534.64	26.498	28.777	26.998	
6940	534.74	26.498	28.778	26.999	
6941	534.84	26.498	28.778	26.999	
6942	534.94	26.498	28.778	26.999	
6943	535.	26.498	28.778	26.999	
6944	535.01	26.498	28.778	26.999	
6945	535.02	26.498	28.778	26.999	
6946	535.05	26.498	28.778	26.999	
6947	535.14	26.498	28.778	26.999	
6948	535.24	26.498	28.778	26.999	
6949	535.34	26.498	28.778	26.999	
6950	535.44	26.498	28.778	26.999	
6951	535.54	26.498	28.778	26.999	
6952	535.64	26.498	28.779	26.999	
6953	535.74	26.498	28.779	26.999	
6954	535.84	26.498	28.779	26.999	
6955	535.94	26.498	28.779	26.999	
6956	536.	26.498	28.779	26.999	
6957	536.01	26.498	28.779	26.999	
6958	536.02	26.498	28.779	26.999	
6959	536.05	26.498	28.779	26.999	
6960	536.14	26.498	28.779	26.999	
6961	536.24	26.498	28.779	26.999	
6962	536.34	26.498	28.779	26.999	
6963	536.44	26.498	28.779	26.999	
6964	536.54	26.498	28.779	26.999	
6965	536.64	26.498	28.78	26.999	
6966	536.74	26.498	28.78	26.999	
6967	536.84	26.498	28.78	26.999	
6968	536.94	26.498	28.78	26.999	
6969	537.	26.498	28.78	26.999	
6970	537.01	26.498	28.78	26.999	
6971	537.02	26.498	28.78	26.999	
6972	537.05	26.498	28.78	26.999	
6973	537.14	26.498	28.78	26.999	
6974	537.24	26.498	28.78	26.999	
6975	537.34	26.498	28.78	26.999	
6976	537.44	26.498	28.78	26.999	
6977	537.54	26.498	28.781	26.999	
6978	537.64	26.498	28.781	27.	
6979	537.74	26.498	28.781	27.	
6980	537.84	26.498	28.781	27.	
6981	537.94	26.498	28.781	27.	
6982	538.	26.499	28.781	27.	
6983	538.01	26.499	28.781	27.	
6984	538.02	26.499	28.781	27.	
6985	538.05	26.499	28.781	27.	
6986	538.14	26.499	28.781	27.	
6987	538.24	26.499	28.781	27.	
6988	538.34	26.499	28.781	27.	
6989	538.44	26.499	28.782	27.	
6990	538.54	26.499	28.782	27.	
6991	538.64	26.499	28.782	27.	
6992	538.74	26.499	28.782	27.	
6993	538.84	26.499	28.782	27.	
6994	538.94	26.499	28.782	27.	
6995	539.	26.499	28.782	27.	
6996	539.01	26.499	28.782	27.	
6997	539.02	26.499	28.782	27.	
6998	539.05	26.499	28.782	27.	
6999	539.14	26.499	28.782	27.	
7000	539.24	26.499	28.782	27.	
7001	539.34	26.499	28.783	27.	
7002	539.44	26.499	28.783	27.	
7003	539.54	26.499	28.783	27.	
7004	539.64	26.499	28.783	27.	
7005	539.74	26.499	28.783	27.	
7006	539.84	26.499	28.783	27.	
7007	539.94	26.499	28.783	27.	
7008	540.	26.499	28.783	27.	
7009	540.01	26.499	28.783	27.	
7010	540.02	26.499	28.783	27.	
7011	540.05	26.499	28.783	27.	
7012	540.14	26.499	28.783	27.	
7013	540.24	26.499	28.783	27.	
7014	540.34	26.499	28.784	27.	
7015	540.44	26.499	28.784	27.	
7016	540.54	26.499	28.784	27.001	
7017	540.64	26.499	28.784	27.001	
7018	540.74	26.499	28.784	27.001	
7019	540.84	26.499	28.784	27.001	
7020	540.94	26.499	28.784	27.001	
7021	541.	26.499	28.784	27.001	
7022	541.01	26.499	28.784	27.001	
7023	541.02	26.499	28.784	27.001	
7024	541.05	26.499	28.784	27.001	
7025	541.14	26.499	28.784	27.001	
7026	541.24	26.499	28.785	27.001	
7027	541.34	26.499	28.785	27.001	
7028	541.44	26.499	28.785	27.001	
7029	541.54	26.499	28.785	27.001	
7030	541.64	26.499	28.785	27.001	
7031	541.74	26.499	28.785	27.001	
7032	541.84	26.499	28.785	27.001	
7033	541.94	26.499	28.785	27.001	
7034	542.	26.499	28.785	27.001	
7035	542.01	26.499	28.785	27.001	
7036	542.02	26.499	28.785	27.001	
7037	542.05	26.499	28.785	27.001	
7038	542.14	26.5	28.786	27.001	
7039	542.24	26.5	28.786	27.001	
7040	542.34	26.5	28.786	27.001	
7041	542.44	26.5	28.786	27.001	
7042	542.54	26.5	28.786	27.001	
7043	542.64	26.5	28.786	27.001	
7044	542.74	26.5	28.786	27.001	
7045	542.84	26.5	28.786	27.001	
7046	542.94	26.5	28.786	27.001	
7047	543.	26.5	28.786	27.001	
7048	543.01	26.5	28.786	27.001	
7049	543.02	26.5	28.786	27.001	
7050	543.05	26.5	28.787	27.001	
7051	543.14	26.5	28.787	27.001	
7052	543.24	26.5	28.787	27.001	
7053	543.34	26.5	28.787	27.001	
7054	543.44	26.5	28.787	27.002	
7055	543.54	26.5	28.787	27.002	
7056	543.64	26.5	28.787	27.002	
7057	543.74	26.5	28.787	27.002	
7058	543.84	26.5	28.787	27.002	
7059	543.94	26.5	28.787	27.002	
7060	544.	26.5	28.788	27.002	
7061	544.01	26.5	28.788	27.002	
7062	544.02	26.5	28.788	27.002	
7063	544.05	26.5	28.788	27.002	
7064	544.14	26.5	28.788	27.002	
7065	544.24	26.5	28.788	27.002	
7066	544.34	26.5	28.788	27.002	
7067	544.44	26.5	28.788	27.002	
7068	544.54	26.5	28.788	27.002	
7069	544.64	26.5	28.788	27.002	
7070	544.74	26.5	28.788	27.002	
7071	544.84	26.5	28.788	27.002	
7072	544.94	26.5	28.789	27.002	
7073	545.	26.5	28.789	27.002	
7074	545.01	26.5	28.789	27.002	
7075	545.02	26.5	28.789	27.002	
7076	545.05	26.5	28.789	27.002	
7077	545.14	26.5	28.789	27.002	
7078	545.24	26.5	28.789	27.002	
7079	545.34	26.5	28.789	27.002	
7080	545.44	26.5	28.789	27.002	
7081	545.54	26.5	28.789	27.002	
7082	545.64	26.5	28.789	27.002	
7083	545.74	26.5	28.789	27.002	
7084	545.84	26.5	28.79	27.002	
7085	545.94	26.5	28.79	27.002	
7086	546.	26.5	28.79	27.002	
7087	546.01	26.5	28.79	27.002	
7088	546.02	26.5	28.79	27.002	
7089	546.05	26.5	28.79	27.002	
7090	546.14	26.5	28.79	27.002	
7091	546.24	26.501	28.79	27.002	
7092	546.34	26.501	28.79	27.003	
7093	546.44	26.501	28.79	27.003	
7094	546.54	26.501	28.79	27.003	
7095	546.64	26.501	28.79	27.003	
7096	546.74	26.501	28.791	27.003	
7097	546.84	26.501	28.791	27.003	
7098	546.94	26.501	28.791	27.003	
7099	547.	26.501	28.791	27.003	
7100	547.01	26.501	28.791	27.003	
7101	547.02	26.501	28.791	27.003	
7102	547.05	26.501	28.791	27.003	
7103	547.14	26.501	28.791	27.003	
7104	547.24	26.501	28.791	27.003	
7105	547.34	26.501	28.791	27.003	
7106	547.44	26.501	28.791	27.003	
7107	547.54	26.501	28.791	27.003	
7108	547.64	26.501	28.791	27.003	
7109	547.74	26.501	28.792	27.003	
7110	547.84	26.501	28.792	27.003	
7111	547.94	26.501	28.792	27.003	
7112	548.	26.501	28.792	27.003	
7113	548.01	26.501	28.792	27.003	
7114	548.02	26.501	28.792	27.003	
7115	548.05	26.501	28.792	27.003	
7116	548.14	26.501	28.792	27.003	
7117	548.24	26.501	28.792	27.003	
7118	548.34	26.501	28.792	27.003	
7119	548.44	26.501	28.792	27.003	
7120	548.54	26.501	28.792	27.003	
7121	548.64	26.501	28.793	27.003	
7122	548.74	26.501	28.793	27.003	
7123	548.84	26.501	28.793	27.003	
7124	548.94	26.501	28.793	27.003	
7125	549.	26.501	28.793	27.003	
7126	549.01	26.501	28.793	27.003	
7127	549.02	26.501	28.793	27.003	
7128	549.05	26.501	28.793	27.003	
7129	549.14	26.501	28.793	27.003	
7130	549.24	26.501	28.793	27.004	
7131	549.34	26.501	28.793	27.004	
7132	549.44	26.501	28.793	27.004	
7133	549.54	26.501	28.794	27.004	
7134	549.64	26.501	28.794	27.004	
7135	549.74	26.501	28.794	27.004	
7136	549.84	26.501	28.794	27.004	
7137	549.94	26.501	28.794	27.004	
7138	550.	26.501	28.794	27.004	
7139	550.01	26.501	28.794	27.004	
7140	550.02	26.501	28.794	27.004	
7141	550.05	26.501	28.794	27.004	
7142	550.14	26.501	28.794	27.004	
7143	550.24	26.502	28.794	27.004	
7144	550.34	26.502	28.794	27.004	
7145	550.44	26.502	28.794	27.004	
7146	550.54	26.502	28.795	27.004	
7147	550.64	26.502	28.795	27.004	
7148	550.74	26.502	28.795	27.004	
7149	550.84	26.502	28.795	27.004	
7150	550.94	26.502	28.795	27.004	
7151	551.	26.502	28.795	27.004	
7152	551.01	26.502	28.795	27.004	
7153	551.02	26.502	28.795	27.004	
7154	551.05	26.502	28.795	27.004	
7155	551.14	26.502	28.795	27.004	
7156	551.24	26.502	28.795	27.004	
7157	551.34	26.502	28.795	27.004	
7158	551.44	26.502	28.796	27.004	
7159	551.54	26.502	28.796	27.004	
7160	551.64	26.502	28.796	27.004	
7161	551.74	26.502	28.796	27.004	
7162	551.84	26.502	28.796	27.004	
7163	551.94	26.502	28.796	27.004	
7164	552.	26.502	28.796	27.004	
7165	552.01	26.502	28.796	27.004	
7166	552.02	26.502	28.796	27.004	
7167	552.05	26.502	28.796	27.004	
7168	552.14	26.502	28.796	27.005	
7169	552.24	26.502	28.796	27.005	
7170	552.34	26.502	28.797	27.005	
7171	552.44	26.502	28.797	27.005	
7172	552.54	26.502	28.797	27.005	
7173	552.64	26.502	28.797	27.005	
7174	552.74	26.502	28.797	27.005	
7175	552.84	26.502	28.797	27.005	
7176	552.94	26.502	28.797	27.005	
7177	553.	26.502	28.797	27.005	
7178	553.01	26.502	28.797	27.005	
7179	553.02	26.502	28.797	27.005	
7180	553.05	26.502	28.797	27.005	
7181	553.14	26.502	28.797	27.005	
7182	553.24	26.502	28.798	27.005	
7183	553.34	26.502	28.798	27.005	
7184	553.44	26.502	28.798	27.005	
7185	553.54	26.502	28.798	27.005	
7186	553.64	26.502	28.798	27.005	
7187	553.74	26.502	28.798	27.005	
7188	553.84	26.502	28.798	27.005	
7189	553.94	26.502	28.798	27.005	
7190	554.	26.502	28.798	27.005	
7191	554.01	26.502	28.798	27.005	
7192	554.02	26.502	28.798	27.005	
7193	554.05	26.502	28.798	27.005	
7194	554.14	26.502	28.798	27.005	
7195	554.24	26.502	28.799	27.005	
7196	554.34	26.503	28.799	27.005	
7197	554.44	26.503	28.799	27.005	
7198	554.54	26.503	28.799	27.005	
7199	554.64	26.503	28.799	27.005	
7200	554.74	26.503	28.799	27.005	
7201	554.84	26.503	28.799	27.005	
7202	554.94	26.503	28.799	27.006	
7203	555.	26.503	28.799	27.006	
7204	555.01	26.503	28.799	27.006	
7205	555.02	26.503	28.799	27.006	
7206	555.05	26.503	28.799	27.006	
7207	555.14	26.503	28.8	27.006	
7208	555.24	26.503	28.8	27.006	
7209	555.34	26.503	28.8	27.006	
7210	555.44	26.503	28.8	27.006	
7211	555.54	26.503	28.8	27.006	
7212	555.64	26.503	28.8	27.006	
7213	555.74	26.503	28.8	27.006	
7214	555.84	26.503	28.8	27.006	
7215	555.94	26.503	28.8	27.006	
7216	556.	26.503	28.8	27.006	
7217	556.01	26.503	28.8	27.006	
7218	556.02	26.503	28.801	27.006	
7219	556.05	26.503	28.801	27.006	
7220	556.14	26.503	28.801	27.006	
7221	556.24	26.503	28.801	27.006	
7222	556.34	26.503	28.801	27.006	
7223	556.44	26.503	28.801	27.006	
7224	556.54	26.503	28.801	27.006	
7225	556.64	26.503	28.801	27.006	
7226	556.74	26.503	28.801	27.006	
7227	556.84	26.503	28.801	27.006	
7228	556.94	26.503	28.802	27.006	
7229	557.	26.503	28.802	27.006	
7230	557.01	26.503	28.802	27.006	
7231	557.02	26.503	28.802	27.006	
7232	557.05	26.503	28.802	27.006	
7233	557.14	26.503	28.802	27.006	
7234	557.24	26.503	28.802	27.006	
7235	557.34	26.503	28.802	27.006	
7236	557.44	26.503	28.802	27.006	
7237	557.54	26.503	28.802	27.006	
7238	557.64	26.503	28.802	27.006	
7239	557.74	26.503	28.802	27.006	
7240	557.84	26.503	28.802	27.007	
7241	557.94	26.503	28.803	27.007	
7242	558.	26.503	28.803	27.007	
7243	558.01	26.503	28.803	27.007	
7244	558.02	26.503	28.803	27.007	
7245	558.05	26.503	28.803	27.007	
7246	558.14	26.503	28.803	27.007	
7247	558.24	26.503	28.803	27.007	
7248	558.34	26.503	28.803	27.007	
7249	558.44	26.504	28.803	27.007	
7250	558.54	26.504	28.803	27.007	
7251	558.64	26.504	28.803	27.007	
7252	558.74	26.504	28.803	27.007	
7253	558.84	26.504	28.804	27.007	
7254	558.94	26.504	28.804	27.007	
7255	559.	26.504	28.804	27.007	
7256	559.01	26.504	28.804	27.007	
7257	559.02	26.504	28.804	27.007	
7258	559.05	26.504	28.804	27.007	
7259	559.14	26.504	28.804	27.007	
7260	559.24	26.504	28.804	27.007	
7261	559.34	26.504	28.804	27.007	
7262	559.44	26.504	28.804	27.007	
7263	559.54	26.504	28.804	27.007	
7264	559.64	26.504	28.804	27.007	
7265	559.74	26.504	28.805	27.007	
7266	559.84	26.504	28.805	27.007	
7267	559.94	26.504	28.805	27.007	
7268	560.	26.504	28.805	27.007	
7269	560.01	26.504	28.805	27.007	
7270	560.02	26.504	28.805	27.007	
7271	560.05	26.504	28.805	27.007	
7272	560.14	26.504	28.805	27.007	
7273	560.24	26.504	28.805	27.007	
7274	560.34	26.504	28.805	27.007	
7275	560.44	26.504	28.805	27.007	
7276	560.54	26.504	28.805	27.007	
7277	560.64	26.504	28.805	27.007	
7278	560.74	26.504	28.806	27.008	
7279	560.84	26.504	28.806	27.008	
7280	560.94	26.504	28.806	27.008	
7281	561.	26.504	28.806	27.008	
7282	561.01	26.504	28.806	27.008	
7283	561.02	26.504	28.806	27.008	
7284	561.05	26.504	28.806	27.008	
7285	561.14	26.504	28.806	27.008	
7286	561.24	26.504	28.806	27.008	
7287	561.34	26.504	28.806	27.008	
7288	561.44	26.504	28.806	27.008	
7289	561.54	26.504	28.806	27.008	
7290	561.64	26.504	28.807	27.008	
7291	561.74	26.504	28.807	27.008	
7292	561.84	26.504	28.807	27.008	
7293	561.94	26.504	28.807	27.008	
7294	562.	26.504	28.807	27.008	
7295	562.01	26.504	28.807	27.008	
7296	562.02	26.504	28.807	27.008	
7297	562.05	26.504	28.807	27.008	
7298	562.14	26.504	28.807	27.008	
7299	562.24	26.504	28.807	27.008	
7300	562.34	26.504	28.807	27.008	
7301	562.44	26.504	28.807	27.008	
7302	562.54	26.505	28.808	27.008	
7303	562.64	26.505	28.808	27.008	
7304	562.74	26.505	28.808	27.008	
7305	562.84	26.505	28.808	27.008	
7306	562.94	26.505	28.808	27.008	
7307	563.	26.505	28.808	27.008	
7308	563.01	26.505	28.808	27.008	
7309	563.02	26.505	28.808	27.008	
7310	563.05	26.505	28.808	27.008	
7311	563.14	26.505	28.808	27.008	
7312	563.24	26.505	28.808	27.008	
7313	563.34	26.505	28.808	27.008	
7314	563.44	26.505	28.808	27.008	
7315	563.54	26.505	28.809	27.009	
7316	563.64	26.505	28.809	27.009	
7317	563.74	26.505	28.809	27.009	
7318	563.84	26.505	28.809	27.009	
7319	563.94	26.505	28.809	27.009	
7320	564.	26.505	28.809	27.009	
7321	564.01	26.505	28.809	27.009	
7322	564.02	26.505	28.809	27.009	
7323	564.05	26.505	28.809	27.009	
7324	564.14	26.505	28.809	27.009	
7325	564.24	26.505	28.809	27.009	
7326	564.34	26.505	28.809	27.009	
7327	564.44	26.505	28.81	27.009	
7328	564.54	26.505	28.81	27.009	
7329	564.64	26.505	28.81	27.009	
7330	564.74	26.505	28.81	27.009	
7331	564.84	26.505	28.81	27.009	
7332	564.94	26.505	28.81	27.009	
7333	565.	26.505	28.81	27.009	
7334	565.01	26.505	28.81	27.009	
7335	565.02	26.505	28.81	27.009	
7336	565.05	26.505	28.81	27.009	
7337	565.14	26.505	28.81	27.009	
7338	565.24	26.505	28.81	27.009	
7339	565.34	26.505	28.811	27.009	
7340	565.44	26.505	28.811	27.009	
7341	565.54	26.505	28.811	27.009	
7342	565.64	26.505	28.811	27.009	
7343	565.74	26.505	28.811	27.009	
7344	565.84	26.505	28.811	27.009	
7345	565.94	26.505	28.811	27.009	
7346	566.	26.505	28.811	27.009	
7347	566.01	26.505	28.811	27.009	
7348	566.02	26.505	28.811	27.009	
7349	566.05	26.505	28.811	27.009	
7350	566.14	26.505	28.811	27.009	
7351	566.24	26.505	28.812	27.009	
7352	566.34	26.505	28.812	27.009	
7353	566.44	26.505	28.812	27.01	
7354	566.54	26.506	28.812	27.01	
7355	566.64	26.506	28.812	27.01	
7356	566.74	26.506	28.812	27.01	
7357	566.84	26.506	28.812	27.01	
7358	566.94	26.506	28.812	27.01	
7359	567.	26.506	28.812	27.01	
7360	567.01	26.506	28.812	27.01	
7361	567.02	26.506	28.812	27.01	
7362	567.05	26.506	28.812	27.01	
7363	567.14	26.506	28.812	27.01	
7364	567.24	26.506	28.813	27.01	
7365	567.34	26.506	28.813	27.01	
7366	567.44	26.506	28.813	27.01	
7367	567.54	26.506	28.813	27.01	
7368	567.64	26.506	28.813	27.01	
7369	567.74	26.506	28.813	27.01	
7370	567.84	26.506	28.813	27.01	
7371	567.94	26.506	28.813	27.01	
7372	568.	26.506	28.813	27.01	
7373	568.01	26.506	28.813	27.01	
7374	568.02	26.506	28.813	27.01	
7375	568.05	26.506	28.813	27.01	
7376	568.14	26.506	28.814	27.01	
7377	568.24	26.506	28.814	27.01	
7378	568.34	26.506	28.814	27.01	
7379	568.44	26.506	28.814	27.01	
7380	568.54	26.506	28.814	27.01	
7381	568.64	26.506	28.814	27.01	
7382	568.74	26.506	28.814	27.01	
7383	568.84	26.506	28.814	27.01	
7384	568.94	26.506	28.814	27.01	
7385	569.	26.506	28.814	27.01	
7386	569.01	26.506	28.814	27.01	
7387	569.02	26.506	28.814	27.01	
7388	569.05	26.506	28.815	27.01	
7389	569.14	26.506	28.815	27.01	
7390	569.24	26.506	28.815	27.011	
7391	569.34	26.506	28.815	27.011	
7392	569.44	26.506	28.815	27.011	
7393	569.54	26.506	28.815	27.011	
7394	569.64	26.506	28.815	27.011	
7395	569.74	26.506	28.815	27.011	
7396	569.84	26.506	28.815	27.011	
7397	569.94	26.506	28.815	27.011	
7398	570.	26.506	28.816	27.011	
7399	570.01	26.506	28.816	27.011	
7400	570.02	26.506	28.816	27.011	
7401	570.05	26.506	28.816	27.011	
7402	570.14	26.506	28.816	27.011	
7403	570.24	26.506	28.816	27.011	
7404	570.34	26.506	28.816	27.011	
7405	570.44	26.506	28.816	27.011	
7406	570.54	26.506	28.816	27.011	
7407	570.64	26.507	28.816	27.011	
7408	570.74	26.507	28.816	27.011	
7409	570.84	26.507	28.816	27.011	
7410	570.94	26.507	28.817	27.011	
7411	571.	26.507	28.817	27.011	
7412	571.01	26.507	28.817	27.011	
7413	571.02	26.507	28.817	27.011	
7414	571.05	26.507	28.817	27.011	
7415	571.14	26.507	28.817	27.011	
7416	571.24	26.507	28.817	27.011	
7417	571.34	26.507	28.817	27.011	
7418	571.44	26.507	28.817	27.011	
7419	571.54	26.507	28.817	27.011	
7420	571.64	26.507	28.817	27.011	
7421	571.74	26.507	28.817	27.011	
7422	571.84	26.507	28.818	27.011	
7423	571.94	26.507	28.818	27.011	
7424	572.	26.507	28.818	27.011	
7425	572.01	26.507	28.818	27.011	
7426	572.02	26.507	28.818	27.012	
7427	572.05	26.507	28.818	27.012	
7428	572.14	26.507	28.818	27.012	
7429	572.24	26.507	28.818	27.012	
7430	572.34	26.507	28.818	27.012	
7431	572.44	26.507	28.818	27.012	
7432	572.54	26.507	28.818	27.012	
7433	572.64	26.507	28.818	27.012	
7434	572.74	26.507	28.818	27.012	
7435	572.84	26.507	28.819	27.012	
7436	572.94	26.507	28.819	27.012	
7437	573.	26.507	28.819	27.012	
7438	573.01	26.507	28.819	27.012	
7439	573.02	26.507	28.819	27.012	
7440	573.05	26.507	28.819	27.012	
7441	573.14	26.507	28.819	27.012	
7442	573.24	26.507	28.819	27.012	
7443	573.34	26.507	28.819	27.012	
7444	573.44	26.507	28.819	27.012	
7445	573.54	26.507	28.819	27.012	
7446	573.64	26.507	28.819	27.012	
7447	573.74	26.507	28.82	27.012	
7448	573.84	26.507	28.82	27.012	
7449	573.94	26.507	28.82	27.012	
7450	574.	26.507	28.82	27.012	
7451	574.01	26.507	28.82	27.012	
7452	574.02	26.507	28.82	27.012	
7453	574.05	26.507	28.82	27.012	
7454	574.14	26.507	28.82	27.012	
7455	574.24	26.507	28.82	27.012	
7456	574.34	26.507	28.82	27.012	
7457	574.44	26.507	28.82	27.012	
7458	574.54	26.507	28.82	27.012	
7459	574.64	26.507	28.821	27.012	
7460	574.74	26.508	28.821	27.012	
7461	574.84	26.508	28.821	27.012	
7462	574.94	26.508	28.821	27.013	
7463	575.	26.508	28.821	27.013	
7464	575.01	26.508	28.821	27.013	
7465	575.02	26.508	28.821	27.013	
7466	575.05	26.508	28.821	27.013	
7467	575.14	26.508	28.821	27.013	
7468	575.24	26.508	28.821	27.013	
7469	575.34	26.508	28.821	27.013	
7470	575.44	26.508	28.821	27.013	
7471	575.54	26.508	28.821	27.013	
7472	575.64	26.508	28.822	27.013	
7473	575.74	26.508	28.822	27.013	
7474	575.84	26.508	28.822	27.013	
7475	575.94	26.508	28.822	27.013	
7476	576.	26.508	28.822	27.013	
7477	576.01	26.508	28.822	27.013	
7478	576.02	26.508	28.822	27.013	
7479	576.05	26.508	28.822	27.013	
7480	576.14	26.508	28.822	27.013	
7481	576.24	26.508	28.822	27.013	
7482	576.34	26.508	28.822	27.013	
7483	576.44	26.508	28.822	27.013	
7484	576.54	26.508	28.823	27.013	
7485	576.64	26.508	28.823	27.013	
7486	576.74	26.508	28.823	27.013	
7487	576.84	26.508	28.823	27.013	
7488	576.94	26.508	28.823	27.013	
7489	577.	26.508	28.823	27.013	
7490	577.01	26.508	28.823	27.013	
7491	577.02	26.508	28.823	27.013	
7492	577.05	26.508	28.823	27.013	
7493	577.14	26.508	28.823	27.013	
7494	577.24	26.508	28.823	27.013	
7495	577.34	26.508	28.823	27.013	
7496	577.44	26.508	28.824	27.013	
7497	577.54	26.508	28.824	27.013	
7498	577.64	26.508	28.824	27.013	
7499	577.74	26.508	28.824	27.014	
7500	577.84	26.508	28.824	27.014	
7501	577.94	26.508	28.824	27.014	
7502	578.	26.508	28.824	27.014	
7503	578.01	26.508	28.824	27.014	
7504	578.02	26.508	28.824	27.014	
7505	578.05	26.508	28.824	27.014	
7506	578.14	26.508	28.824	27.014	
7507	578.24	26.508	28.824	27.014	
7508	578.34	26.508	28.824	27.014	
7509	578.44	26.508	28.825	27.014	
7510	578.54	26.508	28.825	27.014	
7511	578.64	26.508	28.825	27.014	
7512	578.74	26.509	28.825	27.014	
7513	578.84	26.509	28.825	27.014	
7514	578.94	26.509	28.825	27.014	
7515	579.	26.509	28.825	27.014	
7516	579.01	26.509	28.825	27.014	
7517	579.02	26.509	28.825	27.014	
7518	579.05	26.509	28.825	27.014	
7519	579.14	26.509	28.825	27.014	
7520	579.24	26.509	28.825	27.014	
7521	579.34	26.509	28.826	27.014	
7522	579.44	26.509	28.826	27.014	
7523	579.54	26.509	28.826	27.014	
7524	579.64	26.509	28.826	27.014	
7525	579.74	26.509	28.826	27.014	
7526	579.84	26.509	28.826	27.014	
7527	579.94	26.509	28.826	27.014	
7528	580.	26.509	28.826	27.014	
7529	580.01	26.509	28.826	27.014	
7530	580.02	26.509	28.826	27.014	
7531	580.05	26.509	28.826	27.014	
7532	580.14	26.509	28.826	27.014	
7533	580.24	26.509	28.827	27.014	
7534	580.34	26.509	28.827	27.014	
7535	580.44	26.509	28.827	27.014	
7536	580.54	26.509	28.827	27.015	
7537	580.64	26.509	28.827	27.015	
7538	580.74	26.509	28.827	27.015	
7539	580.84	26.509	28.827	27.015	
7540	580.94	26.509	28.827	27.015	
7541	581.	26.509	28.827	27.015	
7542	581.01	26.509	28.827	27.015	
7543	581.02	26.509	28.827	27.015	
7544	581.05	26.509	28.827	27.015	
7545	581.14	26.509	28.827	27.015	
7546	581.24	26.509	28.828	27.015	
7547	581.34	26.509	28.828	27.015	
7548	581.44	26.509	28.828	27.015	
7549	581.54	26.509	28.828	27.015	
7550	581.64	26.509	28.828	27.015	
7551	581.74	26.509	28.828	27.015	
7552	581.84	26.509	28.828	27.015	
7553	581.94	26.509	28.828	27.015	
7554	582.	26.509	28.828	27.015	
7555	582.01	26.509	28.828	27.015	
7556	582.02	26.509	28.828	27.015	
7557	582.05	26.509	28.828	27.015	
7558	582.14	26.509	28.829	27.015	
7559	582.24	26.509	28.829	27.015	
7560	582.34	26.509	28.829	27.015	
7561	582.44	26.509	28.829	27.015	
7562	582.54	26.509	28.829	27.015	
7563	582.64	26.509	28.829	27.015	
7564	582.74	26.509	28.829	27.015	
7565	582.84	26.51	28.829	27.015	
7566	582.94	26.51	28.829	27.015	
7567	583.	26.51	28.829	27.015	
7568	583.01	26.51	28.83	27.015	
7569	583.02	26.51	28.83	27.015	
7570	583.05	26.51	28.83	27.015	
7571	583.14	26.51	28.83	27.015	
7572	583.24	26.51	28.83	27.015	
7573	583.34	26.51	28.83	27.016	
7574	583.44	26.51	28.83	27.016	
7575	583.54	26.51	28.83	27.016	
7576	583.64	26.51	28.83	27.016	
7577	583.74	26.51	28.83	27.016	
7578	583.84	26.51	28.83	27.016	
7579	583.94	26.51	28.83	27.016	
7580	584.	26.51	28.831	27.016	
7581	584.01	26.51	28.831	27.016	
7582	584.02	26.51	28.831	27.016	
7583	584.05	26.51	28.831	27.016	
7584	584.14	26.51	28.831	27.016	
7585	584.24	26.51	28.831	27.016	
7586	584.34	26.51	28.831	27.016	
7587	584.44	26.51	28.831	27.016	
7588	584.54	26.51	28.831	27.016	
7589	584.64	26.51	28.831	27.016	
7590	584.74	26.51	28.831	27.016	
7591	584.84	26.51	28.831	27.016	
7592	584.94	26.51	28.832	27.016	
7593	585.	26.51	28.832	27.016	
7594	585.01	26.51	28.832	27.016	
7595	585.02	26.51	28.832	27.016	
7596	585.05	26.51	28.832	27.016	
7597	585.14	26.51	28.832	27.016	
7598	585.24	26.51	28.832	27.016	
7599	585.34	26.51	28.832	27.016	
7600	585.44	26.51	28.832	27.016	
7601	585.54	26.51	28.832	27.016	
7602	585.64	26.51	28.832	27.016	
7603	585.74	26.51	28.832	27.016	
7604	585.84	26.51	28.833	27.016	
7605	585.94	26.51	28.833	27.016	
7606	586.	26.51	28.833	27.016	
7607	586.01	26.51	28.833	27.016	
7608	586.02	26.51	28.833	27.016	
7609	586.05	26.51	28.833	27.016	
7610	586.14	26.51	28.833	27.017	
7611	586.24	26.51	28.833	27.017	
7612	586.34	26.51	28.833	27.017	
7613	586.44	26.51	28.833	27.017	
7614	586.54	26.51	28.833	27.017	
7615	586.64	26.51	28.833	27.017	
7616	586.74	26.51	28.833	27.017	
7617	586.84	26.511	28.834	27.017	
7618	586.94	26.511	28.834	27.017	
7619	587.	26.511	28.834	27.017	
7620	587.01	26.511	28.834	27.017	
7621	587.02	26.511	28.834	27.017	
7622	587.05	26.511	28.834	27.017	
7623	587.14	26.511	28.834	27.017	
7624	587.24	26.511	28.834	27.017	
7625	587.34	26.511	28.834	27.017	
7626	587.44	26.511	28.834	27.017	
7627	587.54	26.511	28.834	27.017	
7628	587.64	26.511	28.834	27.017	
7629	587.74	26.511	28.835	27.017	
7630	587.84	26.511	28.835	27.017	
7631	587.94	26.511	28.835	27.017	
7632	588.	26.511	28.835	27.017	
7633	588.01	26.511	28.835	27.017	
7634	588.02	26.511	28.835	27.017	
7635	588.05	26.511	28.835	27.017	
7636	588.14	26.511	28.835	27.017	
7637	588.24	26.511	28.835	27.017	
7638	588.34	26.511	28.835	27.017	
7639	588.44	26.511	28.835	27.017	
7640	588.54	26.511	28.835	27.017	
7641	588.64	26.511	28.836	27.017	
7642	588.74	26.511	28.836	27.017	
7643	588.84	26.511	28.836	27.017	
7644	588.94	26.511	28.836	27.018	
7645	589.	26.511	28.836	27.018	
7646	589.01	26.511	28.836	27.018	
7647	589.02	26.511	28.836	27.018	
7648	589.05	26.511	28.836	27.018	
7649	589.14	26.511	28.836	27.018	
7650	589.24	26.511	28.836	27.018	
7651	589.34	26.511	28.836	27.018	
7652	589.44	26.511	28.836	27.018	
7653	589.54	26.511	28.836	27.018	
7654	589.64	26.511	28.837	27.018	
7655	589.74	26.511	28.837	27.018	
7656	589.84	26.511	28.837	27.018	
7657	589.94	26.511	28.837	27.018	
7658	590.	26.511	28.837	27.018	
7659	590.01	26.511	28.837	27.018	
7660	590.02	26.511	28.837	27.018	
7661	590.05	26.511	28.837	27.018	
7662	590.14	26.511	28.837	27.018	
7663	590.24	26.511	28.837	27.018	
7664	590.34	26.511	28.837	27.018	
7665	590.44	26.511	28.837	27.018	
7666	590.54	26.511	28.838	27.018	
7667	590.64	26.511	28.838	27.018	
7668	590.74	26.511	28.838	27.018	
7669	590.84	26.511	28.838	27.018	
7670	590.94	26.512	28.838	27.018	
7671	591.	26.512	28.838	27.018	
7672	591.01	26.512	28.838	27.018	
7673	591.02	26.512	28.838	27.018	
7674	591.05	26.512	28.838	27.018	
7675	591.14	26.512	28.838	27.018	
7676	591.24	26.512	28.838	27.018	
7677	591.34	26.512	28.838	27.018	
7678	591.44	26.512	28.839	27.018	
7679	591.54	26.512	28.839	27.018	
7680	591.64	26.512	28.839	27.018	
7681	591.74	26.512	28.839	27.019	
7682	591.84	26.512	28.839	27.019	
7683	591.94	26.512	28.839	27.019	
7684	592.	26.512	28.839	27.019	
7685	592.01	26.512	28.839	27.019	
7686	592.02	26.512	28.839	27.019	
7687	592.05	26.512	28.839	27.019	
7688	592.14	26.512	28.839	27.019	
7689	592.24	26.512	28.839	27.019	
7690	592.34	26.512	28.839	27.019	
7691	592.44	26.512	28.84	27.019	
7692	592.54	26.512	28.84	27.019	
7693	592.64	26.512	28.84	27.019	
7694	592.74	26.512	28.84	27.019	
7695	592.84	26.512	28.84	27.019	
7696	592.94	26.512	28.84	27.019	
7697	593.	26.512	28.84	27.019	
7698	593.01	26.512	28.84	27.019	
7699	593.02	26.512	28.84	27.019	
7700	593.05	26.512	28.84	27.019	
7701	593.14	26.512	28.84	27.019	
7702	593.24	26.512	28.84	27.019	
7703	593.34	26.512	28.841	27.019	
7704	593.44	26.512	28.841	27.019	
7705	593.54	26.512	28.841	27.019	
7706	593.64	26.512	28.841	27.019	
7707	593.74	26.512	28.841	27.019	
7708	593.84	26.512	28.841	27.019	
7709	593.94	26.512	28.841	27.019	
7710	594.	26.512	28.841	27.019	
7711	594.01	26.512	28.841	27.019	
7712	594.02	26.512	28.841	27.019	
7713	594.05	26.512	28.841	27.019	
7714	594.14	26.512	28.841	27.019	
7715	594.24	26.512	28.842	27.019	
7716	594.34	26.512	28.842	27.019	
7717	594.44	26.512	28.842	27.019	
7718	594.54	26.512	28.842	27.02	
7719	594.64	26.512	28.842	27.02	
7720	594.74	26.512	28.842	27.02	
7721	594.84	26.512	28.842	27.02	
7722	594.94	26.513	28.842	27.02	
7723	595.	26.513	28.842	27.02	
7724	595.01	26.513	28.842	27.02	
7725	595.02	26.513	28.842	27.02	
7726	595.05	26.513	28.842	27.02	
7727	595.14	26.513	28.842	27.02	
7728	595.24	26.513	28.843	27.02	
7729	595.34	26.513	28.843	27.02	
7730	595.44	26.513	28.843	27.02	
7731	595.54	26.513	28.843	27.02	
7732	595.64	26.513	28.843	27.02	
7733	595.74	26.513	28.843	27.02	
7734	595.84	26.513	28.843	27.02	
7735	595.94	26.513	28.843	27.02	
7736	596.	26.513	28.843	27.02	
7737	596.01	26.513	28.843	27.02	
7738	596.02	26.513	28.843	27.02	
7739	596.05	26.513	28.843	27.02	
7740	596.14	26.513	28.844	27.02	
7741	596.24	26.513	28.844	27.02	
7742	596.34	26.513	28.844	27.02	
7743	596.44	26.513	28.844	27.02	
7744	596.54	26.513	28.844	27.02	
7745	596.64	26.513	28.844	27.02	
7746	596.74	26.513	28.844	27.02	
7747	596.84	26.513	28.844	27.02	
7748	596.94	26.513	28.844	27.02	
7749	597.	26.513	28.844	27.02	
7750	597.01	26.513	28.844	27.02	
7751	597.02	26.513	28.844	27.02	
7752	597.05	26.513	28.845	27.02	
7753	597.14	26.513	28.845	27.02	
7754	597.24	26.513	28.845	27.02	
7755	597.34	26.513	28.845	27.021	
7756	597.44	26.513	28.845	27.021	
7757	597.54	26.513	28.845	27.021	
7758	597.64	26.513	28.845	27.021	
7759	597.74	26.513	28.845	27.021	
7760	597.84	26.513	28.845	27.021	
7761	597.94	26.513	28.845	27.021	
7762	598.	26.513	28.846	27.021	
7763	598.01	26.513	28.846	27.021	
7764	598.02	26.513	28.846	27.021	
7765	598.05	26.513	28.846	27.021	
7766	598.14	26.513	28.846	27.021	
7767	598.24	26.513	28.846	27.021	
7768	598.34	26.513	28.846	27.021	
7769	598.44	26.513	28.846	27.021	
7770	598.54	26.513	28.846	27.021	
7771	598.64	26.513	28.846	27.021	
7772	598.74	26.513	28.846	27.021	
7773	598.84	26.513	28.846	27.021	
7774	598.94	26.513	28.847	27.021	
7775	599.	26.514	28.847	27.021	
7776	599.01	26.514	28.847	27.021	
7777	599.02	26.514	28.847	27.021	
7778	599.05	26.514	28.847	27.021	
7779	599.14	26.514	28.847	27.021	
7780	599.24	26.514	28.847	27.021	
7781	599.34	26.514	28.847	27.021	
7782	599.44	26.514	28.847	27.021	
7783	599.54	26.514	28.847	27.021	
7784	599.64	26.514	28.847	27.021	
7785	599.74	26.514	28.847	27.021	
7786	599.84	26.514	28.848	27.021	
7787	599.94	26.514	28.848	27.021	
7788	600.	26.514	28.848	27.021	
7789	600.01	26.514	28.848	27.021	
7790	600.02	26.514	28.848	27.021	
7791	600.05	26.514	28.848	27.022	
7792	600.14	26.514	28.848	27.022	
7793	600.24	26.514	28.848	27.022	
7794	600.34	26.514	28.848	27.022	
7795	600.44	26.514	28.848	27.022	
7796	600.54	26.514	28.848	27.022	
7797	600.64	26.514	28.848	27.022	
7798	600.74	26.514	28.848	27.022	
7799	600.84	26.514	28.849	27.022	
7800	600.94	26.514	28.849	27.022	
7801	601.	26.514	28.849	27.022	
7802	601.01	26.514	28.849	27.022	
7803	601.02	26.514	28.849	27.022	
7804	601.05	26.514	28.849	27.022	
7805	601.14	26.514	28.849	27.022	
7806	601.24	26.514	28.849	27.022	
7807	601.34	26.514	28.849	27.022	
7808	601.44	26.514	28.849	27.022	
7809	601.54	26.514	28.849	27.022	
7810	601.64	26.514	28.849	27.022	
7811	601.74	26.514	28.85	27.022	
7812	601.84	26.514	28.85	27.022	
7813	601.94	26.514	28.85	27.022	
7814	602.	26.514	28.85	27.022	
7815	602.01	26.514	28.85	27.022	
7816	602.02	26.514	28.85	27.022	
7817	602.05	26.514	28.85	27.022	
7818	602.14	26.514	28.85	27.022	
7819	602.24	26.514	28.85	27.022	
7820	602.34	26.514	28.85	27.022	
7821	602.44	26.514	28.85	27.022	
7822	602.54	26.514	28.85	27.022	
7823	602.64	26.514	28.85	27.022	
7824	602.74	26.514	28.851	27.022	
7825	602.84	26.514	28.851	27.023	
7826	602.94	26.514	28.851	27.023	
7827	603.	26.515	28.851	27.023	
7828	603.01	26.515	28.851	27.023	
7829	603.02	26.515	28.851	27.023	
7830	603.05	26.515	28.851	27.023	
7831	603.14	26.515	28.851	27.023	
7832	603.24	26.515	28.851	27.023	
7833	603.34	26.515	28.851	27.023	
7834	603.44	26.515	28.851	27.023	
7835	603.54	26.515	28.851	27.023	
7836	603.64	26.515	28.852	27.023	
7837	603.74	26.515	28.852	27.023	
7838	603.84	26.515	28.852	27.023	
7839	603.94	26.515	28.852	27.023	
7840	604.	26.515	28.852	27.023	
7841	604.01	26.515	28.852	27.023	
7842	604.02	26.515	28.852	27.023	
7843	604.05	26.515	28.852	27.023	
7844	604.14	26.515	28.852	27.023	
7845	604.24	26.515	28.852	27.023	
7846	604.34	26.515	28.852	27.023	
7847	604.44	26.515	28.852	27.023	
7848	604.54	26.515	28.853	27.023	
7849	604.64	26.515	28.853	27.023	
7850	604.74	26.515	28.853	27.023	
7851	604.84	26.515	28.853	27.023	
7852	604.94	26.515	28.853	27.023	
7853	605.	26.515	28.853	27.023	
7854	605.01	26.515	28.853	27.023	
7855	605.02	26.515	28.853	27.023	
7856	605.05	26.515	28.853	27.023	
7857	605.14	26.515	28.853	27.023	
7858	605.24	26.515	28.853	27.023	
7859	605.34	26.515	28.853	27.023	
7860	605.44	26.515	28.853	27.023	
7861	605.54	26.515	28.854	27.023	
7862	605.64	26.515	28.854	27.024	
7863	605.74	26.515	28.854	27.024	
7864	605.84	26.515	28.854	27.024	
7865	605.94	26.515	28.854	27.024	
7866	606.	26.515	28.854	27.024	
7867	606.01	26.515	28.854	27.024	
7868	606.02	26.515	28.854	27.024	
7869	606.05	26.515	28.854	27.024	
7870	606.14	26.515	28.854	27.024	
7871	606.24	26.515	28.854	27.024	
7872	606.34	26.515	28.854	27.024	
7873	606.44	26.515	28.855	27.024	
7874	606.54	26.515	28.855	27.024	
7875	606.64	26.515	28.855	27.024	
7876	606.74	26.515	28.855	27.024	
7877	606.84	26.515	28.855	27.024	
7878	606.94	26.515	28.855	27.024	
7879	607.	26.515	28.855	27.024	
7880	607.01	26.515	28.855	27.024	
7881	607.02	26.515	28.855	27.024	
7882	607.05	26.516	28.855	27.024	
7883	607.14	26.516	28.855	27.024	
7884	607.24	26.516	28.855	27.024	
7885	607.34	26.516	28.856	27.024	
7886	607.44	26.516	28.856	27.024	
7887	607.54	26.516	28.856	27.024	
7888	607.64	26.516	28.856	27.024	
7889	607.74	26.516	28.856	27.024	
7890	607.84	26.516	28.856	27.024	
7891	607.94	26.516	28.856	27.024	
7892	608.	26.516	28.856	27.024	
7893	608.01	26.516	28.856	27.024	
7894	608.02	26.516	28.856	27.024	
7895	608.05	26.516	28.856	27.024	
7896	608.14	26.516	28.856	27.024	
7897	608.24	26.516	28.856	27.024	
7898	608.34	26.516	28.857	27.025	
7899	608.44	26.516	28.857	27.025	
7900	608.54	26.516	28.857	27.025	
7901	608.64	26.516	28.857	27.025	
7902	608.74	26.516	28.857	27.025	
7903	608.84	26.516	28.857	27.025	
7904	608.94	26.516	28.857	27.025	
7905	609.	26.516	28.857	27.025	
7906	609.01	26.516	28.857	27.025	
7907	609.02	26.516	28.857	27.025	
7908	609.05	26.516	28.857	27.025	
7909	609.14	26.516	28.857	27.025	
7910	609.24	26.516	28.858	27.025	
7911	609.34	26.516	28.858	27.025	
7912	609.44	26.516	28.858	27.025	
7913	609.54	26.516	28.858	27.025	
7914	609.64	26.516	28.858	27.025	
7915	609.74	26.516	28.858	27.025	
7916	609.84	26.516	28.858	27.025	
7917	609.94	26.516	28.858	27.025	
7918	610.	26.516	28.858	27.025	
7919	610.01	26.516	28.858	27.025	
7920	610.02	26.516	28.858	27.025	
7921	610.05	26.516	28.858	27.025	
7922	610.14	26.516	28.858	27.025	
7923	610.24	26.516	28.859	27.025	
7924	610.34	26.516	28.859	27.025	
7925	610.44	26.516	28.859	27.025	
7926	610.54	26.516	28.859	27.025	
7927	610.64	26.516	28.859	27.025	
7928	610.74	26.516	28.859	27.025	
7929	610.84	26.516	28.859	27.025	
7930	610.94	26.516	28.859	27.025	
7931	611.	26.516	28.859	27.025	
7932	611.01	26.516	28.859	27.025	
7933	611.02	26.516	28.859	27.025	
7934	611.05	26.517	28.859	27.025	
7935	611.14	26.517	28.86	27.026	
7936	611.24	26.517	28.86	27.026	
7937	611.34	26.517	28.86	27.026	
7938	611.44	26.517	28.86	27.026	
7939	611.54	26.517	28.86	27.026	
7940	611.64	26.517	28.86	27.026	
7941	611.74	26.517	28.86	27.026	
7942	611.84	26.517	28.86	27.026	
7943	611.94	26.517	28.86	27.026	
7944	612.	26.517	28.86	27.026	
7945	612.01	26.517	28.86	27.026	
7946	612.02	26.517	28.86	27.026	
7947	612.05	26.517	28.861	27.026	
7948	612.14	26.517	28.861	27.026	
7949	612.24	26.517	28.861	27.026	
7950	612.34	26.517	28.861	27.026	
7951	612.44	26.517	28.861	27.026	
7952	612.54	26.517	28.861	27.026	
7953	612.64	26.517	28.861	27.026	
7954	612.74	26.517	28.861	27.026	
7955	612.84	26.517	28.861	27.026	
7956	612.94	26.517	28.861	27.026	
7957	613.	26.517	28.862	27.026	
7958	613.01	26.517	28.862	27.026	
7959	613.02	26.517	28.862	27.026	
7960	613.05	26.517	28.862	27.026	
7961	613.14	26.517	28.862	27.026	
7962	613.24	26.517	28.862	27.026	
7963	613.34	26.517	28.862	27.026	
7964	613.44	26.517	28.862	27.026	
7965	613.54	26.517	28.862	27.026	
7966	613.64	26.517	28.862	27.026	
7967	613.74	26.517	28.862	27.026	
7968	613.84	26.517	28.862	27.026	
7969	613.94	26.517	28.863	27.027	
7970	614.	26.517	28.863	27.027	
7971	614.01	26.517	28.863	27.027	
7972	614.02	26.517	28.863	27.027	
7973	614.05	26.517	28.863	27.027	
7974	614.14	26.517	28.863	27.027	
7975	614.24	26.517	28.863	27.027	
7976	614.34	26.517	28.863	27.027	
7977	614.44	26.517	28.863	27.027	
7978	614.54	26.517	28.863	27.027	
7979	614.64	26.517	28.863	27.027	
7980	614.74	26.517	28.863	27.027	
7981	614.84	26.517	28.863	27.027	
7982	614.94	26.517	28.864	27.027	
7983	615.	26.517	28.864	27.027	
7984	615.01	26.517	28.864	27.027	
7985	615.02	26.517	28.864	27.027	
7986	615.05	26.517	28.864	27.027	
7987	615.14	26.518	28.864	27.027	
7988	615.24	26.518	28.864	27.027	
7989	615.34	26.518	28.864	27.027	
7990	615.44	26.518	28.864	27.027	
7991	615.54	26.518	28.864	27.027	
7992	615.64	26.518	28.864	27.027	
7993	615.74	26.518	28.864	27.027	
7994	615.84	26.518	28.865	27.027	
7995	615.94	26.518	28.865	27.027	
7996	616.	26.518	28.865	27.027	
7997	616.01	26.518	28.865	27.027	
7998	616.02	26.518	28.865	27.027	
7999	616.05	26.518	28.865	27.027	
8000	616.14	26.518	28.865	27.027	
8001	616.24	26.518	28.865	27.027	
8002	616.34	26.518	28.865	27.027	
8003	616.44	26.518	28.865	27.027	
8004	616.54	26.518	28.865	27.027	
8005	616.64	26.518	28.865	27.028	
8006	616.74	26.518	28.866	27.028	
8007	616.84	26.518	28.866	27.028	
8008	616.94	26.518	28.866	27.028	
8009	617.	26.518	28.866	27.028	
8010	617.01	26.518	28.866	27.028	
8011	617.02	26.518	28.866	27.028	
8012	617.05	26.518	28.866	27.028	
8013	617.14	26.518	28.866	27.028	
8014	617.24	26.518	28.866	27.028	
8015	617.34	26.518	28.866	27.028	
8016	617.44	26.518	28.866	27.028	
8017	617.54	26.518	28.866	27.028	
8018	617.64	26.518	28.866	27.028	
8019	617.74	26.518	28.867	27.028	
8020	617.84	26.518	28.867	27.028	
8021	617.94	26.518	28.867	27.028	
8022	618.	26.518	28.867	27.028	
8023	618.01	26.518	28.867	27.028	
8024	618.02	26.518	28.867	27.028	
8025	618.05	26.518	28.867	27.028	
8026	618.14	26.518	28.867	27.028	
8027	618.24	26.518	28.867	27.028	
8028	618.34	26.518	28.867	27.028	
8029	618.44	26.518	28.867	27.028	
8030	618.54	26.518	28.867	27.028	
8031	618.64	26.518	28.868	27.028	
8032	618.74	26.518	28.868	27.028	
8033	618.84	26.518	28.868	27.028	
8034	618.94	26.518	28.868	27.028	
8035	619.	26.518	28.868	27.028	
8036	619.01	26.518	28.868	27.028	
8037	619.02	26.518	28.868	27.028	
8038	619.05	26.518	28.868	27.028	
8039	619.14	26.519	28.868	27.028	
8040	619.24	26.519	28.868	27.028	
8041	619.34	26.519	28.868	27.028	
8042	619.44	26.519	28.868	27.029	
8043	619.54	26.519	28.868	27.029	
8044	619.64	26.519	28.869	27.029	
8045	619.74	26.519	28.869	27.029	
8046	619.84	26.519	28.869	27.029	
8047	619.94	26.519	28.869	27.029	
8048	620.	26.519	28.869	27.029	
8049	620.01	26.519	28.869	27.029	
8050	620.02	26.519	28.869	27.029	
8051	620.05	26.519	28.869	27.029	
8052	620.14	26.519	28.869	27.029	
8053	620.24	26.519	28.869	27.029	
8054	620.34	26.519	28.869	27.029	
8055	620.44	26.519	28.869	27.029	
8056	620.54	26.519	28.87	27.029	
8057	620.64	26.519	28.87	27.029	
8058	620.74	26.519	28.87	27.029	
8059	620.84	26.519	28.87	27.029	
8060	620.94	26.519	28.87	27.029	
8061	621.	26.519	28.87	27.029	
8062	621.01	26.519	28.87	27.029	
8063	621.02	26.519	28.87	27.029	
8064	621.05	26.519	28.87	27.029	
8065	621.14	26.519	28.87	27.029	
8066	621.24	26.519	28.87	27.029	
8067	621.34	26.519	28.87	27.029	
8068	621.44	26.519	28.871	27.029	
8069	621.54	26.519	28.871	27.029	
8070	621.64	26.519	28.871	27.029	
8071	621.74	26.519	28.871	27.029	
8072	621.84	26.519	28.871	27.029	
8073	621.94	26.519	28.871	27.029	
8074	622.	26.519	28.871	27.029	
8075	622.01	26.519	28.871	27.029	
8076	622.02	26.519	28.871	27.029	
8077	622.05	26.519	28.871	27.029	
8078	622.14	26.519	28.871	27.03	
8079	622.24	26.519	28.871	27.03	
8080	622.34	26.519	28.871	27.03	
8081	622.44	26.519	28.872	27.03	
8082	622.54	26.519	28.872	27.03	
8083	622.64	26.519	28.872	27.03	
8084	622.74	26.519	28.872	27.03	
8085	622.84	26.519	28.872	27.03	
8086	622.94	26.519	28.872	27.03	
8087	623.	26.519	28.872	27.03	
8088	623.01	26.519	28.872	27.03	
8089	623.02	26.519	28.872	27.03	
8090	623.05	26.519	28.872	27.03	
8091	623.14	26.52	28.872	27.03	
8092	623.24	26.52	28.872	27.03	
8093	623.34	26.52	28.873	27.03	
8094	623.44	26.52	28.873	27.03	
8095	623.54	26.52	28.873	27.03	
8096	623.64	26.52	28.873	27.03	
8097	623.74	26.52	28.873	27.03	
8098	623.84	26.52	28.873	27.03	
8099	623.94	26.52	28.873	27.03	
8100	624.	26.52	28.873	27.03	
8101	624.01	26.52	28.873	27.03	
8102	624.02	26.52	28.873	27.03	
8103	624.05	26.52	28.873	27.03	
8104	624.14	26.52	28.873	27.03	
8105	624.24	26.52	28.873	27.03	
8106	624.34	26.52	28.874	27.03	
8107	624.44	26.52	28.874	27.03	
8108	624.54	26.52	28.874	27.03	
8109	624.64	26.52	28.874	27.03	
8110	624.74	26.52	28.874	27.03	
8111	624.84	26.52	28.874	27.031	
8112	624.94	26.52	28.874	27.031	
8113	625.	26.52	28.874	27.031	
8114	625.01	26.52	28.874	27.031	
8115	625.02	26.52	28.874	27.031	
8116	625.05	26.52	28.874	27.031	
8117	625.14	26.52	28.874	27.031	
8118	625.24	26.52	28.875	27.031	
8119	625.34	26.52	28.875	27.031	
8120	625.44	26.52	28.875	27.031	
8121	625.54	26.52	28.875	27.031	
8122	625.64	26.52	28.875	27.031	
8123	625.74	26.52	28.875	27.031	
8124	625.84	26.52	28.875	27.031	
8125	625.94	26.52	28.875	27.031	
8126	626.	26.52	28.875	27.031	
8127	626.01	26.52	28.875	27.031	
8128	626.02	26.52	28.875	27.031	
8129	626.05	26.52	28.875	27.031	
8130	626.14	26.52	28.876	27.031	
8131	626.24	26.52	28.876	27.031	
8132	626.34	26.52	28.876	27.031	
8133	626.44	26.52	28.876	27.031	
8134	626.54	26.52	28.876	27.031	
8135	626.64	26.52	28.876	27.031	
8136	626.74	26.52	28.876	27.031	
8137	626.84	26.52	28.876	27.031	
8138	626.94	26.52	28.876	27.031	
8139	627.	26.52	28.876	27.031	
8140	627.01	26.52	28.876	27.031	
8141	627.02	26.52	28.876	27.031	
8142	627.05	26.52	28.876	27.031	
8143	627.14	26.521	28.877	27.031	
8144	627.24	26.521	28.877	27.031	
8145	627.34	26.521	28.877	27.031	
8146	627.44	26.521	28.877	27.031	
8147	627.54	26.521	28.877	27.031	
8148	627.64	26.521	28.877	27.032	
8149	627.74	26.521	28.877	27.032	
8150	627.84	26.521	28.877	27.032	
8151	627.94	26.521	28.877	27.032	
8152	628.	26.521	28.877	27.032	
8153	628.01	26.521	28.877	27.032	
8154	628.02	26.521	28.878	27.032	
8155	628.05	26.521	28.878	27.032	
8156	628.14	26.521	28.878	27.032	
8157	628.24	26.521	28.878	27.032	
8158	628.34	26.521	28.878	27.032	
8159	628.44	26.521	28.878	27.032	
8160	628.54	26.521	28.878	27.032	
8161	628.64	26.521	28.878	27.032	
8162	628.74	26.521	28.878	27.032	
8163	628.84	26.521	28.878	27.032	
8164	628.94	26.521	28.878	27.032	
8165	629.	26.521	28.879	27.032	
8166	629.01	26.521	28.879	27.032	
8167	629.02	26.521	28.879	27.032	
8168	629.05	26.521	28.879	27.032	
8169	629.14	26.521	28.879	27.032	
8170	629.24	26.521	28.879	27.032	
8171	629.34	26.521	28.879	27.032	
8172	629.44	26.521	28.879	27.032	
8173	629.54	26.521	28.879	27.032	
8174	629.64	26.521	28.879	27.032	
8175	629.74	26.521	28.879	27.032	
8176	629.84	26.521	28.879	27.032	
8177	629.94	26.521	28.88	27.032	
8178	630.	26.521	28.88	27.032	
8179	630.01	26.521	28.88	27.032	
8180	630.02	26.521	28.88	27.032	
8181	630.05	26.521	28.88	27.032	
8182	630.14	26.521	28.88	27.032	
8183	630.24	26.521	28.88	27.032	
8184	630.34	26.521	28.88	27.033	
8185	630.44	26.521	28.88	27.033	
8186	630.54	26.521	28.88	27.033	
8187	630.64	26.521	28.88	27.033	
8188	630.74	26.521	28.88	27.033	
8189	630.84	26.521	28.881	27.033	
8190	630.94	26.521	28.881	27.033	
8191	631.	26.521	28.881	27.033	
8192	631.01	26.521	28.881	27.033	
8193	631.02	26.521	28.881	27.033	
8194	631.05	26.521	28.881	27.033	
8195	631.14	26.522	28.881	27.033	
8196	631.24	26.522	28.881	27.033	
8197	631.34	26.522	28.881	27.033	
8198	631.44	26.522	28.881	27.033	
8199	631.54	26.522	28.881	27.033	
8200	631.64	26.522	28.881	27.033	
8201	631.74	26.522	28.881	27.033	
8202	631.84	26.522	28.882	27.033	
8203	631.94	26.522	28.882	27.033	
8204	632.	26.522	28.882	27.033	
8205	632.01	26.522	28.882	27.033	
8206	632.02	26.522	28.882	27.033	
8207	632.05	26.522	28.882	27.033	
8208	632.14	26.522	28.882	27.033	
8209	632.24	26.522	28.882	27.033	
8210	632.34	26.522	28.882	27.033	
8211	632.44	26.522	28.882	27.033	
8212	632.54	26.522	28.882	27.033	
8213	632.64	26.522	28.882	27.033	
8214	632.74	26.522	28.883	27.033	
8215	632.84	26.522	28.883	27.033	
8216	632.94	26.522	28.883	27.033	
8217	633.	26.522	28.883	27.034	
8218	633.01	26.522	28.883	27.034	
8219	633.02	26.522	28.883	27.034	
8220	633.05	26.522	28.883	27.034	
8221	633.14	26.522	28.883	27.034	
8222	633.24	26.522	28.883	27.034	
8223	633.34	26.522	28.883	27.034	
8224	633.44	26.522	28.883	27.034	
8225	633.54	26.522	28.883	27.034	
8226	633.64	26.522	28.883	27.034	
8227	633.74	26.522	28.884	27.034	
8228	633.84	26.522	28.884	27.034	
8229	633.94	26.522	28.884	27.034	
8230	634.	26.522	28.884	27.034	
8231	634.01	26.522	28.884	27.034	
8232	634.02	26.522	28.884	27.034	
8233	634.05	26.522	28.884	27.034	
8234	634.14	26.522	28.884	27.034	
8235	634.24	26.522	28.884	27.034	
8236	634.34	26.522	28.884	27.034	
8237	634.44	26.522	28.884	27.034	
8238	634.54	26.522	28.884	27.034	
8239	634.64	26.522	28.885	27.034	
8240	634.74	26.522	28.885	27.034	
8241	634.84	26.522	28.885	27.034	
8242	634.94	26.522	28.885	27.034	
8243	635.	26.522	28.885	27.034	
8244	635.01	26.522	28.885	27.034	
8245	635.02	26.522	28.885	27.034	
8246	635.05	26.522	28.885	27.034	
8247	635.14	26.523	28.885	27.034	
8248	635.24	26.523	28.885	27.034	
8249	635.34	26.523	28.885	27.034	
8250	635.44	26.523	28.885	27.034	
8251	635.54	26.523	28.885	27.034	
8252	635.64	26.523	28.886	27.034	
8253	635.74	26.523	28.886	27.035	
8254	635.84	26.523	28.886	27.035	
8255	635.94	26.523	28.886	27.035	
8256	636.	26.523	28.886	27.035	
8257	636.01	26.523	28.886	27.035	
8258	636.02	26.523	28.886	27.035	
8259	636.05	26.523	28.886	27.035	
8260	636.14	26.523	28.886	27.035	
8261	636.24	26.523	28.886	27.035	
8262	636.34	26.523	28.886	27.035	
8263	636.44	26.523	28.886	27.035	
8264	636.54	26.523	28.887	27.035	
8265	636.64	26.523	28.887	27.035	
8266	636.74	26.523	28.887	27.035	
8267	636.84	26.523	28.887	27.035	
8268	636.94	26.523	28.887	27.035	
8269	637.	26.523	28.887	27.035	
8270	637.01	26.523	28.887	27.035	
8271	637.02	26.523	28.887	27.035	
8272	637.05	26.523	28.887	27.035	
8273	637.14	26.523	28.887	27.035	
8274	637.24	26.523	28.887	27.035	
8275	637.34	26.523	28.887	27.035	
8276	637.44	26.523	28.888	27.035	
8277	637.54	26.523	28.888	27.035	
8278	637.64	26.523	28.888	27.035	
8279	637.74	26.523	28.888	27.035	
8280	637.84	26.523	28.888	27.035	
8281	637.94	26.523	28.888	27.035	
8282	638.	26.523	28.888	27.035	
8283	638.01	26.523	28.888	27.035	
8284	638.02	26.523	28.888	27.035	
8285	638.05	26.523	28.888	27.035	
8286	638.14	26.523	28.888	27.035	
8287	638.24	26.523	28.888	27.035	
8288	638.34	26.523	28.888	27.035	
8289	638.44	26.523	28.889	27.036	
8290	638.54	26.523	28.889	27.036	
8291	638.64	26.523	28.889	27.036	
8292	638.74	26.523	28.889	27.036	
8293	638.84	26.523	28.889	27.036	
8294	638.94	26.523	28.889	27.036	
8295	639.	26.523	28.889	27.036	
8296	639.01	26.523	28.889	27.036	
8297	639.02	26.523	28.889	27.036	
8298	639.05	26.523	28.889	27.036	
8299	639.14	26.524	28.889	27.036	
8300	639.24	26.524	28.889	27.036	
8301	639.34	26.524	28.89	27.036	
8302	639.44	26.524	28.89	27.036	
8303	639.54	26.524	28.89	27.036	
8304	639.64	26.524	28.89	27.036	
8305	639.74	26.524	28.89	27.036	
8306	639.84	26.524	28.89	27.036	
8307	639.94	26.524	28.89	27.036	
8308	640.	26.524	28.89	27.036	
8309	640.01	26.524	28.89	27.036	
8310	640.02	26.524	28.89	27.036	
8311	640.05	26.524	28.89	27.036	
8312	640.14	26.524	28.89	27.036	
8313	640.24	26.524	28.89	27.036	
8314	640.34	26.524	28.891	27.036	
8315	640.44	26.524	28.891	27.036	
8316	640.54	26.524	28.891	27.036	
8317	640.64	26.524	28.891	27.036	
8318	640.74	26.524	28.891	27.036	
8319	640.84	26.524	28.891	27.036	
8320	640.94	26.524	28.891	27.036	
8321	641.	26.524	28.891	27.036	
8322	641.01	26.524	28.891	27.036	
8323	641.02	26.524	28.891	27.036	
8324	641.05	26.524	28.891	27.036	
8325	641.14	26.524	28.891	27.037	
8326	641.24	26.524	28.892	27.037	
8327	641.34	26.524	28.892	27.037	
8328	641.44	26.524	28.892	27.037	
8329	641.54	26.524	28.892	27.037	
8330	641.64	26.524	28.892	27.037	
8331	641.74	26.524	28.892	27.037	
8332	641.84	26.524	28.892	27.037	
8333	641.94	26.524	28.892	27.037	
8334	642.	26.524	28.892	27.037	
8335	642.01	26.524	28.892	27.037	
8336	642.02	26.524	28.892	27.037	
8337	642.05	26.524	28.892	27.037	
8338	642.14	26.524	28.892	27.037	
8339	642.24	26.524	28.893	27.037	
8340	642.34	26.524	28.893	27.037	
8341	642.44	26.524	28.893	27.037	
8342	642.54	26.524	28.893	27.037	
8343	642.64	26.524	28.893	27.037	
8344	642.74	26.524	28.893	27.037	
8345	642.84	26.524	28.893	27.037	
8346	642.94	26.524	28.893	27.037	
8347	643.	26.524	28.893	27.037	
8348	643.01	26.524	28.893	27.037	
8349	643.02	26.524	28.893	27.037	
8350	643.05	26.525	28.893	27.037	
8351	643.14	26.525	28.894	27.037	
8352	643.24	26.525	28.894	27.037	
8353	643.34	26.525	28.894	27.037	
8354	643.44	26.525	28.894	27.037	
8355	643.54	26.525	28.894	27.037	
8356	643.64	26.525	28.894	27.037	
8357	643.74	26.525	28.894	27.037	
8358	643.84	26.525	28.894	27.038	
8359	643.94	26.525	28.894	27.038	
8360	644.	26.525	28.894	27.038	
8361	644.01	26.525	28.894	27.038	
8362	644.02	26.525	28.894	27.038	
8363	644.05	26.525	28.895	27.038	
8364	644.14	26.525	28.895	27.038	
8365	644.24	26.525	28.895	27.038	
8366	644.34	26.525	28.895	27.038	
8367	644.44	26.525	28.895	27.038	
8368	644.54	26.525	28.895	27.038	
8369	644.64	26.525	28.895	27.038	
8370	644.74	26.525	28.895	27.038	
8371	644.84	26.525	28.895	27.038	
8372	644.94	26.525	28.895	27.038	
8373	645.	26.525	28.896	27.038	
8374	645.01	26.525	28.896	27.038	
8375	645.02	26.525	28.896	27.038	
8376	645.05	26.525	28.896	27.038	
8377	645.14	26.525	28.896	27.038	
8378	645.24	26.525	28.896	27.038	
8379	645.34	26.525	28.896	27.038	
8380	645.44	26.525	28.896	27.038	
8381	645.54	26.525	28.896	27.038	
8382	645.64	26.525	28.896	27.038	
8383	645.74	26.525	28.896	27.038	
8384	645.84	26.525	28.896	27.038	
8385	645.94	26.525	28.897	27.038	
8386	646.	26.525	28.897	27.038	
8387	646.01	26.525	28.897	27.038	
8388	646.02	26.525	28.897	27.038	
8389	646.05	26.525	28.897	27.038	
8390	646.14	26.525	28.897	27.038	
8391	646.24	26.525	28.897	27.038	
8392	646.34	26.525	28.897	27.038	
8393	646.44	26.525	28.897	27.038	
8394	646.54	26.525	28.897	27.039	
8395	646.64	26.525	28.897	27.039	
8396	646.74	26.525	28.897	27.039	
8397	646.84	26.525	28.897	27.039	
8398	646.94	26.525	28.898	27.039	
8399	647.	26.525	28.898	27.039	
8400	647.01	26.526	28.898	27.039	
8401	647.02	26.526	28.898	27.039	
8402	647.05	26.526	28.898	27.039	
8403	647.14	26.526	28.898	27.039	
8404	647.24	26.526	28.898	27.039	
8405	647.34	26.526	28.898	27.039	
8406	647.44	26.526	28.898	27.039	
8407	647.54	26.526	28.898	27.039	
8408	647.64	26.526	28.898	27.039	
8409	647.74	26.526	28.898	27.039	
8410	647.84	26.526	28.899	27.039	
8411	647.94	26.526	28.899	27.039	
8412	648.	26.526	28.899	27.039	
8413	648.01	26.526	28.899	27.039	
8414	648.02	26.526	28.899	27.039	
8415	648.05	26.526	28.899	27.039	
8416	648.14	26.526	28.899	27.039	
8417	648.24	26.526	28.899	27.039	
8418	648.34	26.526	28.899	27.039	
8419	648.44	26.526	28.899	27.039	
8420	648.54	26.526	28.899	27.039	
8421	648.64	26.526	28.899	27.039	
8422	648.74	26.526	28.899	27.039	
8423	648.84	26.526	28.9	27.039	
8424	648.94	26.526	28.9	27.039	
8425	649.	26.526	28.9	27.039	
8426	649.01	26.526	28.9	27.039	
8427	649.02	26.526	28.9	27.039	
8428	649.05	26.526	28.9	27.039	
8429	649.14	26.526	28.9	27.039	
8430	649.24	26.526	28.9	27.04	
8431	649.34	26.526	28.9	27.04	
8432	649.44	26.526	28.9	27.04	
8433	649.54	26.526	28.9	27.04	
8434	649.64	26.526	28.9	27.04	
8435	649.74	26.526	28.901	27.04	
8436	649.84	26.526	28.901	27.04	
8437	649.94	26.526	28.901	27.04	
8438	650.	26.526	28.901	27.04	
8439	650.01	26.526	28.901	27.04	
8440	650.02	26.526	28.901	27.04	
8441	650.05	26.526	28.901	27.04	
8442	650.14	26.526	28.901	27.04	
8443	650.24	26.526	28.901	27.04	
8444	650.34	26.526	28.901	27.04	
8445	650.44	26.526	28.901	27.04	
8446	650.54	26.526	28.901	27.04	
8447	650.64	26.526	28.901	27.04	
8448	650.74	26.526	28.902	27.04	
8449	650.84	26.526	28.902	27.04	
8450	650.94	26.526	28.902	27.04	
8451	651.	26.527	28.902	27.04	
8452	651.01	26.527	28.902	27.04	
8453	651.02	26.527	28.902	27.04	
8454	651.05	26.527	28.902	27.04	
8455	651.14	26.527	28.902	27.04	
8456	651.24	26.527	28.902	27.04	
8457	651.34	26.527	28.902	27.04	
8458	651.44	26.527	28.902	27.04	
8459	651.54	26.527	28.902	27.04	
8460	651.64	26.527	28.903	27.04	
8461	651.74	26.527	28.903	27.04	
8462	651.84	26.527	28.903	27.04	
8463	651.94	26.527	28.903	27.041	
8464	652.	26.527	28.903	27.041	
8465	652.01	26.527	28.903	27.041	
8466	652.02	26.527	28.903	27.041	
8467	652.05	26.527	28.903	27.041	
8468	652.14	26.527	28.903	27.041	
8469	652.24	26.527	28.903	27.041	
8470	652.34	26.527	28.903	27.041	
8471	652.44	26.527	28.903	27.041	
8472	652.54	26.527	28.903	27.041	
8473	652.64	26.527	28.904	27.041	
8474	652.74	26.527	28.904	27.041	
8475	652.84	26.527	28.904	27.041	
8476	652.94	26.527	28.904	27.041	
8477	653.	26.527	28.904	27.041	
8478	653.01	26.527	28.904	27.041	
8479	653.02	26.527	28.904	27.041	
8480	653.05	26.527	28.904	27.041	
8481	653.14	26.527	28.904	27.041	
8482	653.24	26.527	28.904	27.041	
8483	653.34	26.527	28.904	27.041	
8484	653.44	26.527	28.904	27.041	
8485	653.54	26.527	28.905	27.041	
8486	653.64	26.527	28.905	27.041	
8487	653.74	26.527	28.905	27.041	
8488	653.84	26.527	28.905	27.041	
8489	653.94	26.527	28.905	27.041	
8490	654.	26.527	28.905	27.041	
8491	654.01	26.527	28.905	27.041	
8492	654.02	26.527	28.905	27.041	
8493	654.05	26.527	28.905	27.041	
8494	654.14	26.527	28.905	27.041	
8495	654.24	26.527	28.905	27.041	
8496	654.34	26.527	28.905	27.041	
8497	654.44	26.527	28.905	27.041	
8498	654.54	26.527	28.906	27.041	
8499	654.64	26.527	28.906	27.042	
8500	654.74	26.527	28.906	27.042	
8501	654.84	26.527	28.906	27.042	
8502	654.94	26.528	28.906	27.042	
8503	655.	26.528	28.906	27.042	
8504	655.01	26.528	28.906	27.042	
8505	655.02	26.528	28.906	27.042	
8506	655.05	26.528	28.906	27.042	
8507	655.14	26.528	28.906	27.042	
8508	655.24	26.528	28.906	27.042	
8509	655.34	26.528	28.906	27.042	
8510	655.44	26.528	28.907	27.042	
8511	655.54	26.528	28.907	27.042	
8512	655.64	26.528	28.907	27.042	
8513	655.74	26.528	28.907	27.042	
8514	655.84	26.528	28.907	27.042	
8515	655.94	26.528	28.907	27.042	
8516	656.	26.528	28.907	27.042	
8517	656.01	26.528	28.907	27.042	
8518	656.02	26.528	28.907	27.042	
8519	656.05	26.528	28.907	27.042	
8520	656.14	26.528	28.907	27.042	
8521	656.24	26.528	28.907	27.042	
8522	656.34	26.528	28.907	27.042	
8523	656.44	26.528	28.908	27.042	
8524	656.54	26.528	28.908	27.042	
8525	656.64	26.528	28.908	27.042	
8526	656.74	26.528	28.908	27.042	
8527	656.84	26.528	28.908	27.042	
8528	656.94	26.528	28.908	27.042	
8529	657.	26.528	28.908	27.042	
8530	657.01	26.528	28.908	27.042	
8531	657.02	26.528	28.908	27.042	
8532	657.05	26.528	28.908	27.042	
8533	657.14	26.528	28.908	27.042	
8534	657.24	26.528	28.908	27.042	
8535	657.34	26.528	28.909	27.043	
8536	657.44	26.528	28.909	27.043	
8537	657.54	26.528	28.909	27.043	
8538	657.64	26.528	28.909	27.043	
8539	657.74	26.528	28.909	27.043	
8540	657.84	26.528	28.909	27.043	
8541	657.94	26.528	28.909	27.043	
8542	658.	26.528	28.909	27.043	
8543	658.01	26.528	28.909	27.043	
8544	658.02	26.528	28.909	27.043	
8545	658.05	26.528	28.909	27.043	
8546	658.14	26.528	28.909	27.043	
8547	658.24	26.528	28.91	27.043	
8548	658.34	26.528	28.91	27.043	
8549	658.44	26.528	28.91	27.043	
8550	658.54	26.528	28.91	27.043	
8551	658.64	26.528	28.91	27.043	
8552	658.74	26.528	28.91	27.043	
8553	658.84	26.528	28.91	27.043	
8554	658.94	26.529	28.91	27.043	
8555	659.	26.529	28.91	27.043	
8556	659.01	26.529	28.91	27.043	
8557	659.02	26.529	28.91	27.043	
8558	659.05	26.529	28.91	27.043	
8559	659.14	26.529	28.91	27.043	
8560	659.24	26.529	28.911	27.043	
8561	659.34	26.529	28.911	27.043	
8562	659.44	26.529	28.911	27.043	
8563	659.54	26.529	28.911	27.043	
8564	659.64	26.529	28.911	27.043	
8565	659.74	26.529	28.911	27.043	
8566	659.84	26.529	28.911	27.043	
8567	659.94	26.529	28.911	27.043	
8568	660.	26.529	28.911	27.044	
8569	660.01	26.529	28.911	27.044	
8570	660.02	26.529	28.911	27.044	
8571	660.05	26.529	28.911	27.044	
8572	660.14	26.529	28.912	27.044	
8573	660.24	26.529	28.912	27.044	
8574	660.34	26.529	28.912	27.044	
8575	660.44	26.529	28.912	27.044	
8576	660.54	26.529	28.912	27.044	
8577	660.64	26.529	28.912	27.044	
8578	660.74	26.529	28.912	27.044	
8579	660.84	26.529	28.912	27.044	
8580	660.94	26.529	28.912	27.044	
8581	661.	26.529	28.912	27.044	
8582	661.01	26.529	28.912	27.044	
8583	661.02	26.529	28.912	27.044	
8584	661.05	26.529	28.912	27.044	
8585	661.14	26.529	28.913	27.044	
8586	661.24	26.529	28.913	27.044	
8587	661.34	26.529	28.913	27.044	
8588	661.44	26.529	28.913	27.044	
8589	661.54	26.529	28.913	27.044	
8590	661.64	26.529	28.913	27.044	
8591	661.74	26.529	28.913	27.044	
8592	661.84	26.529	28.913	27.044	
8593	661.94	26.529	28.913	27.044	
8594	662.	26.529	28.913	27.044	
8595	662.01	26.529	28.913	27.044	
8596	662.02	26.529	28.913	27.044	
8597	662.05	26.529	28.914	27.044	
8598	662.14	26.529	28.914	27.044	
8599	662.24	26.529	28.914	27.044	
8600	662.34	26.529	28.914	27.044	
8601	662.44	26.529	28.914	27.044	
8602	662.54	26.529	28.914	27.044	
8603	662.64	26.529	28.914	27.044	
8604	662.74	26.529	28.914	27.045	
8605	662.84	26.53	28.914	27.045	
8606	662.94	26.53	28.914	27.045	
8607	663.	26.53	28.915	27.045	
8608	663.01	26.53	28.915	27.045	
8609	663.02	26.53	28.915	27.045	
8610	663.05	26.53	28.915	27.045	
8611	663.14	26.53	28.915	27.045	
8612	663.24	26.53	28.915	27.045	
8613	663.34	26.53	28.915	27.045	
8614	663.44	26.53	28.915	27.045	
8615	663.54	26.53	28.915	27.045	
8616	663.64	26.53	28.915	27.045	
8617	663.74	26.53	28.915	27.045	
8618	663.84	26.53	28.915	27.045	
8619	663.94	26.53	28.916	27.045	
8620	664.	26.53	28.916	27.045	
8621	664.01	26.53	28.916	27.045	
8622	664.02	26.53	28.916	27.045	
8623	664.05	26.53	28.916	27.045	
8624	664.14	26.53	28.916	27.045	
8625	664.24	26.53	28.916	27.045	
8626	664.34	26.53	28.916	27.045	
8627	664.44	26.53	28.916	27.045	
8628	664.54	26.53	28.916	27.045	
8629	664.64	26.53	28.916	27.045	
8630	664.74	26.53	28.916	27.045	
8631	664.84	26.53	28.916	27.045	
8632	664.94	26.53	28.917	27.045	
8633	665.	26.53	28.917	27.045	
8634	665.01	26.53	28.917	27.045	
8635	665.02	26.53	28.917	27.045	
8636	665.05	26.53	28.917	27.045	
8637	665.14	26.53	28.917	27.045	
8638	665.24	26.53	28.917	27.045	
8639	665.34	26.53	28.917	27.046	
8640	665.44	26.53	28.917	27.046	
8641	665.54	26.53	28.917	27.046	
8642	665.64	26.53	28.917	27.046	
8643	665.74	26.53	28.917	27.046	
8644	665.84	26.53	28.918	27.046	
8645	665.94	26.53	28.918	27.046	
8646	666.	26.53	28.918	27.046	
8647	666.01	26.53	28.918	27.046	
8648	666.02	26.53	28.918	27.046	
8649	666.05	26.53	28.918	27.046	
8650	666.14	26.53	28.918	27.046	
8651	666.24	26.53	28.918	27.046	
8652	666.34	26.53	28.918	27.046	
8653	666.44	26.53	28.918	27.046	
8654	666.54	26.53	28.918	27.046	
8655	666.64	26.53	28.918	27.046	
8656	666.74	26.531	28.918	27.046	
8657	666.84	26.531	28.919	27.046	
8658	666.94	26.531	28.919	27.046	
8659	667.	26.531	28.919	27.046	
8660	667.01	26.531	28.919	27.046	
8661	667.02	26.531	28.919	27.046	
8662	667.05	26.531	28.919	27.046	
8663	667.14	26.531	28.919	27.046	
8664	667.24	26.531	28.919	27.046	
8665	667.34	26.531	28.919	27.046	
8666	667.44	26.531	28.919	27.046	
8667	667.54	26.531	28.919	27.046	
8668	667.64	26.531	28.919	27.046	
8669	667.74	26.531	28.92	27.046	
8670	667.84	26.531	28.92	27.046	
8671	667.94	26.531	28.92	27.046	
8672	668.	26.531	28.92	27.047	
8673	668.01	26.531	28.92	27.047	
8674	668.02	26.531	28.92	27.047	
8675	668.05	26.531	28.92	27.047	
8676	668.14	26.531	28.92	27.047	
8677	668.24	26.531	28.92	27.047	
8678	668.34	26.531	28.92	27.047	
8679	668.44	26.531	28.92	27.047	
8680	668.54	26.531	28.92	27.047	
8681	668.64	26.531	28.92	27.047	
8682	668.74	26.531	28.921	27.047	
8683	668.84	26.531	28.921	27.047	
8684	668.94	26.531	28.921	27.047	
8685	669.	26.531	28.921	27.047	
8686	669.01	26.531	28.921	27.047	
8687	669.02	26.531	28.921	27.047	
8688	669.05	26.531	28.921	27.047	
8689	669.14	26.531	28.921	27.047	
8690	669.24	26.531	28.921	27.047	
8691	669.34	26.531	28.921	27.047	
8692	669.44	26.531	28.921	27.047	
8693	669.54	26.531	28.921	27.047	
8694	669.64	26.531	28.922	27.047	
8695	669.74	26.531	28.922	27.047	
8696	669.84	26.531	28.922	27.047	
8697	669.94	26.531	28.922	27.047	
8698	670.	26.531	28.922	27.047	
8699	670.01	26.531	28.922	27.047	
8700	670.02	26.531	28.922	27.047	
8701	670.05	26.531	28.922	27.047	
8702	670.14	26.531	28.922	27.047	
8703	670.24	26.531	28.922	27.047	
8704	670.34	26.531	28.922	27.047	
8705	670.44	26.531	28.922	27.047	
8706	670.54	26.531	28.922	27.047	
8707	670.64	26.531	28.923	27.047	
8708	670.74	26.532	28.923	27.048	
8709	670.84	26.532	28.923	27.048	
8710	670.94	26.532	28.923	27.048	
8711	671.	26.532	28.923	27.048	
8712	671.01	26.532	28.923	27.048	
8713	671.02	26.532	28.923	27.048	
8714	671.05	26.532	28.923	27.048	
8715	671.14	26.532	28.923	27.048	
8716	671.24	26.532	28.923	27.048	
8717	671.34	26.532	28.923	27.048	
8718	671.44	26.532	28.923	27.048	
8719	671.54	26.532	28.924	27.048	
8720	671.64	26.532	28.924	27.048	
8721	671.74	26.532	28.924	27.048	
8722	671.84	26.532	28.924	27.048	
8723	671.94	26.532	28.924	27.048	
8724	672.	26.532	28.924	27.048	
8725	672.01	26.532	28.924	27.048	
8726	672.02	26.532	28.924	27.048	
8727	672.05	26.532	28.924	27.048	
8728	672.14	26.532	28.924	27.048	
8729	672.24	26.532	28.924	27.048	
8730	672.34	26.532	28.924	27.048	
8731	672.44	26.532	28.924	27.048	
8732	672.54	26.532	28.925	27.048	
8733	672.64	26.532	28.925	27.048	
8734	672.74	26.532	28.925	27.048	
8735	672.84	26.532	28.925	27.048	
8736	672.94	26.532	28.925	27.048	
8737	673.	26.532	28.925	27.048	
8738	673.01	26.532	28.925	27.048	
8739	673.02	26.532	28.925	27.048	
8740	673.05	26.532	28.925	27.048	
8741	673.14	26.532	28.925	27.048	
8742	673.24	26.532	28.925	27.048	
8743	673.34	26.532	28.925	27.049	
8744	673.44	26.532	28.926	27.049	
8745	673.54	26.532	28.926	27.049	
8746	673.64	26.532	28.926	27.049	
8747	673.74	26.532	28.926	27.049	
8748	673.84	26.532	28.926	27.049	
8749	673.94	26.532	28.926	27.049	
8750	674.	26.532	28.926	27.049	
8751	674.01	26.532	28.926	27.049	
8752	674.02	26.532	28.926	27.049	
8753	674.05	26.532	28.926	27.049	
8754	674.14	26.532	28.926	27.049	
8755	674.24	26.532	28.926	27.049	
8756	674.34	26.532	28.926	27.049	
8757	674.44	26.532	28.927	27.049	
8758	674.54	26.532	28.927	27.049	
8759	674.64	26.533	28.927	27.049	
8760	674.74	26.533	28.927	27.049	
8761	674.84	26.533	28.927	27.049	
8762	674.94	26.533	28.927	27.049	
8763	675.	26.533	28.927	27.049	
8764	675.01	26.533	28.927	27.049	
8765	675.02	26.533	28.927	27.049	
8766	675.05	26.533	28.927	27.049	
8767	675.14	26.533	28.927	27.049	
8768	675.24	26.533	28.927	27.049	
8769	675.34	26.533	28.928	27.049	
8770	675.44	26.533	28.928	27.049	
8771	675.54	26.533	28.928	27.049	
8772	675.64	26.533	28.928	27.049	
8773	675.74	26.533	28.928	27.049	
8774	675.84	26.533	28.928	27.049	
8775	675.94	26.533	28.928	27.049	
8776	676.	26.533	28.928	27.05	
8777	676.01	26.533	28.928	27.05	
8778	676.02	26.533	28.928	27.05	
8779	676.05	26.533	28.928	27.05	
8780	676.14	26.533	28.928	27.05	
8781	676.24	26.533	28.928	27.05	
8782	676.34	26.533	28.929	27.05	
8783	676.44	26.533	28.929	27.05	
8784	676.54	26.533	28.929	27.05	
8785	676.64	26.533	28.929	27.05	
8786	676.74	26.533	28.929	27.05	
8787	676.84	26.533	28.929	27.05	
8788	676.94	26.533	28.929	27.05	
8789	677.	26.533	28.929	27.05	
8790	677.01	26.533	28.929	27.05	
8791	677.02	26.533	28.929	27.05	
8792	677.05	26.533	28.929	27.05	
8793	677.14	26.533	28.929	27.05	
8794	677.24	26.533	28.93	27.05	
8795	677.34	26.533	28.93	27.05	
8796	677.44	26.533	28.93	27.05	
8797	677.54	26.533	28.93	27.05	
8798	677.64	26.533	28.93	27.05	
8799	677.74	26.533	28.93	27.05	
8800	677.84	26.533	28.93	27.05	
8801	677.94	26.533	28.93	27.05	
8802	678.	26.533	28.93	27.05	
8803	678.01	26.533	28.93	27.05	
8804	678.02	26.533	28.93	27.05	
8805	678.05	26.533	28.93	27.05	
8806	678.14	26.533	28.93	27.05	
8807	678.24	26.533	28.931	27.05	
8808	678.34	26.533	28.931	27.05	
8809	678.44	26.533	28.931	27.05	
8810	678.54	26.534	28.931	27.05	
8811	678.64	26.534	28.931	27.051	
8812	678.74	26.534	28.931	27.051	
8813	678.84	26.534	28.931	27.051	
8814	678.94	26.534	28.931	27.051	
8815	679.	26.534	28.931	27.051	
8816	679.01	26.534	28.931	27.051	
8817	679.02	26.534	28.931	27.051	
8818	679.05	26.534	28.931	27.051	
8819	679.14	26.534	28.932	27.051	
8820	679.24	26.534	28.932	27.051	
8821	679.34	26.534	28.932	27.051	
8822	679.44	26.534	28.932	27.051	
8823	679.54	26.534	28.932	27.051	
8824	679.64	26.534	28.932	27.051	
8825	679.74	26.534	28.932	27.051	
8826	679.84	26.534	28.932	27.051	
8827	679.94	26.534	28.932	27.051	
8828	680.	26.534	28.932	27.051	
8829	680.01	26.534	28.932	27.051	
8830	680.02	26.534	28.932	27.051	
8831	680.05	26.534	28.932	27.051	
8832	680.14	26.534	28.933	27.051	
8833	680.24	26.534	28.933	27.051	
8834	680.34	26.534	28.933	27.051	
8835	680.44	26.534	28.933	27.051	
8836	680.54	26.534	28.933	27.051	
8837	680.64	26.534	28.933	27.051	
8838	680.74	26.534	28.933	27.051	
8839	680.84	26.534	28.933	27.051	
8840	680.94	26.534	28.933	27.051	
8841	681.	26.534	28.933	27.051	
8842	681.01	26.534	28.933	27.051	
8843	681.02	26.534	28.933	27.051	
8844	681.05	26.534	28.934	27.051	
8845	681.14	26.534	28.934	27.051	
8846	681.24	26.534	28.934	27.051	
8847	681.34	26.534	28.934	27.052	
8848	681.44	26.534	28.934	27.052	
8849	681.54	26.534	28.934	27.052	
8850	681.64	26.534	28.934	27.052	
8851	681.74	26.534	28.934	27.052	
8852	681.84	26.534	28.934	27.052	
8853	681.94	26.534	28.934	27.052	
8854	682.	26.534	28.935	27.052	
8855	682.01	26.534	28.935	27.052	
8856	682.02	26.534	28.935	27.052	
8857	682.05	26.534	28.935	27.052	
8858	682.14	26.534	28.935	27.052	
8859	682.24	26.534	28.935	27.052	
8860	682.34	26.534	28.935	27.052	
8861	682.44	26.535	28.935	27.052	
8862	682.54	26.535	28.935	27.052	
8863	682.64	26.535	28.935	27.052	
8864	682.74	26.535	28.935	27.052	
8865	682.84	26.535	28.935	27.052	
8866	682.94	26.535	28.936	27.052	
8867	683.	26.535	28.936	27.052	
8868	683.01	26.535	28.936	27.052	
8869	683.02	26.535	28.936	27.052	
8870	683.05	26.535	28.936	27.052	
8871	683.14	26.535	28.936	27.052	
8872	683.24	26.535	28.936	27.052	
8873	683.34	26.535	28.936	27.052	
8874	683.44	26.535	28.936	27.052	
8875	683.54	26.535	28.936	27.052	
8876	683.64	26.535	28.936	27.052	
8877	683.74	26.535	28.936	27.052	
8878	683.84	26.535	28.936	27.052	
8879	683.94	26.535	28.937	27.053	
8880	684.	26.535	28.937	27.053	
8881	684.01	26.535	28.937	27.053	
8882	684.02	26.535	28.937	27.053	
8883	684.05	26.535	28.937	27.053	
8884	684.14	26.535	28.937	27.053	
8885	684.24	26.535	28.937	27.053	
8886	684.34	26.535	28.937	27.053	
8887	684.44	26.535	28.937	27.053	
8888	684.54	26.535	28.937	27.053	
8889	684.64	26.535	28.937	27.053	
8890	684.74	26.535	28.937	27.053	
8891	684.84	26.535	28.938	27.053	
8892	684.94	26.535	28.938	27.053	
8893	685.	26.535	28.938	27.053	
8894	685.01	26.535	28.938	27.053	
8895	685.02	26.535	28.938	27.053	
8896	685.05	26.535	28.938	27.053	
8897	685.14	26.535	28.938	27.053	
8898	685.24	26.535	28.938	27.053	
8899	685.34	26.535	28.938	27.053	
8900	685.44	26.535	28.938	27.053	
8901	685.54	26.535	28.938	27.053	
8902	685.64	26.535	28.938	27.053	
8903	685.74	26.535	28.938	27.053	
8904	685.84	26.535	28.939	27.053	
8905	685.94	26.535	28.939	27.053	
8906	686.	26.535	28.939	27.053	
8907	686.01	26.535	28.939	27.053	
8908	686.02	26.535	28.939	27.053	
8909	686.05	26.535	28.939	27.053	
8910	686.14	26.535	28.939	27.053	
8911	686.24	26.535	28.939	27.053	
8912	686.34	26.536	28.939	27.053	
8913	686.44	26.536	28.939	27.053	
8914	686.54	26.536	28.939	27.053	
8915	686.64	26.536	28.939	27.054	
8916	686.74	26.536	28.94	27.054	
8917	686.84	26.536	28.94	27.054	
8918	686.94	26.536	28.94	27.054	
8919	687.	26.536	28.94	27.054	
8920	687.01	26.536	28.94	27.054	
8921	687.02	26.536	28.94	27.054	
8922	687.05	26.536	28.94	27.054	
8923	687.14	26.536	28.94	27.054	
8924	687.24	26.536	28.94	27.054	
8925	687.34	26.536	28.94	27.054	
8926	687.44	26.536	28.94	27.054	
8927	687.54	26.536	28.94	27.054	
8928	687.64	26.536	28.94	27.054	
8929	687.74	26.536	28.941	27.054	
8930	687.84	26.536	28.941	27.054	
8931	687.94	26.536	28.941	27.054	
8932	688.	26.536	28.941	27.054	
8933	688.01	26.536	28.941	27.054	
8934	688.02	26.536	28.941	27.054	
8935	688.05	26.536	28.941	27.054	
8936	688.14	26.536	28.941	27.054	
8937	688.24	26.536	28.941	27.054	
8938	688.34	26.536	28.941	27.054	
8939	688.44	26.536	28.941	27.054	
8940	688.54	26.536	28.941	27.054	
8941	688.64	26.536	28.941	27.054	
8942	688.74	26.536	28.942	27.054	
8943	688.84	26.536	28.942	27.054	
8944	688.94	26.536	28.942	27.054	
8945	689.	26.536	28.942	27.054	
8946	689.01	26.536	28.942	27.054	
8947	689.02	26.536	28.942	27.054	
8948	689.05	26.536	28.942	27.054	
8949	689.14	26.536	28.942	27.054	
8950	689.24	26.536	28.942	27.055	
8951	689.34	26.536	28.942	27.055	
8952	689.44	26.536	28.942	27.055	
8953	689.54	26.536	28.942	27.055	
8954	689.64	26.536	28.943	27.055	
8955	689.74	26.536	28.943	27.055	
8956	689.84	26.536	28.943	27.055	
8957	689.94	26.536	28.943	27.055	
8958	690.	26.536	28.943	27.055	
8959	690.01	26.536	28.943	27.055	
8960	690.02	26.536	28.943	27.055	
8961	690.05	26.536	28.943	27.055	
8962	690.14	26.536	28.943	27.055	
8963	690.24	26.537	28.943	27.055	
8964	690.34	26.537	28.943	27.055	
8965	690.44	26.537	28.943	27.055	
8966	690.54	26.537	28.943	27.055	
8967	690.64	26.537	28.944	27.055	
8968	690.74	26.537	28.944	27.055	
8969	690.84	26.537	28.944	27.055	
8970	690.94	26.537	28.944	27.055	
8971	691.	26.537	28.944	27.055	
8972	691.01	26.537	28.944	27.055	
8973	691.02	26.537	28.944	27.055	
8974	691.05	26.537	28.944	27.055	
8975	691.14	26.537	28.944	27.055	
8976	691.24	26.537	28.944	27.055	
8977	691.34	26.537	28.944	27.055	
8978	691.44	26.537	28.944	27.055	
8979	691.54	26.537	28.945	27.055	
8980	691.64	26.537	28.945	27.055	
8981	691.74	26.537	28.945	27.055	
8982	691.84	26.537	28.945	27.056	
8983	691.94	26.537	28.945	27.056	
8984	692.	26.537	28.945	27.056	
8985	692.01	26.537	28.945	27.056	
8986	692.02	26.537	28.945	27.056	
8987	692.05	26.537	28.945	27.056	
8988	692.14	26.537	28.945	27.056	
8989	692.24	26.537	28.945	27.056	
8990	692.34	26.537	28.945	27.056	
8991	692.44	26.537	28.945	27.056	
8992	692.54	26.537	28.946	27.056	
8993	692.64	26.537	28.946	27.056	
8994	692.74	26.537	28.946	27.056	
8995	692.84	26.537	28.946	27.056	
8996	692.94	26.537	28.946	27.056	
8997	693.	26.537	28.946	27.056	
8998	693.01	26.537	28.946	27.056	
8999	693.02	26.537	28.946	27.056	
9000	693.05	26.537	28.946	27.056	
9001	693.14	26.537	28.946	27.056	
9002	693.24	26.537	28.946	27.056	
9003	693.34	26.537	28.946	27.056	
9004	693.44	26.537	28.947	27.056	
9005	693.54	26.537	28.947	27.056	
9006	693.64	26.537	28.947	27.056	
9007	693.74	26.537	28.947	27.056	
9008	693.84	26.537	28.947	27.056	
9009	693.94	26.537	28.947	27.056	
9010	694.	26.537	28.947	27.056	
9011	694.01	26.537	28.947	27.056	
9012	694.02	26.537	28.947	27.056	
9013	694.05	26.537	28.947	27.056	
9014	694.14	26.538	28.947	27.056	
9015	694.24	26.538	28.947	27.056	
9016	694.34	26.538	28.947	27.056	
9017	694.44	26.538	28.948	27.056	
9018	694.54	26.538	28.948	27.057	
9019	694.64	26.538	28.948	27.057	
9020	694.74	26.538	28.948	27.057	
9021	694.84	26.538	28.948	27.057	
9022	694.94	26.538	28.948	27.057	
9023	695.	26.538	28.948	27.057	
9024	695.01	26.538	28.948	27.057	
9025	695.02	26.538	28.948	27.057	
9026	695.05	26.538	28.948	27.057	
9027	695.14	26.538	28.948	27.057	
9028	695.24	26.538	28.948	27.057	
9029	695.34	26.538	28.949	27.057	
9030	695.44	26.538	28.949	27.057	
9031	695.54	26.538	28.949	27.057	
9032	695.64	26.538	28.949	27.057	
9033	695.74	26.538	28.949	27.057	
9034	695.84	26.538	28.949	27.057	
9035	695.94	26.538	28.949	27.057	
9036	696.	26.538	28.949	27.057	
9037	696.01	26.538	28.949	27.057	
9038	696.02	26.538	28.949	27.057	
9039	696.05	26.538	28.949	27.057	
9040	696.14	26.538	28.949	27.057	
9041	696.24	26.538	28.949	27.057	
9042	696.34	26.538	28.95	27.057	
9043	696.44	26.538	28.95	27.057	
9044	696.54	26.538	28.95	27.057	
9045	696.64	26.538	28.95	27.057	
9046	696.74	26.538	28.95	27.057	
9047	696.84	26.538	28.95	27.057	
9048	696.94	26.538	28.95	27.057	
9049	697.	26.538	28.95	27.057	
9050	697.01	26.538	28.95	27.057	
9051	697.02	26.538	28.95	27.057	
9052	697.05	26.538	28.95	27.057	
9053	697.14	26.538	28.95	27.058	
9054	697.24	26.538	28.951	27.058	
9055	697.34	26.538	28.951	27.058	
9056	697.44	26.538	28.951	27.058	
9057	697.54	26.538	28.951	27.058	
9058	697.64	26.538	28.951	27.058	
9059	697.74	26.538	28.951	27.058	
9060	697.84	26.538	28.951	27.058	
9061	697.94	26.539	28.951	27.058	
9062	698.	26.539	28.951	27.058	
9063	698.01	26.539	28.951	27.058	
9064	698.02	26.539	28.951	27.058	
9065	698.05	26.539	28.951	27.058	
9066	698.14	26.539	28.951	27.058	
9067	698.24	26.539	28.952	27.058	
9068	698.34	26.539	28.952	27.058	
9069	698.44	26.539	28.952	27.058	
9070	698.54	26.539	28.952	27.058	
9071	698.64	26.539	28.952	27.058	
9072	698.74	26.539	28.952	27.058	
9073	698.84	26.539	28.952	27.058	
9074	698.94	26.539	28.952	27.058	
9075	699.	26.539	28.952	27.058	
9076	699.01	26.539	28.952	27.058	
9077	699.02	26.539	28.952	27.058	
9078	699.05	26.539	28.952	27.058	
9079	699.14	26.539	28.953	27.058	
9080	699.24	26.539	28.953	27.058	
9081	699.34	26.539	28.953	27.058	
9082	699.44	26.539	28.953	27.058	
9083	699.54	26.539	28.953	27.058	
9084	699.64	26.539	28.953	27.058	
9085	699.74	26.539	28.953	27.059	
9086	699.84	26.539	28.953	27.059	
9087	699.94	26.539	28.953	27.059	
9088	700.	26.539	28.953	27.059	
9089	700.01	26.539	28.953	27.059	
9090	700.02	26.539	28.953	27.059	
9091	700.05	26.539	28.953	27.059	
9092	700.14	26.539	28.954	27.059	
9093	700.24	26.539	28.954	27.059	
9094	700.34	26.539	28.954	27.059	
9095	700.44	26.539	28.954	27.059	
9096	700.54	26.539	28.954	27.059	
9097	700.64	26.539	28.954	27.059	
9098	700.74	26.539	28.954	27.059	
9099	700.84	26.539	28.954	27.059	
9100	700.94	26.539	28.954	27.059	
9101	701.	26.539	28.954	27.059	
9102	701.01	26.539	28.954	27.059	
9103	701.02	26.539	28.954	27.059	
9104	701.05	26.539	28.955	27.059	
9105	701.14	26.539	28.955	27.059	
9106	701.24	26.539	28.955	27.059	
9107	701.34	26.539	28.955	27.059	
9108	701.44	26.539	28.955	27.059	
9109	701.54	26.539	28.955	27.059	
9110	701.64	26.539	28.955	27.059	
9111	701.74	26.539	28.955	27.059	
9112	701.84	26.54	28.955	27.059	
9113	701.94	26.54	28.955	27.059	
9114	702.	26.54	28.956	27.059	
9115	702.01	26.54	28.956	27.059	
9116	702.02	26.54	28.956	27.059	
9117	702.05	26.54	28.956	27.059	
9118	702.14	26.54	28.956	27.059	
9119	702.24	26.54	28.956	27.059	
9120	702.34	26.54	28.956	27.059	
9121	702.44	26.54	28.956	27.06	
9122	702.54	26.54	28.956	27.06	
9123	702.64	26.54	28.956	27.06	
9124	702.74	26.54	28.956	27.06	
9125	702.84	26.54	28.956	27.06	
9126	702.94	26.54	28.956	27.06	
9127	703.	26.54	28.957	27.06	
9128	703.01	26.54	28.957	27.06	
9129	703.02	26.54	28.957	27.06	
9130	703.05	26.54	28.957	27.06	
9131	703.14	26.54	28.957	27.06	
9132	703.24	26.54	28.957	27.06	
9133	703.34	26.54	28.957	27.06	
9134	703.44	26.54	28.957	27.06	
9135	703.54	26.54	28.957	27.06	
9136	703.64	26.54	28.957	27.06	
9137	703.74	26.54	28.957	27.06	
9138	703.84	26.54	28.957	27.06	
9139	703.94	26.54	28.958	27.06	
9140	704.	26.54	28.958	27.06	
9141	704.01	26.54	28.958	27.06	
9142	704.02	26.54	28.958	27.06	
9143	704.05	26.54	28.958	27.06	
9144	704.14	26.54	28.958	27.06	
9145	704.24	26.54	28.958	27.06	
9146	704.34	26.54	28.958	27.06	
9147	704.44	26.54	28.958	27.06	
9148	704.54	26.54	28.958	27.06	
9149	704.64	26.54	28.958	27.06	
9150	704.74	26.54	28.958	27.06	
9151	704.84	26.54	28.958	27.06	
9152	704.94	26.54	28.959	27.06	
9153	705.	26.54	28.959	27.061	
9154	705.01	26.54	28.959	27.061	
9155	705.02	26.54	28.959	27.061	
9156	705.05	26.54	28.959	27.061	
9157	705.14	26.54	28.959	27.061	
9158	705.24	26.54	28.959	27.061	
9159	705.34	26.54	28.959	27.061	
9160	705.44	26.54	28.959	27.061	
9161	705.54	26.54	28.959	27.061	
9162	705.64	26.54	28.959	27.061	
9163	705.74	26.541	28.959	27.061	
9164	705.84	26.541	28.96	27.061	
9165	705.94	26.541	28.96	27.061	
9166	706.	26.541	28.96	27.061	
9167	706.01	26.541	28.96	27.061	
9168	706.02	26.541	28.96	27.061	
9169	706.05	26.541	28.96	27.061	
9170	706.14	26.541	28.96	27.061	
9171	706.24	26.541	28.96	27.061	
9172	706.34	26.541	28.96	27.061	
9173	706.44	26.541	28.96	27.061	
9174	706.54	26.541	28.96	27.061	
9175	706.64	26.541	28.96	27.061	
9176	706.74	26.541	28.96	27.061	
9177	706.84	26.541	28.961	27.061	
9178	706.94	26.541	28.961	27.061	
9179	707.	26.541	28.961	27.061	
9180	707.01	26.541	28.961	27.061	
9181	707.02	26.541	28.961	27.061	
9182	707.05	26.541	28.961	27.061	
9183	707.14	26.541	28.961	27.061	
9184	707.24	26.541	28.961	27.061	
9185	707.34	26.541	28.961	27.061	
9186	707.44	26.541	28.961	27.061	
9187	707.54	26.541	28.961	27.061	
9188	707.64	26.541	28.961	27.062	
9189	707.74	26.541	28.962	27.062	
9190	707.84	26.541	28.962	27.062	
9191	707.94	26.541	28.962	27.062	
9192	708.	26.541	28.962	27.062	
9193	708.01	26.541	28.962	27.062	
9194	708.02	26.541	28.962	27.062	
9195	708.05	26.541	28.962	27.062	
9196	708.14	26.541	28.962	27.062	
9197	708.24	26.541	28.962	27.062	
9198	708.34	26.541	28.962	27.062	
9199	708.44	26.541	28.962	27.062	
9200	708.54	26.541	28.962	27.062	
9201	708.64	26.541	28.962	27.062	
9202	708.74	26.541	28.963	27.062	
9203	708.84	26.541	28.963	27.062	
9204	708.94	26.541	28.963	27.062	
9205	709.	26.541	28.963	27.062	
9206	709.01	26.541	28.963	27.062	
9207	709.02	26.541	28.963	27.062	
9208	709.05	26.541	28.963	27.062	
9209	709.14	26.541	28.963	27.062	
9210	709.24	26.541	28.963	27.062	
9211	709.34	26.541	28.963	27.062	
9212	709.44	26.541	28.963	27.062	
9213	709.54	26.542	28.963	27.062	
9214	709.64	26.542	28.963	27.062	
9215	709.74	26.542	28.964	27.062	
9216	709.84	26.542	28.964	27.062	
9217	709.94	26.542	28.964	27.062	
9218	710.	26.542	28.964	27.062	
9219	710.01	26.542	28.964	27.062	
9220	710.02	26.542	28.964	27.062	
9221	710.05	26.542	28.964	27.062	
9222	710.14	26.542	28.964	27.062	
9223	710.24	26.542	28.964	27.063	
9224	710.34	26.542	28.964	27.063	
9225	710.44	26.542	28.964	27.063	
9226	710.54	26.542	28.964	27.063	
9227	710.64	26.542	28.965	27.063	
9228	710.74	26.542	28.965	27.063	
9229	710.84	26.542	28.965	27.063	
9230	710.94	26.542	28.965	27.063	
9231	711.	26.542	28.965	27.063	
9232	711.01	26.542	28.965	27.063	
9233	711.02	26.542	28.965	27.063	
9234	711.05	26.542	28.965	27.063	
9235	711.14	26.542	28.965	27.063	
9236	711.24	26.542	28.965	27.063	
9237	711.34	26.542	28.965	27.063	
9238	711.44	26.542	28.965	27.063	
9239	711.54	26.542	28.965	27.063	
9240	711.64	26.542	28.966	27.063	
9241	711.74	26.542	28.966	27.063	
9242	711.84	26.542	28.966	27.063	
9243	711.94	26.542	28.966	27.063	
9244	712.	26.542	28.966	27.063	
9245	712.01	26.542	28.966	27.063	
9246	712.02	26.542	28.966	27.063	
9247	712.05	26.542	28.966	27.063	
9248	712.14	26.542	28.966	27.063	
9249	712.24	26.542	28.966	27.063	
9250	712.34	26.542	28.966	27.063	
9251	712.44	26.542	28.966	27.063	
9252	712.54	26.542	28.967	27.063	
9253	712.64	26.542	28.967	27.063	
9254	712.74	26.542	28.967	27.063	
9255	712.84	26.542	28.967	27.064	
9256	712.94	26.542	28.967	27.064	
9257	713.	26.542	28.967	27.064	
9258	713.01	26.542	28.967	27.064	
9259	713.02	26.542	28.967	27.064	
9260	713.05	26.542	28.967	27.064	
9261	713.14	26.542	28.967	27.064	
9262	713.24	26.542	28.967	27.064	
9263	713.34	26.543	28.967	27.064	
9264	713.44	26.543	28.967	27.064	
9265	713.54	26.543	28.968	27.064	
9266	713.64	26.543	28.968	27.064	
9267	713.74	26.543	28.968	27.064	
9268	713.84	26.543	28.968	27.064	
9269	713.94	26.543	28.968	27.064	
9270	714.	26.543	28.968	27.064	
9271	714.01	26.543	28.968	27.064	
9272	714.02	26.543	28.968	27.064	
9273	714.05	26.543	28.968	27.064	
9274	714.14	26.543	28.968	27.064	
9275	714.24	26.543	28.968	27.064	
9276	714.34	26.543	28.968	27.064	
9277	714.44	26.543	28.969	27.064	
9278	714.54	26.543	28.969	27.064	
9279	714.64	26.543	28.969	27.064	
9280	714.74	26.543	28.969	27.064	
9281	714.84	26.543	28.969	27.064	
9282	714.94	26.543	28.969	27.064	
9283	715.	26.543	28.969	27.064	
9284	715.01	26.543	28.969	27.064	
9285	715.02	26.543	28.969	27.064	
9286	715.05	26.543	28.969	27.064	
9287	715.14	26.543	28.969	27.064	
9288	715.24	26.543	28.969	27.064	
9289	715.34	26.543	28.969	27.064	
9290	715.44	26.543	28.97	27.065	
9291	715.54	26.543	28.97	27.065	
9292	715.64	26.543	28.97	27.065	
9293	715.74	26.543	28.97	27.065	
9294	715.84	26.543	28.97	27.065	
9295	715.94	26.543	28.97	27.065	
9296	716.	26.543	28.97	27.065	
9297	716.01	26.543	28.97	27.065	
9298	716.02	26.543	28.97	27.065	
9299	716.05	26.543	28.97	27.065	
9300	716.14	26.543	28.97	27.065	
9301	716.24	26.543	28.97	27.065	
9302	716.34	26.543	28.97	27.065	
9303	716.44	26.543	28.971	27.065	
9304	716.54	26.543	28.971	27.065	
9305	716.64	26.543	28.971	27.065	
9306	716.74	26.543	28.971	27.065	
9307	716.84	26.543	28.971	27.065	
9308	716.94	26.543	28.971	27.065	
9309	717.	26.543	28.971	27.065	
9310	717.01	26.543	28.971	27.065	
9311	717.02	26.543	28.971	27.065	
9312	717.05	26.543	28.971	27.065	
9313	717.14	26.543	28.971	27.065	
9314	717.24	26.544	28.971	27.065	
9315	717.34	26.544	28.972	27.065	
9316	717.44	26.544	28.972	27.065	
9317	717.54	26.544	28.972	27.065	
9318	717.64	26.544	28.972	27.065	
9319	717.74	26.544	28.972	27.065	
9320	717.84	26.544	28.972	27.065	
9321	717.94	26.544	28.972	27.065	
9322	718.	26.544	28.972	27.065	
9323	718.01	26.544	28.972	27.066	
9324	718.02	26.544	28.972	27.066	
9325	718.05	26.544	28.972	27.066	
9326	718.14	26.544	28.972	27.066	
9327	718.24	26.544	28.972	27.066	
9328	718.34	26.544	28.973	27.066	
9329	718.44	26.544	28.973	27.066	
9330	718.54	26.544	28.973	27.066	
9331	718.64	26.544	28.973	27.066	
9332	718.74	26.544	28.973	27.066	
9333	718.84	26.544	28.973	27.066	
9334	718.94	26.544	28.973	27.066	
9335	719.	26.544	28.973	27.066	
9336	719.01	26.544	28.973	27.066	
9337	719.02	26.544	28.973	27.066	
9338	719.05	26.544	28.973	27.066	
9339	719.14	26.544	28.973	27.066	
9340	719.24	26.544	28.974	27.066	
9341	719.34	26.544	28.974	27.066	
9342	719.44	26.544	28.974	27.066	
9343	719.54	26.544	28.974	27.066	
9344	719.64	26.544	28.974	27.066	
9345	719.74	26.544	28.974	27.066	
9346	719.84	26.544	28.974	27.066	
9347	719.94	26.544	28.974	27.066	
9348	720.	26.544	28.974	27.066	
9349	720.01	26.544	28.974	27.066	
9350	720.02	26.544	28.974	27.066	
9351	720.05	26.544	28.974	27.066	
9352	720.14	26.544	28.974	27.066	
9353	720.24	26.544	28.975	27.066	
9354	720.34	26.544	28.975	27.066	
9355	720.44	26.544	28.975	27.066	
9356	720.54	26.544	28.975	27.066	
9357	720.64	26.544	28.975	27.067	
9358	720.74	26.544	28.975	27.067	
9359	720.84	26.544	28.975	27.067	
9360	720.94	26.544	28.975	27.067	
9361	721.	26.545	28.975	27.067	
9362	721.01	26.545	28.975	27.067	
9363	721.02	26.545	28.975	27.067	
9364	721.05	26.545	28.975	27.067	
9365	721.14	26.545	28.976	27.067	
9366	721.24	26.545	28.976	27.067	
9367	721.34	26.545	28.976	27.067	
9368	721.44	26.545	28.976	27.067	
9369	721.54	26.545	28.976	27.067	
9370	721.64	26.545	28.976	27.067	
9371	721.74	26.545	28.976	27.067	
9372	721.84	26.545	28.976	27.067	
9373	721.94	26.545	28.976	27.067	
9374	722.	26.545	28.976	27.067	
9375	722.01	26.545	28.976	27.067	
9376	722.02	26.545	28.976	27.067	
9377	722.05	26.545	28.976	27.067	
9378	722.14	26.545	28.977	27.067	
9379	722.24	26.545	28.977	27.067	
9380	722.34	26.545	28.977	27.067	
9381	722.44	26.545	28.977	27.067	
9382	722.54	26.545	28.977	27.067	
9383	722.64	26.545	28.977	27.067	
9384	722.74	26.545	28.977	27.067	
9385	722.84	26.545	28.977	27.067	
9386	722.94	26.545	28.977	27.067	
9387	723.	26.545	28.977	27.067	
9388	723.01	26.545	28.977	27.067	
9389	723.02	26.545	28.977	27.067	
9390	723.05	26.545	28.977	27.067	
9391	723.14	26.545	28.978	27.067	
9392	723.24	26.545	28.978	27.068	
9393	723.34	26.545	28.978	27.068	
9394	723.44	26.545	28.978	27.068	
9395	723.54	26.545	28.978	27.068	
9396	723.64	26.545	28.978	27.068	
9397	723.74	26.545	28.978	27.068	
9398	723.84	26.545	28.978	27.068	
9399	723.94	26.545	28.978	27.068	
9400	724.	26.545	28.978	27.068	
9401	724.01	26.545	28.978	27.068	
9402	724.02	26.545	28.979	27.068	
9403	724.05	26.545	28.979	27.068	
9404	724.14	26.545	28.979	27.068	
9405	724.24	26.545	28.979	27.068	
9406	724.34	26.545	28.979	27.068	
9407	724.44	26.545	28.979	27.068	
9408	724.54	26.545	28.979	27.068	
9409	724.64	26.545	28.979	27.068	
9410	724.74	26.545	28.979	27.068	
9411	724.84	26.546	28.979	27.068	
9412	724.94	26.546	28.979	27.068	
9413	725.	26.546	28.98	27.068	
9414	725.01	26.546	28.98	27.068	
9415	725.02	26.546	28.98	27.068	
9416	725.05	26.546	28.98	27.068	
9417	725.14	26.546	28.98	27.068	
9418	725.24	26.546	28.98	27.068	
9419	725.34	26.546	28.98	27.068	
9420	725.44	26.546	28.98	27.068	
9421	725.54	26.546	28.98	27.068	
9422	725.64	26.546	28.98	27.068	
9423	725.74	26.546	28.98	27.068	
9424	725.84	26.546	28.98	27.069	
9425	725.94	26.546	28.981	27.069	
9426	726.	26.546	28.981	27.069	
9427	726.01	26.546	28.981	27.069	
9428	726.02	26.546	28.981	27.069	
9429	726.05	26.546	28.981	27.069	
9430	726.14	26.546	28.981	27.069	
9431	726.24	26.546	28.981	27.069	
9432	726.34	26.546	28.981	27.069	
9433	726.44	26.546	28.981	27.069	
9434	726.54	26.546	28.981	27.069	
9435	726.64	26.546	28.981	27.069	
9436	726.74	26.546	28.981	27.069	
9437	726.84	26.546	28.981	27.069	
9438	726.94	26.546	28.982	27.069	
9439	727.	26.546	28.982	27.069	
9440	727.01	26.546	28.982	27.069	
9441	727.02	26.546	28.982	27.069	
9442	727.05	26.546	28.982	27.069	
9443	727.14	26.546	28.982	27.069	
9444	727.24	26.546	28.982	27.069	
9445	727.34	26.546	28.982	27.069	
9446	727.44	26.546	28.982	27.069	
9447	727.54	26.546	28.982	27.069	
9448	727.64	26.546	28.982	27.069	
9449	727.74	26.546	28.982	27.069	
9450	727.84	26.546	28.982	27.069	
9451	727.94	26.546	28.983	27.069	
9452	728.	26.546	28.983	27.069	
9453	728.01	26.546	28.983	27.069	
9454	728.02	26.546	28.983	27.069	
9455	728.05	26.546	28.983	27.069	
9456	728.14	26.546	28.983	27.069	
9457	728.24	26.546	28.983	27.069	
9458	728.34	26.546	28.983	27.069	
9459	728.44	26.546	28.983	27.07	
9460	728.54	26.546	28.983	27.07	
9461	728.64	26.547	28.983	27.07	
9462	728.74	26.547	28.983	27.07	
9463	728.84	26.547	28.984	27.07	
9464	728.94	26.547	28.984	27.07	
9465	729.	26.547	28.984	27.07	
9466	729.01	26.547	28.984	27.07	
9467	729.02	26.547	28.984	27.07	
9468	729.05	26.547	28.984	27.07	
9469	729.14	26.547	28.984	27.07	
9470	729.24	26.547	28.984	27.07	
9471	729.34	26.547	28.984	27.07	
9472	729.44	26.547	28.984	27.07	
9473	729.54	26.547	28.984	27.07	
9474	729.64	26.547	28.984	27.07	
9475	729.74	26.547	28.984	27.07	
9476	729.84	26.547	28.985	27.07	
9477	729.94	26.547	28.985	27.07	
9478	730.	26.547	28.985	27.07	
9479	730.01	26.547	28.985	27.07	
9480	730.02	26.547	28.985	27.07	
9481	730.05	26.547	28.985	27.07	
9482	730.14	26.547	28.985	27.07	
9483	730.24	26.547	28.985	27.07	
9484	730.34	26.547	28.985	27.07	
9485	730.44	26.547	28.985	27.07	
9486	730.54	26.547	28.985	27.07	
9487	730.64	26.547	28.985	27.07	
9488	730.74	26.547	28.986	27.07	
9489	730.84	26.547	28.986	27.07	
9490	730.94	26.547	28.986	27.07	
9491	731.	26.547	28.986	27.071	
9492	731.01	26.547	28.986	27.071	
9493	731.02	26.547	28.986	27.071	
9494	731.05	26.547	28.986	27.071	
9495	731.14	26.547	28.986	27.071	
9496	731.24	26.547	28.986	27.071	
9497	731.34	26.547	28.986	27.071	
9498	731.44	26.547	28.986	27.071	
9499	731.54	26.547	28.986	27.071	
9500	731.64	26.547	28.986	27.071	
9501	731.74	26.547	28.987	27.071	
9502	731.84	26.547	28.987	27.071	
9503	731.94	26.547	28.987	27.071	
9504	732.	26.547	28.987	27.071	
9505	732.01	26.547	28.987	27.071	
9506	732.02	26.547	28.987	27.071	
9507	732.05	26.547	28.987	27.071	
9508	732.14	26.547	28.987	27.071	
9509	732.24	26.547	28.987	27.071	
9510	732.34	26.547	28.987	27.071	
9511	732.44	26.548	28.987	27.071	
9512	732.54	26.548	28.987	27.071	
9513	732.64	26.548	28.987	27.071	
9514	732.74	26.548	28.988	27.071	
9515	732.84	26.548	28.988	27.071	
9516	732.94	26.548	28.988	27.071	
9517	733.	26.548	28.988	27.071	
9518	733.01	26.548	28.988	27.071	
9519	733.02	26.548	28.988	27.071	
9520	733.05	26.548	28.988	27.071	
9521	733.14	26.548	28.988	27.071	
9522	733.24	26.548	28.988	27.071	
9523	733.34	26.548	28.988	27.071	
9524	733.44	26.548	28.988	27.071	
9525	733.54	26.548	28.988	27.071	
9526	733.64	26.548	28.989	27.072	
9527	733.74	26.548	28.989	27.072	
9528	733.84	26.548	28.989	27.072	
9529	733.94	26.548	28.989	27.072	
9530	734.	26.548	28.989	27.072	
9531	734.01	26.548	28.989	27.072	
9532	734.02	26.548	28.989	27.072	
9533	734.05	26.548	28.989	27.072	
9534	734.14	26.548	28.989	27.072	
9535	734.24	26.548	28.989	27.072	
9536	734.34	26.548	28.989	27.072	
9537	734.44	26.548	28.989	27.072	
9538	734.54	26.548	28.989	27.072	
9539	734.64	26.548	28.99	27.072	
9540	734.74	26.548	28.99	27.072	
9541	734.84	26.548	28.99	27.072	
9542	734.94	26.548	28.99	27.072	
9543	735.	26.548	28.99	27.072	
9544	735.01	26.548	28.99	27.072	
9545	735.02	26.548	28.99	27.072	
9546	735.05	26.548	28.99	27.072	
9547	735.14	26.548	28.99	27.072	
9548	735.24	26.548	28.99	27.072	
9549	735.34	26.548	28.99	27.072	
9550	735.44	26.548	28.99	27.072	
9551	735.54	26.548	28.99	27.072	
9552	735.64	26.548	28.991	27.072	
9553	735.74	26.548	28.991	27.072	
9554	735.84	26.548	28.991	27.072	
9555	735.94	26.548	28.991	27.072	
9556	736.	26.548	28.991	27.072	
9557	736.01	26.548	28.991	27.072	
9558	736.02	26.548	28.991	27.072	
9559	736.05	26.548	28.991	27.072	
9560	736.14	26.548	28.991	27.073	
9561	736.24	26.549	28.991	27.073	
9562	736.34	26.549	28.991	27.073	
9563	736.44	26.549	28.991	27.073	
9564	736.54	26.549	28.992	27.073	
9565	736.64	26.549	28.992	27.073	
9566	736.74	26.549	28.992	27.073	
9567	736.84	26.549	28.992	27.073	
9568	736.94	26.549	28.992	27.073	
9569	737.	26.549	28.992	27.073	
9570	737.01	26.549	28.992	27.073	
9571	737.02	26.549	28.992	27.073	
9572	737.05	26.549	28.992	27.073	
9573	737.14	26.549	28.992	27.073	
9574	737.24	26.549	28.992	27.073	
9575	737.34	26.549	28.992	27.073	
9576	737.44	26.549	28.992	27.073	
9577	737.54	26.549	28.993	27.073	
9578	737.64	26.549	28.993	27.073	
9579	737.74	26.549	28.993	27.073	
9580	737.84	26.549	28.993	27.073	
9581	737.94	26.549	28.993	27.073	
9582	738.	26.549	28.993	27.073	
9583	738.01	26.549	28.993	27.073	
9584	738.02	26.549	28.993	27.073	
9585	738.05	26.549	28.993	27.073	
9586	738.14	26.549	28.993	27.073	
9587	738.24	26.549	28.993	27.073	
9588	738.34	26.549	28.993	27.073	
9589	738.44	26.549	28.994	27.073	
9590	738.54	26.549	28.994	27.073	
9591	738.64	26.549	28.994	27.073	
9592	738.74	26.549	28.994	27.074	
9593	738.84	26.549	28.994	27.074	
9594	738.94	26.549	28.994	27.074	
9595	739.	26.549	28.994	27.074	
9596	739.01	26.549	28.994	27.074	
9597	739.02	26.549	28.994	27.074	
9598	739.05	26.549	28.994	27.074	
9599	739.14	26.549	28.994	27.074	
9600	739.24	26.549	28.994	27.074	
9601	739.34	26.549	28.994	27.074	
9602	739.44	26.549	28.995	27.074	
9603	739.54	26.549	28.995	27.074	
9604	739.64	26.549	28.995	27.074	
9605	739.74	26.549	28.995	27.074	
9606	739.84	26.549	28.995	27.074	
9607	739.94	26.549	28.995	27.074	
9608	740.	26.55	28.995	27.074	
9609	740.01	26.55	28.995	27.074	
9610	740.02	26.55	28.995	27.074	
9611	740.05	26.55	28.995	27.074	
9612	740.14	26.55	28.995	27.074	
9613	740.24	26.55	28.995	27.074	
9614	740.34	26.55	28.995	27.074	
9615	740.44	26.55	28.996	27.074	
9616	740.54	26.55	28.996	27.074	
9617	740.64	26.55	28.996	27.074	
9618	740.74	26.55	28.996	27.074	
9619	740.84	26.55	28.996	27.074	
9620	740.94	26.55	28.996	27.074	
9621	741.	26.55	28.996	27.074	
9622	741.01	26.55	28.996	27.074	
9623	741.02	26.55	28.996	27.074	
9624	741.05	26.55	28.996	27.074	
9625	741.14	26.55	28.996	27.074	
9626	741.24	26.55	28.996	27.074	
9627	741.34	26.55	28.997	27.075	
9628	741.44	26.55	28.997	27.075	
9629	741.54	26.55	28.997	27.075	
9630	741.64	26.55	28.997	27.075	
9631	741.74	26.55	28.997	27.075	
9632	741.84	26.55	28.997	27.075	
9633	741.94	26.55	28.997	27.075	
9634	742.	26.55	28.997	27.075	
9635	742.01	26.55	28.997	27.075	
9636	742.02	26.55	28.997	27.075	
9637	742.05	26.55	28.997	27.075	
9638	742.14	26.55	28.997	27.075	
9639	742.24	26.55	28.997	27.075	
9640	742.34	26.55	28.998	27.075	
9641	742.44	26.55	28.998	27.075	
9642	742.54	26.55	28.998	27.075	
9643	742.64	26.55	28.998	27.075	
9644	742.74	26.55	28.998	27.075	
9645	742.84	26.55	28.998	27.075	
9646	742.94	26.55	28.998	27.075	
9647	743.	26.55	28.998	27.075	
9648	743.01	26.55	28.998	27.075	
9649	743.02	26.55	28.998	27.075	
9650	743.05	26.55	28.998	27.075	
9651	743.14	26.55	28.998	27.075	
9652	743.24	26.55	28.999	27.075	
9653	743.34	26.55	28.999	27.075	
9654	743.44	26.55	28.999	27.075	
9655	743.54	26.55	28.999	27.075	
9656	743.64	26.55	28.999	27.075	
9657	743.74	26.55	28.999	27.075	
9658	743.84	26.551	28.999	27.075	
9659	743.94	26.551	28.999	27.076	
9660	744.	26.551	28.999	27.076	
9661	744.01	26.551	28.999	27.076	
9662	744.02	26.551	28.999	27.076	
9663	744.05	26.551	28.999	27.076	
9664	744.14	26.551	28.999	27.076	
9665	744.24	26.551	29.	27.076	
9666	744.34	26.551	29.	27.076	
9667	744.44	26.551	29.	27.076	
9668	744.54	26.551	29.	27.076	
9669	744.64	26.551	29.	27.076	
9670	744.74	26.551	29.	27.076	
9671	744.84	26.551	29.	27.076	
9672	744.94	26.551	29.	27.076	
9673	745.	26.551	29.	27.076	
9674	745.01	26.551	29.	27.076	
9675	745.02	26.551	29.	27.076	
9676	745.05	26.551	29.	27.076	
9677	745.14	26.551	29.	27.076	
9678	745.24	26.551	29.001	27.076	
9679	745.34	26.551	29.001	27.076	
9680	745.44	26.551	29.001	27.076	
9681	745.54	26.551	29.001	27.076	
9682	745.64	26.551	29.001	27.076	
9683	745.74	26.551	29.001	27.076	
9684	745.84	26.551	29.001	27.076	
9685	745.94	26.551	29.001	27.076	
9686	746.	26.551	29.001	27.076	
9687	746.01	26.551	29.001	27.076	
9688	746.02	26.551	29.001	27.076	
9689	746.05	26.551	29.001	27.076	
9690	746.14	26.551	29.002	27.076	
9691	746.24	26.551	29.002	27.076	
9692	746.34	26.551	29.002	27.076	
9693	746.44	26.551	29.002	27.077	
9694	746.54	26.551	29.002	27.077	
9695	746.64	26.551	29.002	27.077	
9696	746.74	26.551	29.002	27.077	
9697	746.84	26.551	29.002	27.077	
9698	746.94	26.551	29.002	27.077	
9699	747.	26.551	29.002	27.077	
9700	747.01	26.551	29.002	27.077	
9701	747.02	26.551	29.002	27.077	
9702	747.05	26.551	29.002	27.077	
9703	747.14	26.551	29.003	27.077	
9704	747.24	26.551	29.003	27.077	
9705	747.34	26.551	29.003	27.077	
9706	747.44	26.551	29.003	27.077	
9707	747.54	26.552	29.003	27.077	
9708	747.64	26.552	29.003	27.077	
9709	747.74	26.552	29.003	27.077	
9710	747.84	26.552	29.003	27.077	
9711	747.94	26.552	29.003	27.077	
9712	748.	26.552	29.003	27.077	
9713	748.01	26.552	29.003	27.077	
9714	748.02	26.552	29.003	27.077	
9715	748.05	26.552	29.003	27.077	
9716	748.14	26.552	29.004	27.077	
9717	748.24	26.552	29.004	27.077	
9718	748.34	26.552	29.004	27.077	
9719	748.44	26.552	29.004	27.077	
9720	748.54	26.552	29.004	27.077	
9721	748.64	26.552	29.004	27.077	
9722	748.74	26.552	29.004	27.077	
9723	748.84	26.552	29.004	27.077	
9724	748.94	26.552	29.004	27.077	
9725	749.	26.552	29.004	27.078	
9726	749.01	26.552	29.004	27.078	
9727	749.02	26.552	29.005	27.078	
9728	749.05	26.552	29.005	27.078	
9729	749.14	26.552	29.005	27.078	
9730	749.24	26.552	29.005	27.078	
9731	749.34	26.552	29.005	27.078	
9732	749.44	26.552	29.005	27.078	
9733	749.54	26.552	29.005	27.078	
9734	749.64	26.552	29.005	27.078	
9735	749.74	26.552	29.005	27.078	
9736	749.84	26.552	29.005	27.078	
9737	749.94	26.552	29.005	27.078	
9738	750.	26.552	29.006	27.078	
9739	750.01	26.552	29.006	27.078	
9740	750.02	26.552	29.006	27.078	
9741	750.05	26.552	29.006	27.078	
9742	750.14	26.552	29.006	27.078	
9743	750.24	26.552	29.006	27.078	
9744	750.34	26.552	29.006	27.078	
9745	750.44	26.552	29.006	27.078	
9746	750.54	26.552	29.006	27.078	
9747	750.64	26.552	29.006	27.078	
9748	750.74	26.552	29.006	27.078	
9749	750.84	26.552	29.006	27.078	
9750	750.94	26.552	29.006	27.078	
9751	751.	26.552	29.007	27.078	
9752	751.01	26.552	29.007	27.078	
9753	751.02	26.552	29.007	27.078	
9754	751.05	26.552	29.007	27.078	
9755	751.14	26.552	29.007	27.078	
9756	751.24	26.552	29.007	27.078	
9757	751.34	26.553	29.007	27.078	
9758	751.44	26.553	29.007	27.078	
9759	751.54	26.553	29.007	27.078	
9760	751.64	26.553	29.007	27.079	
9761	751.74	26.553	29.007	27.079	
9762	751.84	26.553	29.007	27.079	
9763	751.94	26.553	29.008	27.079	
9764	752.	26.553	29.008	27.079	
9765	752.01	26.553	29.008	27.079	
9766	752.02	26.553	29.008	27.079	
9767	752.05	26.553	29.008	27.079	
9768	752.14	26.553	29.008	27.079	
9769	752.24	26.553	29.008	27.079	
9770	752.34	26.553	29.008	27.079	
9771	752.44	26.553	29.008	27.079	
9772	752.54	26.553	29.008	27.079	
9773	752.64	26.553	29.008	27.079	
9774	752.74	26.553	29.008	27.079	
9775	752.84	26.553	29.008	27.079	
9776	752.94	26.553	29.009	27.079	
9777	753.	26.553	29.009	27.079	
9778	753.01	26.553	29.009	27.079	
9779	753.02	26.553	29.009	27.079	
9780	753.05	26.553	29.009	27.079	
9781	753.14	26.553	29.009	27.079	
9782	753.24	26.553	29.009	27.079	
9783	753.34	26.553	29.009	27.079	
9784	753.44	26.553	29.009	27.079	
9785	753.54	26.553	29.009	27.079	
9786	753.64	26.553	29.009	27.079	
9787	753.74	26.553	29.009	27.079	
9788	753.84	26.553	29.01	27.079	
9789	753.94	26.553	29.01	27.079	
9790	754.	26.553	29.01	27.079	
9791	754.01	26.553	29.01	27.079	
9792	754.02	26.553	29.01	27.079	
9793	754.05	26.553	29.01	27.079	
9794	754.14	26.553	29.01	27.08	
9795	754.24	26.553	29.01	27.08	
9796	754.34	26.553	29.01	27.08	
9797	754.44	26.553	29.01	27.08	
9798	754.54	26.553	29.01	27.08	
9799	754.64	26.553	29.01	27.08	
9800	754.74	26.553	29.01	27.08	
9801	754.84	26.553	29.011	27.08	
9802	754.94	26.553	29.011	27.08	
9803	755.	26.553	29.011	27.08	
9804	755.01	26.553	29.011	27.08	
9805	755.02	26.553	29.011	27.08	
9806	755.05	26.554	29.011	27.08	
9807	755.14	26.554	29.011	27.08	
9808	755.24	26.554	29.011	27.08	
9809	755.34	26.554	29.011	27.08	
9810	755.44	26.554	29.011	27.08	
9811	755.54	26.554	29.011	27.08	
9812	755.64	26.554	29.011	27.08	
9813	755.74	26.554	29.011	27.08	
9814	755.84	26.554	29.012	27.08	
9815	755.94	26.554	29.012	27.08	
9816	756.	26.554	29.012	27.08	
9817	756.01	26.554	29.012	27.08	
9818	756.02	26.554	29.012	27.08	
9819	756.05	26.554	29.012	27.08	
9820	756.14	26.554	29.012	27.08	
9821	756.24	26.554	29.012	27.08	
9822	756.34	26.554	29.012	27.08	
9823	756.44	26.554	29.012	27.08	
9824	756.54	26.554	29.012	27.08	
9825	756.64	26.554	29.012	27.08	
9826	756.74	26.554	29.013	27.081	
9827	756.84	26.554	29.013	27.081	
9828	756.94	26.554	29.013	27.081	
9829	757.	26.554	29.013	27.081	
9830	757.01	26.554	29.013	27.081	
9831	757.02	26.554	29.013	27.081	
9832	757.05	26.554	29.013	27.081	
9833	757.14	26.554	29.013	27.081	
9834	757.24	26.554	29.013	27.081	
9835	757.34	26.554	29.013	27.081	
9836	757.44	26.554	29.013	27.081	
9837	757.54	26.554	29.013	27.081	
9838	757.64	26.554	29.013	27.081	
9839	757.74	26.554	29.014	27.081	
9840	757.84	26.554	29.014	27.081	
9841	757.94	26.554	29.014	27.081	
9842	758.	26.554	29.014	27.081	
9843	758.01	26.554	29.014	27.081	
9844	758.02	26.554	29.014	27.081	
9845	758.05	26.554	29.014	27.081	
9846	758.14	26.554	29.014	27.081	
9847	758.24	26.554	29.014	27.081	
9848	758.34	26.554	29.014	27.081	
9849	758.44	26.554	29.014	27.081	
9850	758.54	26.554	29.014	27.081	
9851	758.64	26.554	29.014	27.081	
9852	758.74	26.554	29.015	27.081	
9853	758.84	26.555	29.015	27.081	
9854	758.94	26.555	29.015	27.081	
9855	759.	26.555	29.015	27.081	
9856	759.01	26.555	29.015	27.081	
9857	759.02	26.555	29.015	27.081	
9858	759.05	26.555	29.015	27.081	
9859	759.14	26.555	29.015	27.081	
9860	759.24	26.555	29.015	27.082	
9861	759.34	26.555	29.015	27.082	
9862	759.44	26.555	29.015	27.082	
9863	759.54	26.555	29.015	27.082	
9864	759.64	26.555	29.016	27.082	
9865	759.74	26.555	29.016	27.082	
9866	759.84	26.555	29.016	27.082	
9867	759.94	26.555	29.016	27.082	
9868	760.	26.555	29.016	27.082	
9869	760.01	26.555	29.016	27.082	
9870	760.02	26.555	29.016	27.082	
9871	760.05	26.555	29.016	27.082	
9872	760.14	26.555	29.016	27.082	
9873	760.24	26.555	29.016	27.082	
9874	760.34	26.555	29.016	27.082	
9875	760.44	26.555	29.016	27.082	
9876	760.54	26.555	29.016	27.082	
9877	760.64	26.555	29.017	27.082	
9878	760.74	26.555	29.017	27.082	
9879	760.84	26.555	29.017	27.082	
9880	760.94	26.555	29.017	27.082	
9881	761.	26.555	29.017	27.082	
9882	761.01	26.555	29.017	27.082	
9883	761.02	26.555	29.017	27.082	
9884	761.05	26.555	29.017	27.082	
9885	761.14	26.555	29.017	27.082	
9886	761.24	26.555	29.017	27.082	
9887	761.34	26.555	29.017	27.082	
9888	761.44	26.555	29.017	27.082	
9889	761.54	26.555	29.017	27.082	
9890	761.64	26.555	29.018	27.082	
9891	761.74	26.555	29.018	27.082	
9892	761.84	26.555	29.018	27.083	
9893	761.94	26.555	29.018	27.083	
9894	762.	26.555	29.018	27.083	
9895	762.01	26.555	29.018	27.083	
9896	762.02	26.555	29.018	27.083	
9897	762.05	26.555	29.018	27.083	
9898	762.14	26.555	29.018	27.083	
9899	762.24	26.555	29.018	27.083	
9900	762.34	26.555	29.018	27.083	
9901	762.44	26.555	29.018	27.083	
9902	762.54	26.556	29.019	27.083	
9903	762.64	26.556	29.019	27.083	
9904	762.74	26.556	29.019	27.083	
9905	762.84	26.556	29.019	27.083	
9906	762.94	26.556	29.019	27.083	
9907	763.	26.556	29.019	27.083	
9908	763.01	26.556	29.019	27.083	
9909	763.02	26.556	29.019	27.083	
9910	763.05	26.556	29.019	27.083	
9911	763.14	26.556	29.019	27.083	
9912	763.24	26.556	29.019	27.083	
9913	763.34	26.556	29.019	27.083	
9914	763.44	26.556	29.019	27.083	
9915	763.54	26.556	29.02	27.083	
9916	763.64	26.556	29.02	27.083	
9917	763.74	26.556	29.02	27.083	
9918	763.84	26.556	29.02	27.083	
9919	763.94	26.556	29.02	27.083	
9920	764.	26.556	29.02	27.083	
9921	764.01	26.556	29.02	27.083	
9922	764.02	26.556	29.02	27.083	
9923	764.05	26.556	29.02	27.083	
9924	764.14	26.556	29.02	27.083	
9925	764.24	26.556	29.02	27.083	
9926	764.34	26.556	29.02	27.084	
9927	764.44	26.556	29.02	27.084	
9928	764.54	26.556	29.021	27.084	
9929	764.64	26.556	29.021	27.084	
9930	764.74	26.556	29.021	27.084	
9931	764.84	26.556	29.021	27.084	
9932	764.94	26.556	29.021	27.084	
9933	765.	26.556	29.021	27.084	
9934	765.01	26.556	29.021	27.084	
9935	765.02	26.556	29.021	27.084	
9936	765.05	26.556	29.021	27.084	
9937	765.14	26.556	29.021	27.084	
9938	765.24	26.556	29.021	27.084	
9939	765.34	26.556	29.021	27.084	
9940	765.44	26.556	29.022	27.084	
9941	765.54	26.556	29.022	27.084	
9942	765.64	26.556	29.022	27.084	
9943	765.74	26.556	29.022	27.084	
9944	765.84	26.556	29.022	27.084	
9945	765.94	26.556	29.022	27.084	
9946	766.	26.556	29.022	27.084	
9947	766.01	26.556	29.022	27.084	
9948	766.02	26.556	29.022	27.084	
9949	766.05	26.556	29.022	27.084	
9950	766.14	26.556	29.022	27.084	
9951	766.24	26.556	29.022	27.084	
9952	766.34	26.557	29.022	27.084	
9953	766.44	26.557	29.023	27.084	
9954	766.54	26.557	29.023	27.084	
9955	766.64	26.557	29.023	27.084	
9956	766.74	26.557	29.023	27.084	
9957	766.84	26.557	29.023	27.084	
9958	766.94	26.557	29.023	27.085	
9959	767.	26.557	29.023	27.085	
9960	767.01	26.557	29.023	27.085	
9961	767.02	26.557	29.023	27.085	
9962	767.05	26.557	29.023	27.085	
9963	767.14	26.557	29.023	27.085	
9964	767.24	26.557	29.023	27.085	
9965	767.34	26.557	29.023	27.085	
9966	767.44	26.557	29.024	27.085	
9967	767.54	26.557	29.024	27.085	
9968	767.64	26.557	29.024	27.085	
9969	767.74	26.557	29.024	27.085	
9970	767.84	26.557	29.024	27.085	
9971	767.94	26.557	29.024	27.085	
9972	768.	26.557	29.024	27.085	
9973	768.01	26.557	29.024	27.085	
9974	768.02	26.557	29.024	27.085	
9975	768.05	26.557	29.024	27.085	
9976	768.14	26.557	29.024	27.085	
9977	768.24	26.557	29.024	27.085	
9978	768.34	26.557	29.025	27.085	
9979	768.44	26.557	29.025	27.085	
9980	768.54	26.557	29.025	27.085	
9981	768.64	26.557	29.025	27.085	
9982	768.74	26.557	29.025	27.085	
9983	768.84	26.557	29.025	27.085	
9984	768.94	26.557	29.025	27.085	
9985	769.	26.557	29.025	27.085	
9986	769.01	26.557	29.025	27.085	
9987	769.02	26.557	29.025	27.085	
9988	769.05	26.557	29.025	27.085	
9989	769.14	26.557	29.025	27.085	
9990	769.24	26.557	29.025	27.085	
9991	769.34	26.557	29.026	27.085	
9992	769.44	26.557	29.026	27.086	
9993	769.54	26.557	29.026	27.086	
9994	769.64	26.557	29.026	27.086	
9995	769.74	26.557	29.026	27.086	
9996	769.84	26.557	29.026	27.086	
9997	769.94	26.557	29.026	27.086	
9998	770.	26.558	29.026	27.086	
9999	770.01	26.558	29.026	27.086	
10000	770.02	26.558	29.026	27.086	
10001	770.05	26.558	29.026	27.086	
10002	770.14	26.558	29.026	27.086	
10003	770.24	26.558	29.026	27.086	
10004	770.34	26.558	29.027	27.086	
10005	770.44	26.558	29.027	27.086	
10006	770.54	26.558	29.027	27.086	
10007	770.64	26.558	29.027	27.086	
10008	770.74	26.558	29.027	27.086	
10009	770.84	26.558	29.027	27.086	
10010	770.94	26.558	29.027	27.086	
10011	771.	26.558	29.027	27.086	
10012	771.01	26.558	29.027	27.086	
10013	771.02	26.558	29.027	27.086	
10014	771.05	26.558	29.027	27.086	
10015	771.14	26.558	29.027	27.086	
10016	771.24	26.558	29.028	27.086	
10017	771.34	26.558	29.028	27.086	
10018	771.44	26.558	29.028	27.086	
10019	771.54	26.558	29.028	27.086	
10020	771.64	26.558	29.028	27.086	
10021	771.74	26.558	29.028	27.086	
10022	771.84	26.558	29.028	27.086	
10023	771.94	26.558	29.028	27.086	
10024	772.	26.558	29.028	27.087	
10025	772.01	26.558	29.028	27.087	
10026	772.02	26.558	29.028	27.087	
10027	772.05	26.558	29.028	27.087	
10028	772.14	26.558	29.028	27.087	
10029	772.24	26.558	29.029	27.087	
10030	772.34	26.558	29.029	27.087	
10031	772.44	26.558	29.029	27.087	
10032	772.54	26.558	29.029	27.087	
10033	772.64	26.558	29.029	27.087	
10034	772.74	26.558	29.029	27.087	
10035	772.84	26.558	29.029	27.087	
10036	772.94	26.558	29.029	27.087	
10037	773.	26.558	29.029	27.087	
10038	773.01	26.558	29.029	27.087	
10039	773.02	26.558	29.029	27.087	
10040	773.05	26.558	29.029	27.087	
10041	773.14	26.558	29.029	27.087	
10042	773.24	26.558	29.03	27.087	
10043	773.34	26.558	29.03	27.087	
10044	773.44	26.558	29.03	27.087	
10045	773.54	26.558	29.03	27.087	
10046	773.64	26.558	29.03	27.087	
10047	773.74	26.559	29.03	27.087	
10048	773.84	26.559	29.03	27.087	
10049	773.94	26.559	29.03	27.087	
10050	774.	26.559	29.03	27.087	
10051	774.01	26.559	29.03	27.087	
10052	774.02	26.559	29.03	27.087	
10053	774.05	26.559	29.03	27.087	
10054	774.14	26.559	29.031	27.087	
10055	774.24	26.559	29.031	27.087	
10056	774.34	26.559	29.031	27.087	
10057	774.44	26.559	29.031	27.087	
10058	774.54	26.559	29.031	27.088	
10059	774.64	26.559	29.031	27.088	
10060	774.74	26.559	29.031	27.088	
10061	774.84	26.559	29.031	27.088	
10062	774.94	26.559	29.031	27.088	
10063	775.	26.559	29.031	27.088	
10064	775.01	26.559	29.031	27.088	
10065	775.02	26.559	29.031	27.088	
10066	775.05	26.559	29.031	27.088	
10067	775.14	26.559	29.032	27.088	
10068	775.24	26.559	29.032	27.088	
10069	775.34	26.559	29.032	27.088	
10070	775.44	26.559	29.032	27.088	
10071	775.54	26.559	29.032	27.088	
10072	775.64	26.559	29.032	27.088	
10073	775.74	26.559	29.032	27.088	
10074	775.84	26.559	29.032	27.088	
10075	775.94	26.559	29.032	27.088	
10076	776.	26.559	29.032	27.088	
10077	776.01	26.559	29.032	27.088	
10078	776.02	26.559	29.032	27.088	
10079	776.05	26.559	29.032	27.088	
10080	776.14	26.559	29.033	27.088	
10081	776.24	26.559	29.033	27.088	
10082	776.34	26.559	29.033	27.088	
10083	776.44	26.559	29.033	27.088	
10084	776.54	26.559	29.033	27.088	
10085	776.64	26.559	29.033	27.088	
10086	776.74	26.559	29.033	27.088	
10087	776.84	26.559	29.033	27.088	
10088	776.94	26.559	29.033	27.088	
10089	777.	26.559	29.033	27.088	
10090	777.01	26.559	29.033	27.088	
10091	777.02	26.559	29.033	27.088	
10092	777.05	26.559	29.034	27.089	
10093	777.14	26.559	29.034	27.089	
10094	777.24	26.559	29.034	27.089	
10095	777.34	26.559	29.034	27.089	
10096	777.44	26.56	29.034	27.089	
10097	777.54	26.56	29.034	27.089	
10098	777.64	26.56	29.034	27.089	
10099	777.74	26.56	29.034	27.089	
10100	777.84	26.56	29.034	27.089	
10101	777.94	26.56	29.034	27.089	
10102	778.	26.56	29.034	27.089	
10103	778.01	26.56	29.035	27.089	
10104	778.02	26.56	29.035	27.089	
10105	778.05	26.56	29.035	27.089	
10106	778.14	26.56	29.035	27.089	
10107	778.24	26.56	29.035	27.089	
10108	778.34	26.56	29.035	27.089	
10109	778.44	26.56	29.035	27.089	
10110	778.54	26.56	29.035	27.089	
10111	778.64	26.56	29.035	27.089	
10112	778.74	26.56	29.035	27.089	
10113	778.84	26.56	29.035	27.089	
10114	778.94	26.56	29.035	27.089	
10115	779.	26.56	29.036	27.089	
10116	779.01	26.56	29.036	27.089	
10117	779.02	26.56	29.036	27.089	
10118	779.05	26.56	29.036	27.089	
10119	779.14	26.56	29.036	27.089	
10120	779.24	26.56	29.036	27.089	
10121	779.34	26.56	29.036	27.089	
10122	779.44	26.56	29.036	27.089	
10123	779.54	26.56	29.036	27.089	
10124	779.64	26.56	29.036	27.09	
10125	779.74	26.56	29.036	27.09	
10126	779.84	26.56	29.036	27.09	
10127	779.94	26.56	29.036	27.09	
10128	780.	26.56	29.037	27.09	
10129	780.01	26.56	29.037	27.09	
10130	780.02	26.56	29.037	27.09	
10131	780.05	26.56	29.037	27.09	
10132	780.14	26.56	29.037	27.09	
10133	780.24	26.56	29.037	27.09	
10134	780.34	26.56	29.037	27.09	
10135	780.44	26.56	29.037	27.09	
10136	780.54	26.56	29.037	27.09	
10137	780.64	26.56	29.037	27.09	
10138	780.74	26.56	29.037	27.09	
10139	780.84	26.56	29.037	27.09	
10140	780.94	26.56	29.038	27.09	
10141	781.	26.56	29.038	27.09	
10142	781.01	26.56	29.038	27.09	
10143	781.02	26.56	29.038	27.09	
10144	781.05	26.56	29.038	27.09	
10145	781.14	26.561	29.038	27.09	
10146	781.24	26.561	29.038	27.09	
10147	781.34	26.561	29.038	27.09	
10148	781.44	26.561	29.038	27.09	
10149	781.54	26.561	29.038	27.09	
10150	781.64	26.561	29.038	27.09	
10151	781.74	26.561	29.038	27.09	
10152	781.84	26.561	29.038	27.09	
10153	781.94	26.561	29.039	27.09	
10154	782.	26.561	29.039	27.09	
10155	782.01	26.561	29.039	27.09	
10156	782.02	26.561	29.039	27.09	
10157	782.05	26.561	29.039	27.09	
10158	782.14	26.561	29.039	27.091	
10159	782.24	26.561	29.039	27.091	
10160	782.34	26.561	29.039	27.091	
10161	782.44	26.561	29.039	27.091	
10162	782.54	26.561	29.039	27.091	
10163	782.64	26.561	29.039	27.091	
10164	782.74	26.561	29.039	27.091	
10165	782.84	26.561	29.039	27.091	
10166	782.94	26.561	29.04	27.091	
10167	783.	26.561	29.04	27.091	
10168	783.01	26.561	29.04	27.091	
10169	783.02	26.561	29.04	27.091	
10170	783.05	26.561	29.04	27.091	
10171	783.14	26.561	29.04	27.091	
10172	783.24	26.561	29.04	27.091	
10173	783.34	26.561	29.04	27.091	
10174	783.44	26.561	29.04	27.091	
10175	783.54	26.561	29.04	27.091	
10176	783.64	26.561	29.04	27.091	
10177	783.74	26.561	29.04	27.091	
10178	783.84	26.561	29.041	27.091	
10179	783.94	26.561	29.041	27.091	
10180	784.	26.561	29.041	27.091	
10181	784.01	26.561	29.041	27.091	
10182	784.02	26.561	29.041	27.091	
10183	784.05	26.561	29.041	27.091	
10184	784.14	26.561	29.041	27.091	
10185	784.24	26.561	29.041	27.091	
10186	784.34	26.561	29.041	27.091	
10187	784.44	26.561	29.041	27.091	
10188	784.54	26.561	29.041	27.091	
10189	784.64	26.561	29.041	27.092	
10190	784.74	26.561	29.041	27.092	
10191	784.84	26.562	29.042	27.092	
10192	784.94	26.562	29.042	27.092	
10193	785.	26.562	29.042	27.092	
10194	785.01	26.562	29.042	27.092	
10195	785.02	26.562	29.042	27.092	
10196	785.05	26.562	29.042	27.092	
10197	785.14	26.562	29.042	27.092	
10198	785.24	26.562	29.042	27.092	
10199	785.34	26.562	29.042	27.092	
10200	785.44	26.562	29.042	27.092	
10201	785.54	26.562	29.042	27.092	
10202	785.64	26.562	29.042	27.092	
10203	785.74	26.562	29.042	27.092	
10204	785.84	26.562	29.043	27.092	
10205	785.94	26.562	29.043	27.092	
10206	786.	26.562	29.043	27.092	
10207	786.01	26.562	29.043	27.092	
10208	786.02	26.562	29.043	27.092	
10209	786.05	26.562	29.043	27.092	
10210	786.14	26.562	29.043	27.092	
10211	786.24	26.562	29.043	27.092	
10212	786.34	26.562	29.043	27.092	
10213	786.44	26.562	29.043	27.092	
10214	786.54	26.562	29.043	27.092	
10215	786.64	26.562	29.043	27.092	
10216	786.74	26.562	29.044	27.092	
10217	786.84	26.562	29.044	27.092	
10218	786.94	26.562	29.044	27.092	
10219	787.	26.562	29.044	27.092	
10220	787.01	26.562	29.044	27.092	
10221	787.02	26.562	29.044	27.092	
10222	787.05	26.562	29.044	27.092	
10223	787.14	26.562	29.044	27.092	
10224	787.24	26.562	29.044	27.093	
10225	787.34	26.562	29.044	27.093	
10226	787.44	26.562	29.044	27.093	
10227	787.54	26.562	29.044	27.093	
10228	787.64	26.562	29.044	27.093	
10229	787.74	26.562	29.045	27.093	
10230	787.84	26.562	29.045	27.093	
10231	787.94	26.562	29.045	27.093	
10232	788.	26.562	29.045	27.093	
10233	788.01	26.562	29.045	27.093	
10234	788.02	26.562	29.045	27.093	
10235	788.05	26.562	29.045	27.093	
10236	788.14	26.562	29.045	27.093	
10237	788.24	26.562	29.045	27.093	
10238	788.34	26.562	29.045	27.093	
10239	788.44	26.562	29.045	27.093	
10240	788.54	26.563	29.045	27.093	
10241	788.64	26.563	29.045	27.093	
10242	788.74	26.563	29.046	27.093	
10243	788.84	26.563	29.046	27.093	
10244	788.94	26.563	29.046	27.093	
10245	789.	26.563	29.046	27.093	
10246	789.01	26.563	29.046	27.093	
10247	789.02	26.563	29.046	27.093	
10248	789.05	26.563	29.046	27.093	
10249	789.14	26.563	29.046	27.093	
10250	789.24	26.563	29.046	27.093	
10251	789.34	26.563	29.046	27.093	
10252	789.44	26.563	29.046	27.093	
10253	789.54	26.563	29.046	27.093	
10254	789.64	26.563	29.046	27.093	
10255	789.74	26.563	29.047	27.094	
10256	789.84	26.563	29.047	27.094	
10257	789.94	26.563	29.047	27.094	
10258	790.	26.563	29.047	27.094	
10259	790.01	26.563	29.047	27.094	
10260	790.02	26.563	29.047	27.094	
10261	790.05	26.563	29.047	27.094	
10262	790.14	26.563	29.047	27.094	
10263	790.24	26.563	29.047	27.094	
10264	790.34	26.563	29.047	27.094	
10265	790.44	26.563	29.047	27.094	
10266	790.54	26.563	29.047	27.094	
10267	790.64	26.563	29.048	27.094	
10268	790.74	26.563	29.048	27.094	
10269	790.84	26.563	29.048	27.094	
10270	790.94	26.563	29.048	27.094	
10271	791.	26.563	29.048	27.094	
10272	791.01	26.563	29.048	27.094	
10273	791.02	26.563	29.048	27.094	
10274	791.05	26.563	29.048	27.094	
10275	791.14	26.563	29.048	27.094	
10276	791.24	26.563	29.048	27.094	
10277	791.34	26.563	29.048	27.094	
10278	791.44	26.563	29.048	27.094	
10279	791.54	26.563	29.048	27.094	
10280	791.64	26.563	29.049	27.094	
10281	791.74	26.563	29.049	27.094	
10282	791.84	26.563	29.049	27.094	
10283	791.94	26.563	29.049	27.094	
10284	792.	26.563	29.049	27.094	
10285	792.01	26.563	29.049	27.094	
10286	792.02	26.563	29.049	27.094	
10287	792.05	26.563	29.049	27.094	
10288	792.14	26.564	29.049	27.094	
10289	792.24	26.564	29.049	27.095	
10290	792.34	26.564	29.049	27.095	
10291	792.44	26.564	29.049	27.095	
10292	792.54	26.564	29.049	27.095	
10293	792.64	26.564	29.05	27.095	
10294	792.74	26.564	29.05	27.095	
10295	792.84	26.564	29.05	27.095	
10296	792.94	26.564	29.05	27.095	
10297	793.	26.564	29.05	27.095	
10298	793.01	26.564	29.05	27.095	
10299	793.02	26.564	29.05	27.095	
10300	793.05	26.564	29.05	27.095	
10301	793.14	26.564	29.05	27.095	
10302	793.24	26.564	29.05	27.095	
10303	793.34	26.564	29.05	27.095	
10304	793.44	26.564	29.05	27.095	
10305	793.54	26.564	29.051	27.095	
10306	793.64	26.564	29.051	27.095	
10307	793.74	26.564	29.051	27.095	
10308	793.84	26.564	29.051	27.095	
10309	793.94	26.564	29.051	27.095	
10310	794.	26.564	29.051	27.095	
10311	794.01	26.564	29.051	27.095	
10312	794.02	26.564	29.051	27.095	
10313	794.05	26.564	29.051	27.095	
10314	794.14	26.564	29.051	27.095	
10315	794.24	26.564	29.051	27.095	
10316	794.34	26.564	29.051	27.095	
10317	794.44	26.564	29.051	27.095	
10318	794.54	26.564	29.052	27.095	
10319	794.64	26.564	29.052	27.095	
10320	794.74	26.564	29.052	27.096	
10321	794.84	26.564	29.052	27.096	
10322	794.94	26.564	29.052	27.096	
10323	795.	26.564	29.052	27.096	
10324	795.01	26.564	29.052	27.096	
10325	795.02	26.564	29.052	27.096	
10326	795.05	26.564	29.052	27.096	
10327	795.14	26.564	29.052	27.096	
10328	795.24	26.564	29.052	27.096	
10329	795.34	26.564	29.052	27.096	
10330	795.44	26.564	29.052	27.096	
10331	795.54	26.564	29.053	27.096	
10332	795.64	26.564	29.053	27.096	
10333	795.74	26.564	29.053	27.096	
10334	795.84	26.565	29.053	27.096	
10335	795.94	26.565	29.053	27.096	
10336	796.	26.565	29.053	27.096	
10337	796.01	26.565	29.053	27.096	
10338	796.02	26.565	29.053	27.096	
10339	796.05	26.565	29.053	27.096	
10340	796.14	26.565	29.053	27.096	
10341	796.24	26.565	29.053	27.096	
10342	796.34	26.565	29.053	27.096	
10343	796.44	26.565	29.053	27.096	
10344	796.54	26.565	29.054	27.096	
10345	796.64	26.565	29.054	27.096	
10346	796.74	26.565	29.054	27.096	
10347	796.84	26.565	29.054	27.096	
10348	796.94	26.565	29.054	27.096	
10349	797.	26.565	29.054	27.096	
10350	797.01	26.565	29.054	27.096	
10351	797.02	26.565	29.054	27.096	
10352	797.05	26.565	29.054	27.096	
10353	797.14	26.565	29.054	27.096	
10354	797.24	26.565	29.054	27.097	
10355	797.34	26.565	29.054	27.097	
10356	797.44	26.565	29.055	27.097	
10357	797.54	26.565	29.055	27.097	
10358	797.64	26.565	29.055	27.097	
10359	797.74	26.565	29.055	27.097	
10360	797.84	26.565	29.055	27.097	
10361	797.94	26.565	29.055	27.097	
10362	798.	26.565	29.055	27.097	
10363	798.01	26.565	29.055	27.097	
10364	798.02	26.565	29.055	27.097	
10365	798.05	26.565	29.055	27.097	
10366	798.14	26.565	29.055	27.097	
10367	798.24	26.565	29.055	27.097	
10368	798.34	26.565	29.055	27.097	
10369	798.44	26.565	29.056	27.097	
10370	798.54	26.565	29.056	27.097	
10371	798.64	26.565	29.056	27.097	
10372	798.74	26.565	29.056	27.097	
10373	798.84	26.565	29.056	27.097	
10374	798.94	26.565	29.056	27.097	
10375	799.	26.565	29.056	27.097	
10376	799.01	26.565	29.056	27.097	
10377	799.02	26.565	29.056	27.097	
10378	799.05	26.565	29.056	27.097	
10379	799.14	26.565	29.056	27.097	
10380	799.24	26.565	29.056	27.097	
10381	799.34	26.565	29.056	27.097	
10382	799.44	26.566	29.057	27.097	
10383	799.54	26.566	29.057	27.097	
10384	799.64	26.566	29.057	27.097	
10385	799.74	26.566	29.057	27.098	
10386	799.84	26.566	29.057	27.098	
10387	799.94	26.566	29.057	27.098	
10388	800.	26.566	29.057	27.098	
10389	800.01	26.566	29.057	27.098	
10390	800.02	26.566	29.057	27.098	
10391	800.05	26.566	29.057	27.098	
10392	800.14	26.566	29.057	27.098	
10393	800.24	26.566	29.057	27.098	
10394	800.34	26.566	29.058	27.098	
10395	800.44	26.566	29.058	27.098	
10396	800.54	26.566	29.058	27.098	
10397	800.64	26.566	29.058	27.098	
10398	800.74	26.566	29.058	27.098	
10399	800.84	26.566	29.058	27.098	
10400	800.94	26.566	29.058	27.098	
10401	801.	26.566	29.058	27.098	
10402	801.01	26.566	29.058	27.098	
10403	801.02	26.566	29.058	27.098	
10404	801.05	26.566	29.058	27.098	
10405	801.14	26.566	29.058	27.098	
10406	801.24	26.566	29.058	27.098	
10407	801.34	26.566	29.059	27.098	
10408	801.44	26.566	29.059	27.098	
10409	801.54	26.566	29.059	27.098	
10410	801.64	26.566	29.059	27.098	
10411	801.74	26.566	29.059	27.098	
10412	801.84	26.566	29.059	27.098	
10413	801.94	26.566	29.059	27.098	
10414	802.	26.566	29.059	27.098	
10415	802.01	26.566	29.059	27.098	
10416	802.02	26.566	29.059	27.098	
10417	802.05	26.566	29.059	27.098	
10418	802.14	26.566	29.059	27.098	
10419	802.24	26.566	29.059	27.098	
10420	802.34	26.566	29.06	27.099	
10421	802.44	26.566	29.06	27.099	
10422	802.54	26.566	29.06	27.099	
10423	802.64	26.566	29.06	27.099	
10424	802.74	26.566	29.06	27.099	
10425	802.84	26.566	29.06	27.099	
10426	802.94	26.566	29.06	27.099	
10427	803.	26.566	29.06	27.099	
10428	803.01	26.566	29.06	27.099	
10429	803.02	26.566	29.06	27.099	
10430	803.05	26.566	29.06	27.099	
10431	803.14	26.567	29.06	27.099	
10432	803.24	26.567	29.06	27.099	
10433	803.34	26.567	29.061	27.099	
10434	803.44	26.567	29.061	27.099	
10435	803.54	26.567	29.061	27.099	
10436	803.64	26.567	29.061	27.099	
10437	803.74	26.567	29.061	27.099	
10438	803.84	26.567	29.061	27.099	
10439	803.94	26.567	29.061	27.099	
10440	804.	26.567	29.061	27.099	
10441	804.01	26.567	29.061	27.099	
10442	804.02	26.567	29.061	27.099	
10443	804.05	26.567	29.061	27.099	
10444	804.14	26.567	29.061	27.099	
10445	804.24	26.567	29.062	27.099	
10446	804.34	26.567	29.062	27.099	
10447	804.44	26.567	29.062	27.099	
10448	804.54	26.567	29.062	27.099	
10449	804.64	26.567	29.062	27.099	
10450	804.74	26.567	29.062	27.099	
10451	804.84	26.567	29.062	27.1	
10452	804.94	26.567	29.062	27.1	
10453	805.	26.567	29.062	27.1	
10454	805.01	26.567	29.062	27.1	
10455	805.02	26.567	29.062	27.1	
10456	805.05	26.567	29.062	27.1	
10457	805.14	26.567	29.062	27.1	
10458	805.24	26.567	29.063	27.1	
10459	805.34	26.567	29.063	27.1	
10460	805.44	26.567	29.063	27.1	
10461	805.54	26.567	29.063	27.1	
10462	805.64	26.567	29.063	27.1	
10463	805.74	26.567	29.063	27.1	
10464	805.84	26.567	29.063	27.1	
10465	805.94	26.567	29.063	27.1	
10466	806.	26.567	29.063	27.1	
10467	806.01	26.567	29.063	27.1	
10468	806.02	26.567	29.063	27.1	
10469	806.05	26.567	29.063	27.1	
10470	806.14	26.567	29.063	27.1	
10471	806.24	26.567	29.064	27.1	
10472	806.34	26.567	29.064	27.1	
10473	806.44	26.567	29.064	27.1	
10474	806.54	26.567	29.064	27.1	
10475	806.64	26.567	29.064	27.1	
10476	806.74	26.568	29.064	27.1	
10477	806.84	26.568	29.064	27.1	
10478	806.94	26.568	29.064	27.1	
10479	807.	26.568	29.064	27.1	
10480	807.01	26.568	29.064	27.1	
10481	807.02	26.568	29.064	27.1	
10482	807.05	26.568	29.064	27.1	
10483	807.14	26.568	29.064	27.1	
10484	807.24	26.568	29.065	27.1	
10485	807.34	26.568	29.065	27.101	
10486	807.44	26.568	29.065	27.101	
10487	807.54	26.568	29.065	27.101	
10488	807.64	26.568	29.065	27.101	
10489	807.74	26.568	29.065	27.101	
10490	807.84	26.568	29.065	27.101	
10491	807.94	26.568	29.065	27.101	
10492	808.	26.568	29.065	27.101	
10493	808.01	26.568	29.065	27.101	
10494	808.02	26.568	29.065	27.101	
10495	808.05	26.568	29.065	27.101	
10496	808.14	26.568	29.066	27.101	
10497	808.24	26.568	29.066	27.101	
10498	808.34	26.568	29.066	27.101	
10499	808.44	26.568	29.066	27.101	
10500	808.54	26.568	29.066	27.101	
10501	808.64	26.568	29.066	27.101	
10502	808.74	26.568	29.066	27.101	
10503	808.84	26.568	29.066	27.101	
10504	808.94	26.568	29.066	27.101	
10505	809.	26.568	29.066	27.101	
10506	809.01	26.568	29.066	27.101	
10507	809.02	26.568	29.066	27.101	
10508	809.05	26.568	29.066	27.101	
10509	809.14	26.568	29.067	27.101	
10510	809.24	26.568	29.067	27.101	
10511	809.34	26.568	29.067	27.101	
10512	809.44	26.568	29.067	27.101	
10513	809.54	26.568	29.067	27.101	
10514	809.64	26.568	29.067	27.101	
10515	809.74	26.568	29.067	27.101	
10516	809.84	26.568	29.067	27.102	
10517	809.94	26.568	29.067	27.102	
10518	810.	26.568	29.067	27.102	
10519	810.01	26.568	29.067	27.102	
10520	810.02	26.568	29.067	27.102	
10521	810.05	26.568	29.067	27.102	
10522	810.14	26.568	29.068	27.102	
10523	810.24	26.568	29.068	27.102	
10524	810.34	26.568	29.068	27.102	
10525	810.44	26.569	29.068	27.102	
10526	810.54	26.569	29.068	27.102	
10527	810.64	26.569	29.068	27.102	
10528	810.74	26.569	29.068	27.102	
10529	810.84	26.569	29.068	27.102	
10530	810.94	26.569	29.068	27.102	
10531	811.	26.569	29.068	27.102	
10532	811.01	26.569	29.068	27.102	
10533	811.02	26.569	29.068	27.102	
10534	811.05	26.569	29.069	27.102	
10535	811.14	26.569	29.069	27.102	
10536	811.24	26.569	29.069	27.102	
10537	811.34	26.569	29.069	27.102	
10538	811.44	26.569	29.069	27.102	
10539	811.54	26.569	29.069	27.102	
10540	811.64	26.569	29.069	27.102	
10541	811.74	26.569	29.069	27.102	
10542	811.84	26.569	29.069	27.102	
10543	811.94	26.569	29.069	27.102	
10544	812.	26.569	29.069	27.102	
10545	812.01	26.569	29.069	27.102	
10546	812.02	26.569	29.07	27.102	
10547	812.05	26.569	29.07	27.102	
10548	812.14	26.569	29.07	27.102	
10549	812.24	26.569	29.07	27.102	
10550	812.34	26.569	29.07	27.103	
10551	812.44	26.569	29.07	27.103	
10552	812.54	26.569	29.07	27.103	
10553	812.64	26.569	29.07	27.103	
10554	812.74	26.569	29.07	27.103	
10555	812.84	26.569	29.07	27.103	
10556	812.94	26.569	29.07	27.103	
10557	813.	26.569	29.071	27.103	
10558	813.01	26.569	29.071	27.103	
10559	813.02	26.569	29.071	27.103	
10560	813.05	26.569	29.071	27.103	
10561	813.14	26.569	29.071	27.103	
10562	813.24	26.569	29.071	27.103	
10563	813.34	26.569	29.071	27.103	
10564	813.44	26.569	29.071	27.103	
10565	813.54	26.569	29.071	27.103	
10566	813.64	26.569	29.071	27.103	
10567	813.74	26.569	29.071	27.103	
10568	813.84	26.569	29.071	27.103	
10569	813.94	26.569	29.071	27.103	
10570	814.	26.57	29.072	27.103	
10571	814.01	26.57	29.072	27.103	
10572	814.02	26.57	29.072	27.103	
10573	814.05	26.57	29.072	27.103	
10574	814.14	26.57	29.072	27.103	
10575	814.24	26.57	29.072	27.103	
10576	814.34	26.57	29.072	27.103	
10577	814.44	26.57	29.072	27.103	
10578	814.54	26.57	29.072	27.103	
10579	814.64	26.57	29.072	27.103	
10580	814.74	26.57	29.072	27.103	
10581	814.84	26.57	29.072	27.104	
10582	814.94	26.57	29.073	27.104	
10583	815.	26.57	29.073	27.104	
10584	815.01	26.57	29.073	27.104	
10585	815.02	26.57	29.073	27.104	
10586	815.05	26.57	29.073	27.104	
10587	815.14	26.57	29.073	27.104	
10588	815.24	26.57	29.073	27.104	
10589	815.34	26.57	29.073	27.104	
10590	815.44	26.57	29.073	27.104	
10591	815.54	26.57	29.073	27.104	
10592	815.64	26.57	29.073	27.104	
10593	815.74	26.57	29.073	27.104	
10594	815.84	26.57	29.073	27.104	
10595	815.94	26.57	29.074	27.104	
10596	816.	26.57	29.074	27.104	
10597	816.01	26.57	29.074	27.104	
10598	816.02	26.57	29.074	27.104	
10599	816.05	26.57	29.074	27.104	
10600	816.14	26.57	29.074	27.104	
10601	816.24	26.57	29.074	27.104	
10602	816.34	26.57	29.074	27.104	
10603	816.44	26.57	29.074	27.104	
10604	816.54	26.57	29.074	27.104	
10605	816.64	26.57	29.074	27.104	
10606	816.74	26.57	29.074	27.104	
10607	816.84	26.57	29.074	27.104	
10608	816.94	26.57	29.075	27.104	
10609	817.	26.57	29.075	27.104	
10610	817.01	26.57	29.075	27.104	
10611	817.02	26.57	29.075	27.104	
10612	817.05	26.57	29.075	27.104	
10613	817.14	26.57	29.075	27.104	
10614	817.24	26.57	29.075	27.104	
10615	817.34	26.57	29.075	27.105	
10616	817.44	26.57	29.075	27.105	
10617	817.54	26.57	29.075	27.105	
10618	817.64	26.571	29.075	27.105	
10619	817.74	26.571	29.075	27.105	
10620	817.84	26.571	29.075	27.105	
10621	817.94	26.571	29.076	27.105	
10622	818.	26.571	29.076	27.105	
10623	818.01	26.571	29.076	27.105	
10624	818.02	26.571	29.076	27.105	
10625	818.05	26.571	29.076	27.105	
10626	818.14	26.571	29.076	27.105	
10627	818.24	26.571	29.076	27.105	
10628	818.34	26.571	29.076	27.105	
10629	818.44	26.571	29.076	27.105	
10630	818.54	26.571	29.076	27.105	
10631	818.64	26.571	29.076	27.105	
10632	818.74	26.571	29.076	27.105	
10633	818.84	26.571	29.077	27.105	
10634	818.94	26.571	29.077	27.105	
10635	819.	26.571	29.077	27.105	
10636	819.01	26.571	29.077	27.105	
10637	819.02	26.571	29.077	27.105	
10638	819.05	26.571	29.077	27.105	
10639	819.14	26.571	29.077	27.105	
10640	819.24	26.571	29.077	27.105	
10641	819.34	26.571	29.077	27.105	
10642	819.44	26.571	29.077	27.105	
10643	819.54	26.571	29.077	27.105	
10644	819.64	26.571	29.077	27.105	
10645	819.74	26.571	29.077	27.105	
10646	819.84	26.571	29.078	27.106	
10647	819.94	26.571	29.078	27.106	
10648	820.	26.571	29.078	27.106	
10649	820.01	26.571	29.078	27.106	
10650	820.02	26.571	29.078	27.106	
10651	820.05	26.571	29.078	27.106	
10652	820.14	26.571	29.078	27.106	
10653	820.24	26.571	29.078	27.106	
10654	820.34	26.571	29.078	27.106	
10655	820.44	26.571	29.078	27.106	
10656	820.54	26.571	29.078	27.106	
10657	820.64	26.571	29.078	27.106	
10658	820.74	26.571	29.078	27.106	
10659	820.84	26.571	29.079	27.106	
10660	820.94	26.571	29.079	27.106	
10661	821.	26.571	29.079	27.106	
10662	821.01	26.571	29.079	27.106	
10663	821.02	26.571	29.079	27.106	
10664	821.05	26.571	29.079	27.106	
10665	821.14	26.571	29.079	27.106	
10666	821.24	26.572	29.079	27.106	
10667	821.34	26.572	29.079	27.106	
10668	821.44	26.572	29.079	27.106	
10669	821.54	26.572	29.079	27.106	
10670	821.64	26.572	29.079	27.106	
10671	821.74	26.572	29.079	27.106	
10672	821.84	26.572	29.08	27.106	
10673	821.94	26.572	29.08	27.106	
10674	822.	26.572	29.08	27.106	
10675	822.01	26.572	29.08	27.106	
10676	822.02	26.572	29.08	27.106	
10677	822.05	26.572	29.08	27.106	
10678	822.14	26.572	29.08	27.106	
10679	822.24	26.572	29.08	27.107	
10680	822.34	26.572	29.08	27.107	
10681	822.44	26.572	29.08	27.107	
10682	822.54	26.572	29.08	27.107	
10683	822.64	26.572	29.08	27.107	
10684	822.74	26.572	29.08	27.107	
10685	822.84	26.572	29.081	27.107	
10686	822.94	26.572	29.081	27.107	
10687	823.	26.572	29.081	27.107	
10688	823.01	26.572	29.081	27.107	
10689	823.02	26.572	29.081	27.107	
10690	823.05	26.572	29.081	27.107	
10691	823.14	26.572	29.081	27.107	
10692	823.24	26.572	29.081	27.107	
10693	823.34	26.572	29.081	27.107	
10694	823.44	26.572	29.081	27.107	
10695	823.54	26.572	29.081	27.107	
10696	823.64	26.572	29.081	27.107	
10697	823.74	26.572	29.082	27.107	
10698	823.84	26.572	29.082	27.107	
10699	823.94	26.572	29.082	27.107	
10700	824.	26.572	29.082	27.107	
10701	824.01	26.572	29.082	27.107	
10702	824.02	26.572	29.082	27.107	
10703	824.05	26.572	29.082	27.107	
10704	824.14	26.572	29.082	27.107	
10705	824.24	26.572	29.082	27.107	
10706	824.34	26.572	29.082	27.107	
10707	824.44	26.572	29.082	27.107	
10708	824.54	26.572	29.082	27.107	
10709	824.64	26.572	29.082	27.107	
10710	824.74	26.572	29.083	27.108	
10711	824.84	26.573	29.083	27.108	
10712	824.94	26.573	29.083	27.108	
10713	825.	26.573	29.083	27.108	
10714	825.01	26.573	29.083	27.108	
10715	825.02	26.573	29.083	27.108	
10716	825.05	26.573	29.083	27.108	
10717	825.14	26.573	29.083	27.108	
10718	825.24	26.573	29.083	27.108	
10719	825.34	26.573	29.083	27.108	
10720	825.44	26.573	29.083	27.108	
10721	825.54	26.573	29.083	27.108	
10722	825.64	26.573	29.083	27.108	
10723	825.74	26.573	29.084	27.108	
10724	825.84	26.573	29.084	27.108	
10725	825.94	26.573	29.084	27.108	
10726	826.	26.573	29.084	27.108	
10727	826.01	26.573	29.084	27.108	
10728	826.02	26.573	29.084	27.108	
10729	826.05	26.573	29.084	27.108	
10730	826.14	26.573	29.084	27.108	
10731	826.24	26.573	29.084	27.108	
10732	826.34	26.573	29.084	27.108	
10733	826.44	26.573	29.084	27.108	
10734	826.54	26.573	29.084	27.108	
10735	826.64	26.573	29.084	27.108	
10736	826.74	26.573	29.085	27.108	
10737	826.84	26.573	29.085	27.108	
10738	826.94	26.573	29.085	27.108	
10739	827.	26.573	29.085	27.108	
10740	827.01	26.573	29.085	27.108	
10741	827.02	26.573	29.085	27.108	
10742	827.05	26.573	29.085	27.108	
10743	827.14	26.573	29.085	27.108	
10744	827.24	26.573	29.085	27.109	
10745	827.34	26.573	29.085	27.109	
10746	827.44	26.573	29.085	27.109	
10747	827.54	26.573	29.085	27.109	
10748	827.64	26.573	29.086	27.109	
10749	827.74	26.573	29.086	27.109	
10750	827.84	26.573	29.086	27.109	
10751	827.94	26.573	29.086	27.109	
10752	828.	26.573	29.086	27.109	
10753	828.01	26.573	29.086	27.109	
10754	828.02	26.573	29.086	27.109	
10755	828.05	26.573	29.086	27.109	
10756	828.14	26.573	29.086	27.109	
10757	828.24	26.573	29.086	27.109	
10758	828.34	26.573	29.086	27.109	
10759	828.44	26.574	29.086	27.109	
10760	828.54	26.574	29.086	27.109	
10761	828.64	26.574	29.087	27.109	
10762	828.74	26.574	29.087	27.109	
10763	828.84	26.574	29.087	27.109	
10764	828.94	26.574	29.087	27.109	
10765	829.	26.574	29.087	27.109	
10766	829.01	26.574	29.087	27.109	
10767	829.02	26.574	29.087	27.109	
10768	829.05	26.574	29.087	27.109	
10769	829.14	26.574	29.087	27.109	
10770	829.24	26.574	29.087	27.109	
10771	829.34	26.574	29.087	27.109	
10772	829.44	26.574	29.087	27.109	
10773	829.54	26.574	29.087	27.109	
10774	829.64	26.574	29.088	27.109	
10775	829.74	26.574	29.088	27.11	
10776	829.84	26.574	29.088	27.11	
10777	829.94	26.574	29.088	27.11	
10778	830.	26.574	29.088	27.11	
10779	830.01	26.574	29.088	27.11	
10780	830.02	26.574	29.088	27.11	
10781	830.05	26.574	29.088	27.11	
10782	830.14	26.574	29.088	27.11	
10783	830.24	26.574	29.088	27.11	
10784	830.34	26.574	29.088	27.11	
10785	830.44	26.574	29.088	27.11	
10786	830.54	26.574	29.088	27.11	
10787	830.64	26.574	29.089	27.11	
10788	830.74	26.574	29.089	27.11	
10789	830.84	26.574	29.089	27.11	
10790	830.94	26.574	29.089	27.11	
10791	831.	26.574	29.089	27.11	
10792	831.01	26.574	29.089	27.11	
10793	831.02	26.574	29.089	27.11	
10794	831.05	26.574	29.089	27.11	
10795	831.14	26.574	29.089	27.11	
10796	831.24	26.574	29.089	27.11	
10797	831.34	26.574	29.089	27.11	
10798	831.44	26.574	29.089	27.11	
10799	831.54	26.574	29.09	27.11	
10800	831.64	26.574	29.09	27.11	
10801	831.74	26.574	29.09	27.11	
10802	831.84	26.574	29.09	27.11	
10803	831.94	26.574	29.09	27.11	
10804	832.	26.575	29.09	27.11	
10805	832.01	26.575	29.09	27.11	
10806	832.02	26.575	29.09	27.11	
10807	832.05	26.575	29.09	27.11	
10808	832.14	26.575	29.09	27.11	
10809	832.24	26.575	29.09	27.111	
10810	832.34	26.575	29.09	27.111	
10811	832.44	26.575	29.09	27.111	
10812	832.54	26.575	29.091	27.111	
10813	832.64	26.575	29.091	27.111	
10814	832.74	26.575	29.091	27.111	
10815	832.84	26.575	29.091	27.111	
10816	832.94	26.575	29.091	27.111	
10817	833.	26.575	29.091	27.111	
10818	833.01	26.575	29.091	27.111	
10819	833.02	26.575	29.091	27.111	
10820	833.05	26.575	29.091	27.111	
10821	833.14	26.575	29.091	27.111	
10822	833.24	26.575	29.091	27.111	
10823	833.34	26.575	29.091	27.111	
10824	833.44	26.575	29.091	27.111	
10825	833.54	26.575	29.092	27.111	
10826	833.64	26.575	29.092	27.111	
10827	833.74	26.575	29.092	27.111	
10828	833.84	26.575	29.092	27.111	
10829	833.94	26.575	29.092	27.111	
10830	834.	26.575	29.092	27.111	
10831	834.01	26.575	29.092	27.111	
10832	834.02	26.575	29.092	27.111	
10833	834.05	26.575	29.092	27.111	
10834	834.14	26.575	29.092	27.111	
10835	834.24	26.575	29.092	27.111	
10836	834.34	26.575	29.092	27.111	
10837	834.44	26.575	29.092	27.111	
10838	834.54	26.575	29.093	27.111	
10839	834.64	26.575	29.093	27.111	
10840	834.74	26.575	29.093	27.112	
10841	834.84	26.575	29.093	27.112	
10842	834.94	26.575	29.093	27.112	
10843	835.	26.575	29.093	27.112	
10844	835.01	26.575	29.093	27.112	
10845	835.02	26.575	29.093	27.112	
10846	835.05	26.575	29.093	27.112	
10847	835.14	26.575	29.093	27.112	
10848	835.24	26.575	29.093	27.112	
10849	835.34	26.575	29.093	27.112	
10850	835.44	26.575	29.093	27.112	
10851	835.54	26.575	29.094	27.112	
10852	835.64	26.576	29.094	27.112	
10853	835.74	26.576	29.094	27.112	
10854	835.84	26.576	29.094	27.112	
10855	835.94	26.576	29.094	27.112	
10856	836.	26.576	29.094	27.112	
10857	836.01	26.576	29.094	27.112	
10858	836.02	26.576	29.094	27.112	
10859	836.05	26.576	29.094	27.112	
10860	836.14	26.576	29.094	27.112	
10861	836.24	26.576	29.094	27.112	
10862	836.34	26.576	29.094	27.112	
10863	836.44	26.576	29.095	27.112	
10864	836.54	26.576	29.095	27.112	
10865	836.64	26.576	29.095	27.112	
10866	836.74	26.576	29.095	27.112	
10867	836.84	26.576	29.095	27.112	
10868	836.94	26.576	29.095	27.112	
10869	837.	26.576	29.095	27.112	
10870	837.01	26.576	29.095	27.112	
10871	837.02	26.576	29.095	27.112	
10872	837.05	26.576	29.095	27.112	
10873	837.14	26.576	29.095	27.113	
10874	837.24	26.576	29.095	27.113	
10875	837.34	26.576	29.095	27.113	
10876	837.44	26.576	29.096	27.113	
10877	837.54	26.576	29.096	27.113	
10878	837.64	26.576	29.096	27.113	
10879	837.74	26.576	29.096	27.113	
10880	837.84	26.576	29.096	27.113	
10881	837.94	26.576	29.096	27.113	
10882	838.	26.576	29.096	27.113	
10883	838.01	26.576	29.096	27.113	
10884	838.02	26.576	29.096	27.113	
10885	838.05	26.576	29.096	27.113	
10886	838.14	26.576	29.096	27.113	
10887	838.24	26.576	29.096	27.113	
10888	838.34	26.576	29.096	27.113	
10889	838.44	26.576	29.097	27.113	
10890	838.54	26.576	29.097	27.113	
10891	838.64	26.576	29.097	27.113	
10892	838.74	26.576	29.097	27.113	
10893	838.84	26.576	29.097	27.113	
10894	838.94	26.576	29.097	27.113	
10895	839.	26.576	29.097	27.113	
10896	839.01	26.576	29.097	27.113	
10897	839.02	26.576	29.097	27.113	
10898	839.05	26.576	29.097	27.113	
10899	839.14	26.577	29.097	27.113	
10900	839.24	26.577	29.097	27.113	
10901	839.34	26.577	29.097	27.113	
10902	839.44	26.577	29.098	27.113	
10903	839.54	26.577	29.098	27.113	
10904	839.64	26.577	29.098	27.114	
10905	839.74	26.577	29.098	27.114	
10906	839.84	26.577	29.098	27.114	
10907	839.94	26.577	29.098	27.114	
10908	840.	26.577	29.098	27.114	
10909	840.01	26.577	29.098	27.114	
10910	840.02	26.577	29.098	27.114	
10911	840.05	26.577	29.098	27.114	
10912	840.14	26.577	29.098	27.114	
10913	840.24	26.577	29.098	27.114	
10914	840.34	26.577	29.098	27.114	
10915	840.44	26.577	29.099	27.114	
10916	840.54	26.577	29.099	27.114	
10917	840.64	26.577	29.099	27.114	
10918	840.74	26.577	29.099	27.114	
10919	840.84	26.577	29.099	27.114	
10920	840.94	26.577	29.099	27.114	
10921	841.	26.577	29.099	27.114	
10922	841.01	26.577	29.099	27.114	
10923	841.02	26.577	29.099	27.114	
10924	841.05	26.577	29.099	27.114	
10925	841.14	26.577	29.099	27.114	
10926	841.24	26.577	29.099	27.114	
10927	841.34	26.577	29.1	27.114	
10928	841.44	26.577	29.1	27.114	
10929	841.54	26.577	29.1	27.114	
10930	841.64	26.577	29.1	27.114	
10931	841.74	26.577	29.1	27.114	
10932	841.84	26.577	29.1	27.114	
10933	841.94	26.577	29.1	27.114	
10934	842.	26.577	29.1	27.114	
10935	842.01	26.577	29.1	27.114	
10936	842.02	26.577	29.1	27.114	
10937	842.05	26.577	29.1	27.114	
10938	842.14	26.577	29.1	27.115	
10939	842.24	26.577	29.1	27.115	
10940	842.34	26.577	29.101	27.115	
10941	842.44	26.577	29.101	27.115	
10942	842.54	26.577	29.101	27.115	
10943	842.64	26.577	29.101	27.115	
10944	842.74	26.578	29.101	27.115	
10945	842.84	26.578	29.101	27.115	
10946	842.94	26.578	29.101	27.115	
10947	843.	26.578	29.101	27.115	
10948	843.01	26.578	29.101	27.115	
10949	843.02	26.578	29.101	27.115	
10950	843.05	26.578	29.101	27.115	
10951	843.14	26.578	29.101	27.115	
10952	843.24	26.578	29.101	27.115	
10953	843.34	26.578	29.102	27.115	
10954	843.44	26.578	29.102	27.115	
10955	843.54	26.578	29.102	27.115	
10956	843.64	26.578	29.102	27.115	
10957	843.74	26.578	29.102	27.115	
10958	843.84	26.578	29.102	27.115	
10959	843.94	26.578	29.102	27.115	
10960	844.	26.578	29.102	27.115	
10961	844.01	26.578	29.102	27.115	
10962	844.02	26.578	29.102	27.115	
10963	844.05	26.578	29.102	27.115	
10964	844.14	26.578	29.102	27.115	
10965	844.24	26.578	29.102	27.115	
10966	844.34	26.578	29.103	27.115	
10967	844.44	26.578	29.103	27.115	
10968	844.54	26.578	29.103	27.115	
10969	844.64	26.578	29.103	27.116	
10970	844.74	26.578	29.103	27.116	
10971	844.84	26.578	29.103	27.116	
10972	844.94	26.578	29.103	27.116	
10973	845.	26.578	29.103	27.116	
10974	845.01	26.578	29.103	27.116	
10975	845.02	26.578	29.103	27.116	
10976	845.05	26.578	29.103	27.116	
10977	845.14	26.578	29.103	27.116	
10978	845.24	26.578	29.103	27.116	
10979	845.34	26.578	29.104	27.116	
10980	845.44	26.578	29.104	27.116	
10981	845.54	26.578	29.104	27.116	
10982	845.64	26.578	29.104	27.116	
10983	845.74	26.578	29.104	27.116	
10984	845.84	26.578	29.104	27.116	
10985	845.94	26.578	29.104	27.116	
10986	846.	26.578	29.104	27.116	
10987	846.01	26.578	29.104	27.116	
10988	846.02	26.578	29.104	27.116	
10989	846.05	26.578	29.104	27.116	
10990	846.14	26.578	29.104	27.116	
10991	846.24	26.578	29.105	27.116	
10992	846.34	26.579	29.105	27.116	
10993	846.44	26.579	29.105	27.116	
10994	846.54	26.579	29.105	27.116	
10995	846.64	26.579	29.105	27.116	
10996	846.74	26.579	29.105	27.116	
10997	846.84	26.579	29.105	27.116	
10998	846.94	26.579	29.105	27.116	
10999	847.	26.579	29.105	27.116	
11000	847.01	26.579	29.105	27.116	
11001	847.02	26.579	29.105	27.117	
11002	847.05	26.579	29.105	27.117	
11003	847.14	26.579	29.105	27.117	
11004	847.24	26.579	29.106	27.117	
11005	847.34	26.579	29.106	27.117	
11006	847.44	26.579	29.106	27.117	
11007	847.54	26.579	29.106	27.117	
11008	847.64	26.579	29.106	27.117	
11009	847.74	26.579	29.106	27.117	
11010	847.84	26.579	29.106	27.117	
11011	847.94	26.579	29.106	27.117	
11012	848.	26.579	29.106	27.117	
11013	848.01	26.579	29.106	27.117	
11014	848.02	26.579	29.106	27.117	
11015	848.05	26.579	29.106	27.117	
11016	848.14	26.579	29.106	27.117	
11017	848.24	26.579	29.107	27.117	
11018	848.34	26.579	29.107	27.117	
11019	848.44	26.579	29.107	27.117	
11020	848.54	26.579	29.107	27.117	
11021	848.64	26.579	29.107	27.117	
11022	848.74	26.579	29.107	27.117	
11023	848.84	26.579	29.107	27.117	
11024	848.94	26.579	29.107	27.117	
11025	849.	26.579	29.107	27.117	
11026	849.01	26.579	29.107	27.117	
11027	849.02	26.579	29.107	27.117	
11028	849.05	26.579	29.107	27.117	
11029	849.14	26.579	29.107	27.117	
11030	849.24	26.579	29.108	27.117	
11031	849.34	26.579	29.108	27.117	
11032	849.44	26.579	29.108	27.117	
11033	849.54	26.579	29.108	27.118	
11034	849.64	26.579	29.108	27.118	
11035	849.74	26.579	29.108	27.118	
11036	849.84	26.58	29.108	27.118	
11037	849.94	26.58	29.108	27.118	
11038	850.	26.58	29.108	27.118	
11039	850.01	26.58	29.108	27.118	
11040	850.02	26.58	29.108	27.118	
11041	850.05	26.58	29.108	27.118	
11042	850.14	26.58	29.108	27.118	
11043	850.24	26.58	29.109	27.118	
11044	850.34	26.58	29.109	27.118	
11045	850.44	26.58	29.109	27.118	
11046	850.54	26.58	29.109	27.118	
11047	850.64	26.58	29.109	27.118	
11048	850.74	26.58	29.109	27.118	
11049	850.84	26.58	29.109	27.118	
11050	850.94	26.58	29.109	27.118	
11051	851.	26.58	29.109	27.118	
11052	851.01	26.58	29.109	27.118	
11053	851.02	26.58	29.109	27.118	
11054	851.05	26.58	29.109	27.118	
11055	851.14	26.58	29.11	27.118	
11056	851.24	26.58	29.11	27.118	
11057	851.34	26.58	29.11	27.118	
11058	851.44	26.58	29.11	27.118	
11059	851.54	26.58	29.11	27.118	
11060	851.64	26.58	29.11	27.118	
11061	851.74	26.58	29.11	27.118	
11062	851.84	26.58	29.11	27.118	
11063	851.94	26.58	29.11	27.118	
11064	852.	26.58	29.11	27.119	
11065	852.01	26.58	29.11	27.119	
11066	852.02	26.58	29.11	27.119	
11067	852.05	26.58	29.11	27.119	
11068	852.14	26.58	29.111	27.119	
11069	852.24	26.58	29.111	27.119	
11070	852.34	26.58	29.111	27.119	
11071	852.44	26.58	29.111	27.119	
11072	852.54	26.58	29.111	27.119	
11073	852.64	26.58	29.111	27.119	
11074	852.74	26.58	29.111	27.119	
11075	852.84	26.58	29.111	27.119	
11076	852.94	26.58	29.111	27.119	
11077	853.	26.58	29.111	27.119	
11078	853.01	26.58	29.111	27.119	
11079	853.02	26.58	29.111	27.119	
11080	853.05	26.58	29.111	27.119	
11081	853.14	26.58	29.112	27.119	
11082	853.24	26.58	29.112	27.119	
11083	853.34	26.581	29.112	27.119	
11084	853.44	26.581	29.112	27.119	
11085	853.54	26.581	29.112	27.119	
11086	853.64	26.581	29.112	27.119	
11087	853.74	26.581	29.112	27.119	
11088	853.84	26.581	29.112	27.119	
11089	853.94	26.581	29.112	27.119	
11090	854.	26.581	29.112	27.119	
11091	854.01	26.581	29.112	27.119	
11092	854.02	26.581	29.112	27.119	
11093	854.05	26.581	29.112	27.119	
11094	854.14	26.581	29.113	27.119	
11095	854.24	26.581	29.113	27.119	
11096	854.34	26.581	29.113	27.119	
11097	854.44	26.581	29.113	27.12	
11098	854.54	26.581	29.113	27.12	
11099	854.64	26.581	29.113	27.12	
11100	854.74	26.581	29.113	27.12	
11101	854.84	26.581	29.113	27.12	
11102	854.94	26.581	29.113	27.12	
11103	855.	26.581	29.113	27.12	
11104	855.01	26.581	29.113	27.12	
11105	855.02	26.581	29.113	27.12	
11106	855.05	26.581	29.113	27.12	
11107	855.14	26.581	29.114	27.12	
11108	855.24	26.581	29.114	27.12	
11109	855.34	26.581	29.114	27.12	
11110	855.44	26.581	29.114	27.12	
11111	855.54	26.581	29.114	27.12	
11112	855.64	26.581	29.114	27.12	
11113	855.74	26.581	29.114	27.12	
11114	855.84	26.581	29.114	27.12	
11115	855.94	26.581	29.114	27.12	
11116	856.	26.581	29.114	27.12	
11117	856.01	26.581	29.114	27.12	
11118	856.02	26.581	29.114	27.12	
11119	856.05	26.581	29.115	27.12	
11120	856.14	26.581	29.115	27.12	
11121	856.24	26.581	29.115	27.12	
11122	856.34	26.581	29.115	27.12	
11123	856.44	26.581	29.115	27.12	
11124	856.54	26.581	29.115	27.12	
11125	856.64	26.581	29.115	27.12	
11126	856.74	26.581	29.115	27.12	
11127	856.84	26.581	29.115	27.12	
11128	856.94	26.582	29.115	27.121	
11129	857.	26.582	29.115	27.121	
11130	857.01	26.582	29.115	27.121	
11131	857.02	26.582	29.116	27.121	
11132	857.05	26.582	29.116	27.121	
11133	857.14	26.582	29.116	27.121	
11134	857.24	26.582	29.116	27.121	
11135	857.34	26.582	29.116	27.121	
11136	857.44	26.582	29.116	27.121	
11137	857.54	26.582	29.116	27.121	
11138	857.64	26.582	29.116	27.121	
11139	857.74	26.582	29.116	27.121	
11140	857.84	26.582	29.116	27.121	
11141	857.94	26.582	29.116	27.121	
11142	858.	26.582	29.117	27.121	
11143	858.01	26.582	29.117	27.121	
11144	858.02	26.582	29.117	27.121	
11145	858.05	26.582	29.117	27.121	
11146	858.14	26.582	29.117	27.121	
11147	858.24	26.582	29.117	27.121	
11148	858.34	26.582	29.117	27.121	
11149	858.44	26.582	29.117	27.121	
11150	858.54	26.582	29.117	27.121	
11151	858.64	26.582	29.117	27.121	
11152	858.74	26.582	29.117	27.121	
11153	858.84	26.582	29.117	27.121	
11154	858.94	26.582	29.117	27.121	
11155	859.	26.582	29.118	27.121	
11156	859.01	26.582	29.118	27.121	
11157	859.02	26.582	29.118	27.121	
11158	859.05	26.582	29.118	27.121	
11159	859.14	26.582	29.118	27.121	
11160	859.24	26.582	29.118	27.121	
11161	859.34	26.582	29.118	27.122	
11162	859.44	26.582	29.118	27.122	
11163	859.54	26.582	29.118	27.122	
11164	859.64	26.582	29.118	27.122	
11165	859.74	26.582	29.118	27.122	
11166	859.84	26.582	29.118	27.122	
11167	859.94	26.582	29.118	27.122	
11168	860.	26.582	29.119	27.122	
11169	860.01	26.582	29.119	27.122	
11170	860.02	26.582	29.119	27.122	
11171	860.05	26.582	29.119	27.122	
11172	860.14	26.582	29.119	27.122	
11173	860.24	26.582	29.119	27.122	
11174	860.34	26.582	29.119	27.122	
11175	860.44	26.583	29.119	27.122	
11176	860.54	26.583	29.119	27.122	
11177	860.64	26.583	29.119	27.122	
11178	860.74	26.583	29.119	27.122	
11179	860.84	26.583	29.119	27.122	
11180	860.94	26.583	29.119	27.122	
11181	861.	26.583	29.12	27.122	
11182	861.01	26.583	29.12	27.122	
11183	861.02	26.583	29.12	27.122	
11184	861.05	26.583	29.12	27.122	
11185	861.14	26.583	29.12	27.122	
11186	861.24	26.583	29.12	27.122	
11187	861.34	26.583	29.12	27.122	
11188	861.44	26.583	29.12	27.122	
11189	861.54	26.583	29.12	27.122	
11190	861.64	26.583	29.12	27.122	
11191	861.74	26.583	29.12	27.122	
11192	861.84	26.583	29.12	27.123	
11193	861.94	26.583	29.121	27.123	
11194	862.	26.583	29.121	27.123	
11195	862.01	26.583	29.121	27.123	
11196	862.02	26.583	29.121	27.123	
11197	862.05	26.583	29.121	27.123	
11198	862.14	26.583	29.121	27.123	
11199	862.24	26.583	29.121	27.123	
11200	862.34	26.583	29.121	27.123	
11201	862.44	26.583	29.121	27.123	
11202	862.54	26.583	29.121	27.123	
11203	862.64	26.583	29.121	27.123	
11204	862.74	26.583	29.121	27.123	
11205	862.84	26.583	29.121	27.123	
11206	862.94	26.583	29.122	27.123	
11207	863.	26.583	29.122	27.123	
11208	863.01	26.583	29.122	27.123	
11209	863.02	26.583	29.122	27.123	
11210	863.05	26.583	29.122	27.123	
11211	863.14	26.583	29.122	27.123	
11212	863.24	26.583	29.122	27.123	
11213	863.34	26.583	29.122	27.123	
11214	863.44	26.583	29.122	27.123	
11215	863.54	26.583	29.122	27.123	
11216	863.64	26.583	29.122	27.123	
11217	863.74	26.583	29.122	27.123	
11218	863.84	26.583	29.122	27.123	
11219	863.94	26.584	29.123	27.123	
11220	864.	26.584	29.123	27.123	
11221	864.01	26.584	29.123	27.123	
11222	864.02	26.584	29.123	27.123	
11223	864.05	26.584	29.123	27.123	
11224	864.14	26.584	29.123	27.123	
11225	864.24	26.584	29.123	27.124	
11226	864.34	26.584	29.123	27.124	
11227	864.44	26.584	29.123	27.124	
11228	864.54	26.584	29.123	27.124	
11229	864.64	26.584	29.123	27.124	
11230	864.74	26.584	29.123	27.124	
11231	864.84	26.584	29.123	27.124	
11232	864.94	26.584	29.124	27.124	
11233	865.	26.584	29.124	27.124	
11234	865.01	26.584	29.124	27.124	
11235	865.02	26.584	29.124	27.124	
11236	865.05	26.584	29.124	27.124	
11237	865.14	26.584	29.124	27.124	
11238	865.24	26.584	29.124	27.124	
11239	865.34	26.584	29.124	27.124	
11240	865.44	26.584	29.124	27.124	
11241	865.54	26.584	29.124	27.124	
11242	865.64	26.584	29.124	27.124	
11243	865.74	26.584	29.124	27.124	
11244	865.84	26.584	29.124	27.124	
11245	865.94	26.584	29.125	27.124	
11246	866.	26.584	29.125	27.124	
11247	866.01	26.584	29.125	27.124	
11248	866.02	26.584	29.125	27.124	
11249	866.05	26.584	29.125	27.124	
11250	866.14	26.584	29.125	27.124	
11251	866.24	26.584	29.125	27.124	
11252	866.34	26.584	29.125	27.124	
11253	866.44	26.584	29.125	27.124	
11254	866.54	26.584	29.125	27.124	
11255	866.64	26.584	29.125	27.124	
11256	866.74	26.584	29.125	27.125	
11257	866.84	26.584	29.125	27.125	
11258	866.94	26.584	29.126	27.125	
11259	867.	26.584	29.126	27.125	
11260	867.01	26.584	29.126	27.125	
11261	867.02	26.584	29.126	27.125	
11262	867.05	26.584	29.126	27.125	
11263	867.14	26.584	29.126	27.125	
11264	867.24	26.584	29.126	27.125	
11265	867.34	26.584	29.126	27.125	
11266	867.44	26.585	29.126	27.125	
11267	867.54	26.585	29.126	27.125	
11268	867.64	26.585	29.126	27.125	
11269	867.74	26.585	29.126	27.125	
11270	867.84	26.585	29.127	27.125	
11271	867.94	26.585	29.127	27.125	
11272	868.	26.585	29.127	27.125	
11273	868.01	26.585	29.127	27.125	
11274	868.02	26.585	29.127	27.125	
11275	868.05	26.585	29.127	27.125	
11276	868.14	26.585	29.127	27.125	
11277	868.24	26.585	29.127	27.125	
11278	868.34	26.585	29.127	27.125	
11279	868.44	26.585	29.127	27.125	
11280	868.54	26.585	29.127	27.125	
11281	868.64	26.585	29.127	27.125	
11282	868.74	26.585	29.127	27.125	
11283	868.84	26.585	29.128	27.125	
11284	868.94	26.585	29.128	27.125	
11285	869.	26.585	29.128	27.125	
11286	869.01	26.585	29.128	27.125	
11287	869.02	26.585	29.128	27.125	
11288	869.05	26.585	29.128	27.125	
11289	869.14	26.585	29.128	27.126	
11290	869.24	26.585	29.128	27.126	
11291	869.34	26.585	29.128	27.126	
11292	869.44	26.585	29.128	27.126	
11293	869.54	26.585	29.128	27.126	
11294	869.64	26.585	29.128	27.126	
11295	869.74	26.585	29.128	27.126	
11296	869.84	26.585	29.129	27.126	
11297	869.94	26.585	29.129	27.126	
11298	870.	26.585	29.129	27.126	
11299	870.01	26.585	29.129	27.126	
11300	870.02	26.585	29.129	27.126	
11301	870.05	26.585	29.129	27.126	
11302	870.14	26.585	29.129	27.126	
11303	870.24	26.585	29.129	27.126	
11304	870.34	26.585	29.129	27.126	
11305	870.44	26.585	29.129	27.126	
11306	870.54	26.585	29.129	27.126	
11307	870.64	26.585	29.129	27.126	
11308	870.74	26.585	29.129	27.126	
11309	870.84	26.585	29.13	27.126	
11310	870.94	26.586	29.13	27.126	
11311	871.	26.586	29.13	27.126	
11312	871.01	26.586	29.13	27.126	
11313	871.02	26.586	29.13	27.126	
11314	871.05	26.586	29.13	27.126	
11315	871.14	26.586	29.13	27.126	
11316	871.24	26.586	29.13	27.126	
11317	871.34	26.586	29.13	27.126	
11318	871.44	26.586	29.13	27.126	
11319	871.54	26.586	29.13	27.126	
11320	871.64	26.586	29.13	27.127	
11321	871.74	26.586	29.13	27.127	
11322	871.84	26.586	29.131	27.127	
11323	871.94	26.586	29.131	27.127	
11324	872.	26.586	29.131	27.127	
11325	872.01	26.586	29.131	27.127	
11326	872.02	26.586	29.131	27.127	
11327	872.05	26.586	29.131	27.127	
11328	872.14	26.586	29.131	27.127	
11329	872.24	26.586	29.131	27.127	
11330	872.34	26.586	29.131	27.127	
11331	872.44	26.586	29.131	27.127	
11332	872.54	26.586	29.131	27.127	
11333	872.64	26.586	29.131	27.127	
11334	872.74	26.586	29.131	27.127	
11335	872.84	26.586	29.132	27.127	
11336	872.94	26.586	29.132	27.127	
11337	873.	26.586	29.132	27.127	
11338	873.01	26.586	29.132	27.127	
11339	873.02	26.586	29.132	27.127	
11340	873.05	26.586	29.132	27.127	
11341	873.14	26.586	29.132	27.127	
11342	873.24	26.586	29.132	27.127	
11343	873.34	26.586	29.132	27.127	
11344	873.44	26.586	29.132	27.127	
11345	873.54	26.586	29.132	27.127	
11346	873.64	26.586	29.132	27.127	
11347	873.74	26.586	29.133	27.127	
11348	873.84	26.586	29.133	27.127	
11349	873.94	26.586	29.133	27.127	
11350	874.	26.586	29.133	27.127	
11351	874.01	26.586	29.133	27.128	
11352	874.02	26.586	29.133	27.128	
11353	874.05	26.586	29.133	27.128	
11354	874.14	26.586	29.133	27.128	
11355	874.24	26.586	29.133	27.128	
11356	874.34	26.586	29.133	27.128	
11357	874.44	26.587	29.133	27.128	
11358	874.54	26.587	29.133	27.128	
11359	874.64	26.587	29.133	27.128	
11360	874.74	26.587	29.134	27.128	
11361	874.84	26.587	29.134	27.128	
11362	874.94	26.587	29.134	27.128	
11363	875.	26.587	29.134	27.128	
11364	875.01	26.587	29.134	27.128	
11365	875.02	26.587	29.134	27.128	
11366	875.05	26.587	29.134	27.128	
11367	875.14	26.587	29.134	27.128	
11368	875.24	26.587	29.134	27.128	
11369	875.34	26.587	29.134	27.128	
11370	875.44	26.587	29.134	27.128	
11371	875.54	26.587	29.134	27.128	
11372	875.64	26.587	29.134	27.128	
11373	875.74	26.587	29.135	27.128	
11374	875.84	26.587	29.135	27.128	
11375	875.94	26.587	29.135	27.128	
11376	876.	26.587	29.135	27.128	
11377	876.01	26.587	29.135	27.128	
11378	876.02	26.587	29.135	27.128	
11379	876.05	26.587	29.135	27.128	
11380	876.14	26.587	29.135	27.128	
11381	876.24	26.587	29.135	27.128	
11382	876.34	26.587	29.135	27.128	
11383	876.44	26.587	29.135	27.128	
11384	876.54	26.587	29.135	27.129	
11385	876.64	26.587	29.135	27.129	
11386	876.74	26.587	29.136	27.129	
11387	876.84	26.587	29.136	27.129	
11388	876.94	26.587	29.136	27.129	
11389	877.	26.587	29.136	27.129	
11390	877.01	26.587	29.136	27.129	
11391	877.02	26.587	29.136	27.129	
11392	877.05	26.587	29.136	27.129	
11393	877.14	26.587	29.136	27.129	
11394	877.24	26.587	29.136	27.129	
11395	877.34	26.587	29.136	27.129	
11396	877.44	26.587	29.136	27.129	
11397	877.54	26.587	29.136	27.129	
11398	877.64	26.587	29.136	27.129	
11399	877.74	26.587	29.137	27.129	
11400	877.84	26.587	29.137	27.129	
11401	877.94	26.588	29.137	27.129	
11402	878.	26.588	29.137	27.129	
11403	878.01	26.588	29.137	27.129	
11404	878.02	26.588	29.137	27.129	
11405	878.05	26.588	29.137	27.129	
11406	878.14	26.588	29.137	27.129	
11407	878.24	26.588	29.137	27.129	
11408	878.34	26.588	29.137	27.129	
11409	878.44	26.588	29.137	27.129	
11410	878.54	26.588	29.137	27.129	
11411	878.64	26.588	29.137	27.129	
11412	878.74	26.588	29.138	27.129	
11413	878.84	26.588	29.138	27.129	
11414	878.94	26.588	29.138	27.13	
11415	879.	26.588	29.138	27.13	
11416	879.01	26.588	29.138	27.13	
11417	879.02	26.588	29.138	27.13	
11418	879.05	26.588	29.138	27.13	
11419	879.14	26.588	29.138	27.13	
11420	879.24	26.588	29.138	27.13	
11421	879.34	26.588	29.138	27.13	
11422	879.44	26.588	29.138	27.13	
11423	879.54	26.588	29.138	27.13	
11424	879.64	26.588	29.138	27.13	
11425	879.74	26.588	29.139	27.13	
11426	879.84	26.588	29.139	27.13	
11427	879.94	26.588	29.139	27.13	
11428	880.	26.588	29.139	27.13	
11429	880.01	26.588	29.139	27.13	
11430	880.02	26.588	29.139	27.13	
11431	880.05	26.588	29.139	27.13	
11432	880.14	26.588	29.139	27.13	
11433	880.24	26.588	29.139	27.13	
11434	880.34	26.588	29.139	27.13	
11435	880.44	26.588	29.139	27.13	
11436	880.54	26.588	29.139	27.13	
11437	880.64	26.588	29.14	27.13	
11438	880.74	26.588	29.14	27.13	
11439	880.84	26.588	29.14	27.13	
11440	880.94	26.588	29.14	27.13	
11441	881.	26.588	29.14	27.13	
11442	881.01	26.588	29.14	27.13	
11443	881.02	26.588	29.14	27.13	
11444	881.05	26.588	29.14	27.13	
11445	881.14	26.588	29.14	27.13	
11446	881.24	26.588	29.14	27.13	
11447	881.34	26.588	29.14	27.131	
11448	881.44	26.589	29.14	27.131	
11449	881.54	26.589	29.14	27.131	
11450	881.64	26.589	29.141	27.131	
11451	881.74	26.589	29.141	27.131	
11452	881.84	26.589	29.141	27.131	
11453	881.94	26.589	29.141	27.131	
11454	882.	26.589	29.141	27.131	
11455	882.01	26.589	29.141	27.131	
11456	882.02	26.589	29.141	27.131	
11457	882.05	26.589	29.141	27.131	
11458	882.14	26.589	29.141	27.131	
11459	882.24	26.589	29.141	27.131	
11460	882.34	26.589	29.141	27.131	
11461	882.44	26.589	29.141	27.131	
11462	882.54	26.589	29.141	27.131	
11463	882.64	26.589	29.142	27.131	
11464	882.74	26.589	29.142	27.131	
11465	882.84	26.589	29.142	27.131	
11466	882.94	26.589	29.142	27.131	
11467	883.	26.589	29.142	27.131	
11468	883.01	26.589	29.142	27.131	
11469	883.02	26.589	29.142	27.131	
11470	883.05	26.589	29.142	27.131	
11471	883.14	26.589	29.142	27.131	
11472	883.24	26.589	29.142	27.131	
11473	883.34	26.589	29.142	27.131	
11474	883.44	26.589	29.142	27.131	
11475	883.54	26.589	29.142	27.131	
11476	883.64	26.589	29.143	27.131	
11477	883.74	26.589	29.143	27.131	
11478	883.84	26.589	29.143	27.132	
11479	883.94	26.589	29.143	27.132	
11480	884.	26.589	29.143	27.132	
11481	884.01	26.589	29.143	27.132	
11482	884.02	26.589	29.143	27.132	
11483	884.05	26.589	29.143	27.132	
11484	884.14	26.589	29.143	27.132	
11485	884.24	26.589	29.143	27.132	
11486	884.34	26.589	29.143	27.132	
11487	884.44	26.589	29.143	27.132	
11488	884.54	26.589	29.143	27.132	
11489	884.64	26.589	29.144	27.132	
11490	884.74	26.589	29.144	27.132	
11491	884.84	26.589	29.144	27.132	
11492	884.94	26.59	29.144	27.132	
11493	885.	26.59	29.144	27.132	
11494	885.01	26.59	29.144	27.132	
11495	885.02	26.59	29.144	27.132	
11496	885.05	26.59	29.144	27.132	
11497	885.14	26.59	29.144	27.132	
11498	885.24	26.59	29.144	27.132	
11499	885.34	26.59	29.144	27.132	
11500	885.44	26.59	29.144	27.132	
11501	885.54	26.59	29.144	27.132	
11502	885.64	26.59	29.145	27.132	
11503	885.74	26.59	29.145	27.132	
11504	885.84	26.59	29.145	27.132	
11505	885.94	26.59	29.145	27.132	
11506	886.	26.59	29.145	27.132	
11507	886.01	26.59	29.145	27.132	
11508	886.02	26.59	29.145	27.132	
11509	886.05	26.59	29.145	27.132	
11510	886.14	26.59	29.145	27.132	
11511	886.24	26.59	29.145	27.133	
11512	886.34	26.59	29.145	27.133	
11513	886.44	26.59	29.145	27.133	
11514	886.54	26.59	29.145	27.133	
11515	886.64	26.59	29.146	27.133	
11516	886.74	26.59	29.146	27.133	
11517	886.84	26.59	29.146	27.133	
11518	886.94	26.59	29.146	27.133	
11519	887.	26.59	29.146	27.133	
11520	887.01	26.59	29.146	27.133	
11521	887.02	26.59	29.146	27.133	
11522	887.05	26.59	29.146	27.133	
11523	887.14	26.59	29.146	27.133	
11524	887.24	26.59	29.146	27.133	
11525	887.34	26.59	29.146	27.133	
11526	887.44	26.59	29.146	27.133	
11527	887.54	26.59	29.147	27.133	
11528	887.64	26.59	29.147	27.133	
11529	887.74	26.59	29.147	27.133	
11530	887.84	26.59	29.147	27.133	
11531	887.94	26.59	29.147	27.133	
11532	888.	26.59	29.147	27.133	
11533	888.01	26.59	29.147	27.133	
11534	888.02	26.59	29.147	27.133	
11535	888.05	26.59	29.147	27.133	
11536	888.14	26.59	29.147	27.133	
11537	888.24	26.59	29.147	27.133	
11538	888.34	26.59	29.147	27.133	
11539	888.44	26.591	29.147	27.133	
11540	888.54	26.591	29.148	27.133	
11541	888.64	26.591	29.148	27.134	
11542	888.74	26.591	29.148	27.134	
11543	888.84	26.591	29.148	27.134	
11544	888.94	26.591	29.148	27.134	
11545	889.	26.591	29.148	27.134	
11546	889.01	26.591	29.148	27.134	
11547	889.02	26.591	29.148	27.134	
11548	889.05	26.591	29.148	27.134	
11549	889.14	26.591	29.148	27.134	
11550	889.24	26.591	29.148	27.134	
11551	889.34	26.591	29.148	27.134	
11552	889.44	26.591	29.148	27.134	
11553	889.54	26.591	29.149	27.134	
11554	889.64	26.591	29.149	27.134	
11555	889.74	26.591	29.149	27.134	
11556	889.84	26.591	29.149	27.134	
11557	889.94	26.591	29.149	27.134	
11558	890.	26.591	29.149	27.134	
11559	890.01	26.591	29.149	27.134	
11560	890.02	26.591	29.149	27.134	
11561	890.05	26.591	29.149	27.134	
11562	890.14	26.591	29.149	27.134	
11563	890.24	26.591	29.149	27.134	
11564	890.34	26.591	29.149	27.134	
11565	890.44	26.591	29.149	27.134	
11566	890.54	26.591	29.15	27.134	
11567	890.64	26.591	29.15	27.134	
11568	890.74	26.591	29.15	27.134	
11569	890.84	26.591	29.15	27.134	
11570	890.94	26.591	29.15	27.134	
11571	891.	26.591	29.15	27.134	
11572	891.01	26.591	29.15	27.134	
11573	891.02	26.591	29.15	27.134	
11574	891.05	26.591	29.15	27.134	
11575	891.14	26.591	29.15	27.135	
11576	891.24	26.591	29.15	27.135	
11577	891.34	26.591	29.15	27.135	
11578	891.44	26.591	29.15	27.135	
11579	891.54	26.591	29.151	27.135	
11580	891.64	26.591	29.151	27.135	
11581	891.74	26.591	29.151	27.135	
11582	891.84	26.592	29.151	27.135	
11583	891.94	26.592	29.151	27.135	
11584	892.	26.592	29.151	27.135	
11585	892.01	26.592	29.151	27.135	
11586	892.02	26.592	29.151	27.135	
11587	892.05	26.592	29.151	27.135	
11588	892.14	26.592	29.151	27.135	
11589	892.24	26.592	29.151	27.135	
11590	892.34	26.592	29.151	27.135	
11591	892.44	26.592	29.151	27.135	
11592	892.54	26.592	29.152	27.135	
11593	892.64	26.592	29.152	27.135	
11594	892.74	26.592	29.152	27.135	
11595	892.84	26.592	29.152	27.135	
11596	892.94	26.592	29.152	27.135	
11597	893.	26.592	29.152	27.135	
11598	893.01	26.592	29.152	27.135	
11599	893.02	26.592	29.152	27.135	
11600	893.05	26.592	29.152	27.135	
11601	893.14	26.592	29.152	27.135	
11602	893.24	26.592	29.152	27.135	
11603	893.34	26.592	29.152	27.135	
11604	893.44	26.592	29.152	27.135	
11605	893.54	26.592	29.153	27.136	
11606	893.64	26.592	29.153	27.136	
11607	893.74	26.592	29.153	27.136	
11608	893.84	26.592	29.153	27.136	
11609	893.94	26.592	29.153	27.136	
11610	894.	26.592	29.153	27.136	
11611	894.01	26.592	29.153	27.136	
11612	894.02	26.592	29.153	27.136	
11613	894.05	26.592	29.153	27.136	
11614	894.14	26.592	29.153	27.136	
11615	894.24	26.592	29.153	27.136	
11616	894.34	26.592	29.153	27.136	
11617	894.44	26.592	29.153	27.136	
11618	894.54	26.592	29.154	27.136	
11619	894.64	26.592	29.154	27.136	
11620	894.74	26.592	29.154	27.136	
11621	894.84	26.592	29.154	27.136	
11622	894.94	26.592	29.154	27.136	
11623	895.	26.592	29.154	27.136	
11624	895.01	26.592	29.154	27.136	
11625	895.02	26.592	29.154	27.136	
11626	895.05	26.592	29.154	27.136	
11627	895.14	26.592	29.154	27.136	
11628	895.24	26.592	29.154	27.136	
11629	895.34	26.593	29.154	27.136	
11630	895.44	26.593	29.155	27.136	
11631	895.54	26.593	29.155	27.136	
11632	895.64	26.593	29.155	27.136	
11633	895.74	26.593	29.155	27.136	
11634	895.84	26.593	29.155	27.136	
11635	895.94	26.593	29.155	27.137	
11636	896.	26.593	29.155	27.137	
11637	896.01	26.593	29.155	27.137	
11638	896.02	26.593	29.155	27.137	
11639	896.05	26.593	29.155	27.137	
11640	896.14	26.593	29.155	27.137	
11641	896.24	26.593	29.155	27.137	
11642	896.34	26.593	29.155	27.137	
11643	896.44	26.593	29.156	27.137	
11644	896.54	26.593	29.156	27.137	
11645	896.64	26.593	29.156	27.137	
11646	896.74	26.593	29.156	27.137	
11647	896.84	26.593	29.156	27.137	
11648	896.94	26.593	29.156	27.137	
11649	897.	26.593	29.156	27.137	
11650	897.01	26.593	29.156	27.137	
11651	897.02	26.593	29.156	27.137	
11652	897.05	26.593	29.156	27.137	
11653	897.14	26.593	29.156	27.137	
11654	897.24	26.593	29.156	27.137	
11655	897.34	26.593	29.156	27.137	
11656	897.44	26.593	29.157	27.137	
11657	897.54	26.593	29.157	27.137	
11658	897.64	26.593	29.157	27.137	
11659	897.74	26.593	29.157	27.137	
11660	897.84	26.593	29.157	27.137	
11661	897.94	26.593	29.157	27.137	
11662	898.	26.593	29.157	27.137	
11663	898.01	26.593	29.157	27.137	
11664	898.02	26.593	29.157	27.137	
11665	898.05	26.593	29.157	27.137	
11666	898.14	26.593	29.157	27.137	
11667	898.24	26.593	29.157	27.137	
11668	898.34	26.593	29.157	27.138	
11669	898.44	26.593	29.158	27.138	
11670	898.54	26.593	29.158	27.138	
11671	898.64	26.593	29.158	27.138	
11672	898.74	26.594	29.158	27.138	
11673	898.84	26.594	29.158	27.138	
11674	898.94	26.594	29.158	27.138	
11675	899.	26.594	29.158	27.138	
11676	899.01	26.594	29.158	27.138	
11677	899.02	26.594	29.158	27.138	
11678	899.05	26.594	29.158	27.138	
11679	899.14	26.594	29.158	27.138	
11680	899.24	26.594	29.158	27.138	
11681	899.34	26.594	29.158	27.138	
11682	899.44	26.594	29.159	27.138	
11683	899.54	26.594	29.159	27.138	
11684	899.64	26.594	29.159	27.138	
11685	899.74	26.594	29.159	27.138	
11686	899.84	26.594	29.159	27.138	
11687	899.94	26.594	29.159	27.138	
11688	900.	26.594	29.159	27.138	
11689	900.01	26.594	29.159	27.138	
11690	900.02	26.594	29.159	27.138	
11691	900.05	26.594	29.159	27.138	
11692	900.14	26.594	29.159	27.138	
11693	900.24	26.594	29.159	27.138	
11694	900.34	26.594	29.159	27.138	
11695	900.44	26.594	29.16	27.138	
11696	900.54	26.594	29.16	27.138	
11697	900.64	26.594	29.16	27.138	
11698	900.74	26.594	29.16	27.138	
11699	900.84	26.594	29.16	27.139	
11700	900.94	26.594	29.16	27.139	
11701	901.	26.594	29.16	27.139	
11702	901.01	26.594	29.16	27.139	
11703	901.02	26.594	29.16	27.139	
11704	901.05	26.594	29.16	27.139	
11705	901.14	26.594	29.16	27.139	
11706	901.24	26.594	29.16	27.139	
11707	901.34	26.594	29.16	27.139	
11708	901.44	26.594	29.161	27.139	
11709	901.54	26.594	29.161	27.139	
11710	901.64	26.594	29.161	27.139	
11711	901.74	26.594	29.161	27.139	
11712	901.84	26.594	29.161	27.139	
11713	901.94	26.594	29.161	27.139	
11714	902.	26.594	29.161	27.139	
11715	902.01	26.594	29.161	27.139	
11716	902.02	26.594	29.161	27.139	
11717	902.05	26.594	29.161	27.139	
11718	902.14	26.594	29.161	27.139	
11719	902.24	26.595	29.161	27.139	
11720	902.34	26.595	29.161	27.139	
11721	902.44	26.595	29.162	27.139	
11722	902.54	26.595	29.162	27.139	
11723	902.64	26.595	29.162	27.139	
11724	902.74	26.595	29.162	27.139	
11725	902.84	26.595	29.162	27.139	
11726	902.94	26.595	29.162	27.139	
11727	903.	26.595	29.162	27.139	
11728	903.01	26.595	29.162	27.139	
11729	903.02	26.595	29.162	27.139	
11730	903.05	26.595	29.162	27.139	
11731	903.14	26.595	29.162	27.139	
11732	903.24	26.595	29.162	27.14	
11733	903.34	26.595	29.163	27.14	
11734	903.44	26.595	29.163	27.14	
11735	903.54	26.595	29.163	27.14	
11736	903.64	26.595	29.163	27.14	
11737	903.74	26.595	29.163	27.14	
11738	903.84	26.595	29.163	27.14	
11739	903.94	26.595	29.163	27.14	
11740	904.	26.595	29.163	27.14	
11741	904.01	26.595	29.163	27.14	
11742	904.02	26.595	29.163	27.14	
11743	904.05	26.595	29.163	27.14	
11744	904.14	26.595	29.163	27.14	
11745	904.24	26.595	29.163	27.14	
11746	904.34	26.595	29.164	27.14	
11747	904.44	26.595	29.164	27.14	
11748	904.54	26.595	29.164	27.14	
11749	904.64	26.595	29.164	27.14	
11750	904.74	26.595	29.164	27.14	
11751	904.84	26.595	29.164	27.14	
11752	904.94	26.595	29.164	27.14	
11753	905.	26.595	29.164	27.14	
11754	905.01	26.595	29.164	27.14	
11755	905.02	26.595	29.164	27.14	
11756	905.05	26.595	29.164	27.14	
11757	905.14	26.595	29.164	27.14	
11758	905.24	26.595	29.164	27.14	
11759	905.34	26.595	29.165	27.14	
11760	905.44	26.595	29.165	27.14	
11761	905.54	26.595	29.165	27.14	
11762	905.64	26.596	29.165	27.141	
11763	905.74	26.596	29.165	27.141	
11764	905.84	26.596	29.165	27.141	
11765	905.94	26.596	29.165	27.141	
11766	906.	26.596	29.165	27.141	
11767	906.01	26.596	29.165	27.141	
11768	906.02	26.596	29.165	27.141	
11769	906.05	26.596	29.165	27.141	
11770	906.14	26.596	29.165	27.141	
11771	906.24	26.596	29.165	27.141	
11772	906.34	26.596	29.166	27.141	
11773	906.44	26.596	29.166	27.141	
11774	906.54	26.596	29.166	27.141	
11775	906.64	26.596	29.166	27.141	
11776	906.74	26.596	29.166	27.141	
11777	906.84	26.596	29.166	27.141	
11778	906.94	26.596	29.166	27.141	
11779	907.	26.596	29.166	27.141	
11780	907.01	26.596	29.166	27.141	
11781	907.02	26.596	29.166	27.141	
11782	907.05	26.596	29.166	27.141	
11783	907.14	26.596	29.166	27.141	
11784	907.24	26.596	29.166	27.141	
11785	907.34	26.596	29.167	27.141	
11786	907.44	26.596	29.167	27.141	
11787	907.54	26.596	29.167	27.141	
11788	907.64	26.596	29.167	27.141	
11789	907.74	26.596	29.167	27.141	
11790	907.84	26.596	29.167	27.141	
11791	907.94	26.596	29.167	27.141	
11792	908.	26.596	29.167	27.141	
11793	908.01	26.596	29.167	27.142	
11794	908.02	26.596	29.167	27.142	
11795	908.05	26.596	29.167	27.142	
11796	908.14	26.596	29.167	27.142	
11797	908.24	26.596	29.167	27.142	
11798	908.34	26.596	29.168	27.142	
11799	908.44	26.596	29.168	27.142	
11800	908.54	26.596	29.168	27.142	
11801	908.64	26.596	29.168	27.142	
11802	908.74	26.596	29.168	27.142	
11803	908.84	26.596	29.168	27.142	
11804	908.94	26.596	29.168	27.142	
11805	909.	26.596	29.168	27.142	
11806	909.01	26.596	29.168	27.142	
11807	909.02	26.597	29.168	27.142	
11808	909.05	26.597	29.168	27.142	
11809	909.14	26.597	29.168	27.142	
11810	909.24	26.597	29.168	27.142	
11811	909.34	26.597	29.169	27.142	
11812	909.44	26.597	29.169	27.142	
11813	909.54	26.597	29.169	27.142	
11814	909.64	26.597	29.169	27.142	
11815	909.74	26.597	29.169	27.142	
11816	909.84	26.597	29.169	27.142	
11817	909.94	26.597	29.169	27.142	
11818	910.	26.597	29.169	27.142	
11819	910.01	26.597	29.169	27.142	
11820	910.02	26.597	29.169	27.142	
11821	910.05	26.597	29.169	27.142	
11822	910.14	26.597	29.169	27.142	
11823	910.24	26.597	29.169	27.142	
11824	910.34	26.597	29.17	27.142	
11825	910.44	26.597	29.17	27.143	
11826	910.54	26.597	29.17	27.143	
11827	910.64	26.597	29.17	27.143	
11828	910.74	26.597	29.17	27.143	
11829	910.84	26.597	29.17	27.143	
11830	910.94	26.597	29.17	27.143	
11831	911.	26.597	29.17	27.143	
11832	911.01	26.597	29.17	27.143	
11833	911.02	26.597	29.17	27.143	
11834	911.05	26.597	29.17	27.143	
11835	911.14	26.597	29.17	27.143	
11836	911.24	26.597	29.17	27.143	
11837	911.34	26.597	29.171	27.143	
11838	911.44	26.597	29.171	27.143	
11839	911.54	26.597	29.171	27.143	
11840	911.64	26.597	29.171	27.143	
11841	911.74	26.597	29.171	27.143	
11842	911.84	26.597	29.171	27.143	
11843	911.94	26.597	29.171	27.143	
11844	912.	26.597	29.171	27.143	
11845	912.01	26.597	29.171	27.143	
11846	912.02	26.597	29.171	27.143	
11847	912.05	26.597	29.171	27.143	
11848	912.14	26.597	29.171	27.143	
11849	912.24	26.597	29.171	27.143	
11850	912.34	26.597	29.172	27.143	
11851	912.44	26.598	29.172	27.143	
11852	912.54	26.598	29.172	27.143	
11853	912.64	26.598	29.172	27.143	
11854	912.74	26.598	29.172	27.143	
11855	912.84	26.598	29.172	27.144	
11856	912.94	26.598	29.172	27.144	
11857	913.	26.598	29.172	27.144	
11858	913.01	26.598	29.172	27.144	
11859	913.02	26.598	29.172	27.144	
11860	913.05	26.598	29.172	27.144	
11861	913.14	26.598	29.172	27.144	
11862	913.24	26.598	29.173	27.144	
11863	913.34	26.598	29.173	27.144	
11864	913.44	26.598	29.173	27.144	
11865	913.54	26.598	29.173	27.144	
11866	913.64	26.598	29.173	27.144	
11867	913.74	26.598	29.173	27.144	
11868	913.84	26.598	29.173	27.144	
11869	913.94	26.598	29.173	27.144	
11870	914.	26.598	29.173	27.144	
11871	914.01	26.598	29.173	27.144	
11872	914.02	26.598	29.173	27.144	
11873	914.05	26.598	29.173	27.144	
11874	914.14	26.598	29.173	27.144	
11875	914.24	26.598	29.174	27.144	
11876	914.34	26.598	29.174	27.144	
11877	914.44	26.598	29.174	27.144	
11878	914.54	26.598	29.174	27.144	
11879	914.64	26.598	29.174	27.144	
11880	914.74	26.598	29.174	27.144	
11881	914.84	26.598	29.174	27.144	
11882	914.94	26.598	29.174	27.144	
11883	915.	26.598	29.174	27.144	
11884	915.01	26.598	29.174	27.144	
11885	915.02	26.598	29.174	27.144	
11886	915.05	26.598	29.174	27.144	
11887	915.14	26.598	29.174	27.144	
11888	915.24	26.598	29.175	27.145	
11889	915.34	26.598	29.175	27.145	
11890	915.44	26.598	29.175	27.145	
11891	915.54	26.598	29.175	27.145	
11892	915.64	26.598	29.175	27.145	
11893	915.74	26.598	29.175	27.145	
11894	915.84	26.598	29.175	27.145	
11895	915.94	26.599	29.175	27.145	
11896	916.	26.599	29.175	27.145	
11897	916.01	26.599	29.175	27.145	
11898	916.02	26.599	29.175	27.145	
11899	916.05	26.599	29.175	27.145	
11900	916.14	26.599	29.175	27.145	
11901	916.24	26.599	29.176	27.145	
11902	916.34	26.599	29.176	27.145	
11903	916.44	26.599	29.176	27.145	
11904	916.54	26.599	29.176	27.145	
11905	916.64	26.599	29.176	27.145	
11906	916.74	26.599	29.176	27.145	
11907	916.84	26.599	29.176	27.145	
11908	916.94	26.599	29.176	27.145	
11909	917.	26.599	29.176	27.145	
11910	917.01	26.599	29.176	27.145	
11911	917.02	26.599	29.176	27.145	
11912	917.05	26.599	29.176	27.145	
11913	917.14	26.599	29.176	27.145	
11914	917.24	26.599	29.177	27.145	
11915	917.34	26.599	29.177	27.145	
11916	917.44	26.599	29.177	27.145	
11917	917.54	26.599	29.177	27.145	
11918	917.64	26.599	29.177	27.145	
11919	917.74	26.599	29.177	27.146	
11920	917.84	26.599	29.177	27.146	
11921	917.94	26.599	29.177	27.146	
11922	918.	26.599	29.177	27.146	
11923	918.01	26.599	29.177	27.146	
11924	918.02	26.599	29.177	27.146	
11925	918.05	26.599	29.177	27.146	
11926	918.14	26.599	29.177	27.146	
11927	918.24	26.599	29.178	27.146	
11928	918.34	26.599	29.178	27.146	
11929	918.44	26.599	29.178	27.146	
11930	918.54	26.599	29.178	27.146	
11931	918.64	26.599	29.178	27.146	
11932	918.74	26.599	29.178	27.146	
11933	918.84	26.599	29.178	27.146	
11934	918.94	26.599	29.178	27.146	
11935	919.	26.599	29.178	27.146	
11936	919.01	26.599	29.178	27.146	
11937	919.02	26.599	29.178	27.146	
11938	919.05	26.599	29.178	27.146	
11939	919.14	26.599	29.178	27.146	
11940	919.24	26.599	29.179	27.146	
11941	919.34	26.6	29.179	27.146	
11942	919.44	26.6	29.179	27.146	
11943	919.54	26.6	29.179	27.146	
11944	919.64	26.6	29.179	27.146	
11945	919.74	26.6	29.179	27.146	
11946	919.84	26.6	29.179	27.146	
11947	919.94	26.6	29.179	27.146	
11948	920.	26.6	29.179	27.146	
11949	920.01	26.6	29.179	27.146	
11950	920.02	26.6	29.179	27.146	
11951	920.05	26.6	29.179	27.146	
11952	920.14	26.6	29.179	27.147	
11953	920.24	26.6	29.18	27.147	
11954	920.34	26.6	29.18	27.147	
11955	920.44	26.6	29.18	27.147	
11956	920.54	26.6	29.18	27.147	
11957	920.64	26.6	29.18	27.147	
11958	920.74	26.6	29.18	27.147	
11959	920.84	26.6	29.18	27.147	
11960	920.94	26.6	29.18	27.147	
11961	921.	26.6	29.18	27.147	
11962	921.01	26.6	29.18	27.147	
11963	921.02	26.6	29.18	27.147	
11964	921.05	26.6	29.18	27.147	
11965	921.14	26.6	29.18	27.147	
11966	921.24	26.6	29.181	27.147	
11967	921.34	26.6	29.181	27.147	
11968	921.44	26.6	29.181	27.147	
11969	921.54	26.6	29.181	27.147	
11970	921.64	26.6	29.181	27.147	
11971	921.74	26.6	29.181	27.147	
11972	921.84	26.6	29.181	27.147	
11973	921.94	26.6	29.181	27.147	
11974	922.	26.6	29.181	27.147	
11975	922.01	26.6	29.181	27.147	
11976	922.02	26.6	29.181	27.147	
11977	922.05	26.6	29.181	27.147	
11978	922.14	26.6	29.181	27.147	
11979	922.24	26.6	29.182	27.147	
11980	922.34	26.6	29.182	27.147	
11981	922.44	26.6	29.182	27.147	
11982	922.54	26.6	29.182	27.148	
11983	922.64	26.6	29.182	27.148	
11984	922.74	26.601	29.182	27.148	
11985	922.84	26.601	29.182	27.148	
11986	922.94	26.601	29.182	27.148	
11987	923.	26.601	29.182	27.148	
11988	923.01	26.601	29.182	27.148	
11989	923.02	26.601	29.182	27.148	
11990	923.05	26.601	29.182	27.148	
11991	923.14	26.601	29.182	27.148	
11992	923.24	26.601	29.183	27.148	
11993	923.34	26.601	29.183	27.148	
11994	923.44	26.601	29.183	27.148	
11995	923.54	26.601	29.183	27.148	
11996	923.64	26.601	29.183	27.148	
11997	923.74	26.601	29.183	27.148	
11998	923.84	26.601	29.183	27.148	
11999	923.94	26.601	29.183	27.148	
12000	924.	26.601	29.183	27.148	
12001	924.01	26.601	29.183	27.148	
12002	924.02	26.601	29.183	27.148	
12003	924.05	26.601	29.183	27.148	
12004	924.14	26.601	29.183	27.148	
12005	924.24	26.601	29.184	27.148	
12006	924.34	26.601	29.184	27.148	
12007	924.44	26.601	29.184	27.148	
12008	924.54	26.601	29.184	27.148	
12009	924.64	26.601	29.184	27.148	
12010	924.74	26.601	29.184	27.148	
12011	924.84	26.601	29.184	27.148	
12012	924.94	26.601	29.184	27.149	
12013	925.	26.601	29.184	27.149	
12014	925.01	26.601	29.184	27.149	
12015	925.02	26.601	29.184	27.149	
12016	925.05	26.601	29.184	27.149	
12017	925.14	26.601	29.185	27.149	
12018	925.24	26.601	29.185	27.149	
12019	925.34	26.601	29.185	27.149	
12020	925.44	26.601	29.185	27.149	
12021	925.54	26.601	29.185	27.149	
12022	925.64	26.601	29.185	27.149	
12023	925.74	26.601	29.185	27.149	
12024	925.84	26.601	29.185	27.149	
12025	925.94	26.601	29.185	27.149	
12026	926.	26.601	29.185	27.149	
12027	926.01	26.601	29.185	27.149	
12028	926.02	26.601	29.185	27.149	
12029	926.05	26.601	29.185	27.149	
12030	926.14	26.602	29.186	27.149	
12031	926.24	26.602	29.186	27.149	
12032	926.34	26.602	29.186	27.149	
12033	926.44	26.602	29.186	27.149	
12034	926.54	26.602	29.186	27.149	
12035	926.64	26.602	29.186	27.149	
12036	926.74	26.602	29.186	27.149	
12037	926.84	26.602	29.186	27.149	
12038	926.94	26.602	29.186	27.149	
12039	927.	26.602	29.186	27.149	
12040	927.01	26.602	29.186	27.149	
12041	927.02	26.602	29.186	27.149	
12042	927.05	26.602	29.186	27.149	
12043	927.14	26.602	29.187	27.149	
12044	927.24	26.602	29.187	27.149	
12045	927.34	26.602	29.187	27.15	
12046	927.44	26.602	29.187	27.15	
12047	927.54	26.602	29.187	27.15	
12048	927.64	26.602	29.187	27.15	
12049	927.74	26.602	29.187	27.15	
12050	927.84	26.602	29.187	27.15	
12051	927.94	26.602	29.187	27.15	
12052	928.	26.602	29.187	27.15	
12053	928.01	26.602	29.187	27.15	
12054	928.02	26.602	29.187	27.15	
12055	928.05	26.602	29.187	27.15	
12056	928.14	26.602	29.188	27.15	
12057	928.24	26.602	29.188	27.15	
12058	928.34	26.602	29.188	27.15	
12059	928.44	26.602	29.188	27.15	
12060	928.54	26.602	29.188	27.15	
12061	928.64	26.602	29.188	27.15	
12062	928.74	26.602	29.188	27.15	
12063	928.84	26.602	29.188	27.15	
12064	928.94	26.602	29.188	27.15	
12065	929.	26.602	29.188	27.15	
12066	929.01	26.602	29.188	27.15	
12067	929.02	26.602	29.188	27.15	
12068	929.05	26.602	29.188	27.15	
12069	929.14	26.602	29.189	27.15	
12070	929.24	26.602	29.189	27.15	
12071	929.34	26.602	29.189	27.15	
12072	929.44	26.602	29.189	27.15	
12073	929.54	26.603	29.189	27.15	
12074	929.64	26.603	29.189	27.15	
12075	929.74	26.603	29.189	27.151	
12076	929.84	26.603	29.189	27.151	
12077	929.94	26.603	29.189	27.151	
12078	930.	26.603	29.189	27.151	
12079	930.01	26.603	29.189	27.151	
12080	930.02	26.603	29.189	27.151	
12081	930.05	26.603	29.189	27.151	
12082	930.14	26.603	29.19	27.151	
12083	930.24	26.603	29.19	27.151	
12084	930.34	26.603	29.19	27.151	
12085	930.44	26.603	29.19	27.151	
12086	930.54	26.603	29.19	27.151	
12087	930.64	26.603	29.19	27.151	
12088	930.74	26.603	29.19	27.151	
12089	930.84	26.603	29.19	27.151	
12090	930.94	26.603	29.19	27.151	
12091	931.	26.603	29.19	27.151	
12092	931.01	26.603	29.19	27.151	
12093	931.02	26.603	29.19	27.151	
12094	931.05	26.603	29.19	27.151	
12095	931.14	26.603	29.191	27.151	
12096	931.24	26.603	29.191	27.151	
12097	931.34	26.603	29.191	27.151	
12098	931.44	26.603	29.191	27.151	
12099	931.54	26.603	29.191	27.151	
12100	931.64	26.603	29.191	27.151	
12101	931.74	26.603	29.191	27.151	
12102	931.84	26.603	29.191	27.151	
12103	931.94	26.603	29.191	27.151	
12104	932.	26.603	29.191	27.151	
12105	932.01	26.603	29.191	27.151	
12106	932.02	26.603	29.191	27.151	
12107	932.05	26.603	29.191	27.151	
12108	932.14	26.603	29.192	27.152	
12109	932.24	26.603	29.192	27.152	
12110	932.34	26.603	29.192	27.152	
12111	932.44	26.603	29.192	27.152	
12112	932.54	26.603	29.192	27.152	
12113	932.64	26.603	29.192	27.152	
12114	932.74	26.603	29.192	27.152	
12115	932.84	26.604	29.192	27.152	
12116	932.94	26.604	29.192	27.152	
12117	933.	26.604	29.192	27.152	
12118	933.01	26.604	29.192	27.152	
12119	933.02	26.604	29.192	27.152	
12120	933.05	26.604	29.192	27.152	
12121	933.14	26.604	29.193	27.152	
12122	933.24	26.604	29.193	27.152	
12123	933.34	26.604	29.193	27.152	
12124	933.44	26.604	29.193	27.152	
12125	933.54	26.604	29.193	27.152	
12126	933.64	26.604	29.193	27.152	
12127	933.74	26.604	29.193	27.152	
12128	933.84	26.604	29.193	27.152	
12129	933.94	26.604	29.193	27.152	
12130	934.	26.604	29.193	27.152	
12131	934.01	26.604	29.193	27.152	
12132	934.02	26.604	29.193	27.152	
12133	934.05	26.604	29.193	27.152	
12134	934.14	26.604	29.194	27.152	
12135	934.24	26.604	29.194	27.152	
12136	934.34	26.604	29.194	27.152	
12137	934.44	26.604	29.194	27.152	
12138	934.54	26.604	29.194	27.153	
12139	934.64	26.604	29.194	27.153	
12140	934.74	26.604	29.194	27.153	
12141	934.84	26.604	29.194	27.153	
12142	934.94	26.604	29.194	27.153	
12143	935.	26.604	29.194	27.153	
12144	935.01	26.604	29.194	27.153	
12145	935.02	26.604	29.194	27.153	
12146	935.05	26.604	29.194	27.153	
12147	935.14	26.604	29.195	27.153	
12148	935.24	26.604	29.195	27.153	
12149	935.34	26.604	29.195	27.153	
12150	935.44	26.604	29.195	27.153	
12151	935.54	26.604	29.195	27.153	
12152	935.64	26.604	29.195	27.153	
12153	935.74	26.604	29.195	27.153	
12154	935.84	26.604	29.195	27.153	
12155	935.94	26.604	29.195	27.153	
12156	936.	26.604	29.195	27.153	
12157	936.01	26.604	29.195	27.153	
12158	936.02	26.604	29.195	27.153	
12159	936.05	26.604	29.195	27.153	
12160	936.14	26.604	29.196	27.153	
12161	936.24	26.605	29.196	27.153	
12162	936.34	26.605	29.196	27.153	
12163	936.44	26.605	29.196	27.153	
12164	936.54	26.605	29.196	27.153	
12165	936.64	26.605	29.196	27.153	
12166	936.74	26.605	29.196	27.153	
12167	936.84	26.605	29.196	27.153	
12168	936.94	26.605	29.196	27.154	
12169	937.	26.605	29.196	27.154	
12170	937.01	26.605	29.196	27.154	
12171	937.02	26.605	29.196	27.154	
12172	937.05	26.605	29.196	27.154	
12173	937.14	26.605	29.197	27.154	
12174	937.24	26.605	29.197	27.154	
12175	937.34	26.605	29.197	27.154	
12176	937.44	26.605	29.197	27.154	
12177	937.54	26.605	29.197	27.154	
12178	937.64	26.605	29.197	27.154	
12179	937.74	26.605	29.197	27.154	
12180	937.84	26.605	29.197	27.154	
12181	937.94	26.605	29.197	27.154	
12182	938.	26.605	29.197	27.154	
12183	938.01	26.605	29.197	27.154	
12184	938.02	26.605	29.197	27.154	
12185	938.05	26.605	29.197	27.154	
12186	938.14	26.605	29.198	27.154	
12187	938.24	26.605	29.198	27.154	
12188	938.34	26.605	29.198	27.154	
12189	938.44	26.605	29.198	27.154	
12190	938.54	26.605	29.198	27.154	
12191	938.64	26.605	29.198	27.154	
12192	938.74	26.605	29.198	27.154	
12193	938.84	26.605	29.198	27.154	
12194	938.94	26.605	29.198	27.154	
12195	939.	26.605	29.198	27.154	
12196	939.01	26.605	29.198	27.154	
12197	939.02	26.605	29.198	27.154	
12198	939.05	26.605	29.199	27.154	
12199	939.14	26.605	29.199	27.154	
12200	939.24	26.605	29.199	27.155	
12201	939.34	26.605	29.199	27.155	
12202	939.44	26.605	29.199	27.155	
12203	939.54	26.605	29.199	27.155	
12204	939.64	26.606	29.199	27.155	
12205	939.74	26.606	29.199	27.155	
12206	939.84	26.606	29.199	27.155	
12207	939.94	26.606	29.199	27.155	
12208	940.	26.606	29.199	27.155	
12209	940.01	26.606	29.199	27.155	
12210	940.02	26.606	29.199	27.155	
12211	940.05	26.606	29.2	27.155	
12212	940.14	26.606	29.2	27.155	
12213	940.24	26.606	29.2	27.155	
12214	940.34	26.606	29.2	27.155	
12215	940.44	26.606	29.2	27.155	
12216	940.54	26.606	29.2	27.155	
12217	940.64	26.606	29.2	27.155	
12218	940.74	26.606	29.2	27.155	
12219	940.84	26.606	29.2	27.155	
12220	940.94	26.606	29.2	27.155	
12221	941.	26.606	29.2	27.155	
12222	941.01	26.606	29.2	27.155	
12223	941.02	26.606	29.2	27.155	
12224	941.05	26.606	29.201	27.155	
12225	941.14	26.606	29.201	27.155	
12226	941.24	26.606	29.201	27.155	
12227	941.34	26.606	29.201	27.155	
12228	941.44	26.606	29.201	27.155	
12229	941.54	26.606	29.201	27.155	
12230	941.64	26.606	29.201	27.156	
12231	941.74	26.606	29.201	27.156	
12232	941.84	26.606	29.201	27.156	
12233	941.94	26.606	29.201	27.156	
12234	942.	26.606	29.201	27.156	
12235	942.01	26.606	29.201	27.156	
12236	942.02	26.606	29.201	27.156	
12237	942.05	26.606	29.202	27.156	
12238	942.14	26.606	29.202	27.156	
12239	942.24	26.606	29.202	27.156	
12240	942.34	26.606	29.202	27.156	
12241	942.44	26.606	29.202	27.156	
12242	942.54	26.606	29.202	27.156	
12243	942.64	26.606	29.202	27.156	
12244	942.74	26.606	29.202	27.156	
12245	942.84	26.606	29.202	27.156	
12246	942.94	26.606	29.202	27.156	
12247	943.	26.607	29.202	27.156	
12248	943.01	26.607	29.202	27.156	
12249	943.02	26.607	29.202	27.156	
12250	943.05	26.607	29.203	27.156	
12251	943.14	26.607	29.203	27.156	
12252	943.24	26.607	29.203	27.156	
12253	943.34	26.607	29.203	27.156	
12254	943.44	26.607	29.203	27.156	
12255	943.54	26.607	29.203	27.156	
12256	943.64	26.607	29.203	27.156	
12257	943.74	26.607	29.203	27.156	
12258	943.84	26.607	29.203	27.156	
12259	943.94	26.607	29.203	27.156	
12260	944.	26.607	29.203	27.156	
12261	944.01	26.607	29.203	27.157	
12262	944.02	26.607	29.203	27.157	
12263	944.05	26.607	29.204	27.157	
12264	944.14	26.607	29.204	27.157	
12265	944.24	26.607	29.204	27.157	
12266	944.34	26.607	29.204	27.157	
12267	944.44	26.607	29.204	27.157	
12268	944.54	26.607	29.204	27.157	
12269	944.64	26.607	29.204	27.157	
12270	944.74	26.607	29.204	27.157	
12271	944.84	26.607	29.204	27.157	
12272	944.94	26.607	29.204	27.157	
12273	945.	26.607	29.204	27.157	
12274	945.01	26.607	29.204	27.157	
12275	945.02	26.607	29.205	27.157	
12276	945.05	26.607	29.205	27.157	
12277	945.14	26.607	29.205	27.157	
12278	945.24	26.607	29.205	27.157	
12279	945.34	26.607	29.205	27.157	
12280	945.44	26.607	29.205	27.157	
12281	945.54	26.607	29.205	27.157	
12282	945.64	26.607	29.205	27.157	
12283	945.74	26.607	29.205	27.157	
12284	945.84	26.607	29.205	27.157	
12285	945.94	26.607	29.205	27.157	
12286	946.	26.607	29.205	27.157	
12287	946.01	26.607	29.205	27.157	
12288	946.02	26.607	29.206	27.157	
12289	946.05	26.607	29.206	27.157	
12290	946.14	26.607	29.206	27.157	
12291	946.24	26.607	29.206	27.157	
12292	946.34	26.608	29.206	27.157	
12293	946.44	26.608	29.206	27.158	
12294	946.54	26.608	29.206	27.158	
12295	946.64	26.608	29.206	27.158	
12296	946.74	26.608	29.206	27.158	
12297	946.84	26.608	29.206	27.158	
12298	946.94	26.608	29.206	27.158	
12299	947.	26.608	29.206	27.158	
12300	947.01	26.608	29.207	27.158	
12301	947.02	26.608	29.207	27.158	
12302	947.05	26.608	29.207	27.158	
12303	947.14	26.608	29.207	27.158	
12304	947.24	26.608	29.207	27.158	
12305	947.34	26.608	29.207	27.158	
12306	947.44	26.608	29.207	27.158	
12307	947.54	26.608	29.207	27.158	
12308	947.64	26.608	29.207	27.158	
12309	947.74	26.608	29.207	27.158	
12310	947.84	26.608	29.207	27.158	
12311	947.94	26.608	29.207	27.158	
12312	948.	26.608	29.207	27.158	
12313	948.01	26.608	29.208	27.158	
12314	948.02	26.608	29.208	27.158	
12315	948.05	26.608	29.208	27.158	
12316	948.14	26.608	29.208	27.158	
12317	948.24	26.608	29.208	27.158	
12318	948.34	26.608	29.208	27.158	
12319	948.44	26.608	29.208	27.158	
12320	948.54	26.608	29.208	27.158	
12321	948.64	26.608	29.208	27.158	
12322	948.74	26.608	29.208	27.158	
12323	948.84	26.608	29.208	27.159	
12324	948.94	26.608	29.208	27.159	
12325	949.	26.608	29.208	27.159	
12326	949.01	26.608	29.209	27.159	
12327	949.02	26.608	29.209	27.159	
12328	949.05	26.608	29.209	27.159	
12329	949.14	26.608	29.209	27.159	
12330	949.24	26.608	29.209	27.159	
12331	949.34	26.608	29.209	27.159	
12332	949.44	26.608	29.209	27.159	
12333	949.54	26.608	29.209	27.159	
12334	949.64	26.608	29.209	27.159	
12335	949.74	26.609	29.209	27.159	
12336	949.84	26.609	29.209	27.159	
12337	949.94	26.609	29.209	27.159	
12338	950.	26.609	29.21	27.159	
12339	950.01	26.609	29.21	27.159	
12340	950.02	26.609	29.21	27.159	
12341	950.05	26.609	29.21	27.159	
12342	950.14	26.609	29.21	27.159	
12343	950.24	26.609	29.21	27.159	
12344	950.34	26.609	29.21	27.159	
12345	950.44	26.609	29.21	27.159	
12346	950.54	26.609	29.21	27.159	
12347	950.64	26.609	29.21	27.159	
12348	950.74	26.609	29.21	27.159	
12349	950.84	26.609	29.21	27.159	
12350	950.94	26.609	29.21	27.159	
12351	951.	26.609	29.211	27.159	
12352	951.01	26.609	29.211	27.159	
12353	951.02	26.609	29.211	27.159	
12354	951.05	26.609	29.211	27.159	
12355	951.14	26.609	29.211	27.159	
12356	951.24	26.609	29.211	27.16	
12357	951.34	26.609	29.211	27.16	
12358	951.44	26.609	29.211	27.16	
12359	951.54	26.609	29.211	27.16	
12360	951.64	26.609	29.211	27.16	
12361	951.74	26.609	29.211	27.16	
12362	951.84	26.609	29.211	27.16	
12363	951.94	26.609	29.211	27.16	
12364	952.	26.609	29.212	27.16	
12365	952.01	26.609	29.212	27.16	
12366	952.02	26.609	29.212	27.16	
12367	952.05	26.609	29.212	27.16	
12368	952.14	26.609	29.212	27.16	
12369	952.24	26.609	29.212	27.16	
12370	952.34	26.609	29.212	27.16	
12371	952.44	26.609	29.212	27.16	
12372	952.54	26.609	29.212	27.16	
12373	952.64	26.609	29.212	27.16	
12374	952.74	26.609	29.212	27.16	
12375	952.84	26.609	29.212	27.16	
12376	952.94	26.609	29.212	27.16	
12377	953.	26.609	29.213	27.16	
12378	953.01	26.61	29.213	27.16	
12379	953.02	26.61	29.213	27.16	
12380	953.05	26.61	29.213	27.16	
12381	953.14	26.61	29.213	27.16	
12382	953.24	26.61	29.213	27.16	
12383	953.34	26.61	29.213	27.16	
12384	953.44	26.61	29.213	27.16	
12385	953.54	26.61	29.213	27.161	
12386	953.64	26.61	29.213	27.161	
12387	953.74	26.61	29.213	27.161	
12388	953.84	26.61	29.213	27.161	
12389	953.94	26.61	29.213	27.161	
12390	954.	26.61	29.214	27.161	
12391	954.01	26.61	29.214	27.161	
12392	954.02	26.61	29.214	27.161	
12393	954.05	26.61	29.214	27.161	
12394	954.14	26.61	29.214	27.161	
12395	954.24	26.61	29.214	27.161	
12396	954.34	26.61	29.214	27.161	
12397	954.44	26.61	29.214	27.161	
12398	954.54	26.61	29.214	27.161	
12399	954.64	26.61	29.214	27.161	
12400	954.74	26.61	29.214	27.161	
12401	954.84	26.61	29.214	27.161	
12402	954.94	26.61	29.214	27.161	
12403	955.	26.61	29.215	27.161	
12404	955.01	26.61	29.215	27.161	
12405	955.02	26.61	29.215	27.161	
12406	955.05	26.61	29.215	27.161	
12407	955.14	26.61	29.215	27.161	
12408	955.24	26.61	29.215	27.161	
12409	955.34	26.61	29.215	27.161	
12410	955.44	26.61	29.215	27.161	
12411	955.54	26.61	29.215	27.161	
12412	955.64	26.61	29.215	27.161	
12413	955.74	26.61	29.215	27.161	
12414	955.84	26.61	29.215	27.161	
12415	955.94	26.61	29.215	27.162	
12416	956.	26.61	29.216	27.162	
12417	956.01	26.61	29.216	27.162	
12418	956.02	26.61	29.216	27.162	
12419	956.05	26.61	29.216	27.162	
12420	956.14	26.61	29.216	27.162	
12421	956.24	26.61	29.216	27.162	
12422	956.34	26.611	29.216	27.162	
12423	956.44	26.611	29.216	27.162	
12424	956.54	26.611	29.216	27.162	
12425	956.64	26.611	29.216	27.162	
12426	956.74	26.611	29.216	27.162	
12427	956.84	26.611	29.216	27.162	
12428	956.94	26.611	29.216	27.162	
12429	957.	26.611	29.217	27.162	
12430	957.01	26.611	29.217	27.162	
12431	957.02	26.611	29.217	27.162	
12432	957.05	26.611	29.217	27.162	
12433	957.14	26.611	29.217	27.162	
12434	957.24	26.611	29.217	27.162	
12435	957.34	26.611	29.217	27.162	
12436	957.44	26.611	29.217	27.162	
12437	957.54	26.611	29.217	27.162	
12438	957.64	26.611	29.217	27.162	
12439	957.74	26.611	29.217	27.162	
12440	957.84	26.611	29.217	27.162	
12441	957.94	26.611	29.217	27.162	
12442	958.	26.611	29.218	27.162	
12443	958.01	26.611	29.218	27.162	
12444	958.02	26.611	29.218	27.162	
12445	958.05	26.611	29.218	27.162	
12446	958.14	26.611	29.218	27.162	
12447	958.24	26.611	29.218	27.162	
12448	958.34	26.611	29.218	27.163	
12449	958.44	26.611	29.218	27.163	
12450	958.54	26.611	29.218	27.163	
12451	958.64	26.611	29.218	27.163	
12452	958.74	26.611	29.218	27.163	
12453	958.84	26.611	29.218	27.163	
12454	958.94	26.611	29.218	27.163	
12455	959.	26.611	29.219	27.163	
12456	959.01	26.611	29.219	27.163	
12457	959.02	26.611	29.219	27.163	
12458	959.05	26.611	29.219	27.163	
12459	959.14	26.611	29.219	27.163	
12460	959.24	26.611	29.219	27.163	
12461	959.34	26.611	29.219	27.163	
12462	959.44	26.611	29.219	27.163	
12463	959.54	26.611	29.219	27.163	
12464	959.64	26.611	29.219	27.163	
12465	959.74	26.612	29.219	27.163	
12466	959.84	26.612	29.219	27.163	
12467	959.94	26.612	29.219	27.163	
12468	960.	26.612	29.22	27.163	
12469	960.01	26.612	29.22	27.163	
12470	960.02	26.612	29.22	27.163	
12471	960.05	26.612	29.22	27.163	
12472	960.14	26.612	29.22	27.163	
12473	960.24	26.612	29.22	27.163	
12474	960.34	26.612	29.22	27.163	
12475	960.44	26.612	29.22	27.163	
12476	960.54	26.612	29.22	27.163	
12477	960.64	26.612	29.22	27.163	
12478	960.74	26.612	29.22	27.164	
12479	960.84	26.612	29.22	27.164	
12480	960.94	26.612	29.22	27.164	
12481	961.	26.612	29.221	27.164	
12482	961.01	26.612	29.221	27.164	
12483	961.02	26.612	29.221	27.164	
12484	961.05	26.612	29.221	27.164	
12485	961.14	26.612	29.221	27.164	
12486	961.24	26.612	29.221	27.164	
12487	961.34	26.612	29.221	27.164	
12488	961.44	26.612	29.221	27.164	
12489	961.54	26.612	29.221	27.164	
12490	961.64	26.612	29.221	27.164	
12491	961.74	26.612	29.221	27.164	
12492	961.84	26.612	29.221	27.164	
12493	961.94	26.612	29.221	27.164	
12494	962.	26.612	29.222	27.164	
12495	962.01	26.612	29.222	27.164	
12496	962.02	26.612	29.222	27.164	
12497	962.05	26.612	29.222	27.164	
12498	962.14	26.612	29.222	27.164	
12499	962.24	26.612	29.222	27.164	
12500	962.34	26.612	29.222	27.164	
12501	962.44	26.612	29.222	27.164	
12502	962.54	26.612	29.222	27.164	
12503	962.64	26.612	29.222	27.164	
12504	962.74	26.612	29.222	27.164	
12505	962.84	26.612	29.222	27.164	
12506	962.94	26.612	29.222	27.164	
12507	963.	26.612	29.223	27.164	
12508	963.01	26.613	29.223	27.164	
12509	963.02	26.613	29.223	27.164	
12510	963.05	26.613	29.223	27.165	
12511	963.14	26.613	29.223	27.165	
12512	963.24	26.613	29.223	27.165	
12513	963.34	26.613	29.223	27.165	
12514	963.44	26.613	29.223	27.165	
12515	963.54	26.613	29.223	27.165	
12516	963.64	26.613	29.223	27.165	
12517	963.74	26.613	29.223	27.165	
12518	963.84	26.613	29.223	27.165	
12519	963.94	26.613	29.223	27.165	
12520	964.	26.613	29.224	27.165	
12521	964.01	26.613	29.224	27.165	
12522	964.02	26.613	29.224	27.165	
12523	964.05	26.613	29.224	27.165	
12524	964.14	26.613	29.224	27.165	
12525	964.24	26.613	29.224	27.165	
12526	964.34	26.613	29.224	27.165	
12527	964.44	26.613	29.224	27.165	
12528	964.54	26.613	29.224	27.165	
12529	964.64	26.613	29.224	27.165	
12530	964.74	26.613	29.224	27.165	
12531	964.84	26.613	29.224	27.165	
12532	964.94	26.613	29.224	27.165	
12533	965.	26.613	29.225	27.165	
12534	965.01	26.613	29.225	27.165	
12535	965.02	26.613	29.225	27.165	
12536	965.05	26.613	29.225	27.165	
12537	965.14	26.613	29.225	27.165	
12538	965.24	26.613	29.225	27.165	
12539	965.34	26.613	29.225	27.165	
12540	965.44	26.613	29.225	27.166	
12541	965.54	26.613	29.225	27.166	
12542	965.64	26.613	29.225	27.166	
12543	965.74	26.613	29.225	27.166	
12544	965.84	26.613	29.225	27.166	
12545	965.94	26.613	29.225	27.166	
12546	966.	26.613	29.226	27.166	
12547	966.01	26.613	29.226	27.166	
12548	966.02	26.613	29.226	27.166	
12549	966.05	26.613	29.226	27.166	
12550	966.14	26.613	29.226	27.166	
12551	966.24	26.613	29.226	27.166	
12552	966.34	26.614	29.226	27.166	
12553	966.44	26.614	29.226	27.166	
12554	966.54	26.614	29.226	27.166	
12555	966.64	26.614	29.226	27.166	
12556	966.74	26.614	29.226	27.166	
12557	966.84	26.614	29.226	27.166	
12558	966.94	26.614	29.226	27.166	
12559	967.	26.614	29.227	27.166	
12560	967.01	26.614	29.227	27.166	
12561	967.02	26.614	29.227	27.166	
12562	967.05	26.614	29.227	27.166	
12563	967.14	26.614	29.227	27.166	
12564	967.24	26.614	29.227	27.166	
12565	967.34	26.614	29.227	27.166	
12566	967.44	26.614	29.227	27.166	
12567	967.54	26.614	29.227	27.166	
12568	967.64	26.614	29.227	27.166	
12569	967.74	26.614	29.227	27.166	
12570	967.84	26.614	29.227	27.167	
12571	967.94	26.614	29.227	27.167	
12572	968.	26.614	29.228	27.167	
12573	968.01	26.614	29.228	27.167	
12574	968.02	26.614	29.228	27.167	
12575	968.05	26.614	29.228	27.167	
12576	968.14	26.614	29.228	27.167	
12577	968.24	26.614	29.228	27.167	
12578	968.34	26.614	29.228	27.167	
12579	968.44	26.614	29.228	27.167	
12580	968.54	26.614	29.228	27.167	
12581	968.64	26.614	29.228	27.167	
12582	968.74	26.614	29.228	27.167	
12583	968.84	26.614	29.228	27.167	
12584	968.94	26.614	29.228	27.167	
12585	969.	26.614	29.229	27.167	
12586	969.01	26.614	29.229	27.167	
12587	969.02	26.614	29.229	27.167	
12588	969.05	26.614	29.229	27.167	
12589	969.14	26.614	29.229	27.167	
12590	969.24	26.614	29.229	27.167	
12591	969.34	26.614	29.229	27.167	
12592	969.44	26.614	29.229	27.167	
12593	969.54	26.614	29.229	27.167	
12594	969.64	26.615	29.229	27.167	
12595	969.74	26.615	29.229	27.167	
12596	969.84	26.615	29.229	27.167	
12597	969.94	26.615	29.229	27.167	
12598	970.	26.615	29.23	27.167	
12599	970.01	26.615	29.23	27.167	
12600	970.02	26.615	29.23	27.167	
12601	970.05	26.615	29.23	27.167	
12602	970.14	26.615	29.23	27.167	
12603	970.24	26.615	29.23	27.168	
12604	970.34	26.615	29.23	27.168	
12605	970.44	26.615	29.23	27.168	
12606	970.54	26.615	29.23	27.168	
12607	970.64	26.615	29.23	27.168	
12608	970.74	26.615	29.23	27.168	
12609	970.84	26.615	29.23	27.168	
12610	970.94	26.615	29.23	27.168	
12611	971.	26.615	29.231	27.168	
12612	971.01	26.615	29.231	27.168	
12613	971.02	26.615	29.231	27.168	
12614	971.05	26.615	29.231	27.168	
12615	971.14	26.615	29.231	27.168	
12616	971.24	26.615	29.231	27.168	
12617	971.34	26.615	29.231	27.168	
12618	971.44	26.615	29.231	27.168	
12619	971.54	26.615	29.231	27.168	
12620	971.64	26.615	29.231	27.168	
12621	971.74	26.615	29.231	27.168	
12622	971.84	26.615	29.231	27.168	
12623	971.94	26.615	29.231	27.168	
12624	972.	26.615	29.232	27.168	
12625	972.01	26.615	29.232	27.168	
12626	972.02	26.615	29.232	27.168	
12627	972.05	26.615	29.232	27.168	
12628	972.14	26.615	29.232	27.168	
12629	972.24	26.615	29.232	27.168	
12630	972.34	26.615	29.232	27.168	
12631	972.44	26.615	29.232	27.168	
12632	972.54	26.615	29.232	27.169	
12633	972.64	26.615	29.232	27.169	
12634	972.74	26.615	29.232	27.169	
12635	972.84	26.615	29.232	27.169	
12636	972.94	26.615	29.232	27.169	
12637	973.	26.616	29.233	27.169	
12638	973.01	26.616	29.233	27.169	
12639	973.02	26.616	29.233	27.169	
12640	973.05	26.616	29.233	27.169	
12641	973.14	26.616	29.233	27.169	
12642	973.24	26.616	29.233	27.169	
12643	973.34	26.616	29.233	27.169	
12644	973.44	26.616	29.233	27.169	
12645	973.54	26.616	29.233	27.169	
12646	973.64	26.616	29.233	27.169	
12647	973.74	26.616	29.233	27.169	
12648	973.84	26.616	29.233	27.169	
12649	973.94	26.616	29.233	27.169	
12650	974.	26.616	29.234	27.169	
12651	974.01	26.616	29.234	27.169	
12652	974.02	26.616	29.234	27.169	
12653	974.05	26.616	29.234	27.169	
12654	974.14	26.616	29.234	27.169	
12655	974.24	26.616	29.234	27.169	
12656	974.34	26.616	29.234	27.169	
12657	974.44	26.616	29.234	27.169	
12658	974.54	26.616	29.234	27.169	
12659	974.64	26.616	29.234	27.169	
12660	974.74	26.616	29.234	27.169	
12661	974.84	26.616	29.234	27.169	
12662	974.94	26.616	29.234	27.17	
12663	975.	26.616	29.235	27.17	
12664	975.01	26.616	29.235	27.17	
12665	975.02	26.616	29.235	27.17	
12666	975.05	26.616	29.235	27.17	
12667	975.14	26.616	29.235	27.17	
12668	975.24	26.616	29.235	27.17	
12669	975.34	26.616	29.235	27.17	
12670	975.44	26.616	29.235	27.17	
12671	975.54	26.616	29.235	27.17	
12672	975.64	26.616	29.235	27.17	
12673	975.74	26.616	29.235	27.17	
12674	975.84	26.616	29.235	27.17	
12675	975.94	26.616	29.235	27.17	
12676	976.	26.616	29.236	27.17	
12677	976.01	26.616	29.236	27.17	
12678	976.02	26.616	29.236	27.17	
12679	976.05	26.616	29.236	27.17	
12680	976.14	26.616	29.236	27.17	
12681	976.24	26.616	29.236	27.17	
12682	976.34	26.617	29.236	27.17	
12683	976.44	26.617	29.236	27.17	
12684	976.54	26.617	29.236	27.17	
12685	976.64	26.617	29.236	27.17	
12686	976.74	26.617	29.236	27.17	
12687	976.84	26.617	29.236	27.17	
12688	976.94	26.617	29.236	27.17	
12689	977.	26.617	29.237	27.17	
12690	977.01	26.617	29.237	27.17	
12691	977.02	26.617	29.237	27.17	
12692	977.05	26.617	29.237	27.17	
12693	977.14	26.617	29.237	27.17	
12694	977.24	26.617	29.237	27.17	
12695	977.34	26.617	29.237	27.171	
12696	977.44	26.617	29.237	27.171	
12697	977.54	26.617	29.237	27.171	
12698	977.64	26.617	29.237	27.171	
12699	977.74	26.617	29.237	27.171	
12700	977.84	26.617	29.237	27.171	
12701	977.94	26.617	29.237	27.171	
12702	978.	26.617	29.238	27.171	
12703	978.01	26.617	29.238	27.171	
12704	978.02	26.617	29.238	27.171	
12705	978.05	26.617	29.238	27.171	
12706	978.14	26.617	29.238	27.171	
12707	978.24	26.617	29.238	27.171	
12708	978.34	26.617	29.238	27.171	
12709	978.44	26.617	29.238	27.171	
12710	978.54	26.617	29.238	27.171	
12711	978.64	26.617	29.238	27.171	
12712	978.74	26.617	29.238	27.171	
12713	978.84	26.617	29.238	27.171	
12714	978.94	26.617	29.238	27.171	
12715	979.	26.617	29.239	27.171	
12716	979.01	26.617	29.239	27.171	
12717	979.02	26.617	29.239	27.171	
12718	979.05	26.617	29.239	27.171	
12719	979.14	26.617	29.239	27.171	
12720	979.24	26.617	29.239	27.171	
12721	979.34	26.617	29.239	27.171	
12722	979.44	26.617	29.239	27.171	
12723	979.54	26.617	29.239	27.171	
12724	979.64	26.618	29.239	27.172	
12725	979.74	26.618	29.239	27.172	
12726	979.84	26.618	29.239	27.172	
12727	979.94	26.618	29.239	27.172	
12728	980.	26.618	29.24	27.172	
12729	980.01	26.618	29.24	27.172	
12730	980.02	26.618	29.24	27.172	
12731	980.05	26.618	29.24	27.172	
12732	980.14	26.618	29.24	27.172	
12733	980.24	26.618	29.24	27.172	
12734	980.34	26.618	29.24	27.172	
12735	980.44	26.618	29.24	27.172	
12736	980.54	26.618	29.24	27.172	
12737	980.64	26.618	29.24	27.172	
12738	980.74	26.618	29.24	27.172	
12739	980.84	26.618	29.24	27.172	
12740	980.94	26.618	29.24	27.172	
12741	981.	26.618	29.241	27.172	
12742	981.01	26.618	29.241	27.172	
12743	981.02	26.618	29.241	27.172	
12744	981.05	26.618	29.241	27.172	
12745	981.14	26.618	29.241	27.172	
12746	981.24	26.618	29.241	27.172	
12747	981.34	26.618	29.241	27.172	
12748	981.44	26.618	29.241	27.172	
12749	981.54	26.618	29.241	27.172	
12750	981.64	26.618	29.241	27.172	
12751	981.74	26.618	29.241	27.172	
12752	981.84	26.618	29.241	27.172	
12753	981.94	26.618	29.241	27.172	
12754	982.	26.618	29.242	27.173	
12755	982.01	26.618	29.242	27.173	
12756	982.02	26.618	29.242	27.173	
12757	982.05	26.618	29.242	27.173	
12758	982.14	26.618	29.242	27.173	
12759	982.24	26.618	29.242	27.173	
12760	982.34	26.618	29.242	27.173	
12761	982.44	26.618	29.242	27.173	
12762	982.54	26.618	29.242	27.173	
12763	982.64	26.618	29.242	27.173	
12764	982.74	26.618	29.242	27.173	
12765	982.84	26.618	29.242	27.173	
12766	982.94	26.619	29.242	27.173	
12767	983.	26.619	29.243	27.173	
12768	983.01	26.619	29.243	27.173	
12769	983.02	26.619	29.243	27.173	
12770	983.05	26.619	29.243	27.173	
12771	983.14	26.619	29.243	27.173	
12772	983.24	26.619	29.243	27.173	
12773	983.34	26.619	29.243	27.173	
12774	983.44	26.619	29.243	27.173	
12775	983.54	26.619	29.243	27.173	
12776	983.64	26.619	29.243	27.173	
12777	983.74	26.619	29.243	27.173	
12778	983.84	26.619	29.243	27.173	
12779	983.94	26.619	29.243	27.173	
12780	984.	26.619	29.244	27.173	
12781	984.01	26.619	29.244	27.173	
12782	984.02	26.619	29.244	27.173	
12783	984.05	26.619	29.244	27.173	
12784	984.14	26.619	29.244	27.173	
12785	984.24	26.619	29.244	27.173	
12786	984.34	26.619	29.244	27.174	
12787	984.44	26.619	29.244	27.174	
12788	984.54	26.619	29.244	27.174	
12789	984.64	26.619	29.244	27.174	
12790	984.74	26.619	29.244	27.174	
12791	984.84	26.619	29.244	27.174	
12792	984.94	26.619	29.244	27.174	
12793	985.	26.619	29.245	27.174	
12794	985.01	26.619	29.245	27.174	
12795	985.02	26.619	29.245	27.174	
12796	985.05	26.619	29.245	27.174	
12797	985.14	26.619	29.245	27.174	
12798	985.24	26.619	29.245	27.174	
12799	985.34	26.619	29.245	27.174	
12800	985.44	26.619	29.245	27.174	
12801	985.54	26.619	29.245	27.174	
12802	985.64	26.619	29.245	27.174	
12803	985.74	26.619	29.245	27.174	
12804	985.84	26.619	29.245	27.174	
12805	985.94	26.619	29.245	27.174	
12806	986.	26.619	29.246	27.174	
12807	986.01	26.619	29.246	27.174	
12808	986.02	26.619	29.246	27.174	
12809	986.05	26.619	29.246	27.174	
12810	986.14	26.62	29.246	27.174	
12811	986.24	26.62	29.246	27.174	
12812	986.34	26.62	29.246	27.174	
12813	986.44	26.62	29.246	27.174	
12814	986.54	26.62	29.246	27.174	
12815	986.64	26.62	29.246	27.174	
12816	986.74	26.62	29.246	27.175	
12817	986.84	26.62	29.246	27.175	
12818	986.94	26.62	29.246	27.175	
12819	987.	26.62	29.247	27.175	
12820	987.01	26.62	29.247	27.175	
12821	987.02	26.62	29.247	27.175	
12822	987.05	26.62	29.247	27.175	
12823	987.14	26.62	29.247	27.175	
12824	987.24	26.62	29.247	27.175	
12825	987.34	26.62	29.247	27.175	
12826	987.44	26.62	29.247	27.175	
12827	987.54	26.62	29.247	27.175	
12828	987.64	26.62	29.247	27.175	
12829	987.74	26.62	29.247	27.175	
12830	987.84	26.62	29.247	27.175	
12831	987.94	26.62	29.247	27.175	
12832	988.	26.62	29.248	27.175	
12833	988.01	26.62	29.248	27.175	
12834	988.02	26.62	29.248	27.175	
12835	988.05	26.62	29.248	27.175	
12836	988.14	26.62	29.248	27.175	
12837	988.24	26.62	29.248	27.175	
12838	988.34	26.62	29.248	27.175	
12839	988.44	26.62	29.248	27.175	
12840	988.54	26.62	29.248	27.175	
12841	988.64	26.62	29.248	27.175	
12842	988.74	26.62	29.248	27.175	
12843	988.84	26.62	29.248	27.175	
12844	988.94	26.62	29.248	27.175	
12845	989.	26.62	29.249	27.175	
12846	989.01	26.62	29.249	27.175	
12847	989.02	26.62	29.249	27.175	
12848	989.05	26.62	29.249	27.176	
12849	989.14	26.62	29.249	27.176	
12850	989.24	26.62	29.249	27.176	
12851	989.34	26.62	29.249	27.176	
12852	989.44	26.621	29.249	27.176	
12853	989.54	26.621	29.249	27.176	
12854	989.64	26.621	29.249	27.176	
12855	989.74	26.621	29.249	27.176	
12856	989.84	26.621	29.249	27.176	
12857	989.94	26.621	29.249	27.176	
12858	990.	26.621	29.25	27.176	
12859	990.01	26.621	29.25	27.176	
12860	990.02	26.621	29.25	27.176	
12861	990.05	26.621	29.25	27.176	
12862	990.14	26.621	29.25	27.176	
12863	990.24	26.621	29.25	27.176	
12864	990.34	26.621	29.25	27.176	
12865	990.44	26.621	29.25	27.176	
12866	990.54	26.621	29.25	27.176	
12867	990.64	26.621	29.25	27.176	
12868	990.74	26.621	29.25	27.176	
12869	990.84	26.621	29.25	27.176	
12870	990.94	26.621	29.25	27.176	
12871	991.	26.621	29.251	27.176	
12872	991.01	26.621	29.251	27.176	
12873	991.02	26.621	29.251	27.176	
12874	991.05	26.621	29.251	27.176	
12875	991.14	26.621	29.251	27.176	
12876	991.24	26.621	29.251	27.176	
12877	991.34	26.621	29.251	27.176	
12878	991.44	26.621	29.251	27.177	
12879	991.54	26.621	29.251	27.177	
12880	991.64	26.621	29.251	27.177	
12881	991.74	26.621	29.251	27.177	
12882	991.84	26.621	29.251	27.177	
12883	991.94	26.621	29.251	27.177	
12884	992.	26.621	29.252	27.177	
12885	992.01	26.621	29.252	27.177	
12886	992.02	26.621	29.252	27.177	
12887	992.05	26.621	29.252	27.177	
12888	992.14	26.621	29.252	27.177	
12889	992.24	26.621	29.252	27.177	
12890	992.34	26.621	29.252	27.177	
12891	992.44	26.621	29.252	27.177	
12892	992.54	26.621	29.252	27.177	
12893	992.64	26.621	29.252	27.177	
12894	992.74	26.622	29.252	27.177	
12895	992.84	26.622	29.252	27.177	
12896	992.94	26.622	29.252	27.177	
12897	993.	26.622	29.253	27.177	
12898	993.01	26.622	29.253	27.177	
12899	993.02	26.622	29.253	27.177	
12900	993.05	26.622	29.253	27.177	
12901	993.14	26.622	29.253	27.177	
12902	993.24	26.622	29.253	27.177	
12903	993.34	26.622	29.253	27.177	
12904	993.44	26.622	29.253	27.177	
12905	993.54	26.622	29.253	27.177	
12906	993.64	26.622	29.253	27.177	
12907	993.74	26.622	29.253	27.177	
12908	993.84	26.622	29.253	27.178	
12909	993.94	26.622	29.253	27.178	
12910	994.	26.622	29.254	27.178	
12911	994.01	26.622	29.254	27.178	
12912	994.02	26.622	29.254	27.178	
12913	994.05	26.622	29.254	27.178	
12914	994.14	26.622	29.254	27.178	
12915	994.24	26.622	29.254	27.178	
12916	994.34	26.622	29.254	27.178	
12917	994.44	26.622	29.254	27.178	
12918	994.54	26.622	29.254	27.178	
12919	994.64	26.622	29.254	27.178	
12920	994.74	26.622	29.254	27.178	
12921	994.84	26.622	29.254	27.178	
12922	994.94	26.622	29.254	27.178	
12923	995.	26.622	29.255	27.178	
12924	995.01	26.622	29.255	27.178	
12925	995.02	26.622	29.255	27.178	
12926	995.05	26.622	29.255	27.178	
12927	995.14	26.622	29.255	27.178	
12928	995.24	26.622	29.255	27.178	
12929	995.34	26.622	29.255	27.178	
12930	995.44	26.622	29.255	27.178	
12931	995.54	26.622	29.255	27.178	
12932	995.64	26.622	29.255	27.178	
12933	995.74	26.622	29.255	27.178	
12934	995.84	26.622	29.255	27.178	
12935	995.94	26.622	29.255	27.178	
12936	996.	26.623	29.256	27.178	
12937	996.01	26.623	29.256	27.178	
12938	996.02	26.623	29.256	27.178	
12939	996.05	26.623	29.256	27.178	
12940	996.14	26.623	29.256	27.179	
12941	996.24	26.623	29.256	27.179	
12942	996.34	26.623	29.256	27.179	
12943	996.44	26.623	29.256	27.179	
12944	996.54	26.623	29.256	27.179	
12945	996.64	26.623	29.256	27.179	
12946	996.74	26.623	29.256	27.179	
12947	996.84	26.623	29.256	27.179	
12948	996.94	26.623	29.256	27.179	
12949	997.	26.623	29.257	27.179	
12950	997.01	26.623	29.257	27.179	
12951	997.02	26.623	29.257	27.179	
12952	997.05	26.623	29.257	27.179	
12953	997.14	26.623	29.257	27.179	
12954	997.24	26.623	29.257	27.179	
12955	997.34	26.623	29.257	27.179	
12956	997.44	26.623	29.257	27.179	
12957	997.54	26.623	29.257	27.179	
12958	997.64	26.623	29.257	27.179	
12959	997.74	26.623	29.257	27.179	
12960	997.84	26.623	29.257	27.179	
12961	997.94	26.623	29.257	27.179	
12962	998.	26.623	29.258	27.179	
12963	998.01	26.623	29.258	27.179	
12964	998.02	26.623	29.258	27.179	
12965	998.05	26.623	29.258	27.179	
12966	998.14	26.623	29.258	27.179	
12967	998.24	26.623	29.258	27.179	
12968	998.34	26.623	29.258	27.179	
12969	998.44	26.623	29.258	27.179	
12970	998.54	26.623	29.258	27.18	
12971	998.64	26.623	29.258	27.18	
12972	998.74	26.623	29.258	27.18	
12973	998.84	26.623	29.258	27.18	
12974	998.94	26.623	29.258	27.18	
12975	999.	26.623	29.259	27.18	
12976	999.01	26.623	29.259	27.18	
12977	999.02	26.623	29.259	27.18	
12978	999.05	26.623	29.259	27.18	
12979	999.14	26.623	29.259	27.18	
12980	999.24	26.624	29.259	27.18	
12981	999.34	26.624	29.259	27.18	
12982	999.44	26.624	29.259	27.18	
12983	999.54	26.624	29.259	27.18	
12984	999.64	26.624	29.259	27.18	
12985	999.74	26.624	29.259	27.18	
12986	999.84	26.624	29.259	27.18	
12987	999.94	26.624	29.259	27.18	
12988	1000.	26.624	29.26	27.18	
12989	1000.	26.624	29.26	27.18	
12990	1000.	26.624	29.26	27.18	
12991	1000.	26.624	29.26	27.18	
12992	1000.1	26.624	29.26	27.18	
12993	1000.2	26.624	29.26	27.18	
12994	1000.3	26.624	29.26	27.18	
12995	1000.4	26.624	29.26	27.18	
12996	1000.5	26.624	29.26	27.18	
12997	1000.6	26.624	29.26	27.18	
12998	1000.7	26.624	29.26	27.18	
12999	1000.8	26.624	29.26	27.181	
13000	1000.9	26.624	29.26	27.181	
13001	1001.	26.624	29.261	27.181	
13002	1001.	26.624	29.261	27.181	
13003	1001.	26.624	29.261	27.181	
13004	1001.	26.624	29.261	27.181	
13005	1001.1	26.624	29.261	27.181	
13006	1001.2	26.624	29.261	27.181	
13007	1001.3	26.624	29.261	27.181	
13008	1001.4	26.624	29.261	27.181	
13009	1001.5	26.624	29.261	27.181	
13010	1001.6	26.624	29.261	27.181	
13011	1001.7	26.624	29.261	27.181	
13012	1001.8	26.624	29.261	27.181	
13013	1001.9	26.624	29.261	27.181	
13014	1002.	26.624	29.262	27.181	
13015	1002.	26.624	29.262	27.181	
13016	1002.	26.624	29.262	27.181	
13017	1002.	26.624	29.262	27.181	
13018	1002.1	26.624	29.262	27.181	
13019	1002.2	26.624	29.262	27.181	
13020	1002.3	26.624	29.262	27.181	
13021	1002.4	26.624	29.262	27.181	
13022	1002.5	26.625	29.262	27.181	
13023	1002.6	26.625	29.262	27.181	
13024	1002.7	26.625	29.262	27.181	
13025	1002.8	26.625	29.262	27.181	
13026	1002.9	26.625	29.262	27.181	
13027	1003.	26.625	29.263	27.181	
13028	1003.	26.625	29.263	27.181	
13029	1003.	26.625	29.263	27.181	
13030	1003.	26.625	29.263	27.181	
13031	1003.1	26.625	29.263	27.182	
13032	1003.2	26.625	29.263	27.182	
13033	1003.3	26.625	29.263	27.182	
13034	1003.4	26.625	29.263	27.182	
13035	1003.5	26.625	29.263	27.182	
13036	1003.6	26.625	29.263	27.182	
13037	1003.7	26.625	29.263	27.182	
13038	1003.8	26.625	29.263	27.182	
13039	1003.9	26.625	29.263	27.182	
13040	1004.	26.625	29.264	27.182	
13041	1004.	26.625	29.264	27.182	
13042	1004.	26.625	29.264	27.182	
13043	1004.	26.625	29.264	27.182	
13044	1004.1	26.625	29.264	27.182	
13045	1004.2	26.625	29.264	27.182	
13046	1004.3	26.625	29.264	27.182	
13047	1004.4	26.625	29.264	27.182	
13048	1004.5	26.625	29.264	27.182	
13049	1004.6	26.625	29.264	27.182	
13050	1004.7	26.625	29.264	27.182	
13051	1004.8	26.625	29.264	27.182	
13052	1004.9	26.625	29.264	27.182	
13053	1005.	26.625	29.264	27.182	
13054	1005.	26.625	29.265	27.182	
13055	1005.	26.625	29.265	27.182	
13056	1005.	26.625	29.265	27.182	
13057	1005.1	26.625	29.265	27.182	
13058	1005.2	26.625	29.265	27.182	
13059	1005.3	26.625	29.265	27.182	
13060	1005.4	26.625	29.265	27.182	
13061	1005.5	26.625	29.265	27.183	
13062	1005.6	26.625	29.265	27.183	
13063	1005.7	26.626	29.265	27.183	
13064	1005.8	26.626	29.265	27.183	
13065	1005.9	26.626	29.265	27.183	
13066	1006.	26.626	29.265	27.183	
13067	1006.	26.626	29.266	27.183	
13068	1006.	26.626	29.266	27.183	
13069	1006.	26.626	29.266	27.183	
13070	1006.1	26.626	29.266	27.183	
13071	1006.2	26.626	29.266	27.183	
13072	1006.3	26.626	29.266	27.183	
13073	1006.4	26.626	29.266	27.183	
13074	1006.5	26.626	29.266	27.183	
13075	1006.6	26.626	29.266	27.183	
13076	1006.7	26.626	29.266	27.183	
13077	1006.8	26.626	29.266	27.183	
13078	1006.9	26.626	29.266	27.183	
13079	1007.	26.626	29.266	27.183	
13080	1007.	26.626	29.267	27.183	
13081	1007.	26.626	29.267	27.183	
13082	1007.	26.626	29.267	27.183	
13083	1007.1	26.626	29.267	27.183	
13084	1007.2	26.626	29.267	27.183	
13085	1007.3	26.626	29.267	27.183	
13086	1007.4	26.626	29.267	27.183	
13087	1007.5	26.626	29.267	27.183	
13088	1007.6	26.626	29.267	27.183	
13089	1007.7	26.626	29.267	27.183	
13090	1007.8	26.626	29.267	27.184	
13091	1007.9	26.626	29.267	27.184	
13092	1008.	26.626	29.267	27.184	
13093	1008.	26.626	29.267	27.184	
13094	1008.	26.626	29.268	27.184	
13095	1008.	26.626	29.268	27.184	
13096	1008.1	26.626	29.268	27.184	
13097	1008.2	26.626	29.268	27.184	
13098	1008.3	26.626	29.268	27.184	
13099	1008.4	26.626	29.268	27.184	
13100	1008.5	26.626	29.268	27.184	
13101	1008.6	26.626	29.268	27.184	
13102	1008.7	26.626	29.268	27.184	
13103	1008.8	26.626	29.268	27.184	
13104	1008.9	26.626	29.268	27.184	
13105	1009.	26.627	29.268	27.184	
13106	1009.	26.627	29.268	27.184	
13107	1009.	26.627	29.269	27.184	
13108	1009.	26.627	29.269	27.184	
13109	1009.1	26.627	29.269	27.184	
13110	1009.2	26.627	29.269	27.184	
13111	1009.3	26.627	29.269	27.184	
13112	1009.4	26.627	29.269	27.184	
13113	1009.5	26.627	29.269	27.184	
13114	1009.6	26.627	29.269	27.184	
13115	1009.7	26.627	29.269	27.184	
13116	1009.8	26.627	29.269	27.184	
13117	1009.9	26.627	29.269	27.184	
13118	1010.	26.627	29.269	27.184	
13119	1010.	26.627	29.269	27.184	
13120	1010.	26.627	29.269	27.184	
13121	1010.	26.627	29.27	27.184	
13122	1010.1	26.627	29.27	27.184	
13123	1010.2	26.627	29.27	27.185	
13124	1010.3	26.627	29.27	27.185	
13125	1010.4	26.627	29.27	27.185	
13126	1010.5	26.627	29.27	27.185	
13127	1010.6	26.627	29.27	27.185	
13128	1010.7	26.627	29.27	27.185	
13129	1010.8	26.627	29.27	27.185	
13130	1010.9	26.627	29.27	27.185	
13131	1011.	26.627	29.27	27.185	
13132	1011.	26.627	29.27	27.185	
13133	1011.	26.627	29.27	27.185	
13134	1011.	26.627	29.271	27.185	
13135	1011.1	26.627	29.271	27.185	
13136	1011.2	26.627	29.271	27.185	
13137	1011.3	26.627	29.271	27.185	
13138	1011.4	26.627	29.271	27.185	
13139	1011.5	26.627	29.271	27.185	
13140	1011.6	26.627	29.271	27.185	
13141	1011.7	26.627	29.271	27.185	
13142	1011.8	26.627	29.271	27.185	
13143	1011.9	26.627	29.271	27.185	
13144	1012.	26.627	29.271	27.185	
13145	1012.	26.627	29.271	27.185	
13146	1012.	26.627	29.271	27.185	
13147	1012.	26.627	29.272	27.185	
13148	1012.1	26.627	29.272	27.185	
13149	1012.2	26.628	29.272	27.185	
13150	1012.3	26.628	29.272	27.185	
13151	1012.4	26.628	29.272	27.185	
13152	1012.5	26.628	29.272	27.186	
13153	1012.6	26.628	29.272	27.186	
13154	1012.7	26.628	29.272	27.186	
13155	1012.8	26.628	29.272	27.186	
13156	1012.9	26.628	29.272	27.186	
13157	1013.	26.628	29.272	27.186	
13158	1013.	26.628	29.272	27.186	
13159	1013.	26.628	29.272	27.186	
13160	1013.	26.628	29.273	27.186	
13161	1013.1	26.628	29.273	27.186	
13162	1013.2	26.628	29.273	27.186	
13163	1013.3	26.628	29.273	27.186	
13164	1013.4	26.628	29.273	27.186	
13165	1013.5	26.628	29.273	27.186	
13166	1013.6	26.628	29.273	27.186	
13167	1013.7	26.628	29.273	27.186	
13168	1013.8	26.628	29.273	27.186	
13169	1013.9	26.628	29.273	27.186	
13170	1014.	26.628	29.273	27.186	
13171	1014.	26.628	29.273	27.186	
13172	1014.	26.628	29.273	27.186	
13173	1014.	26.628	29.274	27.186	
13174	1014.1	26.628	29.274	27.186	
13175	1014.2	26.628	29.274	27.186	
13176	1014.3	26.628	29.274	27.186	
13177	1014.4	26.628	29.274	27.186	
13178	1014.5	26.628	29.274	27.186	
13179	1014.6	26.628	29.274	27.186	
13180	1014.7	26.628	29.274	27.186	
13181	1014.8	26.628	29.274	27.187	
13182	1014.9	26.628	29.274	27.187	
13183	1015.	26.628	29.274	27.187	
13184	1015.	26.628	29.274	27.187	
13185	1015.	26.628	29.274	27.187	
13186	1015.	26.628	29.275	27.187	
13187	1015.1	26.628	29.275	27.187	
13188	1015.2	26.628	29.275	27.187	
13189	1015.3	26.628	29.275	27.187	
13190	1015.4	26.628	29.275	27.187	
13191	1015.5	26.629	29.275	27.187	
13192	1015.6	26.629	29.275	27.187	
13193	1015.7	26.629	29.275	27.187	
13194	1015.8	26.629	29.275	27.187	
13195	1015.9	26.629	29.275	27.187	
13196	1016.	26.629	29.275	27.187	
13197	1016.	26.629	29.275	27.187	
13198	1016.	26.629	29.275	27.187	
13199	1016.	26.629	29.275	27.187	
13200	1016.1	26.629	29.276	27.187	
13201	1016.2	26.629	29.276	27.187	
13202	1016.3	26.629	29.276	27.187	
13203	1016.4	26.629	29.276	27.187	
13204	1016.5	26.629	29.276	27.187	
13205	1016.6	26.629	29.276	27.187	
13206	1016.7	26.629	29.276	27.187	
13207	1016.8	26.629	29.276	27.187	
13208	1016.9	26.629	29.276	27.187	
13209	1017.	26.629	29.276	27.187	
13210	1017.	26.629	29.276	27.187	
13211	1017.	26.629	29.276	27.187	
13212	1017.	26.629	29.276	27.187	
13213	1017.1	26.629	29.277	27.187	
13214	1017.2	26.629	29.277	27.188	
13215	1017.3	26.629	29.277	27.188	
13216	1017.4	26.629	29.277	27.188	
13217	1017.5	26.629	29.277	27.188	
13218	1017.6	26.629	29.277	27.188	
13219	1017.7	26.629	29.277	27.188	
13220	1017.8	26.629	29.277	27.188	
13221	1017.9	26.629	29.277	27.188	
13222	1018.	26.629	29.277	27.188	
13223	1018.	26.629	29.277	27.188	
13224	1018.	26.629	29.277	27.188	
13225	1018.	26.629	29.277	27.188	
13226	1018.1	26.629	29.278	27.188	
13227	1018.2	26.629	29.278	27.188	
13228	1018.3	26.629	29.278	27.188	
13229	1018.4	26.629	29.278	27.188	
13230	1018.5	26.629	29.278	27.188	
13231	1018.6	26.629	29.278	27.188	
13232	1018.7	26.63	29.278	27.188	
13233	1018.8	26.63	29.278	27.188	
13234	1018.9	26.63	29.278	27.188	
13235	1019.	26.63	29.278	27.188	
13236	1019.	26.63	29.278	27.188	
13237	1019.	26.63	29.278	27.188	
13238	1019.	26.63	29.278	27.188	
13239	1019.1	26.63	29.279	27.188	
13240	1019.2	26.63	29.279	27.188	
13241	1019.3	26.63	29.279	27.188	
13242	1019.4	26.63	29.279	27.188	
13243	1019.5	26.63	29.279	27.189	
13244	1019.6	26.63	29.279	27.189	
13245	1019.7	26.63	29.279	27.189	
13246	1019.8	26.63	29.279	27.189	
13247	1019.9	26.63	29.279	27.189	
13248	1020.	26.63	29.279	27.189	
13249	1020.	26.63	29.279	27.189	
13250	1020.	26.63	29.279	27.189	
13251	1020.	26.63	29.279	27.189	
13252	1020.1	26.63	29.28	27.189	
13253	1020.2	26.63	29.28	27.189	
13254	1020.3	26.63	29.28	27.189	
13255	1020.4	26.63	29.28	27.189	
13256	1020.5	26.63	29.28	27.189	
13257	1020.6	26.63	29.28	27.189	
13258	1020.7	26.63	29.28	27.189	
13259	1020.8	26.63	29.28	27.189	
13260	1020.9	26.63	29.28	27.189	
13261	1021.	26.63	29.28	27.189	
13262	1021.	26.63	29.28	27.189	
13263	1021.	26.63	29.28	27.189	
13264	1021.	26.63	29.28	27.189	
13265	1021.1	26.63	29.281	27.189	
13266	1021.2	26.63	29.281	27.189	
13267	1021.3	26.63	29.281	27.189	
13268	1021.4	26.63	29.281	27.189	
13269	1021.5	26.63	29.281	27.189	
13270	1021.6	26.63	29.281	27.189	
13271	1021.7	26.63	29.281	27.189	
13272	1021.8	26.63	29.281	27.19	
13273	1021.9	26.631	29.281	27.19	
13274	1022.	26.631	29.281	27.19	
13275	1022.	26.631	29.281	27.19	
13276	1022.	26.631	29.281	27.19	
13277	1022.	26.631	29.281	27.19	
13278	1022.1	26.631	29.282	27.19	
13279	1022.2	26.631	29.282	27.19	
13280	1022.3	26.631	29.282	27.19	
13281	1022.4	26.631	29.282	27.19	
13282	1022.5	26.631	29.282	27.19	
13283	1022.6	26.631	29.282	27.19	
13284	1022.7	26.631	29.282	27.19	
13285	1022.8	26.631	29.282	27.19	
13286	1022.9	26.631	29.282	27.19	
13287	1023.	26.631	29.282	27.19	
13288	1023.	26.631	29.282	27.19	
13289	1023.	26.631	29.282	27.19	
13290	1023.	26.631	29.282	27.19	
13291	1023.1	26.631	29.283	27.19	
13292	1023.2	26.631	29.283	27.19	
13293	1023.3	26.631	29.283	27.19	
13294	1023.4	26.631	29.283	27.19	
13295	1023.5	26.631	29.283	27.19	
13296	1023.6	26.631	29.283	27.19	
13297	1023.7	26.631	29.283	27.19	
13298	1023.8	26.631	29.283	27.19	
13299	1023.9	26.631	29.283	27.19	
13300	1024.	26.631	29.283	27.19	
13301	1024.	26.631	29.283	27.19	
13302	1024.	26.631	29.283	27.19	
13303	1024.	26.631	29.283	27.19	
13304	1024.1	26.631	29.284	27.19	
13305	1024.2	26.631	29.284	27.191	
13306	1024.3	26.631	29.284	27.191	
13307	1024.4	26.631	29.284	27.191	
13308	1024.5	26.631	29.284	27.191	
13309	1024.6	26.631	29.284	27.191	
13310	1024.7	26.631	29.284	27.191	
13311	1024.8	26.631	29.284	27.191	
13312	1024.9	26.631	29.284	27.191	
13313	1025.	26.631	29.284	27.191	
13314	1025.	26.631	29.284	27.191	
13315	1025.	26.631	29.284	27.191	
13316	1025.	26.631	29.284	27.191	
13317	1025.1	26.631	29.285	27.191	
13318	1025.2	26.632	29.285	27.191	
13319	1025.3	26.632	29.285	27.191	
13320	1025.4	26.632	29.285	27.191	
13321	1025.5	26.632	29.285	27.191	
13322	1025.6	26.632	29.285	27.191	
13323	1025.7	26.632	29.285	27.191	
13324	1025.8	26.632	29.285	27.191	
13325	1025.9	26.632	29.285	27.191	
13326	1026.	26.632	29.285	27.191	
13327	1026.	26.632	29.285	27.191	
13328	1026.	26.632	29.285	27.191	
13329	1026.	26.632	29.285	27.191	
13330	1026.1	26.632	29.286	27.191	
13331	1026.2	26.632	29.286	27.191	
13332	1026.3	26.632	29.286	27.191	
13333	1026.4	26.632	29.286	27.191	
13334	1026.5	26.632	29.286	27.192	
13335	1026.6	26.632	29.286	27.192	
13336	1026.7	26.632	29.286	27.192	
13337	1026.8	26.632	29.286	27.192	
13338	1026.9	26.632	29.286	27.192	
13339	1027.	26.632	29.286	27.192	
13340	1027.	26.632	29.286	27.192	
13341	1027.	26.632	29.286	27.192	
13342	1027.	26.632	29.286	27.192	
13343	1027.1	26.632	29.287	27.192	
13344	1027.2	26.632	29.287	27.192	
13345	1027.3	26.632	29.287	27.192	
13346	1027.4	26.632	29.287	27.192	
13347	1027.5	26.632	29.287	27.192	
13348	1027.6	26.632	29.287	27.192	
13349	1027.7	26.632	29.287	27.192	
13350	1027.8	26.632	29.287	27.192	
13351	1027.9	26.632	29.287	27.192	
13352	1028.	26.632	29.287	27.192	
13353	1028.	26.632	29.287	27.192	
13354	1028.	26.632	29.287	27.192	
13355	1028.	26.632	29.287	27.192	
13356	1028.1	26.632	29.288	27.192	
13357	1028.2	26.632	29.288	27.192	
13358	1028.3	26.632	29.288	27.192	
13359	1028.4	26.633	29.288	27.192	
13360	1028.5	26.633	29.288	27.192	
13361	1028.6	26.633	29.288	27.192	
13362	1028.7	26.633	29.288	27.192	
13363	1028.8	26.633	29.288	27.193	
13364	1028.9	26.633	29.288	27.193	
13365	1029.	26.633	29.288	27.193	
13366	1029.	26.633	29.288	27.193	
13367	1029.	26.633	29.288	27.193	
13368	1029.	26.633	29.288	27.193	
13369	1029.1	26.633	29.289	27.193	
13370	1029.2	26.633	29.289	27.193	
13371	1029.3	26.633	29.289	27.193	
13372	1029.4	26.633	29.289	27.193	
13373	1029.5	26.633	29.289	27.193	
13374	1029.6	26.633	29.289	27.193	
13375	1029.7	26.633	29.289	27.193	
13376	1029.8	26.633	29.289	27.193	
13377	1029.9	26.633	29.289	27.193	
13378	1030.	26.633	29.289	27.193	
13379	1030.	26.633	29.289	27.193	
13380	1030.	26.633	29.289	27.193	
13381	1030.	26.633	29.289	27.193	
13382	1030.1	26.633	29.29	27.193	
13383	1030.2	26.633	29.29	27.193	
13384	1030.3	26.633	29.29	27.193	
13385	1030.4	26.633	29.29	27.193	
13386	1030.5	26.633	29.29	27.193	
13387	1030.6	26.633	29.29	27.193	
13388	1030.7	26.633	29.29	27.193	
13389	1030.8	26.633	29.29	27.193	
13390	1030.9	26.633	29.29	27.193	
13391	1031.	26.633	29.29	27.193	
13392	1031.	26.633	29.29	27.193	
13393	1031.	26.633	29.29	27.193	
13394	1031.	26.633	29.29	27.193	
13395	1031.1	26.633	29.29	27.193	
13396	1031.2	26.633	29.291	27.194	
13397	1031.3	26.633	29.291	27.194	
13398	1031.4	26.633	29.291	27.194	
13399	1031.5	26.633	29.291	27.194	
13400	1031.6	26.634	29.291	27.194	
13401	1031.7	26.634	29.291	27.194	
13402	1031.8	26.634	29.291	27.194	
13403	1031.9	26.634	29.291	27.194	
13404	1032.	26.634	29.291	27.194	
13405	1032.	26.634	29.291	27.194	
13406	1032.	26.634	29.291	27.194	
13407	1032.	26.634	29.291	27.194	
13408	1032.1	26.634	29.291	27.194	
13409	1032.2	26.634	29.292	27.194	
13410	1032.3	26.634	29.292	27.194	
13411	1032.4	26.634	29.292	27.194	
13412	1032.5	26.634	29.292	27.194	
13413	1032.6	26.634	29.292	27.194	
13414	1032.7	26.634	29.292	27.194	
13415	1032.8	26.634	29.292	27.194	
13416	1032.9	26.634	29.292	27.194	
13417	1033.	26.634	29.292	27.194	
13418	1033.	26.634	29.292	27.194	
13419	1033.	26.634	29.292	27.194	
13420	1033.	26.634	29.292	27.194	
13421	1033.1	26.634	29.292	27.194	
13422	1033.2	26.634	29.293	27.194	
13423	1033.3	26.634	29.293	27.194	
13424	1033.4	26.634	29.293	27.194	
13425	1033.5	26.634	29.293	27.195	
13426	1033.6	26.634	29.293	27.195	
13427	1033.7	26.634	29.293	27.195	
13428	1033.8	26.634	29.293	27.195	
13429	1033.9	26.634	29.293	27.195	
13430	1034.	26.634	29.293	27.195	
13431	1034.	26.634	29.293	27.195	
13432	1034.	26.634	29.293	27.195	
13433	1034.	26.634	29.293	27.195	
13434	1034.1	26.634	29.293	27.195	
13435	1034.2	26.634	29.294	27.195	
13436	1034.3	26.634	29.294	27.195	
13437	1034.4	26.634	29.294	27.195	
13438	1034.5	26.634	29.294	27.195	
13439	1034.6	26.634	29.294	27.195	
13440	1034.7	26.634	29.294	27.195	
13441	1034.8	26.635	29.294	27.195	
13442	1034.9	26.635	29.294	27.195	
13443	1035.	26.635	29.294	27.195	
13444	1035.	26.635	29.294	27.195	
13445	1035.	26.635	29.294	27.195	
13446	1035.	26.635	29.294	27.195	
13447	1035.1	26.635	29.294	27.195	
13448	1035.2	26.635	29.295	27.195	
13449	1035.3	26.635	29.295	27.195	
13450	1035.4	26.635	29.295	27.195	
13451	1035.5	26.635	29.295	27.195	
13452	1035.6	26.635	29.295	27.195	
13453	1035.7	26.635	29.295	27.195	
13454	1035.8	26.635	29.295	27.196	
13455	1035.9	26.635	29.295	27.196	
13456	1036.	26.635	29.295	27.196	
13457	1036.	26.635	29.295	27.196	
13458	1036.	26.635	29.295	27.196	
13459	1036.	26.635	29.295	27.196	
13460	1036.1	26.635	29.295	27.196	
13461	1036.2	26.635	29.296	27.196	
13462	1036.3	26.635	29.296	27.196	
13463	1036.4	26.635	29.296	27.196	
13464	1036.5	26.635	29.296	27.196	
13465	1036.6	26.635	29.296	27.196	
13466	1036.7	26.635	29.296	27.196	
13467	1036.8	26.635	29.296	27.196	
13468	1036.9	26.635	29.296	27.196	
13469	1037.	26.635	29.296	27.196	
13470	1037.	26.635	29.296	27.196	
13471	1037.	26.635	29.296	27.196	
13472	1037.	26.635	29.296	27.196	
13473	1037.1	26.635	29.296	27.196	
13474	1037.2	26.635	29.297	27.196	
13475	1037.3	26.635	29.297	27.196	
13476	1037.4	26.635	29.297	27.196	
13477	1037.5	26.635	29.297	27.196	
13478	1037.6	26.635	29.297	27.196	
13479	1037.7	26.635	29.297	27.196	
13480	1037.8	26.635	29.297	27.196	
13481	1037.9	26.635	29.297	27.196	
13482	1038.	26.636	29.297	27.196	
13483	1038.	26.636	29.297	27.196	
13484	1038.	26.636	29.297	27.196	
13485	1038.	26.636	29.297	27.196	
13486	1038.1	26.636	29.297	27.197	
13487	1038.2	26.636	29.298	27.197	
13488	1038.3	26.636	29.298	27.197	
13489	1038.4	26.636	29.298	27.197	
13490	1038.5	26.636	29.298	27.197	
13491	1038.6	26.636	29.298	27.197	
13492	1038.7	26.636	29.298	27.197	
13493	1038.8	26.636	29.298	27.197	
13494	1038.9	26.636	29.298	27.197	
13495	1039.	26.636	29.298	27.197	
13496	1039.	26.636	29.298	27.197	
13497	1039.	26.636	29.298	27.197	
13498	1039.	26.636	29.298	27.197	
13499	1039.1	26.636	29.298	27.197	
13500	1039.2	26.636	29.299	27.197	
13501	1039.3	26.636	29.299	27.197	
13502	1039.4	26.636	29.299	27.197	
13503	1039.5	26.636	29.299	27.197	
13504	1039.6	26.636	29.299	27.197	
13505	1039.7	26.636	29.299	27.197	
13506	1039.8	26.636	29.299	27.197	
13507	1039.9	26.636	29.299	27.197	
13508	1040.	26.636	29.299	27.197	
13509	1040.	26.636	29.299	27.197	
13510	1040.	26.636	29.299	27.197	
13511	1040.	26.636	29.299	27.197	
13512	1040.1	26.636	29.299	27.197	
13513	1040.2	26.636	29.3	27.197	
13514	1040.3	26.636	29.3	27.197	
13515	1040.4	26.636	29.3	27.197	
13516	1040.5	26.636	29.3	27.198	
13517	1040.6	26.636	29.3	27.198	
13518	1040.7	26.636	29.3	27.198	
13519	1040.8	26.636	29.3	27.198	
13520	1040.9	26.636	29.3	27.198	
13521	1041.	26.636	29.3	27.198	
13522	1041.	26.636	29.3	27.198	
13523	1041.	26.636	29.3	27.198	
13524	1041.	26.636	29.3	27.198	
13525	1041.1	26.636	29.3	27.198	
13526	1041.2	26.637	29.301	27.198	
13527	1041.3	26.637	29.301	27.198	
13528	1041.4	26.637	29.301	27.198	
13529	1041.5	26.637	29.301	27.198	
13530	1041.6	26.637	29.301	27.198	
13531	1041.7	26.637	29.301	27.198	
13532	1041.8	26.637	29.301	27.198	
13533	1041.9	26.637	29.301	27.198	
13534	1042.	26.637	29.301	27.198	
13535	1042.	26.637	29.301	27.198	
13536	1042.	26.637	29.301	27.198	
13537	1042.	26.637	29.301	27.198	
13538	1042.1	26.637	29.301	27.198	
13539	1042.2	26.637	29.302	27.198	
13540	1042.3	26.637	29.302	27.198	
13541	1042.4	26.637	29.302	27.198	
13542	1042.5	26.637	29.302	27.198	
13543	1042.6	26.637	29.302	27.198	
13544	1042.7	26.637	29.302	27.198	
13545	1042.8	26.637	29.302	27.199	
13546	1042.9	26.637	29.302	27.199	
13547	1043.	26.637	29.302	27.199	
13548	1043.	26.637	29.302	27.199	
13549	1043.	26.637	29.302	27.199	
13550	1043.	26.637	29.302	27.199	
13551	1043.1	26.637	29.302	27.199	
13552	1043.2	26.637	29.302	27.199	
13553	1043.3	26.637	29.303	27.199	
13554	1043.4	26.637	29.303	27.199	
13555	1043.5	26.637	29.303	27.199	
13556	1043.6	26.637	29.303	27.199	
13557	1043.7	26.637	29.303	27.199	
13558	1043.8	26.637	29.303	27.199	
13559	1043.9	26.637	29.303	27.199	
13560	1044.	26.637	29.303	27.199	
13561	1044.	26.637	29.303	27.199	
13562	1044.	26.637	29.303	27.199	
13563	1044.	26.637	29.303	27.199	
13564	1044.1	26.637	29.303	27.199	
13565	1044.2	26.637	29.303	27.199	
13566	1044.3	26.637	29.304	27.199	
13567	1044.4	26.638	29.304	27.199	
13568	1044.5	26.638	29.304	27.199	
13569	1044.6	26.638	29.304	27.199	
13570	1044.7	26.638	29.304	27.199	
13571	1044.8	26.638	29.304	27.199	
13572	1044.9	26.638	29.304	27.199	
13573	1045.	26.638	29.304	27.199	
13574	1045.	26.638	29.304	27.199	
13575	1045.	26.638	29.304	27.199	
13576	1045.	26.638	29.304	27.199	
13577	1045.1	26.638	29.304	27.2	
13578	1045.2	26.638	29.304	27.2	
13579	1045.3	26.638	29.305	27.2	
13580	1045.4	26.638	29.305	27.2	
13581	1045.5	26.638	29.305	27.2	
13582	1045.6	26.638	29.305	27.2	
13583	1045.7	26.638	29.305	27.2	
13584	1045.8	26.638	29.305	27.2	
13585	1045.9	26.638	29.305	27.2	
13586	1046.	26.638	29.305	27.2	
13587	1046.	26.638	29.305	27.2	
13588	1046.	26.638	29.305	27.2	
13589	1046.	26.638	29.305	27.2	
13590	1046.1	26.638	29.305	27.2	
13591	1046.2	26.638	29.305	27.2	
13592	1046.3	26.638	29.306	27.2	
13593	1046.4	26.638	29.306	27.2	
13594	1046.5	26.638	29.306	27.2	
13595	1046.6	26.638	29.306	27.2	
13596	1046.7	26.638	29.306	27.2	
13597	1046.8	26.638	29.306	27.2	
13598	1046.9	26.638	29.306	27.2	
13599	1047.	26.638	29.306	27.2	
13600	1047.	26.638	29.306	27.2	
13601	1047.	26.638	29.306	27.2	
13602	1047.	26.638	29.306	27.2	
13603	1047.1	26.638	29.306	27.2	
13604	1047.2	26.638	29.306	27.2	
13605	1047.3	26.638	29.307	27.2	
13606	1047.4	26.638	29.307	27.201	
13607	1047.5	26.638	29.307	27.201	
13608	1047.6	26.639	29.307	27.201	
13609	1047.7	26.639	29.307	27.201	
13610	1047.8	26.639	29.307	27.201	
13611	1047.9	26.639	29.307	27.201	
13612	1048.	26.639	29.307	27.201	
13613	1048.	26.639	29.307	27.201	
13614	1048.	26.639	29.307	27.201	
13615	1048.	26.639	29.307	27.201	
13616	1048.1	26.639	29.307	27.201	
13617	1048.2	26.639	29.307	27.201	
13618	1048.3	26.639	29.308	27.201	
13619	1048.4	26.639	29.308	27.201	
13620	1048.5	26.639	29.308	27.201	
13621	1048.6	26.639	29.308	27.201	
13622	1048.7	26.639	29.308	27.201	
13623	1048.8	26.639	29.308	27.201	
13624	1048.9	26.639	29.308	27.201	
13625	1049.	26.639	29.308	27.201	
13626	1049.	26.639	29.308	27.201	
13627	1049.	26.639	29.308	27.201	
13628	1049.	26.639	29.308	27.201	
13629	1049.1	26.639	29.308	27.201	
13630	1049.2	26.639	29.308	27.201	
13631	1049.3	26.639	29.309	27.201	
13632	1049.4	26.639	29.309	27.201	
13633	1049.5	26.639	29.309	27.201	
13634	1049.6	26.639	29.309	27.201	
13635	1049.7	26.639	29.309	27.202	
13636	1049.8	26.639	29.309	27.202	
13637	1049.9	26.639	29.309	27.202	
13638	1050.	26.639	29.309	27.202	
13639	1050.	26.639	29.309	27.202	
13640	1050.	26.639	29.309	27.202	
13641	1050.	26.639	29.309	27.202	
13642	1050.1	26.639	29.309	27.202	
13643	1050.2	26.639	29.309	27.202	
13644	1050.3	26.639	29.31	27.202	
13645	1050.4	26.639	29.31	27.202	
13646	1050.5	26.639	29.31	27.202	
13647	1050.6	26.639	29.31	27.202	
13648	1050.7	26.64	29.31	27.202	
13649	1050.8	26.64	29.31	27.202	
13650	1050.9	26.64	29.31	27.202	
13651	1051.	26.64	29.31	27.202	
13652	1051.	26.64	29.31	27.202	
13653	1051.	26.64	29.31	27.202	
13654	1051.	26.64	29.31	27.202	
13655	1051.1	26.64	29.31	27.202	
13656	1051.2	26.64	29.31	27.202	
13657	1051.3	26.64	29.311	27.202	
13658	1051.4	26.64	29.311	27.202	
13659	1051.5	26.64	29.311	27.202	
13660	1051.6	26.64	29.311	27.202	
13661	1051.7	26.64	29.311	27.202	
13662	1051.8	26.64	29.311	27.202	
13663	1051.9	26.64	29.311	27.202	
13664	1052.	26.64	29.311	27.202	
13665	1052.	26.64	29.311	27.202	
13666	1052.	26.64	29.311	27.202	
13667	1052.	26.64	29.311	27.203	
13668	1052.1	26.64	29.311	27.203	
13669	1052.2	26.64	29.311	27.203	
13670	1052.3	26.64	29.312	27.203	
13671	1052.4	26.64	29.312	27.203	
13672	1052.5	26.64	29.312	27.203	
13673	1052.6	26.64	29.312	27.203	
13674	1052.7	26.64	29.312	27.203	
13675	1052.8	26.64	29.312	27.203	
13676	1052.9	26.64	29.312	27.203	
13677	1053.	26.64	29.312	27.203	
13678	1053.	26.64	29.312	27.203	
13679	1053.	26.64	29.312	27.203	
13680	1053.	26.64	29.312	27.203	
13681	1053.1	26.64	29.312	27.203	
13682	1053.2	26.64	29.312	27.203	
13683	1053.3	26.64	29.313	27.203	
13684	1053.4	26.64	29.313	27.203	
13685	1053.5	26.64	29.313	27.203	
13686	1053.6	26.64	29.313	27.203	
13687	1053.7	26.64	29.313	27.203	
13688	1053.8	26.64	29.313	27.203	
13689	1053.9	26.641	29.313	27.203	
13690	1054.	26.641	29.313	27.203	
13691	1054.	26.641	29.313	27.203	
13692	1054.	26.641	29.313	27.203	
13693	1054.	26.641	29.313	27.203	
13694	1054.1	26.641	29.313	27.203	
13695	1054.2	26.641	29.313	27.203	
13696	1054.3	26.641	29.313	27.204	
13697	1054.4	26.641	29.314	27.204	
13698	1054.5	26.641	29.314	27.204	
13699	1054.6	26.641	29.314	27.204	
13700	1054.7	26.641	29.314	27.204	
13701	1054.8	26.641	29.314	27.204	
13702	1054.9	26.641	29.314	27.204	
13703	1055.	26.641	29.314	27.204	
13704	1055.	26.641	29.314	27.204	
13705	1055.	26.641	29.314	27.204	
13706	1055.	26.641	29.314	27.204	
13707	1055.1	26.641	29.314	27.204	
13708	1055.2	26.641	29.314	27.204	
13709	1055.3	26.641	29.314	27.204	
13710	1055.4	26.641	29.315	27.204	
13711	1055.5	26.641	29.315	27.204	
13712	1055.6	26.641	29.315	27.204	
13713	1055.7	26.641	29.315	27.204	
13714	1055.8	26.641	29.315	27.204	
13715	1055.9	26.641	29.315	27.204	
13716	1056.	26.641	29.315	27.204	
13717	1056.	26.641	29.315	27.204	
13718	1056.	26.641	29.315	27.204	
13719	1056.	26.641	29.315	27.204	
13720	1056.1	26.641	29.315	27.204	
13721	1056.2	26.641	29.315	27.204	
13722	1056.3	26.641	29.315	27.204	
13723	1056.4	26.641	29.316	27.204	
13724	1056.5	26.641	29.316	27.204	
13725	1056.6	26.641	29.316	27.204	
13726	1056.7	26.641	29.316	27.205	
13727	1056.8	26.641	29.316	27.205	
13728	1056.9	26.641	29.316	27.205	
13729	1057.	26.641	29.316	27.205	
13730	1057.	26.641	29.316	27.205	
13731	1057.	26.641	29.316	27.205	
13732	1057.	26.641	29.316	27.205	
13733	1057.1	26.642	29.316	27.205	
13734	1057.2	26.642	29.316	27.205	
13735	1057.3	26.642	29.316	27.205	
13736	1057.4	26.642	29.317	27.205	
13737	1057.5	26.642	29.317	27.205	
13738	1057.6	26.642	29.317	27.205	
13739	1057.7	26.642	29.317	27.205	
13740	1057.8	26.642	29.317	27.205	
13741	1057.9	26.642	29.317	27.205	
13742	1058.	26.642	29.317	27.205	
13743	1058.	26.642	29.317	27.205	
13744	1058.	26.642	29.317	27.205	
13745	1058.	26.642	29.317	27.205	
13746	1058.1	26.642	29.317	27.205	
13747	1058.2	26.642	29.317	27.205	
13748	1058.3	26.642	29.317	27.205	
13749	1058.4	26.642	29.318	27.205	
13750	1058.5	26.642	29.318	27.205	
13751	1058.6	26.642	29.318	27.205	
13752	1058.7	26.642	29.318	27.205	
13753	1058.8	26.642	29.318	27.205	
13754	1058.9	26.642	29.318	27.205	
13755	1059.	26.642	29.318	27.206	
13756	1059.	26.642	29.318	27.206	
13757	1059.	26.642	29.318	27.206	
13758	1059.	26.642	29.318	27.206	
13759	1059.1	26.642	29.318	27.206	
13760	1059.2	26.642	29.318	27.206	
13761	1059.3	26.642	29.318	27.206	
13762	1059.4	26.642	29.319	27.206	
13763	1059.5	26.642	29.319	27.206	
13764	1059.6	26.642	29.319	27.206	
13765	1059.7	26.642	29.319	27.206	
13766	1059.8	26.642	29.319	27.206	
13767	1059.9	26.642	29.319	27.206	
13768	1060.	26.642	29.319	27.206	
13769	1060.	26.642	29.319	27.206	
13770	1060.	26.642	29.319	27.206	
13771	1060.	26.642	29.319	27.206	
13772	1060.1	26.642	29.319	27.206	
13773	1060.2	26.642	29.319	27.206	
13774	1060.3	26.643	29.319	27.206	
13775	1060.4	26.643	29.32	27.206	
13776	1060.5	26.643	29.32	27.206	
13777	1060.6	26.643	29.32	27.206	
13778	1060.7	26.643	29.32	27.206	
13779	1060.8	26.643	29.32	27.206	
13780	1060.9	26.643	29.32	27.206	
13781	1061.	26.643	29.32	27.206	
13782	1061.	26.643	29.32	27.206	
13783	1061.	26.643	29.32	27.206	
13784	1061.	26.643	29.32	27.206	
13785	1061.1	26.643	29.32	27.206	
13786	1061.2	26.643	29.32	27.206	
13787	1061.3	26.643	29.32	27.207	
13788	1061.4	26.643	29.321	27.207	
13789	1061.5	26.643	29.321	27.207	
13790	1061.6	26.643	29.321	27.207	
13791	1061.7	26.643	29.321	27.207	
13792	1061.8	26.643	29.321	27.207	
13793	1061.9	26.643	29.321	27.207	
13794	1062.	26.643	29.321	27.207	
13795	1062.	26.643	29.321	27.207	
13796	1062.	26.643	29.321	27.207	
13797	1062.	26.643	29.321	27.207	
13798	1062.1	26.643	29.321	27.207	
13799	1062.2	26.643	29.321	27.207	
13800	1062.3	26.643	29.321	27.207	
13801	1062.4	26.643	29.322	27.207	
13802	1062.5	26.643	29.322	27.207	
13803	1062.6	26.643	29.322	27.207	
13804	1062.7	26.643	29.322	27.207	
13805	1062.8	26.643	29.322	27.207	
13806	1062.9	26.643	29.322	27.207	
13807	1063.	26.643	29.322	27.207	
13808	1063.	26.643	29.322	27.207	
13809	1063.	26.643	29.322	27.207	
13810	1063.	26.643	29.322	27.207	
13811	1063.1	26.643	29.322	27.207	
13812	1063.2	26.643	29.322	27.207	
13813	1063.3	26.643	29.322	27.207	
13814	1063.4	26.644	29.322	27.207	
13815	1063.5	26.644	29.323	27.207	
13816	1063.6	26.644	29.323	27.208	
13817	1063.7	26.644	29.323	27.208	
13818	1063.8	26.644	29.323	27.208	
13819	1063.9	26.644	29.323	27.208	
13820	1064.	26.644	29.323	27.208	
13821	1064.	26.644	29.323	27.208	
13822	1064.	26.644	29.323	27.208	
13823	1064.	26.644	29.323	27.208	
13824	1064.1	26.644	29.323	27.208	
13825	1064.2	26.644	29.323	27.208	
13826	1064.3	26.644	29.323	27.208	
13827	1064.4	26.644	29.323	27.208	
13828	1064.5	26.644	29.324	27.208	
13829	1064.6	26.644	29.324	27.208	
13830	1064.7	26.644	29.324	27.208	
13831	1064.8	26.644	29.324	27.208	
13832	1064.9	26.644	29.324	27.208	
13833	1065.	26.644	29.324	27.208	
13834	1065.	26.644	29.324	27.208	
13835	1065.	26.644	29.324	27.208	
13836	1065.	26.644	29.324	27.208	
13837	1065.1	26.644	29.324	27.208	
13838	1065.2	26.644	29.324	27.208	
13839	1065.3	26.644	29.324	27.208	
13840	1065.4	26.644	29.324	27.208	
13841	1065.5	26.644	29.325	27.208	
13842	1065.6	26.644	29.325	27.208	
13843	1065.7	26.644	29.325	27.208	
13844	1065.8	26.644	29.325	27.208	
13845	1065.9	26.644	29.325	27.209	
13846	1066.	26.644	29.325	27.209	
13847	1066.	26.644	29.325	27.209	
13848	1066.	26.644	29.325	27.209	
13849	1066.	26.644	29.325	27.209	
13850	1066.1	26.644	29.325	27.209	
13851	1066.2	26.644	29.325	27.209	
13852	1066.3	26.644	29.325	27.209	
13853	1066.4	26.644	29.325	27.209	
13854	1066.5	26.644	29.326	27.209	
13855	1066.6	26.645	29.326	27.209	
13856	1066.7	26.645	29.326	27.209	
13857	1066.8	26.645	29.326	27.209	
13858	1066.9	26.645	29.326	27.209	
13859	1067.	26.645	29.326	27.209	
13860	1067.	26.645	29.326	27.209	
13861	1067.	26.645	29.326	27.209	
13862	1067.	26.645	29.326	27.209	
13863	1067.1	26.645	29.326	27.209	
13864	1067.2	26.645	29.326	27.209	
13865	1067.3	26.645	29.326	27.209	
13866	1067.4	26.645	29.326	27.209	
13867	1067.5	26.645	29.327	27.209	
13868	1067.6	26.645	29.327	27.209	
13869	1067.7	26.645	29.327	27.209	
13870	1067.8	26.645	29.327	27.209	
13871	1067.9	26.645	29.327	27.209	
13872	1068.	26.645	29.327	27.209	
13873	1068.	26.645	29.327	27.209	
13874	1068.	26.645	29.327	27.209	
13875	1068.	26.645	29.327	27.209	
13876	1068.1	26.645	29.327	27.209	
13877	1068.2	26.645	29.327	27.21	
13878	1068.3	26.645	29.327	27.21	
13879	1068.4	26.645	29.327	27.21	
13880	1068.5	26.645	29.328	27.21	
13881	1068.6	26.645	29.328	27.21	
13882	1068.7	26.645	29.328	27.21	
13883	1068.8	26.645	29.328	27.21	
13884	1068.9	26.645	29.328	27.21	
13885	1069.	26.645	29.328	27.21	
13886	1069.	26.645	29.328	27.21	
13887	1069.	26.645	29.328	27.21	
13888	1069.	26.645	29.328	27.21	
13889	1069.1	26.645	29.328	27.21	
13890	1069.2	26.645	29.328	27.21	
13891	1069.3	26.645	29.328	27.21	
13892	1069.4	26.645	29.328	27.21	
13893	1069.5	26.645	29.329	27.21	
13894	1069.6	26.645	29.329	27.21	
13895	1069.7	26.646	29.329	27.21	
13896	1069.8	26.646	29.329	27.21	
13897	1069.9	26.646	29.329	27.21	
13898	1070.	26.646	29.329	27.21	
13899	1070.	26.646	29.329	27.21	
13900	1070.	26.646	29.329	27.21	
13901	1070.	26.646	29.329	27.21	
13902	1070.1	26.646	29.329	27.21	
13903	1070.2	26.646	29.329	27.21	
13904	1070.3	26.646	29.329	27.21	
13905	1070.4	26.646	29.329	27.21	
13906	1070.5	26.646	29.33	27.211	
13907	1070.6	26.646	29.33	27.211	
13908	1070.7	26.646	29.33	27.211	
13909	1070.8	26.646	29.33	27.211	
13910	1070.9	26.646	29.33	27.211	
13911	1071.	26.646	29.33	27.211	
13912	1071.	26.646	29.33	27.211	
13913	1071.	26.646	29.33	27.211	
13914	1071.	26.646	29.33	27.211	
13915	1071.1	26.646	29.33	27.211	
13916	1071.2	26.646	29.33	27.211	
13917	1071.3	26.646	29.33	27.211	
13918	1071.4	26.646	29.33	27.211	
13919	1071.5	26.646	29.331	27.211	
13920	1071.6	26.646	29.331	27.211	
13921	1071.7	26.646	29.331	27.211	
13922	1071.8	26.646	29.331	27.211	
13923	1071.9	26.646	29.331	27.211	
13924	1072.	26.646	29.331	27.211	
13925	1072.	26.646	29.331	27.211	
13926	1072.	26.646	29.331	27.211	
13927	1072.	26.646	29.331	27.211	
13928	1072.1	26.646	29.331	27.211	
13929	1072.2	26.646	29.331	27.211	
13930	1072.3	26.646	29.331	27.211	
13931	1072.4	26.646	29.331	27.211	
13932	1072.5	26.646	29.331	27.211	
13933	1072.6	26.646	29.332	27.211	
13934	1072.7	26.646	29.332	27.211	
13935	1072.8	26.646	29.332	27.212	
13936	1072.9	26.647	29.332	27.212	
13937	1073.	26.647	29.332	27.212	
13938	1073.	26.647	29.332	27.212	
13939	1073.	26.647	29.332	27.212	
13940	1073.	26.647	29.332	27.212	
13941	1073.1	26.647	29.332	27.212	
13942	1073.2	26.647	29.332	27.212	
13943	1073.3	26.647	29.332	27.212	
13944	1073.4	26.647	29.332	27.212	
13945	1073.5	26.647	29.332	27.212	
13946	1073.6	26.647	29.333	27.212	
13947	1073.7	26.647	29.333	27.212	
13948	1073.8	26.647	29.333	27.212	
13949	1073.9	26.647	29.333	27.212	
13950	1074.	26.647	29.333	27.212	
13951	1074.	26.647	29.333	27.212	
13952	1074.	26.647	29.333	27.212	
13953	1074.	26.647	29.333	27.212	
13954	1074.1	26.647	29.333	27.212	
13955	1074.2	26.647	29.333	27.212	
13956	1074.3	26.647	29.333	27.212	
13957	1074.4	26.647	29.333	27.212	
13958	1074.5	26.647	29.333	27.212	
13959	1074.6	26.647	29.334	27.212	
13960	1074.7	26.647	29.334	27.212	
13961	1074.8	26.647	29.334	27.212	
13962	1074.9	26.647	29.334	27.212	
13963	1075.	26.647	29.334	27.212	
13964	1075.	26.647	29.334	27.212	
13965	1075.	26.647	29.334	27.212	
13966	1075.	26.647	29.334	27.212	
13967	1075.1	26.647	29.334	27.213	
13968	1075.2	26.647	29.334	27.213	
13969	1075.3	26.647	29.334	27.213	
13970	1075.4	26.647	29.334	27.213	
13971	1075.5	26.647	29.334	27.213	
13972	1075.6	26.647	29.335	27.213	
13973	1075.7	26.647	29.335	27.213	
13974	1075.8	26.647	29.335	27.213	
13975	1075.9	26.647	29.335	27.213	
13976	1076.	26.647	29.335	27.213	
13977	1076.	26.647	29.335	27.213	
13978	1076.	26.648	29.335	27.213	
13979	1076.	26.648	29.335	27.213	
13980	1076.1	26.648	29.335	27.213	
13981	1076.2	26.648	29.335	27.213	
13982	1076.3	26.648	29.335	27.213	
13983	1076.4	26.648	29.335	27.213	
13984	1076.5	26.648	29.335	27.213	
13985	1076.6	26.648	29.336	27.213	
13986	1076.7	26.648	29.336	27.213	
13987	1076.8	26.648	29.336	27.213	
13988	1076.9	26.648	29.336	27.213	
13989	1077.	26.648	29.336	27.213	
13990	1077.	26.648	29.336	27.213	
13991	1077.	26.648	29.336	27.213	
13992	1077.	26.648	29.336	27.213	
13993	1077.1	26.648	29.336	27.213	
13994	1077.2	26.648	29.336	27.213	
13995	1077.3	26.648	29.336	27.213	
13996	1077.4	26.648	29.336	27.214	
13997	1077.5	26.648	29.336	27.214	
13998	1077.6	26.648	29.337	27.214	
13999	1077.7	26.648	29.337	27.214	
14000	1077.8	26.648	29.337	27.214	
14001	1077.9	26.648	29.337	27.214	
14002	1078.	26.648	29.337	27.214	
14003	1078.	26.648	29.337	27.214	
14004	1078.	26.648	29.337	27.214	
14005	1078.	26.648	29.337	27.214	
14006	1078.1	26.648	29.337	27.214	
14007	1078.2	26.648	29.337	27.214	
14008	1078.3	26.648	29.337	27.214	
14009	1078.4	26.648	29.337	27.214	
14010	1078.5	26.648	29.337	27.214	
14011	1078.6	26.648	29.338	27.214	
14012	1078.7	26.648	29.338	27.214	
14013	1078.8	26.648	29.338	27.214	
14014	1078.9	26.648	29.338	27.214	
14015	1079.	26.648	29.338	27.214	
14016	1079.	26.648	29.338	27.214	
14017	1079.	26.648	29.338	27.214	
14018	1079.	26.648	29.338	27.214	
14019	1079.1	26.648	29.338	27.214	
14020	1079.2	26.649	29.338	27.214	
14021	1079.3	26.649	29.338	27.214	
14022	1079.4	26.649	29.338	27.214	
14023	1079.5	26.649	29.338	27.214	
14024	1079.6	26.649	29.338	27.214	
14025	1079.7	26.649	29.339	27.215	
14026	1079.8	26.649	29.339	27.215	
14027	1079.9	26.649	29.339	27.215	
14028	1080.	26.649	29.339	27.215	
14029	1080.	26.649	29.339	27.215	
14030	1080.	26.649	29.339	27.215	
14031	1080.	26.649	29.339	27.215	
14032	1080.1	26.649	29.339	27.215	
14033	1080.2	26.649	29.339	27.215	
14034	1080.3	26.649	29.339	27.215	
14035	1080.4	26.649	29.339	27.215	
14036	1080.5	26.649	29.339	27.215	
14037	1080.6	26.649	29.339	27.215	
14038	1080.7	26.649	29.34	27.215	
14039	1080.8	26.649	29.34	27.215	
14040	1080.9	26.649	29.34	27.215	
14041	1081.	26.649	29.34	27.215	
14042	1081.	26.649	29.34	27.215	
14043	1081.	26.649	29.34	27.215	
14044	1081.	26.649	29.34	27.215	
14045	1081.1	26.649	29.34	27.215	
14046	1081.2	26.649	29.34	27.215	
14047	1081.3	26.649	29.34	27.215	
14048	1081.4	26.649	29.34	27.215	
14049	1081.5	26.649	29.34	27.215	
14050	1081.6	26.649	29.34	27.215	
14051	1081.7	26.649	29.341	27.215	
14052	1081.8	26.649	29.341	27.215	
14053	1081.9	26.649	29.341	27.215	
14054	1082.	26.649	29.341	27.216	
14055	1082.	26.649	29.341	27.216	
14056	1082.	26.649	29.341	27.216	
14057	1082.	26.649	29.341	27.216	
14058	1082.1	26.649	29.341	27.216	
14059	1082.2	26.649	29.341	27.216	
14060	1082.3	26.65	29.341	27.216	
14061	1082.4	26.65	29.341	27.216	
14062	1082.5	26.65	29.341	27.216	
14063	1082.6	26.65	29.341	27.216	
14064	1082.7	26.65	29.342	27.216	
14065	1082.8	26.65	29.342	27.216	
14066	1082.9	26.65	29.342	27.216	
14067	1083.	26.65	29.342	27.216	
14068	1083.	26.65	29.342	27.216	
14069	1083.	26.65	29.342	27.216	
14070	1083.	26.65	29.342	27.216	
14071	1083.1	26.65	29.342	27.216	
14072	1083.2	26.65	29.342	27.216	
14073	1083.3	26.65	29.342	27.216	
14074	1083.4	26.65	29.342	27.216	
14075	1083.5	26.65	29.342	27.216	
14076	1083.6	26.65	29.342	27.216	
14077	1083.7	26.65	29.343	27.216	
14078	1083.8	26.65	29.343	27.216	
14079	1083.9	26.65	29.343	27.216	
14080	1084.	26.65	29.343	27.216	
14081	1084.	26.65	29.343	27.216	
14082	1084.	26.65	29.343	27.216	
14083	1084.	26.65	29.343	27.216	
14084	1084.1	26.65	29.343	27.216	
14085	1084.2	26.65	29.343	27.216	
14086	1084.3	26.65	29.343	27.217	
14087	1084.4	26.65	29.343	27.217	
14088	1084.5	26.65	29.343	27.217	
14089	1084.6	26.65	29.343	27.217	
14090	1084.7	26.65	29.344	27.217	
14091	1084.8	26.65	29.344	27.217	
14092	1084.9	26.65	29.344	27.217	
14093	1085.	26.65	29.344	27.217	
14094	1085.	26.65	29.344	27.217	
14095	1085.	26.65	29.344	27.217	
14096	1085.	26.65	29.344	27.217	
14097	1085.1	26.65	29.344	27.217	
14098	1085.2	26.65	29.344	27.217	
14099	1085.3	26.65	29.344	27.217	
14100	1085.4	26.651	29.344	27.217	
14101	1085.5	26.651	29.344	27.217	
14102	1085.6	26.651	29.344	27.217	
14103	1085.7	26.651	29.345	27.217	
14104	1085.8	26.651	29.345	27.217	
14105	1085.9	26.651	29.345	27.217	
14106	1086.	26.651	29.345	27.217	
14107	1086.	26.651	29.345	27.217	
14108	1086.	26.651	29.345	27.217	
14109	1086.	26.651	29.345	27.217	
14110	1086.1	26.651	29.345	27.217	
14111	1086.2	26.651	29.345	27.217	
14112	1086.3	26.651	29.345	27.217	
14113	1086.4	26.651	29.345	27.217	
14114	1086.5	26.651	29.345	27.217	
14115	1086.6	26.651	29.345	27.218	
14116	1086.7	26.651	29.346	27.218	
14117	1086.8	26.651	29.346	27.218	
14118	1086.9	26.651	29.346	27.218	
14119	1087.	26.651	29.346	27.218	
14120	1087.	26.651	29.346	27.218	
14121	1087.	26.651	29.346	27.218	
14122	1087.	26.651	29.346	27.218	
14123	1087.1	26.651	29.346	27.218	
14124	1087.2	26.651	29.346	27.218	
14125	1087.3	26.651	29.346	27.218	
14126	1087.4	26.651	29.346	27.218	
14127	1087.5	26.651	29.346	27.218	
14128	1087.6	26.651	29.346	27.218	
14129	1087.7	26.651	29.346	27.218	
14130	1087.8	26.651	29.347	27.218	
14131	1087.9	26.651	29.347	27.218	
14132	1088.	26.651	29.347	27.218	
14133	1088.	26.651	29.347	27.218	
14134	1088.	26.651	29.347	27.218	
14135	1088.	26.651	29.347	27.218	
14136	1088.1	26.651	29.347	27.218	
14137	1088.2	26.651	29.347	27.218	
14138	1088.3	26.651	29.347	27.218	
14139	1088.4	26.651	29.347	27.218	
14140	1088.5	26.652	29.347	27.218	
14141	1088.6	26.652	29.347	27.218	
14142	1088.7	26.652	29.347	27.218	
14143	1088.8	26.652	29.348	27.218	
14144	1088.9	26.652	29.348	27.219	
14145	1089.	26.652	29.348	27.219	
14146	1089.	26.652	29.348	27.219	
14147	1089.	26.652	29.348	27.219	
14148	1089.	26.652	29.348	27.219	
14149	1089.1	26.652	29.348	27.219	
14150	1089.2	26.652	29.348	27.219	
14151	1089.3	26.652	29.348	27.219	
14152	1089.4	26.652	29.348	27.219	
14153	1089.5	26.652	29.348	27.219	
14154	1089.6	26.652	29.348	27.219	
14155	1089.7	26.652	29.348	27.219	
14156	1089.8	26.652	29.349	27.219	
14157	1089.9	26.652	29.349	27.219	
14158	1090.	26.652	29.349	27.219	
14159	1090.	26.652	29.349	27.219	
14160	1090.	26.652	29.349	27.219	
14161	1090.	26.652	29.349	27.219	
14162	1090.1	26.652	29.349	27.219	
14163	1090.2	26.652	29.349	27.219	
14164	1090.3	26.652	29.349	27.219	
14165	1090.4	26.652	29.349	27.219	
14166	1090.5	26.652	29.349	27.219	
14167	1090.6	26.652	29.349	27.219	
14168	1090.7	26.652	29.349	27.219	
14169	1090.8	26.652	29.35	27.219	
14170	1090.9	26.652	29.35	27.219	
14171	1091.	26.652	29.35	27.219	
14172	1091.	26.652	29.35	27.219	
14173	1091.	26.652	29.35	27.219	
14174	1091.	26.652	29.35	27.219	
14175	1091.1	26.652	29.35	27.22	
14176	1091.2	26.652	29.35	27.22	
14177	1091.3	26.652	29.35	27.22	
14178	1091.4	26.652	29.35	27.22	
14179	1091.5	26.652	29.35	27.22	
14180	1091.6	26.652	29.35	27.22	
14181	1091.7	26.653	29.35	27.22	
14182	1091.8	26.653	29.351	27.22	
14183	1091.9	26.653	29.351	27.22	
14184	1092.	26.653	29.351	27.22	
14185	1092.	26.653	29.351	27.22	
14186	1092.	26.653	29.351	27.22	
14187	1092.	26.653	29.351	27.22	
14188	1092.1	26.653	29.351	27.22	
14189	1092.2	26.653	29.351	27.22	
14190	1092.3	26.653	29.351	27.22	
14191	1092.4	26.653	29.351	27.22	
14192	1092.5	26.653	29.351	27.22	
14193	1092.6	26.653	29.351	27.22	
14194	1092.7	26.653	29.351	27.22	
14195	1092.8	26.653	29.352	27.22	
14196	1092.9	26.653	29.352	27.22	
14197	1093.	26.653	29.352	27.22	
14198	1093.	26.653	29.352	27.22	
14199	1093.	26.653	29.352	27.22	
14200	1093.	26.653	29.352	27.22	
14201	1093.1	26.653	29.352	27.22	
14202	1093.2	26.653	29.352	27.22	
14203	1093.3	26.653	29.352	27.22	
14204	1093.4	26.653	29.352	27.221	
14205	1093.5	26.653	29.352	27.221	
14206	1093.6	26.653	29.352	27.221	
14207	1093.7	26.653	29.352	27.221	
14208	1093.8	26.653	29.352	27.221	
14209	1093.9	26.653	29.353	27.221	
14210	1094.	26.653	29.353	27.221	
14211	1094.	26.653	29.353	27.221	
14212	1094.	26.653	29.353	27.221	
14213	1094.	26.653	29.353	27.221	
14214	1094.1	26.653	29.353	27.221	
14215	1094.2	26.653	29.353	27.221	
14216	1094.3	26.653	29.353	27.221	
14217	1094.4	26.653	29.353	27.221	
14218	1094.5	26.653	29.353	27.221	
14219	1094.6	26.653	29.353	27.221	
14220	1094.7	26.653	29.353	27.221	
14221	1094.8	26.654	29.353	27.221	
14222	1094.9	26.654	29.354	27.221	
14223	1095.	26.654	29.354	27.221	
14224	1095.	26.654	29.354	27.221	
14225	1095.	26.654	29.354	27.221	
14226	1095.	26.654	29.354	27.221	
14227	1095.1	26.654	29.354	27.221	
14228	1095.2	26.654	29.354	27.221	
14229	1095.3	26.654	29.354	27.221	
14230	1095.4	26.654	29.354	27.221	
14231	1095.5	26.654	29.354	27.221	
14232	1095.6	26.654	29.354	27.221	
14233	1095.7	26.654	29.354	27.222	
14234	1095.8	26.654	29.354	27.222	
14235	1095.9	26.654	29.355	27.222	
14236	1096.	26.654	29.355	27.222	
14237	1096.	26.654	29.355	27.222	
14238	1096.	26.654	29.355	27.222	
14239	1096.	26.654	29.355	27.222	
14240	1096.1	26.654	29.355	27.222	
14241	1096.2	26.654	29.355	27.222	
14242	1096.3	26.654	29.355	27.222	
14243	1096.4	26.654	29.355	27.222	
14244	1096.5	26.654	29.355	27.222	
14245	1096.6	26.654	29.355	27.222	
14246	1096.7	26.654	29.355	27.222	
14247	1096.8	26.654	29.355	27.222	
14248	1096.9	26.654	29.356	27.222	
14249	1097.	26.654	29.356	27.222	
14250	1097.	26.654	29.356	27.222	
14251	1097.	26.654	29.356	27.222	
14252	1097.	26.654	29.356	27.222	
14253	1097.1	26.654	29.356	27.222	
14254	1097.2	26.654	29.356	27.222	
14255	1097.3	26.654	29.356	27.222	
14256	1097.4	26.654	29.356	27.222	
14257	1097.5	26.654	29.356	27.222	
14258	1097.6	26.654	29.356	27.222	
14259	1097.7	26.654	29.356	27.222	
14260	1097.8	26.654	29.356	27.222	
14261	1097.9	26.655	29.357	27.222	
14262	1098.	26.655	29.357	27.223	
14263	1098.	26.655	29.357	27.223	
14264	1098.	26.655	29.357	27.223	
14265	1098.	26.655	29.357	27.223	
14266	1098.1	26.655	29.357	27.223	
14267	1098.2	26.655	29.357	27.223	
14268	1098.3	26.655	29.357	27.223	
14269	1098.4	26.655	29.357	27.223	
14270	1098.5	26.655	29.357	27.223	
14271	1098.6	26.655	29.357	27.223	
14272	1098.7	26.655	29.357	27.223	
14273	1098.8	26.655	29.357	27.223	
14274	1098.9	26.655	29.358	27.223	
14275	1099.	26.655	29.358	27.223	
14276	1099.	26.655	29.358	27.223	
14277	1099.	26.655	29.358	27.223	
14278	1099.	26.655	29.358	27.223	
14279	1099.1	26.655	29.358	27.223	
14280	1099.2	26.655	29.358	27.223	
14281	1099.3	26.655	29.358	27.223	
14282	1099.4	26.655	29.358	27.223	
14283	1099.5	26.655	29.358	27.223	
14284	1099.6	26.655	29.358	27.223	
14285	1099.7	26.655	29.358	27.223	
14286	1099.8	26.655	29.358	27.223	
14287	1099.9	26.655	29.359	27.223	
14288	1100.	26.655	29.359	27.223	
14289	1100.	26.655	29.359	27.223	
14290	1100.	26.655	29.359	27.223	
14291	1100.	26.655	29.359	27.223	
14292	1100.1	26.655	29.359	27.223	
14293	1100.2	26.655	29.359	27.223	
14294	1100.3	26.655	29.359	27.224	
14295	1100.4	26.655	29.359	27.224	
14296	1100.5	26.655	29.359	27.224	
14297	1100.6	26.655	29.359	27.224	
14298	1100.7	26.655	29.359	27.224	
14299	1100.8	26.655	29.359	27.224	
14300	1100.9	26.655	29.359	27.224	
14301	1101.	26.656	29.36	27.224	
14302	1101.	26.656	29.36	27.224	
14303	1101.	26.656	29.36	27.224	
14304	1101.	26.656	29.36	27.224	
14305	1101.1	26.656	29.36	27.224	
14306	1101.2	26.656	29.36	27.224	
14307	1101.3	26.656	29.36	27.224	
14308	1101.4	26.656	29.36	27.224	
14309	1101.5	26.656	29.36	27.224	
14310	1101.6	26.656	29.36	27.224	
14311	1101.7	26.656	29.36	27.224	
14312	1101.8	26.656	29.36	27.224	
14313	1101.9	26.656	29.36	27.224	
14314	1102.	26.656	29.361	27.224	
14315	1102.	26.656	29.361	27.224	
14316	1102.	26.656	29.361	27.224	
14317	1102.	26.656	29.361	27.224	
14318	1102.1	26.656	29.361	27.224	
14319	1102.2	26.656	29.361	27.224	
14320	1102.3	26.656	29.361	27.224	
14321	1102.4	26.656	29.361	27.224	
14322	1102.5	26.656	29.361	27.224	
14323	1102.6	26.656	29.361	27.225	
14324	1102.7	26.656	29.361	27.225	
14325	1102.8	26.656	29.361	27.225	
14326	1102.9	26.656	29.361	27.225	
14327	1103.	26.656	29.362	27.225	
14328	1103.	26.656	29.362	27.225	
14329	1103.	26.656	29.362	27.225	
14330	1103.	26.656	29.362	27.225	
14331	1103.1	26.656	29.362	27.225	
14332	1103.2	26.656	29.362	27.225	
14333	1103.3	26.656	29.362	27.225	
14334	1103.4	26.656	29.362	27.225	
14335	1103.5	26.656	29.362	27.225	
14336	1103.6	26.656	29.362	27.225	
14337	1103.7	26.656	29.362	27.225	
14338	1103.8	26.656	29.362	27.225	
14339	1103.9	26.656	29.362	27.225	
14340	1104.	26.656	29.363	27.225	
14341	1104.	26.656	29.363	27.225	
14342	1104.	26.656	29.363	27.225	
14343	1104.	26.656	29.363	27.225	
14344	1104.1	26.657	29.363	27.225	
14345	1104.2	26.657	29.363	27.225	
14346	1104.3	26.657	29.363	27.225	
14347	1104.4	26.657	29.363	27.225	
14348	1104.5	26.657	29.363	27.225	
14349	1104.6	26.657	29.363	27.225	
14350	1104.7	26.657	29.363	27.225	
14351	1104.8	26.657	29.363	27.225	
14352	1104.9	26.657	29.363	27.226	
14353	1105.	26.657	29.363	27.226	
14354	1105.	26.657	29.363	27.226	
14355	1105.	26.657	29.364	27.226	
14356	1105.	26.657	29.364	27.226	
14357	1105.1	26.657	29.364	27.226	
14358	1105.2	26.657	29.364	27.226	
14359	1105.3	26.657	29.364	27.226	
14360	1105.4	26.657	29.364	27.226	
14361	1105.5	26.657	29.364	27.226	
14362	1105.6	26.657	29.364	27.226	
14363	1105.7	26.657	29.364	27.226	
14364	1105.8	26.657	29.364	27.226	
14365	1105.9	26.657	29.364	27.226	
14366	1106.	26.657	29.364	27.226	
14367	1106.	26.657	29.364	27.226	
14368	1106.	26.657	29.364	27.226	
14369	1106.	26.657	29.365	27.226	
14370	1106.1	26.657	29.365	27.226	
14371	1106.2	26.657	29.365	27.226	
14372	1106.3	26.657	29.365	27.226	
14373	1106.4	26.657	29.365	27.226	
14374	1106.5	26.657	29.365	27.226	
14375	1106.6	26.657	29.365	27.226	
14376	1106.7	26.657	29.365	27.226	
14377	1106.8	26.657	29.365	27.226	
14378	1106.9	26.657	29.365	27.226	
14379	1107.	26.657	29.365	27.226	
14380	1107.	26.657	29.365	27.226	
14381	1107.	26.657	29.365	27.226	
14382	1107.	26.657	29.366	27.226	
14383	1107.1	26.657	29.366	27.227	
14384	1107.2	26.658	29.366	27.227	
14385	1107.3	26.658	29.366	27.227	
14386	1107.4	26.658	29.366	27.227	
14387	1107.5	26.658	29.366	27.227	
14388	1107.6	26.658	29.366	27.227	
14389	1107.7	26.658	29.366	27.227	
14390	1107.8	26.658	29.366	27.227	
14391	1107.9	26.658	29.366	27.227	
14392	1108.	26.658	29.366	27.227	
14393	1108.	26.658	29.366	27.227	
14394	1108.	26.658	29.366	27.227	
14395	1108.	26.658	29.366	27.227	
14396	1108.1	26.658	29.367	27.227	
14397	1108.2	26.658	29.367	27.227	
14398	1108.3	26.658	29.367	27.227	
14399	1108.4	26.658	29.367	27.227	
14400	1108.5	26.658	29.367	27.227	
14401	1108.6	26.658	29.367	27.227	
14402	1108.7	26.658	29.367	27.227	
14403	1108.8	26.658	29.367	27.227	
14404	1108.9	26.658	29.367	27.227	
14405	1109.	26.658	29.367	27.227	
14406	1109.	26.658	29.367	27.227	
14407	1109.	26.658	29.367	27.227	
14408	1109.	26.658	29.367	27.227	
14409	1109.1	26.658	29.368	27.227	
14410	1109.2	26.658	29.368	27.227	
14411	1109.3	26.658	29.368	27.227	
14412	1109.4	26.658	29.368	27.228	
14413	1109.5	26.658	29.368	27.228	
14414	1109.6	26.658	29.368	27.228	
14415	1109.7	26.658	29.368	27.228	
14416	1109.8	26.658	29.368	27.228	
14417	1109.9	26.658	29.368	27.228	
14418	1110.	26.658	29.368	27.228	
14419	1110.	26.658	29.368	27.228	
14420	1110.	26.658	29.368	27.228	
14421	1110.	26.658	29.368	27.228	
14422	1110.1	26.658	29.369	27.228	
14423	1110.2	26.658	29.369	27.228	
14424	1110.3	26.659	29.369	27.228	
14425	1110.4	26.659	29.369	27.228	
14426	1110.5	26.659	29.369	27.228	
14427	1110.6	26.659	29.369	27.228	
14428	1110.7	26.659	29.369	27.228	
14429	1110.8	26.659	29.369	27.228	
14430	1110.9	26.659	29.369	27.228	
14431	1111.	26.659	29.369	27.228	
14432	1111.	26.659	29.369	27.228	
14433	1111.	26.659	29.369	27.228	
14434	1111.	26.659	29.369	27.228	
14435	1111.1	26.659	29.37	27.228	
14436	1111.2	26.659	29.37	27.228	
14437	1111.3	26.659	29.37	27.228	
14438	1111.4	26.659	29.37	27.228	
14439	1111.5	26.659	29.37	27.228	
14440	1111.6	26.659	29.37	27.228	
14441	1111.7	26.659	29.37	27.229	
14442	1111.8	26.659	29.37	27.229	
14443	1111.9	26.659	29.37	27.229	
14444	1112.	26.659	29.37	27.229	
14445	1112.	26.659	29.37	27.229	
14446	1112.	26.659	29.37	27.229	
14447	1112.	26.659	29.37	27.229	
14448	1112.1	26.659	29.371	27.229	
14449	1112.2	26.659	29.371	27.229	
14450	1112.3	26.659	29.371	27.229	
14451	1112.4	26.659	29.371	27.229	
14452	1112.5	26.659	29.371	27.229	
14453	1112.6	26.659	29.371	27.229	
14454	1112.7	26.659	29.371	27.229	
14455	1112.8	26.659	29.371	27.229	
14456	1112.9	26.659	29.371	27.229	
14457	1113.	26.659	29.371	27.229	
14458	1113.	26.659	29.371	27.229	
14459	1113.	26.659	29.371	27.229	
14460	1113.	26.659	29.371	27.229	
14461	1113.1	26.659	29.371	27.229	
14462	1113.2	26.659	29.372	27.229	
14463	1113.3	26.659	29.372	27.229	
14464	1113.4	26.66	29.372	27.229	
14465	1113.5	26.66	29.372	27.229	
14466	1113.6	26.66	29.372	27.229	
14467	1113.7	26.66	29.372	27.229	
14468	1113.8	26.66	29.372	27.229	
14469	1113.9	26.66	29.372	27.229	
14470	1114.	26.66	29.372	27.23	
14471	1114.	26.66	29.372	27.23	
14472	1114.	26.66	29.372	27.23	
14473	1114.	26.66	29.372	27.23	
14474	1114.1	26.66	29.372	27.23	
14475	1114.2	26.66	29.373	27.23	
14476	1114.3	26.66	29.373	27.23	
14477	1114.4	26.66	29.373	27.23	
14478	1114.5	26.66	29.373	27.23	
14479	1114.6	26.66	29.373	27.23	
14480	1114.7	26.66	29.373	27.23	
14481	1114.8	26.66	29.373	27.23	
14482	1114.9	26.66	29.373	27.23	
14483	1115.	26.66	29.373	27.23	
14484	1115.	26.66	29.373	27.23	
14485	1115.	26.66	29.373	27.23	
14486	1115.	26.66	29.373	27.23	
14487	1115.1	26.66	29.373	27.23	
14488	1115.2	26.66	29.374	27.23	
14489	1115.3	26.66	29.374	27.23	
14490	1115.4	26.66	29.374	27.23	
14491	1115.5	26.66	29.374	27.23	
14492	1115.6	26.66	29.374	27.23	
14493	1115.7	26.66	29.374	27.23	
14494	1115.8	26.66	29.374	27.23	
14495	1115.9	26.66	29.374	27.23	
14496	1116.	26.66	29.374	27.23	
14497	1116.	26.66	29.374	27.23	
14498	1116.	26.66	29.374	27.23	
14499	1116.	26.66	29.374	27.23	
14500	1116.1	26.66	29.374	27.23	
14501	1116.2	26.66	29.375	27.231	
14502	1116.3	26.66	29.375	27.231	
14503	1116.4	26.66	29.375	27.231	
14504	1116.5	26.661	29.375	27.231	
14505	1116.6	26.661	29.375	27.231	
14506	1116.7	26.661	29.375	27.231	
14507	1116.8	26.661	29.375	27.231	
14508	1116.9	26.661	29.375	27.231	
14509	1117.	26.661	29.375	27.231	
14510	1117.	26.661	29.375	27.231	
14511	1117.	26.661	29.375	27.231	
14512	1117.	26.661	29.375	27.231	
14513	1117.1	26.661	29.375	27.231	
14514	1117.2	26.661	29.376	27.231	
14515	1117.3	26.661	29.376	27.231	
14516	1117.4	26.661	29.376	27.231	
14517	1117.5	26.661	29.376	27.231	
14518	1117.6	26.661	29.376	27.231	
14519	1117.7	26.661	29.376	27.231	
14520	1117.8	26.661	29.376	27.231	
14521	1117.9	26.661	29.376	27.231	
14522	1118.	26.661	29.376	27.231	
14523	1118.	26.661	29.376	27.231	
14524	1118.	26.661	29.376	27.231	
14525	1118.	26.661	29.376	27.231	
14526	1118.1	26.661	29.376	27.231	
14527	1118.2	26.661	29.377	27.231	
14528	1118.3	26.661	29.377	27.231	
14529	1118.4	26.661	29.377	27.231	
14530	1118.5	26.661	29.377	27.232	
14531	1118.6	26.661	29.377	27.232	
14532	1118.7	26.661	29.377	27.232	
14533	1118.8	26.661	29.377	27.232	
14534	1118.9	26.661	29.377	27.232	
14535	1119.	26.661	29.377	27.232	
14536	1119.	26.661	29.377	27.232	
14537	1119.	26.661	29.377	27.232	
14538	1119.	26.661	29.377	27.232	
14539	1119.1	26.661	29.377	27.232	
14540	1119.2	26.661	29.377	27.232	
14541	1119.3	26.661	29.378	27.232	
14542	1119.4	26.661	29.378	27.232	
14543	1119.5	26.662	29.378	27.232	
14544	1119.6	26.662	29.378	27.232	
14545	1119.7	26.662	29.378	27.232	
14546	1119.8	26.662	29.378	27.232	
14547	1119.9	26.662	29.378	27.232	
14548	1120.	26.662	29.378	27.232	
14549	1120.	26.662	29.378	27.232	
14550	1120.	26.662	29.378	27.232	
14551	1120.	26.662	29.378	27.232	
14552	1120.1	26.662	29.378	27.232	
14553	1120.2	26.662	29.378	27.232	
14554	1120.3	26.662	29.379	27.232	
14555	1120.4	26.662	29.379	27.232	
14556	1120.5	26.662	29.379	27.232	
14557	1120.6	26.662	29.379	27.232	
14558	1120.7	26.662	29.379	27.232	
14559	1120.8	26.662	29.379	27.233	
14560	1120.9	26.662	29.379	27.233	
14561	1121.	26.662	29.379	27.233	
14562	1121.	26.662	29.379	27.233	
14563	1121.	26.662	29.379	27.233	
14564	1121.	26.662	29.379	27.233	
14565	1121.1	26.662	29.379	27.233	
14566	1121.2	26.662	29.379	27.233	
14567	1121.3	26.662	29.38	27.233	
14568	1121.4	26.662	29.38	27.233	
14569	1121.5	26.662	29.38	27.233	
14570	1121.6	26.662	29.38	27.233	
14571	1121.7	26.662	29.38	27.233	
14572	1121.8	26.662	29.38	27.233	
14573	1121.9	26.662	29.38	27.233	
14574	1122.	26.662	29.38	27.233	
14575	1122.	26.662	29.38	27.233	
14576	1122.	26.662	29.38	27.233	
14577	1122.	26.662	29.38	27.233	
14578	1122.1	26.662	29.38	27.233	
14579	1122.2	26.662	29.38	27.233	
14580	1122.3	26.662	29.381	27.233	
14581	1122.4	26.662	29.381	27.233	
14582	1122.5	26.662	29.381	27.233	
14583	1122.6	26.663	29.381	27.233	
14584	1122.7	26.663	29.381	27.233	
14585	1122.8	26.663	29.381	27.233	
14586	1122.9	26.663	29.381	27.233	
14587	1123.	26.663	29.381	27.233	
14588	1123.	26.663	29.381	27.233	
14589	1123.	26.663	29.381	27.233	
14590	1123.	26.663	29.381	27.233	
14591	1123.1	26.663	29.381	27.234	
14592	1123.2	26.663	29.381	27.234	
14593	1123.3	26.663	29.382	27.234	
14594	1123.4	26.663	29.382	27.234	
14595	1123.5	26.663	29.382	27.234	
14596	1123.6	26.663	29.382	27.234	
14597	1123.7	26.663	29.382	27.234	
14598	1123.8	26.663	29.382	27.234	
14599	1123.9	26.663	29.382	27.234	
14600	1124.	26.663	29.382	27.234	
14601	1124.	26.663	29.382	27.234	
14602	1124.	26.663	29.382	27.234	
14603	1124.	26.663	29.382	27.234	
14604	1124.1	26.663	29.382	27.234	
14605	1124.2	26.663	29.382	27.234	
14606	1124.3	26.663	29.382	27.234	
14607	1124.4	26.663	29.383	27.234	
14608	1124.5	26.663	29.383	27.234	
14609	1124.6	26.663	29.383	27.234	
14610	1124.7	26.663	29.383	27.234	
14611	1124.8	26.663	29.383	27.234	
14612	1124.9	26.663	29.383	27.234	
14613	1125.	26.663	29.383	27.234	
14614	1125.	26.663	29.383	27.234	
14615	1125.	26.663	29.383	27.234	
14616	1125.	26.663	29.383	27.234	
14617	1125.1	26.663	29.383	27.234	
14618	1125.2	26.663	29.383	27.234	
14619	1125.3	26.663	29.383	27.235	
14620	1125.4	26.663	29.384	27.235	
14621	1125.5	26.663	29.384	27.235	
14622	1125.6	26.663	29.384	27.235	
14623	1125.7	26.664	29.384	27.235	
14624	1125.8	26.664	29.384	27.235	
14625	1125.9	26.664	29.384	27.235	
14626	1126.	26.664	29.384	27.235	
14627	1126.	26.664	29.384	27.235	
14628	1126.	26.664	29.384	27.235	
14629	1126.	26.664	29.384	27.235	
14630	1126.1	26.664	29.384	27.235	
14631	1126.2	26.664	29.384	27.235	
14632	1126.3	26.664	29.384	27.235	
14633	1126.4	26.664	29.385	27.235	
14634	1126.5	26.664	29.385	27.235	
14635	1126.6	26.664	29.385	27.235	
14636	1126.7	26.664	29.385	27.235	
14637	1126.8	26.664	29.385	27.235	
14638	1126.9	26.664	29.385	27.235	
14639	1127.	26.664	29.385	27.235	
14640	1127.	26.664	29.385	27.235	
14641	1127.	26.664	29.385	27.235	
14642	1127.	26.664	29.385	27.235	
14643	1127.1	26.664	29.385	27.235	
14644	1127.2	26.664	29.385	27.235	
14645	1127.3	26.664	29.385	27.235	
14646	1127.4	26.664	29.386	27.235	
14647	1127.5	26.664	29.386	27.235	
14648	1127.6	26.664	29.386	27.236	
14649	1127.7	26.664	29.386	27.236	
14650	1127.8	26.664	29.386	27.236	
14651	1127.9	26.664	29.386	27.236	
14652	1128.	26.664	29.386	27.236	
14653	1128.	26.664	29.386	27.236	
14654	1128.	26.664	29.386	27.236	
14655	1128.	26.664	29.386	27.236	
14656	1128.1	26.664	29.386	27.236	
14657	1128.2	26.664	29.386	27.236	
14658	1128.3	26.664	29.386	27.236	
14659	1128.4	26.664	29.387	27.236	
14660	1128.5	26.664	29.387	27.236	
14661	1128.6	26.664	29.387	27.236	
14662	1128.7	26.664	29.387	27.236	
14663	1128.8	26.665	29.387	27.236	
14664	1128.9	26.665	29.387	27.236	
14665	1129.	26.665	29.387	27.236	
14666	1129.	26.665	29.387	27.236	
14667	1129.	26.665	29.387	27.236	
14668	1129.	26.665	29.387	27.236	
14669	1129.1	26.665	29.387	27.236	
14670	1129.2	26.665	29.387	27.236	
14671	1129.3	26.665	29.387	27.236	
14672	1129.4	26.665	29.388	27.236	
14673	1129.5	26.665	29.388	27.236	
14674	1129.6	26.665	29.388	27.236	
14675	1129.7	26.665	29.388	27.236	
14676	1129.8	26.665	29.388	27.236	
14677	1129.9	26.665	29.388	27.237	
14678	1130.	26.665	29.388	27.237	
14679	1130.	26.665	29.388	27.237	
14680	1130.	26.665	29.388	27.237	
14681	1130.	26.665	29.388	27.237	
14682	1130.1	26.665	29.388	27.237	
14683	1130.2	26.665	29.388	27.237	
14684	1130.3	26.665	29.388	27.237	
14685	1130.4	26.665	29.388	27.237	
14686	1130.5	26.665	29.389	27.237	
14687	1130.6	26.665	29.389	27.237	
14688	1130.7	26.665	29.389	27.237	
14689	1130.8	26.665	29.389	27.237	
14690	1130.9	26.665	29.389	27.237	
14691	1131.	26.665	29.389	27.237	
14692	1131.	26.665	29.389	27.237	
14693	1131.	26.665	29.389	27.237	
14694	1131.	26.665	29.389	27.237	
14695	1131.1	26.665	29.389	27.237	
14696	1131.2	26.665	29.389	27.237	
14697	1131.3	26.665	29.389	27.237	
14698	1131.4	26.665	29.389	27.237	
14699	1131.5	26.665	29.39	27.237	
14700	1131.6	26.665	29.39	27.237	
14701	1131.7	26.665	29.39	27.237	
14702	1131.8	26.666	29.39	27.237	
14703	1131.9	26.666	29.39	27.237	
14704	1132.	26.666	29.39	27.237	
14705	1132.	26.666	29.39	27.237	
14706	1132.	26.666	29.39	27.237	
14707	1132.	26.666	29.39	27.237	
14708	1132.1	26.666	29.39	27.238	
14709	1132.2	26.666	29.39	27.238	
14710	1132.3	26.666	29.39	27.238	
14711	1132.4	26.666	29.39	27.238	
14712	1132.5	26.666	29.391	27.238	
14713	1132.6	26.666	29.391	27.238	
14714	1132.7	26.666	29.391	27.238	
14715	1132.8	26.666	29.391	27.238	
14716	1132.9	26.666	29.391	27.238	
14717	1133.	26.666	29.391	27.238	
14718	1133.	26.666	29.391	27.238	
14719	1133.	26.666	29.391	27.238	
14720	1133.	26.666	29.391	27.238	
14721	1133.1	26.666	29.391	27.238	
14722	1133.2	26.666	29.391	27.238	
14723	1133.3	26.666	29.391	27.238	
14724	1133.4	26.666	29.391	27.238	
14725	1133.5	26.666	29.392	27.238	
14726	1133.6	26.666	29.392	27.238	
14727	1133.7	26.666	29.392	27.238	
14728	1133.8	26.666	29.392	27.238	
14729	1133.9	26.666	29.392	27.238	
14730	1134.	26.666	29.392	27.238	
14731	1134.	26.666	29.392	27.238	
14732	1134.	26.666	29.392	27.238	
14733	1134.	26.666	29.392	27.238	
14734	1134.1	26.666	29.392	27.238	
14735	1134.2	26.666	29.392	27.238	
14736	1134.3	26.666	29.392	27.238	
14737	1134.4	26.666	29.392	27.239	
14738	1134.5	26.666	29.393	27.239	
14739	1134.6	26.666	29.393	27.239	
14740	1134.7	26.666	29.393	27.239	
14741	1134.8	26.666	29.393	27.239	
14742	1134.9	26.667	29.393	27.239	
14743	1135.	26.667	29.393	27.239	
14744	1135.	26.667	29.393	27.239	
14745	1135.	26.667	29.393	27.239	
14746	1135.	26.667	29.393	27.239	
14747	1135.1	26.667	29.393	27.239	
14748	1135.2	26.667	29.393	27.239	
14749	1135.3	26.667	29.393	27.239	
14750	1135.4	26.667	29.393	27.239	
14751	1135.5	26.667	29.393	27.239	
14752	1135.6	26.667	29.394	27.239	
14753	1135.7	26.667	29.394	27.239	
14754	1135.8	26.667	29.394	27.239	
14755	1135.9	26.667	29.394	27.239	
14756	1136.	26.667	29.394	27.239	
14757	1136.	26.667	29.394	27.239	
14758	1136.	26.667	29.394	27.239	
14759	1136.	26.667	29.394	27.239	
14760	1136.1	26.667	29.394	27.239	
14761	1136.2	26.667	29.394	27.239	
14762	1136.3	26.667	29.394	27.239	
14763	1136.4	26.667	29.394	27.239	
14764	1136.5	26.667	29.394	27.239	
14765	1136.6	26.667	29.395	27.239	
14766	1136.7	26.667	29.395	27.24	
14767	1136.8	26.667	29.395	27.24	
14768	1136.9	26.667	29.395	27.24	
14769	1137.	26.667	29.395	27.24	
14770	1137.	26.667	29.395	27.24	
14771	1137.	26.667	29.395	27.24	
14772	1137.	26.667	29.395	27.24	
14773	1137.1	26.667	29.395	27.24	
14774	1137.2	26.667	29.395	27.24	
14775	1137.3	26.667	29.395	27.24	
14776	1137.4	26.667	29.395	27.24	
14777	1137.5	26.667	29.395	27.24	
14778	1137.6	26.667	29.396	27.24	
14779	1137.7	26.667	29.396	27.24	
14780	1137.8	26.667	29.396	27.24	
14781	1137.9	26.668	29.396	27.24	
14782	1138.	26.668	29.396	27.24	
14783	1138.	26.668	29.396	27.24	
14784	1138.	26.668	29.396	27.24	
14785	1138.	26.668	29.396	27.24	
14786	1138.1	26.668	29.396	27.24	
14787	1138.2	26.668	29.396	27.24	
14788	1138.3	26.668	29.396	27.24	
14789	1138.4	26.668	29.396	27.24	
14790	1138.5	26.668	29.396	27.24	
14791	1138.6	26.668	29.397	27.24	
14792	1138.7	26.668	29.397	27.24	
14793	1138.8	26.668	29.397	27.24	
14794	1138.9	26.668	29.397	27.241	
14795	1139.	26.668	29.397	27.241	
14796	1139.	26.668	29.397	27.241	
14797	1139.	26.668	29.397	27.241	
14798	1139.	26.668	29.397	27.241	
14799	1139.1	26.668	29.397	27.241	
14800	1139.2	26.668	29.397	27.241	
14801	1139.3	26.668	29.397	27.241	
14802	1139.4	26.668	29.397	27.241	
14803	1139.5	26.668	29.397	27.241	
14804	1139.6	26.668	29.398	27.241	
14805	1139.7	26.668	29.398	27.241	
14806	1139.8	26.668	29.398	27.241	
14807	1139.9	26.668	29.398	27.241	
14808	1140.	26.668	29.398	27.241	
14809	1140.	26.668	29.398	27.241	
14810	1140.	26.668	29.398	27.241	
14811	1140.	26.668	29.398	27.241	
14812	1140.1	26.668	29.398	27.241	
14813	1140.2	26.668	29.398	27.241	
14814	1140.3	26.668	29.398	27.241	
14815	1140.4	26.668	29.398	27.241	
14816	1140.5	26.668	29.398	27.241	
14817	1140.6	26.668	29.398	27.241	
14818	1140.7	26.668	29.399	27.241	
14819	1140.8	26.668	29.399	27.241	
14820	1140.9	26.668	29.399	27.241	
14821	1141.	26.669	29.399	27.241	
14822	1141.	26.669	29.399	27.241	
14823	1141.	26.669	29.399	27.241	
14824	1141.	26.669	29.399	27.241	
14825	1141.1	26.669	29.399	27.241	
14826	1141.2	26.669	29.399	27.242	
14827	1141.3	26.669	29.399	27.242	
14828	1141.4	26.669	29.399	27.242	
14829	1141.5	26.669	29.399	27.242	
14830	1141.6	26.669	29.399	27.242	
14831	1141.7	26.669	29.4	27.242	
14832	1141.8	26.669	29.4	27.242	
14833	1141.9	26.669	29.4	27.242	
14834	1142.	26.669	29.4	27.242	
14835	1142.	26.669	29.4	27.242	
14836	1142.	26.669	29.4	27.242	
14837	1142.	26.669	29.4	27.242	
14838	1142.1	26.669	29.4	27.242	
14839	1142.2	26.669	29.4	27.242	
14840	1142.3	26.669	29.4	27.242	
14841	1142.4	26.669	29.4	27.242	
14842	1142.5	26.669	29.4	27.242	
14843	1142.6	26.669	29.4	27.242	
14844	1142.7	26.669	29.401	27.242	
14845	1142.8	26.669	29.401	27.242	
14846	1142.9	26.669	29.401	27.242	
14847	1143.	26.669	29.401	27.242	
14848	1143.	26.669	29.401	27.242	
14849	1143.	26.669	29.401	27.242	
14850	1143.	26.669	29.401	27.242	
14851	1143.1	26.669	29.401	27.242	
14852	1143.2	26.669	29.401	27.242	
14853	1143.3	26.669	29.401	27.242	
14854	1143.4	26.669	29.401	27.242	
14855	1143.5	26.669	29.401	27.243	
14856	1143.6	26.669	29.401	27.243	
14857	1143.7	26.669	29.402	27.243	
14858	1143.8	26.669	29.402	27.243	
14859	1143.9	26.669	29.402	27.243	
14860	1144.	26.669	29.402	27.243	
14861	1144.	26.669	29.402	27.243	
14862	1144.	26.669	29.402	27.243	
14863	1144.	26.67	29.402	27.243	
14864	1144.1	26.67	29.402	27.243	
14865	1144.2	26.67	29.402	27.243	
14866	1144.3	26.67	29.402	27.243	
14867	1144.4	26.67	29.402	27.243	
14868	1144.5	26.67	29.402	27.243	
14869	1144.6	26.67	29.402	27.243	
14870	1144.7	26.67	29.403	27.243	
14871	1144.8	26.67	29.403	27.243	
14872	1144.9	26.67	29.403	27.243	
14873	1145.	26.67	29.403	27.243	
14874	1145.	26.67	29.403	27.243	
14875	1145.	26.67	29.403	27.243	
14876	1145.	26.67	29.403	27.243	
14877	1145.1	26.67	29.403	27.243	
14878	1145.2	26.67	29.403	27.243	
14879	1145.3	26.67	29.403	27.243	
14880	1145.4	26.67	29.403	27.243	
14881	1145.5	26.67	29.403	27.243	
14882	1145.6	26.67	29.403	27.243	
14883	1145.7	26.67	29.403	27.244	
14884	1145.8	26.67	29.404	27.244	
14885	1145.9	26.67	29.404	27.244	
14886	1146.	26.67	29.404	27.244	
14887	1146.	26.67	29.404	27.244	
14888	1146.	26.67	29.404	27.244	
14889	1146.	26.67	29.404	27.244	
14890	1146.1	26.67	29.404	27.244	
14891	1146.2	26.67	29.404	27.244	
14892	1146.3	26.67	29.404	27.244	
14893	1146.4	26.67	29.404	27.244	
14894	1146.5	26.67	29.404	27.244	
14895	1146.6	26.67	29.404	27.244	
14896	1146.7	26.67	29.404	27.244	
14897	1146.8	26.67	29.405	27.244	
14898	1146.9	26.67	29.405	27.244	
14899	1147.	26.67	29.405	27.244	
14900	1147.	26.67	29.405	27.244	
14901	1147.	26.67	29.405	27.244	
14902	1147.	26.67	29.405	27.244	
14903	1147.1	26.671	29.405	27.244	
14904	1147.2	26.671	29.405	27.244	
14905	1147.3	26.671	29.405	27.244	
14906	1147.4	26.671	29.405	27.244	
14907	1147.5	26.671	29.405	27.244	
14908	1147.6	26.671	29.405	27.244	
14909	1147.7	26.671	29.405	27.244	
14910	1147.8	26.671	29.406	27.244	
14911	1147.9	26.671	29.406	27.244	
14912	1148.	26.671	29.406	27.245	
14913	1148.	26.671	29.406	27.245	
14914	1148.	26.671	29.406	27.245	
14915	1148.	26.671	29.406	27.245	
14916	1148.1	26.671	29.406	27.245	
14917	1148.2	26.671	29.406	27.245	
14918	1148.3	26.671	29.406	27.245	
14919	1148.4	26.671	29.406	27.245	
14920	1148.5	26.671	29.406	27.245	
14921	1148.6	26.671	29.406	27.245	
14922	1148.7	26.671	29.406	27.245	
14923	1148.8	26.671	29.407	27.245	
14924	1148.9	26.671	29.407	27.245	
14925	1149.	26.671	29.407	27.245	
14926	1149.	26.671	29.407	27.245	
14927	1149.	26.671	29.407	27.245	
14928	1149.	26.671	29.407	27.245	
14929	1149.1	26.671	29.407	27.245	
14930	1149.2	26.671	29.407	27.245	
14931	1149.3	26.671	29.407	27.245	
14932	1149.4	26.671	29.407	27.245	
14933	1149.5	26.671	29.407	27.245	
14934	1149.6	26.671	29.407	27.245	
14935	1149.7	26.671	29.407	27.245	
14936	1149.8	26.671	29.407	27.245	
14937	1149.9	26.671	29.408	27.245	
14938	1150.	26.671	29.408	27.245	
14939	1150.	26.671	29.408	27.245	
14940	1150.	26.671	29.408	27.245	
14941	1150.	26.671	29.408	27.245	
14942	1150.1	26.672	29.408	27.245	
14943	1150.2	26.672	29.408	27.246	
14944	1150.3	26.672	29.408	27.246	
14945	1150.4	26.672	29.408	27.246	
14946	1150.5	26.672	29.408	27.246	
14947	1150.6	26.672	29.408	27.246	
14948	1150.7	26.672	29.408	27.246	
14949	1150.8	26.672	29.408	27.246	
14950	1150.9	26.672	29.409	27.246	
14951	1151.	26.672	29.409	27.246	
14952	1151.	26.672	29.409	27.246	
14953	1151.	26.672	29.409	27.246	
14954	1151.	26.672	29.409	27.246	
14955	1151.1	26.672	29.409	27.246	
14956	1151.2	26.672	29.409	27.246	
14957	1151.3	26.672	29.409	27.246	
14958	1151.4	26.672	29.409	27.246	
14959	1151.5	26.672	29.409	27.246	
14960	1151.6	26.672	29.409	27.246	
14961	1151.7	26.672	29.409	27.246	
14962	1151.8	26.672	29.409	27.246	
14963	1151.9	26.672	29.41	27.246	
14964	1152.	26.672	29.41	27.246	
14965	1152.	26.672	29.41	27.246	
14966	1152.	26.672	29.41	27.246	
14967	1152.	26.672	29.41	27.246	
14968	1152.1	26.672	29.41	27.246	
14969	1152.2	26.672	29.41	27.246	
14970	1152.3	26.672	29.41	27.246	
14971	1152.4	26.672	29.41	27.246	
14972	1152.5	26.672	29.41	27.247	
14973	1152.6	26.672	29.41	27.247	
14974	1152.7	26.672	29.41	27.247	
14975	1152.8	26.672	29.41	27.247	
14976	1152.9	26.672	29.411	27.247	
14977	1153.	26.672	29.411	27.247	
14978	1153.	26.672	29.411	27.247	
14979	1153.	26.672	29.411	27.247	
14980	1153.	26.672	29.411	27.247	
14981	1153.1	26.672	29.411	27.247	
14982	1153.2	26.673	29.411	27.247	
14983	1153.3	26.673	29.411	27.247	
14984	1153.4	26.673	29.411	27.247	
14985	1153.5	26.673	29.411	27.247	
14986	1153.6	26.673	29.411	27.247	
14987	1153.7	26.673	29.411	27.247	
14988	1153.8	26.673	29.411	27.247	
14989	1153.9	26.673	29.412	27.247	
14990	1154.	26.673	29.412	27.247	
14991	1154.	26.673	29.412	27.247	
14992	1154.	26.673	29.412	27.247	
14993	1154.	26.673	29.412	27.247	
14994	1154.1	26.673	29.412	27.247	
14995	1154.2	26.673	29.412	27.247	
14996	1154.3	26.673	29.412	27.247	
14997	1154.4	26.673	29.412	27.247	
14998	1154.5	26.673	29.412	27.247	
14999	1154.6	26.673	29.412	27.247	
15000	1154.7	26.673	29.412	27.248	
15001	1154.8	26.673	29.412	27.248	
15002	1154.9	26.673	29.412	27.248	
15003	1155.	26.673	29.413	27.248	
15004	1155.	26.673	29.413	27.248	
15005	1155.	26.673	29.413	27.248	
15006	1155.	26.673	29.413	27.248	
15007	1155.1	26.673	29.413	27.248	
15008	1155.2	26.673	29.413	27.248	
15009	1155.3	26.673	29.413	27.248	
15010	1155.4	26.673	29.413	27.248	
15011	1155.5	26.673	29.413	27.248	
15012	1155.6	26.673	29.413	27.248	
15013	1155.7	26.673	29.413	27.248	
15014	1155.8	26.673	29.413	27.248	
15015	1155.9	26.673	29.413	27.248	
15016	1156.	26.673	29.414	27.248	
15017	1156.	26.673	29.414	27.248	
15018	1156.	26.673	29.414	27.248	
15019	1156.	26.673	29.414	27.248	
15020	1156.1	26.673	29.414	27.248	
15021	1156.2	26.674	29.414	27.248	
15022	1156.3	26.674	29.414	27.248	
15023	1156.4	26.674	29.414	27.248	
15024	1156.5	26.674	29.414	27.248	
15025	1156.6	26.674	29.414	27.248	
15026	1156.7	26.674	29.414	27.248	
15027	1156.8	26.674	29.414	27.248	
15028	1156.9	26.674	29.414	27.248	
15029	1157.	26.674	29.415	27.249	
15030	1157.	26.674	29.415	27.249	
15031	1157.	26.674	29.415	27.249	
15032	1157.	26.674	29.415	27.249	
15033	1157.1	26.674	29.415	27.249	
15034	1157.2	26.674	29.415	27.249	
15035	1157.3	26.674	29.415	27.249	
15036	1157.4	26.674	29.415	27.249	
15037	1157.5	26.674	29.415	27.249	
15038	1157.6	26.674	29.415	27.249	
15039	1157.7	26.674	29.415	27.249	
15040	1157.8	26.674	29.415	27.249	
15041	1157.9	26.674	29.415	27.249	
15042	1158.	26.674	29.415	27.249	
15043	1158.	26.674	29.415	27.249	
15044	1158.	26.674	29.416	27.249	
15045	1158.	26.674	29.416	27.249	
15046	1158.1	26.674	29.416	27.249	
15047	1158.2	26.674	29.416	27.249	
15048	1158.3	26.674	29.416	27.249	
15049	1158.4	26.674	29.416	27.249	
15050	1158.5	26.674	29.416	27.249	
15051	1158.6	26.674	29.416	27.249	
15052	1158.7	26.674	29.416	27.249	
15053	1158.8	26.674	29.416	27.249	
15054	1158.9	26.674	29.416	27.249	
15055	1159.	26.674	29.416	27.249	
15056	1159.	26.674	29.416	27.249	
15057	1159.	26.674	29.416	27.249	
15058	1159.	26.674	29.417	27.249	
15059	1159.1	26.674	29.417	27.249	
15060	1159.2	26.675	29.417	27.25	
15061	1159.3	26.675	29.417	27.25	
15062	1159.4	26.675	29.417	27.25	
15063	1159.5	26.675	29.417	27.25	
15064	1159.6	26.675	29.417	27.25	
15065	1159.7	26.675	29.417	27.25	
15066	1159.8	26.675	29.417	27.25	
15067	1159.9	26.675	29.417	27.25	
15068	1160.	26.675	29.417	27.25	
15069	1160.	26.675	29.417	27.25	
15070	1160.	26.675	29.417	27.25	
15071	1160.	26.675	29.417	27.25	
15072	1160.1	26.675	29.418	27.25	
15073	1160.2	26.675	29.418	27.25	
15074	1160.3	26.675	29.418	27.25	
15075	1160.4	26.675	29.418	27.25	
15076	1160.5	26.675	29.418	27.25	
15077	1160.6	26.675	29.418	27.25	
15078	1160.7	26.675	29.418	27.25	
15079	1160.8	26.675	29.418	27.25	
15080	1160.9	26.675	29.418	27.25	
15081	1161.	26.675	29.418	27.25	
15082	1161.	26.675	29.418	27.25	
15083	1161.	26.675	29.418	27.25	
15084	1161.	26.675	29.418	27.25	
15085	1161.1	26.675	29.419	27.25	
15086	1161.2	26.675	29.419	27.25	
15087	1161.3	26.675	29.419	27.25	
15088	1161.4	26.675	29.419	27.25	
15089	1161.5	26.675	29.419	27.251	
15090	1161.6	26.675	29.419	27.251	
15091	1161.7	26.675	29.419	27.251	
15092	1161.8	26.675	29.419	27.251	
15093	1161.9	26.675	29.419	27.251	
15094	1162.	26.675	29.419	27.251	
15095	1162.	26.675	29.419	27.251	
15096	1162.	26.675	29.419	27.251	
15097	1162.	26.675	29.419	27.251	
15098	1162.1	26.675	29.42	27.251	
15099	1162.2	26.675	29.42	27.251	
15100	1162.3	26.676	29.42	27.251	
15101	1162.4	26.676	29.42	27.251	
15102	1162.5	26.676	29.42	27.251	
15103	1162.6	26.676	29.42	27.251	
15104	1162.7	26.676	29.42	27.251	
15105	1162.8	26.676	29.42	27.251	
15106	1162.9	26.676	29.42	27.251	
15107	1163.	26.676	29.42	27.251	
15108	1163.	26.676	29.42	27.251	
15109	1163.	26.676	29.42	27.251	
15110	1163.	26.676	29.42	27.251	
15111	1163.1	26.676	29.421	27.251	
15112	1163.2	26.676	29.421	27.251	
15113	1163.3	26.676	29.421	27.251	
15114	1163.4	26.676	29.421	27.251	
15115	1163.5	26.676	29.421	27.251	
15116	1163.6	26.676	29.421	27.251	
15117	1163.7	26.676	29.421	27.252	
15118	1163.8	26.676	29.421	27.252	
15119	1163.9	26.676	29.421	27.252	
15120	1164.	26.676	29.421	27.252	
15121	1164.	26.676	29.421	27.252	
15122	1164.	26.676	29.421	27.252	
15123	1164.	26.676	29.421	27.252	
15124	1164.1	26.676	29.421	27.252	
15125	1164.2	26.676	29.422	27.252	
15126	1164.3	26.676	29.422	27.252	
15127	1164.4	26.676	29.422	27.252	
15128	1164.5	26.676	29.422	27.252	
15129	1164.6	26.676	29.422	27.252	
15130	1164.7	26.676	29.422	27.252	
15131	1164.8	26.676	29.422	27.252	
15132	1164.9	26.676	29.422	27.252	
15133	1165.	26.676	29.422	27.252	
15134	1165.	26.676	29.422	27.252	
15135	1165.	26.676	29.422	27.252	
15136	1165.	26.676	29.422	27.252	
15137	1165.1	26.676	29.422	27.252	
15138	1165.2	26.676	29.423	27.252	
15139	1165.3	26.677	29.423	27.252	
15140	1165.4	26.677	29.423	27.252	
15141	1165.5	26.677	29.423	27.252	
15142	1165.6	26.677	29.423	27.252	
15143	1165.7	26.677	29.423	27.252	
15144	1165.8	26.677	29.423	27.252	
15145	1165.9	26.677	29.423	27.252	
15146	1166.	26.677	29.423	27.253	
15147	1166.	26.677	29.423	27.253	
15148	1166.	26.677	29.423	27.253	
15149	1166.	26.677	29.423	27.253	
15150	1166.1	26.677	29.423	27.253	
15151	1166.2	26.677	29.424	27.253	
15152	1166.3	26.677	29.424	27.253	
15153	1166.4	26.677	29.424	27.253	
15154	1166.5	26.677	29.424	27.253	
15155	1166.6	26.677	29.424	27.253	
15156	1166.7	26.677	29.424	27.253	
15157	1166.8	26.677	29.424	27.253	
15158	1166.9	26.677	29.424	27.253	
15159	1167.	26.677	29.424	27.253	
15160	1167.	26.677	29.424	27.253	
15161	1167.	26.677	29.424	27.253	
15162	1167.	26.677	29.424	27.253	
15163	1167.1	26.677	29.424	27.253	
15164	1167.2	26.677	29.425	27.253	
15165	1167.3	26.677	29.425	27.253	
15166	1167.4	26.677	29.425	27.253	
15167	1167.5	26.677	29.425	27.253	
15168	1167.6	26.677	29.425	27.253	
15169	1167.7	26.677	29.425	27.253	
15170	1167.8	26.677	29.425	27.253	
15171	1167.9	26.677	29.425	27.253	
15172	1168.	26.677	29.425	27.253	
15173	1168.	26.677	29.425	27.253	
15174	1168.	26.677	29.425	27.253	
15175	1168.	26.677	29.425	27.253	
15176	1168.1	26.677	29.425	27.253	
15177	1168.2	26.677	29.425	27.254	
15178	1168.3	26.678	29.426	27.254	
15179	1168.4	26.678	29.426	27.254	
15180	1168.5	26.678	29.426	27.254	
15181	1168.6	26.678	29.426	27.254	
15182	1168.7	26.678	29.426	27.254	
15183	1168.8	26.678	29.426	27.254	
15184	1168.9	26.678	29.426	27.254	
15185	1169.	26.678	29.426	27.254	
15186	1169.	26.678	29.426	27.254	
15187	1169.	26.678	29.426	27.254	
15188	1169.	26.678	29.426	27.254	
15189	1169.1	26.678	29.426	27.254	
15190	1169.2	26.678	29.426	27.254	
15191	1169.3	26.678	29.427	27.254	
15192	1169.4	26.678	29.427	27.254	
15193	1169.5	26.678	29.427	27.254	
15194	1169.6	26.678	29.427	27.254	
15195	1169.7	26.678	29.427	27.254	
15196	1169.8	26.678	29.427	27.254	
15197	1169.9	26.678	29.427	27.254	
15198	1170.	26.678	29.427	27.254	
15199	1170.	26.678	29.427	27.254	
15200	1170.	26.678	29.427	27.254	
15201	1170.	26.678	29.427	27.254	
15202	1170.1	26.678	29.427	27.254	
15203	1170.2	26.678	29.427	27.254	
15204	1170.3	26.678	29.428	27.254	
15205	1170.4	26.678	29.428	27.254	
15206	1170.5	26.678	29.428	27.255	
15207	1170.6	26.678	29.428	27.255	
15208	1170.7	26.678	29.428	27.255	
15209	1170.8	26.678	29.428	27.255	
15210	1170.9	26.678	29.428	27.255	
15211	1171.	26.678	29.428	27.255	
15212	1171.	26.678	29.428	27.255	
15213	1171.	26.678	29.428	27.255	
15214	1171.	26.678	29.428	27.255	
15215	1171.1	26.678	29.428	27.255	
15216	1171.2	26.678	29.428	27.255	
15217	1171.3	26.679	29.429	27.255	
15218	1171.4	26.679	29.429	27.255	
15219	1171.5	26.679	29.429	27.255	
15220	1171.6	26.679	29.429	27.255	
15221	1171.7	26.679	29.429	27.255	
15222	1171.8	26.679	29.429	27.255	
15223	1171.9	26.679	29.429	27.255	
15224	1172.	26.679	29.429	27.255	
15225	1172.	26.679	29.429	27.255	
15226	1172.	26.679	29.429	27.255	
15227	1172.	26.679	29.429	27.255	
15228	1172.1	26.679	29.429	27.255	
15229	1172.2	26.679	29.429	27.255	
15230	1172.3	26.679	29.429	27.255	
15231	1172.4	26.679	29.43	27.255	
15232	1172.5	26.679	29.43	27.255	
15233	1172.6	26.679	29.43	27.255	
15234	1172.7	26.679	29.43	27.256	
15235	1172.8	26.679	29.43	27.256	
15236	1172.9	26.679	29.43	27.256	
15237	1173.	26.679	29.43	27.256	
15238	1173.	26.679	29.43	27.256	
15239	1173.	26.679	29.43	27.256	
15240	1173.	26.679	29.43	27.256	
15241	1173.1	26.679	29.43	27.256	
15242	1173.2	26.679	29.43	27.256	
15243	1173.3	26.679	29.43	27.256	
15244	1173.4	26.679	29.431	27.256	
15245	1173.5	26.679	29.431	27.256	
15246	1173.6	26.679	29.431	27.256	
15247	1173.7	26.679	29.431	27.256	
15248	1173.8	26.679	29.431	27.256	
15249	1173.9	26.679	29.431	27.256	
15250	1174.	26.679	29.431	27.256	
15251	1174.	26.679	29.431	27.256	
15252	1174.	26.679	29.431	27.256	
15253	1174.	26.679	29.431	27.256	
15254	1174.1	26.679	29.431	27.256	
15255	1174.2	26.679	29.431	27.256	
15256	1174.3	26.68	29.431	27.256	
15257	1174.4	26.68	29.432	27.256	
15258	1174.5	26.68	29.432	27.256	
15259	1174.6	26.68	29.432	27.256	
15260	1174.7	26.68	29.432	27.256	
15261	1174.8	26.68	29.432	27.256	
15262	1174.9	26.68	29.432	27.256	
15263	1175.	26.68	29.432	27.257	
15264	1175.	26.68	29.432	27.257	
15265	1175.	26.68	29.432	27.257	
15266	1175.	26.68	29.432	27.257	
15267	1175.1	26.68	29.432	27.257	
15268	1175.2	26.68	29.432	27.257	
15269	1175.3	26.68	29.432	27.257	
15270	1175.4	26.68	29.433	27.257	
15271	1175.5	26.68	29.433	27.257	
15272	1175.6	26.68	29.433	27.257	
15273	1175.7	26.68	29.433	27.257	
15274	1175.8	26.68	29.433	27.257	
15275	1175.9	26.68	29.433	27.257	
15276	1176.	26.68	29.433	27.257	
15277	1176.	26.68	29.433	27.257	
15278	1176.	26.68	29.433	27.257	
15279	1176.	26.68	29.433	27.257	
15280	1176.1	26.68	29.433	27.257	
15281	1176.2	26.68	29.433	27.257	
15282	1176.3	26.68	29.433	27.257	
15283	1176.4	26.68	29.434	27.257	
15284	1176.5	26.68	29.434	27.257	
15285	1176.6	26.68	29.434	27.257	
15286	1176.7	26.68	29.434	27.257	
15287	1176.8	26.68	29.434	27.257	
15288	1176.9	26.68	29.434	27.257	
15289	1177.	26.68	29.434	27.257	
15290	1177.	26.68	29.434	27.257	
15291	1177.	26.68	29.434	27.257	
15292	1177.	26.68	29.434	27.257	
15293	1177.1	26.68	29.434	27.257	
15294	1177.2	26.68	29.434	27.258	
15295	1177.3	26.681	29.434	27.258	
15296	1177.4	26.681	29.434	27.258	
15297	1177.5	26.681	29.435	27.258	
15298	1177.6	26.681	29.435	27.258	
15299	1177.7	26.681	29.435	27.258	
15300	1177.8	26.681	29.435	27.258	
15301	1177.9	26.681	29.435	27.258	
15302	1178.	26.681	29.435	27.258	
15303	1178.	26.681	29.435	27.258	
15304	1178.	26.681	29.435	27.258	
15305	1178.	26.681	29.435	27.258	
15306	1178.1	26.681	29.435	27.258	
15307	1178.2	26.681	29.435	27.258	
15308	1178.3	26.681	29.435	27.258	
15309	1178.4	26.681	29.435	27.258	
15310	1178.5	26.681	29.436	27.258	
15311	1178.6	26.681	29.436	27.258	
15312	1178.7	26.681	29.436	27.258	
15313	1178.8	26.681	29.436	27.258	
15314	1178.9	26.681	29.436	27.258	
15315	1179.	26.681	29.436	27.258	
15316	1179.	26.681	29.436	27.258	
15317	1179.	26.681	29.436	27.258	
15318	1179.	26.681	29.436	27.258	
15319	1179.1	26.681	29.436	27.258	
15320	1179.2	26.681	29.436	27.258	
15321	1179.3	26.681	29.436	27.258	
15322	1179.4	26.681	29.436	27.258	
15323	1179.5	26.681	29.437	27.259	
15324	1179.6	26.681	29.437	27.259	
15325	1179.7	26.681	29.437	27.259	
15326	1179.8	26.681	29.437	27.259	
15327	1179.9	26.681	29.437	27.259	
15328	1180.	26.681	29.437	27.259	
15329	1180.	26.681	29.437	27.259	
15330	1180.	26.681	29.437	27.259	
15331	1180.	26.681	29.437	27.259	
15332	1180.1	26.681	29.437	27.259	
15333	1180.2	26.681	29.437	27.259	
15334	1180.3	26.682	29.437	27.259	
15335	1180.4	26.682	29.437	27.259	
15336	1180.5	26.682	29.438	27.259	
15337	1180.6	26.682	29.438	27.259	
15338	1180.7	26.682	29.438	27.259	
15339	1180.8	26.682	29.438	27.259	
15340	1180.9	26.682	29.438	27.259	
15341	1181.	26.682	29.438	27.259	
15342	1181.	26.682	29.438	27.259	
15343	1181.	26.682	29.438	27.259	
15344	1181.	26.682	29.438	27.259	
15345	1181.1	26.682	29.438	27.259	
15346	1181.2	26.682	29.438	27.259	
15347	1181.3	26.682	29.438	27.259	
15348	1181.4	26.682	29.438	27.259	
15349	1181.5	26.682	29.438	27.259	
15350	1181.6	26.682	29.439	27.259	
15351	1181.7	26.682	29.439	27.26	
15352	1181.8	26.682	29.439	27.26	
15353	1181.9	26.682	29.439	27.26	
15354	1182.	26.682	29.439	27.26	
15355	1182.	26.682	29.439	27.26	
15356	1182.	26.682	29.439	27.26	
15357	1182.	26.682	29.439	27.26	
15358	1182.1	26.682	29.439	27.26	
15359	1182.2	26.682	29.439	27.26	
15360	1182.3	26.682	29.439	27.26	
15361	1182.4	26.682	29.439	27.26	
15362	1182.5	26.682	29.439	27.26	
15363	1182.6	26.682	29.44	27.26	
15364	1182.7	26.682	29.44	27.26	
15365	1182.8	26.682	29.44	27.26	
15366	1182.9	26.682	29.44	27.26	
15367	1183.	26.682	29.44	27.26	
15368	1183.	26.682	29.44	27.26	
15369	1183.	26.682	29.44	27.26	
15370	1183.	26.682	29.44	27.26	
15371	1183.1	26.682	29.44	27.26	
15372	1183.2	26.682	29.44	27.26	
15373	1183.3	26.683	29.44	27.26	
15374	1183.4	26.683	29.44	27.26	
15375	1183.5	26.683	29.44	27.26	
15376	1183.6	26.683	29.441	27.26	
15377	1183.7	26.683	29.441	27.26	
15378	1183.8	26.683	29.441	27.26	
15379	1183.9	26.683	29.441	27.261	
15380	1184.	26.683	29.441	27.261	
15381	1184.	26.683	29.441	27.261	
15382	1184.	26.683	29.441	27.261	
15383	1184.	26.683	29.441	27.261	
15384	1184.1	26.683	29.441	27.261	
15385	1184.2	26.683	29.441	27.261	
15386	1184.3	26.683	29.441	27.261	
15387	1184.4	26.683	29.441	27.261	
15388	1184.5	26.683	29.441	27.261	
15389	1184.6	26.683	29.442	27.261	
15390	1184.7	26.683	29.442	27.261	
15391	1184.8	26.683	29.442	27.261	
15392	1184.9	26.683	29.442	27.261	
15393	1185.	26.683	29.442	27.261	
15394	1185.	26.683	29.442	27.261	
15395	1185.	26.683	29.442	27.261	
15396	1185.	26.683	29.442	27.261	
15397	1185.1	26.683	29.442	27.261	
15398	1185.2	26.683	29.442	27.261	
15399	1185.3	26.683	29.442	27.261	
15400	1185.4	26.683	29.442	27.261	
15401	1185.5	26.683	29.442	27.261	
15402	1185.6	26.683	29.442	27.261	
15403	1185.7	26.683	29.443	27.261	
15404	1185.8	26.683	29.443	27.261	
15405	1185.9	26.683	29.443	27.261	
15406	1186.	26.683	29.443	27.261	
15407	1186.	26.683	29.443	27.261	
15408	1186.	26.683	29.443	27.261	
15409	1186.	26.683	29.443	27.261	
15410	1186.1	26.683	29.443	27.261	
15411	1186.2	26.683	29.443	27.262	
15412	1186.3	26.684	29.443	27.262	
15413	1186.4	26.684	29.443	27.262	
15414	1186.5	26.684	29.443	27.262	
15415	1186.6	26.684	29.443	27.262	
15416	1186.7	26.684	29.444	27.262	
15417	1186.8	26.684	29.444	27.262	
15418	1186.9	26.684	29.444	27.262	
15419	1187.	26.684	29.444	27.262	
15420	1187.	26.684	29.444	27.262	
15421	1187.	26.684	29.444	27.262	
15422	1187.	26.684	29.444	27.262	
15423	1187.1	26.684	29.444	27.262	
15424	1187.2	26.684	29.444	27.262	
15425	1187.3	26.684	29.444	27.262	
15426	1187.4	26.684	29.444	27.262	
15427	1187.5	26.684	29.444	27.262	
15428	1187.6	26.684	29.444	27.262	
15429	1187.7	26.684	29.445	27.262	
15430	1187.8	26.684	29.445	27.262	
15431	1187.9	26.684	29.445	27.262	
15432	1188.	26.684	29.445	27.262	
15433	1188.	26.684	29.445	27.262	
15434	1188.	26.684	29.445	27.262	
15435	1188.	26.684	29.445	27.262	
15436	1188.1	26.684	29.445	27.262	
15437	1188.2	26.684	29.445	27.262	
15438	1188.3	26.684	29.445	27.262	
15439	1188.4	26.684	29.445	27.263	
15440	1188.5	26.684	29.445	27.263	
15441	1188.6	26.684	29.445	27.263	
15442	1188.7	26.684	29.446	27.263	
15443	1188.8	26.684	29.446	27.263	
15444	1188.9	26.684	29.446	27.263	
15445	1189.	26.684	29.446	27.263	
15446	1189.	26.684	29.446	27.263	
15447	1189.	26.684	29.446	27.263	
15448	1189.	26.684	29.446	27.263	
15449	1189.1	26.684	29.446	27.263	
15450	1189.2	26.684	29.446	27.263	
15451	1189.3	26.685	29.446	27.263	
15452	1189.4	26.685	29.446	27.263	
15453	1189.5	26.685	29.446	27.263	
15454	1189.6	26.685	29.446	27.263	
15455	1189.7	26.685	29.446	27.263	
15456	1189.8	26.685	29.447	27.263	
15457	1189.9	26.685	29.447	27.263	
15458	1190.	26.685	29.447	27.263	
15459	1190.	26.685	29.447	27.263	
15460	1190.	26.685	29.447	27.263	
15461	1190.	26.685	29.447	27.263	
15462	1190.1	26.685	29.447	27.263	
15463	1190.2	26.685	29.447	27.263	
15464	1190.3	26.685	29.447	27.263	
15465	1190.4	26.685	29.447	27.263	
15466	1190.5	26.685	29.447	27.263	
15467	1190.6	26.685	29.447	27.264	
15468	1190.7	26.685	29.447	27.264	
15469	1190.8	26.685	29.448	27.264	
15470	1190.9	26.685	29.448	27.264	
15471	1191.	26.685	29.448	27.264	
15472	1191.	26.685	29.448	27.264	
15473	1191.	26.685	29.448	27.264	
15474	1191.	26.685	29.448	27.264	
15475	1191.1	26.685	29.448	27.264	
15476	1191.2	26.685	29.448	27.264	
15477	1191.3	26.685	29.448	27.264	
15478	1191.4	26.685	29.448	27.264	
15479	1191.5	26.685	29.448	27.264	
15480	1191.6	26.685	29.448	27.264	
15481	1191.7	26.685	29.448	27.264	
15482	1191.8	26.685	29.449	27.264	
15483	1191.9	26.685	29.449	27.264	
15484	1192.	26.685	29.449	27.264	
15485	1192.	26.685	29.449	27.264	
15486	1192.	26.685	29.449	27.264	
15487	1192.	26.685	29.449	27.264	
15488	1192.1	26.685	29.449	27.264	
15489	1192.2	26.685	29.449	27.264	
15490	1192.3	26.686	29.449	27.264	
15491	1192.4	26.686	29.449	27.264	
15492	1192.5	26.686	29.449	27.264	
15493	1192.6	26.686	29.449	27.264	
15494	1192.7	26.686	29.449	27.264	
15495	1192.8	26.686	29.45	27.264	
15496	1192.9	26.686	29.45	27.265	
15497	1193.	26.686	29.45	27.265	
15498	1193.	26.686	29.45	27.265	
15499	1193.	26.686	29.45	27.265	
15500	1193.	26.686	29.45	27.265	
15501	1193.1	26.686	29.45	27.265	
15502	1193.2	26.686	29.45	27.265	
15503	1193.3	26.686	29.45	27.265	
15504	1193.4	26.686	29.45	27.265	
15505	1193.5	26.686	29.45	27.265	
15506	1193.6	26.686	29.45	27.265	
15507	1193.7	26.686	29.45	27.265	
15508	1193.8	26.686	29.45	27.265	
15509	1193.9	26.686	29.451	27.265	
15510	1194.	26.686	29.451	27.265	
15511	1194.	26.686	29.451	27.265	
15512	1194.	26.686	29.451	27.265	
15513	1194.	26.686	29.451	27.265	
15514	1194.1	26.686	29.451	27.265	
15515	1194.2	26.686	29.451	27.265	
15516	1194.3	26.686	29.451	27.265	
15517	1194.4	26.686	29.451	27.265	
15518	1194.5	26.686	29.451	27.265	
15519	1194.6	26.686	29.451	27.265	
15520	1194.7	26.686	29.451	27.265	
15521	1194.8	26.686	29.451	27.265	
15522	1194.9	26.686	29.452	27.265	
15523	1195.	26.686	29.452	27.265	
15524	1195.	26.686	29.452	27.265	
15525	1195.	26.686	29.452	27.265	
15526	1195.	26.686	29.452	27.265	
15527	1195.1	26.686	29.452	27.266	
15528	1195.2	26.686	29.452	27.266	
15529	1195.3	26.687	29.452	27.266	
15530	1195.4	26.687	29.452	27.266	
15531	1195.5	26.687	29.452	27.266	
15532	1195.6	26.687	29.452	27.266	
15533	1195.7	26.687	29.452	27.266	
15534	1195.8	26.687	29.452	27.266	
15535	1195.9	26.687	29.453	27.266	
15536	1196.	26.687	29.453	27.266	
15537	1196.	26.687	29.453	27.266	
15538	1196.	26.687	29.453	27.266	
15539	1196.	26.687	29.453	27.266	
15540	1196.1	26.687	29.453	27.266	
15541	1196.2	26.687	29.453	27.266	
15542	1196.3	26.687	29.453	27.266	
15543	1196.4	26.687	29.453	27.266	
15544	1196.5	26.687	29.453	27.266	
15545	1196.6	26.687	29.453	27.266	
15546	1196.7	26.687	29.453	27.266	
15547	1196.8	26.687	29.453	27.266	
15548	1196.9	26.687	29.453	27.266	
15549	1197.	26.687	29.454	27.266	
15550	1197.	26.687	29.454	27.266	
15551	1197.	26.687	29.454	27.266	
15552	1197.	26.687	29.454	27.266	
15553	1197.1	26.687	29.454	27.266	
15554	1197.2	26.687	29.454	27.266	
15555	1197.3	26.687	29.454	27.267	
15556	1197.4	26.687	29.454	27.267	
15557	1197.5	26.687	29.454	27.267	
15558	1197.6	26.687	29.454	27.267	
15559	1197.7	26.687	29.454	27.267	
15560	1197.8	26.687	29.454	27.267	
15561	1197.9	26.687	29.454	27.267	
15562	1198.	26.687	29.455	27.267	
15563	1198.	26.687	29.455	27.267	
15564	1198.	26.687	29.455	27.267	
15565	1198.	26.687	29.455	27.267	
15566	1198.1	26.687	29.455	27.267	
15567	1198.2	26.687	29.455	27.267	
15568	1198.3	26.688	29.455	27.267	
15569	1198.4	26.688	29.455	27.267	
15570	1198.5	26.688	29.455	27.267	
15571	1198.6	26.688	29.455	27.267	
15572	1198.7	26.688	29.455	27.267	
15573	1198.8	26.688	29.455	27.267	
15574	1198.9	26.688	29.455	27.267	
15575	1199.	26.688	29.456	27.267	
15576	1199.	26.688	29.456	27.267	
15577	1199.	26.688	29.456	27.267	
15578	1199.	26.688	29.456	27.267	
15579	1199.1	26.688	29.456	27.267	
15580	1199.2	26.688	29.456	27.267	
15581	1199.3	26.688	29.456	27.267	
15582	1199.4	26.688	29.456	27.267	
15583	1199.5	26.688	29.456	27.267	
15584	1199.6	26.688	29.456	27.268	
15585	1199.7	26.688	29.456	27.268	
15586	1199.8	26.688	29.456	27.268	
15587	1199.9	26.688	29.456	27.268	
15588	1200.	26.688	29.456	27.268	
15589	1200.	26.688	29.456	27.268	
15590	1200.	26.688	29.456	27.268	
15591	1200.	26.688	29.457	27.268	
15592	1200.1	26.688	29.457	27.268	
15593	1200.2	26.688	29.457	27.268	
15594	1200.3	26.688	29.457	27.268	
15595	1200.4	26.688	29.457	27.268	
15596	1200.5	26.688	29.457	27.268	
15597	1200.6	26.688	29.457	27.268	
15598	1200.7	26.688	29.457	27.268	
15599	1200.8	26.688	29.457	27.268	
15600	1200.9	26.688	29.457	27.268	
15601	1201.	26.688	29.457	27.268	
15602	1201.	26.688	29.457	27.268	
15603	1201.	26.688	29.457	27.268	
15604	1201.	26.688	29.458	27.268	
15605	1201.1	26.688	29.458	27.268	
15606	1201.2	26.689	29.458	27.268	
15607	1201.3	26.689	29.458	27.268	
15608	1201.4	26.689	29.458	27.268	
15609	1201.5	26.689	29.458	27.268	
15610	1201.6	26.689	29.458	27.268	
15611	1201.7	26.689	29.458	27.268	
15612	1201.8	26.689	29.458	27.269	
15613	1201.9	26.689	29.458	27.269	
15614	1202.	26.689	29.458	27.269	
15615	1202.	26.689	29.458	27.269	
15616	1202.	26.689	29.458	27.269	
15617	1202.	26.689	29.458	27.269	
15618	1202.1	26.689	29.459	27.269	
15619	1202.2	26.689	29.459	27.269	
15620	1202.3	26.689	29.459	27.269	
15621	1202.4	26.689	29.459	27.269	
15622	1202.5	26.689	29.459	27.269	
15623	1202.6	26.689	29.459	27.269	
15624	1202.7	26.689	29.459	27.269	
15625	1202.8	26.689	29.459	27.269	
15626	1202.9	26.689	29.459	27.269	
15627	1203.	26.689	29.459	27.269	
15628	1203.	26.689	29.459	27.269	
15629	1203.	26.689	29.459	27.269	
15630	1203.	26.689	29.459	27.269	
15631	1203.1	26.689	29.46	27.269	
15632	1203.2	26.689	29.46	27.269	
15633	1203.3	26.689	29.46	27.269	
15634	1203.4	26.689	29.46	27.269	
15635	1203.5	26.689	29.46	27.269	
15636	1203.6	26.689	29.46	27.269	
15637	1203.7	26.689	29.46	27.269	
15638	1203.8	26.689	29.46	27.269	
15639	1203.9	26.689	29.46	27.269	
15640	1204.	26.689	29.46	27.269	
15641	1204.	26.689	29.46	27.269	
15642	1204.	26.689	29.46	27.269	
15643	1204.	26.689	29.46	27.27	
15644	1204.1	26.689	29.461	27.27	
15645	1204.2	26.69	29.461	27.27	
15646	1204.3	26.69	29.461	27.27	
15647	1204.4	26.69	29.461	27.27	
15648	1204.5	26.69	29.461	27.27	
15649	1204.6	26.69	29.461	27.27	
15650	1204.7	26.69	29.461	27.27	
15651	1204.8	26.69	29.461	27.27	
15652	1204.9	26.69	29.461	27.27	
15653	1205.	26.69	29.461	27.27	
15654	1205.	26.69	29.461	27.27	
15655	1205.	26.69	29.461	27.27	
15656	1205.	26.69	29.461	27.27	
15657	1205.1	26.69	29.461	27.27	
15658	1205.2	26.69	29.462	27.27	
15659	1205.3	26.69	29.462	27.27	
15660	1205.4	26.69	29.462	27.27	
15661	1205.5	26.69	29.462	27.27	
15662	1205.6	26.69	29.462	27.27	
15663	1205.7	26.69	29.462	27.27	
15664	1205.8	26.69	29.462	27.27	
15665	1205.9	26.69	29.462	27.27	
15666	1206.	26.69	29.462	27.27	
15667	1206.	26.69	29.462	27.27	
15668	1206.	26.69	29.462	27.27	
15669	1206.	26.69	29.462	27.27	
15670	1206.1	26.69	29.462	27.27	
15671	1206.2	26.69	29.463	27.27	
15672	1206.3	26.69	29.463	27.271	
15673	1206.4	26.69	29.463	27.271	
15674	1206.5	26.69	29.463	27.271	
15675	1206.6	26.69	29.463	27.271	
15676	1206.7	26.69	29.463	27.271	
15677	1206.8	26.69	29.463	27.271	
15678	1206.9	26.69	29.463	27.271	
15679	1207.	26.69	29.463	27.271	
15680	1207.	26.69	29.463	27.271	
15681	1207.	26.69	29.463	27.271	
15682	1207.	26.69	29.463	27.271	
15683	1207.1	26.69	29.463	27.271	
15684	1207.2	26.691	29.464	27.271	
15685	1207.3	26.691	29.464	27.271	
15686	1207.4	26.691	29.464	27.271	
15687	1207.5	26.691	29.464	27.271	
15688	1207.6	26.691	29.464	27.271	
15689	1207.7	26.691	29.464	27.271	
15690	1207.8	26.691	29.464	27.271	
15691	1207.9	26.691	29.464	27.271	
15692	1208.	26.691	29.464	27.271	
15693	1208.	26.691	29.464	27.271	
15694	1208.	26.691	29.464	27.271	
15695	1208.	26.691	29.464	27.271	
15696	1208.1	26.691	29.464	27.271	
15697	1208.2	26.691	29.465	27.271	
15698	1208.3	26.691	29.465	27.271	
15699	1208.4	26.691	29.465	27.271	
15700	1208.5	26.691	29.465	27.272	
15701	1208.6	26.691	29.465	27.272	
15702	1208.7	26.691	29.465	27.272	
15703	1208.8	26.691	29.465	27.272	
15704	1208.9	26.691	29.465	27.272	
15705	1209.	26.691	29.465	27.272	
15706	1209.	26.691	29.465	27.272	
15707	1209.	26.691	29.465	27.272	
15708	1209.	26.691	29.465	27.272	
15709	1209.1	26.691	29.465	27.272	
15710	1209.2	26.691	29.465	27.272	
15711	1209.3	26.691	29.466	27.272	
15712	1209.4	26.691	29.466	27.272	
15713	1209.5	26.691	29.466	27.272	
15714	1209.6	26.691	29.466	27.272	
15715	1209.7	26.691	29.466	27.272	
15716	1209.8	26.691	29.466	27.272	
15717	1209.9	26.691	29.466	27.272	
15718	1210.	26.691	29.466	27.272	
15719	1210.	26.691	29.466	27.272	
15720	1210.	26.691	29.466	27.272	
15721	1210.	26.691	29.466	27.272	
15722	1210.1	26.692	29.466	27.272	
15723	1210.2	26.692	29.466	27.272	
15724	1210.3	26.692	29.467	27.272	
15725	1210.4	26.692	29.467	27.272	
15726	1210.5	26.692	29.467	27.272	
15727	1210.6	26.692	29.467	27.272	
15728	1210.7	26.692	29.467	27.273	
15729	1210.8	26.692	29.467	27.273	
15730	1210.9	26.692	29.467	27.273	
15731	1211.	26.692	29.467	27.273	
15732	1211.	26.692	29.467	27.273	
15733	1211.	26.692	29.467	27.273	
15734	1211.	26.692	29.467	27.273	
15735	1211.1	26.692	29.467	27.273	
15736	1211.2	26.692	29.467	27.273	
15737	1211.3	26.692	29.468	27.273	
15738	1211.4	26.692	29.468	27.273	
15739	1211.5	26.692	29.468	27.273	
15740	1211.6	26.692	29.468	27.273	
15741	1211.7	26.692	29.468	27.273	
15742	1211.8	26.692	29.468	27.273	
15743	1211.9	26.692	29.468	27.273	
15744	1212.	26.692	29.468	27.273	
15745	1212.	26.692	29.468	27.273	
15746	1212.	26.692	29.468	27.273	
15747	1212.	26.692	29.468	27.273	
15748	1212.1	26.692	29.468	27.273	
15749	1212.2	26.692	29.468	27.273	
15750	1212.3	26.692	29.468	27.273	
15751	1212.4	26.692	29.469	27.273	
15752	1212.5	26.692	29.469	27.273	
15753	1212.6	26.692	29.469	27.273	
15754	1212.7	26.692	29.469	27.273	
15755	1212.8	26.692	29.469	27.273	
15756	1212.9	26.692	29.469	27.274	
15757	1213.	26.692	29.469	27.274	
15758	1213.	26.692	29.469	27.274	
15759	1213.	26.692	29.469	27.274	
15760	1213.	26.692	29.469	27.274	
15761	1213.1	26.693	29.469	27.274	
15762	1213.2	26.693	29.469	27.274	
15763	1213.3	26.693	29.469	27.274	
15764	1213.4	26.693	29.47	27.274	
15765	1213.5	26.693	29.47	27.274	
15766	1213.6	26.693	29.47	27.274	
15767	1213.7	26.693	29.47	27.274	
15768	1213.8	26.693	29.47	27.274	
15769	1213.9	26.693	29.47	27.274	
15770	1214.	26.693	29.47	27.274	
15771	1214.	26.693	29.47	27.274	
15772	1214.	26.693	29.47	27.274	
15773	1214.	26.693	29.47	27.274	
15774	1214.1	26.693	29.47	27.274	
15775	1214.2	26.693	29.47	27.274	
15776	1214.3	26.693	29.47	27.274	
15777	1214.4	26.693	29.471	27.274	
15778	1214.5	26.693	29.471	27.274	
15779	1214.6	26.693	29.471	27.274	
15780	1214.7	26.693	29.471	27.274	
15781	1214.8	26.693	29.471	27.274	
15782	1214.9	26.693	29.471	27.274	
15783	1215.	26.693	29.471	27.274	
15784	1215.	26.693	29.471	27.274	
15785	1215.	26.693	29.471	27.274	
15786	1215.	26.693	29.471	27.274	
15787	1215.1	26.693	29.471	27.274	
15788	1215.2	26.693	29.471	27.275	
15789	1215.3	26.693	29.471	27.275	
15790	1215.4	26.693	29.472	27.275	
15791	1215.5	26.693	29.472	27.275	
15792	1215.6	26.693	29.472	27.275	
15793	1215.7	26.693	29.472	27.275	
15794	1215.8	26.693	29.472	27.275	
15795	1215.9	26.693	29.472	27.275	
15796	1216.	26.693	29.472	27.275	
15797	1216.	26.693	29.472	27.275	
15798	1216.	26.693	29.472	27.275	
15799	1216.	26.693	29.472	27.275	
15800	1216.1	26.694	29.472	27.275	
15801	1216.2	26.694	29.472	27.275	
15802	1216.3	26.694	29.472	27.275	
15803	1216.4	26.694	29.472	27.275	
15804	1216.5	26.694	29.473	27.275	
15805	1216.6	26.694	29.473	27.275	
15806	1216.7	26.694	29.473	27.275	
15807	1216.8	26.694	29.473	27.275	
15808	1216.9	26.694	29.473	27.275	
15809	1217.	26.694	29.473	27.275	
15810	1217.	26.694	29.473	27.275	
15811	1217.	26.694	29.473	27.275	
15812	1217.	26.694	29.473	27.275	
15813	1217.1	26.694	29.473	27.275	
15814	1217.2	26.694	29.473	27.275	
15815	1217.3	26.694	29.473	27.275	
15816	1217.4	26.694	29.473	27.276	
15817	1217.5	26.694	29.474	27.276	
15818	1217.6	26.694	29.474	27.276	
15819	1217.7	26.694	29.474	27.276	
15820	1217.8	26.694	29.474	27.276	
15821	1217.9	26.694	29.474	27.276	
15822	1218.	26.694	29.474	27.276	
15823	1218.	26.694	29.474	27.276	
15824	1218.	26.694	29.474	27.276	
15825	1218.	26.694	29.474	27.276	
15826	1218.1	26.694	29.474	27.276	
15827	1218.2	26.694	29.474	27.276	
15828	1218.3	26.694	29.474	27.276	
15829	1218.4	26.694	29.474	27.276	
15830	1218.5	26.694	29.475	27.276	
15831	1218.6	26.694	29.475	27.276	
15832	1218.7	26.694	29.475	27.276	
15833	1218.8	26.694	29.475	27.276	
15834	1218.9	26.694	29.475	27.276	
15835	1219.	26.694	29.475	27.276	
15836	1219.	26.694	29.475	27.276	
15837	1219.	26.695	29.475	27.276	
15838	1219.	26.695	29.475	27.276	
15839	1219.1	26.695	29.475	27.276	
15840	1219.2	26.695	29.475	27.276	
15841	1219.3	26.695	29.475	27.276	
15842	1219.4	26.695	29.475	27.276	
15843	1219.5	26.695	29.475	27.276	
15844	1219.6	26.695	29.476	27.277	
15845	1219.7	26.695	29.476	27.277	
15846	1219.8	26.695	29.476	27.277	
15847	1219.9	26.695	29.476	27.277	
15848	1220.	26.695	29.476	27.277	
15849	1220.	26.695	29.476	27.277	
15850	1220.	26.695	29.476	27.277	
15851	1220.	26.695	29.476	27.277	
15852	1220.1	26.695	29.476	27.277	
15853	1220.2	26.695	29.476	27.277	
15854	1220.3	26.695	29.476	27.277	
15855	1220.4	26.695	29.476	27.277	
15856	1220.5	26.695	29.476	27.277	
15857	1220.6	26.695	29.477	27.277	
15858	1220.7	26.695	29.477	27.277	
15859	1220.8	26.695	29.477	27.277	
15860	1220.9	26.695	29.477	27.277	
15861	1221.	26.695	29.477	27.277	
15862	1221.	26.695	29.477	27.277	
15863	1221.	26.695	29.477	27.277	
15864	1221.	26.695	29.477	27.277	
15865	1221.1	26.695	29.477	27.277	
15866	1221.2	26.695	29.477	27.277	
15867	1221.3	26.695	29.477	27.277	
15868	1221.4	26.695	29.477	27.277	
15869	1221.5	26.695	29.477	27.277	
15870	1221.6	26.695	29.478	27.277	
15871	1221.7	26.695	29.478	27.277	
15872	1221.8	26.695	29.478	27.278	
15873	1221.9	26.695	29.478	27.278	
15874	1222.	26.696	29.478	27.278	
15875	1222.	26.696	29.478	27.278	
15876	1222.	26.696	29.478	27.278	
15877	1222.	26.696	29.478	27.278	
15878	1222.1	26.696	29.478	27.278	
15879	1222.2	26.696	29.478	27.278	
15880	1222.3	26.696	29.478	27.278	
15881	1222.4	26.696	29.478	27.278	
15882	1222.5	26.696	29.478	27.278	
15883	1222.6	26.696	29.479	27.278	
15884	1222.7	26.696	29.479	27.278	
15885	1222.8	26.696	29.479	27.278	
15886	1222.9	26.696	29.479	27.278	
15887	1223.	26.696	29.479	27.278	
15888	1223.	26.696	29.479	27.278	
15889	1223.	26.696	29.479	27.278	
15890	1223.	26.696	29.479	27.278	
15891	1223.1	26.696	29.479	27.278	
15892	1223.2	26.696	29.479	27.278	
15893	1223.3	26.696	29.479	27.278	
15894	1223.4	26.696	29.479	27.278	
15895	1223.5	26.696	29.479	27.278	
15896	1223.6	26.696	29.479	27.278	
15897	1223.7	26.696	29.48	27.278	
15898	1223.8	26.696	29.48	27.278	
15899	1223.9	26.696	29.48	27.278	
15900	1224.	26.696	29.48	27.278	
15901	1224.	26.696	29.48	27.278	
15902	1224.	26.696	29.48	27.278	
15903	1224.	26.696	29.48	27.279	
15904	1224.1	26.696	29.48	27.279	
15905	1224.2	26.696	29.48	27.279	
15906	1224.3	26.696	29.48	27.279	
15907	1224.4	26.696	29.48	27.279	
15908	1224.5	26.696	29.48	27.279	
15909	1224.6	26.696	29.48	27.279	
15910	1224.7	26.696	29.481	27.279	
15911	1224.8	26.696	29.481	27.279	
15912	1224.9	26.697	29.481	27.279	
15913	1225.	26.697	29.481	27.279	
15914	1225.	26.697	29.481	27.279	
15915	1225.	26.697	29.481	27.279	
15916	1225.	26.697	29.481	27.279	
15917	1225.1	26.697	29.481	27.279	
15918	1225.2	26.697	29.481	27.279	
15919	1225.3	26.697	29.481	27.279	
15920	1225.4	26.697	29.481	27.279	
15921	1225.5	26.697	29.481	27.279	
15922	1225.6	26.697	29.481	27.279	
15923	1225.7	26.697	29.482	27.279	
15924	1225.8	26.697	29.482	27.279	
15925	1225.9	26.697	29.482	27.279	
15926	1226.	26.697	29.482	27.279	
15927	1226.	26.697	29.482	27.279	
15928	1226.	26.697	29.482	27.279	
15929	1226.	26.697	29.482	27.279	
15930	1226.1	26.697	29.482	27.279	
15931	1226.2	26.697	29.482	27.279	
15932	1226.3	26.697	29.482	27.28	
15933	1226.4	26.697	29.482	27.28	
15934	1226.5	26.697	29.482	27.28	
15935	1226.6	26.697	29.482	27.28	
15936	1226.7	26.697	29.482	27.28	
15937	1226.8	26.697	29.483	27.28	
15938	1226.9	26.697	29.483	27.28	
15939	1227.	26.697	29.483	27.28	
15940	1227.	26.697	29.483	27.28	
15941	1227.	26.697	29.483	27.28	
15942	1227.	26.697	29.483	27.28	
15943	1227.1	26.697	29.483	27.28	
15944	1227.2	26.697	29.483	27.28	
15945	1227.3	26.697	29.483	27.28	
15946	1227.4	26.697	29.483	27.28	
15947	1227.5	26.697	29.483	27.28	
15948	1227.6	26.697	29.483	27.28	
15949	1227.7	26.697	29.483	27.28	
15950	1227.8	26.697	29.484	27.28	
15951	1227.9	26.698	29.484	27.28	
15952	1228.	26.698	29.484	27.28	
15953	1228.	26.698	29.484	27.28	
15954	1228.	26.698	29.484	27.28	
15955	1228.	26.698	29.484	27.28	
15956	1228.1	26.698	29.484	27.28	
15957	1228.2	26.698	29.484	27.28	
15958	1228.3	26.698	29.484	27.28	
15959	1228.4	26.698	29.484	27.28	
15960	1228.5	26.698	29.484	27.281	
15961	1228.6	26.698	29.484	27.281	
15962	1228.7	26.698	29.484	27.281	
15963	1228.8	26.698	29.485	27.281	
15964	1228.9	26.698	29.485	27.281	
15965	1229.	26.698	29.485	27.281	
15966	1229.	26.698	29.485	27.281	
15967	1229.	26.698	29.485	27.281	
15968	1229.	26.698	29.485	27.281	
15969	1229.1	26.698	29.485	27.281	
15970	1229.2	26.698	29.485	27.281	
15971	1229.3	26.698	29.485	27.281	
15972	1229.4	26.698	29.485	27.281	
15973	1229.5	26.698	29.485	27.281	
15974	1229.6	26.698	29.485	27.281	
15975	1229.7	26.698	29.485	27.281	
15976	1229.8	26.698	29.486	27.281	
15977	1229.9	26.698	29.486	27.281	
15978	1230.	26.698	29.486	27.281	
15979	1230.	26.698	29.486	27.281	
15980	1230.	26.698	29.486	27.281	
15981	1230.	26.698	29.486	27.281	
15982	1230.1	26.698	29.486	27.281	
15983	1230.2	26.698	29.486	27.281	
15984	1230.3	26.698	29.486	27.281	
15985	1230.4	26.698	29.486	27.281	
15986	1230.5	26.698	29.486	27.281	
15987	1230.6	26.698	29.486	27.281	
15988	1230.7	26.698	29.486	27.282	
15989	1230.8	26.699	29.486	27.282	
15990	1230.9	26.699	29.487	27.282	
15991	1231.	26.699	29.487	27.282	
15992	1231.	26.699	29.487	27.282	
15993	1231.	26.699	29.487	27.282	
15994	1231.	26.699	29.487	27.282	
15995	1231.1	26.699	29.487	27.282	
15996	1231.2	26.699	29.487	27.282	
15997	1231.3	26.699	29.487	27.282	
15998	1231.4	26.699	29.487	27.282	
15999	1231.5	26.699	29.487	27.282	
16000	1231.6	26.699	29.487	27.282	
16001	1231.7	26.699	29.487	27.282	
16002	1231.8	26.699	29.487	27.282	
16003	1231.9	26.699	29.488	27.282	
16004	1232.	26.699	29.488	27.282	
16005	1232.	26.699	29.488	27.282	
16006	1232.	26.699	29.488	27.282	
16007	1232.	26.699	29.488	27.282	
16008	1232.1	26.699	29.488	27.282	
16009	1232.2	26.699	29.488	27.282	
16010	1232.3	26.699	29.488	27.282	
16011	1232.4	26.699	29.488	27.282	
16012	1232.5	26.699	29.488	27.282	
16013	1232.6	26.699	29.488	27.282	
16014	1232.7	26.699	29.488	27.282	
16015	1232.8	26.699	29.488	27.282	
16016	1232.9	26.699	29.489	27.283	
16017	1233.	26.699	29.489	27.283	
16018	1233.	26.699	29.489	27.283	
16019	1233.	26.699	29.489	27.283	
16020	1233.	26.699	29.489	27.283	
16021	1233.1	26.699	29.489	27.283	
16022	1233.2	26.699	29.489	27.283	
16023	1233.3	26.699	29.489	27.283	
16024	1233.4	26.699	29.489	27.283	
16025	1233.5	26.699	29.489	27.283	
16026	1233.6	26.699	29.489	27.283	
16027	1233.7	26.7	29.489	27.283	
16028	1233.8	26.7	29.489	27.283	
16029	1233.9	26.7	29.489	27.283	
16030	1234.	26.7	29.49	27.283	
16031	1234.	26.7	29.49	27.283	
16032	1234.	26.7	29.49	27.283	
16033	1234.	26.7	29.49	27.283	
16034	1234.1	26.7	29.49	27.283	
16035	1234.2	26.7	29.49	27.283	
16036	1234.3	26.7	29.49	27.283	
16037	1234.4	26.7	29.49	27.283	
16038	1234.5	26.7	29.49	27.283	
16039	1234.6	26.7	29.49	27.283	
16040	1234.7	26.7	29.49	27.283	
16041	1234.8	26.7	29.49	27.283	
16042	1234.9	26.7	29.49	27.283	
16043	1235.	26.7	29.491	27.283	
16044	1235.	26.7	29.491	27.283	
16045	1235.	26.7	29.491	27.283	
16046	1235.	26.7	29.491	27.283	
16047	1235.1	26.7	29.491	27.284	
16048	1235.2	26.7	29.491	27.284	
16049	1235.3	26.7	29.491	27.284	
16050	1235.4	26.7	29.491	27.284	
16051	1235.5	26.7	29.491	27.284	
16052	1235.6	26.7	29.491	27.284	
16053	1235.7	26.7	29.491	27.284	
16054	1235.8	26.7	29.491	27.284	
16055	1235.9	26.7	29.491	27.284	
16056	1236.	26.7	29.491	27.284	
16057	1236.	26.7	29.491	27.284	
16058	1236.	26.7	29.492	27.284	
16059	1236.	26.7	29.492	27.284	
16060	1236.1	26.7	29.492	27.284	
16061	1236.2	26.7	29.492	27.284	
16062	1236.3	26.7	29.492	27.284	
16063	1236.4	26.7	29.492	27.284	
16064	1236.5	26.7	29.492	27.284	
16065	1236.6	26.7	29.492	27.284	
16066	1236.7	26.701	29.492	27.284	
16067	1236.8	26.701	29.492	27.284	
16068	1236.9	26.701	29.492	27.284	
16069	1237.	26.701	29.492	27.284	
16070	1237.	26.701	29.492	27.284	
16071	1237.	26.701	29.492	27.284	
16072	1237.	26.701	29.493	27.284	
16073	1237.1	26.701	29.493	27.284	
16074	1237.2	26.701	29.493	27.284	
16075	1237.3	26.701	29.493	27.285	
16076	1237.4	26.701	29.493	27.285	
16077	1237.5	26.701	29.493	27.285	
16078	1237.6	26.701	29.493	27.285	
16079	1237.7	26.701	29.493	27.285	
16080	1237.8	26.701	29.493	27.285	
16081	1237.9	26.701	29.493	27.285	
16082	1238.	26.701	29.493	27.285	
16083	1238.	26.701	29.493	27.285	
16084	1238.	26.701	29.493	27.285	
16085	1238.	26.701	29.493	27.285	
16086	1238.1	26.701	29.494	27.285	
16087	1238.2	26.701	29.494	27.285	
16088	1238.3	26.701	29.494	27.285	
16089	1238.4	26.701	29.494	27.285	
16090	1238.5	26.701	29.494	27.285	
16091	1238.6	26.701	29.494	27.285	
16092	1238.7	26.701	29.494	27.285	
16093	1238.8	26.701	29.494	27.285	
16094	1238.9	26.701	29.494	27.285	
16095	1239.	26.701	29.494	27.285	
16096	1239.	26.701	29.494	27.285	
16097	1239.	26.701	29.494	27.285	
16098	1239.	26.701	29.494	27.285	
16099	1239.1	26.701	29.495	27.285	
16100	1239.2	26.701	29.495	27.285	
16101	1239.3	26.701	29.495	27.285	
16102	1239.4	26.701	29.495	27.285	
16103	1239.5	26.701	29.495	27.285	
16104	1239.6	26.702	29.495	27.286	
16105	1239.7	26.702	29.495	27.286	
16106	1239.8	26.702	29.495	27.286	
16107	1239.9	26.702	29.495	27.286	
16108	1240.	26.702	29.495	27.286	
16109	1240.	26.702	29.495	27.286	
16110	1240.	26.702	29.495	27.286	
16111	1240.	26.702	29.495	27.286	
16112	1240.1	26.702	29.496	27.286	
16113	1240.2	26.702	29.496	27.286	
16114	1240.3	26.702	29.496	27.286	
16115	1240.4	26.702	29.496	27.286	
16116	1240.5	26.702	29.496	27.286	
16117	1240.6	26.702	29.496	27.286	
16118	1240.7	26.702	29.496	27.286	
16119	1240.8	26.702	29.496	27.286	
16120	1240.9	26.702	29.496	27.286	
16121	1241.	26.702	29.496	27.286	
16122	1241.	26.702	29.496	27.286	
16123	1241.	26.702	29.496	27.286	
16124	1241.	26.702	29.496	27.286	
16125	1241.1	26.702	29.496	27.286	
16126	1241.2	26.702	29.497	27.286	
16127	1241.3	26.702	29.497	27.286	
16128	1241.4	26.702	29.497	27.286	
16129	1241.5	26.702	29.497	27.286	
16130	1241.6	26.702	29.497	27.286	
16131	1241.7	26.702	29.497	27.286	
16132	1241.8	26.702	29.497	27.287	
16133	1241.9	26.702	29.497	27.287	
16134	1242.	26.702	29.497	27.287	
16135	1242.	26.702	29.497	27.287	
16136	1242.	26.702	29.497	27.287	
16137	1242.	26.702	29.497	27.287	
16138	1242.1	26.702	29.497	27.287	
16139	1242.2	26.702	29.498	27.287	
16140	1242.3	26.702	29.498	27.287	
16141	1242.4	26.702	29.498	27.287	
16142	1242.5	26.703	29.498	27.287	
16143	1242.6	26.703	29.498	27.287	
16144	1242.7	26.703	29.498	27.287	
16145	1242.8	26.703	29.498	27.287	
16146	1242.9	26.703	29.498	27.287	
16147	1243.	26.703	29.498	27.287	
16148	1243.	26.703	29.498	27.287	
16149	1243.	26.703	29.498	27.287	
16150	1243.	26.703	29.498	27.287	
16151	1243.1	26.703	29.498	27.287	
16152	1243.2	26.703	29.499	27.287	
16153	1243.3	26.703	29.499	27.287	
16154	1243.4	26.703	29.499	27.287	
16155	1243.5	26.703	29.499	27.287	
16156	1243.6	26.703	29.499	27.287	
16157	1243.7	26.703	29.499	27.287	
16158	1243.8	26.703	29.499	27.287	
16159	1243.9	26.703	29.499	27.287	
16160	1244.	26.703	29.499	27.288	
16161	1244.	26.703	29.499	27.288	
16162	1244.	26.703	29.499	27.288	
16163	1244.	26.703	29.499	27.288	
16164	1244.1	26.703	29.499	27.288	
16165	1244.2	26.703	29.499	27.288	
16166	1244.3	26.703	29.5	27.288	
16167	1244.4	26.703	29.5	27.288	
16168	1244.5	26.703	29.5	27.288	
16169	1244.6	26.703	29.5	27.288	
16170	1244.7	26.703	29.5	27.288	
16171	1244.8	26.703	29.5	27.288	
16172	1244.9	26.703	29.5	27.288	
16173	1245.	26.703	29.5	27.288	
16174	1245.	26.703	29.5	27.288	
16175	1245.	26.703	29.5	27.288	
16176	1245.	26.703	29.5	27.288	
16177	1245.1	26.703	29.5	27.288	
16178	1245.2	26.703	29.5	27.288	
16179	1245.3	26.703	29.501	27.288	
16180	1245.4	26.703	29.501	27.288	
16181	1245.5	26.704	29.501	27.288	
16182	1245.6	26.704	29.501	27.288	
16183	1245.7	26.704	29.501	27.288	
16184	1245.8	26.704	29.501	27.288	
16185	1245.9	26.704	29.501	27.288	
16186	1246.	26.704	29.501	27.288	
16187	1246.	26.704	29.501	27.288	
16188	1246.	26.704	29.501	27.288	
16189	1246.	26.704	29.501	27.288	
16190	1246.1	26.704	29.501	27.288	
16191	1246.2	26.704	29.501	27.289	
16192	1246.3	26.704	29.502	27.289	
16193	1246.4	26.704	29.502	27.289	
16194	1246.5	26.704	29.502	27.289	
16195	1246.6	26.704	29.502	27.289	
16196	1246.7	26.704	29.502	27.289	
16197	1246.8	26.704	29.502	27.289	
16198	1246.9	26.704	29.502	27.289	
16199	1247.	26.704	29.502	27.289	
16200	1247.	26.704	29.502	27.289	
16201	1247.	26.704	29.502	27.289	
16202	1247.	26.704	29.502	27.289	
16203	1247.1	26.704	29.502	27.289	
16204	1247.2	26.704	29.502	27.289	
16205	1247.3	26.704	29.502	27.289	
16206	1247.4	26.704	29.503	27.289	
16207	1247.5	26.704	29.503	27.289	
16208	1247.6	26.704	29.503	27.289	
16209	1247.7	26.704	29.503	27.289	
16210	1247.8	26.704	29.503	27.289	
16211	1247.9	26.704	29.503	27.289	
16212	1248.	26.704	29.503	27.289	
16213	1248.	26.704	29.503	27.289	
16214	1248.	26.704	29.503	27.289	
16215	1248.	26.704	29.503	27.289	
16216	1248.1	26.704	29.503	27.289	
16217	1248.2	26.704	29.503	27.289	
16218	1248.3	26.704	29.503	27.289	
16219	1248.4	26.705	29.504	27.29	
16220	1248.5	26.705	29.504	27.29	
16221	1248.6	26.705	29.504	27.29	
16222	1248.7	26.705	29.504	27.29	
16223	1248.8	26.705	29.504	27.29	
16224	1248.9	26.705	29.504	27.29	
16225	1249.	26.705	29.504	27.29	
16226	1249.	26.705	29.504	27.29	
16227	1249.	26.705	29.504	27.29	
16228	1249.	26.705	29.504	27.29	
16229	1249.1	26.705	29.504	27.29	
16230	1249.2	26.705	29.504	27.29	
16231	1249.3	26.705	29.504	27.29	
16232	1249.4	26.705	29.505	27.29	
16233	1249.5	26.705	29.505	27.29	
16234	1249.6	26.705	29.505	27.29	
16235	1249.7	26.705	29.505	27.29	
16236	1249.8	26.705	29.505	27.29	
16237	1249.9	26.705	29.505	27.29	
16238	1250.	26.705	29.505	27.29	
16239	1250.	26.705	29.505	27.29	
16240	1250.	26.705	29.505	27.29	
16241	1250.	26.705	29.505	27.29	
16242	1250.1	26.705	29.505	27.29	
16243	1250.2	26.705	29.505	27.29	
16244	1250.3	26.705	29.505	27.29	
16245	1250.4	26.705	29.505	27.29	
16246	1250.5	26.705	29.506	27.29	
16247	1250.6	26.705	29.506	27.291	
16248	1250.7	26.705	29.506	27.291	
16249	1250.8	26.705	29.506	27.291	
16250	1250.9	26.705	29.506	27.291	
16251	1251.	26.705	29.506	27.291	
16252	1251.	26.705	29.506	27.291	
16253	1251.	26.705	29.506	27.291	
16254	1251.	26.705	29.506	27.291	
16255	1251.1	26.705	29.506	27.291	
16256	1251.2	26.705	29.506	27.291	
16257	1251.3	26.706	29.506	27.291	
16258	1251.4	26.706	29.506	27.291	
16259	1251.5	26.706	29.507	27.291	
16260	1251.6	26.706	29.507	27.291	
16261	1251.7	26.706	29.507	27.291	
16262	1251.8	26.706	29.507	27.291	
16263	1251.9	26.706	29.507	27.291	
16264	1252.	26.706	29.507	27.291	
16265	1252.	26.706	29.507	27.291	
16266	1252.	26.706	29.507	27.291	
16267	1252.	26.706	29.507	27.291	
16268	1252.1	26.706	29.507	27.291	
16269	1252.2	26.706	29.507	27.291	
16270	1252.3	26.706	29.507	27.291	
16271	1252.4	26.706	29.507	27.291	
16272	1252.5	26.706	29.508	27.291	
16273	1252.6	26.706	29.508	27.291	
16274	1252.7	26.706	29.508	27.291	
16275	1252.8	26.706	29.508	27.292	
16276	1252.9	26.706	29.508	27.292	
16277	1253.	26.706	29.508	27.292	
16278	1253.	26.706	29.508	27.292	
16279	1253.	26.706	29.508	27.292	
16280	1253.	26.706	29.508	27.292	
16281	1253.1	26.706	29.508	27.292	
16282	1253.2	26.706	29.508	27.292	
16283	1253.3	26.706	29.508	27.292	
16284	1253.4	26.706	29.508	27.292	
16285	1253.5	26.706	29.509	27.292	
16286	1253.6	26.706	29.509	27.292	
16287	1253.7	26.706	29.509	27.292	
16288	1253.8	26.706	29.509	27.292	
16289	1253.9	26.706	29.509	27.292	
16290	1254.	26.706	29.509	27.292	
16291	1254.	26.706	29.509	27.292	
16292	1254.	26.706	29.509	27.292	
16293	1254.	26.706	29.509	27.292	
16294	1254.1	26.706	29.509	27.292	
16295	1254.2	26.707	29.509	27.292	
16296	1254.3	26.707	29.509	27.292	
16297	1254.4	26.707	29.509	27.292	
16298	1254.5	26.707	29.509	27.292	
16299	1254.6	26.707	29.51	27.292	
16300	1254.7	26.707	29.51	27.292	
16301	1254.8	26.707	29.51	27.292	
16302	1254.9	26.707	29.51	27.292	
16303	1255.	26.707	29.51	27.292	
16304	1255.	26.707	29.51	27.292	
16305	1255.	26.707	29.51	27.293	
16306	1255.	26.707	29.51	27.293	
16307	1255.1	26.707	29.51	27.293	
16308	1255.2	26.707	29.51	27.293	
16309	1255.3	26.707	29.51	27.293	
16310	1255.4	26.707	29.51	27.293	
16311	1255.5	26.707	29.51	27.293	
16312	1255.6	26.707	29.511	27.293	
16313	1255.7	26.707	29.511	27.293	
16314	1255.8	26.707	29.511	27.293	
16315	1255.9	26.707	29.511	27.293	
16316	1256.	26.707	29.511	27.293	
16317	1256.	26.707	29.511	27.293	
16318	1256.	26.707	29.511	27.293	
16319	1256.	26.707	29.511	27.293	
16320	1256.1	26.707	29.511	27.293	
16321	1256.2	26.707	29.511	27.293	
16322	1256.3	26.707	29.511	27.293	
16323	1256.4	26.707	29.511	27.293	
16324	1256.5	26.707	29.511	27.293	
16325	1256.6	26.707	29.512	27.293	
16326	1256.7	26.707	29.512	27.293	
16327	1256.8	26.707	29.512	27.293	
16328	1256.9	26.707	29.512	27.293	
16329	1257.	26.707	29.512	27.293	
16330	1257.	26.707	29.512	27.293	
16331	1257.	26.707	29.512	27.293	
16332	1257.	26.707	29.512	27.293	
16333	1257.1	26.708	29.512	27.293	
16334	1257.2	26.708	29.512	27.294	
16335	1257.3	26.708	29.512	27.294	
16336	1257.4	26.708	29.512	27.294	
16337	1257.5	26.708	29.512	27.294	
16338	1257.6	26.708	29.512	27.294	
16339	1257.7	26.708	29.513	27.294	
16340	1257.8	26.708	29.513	27.294	
16341	1257.9	26.708	29.513	27.294	
16342	1258.	26.708	29.513	27.294	
16343	1258.	26.708	29.513	27.294	
16344	1258.	26.708	29.513	27.294	
16345	1258.	26.708	29.513	27.294	
16346	1258.1	26.708	29.513	27.294	
16347	1258.2	26.708	29.513	27.294	
16348	1258.3	26.708	29.513	27.294	
16349	1258.4	26.708	29.513	27.294	
16350	1258.5	26.708	29.513	27.294	
16351	1258.6	26.708	29.513	27.294	
16352	1258.7	26.708	29.514	27.294	
16353	1258.8	26.708	29.514	27.294	
16354	1258.9	26.708	29.514	27.294	
16355	1259.	26.708	29.514	27.294	
16356	1259.	26.708	29.514	27.294	
16357	1259.	26.708	29.514	27.294	
16358	1259.	26.708	29.514	27.294	
16359	1259.1	26.708	29.514	27.294	
16360	1259.2	26.708	29.514	27.294	
16361	1259.3	26.708	29.514	27.294	
16362	1259.4	26.708	29.514	27.295	
16363	1259.5	26.708	29.514	27.295	
16364	1259.6	26.708	29.514	27.295	
16365	1259.7	26.708	29.515	27.295	
16366	1259.8	26.708	29.515	27.295	
16367	1259.9	26.708	29.515	27.295	
16368	1260.	26.708	29.515	27.295	
16369	1260.	26.708	29.515	27.295	
16370	1260.	26.708	29.515	27.295	
16371	1260.	26.708	29.515	27.295	
16372	1260.1	26.709	29.515	27.295	
16373	1260.2	26.709	29.515	27.295	
16374	1260.3	26.709	29.515	27.295	
16375	1260.4	26.709	29.515	27.295	
16376	1260.5	26.709	29.515	27.295	
16377	1260.6	26.709	29.515	27.295	
16378	1260.7	26.709	29.515	27.295	
16379	1260.8	26.709	29.516	27.295	
16380	1260.9	26.709	29.516	27.295	
16381	1261.	26.709	29.516	27.295	
16382	1261.	26.709	29.516	27.295	
16383	1261.	26.709	29.516	27.295	
16384	1261.	26.709	29.516	27.295	
16385	1261.1	26.709	29.516	27.295	
16386	1261.2	26.709	29.516	27.295	
16387	1261.3	26.709	29.516	27.295	
16388	1261.4	26.709	29.516	27.295	
16389	1261.5	26.709	29.516	27.295	
16390	1261.6	26.709	29.516	27.296	
16391	1261.7	26.709	29.516	27.296	
16392	1261.8	26.709	29.517	27.296	
16393	1261.9	26.709	29.517	27.296	
16394	1262.	26.709	29.517	27.296	
16395	1262.	26.709	29.517	27.296	
16396	1262.	26.709	29.517	27.296	
16397	1262.	26.709	29.517	27.296	
16398	1262.1	26.709	29.517	27.296	
16399	1262.2	26.709	29.517	27.296	
16400	1262.3	26.709	29.517	27.296	
16401	1262.4	26.709	29.517	27.296	
16402	1262.5	26.709	29.517	27.296	
16403	1262.6	26.709	29.517	27.296	
16404	1262.7	26.709	29.517	27.296	
16405	1262.8	26.709	29.518	27.296	
16406	1262.9	26.709	29.518	27.296	
16407	1263.	26.71	29.518	27.296	
16408	1263.	26.71	29.518	27.296	
16409	1263.	26.71	29.518	27.296	
16410	1263.	26.71	29.518	27.296	
16411	1263.1	26.71	29.518	27.296	
16412	1263.2	26.71	29.518	27.296	
16413	1263.3	26.71	29.518	27.296	
16414	1263.4	26.71	29.518	27.296	
16415	1263.5	26.71	29.518	27.296	
16416	1263.6	26.71	29.518	27.296	
16417	1263.7	26.71	29.518	27.296	
16418	1263.8	26.71	29.518	27.297	
16419	1263.9	26.71	29.519	27.297	
16420	1264.	26.71	29.519	27.297	
16421	1264.	26.71	29.519	27.297	
16422	1264.	26.71	29.519	27.297	
16423	1264.	26.71	29.519	27.297	
16424	1264.1	26.71	29.519	27.297	
16425	1264.2	26.71	29.519	27.297	
16426	1264.3	26.71	29.519	27.297	
16427	1264.4	26.71	29.519	27.297	
16428	1264.5	26.71	29.519	27.297	
16429	1264.6	26.71	29.519	27.297	
16430	1264.7	26.71	29.519	27.297	
16431	1264.8	26.71	29.519	27.297	
16432	1264.9	26.71	29.52	27.297	
16433	1265.	26.71	29.52	27.297	
16434	1265.	26.71	29.52	27.297	
16435	1265.	26.71	29.52	27.297	
16436	1265.	26.71	29.52	27.297	
16437	1265.1	26.71	29.52	27.297	
16438	1265.2	26.71	29.52	27.297	
16439	1265.3	26.71	29.52	27.297	
16440	1265.4	26.71	29.52	27.297	
16441	1265.5	26.71	29.52	27.297	
16442	1265.6	26.71	29.52	27.297	
16443	1265.7	26.71	29.52	27.297	
16444	1265.8	26.71	29.52	27.297	
16445	1265.9	26.711	29.521	27.297	
16446	1266.	26.711	29.521	27.297	
16447	1266.	26.711	29.521	27.297	
16448	1266.	26.711	29.521	27.297	
16449	1266.	26.711	29.521	27.298	
16450	1266.1	26.711	29.521	27.298	
16451	1266.2	26.711	29.521	27.298	
16452	1266.3	26.711	29.521	27.298	
16453	1266.4	26.711	29.521	27.298	
16454	1266.5	26.711	29.521	27.298	
16455	1266.6	26.711	29.521	27.298	
16456	1266.7	26.711	29.521	27.298	
16457	1266.8	26.711	29.521	27.298	
16458	1266.9	26.711	29.521	27.298	
16459	1267.	26.711	29.522	27.298	
16460	1267.	26.711	29.522	27.298	
16461	1267.	26.711	29.522	27.298	
16462	1267.	26.711	29.522	27.298	
16463	1267.1	26.711	29.522	27.298	
16464	1267.2	26.711	29.522	27.298	
16465	1267.3	26.711	29.522	27.298	
16466	1267.4	26.711	29.522	27.298	
16467	1267.5	26.711	29.522	27.298	
16468	1267.6	26.711	29.522	27.298	
16469	1267.7	26.711	29.522	27.298	
16470	1267.8	26.711	29.522	27.298	
16471	1267.9	26.711	29.522	27.298	
16472	1268.	26.711	29.523	27.298	
16473	1268.	26.711	29.523	27.298	
16474	1268.	26.711	29.523	27.298	
16475	1268.	26.711	29.523	27.298	
16476	1268.1	26.711	29.523	27.298	
16477	1268.2	26.711	29.523	27.299	
16478	1268.3	26.711	29.523	27.299	
16479	1268.4	26.711	29.523	27.299	
16480	1268.5	26.711	29.523	27.299	
16481	1268.6	26.711	29.523	27.299	
16482	1268.7	26.711	29.523	27.299	
16483	1268.8	26.712	29.523	27.299	
16484	1268.9	26.712	29.523	27.299	
16485	1269.	26.712	29.523	27.299	
16486	1269.	26.712	29.523	27.299	
16487	1269.	26.712	29.524	27.299	
16488	1269.	26.712	29.524	27.299	
16489	1269.1	26.712	29.524	27.299	
16490	1269.2	26.712	29.524	27.299	
16491	1269.3	26.712	29.524	27.299	
16492	1269.4	26.712	29.524	27.299	
16493	1269.5	26.712	29.524	27.299	
16494	1269.6	26.712	29.524	27.299	
16495	1269.7	26.712	29.524	27.299	
16496	1269.8	26.712	29.524	27.299	
16497	1269.9	26.712	29.524	27.299	
16498	1270.	26.712	29.524	27.299	
16499	1270.	26.712	29.524	27.299	
16500	1270.	26.712	29.524	27.299	
16501	1270.	26.712	29.524	27.299	
16502	1270.1	26.712	29.525	27.299	
16503	1270.2	26.712	29.525	27.299	
16504	1270.3	26.712	29.525	27.299	
16505	1270.4	26.712	29.525	27.3	
16506	1270.5	26.712	29.525	27.3	
16507	1270.6	26.712	29.525	27.3	
16508	1270.7	26.712	29.525	27.3	
16509	1270.8	26.712	29.525	27.3	
16510	1270.9	26.712	29.525	27.3	
16511	1271.	26.712	29.525	27.3	
16512	1271.	26.712	29.525	27.3	
16513	1271.	26.712	29.525	27.3	
16514	1271.	26.712	29.525	27.3	
16515	1271.1	26.712	29.526	27.3	
16516	1271.2	26.712	29.526	27.3	
16517	1271.3	26.712	29.526	27.3	
16518	1271.4	26.712	29.526	27.3	
16519	1271.5	26.712	29.526	27.3	
16520	1271.6	26.712	29.526	27.3	
16521	1271.7	26.713	29.526	27.3	
16522	1271.8	26.713	29.526	27.3	
16523	1271.9	26.713	29.526	27.3	
16524	1272.	26.713	29.526	27.3	
16525	1272.	26.713	29.526	27.3	
16526	1272.	26.713	29.526	27.3	
16527	1272.	26.713	29.526	27.3	
16528	1272.1	26.713	29.527	27.3	
16529	1272.2	26.713	29.527	27.3	
16530	1272.3	26.713	29.527	27.3	
16531	1272.4	26.713	29.527	27.3	
16532	1272.5	26.713	29.527	27.3	
16533	1272.6	26.713	29.527	27.301	
16534	1272.7	26.713	29.527	27.301	
16535	1272.8	26.713	29.527	27.301	
16536	1272.9	26.713	29.527	27.301	
16537	1273.	26.713	29.527	27.301	
16538	1273.	26.713	29.527	27.301	
16539	1273.	26.713	29.527	27.301	
16540	1273.	26.713	29.527	27.301	
16541	1273.1	26.713	29.527	27.301	
16542	1273.2	26.713	29.528	27.301	
16543	1273.3	26.713	29.528	27.301	
16544	1273.4	26.713	29.528	27.301	
16545	1273.5	26.713	29.528	27.301	
16546	1273.6	26.713	29.528	27.301	
16547	1273.7	26.713	29.528	27.301	
16548	1273.8	26.713	29.528	27.301	
16549	1273.9	26.713	29.528	27.301	
16550	1274.	26.713	29.528	27.301	
16551	1274.	26.713	29.528	27.301	
16552	1274.	26.713	29.528	27.301	
16553	1274.	26.713	29.528	27.301	
16554	1274.1	26.713	29.528	27.301	
16555	1274.2	26.713	29.529	27.301	
16556	1274.3	26.713	29.529	27.301	
16557	1274.4	26.713	29.529	27.301	
16558	1274.5	26.713	29.529	27.301	
16559	1274.6	26.714	29.529	27.301	
16560	1274.7	26.714	29.529	27.301	
16561	1274.8	26.714	29.529	27.302	
16562	1274.9	26.714	29.529	27.302	
16563	1275.	26.714	29.529	27.302	
16564	1275.	26.714	29.529	27.302	
16565	1275.	26.714	29.529	27.302	
16566	1275.	26.714	29.529	27.302	
16567	1275.1	26.714	29.529	27.302	
16568	1275.2	26.714	29.53	27.302	
16569	1275.3	26.714	29.53	27.302	
16570	1275.4	26.714	29.53	27.302	
16571	1275.5	26.714	29.53	27.302	
16572	1275.6	26.714	29.53	27.302	
16573	1275.7	26.714	29.53	27.302	
16574	1275.8	26.714	29.53	27.302	
16575	1275.9	26.714	29.53	27.302	
16576	1276.	26.714	29.53	27.302	
16577	1276.	26.714	29.53	27.302	
16578	1276.	26.714	29.53	27.302	
16579	1276.	26.714	29.53	27.302	
16580	1276.1	26.714	29.53	27.302	
16581	1276.2	26.714	29.53	27.302	
16582	1276.3	26.714	29.531	27.302	
16583	1276.4	26.714	29.531	27.302	
16584	1276.5	26.714	29.531	27.302	
16585	1276.6	26.714	29.531	27.302	
16586	1276.7	26.714	29.531	27.302	
16587	1276.8	26.714	29.531	27.302	
16588	1276.9	26.714	29.531	27.302	
16589	1277.	26.714	29.531	27.302	
16590	1277.	26.714	29.531	27.303	
16591	1277.	26.714	29.531	27.303	
16592	1277.	26.714	29.531	27.303	
16593	1277.1	26.714	29.531	27.303	
16594	1277.2	26.714	29.531	27.303	
16595	1277.3	26.714	29.532	27.303	
16596	1277.4	26.714	29.532	27.303	
16597	1277.5	26.715	29.532	27.303	
16598	1277.6	26.715	29.532	27.303	
16599	1277.7	26.715	29.532	27.303	
16600	1277.8	26.715	29.532	27.303	
16601	1277.9	26.715	29.532	27.303	
16602	1278.	26.715	29.532	27.303	
16603	1278.	26.715	29.532	27.303	
16604	1278.	26.715	29.532	27.303	
16605	1278.	26.715	29.532	27.303	
16606	1278.1	26.715	29.532	27.303	
16607	1278.2	26.715	29.532	27.303	
16608	1278.3	26.715	29.533	27.303	
16609	1278.4	26.715	29.533	27.303	
16610	1278.5	26.715	29.533	27.303	
16611	1278.6	26.715	29.533	27.303	
16612	1278.7	26.715	29.533	27.303	
16613	1278.8	26.715	29.533	27.303	
16614	1278.9	26.715	29.533	27.303	
16615	1279.	26.715	29.533	27.303	
16616	1279.	26.715	29.533	27.303	
16617	1279.	26.715	29.533	27.303	
16618	1279.	26.715	29.533	27.303	
16619	1279.1	26.715	29.533	27.303	
16620	1279.2	26.715	29.533	27.304	
16621	1279.3	26.715	29.533	27.304	
16622	1279.4	26.715	29.534	27.304	
16623	1279.5	26.715	29.534	27.304	
16624	1279.6	26.715	29.534	27.304	
16625	1279.7	26.715	29.534	27.304	
16626	1279.8	26.715	29.534	27.304	
16627	1279.9	26.715	29.534	27.304	
16628	1280.	26.715	29.534	27.304	
16629	1280.	26.715	29.534	27.304	
16630	1280.	26.715	29.534	27.304	
16631	1280.	26.715	29.534	27.304	
16632	1280.1	26.715	29.534	27.304	
16633	1280.2	26.715	29.534	27.304	
16634	1280.3	26.715	29.534	27.304	
16635	1280.4	26.716	29.535	27.304	
16636	1280.5	26.716	29.535	27.304	
16637	1280.6	26.716	29.535	27.304	
16638	1280.7	26.716	29.535	27.304	
16639	1280.8	26.716	29.535	27.304	
16640	1280.9	26.716	29.535	27.304	
16641	1281.	26.716	29.535	27.304	
16642	1281.	26.716	29.535	27.304	
16643	1281.	26.716	29.535	27.304	
16644	1281.	26.716	29.535	27.304	
16645	1281.1	26.716	29.535	27.304	
16646	1281.2	26.716	29.535	27.304	
16647	1281.3	26.716	29.535	27.304	
16648	1281.4	26.716	29.536	27.305	
16649	1281.5	26.716	29.536	27.305	
16650	1281.6	26.716	29.536	27.305	
16651	1281.7	26.716	29.536	27.305	
16652	1281.8	26.716	29.536	27.305	
16653	1281.9	26.716	29.536	27.305	
16654	1282.	26.716	29.536	27.305	
16655	1282.	26.716	29.536	27.305	
16656	1282.	26.716	29.536	27.305	
16657	1282.	26.716	29.536	27.305	
16658	1282.1	26.716	29.536	27.305	
16659	1282.2	26.716	29.536	27.305	
16660	1282.3	26.716	29.536	27.305	
16661	1282.4	26.716	29.536	27.305	
16662	1282.5	26.716	29.537	27.305	
16663	1282.6	26.716	29.537	27.305	
16664	1282.7	26.716	29.537	27.305	
16665	1282.8	26.716	29.537	27.305	
16666	1282.9	26.716	29.537	27.305	
16667	1283.	26.716	29.537	27.305	
16668	1283.	26.716	29.537	27.305	
16669	1283.	26.716	29.537	27.305	
16670	1283.	26.716	29.537	27.305	
16671	1283.1	26.716	29.537	27.305	
16672	1283.2	26.717	29.537	27.305	
16673	1283.3	26.717	29.537	27.305	
16674	1283.4	26.717	29.537	27.305	
16675	1283.5	26.717	29.538	27.305	
16676	1283.6	26.717	29.538	27.306	
16677	1283.7	26.717	29.538	27.306	
16678	1283.8	26.717	29.538	27.306	
16679	1283.9	26.717	29.538	27.306	
16680	1284.	26.717	29.538	27.306	
16681	1284.	26.717	29.538	27.306	
16682	1284.	26.717	29.538	27.306	
16683	1284.	26.717	29.538	27.306	
16684	1284.1	26.717	29.538	27.306	
16685	1284.2	26.717	29.538	27.306	
16686	1284.3	26.717	29.538	27.306	
16687	1284.4	26.717	29.538	27.306	
16688	1284.5	26.717	29.539	27.306	
16689	1284.6	26.717	29.539	27.306	
16690	1284.7	26.717	29.539	27.306	
16691	1284.8	26.717	29.539	27.306	
16692	1284.9	26.717	29.539	27.306	
16693	1285.	26.717	29.539	27.306	
16694	1285.	26.717	29.539	27.306	
16695	1285.	26.717	29.539	27.306	
16696	1285.	26.717	29.539	27.306	
16697	1285.1	26.717	29.539	27.306	
16698	1285.2	26.717	29.539	27.306	
16699	1285.3	26.717	29.539	27.306	
16700	1285.4	26.717	29.539	27.306	
16701	1285.5	26.717	29.539	27.306	
16702	1285.6	26.717	29.54	27.306	
16703	1285.7	26.717	29.54	27.306	
16704	1285.8	26.717	29.54	27.307	
16705	1285.9	26.717	29.54	27.307	
16706	1286.	26.717	29.54	27.307	
16707	1286.	26.717	29.54	27.307	
16708	1286.	26.717	29.54	27.307	
16709	1286.	26.717	29.54	27.307	
16710	1286.1	26.718	29.54	27.307	
16711	1286.2	26.718	29.54	27.307	
16712	1286.3	26.718	29.54	27.307	
16713	1286.4	26.718	29.54	27.307	
16714	1286.5	26.718	29.54	27.307	
16715	1286.6	26.718	29.541	27.307	
16716	1286.7	26.718	29.541	27.307	
16717	1286.8	26.718	29.541	27.307	
16718	1286.9	26.718	29.541	27.307	
16719	1287.	26.718	29.541	27.307	
16720	1287.	26.718	29.541	27.307	
16721	1287.	26.718	29.541	27.307	
16722	1287.	26.718	29.541	27.307	
16723	1287.1	26.718	29.541	27.307	
16724	1287.2	26.718	29.541	27.307	
16725	1287.3	26.718	29.541	27.307	
16726	1287.4	26.718	29.541	27.307	
16727	1287.5	26.718	29.541	27.307	
16728	1287.6	26.718	29.542	27.307	
16729	1287.7	26.718	29.542	27.307	
16730	1287.8	26.718	29.542	27.307	
16731	1287.9	26.718	29.542	27.307	
16732	1288.	26.718	29.542	27.308	
16733	1288.	26.718	29.542	27.308	
16734	1288.	26.718	29.542	27.308	
16735	1288.	26.718	29.542	27.308	
16736	1288.1	26.718	29.542	27.308	
16737	1288.2	26.718	29.542	27.308	
16738	1288.3	26.718	29.542	27.308	
16739	1288.4	26.718	29.542	27.308	
16740	1288.5	26.718	29.542	27.308	
16741	1288.6	26.718	29.542	27.308	
16742	1288.7	26.718	29.543	27.308	
16743	1288.8	26.718	29.543	27.308	
16744	1288.9	26.718	29.543	27.308	
16745	1289.	26.719	29.543	27.308	
16746	1289.	26.719	29.543	27.308	
16747	1289.	26.719	29.543	27.308	
16748	1289.	26.719	29.543	27.308	
16749	1289.1	26.719	29.543	27.308	
16750	1289.2	26.719	29.543	27.308	
16751	1289.3	26.719	29.543	27.308	
16752	1289.4	26.719	29.543	27.308	
16753	1289.5	26.719	29.543	27.308	
16754	1289.6	26.719	29.543	27.308	
16755	1289.7	26.719	29.544	27.308	
16756	1289.8	26.719	29.544	27.308	
16757	1289.9	26.719	29.544	27.308	
16758	1290.	26.719	29.544	27.308	
16759	1290.	26.719	29.544	27.308	
16760	1290.	26.719	29.544	27.308	
16761	1290.	26.719	29.544	27.308	
16762	1290.1	26.719	29.544	27.308	
16763	1290.2	26.719	29.544	27.309	
16764	1290.3	26.719	29.544	27.309	
16765	1290.4	26.719	29.544	27.309	
16766	1290.5	26.719	29.544	27.309	
16767	1290.6	26.719	29.544	27.309	
16768	1290.7	26.719	29.545	27.309	
16769	1290.8	26.719	29.545	27.309	
16770	1290.9	26.719	29.545	27.309	
16771	1291.	26.719	29.545	27.309	
16772	1291.	26.719	29.545	27.309	
16773	1291.	26.719	29.545	27.309	
16774	1291.	26.719	29.545	27.309	
16775	1291.1	26.719	29.545	27.309	
16776	1291.2	26.719	29.545	27.309	
16777	1291.3	26.719	29.545	27.309	
16778	1291.4	26.719	29.545	27.309	
16779	1291.5	26.719	29.545	27.309	
16780	1291.6	26.719	29.545	27.309	
16781	1291.7	26.719	29.545	27.309	
16782	1291.8	26.719	29.546	27.309	
16783	1291.9	26.72	29.546	27.309	
16784	1292.	26.72	29.546	27.309	
16785	1292.	26.72	29.546	27.309	
16786	1292.	26.72	29.546	27.309	
16787	1292.	26.72	29.546	27.309	
16788	1292.1	26.72	29.546	27.309	
16789	1292.2	26.72	29.546	27.309	
16790	1292.3	26.72	29.546	27.309	
16791	1292.4	26.72	29.546	27.31	
16792	1292.5	26.72	29.546	27.31	
16793	1292.6	26.72	29.546	27.31	
16794	1292.7	26.72	29.546	27.31	
16795	1292.8	26.72	29.547	27.31	
16796	1292.9	26.72	29.547	27.31	
16797	1293.	26.72	29.547	27.31	
16798	1293.	26.72	29.547	27.31	
16799	1293.	26.72	29.547	27.31	
16800	1293.	26.72	29.547	27.31	
16801	1293.1	26.72	29.547	27.31	
16802	1293.2	26.72	29.547	27.31	
16803	1293.3	26.72	29.547	27.31	
16804	1293.4	26.72	29.547	27.31	
16805	1293.5	26.72	29.547	27.31	
16806	1293.6	26.72	29.547	27.31	
16807	1293.7	26.72	29.547	27.31	
16808	1293.8	26.72	29.548	27.31	
16809	1293.9	26.72	29.548	27.31	
16810	1294.	26.72	29.548	27.31	
16811	1294.	26.72	29.548	27.31	
16812	1294.	26.72	29.548	27.31	
16813	1294.	26.72	29.548	27.31	
16814	1294.1	26.72	29.548	27.31	
16815	1294.2	26.72	29.548	27.31	
16816	1294.3	26.72	29.548	27.31	
16817	1294.4	26.72	29.548	27.31	
16818	1294.5	26.72	29.548	27.311	
16819	1294.6	26.72	29.548	27.311	
16820	1294.7	26.72	29.548	27.311	
16821	1294.8	26.721	29.548	27.311	
16822	1294.9	26.721	29.549	27.311	
16823	1295.	26.721	29.549	27.311	
16824	1295.	26.721	29.549	27.311	
16825	1295.	26.721	29.549	27.311	
16826	1295.	26.721	29.549	27.311	
16827	1295.1	26.721	29.549	27.311	
16828	1295.2	26.721	29.549	27.311	
16829	1295.3	26.721	29.549	27.311	
16830	1295.4	26.721	29.549	27.311	
16831	1295.5	26.721	29.549	27.311	
16832	1295.6	26.721	29.549	27.311	
16833	1295.7	26.721	29.549	27.311	
16834	1295.8	26.721	29.549	27.311	
16835	1295.9	26.721	29.55	27.311	
16836	1296.	26.721	29.55	27.311	
16837	1296.	26.721	29.55	27.311	
16838	1296.	26.721	29.55	27.311	
16839	1296.	26.721	29.55	27.311	
16840	1296.1	26.721	29.55	27.311	
16841	1296.2	26.721	29.55	27.311	
16842	1296.3	26.721	29.55	27.311	
16843	1296.4	26.721	29.55	27.311	
16844	1296.5	26.721	29.55	27.311	
16845	1296.6	26.721	29.55	27.311	
16846	1296.7	26.721	29.55	27.312	
16847	1296.8	26.721	29.55	27.312	
16848	1296.9	26.721	29.55	27.312	
16849	1297.	26.721	29.551	27.312	
16850	1297.	26.721	29.551	27.312	
16851	1297.	26.721	29.551	27.312	
16852	1297.	26.721	29.551	27.312	
16853	1297.1	26.721	29.551	27.312	
16854	1297.2	26.721	29.551	27.312	
16855	1297.3	26.721	29.551	27.312	
16856	1297.4	26.721	29.551	27.312	
16857	1297.5	26.721	29.551	27.312	
16858	1297.6	26.722	29.551	27.312	
16859	1297.7	26.722	29.551	27.312	
16860	1297.8	26.722	29.551	27.312	
16861	1297.9	26.722	29.551	27.312	
16862	1298.	26.722	29.552	27.312	
16863	1298.	26.722	29.552	27.312	
16864	1298.	26.722	29.552	27.312	
16865	1298.	26.722	29.552	27.312	
16866	1298.1	26.722	29.552	27.312	
16867	1298.2	26.722	29.552	27.312	
16868	1298.3	26.722	29.552	27.312	
16869	1298.4	26.722	29.552	27.312	
16870	1298.5	26.722	29.552	27.312	
16871	1298.6	26.722	29.552	27.312	
16872	1298.7	26.722	29.552	27.312	
16873	1298.8	26.722	29.552	27.312	
16874	1298.9	26.722	29.552	27.313	
16875	1299.	26.722	29.552	27.313	
16876	1299.	26.722	29.552	27.313	
16877	1299.	26.722	29.553	27.313	
16878	1299.	26.722	29.553	27.313	
16879	1299.1	26.722	29.553	27.313	
16880	1299.2	26.722	29.553	27.313	
16881	1299.3	26.722	29.553	27.313	
16882	1299.4	26.722	29.553	27.313	
16883	1299.5	26.722	29.553	27.313	
16884	1299.6	26.722	29.553	27.313	
16885	1299.7	26.722	29.553	27.313	
16886	1299.8	26.722	29.553	27.313	
16887	1299.9	26.722	29.553	27.313	
16888	1300.	26.722	29.553	27.313	
16889	1300.	26.722	29.553	27.313	
16890	1300.	26.722	29.553	27.313	
16891	1300.	26.722	29.554	27.313	
16892	1300.1	26.722	29.554	27.313	
16893	1300.2	26.722	29.554	27.313	
16894	1300.3	26.722	29.554	27.313	
16895	1300.4	26.722	29.554	27.313	
16896	1300.5	26.723	29.554	27.313	
16897	1300.6	26.723	29.554	27.313	
16898	1300.7	26.723	29.554	27.313	
16899	1300.8	26.723	29.554	27.313	
16900	1300.9	26.723	29.554	27.313	
16901	1301.	26.723	29.554	27.313	
16902	1301.	26.723	29.554	27.313	
16903	1301.	26.723	29.554	27.313	
16904	1301.	26.723	29.554	27.313	
16905	1301.1	26.723	29.555	27.314	
16906	1301.2	26.723	29.555	27.314	
16907	1301.3	26.723	29.555	27.314	
16908	1301.4	26.723	29.555	27.314	
16909	1301.5	26.723	29.555	27.314	
16910	1301.6	26.723	29.555	27.314	
16911	1301.7	26.723	29.555	27.314	
16912	1301.8	26.723	29.555	27.314	
16913	1301.9	26.723	29.555	27.314	
16914	1302.	26.723	29.555	27.314	
16915	1302.	26.723	29.555	27.314	
16916	1302.	26.723	29.555	27.314	
16917	1302.	26.723	29.555	27.314	
16918	1302.1	26.723	29.556	27.314	
16919	1302.2	26.723	29.556	27.314	
16920	1302.3	26.723	29.556	27.314	
16921	1302.4	26.723	29.556	27.314	
16922	1302.5	26.723	29.556	27.314	
16923	1302.6	26.723	29.556	27.314	
16924	1302.7	26.723	29.556	27.314	
16925	1302.8	26.723	29.556	27.314	
16926	1302.9	26.723	29.556	27.314	
16927	1303.	26.723	29.556	27.314	
16928	1303.	26.723	29.556	27.314	
16929	1303.	26.723	29.556	27.314	
16930	1303.	26.723	29.556	27.314	
16931	1303.1	26.723	29.556	27.314	
16932	1303.2	26.723	29.557	27.314	
16933	1303.3	26.723	29.557	27.315	
16934	1303.4	26.724	29.557	27.315	
16935	1303.5	26.724	29.557	27.315	
16936	1303.6	26.724	29.557	27.315	
16937	1303.7	26.724	29.557	27.315	
16938	1303.8	26.724	29.557	27.315	
16939	1303.9	26.724	29.557	27.315	
16940	1304.	26.724	29.557	27.315	
16941	1304.	26.724	29.557	27.315	
16942	1304.	26.724	29.557	27.315	
16943	1304.	26.724	29.557	27.315	
16944	1304.1	26.724	29.557	27.315	
16945	1304.2	26.724	29.558	27.315	
16946	1304.3	26.724	29.558	27.315	
16947	1304.4	26.724	29.558	27.315	
16948	1304.5	26.724	29.558	27.315	
16949	1304.6	26.724	29.558	27.315	
16950	1304.7	26.724	29.558	27.315	
16951	1304.8	26.724	29.558	27.315	
16952	1304.9	26.724	29.558	27.315	
16953	1305.	26.724	29.558	27.315	
16954	1305.	26.724	29.558	27.315	
16955	1305.	26.724	29.558	27.315	
16956	1305.	26.724	29.558	27.315	
16957	1305.1	26.724	29.558	27.315	
16958	1305.2	26.724	29.559	27.315	
16959	1305.3	26.724	29.559	27.315	
16960	1305.4	26.724	29.559	27.315	
16961	1305.5	26.724	29.559	27.316	
16962	1305.6	26.724	29.559	27.316	
16963	1305.7	26.724	29.559	27.316	
16964	1305.8	26.724	29.559	27.316	
16965	1305.9	26.724	29.559	27.316	
16966	1306.	26.724	29.559	27.316	
16967	1306.	26.724	29.559	27.316	
16968	1306.	26.724	29.559	27.316	
16969	1306.	26.724	29.559	27.316	
16970	1306.1	26.724	29.559	27.316	
16971	1306.2	26.725	29.559	27.316	
16972	1306.3	26.725	29.56	27.316	
16973	1306.4	26.725	29.56	27.316	
16974	1306.5	26.725	29.56	27.316	
16975	1306.6	26.725	29.56	27.316	
16976	1306.7	26.725	29.56	27.316	
16977	1306.8	26.725	29.56	27.316	
16978	1306.9	26.725	29.56	27.316	
16979	1307.	26.725	29.56	27.316	
16980	1307.	26.725	29.56	27.316	
16981	1307.	26.725	29.56	27.316	
16982	1307.	26.725	29.56	27.316	
16983	1307.1	26.725	29.56	27.316	
16984	1307.2	26.725	29.56	27.316	
16985	1307.3	26.725	29.561	27.316	
16986	1307.4	26.725	29.561	27.316	
16987	1307.5	26.725	29.561	27.316	
16988	1307.6	26.725	29.561	27.316	
16989	1307.7	26.725	29.561	27.317	
16990	1307.8	26.725	29.561	27.317	
16991	1307.9	26.725	29.561	27.317	
16992	1308.	26.725	29.561	27.317	
16993	1308.	26.725	29.561	27.317	
16994	1308.	26.725	29.561	27.317	
16995	1308.	26.725	29.561	27.317	
16996	1308.1	26.725	29.561	27.317	
16997	1308.2	26.725	29.561	27.317	
16998	1308.3	26.725	29.562	27.317	
16999	1308.4	26.725	29.562	27.317	
17000	1308.5	26.725	29.562	27.317	
17001	1308.6	26.725	29.562	27.317	
17002	1308.7	26.725	29.562	27.317	
17003	1308.8	26.725	29.562	27.317	
17004	1308.9	26.725	29.562	27.317	
17005	1309.	26.725	29.562	27.317	
17006	1309.	26.725	29.562	27.317	
17007	1309.	26.725	29.562	27.317	
17008	1309.	26.725	29.562	27.317	
17009	1309.1	26.726	29.562	27.317	
17010	1309.2	26.726	29.562	27.317	
17011	1309.3	26.726	29.562	27.317	
17012	1309.4	26.726	29.563	27.317	
17013	1309.5	26.726	29.563	27.317	
17014	1309.6	26.726	29.563	27.317	
17015	1309.7	26.726	29.563	27.317	
17016	1309.8	26.726	29.563	27.318	
17017	1309.9	26.726	29.563	27.318	
17018	1310.	26.726	29.563	27.318	
17019	1310.	26.726	29.563	27.318	
17020	1310.	26.726	29.563	27.318	
17021	1310.	26.726	29.563	27.318	
17022	1310.1	26.726	29.563	27.318	
17023	1310.2	26.726	29.563	27.318	
17024	1310.3	26.726	29.563	27.318	
17025	1310.4	26.726	29.564	27.318	
17026	1310.5	26.726	29.564	27.318	
17027	1310.6	26.726	29.564	27.318	
17028	1310.7	26.726	29.564	27.318	
17029	1310.8	26.726	29.564	27.318	
17030	1310.9	26.726	29.564	27.318	
17031	1311.	26.726	29.564	27.318	
17032	1311.	26.726	29.564	27.318	
17033	1311.	26.726	29.564	27.318	
17034	1311.	26.726	29.564	27.318	
17035	1311.1	26.726	29.564	27.318	
17036	1311.2	26.726	29.564	27.318	
17037	1311.3	26.726	29.564	27.318	
17038	1311.4	26.726	29.564	27.318	
17039	1311.5	26.726	29.565	27.318	
17040	1311.6	26.726	29.565	27.318	
17041	1311.7	26.726	29.565	27.318	
17042	1311.8	26.726	29.565	27.318	
17043	1311.9	26.727	29.565	27.318	
17044	1312.	26.727	29.565	27.318	
17045	1312.	26.727	29.565	27.318	
17046	1312.	26.727	29.565	27.319	
17047	1312.	26.727	29.565	27.319	
17048	1312.1	26.727	29.565	27.319	
17049	1312.2	26.727	29.565	27.319	
17050	1312.3	26.727	29.565	27.319	
17051	1312.4	26.727	29.565	27.319	
17052	1312.5	26.727	29.566	27.319	
17053	1312.6	26.727	29.566	27.319	
17054	1312.7	26.727	29.566	27.319	
17055	1312.8	26.727	29.566	27.319	
17056	1312.9	26.727	29.566	27.319	
17057	1313.	26.727	29.566	27.319	
17058	1313.	26.727	29.566	27.319	
17059	1313.	26.727	29.566	27.319	
17060	1313.	26.727	29.566	27.319	
17061	1313.1	26.727	29.566	27.319	
17062	1313.2	26.727	29.566	27.319	
17063	1313.3	26.727	29.566	27.319	
17064	1313.4	26.727	29.566	27.319	
17065	1313.5	26.727	29.567	27.319	
17066	1313.6	26.727	29.567	27.319	
17067	1313.7	26.727	29.567	27.319	
17068	1313.8	26.727	29.567	27.319	
17069	1313.9	26.727	29.567	27.319	
17070	1314.	26.727	29.567	27.319	
17071	1314.	26.727	29.567	27.319	
17072	1314.	26.727	29.567	27.319	
17073	1314.	26.727	29.567	27.319	
17074	1314.1	26.727	29.567	27.319	
17075	1314.2	26.727	29.567	27.32	
17076	1314.3	26.727	29.567	27.32	
17077	1314.4	26.727	29.567	27.32	
17078	1314.5	26.727	29.567	27.32	
17079	1314.6	26.727	29.568	27.32	
17080	1314.7	26.727	29.568	27.32	
17081	1314.8	26.728	29.568	27.32	
17082	1314.9	26.728	29.568	27.32	
17083	1315.	26.728	29.568	27.32	
17084	1315.	26.728	29.568	27.32	
17085	1315.	26.728	29.568	27.32	
17086	1315.	26.728	29.568	27.32	
17087	1315.1	26.728	29.568	27.32	
17088	1315.2	26.728	29.568	27.32	
17089	1315.3	26.728	29.568	27.32	
17090	1315.4	26.728	29.568	27.32	
17091	1315.5	26.728	29.568	27.32	
17092	1315.6	26.728	29.569	27.32	
17093	1315.7	26.728	29.569	27.32	
17094	1315.8	26.728	29.569	27.32	
17095	1315.9	26.728	29.569	27.32	
17096	1316.	26.728	29.569	27.32	
17097	1316.	26.728	29.569	27.32	
17098	1316.	26.728	29.569	27.32	
17099	1316.	26.728	29.569	27.32	
17100	1316.1	26.728	29.569	27.32	
17101	1316.2	26.728	29.569	27.32	
17102	1316.3	26.728	29.569	27.32	
17103	1316.4	26.728	29.569	27.321	
17104	1316.5	26.728	29.569	27.321	
17105	1316.6	26.728	29.57	27.321	
17106	1316.7	26.728	29.57	27.321	
17107	1316.8	26.728	29.57	27.321	
17108	1316.9	26.728	29.57	27.321	
17109	1317.	26.728	29.57	27.321	
17110	1317.	26.728	29.57	27.321	
17111	1317.	26.728	29.57	27.321	
17112	1317.	26.728	29.57	27.321	
17113	1317.1	26.728	29.57	27.321	
17114	1317.2	26.728	29.57	27.321	
17115	1317.3	26.728	29.57	27.321	
17116	1317.4	26.728	29.57	27.321	
17117	1317.5	26.728	29.57	27.321	
17118	1317.6	26.728	29.57	27.321	
17119	1317.7	26.729	29.571	27.321	
17120	1317.8	26.729	29.571	27.321	
17121	1317.9	26.729	29.571	27.321	
17122	1318.	26.729	29.571	27.321	
17123	1318.	26.729	29.571	27.321	
17124	1318.	26.729	29.571	27.321	
17125	1318.	26.729	29.571	27.321	
17126	1318.1	26.729	29.571	27.321	
17127	1318.2	26.729	29.571	27.321	
17128	1318.3	26.729	29.571	27.321	
17129	1318.4	26.729	29.571	27.321	
17130	1318.5	26.729	29.571	27.321	
17131	1318.6	26.729	29.571	27.322	
17132	1318.7	26.729	29.572	27.322	
17133	1318.8	26.729	29.572	27.322	
17134	1318.9	26.729	29.572	27.322	
17135	1319.	26.729	29.572	27.322	
17136	1319.	26.729	29.572	27.322	
17137	1319.	26.729	29.572	27.322	
17138	1319.	26.729	29.572	27.322	
17139	1319.1	26.729	29.572	27.322	
17140	1319.2	26.729	29.572	27.322	
17141	1319.3	26.729	29.572	27.322	
17142	1319.4	26.729	29.572	27.322	
17143	1319.5	26.729	29.572	27.322	
17144	1319.6	26.729	29.572	27.322	
17145	1319.7	26.729	29.573	27.322	
17146	1319.8	26.729	29.573	27.322	
17147	1319.9	26.729	29.573	27.322	
17148	1320.	26.729	29.573	27.322	
17149	1320.	26.729	29.573	27.322	
17150	1320.	26.729	29.573	27.322	
17151	1320.	26.729	29.573	27.322	
17152	1320.1	26.729	29.573	27.322	
17153	1320.2	26.729	29.573	27.322	
17154	1320.3	26.729	29.573	27.322	
17155	1320.4	26.729	29.573	27.322	
17156	1320.5	26.73	29.573	27.322	
17157	1320.6	26.73	29.573	27.322	
17158	1320.7	26.73	29.573	27.323	
17159	1320.8	26.73	29.574	27.323	
17160	1320.9	26.73	29.574	27.323	
17161	1321.	26.73	29.574	27.323	
17162	1321.	26.73	29.574	27.323	
17163	1321.	26.73	29.574	27.323	
17164	1321.	26.73	29.574	27.323	
17165	1321.1	26.73	29.574	27.323	
17166	1321.2	26.73	29.574	27.323	
17167	1321.3	26.73	29.574	27.323	
17168	1321.4	26.73	29.574	27.323	
17169	1321.5	26.73	29.574	27.323	
17170	1321.6	26.73	29.574	27.323	
17171	1321.7	26.73	29.574	27.323	
17172	1321.8	26.73	29.575	27.323	
17173	1321.9	26.73	29.575	27.323	
17174	1322.	26.73	29.575	27.323	
17175	1322.	26.73	29.575	27.323	
17176	1322.	26.73	29.575	27.323	
17177	1322.	26.73	29.575	27.323	
17178	1322.1	26.73	29.575	27.323	
17179	1322.2	26.73	29.575	27.323	
17180	1322.3	26.73	29.575	27.323	
17181	1322.4	26.73	29.575	27.323	
17182	1322.5	26.73	29.575	27.323	
17183	1322.6	26.73	29.575	27.323	
17184	1322.7	26.73	29.575	27.323	
17185	1322.8	26.73	29.575	27.323	
17186	1322.9	26.73	29.576	27.324	
17187	1323.	26.73	29.576	27.324	
17188	1323.	26.73	29.576	27.324	
17189	1323.	26.73	29.576	27.324	
17190	1323.	26.73	29.576	27.324	
17191	1323.1	26.73	29.576	27.324	
17192	1323.2	26.73	29.576	27.324	
17193	1323.3	26.73	29.576	27.324	
17194	1323.4	26.731	29.576	27.324	
17195	1323.5	26.731	29.576	27.324	
17196	1323.6	26.731	29.576	27.324	
17197	1323.7	26.731	29.576	27.324	
17198	1323.8	26.731	29.576	27.324	
17199	1323.9	26.731	29.577	27.324	
17200	1324.	26.731	29.577	27.324	
17201	1324.	26.731	29.577	27.324	
17202	1324.	26.731	29.577	27.324	
17203	1324.	26.731	29.577	27.324	
17204	1324.1	26.731	29.577	27.324	
17205	1324.2	26.731	29.577	27.324	
17206	1324.3	26.731	29.577	27.324	
17207	1324.4	26.731	29.577	27.324	
17208	1324.5	26.731	29.577	27.324	
17209	1324.6	26.731	29.577	27.324	
17210	1324.7	26.731	29.577	27.324	
17211	1324.8	26.731	29.577	27.324	
17212	1324.9	26.731	29.578	27.324	
17213	1325.	26.731	29.578	27.324	
17214	1325.	26.731	29.578	27.324	
17215	1325.	26.731	29.578	27.324	
17216	1325.	26.731	29.578	27.324	
17217	1325.1	26.731	29.578	27.325	
17218	1325.2	26.731	29.578	27.325	
17219	1325.3	26.731	29.578	27.325	
17220	1325.4	26.731	29.578	27.325	
17221	1325.5	26.731	29.578	27.325	
17222	1325.6	26.731	29.578	27.325	
17223	1325.7	26.731	29.578	27.325	
17224	1325.8	26.731	29.578	27.325	
17225	1325.9	26.731	29.578	27.325	
17226	1326.	26.731	29.579	27.325	
17227	1326.	26.731	29.579	27.325	
17228	1326.	26.731	29.579	27.325	
17229	1326.	26.731	29.579	27.325	
17230	1326.1	26.731	29.579	27.325	
17231	1326.2	26.732	29.579	27.325	
17232	1326.3	26.732	29.579	27.325	
17233	1326.4	26.732	29.579	27.325	
17234	1326.5	26.732	29.579	27.325	
17235	1326.6	26.732	29.579	27.325	
17236	1326.7	26.732	29.579	27.325	
17237	1326.8	26.732	29.579	27.325	
17238	1326.9	26.732	29.579	27.325	
17239	1327.	26.732	29.579	27.325	
17240	1327.	26.732	29.58	27.325	
17241	1327.	26.732	29.58	27.325	
17242	1327.	26.732	29.58	27.325	
17243	1327.1	26.732	29.58	27.325	
17244	1327.2	26.732	29.58	27.325	
17245	1327.3	26.732	29.58	27.326	
17246	1327.4	26.732	29.58	27.326	
17247	1327.5	26.732	29.58	27.326	
17248	1327.6	26.732	29.58	27.326	
17249	1327.7	26.732	29.58	27.326	
17250	1327.8	26.732	29.58	27.326	
17251	1327.9	26.732	29.58	27.326	
17252	1328.	26.732	29.58	27.326	
17253	1328.	26.732	29.58	27.326	
17254	1328.	26.732	29.58	27.326	
17255	1328.	26.732	29.581	27.326	
17256	1328.1	26.732	29.581	27.326	
17257	1328.2	26.732	29.581	27.326	
17258	1328.3	26.732	29.581	27.326	
17259	1328.4	26.732	29.581	27.326	
17260	1328.5	26.732	29.581	27.326	
17261	1328.6	26.732	29.581	27.326	
17262	1328.7	26.732	29.581	27.326	
17263	1328.8	26.732	29.581	27.326	
17264	1328.9	26.732	29.581	27.326	
17265	1329.	26.732	29.581	27.326	
17266	1329.	26.732	29.581	27.326	
17267	1329.	26.732	29.581	27.326	
17268	1329.	26.733	29.581	27.326	
17269	1329.1	26.733	29.582	27.326	
17270	1329.2	26.733	29.582	27.326	
17271	1329.3	26.733	29.582	27.326	
17272	1329.4	26.733	29.582	27.327	
17273	1329.5	26.733	29.582	27.327	
17274	1329.6	26.733	29.582	27.327	
17275	1329.7	26.733	29.582	27.327	
17276	1329.8	26.733	29.582	27.327	
17277	1329.9	26.733	29.582	27.327	
17278	1330.	26.733	29.582	27.327	
17279	1330.	26.733	29.582	27.327	
17280	1330.	26.733	29.582	27.327	
17281	1330.	26.733	29.582	27.327	
17282	1330.1	26.733	29.583	27.327	
17283	1330.2	26.733	29.583	27.327	
17284	1330.3	26.733	29.583	27.327	
17285	1330.4	26.733	29.583	27.327	
17286	1330.5	26.733	29.583	27.327	
17287	1330.6	26.733	29.583	27.327	
17288	1330.7	26.733	29.583	27.327	
17289	1330.8	26.733	29.583	27.327	
17290	1330.9	26.733	29.583	27.327	
17291	1331.	26.733	29.583	27.327	
17292	1331.	26.733	29.583	27.327	
17293	1331.	26.733	29.583	27.327	
17294	1331.	26.733	29.583	27.327	
17295	1331.1	26.733	29.583	27.327	
17296	1331.2	26.733	29.584	27.327	
17297	1331.3	26.733	29.584	27.327	
17298	1331.4	26.733	29.584	27.327	
17299	1331.5	26.733	29.584	27.327	
17300	1331.6	26.733	29.584	27.328	
17301	1331.7	26.733	29.584	27.328	
17302	1331.8	26.733	29.584	27.328	
17303	1331.9	26.734	29.584	27.328	
17304	1332.	26.734	29.584	27.328	
17305	1332.	26.734	29.584	27.328	
17306	1332.	26.734	29.584	27.328	
17307	1332.	26.734	29.584	27.328	
17308	1332.1	26.734	29.584	27.328	
17309	1332.2	26.734	29.585	27.328	
17310	1332.3	26.734	29.585	27.328	
17311	1332.4	26.734	29.585	27.328	
17312	1332.5	26.734	29.585	27.328	
17313	1332.6	26.734	29.585	27.328	
17314	1332.7	26.734	29.585	27.328	
17315	1332.8	26.734	29.585	27.328	
17316	1332.9	26.734	29.585	27.328	
17317	1333.	26.734	29.585	27.328	
17318	1333.	26.734	29.585	27.328	
17319	1333.	26.734	29.585	27.328	
17320	1333.	26.734	29.585	27.328	
17321	1333.1	26.734	29.585	27.328	
17322	1333.2	26.734	29.586	27.328	
17323	1333.3	26.734	29.586	27.328	
17324	1333.4	26.734	29.586	27.328	
17325	1333.5	26.734	29.586	27.328	
17326	1333.6	26.734	29.586	27.328	
17327	1333.7	26.734	29.586	27.328	
17328	1333.8	26.734	29.586	27.329	
17329	1333.9	26.734	29.586	27.329	
17330	1334.	26.734	29.586	27.329	
17331	1334.	26.734	29.586	27.329	
17332	1334.	26.734	29.586	27.329	
17333	1334.	26.734	29.586	27.329	
17334	1334.1	26.734	29.586	27.329	
17335	1334.2	26.734	29.586	27.329	
17336	1334.3	26.734	29.587	27.329	
17337	1334.4	26.734	29.587	27.329	
17338	1334.5	26.734	29.587	27.329	
17339	1334.6	26.734	29.587	27.329	
17340	1334.7	26.735	29.587	27.329	
17341	1334.8	26.735	29.587	27.329	
17342	1334.9	26.735	29.587	27.329	
17343	1335.	26.735	29.587	27.329	
17344	1335.	26.735	29.587	27.329	
17345	1335.	26.735	29.587	27.329	
17346	1335.	26.735	29.587	27.329	
17347	1335.1	26.735	29.587	27.329	
17348	1335.2	26.735	29.587	27.329	
17349	1335.3	26.735	29.588	27.329	
17350	1335.4	26.735	29.588	27.329	
17351	1335.5	26.735	29.588	27.329	
17352	1335.6	26.735	29.588	27.329	
17353	1335.7	26.735	29.588	27.329	
17354	1335.8	26.735	29.588	27.329	
17355	1335.9	26.735	29.588	27.33	
17356	1336.	26.735	29.588	27.33	
17357	1336.	26.735	29.588	27.33	
17358	1336.	26.735	29.588	27.33	
17359	1336.	26.735	29.588	27.33	
17360	1336.1	26.735	29.588	27.33	
17361	1336.2	26.735	29.588	27.33	
17362	1336.3	26.735	29.588	27.33	
17363	1336.4	26.735	29.589	27.33	
17364	1336.5	26.735	29.589	27.33	
17365	1336.6	26.735	29.589	27.33	
17366	1336.7	26.735	29.589	27.33	
17367	1336.8	26.735	29.589	27.33	
17368	1336.9	26.735	29.589	27.33	
17369	1337.	26.735	29.589	27.33	
17370	1337.	26.735	29.589	27.33	
17371	1337.	26.735	29.589	27.33	
17372	1337.	26.735	29.589	27.33	
17373	1337.1	26.735	29.589	27.33	
17374	1337.2	26.735	29.589	27.33	
17375	1337.3	26.735	29.589	27.33	
17376	1337.4	26.735	29.59	27.33	
17377	1337.5	26.736	29.59	27.33	
17378	1337.6	26.736	29.59	27.33	
17379	1337.7	26.736	29.59	27.33	
17380	1337.8	26.736	29.59	27.33	
17381	1337.9	26.736	29.59	27.33	
17382	1338.	26.736	29.59	27.33	
17383	1338.	26.736	29.59	27.33	
17384	1338.	26.736	29.59	27.33	
17385	1338.	26.736	29.59	27.33	
17386	1338.1	26.736	29.59	27.331	
17387	1338.2	26.736	29.59	27.331	
17388	1338.3	26.736	29.59	27.331	
17389	1338.4	26.736	29.591	27.331	
17390	1338.5	26.736	29.591	27.331	
17391	1338.6	26.736	29.591	27.331	
17392	1338.7	26.736	29.591	27.331	
17393	1338.8	26.736	29.591	27.331	
17394	1338.9	26.736	29.591	27.331	
17395	1339.	26.736	29.591	27.331	
17396	1339.	26.736	29.591	27.331	
17397	1339.	26.736	29.591	27.331	
17398	1339.	26.736	29.591	27.331	
17399	1339.1	26.736	29.591	27.331	
17400	1339.2	26.736	29.591	27.331	
17401	1339.3	26.736	29.591	27.331	
17402	1339.4	26.736	29.591	27.331	
17403	1339.5	26.736	29.592	27.331	
17404	1339.6	26.736	29.592	27.331	
17405	1339.7	26.736	29.592	27.331	
17406	1339.8	26.736	29.592	27.331	
17407	1339.9	26.736	29.592	27.331	
17408	1340.	26.736	29.592	27.331	
17409	1340.	26.736	29.592	27.331	
17410	1340.	26.736	29.592	27.331	
17411	1340.	26.736	29.592	27.331	
17412	1340.1	26.736	29.592	27.331	
17413	1340.2	26.736	29.592	27.331	
17414	1340.3	26.736	29.592	27.332	
17415	1340.4	26.737	29.592	27.332	
17416	1340.5	26.737	29.593	27.332	
17417	1340.6	26.737	29.593	27.332	
17418	1340.7	26.737	29.593	27.332	
17419	1340.8	26.737	29.593	27.332	
17420	1340.9	26.737	29.593	27.332	
17421	1341.	26.737	29.593	27.332	
17422	1341.	26.737	29.593	27.332	
17423	1341.	26.737	29.593	27.332	
17424	1341.	26.737	29.593	27.332	
17425	1341.1	26.737	29.593	27.332	
17426	1341.2	26.737	29.593	27.332	
17427	1341.3	26.737	29.593	27.332	
17428	1341.4	26.737	29.593	27.332	
17429	1341.5	26.737	29.594	27.332	
17430	1341.6	26.737	29.594	27.332	
17431	1341.7	26.737	29.594	27.332	
17432	1341.8	26.737	29.594	27.332	
17433	1341.9	26.737	29.594	27.332	
17434	1342.	26.737	29.594	27.332	
17435	1342.	26.737	29.594	27.332	
17436	1342.	26.737	29.594	27.332	
17437	1342.	26.737	29.594	27.332	
17438	1342.1	26.737	29.594	27.332	
17439	1342.2	26.737	29.594	27.332	
17440	1342.3	26.737	29.594	27.332	
17441	1342.4	26.737	29.594	27.332	
17442	1342.5	26.737	29.594	27.333	
17443	1342.6	26.737	29.595	27.333	
17444	1342.7	26.737	29.595	27.333	
17445	1342.8	26.737	29.595	27.333	
17446	1342.9	26.737	29.595	27.333	
17447	1343.	26.737	29.595	27.333	
17448	1343.	26.737	29.595	27.333	
17449	1343.	26.737	29.595	27.333	
17450	1343.	26.737	29.595	27.333	
17451	1343.1	26.737	29.595	27.333	
17452	1343.2	26.738	29.595	27.333	
17453	1343.3	26.738	29.595	27.333	
17454	1343.4	26.738	29.595	27.333	
17455	1343.5	26.738	29.595	27.333	
17456	1343.6	26.738	29.596	27.333	
17457	1343.7	26.738	29.596	27.333	
17458	1343.8	26.738	29.596	27.333	
17459	1343.9	26.738	29.596	27.333	
17460	1344.	26.738	29.596	27.333	
17461	1344.	26.738	29.596	27.333	
17462	1344.	26.738	29.596	27.333	
17463	1344.	26.738	29.596	27.333	
17464	1344.1	26.738	29.596	27.333	
17465	1344.2	26.738	29.596	27.333	
17466	1344.3	26.738	29.596	27.333	
17467	1344.4	26.738	29.596	27.333	
17468	1344.5	26.738	29.596	27.333	
17469	1344.6	26.738	29.596	27.334	
17470	1344.7	26.738	29.597	27.334	
17471	1344.8	26.738	29.597	27.334	
17472	1344.9	26.738	29.597	27.334	
17473	1345.	26.738	29.597	27.334	
17474	1345.	26.738	29.597	27.334	
17475	1345.	26.738	29.597	27.334	
17476	1345.	26.738	29.597	27.334	
17477	1345.1	26.738	29.597	27.334	
17478	1345.2	26.738	29.597	27.334	
17479	1345.3	26.738	29.597	27.334	
17480	1345.4	26.738	29.597	27.334	
17481	1345.5	26.738	29.597	27.334	
17482	1345.6	26.738	29.597	27.334	
17483	1345.7	26.738	29.598	27.334	
17484	1345.8	26.738	29.598	27.334	
17485	1345.9	26.738	29.598	27.334	
17486	1346.	26.738	29.598	27.334	
17487	1346.	26.738	29.598	27.334	
17488	1346.	26.738	29.598	27.334	
17489	1346.	26.739	29.598	27.334	
17490	1346.1	26.739	29.598	27.334	
17491	1346.2	26.739	29.598	27.334	
17492	1346.3	26.739	29.598	27.334	
17493	1346.4	26.739	29.598	27.334	
17494	1346.5	26.739	29.598	27.334	
17495	1346.6	26.739	29.598	27.334	
17496	1346.7	26.739	29.599	27.334	
17497	1346.8	26.739	29.599	27.335	
17498	1346.9	26.739	29.599	27.335	
17499	1347.	26.739	29.599	27.335	
17500	1347.	26.739	29.599	27.335	
17501	1347.	26.739	29.599	27.335	
17502	1347.	26.739	29.599	27.335	
17503	1347.1	26.739	29.599	27.335	
17504	1347.2	26.739	29.599	27.335	
17505	1347.3	26.739	29.599	27.335	
17506	1347.4	26.739	29.599	27.335	
17507	1347.5	26.739	29.599	27.335	
17508	1347.6	26.739	29.599	27.335	
17509	1347.7	26.739	29.599	27.335	
17510	1347.8	26.739	29.6	27.335	
17511	1347.9	26.739	29.6	27.335	
17512	1348.	26.739	29.6	27.335	
17513	1348.	26.739	29.6	27.335	
17514	1348.	26.739	29.6	27.335	
17515	1348.	26.739	29.6	27.335	
17516	1348.1	26.739	29.6	27.335	
17517	1348.2	26.739	29.6	27.335	
17518	1348.3	26.739	29.6	27.335	
17519	1348.4	26.739	29.6	27.335	
17520	1348.5	26.739	29.6	27.335	
17521	1348.6	26.739	29.6	27.335	
17522	1348.7	26.739	29.6	27.335	
17523	1348.8	26.739	29.601	27.335	
17524	1348.9	26.74	29.601	27.335	
17525	1349.	26.74	29.601	27.336	
17526	1349.	26.74	29.601	27.336	
17527	1349.	26.74	29.601	27.336	
17528	1349.	26.74	29.601	27.336	
17529	1349.1	26.74	29.601	27.336	
17530	1349.2	26.74	29.601	27.336	
17531	1349.3	26.74	29.601	27.336	
17532	1349.4	26.74	29.601	27.336	
17533	1349.5	26.74	29.601	27.336	
17534	1349.6	26.74	29.601	27.336	
17535	1349.7	26.74	29.601	27.336	
17536	1349.8	26.74	29.601	27.336	
17537	1349.9	26.74	29.602	27.336	
17538	1350.	26.74	29.602	27.336	
17539	1350.	26.74	29.602	27.336	
17540	1350.	26.74	29.602	27.336	
17541	1350.	26.74	29.602	27.336	
17542	1350.1	26.74	29.602	27.336	
17543	1350.2	26.74	29.602	27.336	
17544	1350.3	26.74	29.602	27.336	
17545	1350.4	26.74	29.602	27.336	
17546	1350.5	26.74	29.602	27.336	
17547	1350.6	26.74	29.602	27.336	
17548	1350.7	26.74	29.602	27.336	
17549	1350.8	26.74	29.602	27.336	
17550	1350.9	26.74	29.603	27.336	
17551	1351.	26.74	29.603	27.336	
17552	1351.	26.74	29.603	27.336	
17553	1351.	26.74	29.603	27.336	
17554	1351.	26.74	29.603	27.336	
17555	1351.1	26.74	29.603	27.337	
17556	1351.2	26.74	29.603	27.337	
17557	1351.3	26.74	29.603	27.337	
17558	1351.4	26.74	29.603	27.337	
17559	1351.5	26.74	29.603	27.337	
17560	1351.6	26.74	29.603	27.337	
17561	1351.7	26.741	29.603	27.337	
17562	1351.8	26.741	29.603	27.337	
17563	1351.9	26.741	29.604	27.337	
17564	1352.	26.741	29.604	27.337	
17565	1352.	26.741	29.604	27.337	
17566	1352.	26.741	29.604	27.337	
17567	1352.	26.741	29.604	27.337	
17568	1352.1	26.741	29.604	27.337	
17569	1352.2	26.741	29.604	27.337	
17570	1352.3	26.741	29.604	27.337	
17571	1352.4	26.741	29.604	27.337	
17572	1352.5	26.741	29.604	27.337	
17573	1352.6	26.741	29.604	27.337	
17574	1352.7	26.741	29.604	27.337	
17575	1352.8	26.741	29.604	27.337	
17576	1352.9	26.741	29.604	27.337	
17577	1353.	26.741	29.605	27.337	
17578	1353.	26.741	29.605	27.337	
17579	1353.	26.741	29.605	27.337	
17580	1353.	26.741	29.605	27.337	
17581	1353.1	26.741	29.605	27.337	
17582	1353.2	26.741	29.605	27.337	
17583	1353.3	26.741	29.605	27.338	
17584	1353.4	26.741	29.605	27.338	
17585	1353.5	26.741	29.605	27.338	
17586	1353.6	26.741	29.605	27.338	
17587	1353.7	26.741	29.605	27.338	
17588	1353.8	26.741	29.605	27.338	
17589	1353.9	26.741	29.605	27.338	
17590	1354.	26.741	29.605	27.338	
17591	1354.	26.741	29.605	27.338	
17592	1354.	26.741	29.606	27.338	
17593	1354.	26.741	29.606	27.338	
17594	1354.1	26.741	29.606	27.338	
17595	1354.2	26.741	29.606	27.338	
17596	1354.3	26.741	29.606	27.338	
17597	1354.4	26.741	29.606	27.338	
17598	1354.5	26.742	29.606	27.338	
17599	1354.6	26.742	29.606	27.338	
17600	1354.7	26.742	29.606	27.338	
17601	1354.8	26.742	29.606	27.338	
17602	1354.9	26.742	29.606	27.338	
17603	1355.	26.742	29.606	27.338	
17604	1355.	26.742	29.606	27.338	
17605	1355.	26.742	29.606	27.338	
17606	1355.	26.742	29.606	27.338	
17607	1355.1	26.742	29.607	27.338	
17608	1355.2	26.742	29.607	27.338	
17609	1355.3	26.742	29.607	27.338	
17610	1355.4	26.742	29.607	27.339	
17611	1355.5	26.742	29.607	27.339	
17612	1355.6	26.742	29.607	27.339	
17613	1355.7	26.742	29.607	27.339	
17614	1355.8	26.742	29.607	27.339	
17615	1355.9	26.742	29.607	27.339	
17616	1356.	26.742	29.607	27.339	
17617	1356.	26.742	29.607	27.339	
17618	1356.	26.742	29.607	27.339	
17619	1356.	26.742	29.607	27.339	
17620	1356.1	26.742	29.608	27.339	
17621	1356.2	26.742	29.608	27.339	
17622	1356.3	26.742	29.608	27.339	
17623	1356.4	26.742	29.608	27.339	
17624	1356.5	26.742	29.608	27.339	
17625	1356.6	26.742	29.608	27.339	
17626	1356.7	26.742	29.608	27.339	
17627	1356.8	26.742	29.608	27.339	
17628	1356.9	26.742	29.608	27.339	
17629	1357.	26.742	29.608	27.339	
17630	1357.	26.742	29.608	27.339	
17631	1357.	26.742	29.608	27.339	
17632	1357.	26.742	29.608	27.339	
17633	1357.1	26.742	29.609	27.339	
17634	1357.2	26.742	29.609	27.339	
17635	1357.3	26.743	29.609	27.339	
17636	1357.4	26.743	29.609	27.339	
17637	1357.5	26.743	29.609	27.339	
17638	1357.6	26.743	29.609	27.34	
17639	1357.7	26.743	29.609	27.34	
17640	1357.8	26.743	29.609	27.34	
17641	1357.9	26.743	29.609	27.34	
17642	1358.	26.743	29.609	27.34	
17643	1358.	26.743	29.609	27.34	
17644	1358.	26.743	29.609	27.34	
17645	1358.	26.743	29.609	27.34	
17646	1358.1	26.743	29.609	27.34	
17647	1358.2	26.743	29.61	27.34	
17648	1358.3	26.743	29.61	27.34	
17649	1358.4	26.743	29.61	27.34	
17650	1358.5	26.743	29.61	27.34	
17651	1358.6	26.743	29.61	27.34	
17652	1358.7	26.743	29.61	27.34	
17653	1358.8	26.743	29.61	27.34	
17654	1358.9	26.743	29.61	27.34	
17655	1359.	26.743	29.61	27.34	
17656	1359.	26.743	29.61	27.34	
17657	1359.	26.743	29.61	27.34	
17658	1359.	26.743	29.61	27.34	
17659	1359.1	26.743	29.61	27.34	
17660	1359.2	26.743	29.611	27.34	
17661	1359.3	26.743	29.611	27.34	
17662	1359.4	26.743	29.611	27.34	
17663	1359.5	26.743	29.611	27.34	
17664	1359.6	26.743	29.611	27.34	
17665	1359.7	26.743	29.611	27.34	
17666	1359.8	26.743	29.611	27.341	
17667	1359.9	26.743	29.611	27.341	
17668	1360.	26.743	29.611	27.341	
17669	1360.	26.743	29.611	27.341	
17670	1360.	26.743	29.611	27.341	
17671	1360.	26.743	29.611	27.341	
17672	1360.1	26.744	29.611	27.341	
17673	1360.2	26.744	29.611	27.341	
17674	1360.3	26.744	29.612	27.341	
17675	1360.4	26.744	29.612	27.341	
17676	1360.5	26.744	29.612	27.341	
17677	1360.6	26.744	29.612	27.341	
17678	1360.7	26.744	29.612	27.341	
17679	1360.8	26.744	29.612	27.341	
17680	1360.9	26.744	29.612	27.341	
17681	1361.	26.744	29.612	27.341	
17682	1361.	26.744	29.612	27.341	
17683	1361.	26.744	29.612	27.341	
17684	1361.	26.744	29.612	27.341	
17685	1361.1	26.744	29.612	27.341	
17686	1361.2	26.744	29.612	27.341	
17687	1361.3	26.744	29.613	27.341	
17688	1361.4	26.744	29.613	27.341	
17689	1361.5	26.744	29.613	27.341	
17690	1361.6	26.744	29.613	27.341	
17691	1361.7	26.744	29.613	27.341	
17692	1361.8	26.744	29.613	27.341	
17693	1361.9	26.744	29.613	27.342	
17694	1362.	26.744	29.613	27.342	
17695	1362.	26.744	29.613	27.342	
17696	1362.	26.744	29.613	27.342	
17697	1362.	26.744	29.613	27.342	
17698	1362.1	26.744	29.613	27.342	
17699	1362.2	26.744	29.613	27.342	
17700	1362.3	26.744	29.614	27.342	
17701	1362.4	26.744	29.614	27.342	
17702	1362.5	26.744	29.614	27.342	
17703	1362.6	26.744	29.614	27.342	
17704	1362.7	26.744	29.614	27.342	
17705	1362.8	26.744	29.614	27.342	
17706	1362.9	26.745	29.614	27.342	
17707	1363.	26.745	29.614	27.342	
17708	1363.	26.745	29.614	27.342	
17709	1363.	26.745	29.614	27.342	
17710	1363.	26.745	29.614	27.342	
17711	1363.1	26.745	29.614	27.342	
17712	1363.2	26.745	29.614	27.342	
17713	1363.3	26.745	29.614	27.342	
17714	1363.4	26.745	29.615	27.342	
17715	1363.5	26.745	29.615	27.342	
17716	1363.6	26.745	29.615	27.342	
17717	1363.7	26.745	29.615	27.342	
17718	1363.8	26.745	29.615	27.342	
17719	1363.9	26.745	29.615	27.342	
17720	1364.	26.745	29.615	27.342	
17721	1364.	26.745	29.615	27.342	
17722	1364.	26.745	29.615	27.342	
17723	1364.	26.745	29.615	27.342	
17724	1364.1	26.745	29.615	27.343	
17725	1364.2	26.745	29.615	27.343	
17726	1364.3	26.745	29.615	27.343	
17727	1364.4	26.745	29.616	27.343	
17728	1364.5	26.745	29.616	27.343	
17729	1364.6	26.745	29.616	27.343	
17730	1364.7	26.745	29.616	27.343	
17731	1364.8	26.745	29.616	27.343	
17732	1364.9	26.745	29.616	27.343	
17733	1365.	26.745	29.616	27.343	
17734	1365.	26.745	29.616	27.343	
17735	1365.	26.745	29.616	27.343	
17736	1365.	26.745	29.616	27.343	
17737	1365.1	26.745	29.616	27.343	
17738	1365.2	26.745	29.616	27.343	
17739	1365.3	26.745	29.616	27.343	
17740	1365.4	26.745	29.616	27.343	
17741	1365.5	26.745	29.617	27.343	
17742	1365.6	26.745	29.617	27.343	
17743	1365.7	26.746	29.617	27.343	
17744	1365.8	26.746	29.617	27.343	
17745	1365.9	26.746	29.617	27.343	
17746	1366.	26.746	29.617	27.343	
17747	1366.	26.746	29.617	27.343	
17748	1366.	26.746	29.617	27.343	
17749	1366.	26.746	29.617	27.343	
17750	1366.1	26.746	29.617	27.343	
17751	1366.2	26.746	29.617	27.343	
17752	1366.3	26.746	29.617	27.344	
17753	1366.4	26.746	29.617	27.344	
17754	1366.5	26.746	29.618	27.344	
17755	1366.6	26.746	29.618	27.344	
17756	1366.7	26.746	29.618	27.344	
17757	1366.8	26.746	29.618	27.344	
17758	1366.9	26.746	29.618	27.344	
17759	1367.	26.746	29.618	27.344	
17760	1367.	26.746	29.618	27.344	
17761	1367.	26.746	29.618	27.344	
17762	1367.	26.746	29.618	27.344	
17763	1367.1	26.746	29.618	27.344	
17764	1367.2	26.746	29.618	27.344	
17765	1367.3	26.746	29.618	27.344	
17766	1367.4	26.746	29.618	27.344	
17767	1367.5	26.746	29.619	27.344	
17768	1367.6	26.746	29.619	27.344	
17769	1367.7	26.746	29.619	27.344	
17770	1367.8	26.746	29.619	27.344	
17771	1367.9	26.746	29.619	27.344	
17772	1368.	26.746	29.619	27.344	
17773	1368.	26.746	29.619	27.344	
17774	1368.	26.746	29.619	27.344	
17775	1368.	26.746	29.619	27.344	
17776	1368.1	26.746	29.619	27.344	
17777	1368.2	26.746	29.619	27.344	
17778	1368.3	26.746	29.619	27.344	
17779	1368.4	26.746	29.619	27.345	
17780	1368.5	26.746	29.619	27.345	
17781	1368.6	26.747	29.62	27.345	
17782	1368.7	26.747	29.62	27.345	
17783	1368.8	26.747	29.62	27.345	
17784	1368.9	26.747	29.62	27.345	
17785	1369.	26.747	29.62	27.345	
17786	1369.	26.747	29.62	27.345	
17787	1369.	26.747	29.62	27.345	
17788	1369.	26.747	29.62	27.345	
17789	1369.1	26.747	29.62	27.345	
17790	1369.2	26.747	29.62	27.345	
17791	1369.3	26.747	29.62	27.345	
17792	1369.4	26.747	29.62	27.345	
17793	1369.5	26.747	29.62	27.345	
17794	1369.6	26.747	29.621	27.345	
17795	1369.7	26.747	29.621	27.345	
17796	1369.8	26.747	29.621	27.345	
17797	1369.9	26.747	29.621	27.345	
17798	1370.	26.747	29.621	27.345	
17799	1370.	26.747	29.621	27.345	
17800	1370.	26.747	29.621	27.345	
17801	1370.	26.747	29.621	27.345	
17802	1370.1	26.747	29.621	27.345	
17803	1370.2	26.747	29.621	27.345	
17804	1370.3	26.747	29.621	27.345	
17805	1370.4	26.747	29.621	27.345	
17806	1370.5	26.747	29.621	27.345	
17807	1370.6	26.747	29.621	27.346	
17808	1370.7	26.747	29.622	27.346	
17809	1370.8	26.747	29.622	27.346	
17810	1370.9	26.747	29.622	27.346	
17811	1371.	26.747	29.622	27.346	
17812	1371.	26.747	29.622	27.346	
17813	1371.	26.747	29.622	27.346	
17814	1371.	26.747	29.622	27.346	
17815	1371.1	26.747	29.622	27.346	
17816	1371.2	26.747	29.622	27.346	
17817	1371.3	26.747	29.622	27.346	
17818	1371.4	26.748	29.622	27.346	
17819	1371.5	26.748	29.622	27.346	
17820	1371.6	26.748	29.622	27.346	
17821	1371.7	26.748	29.623	27.346	
17822	1371.8	26.748	29.623	27.346	
17823	1371.9	26.748	29.623	27.346	
17824	1372.	26.748	29.623	27.346	
17825	1372.	26.748	29.623	27.346	
17826	1372.	26.748	29.623	27.346	
17827	1372.	26.748	29.623	27.346	
17828	1372.1	26.748	29.623	27.346	
17829	1372.2	26.748	29.623	27.346	
17830	1372.3	26.748	29.623	27.346	
17831	1372.4	26.748	29.623	27.346	
17832	1372.5	26.748	29.623	27.346	
17833	1372.6	26.748	29.623	27.346	
17834	1372.7	26.748	29.623	27.347	
17835	1372.8	26.748	29.624	27.347	
17836	1372.9	26.748	29.624	27.347	
17837	1373.	26.748	29.624	27.347	
17838	1373.	26.748	29.624	27.347	
17839	1373.	26.748	29.624	27.347	
17840	1373.	26.748	29.624	27.347	
17841	1373.1	26.748	29.624	27.347	
17842	1373.2	26.748	29.624	27.347	
17843	1373.3	26.748	29.624	27.347	
17844	1373.4	26.748	29.624	27.347	
17845	1373.5	26.748	29.624	27.347	
17846	1373.6	26.748	29.624	27.347	
17847	1373.7	26.748	29.624	27.347	
17848	1373.8	26.748	29.625	27.347	
17849	1373.9	26.748	29.625	27.347	
17850	1374.	26.748	29.625	27.347	
17851	1374.	26.748	29.625	27.347	
17852	1374.	26.748	29.625	27.347	
17853	1374.	26.748	29.625	27.347	
17854	1374.1	26.748	29.625	27.347	
17855	1374.2	26.749	29.625	27.347	
17856	1374.3	26.749	29.625	27.347	
17857	1374.4	26.749	29.625	27.347	
17858	1374.5	26.749	29.625	27.347	
17859	1374.6	26.749	29.625	27.347	
17860	1374.7	26.749	29.625	27.347	
17861	1374.8	26.749	29.626	27.347	
17862	1374.9	26.749	29.626	27.348	
17863	1375.	26.749	29.626	27.348	
17864	1375.	26.749	29.626	27.348	
17865	1375.	26.749	29.626	27.348	
17866	1375.	26.749	29.626	27.348	
17867	1375.1	26.749	29.626	27.348	
17868	1375.2	26.749	29.626	27.348	
17869	1375.3	26.749	29.626	27.348	
17870	1375.4	26.749	29.626	27.348	
17871	1375.5	26.749	29.626	27.348	
17872	1375.6	26.749	29.626	27.348	
17873	1375.7	26.749	29.626	27.348	
17874	1375.8	26.749	29.626	27.348	
17875	1375.9	26.749	29.627	27.348	
17876	1376.	26.749	29.627	27.348	
17877	1376.	26.749	29.627	27.348	
17878	1376.	26.749	29.627	27.348	
17879	1376.	26.749	29.627	27.348	
17880	1376.1	26.749	29.627	27.348	
17881	1376.2	26.749	29.627	27.348	
17882	1376.3	26.749	29.627	27.348	
17883	1376.4	26.749	29.627	27.348	
17884	1376.5	26.749	29.627	27.348	
17885	1376.6	26.749	29.627	27.348	
17886	1376.7	26.749	29.627	27.348	
17887	1376.8	26.749	29.627	27.348	
17888	1376.9	26.749	29.628	27.348	
17889	1377.	26.75	29.628	27.348	
17890	1377.	26.75	29.628	27.348	
17891	1377.	26.75	29.628	27.348	
17892	1377.	26.75	29.628	27.349	
17893	1377.1	26.75	29.628	27.349	
17894	1377.2	26.75	29.628	27.349	
17895	1377.3	26.75	29.628	27.349	
17896	1377.4	26.75	29.628	27.349	
17897	1377.5	26.75	29.628	27.349	
17898	1377.6	26.75	29.628	27.349	
17899	1377.7	26.75	29.628	27.349	
17900	1377.8	26.75	29.628	27.349	
17901	1377.9	26.75	29.628	27.349	
17902	1378.	26.75	29.629	27.349	
17903	1378.	26.75	29.629	27.349	
17904	1378.	26.75	29.629	27.349	
17905	1378.	26.75	29.629	27.349	
17906	1378.1	26.75	29.629	27.349	
17907	1378.2	26.75	29.629	27.349	
17908	1378.3	26.75	29.629	27.349	
17909	1378.4	26.75	29.629	27.349	
17910	1378.5	26.75	29.629	27.349	
17911	1378.6	26.75	29.629	27.349	
17912	1378.7	26.75	29.629	27.349	
17913	1378.8	26.75	29.629	27.349	
17914	1378.9	26.75	29.629	27.349	
17915	1379.	26.75	29.63	27.349	
17916	1379.	26.75	29.63	27.349	
17917	1379.	26.75	29.63	27.349	
17918	1379.	26.75	29.63	27.349	
17919	1379.1	26.75	29.63	27.349	
17920	1379.2	26.75	29.63	27.35	
17921	1379.3	26.75	29.63	27.35	
17922	1379.4	26.75	29.63	27.35	
17923	1379.5	26.75	29.63	27.35	
17924	1379.6	26.75	29.63	27.35	
17925	1379.7	26.75	29.63	27.35	
17926	1379.8	26.751	29.63	27.35	
17927	1379.9	26.751	29.63	27.35	
17928	1380.	26.751	29.63	27.35	
17929	1380.	26.751	29.63	27.35	
17930	1380.	26.751	29.63	27.35	
17931	1380.	26.751	29.631	27.35	
17932	1380.1	26.751	29.631	27.35	
17933	1380.2	26.751	29.631	27.35	
17934	1380.3	26.751	29.631	27.35	
17935	1380.4	26.751	29.631	27.35	
17936	1380.5	26.751	29.631	27.35	
17937	1380.6	26.751	29.631	27.35	
17938	1380.7	26.751	29.631	27.35	
17939	1380.8	26.751	29.631	27.35	
17940	1380.9	26.751	29.631	27.35	
17941	1381.	26.751	29.631	27.35	
17942	1381.	26.751	29.631	27.35	
17943	1381.	26.751	29.631	27.35	
17944	1381.	26.751	29.631	27.35	
17945	1381.1	26.751	29.632	27.35	
17946	1381.2	26.751	29.632	27.35	
17947	1381.3	26.751	29.632	27.351	
17948	1381.4	26.751	29.632	27.351	
17949	1381.5	26.751	29.632	27.351	
17950	1381.6	26.751	29.632	27.351	
17951	1381.7	26.751	29.632	27.351	
17952	1381.8	26.751	29.632	27.351	
17953	1381.9	26.751	29.632	27.351	
17954	1382.	26.751	29.632	27.351	
17955	1382.	26.751	29.632	27.351	
17956	1382.	26.751	29.632	27.351	
17957	1382.	26.751	29.632	27.351	
17958	1382.1	26.751	29.633	27.351	
17959	1382.2	26.751	29.633	27.351	
17960	1382.3	26.751	29.633	27.351	
17961	1382.4	26.751	29.633	27.351	
17962	1382.5	26.751	29.633	27.351	
17963	1382.6	26.752	29.633	27.351	
17964	1382.7	26.752	29.633	27.351	
17965	1382.8	26.752	29.633	27.351	
17966	1382.9	26.752	29.633	27.351	
17967	1383.	26.752	29.633	27.351	
17968	1383.	26.752	29.633	27.351	
17969	1383.	26.752	29.633	27.351	
17970	1383.	26.752	29.633	27.351	
17971	1383.1	26.752	29.633	27.351	
17972	1383.2	26.752	29.634	27.351	
17973	1383.3	26.752	29.634	27.351	
17974	1383.4	26.752	29.634	27.351	
17975	1383.5	26.752	29.634	27.352	
17976	1383.6	26.752	29.634	27.352	
17977	1383.7	26.752	29.634	27.352	
17978	1383.8	26.752	29.634	27.352	
17979	1383.9	26.752	29.634	27.352	
17980	1384.	26.752	29.634	27.352	
17981	1384.	26.752	29.634	27.352	
17982	1384.	26.752	29.634	27.352	
17983	1384.	26.752	29.634	27.352	
17984	1384.1	26.752	29.634	27.352	
17985	1384.2	26.752	29.635	27.352	
17986	1384.3	26.752	29.635	27.352	
17987	1384.4	26.752	29.635	27.352	
17988	1384.5	26.752	29.635	27.352	
17989	1384.6	26.752	29.635	27.352	
17990	1384.7	26.752	29.635	27.352	
17991	1384.8	26.752	29.635	27.352	
17992	1384.9	26.752	29.635	27.352	
17993	1385.	26.752	29.635	27.352	
17994	1385.	26.752	29.635	27.352	
17995	1385.	26.752	29.635	27.352	
17996	1385.	26.752	29.635	27.352	
17997	1385.1	26.752	29.635	27.352	
17998	1385.2	26.752	29.635	27.352	
17999	1385.3	26.753	29.636	27.352	
18000	1385.4	26.753	29.636	27.352	
18001	1385.5	26.753	29.636	27.352	
18002	1385.6	26.753	29.636	27.353	
18003	1385.7	26.753	29.636	27.353	
18004	1385.8	26.753	29.636	27.353	
18005	1385.9	26.753	29.636	27.353	
18006	1386.	26.753	29.636	27.353	
18007	1386.	26.753	29.636	27.353	
18008	1386.	26.753	29.636	27.353	
18009	1386.	26.753	29.636	27.353	
18010	1386.1	26.753	29.636	27.353	
18011	1386.2	26.753	29.636	27.353	
18012	1386.3	26.753	29.637	27.353	
18013	1386.4	26.753	29.637	27.353	
18014	1386.5	26.753	29.637	27.353	
18015	1386.6	26.753	29.637	27.353	
18016	1386.7	26.753	29.637	27.353	
18017	1386.8	26.753	29.637	27.353	
18018	1386.9	26.753	29.637	27.353	
18019	1387.	26.753	29.637	27.353	
18020	1387.	26.753	29.637	27.353	
18021	1387.	26.753	29.637	27.353	
18022	1387.	26.753	29.637	27.353	
18023	1387.1	26.753	29.637	27.353	
18024	1387.2	26.753	29.637	27.353	
18025	1387.3	26.753	29.638	27.353	
18026	1387.4	26.753	29.638	27.353	
18027	1387.5	26.753	29.638	27.353	
18028	1387.6	26.753	29.638	27.353	
18029	1387.7	26.753	29.638	27.353	
18030	1387.8	26.753	29.638	27.354	
18031	1387.9	26.753	29.638	27.354	
18032	1388.	26.753	29.638	27.354	
18033	1388.	26.753	29.638	27.354	
18034	1388.	26.753	29.638	27.354	
18035	1388.	26.753	29.638	27.354	
18036	1388.1	26.754	29.638	27.354	
18037	1388.2	26.754	29.638	27.354	
18038	1388.3	26.754	29.638	27.354	
18039	1388.4	26.754	29.639	27.354	
18040	1388.5	26.754	29.639	27.354	
18041	1388.6	26.754	29.639	27.354	
18042	1388.7	26.754	29.639	27.354	
18043	1388.8	26.754	29.639	27.354	
18044	1388.9	26.754	29.639	27.354	
18045	1389.	26.754	29.639	27.354	
18046	1389.	26.754	29.639	27.354	
18047	1389.	26.754	29.639	27.354	
18048	1389.	26.754	29.639	27.354	
18049	1389.1	26.754	29.639	27.354	
18050	1389.2	26.754	29.639	27.354	
18051	1389.3	26.754	29.639	27.354	
18052	1389.4	26.754	29.64	27.354	
18053	1389.5	26.754	29.64	27.354	
18054	1389.6	26.754	29.64	27.354	
18055	1389.7	26.754	29.64	27.354	
18056	1389.8	26.754	29.64	27.354	
18057	1389.9	26.754	29.64	27.355	
18058	1390.	26.754	29.64	27.355	
18059	1390.	26.754	29.64	27.355	
18060	1390.	26.754	29.64	27.355	
18061	1390.	26.754	29.64	27.355	
18062	1390.1	26.754	29.64	27.355	
18063	1390.2	26.754	29.64	27.355	
18064	1390.3	26.754	29.64	27.355	
18065	1390.4	26.754	29.64	27.355	
18066	1390.5	26.754	29.641	27.355	
18067	1390.6	26.754	29.641	27.355	
18068	1390.7	26.754	29.641	27.355	
18069	1390.8	26.754	29.641	27.355	
18070	1390.9	26.755	29.641	27.355	
18071	1391.	26.755	29.641	27.355	
18072	1391.	26.755	29.641	27.355	
18073	1391.	26.755	29.641	27.355	
18074	1391.	26.755	29.641	27.355	
18075	1391.1	26.755	29.641	27.355	
18076	1391.2	26.755	29.641	27.355	
18077	1391.3	26.755	29.641	27.355	
18078	1391.4	26.755	29.641	27.355	
18079	1391.5	26.755	29.642	27.355	
18080	1391.6	26.755	29.642	27.355	
18081	1391.7	26.755	29.642	27.355	
18082	1391.8	26.755	29.642	27.355	
18083	1391.9	26.755	29.642	27.355	
18084	1392.	26.755	29.642	27.355	
18085	1392.	26.755	29.642	27.355	
18086	1392.	26.755	29.642	27.355	
18087	1392.	26.755	29.642	27.355	
18088	1392.1	26.755	29.642	27.356	
18089	1392.2	26.755	29.642	27.356	
18090	1392.3	26.755	29.642	27.356	
18091	1392.4	26.755	29.642	27.356	
18092	1392.5	26.755	29.643	27.356	
18093	1392.6	26.755	29.643	27.356	
18094	1392.7	26.755	29.643	27.356	
18095	1392.8	26.755	29.643	27.356	
18096	1392.9	26.755	29.643	27.356	
18097	1393.	26.755	29.643	27.356	
18098	1393.	26.755	29.643	27.356	
18099	1393.	26.755	29.643	27.356	
18100	1393.	26.755	29.643	27.356	
18101	1393.1	26.755	29.643	27.356	
18102	1393.2	26.755	29.643	27.356	
18103	1393.3	26.755	29.643	27.356	
18104	1393.4	26.755	29.643	27.356	
18105	1393.5	26.755	29.643	27.356	
18106	1393.6	26.755	29.644	27.356	
18107	1393.7	26.756	29.644	27.356	
18108	1393.8	26.756	29.644	27.356	
18109	1393.9	26.756	29.644	27.356	
18110	1394.	26.756	29.644	27.356	
18111	1394.	26.756	29.644	27.356	
18112	1394.	26.756	29.644	27.356	
18113	1394.	26.756	29.644	27.356	
18114	1394.1	26.756	29.644	27.356	
18115	1394.2	26.756	29.644	27.357	
18116	1394.3	26.756	29.644	27.357	
18117	1394.4	26.756	29.644	27.357	
18118	1394.5	26.756	29.644	27.357	
18119	1394.6	26.756	29.645	27.357	
18120	1394.7	26.756	29.645	27.357	
18121	1394.8	26.756	29.645	27.357	
18122	1394.9	26.756	29.645	27.357	
18123	1395.	26.756	29.645	27.357	
18124	1395.	26.756	29.645	27.357	
18125	1395.	26.756	29.645	27.357	
18126	1395.	26.756	29.645	27.357	
18127	1395.1	26.756	29.645	27.357	
18128	1395.2	26.756	29.645	27.357	
18129	1395.3	26.756	29.645	27.357	
18130	1395.4	26.756	29.645	27.357	
18131	1395.5	26.756	29.645	27.357	
18132	1395.6	26.756	29.645	27.357	
18133	1395.7	26.756	29.646	27.357	
18134	1395.8	26.756	29.646	27.357	
18135	1395.9	26.756	29.646	27.357	
18136	1396.	26.756	29.646	27.357	
18137	1396.	26.756	29.646	27.357	
18138	1396.	26.756	29.646	27.357	
18139	1396.	26.756	29.646	27.357	
18140	1396.1	26.756	29.646	27.357	
18141	1396.2	26.756	29.646	27.357	
18142	1396.3	26.756	29.646	27.357	
18143	1396.4	26.756	29.646	27.358	
18144	1396.5	26.757	29.646	27.358	
18145	1396.6	26.757	29.646	27.358	
18146	1396.7	26.757	29.647	27.358	
18147	1396.8	26.757	29.647	27.358	
18148	1396.9	26.757	29.647	27.358	
18149	1397.	26.757	29.647	27.358	
18150	1397.	26.757	29.647	27.358	
18151	1397.	26.757	29.647	27.358	
18152	1397.	26.757	29.647	27.358	
18153	1397.1	26.757	29.647	27.358	
18154	1397.2	26.757	29.647	27.358	
18155	1397.3	26.757	29.647	27.358	
18156	1397.4	26.757	29.647	27.358	
18157	1397.5	26.757	29.647	27.358	
18158	1397.6	26.757	29.647	27.358	
18159	1397.7	26.757	29.647	27.358	
18160	1397.8	26.757	29.648	27.358	
18161	1397.9	26.757	29.648	27.358	
18162	1398.	26.757	29.648	27.358	
18163	1398.	26.757	29.648	27.358	
18164	1398.	26.757	29.648	27.358	
18165	1398.	26.757	29.648	27.358	
18166	1398.1	26.757	29.648	27.358	
18167	1398.2	26.757	29.648	27.358	
18168	1398.3	26.757	29.648	27.358	
18169	1398.4	26.757	29.648	27.358	
18170	1398.5	26.757	29.648	27.359	
18171	1398.6	26.757	29.648	27.359	
18172	1398.7	26.757	29.648	27.359	
18173	1398.8	26.757	29.649	27.359	
18174	1398.9	26.757	29.649	27.359	
18175	1399.	26.757	29.649	27.359	
18176	1399.	26.757	29.649	27.359	
18177	1399.	26.757	29.649	27.359	
18178	1399.	26.757	29.649	27.359	
18179	1399.1	26.757	29.649	27.359	
18180	1399.2	26.757	29.649	27.359	
18181	1399.3	26.758	29.649	27.359	
18182	1399.4	26.758	29.649	27.359	
18183	1399.5	26.758	29.649	27.359	
18184	1399.6	26.758	29.649	27.359	
18185	1399.7	26.758	29.649	27.359	
18186	1399.8	26.758	29.65	27.359	
18187	1399.9	26.758	29.65	27.359	
18188	1400.	26.758	29.65	27.359	
18189	1400.	26.758	29.65	27.359	
18190	1400.	26.758	29.65	27.359	
18191	1400.	26.758	29.65	27.359	
18192	1400.1	26.758	29.65	27.359	
18193	1400.2	26.758	29.65	27.359	
18194	1400.3	26.758	29.65	27.359	
18195	1400.4	26.758	29.65	27.359	
18196	1400.5	26.758	29.65	27.359	
18197	1400.6	26.758	29.65	27.359	
18198	1400.7	26.758	29.65	27.36	
18199	1400.8	26.758	29.65	27.36	
18200	1400.9	26.758	29.651	27.36	
18201	1401.	26.758	29.651	27.36	
18202	1401.	26.758	29.651	27.36	
18203	1401.	26.758	29.651	27.36	
18204	1401.	26.758	29.651	27.36	
18205	1401.1	26.758	29.651	27.36	
18206	1401.2	26.758	29.651	27.36	
18207	1401.3	26.758	29.651	27.36	
18208	1401.4	26.758	29.651	27.36	
18209	1401.5	26.758	29.651	27.36	
18210	1401.6	26.758	29.651	27.36	
18211	1401.7	26.758	29.651	27.36	
18212	1401.8	26.758	29.651	27.36	
18213	1401.9	26.758	29.652	27.36	
18214	1402.	26.758	29.652	27.36	
18215	1402.	26.758	29.652	27.36	
18216	1402.	26.758	29.652	27.36	
18217	1402.	26.759	29.652	27.36	
18218	1402.1	26.759	29.652	27.36	
18219	1402.2	26.759	29.652	27.36	
18220	1402.3	26.759	29.652	27.36	
18221	1402.4	26.759	29.652	27.36	
18222	1402.5	26.759	29.652	27.36	
18223	1402.6	26.759	29.652	27.36	
18224	1402.7	26.759	29.652	27.36	
18225	1402.8	26.759	29.652	27.361	
18226	1402.9	26.759	29.652	27.361	
18227	1403.	26.759	29.653	27.361	
18228	1403.	26.759	29.653	27.361	
18229	1403.	26.759	29.653	27.361	
18230	1403.	26.759	29.653	27.361	
18231	1403.1	26.759	29.653	27.361	
18232	1403.2	26.759	29.653	27.361	
18233	1403.3	26.759	29.653	27.361	
18234	1403.4	26.759	29.653	27.361	
18235	1403.5	26.759	29.653	27.361	
18236	1403.6	26.759	29.653	27.361	
18237	1403.7	26.759	29.653	27.361	
18238	1403.8	26.759	29.653	27.361	
18239	1403.9	26.759	29.653	27.361	
18240	1404.	26.759	29.653	27.361	
18241	1404.	26.759	29.654	27.361	
18242	1404.	26.759	29.654	27.361	
18243	1404.	26.759	29.654	27.361	
18244	1404.1	26.759	29.654	27.361	
18245	1404.2	26.759	29.654	27.361	
18246	1404.3	26.759	29.654	27.361	
18247	1404.4	26.759	29.654	27.361	
18248	1404.5	26.759	29.654	27.361	
18249	1404.6	26.759	29.654	27.361	
18250	1404.7	26.759	29.654	27.361	
18251	1404.8	26.76	29.654	27.361	
18252	1404.9	26.76	29.654	27.361	
18253	1405.	26.76	29.654	27.362	
18254	1405.	26.76	29.654	27.362	
18255	1405.	26.76	29.654	27.362	
18256	1405.	26.76	29.654	27.362	
18257	1405.1	26.76	29.655	27.362	
18258	1405.2	26.76	29.655	27.362	
18259	1405.3	26.76	29.655	27.362	
18260	1405.4	26.76	29.655	27.362	
18261	1405.5	26.76	29.655	27.362	
18262	1405.6	26.76	29.655	27.362	
18263	1405.7	26.76	29.655	27.362	
18264	1405.8	26.76	29.655	27.362	
18265	1405.9	26.76	29.655	27.362	
18266	1406.	26.76	29.655	27.362	
18267	1406.	26.76	29.655	27.362	
18268	1406.	26.76	29.655	27.362	
18269	1406.	26.76	29.655	27.362	
18270	1406.1	26.76	29.656	27.362	
18271	1406.2	26.76	29.656	27.362	
18272	1406.3	26.76	29.656	27.362	
18273	1406.4	26.76	29.656	27.362	
18274	1406.5	26.76	29.656	27.362	
18275	1406.6	26.76	29.656	27.362	
18276	1406.7	26.76	29.656	27.362	
18277	1406.8	26.76	29.656	27.362	
18278	1406.9	26.76	29.656	27.362	
18279	1407.	26.76	29.656	27.362	
18280	1407.	26.76	29.656	27.362	
18281	1407.	26.76	29.656	27.362	
18282	1407.	26.76	29.656	27.362	
18283	1407.1	26.76	29.657	27.363	
18284	1407.2	26.76	29.657	27.363	
18285	1407.3	26.76	29.657	27.363	
18286	1407.4	26.76	29.657	27.363	
18287	1407.5	26.76	29.657	27.363	
18288	1407.6	26.761	29.657	27.363	
18289	1407.7	26.761	29.657	27.363	
18290	1407.8	26.761	29.657	27.363	
18291	1407.9	26.761	29.657	27.363	
18292	1408.	26.761	29.657	27.363	
18293	1408.	26.761	29.657	27.363	
18294	1408.	26.761	29.657	27.363	
18295	1408.	26.761	29.657	27.363	
18296	1408.1	26.761	29.657	27.363	
18297	1408.2	26.761	29.658	27.363	
18298	1408.3	26.761	29.658	27.363	
18299	1408.4	26.761	29.658	27.363	
18300	1408.5	26.761	29.658	27.363	
18301	1408.6	26.761	29.658	27.363	
18302	1408.7	26.761	29.658	27.363	
18303	1408.8	26.761	29.658	27.363	
18304	1408.9	26.761	29.658	27.363	
18305	1409.	26.761	29.658	27.363	
18306	1409.	26.761	29.658	27.363	
18307	1409.	26.761	29.658	27.363	
18308	1409.	26.761	29.658	27.363	
18309	1409.1	26.761	29.658	27.363	
18310	1409.2	26.761	29.659	27.363	
18311	1409.3	26.761	29.659	27.364	
18312	1409.4	26.761	29.659	27.364	
18313	1409.5	26.761	29.659	27.364	
18314	1409.6	26.761	29.659	27.364	
18315	1409.7	26.761	29.659	27.364	
18316	1409.8	26.761	29.659	27.364	
18317	1409.9	26.761	29.659	27.364	
18318	1410.	26.761	29.659	27.364	
18319	1410.	26.761	29.659	27.364	
18320	1410.	26.761	29.659	27.364	
18321	1410.	26.761	29.659	27.364	
18322	1410.1	26.761	29.659	27.364	
18323	1410.2	26.761	29.659	27.364	
18324	1410.3	26.761	29.66	27.364	
18325	1410.4	26.762	29.66	27.364	
18326	1410.5	26.762	29.66	27.364	
18327	1410.6	26.762	29.66	27.364	
18328	1410.7	26.762	29.66	27.364	
18329	1410.8	26.762	29.66	27.364	
18330	1410.9	26.762	29.66	27.364	
18331	1411.	26.762	29.66	27.364	
18332	1411.	26.762	29.66	27.364	
18333	1411.	26.762	29.66	27.364	
18334	1411.	26.762	29.66	27.364	
18335	1411.1	26.762	29.66	27.364	
18336	1411.2	26.762	29.66	27.364	
18337	1411.3	26.762	29.661	27.364	
18338	1411.4	26.762	29.661	27.365	
18339	1411.5	26.762	29.661	27.365	
18340	1411.6	26.762	29.661	27.365	
18341	1411.7	26.762	29.661	27.365	
18342	1411.8	26.762	29.661	27.365	
18343	1411.9	26.762	29.661	27.365	
18344	1412.	26.762	29.661	27.365	
18345	1412.	26.762	29.661	27.365	
18346	1412.	26.762	29.661	27.365	
18347	1412.	26.762	29.661	27.365	
18348	1412.1	26.762	29.661	27.365	
18349	1412.2	26.762	29.661	27.365	
18350	1412.3	26.762	29.661	27.365	
18351	1412.4	26.762	29.662	27.365	
18352	1412.5	26.762	29.662	27.365	
18353	1412.6	26.762	29.662	27.365	
18354	1412.7	26.762	29.662	27.365	
18355	1412.8	26.762	29.662	27.365	
18356	1412.9	26.762	29.662	27.365	
18357	1413.	26.762	29.662	27.365	
18358	1413.	26.762	29.662	27.365	
18359	1413.	26.762	29.662	27.365	
18360	1413.	26.762	29.662	27.365	
18361	1413.1	26.763	29.662	27.365	
18362	1413.2	26.763	29.662	27.365	
18363	1413.3	26.763	29.662	27.365	
18364	1413.4	26.763	29.663	27.365	
18365	1413.5	26.763	29.663	27.366	
18366	1413.6	26.763	29.663	27.366	
18367	1413.7	26.763	29.663	27.366	
18368	1413.8	26.763	29.663	27.366	
18369	1413.9	26.763	29.663	27.366	
18370	1414.	26.763	29.663	27.366	
18371	1414.	26.763	29.663	27.366	
18372	1414.	26.763	29.663	27.366	
18373	1414.	26.763	29.663	27.366	
18374	1414.1	26.763	29.663	27.366	
18375	1414.2	26.763	29.663	27.366	
18376	1414.3	26.763	29.663	27.366	
18377	1414.4	26.763	29.663	27.366	
18378	1414.5	26.763	29.664	27.366	
18379	1414.6	26.763	29.664	27.366	
18380	1414.7	26.763	29.664	27.366	
18381	1414.8	26.763	29.664	27.366	
18382	1414.9	26.763	29.664	27.366	
18383	1415.	26.763	29.664	27.366	
18384	1415.	26.763	29.664	27.366	
18385	1415.	26.763	29.664	27.366	
18386	1415.	26.763	29.664	27.366	
18387	1415.1	26.763	29.664	27.366	
18388	1415.2	26.763	29.664	27.366	
18389	1415.3	26.763	29.664	27.366	
18390	1415.4	26.763	29.664	27.366	
18391	1415.5	26.763	29.665	27.366	
18392	1415.6	26.763	29.665	27.366	
18393	1415.7	26.763	29.665	27.367	
18394	1415.8	26.763	29.665	27.367	
18395	1415.9	26.764	29.665	27.367	
18396	1416.	26.764	29.665	27.367	
18397	1416.	26.764	29.665	27.367	
18398	1416.	26.764	29.665	27.367	
18399	1416.	26.764	29.665	27.367	
18400	1416.1	26.764	29.665	27.367	
18401	1416.2	26.764	29.665	27.367	
18402	1416.3	26.764	29.665	27.367	
18403	1416.4	26.764	29.665	27.367	
18404	1416.5	26.764	29.666	27.367	
18405	1416.6	26.764	29.666	27.367	
18406	1416.7	26.764	29.666	27.367	
18407	1416.8	26.764	29.666	27.367	
18408	1416.9	26.764	29.666	27.367	
18409	1417.	26.764	29.666	27.367	
18410	1417.	26.764	29.666	27.367	
18411	1417.	26.764	29.666	27.367	
18412	1417.	26.764	29.666	27.367	
18413	1417.1	26.764	29.666	27.367	
18414	1417.2	26.764	29.666	27.367	
18415	1417.3	26.764	29.666	27.367	
18416	1417.4	26.764	29.666	27.367	
18417	1417.5	26.764	29.666	27.367	
18418	1417.6	26.764	29.667	27.367	
18419	1417.7	26.764	29.667	27.367	
18420	1417.8	26.764	29.667	27.368	
18421	1417.9	26.764	29.667	27.368	
18422	1418.	26.764	29.667	27.368	
18423	1418.	26.764	29.667	27.368	
18424	1418.	26.764	29.667	27.368	
18425	1418.	26.764	29.667	27.368	
18426	1418.1	26.764	29.667	27.368	
18427	1418.2	26.764	29.667	27.368	
18428	1418.3	26.764	29.667	27.368	
18429	1418.4	26.764	29.667	27.368	
18430	1418.5	26.764	29.667	27.368	
18431	1418.6	26.764	29.668	27.368	
18432	1418.7	26.765	29.668	27.368	
18433	1418.8	26.765	29.668	27.368	
18434	1418.9	26.765	29.668	27.368	
18435	1419.	26.765	29.668	27.368	
18436	1419.	26.765	29.668	27.368	
18437	1419.	26.765	29.668	27.368	
18438	1419.	26.765	29.668	27.368	
18439	1419.1	26.765	29.668	27.368	
18440	1419.2	26.765	29.668	27.368	
18441	1419.3	26.765	29.668	27.368	
18442	1419.4	26.765	29.668	27.368	
18443	1419.5	26.765	29.668	27.368	
18444	1419.6	26.765	29.668	27.368	
18445	1419.7	26.765	29.669	27.368	
18446	1419.8	26.765	29.669	27.368	
18447	1419.9	26.765	29.669	27.368	
18448	1420.	26.765	29.669	27.369	
18449	1420.	26.765	29.669	27.369	
18450	1420.	26.765	29.669	27.369	
18451	1420.	26.765	29.669	27.369	
18452	1420.1	26.765	29.669	27.369	
18453	1420.2	26.765	29.669	27.369	
18454	1420.3	26.765	29.669	27.369	
18455	1420.4	26.765	29.669	27.369	
18456	1420.5	26.765	29.669	27.369	
18457	1420.6	26.765	29.669	27.369	
18458	1420.7	26.765	29.67	27.369	
18459	1420.8	26.765	29.67	27.369	
18460	1420.9	26.765	29.67	27.369	
18461	1421.	26.765	29.67	27.369	
18462	1421.	26.765	29.67	27.369	
18463	1421.	26.765	29.67	27.369	
18464	1421.	26.765	29.67	27.369	
18465	1421.1	26.765	29.67	27.369	
18466	1421.2	26.765	29.67	27.369	
18467	1421.3	26.765	29.67	27.369	
18468	1421.4	26.766	29.67	27.369	
18469	1421.5	26.766	29.67	27.369	
18470	1421.6	26.766	29.67	27.369	
18471	1421.7	26.766	29.67	27.369	
18472	1421.8	26.766	29.671	27.369	
18473	1421.9	26.766	29.671	27.369	
18474	1422.	26.766	29.671	27.369	
18475	1422.	26.766	29.671	27.369	
18476	1422.	26.766	29.671	27.369	
18477	1422.	26.766	29.671	27.369	
18478	1422.1	26.766	29.671	27.37	
18479	1422.2	26.766	29.671	27.37	
18480	1422.3	26.766	29.671	27.37	
18481	1422.4	26.766	29.671	27.37	
18482	1422.5	26.766	29.671	27.37	
18483	1422.6	26.766	29.671	27.37	
18484	1422.7	26.766	29.671	27.37	
18485	1422.8	26.766	29.672	27.37	
18486	1422.9	26.766	29.672	27.37	
18487	1423.	26.766	29.672	27.37	
18488	1423.	26.766	29.672	27.37	
18489	1423.	26.766	29.672	27.37	
18490	1423.	26.766	29.672	27.37	
18491	1423.1	26.766	29.672	27.37	
18492	1423.2	26.766	29.672	27.37	
18493	1423.3	26.766	29.672	27.37	
18494	1423.4	26.766	29.672	27.37	
18495	1423.5	26.766	29.672	27.37	
18496	1423.6	26.766	29.672	27.37	
18497	1423.7	26.766	29.672	27.37	
18498	1423.8	26.766	29.672	27.37	
18499	1423.9	26.766	29.673	27.37	
18500	1424.	26.766	29.673	27.37	
18501	1424.	26.766	29.673	27.37	
18502	1424.	26.766	29.673	27.37	
18503	1424.	26.766	29.673	27.37	
18504	1424.1	26.766	29.673	27.37	
18505	1424.2	26.767	29.673	27.371	
18506	1424.3	26.767	29.673	27.371	
18507	1424.4	26.767	29.673	27.371	
18508	1424.5	26.767	29.673	27.371	
18509	1424.6	26.767	29.673	27.371	
18510	1424.7	26.767	29.673	27.371	
18511	1424.8	26.767	29.673	27.371	
18512	1424.9	26.767	29.674	27.371	
18513	1425.	26.767	29.674	27.371	
18514	1425.	26.767	29.674	27.371	
18515	1425.	26.767	29.674	27.371	
18516	1425.	26.767	29.674	27.371	
18517	1425.1	26.767	29.674	27.371	
18518	1425.2	26.767	29.674	27.371	
18519	1425.3	26.767	29.674	27.371	
18520	1425.4	26.767	29.674	27.371	
18521	1425.5	26.767	29.674	27.371	
18522	1425.6	26.767	29.674	27.371	
18523	1425.7	26.767	29.674	27.371	
18524	1425.8	26.767	29.674	27.371	
18525	1425.9	26.767	29.675	27.371	
18526	1426.	26.767	29.675	27.371	
18527	1426.	26.767	29.675	27.371	
18528	1426.	26.767	29.675	27.371	
18529	1426.	26.767	29.675	27.371	
18530	1426.1	26.767	29.675	27.371	
18531	1426.2	26.767	29.675	27.371	
18532	1426.3	26.767	29.675	27.371	
18533	1426.4	26.767	29.675	27.372	
18534	1426.5	26.767	29.675	27.372	
18535	1426.6	26.767	29.675	27.372	
18536	1426.7	26.767	29.675	27.372	
18537	1426.8	26.767	29.675	27.372	
18538	1426.9	26.768	29.675	27.372	
18539	1427.	26.768	29.676	27.372	
18540	1427.	26.768	29.676	27.372	
18541	1427.	26.768	29.676	27.372	
18542	1427.	26.768	29.676	27.372	
18543	1427.1	26.768	29.676	27.372	
18544	1427.2	26.768	29.676	27.372	
18545	1427.3	26.768	29.676	27.372	
18546	1427.4	26.768	29.676	27.372	
18547	1427.5	26.768	29.676	27.372	
18548	1427.6	26.768	29.676	27.372	
18549	1427.7	26.768	29.676	27.372	
18550	1427.8	26.768	29.676	27.372	
18551	1427.9	26.768	29.676	27.372	
18552	1428.	26.768	29.676	27.372	
18553	1428.	26.768	29.676	27.372	
18554	1428.	26.768	29.676	27.372	
18555	1428.	26.768	29.677	27.372	
18556	1428.1	26.768	29.677	27.372	
18557	1428.2	26.768	29.677	27.372	
18558	1428.3	26.768	29.677	27.372	
18559	1428.4	26.768	29.677	27.372	
18560	1428.5	26.768	29.677	27.373	
18561	1428.6	26.768	29.677	27.373	
18562	1428.7	26.768	29.677	27.373	
18563	1428.8	26.768	29.677	27.373	
18564	1428.9	26.768	29.677	27.373	
18565	1429.	26.768	29.677	27.373	
18566	1429.	26.768	29.677	27.373	
18567	1429.	26.768	29.677	27.373	
18568	1429.	26.768	29.677	27.373	
18569	1429.1	26.768	29.678	27.373	
18570	1429.2	26.768	29.678	27.373	
18571	1429.3	26.768	29.678	27.373	
18572	1429.4	26.768	29.678	27.373	
18573	1429.5	26.768	29.678	27.373	
18574	1429.6	26.768	29.678	27.373	
18575	1429.7	26.769	29.678	27.373	
18576	1429.8	26.769	29.678	27.373	
18577	1429.9	26.769	29.678	27.373	
18578	1430.	26.769	29.678	27.373	
18579	1430.	26.769	29.678	27.373	
18580	1430.	26.769	29.678	27.373	
18581	1430.	26.769	29.678	27.373	
18582	1430.1	26.769	29.679	27.373	
18583	1430.2	26.769	29.679	27.373	
18584	1430.3	26.769	29.679	27.373	
18585	1430.4	26.769	29.679	27.373	
18586	1430.5	26.769	29.679	27.373	
18587	1430.6	26.769	29.679	27.373	
18588	1430.7	26.769	29.679	27.374	
18589	1430.8	26.769	29.679	27.374	
18590	1430.9	26.769	29.679	27.374	
18591	1431.	26.769	29.679	27.374	
18592	1431.	26.769	29.679	27.374	
18593	1431.	26.769	29.679	27.374	
18594	1431.	26.769	29.679	27.374	
18595	1431.1	26.769	29.679	27.374	
18596	1431.2	26.769	29.68	27.374	
18597	1431.3	26.769	29.68	27.374	
18598	1431.4	26.769	29.68	27.374	
18599	1431.5	26.769	29.68	27.374	
18600	1431.6	26.769	29.68	27.374	
18601	1431.7	26.769	29.68	27.374	
18602	1431.8	26.769	29.68	27.374	
18603	1431.9	26.769	29.68	27.374	
18604	1432.	26.769	29.68	27.374	
18605	1432.	26.769	29.68	27.374	
18606	1432.	26.769	29.68	27.374	
18607	1432.	26.769	29.68	27.374	
18608	1432.1	26.769	29.68	27.374	
18609	1432.2	26.769	29.681	27.374	
18610	1432.3	26.769	29.681	27.374	
18611	1432.4	26.769	29.681	27.374	
18612	1432.5	26.77	29.681	27.374	
18613	1432.6	26.77	29.681	27.374	
18614	1432.7	26.77	29.681	27.374	
18615	1432.8	26.77	29.681	27.375	
18616	1432.9	26.77	29.681	27.375	
18617	1433.	26.77	29.681	27.375	
18618	1433.	26.77	29.681	27.375	
18619	1433.	26.77	29.681	27.375	
18620	1433.	26.77	29.681	27.375	
18621	1433.1	26.77	29.681	27.375	
18622	1433.2	26.77	29.681	27.375	
18623	1433.3	26.77	29.682	27.375	
18624	1433.4	26.77	29.682	27.375	
18625	1433.5	26.77	29.682	27.375	
18626	1433.6	26.77	29.682	27.375	
18627	1433.7	26.77	29.682	27.375	
18628	1433.8	26.77	29.682	27.375	
18629	1433.9	26.77	29.682	27.375	
18630	1434.	26.77	29.682	27.375	
18631	1434.	26.77	29.682	27.375	
18632	1434.	26.77	29.682	27.375	
18633	1434.	26.77	29.682	27.375	
18634	1434.1	26.77	29.682	27.375	
18635	1434.2	26.77	29.682	27.375	
18636	1434.3	26.77	29.683	27.375	
18637	1434.4	26.77	29.683	27.375	
18638	1434.5	26.77	29.683	27.375	
18639	1434.6	26.77	29.683	27.375	
18640	1434.7	26.77	29.683	27.375	
18641	1434.8	26.77	29.683	27.375	
18642	1434.9	26.77	29.683	27.376	
18643	1435.	26.77	29.683	27.376	
18644	1435.	26.77	29.683	27.376	
18645	1435.	26.77	29.683	27.376	
18646	1435.	26.77	29.683	27.376	
18647	1435.1	26.77	29.683	27.376	
18648	1435.2	26.771	29.683	27.376	
18649	1435.3	26.771	29.684	27.376	
18650	1435.4	26.771	29.684	27.376	
18651	1435.5	26.771	29.684	27.376	
18652	1435.6	26.771	29.684	27.376	
18653	1435.7	26.771	29.684	27.376	
18654	1435.8	26.771	29.684	27.376	
18655	1435.9	26.771	29.684	27.376	
18656	1436.	26.771	29.684	27.376	
18657	1436.	26.771	29.684	27.376	
18658	1436.	26.771	29.684	27.376	
18659	1436.	26.771	29.684	27.376	
18660	1436.1	26.771	29.684	27.376	
18661	1436.2	26.771	29.684	27.376	
18662	1436.3	26.771	29.684	27.376	
18663	1436.4	26.771	29.685	27.376	
18664	1436.5	26.771	29.685	27.376	
18665	1436.6	26.771	29.685	27.376	
18666	1436.7	26.771	29.685	27.376	
18667	1436.8	26.771	29.685	27.376	
18668	1436.9	26.771	29.685	27.376	
18669	1437.	26.771	29.685	27.376	
18670	1437.	26.771	29.685	27.376	
18671	1437.	26.771	29.685	27.376	
18672	1437.	26.771	29.685	27.377	
18673	1437.1	26.771	29.685	27.377	
18674	1437.2	26.771	29.685	27.377	
18675	1437.3	26.771	29.685	27.377	
18676	1437.4	26.771	29.686	27.377	
18677	1437.5	26.771	29.686	27.377	
18678	1437.6	26.771	29.686	27.377	
18679	1437.7	26.771	29.686	27.377	
18680	1437.8	26.771	29.686	27.377	
18681	1437.9	26.771	29.686	27.377	
18682	1438.	26.772	29.686	27.377	
18683	1438.	26.772	29.686	27.377	
18684	1438.	26.772	29.686	27.377	
18685	1438.	26.772	29.686	27.377	
18686	1438.1	26.772	29.686	27.377	
18687	1438.2	26.772	29.686	27.377	
18688	1438.3	26.772	29.686	27.377	
18689	1438.4	26.772	29.686	27.377	
18690	1438.5	26.772	29.687	27.377	
18691	1438.6	26.772	29.687	27.377	
18692	1438.7	26.772	29.687	27.377	
18693	1438.8	26.772	29.687	27.377	
18694	1438.9	26.772	29.687	27.377	
18695	1439.	26.772	29.687	27.377	
18696	1439.	26.772	29.687	27.377	
18697	1439.	26.772	29.687	27.377	
18698	1439.	26.772	29.687	27.377	
18699	1439.1	26.772	29.687	27.377	
18700	1439.2	26.772	29.687	27.378	
18701	1439.3	26.772	29.687	27.378	
18702	1439.4	26.772	29.687	27.378	
18703	1439.5	26.772	29.688	27.378	
18704	1439.6	26.772	29.688	27.378	
18705	1439.7	26.772	29.688	27.378	
18706	1439.8	26.772	29.688	27.378	
18707	1439.9	26.772	29.688	27.378	
18708	1440.	26.772	29.688	27.378	
18709	1440.	26.772	29.688	27.378	
18710	1440.	26.772	29.688	27.378	
18711	1440.	26.772	29.688	27.378	
18712	1440.1	26.772	29.688	27.378	
18713	1440.2	26.772	29.688	27.378	
18714	1440.3	26.772	29.688	27.378	
18715	1440.4	26.772	29.688	27.378	
18716	1440.5	26.772	29.688	27.378	
18717	1440.6	26.772	29.689	27.378	
18718	1440.7	26.773	29.689	27.378	
18719	1440.8	26.773	29.689	27.378	
18720	1440.9	26.773	29.689	27.378	
18721	1441.	26.773	29.689	27.378	
18722	1441.	26.773	29.689	27.378	
18723	1441.	26.773	29.689	27.378	
18724	1441.	26.773	29.689	27.378	
18725	1441.1	26.773	29.689	27.378	
18726	1441.2	26.773	29.689	27.378	
18727	1441.3	26.773	29.689	27.379	
18728	1441.4	26.773	29.689	27.379	
18729	1441.5	26.773	29.689	27.379	
18730	1441.6	26.773	29.69	27.379	
18731	1441.7	26.773	29.69	27.379	
18732	1441.8	26.773	29.69	27.379	
18733	1441.9	26.773	29.69	27.379	
18734	1442.	26.773	29.69	27.379	
18735	1442.	26.773	29.69	27.379	
18736	1442.	26.773	29.69	27.379	
18737	1442.	26.773	29.69	27.379	
18738	1442.1	26.773	29.69	27.379	
18739	1442.2	26.773	29.69	27.379	
18740	1442.3	26.773	29.69	27.379	
18741	1442.4	26.773	29.69	27.379	
18742	1442.5	26.773	29.69	27.379	
18743	1442.6	26.773	29.69	27.379	
18744	1442.7	26.773	29.691	27.379	
18745	1442.8	26.773	29.691	27.379	
18746	1442.9	26.773	29.691	27.379	
18747	1443.	26.773	29.691	27.379	
18748	1443.	26.773	29.691	27.379	
18749	1443.	26.773	29.691	27.379	
18750	1443.	26.773	29.691	27.379	
18751	1443.1	26.773	29.691	27.379	
18752	1443.2	26.773	29.691	27.379	
18753	1443.3	26.773	29.691	27.379	
18754	1443.4	26.774	29.691	27.379	
18755	1443.5	26.774	29.691	27.38	
18756	1443.6	26.774	29.691	27.38	
18757	1443.7	26.774	29.692	27.38	
18758	1443.8	26.774	29.692	27.38	
18759	1443.9	26.774	29.692	27.38	
18760	1444.	26.774	29.692	27.38	
18761	1444.	26.774	29.692	27.38	
18762	1444.	26.774	29.692	27.38	
18763	1444.	26.774	29.692	27.38	
18764	1444.1	26.774	29.692	27.38	
18765	1444.2	26.774	29.692	27.38	
18766	1444.3	26.774	29.692	27.38	
18767	1444.4	26.774	29.692	27.38	
18768	1444.5	26.774	29.692	27.38	
18769	1444.6	26.774	29.692	27.38	
18770	1444.7	26.774	29.692	27.38	
18771	1444.8	26.774	29.693	27.38	
18772	1444.9	26.774	29.693	27.38	
18773	1445.	26.774	29.693	27.38	
18774	1445.	26.774	29.693	27.38	
18775	1445.	26.774	29.693	27.38	
18776	1445.	26.774	29.693	27.38	
18777	1445.1	26.774	29.693	27.38	
18778	1445.2	26.774	29.693	27.38	
18779	1445.3	26.774	29.693	27.38	
18780	1445.4	26.774	29.693	27.38	
18781	1445.5	26.774	29.693	27.38	
18782	1445.6	26.774	29.693	27.381	
18783	1445.7	26.774	29.693	27.381	
18784	1445.8	26.774	29.694	27.381	
18785	1445.9	26.774	29.694	27.381	
18786	1446.	26.774	29.694	27.381	
18787	1446.	26.774	29.694	27.381	
18788	1446.	26.774	29.694	27.381	
18789	1446.	26.774	29.694	27.381	
18790	1446.1	26.774	29.694	27.381	
18791	1446.2	26.775	29.694	27.381	
18792	1446.3	26.775	29.694	27.381	
18793	1446.4	26.775	29.694	27.381	
18794	1446.5	26.775	29.694	27.381	
18795	1446.6	26.775	29.694	27.381	
18796	1446.7	26.775	29.694	27.381	
18797	1446.8	26.775	29.694	27.381	
18798	1446.9	26.775	29.695	27.381	
18799	1447.	26.775	29.695	27.381	
18800	1447.	26.775	29.695	27.381	
18801	1447.	26.775	29.695	27.381	
18802	1447.	26.775	29.695	27.381	
18803	1447.1	26.775	29.695	27.381	
18804	1447.2	26.775	29.695	27.381	
18805	1447.3	26.775	29.695	27.381	
18806	1447.4	26.775	29.695	27.381	
18807	1447.5	26.775	29.695	27.381	
18808	1447.6	26.775	29.695	27.381	
18809	1447.7	26.775	29.695	27.382	
18810	1447.8	26.775	29.695	27.382	
18811	1447.9	26.775	29.696	27.382	
18812	1448.	26.775	29.696	27.382	
18813	1448.	26.775	29.696	27.382	
18814	1448.	26.775	29.696	27.382	
18815	1448.	26.775	29.696	27.382	
18816	1448.1	26.775	29.696	27.382	
18817	1448.2	26.775	29.696	27.382	
18818	1448.3	26.775	29.696	27.382	
18819	1448.4	26.775	29.696	27.382	
18820	1448.5	26.775	29.696	27.382	
18821	1448.6	26.775	29.696	27.382	
18822	1448.7	26.775	29.696	27.382	
18823	1448.8	26.775	29.696	27.382	
18824	1448.9	26.776	29.697	27.382	
18825	1449.	26.776	29.697	27.382	
18826	1449.	26.776	29.697	27.382	
18827	1449.	26.776	29.697	27.382	
18828	1449.	26.776	29.697	27.382	
18829	1449.1	26.776	29.697	27.382	
18830	1449.2	26.776	29.697	27.382	
18831	1449.3	26.776	29.697	27.382	
18832	1449.4	26.776	29.697	27.382	
18833	1449.5	26.776	29.697	27.382	
18834	1449.6	26.776	29.697	27.382	
18835	1449.7	26.776	29.697	27.382	
18836	1449.8	26.776	29.697	27.383	
18837	1449.9	26.776	29.697	27.383	
18838	1450.	26.776	29.698	27.383	
18839	1450.	26.776	29.698	27.383	
18840	1450.	26.776	29.698	27.383	
18841	1450.	26.776	29.698	27.383	
18842	1450.1	26.776	29.698	27.383	
18843	1450.2	26.776	29.698	27.383	
18844	1450.3	26.776	29.698	27.383	
18845	1450.4	26.776	29.698	27.383	
18846	1450.5	26.776	29.698	27.383	
18847	1450.6	26.776	29.698	27.383	
18848	1450.7	26.776	29.698	27.383	
18849	1450.8	26.776	29.698	27.383	
18850	1450.9	26.776	29.698	27.383	
18851	1451.	26.776	29.698	27.383	
18852	1451.	26.776	29.698	27.383	
18853	1451.	26.776	29.698	27.383	
18854	1451.	26.776	29.699	27.383	
18855	1451.1	26.776	29.699	27.383	
18856	1451.2	26.776	29.699	27.383	
18857	1451.3	26.776	29.699	27.383	
18858	1451.4	26.776	29.699	27.383	
18859	1451.5	26.776	29.699	27.383	
18860	1451.6	26.776	29.699	27.383	
18861	1451.7	26.777	29.699	27.383	
18862	1451.8	26.777	29.699	27.383	
18863	1451.9	26.777	29.699	27.383	
18864	1452.	26.777	29.699	27.384	
18865	1452.	26.777	29.699	27.384	
18866	1452.	26.777	29.699	27.384	
18867	1452.	26.777	29.699	27.384	
18868	1452.1	26.777	29.7	27.384	
18869	1452.2	26.777	29.7	27.384	
18870	1452.3	26.777	29.7	27.384	
18871	1452.4	26.777	29.7	27.384	
18872	1452.5	26.777	29.7	27.384	
18873	1452.6	26.777	29.7	27.384	
18874	1452.7	26.777	29.7	27.384	
18875	1452.8	26.777	29.7	27.384	
18876	1452.9	26.777	29.7	27.384	
18877	1453.	26.777	29.7	27.384	
18878	1453.	26.777	29.7	27.384	
18879	1453.	26.777	29.7	27.384	
18880	1453.	26.777	29.7	27.384	
18881	1453.1	26.777	29.701	27.384	
18882	1453.2	26.777	29.701	27.384	
18883	1453.3	26.777	29.701	27.384	
18884	1453.4	26.777	29.701	27.384	
18885	1453.5	26.777	29.701	27.384	
18886	1453.6	26.777	29.701	27.384	
18887	1453.7	26.777	29.701	27.384	
18888	1453.8	26.777	29.701	27.384	
18889	1453.9	26.777	29.701	27.384	
18890	1454.	26.777	29.701	27.384	
18891	1454.	26.777	29.701	27.384	
18892	1454.	26.777	29.701	27.384	
18893	1454.	26.777	29.701	27.384	
18894	1454.1	26.777	29.701	27.385	
18895	1454.2	26.777	29.702	27.385	
18896	1454.3	26.777	29.702	27.385	
18897	1454.4	26.778	29.702	27.385	
18898	1454.5	26.778	29.702	27.385	
18899	1454.6	26.778	29.702	27.385	
18900	1454.7	26.778	29.702	27.385	
18901	1454.8	26.778	29.702	27.385	
18902	1454.9	26.778	29.702	27.385	
18903	1455.	26.778	29.702	27.385	
18904	1455.	26.778	29.702	27.385	
18905	1455.	26.778	29.702	27.385	
18906	1455.	26.778	29.702	27.385	
18907	1455.1	26.778	29.702	27.385	
18908	1455.2	26.778	29.703	27.385	
18909	1455.3	26.778	29.703	27.385	
18910	1455.4	26.778	29.703	27.385	
18911	1455.5	26.778	29.703	27.385	
18912	1455.6	26.778	29.703	27.385	
18913	1455.7	26.778	29.703	27.385	
18914	1455.8	26.778	29.703	27.385	
18915	1455.9	26.778	29.703	27.385	
18916	1456.	26.778	29.703	27.385	
18917	1456.	26.778	29.703	27.385	
18918	1456.	26.778	29.703	27.385	
18919	1456.	26.778	29.703	27.385	
18920	1456.1	26.778	29.703	27.385	
18921	1456.2	26.778	29.703	27.386	
18922	1456.3	26.778	29.704	27.386	
18923	1456.4	26.778	29.704	27.386	
18924	1456.5	26.778	29.704	27.386	
18925	1456.6	26.778	29.704	27.386	
18926	1456.7	26.778	29.704	27.386	
18927	1456.8	26.778	29.704	27.386	
18928	1456.9	26.778	29.704	27.386	
18929	1457.	26.778	29.704	27.386	
18930	1457.	26.778	29.704	27.386	
18931	1457.	26.778	29.704	27.386	
18932	1457.	26.778	29.704	27.386	
18933	1457.1	26.779	29.704	27.386	
18934	1457.2	26.779	29.704	27.386	
18935	1457.3	26.779	29.705	27.386	
18936	1457.4	26.779	29.705	27.386	
18937	1457.5	26.779	29.705	27.386	
18938	1457.6	26.779	29.705	27.386	
18939	1457.7	26.779	29.705	27.386	
18940	1457.8	26.779	29.705	27.386	
18941	1457.9	26.779	29.705	27.386	
18942	1458.	26.779	29.705	27.386	
18943	1458.	26.779	29.705	27.386	
18944	1458.	26.779	29.705	27.386	
18945	1458.	26.779	29.705	27.386	
18946	1458.1	26.779	29.705	27.386	
18947	1458.2	26.779	29.705	27.386	
18948	1458.3	26.779	29.705	27.387	
18949	1458.4	26.779	29.706	27.387	
18950	1458.5	26.779	29.706	27.387	
18951	1458.6	26.779	29.706	27.387	
18952	1458.7	26.779	29.706	27.387	
18953	1458.8	26.779	29.706	27.387	
18954	1458.9	26.779	29.706	27.387	
18955	1459.	26.779	29.706	27.387	
18956	1459.	26.779	29.706	27.387	
18957	1459.	26.779	29.706	27.387	
18958	1459.	26.779	29.706	27.387	
18959	1459.1	26.779	29.706	27.387	
18960	1459.2	26.779	29.706	27.387	
18961	1459.3	26.779	29.706	27.387	
18962	1459.4	26.779	29.707	27.387	
18963	1459.5	26.779	29.707	27.387	
18964	1459.6	26.779	29.707	27.387	
18965	1459.7	26.779	29.707	27.387	
18966	1459.8	26.779	29.707	27.387	
18967	1459.9	26.78	29.707	27.387	
18968	1460.	26.78	29.707	27.387	
18969	1460.	26.78	29.707	27.387	
18970	1460.	26.78	29.707	27.387	
18971	1460.	26.78	29.707	27.387	
18972	1460.1	26.78	29.707	27.387	
18973	1460.2	26.78	29.707	27.387	
18974	1460.3	26.78	29.707	27.387	
18975	1460.4	26.78	29.707	27.387	
18976	1460.5	26.78	29.708	27.388	
18977	1460.6	26.78	29.708	27.388	
18978	1460.7	26.78	29.708	27.388	
18979	1460.8	26.78	29.708	27.388	
18980	1460.9	26.78	29.708	27.388	
18981	1461.	26.78	29.708	27.388	
18982	1461.	26.78	29.708	27.388	
18983	1461.	26.78	29.708	27.388	
18984	1461.	26.78	29.708	27.388	
18985	1461.1	26.78	29.708	27.388	
18986	1461.2	26.78	29.708	27.388	
18987	1461.3	26.78	29.708	27.388	
18988	1461.4	26.78	29.708	27.388	
18989	1461.5	26.78	29.709	27.388	
18990	1461.6	26.78	29.709	27.388	
18991	1461.7	26.78	29.709	27.388	
18992	1461.8	26.78	29.709	27.388	
18993	1461.9	26.78	29.709	27.388	
18994	1462.	26.78	29.709	27.388	
18995	1462.	26.78	29.709	27.388	
18996	1462.	26.78	29.709	27.388	
18997	1462.	26.78	29.709	27.388	
18998	1462.1	26.78	29.709	27.388	
18999	1462.2	26.78	29.709	27.388	
19000	1462.3	26.78	29.709	27.388	
19001	1462.4	26.78	29.709	27.388	
19002	1462.5	26.78	29.71	27.388	
19003	1462.6	26.781	29.71	27.389	
19004	1462.7	26.781	29.71	27.389	
19005	1462.8	26.781	29.71	27.389	
19006	1462.9	26.781	29.71	27.389	
19007	1463.	26.781	29.71	27.389	
19008	1463.	26.781	29.71	27.389	
19009	1463.	26.781	29.71	27.389	
19010	1463.	26.781	29.71	27.389	
19011	1463.1	26.781	29.71	27.389	
19012	1463.2	26.781	29.71	27.389	
19013	1463.3	26.781	29.71	27.389	
19014	1463.4	26.781	29.71	27.389	
19015	1463.5	26.781	29.71	27.389	
19016	1463.6	26.781	29.711	27.389	
19017	1463.7	26.781	29.711	27.389	
19018	1463.8	26.781	29.711	27.389	
19019	1463.9	26.781	29.711	27.389	
19020	1464.	26.781	29.711	27.389	
19021	1464.	26.781	29.711	27.389	
19022	1464.	26.781	29.711	27.389	
19023	1464.	26.781	29.711	27.389	
19024	1464.1	26.781	29.711	27.389	
19025	1464.2	26.781	29.711	27.389	
19026	1464.3	26.781	29.711	27.389	
19027	1464.4	26.781	29.711	27.389	
19028	1464.5	26.781	29.711	27.389	
19029	1464.6	26.781	29.712	27.389	
19030	1464.7	26.781	29.712	27.39	
19031	1464.8	26.781	29.712	27.39	
19032	1464.9	26.781	29.712	27.39	
19033	1465.	26.781	29.712	27.39	
19034	1465.	26.781	29.712	27.39	
19035	1465.	26.781	29.712	27.39	
19036	1465.	26.781	29.712	27.39	
19037	1465.1	26.781	29.712	27.39	
19038	1465.2	26.781	29.712	27.39	
19039	1465.3	26.782	29.712	27.39	
19040	1465.4	26.782	29.712	27.39	
19041	1465.5	26.782	29.712	27.39	
19042	1465.6	26.782	29.712	27.39	
19043	1465.7	26.782	29.713	27.39	
19044	1465.8	26.782	29.713	27.39	
19045	1465.9	26.782	29.713	27.39	
19046	1466.	26.782	29.713	27.39	
19047	1466.	26.782	29.713	27.39	
19048	1466.	26.782	29.713	27.39	
19049	1466.	26.782	29.713	27.39	
19050	1466.1	26.782	29.713	27.39	
19051	1466.2	26.782	29.713	27.39	
19052	1466.3	26.782	29.713	27.39	
19053	1466.4	26.782	29.713	27.39	
19054	1466.5	26.782	29.713	27.39	
19055	1466.6	26.782	29.713	27.39	
19056	1466.7	26.782	29.714	27.39	
19057	1466.8	26.782	29.714	27.391	
19058	1466.9	26.782	29.714	27.391	
19059	1467.	26.782	29.714	27.391	
19060	1467.	26.782	29.714	27.391	
19061	1467.	26.782	29.714	27.391	
19062	1467.	26.782	29.714	27.391	
19063	1467.1	26.782	29.714	27.391	
19064	1467.2	26.782	29.714	27.391	
19065	1467.3	26.782	29.714	27.391	
19066	1467.4	26.782	29.714	27.391	
19067	1467.5	26.782	29.714	27.391	
19068	1467.6	26.782	29.714	27.391	
19069	1467.7	26.782	29.714	27.391	
19070	1467.8	26.782	29.715	27.391	
19071	1467.9	26.782	29.715	27.391	
19072	1468.	26.782	29.715	27.391	
19073	1468.	26.782	29.715	27.391	
19074	1468.	26.782	29.715	27.391	
19075	1468.	26.783	29.715	27.391	
19076	1468.1	26.783	29.715	27.391	
19077	1468.2	26.783	29.715	27.391	
19078	1468.3	26.783	29.715	27.391	
19079	1468.4	26.783	29.715	27.391	
19080	1468.5	26.783	29.715	27.391	
19081	1468.6	26.783	29.715	27.391	
19082	1468.7	26.783	29.715	27.391	
19083	1468.8	26.783	29.716	27.391	
19084	1468.9	26.783	29.716	27.391	
19085	1469.	26.783	29.716	27.392	
19086	1469.	26.783	29.716	27.392	
19087	1469.	26.783	29.716	27.392	
19088	1469.	26.783	29.716	27.392	
19089	1469.1	26.783	29.716	27.392	
19090	1469.2	26.783	29.716	27.392	
19091	1469.3	26.783	29.716	27.392	
19092	1469.4	26.783	29.716	27.392	
19093	1469.5	26.783	29.716	27.392	
19094	1469.6	26.783	29.716	27.392	
19095	1469.7	26.783	29.716	27.392	
19096	1469.8	26.783	29.716	27.392	
19097	1469.9	26.783	29.717	27.392	
19098	1470.	26.783	29.717	27.392	
19099	1470.	26.783	29.717	27.392	
19100	1470.	26.783	29.717	27.392	
19101	1470.	26.783	29.717	27.392	
19102	1470.1	26.783	29.717	27.392	
19103	1470.2	26.783	29.717	27.392	
19104	1470.3	26.783	29.717	27.392	
19105	1470.4	26.783	29.717	27.392	
19106	1470.5	26.783	29.717	27.392	
19107	1470.6	26.783	29.717	27.392	
19108	1470.7	26.783	29.717	27.392	
19109	1470.8	26.784	29.717	27.392	
19110	1470.9	26.784	29.718	27.392	
19111	1471.	26.784	29.718	27.392	
19112	1471.	26.784	29.718	27.392	
19113	1471.	26.784	29.718	27.392	
19114	1471.	26.784	29.718	27.392	
19115	1471.1	26.784	29.718	27.393	
19116	1471.2	26.784	29.718	27.393	
19117	1471.3	26.784	29.718	27.393	
19118	1471.4	26.784	29.718	27.393	
19119	1471.5	26.784	29.718	27.393	
19120	1471.6	26.784	29.718	27.393	
19121	1471.7	26.784	29.718	27.393	
19122	1471.8	26.784	29.718	27.393	
19123	1471.9	26.784	29.718	27.393	
19124	1472.	26.784	29.719	27.393	
19125	1472.	26.784	29.719	27.393	
19126	1472.	26.784	29.719	27.393	
19127	1472.	26.784	29.719	27.393	
19128	1472.1	26.784	29.719	27.393	
19129	1472.2	26.784	29.719	27.393	
19130	1472.3	26.784	29.719	27.393	
19131	1472.4	26.784	29.719	27.393	
19132	1472.5	26.784	29.719	27.393	
19133	1472.6	26.784	29.719	27.393	
19134	1472.7	26.784	29.719	27.393	
19135	1472.8	26.784	29.719	27.393	
19136	1472.9	26.784	29.719	27.393	
19137	1473.	26.784	29.719	27.393	
19138	1473.	26.784	29.72	27.393	
19139	1473.	26.784	29.72	27.393	
19140	1473.	26.784	29.72	27.393	
19141	1473.1	26.784	29.72	27.393	
19142	1473.2	26.784	29.72	27.394	
19143	1473.3	26.784	29.72	27.394	
19144	1473.4	26.784	29.72	27.394	
19145	1473.5	26.785	29.72	27.394	
19146	1473.6	26.785	29.72	27.394	
19147	1473.7	26.785	29.72	27.394	
19148	1473.8	26.785	29.72	27.394	
19149	1473.9	26.785	29.72	27.394	
19150	1474.	26.785	29.72	27.394	
19151	1474.	26.785	29.72	27.394	
19152	1474.	26.785	29.72	27.394	
19153	1474.	26.785	29.72	27.394	
19154	1474.1	26.785	29.721	27.394	
19155	1474.2	26.785	29.721	27.394	
19156	1474.3	26.785	29.721	27.394	
19157	1474.4	26.785	29.721	27.394	
19158	1474.5	26.785	29.721	27.394	
19159	1474.6	26.785	29.721	27.394	
19160	1474.7	26.785	29.721	27.394	
19161	1474.8	26.785	29.721	27.394	
19162	1474.9	26.785	29.721	27.394	
19163	1475.	26.785	29.721	27.394	
19164	1475.	26.785	29.721	27.394	
19165	1475.	26.785	29.721	27.394	
19166	1475.	26.785	29.721	27.394	
19167	1475.1	26.785	29.722	27.394	
19168	1475.2	26.785	29.722	27.394	
19169	1475.3	26.785	29.722	27.395	
19170	1475.4	26.785	29.722	27.395	
19171	1475.5	26.785	29.722	27.395	
19172	1475.6	26.785	29.722	27.395	
19173	1475.7	26.785	29.722	27.395	
19174	1475.8	26.785	29.722	27.395	
19175	1475.9	26.785	29.722	27.395	
19176	1476.	26.785	29.722	27.395	
19177	1476.	26.785	29.722	27.395	
19178	1476.	26.785	29.722	27.395	
19179	1476.	26.785	29.722	27.395	
19180	1476.1	26.785	29.722	27.395	
19181	1476.2	26.786	29.723	27.395	
19182	1476.3	26.786	29.723	27.395	
19183	1476.4	26.786	29.723	27.395	
19184	1476.5	26.786	29.723	27.395	
19185	1476.6	26.786	29.723	27.395	
19186	1476.7	26.786	29.723	27.395	
19187	1476.8	26.786	29.723	27.395	
19188	1476.9	26.786	29.723	27.395	
19189	1477.	26.786	29.723	27.395	
19190	1477.	26.786	29.723	27.395	
19191	1477.	26.786	29.723	27.395	
19192	1477.	26.786	29.723	27.395	
19193	1477.1	26.786	29.723	27.395	
19194	1477.2	26.786	29.724	27.395	
19195	1477.3	26.786	29.724	27.395	
19196	1477.4	26.786	29.724	27.396	
19197	1477.5	26.786	29.724	27.396	
19198	1477.6	26.786	29.724	27.396	
19199	1477.7	26.786	29.724	27.396	
19200	1477.8	26.786	29.724	27.396	
19201	1477.9	26.786	29.724	27.396	
19202	1478.	26.786	29.724	27.396	
19203	1478.	26.786	29.724	27.396	
19204	1478.	26.786	29.724	27.396	
19205	1478.	26.786	29.724	27.396	
19206	1478.1	26.786	29.724	27.396	
19207	1478.2	26.786	29.724	27.396	
19208	1478.3	26.786	29.725	27.396	
19209	1478.4	26.786	29.725	27.396	
19210	1478.5	26.786	29.725	27.396	
19211	1478.6	26.786	29.725	27.396	
19212	1478.7	26.786	29.725	27.396	
19213	1478.8	26.786	29.725	27.396	
19214	1478.9	26.787	29.725	27.396	
19215	1479.	26.787	29.725	27.396	
19216	1479.	26.787	29.725	27.396	
19217	1479.	26.787	29.725	27.396	
19218	1479.	26.787	29.725	27.396	
19219	1479.1	26.787	29.725	27.396	
19220	1479.2	26.787	29.725	27.396	
19221	1479.3	26.787	29.726	27.396	
19222	1479.4	26.787	29.726	27.396	
19223	1479.5	26.787	29.726	27.396	
19224	1479.6	26.787	29.726	27.397	
19225	1479.7	26.787	29.726	27.397	
19226	1479.8	26.787	29.726	27.397	
19227	1479.9	26.787	29.726	27.397	
19228	1480.	26.787	29.726	27.397	
19229	1480.	26.787	29.726	27.397	
19230	1480.	26.787	29.726	27.397	
19231	1480.	26.787	29.726	27.397	
19232	1480.1	26.787	29.726	27.397	
19233	1480.2	26.787	29.726	27.397	
19234	1480.3	26.787	29.726	27.397	
19235	1480.4	26.787	29.727	27.397	
19236	1480.5	26.787	29.727	27.397	
19237	1480.6	26.787	29.727	27.397	
19238	1480.7	26.787	29.727	27.397	
19239	1480.8	26.787	29.727	27.397	
19240	1480.9	26.787	29.727	27.397	
19241	1481.	26.787	29.727	27.397	
19242	1481.	26.787	29.727	27.397	
19243	1481.	26.787	29.727	27.397	
19244	1481.	26.787	29.727	27.397	
19245	1481.1	26.787	29.727	27.397	
19246	1481.2	26.787	29.727	27.397	
19247	1481.3	26.787	29.727	27.397	
19248	1481.4	26.787	29.728	27.397	
19249	1481.5	26.787	29.728	27.397	
19250	1481.6	26.787	29.728	27.397	
19251	1481.7	26.788	29.728	27.398	
19252	1481.8	26.788	29.728	27.398	
19253	1481.9	26.788	29.728	27.398	
19254	1482.	26.788	29.728	27.398	
19255	1482.	26.788	29.728	27.398	
19256	1482.	26.788	29.728	27.398	
19257	1482.	26.788	29.728	27.398	
19258	1482.1	26.788	29.728	27.398	
19259	1482.2	26.788	29.728	27.398	
19260	1482.3	26.788	29.728	27.398	
19261	1482.4	26.788	29.729	27.398	
19262	1482.5	26.788	29.729	27.398	
19263	1482.6	26.788	29.729	27.398	
19264	1482.7	26.788	29.729	27.398	
19265	1482.8	26.788	29.729	27.398	
19266	1482.9	26.788	29.729	27.398	
19267	1483.	26.788	29.729	27.398	
19268	1483.	26.788	29.729	27.398	
19269	1483.	26.788	29.729	27.398	
19270	1483.	26.788	29.729	27.398	
19271	1483.1	26.788	29.729	27.398	
19272	1483.2	26.788	29.729	27.398	
19273	1483.3	26.788	29.729	27.398	
19274	1483.4	26.788	29.729	27.398	
19275	1483.5	26.788	29.73	27.398	
19276	1483.6	26.788	29.73	27.398	
19277	1483.7	26.788	29.73	27.398	
19278	1483.8	26.788	29.73	27.399	
19279	1483.9	26.788	29.73	27.399	
19280	1484.	26.788	29.73	27.399	
19281	1484.	26.788	29.73	27.399	
19282	1484.	26.788	29.73	27.399	
19283	1484.	26.788	29.73	27.399	
19284	1484.1	26.788	29.73	27.399	
19285	1484.2	26.788	29.73	27.399	
19286	1484.3	26.788	29.73	27.399	
19287	1484.4	26.789	29.73	27.399	
19288	1484.5	26.789	29.731	27.399	
19289	1484.6	26.789	29.731	27.399	
19290	1484.7	26.789	29.731	27.399	
19291	1484.8	26.789	29.731	27.399	
19292	1484.9	26.789	29.731	27.399	
19293	1485.	26.789	29.731	27.399	
19294	1485.	26.789	29.731	27.399	
19295	1485.	26.789	29.731	27.399	
19296	1485.	26.789	29.731	27.399	
19297	1485.1	26.789	29.731	27.399	
19298	1485.2	26.789	29.731	27.399	
19299	1485.3	26.789	29.731	27.399	
19300	1485.4	26.789	29.731	27.399	
19301	1485.5	26.789	29.731	27.399	
19302	1485.6	26.789	29.732	27.399	
19303	1485.7	26.789	29.732	27.399	
19304	1485.8	26.789	29.732	27.399	
19305	1485.9	26.789	29.732	27.4	
19306	1486.	26.789	29.732	27.4	
19307	1486.	26.789	29.732	27.4	
19308	1486.	26.789	29.732	27.4	
19309	1486.	26.789	29.732	27.4	
19310	1486.1	26.789	29.732	27.4	
19311	1486.2	26.789	29.732	27.4	
19312	1486.3	26.789	29.732	27.4	
19313	1486.4	26.789	29.732	27.4	
19314	1486.5	26.789	29.732	27.4	
19315	1486.6	26.789	29.733	27.4	
19316	1486.7	26.789	29.733	27.4	
19317	1486.8	26.789	29.733	27.4	
19318	1486.9	26.789	29.733	27.4	
19319	1487.	26.789	29.733	27.4	
19320	1487.	26.789	29.733	27.4	
19321	1487.	26.789	29.733	27.4	
19322	1487.	26.789	29.733	27.4	
19323	1487.1	26.79	29.733	27.4	
19324	1487.2	26.79	29.733	27.4	
19325	1487.3	26.79	29.733	27.4	
19326	1487.4	26.79	29.733	27.4	
19327	1487.5	26.79	29.733	27.4	
19328	1487.6	26.79	29.733	27.4	
19329	1487.7	26.79	29.734	27.4	
19330	1487.8	26.79	29.734	27.4	
19331	1487.9	26.79	29.734	27.4	
19332	1488.	26.79	29.734	27.4	
19333	1488.	26.79	29.734	27.4	
19334	1488.	26.79	29.734	27.4	
19335	1488.	26.79	29.734	27.401	
19336	1488.1	26.79	29.734	27.401	
19337	1488.2	26.79	29.734	27.401	
19338	1488.3	26.79	29.734	27.401	
19339	1488.4	26.79	29.734	27.401	
19340	1488.5	26.79	29.734	27.401	
19341	1488.6	26.79	29.734	27.401	
19342	1488.7	26.79	29.735	27.401	
19343	1488.8	26.79	29.735	27.401	
19344	1488.9	26.79	29.735	27.401	
19345	1489.	26.79	29.735	27.401	
19346	1489.	26.79	29.735	27.401	
19347	1489.	26.79	29.735	27.401	
19348	1489.	26.79	29.735	27.401	
19349	1489.1	26.79	29.735	27.401	
19350	1489.2	26.79	29.735	27.401	
19351	1489.3	26.79	29.735	27.401	
19352	1489.4	26.79	29.735	27.401	
19353	1489.5	26.79	29.735	27.401	
19354	1489.6	26.79	29.735	27.401	
19355	1489.7	26.79	29.735	27.401	
19356	1489.8	26.791	29.736	27.401	
19357	1489.9	26.791	29.736	27.401	
19358	1490.	26.791	29.736	27.401	
19359	1490.	26.791	29.736	27.401	
19360	1490.	26.791	29.736	27.401	
19361	1490.	26.791	29.736	27.401	
19362	1490.1	26.791	29.736	27.401	
19363	1490.2	26.791	29.736	27.402	
19364	1490.3	26.791	29.736	27.402	
19365	1490.4	26.791	29.736	27.402	
19366	1490.5	26.791	29.736	27.402	
19367	1490.6	26.791	29.736	27.402	
19368	1490.7	26.791	29.736	27.402	
19369	1490.8	26.791	29.737	27.402	
19370	1490.9	26.791	29.737	27.402	
19371	1491.	26.791	29.737	27.402	
19372	1491.	26.791	29.737	27.402	
19373	1491.	26.791	29.737	27.402	
19374	1491.	26.791	29.737	27.402	
19375	1491.1	26.791	29.737	27.402	
19376	1491.2	26.791	29.737	27.402	
19377	1491.3	26.791	29.737	27.402	
19378	1491.4	26.791	29.737	27.402	
19379	1491.5	26.791	29.737	27.402	
19380	1491.6	26.791	29.737	27.402	
19381	1491.7	26.791	29.737	27.402	
19382	1491.8	26.791	29.737	27.402	
19383	1491.9	26.791	29.738	27.402	
19384	1492.	26.791	29.738	27.402	
19385	1492.	26.791	29.738	27.402	
19386	1492.	26.791	29.738	27.402	
19387	1492.	26.791	29.738	27.402	
19388	1492.1	26.791	29.738	27.402	
19389	1492.2	26.791	29.738	27.402	
19390	1492.3	26.791	29.738	27.403	
19391	1492.4	26.791	29.738	27.403	
19392	1492.5	26.792	29.738	27.403	
19393	1492.6	26.792	29.738	27.403	
19394	1492.7	26.792	29.738	27.403	
19395	1492.8	26.792	29.738	27.403	
19396	1492.9	26.792	29.739	27.403	
19397	1493.	26.792	29.739	27.403	
19398	1493.	26.792	29.739	27.403	
19399	1493.	26.792	29.739	27.403	
19400	1493.	26.792	29.739	27.403	
19401	1493.1	26.792	29.739	27.403	
19402	1493.2	26.792	29.739	27.403	
19403	1493.3	26.792	29.739	27.403	
19404	1493.4	26.792	29.739	27.403	
19405	1493.5	26.792	29.739	27.403	
19406	1493.6	26.792	29.739	27.403	
19407	1493.7	26.792	29.739	27.403	
19408	1493.8	26.792	29.739	27.403	
19409	1493.9	26.792	29.739	27.403	
19410	1494.	26.792	29.74	27.403	
19411	1494.	26.792	29.74	27.403	
19412	1494.	26.792	29.74	27.403	
19413	1494.	26.792	29.74	27.403	
19414	1494.1	26.792	29.74	27.403	
19415	1494.2	26.792	29.74	27.403	
19416	1494.3	26.792	29.74	27.403	
19417	1494.4	26.792	29.74	27.404	
19418	1494.5	26.792	29.74	27.404	
19419	1494.6	26.792	29.74	27.404	
19420	1494.7	26.792	29.74	27.404	
19421	1494.8	26.792	29.74	27.404	
19422	1494.9	26.792	29.74	27.404	
19423	1495.	26.792	29.74	27.404	
19424	1495.	26.792	29.74	27.404	
19425	1495.	26.792	29.74	27.404	
19426	1495.	26.792	29.741	27.404	
19427	1495.1	26.792	29.741	27.404	
19428	1495.2	26.793	29.741	27.404	
19429	1495.3	26.793	29.741	27.404	
19430	1495.4	26.793	29.741	27.404	
19431	1495.5	26.793	29.741	27.404	
19432	1495.6	26.793	29.741	27.404	
19433	1495.7	26.793	29.741	27.404	
19434	1495.8	26.793	29.741	27.404	
19435	1495.9	26.793	29.741	27.404	
19436	1496.	26.793	29.741	27.404	
19437	1496.	26.793	29.741	27.404	
19438	1496.	26.793	29.741	27.404	
19439	1496.	26.793	29.741	27.404	
19440	1496.1	26.793	29.742	27.404	
19441	1496.2	26.793	29.742	27.404	
19442	1496.3	26.793	29.742	27.404	
19443	1496.4	26.793	29.742	27.404	
19444	1496.5	26.793	29.742	27.405	
19445	1496.6	26.793	29.742	27.405	
19446	1496.7	26.793	29.742	27.405	
19447	1496.8	26.793	29.742	27.405	
19448	1496.9	26.793	29.742	27.405	
19449	1497.	26.793	29.742	27.405	
19450	1497.	26.793	29.742	27.405	
19451	1497.	26.793	29.742	27.405	
19452	1497.	26.793	29.742	27.405	
19453	1497.1	26.793	29.743	27.405	
19454	1497.2	26.793	29.743	27.405	
19455	1497.3	26.793	29.743	27.405	
19456	1497.4	26.793	29.743	27.405	
19457	1497.5	26.793	29.743	27.405	
19458	1497.6	26.793	29.743	27.405	
19459	1497.7	26.793	29.743	27.405	
19460	1497.8	26.793	29.743	27.405	
19461	1497.9	26.794	29.743	27.405	
19462	1498.	26.794	29.743	27.405	
19463	1498.	26.794	29.743	27.405	
19464	1498.	26.794	29.743	27.405	
19465	1498.	26.794	29.743	27.405	
19466	1498.1	26.794	29.743	27.405	
19467	1498.2	26.794	29.744	27.405	
19468	1498.3	26.794	29.744	27.405	
19469	1498.4	26.794	29.744	27.405	
19470	1498.5	26.794	29.744	27.405	
19471	1498.6	26.794	29.744	27.406	
19472	1498.7	26.794	29.744	27.406	
19473	1498.8	26.794	29.744	27.406	
19474	1498.9	26.794	29.744	27.406	
19475	1499.	26.794	29.744	27.406	
19476	1499.	26.794	29.744	27.406	
19477	1499.	26.794	29.744	27.406	
19478	1499.	26.794	29.744	27.406	
19479	1499.1	26.794	29.744	27.406	
19480	1499.2	26.794	29.745	27.406	
19481	1499.3	26.794	29.745	27.406	
19482	1499.4	26.794	29.745	27.406	
19483	1499.5	26.794	29.745	27.406	
19484	1499.6	26.794	29.745	27.406	
19485	1499.7	26.794	29.745	27.406	
19486	1499.8	26.794	29.745	27.406	
19487	1499.9	26.794	29.745	27.406	
19488	1500.	26.794	29.745	27.406	
19489	1500.	26.794	29.745	27.406	
19490	1500.	26.794	29.745	27.406	
19491	1500.	26.794	29.745	27.406	
19492	1500.1	26.794	29.745	27.406	
19493	1500.2	26.794	29.745	27.406	
19494	1500.3	26.794	29.746	27.406	
19495	1500.4	26.794	29.746	27.406	
19496	1500.5	26.794	29.746	27.406	
19497	1500.6	26.795	29.746	27.406	
19498	1500.7	26.795	29.746	27.407	
19499	1500.8	26.795	29.746	27.407	
19500	1500.9	26.795	29.746	27.407	
19501	1501.	26.795	29.746	27.407	
19502	1501.	26.795	29.746	27.407	
19503	1501.	26.795	29.746	27.407	
19504	1501.	26.795	29.746	27.407	
19505	1501.1	26.795	29.746	27.407	
19506	1501.2	26.795	29.746	27.407	
19507	1501.3	26.795	29.747	27.407	
19508	1501.4	26.795	29.747	27.407	
19509	1501.5	26.795	29.747	27.407	
19510	1501.6	26.795	29.747	27.407	
19511	1501.7	26.795	29.747	27.407	
19512	1501.8	26.795	29.747	27.407	
19513	1501.9	26.795	29.747	27.407	
19514	1502.	26.795	29.747	27.407	
19515	1502.	26.795	29.747	27.407	
19516	1502.	26.795	29.747	27.407	
19517	1502.	26.795	29.747	27.407	
19518	1502.1	26.795	29.747	27.407	
19519	1502.2	26.795	29.747	27.407	
19520	1502.3	26.795	29.747	27.407	
19521	1502.4	26.795	29.748	27.407	
19522	1502.5	26.795	29.748	27.407	
19523	1502.6	26.795	29.748	27.407	
19524	1502.7	26.795	29.748	27.407	
19525	1502.8	26.795	29.748	27.408	
19526	1502.9	26.795	29.748	27.408	
19527	1503.	26.795	29.748	27.408	
19528	1503.	26.795	29.748	27.408	
19529	1503.	26.795	29.748	27.408	
19530	1503.	26.795	29.748	27.408	
19531	1503.1	26.795	29.748	27.408	
19532	1503.2	26.795	29.748	27.408	
19533	1503.3	26.796	29.748	27.408	
19534	1503.4	26.796	29.749	27.408	
19535	1503.5	26.796	29.749	27.408	
19536	1503.6	26.796	29.749	27.408	
19537	1503.7	26.796	29.749	27.408	
19538	1503.8	26.796	29.749	27.408	
19539	1503.9	26.796	29.749	27.408	
19540	1504.	26.796	29.749	27.408	
19541	1504.	26.796	29.749	27.408	
19542	1504.	26.796	29.749	27.408	
19543	1504.	26.796	29.749	27.408	
19544	1504.1	26.796	29.749	27.408	
19545	1504.2	26.796	29.749	27.408	
19546	1504.3	26.796	29.749	27.408	
19547	1504.4	26.796	29.749	27.408	
19548	1504.5	26.796	29.75	27.408	
19549	1504.6	26.796	29.75	27.408	
19550	1504.7	26.796	29.75	27.408	
19551	1504.8	26.796	29.75	27.408	
19552	1504.9	26.796	29.75	27.409	
19553	1505.	26.796	29.75	27.409	
19554	1505.	26.796	29.75	27.409	
19555	1505.	26.796	29.75	27.409	
19556	1505.	26.796	29.75	27.409	
19557	1505.1	26.796	29.75	27.409	
19558	1505.2	26.796	29.75	27.409	
19559	1505.3	26.796	29.75	27.409	
19560	1505.4	26.796	29.75	27.409	
19561	1505.5	26.796	29.751	27.409	
19562	1505.6	26.796	29.751	27.409	
19563	1505.7	26.796	29.751	27.409	
19564	1505.8	26.796	29.751	27.409	
19565	1505.9	26.796	29.751	27.409	
19566	1506.	26.796	29.751	27.409	
19567	1506.	26.796	29.751	27.409	
19568	1506.	26.797	29.751	27.409	
19569	1506.	26.797	29.751	27.409	
19570	1506.1	26.797	29.751	27.409	
19571	1506.2	26.797	29.751	27.409	
19572	1506.3	26.797	29.751	27.409	
19573	1506.4	26.797	29.751	27.409	
19574	1506.5	26.797	29.751	27.409	
19575	1506.6	26.797	29.752	27.409	
19576	1506.7	26.797	29.752	27.409	
19577	1506.8	26.797	29.752	27.409	
19578	1506.9	26.797	29.752	27.409	
19579	1507.	26.797	29.752	27.409	
19580	1507.	26.797	29.752	27.409	
19581	1507.	26.797	29.752	27.409	
19582	1507.	26.797	29.752	27.41	
19583	1507.1	26.797	29.752	27.41	
19584	1507.2	26.797	29.752	27.41	
19585	1507.3	26.797	29.752	27.41	
19586	1507.4	26.797	29.752	27.41	
19587	1507.5	26.797	29.752	27.41	
19588	1507.6	26.797	29.753	27.41	
19589	1507.7	26.797	29.753	27.41	
19590	1507.8	26.797	29.753	27.41	
19591	1507.9	26.797	29.753	27.41	
19592	1508.	26.797	29.753	27.41	
19593	1508.	26.797	29.753	27.41	
19594	1508.	26.797	29.753	27.41	
19595	1508.	26.797	29.753	27.41	
19596	1508.1	26.797	29.753	27.41	
19597	1508.2	26.797	29.753	27.41	
19598	1508.3	26.797	29.753	27.41	
19599	1508.4	26.797	29.753	27.41	
19600	1508.5	26.797	29.753	27.41	
19601	1508.6	26.797	29.753	27.41	
19602	1508.7	26.798	29.754	27.41	
19603	1508.8	26.798	29.754	27.41	
19604	1508.9	26.798	29.754	27.41	
19605	1509.	26.798	29.754	27.41	
19606	1509.	26.798	29.754	27.41	
19607	1509.	26.798	29.754	27.41	
19608	1509.	26.798	29.754	27.41	
19609	1509.1	26.798	29.754	27.41	
19610	1509.2	26.798	29.754	27.411	
19611	1509.3	26.798	29.754	27.411	
19612	1509.4	26.798	29.754	27.411	
19613	1509.5	26.798	29.754	27.411	
19614	1509.6	26.798	29.754	27.411	
19615	1509.7	26.798	29.755	27.411	
19616	1509.8	26.798	29.755	27.411	
19617	1509.9	26.798	29.755	27.411	
19618	1510.	26.798	29.755	27.411	
19619	1510.	26.798	29.755	27.411	
19620	1510.	26.798	29.755	27.411	
19621	1510.	26.798	29.755	27.411	
19622	1510.1	26.798	29.755	27.411	
19623	1510.2	26.798	29.755	27.411	
19624	1510.3	26.798	29.755	27.411	
19625	1510.4	26.798	29.755	27.411	
19626	1510.5	26.798	29.755	27.411	
19627	1510.6	26.798	29.755	27.411	
19628	1510.7	26.798	29.755	27.411	
19629	1510.8	26.798	29.756	27.411	
19630	1510.9	26.798	29.756	27.411	
19631	1511.	26.798	29.756	27.411	
19632	1511.	26.798	29.756	27.411	
19633	1511.	26.798	29.756	27.411	
19634	1511.	26.798	29.756	27.411	
19635	1511.1	26.798	29.756	27.411	
19636	1511.2	26.798	29.756	27.411	
19637	1511.3	26.798	29.756	27.412	
19638	1511.4	26.799	29.756	27.412	
19639	1511.5	26.799	29.756	27.412	
19640	1511.6	26.799	29.756	27.412	
19641	1511.7	26.799	29.756	27.412	
19642	1511.8	26.799	29.757	27.412	
19643	1511.9	26.799	29.757	27.412	
19644	1512.	26.799	29.757	27.412	
19645	1512.	26.799	29.757	27.412	
19646	1512.	26.799	29.757	27.412	
19647	1512.	26.799	29.757	27.412	
19648	1512.1	26.799	29.757	27.412	
19649	1512.2	26.799	29.757	27.412	
19650	1512.3	26.799	29.757	27.412	
19651	1512.4	26.799	29.757	27.412	
19652	1512.5	26.799	29.757	27.412	
19653	1512.6	26.799	29.757	27.412	
19654	1512.7	26.799	29.757	27.412	
19655	1512.8	26.799	29.757	27.412	
19656	1512.9	26.799	29.758	27.412	
19657	1513.	26.799	29.758	27.412	
19658	1513.	26.799	29.758	27.412	
19659	1513.	26.799	29.758	27.412	
19660	1513.	26.799	29.758	27.412	
19661	1513.1	26.799	29.758	27.412	
19662	1513.2	26.799	29.758	27.412	
19663	1513.3	26.799	29.758	27.412	
19664	1513.4	26.799	29.758	27.413	
19665	1513.5	26.799	29.758	27.413	
19666	1513.6	26.799	29.758	27.413	
19667	1513.7	26.799	29.758	27.413	
19668	1513.8	26.799	29.758	27.413	
19669	1513.9	26.799	29.759	27.413	
19670	1514.	26.799	29.759	27.413	
19671	1514.	26.799	29.759	27.413	
19672	1514.	26.799	29.759	27.413	
19673	1514.	26.799	29.759	27.413	
19674	1514.1	26.8	29.759	27.413	
19675	1514.2	26.8	29.759	27.413	
19676	1514.3	26.8	29.759	27.413	
19677	1514.4	26.8	29.759	27.413	
19678	1514.5	26.8	29.759	27.413	
19679	1514.6	26.8	29.759	27.413	
19680	1514.7	26.8	29.759	27.413	
19681	1514.8	26.8	29.759	27.413	
19682	1514.9	26.8	29.759	27.413	
19683	1515.	26.8	29.76	27.413	
19684	1515.	26.8	29.76	27.413	
19685	1515.	26.8	29.76	27.413	
19686	1515.	26.8	29.76	27.413	
19687	1515.1	26.8	29.76	27.413	
19688	1515.2	26.8	29.76	27.413	
19689	1515.3	26.8	29.76	27.413	
19690	1515.4	26.8	29.76	27.413	
19691	1515.5	26.8	29.76	27.414	
19692	1515.6	26.8	29.76	27.414	
19693	1515.7	26.8	29.76	27.414	
19694	1515.8	26.8	29.76	27.414	
19695	1515.9	26.8	29.76	27.414	
19696	1516.	26.8	29.76	27.414	
19697	1516.	26.8	29.761	27.414	
19698	1516.	26.8	29.761	27.414	
19699	1516.	26.8	29.761	27.414	
19700	1516.1	26.8	29.761	27.414	
19701	1516.2	26.8	29.761	27.414	
19702	1516.3	26.8	29.761	27.414	
19703	1516.4	26.8	29.761	27.414	
19704	1516.5	26.8	29.761	27.414	
19705	1516.6	26.8	29.761	27.414	
19706	1516.7	26.8	29.761	27.414	
19707	1516.8	26.801	29.761	27.414	
19708	1516.9	26.801	29.761	27.414	
19709	1517.	26.801	29.761	27.414	
19710	1517.	26.801	29.761	27.414	
19711	1517.	26.801	29.761	27.414	
19712	1517.	26.801	29.761	27.414	
19713	1517.1	26.801	29.762	27.414	
19714	1517.2	26.801	29.762	27.414	
19715	1517.3	26.801	29.762	27.414	
19716	1517.4	26.801	29.762	27.414	
19717	1517.5	26.801	29.762	27.414	
19718	1517.6	26.801	29.762	27.415	
19719	1517.7	26.801	29.762	27.415	
19720	1517.8	26.801	29.762	27.415	
19721	1517.9	26.801	29.762	27.415	
19722	1518.	26.801	29.762	27.415	
19723	1518.	26.801	29.762	27.415	
19724	1518.	26.801	29.762	27.415	
19725	1518.	26.801	29.762	27.415	
19726	1518.1	26.801	29.763	27.415	
19727	1518.2	26.801	29.763	27.415	
19728	1518.3	26.801	29.763	27.415	
19729	1518.4	26.801	29.763	27.415	
19730	1518.5	26.801	29.763	27.415	
19731	1518.6	26.801	29.763	27.415	
19732	1518.7	26.801	29.763	27.415	
19733	1518.8	26.801	29.763	27.415	
19734	1518.9	26.801	29.763	27.415	
19735	1519.	26.801	29.763	27.415	
19736	1519.	26.801	29.763	27.415	
19737	1519.	26.801	29.763	27.415	
19738	1519.	26.801	29.763	27.415	
19739	1519.1	26.801	29.763	27.415	
19740	1519.2	26.801	29.764	27.415	
19741	1519.3	26.801	29.764	27.415	
19742	1519.4	26.801	29.764	27.415	
19743	1519.5	26.802	29.764	27.415	
19744	1519.6	26.802	29.764	27.415	
19745	1519.7	26.802	29.764	27.416	
19746	1519.8	26.802	29.764	27.416	
19747	1519.9	26.802	29.764	27.416	
19748	1520.	26.802	29.764	27.416	
19749	1520.	26.802	29.764	27.416	
19750	1520.	26.802	29.764	27.416	
19751	1520.	26.802	29.764	27.416	
19752	1520.1	26.802	29.764	27.416	
19753	1520.2	26.802	29.765	27.416	
19754	1520.3	26.802	29.765	27.416	
19755	1520.4	26.802	29.765	27.416	
19756	1520.5	26.802	29.765	27.416	
19757	1520.6	26.802	29.765	27.416	
19758	1520.7	26.802	29.765	27.416	
19759	1520.8	26.802	29.765	27.416	
19760	1520.9	26.802	29.765	27.416	
19761	1521.	26.802	29.765	27.416	
19762	1521.	26.802	29.765	27.416	
19763	1521.	26.802	29.765	27.416	
19764	1521.	26.802	29.765	27.416	
19765	1521.1	26.802	29.765	27.416	
19766	1521.2	26.802	29.765	27.416	
19767	1521.3	26.802	29.766	27.416	
19768	1521.4	26.802	29.766	27.416	
19769	1521.5	26.802	29.766	27.416	
19770	1521.6	26.802	29.766	27.416	
19771	1521.7	26.802	29.766	27.416	
19772	1521.8	26.802	29.766	27.417	
19773	1521.9	26.802	29.766	27.417	
19774	1522.	26.802	29.766	27.417	
19775	1522.	26.802	29.766	27.417	
19776	1522.	26.802	29.766	27.417	
19777	1522.	26.802	29.766	27.417	
19778	1522.1	26.802	29.766	27.417	
19779	1522.2	26.803	29.766	27.417	
19780	1522.3	26.803	29.767	27.417	
19781	1522.4	26.803	29.767	27.417	
19782	1522.5	26.803	29.767	27.417	
19783	1522.6	26.803	29.767	27.417	
19784	1522.7	26.803	29.767	27.417	
19785	1522.8	26.803	29.767	27.417	
19786	1522.9	26.803	29.767	27.417	
19787	1523.	26.803	29.767	27.417	
19788	1523.	26.803	29.767	27.417	
19789	1523.	26.803	29.767	27.417	
19790	1523.	26.803	29.767	27.417	
19791	1523.1	26.803	29.767	27.417	
19792	1523.2	26.803	29.767	27.417	
19793	1523.3	26.803	29.767	27.417	
19794	1523.4	26.803	29.768	27.417	
19795	1523.5	26.803	29.768	27.417	
19796	1523.6	26.803	29.768	27.417	
19797	1523.7	26.803	29.768	27.417	
19798	1523.8	26.803	29.768	27.417	
19799	1523.9	26.803	29.768	27.418	
19800	1524.	26.803	29.768	27.418	
19801	1524.	26.803	29.768	27.418	
19802	1524.	26.803	29.768	27.418	
19803	1524.	26.803	29.768	27.418	
19804	1524.1	26.803	29.768	27.418	
19805	1524.2	26.803	29.768	27.418	
19806	1524.3	26.803	29.768	27.418	
19807	1524.4	26.803	29.769	27.418	
19808	1524.5	26.803	29.769	27.418	
19809	1524.6	26.803	29.769	27.418	
19810	1524.7	26.803	29.769	27.418	
19811	1524.8	26.803	29.769	27.418	
19812	1524.9	26.804	29.769	27.418	
19813	1525.	26.804	29.769	27.418	
19814	1525.	26.804	29.769	27.418	
19815	1525.	26.804	29.769	27.418	
19816	1525.	26.804	29.769	27.418	
19817	1525.1	26.804	29.769	27.418	
19818	1525.2	26.804	29.769	27.418	
19819	1525.3	26.804	29.769	27.418	
19820	1525.4	26.804	29.769	27.418	
19821	1525.5	26.804	29.77	27.418	
19822	1525.6	26.804	29.77	27.418	
19823	1525.7	26.804	29.77	27.418	
19824	1525.8	26.804	29.77	27.418	
19825	1525.9	26.804	29.77	27.418	
19826	1526.	26.804	29.77	27.418	
19827	1526.	26.804	29.77	27.419	
19828	1526.	26.804	29.77	27.419	
19829	1526.	26.804	29.77	27.419	
19830	1526.1	26.804	29.77	27.419	
19831	1526.2	26.804	29.77	27.419	
19832	1526.3	26.804	29.77	27.419	
19833	1526.4	26.804	29.77	27.419	
19834	1526.5	26.804	29.771	27.419	
19835	1526.6	26.804	29.771	27.419	
19836	1526.7	26.804	29.771	27.419	
19837	1526.8	26.804	29.771	27.419	
19838	1526.9	26.804	29.771	27.419	
19839	1527.	26.804	29.771	27.419	
19840	1527.	26.804	29.771	27.419	
19841	1527.	26.804	29.771	27.419	
19842	1527.	26.804	29.771	27.419	
19843	1527.1	26.804	29.771	27.419	
19844	1527.2	26.804	29.771	27.419	
19845	1527.3	26.804	29.771	27.419	
19846	1527.4	26.804	29.771	27.419	
19847	1527.5	26.805	29.771	27.419	
19848	1527.6	26.805	29.772	27.419	
19849	1527.7	26.805	29.772	27.419	
19850	1527.8	26.805	29.772	27.419	
19851	1527.9	26.805	29.772	27.419	
19852	1528.	26.805	29.772	27.419	
19853	1528.	26.805	29.772	27.419	
19854	1528.	26.805	29.772	27.419	
19855	1528.	26.805	29.772	27.419	
19856	1528.1	26.805	29.772	27.42	
19857	1528.2	26.805	29.772	27.42	
19858	1528.3	26.805	29.772	27.42	
19859	1528.4	26.805	29.772	27.42	
19860	1528.5	26.805	29.772	27.42	
19861	1528.6	26.805	29.773	27.42	
19862	1528.7	26.805	29.773	27.42	
19863	1528.8	26.805	29.773	27.42	
19864	1528.9	26.805	29.773	27.42	
19865	1529.	26.805	29.773	27.42	
19866	1529.	26.805	29.773	27.42	
19867	1529.	26.805	29.773	27.42	
19868	1529.	26.805	29.773	27.42	
19869	1529.1	26.805	29.773	27.42	
19870	1529.2	26.805	29.773	27.42	
19871	1529.3	26.805	29.773	27.42	
19872	1529.4	26.805	29.773	27.42	
19873	1529.5	26.805	29.773	27.42	
19874	1529.6	26.805	29.773	27.42	
19875	1529.7	26.805	29.774	27.42	
19876	1529.8	26.805	29.774	27.42	
19877	1529.9	26.805	29.774	27.42	
19878	1530.	26.805	29.774	27.42	
19879	1530.	26.805	29.774	27.42	
19880	1530.	26.805	29.774	27.42	
19881	1530.	26.805	29.774	27.42	
19882	1530.1	26.805	29.774	27.42	
19883	1530.2	26.806	29.774	27.421	
19884	1530.3	26.806	29.774	27.421	
19885	1530.4	26.806	29.774	27.421	
19886	1530.5	26.806	29.774	27.421	
19887	1530.6	26.806	29.774	27.421	
19888	1530.7	26.806	29.775	27.421	
19889	1530.8	26.806	29.775	27.421	
19890	1530.9	26.806	29.775	27.421	
19891	1531.	26.806	29.775	27.421	
19892	1531.	26.806	29.775	27.421	
19893	1531.	26.806	29.775	27.421	
19894	1531.	26.806	29.775	27.421	
19895	1531.1	26.806	29.775	27.421	
19896	1531.2	26.806	29.775	27.421	
19897	1531.3	26.806	29.775	27.421	
19898	1531.4	26.806	29.775	27.421	
19899	1531.5	26.806	29.775	27.421	
19900	1531.6	26.806	29.775	27.421	
19901	1531.7	26.806	29.775	27.421	
19902	1531.8	26.806	29.776	27.421	
19903	1531.9	26.806	29.776	27.421	
19904	1532.	26.806	29.776	27.421	
19905	1532.	26.806	29.776	27.421	
19906	1532.	26.806	29.776	27.421	
19907	1532.	26.806	29.776	27.421	
19908	1532.1	26.806	29.776	27.421	
19909	1532.2	26.806	29.776	27.421	
19910	1532.3	26.806	29.776	27.422	
19911	1532.4	26.806	29.776	27.422	
19912	1532.5	26.806	29.776	27.422	
19913	1532.6	26.806	29.776	27.422	
19914	1532.7	26.806	29.776	27.422	
19915	1532.8	26.806	29.777	27.422	
19916	1532.9	26.807	29.777	27.422	
19917	1533.	26.807	29.777	27.422	
19918	1533.	26.807	29.777	27.422	
19919	1533.	26.807	29.777	27.422	
19920	1533.	26.807	29.777	27.422	
19921	1533.1	26.807	29.777	27.422	
19922	1533.2	26.807	29.777	27.422	
19923	1533.3	26.807	29.777	27.422	
19924	1533.4	26.807	29.777	27.422	
19925	1533.5	26.807	29.777	27.422	
19926	1533.6	26.807	29.777	27.422	
19927	1533.7	26.807	29.777	27.422	
19928	1533.8	26.807	29.777	27.422	
19929	1533.9	26.807	29.778	27.422	
19930	1534.	26.807	29.778	27.422	
19931	1534.	26.807	29.778	27.422	
19932	1534.	26.807	29.778	27.422	
19933	1534.	26.807	29.778	27.422	
19934	1534.1	26.807	29.778	27.422	
19935	1534.2	26.807	29.778	27.422	
19936	1534.3	26.807	29.778	27.422	
19937	1534.4	26.807	29.778	27.423	
19938	1534.5	26.807	29.778	27.423	
19939	1534.6	26.807	29.778	27.423	
19940	1534.7	26.807	29.778	27.423	
19941	1534.8	26.807	29.778	27.423	
19942	1534.9	26.807	29.779	27.423	
19943	1535.	26.807	29.779	27.423	
19944	1535.	26.807	29.779	27.423	
19945	1535.	26.807	29.779	27.423	
19946	1535.	26.807	29.779	27.423	
19947	1535.1	26.807	29.779	27.423	
19948	1535.2	26.807	29.779	27.423	
19949	1535.3	26.807	29.779	27.423	
19950	1535.4	26.807	29.779	27.423	
19951	1535.5	26.807	29.779	27.423	
19952	1535.6	26.808	29.779	27.423	
19953	1535.7	26.808	29.779	27.423	
19954	1535.8	26.808	29.779	27.423	
19955	1535.9	26.808	29.779	27.423	
19956	1536.	26.808	29.78	27.423	
19957	1536.	26.808	29.78	27.423	
19958	1536.	26.808	29.78	27.423	
19959	1536.	26.808	29.78	27.423	
19960	1536.1	26.808	29.78	27.423	
19961	1536.2	26.808	29.78	27.423	
19962	1536.3	26.808	29.78	27.423	
19963	1536.4	26.808	29.78	27.423	
19964	1536.5	26.808	29.78	27.424	
19965	1536.6	26.808	29.78	27.424	
19966	1536.7	26.808	29.78	27.424	
19967	1536.8	26.808	29.78	27.424	
19968	1536.9	26.808	29.78	27.424	
19969	1537.	26.808	29.78	27.424	
19970	1537.	26.808	29.78	27.424	
19971	1537.	26.808	29.781	27.424	
19972	1537.	26.808	29.781	27.424	
19973	1537.1	26.808	29.781	27.424	
19974	1537.2	26.808	29.781	27.424	
19975	1537.3	26.808	29.781	27.424	
19976	1537.4	26.808	29.781	27.424	
19977	1537.5	26.808	29.781	27.424	
19978	1537.6	26.808	29.781	27.424	
19979	1537.7	26.808	29.781	27.424	
19980	1537.8	26.808	29.781	27.424	
19981	1537.9	26.808	29.781	27.424	
19982	1538.	26.808	29.781	27.424	
19983	1538.	26.808	29.781	27.424	
19984	1538.	26.808	29.781	27.424	
19985	1538.	26.808	29.781	27.424	
19986	1538.1	26.808	29.782	27.424	
19987	1538.2	26.808	29.782	27.424	
19988	1538.3	26.809	29.782	27.424	
19989	1538.4	26.809	29.782	27.424	
19990	1538.5	26.809	29.782	27.424	
19991	1538.6	26.809	29.782	27.425	
19992	1538.7	26.809	29.782	27.425	
19993	1538.8	26.809	29.782	27.425	
19994	1538.9	26.809	29.782	27.425	
19995	1539.	26.809	29.782	27.425	
19996	1539.	26.809	29.782	27.425	
19997	1539.	26.809	29.782	27.425	
19998	1539.	26.809	29.782	27.425	
19999	1539.1	26.809	29.783	27.425	
20000	1539.2	26.809	29.783	27.425	
20001	1539.3	26.809	29.783	27.425	
20002	1539.4	26.809	29.783	27.425	
20003	1539.5	26.809	29.783	27.425	
20004	1539.6	26.809	29.783	27.425	
20005	1539.7	26.809	29.783	27.425	
20006	1539.8	26.809	29.783	27.425	
20007	1539.9	26.809	29.783	27.425	
20008	1540.	26.809	29.783	27.425	
20009	1540.	26.809	29.783	27.425	
20010	1540.	26.809	29.783	27.425	
20011	1540.	26.809	29.783	27.425	
20012	1540.1	26.809	29.783	27.425	
20013	1540.2	26.809	29.784	27.425	
20014	1540.3	26.809	29.784	27.425	
20015	1540.4	26.809	29.784	27.425	
20016	1540.5	26.809	29.784	27.425	
20017	1540.6	26.809	29.784	27.425	
20018	1540.7	26.809	29.784	27.426	
20019	1540.8	26.809	29.784	27.426	
20020	1540.9	26.809	29.784	27.426	
20021	1541.	26.81	29.784	27.426	
20022	1541.	26.81	29.784	27.426	
20023	1541.	26.81	29.784	27.426	
20024	1541.	26.81	29.784	27.426	
20025	1541.1	26.81	29.784	27.426	
20026	1541.2	26.81	29.785	27.426	
20027	1541.3	26.81	29.785	27.426	
20028	1541.4	26.81	29.785	27.426	
20029	1541.5	26.81	29.785	27.426	
20030	1541.6	26.81	29.785	27.426	
20031	1541.7	26.81	29.785	27.426	
20032	1541.8	26.81	29.785	27.426	
20033	1541.9	26.81	29.785	27.426	
20034	1542.	26.81	29.785	27.426	
20035	1542.	26.81	29.785	27.426	
20036	1542.	26.81	29.785	27.426	
20037	1542.	26.81	29.785	27.426	
20038	1542.1	26.81	29.785	27.426	
20039	1542.2	26.81	29.785	27.426	
20040	1542.3	26.81	29.786	27.426	
20041	1542.4	26.81	29.786	27.426	
20042	1542.5	26.81	29.786	27.426	
20043	1542.6	26.81	29.786	27.426	
20044	1542.7	26.81	29.786	27.426	
20045	1542.8	26.81	29.786	27.427	
20046	1542.9	26.81	29.786	27.427	
20047	1543.	26.81	29.786	27.427	
20048	1543.	26.81	29.786	27.427	
20049	1543.	26.81	29.786	27.427	
20050	1543.	26.81	29.786	27.427	
20051	1543.1	26.81	29.786	27.427	
20052	1543.2	26.81	29.786	27.427	
20053	1543.3	26.81	29.787	27.427	
20054	1543.4	26.81	29.787	27.427	
20055	1543.5	26.81	29.787	27.427	
20056	1543.6	26.811	29.787	27.427	
20057	1543.7	26.811	29.787	27.427	
20058	1543.8	26.811	29.787	27.427	
20059	1543.9	26.811	29.787	27.427	
20060	1544.	26.811	29.787	27.427	
20061	1544.	26.811	29.787	27.427	
20062	1544.	26.811	29.787	27.427	
20063	1544.	26.811	29.787	27.427	
20064	1544.1	26.811	29.787	27.427	
20065	1544.2	26.811	29.787	27.427	
20066	1544.3	26.811	29.787	27.427	
20067	1544.4	26.811	29.788	27.427	
20068	1544.5	26.811	29.788	27.427	
20069	1544.6	26.811	29.788	27.427	
20070	1544.7	26.811	29.788	27.427	
20071	1544.8	26.811	29.788	27.427	
20072	1544.9	26.811	29.788	27.428	
20073	1545.	26.811	29.788	27.428	
20074	1545.	26.811	29.788	27.428	
20075	1545.	26.811	29.788	27.428	
20076	1545.	26.811	29.788	27.428	
20077	1545.1	26.811	29.788	27.428	
20078	1545.2	26.811	29.788	27.428	
20079	1545.3	26.811	29.788	27.428	
20080	1545.4	26.811	29.789	27.428	
20081	1545.5	26.811	29.789	27.428	
20082	1545.6	26.811	29.789	27.428	
20083	1545.7	26.811	29.789	27.428	
20084	1545.8	26.811	29.789	27.428	
20085	1545.9	26.811	29.789	27.428	
20086	1546.	26.811	29.789	27.428	
20087	1546.	26.811	29.789	27.428	
20088	1546.	26.811	29.789	27.428	
20089	1546.	26.811	29.789	27.428	
20090	1546.1	26.811	29.789	27.428	
20091	1546.2	26.811	29.789	27.428	
20092	1546.3	26.812	29.789	27.428	
20093	1546.4	26.812	29.789	27.428	
20094	1546.5	26.812	29.79	27.428	
20095	1546.6	26.812	29.79	27.428	
20096	1546.7	26.812	29.79	27.428	
20097	1546.8	26.812	29.79	27.428	
20098	1546.9	26.812	29.79	27.428	
20099	1547.	26.812	29.79	27.428	
20100	1547.	26.812	29.79	27.428	
20101	1547.	26.812	29.79	27.429	
20102	1547.	26.812	29.79	27.429	
20103	1547.1	26.812	29.79	27.429	
20104	1547.2	26.812	29.79	27.429	
20105	1547.3	26.812	29.79	27.429	
20106	1547.4	26.812	29.79	27.429	
20107	1547.5	26.812	29.791	27.429	
20108	1547.6	26.812	29.791	27.429	
20109	1547.7	26.812	29.791	27.429	
20110	1547.8	26.812	29.791	27.429	
20111	1547.9	26.812	29.791	27.429	
20112	1548.	26.812	29.791	27.429	
20113	1548.	26.812	29.791	27.429	
20114	1548.	26.812	29.791	27.429	
20115	1548.	26.812	29.791	27.429	
20116	1548.1	26.812	29.791	27.429	
20117	1548.2	26.812	29.791	27.429	
20118	1548.3	26.812	29.791	27.429	
20119	1548.4	26.812	29.791	27.429	
20120	1548.5	26.812	29.791	27.429	
20121	1548.6	26.812	29.792	27.429	
20122	1548.7	26.812	29.792	27.429	
20123	1548.8	26.812	29.792	27.429	
20124	1548.9	26.812	29.792	27.429	
20125	1549.	26.813	29.792	27.429	
20126	1549.	26.813	29.792	27.429	
20127	1549.	26.813	29.792	27.429	
20128	1549.	26.813	29.792	27.429	
20129	1549.1	26.813	29.792	27.43	
20130	1549.2	26.813	29.792	27.43	
20131	1549.3	26.813	29.792	27.43	
20132	1549.4	26.813	29.792	27.43	
20133	1549.5	26.813	29.792	27.43	
20134	1549.6	26.813	29.793	27.43	
20135	1549.7	26.813	29.793	27.43	
20136	1549.8	26.813	29.793	27.43	
20137	1549.9	26.813	29.793	27.43	
20138	1550.	26.813	29.793	27.43	
20139	1550.	26.813	29.793	27.43	
20140	1550.	26.813	29.793	27.43	
20141	1550.	26.813	29.793	27.43	
20142	1550.1	26.813	29.793	27.43	
20143	1550.2	26.813	29.793	27.43	
20144	1550.3	26.813	29.793	27.43	
20145	1550.4	26.813	29.793	27.43	
20146	1550.5	26.813	29.793	27.43	
20147	1550.6	26.813	29.793	27.43	
20148	1550.7	26.813	29.794	27.43	
20149	1550.8	26.813	29.794	27.43	
20150	1550.9	26.813	29.794	27.43	
20151	1551.	26.813	29.794	27.43	
20152	1551.	26.813	29.794	27.43	
20153	1551.	26.813	29.794	27.43	
20154	1551.	26.813	29.794	27.43	
20155	1551.1	26.813	29.794	27.43	
20156	1551.2	26.813	29.794	27.431	
20157	1551.3	26.813	29.794	27.431	
20158	1551.4	26.813	29.794	27.431	
20159	1551.5	26.813	29.794	27.431	
20160	1551.6	26.814	29.794	27.431	
20161	1551.7	26.814	29.795	27.431	
20162	1551.8	26.814	29.795	27.431	
20163	1551.9	26.814	29.795	27.431	
20164	1552.	26.814	29.795	27.431	
20165	1552.	26.814	29.795	27.431	
20166	1552.	26.814	29.795	27.431	
20167	1552.	26.814	29.795	27.431	
20168	1552.1	26.814	29.795	27.431	
20169	1552.2	26.814	29.795	27.431	
20170	1552.3	26.814	29.795	27.431	
20171	1552.4	26.814	29.795	27.431	
20172	1552.5	26.814	29.795	27.431	
20173	1552.6	26.814	29.795	27.431	
20174	1552.7	26.814	29.795	27.431	
20175	1552.8	26.814	29.796	27.431	
20176	1552.9	26.814	29.796	27.431	
20177	1553.	26.814	29.796	27.431	
20178	1553.	26.814	29.796	27.431	
20179	1553.	26.814	29.796	27.431	
20180	1553.	26.814	29.796	27.431	
20181	1553.1	26.814	29.796	27.431	
20182	1553.2	26.814	29.796	27.431	
20183	1553.3	26.814	29.796	27.432	
20184	1553.4	26.814	29.796	27.432	
20185	1553.5	26.814	29.796	27.432	
20186	1553.6	26.814	29.796	27.432	
20187	1553.7	26.814	29.796	27.432	
20188	1553.8	26.814	29.797	27.432	
20189	1553.9	26.814	29.797	27.432	
20190	1554.	26.814	29.797	27.432	
20191	1554.	26.814	29.797	27.432	
20192	1554.	26.814	29.797	27.432	
20193	1554.	26.814	29.797	27.432	
20194	1554.1	26.814	29.797	27.432	
20195	1554.2	26.814	29.797	27.432	
20196	1554.3	26.815	29.797	27.432	
20197	1554.4	26.815	29.797	27.432	
20198	1554.5	26.815	29.797	27.432	
20199	1554.6	26.815	29.797	27.432	
20200	1554.7	26.815	29.797	27.432	
20201	1554.8	26.815	29.797	27.432	
20202	1554.9	26.815	29.798	27.432	
20203	1555.	26.815	29.798	27.432	
20204	1555.	26.815	29.798	27.432	
20205	1555.	26.815	29.798	27.432	
20206	1555.	26.815	29.798	27.432	
20207	1555.1	26.815	29.798	27.432	
20208	1555.2	26.815	29.798	27.432	
20209	1555.3	26.815	29.798	27.432	
20210	1555.4	26.815	29.798	27.433	
20211	1555.5	26.815	29.798	27.433	
20212	1555.6	26.815	29.798	27.433	
20213	1555.7	26.815	29.798	27.433	
20214	1555.8	26.815	29.798	27.433	
20215	1555.9	26.815	29.799	27.433	
20216	1556.	26.815	29.799	27.433	
20217	1556.	26.815	29.799	27.433	
20218	1556.	26.815	29.799	27.433	
20219	1556.	26.815	29.799	27.433	
20220	1556.1	26.815	29.799	27.433	
20221	1556.2	26.815	29.799	27.433	
20222	1556.3	26.815	29.799	27.433	
20223	1556.4	26.815	29.799	27.433	
20224	1556.5	26.815	29.799	27.433	
20225	1556.6	26.815	29.799	27.433	
20226	1556.7	26.815	29.799	27.433	
20227	1556.8	26.815	29.799	27.433	
20228	1556.9	26.815	29.799	27.433	
20229	1557.	26.816	29.8	27.433	
20230	1557.	26.816	29.8	27.433	
20231	1557.	26.816	29.8	27.433	
20232	1557.	26.816	29.8	27.433	
20233	1557.1	26.816	29.8	27.433	
20234	1557.2	26.816	29.8	27.433	
20235	1557.3	26.816	29.8	27.433	
20236	1557.4	26.816	29.8	27.433	
20237	1557.5	26.816	29.8	27.434	
20238	1557.6	26.816	29.8	27.434	
20239	1557.7	26.816	29.8	27.434	
20240	1557.8	26.816	29.8	27.434	
20241	1557.9	26.816	29.8	27.434	
20242	1558.	26.816	29.8	27.434	
20243	1558.	26.816	29.8	27.434	
20244	1558.	26.816	29.8	27.434	
20245	1558.	26.816	29.801	27.434	
20246	1558.1	26.816	29.801	27.434	
20247	1558.2	26.816	29.801	27.434	
20248	1558.3	26.816	29.801	27.434	
20249	1558.4	26.816	29.801	27.434	
20250	1558.5	26.816	29.801	27.434	
20251	1558.6	26.816	29.801	27.434	
20252	1558.7	26.816	29.801	27.434	
20253	1558.8	26.816	29.801	27.434	
20254	1558.9	26.816	29.801	27.434	
20255	1559.	26.816	29.801	27.434	
20256	1559.	26.816	29.801	27.434	
20257	1559.	26.816	29.801	27.434	
20258	1559.	26.816	29.801	27.434	
20259	1559.1	26.816	29.802	27.434	
20260	1559.2	26.816	29.802	27.434	
20261	1559.3	26.816	29.802	27.434	
20262	1559.4	26.816	29.802	27.434	
20263	1559.5	26.816	29.802	27.434	
20264	1559.6	26.817	29.802	27.435	
20265	1559.7	26.817	29.802	27.435	
20266	1559.8	26.817	29.802	27.435	
20267	1559.9	26.817	29.802	27.435	
20268	1560.	26.817	29.802	27.435	
20269	1560.	26.817	29.802	27.435	
20270	1560.	26.817	29.802	27.435	
20271	1560.	26.817	29.802	27.435	
20272	1560.1	26.817	29.802	27.435	
20273	1560.2	26.817	29.803	27.435	
20274	1560.3	26.817	29.803	27.435	
20275	1560.4	26.817	29.803	27.435	
20276	1560.5	26.817	29.803	27.435	
20277	1560.6	26.817	29.803	27.435	
20278	1560.7	26.817	29.803	27.435	
20279	1560.8	26.817	29.803	27.435	
20280	1560.9	26.817	29.803	27.435	
20281	1561.	26.817	29.803	27.435	
20282	1561.	26.817	29.803	27.435	
20283	1561.	26.817	29.803	27.435	
20284	1561.	26.817	29.803	27.435	
20285	1561.1	26.817	29.803	27.435	
20286	1561.2	26.817	29.804	27.435	
20287	1561.3	26.817	29.804	27.435	
20288	1561.4	26.817	29.804	27.435	
20289	1561.5	26.817	29.804	27.435	
20290	1561.6	26.817	29.804	27.435	
20291	1561.7	26.817	29.804	27.436	
20292	1561.8	26.817	29.804	27.436	
20293	1561.9	26.817	29.804	27.436	
20294	1562.	26.817	29.804	27.436	
20295	1562.	26.817	29.804	27.436	
20296	1562.	26.817	29.804	27.436	
20297	1562.	26.817	29.804	27.436	
20298	1562.1	26.817	29.804	27.436	
20299	1562.2	26.817	29.804	27.436	
20300	1562.3	26.818	29.805	27.436	
20301	1562.4	26.818	29.805	27.436	
20302	1562.5	26.818	29.805	27.436	
20303	1562.6	26.818	29.805	27.436	
20304	1562.7	26.818	29.805	27.436	
20305	1562.8	26.818	29.805	27.436	
20306	1562.9	26.818	29.805	27.436	
20307	1563.	26.818	29.805	27.436	
20308	1563.	26.818	29.805	27.436	
20309	1563.	26.818	29.805	27.436	
20310	1563.	26.818	29.805	27.436	
20311	1563.1	26.818	29.805	27.436	
20312	1563.2	26.818	29.805	27.436	
20313	1563.3	26.818	29.806	27.436	
20314	1563.4	26.818	29.806	27.436	
20315	1563.5	26.818	29.806	27.436	
20316	1563.6	26.818	29.806	27.436	
20317	1563.7	26.818	29.806	27.436	
20318	1563.8	26.818	29.806	27.437	
20319	1563.9	26.818	29.806	27.437	
20320	1564.	26.818	29.806	27.437	
20321	1564.	26.818	29.806	27.437	
20322	1564.	26.818	29.806	27.437	
20323	1564.	26.818	29.806	27.437	
20324	1564.1	26.818	29.806	27.437	
20325	1564.2	26.818	29.806	27.437	
20326	1564.3	26.818	29.806	27.437	
20327	1564.4	26.818	29.807	27.437	
20328	1564.5	26.818	29.807	27.437	
20329	1564.6	26.818	29.807	27.437	
20330	1564.7	26.818	29.807	27.437	
20331	1564.8	26.818	29.807	27.437	
20332	1564.9	26.818	29.807	27.437	
20333	1565.	26.819	29.807	27.437	
20334	1565.	26.819	29.807	27.437	
20335	1565.	26.819	29.807	27.437	
20336	1565.	26.819	29.807	27.437	
20337	1565.1	26.819	29.807	27.437	
20338	1565.2	26.819	29.807	27.437	
20339	1565.3	26.819	29.807	27.437	
20340	1565.4	26.819	29.808	27.437	
20341	1565.5	26.819	29.808	27.437	
20342	1565.6	26.819	29.808	27.437	
20343	1565.7	26.819	29.808	27.437	
20344	1565.8	26.819	29.808	27.437	
20345	1565.9	26.819	29.808	27.438	
20346	1566.	26.819	29.808	27.438	
20347	1566.	26.819	29.808	27.438	
20348	1566.	26.819	29.808	27.438	
20349	1566.	26.819	29.808	27.438	
20350	1566.1	26.819	29.808	27.438	
20351	1566.2	26.819	29.808	27.438	
20352	1566.3	26.819	29.808	27.438	
20353	1566.4	26.819	29.808	27.438	
20354	1566.5	26.819	29.809	27.438	
20355	1566.6	26.819	29.809	27.438	
20356	1566.7	26.819	29.809	27.438	
20357	1566.8	26.819	29.809	27.438	
20358	1566.9	26.819	29.809	27.438	
20359	1567.	26.819	29.809	27.438	
20360	1567.	26.819	29.809	27.438	
20361	1567.	26.819	29.809	27.438	
20362	1567.	26.819	29.809	27.438	
20363	1567.1	26.819	29.809	27.438	
20364	1567.2	26.819	29.809	27.438	
20365	1567.3	26.819	29.809	27.438	
20366	1567.4	26.819	29.809	27.438	
20367	1567.5	26.819	29.81	27.438	
20368	1567.6	26.82	29.81	27.438	
20369	1567.7	26.82	29.81	27.438	
20370	1567.8	26.82	29.81	27.438	
20371	1567.9	26.82	29.81	27.438	
20372	1568.	26.82	29.81	27.439	
20373	1568.	26.82	29.81	27.439	
20374	1568.	26.82	29.81	27.439	
20375	1568.	26.82	29.81	27.439	
20376	1568.1	26.82	29.81	27.439	
20377	1568.2	26.82	29.81	27.439	
20378	1568.3	26.82	29.81	27.439	
20379	1568.4	26.82	29.81	27.439	
20380	1568.5	26.82	29.81	27.439	
20381	1568.6	26.82	29.811	27.439	
20382	1568.7	26.82	29.811	27.439	
20383	1568.8	26.82	29.811	27.439	
20384	1568.9	26.82	29.811	27.439	
20385	1569.	26.82	29.811	27.439	
20386	1569.	26.82	29.811	27.439	
20387	1569.	26.82	29.811	27.439	
20388	1569.	26.82	29.811	27.439	
20389	1569.1	26.82	29.811	27.439	
20390	1569.2	26.82	29.811	27.439	
20391	1569.3	26.82	29.811	27.439	
20392	1569.4	26.82	29.811	27.439	
20393	1569.5	26.82	29.811	27.439	
20394	1569.6	26.82	29.812	27.439	
20395	1569.7	26.82	29.812	27.439	
20396	1569.8	26.82	29.812	27.439	
20397	1569.9	26.82	29.812	27.439	
20398	1570.	26.82	29.812	27.439	
20399	1570.	26.82	29.812	27.439	
20400	1570.	26.82	29.812	27.439	
20401	1570.	26.82	29.812	27.44	
20402	1570.1	26.82	29.812	27.44	
20403	1570.2	26.82	29.812	27.44	
20404	1570.3	26.821	29.812	27.44	
20405	1570.4	26.821	29.812	27.44	
20406	1570.5	26.821	29.812	27.44	
20407	1570.6	26.821	29.812	27.44	
20408	1570.7	26.821	29.813	27.44	
20409	1570.8	26.821	29.813	27.44	
20410	1570.9	26.821	29.813	27.44	
20411	1571.	26.821	29.813	27.44	
20412	1571.	26.821	29.813	27.44	
20413	1571.	26.821	29.813	27.44	
20414	1571.	26.821	29.813	27.44	
20415	1571.1	26.821	29.813	27.44	
20416	1571.2	26.821	29.813	27.44	
20417	1571.3	26.821	29.813	27.44	
20418	1571.4	26.821	29.813	27.44	
20419	1571.5	26.821	29.813	27.44	
20420	1571.6	26.821	29.813	27.44	
20421	1571.7	26.821	29.814	27.44	
20422	1571.8	26.821	29.814	27.44	
20423	1571.9	26.821	29.814	27.44	
20424	1572.	26.821	29.814	27.44	
20425	1572.	26.821	29.814	27.44	
20426	1572.	26.821	29.814	27.44	
20427	1572.	26.821	29.814	27.44	
20428	1572.1	26.821	29.814	27.441	
20429	1572.2	26.821	29.814	27.441	
20430	1572.3	26.821	29.814	27.441	
20431	1572.4	26.821	29.814	27.441	
20432	1572.5	26.821	29.814	27.441	
20433	1572.6	26.821	29.814	27.441	
20434	1572.7	26.821	29.814	27.441	
20435	1572.8	26.821	29.815	27.441	
20436	1572.9	26.822	29.815	27.441	
20437	1573.	26.822	29.815	27.441	
20438	1573.	26.822	29.815	27.441	
20439	1573.	26.822	29.815	27.441	
20440	1573.	26.822	29.815	27.441	
20441	1573.1	26.822	29.815	27.441	
20442	1573.2	26.822	29.815	27.441	
20443	1573.3	26.822	29.815	27.441	
20444	1573.4	26.822	29.815	27.441	
20445	1573.5	26.822	29.815	27.441	
20446	1573.6	26.822	29.815	27.441	
20447	1573.7	26.822	29.815	27.441	
20448	1573.8	26.822	29.816	27.441	
20449	1573.9	26.822	29.816	27.441	
20450	1574.	26.822	29.816	27.441	
20451	1574.	26.822	29.816	27.441	
20452	1574.	26.822	29.816	27.441	
20453	1574.	26.822	29.816	27.441	
20454	1574.1	26.822	29.816	27.441	
20455	1574.2	26.822	29.816	27.442	
20456	1574.3	26.822	29.816	27.442	
20457	1574.4	26.822	29.816	27.442	
20458	1574.5	26.822	29.816	27.442	
20459	1574.6	26.822	29.816	27.442	
20460	1574.7	26.822	29.816	27.442	
20461	1574.8	26.822	29.816	27.442	
20462	1574.9	26.822	29.817	27.442	
20463	1575.	26.822	29.817	27.442	
20464	1575.	26.822	29.817	27.442	
20465	1575.	26.822	29.817	27.442	
20466	1575.	26.822	29.817	27.442	
20467	1575.1	26.822	29.817	27.442	
20468	1575.2	26.822	29.817	27.442	
20469	1575.3	26.822	29.817	27.442	
20470	1575.4	26.822	29.817	27.442	
20471	1575.5	26.822	29.817	27.442	
20472	1575.6	26.823	29.817	27.442	
20473	1575.7	26.823	29.817	27.442	
20474	1575.8	26.823	29.817	27.442	
20475	1575.9	26.823	29.818	27.442	
20476	1576.	26.823	29.818	27.442	
20477	1576.	26.823	29.818	27.442	
20478	1576.	26.823	29.818	27.442	
20479	1576.	26.823	29.818	27.442	
20480	1576.1	26.823	29.818	27.442	
20481	1576.2	26.823	29.818	27.442	
20482	1576.3	26.823	29.818	27.443	
20483	1576.4	26.823	29.818	27.443	
20484	1576.5	26.823	29.818	27.443	
20485	1576.6	26.823	29.818	27.443	
20486	1576.7	26.823	29.818	27.443	
20487	1576.8	26.823	29.818	27.443	
20488	1576.9	26.823	29.818	27.443	
20489	1577.	26.823	29.819	27.443	
20490	1577.	26.823	29.819	27.443	
20491	1577.	26.823	29.819	27.443	
20492	1577.	26.823	29.819	27.443	
20493	1577.1	26.823	29.819	27.443	
20494	1577.2	26.823	29.819	27.443	
20495	1577.3	26.823	29.819	27.443	
20496	1577.4	26.823	29.819	27.443	
20497	1577.5	26.823	29.819	27.443	
20498	1577.6	26.823	29.819	27.443	
20499	1577.7	26.823	29.819	27.443	
20500	1577.8	26.823	29.819	27.443	
20501	1577.9	26.823	29.819	27.443	
20502	1578.	26.823	29.819	27.443	
20503	1578.	26.823	29.819	27.443	
20504	1578.	26.823	29.819	27.443	
20505	1578.	26.823	29.82	27.443	
20506	1578.1	26.823	29.82	27.443	
20507	1578.2	26.824	29.82	27.443	
20508	1578.3	26.824	29.82	27.443	
20509	1578.4	26.824	29.82	27.444	
20510	1578.5	26.824	29.82	27.444	
20511	1578.6	26.824	29.82	27.444	
20512	1578.7	26.824	29.82	27.444	
20513	1578.8	26.824	29.82	27.444	
20514	1578.9	26.824	29.82	27.444	
20515	1579.	26.824	29.82	27.444	
20516	1579.	26.824	29.82	27.444	
20517	1579.	26.824	29.82	27.444	
20518	1579.	26.824	29.82	27.444	
20519	1579.1	26.824	29.821	27.444	
20520	1579.2	26.824	29.821	27.444	
20521	1579.3	26.824	29.821	27.444	
20522	1579.4	26.824	29.821	27.444	
20523	1579.5	26.824	29.821	27.444	
20524	1579.6	26.824	29.821	27.444	
20525	1579.7	26.824	29.821	27.444	
20526	1579.8	26.824	29.821	27.444	
20527	1579.9	26.824	29.821	27.444	
20528	1580.	26.824	29.821	27.444	
20529	1580.	26.824	29.821	27.444	
20530	1580.	26.824	29.821	27.444	
20531	1580.	26.824	29.821	27.444	
20532	1580.1	26.824	29.822	27.444	
20533	1580.2	26.824	29.822	27.444	
20534	1580.3	26.824	29.822	27.444	
20535	1580.4	26.824	29.822	27.444	
20536	1580.5	26.824	29.822	27.445	
20537	1580.6	26.824	29.822	27.445	
20538	1580.7	26.824	29.822	27.445	
20539	1580.8	26.824	29.822	27.445	
20540	1580.9	26.825	29.822	27.445	
20541	1581.	26.825	29.822	27.445	
20542	1581.	26.825	29.822	27.445	
20543	1581.	26.825	29.822	27.445	
20544	1581.	26.825	29.822	27.445	
20545	1581.1	26.825	29.822	27.445	
20546	1581.2	26.825	29.823	27.445	
20547	1581.3	26.825	29.823	27.445	
20548	1581.4	26.825	29.823	27.445	
20549	1581.5	26.825	29.823	27.445	
20550	1581.6	26.825	29.823	27.445	
20551	1581.7	26.825	29.823	27.445	
20552	1581.8	26.825	29.823	27.445	
20553	1581.9	26.825	29.823	27.445	
20554	1582.	26.825	29.823	27.445	
20555	1582.	26.825	29.823	27.445	
20556	1582.	26.825	29.823	27.445	
20557	1582.	26.825	29.823	27.445	
20558	1582.1	26.825	29.823	27.445	
20559	1582.2	26.825	29.823	27.445	
20560	1582.3	26.825	29.824	27.445	
20561	1582.4	26.825	29.824	27.445	
20562	1582.5	26.825	29.824	27.445	
20563	1582.6	26.825	29.824	27.446	
20564	1582.7	26.825	29.824	27.446	
20565	1582.8	26.825	29.824	27.446	
20566	1582.9	26.825	29.824	27.446	
20567	1583.	26.825	29.824	27.446	
20568	1583.	26.825	29.824	27.446	
20569	1583.	26.825	29.824	27.446	
20570	1583.	26.825	29.824	27.446	
20571	1583.1	26.825	29.824	27.446	
20572	1583.2	26.825	29.824	27.446	
20573	1583.3	26.825	29.825	27.446	
20574	1583.4	26.825	29.825	27.446	
20575	1583.5	26.826	29.825	27.446	
20576	1583.6	26.826	29.825	27.446	
20577	1583.7	26.826	29.825	27.446	
20578	1583.8	26.826	29.825	27.446	
20579	1583.9	26.826	29.825	27.446	
20580	1584.	26.826	29.825	27.446	
20581	1584.	26.826	29.825	27.446	
20582	1584.	26.826	29.825	27.446	
20583	1584.	26.826	29.825	27.446	
20584	1584.1	26.826	29.825	27.446	
20585	1584.2	26.826	29.825	27.446	
20586	1584.3	26.826	29.825	27.446	
20587	1584.4	26.826	29.826	27.446	
20588	1584.5	26.826	29.826	27.446	
20589	1584.6	26.826	29.826	27.446	
20590	1584.7	26.826	29.826	27.447	
20591	1584.8	26.826	29.826	27.447	
20592	1584.9	26.826	29.826	27.447	
20593	1585.	26.826	29.826	27.447	
20594	1585.	26.826	29.826	27.447	
20595	1585.	26.826	29.826	27.447	
20596	1585.	26.826	29.826	27.447	
20597	1585.1	26.826	29.826	27.447	
20598	1585.2	26.826	29.826	27.447	
20599	1585.3	26.826	29.826	27.447	
20600	1585.4	26.826	29.827	27.447	
20601	1585.5	26.826	29.827	27.447	
20602	1585.6	26.826	29.827	27.447	
20603	1585.7	26.826	29.827	27.447	
20604	1585.8	26.826	29.827	27.447	
20605	1585.9	26.826	29.827	27.447	
20606	1586.	26.826	29.827	27.447	
20607	1586.	26.826	29.827	27.447	
20608	1586.	26.826	29.827	27.447	
20609	1586.	26.826	29.827	27.447	
20610	1586.1	26.826	29.827	27.447	
20611	1586.2	26.827	29.827	27.447	
20612	1586.3	26.827	29.827	27.447	
20613	1586.4	26.827	29.827	27.447	
20614	1586.5	26.827	29.828	27.447	
20615	1586.6	26.827	29.828	27.447	
20616	1586.7	26.827	29.828	27.447	
20617	1586.8	26.827	29.828	27.448	
20618	1586.9	26.827	29.828	27.448	
20619	1587.	26.827	29.828	27.448	
20620	1587.	26.827	29.828	27.448	
20621	1587.	26.827	29.828	27.448	
20622	1587.	26.827	29.828	27.448	
20623	1587.1	26.827	29.828	27.448	
20624	1587.2	26.827	29.828	27.448	
20625	1587.3	26.827	29.828	27.448	
20626	1587.4	26.827	29.828	27.448	
20627	1587.5	26.827	29.829	27.448	
20628	1587.6	26.827	29.829	27.448	
20629	1587.7	26.827	29.829	27.448	
20630	1587.8	26.827	29.829	27.448	
20631	1587.9	26.827	29.829	27.448	
20632	1588.	26.827	29.829	27.448	
20633	1588.	26.827	29.829	27.448	
20634	1588.	26.827	29.829	27.448	
20635	1588.	26.827	29.829	27.448	
20636	1588.1	26.827	29.829	27.448	
20637	1588.2	26.827	29.829	27.448	
20638	1588.3	26.827	29.829	27.448	
20639	1588.4	26.827	29.829	27.448	
20640	1588.5	26.827	29.829	27.448	
20641	1588.6	26.827	29.83	27.448	
20642	1588.7	26.827	29.83	27.448	
20643	1588.8	26.828	29.83	27.449	
20644	1588.9	26.828	29.83	27.449	
20645	1589.	26.828	29.83	27.449	
20646	1589.	26.828	29.83	27.449	
20647	1589.	26.828	29.83	27.449	
20648	1589.	26.828	29.83	27.449	
20649	1589.1	26.828	29.83	27.449	
20650	1589.2	26.828	29.83	27.449	
20651	1589.3	26.828	29.83	27.449	
20652	1589.4	26.828	29.83	27.449	
20653	1589.5	26.828	29.83	27.449	
20654	1589.6	26.828	29.831	27.449	
20655	1589.7	26.828	29.831	27.449	
20656	1589.8	26.828	29.831	27.449	
20657	1589.9	26.828	29.831	27.449	
20658	1590.	26.828	29.831	27.449	
20659	1590.	26.828	29.831	27.449	
20660	1590.	26.828	29.831	27.449	
20661	1590.	26.828	29.831	27.449	
20662	1590.1	26.828	29.831	27.449	
20663	1590.2	26.828	29.831	27.449	
20664	1590.3	26.828	29.831	27.449	
20665	1590.4	26.828	29.831	27.449	
20666	1590.5	26.828	29.831	27.449	
20667	1590.6	26.828	29.831	27.449	
20668	1590.7	26.828	29.832	27.449	
20669	1590.8	26.828	29.832	27.449	
20670	1590.9	26.828	29.832	27.45	
20671	1591.	26.828	29.832	27.45	
20672	1591.	26.828	29.832	27.45	
20673	1591.	26.828	29.832	27.45	
20674	1591.	26.828	29.832	27.45	
20675	1591.1	26.828	29.832	27.45	
20676	1591.2	26.828	29.832	27.45	
20677	1591.3	26.828	29.832	27.45	
20678	1591.4	26.828	29.832	27.45	
20679	1591.5	26.829	29.832	27.45	
20680	1591.6	26.829	29.832	27.45	
20681	1591.7	26.829	29.833	27.45	
20682	1591.8	26.829	29.833	27.45	
20683	1591.9	26.829	29.833	27.45	
20684	1592.	26.829	29.833	27.45	
20685	1592.	26.829	29.833	27.45	
20686	1592.	26.829	29.833	27.45	
20687	1592.	26.829	29.833	27.45	
20688	1592.1	26.829	29.833	27.45	
20689	1592.2	26.829	29.833	27.45	
20690	1592.3	26.829	29.833	27.45	
20691	1592.4	26.829	29.833	27.45	
20692	1592.5	26.829	29.833	27.45	
20693	1592.6	26.829	29.833	27.45	
20694	1592.7	26.829	29.833	27.45	
20695	1592.8	26.829	29.834	27.45	
20696	1592.9	26.829	29.834	27.45	
20697	1593.	26.829	29.834	27.45	
20698	1593.	26.829	29.834	27.451	
20699	1593.	26.829	29.834	27.451	
20700	1593.	26.829	29.834	27.451	
20701	1593.1	26.829	29.834	27.451	
20702	1593.2	26.829	29.834	27.451	
20703	1593.3	26.829	29.834	27.451	
20704	1593.4	26.829	29.834	27.451	
20705	1593.5	26.829	29.834	27.451	
20706	1593.6	26.829	29.834	27.451	
20707	1593.7	26.829	29.834	27.451	
20708	1593.8	26.829	29.835	27.451	
20709	1593.9	26.829	29.835	27.451	
20710	1594.	26.829	29.835	27.451	
20711	1594.	26.829	29.835	27.451	
20712	1594.	26.829	29.835	27.451	
20713	1594.	26.829	29.835	27.451	
20714	1594.1	26.83	29.835	27.451	
20715	1594.2	26.83	29.835	27.451	
20716	1594.3	26.83	29.835	27.451	
20717	1594.4	26.83	29.835	27.451	
20718	1594.5	26.83	29.835	27.451	
20719	1594.6	26.83	29.835	27.451	
20720	1594.7	26.83	29.835	27.451	
20721	1594.8	26.83	29.835	27.451	
20722	1594.9	26.83	29.836	27.451	
20723	1595.	26.83	29.836	27.451	
20724	1595.	26.83	29.836	27.451	
20725	1595.	26.83	29.836	27.451	
20726	1595.	26.83	29.836	27.451	
20727	1595.1	26.83	29.836	27.452	
20728	1595.2	26.83	29.836	27.452	
20729	1595.3	26.83	29.836	27.452	
20730	1595.4	26.83	29.836	27.452	
20731	1595.5	26.83	29.836	27.452	
20732	1595.6	26.83	29.836	27.452	
20733	1595.7	26.83	29.836	27.452	
20734	1595.8	26.83	29.836	27.452	
20735	1595.9	26.83	29.837	27.452	
20736	1596.	26.83	29.837	27.452	
20737	1596.	26.83	29.837	27.452	
20738	1596.	26.83	29.837	27.452	
20739	1596.	26.83	29.837	27.452	
20740	1596.1	26.83	29.837	27.452	
20741	1596.2	26.83	29.837	27.452	
20742	1596.3	26.83	29.837	27.452	
20743	1596.4	26.83	29.837	27.452	
20744	1596.5	26.83	29.837	27.452	
20745	1596.6	26.83	29.837	27.452	
20746	1596.7	26.83	29.837	27.452	
20747	1596.8	26.831	29.837	27.452	
20748	1596.9	26.831	29.837	27.452	
20749	1597.	26.831	29.838	27.452	
20750	1597.	26.831	29.838	27.452	
20751	1597.	26.831	29.838	27.452	
20752	1597.	26.831	29.838	27.452	
20753	1597.1	26.831	29.838	27.452	
20754	1597.2	26.831	29.838	27.453	
20755	1597.3	26.831	29.838	27.453	
20756	1597.4	26.831	29.838	27.453	
20757	1597.5	26.831	29.838	27.453	
20758	1597.6	26.831	29.838	27.453	
20759	1597.7	26.831	29.838	27.453	
20760	1597.8	26.831	29.838	27.453	
20761	1597.9	26.831	29.838	27.453	
20762	1598.	26.831	29.838	27.453	
20763	1598.	26.831	29.838	27.453	
20764	1598.	26.831	29.838	27.453	
20765	1598.	26.831	29.839	27.453	
20766	1598.1	26.831	29.839	27.453	
20767	1598.2	26.831	29.839	27.453	
20768	1598.3	26.831	29.839	27.453	
20769	1598.4	26.831	29.839	27.453	
20770	1598.5	26.831	29.839	27.453	
20771	1598.6	26.831	29.839	27.453	
20772	1598.7	26.831	29.839	27.453	
20773	1598.8	26.831	29.839	27.453	
20774	1598.9	26.831	29.839	27.453	
20775	1599.	26.831	29.839	27.453	
20776	1599.	26.831	29.839	27.453	
20777	1599.	26.831	29.839	27.453	
20778	1599.	26.831	29.839	27.453	
20779	1599.1	26.831	29.84	27.453	
20780	1599.2	26.831	29.84	27.453	
20781	1599.3	26.831	29.84	27.454	
20782	1599.4	26.832	29.84	27.454	
20783	1599.5	26.832	29.84	27.454	
20784	1599.6	26.832	29.84	27.454	
20785	1599.7	26.832	29.84	27.454	
20786	1599.8	26.832	29.84	27.454	
20787	1599.9	26.832	29.84	27.454	
20788	1600.	26.832	29.84	27.454	
20789	1600.	26.832	29.84	27.454	
20790	1600.	26.832	29.84	27.454	
20791	1600.	26.832	29.84	27.454	
20792	1600.1	26.832	29.84	27.454	
20793	1600.2	26.832	29.841	27.454	
20794	1600.3	26.832	29.841	27.454	
20795	1600.4	26.832	29.841	27.454	
20796	1600.5	26.832	29.841	27.454	
20797	1600.6	26.832	29.841	27.454	
20798	1600.7	26.832	29.841	27.454	
20799	1600.8	26.832	29.841	27.454	
20800	1600.9	26.832	29.841	27.454	
20801	1601.	26.832	29.841	27.454	
20802	1601.	26.832	29.841	27.454	
20803	1601.	26.832	29.841	27.454	
20804	1601.	26.832	29.841	27.454	
20805	1601.1	26.832	29.841	27.454	
20806	1601.2	26.832	29.842	27.454	
20807	1601.3	26.832	29.842	27.455	
20808	1601.4	26.832	29.842	27.455	
20809	1601.5	26.832	29.842	27.455	
20810	1601.6	26.832	29.842	27.455	
20811	1601.7	26.832	29.842	27.455	
20812	1601.8	26.832	29.842	27.455	
20813	1601.9	26.832	29.842	27.455	
20814	1602.	26.832	29.842	27.455	
20815	1602.	26.832	29.842	27.455	
20816	1602.	26.832	29.842	27.455	
20817	1602.	26.833	29.842	27.455	
20818	1602.1	26.833	29.842	27.455	
20819	1602.2	26.833	29.842	27.455	
20820	1602.3	26.833	29.843	27.455	
20821	1602.4	26.833	29.843	27.455	
20822	1602.5	26.833	29.843	27.455	
20823	1602.6	26.833	29.843	27.455	
20824	1602.7	26.833	29.843	27.455	
20825	1602.8	26.833	29.843	27.455	
20826	1602.9	26.833	29.843	27.455	
20827	1603.	26.833	29.843	27.455	
20828	1603.	26.833	29.843	27.455	
20829	1603.	26.833	29.843	27.455	
20830	1603.	26.833	29.843	27.455	
20831	1603.1	26.833	29.843	27.455	
20832	1603.2	26.833	29.843	27.455	
20833	1603.3	26.833	29.844	27.455	
20834	1603.4	26.833	29.844	27.456	
20835	1603.5	26.833	29.844	27.456	
20836	1603.6	26.833	29.844	27.456	
20837	1603.7	26.833	29.844	27.456	
20838	1603.8	26.833	29.844	27.456	
20839	1603.9	26.833	29.844	27.456	
20840	1604.	26.833	29.844	27.456	
20841	1604.	26.833	29.844	27.456	
20842	1604.	26.833	29.844	27.456	
20843	1604.	26.833	29.844	27.456	
20844	1604.1	26.833	29.844	27.456	
20845	1604.2	26.833	29.844	27.456	
20846	1604.3	26.833	29.844	27.456	
20847	1604.4	26.833	29.845	27.456	
20848	1604.5	26.833	29.845	27.456	
20849	1604.6	26.833	29.845	27.456	
20850	1604.7	26.834	29.845	27.456	
20851	1604.8	26.834	29.845	27.456	
20852	1604.9	26.834	29.845	27.456	
20853	1605.	26.834	29.845	27.456	
20854	1605.	26.834	29.845	27.456	
20855	1605.	26.834	29.845	27.456	
20856	1605.	26.834	29.845	27.456	
20857	1605.1	26.834	29.845	27.456	
20858	1605.2	26.834	29.845	27.456	
20859	1605.3	26.834	29.845	27.456	
20860	1605.4	26.834	29.846	27.456	
20861	1605.5	26.834	29.846	27.457	
20862	1605.6	26.834	29.846	27.457	
20863	1605.7	26.834	29.846	27.457	
20864	1605.8	26.834	29.846	27.457	
20865	1605.9	26.834	29.846	27.457	
20866	1606.	26.834	29.846	27.457	
20867	1606.	26.834	29.846	27.457	
20868	1606.	26.834	29.846	27.457	
20869	1606.	26.834	29.846	27.457	
20870	1606.1	26.834	29.846	27.457	
20871	1606.2	26.834	29.846	27.457	
20872	1606.3	26.834	29.846	27.457	
20873	1606.4	26.834	29.846	27.457	
20874	1606.5	26.834	29.847	27.457	
20875	1606.6	26.834	29.847	27.457	
20876	1606.7	26.834	29.847	27.457	
20877	1606.8	26.834	29.847	27.457	
20878	1606.9	26.834	29.847	27.457	
20879	1607.	26.834	29.847	27.457	
20880	1607.	26.834	29.847	27.457	
20881	1607.	26.834	29.847	27.457	
20882	1607.	26.834	29.847	27.457	
20883	1607.1	26.834	29.847	27.457	
20884	1607.2	26.834	29.847	27.457	
20885	1607.3	26.835	29.847	27.457	
20886	1607.4	26.835	29.847	27.457	
20887	1607.5	26.835	29.848	27.457	
20888	1607.6	26.835	29.848	27.458	
20889	1607.7	26.835	29.848	27.458	
20890	1607.8	26.835	29.848	27.458	
20891	1607.9	26.835	29.848	27.458	
20892	1608.	26.835	29.848	27.458	
20893	1608.	26.835	29.848	27.458	
20894	1608.	26.835	29.848	27.458	
20895	1608.	26.835	29.848	27.458	
20896	1608.1	26.835	29.848	27.458	
20897	1608.2	26.835	29.848	27.458	
20898	1608.3	26.835	29.848	27.458	
20899	1608.4	26.835	29.848	27.458	
20900	1608.5	26.835	29.848	27.458	
20901	1608.6	26.835	29.849	27.458	
20902	1608.7	26.835	29.849	27.458	
20903	1608.8	26.835	29.849	27.458	
20904	1608.9	26.835	29.849	27.458	
20905	1609.	26.835	29.849	27.458	
20906	1609.	26.835	29.849	27.458	
20907	1609.	26.835	29.849	27.458	
20908	1609.	26.835	29.849	27.458	
20909	1609.1	26.835	29.849	27.458	
20910	1609.2	26.835	29.849	27.458	
20911	1609.3	26.835	29.849	27.458	
20912	1609.4	26.835	29.849	27.458	
20913	1609.5	26.835	29.849	27.458	
20914	1609.6	26.835	29.85	27.458	
20915	1609.7	26.835	29.85	27.459	
20916	1609.8	26.835	29.85	27.459	
20917	1609.9	26.836	29.85	27.459	
20918	1610.	26.836	29.85	27.459	
20919	1610.	26.836	29.85	27.459	
20920	1610.	26.836	29.85	27.459	
20921	1610.	26.836	29.85	27.459	
20922	1610.1	26.836	29.85	27.459	
20923	1610.2	26.836	29.85	27.459	
20924	1610.3	26.836	29.85	27.459	
20925	1610.4	26.836	29.85	27.459	
20926	1610.5	26.836	29.85	27.459	
20927	1610.6	26.836	29.85	27.459	
20928	1610.7	26.836	29.851	27.459	
20929	1610.8	26.836	29.851	27.459	
20930	1610.9	26.836	29.851	27.459	
20931	1611.	26.836	29.851	27.459	
20932	1611.	26.836	29.851	27.459	
20933	1611.	26.836	29.851	27.459	
20934	1611.	26.836	29.851	27.459	
20935	1611.1	26.836	29.851	27.459	
20936	1611.2	26.836	29.851	27.459	
20937	1611.3	26.836	29.851	27.459	
20938	1611.4	26.836	29.851	27.459	
20939	1611.5	26.836	29.851	27.459	
20940	1611.6	26.836	29.851	27.459	
20941	1611.7	26.836	29.851	27.459	
20942	1611.8	26.836	29.852	27.46	
20943	1611.9	26.836	29.852	27.46	
20944	1612.	26.836	29.852	27.46	
20945	1612.	26.836	29.852	27.46	
20946	1612.	26.836	29.852	27.46	
20947	1612.	26.836	29.852	27.46	
20948	1612.1	26.836	29.852	27.46	
20949	1612.2	26.836	29.852	27.46	
20950	1612.3	26.836	29.852	27.46	
20951	1612.4	26.836	29.852	27.46	
20952	1612.5	26.836	29.852	27.46	
20953	1612.6	26.837	29.852	27.46	
20954	1612.7	26.837	29.852	27.46	
20955	1612.8	26.837	29.853	27.46	
20956	1612.9	26.837	29.853	27.46	
20957	1613.	26.837	29.853	27.46	
20958	1613.	26.837	29.853	27.46	
20959	1613.	26.837	29.853	27.46	
20960	1613.	26.837	29.853	27.46	
20961	1613.1	26.837	29.853	27.46	
20962	1613.2	26.837	29.853	27.46	
20963	1613.3	26.837	29.853	27.46	
20964	1613.4	26.837	29.853	27.46	
20965	1613.5	26.837	29.853	27.46	
20966	1613.6	26.837	29.853	27.46	
20967	1613.7	26.837	29.853	27.46	
20968	1613.8	26.837	29.853	27.461	
20969	1613.9	26.837	29.854	27.461	
20970	1614.	26.837	29.854	27.461	
20971	1614.	26.837	29.854	27.461	
20972	1614.	26.837	29.854	27.461	
20973	1614.	26.837	29.854	27.461	
20974	1614.1	26.837	29.854	27.461	
20975	1614.2	26.837	29.854	27.461	
20976	1614.3	26.837	29.854	27.461	
20977	1614.4	26.837	29.854	27.461	
20978	1614.5	26.837	29.854	27.461	
20979	1614.6	26.837	29.854	27.461	
20980	1614.7	26.837	29.854	27.461	
20981	1614.8	26.837	29.854	27.461	
20982	1614.9	26.837	29.855	27.461	
20983	1615.	26.837	29.855	27.461	
20984	1615.	26.837	29.855	27.461	
20985	1615.	26.837	29.855	27.461	
20986	1615.	26.837	29.855	27.461	
20987	1615.1	26.837	29.855	27.461	
20988	1615.2	26.838	29.855	27.461	
20989	1615.3	26.838	29.855	27.461	
20990	1615.4	26.838	29.855	27.461	
20991	1615.5	26.838	29.855	27.461	
20992	1615.6	26.838	29.855	27.461	
20993	1615.7	26.838	29.855	27.461	
20994	1615.8	26.838	29.855	27.461	
20995	1615.9	26.838	29.855	27.462	
20996	1616.	26.838	29.856	27.462	
20997	1616.	26.838	29.856	27.462	
20998	1616.	26.838	29.856	27.462	
20999	1616.	26.838	29.856	27.462	
21000	1616.1	26.838	29.856	27.462	
21001	1616.2	26.838	29.856	27.462	
21002	1616.3	26.838	29.856	27.462	
21003	1616.4	26.838	29.856	27.462	
21004	1616.5	26.838	29.856	27.462	
21005	1616.6	26.838	29.856	27.462	
21006	1616.7	26.838	29.856	27.462	
21007	1616.8	26.838	29.856	27.462	
21008	1616.9	26.838	29.856	27.462	
21009	1617.	26.838	29.856	27.462	
21010	1617.	26.838	29.856	27.462	
21011	1617.	26.838	29.857	27.462	
21012	1617.	26.838	29.857	27.462	
21013	1617.1	26.838	29.857	27.462	
21014	1617.2	26.838	29.857	27.462	
21015	1617.3	26.838	29.857	27.462	
21016	1617.4	26.838	29.857	27.462	
21017	1617.5	26.838	29.857	27.462	
21018	1617.6	26.838	29.857	27.462	
21019	1617.7	26.838	29.857	27.462	
21020	1617.8	26.839	29.857	27.462	
21021	1617.9	26.839	29.857	27.462	
21022	1618.	26.839	29.857	27.463	
21023	1618.	26.839	29.857	27.463	
21024	1618.	26.839	29.857	27.463	
21025	1618.	26.839	29.857	27.463	
21026	1618.1	26.839	29.858	27.463	
21027	1618.2	26.839	29.858	27.463	
21028	1618.3	26.839	29.858	27.463	
21029	1618.4	26.839	29.858	27.463	
21030	1618.5	26.839	29.858	27.463	
21031	1618.6	26.839	29.858	27.463	
21032	1618.7	26.839	29.858	27.463	
21033	1618.8	26.839	29.858	27.463	
21034	1618.9	26.839	29.858	27.463	
21035	1619.	26.839	29.858	27.463	
21036	1619.	26.839	29.858	27.463	
21037	1619.	26.839	29.858	27.463	
21038	1619.	26.839	29.858	27.463	
21039	1619.1	26.839	29.859	27.463	
21040	1619.2	26.839	29.859	27.463	
21041	1619.3	26.839	29.859	27.463	
21042	1619.4	26.839	29.859	27.463	
21043	1619.5	26.839	29.859	27.463	
21044	1619.6	26.839	29.859	27.463	
21045	1619.7	26.839	29.859	27.463	
21046	1619.8	26.839	29.859	27.463	
21047	1619.9	26.839	29.859	27.463	
21048	1620.	26.839	29.859	27.463	
21049	1620.	26.839	29.859	27.463	
21050	1620.	26.839	29.859	27.463	
21051	1620.	26.839	29.859	27.463	
21052	1620.1	26.839	29.859	27.464	
21053	1620.2	26.839	29.86	27.464	
21054	1620.3	26.839	29.86	27.464	
21055	1620.4	26.839	29.86	27.464	
21056	1620.5	26.84	29.86	27.464	
21057	1620.6	26.84	29.86	27.464	
21058	1620.7	26.84	29.86	27.464	
21059	1620.8	26.84	29.86	27.464	
21060	1620.9	26.84	29.86	27.464	
21061	1621.	26.84	29.86	27.464	
21062	1621.	26.84	29.86	27.464	
21063	1621.	26.84	29.86	27.464	
21064	1621.	26.84	29.86	27.464	
21065	1621.1	26.84	29.86	27.464	
21066	1621.2	26.84	29.861	27.464	
21067	1621.3	26.84	29.861	27.464	
21068	1621.4	26.84	29.861	27.464	
21069	1621.5	26.84	29.861	27.464	
21070	1621.6	26.84	29.861	27.464	
21071	1621.7	26.84	29.861	27.464	
21072	1621.8	26.84	29.861	27.464	
21073	1621.9	26.84	29.861	27.464	
21074	1622.	26.84	29.861	27.464	
21075	1622.	26.84	29.861	27.464	
21076	1622.	26.84	29.861	27.464	
21077	1622.	26.84	29.861	27.464	
21078	1622.1	26.84	29.861	27.465	
21079	1622.2	26.84	29.861	27.465	
21080	1622.3	26.84	29.862	27.465	
21081	1622.4	26.84	29.862	27.465	
21082	1622.5	26.84	29.862	27.465	
21083	1622.6	26.84	29.862	27.465	
21084	1622.7	26.84	29.862	27.465	
21085	1622.8	26.84	29.862	27.465	
21086	1622.9	26.84	29.862	27.465	
21087	1623.	26.84	29.862	27.465	
21088	1623.	26.84	29.862	27.465	
21089	1623.	26.84	29.862	27.465	
21090	1623.	26.84	29.862	27.465	
21091	1623.1	26.841	29.862	27.465	
21092	1623.2	26.841	29.862	27.465	
21093	1623.3	26.841	29.862	27.465	
21094	1623.4	26.841	29.863	27.465	
21095	1623.5	26.841	29.863	27.465	
21096	1623.6	26.841	29.863	27.465	
21097	1623.7	26.841	29.863	27.465	
21098	1623.8	26.841	29.863	27.465	
21099	1623.9	26.841	29.863	27.465	
21100	1624.	26.841	29.863	27.465	
21101	1624.	26.841	29.863	27.465	
21102	1624.	26.841	29.863	27.465	
21103	1624.	26.841	29.863	27.465	
21104	1624.1	26.841	29.863	27.465	
21105	1624.2	26.841	29.863	27.466	
21106	1624.3	26.841	29.863	27.466	
21107	1624.4	26.841	29.864	27.466	
21108	1624.5	26.841	29.864	27.466	
21109	1624.6	26.841	29.864	27.466	
21110	1624.7	26.841	29.864	27.466	
21111	1624.8	26.841	29.864	27.466	
21112	1624.9	26.841	29.864	27.466	
21113	1625.	26.841	29.864	27.466	
21114	1625.	26.841	29.864	27.466	
21115	1625.	26.841	29.864	27.466	
21116	1625.	26.841	29.864	27.466	
21117	1625.1	26.841	29.864	27.466	
21118	1625.2	26.841	29.864	27.466	
21119	1625.3	26.841	29.864	27.466	
21120	1625.4	26.841	29.864	27.466	
21121	1625.5	26.841	29.865	27.466	
21122	1625.6	26.841	29.865	27.466	
21123	1625.7	26.842	29.865	27.466	
21124	1625.8	26.842	29.865	27.466	
21125	1625.9	26.842	29.865	27.466	
21126	1626.	26.842	29.865	27.466	
21127	1626.	26.842	29.865	27.466	
21128	1626.	26.842	29.865	27.466	
21129	1626.	26.842	29.865	27.466	
21130	1626.1	26.842	29.865	27.466	
21131	1626.2	26.842	29.865	27.466	
21132	1626.3	26.842	29.865	27.467	
21133	1626.4	26.842	29.865	27.467	
21134	1626.5	26.842	29.866	27.467	
21135	1626.6	26.842	29.866	27.467	
21136	1626.7	26.842	29.866	27.467	
21137	1626.8	26.842	29.866	27.467	
21138	1626.9	26.842	29.866	27.467	
21139	1627.	26.842	29.866	27.467	
21140	1627.	26.842	29.866	27.467	
21141	1627.	26.842	29.866	27.467	
21142	1627.	26.842	29.866	27.467	
21143	1627.1	26.842	29.866	27.467	
21144	1627.2	26.842	29.866	27.467	
21145	1627.3	26.842	29.866	27.467	
21146	1627.4	26.842	29.866	27.467	
21147	1627.5	26.842	29.866	27.467	
21148	1627.6	26.842	29.867	27.467	
21149	1627.7	26.842	29.867	27.467	
21150	1627.8	26.842	29.867	27.467	
21151	1627.9	26.842	29.867	27.467	
21152	1628.	26.842	29.867	27.467	
21153	1628.	26.842	29.867	27.467	
21154	1628.	26.842	29.867	27.467	
21155	1628.	26.842	29.867	27.467	
21156	1628.1	26.842	29.867	27.467	
21157	1628.2	26.842	29.867	27.467	
21158	1628.3	26.843	29.867	27.467	
21159	1628.4	26.843	29.867	27.468	
21160	1628.5	26.843	29.867	27.468	
21161	1628.6	26.843	29.868	27.468	
21162	1628.7	26.843	29.868	27.468	
21163	1628.8	26.843	29.868	27.468	
21164	1628.9	26.843	29.868	27.468	
21165	1629.	26.843	29.868	27.468	
21166	1629.	26.843	29.868	27.468	
21167	1629.	26.843	29.868	27.468	
21168	1629.	26.843	29.868	27.468	
21169	1629.1	26.843	29.868	27.468	
21170	1629.2	26.843	29.868	27.468	
21171	1629.3	26.843	29.868	27.468	
21172	1629.4	26.843	29.868	27.468	
21173	1629.5	26.843	29.868	27.468	
21174	1629.6	26.843	29.868	27.468	
21175	1629.7	26.843	29.869	27.468	
21176	1629.8	26.843	29.869	27.468	
21177	1629.9	26.843	29.869	27.468	
21178	1630.	26.843	29.869	27.468	
21179	1630.	26.843	29.869	27.468	
21180	1630.	26.843	29.869	27.468	
21181	1630.	26.843	29.869	27.468	
21182	1630.1	26.843	29.869	27.468	
21183	1630.2	26.843	29.869	27.468	
21184	1630.3	26.843	29.869	27.468	
21185	1630.4	26.843	29.869	27.469	
21186	1630.5	26.843	29.869	27.469	
21187	1630.6	26.843	29.869	27.469	
21188	1630.7	26.843	29.87	27.469	
21189	1630.8	26.843	29.87	27.469	
21190	1630.9	26.843	29.87	27.469	
21191	1631.	26.844	29.87	27.469	
21192	1631.	26.844	29.87	27.469	
21193	1631.	26.844	29.87	27.469	
21194	1631.	26.844	29.87	27.469	
21195	1631.1	26.844	29.87	27.469	
21196	1631.2	26.844	29.87	27.469	
21197	1631.3	26.844	29.87	27.469	
21198	1631.4	26.844	29.87	27.469	
21199	1631.5	26.844	29.87	27.469	
21200	1631.6	26.844	29.87	27.469	
21201	1631.7	26.844	29.87	27.469	
21202	1631.8	26.844	29.871	27.469	
21203	1631.9	26.844	29.871	27.469	
21204	1632.	26.844	29.871	27.469	
21205	1632.	26.844	29.871	27.469	
21206	1632.	26.844	29.871	27.469	
21207	1632.	26.844	29.871	27.469	
21208	1632.1	26.844	29.871	27.469	
21209	1632.2	26.844	29.871	27.469	
21210	1632.3	26.844	29.871	27.469	
21211	1632.4	26.844	29.871	27.469	
21212	1632.5	26.844	29.871	27.47	
21213	1632.6	26.844	29.871	27.47	
21214	1632.7	26.844	29.871	27.47	
21215	1632.8	26.844	29.872	27.47	
21216	1632.9	26.844	29.872	27.47	
21217	1633.	26.844	29.872	27.47	
21218	1633.	26.844	29.872	27.47	
21219	1633.	26.844	29.872	27.47	
21220	1633.	26.844	29.872	27.47	
21221	1633.1	26.844	29.872	27.47	
21222	1633.2	26.844	29.872	27.47	
21223	1633.3	26.844	29.872	27.47	
21224	1633.4	26.844	29.872	27.47	
21225	1633.5	26.844	29.872	27.47	
21226	1633.6	26.845	29.872	27.47	
21227	1633.7	26.845	29.872	27.47	
21228	1633.8	26.845	29.872	27.47	
21229	1633.9	26.845	29.873	27.47	
21230	1634.	26.845	29.873	27.47	
21231	1634.	26.845	29.873	27.47	
21232	1634.	26.845	29.873	27.47	
21233	1634.	26.845	29.873	27.47	
21234	1634.1	26.845	29.873	27.47	
21235	1634.2	26.845	29.873	27.47	
21236	1634.3	26.845	29.873	27.47	
21237	1634.4	26.845	29.873	27.47	
21238	1634.5	26.845	29.873	27.47	
21239	1634.6	26.845	29.873	27.471	
21240	1634.7	26.845	29.873	27.471	
21241	1634.8	26.845	29.873	27.471	
21242	1634.9	26.845	29.873	27.471	
21243	1635.	26.845	29.874	27.471	
21244	1635.	26.845	29.874	27.471	
21245	1635.	26.845	29.874	27.471	
21246	1635.	26.845	29.874	27.471	
21247	1635.1	26.845	29.874	27.471	
21248	1635.2	26.845	29.874	27.471	
21249	1635.3	26.845	29.874	27.471	
21250	1635.4	26.845	29.874	27.471	
21251	1635.5	26.845	29.874	27.471	
21252	1635.6	26.845	29.874	27.471	
21253	1635.7	26.845	29.874	27.471	
21254	1635.8	26.845	29.874	27.471	
21255	1635.9	26.845	29.874	27.471	
21256	1636.	26.845	29.875	27.471	
21257	1636.	26.845	29.875	27.471	
21258	1636.	26.845	29.875	27.471	
21259	1636.	26.845	29.875	27.471	
21260	1636.1	26.845	29.875	27.471	
21261	1636.2	26.846	29.875	27.471	
21262	1636.3	26.846	29.875	27.471	
21263	1636.4	26.846	29.875	27.471	
21264	1636.5	26.846	29.875	27.471	
21265	1636.6	26.846	29.875	27.471	
21266	1636.7	26.846	29.875	27.472	
21267	1636.8	26.846	29.875	27.472	
21268	1636.9	26.846	29.875	27.472	
21269	1637.	26.846	29.875	27.472	
21270	1637.	26.846	29.875	27.472	
21271	1637.	26.846	29.875	27.472	
21272	1637.	26.846	29.875	27.472	
21273	1637.1	26.846	29.876	27.472	
21274	1637.2	26.846	29.876	27.472	
21275	1637.3	26.846	29.876	27.472	
21276	1637.4	26.846	29.876	27.472	
21277	1637.5	26.846	29.876	27.472	
21278	1637.6	26.846	29.876	27.472	
21279	1637.7	26.846	29.876	27.472	
21280	1637.8	26.846	29.876	27.472	
21281	1637.9	26.846	29.876	27.472	
21282	1638.	26.846	29.876	27.472	
21283	1638.	26.846	29.876	27.472	
21284	1638.	26.846	29.876	27.472	
21285	1638.	26.846	29.876	27.472	
21286	1638.1	26.846	29.877	27.472	
21287	1638.2	26.846	29.877	27.472	
21288	1638.3	26.846	29.877	27.472	
21289	1638.4	26.846	29.877	27.472	
21290	1638.5	26.846	29.877	27.472	
21291	1638.6	26.846	29.877	27.472	
21292	1638.7	26.846	29.877	27.473	
21293	1638.8	26.847	29.877	27.473	
21294	1638.9	26.847	29.877	27.473	
21295	1639.	26.847	29.877	27.473	
21296	1639.	26.847	29.877	27.473	
21297	1639.	26.847	29.877	27.473	
21298	1639.	26.847	29.877	27.473	
21299	1639.1	26.847	29.877	27.473	
21300	1639.2	26.847	29.878	27.473	
21301	1639.3	26.847	29.878	27.473	
21302	1639.4	26.847	29.878	27.473	
21303	1639.5	26.847	29.878	27.473	
21304	1639.6	26.847	29.878	27.473	
21305	1639.7	26.847	29.878	27.473	
21306	1639.8	26.847	29.878	27.473	
21307	1639.9	26.847	29.878	27.473	
21308	1640.	26.847	29.878	27.473	
21309	1640.	26.847	29.878	27.473	
21310	1640.	26.847	29.878	27.473	
21311	1640.	26.847	29.878	27.473	
21312	1640.1	26.847	29.878	27.473	
21313	1640.2	26.847	29.879	27.473	
21314	1640.3	26.847	29.879	27.473	
21315	1640.4	26.847	29.879	27.473	
21316	1640.5	26.847	29.879	27.473	
21317	1640.6	26.847	29.879	27.473	
21318	1640.7	26.847	29.879	27.473	
21319	1640.8	26.847	29.879	27.474	
21320	1640.9	26.847	29.879	27.474	
21321	1641.	26.847	29.879	27.474	
21322	1641.	26.847	29.879	27.474	
21323	1641.	26.847	29.879	27.474	
21324	1641.	26.847	29.879	27.474	
21325	1641.1	26.847	29.879	27.474	
21326	1641.2	26.847	29.879	27.474	
21327	1641.3	26.847	29.88	27.474	
21328	1641.4	26.848	29.88	27.474	
21329	1641.5	26.848	29.88	27.474	
21330	1641.6	26.848	29.88	27.474	
21331	1641.7	26.848	29.88	27.474	
21332	1641.8	26.848	29.88	27.474	
21333	1641.9	26.848	29.88	27.474	
21334	1642.	26.848	29.88	27.474	
21335	1642.	26.848	29.88	27.474	
21336	1642.	26.848	29.88	27.474	
21337	1642.	26.848	29.88	27.474	
21338	1642.1	26.848	29.88	27.474	
21339	1642.2	26.848	29.88	27.474	
21340	1642.3	26.848	29.881	27.474	
21341	1642.4	26.848	29.881	27.474	
21342	1642.5	26.848	29.881	27.474	
21343	1642.6	26.848	29.881	27.474	
21344	1642.7	26.848	29.881	27.474	
21345	1642.8	26.848	29.881	27.474	
21346	1642.9	26.848	29.881	27.475	
21347	1643.	26.848	29.881	27.475	
21348	1643.	26.848	29.881	27.475	
21349	1643.	26.848	29.881	27.475	
21350	1643.	26.848	29.881	27.475	
21351	1643.1	26.848	29.881	27.475	
21352	1643.2	26.848	29.881	27.475	
21353	1643.3	26.848	29.881	27.475	
21354	1643.4	26.848	29.882	27.475	
21355	1643.5	26.848	29.882	27.475	
21356	1643.6	26.848	29.882	27.475	
21357	1643.7	26.848	29.882	27.475	
21358	1643.8	26.848	29.882	27.475	
21359	1643.9	26.848	29.882	27.475	
21360	1644.	26.848	29.882	27.475	
21361	1644.	26.848	29.882	27.475	
21362	1644.	26.848	29.882	27.475	
21363	1644.	26.849	29.882	27.475	
21364	1644.1	26.849	29.882	27.475	
21365	1644.2	26.849	29.882	27.475	
21366	1644.3	26.849	29.882	27.475	
21367	1644.4	26.849	29.883	27.475	
21368	1644.5	26.849	29.883	27.475	
21369	1644.6	26.849	29.883	27.475	
21370	1644.7	26.849	29.883	27.475	
21371	1644.8	26.849	29.883	27.475	
21372	1644.9	26.849	29.883	27.476	
21373	1645.	26.849	29.883	27.476	
21374	1645.	26.849	29.883	27.476	
21375	1645.	26.849	29.883	27.476	
21376	1645.	26.849	29.883	27.476	
21377	1645.1	26.849	29.883	27.476	
21378	1645.2	26.849	29.883	27.476	
21379	1645.3	26.849	29.883	27.476	
21380	1645.4	26.849	29.883	27.476	
21381	1645.5	26.849	29.884	27.476	
21382	1645.6	26.849	29.884	27.476	
21383	1645.7	26.849	29.884	27.476	
21384	1645.8	26.849	29.884	27.476	
21385	1645.9	26.849	29.884	27.476	
21386	1646.	26.849	29.884	27.476	
21387	1646.	26.849	29.884	27.476	
21388	1646.	26.849	29.884	27.476	
21389	1646.	26.849	29.884	27.476	
21390	1646.1	26.849	29.884	27.476	
21391	1646.2	26.849	29.884	27.476	
21392	1646.3	26.849	29.884	27.476	
21393	1646.4	26.849	29.884	27.476	
21394	1646.5	26.849	29.884	27.476	
21395	1646.6	26.849	29.885	27.476	
21396	1646.7	26.85	29.885	27.476	
21397	1646.8	26.85	29.885	27.476	
21398	1646.9	26.85	29.885	27.476	
21399	1647.	26.85	29.885	27.476	
21400	1647.	26.85	29.885	27.477	
21401	1647.	26.85	29.885	27.477	
21402	1647.	26.85	29.885	27.477	
21403	1647.1	26.85	29.885	27.477	
21404	1647.2	26.85	29.885	27.477	
21405	1647.3	26.85	29.885	27.477	
21406	1647.4	26.85	29.885	27.477	
21407	1647.5	26.85	29.885	27.477	
21408	1647.6	26.85	29.886	27.477	
21409	1647.7	26.85	29.886	27.477	
21410	1647.8	26.85	29.886	27.477	
21411	1647.9	26.85	29.886	27.477	
21412	1648.	26.85	29.886	27.477	
21413	1648.	26.85	29.886	27.477	
21414	1648.	26.85	29.886	27.477	
21415	1648.	26.85	29.886	27.477	
21416	1648.1	26.85	29.886	27.477	
21417	1648.2	26.85	29.886	27.477	
21418	1648.3	26.85	29.886	27.477	
21419	1648.4	26.85	29.886	27.477	
21420	1648.5	26.85	29.886	27.477	
21421	1648.6	26.85	29.886	27.477	
21422	1648.7	26.85	29.887	27.477	
21423	1648.8	26.85	29.887	27.477	
21424	1648.9	26.85	29.887	27.477	
21425	1649.	26.85	29.887	27.477	
21426	1649.	26.85	29.887	27.477	
21427	1649.	26.85	29.887	27.477	
21428	1649.	26.85	29.887	27.477	
21429	1649.1	26.85	29.887	27.478	
21430	1649.2	26.85	29.887	27.478	
21431	1649.3	26.851	29.887	27.478	
21432	1649.4	26.851	29.887	27.478	
21433	1649.5	26.851	29.887	27.478	
21434	1649.6	26.851	29.887	27.478	
21435	1649.7	26.851	29.888	27.478	
21436	1649.8	26.851	29.888	27.478	
21437	1649.9	26.851	29.888	27.478	
21438	1650.	26.851	29.888	27.478	
21439	1650.	26.851	29.888	27.478	
21440	1650.	26.851	29.888	27.478	
21441	1650.	26.851	29.888	27.478	
21442	1650.1	26.851	29.888	27.478	
21443	1650.2	26.851	29.888	27.478	
21444	1650.3	26.851	29.888	27.478	
21445	1650.4	26.851	29.888	27.478	
21446	1650.5	26.851	29.888	27.478	
21447	1650.6	26.851	29.888	27.478	
21448	1650.7	26.851	29.888	27.478	
21449	1650.8	26.851	29.889	27.478	
21450	1650.9	26.851	29.889	27.478	
21451	1651.	26.851	29.889	27.478	
21452	1651.	26.851	29.889	27.478	
21453	1651.	26.851	29.889	27.478	
21454	1651.	26.851	29.889	27.478	
21455	1651.1	26.851	29.889	27.478	
21456	1651.2	26.851	29.889	27.479	
21457	1651.3	26.851	29.889	27.479	
21458	1651.4	26.851	29.889	27.479	
21459	1651.5	26.851	29.889	27.479	
21460	1651.6	26.851	29.889	27.479	
21461	1651.7	26.851	29.889	27.479	
21462	1651.8	26.851	29.89	27.479	
21463	1651.9	26.852	29.89	27.479	
21464	1652.	26.852	29.89	27.479	
21465	1652.	26.852	29.89	27.479	
21466	1652.	26.852	29.89	27.479	
21467	1652.	26.852	29.89	27.479	
21468	1652.1	26.852	29.89	27.479	
21469	1652.2	26.852	29.89	27.479	
21470	1652.3	26.852	29.89	27.479	
21471	1652.4	26.852	29.89	27.479	
21472	1652.5	26.852	29.89	27.479	
21473	1652.6	26.852	29.89	27.479	
21474	1652.7	26.852	29.89	27.479	
21475	1652.8	26.852	29.89	27.479	
21476	1652.9	26.852	29.891	27.479	
21477	1653.	26.852	29.891	27.479	
21478	1653.	26.852	29.891	27.479	
21479	1653.	26.852	29.891	27.479	
21480	1653.	26.852	29.891	27.479	
21481	1653.1	26.852	29.891	27.479	
21482	1653.2	26.852	29.891	27.48	
21483	1653.3	26.852	29.891	27.48	
21484	1653.4	26.852	29.891	27.48	
21485	1653.5	26.852	29.891	27.48	
21486	1653.6	26.852	29.891	27.48	
21487	1653.7	26.852	29.891	27.48	
21488	1653.8	26.852	29.891	27.48	
21489	1653.9	26.852	29.892	27.48	
21490	1654.	26.852	29.892	27.48	
21491	1654.	26.852	29.892	27.48	
21492	1654.	26.852	29.892	27.48	
21493	1654.	26.852	29.892	27.48	
21494	1654.1	26.852	29.892	27.48	
21495	1654.2	26.852	29.892	27.48	
21496	1654.3	26.852	29.892	27.48	
21497	1654.4	26.852	29.892	27.48	
21498	1654.5	26.853	29.892	27.48	
21499	1654.6	26.853	29.892	27.48	
21500	1654.7	26.853	29.892	27.48	
21501	1654.8	26.853	29.892	27.48	
21502	1654.9	26.853	29.892	27.48	
21503	1655.	26.853	29.893	27.48	
21504	1655.	26.853	29.893	27.48	
21505	1655.	26.853	29.893	27.48	
21506	1655.	26.853	29.893	27.48	
21507	1655.1	26.853	29.893	27.48	
21508	1655.2	26.853	29.893	27.48	
21509	1655.3	26.853	29.893	27.481	
21510	1655.4	26.853	29.893	27.481	
21511	1655.5	26.853	29.893	27.481	
21512	1655.6	26.853	29.893	27.481	
21513	1655.7	26.853	29.893	27.481	
21514	1655.8	26.853	29.893	27.481	
21515	1655.9	26.853	29.893	27.481	
21516	1656.	26.853	29.893	27.481	
21517	1656.	26.853	29.893	27.481	
21518	1656.	26.853	29.893	27.481	
21519	1656.	26.853	29.894	27.481	
21520	1656.1	26.853	29.894	27.481	
21521	1656.2	26.853	29.894	27.481	
21522	1656.3	26.853	29.894	27.481	
21523	1656.4	26.853	29.894	27.481	
21524	1656.5	26.853	29.894	27.481	
21525	1656.6	26.853	29.894	27.481	
21526	1656.7	26.853	29.894	27.481	
21527	1656.8	26.853	29.894	27.481	
21528	1656.9	26.853	29.894	27.481	
21529	1657.	26.853	29.894	27.481	
21530	1657.	26.853	29.894	27.481	
21531	1657.	26.853	29.894	27.481	
21532	1657.	26.853	29.894	27.481	
21533	1657.1	26.854	29.895	27.481	
21534	1657.2	26.854	29.895	27.481	
21535	1657.3	26.854	29.895	27.481	
21536	1657.4	26.854	29.895	27.482	
21537	1657.5	26.854	29.895	27.482	
21538	1657.6	26.854	29.895	27.482	
21539	1657.7	26.854	29.895	27.482	
21540	1657.8	26.854	29.895	27.482	
21541	1657.9	26.854	29.895	27.482	
21542	1658.	26.854	29.895	27.482	
21543	1658.	26.854	29.895	27.482	
21544	1658.	26.854	29.895	27.482	
21545	1658.	26.854	29.895	27.482	
21546	1658.1	26.854	29.895	27.482	
21547	1658.2	26.854	29.896	27.482	
21548	1658.3	26.854	29.896	27.482	
21549	1658.4	26.854	29.896	27.482	
21550	1658.5	26.854	29.896	27.482	
21551	1658.6	26.854	29.896	27.482	
21552	1658.7	26.854	29.896	27.482	
21553	1658.8	26.854	29.896	27.482	
21554	1658.9	26.854	29.896	27.482	
21555	1659.	26.854	29.896	27.482	
21556	1659.	26.854	29.896	27.482	
21557	1659.	26.854	29.896	27.482	
21558	1659.	26.854	29.896	27.482	
21559	1659.1	26.854	29.896	27.482	
21560	1659.2	26.854	29.897	27.482	
21561	1659.3	26.854	29.897	27.482	
21562	1659.4	26.854	29.897	27.483	
21563	1659.5	26.854	29.897	27.483	
21564	1659.6	26.854	29.897	27.483	
21565	1659.7	26.855	29.897	27.483	
21566	1659.8	26.855	29.897	27.483	
21567	1659.9	26.855	29.897	27.483	
21568	1660.	26.855	29.897	27.483	
21569	1660.	26.855	29.897	27.483	
21570	1660.	26.855	29.897	27.483	
21571	1660.	26.855	29.897	27.483	
21572	1660.1	26.855	29.897	27.483	
21573	1660.2	26.855	29.897	27.483	
21574	1660.3	26.855	29.898	27.483	
21575	1660.4	26.855	29.898	27.483	
21576	1660.5	26.855	29.898	27.483	
21577	1660.6	26.855	29.898	27.483	
21578	1660.7	26.855	29.898	27.483	
21579	1660.8	26.855	29.898	27.483	
21580	1660.9	26.855	29.898	27.483	
21581	1661.	26.855	29.898	27.483	
21582	1661.	26.855	29.898	27.483	
21583	1661.	26.855	29.898	27.483	
21584	1661.	26.855	29.898	27.483	
21585	1661.1	26.855	29.898	27.483	
21586	1661.2	26.855	29.898	27.483	
21587	1661.3	26.855	29.899	27.483	
21588	1661.4	26.855	29.899	27.483	
21589	1661.5	26.855	29.899	27.484	
21590	1661.6	26.855	29.899	27.484	
21591	1661.7	26.855	29.899	27.484	
21592	1661.8	26.855	29.899	27.484	
21593	1661.9	26.855	29.899	27.484	
21594	1662.	26.855	29.899	27.484	
21595	1662.	26.855	29.899	27.484	
21596	1662.	26.855	29.899	27.484	
21597	1662.	26.855	29.899	27.484	
21598	1662.1	26.855	29.899	27.484	
21599	1662.2	26.855	29.899	27.484	
21600	1662.3	26.856	29.899	27.484	
21601	1662.4	26.856	29.9	27.484	
21602	1662.5	26.856	29.9	27.484	
21603	1662.6	26.856	29.9	27.484	
21604	1662.7	26.856	29.9	27.484	
21605	1662.8	26.856	29.9	27.484	
21606	1662.9	26.856	29.9	27.484	
21607	1663.	26.856	29.9	27.484	
21608	1663.	26.856	29.9	27.484	
21609	1663.	26.856	29.9	27.484	
21610	1663.	26.856	29.9	27.484	
21611	1663.1	26.856	29.9	27.484	
21612	1663.2	26.856	29.9	27.484	
21613	1663.3	26.856	29.9	27.484	
21614	1663.4	26.856	29.9	27.484	
21615	1663.5	26.856	29.901	27.484	
21616	1663.6	26.856	29.901	27.485	
21617	1663.7	26.856	29.901	27.485	
21618	1663.8	26.856	29.901	27.485	
21619	1663.9	26.856	29.901	27.485	
21620	1664.	26.856	29.901	27.485	
21621	1664.	26.856	29.901	27.485	
21622	1664.	26.856	29.901	27.485	
21623	1664.	26.856	29.901	27.485	
21624	1664.1	26.856	29.901	27.485	
21625	1664.2	26.856	29.901	27.485	
21626	1664.3	26.856	29.901	27.485	
21627	1664.4	26.856	29.901	27.485	
21628	1664.5	26.856	29.902	27.485	
21629	1664.6	26.856	29.902	27.485	
21630	1664.7	26.856	29.902	27.485	
21631	1664.8	26.856	29.902	27.485	
21632	1664.9	26.857	29.902	27.485	
21633	1665.	26.857	29.902	27.485	
21634	1665.	26.857	29.902	27.485	
21635	1665.	26.857	29.902	27.485	
21636	1665.	26.857	29.902	27.485	
21637	1665.1	26.857	29.902	27.485	
21638	1665.2	26.857	29.902	27.485	
21639	1665.3	26.857	29.902	27.485	
21640	1665.4	26.857	29.902	27.485	
21641	1665.5	26.857	29.902	27.485	
21642	1665.6	26.857	29.903	27.486	
21643	1665.7	26.857	29.903	27.486	
21644	1665.8	26.857	29.903	27.486	
21645	1665.9	26.857	29.903	27.486	
21646	1666.	26.857	29.903	27.486	
21647	1666.	26.857	29.903	27.486	
21648	1666.	26.857	29.903	27.486	
21649	1666.	26.857	29.903	27.486	
21650	1666.1	26.857	29.903	27.486	
21651	1666.2	26.857	29.903	27.486	
21652	1666.3	26.857	29.903	27.486	
21653	1666.4	26.857	29.903	27.486	
21654	1666.5	26.857	29.903	27.486	
21655	1666.6	26.857	29.904	27.486	
21656	1666.7	26.857	29.904	27.486	
21657	1666.8	26.857	29.904	27.486	
21658	1666.9	26.857	29.904	27.486	
21659	1667.	26.857	29.904	27.486	
21660	1667.	26.857	29.904	27.486	
21661	1667.	26.857	29.904	27.486	
21662	1667.	26.857	29.904	27.486	
21663	1667.1	26.857	29.904	27.486	
21664	1667.2	26.857	29.904	27.486	
21665	1667.3	26.857	29.904	27.486	
21666	1667.4	26.857	29.904	27.486	
21667	1667.5	26.858	29.904	27.486	
21668	1667.6	26.858	29.904	27.486	
21669	1667.7	26.858	29.905	27.487	
21670	1667.8	26.858	29.905	27.487	
21671	1667.9	26.858	29.905	27.487	
21672	1668.	26.858	29.905	27.487	
21673	1668.	26.858	29.905	27.487	
21674	1668.	26.858	29.905	27.487	
21675	1668.	26.858	29.905	27.487	
21676	1668.1	26.858	29.905	27.487	
21677	1668.2	26.858	29.905	27.487	
21678	1668.3	26.858	29.905	27.487	
21679	1668.4	26.858	29.905	27.487	
21680	1668.5	26.858	29.905	27.487	
21681	1668.6	26.858	29.905	27.487	
21682	1668.7	26.858	29.906	27.487	
21683	1668.8	26.858	29.906	27.487	
21684	1668.9	26.858	29.906	27.487	
21685	1669.	26.858	29.906	27.487	
21686	1669.	26.858	29.906	27.487	
21687	1669.	26.858	29.906	27.487	
21688	1669.	26.858	29.906	27.487	
21689	1669.1	26.858	29.906	27.487	
21690	1669.2	26.858	29.906	27.487	
21691	1669.3	26.858	29.906	27.487	
21692	1669.4	26.858	29.906	27.487	
21693	1669.5	26.858	29.906	27.487	
21694	1669.6	26.858	29.906	27.487	
21695	1669.7	26.858	29.906	27.488	
21696	1669.8	26.858	29.907	27.488	
21697	1669.9	26.858	29.907	27.488	
21698	1670.	26.858	29.907	27.488	
21699	1670.	26.858	29.907	27.488	
21700	1670.	26.858	29.907	27.488	
21701	1670.	26.858	29.907	27.488	
21702	1670.1	26.859	29.907	27.488	
21703	1670.2	26.859	29.907	27.488	
21704	1670.3	26.859	29.907	27.488	
21705	1670.4	26.859	29.907	27.488	
21706	1670.5	26.859	29.907	27.488	
21707	1670.6	26.859	29.907	27.488	
21708	1670.7	26.859	29.907	27.488	
21709	1670.8	26.859	29.908	27.488	
21710	1670.9	26.859	29.908	27.488	
21711	1671.	26.859	29.908	27.488	
21712	1671.	26.859	29.908	27.488	
21713	1671.	26.859	29.908	27.488	
21714	1671.	26.859	29.908	27.488	
21715	1671.1	26.859	29.908	27.488	
21716	1671.2	26.859	29.908	27.488	
21717	1671.3	26.859	29.908	27.488	
21718	1671.4	26.859	29.908	27.488	
21719	1671.5	26.859	29.908	27.488	
21720	1671.6	26.859	29.908	27.488	
21721	1671.7	26.859	29.908	27.488	
21722	1671.8	26.859	29.908	27.489	
21723	1671.9	26.859	29.909	27.489	
21724	1672.	26.859	29.909	27.489	
21725	1672.	26.859	29.909	27.489	
21726	1672.	26.859	29.909	27.489	
21727	1672.	26.859	29.909	27.489	
21728	1672.1	26.859	29.909	27.489	
21729	1672.2	26.859	29.909	27.489	
21730	1672.3	26.859	29.909	27.489	
21731	1672.4	26.859	29.909	27.489	
21732	1672.5	26.859	29.909	27.489	
21733	1672.6	26.859	29.909	27.489	
21734	1672.7	26.86	29.909	27.489	
21735	1672.8	26.86	29.909	27.489	
21736	1672.9	26.86	29.909	27.489	
21737	1673.	26.86	29.91	27.489	
21738	1673.	26.86	29.91	27.489	
21739	1673.	26.86	29.91	27.489	
21740	1673.	26.86	29.91	27.489	
21741	1673.1	26.86	29.91	27.489	
21742	1673.2	26.86	29.91	27.489	
21743	1673.3	26.86	29.91	27.489	
21744	1673.4	26.86	29.91	27.489	
21745	1673.5	26.86	29.91	27.489	
21746	1673.6	26.86	29.91	27.489	
21747	1673.7	26.86	29.91	27.489	
21748	1673.8	26.86	29.91	27.489	
21749	1673.9	26.86	29.91	27.49	
21750	1674.	26.86	29.91	27.49	
21751	1674.	26.86	29.911	27.49	
21752	1674.	26.86	29.911	27.49	
21753	1674.	26.86	29.911	27.49	
21754	1674.1	26.86	29.911	27.49	
21755	1674.2	26.86	29.911	27.49	
21756	1674.3	26.86	29.911	27.49	
21757	1674.4	26.86	29.911	27.49	
21758	1674.5	26.86	29.911	27.49	
21759	1674.6	26.86	29.911	27.49	
21760	1674.7	26.86	29.911	27.49	
21761	1674.8	26.86	29.911	27.49	
21762	1674.9	26.86	29.911	27.49	
21763	1675.	26.86	29.911	27.49	
21764	1675.	26.86	29.911	27.49	
21765	1675.	26.86	29.911	27.49	
21766	1675.	26.86	29.911	27.49	
21767	1675.1	26.86	29.912	27.49	
21768	1675.2	26.86	29.912	27.49	
21769	1675.3	26.861	29.912	27.49	
21770	1675.4	26.861	29.912	27.49	
21771	1675.5	26.861	29.912	27.49	
21772	1675.6	26.861	29.912	27.49	
21773	1675.7	26.861	29.912	27.49	
21774	1675.8	26.861	29.912	27.49	
21775	1675.9	26.861	29.912	27.491	
21776	1676.	26.861	29.912	27.491	
21777	1676.	26.861	29.912	27.491	
21778	1676.	26.861	29.912	27.491	
21779	1676.	26.861	29.912	27.491	
21780	1676.1	26.861	29.913	27.491	
21781	1676.2	26.861	29.913	27.491	
21782	1676.3	26.861	29.913	27.491	
21783	1676.4	26.861	29.913	27.491	
21784	1676.5	26.861	29.913	27.491	
21785	1676.6	26.861	29.913	27.491	
21786	1676.7	26.861	29.913	27.491	
21787	1676.8	26.861	29.913	27.491	
21788	1676.9	26.861	29.913	27.491	
21789	1677.	26.861	29.913	27.491	
21790	1677.	26.861	29.913	27.491	
21791	1677.	26.861	29.913	27.491	
21792	1677.	26.861	29.913	27.491	
21793	1677.1	26.861	29.913	27.491	
21794	1677.2	26.861	29.914	27.491	
21795	1677.3	26.861	29.914	27.491	
21796	1677.4	26.861	29.914	27.491	
21797	1677.5	26.861	29.914	27.491	
21798	1677.6	26.861	29.914	27.491	
21799	1677.7	26.861	29.914	27.491	
21800	1677.8	26.861	29.914	27.491	
21801	1677.9	26.862	29.914	27.491	
21802	1678.	26.862	29.914	27.492	
21803	1678.	26.862	29.914	27.492	
21804	1678.	26.862	29.914	27.492	
21805	1678.	26.862	29.914	27.492	
21806	1678.1	26.862	29.914	27.492	
21807	1678.2	26.862	29.915	27.492	
21808	1678.3	26.862	29.915	27.492	
21809	1678.4	26.862	29.915	27.492	
21810	1678.5	26.862	29.915	27.492	
21811	1678.6	26.862	29.915	27.492	
21812	1678.7	26.862	29.915	27.492	
21813	1678.8	26.862	29.915	27.492	
21814	1678.9	26.862	29.915	27.492	
21815	1679.	26.862	29.915	27.492	
21816	1679.	26.862	29.915	27.492	
21817	1679.	26.862	29.915	27.492	
21818	1679.	26.862	29.915	27.492	
21819	1679.1	26.862	29.915	27.492	
21820	1679.2	26.862	29.915	27.492	
21821	1679.3	26.862	29.916	27.492	
21822	1679.4	26.862	29.916	27.492	
21823	1679.5	26.862	29.916	27.492	
21824	1679.6	26.862	29.916	27.492	
21825	1679.7	26.862	29.916	27.492	
21826	1679.8	26.862	29.916	27.492	
21827	1679.9	26.862	29.916	27.492	
21828	1680.	26.862	29.916	27.492	
21829	1680.	26.862	29.916	27.492	
21830	1680.	26.862	29.916	27.492	
21831	1680.	26.862	29.916	27.493	
21832	1680.1	26.862	29.916	27.493	
21833	1680.2	26.862	29.916	27.493	
21834	1680.3	26.862	29.917	27.493	
21835	1680.4	26.862	29.917	27.493	
21836	1680.5	26.863	29.917	27.493	
21837	1680.6	26.863	29.917	27.493	
21838	1680.7	26.863	29.917	27.493	
21839	1680.8	26.863	29.917	27.493	
21840	1680.9	26.863	29.917	27.493	
21841	1681.	26.863	29.917	27.493	
21842	1681.	26.863	29.917	27.493	
21843	1681.	26.863	29.917	27.493	
21844	1681.	26.863	29.917	27.493	
21845	1681.1	26.863	29.917	27.493	
21846	1681.2	26.863	29.917	27.493	
21847	1681.3	26.863	29.917	27.493	
21848	1681.4	26.863	29.918	27.493	
21849	1681.5	26.863	29.918	27.493	
21850	1681.6	26.863	29.918	27.493	
21851	1681.7	26.863	29.918	27.493	
21852	1681.8	26.863	29.918	27.493	
21853	1681.9	26.863	29.918	27.493	
21854	1682.	26.863	29.918	27.493	
21855	1682.	26.863	29.918	27.493	
21856	1682.	26.863	29.918	27.493	
21857	1682.	26.863	29.918	27.493	
21858	1682.1	26.863	29.918	27.494	
21859	1682.2	26.863	29.918	27.494	
21860	1682.3	26.863	29.918	27.494	
21861	1682.4	26.863	29.918	27.494	
21862	1682.5	26.863	29.919	27.494	
21863	1682.6	26.863	29.919	27.494	
21864	1682.7	26.863	29.919	27.494	
21865	1682.8	26.863	29.919	27.494	
21866	1682.9	26.863	29.919	27.494	
21867	1683.	26.863	29.919	27.494	
21868	1683.	26.863	29.919	27.494	
21869	1683.	26.863	29.919	27.494	
21870	1683.	26.863	29.919	27.494	
21871	1683.1	26.864	29.919	27.494	
21872	1683.2	26.864	29.919	27.494	
21873	1683.3	26.864	29.919	27.494	
21874	1683.4	26.864	29.919	27.494	
21875	1683.5	26.864	29.92	27.494	
21876	1683.6	26.864	29.92	27.494	
21877	1683.7	26.864	29.92	27.494	
21878	1683.8	26.864	29.92	27.494	
21879	1683.9	26.864	29.92	27.494	
21880	1684.	26.864	29.92	27.494	
21881	1684.	26.864	29.92	27.494	
21882	1684.	26.864	29.92	27.494	
21883	1684.	26.864	29.92	27.494	
21884	1684.1	26.864	29.92	27.494	
21885	1684.2	26.864	29.92	27.495	
21886	1684.3	26.864	29.92	27.495	
21887	1684.4	26.864	29.92	27.495	
21888	1684.5	26.864	29.92	27.495	
21889	1684.6	26.864	29.921	27.495	
21890	1684.7	26.864	29.921	27.495	
21891	1684.8	26.864	29.921	27.495	
21892	1684.9	26.864	29.921	27.495	
21893	1685.	26.864	29.921	27.495	
21894	1685.	26.864	29.921	27.495	
21895	1685.	26.864	29.921	27.495	
21896	1685.	26.864	29.921	27.495	
21897	1685.1	26.864	29.921	27.495	
21898	1685.2	26.864	29.921	27.495	
21899	1685.3	26.864	29.921	27.495	
21900	1685.4	26.864	29.921	27.495	
21901	1685.5	26.864	29.921	27.495	
21902	1685.6	26.864	29.922	27.495	
21903	1685.7	26.865	29.922	27.495	
21904	1685.8	26.865	29.922	27.495	
21905	1685.9	26.865	29.922	27.495	
21906	1686.	26.865	29.922	27.495	
21907	1686.	26.865	29.922	27.495	
21908	1686.	26.865	29.922	27.495	
21909	1686.	26.865	29.922	27.495	
21910	1686.1	26.865	29.922	27.495	
21911	1686.2	26.865	29.922	27.496	
21912	1686.3	26.865	29.922	27.496	
21913	1686.4	26.865	29.922	27.496	
21914	1686.5	26.865	29.922	27.496	
21915	1686.6	26.865	29.922	27.496	
21916	1686.7	26.865	29.923	27.496	
21917	1686.8	26.865	29.923	27.496	
21918	1686.9	26.865	29.923	27.496	
21919	1687.	26.865	29.923	27.496	
21920	1687.	26.865	29.923	27.496	
21921	1687.	26.865	29.923	27.496	
21922	1687.	26.865	29.923	27.496	
21923	1687.1	26.865	29.923	27.496	
21924	1687.2	26.865	29.923	27.496	
21925	1687.3	26.865	29.923	27.496	
21926	1687.4	26.865	29.923	27.496	
21927	1687.5	26.865	29.923	27.496	
21928	1687.6	26.865	29.923	27.496	
21929	1687.7	26.865	29.924	27.496	
21930	1687.8	26.865	29.924	27.496	
21931	1687.9	26.865	29.924	27.496	
21932	1688.	26.865	29.924	27.496	
21933	1688.	26.865	29.924	27.496	
21934	1688.	26.865	29.924	27.496	
21935	1688.	26.865	29.924	27.496	
21936	1688.1	26.865	29.924	27.496	
21937	1688.2	26.865	29.924	27.496	
21938	1688.3	26.866	29.924	27.497	
21939	1688.4	26.866	29.924	27.497	
21940	1688.5	26.866	29.924	27.497	
21941	1688.6	26.866	29.924	27.497	
21942	1688.7	26.866	29.924	27.497	
21943	1688.8	26.866	29.925	27.497	
21944	1688.9	26.866	29.925	27.497	
21945	1689.	26.866	29.925	27.497	
21946	1689.	26.866	29.925	27.497	
21947	1689.	26.866	29.925	27.497	
21948	1689.	26.866	29.925	27.497	
21949	1689.1	26.866	29.925	27.497	
21950	1689.2	26.866	29.925	27.497	
21951	1689.3	26.866	29.925	27.497	
21952	1689.4	26.866	29.925	27.497	
21953	1689.5	26.866	29.925	27.497	
21954	1689.6	26.866	29.925	27.497	
21955	1689.7	26.866	29.925	27.497	
21956	1689.8	26.866	29.925	27.497	
21957	1689.9	26.866	29.926	27.497	
21958	1690.	26.866	29.926	27.497	
21959	1690.	26.866	29.926	27.497	
21960	1690.	26.866	29.926	27.497	
21961	1690.	26.866	29.926	27.497	
21962	1690.1	26.866	29.926	27.497	
21963	1690.2	26.866	29.926	27.497	
21964	1690.3	26.866	29.926	27.497	
21965	1690.4	26.866	29.926	27.498	
21966	1690.5	26.866	29.926	27.498	
21967	1690.6	26.866	29.926	27.498	
21968	1690.7	26.866	29.926	27.498	
21969	1690.8	26.866	29.926	27.498	
21970	1690.9	26.867	29.927	27.498	
21971	1691.	26.867	29.927	27.498	
21972	1691.	26.867	29.927	27.498	
21973	1691.	26.867	29.927	27.498	
21974	1691.	26.867	29.927	27.498	
21975	1691.1	26.867	29.927	27.498	
21976	1691.2	26.867	29.927	27.498	
21977	1691.3	26.867	29.927	27.498	
21978	1691.4	26.867	29.927	27.498	
21979	1691.5	26.867	29.927	27.498	
21980	1691.6	26.867	29.927	27.498	
21981	1691.7	26.867	29.927	27.498	
21982	1691.8	26.867	29.927	27.498	
21983	1691.9	26.867	29.927	27.498	
21984	1692.	26.867	29.928	27.498	
21985	1692.	26.867	29.928	27.498	
21986	1692.	26.867	29.928	27.498	
21987	1692.	26.867	29.928	27.498	
21988	1692.1	26.867	29.928	27.498	
21989	1692.2	26.867	29.928	27.498	
21990	1692.3	26.867	29.928	27.498	
21991	1692.4	26.867	29.928	27.499	
21992	1692.5	26.867	29.928	27.499	
21993	1692.6	26.867	29.928	27.499	
21994	1692.7	26.867	29.928	27.499	
21995	1692.8	26.867	29.928	27.499	
21996	1692.9	26.867	29.928	27.499	
21997	1693.	26.867	29.928	27.499	
21998	1693.	26.867	29.928	27.499	
21999	1693.	26.867	29.928	27.499	
22000	1693.	26.867	29.929	27.499	
22001	1693.1	26.867	29.929	27.499	
22002	1693.2	26.867	29.929	27.499	
22003	1693.3	26.867	29.929	27.499	
22004	1693.4	26.868	29.929	27.499	
22005	1693.5	26.868	29.929	27.499	
22006	1693.6	26.868	29.929	27.499	
22007	1693.7	26.868	29.929	27.499	
22008	1693.8	26.868	29.929	27.499	
22009	1693.9	26.868	29.929	27.499	
22010	1694.	26.868	29.929	27.499	
22011	1694.	26.868	29.929	27.499	
22012	1694.	26.868	29.929	27.499	
22013	1694.	26.868	29.929	27.499	
22014	1694.1	26.868	29.93	27.499	
22015	1694.2	26.868	29.93	27.499	
22016	1694.3	26.868	29.93	27.499	
22017	1694.4	26.868	29.93	27.499	
22018	1694.5	26.868	29.93	27.5	
22019	1694.6	26.868	29.93	27.5	
22020	1694.7	26.868	29.93	27.5	
22021	1694.8	26.868	29.93	27.5	
22022	1694.9	26.868	29.93	27.5	
22023	1695.	26.868	29.93	27.5	
22024	1695.	26.868	29.93	27.5	
22025	1695.	26.868	29.93	27.5	
22026	1695.	26.868	29.93	27.5	
22027	1695.1	26.868	29.931	27.5	
22028	1695.2	26.868	29.931	27.5	
22029	1695.3	26.868	29.931	27.5	
22030	1695.4	26.868	29.931	27.5	
22031	1695.5	26.868	29.931	27.5	
22032	1695.6	26.868	29.931	27.5	
22033	1695.7	26.868	29.931	27.5	
22034	1695.8	26.868	29.931	27.5	
22035	1695.9	26.868	29.931	27.5	
22036	1696.	26.868	29.931	27.5	
22037	1696.	26.868	29.931	27.5	
22038	1696.	26.868	29.931	27.5	
22039	1696.	26.869	29.931	27.5	
22040	1696.1	26.869	29.931	27.5	
22041	1696.2	26.869	29.932	27.5	
22042	1696.3	26.869	29.932	27.5	
22043	1696.4	26.869	29.932	27.5	
22044	1696.5	26.869	29.932	27.501	
22045	1696.6	26.869	29.932	27.501	
22046	1696.7	26.869	29.932	27.501	
22047	1696.8	26.869	29.932	27.501	
22048	1696.9	26.869	29.932	27.501	
22049	1697.	26.869	29.932	27.501	
22050	1697.	26.869	29.932	27.501	
22051	1697.	26.869	29.932	27.501	
22052	1697.	26.869	29.932	27.501	
22053	1697.1	26.869	29.932	27.501	
22054	1697.2	26.869	29.932	27.501	
22055	1697.3	26.869	29.933	27.501	
22056	1697.4	26.869	29.933	27.501	
22057	1697.5	26.869	29.933	27.501	
22058	1697.6	26.869	29.933	27.501	
22059	1697.7	26.869	29.933	27.501	
22060	1697.8	26.869	29.933	27.501	
22061	1697.9	26.869	29.933	27.501	
22062	1698.	26.869	29.933	27.501	
22063	1698.	26.869	29.933	27.501	
22064	1698.	26.869	29.933	27.501	
22065	1698.	26.869	29.933	27.501	
22066	1698.1	26.869	29.933	27.501	
22067	1698.2	26.869	29.933	27.501	
22068	1698.3	26.869	29.934	27.501	
22069	1698.4	26.869	29.934	27.501	
22070	1698.5	26.869	29.934	27.501	
22071	1698.6	26.87	29.934	27.502	
22072	1698.7	26.87	29.934	27.502	
22073	1698.8	26.87	29.934	27.502	
22074	1698.9	26.87	29.934	27.502	
22075	1699.	26.87	29.934	27.502	
22076	1699.	26.87	29.934	27.502	
22077	1699.	26.87	29.934	27.502	
22078	1699.	26.87	29.934	27.502	
22079	1699.1	26.87	29.934	27.502	
22080	1699.2	26.87	29.934	27.502	
22081	1699.3	26.87	29.934	27.502	
22082	1699.4	26.87	29.935	27.502	
22083	1699.5	26.87	29.935	27.502	
22084	1699.6	26.87	29.935	27.502	
22085	1699.7	26.87	29.935	27.502	
22086	1699.8	26.87	29.935	27.502	
22087	1699.9	26.87	29.935	27.502	
22088	1700.	26.87	29.935	27.502	
22089	1700.	26.87	29.935	27.502	
22090	1700.	26.87	29.935	27.502	
22091	1700.	26.87	29.935	27.502	
22092	1700.1	26.87	29.935	27.502	
22093	1700.2	26.87	29.935	27.502	
22094	1700.3	26.87	29.935	27.502	
22095	1700.4	26.87	29.936	27.502	
22096	1700.5	26.87	29.936	27.502	
22097	1700.6	26.87	29.936	27.503	
22098	1700.7	26.87	29.936	27.503	
22099	1700.8	26.87	29.936	27.503	
22100	1700.9	26.87	29.936	27.503	
22101	1701.	26.87	29.936	27.503	
22102	1701.	26.87	29.936	27.503	
22103	1701.	26.87	29.936	27.503	
22104	1701.	26.87	29.936	27.503	
22105	1701.1	26.87	29.936	27.503	
22106	1701.2	26.871	29.936	27.503	
22107	1701.3	26.871	29.936	27.503	
22108	1701.4	26.871	29.936	27.503	
22109	1701.5	26.871	29.937	27.503	
22110	1701.6	26.871	29.937	27.503	
22111	1701.7	26.871	29.937	27.503	
22112	1701.8	26.871	29.937	27.503	
22113	1701.9	26.871	29.937	27.503	
22114	1702.	26.871	29.937	27.503	
22115	1702.	26.871	29.937	27.503	
22116	1702.	26.871	29.937	27.503	
22117	1702.	26.871	29.937	27.503	
22118	1702.1	26.871	29.937	27.503	
22119	1702.2	26.871	29.937	27.503	
22120	1702.3	26.871	29.937	27.503	
22121	1702.4	26.871	29.937	27.503	
22122	1702.5	26.871	29.938	27.503	
22123	1702.6	26.871	29.938	27.503	
22124	1702.7	26.871	29.938	27.504	
22125	1702.8	26.871	29.938	27.504	
22126	1702.9	26.871	29.938	27.504	
22127	1703.	26.871	29.938	27.504	
22128	1703.	26.871	29.938	27.504	
22129	1703.	26.871	29.938	27.504	
22130	1703.	26.871	29.938	27.504	
22131	1703.1	26.871	29.938	27.504	
22132	1703.2	26.871	29.938	27.504	
22133	1703.3	26.871	29.938	27.504	
22134	1703.4	26.871	29.938	27.504	
22135	1703.5	26.871	29.938	27.504	
22136	1703.6	26.871	29.939	27.504	
22137	1703.7	26.871	29.939	27.504	
22138	1703.8	26.872	29.939	27.504	
22139	1703.9	26.872	29.939	27.504	
22140	1704.	26.872	29.939	27.504	
22141	1704.	26.872	29.939	27.504	
22142	1704.	26.872	29.939	27.504	
22143	1704.	26.872	29.939	27.504	
22144	1704.1	26.872	29.939	27.504	
22145	1704.2	26.872	29.939	27.504	
22146	1704.3	26.872	29.939	27.504	
22147	1704.4	26.872	29.939	27.504	
22148	1704.5	26.872	29.939	27.504	
22149	1704.6	26.872	29.939	27.504	
22150	1704.7	26.872	29.94	27.504	
22151	1704.8	26.872	29.94	27.505	
22152	1704.9	26.872	29.94	27.505	
22153	1705.	26.872	29.94	27.505	
22154	1705.	26.872	29.94	27.505	
22155	1705.	26.872	29.94	27.505	
22156	1705.	26.872	29.94	27.505	
22157	1705.1	26.872	29.94	27.505	
22158	1705.2	26.872	29.94	27.505	
22159	1705.3	26.872	29.94	27.505	
22160	1705.4	26.872	29.94	27.505	
22161	1705.5	26.872	29.94	27.505	
22162	1705.6	26.872	29.94	27.505	
22163	1705.7	26.872	29.941	27.505	
22164	1705.8	26.872	29.941	27.505	
22165	1705.9	26.872	29.941	27.505	
22166	1706.	26.872	29.941	27.505	
22167	1706.	26.872	29.941	27.505	
22168	1706.	26.872	29.941	27.505	
22169	1706.	26.872	29.941	27.505	
22170	1706.1	26.872	29.941	27.505	
22171	1706.2	26.872	29.941	27.505	
22172	1706.3	26.872	29.941	27.505	
22173	1706.4	26.873	29.941	27.505	
22174	1706.5	26.873	29.941	27.505	
22175	1706.6	26.873	29.941	27.505	
22176	1706.7	26.873	29.941	27.505	
22177	1706.8	26.873	29.942	27.506	
22178	1706.9	26.873	29.942	27.506	
22179	1707.	26.873	29.942	27.506	
22180	1707.	26.873	29.942	27.506	
22181	1707.	26.873	29.942	27.506	
22182	1707.	26.873	29.942	27.506	
22183	1707.1	26.873	29.942	27.506	
22184	1707.2	26.873	29.942	27.506	
22185	1707.3	26.873	29.942	27.506	
22186	1707.4	26.873	29.942	27.506	
22187	1707.5	26.873	29.942	27.506	
22188	1707.6	26.873	29.942	27.506	
22189	1707.7	26.873	29.942	27.506	
22190	1707.8	26.873	29.943	27.506	
22191	1707.9	26.873	29.943	27.506	
22192	1708.	26.873	29.943	27.506	
22193	1708.	26.873	29.943	27.506	
22194	1708.	26.873	29.943	27.506	
22195	1708.	26.873	29.943	27.506	
22196	1708.1	26.873	29.943	27.506	
22197	1708.2	26.873	29.943	27.506	
22198	1708.3	26.873	29.943	27.506	
22199	1708.4	26.873	29.943	27.506	
22200	1708.5	26.873	29.943	27.506	
22201	1708.6	26.873	29.943	27.506	
22202	1708.7	26.873	29.943	27.506	
22203	1708.8	26.873	29.943	27.506	
22204	1708.9	26.874	29.944	27.507	
22205	1709.	26.874	29.944	27.507	
22206	1709.	26.874	29.944	27.507	
22207	1709.	26.874	29.944	27.507	
22208	1709.	26.874	29.944	27.507	
22209	1709.1	26.874	29.944	27.507	
22210	1709.2	26.874	29.944	27.507	
22211	1709.3	26.874	29.944	27.507	
22212	1709.4	26.874	29.944	27.507	
22213	1709.5	26.874	29.944	27.507	
22214	1709.6	26.874	29.944	27.507	
22215	1709.7	26.874	29.944	27.507	
22216	1709.8	26.874	29.944	27.507	
22217	1709.9	26.874	29.945	27.507	
22218	1710.	26.874	29.945	27.507	
22219	1710.	26.874	29.945	27.507	
22220	1710.	26.874	29.945	27.507	
22221	1710.	26.874	29.945	27.507	
22222	1710.1	26.874	29.945	27.507	
22223	1710.2	26.874	29.945	27.507	
22224	1710.3	26.874	29.945	27.507	
22225	1710.4	26.874	29.945	27.507	
22226	1710.5	26.874	29.945	27.507	
22227	1710.6	26.874	29.945	27.507	
22228	1710.7	26.874	29.945	27.507	
22229	1710.8	26.874	29.945	27.507	
22230	1710.9	26.874	29.945	27.508	
22231	1711.	26.874	29.946	27.508	
22232	1711.	26.874	29.946	27.508	
22233	1711.	26.874	29.946	27.508	
22234	1711.	26.874	29.946	27.508	
22235	1711.1	26.874	29.946	27.508	
22236	1711.2	26.874	29.946	27.508	
22237	1711.3	26.874	29.946	27.508	
22238	1711.4	26.874	29.946	27.508	
22239	1711.5	26.875	29.946	27.508	
22240	1711.6	26.875	29.946	27.508	
22241	1711.7	26.875	29.946	27.508	
22242	1711.8	26.875	29.946	27.508	
22243	1711.9	26.875	29.946	27.508	
22244	1712.	26.875	29.946	27.508	
22245	1712.	26.875	29.946	27.508	
22246	1712.	26.875	29.946	27.508	
22247	1712.	26.875	29.947	27.508	
22248	1712.1	26.875	29.947	27.508	
22249	1712.2	26.875	29.947	27.508	
22250	1712.3	26.875	29.947	27.508	
22251	1712.4	26.875	29.947	27.508	
22252	1712.5	26.875	29.947	27.508	
22253	1712.6	26.875	29.947	27.508	
22254	1712.7	26.875	29.947	27.508	
22255	1712.8	26.875	29.947	27.508	
22256	1712.9	26.875	29.947	27.508	
22257	1713.	26.875	29.947	27.509	
22258	1713.	26.875	29.947	27.509	
22259	1713.	26.875	29.947	27.509	
22260	1713.	26.875	29.947	27.509	
22261	1713.1	26.875	29.948	27.509	
22262	1713.2	26.875	29.948	27.509	
22263	1713.3	26.875	29.948	27.509	
22264	1713.4	26.875	29.948	27.509	
22265	1713.5	26.875	29.948	27.509	
22266	1713.6	26.875	29.948	27.509	
22267	1713.7	26.875	29.948	27.509	
22268	1713.8	26.875	29.948	27.509	
22269	1713.9	26.875	29.948	27.509	
22270	1714.	26.875	29.948	27.509	
22271	1714.	26.875	29.948	27.509	
22272	1714.	26.875	29.948	27.509	
22273	1714.	26.875	29.948	27.509	
22274	1714.1	26.876	29.948	27.509	
22275	1714.2	26.876	29.949	27.509	
22276	1714.3	26.876	29.949	27.509	
22277	1714.4	26.876	29.949	27.509	
22278	1714.5	26.876	29.949	27.509	
22279	1714.6	26.876	29.949	27.509	
22280	1714.7	26.876	29.949	27.509	
22281	1714.8	26.876	29.949	27.509	
22282	1714.9	26.876	29.949	27.509	
22283	1715.	26.876	29.949	27.509	
22284	1715.	26.876	29.949	27.51	
22285	1715.	26.876	29.949	27.51	
22286	1715.	26.876	29.949	27.51	
22287	1715.1	26.876	29.949	27.51	
22288	1715.2	26.876	29.95	27.51	
22289	1715.3	26.876	29.95	27.51	
22290	1715.4	26.876	29.95	27.51	
22291	1715.5	26.876	29.95	27.51	
22292	1715.6	26.876	29.95	27.51	
22293	1715.7	26.876	29.95	27.51	
22294	1715.8	26.876	29.95	27.51	
22295	1715.9	26.876	29.95	27.51	
22296	1716.	26.876	29.95	27.51	
22297	1716.	26.876	29.95	27.51	
22298	1716.	26.876	29.95	27.51	
22299	1716.	26.876	29.95	27.51	
22300	1716.1	26.876	29.95	27.51	
22301	1716.2	26.876	29.95	27.51	
22302	1716.3	26.876	29.951	27.51	
22303	1716.4	26.876	29.951	27.51	
22304	1716.5	26.876	29.951	27.51	
22305	1716.6	26.876	29.951	27.51	
22306	1716.7	26.877	29.951	27.51	
22307	1716.8	26.877	29.951	27.51	
22308	1716.9	26.877	29.951	27.51	
22309	1717.	26.877	29.951	27.51	
22310	1717.	26.877	29.951	27.51	
22311	1717.	26.877	29.951	27.51	
22312	1717.	26.877	29.951	27.51	
22313	1717.1	26.877	29.951	27.511	
22314	1717.2	26.877	29.951	27.511	
22315	1717.3	26.877	29.952	27.511	
22316	1717.4	26.877	29.952	27.511	
22317	1717.5	26.877	29.952	27.511	
22318	1717.6	26.877	29.952	27.511	
22319	1717.7	26.877	29.952	27.511	
22320	1717.8	26.877	29.952	27.511	
22321	1717.9	26.877	29.952	27.511	
22322	1718.	26.877	29.952	27.511	
22323	1718.	26.877	29.952	27.511	
22324	1718.	26.877	29.952	27.511	
22325	1718.	26.877	29.952	27.511	
22326	1718.1	26.877	29.952	27.511	
22327	1718.2	26.877	29.952	27.511	
22328	1718.3	26.877	29.952	27.511	
22329	1718.4	26.877	29.953	27.511	
22330	1718.5	26.877	29.953	27.511	
22331	1718.6	26.877	29.953	27.511	
22332	1718.7	26.877	29.953	27.511	
22333	1718.8	26.877	29.953	27.511	
22334	1718.9	26.877	29.953	27.511	
22335	1719.	26.877	29.953	27.511	
22336	1719.	26.877	29.953	27.511	
22337	1719.	26.877	29.953	27.511	
22338	1719.	26.877	29.953	27.511	
22339	1719.1	26.877	29.953	27.512	
22340	1719.2	26.878	29.953	27.512	
22341	1719.3	26.878	29.953	27.512	
22342	1719.4	26.878	29.953	27.512	
22343	1719.5	26.878	29.954	27.512	
22344	1719.6	26.878	29.954	27.512	
22345	1719.7	26.878	29.954	27.512	
22346	1719.8	26.878	29.954	27.512	
22347	1719.9	26.878	29.954	27.512	
22348	1720.	26.878	29.954	27.512	
22349	1720.	26.878	29.954	27.512	
22350	1720.	26.878	29.954	27.512	
22351	1720.	26.878	29.954	27.512	
22352	1720.1	26.878	29.954	27.512	
22353	1720.2	26.878	29.954	27.512	
22354	1720.3	26.878	29.954	27.512	
22355	1720.4	26.878	29.954	27.512	
22356	1720.5	26.878	29.955	27.512	
22357	1720.6	26.878	29.955	27.512	
22358	1720.7	26.878	29.955	27.512	
22359	1720.8	26.878	29.955	27.512	
22360	1720.9	26.878	29.955	27.512	
22361	1721.	26.878	29.955	27.512	
22362	1721.	26.878	29.955	27.512	
22363	1721.	26.878	29.955	27.512	
22364	1721.	26.878	29.955	27.512	
22365	1721.1	26.878	29.955	27.512	
22366	1721.2	26.878	29.955	27.513	
22367	1721.3	26.878	29.955	27.513	
22368	1721.4	26.878	29.955	27.513	
22369	1721.5	26.878	29.955	27.513	
22370	1721.6	26.878	29.956	27.513	
22371	1721.7	26.878	29.956	27.513	
22372	1721.8	26.879	29.956	27.513	
22373	1721.9	26.879	29.956	27.513	
22374	1722.	26.879	29.956	27.513	
22375	1722.	26.879	29.956	27.513	
22376	1722.	26.879	29.956	27.513	
22377	1722.	26.879	29.956	27.513	
22378	1722.1	26.879	29.956	27.513	
22379	1722.2	26.879	29.956	27.513	
22380	1722.3	26.879	29.956	27.513	
22381	1722.4	26.879	29.956	27.513	
22382	1722.5	26.879	29.956	27.513	
22383	1722.6	26.879	29.957	27.513	
22384	1722.7	26.879	29.957	27.513	
22385	1722.8	26.879	29.957	27.513	
22386	1722.9	26.879	29.957	27.513	
22387	1723.	26.879	29.957	27.513	
22388	1723.	26.879	29.957	27.513	
22389	1723.	26.879	29.957	27.513	
22390	1723.	26.879	29.957	27.513	
22391	1723.1	26.879	29.957	27.513	
22392	1723.2	26.879	29.957	27.514	
22393	1723.3	26.879	29.957	27.514	
22394	1723.4	26.879	29.957	27.514	
22395	1723.5	26.879	29.957	27.514	
22396	1723.6	26.879	29.957	27.514	
22397	1723.7	26.879	29.958	27.514	
22398	1723.8	26.879	29.958	27.514	
22399	1723.9	26.879	29.958	27.514	
22400	1724.	26.879	29.958	27.514	
22401	1724.	26.879	29.958	27.514	
22402	1724.	26.879	29.958	27.514	
22403	1724.	26.879	29.958	27.514	
22404	1724.1	26.879	29.958	27.514	
22405	1724.2	26.879	29.958	27.514	
22406	1724.3	26.879	29.958	27.514	
22407	1724.4	26.88	29.958	27.514	
22408	1724.5	26.88	29.958	27.514	
22409	1724.6	26.88	29.958	27.514	
22410	1724.7	26.88	29.958	27.514	
22411	1724.8	26.88	29.959	27.514	
22412	1724.9	26.88	29.959	27.514	
22413	1725.	26.88	29.959	27.514	
22414	1725.	26.88	29.959	27.514	
22415	1725.	26.88	29.959	27.514	
22416	1725.	26.88	29.959	27.514	
22417	1725.1	26.88	29.959	27.514	
22418	1725.2	26.88	29.959	27.514	
22419	1725.3	26.88	29.959	27.515	
22420	1725.4	26.88	29.959	27.515	
22421	1725.5	26.88	29.959	27.515	
22422	1725.6	26.88	29.959	27.515	
22423	1725.7	26.88	29.959	27.515	
22424	1725.8	26.88	29.96	27.515	
22425	1725.9	26.88	29.96	27.515	
22426	1726.	26.88	29.96	27.515	
22427	1726.	26.88	29.96	27.515	
22428	1726.	26.88	29.96	27.515	
22429	1726.	26.88	29.96	27.515	
22430	1726.1	26.88	29.96	27.515	
22431	1726.2	26.88	29.96	27.515	
22432	1726.3	26.88	29.96	27.515	
22433	1726.4	26.88	29.96	27.515	
22434	1726.5	26.88	29.96	27.515	
22435	1726.6	26.88	29.96	27.515	
22436	1726.7	26.88	29.96	27.515	
22437	1726.8	26.88	29.96	27.515	
22438	1726.9	26.88	29.961	27.515	
22439	1727.	26.881	29.961	27.515	
22440	1727.	26.881	29.961	27.515	
22441	1727.	26.881	29.961	27.515	
22442	1727.	26.881	29.961	27.515	
22443	1727.1	26.881	29.961	27.515	
22444	1727.2	26.881	29.961	27.515	
22445	1727.3	26.881	29.961	27.516	
22446	1727.4	26.881	29.961	27.516	
22447	1727.5	26.881	29.961	27.516	
22448	1727.6	26.881	29.961	27.516	
22449	1727.7	26.881	29.961	27.516	
22450	1727.8	26.881	29.961	27.516	
22451	1727.9	26.881	29.962	27.516	
22452	1728.	26.881	29.962	27.516	
22453	1728.	26.881	29.962	27.516	
22454	1728.	26.881	29.962	27.516	
22455	1728.	26.881	29.962	27.516	
22456	1728.1	26.881	29.962	27.516	
22457	1728.2	26.881	29.962	27.516	
22458	1728.3	26.881	29.962	27.516	
22459	1728.4	26.881	29.962	27.516	
22460	1728.5	26.881	29.962	27.516	
22461	1728.6	26.881	29.962	27.516	
22462	1728.7	26.881	29.962	27.516	
22463	1728.8	26.881	29.962	27.516	
22464	1728.9	26.881	29.962	27.516	
22465	1729.	26.881	29.963	27.516	
22466	1729.	26.881	29.963	27.516	
22467	1729.	26.881	29.963	27.516	
22468	1729.	26.881	29.963	27.516	
22469	1729.1	26.881	29.963	27.516	
22470	1729.2	26.881	29.963	27.516	
22471	1729.3	26.881	29.963	27.516	
22472	1729.4	26.881	29.963	27.517	
22473	1729.5	26.882	29.963	27.517	
22474	1729.6	26.882	29.963	27.517	
22475	1729.7	26.882	29.963	27.517	
22476	1729.8	26.882	29.963	27.517	
22477	1729.9	26.882	29.963	27.517	
22478	1730.	26.882	29.963	27.517	
22479	1730.	26.882	29.963	27.517	
22480	1730.	26.882	29.963	27.517	
22481	1730.	26.882	29.964	27.517	
22482	1730.1	26.882	29.964	27.517	
22483	1730.2	26.882	29.964	27.517	
22484	1730.3	26.882	29.964	27.517	
22485	1730.4	26.882	29.964	27.517	
22486	1730.5	26.882	29.964	27.517	
22487	1730.6	26.882	29.964	27.517	
22488	1730.7	26.882	29.964	27.517	
22489	1730.8	26.882	29.964	27.517	
22490	1730.9	26.882	29.964	27.517	
22491	1731.	26.882	29.964	27.517	
22492	1731.	26.882	29.964	27.517	
22493	1731.	26.882	29.964	27.517	
22494	1731.	26.882	29.964	27.517	
22495	1731.1	26.882	29.965	27.517	
22496	1731.2	26.882	29.965	27.517	
22497	1731.3	26.882	29.965	27.517	
22498	1731.4	26.882	29.965	27.518	
22499	1731.5	26.882	29.965	27.518	
22500	1731.6	26.882	29.965	27.518	
22501	1731.7	26.882	29.965	27.518	
22502	1731.8	26.882	29.965	27.518	
22503	1731.9	26.882	29.965	27.518	
22504	1732.	26.882	29.965	27.518	
22505	1732.	26.882	29.965	27.518	
22506	1732.	26.882	29.965	27.518	
22507	1732.	26.882	29.965	27.518	
22508	1732.1	26.883	29.965	27.518	
22509	1732.2	26.883	29.966	27.518	
22510	1732.3	26.883	29.966	27.518	
22511	1732.4	26.883	29.966	27.518	
22512	1732.5	26.883	29.966	27.518	
22513	1732.6	26.883	29.966	27.518	
22514	1732.7	26.883	29.966	27.518	
22515	1732.8	26.883	29.966	27.518	
22516	1732.9	26.883	29.966	27.518	
22517	1733.	26.883	29.966	27.518	
22518	1733.	26.883	29.966	27.518	
22519	1733.	26.883	29.966	27.518	
22520	1733.	26.883	29.966	27.518	
22521	1733.1	26.883	29.966	27.518	
22522	1733.2	26.883	29.967	27.518	
22523	1733.3	26.883	29.967	27.518	
22524	1733.4	26.883	29.967	27.518	
22525	1733.5	26.883	29.967	27.519	
22526	1733.6	26.883	29.967	27.519	
22527	1733.7	26.883	29.967	27.519	
22528	1733.8	26.883	29.967	27.519	
22529	1733.9	26.883	29.967	27.519	
22530	1734.	26.883	29.967	27.519	
22531	1734.	26.883	29.967	27.519	
22532	1734.	26.883	29.967	27.519	
22533	1734.	26.883	29.967	27.519	
22534	1734.1	26.883	29.967	27.519	
22535	1734.2	26.883	29.967	27.519	
22536	1734.3	26.883	29.968	27.519	
22537	1734.4	26.883	29.968	27.519	
22538	1734.5	26.883	29.968	27.519	
22539	1734.6	26.883	29.968	27.519	
22540	1734.7	26.884	29.968	27.519	
22541	1734.8	26.884	29.968	27.519	
22542	1734.9	26.884	29.968	27.519	
22543	1735.	26.884	29.968	27.519	
22544	1735.	26.884	29.968	27.519	
22545	1735.	26.884	29.968	27.519	
22546	1735.	26.884	29.968	27.519	
22547	1735.1	26.884	29.968	27.519	
22548	1735.2	26.884	29.968	27.519	
22549	1735.3	26.884	29.969	27.519	
22550	1735.4	26.884	29.969	27.519	
22551	1735.5	26.884	29.969	27.52	
22552	1735.6	26.884	29.969	27.52	
22553	1735.7	26.884	29.969	27.52	
22554	1735.8	26.884	29.969	27.52	
22555	1735.9	26.884	29.969	27.52	
22556	1736.	26.884	29.969	27.52	
22557	1736.	26.884	29.969	27.52	
22558	1736.	26.884	29.969	27.52	
22559	1736.	26.884	29.969	27.52	
22560	1736.1	26.884	29.969	27.52	
22561	1736.2	26.884	29.969	27.52	
22562	1736.3	26.884	29.969	27.52	
22563	1736.4	26.884	29.97	27.52	
22564	1736.5	26.884	29.97	27.52	
22565	1736.6	26.884	29.97	27.52	
22566	1736.7	26.884	29.97	27.52	
22567	1736.8	26.884	29.97	27.52	
22568	1736.9	26.884	29.97	27.52	
22569	1737.	26.884	29.97	27.52	
22570	1737.	26.884	29.97	27.52	
22571	1737.	26.884	29.97	27.52	
22572	1737.	26.884	29.97	27.52	
22573	1737.1	26.884	29.97	27.52	
22574	1737.2	26.885	29.97	27.52	
22575	1737.3	26.885	29.97	27.52	
22576	1737.4	26.885	29.971	27.52	
22577	1737.5	26.885	29.971	27.52	
22578	1737.6	26.885	29.971	27.521	
22579	1737.7	26.885	29.971	27.521	
22580	1737.8	26.885	29.971	27.521	
22581	1737.9	26.885	29.971	27.521	
22582	1738.	26.885	29.971	27.521	
22583	1738.	26.885	29.971	27.521	
22584	1738.	26.885	29.971	27.521	
22585	1738.	26.885	29.971	27.521	
22586	1738.1	26.885	29.971	27.521	
22587	1738.2	26.885	29.971	27.521	
22588	1738.3	26.885	29.971	27.521	
22589	1738.4	26.885	29.971	27.521	
22590	1738.5	26.885	29.972	27.521	
22591	1738.6	26.885	29.972	27.521	
22592	1738.7	26.885	29.972	27.521	
22593	1738.8	26.885	29.972	27.521	
22594	1738.9	26.885	29.972	27.521	
22595	1739.	26.885	29.972	27.521	
22596	1739.	26.885	29.972	27.521	
22597	1739.	26.885	29.972	27.521	
22598	1739.	26.885	29.972	27.521	
22599	1739.1	26.885	29.972	27.521	
22600	1739.2	26.885	29.972	27.521	
22601	1739.3	26.885	29.972	27.521	
22602	1739.4	26.885	29.972	27.521	
22603	1739.5	26.885	29.972	27.521	
22604	1739.6	26.885	29.973	27.522	
22605	1739.7	26.885	29.973	27.522	
22606	1739.8	26.886	29.973	27.522	
22607	1739.9	26.886	29.973	27.522	
22608	1740.	26.886	29.973	27.522	
22609	1740.	26.886	29.973	27.522	
22610	1740.	26.886	29.973	27.522	
22611	1740.	26.886	29.973	27.522	
22612	1740.1	26.886	29.973	27.522	
22613	1740.2	26.886	29.973	27.522	
22614	1740.3	26.886	29.973	27.522	
22615	1740.4	26.886	29.973	27.522	
22616	1740.5	26.886	29.973	27.522	
22617	1740.6	26.886	29.974	27.522	
22618	1740.7	26.886	29.974	27.522	
22619	1740.8	26.886	29.974	27.522	
22620	1740.9	26.886	29.974	27.522	
22621	1741.	26.886	29.974	27.522	
22622	1741.	26.886	29.974	27.522	
22623	1741.	26.886	29.974	27.522	
22624	1741.	26.886	29.974	27.522	
22625	1741.1	26.886	29.974	27.522	
22626	1741.2	26.886	29.974	27.522	
22627	1741.3	26.886	29.974	27.522	
22628	1741.4	26.886	29.974	27.522	
22629	1741.5	26.886	29.974	27.522	
22630	1741.6	26.886	29.974	27.522	
22631	1741.7	26.886	29.975	27.523	
22632	1741.8	26.886	29.975	27.523	
22633	1741.9	26.886	29.975	27.523	
22634	1742.	26.886	29.975	27.523	
22635	1742.	26.886	29.975	27.523	
22636	1742.	26.886	29.975	27.523	
22637	1742.	26.886	29.975	27.523	
22638	1742.1	26.886	29.975	27.523	
22639	1742.2	26.886	29.975	27.523	
22640	1742.3	26.886	29.975	27.523	
22641	1742.4	26.887	29.975	27.523	
22642	1742.5	26.887	29.975	27.523	
22643	1742.6	26.887	29.975	27.523	
22644	1742.7	26.887	29.976	27.523	
22645	1742.8	26.887	29.976	27.523	
22646	1742.9	26.887	29.976	27.523	
22647	1743.	26.887	29.976	27.523	
22648	1743.	26.887	29.976	27.523	
22649	1743.	26.887	29.976	27.523	
22650	1743.	26.887	29.976	27.523	
22651	1743.1	26.887	29.976	27.523	
22652	1743.2	26.887	29.976	27.523	
22653	1743.3	26.887	29.976	27.523	
22654	1743.4	26.887	29.976	27.523	
22655	1743.5	26.887	29.976	27.523	
22656	1743.6	26.887	29.976	27.523	
22657	1743.7	26.887	29.976	27.524	
22658	1743.8	26.887	29.977	27.524	
22659	1743.9	26.887	29.977	27.524	
22660	1744.	26.887	29.977	27.524	
22661	1744.	26.887	29.977	27.524	
22662	1744.	26.887	29.977	27.524	
22663	1744.	26.887	29.977	27.524	
22664	1744.1	26.887	29.977	27.524	
22665	1744.2	26.887	29.977	27.524	
22666	1744.3	26.887	29.977	27.524	
22667	1744.4	26.887	29.977	27.524	
22668	1744.5	26.887	29.977	27.524	
22669	1744.6	26.887	29.977	27.524	
22670	1744.7	26.887	29.977	27.524	
22671	1744.8	26.887	29.977	27.524	
22672	1744.9	26.888	29.978	27.524	
22673	1745.	26.888	29.978	27.524	
22674	1745.	26.888	29.978	27.524	
22675	1745.	26.888	29.978	27.524	
22676	1745.	26.888	29.978	27.524	
22677	1745.1	26.888	29.978	27.524	
22678	1745.2	26.888	29.978	27.524	
22679	1745.3	26.888	29.978	27.524	
22680	1745.4	26.888	29.978	27.524	
22681	1745.5	26.888	29.978	27.524	
22682	1745.6	26.888	29.978	27.524	
22683	1745.7	26.888	29.978	27.525	
22684	1745.8	26.888	29.978	27.525	
22685	1745.9	26.888	29.979	27.525	
22686	1746.	26.888	29.979	27.525	
22687	1746.	26.888	29.979	27.525	
22688	1746.	26.888	29.979	27.525	
22689	1746.	26.888	29.979	27.525	
22690	1746.1	26.888	29.979	27.525	
22691	1746.2	26.888	29.979	27.525	
22692	1746.3	26.888	29.979	27.525	
22693	1746.4	26.888	29.979	27.525	
22694	1746.5	26.888	29.979	27.525	
22695	1746.6	26.888	29.979	27.525	
22696	1746.7	26.888	29.979	27.525	
22697	1746.8	26.888	29.979	27.525	
22698	1746.9	26.888	29.979	27.525	
22699	1747.	26.888	29.98	27.525	
22700	1747.	26.888	29.98	27.525	
22701	1747.	26.888	29.98	27.525	
22702	1747.	26.888	29.98	27.525	
22703	1747.1	26.888	29.98	27.525	
22704	1747.2	26.888	29.98	27.525	
22705	1747.3	26.888	29.98	27.525	
22706	1747.4	26.888	29.98	27.525	
22707	1747.5	26.889	29.98	27.525	
22708	1747.6	26.889	29.98	27.525	
22709	1747.7	26.889	29.98	27.525	
22710	1747.8	26.889	29.98	27.526	
22711	1747.9	26.889	29.98	27.526	
22712	1748.	26.889	29.98	27.526	
22713	1748.	26.889	29.98	27.526	
22714	1748.	26.889	29.981	27.526	
22715	1748.	26.889	29.981	27.526	
22716	1748.1	26.889	29.981	27.526	
22717	1748.2	26.889	29.981	27.526	
22718	1748.3	26.889	29.981	27.526	
22719	1748.4	26.889	29.981	27.526	
22720	1748.5	26.889	29.981	27.526	
22721	1748.6	26.889	29.981	27.526	
22722	1748.7	26.889	29.981	27.526	
22723	1748.8	26.889	29.981	27.526	
22724	1748.9	26.889	29.981	27.526	
22725	1749.	26.889	29.981	27.526	
22726	1749.	26.889	29.981	27.526	
22727	1749.	26.889	29.981	27.526	
22728	1749.	26.889	29.981	27.526	
22729	1749.1	26.889	29.982	27.526	
22730	1749.2	26.889	29.982	27.526	
22731	1749.3	26.889	29.982	27.526	
22732	1749.4	26.889	29.982	27.526	
22733	1749.5	26.889	29.982	27.526	
22734	1749.6	26.889	29.982	27.526	
22735	1749.7	26.889	29.982	27.526	
22736	1749.8	26.889	29.982	27.527	
22737	1749.9	26.889	29.982	27.527	
22738	1750.	26.889	29.982	27.527	
22739	1750.	26.889	29.982	27.527	
22740	1750.	26.889	29.982	27.527	
22741	1750.	26.89	29.982	27.527	
22742	1750.1	26.89	29.983	27.527	
22743	1750.2	26.89	29.983	27.527	
22744	1750.3	26.89	29.983	27.527	
22745	1750.4	26.89	29.983	27.527	
22746	1750.5	26.89	29.983	27.527	
22747	1750.6	26.89	29.983	27.527	
22748	1750.7	26.89	29.983	27.527	
22749	1750.8	26.89	29.983	27.527	
22750	1750.9	26.89	29.983	27.527	
22751	1751.	26.89	29.983	27.527	
22752	1751.	26.89	29.983	27.527	
22753	1751.	26.89	29.983	27.527	
22754	1751.	26.89	29.983	27.527	
22755	1751.1	26.89	29.983	27.527	
22756	1751.2	26.89	29.984	27.527	
22757	1751.3	26.89	29.984	27.527	
22758	1751.4	26.89	29.984	27.527	
22759	1751.5	26.89	29.984	27.527	
22760	1751.6	26.89	29.984	27.527	
22761	1751.7	26.89	29.984	27.527	
22762	1751.8	26.89	29.984	27.527	
22763	1751.9	26.89	29.984	27.528	
22764	1752.	26.89	29.984	27.528	
22765	1752.	26.89	29.984	27.528	
22766	1752.	26.89	29.984	27.528	
22767	1752.	26.89	29.984	27.528	
22768	1752.1	26.89	29.984	27.528	
22769	1752.2	26.89	29.984	27.528	
22770	1752.3	26.89	29.985	27.528	
22771	1752.4	26.89	29.985	27.528	
22772	1752.5	26.89	29.985	27.528	
22773	1752.6	26.891	29.985	27.528	
22774	1752.7	26.891	29.985	27.528	
22775	1752.8	26.891	29.985	27.528	
22776	1752.9	26.891	29.985	27.528	
22777	1753.	26.891	29.985	27.528	
22778	1753.	26.891	29.985	27.528	
22779	1753.	26.891	29.985	27.528	
22780	1753.	26.891	29.985	27.528	
22781	1753.1	26.891	29.985	27.528	
22782	1753.2	26.891	29.985	27.528	
22783	1753.3	26.891	29.986	27.528	
22784	1753.4	26.891	29.986	27.528	
22785	1753.5	26.891	29.986	27.528	
22786	1753.6	26.891	29.986	27.528	
22787	1753.7	26.891	29.986	27.528	
22788	1753.8	26.891	29.986	27.528	
22789	1753.9	26.891	29.986	27.529	
22790	1754.	26.891	29.986	27.529	
22791	1754.	26.891	29.986	27.529	
22792	1754.	26.891	29.986	27.529	
22793	1754.	26.891	29.986	27.529	
22794	1754.1	26.891	29.986	27.529	
22795	1754.2	26.891	29.986	27.529	
22796	1754.3	26.891	29.986	27.529	
22797	1754.4	26.891	29.987	27.529	
22798	1754.5	26.891	29.987	27.529	
22799	1754.6	26.891	29.987	27.529	
22800	1754.7	26.891	29.987	27.529	
22801	1754.8	26.891	29.987	27.529	
22802	1754.9	26.891	29.987	27.529	
22803	1755.	26.891	29.987	27.529	
22804	1755.	26.891	29.987	27.529	
22805	1755.	26.891	29.987	27.529	
22806	1755.	26.891	29.987	27.529	
22807	1755.1	26.891	29.987	27.529	
22808	1755.2	26.892	29.987	27.529	
22809	1755.3	26.892	29.987	27.529	
22810	1755.4	26.892	29.988	27.529	
22811	1755.5	26.892	29.988	27.529	
22812	1755.6	26.892	29.988	27.529	
22813	1755.7	26.892	29.988	27.529	
22814	1755.8	26.892	29.988	27.529	
22815	1755.9	26.892	29.988	27.529	
22816	1756.	26.892	29.988	27.53	
22817	1756.	26.892	29.988	27.53	
22818	1756.	26.892	29.988	27.53	
22819	1756.	26.892	29.988	27.53	
22820	1756.1	26.892	29.988	27.53	
22821	1756.2	26.892	29.988	27.53	
22822	1756.3	26.892	29.988	27.53	
22823	1756.4	26.892	29.988	27.53	
22824	1756.5	26.892	29.989	27.53	
22825	1756.6	26.892	29.989	27.53	
22826	1756.7	26.892	29.989	27.53	
22827	1756.8	26.892	29.989	27.53	
22828	1756.9	26.892	29.989	27.53	
22829	1757.	26.892	29.989	27.53	
22830	1757.	26.892	29.989	27.53	
22831	1757.	26.892	29.989	27.53	
22832	1757.	26.892	29.989	27.53	
22833	1757.1	26.892	29.989	27.53	
22834	1757.2	26.892	29.989	27.53	
22835	1757.3	26.892	29.989	27.53	
22836	1757.4	26.892	29.989	27.53	
22837	1757.5	26.892	29.989	27.53	
22838	1757.6	26.892	29.99	27.53	
22839	1757.7	26.893	29.99	27.53	
22840	1757.8	26.893	29.99	27.53	
22841	1757.9	26.893	29.99	27.53	
22842	1758.	26.893	29.99	27.53	
22843	1758.	26.893	29.99	27.531	
22844	1758.	26.893	29.99	27.531	
22845	1758.	26.893	29.99	27.531	
22846	1758.1	26.893	29.99	27.531	
22847	1758.2	26.893	29.99	27.531	
22848	1758.3	26.893	29.99	27.531	
22849	1758.4	26.893	29.99	27.531	
22850	1758.5	26.893	29.99	27.531	
22851	1758.6	26.893	29.991	27.531	
22852	1758.7	26.893	29.991	27.531	
22853	1758.8	26.893	29.991	27.531	
22854	1758.9	26.893	29.991	27.531	
22855	1759.	26.893	29.991	27.531	
22856	1759.	26.893	29.991	27.531	
22857	1759.	26.893	29.991	27.531	
22858	1759.	26.893	29.991	27.531	
22859	1759.1	26.893	29.991	27.531	
22860	1759.2	26.893	29.991	27.531	
22861	1759.3	26.893	29.991	27.531	
22862	1759.4	26.893	29.991	27.531	
22863	1759.5	26.893	29.991	27.531	
22864	1759.6	26.893	29.991	27.531	
22865	1759.7	26.893	29.992	27.531	
22866	1759.8	26.893	29.992	27.531	
22867	1759.9	26.893	29.992	27.531	
22868	1760.	26.893	29.992	27.531	
22869	1760.	26.893	29.992	27.531	
22870	1760.	26.893	29.992	27.531	
22871	1760.	26.893	29.992	27.532	
22872	1760.1	26.893	29.992	27.532	
22873	1760.2	26.893	29.992	27.532	
22874	1760.3	26.894	29.992	27.532	
22875	1760.4	26.894	29.992	27.532	
22876	1760.5	26.894	29.992	27.532	
22877	1760.6	26.894	29.992	27.532	
22878	1760.7	26.894	29.993	27.532	
22879	1760.8	26.894	29.993	27.532	
22880	1760.9	26.894	29.993	27.532	
22881	1761.	26.894	29.993	27.532	
22882	1761.	26.894	29.993	27.532	
22883	1761.	26.894	29.993	27.532	
22884	1761.	26.894	29.993	27.532	
22885	1761.1	26.894	29.993	27.532	
22886	1761.2	26.894	29.993	27.532	
22887	1761.3	26.894	29.993	27.532	
22888	1761.4	26.894	29.993	27.532	
22889	1761.5	26.894	29.993	27.532	
22890	1761.6	26.894	29.993	27.532	
22891	1761.7	26.894	29.993	27.532	
22892	1761.8	26.894	29.994	27.532	
22893	1761.9	26.894	29.994	27.532	
22894	1762.	26.894	29.994	27.532	
22895	1762.	26.894	29.994	27.532	
22896	1762.	26.894	29.994	27.532	
22897	1762.	26.894	29.994	27.532	
22898	1762.1	26.894	29.994	27.533	
22899	1762.2	26.894	29.994	27.533	
22900	1762.3	26.894	29.994	27.533	
22901	1762.4	26.894	29.994	27.533	
22902	1762.5	26.894	29.994	27.533	
22903	1762.6	26.894	29.994	27.533	
22904	1762.7	26.894	29.994	27.533	
22905	1762.8	26.895	29.995	27.533	
22906	1762.9	26.895	29.995	27.533	
22907	1763.	26.895	29.995	27.533	
22908	1763.	26.895	29.995	27.533	
22909	1763.	26.895	29.995	27.533	
22910	1763.	26.895	29.995	27.533	
22911	1763.1	26.895	29.995	27.533	
22912	1763.2	26.895	29.995	27.533	
22913	1763.3	26.895	29.995	27.533	
22914	1763.4	26.895	29.995	27.533	
22915	1763.5	26.895	29.995	27.533	
22916	1763.6	26.895	29.995	27.533	
22917	1763.7	26.895	29.995	27.533	
22918	1763.8	26.895	29.995	27.533	
22919	1763.9	26.895	29.996	27.533	
22920	1764.	26.895	29.996	27.533	
22921	1764.	26.895	29.996	27.533	
22922	1764.	26.895	29.996	27.533	
22923	1764.	26.895	29.996	27.533	
22924	1764.1	26.895	29.996	27.534	
22925	1764.2	26.895	29.996	27.534	
22926	1764.3	26.895	29.996	27.534	
22927	1764.4	26.895	29.996	27.534	
22928	1764.5	26.895	29.996	27.534	
22929	1764.6	26.895	29.996	27.534	
22930	1764.7	26.895	29.996	27.534	
22931	1764.8	26.895	29.996	27.534	
22932	1764.9	26.895	29.996	27.534	
22933	1765.	26.895	29.997	27.534	
22934	1765.	26.895	29.997	27.534	
22935	1765.	26.895	29.997	27.534	
22936	1765.	26.895	29.997	27.534	
22937	1765.1	26.895	29.997	27.534	
22938	1765.2	26.895	29.997	27.534	
22939	1765.3	26.895	29.997	27.534	
22940	1765.4	26.896	29.997	27.534	
22941	1765.5	26.896	29.997	27.534	
22942	1765.6	26.896	29.997	27.534	
22943	1765.7	26.896	29.997	27.534	
22944	1765.8	26.896	29.997	27.534	
22945	1765.9	26.896	29.997	27.534	
22946	1766.	26.896	29.997	27.534	
22947	1766.	26.896	29.997	27.534	
22948	1766.	26.896	29.998	27.534	
22949	1766.	26.896	29.998	27.534	
22950	1766.1	26.896	29.998	27.534	
22951	1766.2	26.896	29.998	27.535	
22952	1766.3	26.896	29.998	27.535	
22953	1766.4	26.896	29.998	27.535	
22954	1766.5	26.896	29.998	27.535	
22955	1766.6	26.896	29.998	27.535	
22956	1766.7	26.896	29.998	27.535	
22957	1766.8	26.896	29.998	27.535	
22958	1766.9	26.896	29.998	27.535	
22959	1767.	26.896	29.998	27.535	
22960	1767.	26.896	29.998	27.535	
22961	1767.	26.896	29.998	27.535	
22962	1767.	26.896	29.998	27.535	
22963	1767.1	26.896	29.999	27.535	
22964	1767.2	26.896	29.999	27.535	
22965	1767.3	26.896	29.999	27.535	
22966	1767.4	26.896	29.999	27.535	
22967	1767.5	26.896	29.999	27.535	
22968	1767.6	26.896	29.999	27.535	
22969	1767.7	26.896	29.999	27.535	
22970	1767.8	26.896	29.999	27.535	
22971	1767.9	26.897	29.999	27.535	
22972	1768.	26.897	29.999	27.535	
22973	1768.	26.897	29.999	27.535	
22974	1768.	26.897	29.999	27.535	
22975	1768.	26.897	29.999	27.535	
22976	1768.1	26.897	30.	27.535	
22977	1768.2	26.897	30.	27.536	
22978	1768.3	26.897	30.	27.536	
22979	1768.4	26.897	30.	27.536	
22980	1768.5	26.897	30.	27.536	
22981	1768.6	26.897	30.	27.536	
22982	1768.7	26.897	30.	27.536	
22983	1768.8	26.897	30.	27.536	
22984	1768.9	26.897	30.	27.536	
22985	1769.	26.897	30.	27.536	
22986	1769.	26.897	30.	27.536	
22987	1769.	26.897	30.	27.536	
22988	1769.	26.897	30.	27.536	
22989	1769.1	26.897	30.	27.536	
22990	1769.2	26.897	30.001	27.536	
22991	1769.3	26.897	30.001	27.536	
22992	1769.4	26.897	30.001	27.536	
22993	1769.5	26.897	30.001	27.536	
22994	1769.6	26.897	30.001	27.536	
22995	1769.7	26.897	30.001	27.536	
22996	1769.8	26.897	30.001	27.536	
22997	1769.9	26.897	30.001	27.536	
22998	1770.	26.897	30.001	27.536	
22999	1770.	26.897	30.001	27.536	
23000	1770.	26.897	30.001	27.536	
23001	1770.	26.897	30.001	27.536	
23002	1770.1	26.897	30.001	27.536	
23003	1770.2	26.897	30.001	27.536	
23004	1770.3	26.897	30.002	27.537	
23005	1770.4	26.897	30.002	27.537	
23006	1770.5	26.898	30.002	27.537	
23007	1770.6	26.898	30.002	27.537	
23008	1770.7	26.898	30.002	27.537	
23009	1770.8	26.898	30.002	27.537	
23010	1770.9	26.898	30.002	27.537	
23011	1771.	26.898	30.002	27.537	
23012	1771.	26.898	30.002	27.537	
23013	1771.	26.898	30.002	27.537	
23014	1771.	26.898	30.002	27.537	
23015	1771.1	26.898	30.002	27.537	
23016	1771.2	26.898	30.002	27.537	
23017	1771.3	26.898	30.003	27.537	
23018	1771.4	26.898	30.003	27.537	
23019	1771.5	26.898	30.003	27.537	
23020	1771.6	26.898	30.003	27.537	
23021	1771.7	26.898	30.003	27.537	
23022	1771.8	26.898	30.003	27.537	
23023	1771.9	26.898	30.003	27.537	
23024	1772.	26.898	30.003	27.537	
23025	1772.	26.898	30.003	27.537	
23026	1772.	26.898	30.003	27.537	
23027	1772.	26.898	30.003	27.537	
23028	1772.1	26.898	30.003	27.537	
23029	1772.2	26.898	30.003	27.537	
23030	1772.3	26.898	30.003	27.538	
23031	1772.4	26.898	30.004	27.538	
23032	1772.5	26.898	30.004	27.538	
23033	1772.6	26.898	30.004	27.538	
23034	1772.7	26.898	30.004	27.538	
23035	1772.8	26.898	30.004	27.538	
23036	1772.9	26.898	30.004	27.538	
23037	1773.	26.898	30.004	27.538	
23038	1773.	26.898	30.004	27.538	
23039	1773.	26.898	30.004	27.538	
23040	1773.	26.899	30.004	27.538	
23041	1773.1	26.899	30.004	27.538	
23042	1773.2	26.899	30.004	27.538	
23043	1773.3	26.899	30.004	27.538	
23044	1773.4	26.899	30.005	27.538	
23045	1773.5	26.899	30.005	27.538	
23046	1773.6	26.899	30.005	27.538	
23047	1773.7	26.899	30.005	27.538	
23048	1773.8	26.899	30.005	27.538	
23049	1773.9	26.899	30.005	27.538	
23050	1774.	26.899	30.005	27.538	
23051	1774.	26.899	30.005	27.538	
23052	1774.	26.899	30.005	27.538	
23053	1774.	26.899	30.005	27.538	
23054	1774.1	26.899	30.005	27.538	
23055	1774.2	26.899	30.005	27.538	
23056	1774.3	26.899	30.005	27.539	
23057	1774.4	26.899	30.005	27.539	
23058	1774.5	26.899	30.006	27.539	
23059	1774.6	26.899	30.006	27.539	
23060	1774.7	26.899	30.006	27.539	
23061	1774.8	26.899	30.006	27.539	
23062	1774.9	26.899	30.006	27.539	
23063	1775.	26.899	30.006	27.539	
23064	1775.	26.899	30.006	27.539	
23065	1775.	26.899	30.006	27.539	
23066	1775.	26.899	30.006	27.539	
23067	1775.1	26.899	30.006	27.539	
23068	1775.2	26.899	30.006	27.539	
23069	1775.3	26.899	30.006	27.539	
23070	1775.4	26.899	30.006	27.539	
23071	1775.5	26.899	30.006	27.539	
23072	1775.6	26.9	30.007	27.539	
23073	1775.7	26.9	30.007	27.539	
23074	1775.8	26.9	30.007	27.539	
23075	1775.9	26.9	30.007	27.539	
23076	1776.	26.9	30.007	27.539	
23077	1776.	26.9	30.007	27.539	
23078	1776.	26.9	30.007	27.539	
23079	1776.	26.9	30.007	27.539	
23080	1776.1	26.9	30.007	27.539	
23081	1776.2	26.9	30.007	27.539	
23082	1776.3	26.9	30.007	27.539	
23083	1776.4	26.9	30.007	27.54	
23084	1776.5	26.9	30.007	27.54	
23085	1776.6	26.9	30.008	27.54	
23086	1776.7	26.9	30.008	27.54	
23087	1776.8	26.9	30.008	27.54	
23088	1776.9	26.9	30.008	27.54	
23089	1777.	26.9	30.008	27.54	
23090	1777.	26.9	30.008	27.54	
23091	1777.	26.9	30.008	27.54	
23092	1777.	26.9	30.008	27.54	
23093	1777.1	26.9	30.008	27.54	
23094	1777.2	26.9	30.008	27.54	
23095	1777.3	26.9	30.008	27.54	
23096	1777.4	26.9	30.008	27.54	
23097	1777.5	26.9	30.008	27.54	
23098	1777.6	26.9	30.008	27.54	
23099	1777.7	26.9	30.009	27.54	
23100	1777.8	26.9	30.009	27.54	
23101	1777.9	26.9	30.009	27.54	
23102	1778.	26.9	30.009	27.54	
23103	1778.	26.9	30.009	27.54	
23104	1778.	26.9	30.009	27.54	
23105	1778.	26.9	30.009	27.54	
23106	1778.1	26.901	30.009	27.54	
23107	1778.2	26.901	30.009	27.54	
23108	1778.3	26.901	30.009	27.54	
23109	1778.4	26.901	30.009	27.541	
23110	1778.5	26.901	30.009	27.541	
23111	1778.6	26.901	30.009	27.541	
23112	1778.7	26.901	30.01	27.541	
23113	1778.8	26.901	30.01	27.541	
23114	1778.9	26.901	30.01	27.541	
23115	1779.	26.901	30.01	27.541	
23116	1779.	26.901	30.01	27.541	
23117	1779.	26.901	30.01	27.541	
23118	1779.	26.901	30.01	27.541	
23119	1779.1	26.901	30.01	27.541	
23120	1779.2	26.901	30.01	27.541	
23121	1779.3	26.901	30.01	27.541	
23122	1779.4	26.901	30.01	27.541	
23123	1779.5	26.901	30.01	27.541	
23124	1779.6	26.901	30.01	27.541	
23125	1779.7	26.901	30.01	27.541	
23126	1779.8	26.901	30.011	27.541	
23127	1779.9	26.901	30.011	27.541	
23128	1780.	26.901	30.011	27.541	
23129	1780.	26.901	30.011	27.541	
23130	1780.	26.901	30.011	27.541	
23131	1780.	26.901	30.011	27.541	
23132	1780.1	26.901	30.011	27.541	
23133	1780.2	26.901	30.011	27.541	
23134	1780.3	26.901	30.011	27.541	
23135	1780.4	26.901	30.011	27.542	
23136	1780.5	26.901	30.011	27.542	
23137	1780.6	26.901	30.011	27.542	
23138	1780.7	26.902	30.011	27.542	
23139	1780.8	26.902	30.012	27.542	
23140	1780.9	26.902	30.012	27.542	
23141	1781.	26.902	30.012	27.542	
23142	1781.	26.902	30.012	27.542	
23143	1781.	26.902	30.012	27.542	
23144	1781.	26.902	30.012	27.542	
23145	1781.1	26.902	30.012	27.542	
23146	1781.2	26.902	30.012	27.542	
23147	1781.3	26.902	30.012	27.542	
23148	1781.4	26.902	30.012	27.542	
23149	1781.5	26.902	30.012	27.542	
23150	1781.6	26.902	30.012	27.542	
23151	1781.7	26.902	30.012	27.542	
23152	1781.8	26.902	30.012	27.542	
23153	1781.9	26.902	30.013	27.542	
23154	1782.	26.902	30.013	27.542	
23155	1782.	26.902	30.013	27.542	
23156	1782.	26.902	30.013	27.542	
23157	1782.	26.902	30.013	27.542	
23158	1782.1	26.902	30.013	27.542	
23159	1782.2	26.902	30.013	27.542	
23160	1782.3	26.902	30.013	27.542	
23161	1782.4	26.902	30.013	27.542	
23162	1782.5	26.902	30.013	27.543	
23163	1782.6	26.902	30.013	27.543	
23164	1782.7	26.902	30.013	27.543	
23165	1782.8	26.902	30.013	27.543	
23166	1782.9	26.902	30.013	27.543	
23167	1783.	26.902	30.014	27.543	
23168	1783.	26.902	30.014	27.543	
23169	1783.	26.902	30.014	27.543	
23170	1783.	26.902	30.014	27.543	
23171	1783.1	26.902	30.014	27.543	
23172	1783.2	26.903	30.014	27.543	
23173	1783.3	26.903	30.014	27.543	
23174	1783.4	26.903	30.014	27.543	
23175	1783.5	26.903	30.014	27.543	
23176	1783.6	26.903	30.014	27.543	
23177	1783.7	26.903	30.014	27.543	
23178	1783.8	26.903	30.014	27.543	
23179	1783.9	26.903	30.014	27.543	
23180	1784.	26.903	30.014	27.543	
23181	1784.	26.903	30.014	27.543	
23182	1784.	26.903	30.015	27.543	
23183	1784.	26.903	30.015	27.543	
23184	1784.1	26.903	30.015	27.543	
23185	1784.2	26.903	30.015	27.543	
23186	1784.3	26.903	30.015	27.543	
23187	1784.4	26.903	30.015	27.543	
23188	1784.5	26.903	30.015	27.544	
23189	1784.6	26.903	30.015	27.544	
23190	1784.7	26.903	30.015	27.544	
23191	1784.8	26.903	30.015	27.544	
23192	1784.9	26.903	30.015	27.544	
23193	1785.	26.903	30.015	27.544	
23194	1785.	26.903	30.015	27.544	
23195	1785.	26.903	30.015	27.544	
23196	1785.	26.903	30.015	27.544	
23197	1785.1	26.903	30.016	27.544	
23198	1785.2	26.903	30.016	27.544	
23199	1785.3	26.903	30.016	27.544	
23200	1785.4	26.903	30.016	27.544	
23201	1785.5	26.903	30.016	27.544	
23202	1785.6	26.903	30.016	27.544	
23203	1785.7	26.903	30.016	27.544	
23204	1785.8	26.904	30.016	27.544	
23205	1785.9	26.904	30.016	27.544	
23206	1786.	26.904	30.016	27.544	
23207	1786.	26.904	30.016	27.544	
23208	1786.	26.904	30.016	27.544	
23209	1786.	26.904	30.016	27.544	
23210	1786.1	26.904	30.017	27.544	
23211	1786.2	26.904	30.017	27.544	
23212	1786.3	26.904	30.017	27.544	
23213	1786.4	26.904	30.017	27.544	
23214	1786.5	26.904	30.017	27.544	
23215	1786.6	26.904	30.017	27.545	
23216	1786.7	26.904	30.017	27.545	
23217	1786.8	26.904	30.017	27.545	
23218	1786.9	26.904	30.017	27.545	
23219	1787.	26.904	30.017	27.545	
23220	1787.	26.904	30.017	27.545	
23221	1787.	26.904	30.017	27.545	
23222	1787.	26.904	30.017	27.545	
23223	1787.1	26.904	30.017	27.545	
23224	1787.2	26.904	30.018	27.545	
23225	1787.3	26.904	30.018	27.545	
23226	1787.4	26.904	30.018	27.545	
23227	1787.5	26.904	30.018	27.545	
23228	1787.6	26.904	30.018	27.545	
23229	1787.7	26.904	30.018	27.545	
23230	1787.8	26.904	30.018	27.545	
23231	1787.9	26.904	30.018	27.545	
23232	1788.	26.904	30.018	27.545	
23233	1788.	26.904	30.018	27.545	
23234	1788.	26.904	30.018	27.545	
23235	1788.	26.904	30.018	27.545	
23236	1788.1	26.904	30.018	27.545	
23237	1788.2	26.904	30.018	27.545	
23238	1788.3	26.905	30.019	27.545	
23239	1788.4	26.905	30.019	27.545	
23240	1788.5	26.905	30.019	27.545	
23241	1788.6	26.905	30.019	27.546	
23242	1788.7	26.905	30.019	27.546	
23243	1788.8	26.905	30.019	27.546	
23244	1788.9	26.905	30.019	27.546	
23245	1789.	26.905	30.019	27.546	
23246	1789.	26.905	30.019	27.546	
23247	1789.	26.905	30.019	27.546	
23248	1789.	26.905	30.019	27.546	
23249	1789.1	26.905	30.019	27.546	
23250	1789.2	26.905	30.019	27.546	
23251	1789.3	26.905	30.02	27.546	
23252	1789.4	26.905	30.02	27.546	
23253	1789.5	26.905	30.02	27.546	
23254	1789.6	26.905	30.02	27.546	
23255	1789.7	26.905	30.02	27.546	
23256	1789.8	26.905	30.02	27.546	
23257	1789.9	26.905	30.02	27.546	
23258	1790.	26.905	30.02	27.546	
23259	1790.	26.905	30.02	27.546	
23260	1790.	26.905	30.02	27.546	
23261	1790.	26.905	30.02	27.546	
23262	1790.1	26.905	30.02	27.546	
23263	1790.2	26.905	30.02	27.546	
23264	1790.3	26.905	30.02	27.546	
23265	1790.4	26.905	30.021	27.546	
23266	1790.5	26.905	30.021	27.546	
23267	1790.6	26.905	30.021	27.547	
23268	1790.7	26.905	30.021	27.547	
23269	1790.8	26.905	30.021	27.547	
23270	1790.9	26.906	30.021	27.547	
23271	1791.	26.906	30.021	27.547	
23272	1791.	26.906	30.021	27.547	
23273	1791.	26.906	30.021	27.547	
23274	1791.	26.906	30.021	27.547	
23275	1791.1	26.906	30.021	27.547	
23276	1791.2	26.906	30.021	27.547	
23277	1791.3	26.906	30.021	27.547	
23278	1791.4	26.906	30.022	27.547	
23279	1791.5	26.906	30.022	27.547	
23280	1791.6	26.906	30.022	27.547	
23281	1791.7	26.906	30.022	27.547	
23282	1791.8	26.906	30.022	27.547	
23283	1791.9	26.906	30.022	27.547	
23284	1792.	26.906	30.022	27.547	
23285	1792.	26.906	30.022	27.547	
23286	1792.	26.906	30.022	27.547	
23287	1792.	26.906	30.022	27.547	
23288	1792.1	26.906	30.022	27.547	
23289	1792.2	26.906	30.022	27.547	
23290	1792.3	26.906	30.022	27.547	
23291	1792.4	26.906	30.022	27.547	
23292	1792.5	26.906	30.023	27.547	
23293	1792.6	26.906	30.023	27.547	
23294	1792.7	26.906	30.023	27.548	
23295	1792.8	26.906	30.023	27.548	
23296	1792.9	26.906	30.023	27.548	
23297	1793.	26.906	30.023	27.548	
23298	1793.	26.906	30.023	27.548	
23299	1793.	26.906	30.023	27.548	
23300	1793.	26.906	30.023	27.548	
23301	1793.1	26.906	30.023	27.548	
23302	1793.2	26.906	30.023	27.548	
23303	1793.3	26.906	30.023	27.548	
23304	1793.4	26.907	30.023	27.548	
23305	1793.5	26.907	30.023	27.548	
23306	1793.6	26.907	30.024	27.548	
23307	1793.7	26.907	30.024	27.548	
23308	1793.8	26.907	30.024	27.548	
23309	1793.9	26.907	30.024	27.548	
23310	1794.	26.907	30.024	27.548	
23311	1794.	26.907	30.024	27.548	
23312	1794.	26.907	30.024	27.548	
23313	1794.	26.907	30.024	27.548	
23314	1794.1	26.907	30.024	27.548	
23315	1794.2	26.907	30.024	27.548	
23316	1794.3	26.907	30.024	27.548	
23317	1794.4	26.907	30.024	27.548	
23318	1794.5	26.907	30.024	27.548	
23319	1794.6	26.907	30.025	27.548	
23320	1794.7	26.907	30.025	27.549	
23321	1794.8	26.907	30.025	27.549	
23322	1794.9	26.907	30.025	27.549	
23323	1795.	26.907	30.025	27.549	
23324	1795.	26.907	30.025	27.549	
23325	1795.	26.907	30.025	27.549	
23326	1795.	26.907	30.025	27.549	
23327	1795.1	26.907	30.025	27.549	
23328	1795.2	26.907	30.025	27.549	
23329	1795.3	26.907	30.025	27.549	
23330	1795.4	26.907	30.025	27.549	
23331	1795.5	26.907	30.025	27.549	
23332	1795.6	26.907	30.025	27.549	
23333	1795.7	26.907	30.026	27.549	
23334	1795.8	26.907	30.026	27.549	
23335	1795.9	26.908	30.026	27.549	
23336	1796.	26.908	30.026	27.549	
23337	1796.	26.908	30.026	27.549	
23338	1796.	26.908	30.026	27.549	
23339	1796.	26.908	30.026	27.549	
23340	1796.1	26.908	30.026	27.549	
23341	1796.2	26.908	30.026	27.549	
23342	1796.3	26.908	30.026	27.549	
23343	1796.4	26.908	30.026	27.549	
23344	1796.5	26.908	30.026	27.549	
23345	1796.6	26.908	30.026	27.549	
23346	1796.7	26.908	30.027	27.55	
23347	1796.8	26.908	30.027	27.55	
23348	1796.9	26.908	30.027	27.55	
23349	1797.	26.908	30.027	27.55	
23350	1797.	26.908	30.027	27.55	
23351	1797.	26.908	30.027	27.55	
23352	1797.	26.908	30.027	27.55	
23353	1797.1	26.908	30.027	27.55	
23354	1797.2	26.908	30.027	27.55	
23355	1797.3	26.908	30.027	27.55	
23356	1797.4	26.908	30.027	27.55	
23357	1797.5	26.908	30.027	27.55	
23358	1797.6	26.908	30.027	27.55	
23359	1797.7	26.908	30.027	27.55	
23360	1797.8	26.908	30.028	27.55	
23361	1797.9	26.908	30.028	27.55	
23362	1798.	26.908	30.028	27.55	
23363	1798.	26.908	30.028	27.55	
23364	1798.	26.908	30.028	27.55	
23365	1798.	26.908	30.028	27.55	
23366	1798.1	26.908	30.028	27.55	
23367	1798.2	26.908	30.028	27.55	
23368	1798.3	26.908	30.028	27.55	
23369	1798.4	26.908	30.028	27.55	
23370	1798.5	26.909	30.028	27.55	
23371	1798.6	26.909	30.028	27.55	
23372	1798.7	26.909	30.028	27.55	
23373	1798.8	26.909	30.028	27.551	
23374	1798.9	26.909	30.029	27.551	
23375	1799.	26.909	30.029	27.551	
23376	1799.	26.909	30.029	27.551	
23377	1799.	26.909	30.029	27.551	
23378	1799.	26.909	30.029	27.551	
23379	1799.1	26.909	30.029	27.551	
23380	1799.2	26.909	30.029	27.551	
23381	1799.3	26.909	30.029	27.551	
23382	1799.4	26.909	30.029	27.551	
23383	1799.5	26.909	30.029	27.551	
23384	1799.6	26.909	30.029	27.551	
23385	1799.7	26.909	30.029	27.551	
23386	1799.8	26.909	30.029	27.551	
23387	1799.9	26.909	30.03	27.551	
23388	1800.	26.909	30.03	27.551	
