	Time [s]	Minimum [°C]	Maximum [°C]	Average [°C]	
1	1.	28.332	28.336	28.335	
2	1.01	28.333	28.337	28.335	
3	1.02	28.333	28.337	28.336	
4	1.05	28.333	28.338	28.336	
5	1.11	28.333	28.338	28.336	
6	1.21	28.332	28.337	28.336	
7	1.31	28.332	28.337	28.335	
8	1.41	28.331	28.337	28.335	
9	1.51	28.331	28.337	28.335	
10	1.61	28.33	28.337	28.334	
11	1.71	28.329	28.337	28.334	
12	1.81	28.328	28.337	28.334	
13	1.91	28.328	28.337	28.334	
14	2.	28.327	28.337	28.334	
15	2.01	28.327	28.337	28.334	
16	2.02	28.327	28.337	28.333	
17	2.05	28.326	28.337	28.333	
18	2.14	28.326	28.337	28.333	
19	2.24	28.325	28.338	28.333	
20	2.34	28.324	28.338	28.333	
21	2.44	28.323	28.338	28.333	
22	2.54	28.322	28.338	28.332	
23	2.64	28.321	28.338	28.332	
24	2.74	28.321	28.338	28.332	
25	2.84	28.32	28.338	28.332	
26	2.94	28.319	28.339	28.332	
27	3.	28.319	28.339	28.332	
28	3.01	28.319	28.339	28.332	
29	3.02	28.319	28.339	28.332	
30	3.05	28.318	28.339	28.332	
31	3.14	28.318	28.339	28.331	
32	3.24	28.317	28.339	28.331	
33	3.34	28.317	28.339	28.331	
34	3.44	28.316	28.339	28.331	
35	3.54	28.315	28.339	28.331	
36	3.64	28.315	28.34	28.331	
37	3.74	28.314	28.34	28.331	
38	3.84	28.314	28.34	28.331	
39	3.94	28.313	28.34	28.33	
40	4.	28.313	28.34	28.33	
41	4.01	28.313	28.34	28.33	
42	4.02	28.313	28.34	28.33	
43	4.05	28.313	28.34	28.33	
44	4.14	28.313	28.34	28.33	
45	4.24	28.312	28.34	28.33	
46	4.34	28.312	28.34	28.33	
47	4.44	28.311	28.34	28.33	
48	4.54	28.311	28.341	28.33	
49	4.64	28.311	28.341	28.33	
50	4.74	28.31	28.341	28.33	
51	4.84	28.31	28.341	28.33	
52	4.94	28.31	28.341	28.33	
53	5.	28.309	28.341	28.33	
54	5.01	28.309	28.341	28.33	
55	5.02	28.309	28.341	28.33	
56	5.05	28.309	28.341	28.33	
57	5.14	28.309	28.341	28.33	
58	5.24	28.309	28.341	28.33	
59	5.34	28.308	28.341	28.33	
60	5.44	28.308	28.341	28.33	
61	5.54	28.308	28.341	28.329	
62	5.64	28.308	28.341	28.329	
63	5.74	28.307	28.341	28.329	
64	5.84	28.307	28.342	28.329	
65	5.94	28.307	28.342	28.329	
66	6.	28.307	28.342	28.329	
67	6.01	28.307	28.342	28.329	
68	6.02	28.307	28.342	28.329	
69	6.05	28.307	28.342	28.329	
70	6.14	28.307	28.342	28.329	
71	6.24	28.306	28.342	28.329	
72	6.34	28.306	28.342	28.329	
73	6.44	28.306	28.342	28.329	
74	6.54	28.306	28.342	28.329	
75	6.64	28.306	28.342	28.329	
76	6.74	28.306	28.342	28.329	
77	6.84	28.305	28.342	28.329	
78	6.94	28.305	28.342	28.329	
79	7.	28.305	28.342	28.329	
80	7.01	28.305	28.342	28.329	
81	7.02	28.305	28.342	28.329	
82	7.05	28.305	28.342	28.329	
83	7.14	28.305	28.342	28.329	
84	7.24	28.305	28.342	28.329	
85	7.34	28.305	28.343	28.329	
86	7.44	28.305	28.343	28.329	
87	7.54	28.304	28.343	28.329	
88	7.64	28.304	28.343	28.329	
89	7.74	28.304	28.343	28.329	
90	7.84	28.304	28.343	28.329	
91	7.94	28.304	28.343	28.329	
92	8.	28.304	28.343	28.329	
93	8.01	28.304	28.343	28.329	
94	8.02	28.304	28.343	28.329	
95	8.05	28.304	28.343	28.329	
96	8.14	28.304	28.343	28.329	
97	8.24	28.304	28.343	28.329	
98	8.34	28.304	28.343	28.329	
99	8.44	28.303	28.343	28.329	
100	8.54	28.303	28.343	28.329	
101	8.64	28.303	28.343	28.329	
102	8.74	28.303	28.343	28.329	
103	8.84	28.303	28.343	28.329	
104	8.94	28.303	28.343	28.329	
105	9.	28.303	28.343	28.329	
106	9.01	28.303	28.343	28.329	
107	9.02	28.303	28.343	28.329	
108	9.05	28.303	28.343	28.329	
109	9.14	28.303	28.343	28.329	
110	9.24	28.303	28.343	28.329	
111	9.34	28.303	28.343	28.329	
112	9.44	28.303	28.343	28.329	
113	9.54	28.302	28.344	28.329	
114	9.64	28.302	28.344	28.329	
115	9.74	28.302	28.344	28.329	
116	9.84	28.302	28.344	28.329	
117	9.94	28.302	28.344	28.329	
118	10.	28.302	28.344	28.329	
119	10.01	28.302	28.344	28.329	
120	10.02	28.302	28.344	28.329	
121	10.05	28.302	28.344	28.329	
122	10.14	28.302	28.344	28.329	
123	10.24	28.302	28.344	28.329	
124	10.34	28.302	28.344	28.329	
125	10.44	28.302	28.344	28.329	
126	10.54	28.302	28.344	28.329	
127	10.64	28.302	28.344	28.329	
128	10.74	28.302	28.344	28.329	
129	10.84	28.302	28.344	28.329	
130	10.94	28.302	28.344	28.329	
131	11.	28.302	28.344	28.329	
132	11.01	28.302	28.344	28.329	
133	11.02	28.302	28.344	28.329	
134	11.05	28.302	28.344	28.329	
135	11.14	28.302	28.344	28.329	
136	11.24	28.302	28.344	28.329	
137	11.34	28.302	28.344	28.329	
138	11.44	28.301	28.344	28.329	
139	11.54	28.301	28.344	28.329	
140	11.64	28.301	28.344	28.329	
141	11.74	28.301	28.344	28.329	
142	11.84	28.301	28.344	28.329	
143	11.94	28.301	28.344	28.329	
144	12.	28.301	28.344	28.329	
145	12.01	28.301	28.344	28.329	
146	12.02	28.301	28.344	28.329	
147	12.05	28.301	28.344	28.329	
148	12.14	28.301	28.344	28.329	
149	12.24	28.301	28.344	28.329	
150	12.34	28.301	28.344	28.329	
151	12.44	28.301	28.344	28.329	
152	12.54	28.301	28.344	28.329	
153	12.64	28.301	28.344	28.329	
154	12.74	28.301	28.344	28.329	
155	12.84	28.301	28.344	28.329	
156	12.94	28.301	28.344	28.329	
157	13.	28.301	28.344	28.329	
158	13.01	28.301	28.344	28.329	
159	13.02	28.301	28.344	28.329	
160	13.05	28.301	28.344	28.329	
161	13.14	28.301	28.344	28.329	
162	13.24	28.301	28.344	28.329	
163	13.34	28.301	28.344	28.329	
164	13.44	28.301	28.344	28.329	
165	13.54	28.301	28.344	28.329	
166	13.64	28.301	28.344	28.329	
167	13.74	28.301	28.344	28.329	
168	13.84	28.301	28.344	28.329	
169	13.94	28.301	28.344	28.329	
170	14.	28.301	28.344	28.329	
171	14.01	28.301	28.344	28.329	
172	14.02	28.301	28.344	28.329	
173	14.05	28.301	28.344	28.329	
174	14.14	28.301	28.344	28.329	
175	14.24	28.301	28.344	28.329	
176	14.34	28.301	28.344	28.329	
177	14.44	28.301	28.344	28.329	
178	14.54	28.301	28.344	28.329	
179	14.64	28.301	28.344	28.329	
180	14.74	28.301	28.344	28.329	
181	14.84	28.301	28.344	28.329	
182	14.94	28.301	28.344	28.329	
183	15.	28.301	28.344	28.329	
184	15.01	28.301	28.344	28.329	
185	15.02	28.301	28.344	28.329	
186	15.05	28.301	28.344	28.329	
187	15.14	28.301	28.344	28.329	
188	15.24	28.301	28.344	28.329	
189	15.34	28.301	28.344	28.329	
190	15.44	28.301	28.344	28.329	
191	15.54	28.301	28.344	28.329	
192	15.64	28.301	28.344	28.329	
193	15.74	28.301	28.344	28.329	
194	15.84	28.301	28.344	28.329	
195	15.94	28.301	28.344	28.329	
196	16.	28.301	28.344	28.329	
197	16.01	28.301	28.344	28.329	
198	16.02	28.301	28.344	28.329	
199	16.05	28.301	28.344	28.329	
200	16.14	28.301	28.344	28.329	
201	16.24	28.301	28.345	28.329	
202	16.34	28.301	28.345	28.329	
203	16.44	28.301	28.345	28.329	
204	16.54	28.301	28.345	28.329	
205	16.64	28.301	28.345	28.329	
206	16.74	28.301	28.345	28.329	
207	16.84	28.301	28.345	28.329	
208	16.94	28.301	28.345	28.329	
209	17.	28.301	28.345	28.329	
210	17.01	28.301	28.345	28.329	
211	17.02	28.301	28.345	28.329	
212	17.05	28.301	28.345	28.329	
213	17.14	28.301	28.345	28.329	
214	17.24	28.301	28.345	28.329	
215	17.34	28.301	28.345	28.329	
216	17.44	28.3	28.345	28.329	
217	17.54	28.3	28.345	28.329	
218	17.64	28.3	28.345	28.329	
219	17.74	28.3	28.345	28.329	
220	17.84	28.3	28.345	28.329	
221	17.94	28.3	28.345	28.329	
222	18.	28.3	28.345	28.329	
223	18.01	28.3	28.345	28.329	
224	18.02	28.3	28.345	28.329	
225	18.05	28.3	28.345	28.329	
226	18.14	28.3	28.345	28.329	
227	18.24	28.3	28.345	28.329	
228	18.34	28.3	28.345	28.329	
229	18.44	28.3	28.345	28.329	
230	18.54	28.3	28.345	28.329	
231	18.64	28.3	28.345	28.329	
232	18.74	28.3	28.345	28.329	
233	18.84	28.3	28.345	28.329	
234	18.94	28.3	28.345	28.329	
235	19.	28.3	28.345	28.329	
236	19.01	28.3	28.345	28.329	
237	19.02	28.3	28.345	28.329	
238	19.05	28.3	28.345	28.329	
239	19.14	28.3	28.345	28.329	
240	19.24	28.3	28.345	28.329	
241	19.34	28.3	28.345	28.329	
242	19.44	28.3	28.345	28.329	
243	19.54	28.301	28.345	28.329	
244	19.64	28.301	28.345	28.329	
245	19.74	28.301	28.345	28.329	
246	19.84	28.301	28.345	28.329	
247	19.94	28.301	28.345	28.329	
248	20.	28.301	28.345	28.329	
249	20.01	28.301	28.345	28.329	
250	20.02	28.301	28.345	28.329	
251	20.05	28.301	28.345	28.329	
252	20.14	28.301	28.345	28.329	
253	20.24	28.301	28.345	28.329	
254	20.34	28.301	28.345	28.329	
255	20.44	28.301	28.345	28.329	
256	20.54	28.301	28.345	28.329	
257	20.64	28.301	28.345	28.329	
258	20.74	28.301	28.345	28.329	
259	20.84	28.301	28.345	28.329	
260	20.94	28.301	28.345	28.329	
261	21.	28.301	28.345	28.329	
262	21.01	28.301	28.345	28.329	
263	21.02	28.301	28.345	28.329	
264	21.05	28.301	28.345	28.329	
265	21.14	28.301	28.345	28.329	
266	21.24	28.301	28.345	28.329	
267	21.34	28.301	28.345	28.329	
268	21.44	28.301	28.345	28.329	
269	21.54	28.301	28.345	28.329	
270	21.64	28.301	28.345	28.329	
271	21.74	28.301	28.345	28.329	
272	21.84	28.301	28.345	28.329	
273	21.94	28.301	28.345	28.329	
274	22.	28.301	28.345	28.329	
275	22.01	28.301	28.345	28.329	
276	22.02	28.301	28.345	28.329	
277	22.05	28.301	28.345	28.329	
278	22.14	28.301	28.345	28.329	
279	22.24	28.301	28.345	28.329	
280	22.34	28.301	28.345	28.329	
281	22.44	28.301	28.345	28.329	
282	22.54	28.301	28.345	28.329	
283	22.64	28.301	28.345	28.329	
284	22.74	28.301	28.345	28.329	
285	22.84	28.301	28.345	28.329	
286	22.94	28.301	28.345	28.329	
287	23.	28.301	28.345	28.329	
288	23.01	28.301	28.345	28.329	
289	23.02	28.301	28.345	28.329	
290	23.05	28.301	28.345	28.329	
291	23.14	28.301	28.345	28.329	
292	23.24	28.301	28.345	28.329	
293	23.34	28.301	28.345	28.329	
294	23.44	28.301	28.345	28.329	
295	23.54	28.301	28.345	28.329	
296	23.64	28.301	28.345	28.329	
297	23.74	28.301	28.345	28.329	
298	23.84	28.301	28.345	28.329	
299	23.94	28.301	28.345	28.329	
300	24.	28.301	28.345	28.329	
301	24.01	28.301	28.345	28.329	
302	24.02	28.301	28.345	28.329	
303	24.05	28.301	28.345	28.329	
304	24.14	28.301	28.345	28.329	
305	24.24	28.301	28.345	28.329	
306	24.34	28.301	28.345	28.329	
307	24.44	28.301	28.345	28.329	
308	24.54	28.301	28.345	28.329	
309	24.64	28.301	28.345	28.329	
310	24.74	28.301	28.345	28.329	
311	24.84	28.301	28.345	28.329	
312	24.94	28.301	28.345	28.329	
313	25.	28.301	28.345	28.329	
314	25.01	28.301	28.345	28.329	
315	25.02	28.301	28.345	28.329	
316	25.05	28.301	28.345	28.329	
317	25.14	28.301	28.345	28.329	
318	25.24	28.301	28.345	28.329	
319	25.34	28.301	28.345	28.329	
320	25.44	28.301	28.345	28.329	
321	25.54	28.301	28.345	28.329	
322	25.64	28.301	28.345	28.329	
323	25.74	28.301	28.345	28.329	
324	25.84	28.301	28.345	28.329	
325	25.94	28.301	28.345	28.329	
326	26.	28.301	28.345	28.329	
327	26.01	28.301	28.345	28.329	
328	26.02	28.301	28.345	28.329	
329	26.05	28.301	28.345	28.329	
330	26.14	28.301	28.345	28.329	
331	26.24	28.301	28.345	28.329	
332	26.34	28.301	28.345	28.329	
333	26.44	28.301	28.345	28.329	
334	26.54	28.301	28.345	28.329	
335	26.64	28.301	28.345	28.329	
336	26.74	28.301	28.345	28.329	
337	26.84	28.301	28.345	28.329	
338	26.94	28.301	28.345	28.329	
339	27.	28.301	28.345	28.329	
340	27.01	28.301	28.345	28.329	
341	27.02	28.301	28.345	28.329	
342	27.05	28.301	28.345	28.329	
343	27.14	28.301	28.345	28.329	
344	27.24	28.301	28.345	28.329	
345	27.34	28.301	28.345	28.329	
346	27.44	28.301	28.345	28.329	
347	27.54	28.301	28.345	28.329	
348	27.64	28.301	28.345	28.329	
349	27.74	28.301	28.345	28.329	
350	27.84	28.301	28.345	28.329	
351	27.94	28.301	28.345	28.329	
352	28.	28.301	28.345	28.329	
353	28.01	28.301	28.345	28.329	
354	28.02	28.301	28.345	28.329	
355	28.05	28.301	28.345	28.329	
356	28.14	28.301	28.345	28.329	
357	28.24	28.301	28.345	28.329	
358	28.34	28.301	28.345	28.329	
359	28.44	28.301	28.345	28.329	
360	28.54	28.301	28.345	28.329	
361	28.64	28.301	28.345	28.329	
362	28.74	28.301	28.345	28.33	
363	28.84	28.301	28.345	28.33	
364	28.94	28.301	28.345	28.33	
365	29.	28.301	28.345	28.33	
366	29.01	28.301	28.345	28.33	
367	29.02	28.301	28.345	28.33	
368	29.05	28.301	28.345	28.33	
369	29.14	28.301	28.345	28.33	
370	29.24	28.301	28.345	28.33	
371	29.34	28.301	28.345	28.33	
372	29.44	28.301	28.345	28.33	
373	29.54	28.301	28.345	28.33	
374	29.64	28.301	28.346	28.33	
375	29.74	28.301	28.346	28.33	
376	29.84	28.301	28.346	28.33	
377	29.94	28.301	28.346	28.33	
378	30.	28.301	28.346	28.33	
379	30.01	28.301	28.346	28.33	
380	30.02	28.301	28.346	28.33	
381	30.05	28.301	28.346	28.33	
382	30.14	28.301	28.346	28.33	
383	30.24	28.301	28.346	28.33	
384	30.34	28.301	28.346	28.33	
385	30.44	28.301	28.346	28.33	
386	30.54	28.301	28.346	28.33	
387	30.64	28.301	28.346	28.33	
388	30.74	28.301	28.346	28.33	
389	30.84	28.301	28.346	28.33	
390	30.94	28.301	28.346	28.33	
391	31.	28.302	28.346	28.33	
392	31.01	28.302	28.346	28.33	
393	31.02	28.302	28.346	28.33	
394	31.05	28.302	28.346	28.33	
395	31.14	28.302	28.346	28.33	
396	31.24	28.302	28.346	28.33	
397	31.34	28.302	28.346	28.33	
398	31.44	28.302	28.346	28.33	
399	31.54	28.302	28.346	28.33	
400	31.64	28.302	28.346	28.33	
401	31.74	28.302	28.346	28.33	
402	31.84	28.302	28.346	28.33	
403	31.94	28.302	28.346	28.33	
404	32.	28.302	28.346	28.33	
405	32.01	28.302	28.346	28.33	
406	32.02	28.302	28.346	28.33	
407	32.05	28.302	28.346	28.33	
408	32.14	28.302	28.346	28.33	
409	32.24	28.302	28.346	28.33	
410	32.34	28.302	28.346	28.33	
411	32.44	28.302	28.346	28.33	
412	32.54	28.302	28.346	28.33	
413	32.64	28.302	28.346	28.33	
414	32.74	28.302	28.346	28.33	
415	32.84	28.302	28.346	28.33	
416	32.94	28.302	28.346	28.33	
417	33.	28.302	28.346	28.33	
418	33.01	28.302	28.346	28.33	
419	33.02	28.302	28.346	28.33	
420	33.05	28.302	28.346	28.33	
421	33.14	28.302	28.346	28.33	
422	33.24	28.302	28.346	28.33	
423	33.34	28.302	28.346	28.33	
424	33.44	28.302	28.346	28.33	
425	33.54	28.302	28.346	28.33	
426	33.64	28.302	28.346	28.33	
427	33.74	28.302	28.346	28.33	
428	33.84	28.302	28.346	28.33	
429	33.94	28.302	28.346	28.33	
430	34.	28.302	28.346	28.33	
431	34.01	28.302	28.346	28.33	
432	34.02	28.302	28.346	28.33	
433	34.05	28.302	28.346	28.33	
434	34.14	28.302	28.346	28.33	
435	34.24	28.302	28.346	28.33	
436	34.34	28.302	28.346	28.33	
437	34.44	28.302	28.346	28.33	
438	34.54	28.302	28.346	28.33	
439	34.64	28.302	28.346	28.33	
440	34.74	28.302	28.346	28.33	
441	34.84	28.302	28.346	28.33	
442	34.94	28.302	28.346	28.33	
443	35.	28.302	28.346	28.33	
444	35.01	28.302	28.346	28.33	
445	35.02	28.302	28.346	28.33	
446	35.05	28.302	28.346	28.33	
447	35.14	28.302	28.346	28.33	
448	35.24	28.302	28.346	28.33	
449	35.34	28.302	28.346	28.33	
450	35.44	28.302	28.346	28.33	
451	35.54	28.302	28.346	28.33	
452	35.64	28.302	28.346	28.33	
453	35.74	28.302	28.346	28.331	
454	35.84	28.302	28.346	28.331	
455	35.94	28.302	28.346	28.331	
456	36.	28.302	28.346	28.331	
457	36.01	28.302	28.346	28.331	
458	36.02	28.302	28.346	28.331	
459	36.05	28.302	28.346	28.331	
460	36.14	28.302	28.346	28.331	
461	36.24	28.302	28.346	28.331	
462	36.34	28.302	28.346	28.331	
463	36.44	28.302	28.346	28.331	
464	36.54	28.302	28.347	28.331	
465	36.64	28.302	28.347	28.331	
466	36.74	28.302	28.347	28.331	
467	36.84	28.302	28.347	28.331	
468	36.94	28.302	28.347	28.331	
469	37.	28.302	28.347	28.331	
470	37.01	28.302	28.347	28.331	
471	37.02	28.302	28.347	28.331	
472	37.05	28.302	28.347	28.331	
473	37.14	28.302	28.347	28.331	
474	37.24	28.303	28.347	28.331	
475	37.34	28.303	28.347	28.331	
476	37.44	28.303	28.347	28.331	
477	37.54	28.303	28.347	28.331	
478	37.64	28.303	28.347	28.331	
479	37.74	28.303	28.347	28.331	
480	37.84	28.303	28.347	28.331	
481	37.94	28.303	28.347	28.331	
482	38.	28.303	28.347	28.331	
483	38.01	28.303	28.347	28.331	
484	38.02	28.303	28.347	28.331	
485	38.05	28.303	28.347	28.331	
486	38.14	28.303	28.347	28.331	
487	38.24	28.303	28.347	28.331	
488	38.34	28.303	28.347	28.331	
489	38.44	28.303	28.347	28.331	
490	38.54	28.303	28.347	28.331	
491	38.64	28.303	28.347	28.331	
492	38.74	28.303	28.347	28.331	
493	38.84	28.303	28.347	28.331	
494	38.94	28.303	28.347	28.331	
495	39.	28.303	28.347	28.331	
496	39.01	28.303	28.347	28.331	
497	39.02	28.303	28.347	28.331	
498	39.05	28.303	28.347	28.331	
499	39.14	28.303	28.347	28.331	
500	39.24	28.303	28.347	28.331	
501	39.34	28.303	28.347	28.331	
502	39.44	28.303	28.347	28.331	
503	39.54	28.303	28.347	28.331	
504	39.64	28.303	28.347	28.331	
505	39.74	28.303	28.347	28.331	
506	39.84	28.303	28.347	28.331	
507	39.94	28.303	28.347	28.331	
508	40.	28.303	28.347	28.331	
509	40.01	28.303	28.347	28.331	
510	40.02	28.303	28.347	28.331	
511	40.05	28.303	28.347	28.331	
512	40.14	28.303	28.347	28.331	
513	40.24	28.303	28.347	28.331	
514	40.34	28.303	28.347	28.331	
515	40.44	28.303	28.347	28.331	
516	40.54	28.303	28.347	28.331	
517	40.64	28.303	28.347	28.331	
518	40.74	28.303	28.347	28.331	
519	40.84	28.303	28.347	28.331	
520	40.94	28.303	28.347	28.331	
521	41.	28.303	28.347	28.331	
522	41.01	28.303	28.347	28.331	
523	41.02	28.303	28.347	28.331	
524	41.05	28.303	28.347	28.331	
525	41.14	28.303	28.347	28.332	
526	41.24	28.303	28.347	28.332	
527	41.34	28.303	28.347	28.332	
528	41.44	28.303	28.347	28.332	
529	41.54	28.303	28.347	28.332	
530	41.64	28.303	28.347	28.332	
531	41.74	28.303	28.347	28.332	
532	41.84	28.303	28.348	28.332	
533	41.94	28.303	28.348	28.332	
534	42.	28.303	28.348	28.332	
535	42.01	28.303	28.348	28.332	
536	42.02	28.303	28.348	28.332	
537	42.05	28.303	28.348	28.332	
538	42.14	28.304	28.348	28.332	
539	42.24	28.304	28.348	28.332	
540	42.34	28.304	28.348	28.332	
541	42.44	28.304	28.348	28.332	
542	42.54	28.304	28.348	28.332	
543	42.64	28.304	28.348	28.332	
544	42.74	28.304	28.348	28.332	
545	42.84	28.304	28.348	28.332	
546	42.94	28.304	28.348	28.332	
547	43.	28.304	28.348	28.332	
548	43.01	28.304	28.348	28.332	
549	43.02	28.304	28.348	28.332	
550	43.05	28.304	28.348	28.332	
551	43.14	28.304	28.348	28.332	
552	43.24	28.304	28.348	28.332	
553	43.34	28.304	28.348	28.332	
554	43.44	28.304	28.348	28.332	
555	43.54	28.304	28.348	28.332	
556	43.64	28.304	28.348	28.332	
557	43.74	28.304	28.348	28.332	
558	43.84	28.304	28.348	28.332	
559	43.94	28.304	28.348	28.332	
560	44.	28.304	28.348	28.332	
561	44.01	28.304	28.348	28.332	
562	44.02	28.304	28.348	28.332	
563	44.05	28.304	28.348	28.332	
564	44.14	28.304	28.348	28.332	
565	44.24	28.304	28.348	28.332	
566	44.34	28.304	28.348	28.332	
567	44.44	28.304	28.348	28.332	
568	44.54	28.304	28.348	28.332	
569	44.64	28.304	28.348	28.332	
570	44.74	28.304	28.348	28.332	
571	44.84	28.304	28.348	28.332	
572	44.94	28.304	28.348	28.332	
573	45.	28.304	28.348	28.332	
574	45.01	28.304	28.348	28.332	
575	45.02	28.304	28.348	28.332	
576	45.05	28.304	28.348	28.332	
577	45.14	28.304	28.348	28.332	
578	45.24	28.304	28.348	28.332	
579	45.34	28.304	28.348	28.332	
580	45.44	28.304	28.348	28.332	
581	45.54	28.304	28.348	28.332	
582	45.64	28.304	28.348	28.333	
583	45.74	28.304	28.348	28.333	
584	45.84	28.304	28.348	28.333	
585	45.94	28.304	28.348	28.333	
586	46.	28.304	28.348	28.333	
587	46.01	28.304	28.348	28.333	
588	46.02	28.304	28.348	28.333	
589	46.05	28.304	28.348	28.333	
590	46.14	28.304	28.348	28.333	
591	46.24	28.304	28.348	28.333	
592	46.34	28.304	28.349	28.333	
593	46.44	28.305	28.349	28.333	
594	46.54	28.305	28.349	28.333	
595	46.64	28.305	28.349	28.333	
596	46.74	28.305	28.349	28.333	
597	46.84	28.305	28.349	28.333	
598	46.94	28.305	28.349	28.333	
599	47.	28.305	28.349	28.333	
600	47.01	28.305	28.349	28.333	
601	47.02	28.305	28.349	28.333	
602	47.05	28.305	28.349	28.333	
603	47.14	28.305	28.349	28.333	
604	47.24	28.305	28.349	28.333	
605	47.34	28.305	28.349	28.333	
606	47.44	28.305	28.349	28.333	
607	47.54	28.305	28.349	28.333	
608	47.64	28.305	28.349	28.333	
609	47.74	28.305	28.349	28.333	
610	47.84	28.305	28.349	28.333	
611	47.94	28.305	28.349	28.333	
612	48.	28.305	28.349	28.333	
613	48.01	28.305	28.349	28.333	
614	48.02	28.305	28.349	28.333	
615	48.05	28.305	28.349	28.333	
616	48.14	28.305	28.349	28.333	
617	48.24	28.305	28.349	28.333	
618	48.34	28.305	28.349	28.333	
619	48.44	28.305	28.349	28.333	
620	48.54	28.305	28.349	28.333	
621	48.64	28.305	28.349	28.333	
622	48.74	28.305	28.349	28.333	
623	48.84	28.305	28.349	28.333	
624	48.94	28.305	28.349	28.333	
625	49.	28.305	28.349	28.333	
626	49.01	28.305	28.349	28.333	
627	49.02	28.305	28.349	28.333	
628	49.05	28.305	28.349	28.333	
629	49.14	28.305	28.349	28.333	
630	49.24	28.305	28.349	28.333	
631	49.34	28.305	28.349	28.333	
632	49.44	28.305	28.349	28.333	
633	49.54	28.305	28.349	28.333	
634	49.64	28.305	28.349	28.334	
635	49.74	28.305	28.349	28.334	
636	49.84	28.305	28.349	28.334	
637	49.94	28.305	28.349	28.334	
638	50.	28.305	28.349	28.334	
639	50.01	28.305	28.349	28.334	
640	50.02	28.305	28.349	28.334	
641	50.05	28.305	28.349	28.334	
642	50.14	28.305	28.349	28.334	
643	50.24	28.306	28.349	28.334	
644	50.34	28.306	28.35	28.334	
645	50.44	28.306	28.35	28.334	
646	50.54	28.306	28.35	28.334	
647	50.64	28.306	28.35	28.334	
648	50.74	28.306	28.35	28.334	
649	50.84	28.306	28.35	28.334	
650	50.94	28.306	28.35	28.334	
651	51.	28.306	28.35	28.334	
652	51.01	28.306	28.35	28.334	
653	51.02	28.306	28.35	28.334	
654	51.05	28.306	28.35	28.334	
655	51.14	28.306	28.35	28.334	
656	51.24	28.306	28.35	28.334	
657	51.34	28.306	28.35	28.334	
658	51.44	28.306	28.35	28.334	
659	51.54	28.306	28.35	28.334	
660	51.64	28.306	28.35	28.334	
661	51.74	28.306	28.35	28.334	
662	51.84	28.306	28.35	28.334	
663	51.94	28.306	28.35	28.334	
664	52.	28.306	28.35	28.334	
665	52.01	28.306	28.35	28.334	
666	52.02	28.306	28.35	28.334	
667	52.05	28.306	28.35	28.334	
668	52.14	28.306	28.35	28.334	
669	52.24	28.306	28.35	28.334	
670	52.34	28.306	28.35	28.334	
671	52.44	28.306	28.35	28.334	
672	52.54	28.306	28.35	28.334	
673	52.64	28.306	28.35	28.334	
674	52.74	28.306	28.35	28.334	
675	52.84	28.306	28.35	28.334	
676	52.94	28.306	28.35	28.334	
677	53.	28.306	28.35	28.334	
678	53.01	28.306	28.35	28.334	
679	53.02	28.306	28.35	28.334	
680	53.05	28.306	28.35	28.334	
681	53.14	28.306	28.35	28.334	
682	53.24	28.306	28.35	28.335	
683	53.34	28.306	28.35	28.335	
684	53.44	28.306	28.35	28.335	
685	53.54	28.306	28.35	28.335	
686	53.64	28.306	28.35	28.335	
687	53.74	28.306	28.35	28.335	
688	53.84	28.307	28.35	28.335	
689	53.94	28.307	28.351	28.335	
690	54.	28.307	28.351	28.335	
691	54.01	28.307	28.351	28.335	
692	54.02	28.307	28.351	28.335	
693	54.05	28.307	28.351	28.335	
694	54.14	28.307	28.351	28.335	
695	54.24	28.307	28.351	28.335	
696	54.34	28.307	28.351	28.335	
697	54.44	28.307	28.351	28.335	
698	54.54	28.307	28.351	28.335	
699	54.64	28.307	28.351	28.335	
700	54.74	28.307	28.351	28.335	
701	54.84	28.307	28.351	28.335	
702	54.94	28.307	28.351	28.335	
703	55.	28.307	28.351	28.335	
704	55.01	28.307	28.351	28.335	
705	55.02	28.307	28.351	28.335	
706	55.05	28.307	28.351	28.335	
707	55.14	28.307	28.351	28.335	
708	55.24	28.307	28.351	28.335	
709	55.34	28.307	28.351	28.335	
710	55.44	28.307	28.351	28.335	
711	55.54	28.307	28.351	28.335	
712	55.64	28.307	28.351	28.335	
713	55.74	28.307	28.351	28.335	
714	55.84	28.307	28.351	28.335	
715	55.94	28.307	28.351	28.335	
716	56.	28.307	28.351	28.335	
717	56.01	28.307	28.351	28.335	
718	56.02	28.307	28.351	28.335	
719	56.05	28.307	28.351	28.335	
720	56.14	28.307	28.351	28.335	
721	56.24	28.307	28.351	28.335	
722	56.34	28.307	28.351	28.335	
723	56.44	28.307	28.351	28.335	
724	56.54	28.307	28.351	28.335	
725	56.64	28.307	28.351	28.336	
726	56.74	28.307	28.351	28.336	
727	56.84	28.307	28.351	28.336	
728	56.94	28.307	28.351	28.336	
729	57.	28.307	28.351	28.336	
730	57.01	28.307	28.351	28.336	
731	57.02	28.307	28.351	28.336	
732	57.05	28.308	28.351	28.336	
733	57.14	28.308	28.351	28.336	
734	57.24	28.308	28.352	28.336	
735	57.34	28.308	28.352	28.336	
736	57.44	28.308	28.352	28.336	
737	57.54	28.308	28.352	28.336	
738	57.64	28.308	28.352	28.336	
739	57.74	28.308	28.352	28.336	
740	57.84	28.308	28.352	28.336	
741	57.94	28.308	28.352	28.336	
742	58.	28.308	28.352	28.336	
743	58.01	28.308	28.352	28.336	
744	58.02	28.308	28.352	28.336	
745	58.05	28.308	28.352	28.336	
746	58.14	28.308	28.352	28.336	
747	58.24	28.308	28.352	28.336	
748	58.34	28.308	28.352	28.336	
749	58.44	28.308	28.352	28.336	
750	58.54	28.308	28.352	28.336	
751	58.64	28.308	28.352	28.336	
752	58.74	28.308	28.352	28.336	
753	58.84	28.308	28.352	28.336	
754	58.94	28.308	28.352	28.336	
755	59.	28.308	28.352	28.336	
756	59.01	28.308	28.352	28.336	
757	59.02	28.308	28.352	28.336	
758	59.05	28.308	28.352	28.336	
759	59.14	28.308	28.352	28.336	
760	59.24	28.308	28.352	28.336	
761	59.34	28.308	28.352	28.336	
762	59.44	28.308	28.352	28.336	
763	59.54	28.308	28.352	28.336	
764	59.64	28.308	28.352	28.336	
765	59.74	28.308	28.352	28.337	
766	59.84	28.308	28.352	28.337	
767	59.94	28.308	28.352	28.337	
768	60.	28.308	28.352	28.337	
769	60.01	28.308	28.352	28.337	
770	60.02	28.308	28.352	28.337	
771	60.05	28.308	28.352	28.337	
772	60.14	28.309	28.352	28.337	
773	60.24	28.309	28.352	28.337	
774	60.34	28.309	28.352	28.337	
775	60.44	28.309	28.353	28.337	
776	60.54	28.309	28.353	28.337	
777	60.64	28.309	28.353	28.337	
778	60.74	28.309	28.353	28.337	
779	60.84	28.309	28.353	28.337	
780	60.94	28.309	28.353	28.337	
781	61.	28.309	28.353	28.337	
782	61.01	28.309	28.353	28.337	
783	61.02	28.309	28.353	28.337	
784	61.05	28.309	28.353	28.337	
785	61.14	28.309	28.353	28.337	
786	61.24	28.309	28.353	28.337	
787	61.34	28.309	28.353	28.337	
788	61.44	28.309	28.353	28.337	
789	61.54	28.309	28.353	28.337	
790	61.64	28.309	28.353	28.337	
791	61.74	28.309	28.353	28.337	
792	61.84	28.309	28.353	28.337	
793	61.94	28.309	28.353	28.337	
794	62.	28.309	28.353	28.337	
795	62.01	28.309	28.353	28.337	
796	62.02	28.309	28.353	28.337	
797	62.05	28.309	28.353	28.337	
798	62.14	28.309	28.353	28.337	
799	62.24	28.309	28.353	28.337	
800	62.34	28.309	28.353	28.337	
801	62.44	28.309	28.353	28.337	
802	62.54	28.309	28.353	28.337	
803	62.64	28.309	28.353	28.337	
804	62.74	28.309	28.353	28.338	
805	62.84	28.309	28.353	28.338	
806	62.94	28.309	28.353	28.338	
807	63.	28.309	28.353	28.338	
808	63.01	28.309	28.353	28.338	
809	63.02	28.309	28.353	28.338	
810	63.05	28.31	28.353	28.338	
811	63.14	28.31	28.353	28.338	
812	63.24	28.31	28.353	28.338	
813	63.34	28.31	28.354	28.338	
814	63.44	28.31	28.354	28.338	
815	63.54	28.31	28.354	28.338	
816	63.64	28.31	28.354	28.338	
817	63.74	28.31	28.354	28.338	
818	63.84	28.31	28.354	28.338	
819	63.94	28.31	28.354	28.338	
820	64.	28.31	28.354	28.338	
821	64.01	28.31	28.354	28.338	
822	64.02	28.31	28.354	28.338	
823	64.05	28.31	28.354	28.338	
824	64.14	28.31	28.354	28.338	
825	64.24	28.31	28.354	28.338	
826	64.34	28.31	28.354	28.338	
827	64.44	28.31	28.354	28.338	
828	64.54	28.31	28.354	28.338	
829	64.64	28.31	28.354	28.338	
830	64.74	28.31	28.354	28.338	
831	64.84	28.31	28.354	28.338	
832	64.94	28.31	28.354	28.338	
833	65.	28.31	28.354	28.338	
834	65.01	28.31	28.354	28.338	
835	65.02	28.31	28.354	28.338	
836	65.05	28.31	28.354	28.338	
837	65.14	28.31	28.354	28.338	
838	65.24	28.31	28.354	28.338	
839	65.34	28.31	28.354	28.338	
840	65.44	28.31	28.354	28.338	
841	65.54	28.31	28.354	28.339	
842	65.64	28.31	28.354	28.339	
843	65.74	28.31	28.354	28.339	
844	65.84	28.311	28.354	28.339	
845	65.94	28.311	28.354	28.339	
846	66.	28.311	28.354	28.339	
847	66.01	28.311	28.354	28.339	
848	66.02	28.311	28.354	28.339	
849	66.05	28.311	28.354	28.339	
850	66.14	28.311	28.354	28.339	
851	66.24	28.311	28.355	28.339	
852	66.34	28.311	28.355	28.339	
853	66.44	28.311	28.355	28.339	
854	66.54	28.311	28.355	28.339	
855	66.64	28.311	28.355	28.339	
856	66.74	28.311	28.355	28.339	
857	66.84	28.311	28.355	28.339	
858	66.94	28.311	28.355	28.339	
859	67.	28.311	28.355	28.339	
860	67.01	28.311	28.355	28.339	
861	67.02	28.311	28.355	28.339	
862	67.05	28.311	28.355	28.339	
863	67.14	28.311	28.355	28.339	
864	67.24	28.311	28.355	28.339	
865	67.34	28.311	28.355	28.339	
866	67.44	28.311	28.355	28.339	
867	67.54	28.311	28.355	28.339	
868	67.64	28.311	28.355	28.339	
869	67.74	28.311	28.355	28.339	
870	67.84	28.311	28.355	28.339	
871	67.94	28.311	28.355	28.339	
872	68.	28.311	28.355	28.339	
873	68.01	28.311	28.355	28.339	
874	68.02	28.311	28.355	28.339	
875	68.05	28.311	28.355	28.339	
876	68.14	28.311	28.355	28.339	
877	68.24	28.311	28.355	28.34	
878	68.34	28.311	28.355	28.34	
879	68.44	28.311	28.355	28.34	
880	68.54	28.312	28.355	28.34	
881	68.64	28.312	28.355	28.34	
882	68.74	28.312	28.355	28.34	
883	68.84	28.312	28.355	28.34	
884	68.94	28.312	28.356	28.34	
885	69.	28.312	28.356	28.34	
886	69.01	28.312	28.356	28.34	
887	69.02	28.312	28.356	28.34	
888	69.05	28.312	28.356	28.34	
889	69.14	28.312	28.356	28.34	
890	69.24	28.312	28.356	28.34	
891	69.34	28.312	28.356	28.34	
892	69.44	28.312	28.356	28.34	
893	69.54	28.312	28.356	28.34	
894	69.64	28.312	28.356	28.34	
895	69.74	28.312	28.356	28.34	
896	69.84	28.312	28.356	28.34	
897	69.94	28.312	28.356	28.34	
898	70.	28.312	28.356	28.34	
899	70.01	28.312	28.356	28.34	
900	70.02	28.312	28.356	28.34	
901	70.05	28.312	28.356	28.34	
902	70.14	28.312	28.356	28.34	
903	70.24	28.312	28.356	28.34	
904	70.34	28.312	28.356	28.34	
905	70.44	28.312	28.356	28.34	
906	70.54	28.312	28.356	28.34	
907	70.64	28.312	28.356	28.34	
908	70.74	28.312	28.356	28.34	
909	70.84	28.312	28.356	28.341	
910	70.94	28.312	28.356	28.341	
911	71.	28.312	28.356	28.341	
912	71.01	28.312	28.356	28.341	
913	71.02	28.312	28.356	28.341	
914	71.05	28.312	28.356	28.341	
915	71.14	28.313	28.356	28.341	
916	71.24	28.313	28.356	28.341	
917	71.34	28.313	28.356	28.341	
918	71.44	28.313	28.357	28.341	
919	71.54	28.313	28.357	28.341	
920	71.64	28.313	28.357	28.341	
921	71.74	28.313	28.357	28.341	
922	71.84	28.313	28.357	28.341	
923	71.94	28.313	28.357	28.341	
924	72.	28.313	28.357	28.341	
925	72.01	28.313	28.357	28.341	
926	72.02	28.313	28.357	28.341	
927	72.05	28.313	28.357	28.341	
928	72.14	28.313	28.357	28.341	
929	72.24	28.313	28.357	28.341	
930	72.34	28.313	28.357	28.341	
931	72.44	28.313	28.357	28.341	
932	72.54	28.313	28.357	28.341	
933	72.64	28.313	28.357	28.341	
934	72.74	28.313	28.357	28.341	
935	72.84	28.313	28.357	28.341	
936	72.94	28.313	28.357	28.341	
937	73.	28.313	28.357	28.341	
938	73.01	28.313	28.357	28.341	
939	73.02	28.313	28.357	28.341	
940	73.05	28.313	28.357	28.341	
941	73.14	28.313	28.357	28.341	
942	73.24	28.313	28.357	28.341	
943	73.34	28.313	28.357	28.341	
944	73.44	28.313	28.357	28.342	
945	73.54	28.313	28.357	28.342	
946	73.64	28.314	28.357	28.342	
947	73.74	28.314	28.357	28.342	
948	73.84	28.314	28.357	28.342	
949	73.94	28.314	28.357	28.342	
950	74.	28.314	28.358	28.342	
951	74.01	28.314	28.358	28.342	
952	74.02	28.314	28.358	28.342	
953	74.05	28.314	28.358	28.342	
954	74.14	28.314	28.358	28.342	
955	74.24	28.314	28.358	28.342	
956	74.34	28.314	28.358	28.342	
957	74.44	28.314	28.358	28.342	
958	74.54	28.314	28.358	28.342	
959	74.64	28.314	28.358	28.342	
960	74.74	28.314	28.358	28.342	
961	74.84	28.314	28.358	28.342	
962	74.94	28.314	28.358	28.342	
963	75.	28.314	28.358	28.342	
964	75.01	28.314	28.358	28.342	
965	75.02	28.314	28.358	28.342	
966	75.05	28.314	28.358	28.342	
967	75.14	28.314	28.358	28.342	
968	75.24	28.314	28.358	28.342	
969	75.34	28.314	28.358	28.342	
970	75.44	28.314	28.358	28.342	
971	75.54	28.314	28.358	28.342	
972	75.64	28.314	28.358	28.342	
973	75.74	28.314	28.358	28.342	
974	75.84	28.314	28.358	28.343	
975	75.94	28.314	28.358	28.343	
976	76.	28.315	28.358	28.343	
977	76.01	28.315	28.358	28.343	
978	76.02	28.315	28.358	28.343	
979	76.05	28.315	28.358	28.343	
980	76.14	28.315	28.358	28.343	
981	76.24	28.315	28.358	28.343	
982	76.34	28.315	28.358	28.343	
983	76.44	28.315	28.359	28.343	
984	76.54	28.315	28.359	28.343	
985	76.64	28.315	28.359	28.343	
986	76.74	28.315	28.359	28.343	
987	76.84	28.315	28.359	28.343	
988	76.94	28.315	28.359	28.343	
989	77.	28.315	28.359	28.343	
990	77.01	28.315	28.359	28.343	
991	77.02	28.315	28.359	28.343	
992	77.05	28.315	28.359	28.343	
993	77.14	28.315	28.359	28.343	
994	77.24	28.315	28.359	28.343	
995	77.34	28.315	28.359	28.343	
996	77.44	28.315	28.359	28.343	
997	77.54	28.315	28.359	28.343	
998	77.64	28.315	28.359	28.343	
999	77.74	28.315	28.359	28.343	
1000	77.84	28.315	28.359	28.343	
1001	77.94	28.315	28.359	28.343	
1002	78.	28.315	28.359	28.343	
1003	78.01	28.315	28.359	28.343	
1004	78.02	28.315	28.359	28.343	
1005	78.05	28.315	28.359	28.343	
1006	78.14	28.315	28.359	28.344	
1007	78.24	28.315	28.359	28.344	
1008	78.34	28.316	28.359	28.344	
1009	78.44	28.316	28.359	28.344	
1010	78.54	28.316	28.359	28.344	
1011	78.64	28.316	28.359	28.344	
1012	78.74	28.316	28.36	28.344	
1013	78.84	28.316	28.36	28.344	
1014	78.94	28.316	28.36	28.344	
1015	79.	28.316	28.36	28.344	
1016	79.01	28.316	28.36	28.344	
1017	79.02	28.316	28.36	28.344	
1018	79.05	28.316	28.36	28.344	
1019	79.14	28.316	28.36	28.344	
1020	79.24	28.316	28.36	28.344	
1021	79.34	28.316	28.36	28.344	
1022	79.44	28.316	28.36	28.344	
1023	79.54	28.316	28.36	28.344	
1024	79.64	28.316	28.36	28.344	
1025	79.74	28.316	28.36	28.344	
1026	79.84	28.316	28.36	28.344	
1027	79.94	28.316	28.36	28.344	
1028	80.	28.316	28.36	28.344	
1029	80.01	28.316	28.36	28.344	
1030	80.02	28.316	28.36	28.344	
1031	80.05	28.316	28.36	28.344	
1032	80.14	28.316	28.36	28.344	
1033	80.24	28.316	28.36	28.344	
1034	80.34	28.316	28.36	28.344	
1035	80.44	28.316	28.36	28.345	
1036	80.54	28.316	28.36	28.345	
1037	80.64	28.317	28.36	28.345	
1038	80.74	28.317	28.36	28.345	
1039	80.84	28.317	28.36	28.345	
1040	80.94	28.317	28.36	28.345	
1041	81.	28.317	28.36	28.345	
1042	81.01	28.317	28.361	28.345	
1043	81.02	28.317	28.361	28.345	
1044	81.05	28.317	28.361	28.345	
1045	81.14	28.317	28.361	28.345	
1046	81.24	28.317	28.361	28.345	
1047	81.34	28.317	28.361	28.345	
1048	81.44	28.317	28.361	28.345	
1049	81.54	28.317	28.361	28.345	
1050	81.64	28.317	28.361	28.345	
1051	81.74	28.317	28.361	28.345	
1052	81.84	28.317	28.361	28.345	
1053	81.94	28.317	28.361	28.345	
1054	82.	28.317	28.361	28.345	
1055	82.01	28.317	28.361	28.345	
1056	82.02	28.317	28.361	28.345	
1057	82.05	28.317	28.361	28.345	
1058	82.14	28.317	28.361	28.345	
1059	82.24	28.317	28.361	28.345	
1060	82.34	28.317	28.361	28.345	
1061	82.44	28.317	28.361	28.345	
1062	82.54	28.317	28.361	28.345	
1063	82.64	28.317	28.361	28.345	
1064	82.74	28.317	28.361	28.346	
1065	82.84	28.318	28.361	28.346	
1066	82.94	28.318	28.361	28.346	
1067	83.	28.318	28.361	28.346	
1068	83.01	28.318	28.361	28.346	
1069	83.02	28.318	28.361	28.346	
1070	83.05	28.318	28.361	28.346	
1071	83.14	28.318	28.361	28.346	
1072	83.24	28.318	28.362	28.346	
1073	83.34	28.318	28.362	28.346	
1074	83.44	28.318	28.362	28.346	
1075	83.54	28.318	28.362	28.346	
1076	83.64	28.318	28.362	28.346	
1077	83.74	28.318	28.362	28.346	
1078	83.84	28.318	28.362	28.346	
1079	83.94	28.318	28.362	28.346	
1080	84.	28.318	28.362	28.346	
1081	84.01	28.318	28.362	28.346	
1082	84.02	28.318	28.362	28.346	
1083	84.05	28.318	28.362	28.346	
1084	84.14	28.318	28.362	28.346	
1085	84.24	28.318	28.362	28.346	
1086	84.34	28.318	28.362	28.346	
1087	84.44	28.318	28.362	28.346	
1088	84.54	28.318	28.362	28.346	
1089	84.64	28.318	28.362	28.346	
1090	84.74	28.318	28.362	28.346	
1091	84.84	28.318	28.362	28.346	
1092	84.94	28.318	28.362	28.347	
1093	85.	28.319	28.362	28.347	
1094	85.01	28.319	28.362	28.347	
1095	85.02	28.319	28.362	28.347	
1096	85.05	28.319	28.362	28.347	
1097	85.14	28.319	28.362	28.347	
1098	85.24	28.319	28.362	28.347	
1099	85.34	28.319	28.362	28.347	
1100	85.44	28.319	28.363	28.347	
1101	85.54	28.319	28.363	28.347	
1102	85.64	28.319	28.363	28.347	
1103	85.74	28.319	28.363	28.347	
1104	85.84	28.319	28.363	28.347	
1105	85.94	28.319	28.363	28.347	
1106	86.	28.319	28.363	28.347	
1107	86.01	28.319	28.363	28.347	
1108	86.02	28.319	28.363	28.347	
1109	86.05	28.319	28.363	28.347	
1110	86.14	28.319	28.363	28.347	
1111	86.24	28.319	28.363	28.347	
1112	86.34	28.319	28.363	28.347	
1113	86.44	28.319	28.363	28.347	
1114	86.54	28.319	28.363	28.347	
1115	86.64	28.319	28.363	28.347	
1116	86.74	28.319	28.363	28.347	
1117	86.84	28.319	28.363	28.347	
1118	86.94	28.319	28.363	28.347	
1119	87.	28.319	28.363	28.348	
1120	87.01	28.319	28.363	28.348	
1121	87.02	28.319	28.363	28.348	
1122	87.05	28.319	28.363	28.348	
1123	87.14	28.32	28.363	28.348	
1124	87.24	28.32	28.363	28.348	
1125	87.34	28.32	28.363	28.348	
1126	87.44	28.32	28.363	28.348	
1127	87.54	28.32	28.364	28.348	
1128	87.64	28.32	28.364	28.348	
1129	87.74	28.32	28.364	28.348	
1130	87.84	28.32	28.364	28.348	
1131	87.94	28.32	28.364	28.348	
1132	88.	28.32	28.364	28.348	
1133	88.01	28.32	28.364	28.348	
1134	88.02	28.32	28.364	28.348	
1135	88.05	28.32	28.364	28.348	
1136	88.14	28.32	28.364	28.348	
1137	88.24	28.32	28.364	28.348	
1138	88.34	28.32	28.364	28.348	
1139	88.44	28.32	28.364	28.348	
1140	88.54	28.32	28.364	28.348	
1141	88.64	28.32	28.364	28.348	
1142	88.74	28.32	28.364	28.348	
1143	88.84	28.32	28.364	28.348	
1144	88.94	28.32	28.364	28.348	
1145	89.	28.32	28.364	28.348	
1146	89.01	28.32	28.364	28.348	
1147	89.02	28.32	28.364	28.348	
1148	89.05	28.32	28.364	28.348	
1149	89.14	28.32	28.364	28.349	
1150	89.24	28.321	28.364	28.349	
1151	89.34	28.321	28.364	28.349	
1152	89.44	28.321	28.364	28.349	
1153	89.54	28.321	28.364	28.349	
1154	89.64	28.321	28.365	28.349	
1155	89.74	28.321	28.365	28.349	
1156	89.84	28.321	28.365	28.349	
1157	89.94	28.321	28.365	28.349	
1158	90.	28.321	28.365	28.349	
1159	90.01	28.321	28.365	28.349	
1160	90.02	28.321	28.365	28.349	
1161	90.05	28.321	28.365	28.349	
1162	90.14	28.321	28.365	28.349	
1163	90.24	28.321	28.365	28.349	
1164	90.34	28.321	28.365	28.349	
1165	90.44	28.321	28.365	28.349	
1166	90.54	28.321	28.365	28.349	
1167	90.64	28.321	28.365	28.349	
1168	90.74	28.321	28.365	28.349	
1169	90.84	28.321	28.365	28.349	
1170	90.94	28.321	28.365	28.349	
1171	91.	28.321	28.365	28.349	
1172	91.01	28.321	28.365	28.349	
1173	91.02	28.321	28.365	28.349	
1174	91.05	28.321	28.365	28.349	
1175	91.14	28.321	28.365	28.35	
1176	91.24	28.322	28.365	28.35	
1177	91.34	28.322	28.365	28.35	
1178	91.44	28.322	28.365	28.35	
1179	91.54	28.322	28.365	28.35	
1180	91.64	28.322	28.365	28.35	
1181	91.74	28.322	28.366	28.35	
1182	91.84	28.322	28.366	28.35	
1183	91.94	28.322	28.366	28.35	
1184	92.	28.322	28.366	28.35	
1185	92.01	28.322	28.366	28.35	
1186	92.02	28.322	28.366	28.35	
1187	92.05	28.322	28.366	28.35	
1188	92.14	28.322	28.366	28.35	
1189	92.24	28.322	28.366	28.35	
1190	92.34	28.322	28.366	28.35	
1191	92.44	28.322	28.366	28.35	
1192	92.54	28.322	28.366	28.35	
1193	92.64	28.322	28.366	28.35	
1194	92.74	28.322	28.366	28.35	
1195	92.84	28.322	28.366	28.35	
1196	92.94	28.322	28.366	28.35	
1197	93.	28.322	28.366	28.35	
1198	93.01	28.322	28.366	28.35	
1199	93.02	28.322	28.366	28.35	
1200	93.05	28.322	28.366	28.35	
1201	93.14	28.322	28.366	28.351	
1202	93.24	28.323	28.366	28.351	
1203	93.34	28.323	28.366	28.351	
1204	93.44	28.323	28.366	28.351	
1205	93.54	28.323	28.366	28.351	
1206	93.64	28.323	28.366	28.351	
1207	93.74	28.323	28.367	28.351	
1208	93.84	28.323	28.367	28.351	
1209	93.94	28.323	28.367	28.351	
1210	94.	28.323	28.367	28.351	
1211	94.01	28.323	28.367	28.351	
1212	94.02	28.323	28.367	28.351	
1213	94.05	28.323	28.367	28.351	
1214	94.14	28.323	28.367	28.351	
1215	94.24	28.323	28.367	28.351	
1216	94.34	28.323	28.367	28.351	
1217	94.44	28.323	28.367	28.351	
1218	94.54	28.323	28.367	28.351	
1219	94.64	28.323	28.367	28.351	
1220	94.74	28.323	28.367	28.351	
1221	94.84	28.323	28.367	28.351	
1222	94.94	28.323	28.367	28.351	
1223	95.	28.323	28.367	28.351	
1224	95.01	28.323	28.367	28.351	
1225	95.02	28.323	28.367	28.351	
1226	95.05	28.323	28.367	28.351	
1227	95.14	28.323	28.367	28.352	
1228	95.24	28.324	28.367	28.352	
1229	95.34	28.324	28.367	28.352	
1230	95.44	28.324	28.367	28.352	
1231	95.54	28.324	28.367	28.352	
1232	95.64	28.324	28.368	28.352	
1233	95.74	28.324	28.368	28.352	
1234	95.84	28.324	28.368	28.352	
1235	95.94	28.324	28.368	28.352	
1236	96.	28.324	28.368	28.352	
1237	96.01	28.324	28.368	28.352	
1238	96.02	28.324	28.368	28.352	
1239	96.05	28.324	28.368	28.352	
1240	96.14	28.324	28.368	28.352	
1241	96.24	28.324	28.368	28.352	
1242	96.34	28.324	28.368	28.352	
1243	96.44	28.324	28.368	28.352	
1244	96.54	28.324	28.368	28.352	
1245	96.64	28.324	28.368	28.352	
1246	96.74	28.324	28.368	28.352	
1247	96.84	28.324	28.368	28.352	
1248	96.94	28.324	28.368	28.352	
1249	97.	28.324	28.368	28.352	
1250	97.01	28.324	28.368	28.352	
1251	97.02	28.324	28.368	28.353	
1252	97.05	28.324	28.368	28.353	
1253	97.14	28.325	28.368	28.353	
1254	97.24	28.325	28.368	28.353	
1255	97.34	28.325	28.368	28.353	
1256	97.44	28.325	28.368	28.353	
1257	97.54	28.325	28.368	28.353	
1258	97.64	28.325	28.369	28.353	
1259	97.74	28.325	28.369	28.353	
1260	97.84	28.325	28.369	28.353	
1261	97.94	28.325	28.369	28.353	
1262	98.	28.325	28.369	28.353	
1263	98.01	28.325	28.369	28.353	
1264	98.02	28.325	28.369	28.353	
1265	98.05	28.325	28.369	28.353	
1266	98.14	28.325	28.369	28.353	
1267	98.24	28.325	28.369	28.353	
1268	98.34	28.325	28.369	28.353	
1269	98.44	28.325	28.369	28.353	
1270	98.54	28.325	28.369	28.353	
1271	98.64	28.325	28.369	28.353	
1272	98.74	28.325	28.369	28.353	
1273	98.84	28.325	28.369	28.353	
1274	98.94	28.325	28.369	28.354	
1275	99.	28.326	28.369	28.354	
1276	99.01	28.326	28.369	28.354	
1277	99.02	28.326	28.369	28.354	
1278	99.05	28.326	28.369	28.354	
1279	99.14	28.326	28.369	28.354	
1280	99.24	28.326	28.369	28.354	
1281	99.34	28.326	28.369	28.354	
1282	99.44	28.326	28.369	28.354	
1283	99.54	28.326	28.37	28.354	
1284	99.64	28.326	28.37	28.354	
1285	99.74	28.326	28.37	28.354	
1286	99.84	28.326	28.37	28.354	
1287	99.94	28.326	28.37	28.354	
1288	100.	28.326	28.37	28.354	
1289	100.01	28.326	28.37	28.354	
1290	100.02	28.326	28.37	28.354	
1291	100.05	28.326	28.37	28.354	
1292	100.14	28.326	28.37	28.354	
1293	100.24	28.326	28.37	28.354	
1294	100.34	28.326	28.37	28.354	
1295	100.44	28.326	28.37	28.354	
1296	100.54	28.326	28.37	28.354	
1297	100.64	28.326	28.37	28.354	
1298	100.74	28.326	28.37	28.354	
1299	100.84	28.327	28.37	28.355	
1300	100.94	28.327	28.37	28.355	
1301	101.	28.327	28.37	28.355	
1302	101.01	28.327	28.37	28.355	
1303	101.02	28.327	28.37	28.355	
1304	101.05	28.327	28.37	28.355	
1305	101.14	28.327	28.37	28.355	
1306	101.24	28.327	28.37	28.355	
1307	101.34	28.327	28.371	28.355	
1308	101.44	28.327	28.371	28.355	
1309	101.54	28.327	28.371	28.355	
1310	101.64	28.327	28.371	28.355	
1311	101.74	28.327	28.371	28.355	
1312	101.84	28.327	28.371	28.355	
1313	101.94	28.327	28.371	28.355	
1314	102.	28.327	28.371	28.355	
1315	102.01	28.327	28.371	28.355	
1316	102.02	28.327	28.371	28.355	
1317	102.05	28.327	28.371	28.355	
1318	102.14	28.327	28.371	28.355	
1319	102.24	28.327	28.371	28.355	
1320	102.34	28.327	28.371	28.355	
1321	102.44	28.327	28.371	28.355	
1322	102.54	28.327	28.371	28.355	
1323	102.64	28.327	28.371	28.355	
1324	102.74	28.328	28.371	28.356	
1325	102.84	28.328	28.371	28.356	
1326	102.94	28.328	28.371	28.356	
1327	103.	28.328	28.371	28.356	
1328	103.01	28.328	28.371	28.356	
1329	103.02	28.328	28.371	28.356	
1330	103.05	28.328	28.371	28.356	
1331	103.14	28.328	28.371	28.356	
1332	103.24	28.328	28.372	28.356	
1333	103.34	28.328	28.372	28.356	
1334	103.44	28.328	28.372	28.356	
1335	103.54	28.328	28.372	28.356	
1336	103.64	28.328	28.372	28.356	
1337	103.74	28.328	28.372	28.356	
1338	103.84	28.328	28.372	28.356	
1339	103.94	28.328	28.372	28.356	
1340	104.	28.328	28.372	28.356	
1341	104.01	28.328	28.372	28.356	
1342	104.02	28.328	28.372	28.356	
1343	104.05	28.328	28.372	28.356	
1344	104.14	28.328	28.372	28.356	
1345	104.24	28.328	28.372	28.356	
1346	104.34	28.328	28.372	28.356	
1347	104.44	28.328	28.372	28.356	
1348	104.54	28.329	28.372	28.357	
1349	104.64	28.329	28.372	28.357	
1350	104.74	28.329	28.372	28.357	
1351	104.84	28.329	28.372	28.357	
1352	104.94	28.329	28.372	28.357	
1353	105.	28.329	28.373	28.357	
1354	105.01	28.329	28.373	28.357	
1355	105.02	28.329	28.373	28.357	
1356	105.05	28.329	28.373	28.357	
1357	105.14	28.329	28.373	28.357	
1358	105.24	28.329	28.373	28.357	
1359	105.34	28.329	28.373	28.357	
1360	105.44	28.329	28.373	28.357	
1361	105.54	28.329	28.373	28.357	
1362	105.64	28.329	28.373	28.357	
1363	105.74	28.329	28.373	28.357	
1364	105.84	28.329	28.373	28.357	
1365	105.94	28.329	28.373	28.357	
1366	106.	28.329	28.373	28.357	
1367	106.01	28.329	28.373	28.357	
1368	106.02	28.329	28.373	28.357	
1369	106.05	28.329	28.373	28.357	
1370	106.14	28.329	28.373	28.357	
1371	106.24	28.329	28.373	28.357	
1372	106.34	28.33	28.373	28.358	
1373	106.44	28.33	28.373	28.358	
1374	106.54	28.33	28.373	28.358	
1375	106.64	28.33	28.373	28.358	
1376	106.74	28.33	28.373	28.358	
1377	106.84	28.33	28.374	28.358	
1378	106.94	28.33	28.374	28.358	
1379	107.	28.33	28.374	28.358	
1380	107.01	28.33	28.374	28.358	
1381	107.02	28.33	28.374	28.358	
1382	107.05	28.33	28.374	28.358	
1383	107.14	28.33	28.374	28.358	
1384	107.24	28.33	28.374	28.358	
1385	107.34	28.33	28.374	28.358	
1386	107.44	28.33	28.374	28.358	
1387	107.54	28.33	28.374	28.358	
1388	107.64	28.33	28.374	28.358	
1389	107.74	28.33	28.374	28.358	
1390	107.84	28.33	28.374	28.358	
1391	107.94	28.33	28.374	28.358	
1392	108.	28.33	28.374	28.358	
1393	108.01	28.33	28.374	28.358	
1394	108.02	28.33	28.374	28.358	
1395	108.05	28.33	28.374	28.359	
1396	108.14	28.331	28.374	28.359	
1397	108.24	28.331	28.374	28.359	
1398	108.34	28.331	28.374	28.359	
1399	108.44	28.331	28.374	28.359	
1400	108.54	28.331	28.374	28.359	
1401	108.64	28.331	28.375	28.359	
1402	108.74	28.331	28.375	28.359	
1403	108.84	28.331	28.375	28.359	
1404	108.94	28.331	28.375	28.359	
1405	109.	28.331	28.375	28.359	
1406	109.01	28.331	28.375	28.359	
1407	109.02	28.331	28.375	28.359	
1408	109.05	28.331	28.375	28.359	
1409	109.14	28.331	28.375	28.359	
1410	109.24	28.331	28.375	28.359	
1411	109.34	28.331	28.375	28.359	
1412	109.44	28.331	28.375	28.359	
1413	109.54	28.331	28.375	28.359	
1414	109.64	28.331	28.375	28.359	
1415	109.74	28.331	28.375	28.359	
1416	109.84	28.332	28.375	28.36	
1417	109.94	28.332	28.375	28.36	
1418	110.	28.332	28.375	28.36	
1419	110.01	28.332	28.375	28.36	
1420	110.02	28.332	28.375	28.36	
1421	110.05	28.332	28.375	28.36	
1422	110.14	28.332	28.375	28.36	
1423	110.24	28.332	28.375	28.36	
1424	110.34	28.332	28.376	28.36	
1425	110.44	28.332	28.376	28.36	
1426	110.54	28.332	28.376	28.36	
1427	110.64	28.332	28.376	28.36	
1428	110.74	28.332	28.376	28.36	
1429	110.84	28.332	28.376	28.36	
1430	110.94	28.332	28.376	28.36	
1431	111.	28.332	28.376	28.36	
1432	111.01	28.332	28.376	28.36	
1433	111.02	28.332	28.376	28.36	
1434	111.05	28.332	28.376	28.36	
1435	111.14	28.332	28.376	28.36	
1436	111.24	28.332	28.376	28.36	
1437	111.34	28.332	28.376	28.36	
1438	111.44	28.332	28.376	28.36	
1439	111.54	28.333	28.376	28.361	
1440	111.64	28.333	28.376	28.361	
1441	111.74	28.333	28.376	28.361	
1442	111.84	28.333	28.376	28.361	
1443	111.94	28.333	28.376	28.361	
1444	112.	28.333	28.376	28.361	
1445	112.01	28.333	28.376	28.361	
1446	112.02	28.333	28.377	28.361	
1447	112.05	28.333	28.377	28.361	
1448	112.14	28.333	28.377	28.361	
1449	112.24	28.333	28.377	28.361	
1450	112.34	28.333	28.377	28.361	
1451	112.44	28.333	28.377	28.361	
1452	112.54	28.333	28.377	28.361	
1453	112.64	28.333	28.377	28.361	
1454	112.74	28.333	28.377	28.361	
1455	112.84	28.333	28.377	28.361	
1456	112.94	28.333	28.377	28.361	
1457	113.	28.333	28.377	28.361	
1458	113.01	28.333	28.377	28.361	
1459	113.02	28.333	28.377	28.361	
1460	113.05	28.333	28.377	28.361	
1461	113.14	28.333	28.377	28.361	
1462	113.24	28.333	28.377	28.362	
1463	113.34	28.334	28.377	28.362	
1464	113.44	28.334	28.377	28.362	
1465	113.54	28.334	28.377	28.362	
1466	113.64	28.334	28.377	28.362	
1467	113.74	28.334	28.378	28.362	
1468	113.84	28.334	28.378	28.362	
1469	113.94	28.334	28.378	28.362	
1470	114.	28.334	28.378	28.362	
1471	114.01	28.334	28.378	28.362	
1472	114.02	28.334	28.378	28.362	
1473	114.05	28.334	28.378	28.362	
1474	114.14	28.334	28.378	28.362	
1475	114.24	28.334	28.378	28.362	
1476	114.34	28.334	28.378	28.362	
1477	114.44	28.334	28.378	28.362	
1478	114.54	28.334	28.378	28.362	
1479	114.64	28.334	28.378	28.362	
1480	114.74	28.334	28.378	28.362	
1481	114.84	28.334	28.378	28.362	
1482	114.94	28.335	28.378	28.363	
1483	115.	28.335	28.378	28.363	
1484	115.01	28.335	28.378	28.363	
1485	115.02	28.335	28.378	28.363	
1486	115.05	28.335	28.378	28.363	
1487	115.14	28.335	28.378	28.363	
1488	115.24	28.335	28.378	28.363	
1489	115.34	28.335	28.378	28.363	
1490	115.44	28.335	28.379	28.363	
1491	115.54	28.335	28.379	28.363	
1492	115.64	28.335	28.379	28.363	
1493	115.74	28.335	28.379	28.363	
1494	115.84	28.335	28.379	28.363	
1495	115.94	28.335	28.379	28.363	
1496	116.	28.335	28.379	28.363	
1497	116.01	28.335	28.379	28.363	
1498	116.02	28.335	28.379	28.363	
1499	116.05	28.335	28.379	28.363	
1500	116.14	28.335	28.379	28.363	
1501	116.24	28.335	28.379	28.363	
1502	116.34	28.335	28.379	28.363	
1503	116.44	28.335	28.379	28.363	
1504	116.54	28.335	28.379	28.363	
1505	116.64	28.336	28.379	28.364	
1506	116.74	28.336	28.379	28.364	
1507	116.84	28.336	28.379	28.364	
1508	116.94	28.336	28.379	28.364	
1509	117.	28.336	28.379	28.364	
1510	117.01	28.336	28.379	28.364	
1511	117.02	28.336	28.379	28.364	
1512	117.05	28.336	28.379	28.364	
1513	117.14	28.336	28.38	28.364	
1514	117.24	28.336	28.38	28.364	
1515	117.34	28.336	28.38	28.364	
1516	117.44	28.336	28.38	28.364	
1517	117.54	28.336	28.38	28.364	
1518	117.64	28.336	28.38	28.364	
1519	117.74	28.336	28.38	28.364	
1520	117.84	28.336	28.38	28.364	
1521	117.94	28.336	28.38	28.364	
1522	118.	28.336	28.38	28.364	
1523	118.01	28.336	28.38	28.364	
1524	118.02	28.336	28.38	28.364	
1525	118.05	28.336	28.38	28.364	
1526	118.14	28.336	28.38	28.364	
1527	118.24	28.336	28.38	28.364	
1528	118.34	28.337	28.38	28.365	
1529	118.44	28.337	28.38	28.365	
1530	118.54	28.337	28.38	28.365	
1531	118.64	28.337	28.38	28.365	
1532	118.74	28.337	28.381	28.365	
1533	118.84	28.337	28.381	28.365	
1534	118.94	28.337	28.381	28.365	
1535	119.	28.337	28.381	28.365	
1536	119.01	28.337	28.381	28.365	
1537	119.02	28.337	28.381	28.365	
1538	119.05	28.337	28.381	28.365	
1539	119.14	28.337	28.381	28.365	
1540	119.24	28.337	28.381	28.365	
1541	119.34	28.337	28.381	28.365	
1542	119.44	28.337	28.381	28.365	
1543	119.54	28.337	28.381	28.365	
1544	119.64	28.337	28.381	28.365	
1545	119.74	28.337	28.381	28.365	
1546	119.84	28.337	28.381	28.365	
1547	119.94	28.338	28.381	28.366	
1548	120.	28.338	28.381	28.366	
1549	120.01	28.338	28.381	28.366	
1550	120.02	28.338	28.381	28.366	
1551	120.05	28.338	28.381	28.366	
1552	120.14	28.338	28.381	28.366	
1553	120.24	28.338	28.381	28.366	
1554	120.34	28.338	28.381	28.366	
1555	120.44	28.338	28.382	28.366	
1556	120.54	28.338	28.382	28.366	
1557	120.64	28.338	28.382	28.366	
1558	120.74	28.338	28.382	28.366	
1559	120.84	28.338	28.382	28.366	
1560	120.94	28.338	28.382	28.366	
1561	121.	28.338	28.382	28.366	
1562	121.01	28.338	28.382	28.366	
1563	121.02	28.338	28.382	28.366	
1564	121.05	28.338	28.382	28.366	
1565	121.14	28.338	28.382	28.366	
1566	121.24	28.338	28.382	28.366	
1567	121.34	28.338	28.382	28.366	
1568	121.44	28.338	28.382	28.366	
1569	121.54	28.339	28.382	28.367	
1570	121.64	28.339	28.382	28.367	
1571	121.74	28.339	28.382	28.367	
1572	121.84	28.339	28.382	28.367	
1573	121.94	28.339	28.382	28.367	
1574	122.	28.339	28.383	28.367	
1575	122.01	28.339	28.383	28.367	
1576	122.02	28.339	28.383	28.367	
1577	122.05	28.339	28.383	28.367	
1578	122.14	28.339	28.383	28.367	
1579	122.24	28.339	28.383	28.367	
1580	122.34	28.339	28.383	28.367	
1581	122.44	28.339	28.383	28.367	
1582	122.54	28.339	28.383	28.367	
1583	122.64	28.339	28.383	28.367	
1584	122.74	28.339	28.383	28.367	
1585	122.84	28.339	28.383	28.367	
1586	122.94	28.339	28.383	28.367	
1587	123.	28.339	28.383	28.367	
1588	123.01	28.339	28.383	28.367	
1589	123.02	28.339	28.383	28.367	
1590	123.05	28.339	28.383	28.367	
1591	123.14	28.34	28.383	28.368	
1592	123.24	28.34	28.383	28.368	
1593	123.34	28.34	28.383	28.368	
1594	123.44	28.34	28.383	28.368	
1595	123.54	28.34	28.383	28.368	
1596	123.64	28.34	28.384	28.368	
1597	123.74	28.34	28.384	28.368	
1598	123.84	28.34	28.384	28.368	
1599	123.94	28.34	28.384	28.368	
1600	124.	28.34	28.384	28.368	
1601	124.01	28.34	28.384	28.368	
1602	124.02	28.34	28.384	28.368	
1603	124.05	28.34	28.384	28.368	
1604	124.14	28.34	28.384	28.368	
1605	124.24	28.34	28.384	28.368	
1606	124.34	28.34	28.384	28.368	
1607	124.44	28.34	28.384	28.368	
1608	124.54	28.34	28.384	28.368	
1609	124.64	28.34	28.384	28.368	
1610	124.74	28.341	28.384	28.369	
1611	124.84	28.341	28.384	28.369	
1612	124.94	28.341	28.384	28.369	
1613	125.	28.341	28.384	28.369	
1614	125.01	28.341	28.384	28.369	
1615	125.02	28.341	28.384	28.369	
1616	125.05	28.341	28.384	28.369	
1617	125.14	28.341	28.384	28.369	
1618	125.24	28.341	28.385	28.369	
1619	125.34	28.341	28.385	28.369	
1620	125.44	28.341	28.385	28.369	
1621	125.54	28.341	28.385	28.369	
1622	125.64	28.341	28.385	28.369	
1623	125.74	28.341	28.385	28.369	
1624	125.84	28.341	28.385	28.369	
1625	125.94	28.341	28.385	28.369	
1626	126.	28.341	28.385	28.369	
1627	126.01	28.341	28.385	28.369	
1628	126.02	28.341	28.385	28.369	
1629	126.05	28.341	28.385	28.369	
1630	126.14	28.341	28.385	28.369	
1631	126.24	28.341	28.385	28.369	
1632	126.34	28.342	28.385	28.37	
1633	126.44	28.342	28.385	28.37	
1634	126.54	28.342	28.385	28.37	
1635	126.64	28.342	28.385	28.37	
1636	126.74	28.342	28.385	28.37	
1637	126.84	28.342	28.386	28.37	
1638	126.94	28.342	28.386	28.37	
1639	127.	28.342	28.386	28.37	
1640	127.01	28.342	28.386	28.37	
1641	127.02	28.342	28.386	28.37	
1642	127.05	28.342	28.386	28.37	
1643	127.14	28.342	28.386	28.37	
1644	127.24	28.342	28.386	28.37	
1645	127.34	28.342	28.386	28.37	
1646	127.44	28.342	28.386	28.37	
1647	127.54	28.342	28.386	28.37	
1648	127.64	28.342	28.386	28.37	
1649	127.74	28.342	28.386	28.37	
1650	127.84	28.342	28.386	28.37	
1651	127.94	28.343	28.386	28.371	
1652	128.	28.343	28.386	28.371	
1653	128.01	28.343	28.386	28.371	
1654	128.02	28.343	28.386	28.371	
1655	128.05	28.343	28.386	28.371	
1656	128.14	28.343	28.386	28.371	
1657	128.24	28.343	28.386	28.371	
1658	128.34	28.343	28.387	28.371	
1659	128.44	28.343	28.387	28.371	
1660	128.54	28.343	28.387	28.371	
1661	128.64	28.343	28.387	28.371	
1662	128.74	28.343	28.387	28.371	
1663	128.84	28.343	28.387	28.371	
1664	128.94	28.343	28.387	28.371	
1665	129.	28.343	28.387	28.371	
1666	129.01	28.343	28.387	28.371	
1667	129.02	28.343	28.387	28.371	
1668	129.05	28.343	28.387	28.371	
1669	129.14	28.343	28.387	28.371	
1670	129.24	28.343	28.387	28.371	
1671	129.34	28.343	28.387	28.371	
1672	129.44	28.344	28.387	28.372	
1673	129.54	28.344	28.387	28.372	
1674	129.64	28.344	28.387	28.372	
1675	129.74	28.344	28.387	28.372	
1676	129.84	28.344	28.387	28.372	
1677	129.94	28.344	28.388	28.372	
1678	130.	28.344	28.388	28.372	
1679	130.01	28.344	28.388	28.372	
1680	130.02	28.344	28.388	28.372	
1681	130.05	28.344	28.388	28.372	
1682	130.14	28.344	28.388	28.372	
1683	130.24	28.344	28.388	28.372	
1684	130.34	28.344	28.388	28.372	
1685	130.44	28.344	28.388	28.372	
1686	130.54	28.344	28.388	28.372	
1687	130.64	28.344	28.388	28.372	
1688	130.74	28.344	28.388	28.372	
1689	130.84	28.344	28.388	28.372	
1690	130.94	28.344	28.388	28.372	
1691	131.	28.345	28.388	28.373	
1692	131.01	28.345	28.388	28.373	
1693	131.02	28.345	28.388	28.373	
1694	131.05	28.345	28.388	28.373	
1695	131.14	28.345	28.388	28.373	
1696	131.24	28.345	28.388	28.373	
1697	131.34	28.345	28.388	28.373	
1698	131.44	28.345	28.389	28.373	
1699	131.54	28.345	28.389	28.373	
1700	131.64	28.345	28.389	28.373	
1701	131.74	28.345	28.389	28.373	
1702	131.84	28.345	28.389	28.373	
1703	131.94	28.345	28.389	28.373	
1704	132.	28.345	28.389	28.373	
1705	132.01	28.345	28.389	28.373	
1706	132.02	28.345	28.389	28.373	
1707	132.05	28.345	28.389	28.373	
1708	132.14	28.345	28.389	28.373	
1709	132.24	28.345	28.389	28.373	
1710	132.34	28.345	28.389	28.373	
1711	132.44	28.345	28.389	28.373	
1712	132.54	28.346	28.389	28.374	
1713	132.64	28.346	28.389	28.374	
1714	132.74	28.346	28.389	28.374	
1715	132.84	28.346	28.389	28.374	
1716	132.94	28.346	28.39	28.374	
1717	133.	28.346	28.39	28.374	
1718	133.01	28.346	28.39	28.374	
1719	133.02	28.346	28.39	28.374	
1720	133.05	28.346	28.39	28.374	
1721	133.14	28.346	28.39	28.374	
1722	133.24	28.346	28.39	28.374	
1723	133.34	28.346	28.39	28.374	
1724	133.44	28.346	28.39	28.374	
1725	133.54	28.346	28.39	28.374	
1726	133.64	28.346	28.39	28.374	
1727	133.74	28.346	28.39	28.374	
1728	133.84	28.346	28.39	28.374	
1729	133.94	28.346	28.39	28.374	
1730	134.	28.347	28.39	28.375	
1731	134.01	28.347	28.39	28.375	
1732	134.02	28.347	28.39	28.375	
1733	134.05	28.347	28.39	28.375	
1734	134.14	28.347	28.39	28.375	
1735	134.24	28.347	28.39	28.375	
1736	134.34	28.347	28.39	28.375	
1737	134.44	28.347	28.391	28.375	
1738	134.54	28.347	28.391	28.375	
1739	134.64	28.347	28.391	28.375	
1740	134.74	28.347	28.391	28.375	
1741	134.84	28.347	28.391	28.375	
1742	134.94	28.347	28.391	28.375	
1743	135.	28.347	28.391	28.375	
1744	135.01	28.347	28.391	28.375	
1745	135.02	28.347	28.391	28.375	
1746	135.05	28.347	28.391	28.375	
1747	135.14	28.347	28.391	28.375	
1748	135.24	28.347	28.391	28.375	
1749	135.34	28.347	28.391	28.375	
1750	135.44	28.347	28.391	28.375	
1751	135.54	28.348	28.391	28.376	
1752	135.64	28.348	28.391	28.376	
1753	135.74	28.348	28.391	28.376	
1754	135.84	28.348	28.391	28.376	
1755	135.94	28.348	28.392	28.376	
1756	136.	28.348	28.392	28.376	
1757	136.01	28.348	28.392	28.376	
1758	136.02	28.348	28.392	28.376	
1759	136.05	28.348	28.392	28.376	
1760	136.14	28.348	28.392	28.376	
1761	136.24	28.348	28.392	28.376	
1762	136.34	28.348	28.392	28.376	
1763	136.44	28.348	28.392	28.376	
1764	136.54	28.348	28.392	28.376	
1765	136.64	28.348	28.392	28.376	
1766	136.74	28.348	28.392	28.376	
1767	136.84	28.348	28.392	28.376	
1768	136.94	28.348	28.392	28.376	
1769	137.	28.349	28.392	28.377	
1770	137.01	28.349	28.392	28.377	
1771	137.02	28.349	28.392	28.377	
1772	137.05	28.349	28.392	28.377	
1773	137.14	28.349	28.392	28.377	
1774	137.24	28.349	28.392	28.377	
1775	137.34	28.349	28.392	28.377	
1776	137.44	28.349	28.393	28.377	
1777	137.54	28.349	28.393	28.377	
1778	137.64	28.349	28.393	28.377	
1779	137.74	28.349	28.393	28.377	
1780	137.84	28.349	28.393	28.377	
1781	137.94	28.349	28.393	28.377	
1782	138.	28.349	28.393	28.377	
1783	138.01	28.349	28.393	28.377	
1784	138.02	28.349	28.393	28.377	
1785	138.05	28.349	28.393	28.377	
1786	138.14	28.349	28.393	28.377	
1787	138.24	28.349	28.393	28.377	
1788	138.34	28.349	28.393	28.377	
1789	138.44	28.349	28.393	28.377	
1790	138.54	28.35	28.393	28.378	
1791	138.64	28.35	28.393	28.378	
1792	138.74	28.35	28.393	28.378	
1793	138.84	28.35	28.393	28.378	
1794	138.94	28.35	28.394	28.378	
1795	139.	28.35	28.394	28.378	
1796	139.01	28.35	28.394	28.378	
1797	139.02	28.35	28.394	28.378	
1798	139.05	28.35	28.394	28.378	
1799	139.14	28.35	28.394	28.378	
1800	139.24	28.35	28.394	28.378	
1801	139.34	28.35	28.394	28.378	
1802	139.44	28.35	28.394	28.378	
1803	139.54	28.35	28.394	28.378	
1804	139.64	28.35	28.394	28.378	
1805	139.74	28.35	28.394	28.378	
1806	139.84	28.35	28.394	28.378	
1807	139.94	28.35	28.394	28.379	
1808	140.	28.351	28.394	28.379	
1809	140.01	28.351	28.394	28.379	
1810	140.02	28.351	28.394	28.379	
1811	140.05	28.351	28.394	28.379	
1812	140.14	28.351	28.394	28.379	
1813	140.24	28.351	28.394	28.379	
1814	140.34	28.351	28.394	28.379	
1815	140.44	28.351	28.395	28.379	
1816	140.54	28.351	28.395	28.379	
1817	140.64	28.351	28.395	28.379	
1818	140.74	28.351	28.395	28.379	
1819	140.84	28.351	28.395	28.379	
1820	140.94	28.351	28.395	28.379	
1821	141.	28.351	28.395	28.379	
1822	141.01	28.351	28.395	28.379	
1823	141.02	28.351	28.395	28.379	
1824	141.05	28.351	28.395	28.379	
1825	141.14	28.351	28.395	28.379	
1826	141.24	28.351	28.395	28.379	
1827	141.34	28.351	28.395	28.379	
1828	141.44	28.352	28.395	28.38	
1829	141.54	28.352	28.395	28.38	
1830	141.64	28.352	28.395	28.38	
1831	141.74	28.352	28.395	28.38	
1832	141.84	28.352	28.396	28.38	
1833	141.94	28.352	28.396	28.38	
1834	142.	28.352	28.396	28.38	
1835	142.01	28.352	28.396	28.38	
1836	142.02	28.352	28.396	28.38	
1837	142.05	28.352	28.396	28.38	
1838	142.14	28.352	28.396	28.38	
1839	142.24	28.352	28.396	28.38	
1840	142.34	28.352	28.396	28.38	
1841	142.44	28.352	28.396	28.38	
1842	142.54	28.352	28.396	28.38	
1843	142.64	28.352	28.396	28.38	
1844	142.74	28.352	28.396	28.38	
1845	142.84	28.352	28.396	28.38	
1846	142.94	28.353	28.396	28.381	
1847	143.	28.353	28.396	28.381	
1848	143.01	28.353	28.396	28.381	
1849	143.02	28.353	28.396	28.381	
1850	143.05	28.353	28.396	28.381	
1851	143.14	28.353	28.396	28.381	
1852	143.24	28.353	28.396	28.381	
1853	143.34	28.353	28.397	28.381	
1854	143.44	28.353	28.397	28.381	
1855	143.54	28.353	28.397	28.381	
1856	143.64	28.353	28.397	28.381	
1857	143.74	28.353	28.397	28.381	
1858	143.84	28.353	28.397	28.381	
1859	143.94	28.353	28.397	28.381	
1860	144.	28.353	28.397	28.381	
1861	144.01	28.353	28.397	28.381	
1862	144.02	28.353	28.397	28.381	
1863	144.05	28.353	28.397	28.381	
1864	144.14	28.353	28.397	28.381	
1865	144.24	28.353	28.397	28.381	
1866	144.34	28.354	28.397	28.382	
1867	144.44	28.354	28.397	28.382	
1868	144.54	28.354	28.397	28.382	
1869	144.64	28.354	28.397	28.382	
1870	144.74	28.354	28.398	28.382	
1871	144.84	28.354	28.398	28.382	
1872	144.94	28.354	28.398	28.382	
1873	145.	28.354	28.398	28.382	
1874	145.01	28.354	28.398	28.382	
1875	145.02	28.354	28.398	28.382	
1876	145.05	28.354	28.398	28.382	
1877	145.14	28.354	28.398	28.382	
1878	145.24	28.354	28.398	28.382	
1879	145.34	28.354	28.398	28.382	
1880	145.44	28.354	28.398	28.382	
1881	145.54	28.354	28.398	28.382	
1882	145.64	28.354	28.398	28.382	
1883	145.74	28.354	28.398	28.383	
1884	145.84	28.355	28.398	28.383	
1885	145.94	28.355	28.398	28.383	
1886	146.	28.355	28.398	28.383	
1887	146.01	28.355	28.398	28.383	
1888	146.02	28.355	28.398	28.383	
1889	146.05	28.355	28.398	28.383	
1890	146.14	28.355	28.398	28.383	
1891	146.24	28.355	28.399	28.383	
1892	146.34	28.355	28.399	28.383	
1893	146.44	28.355	28.399	28.383	
1894	146.54	28.355	28.399	28.383	
1895	146.64	28.355	28.399	28.383	
1896	146.74	28.355	28.399	28.383	
1897	146.84	28.355	28.399	28.383	
1898	146.94	28.355	28.399	28.383	
1899	147.	28.355	28.399	28.383	
1900	147.01	28.355	28.399	28.383	
1901	147.02	28.355	28.399	28.383	
1902	147.05	28.355	28.399	28.383	
1903	147.14	28.355	28.399	28.383	
1904	147.24	28.356	28.399	28.384	
1905	147.34	28.356	28.399	28.384	
1906	147.44	28.356	28.399	28.384	
1907	147.54	28.356	28.399	28.384	
1908	147.64	28.356	28.4	28.384	
1909	147.74	28.356	28.4	28.384	
1910	147.84	28.356	28.4	28.384	
1911	147.94	28.356	28.4	28.384	
1912	148.	28.356	28.4	28.384	
1913	148.01	28.356	28.4	28.384	
1914	148.02	28.356	28.4	28.384	
1915	148.05	28.356	28.4	28.384	
1916	148.14	28.356	28.4	28.384	
1917	148.24	28.356	28.4	28.384	
1918	148.34	28.356	28.4	28.384	
1919	148.44	28.356	28.4	28.384	
1920	148.54	28.356	28.4	28.384	
1921	148.64	28.357	28.4	28.385	
1922	148.74	28.357	28.4	28.385	
1923	148.84	28.357	28.4	28.385	
1924	148.94	28.357	28.4	28.385	
1925	149.	28.357	28.401	28.385	
1926	149.01	28.357	28.401	28.385	
1927	149.02	28.357	28.401	28.385	
1928	149.05	28.357	28.401	28.385	
1929	149.14	28.357	28.401	28.385	
1930	149.24	28.357	28.401	28.385	
1931	149.34	28.357	28.401	28.385	
1932	149.44	28.357	28.401	28.385	
1933	149.54	28.357	28.401	28.385	
1934	149.64	28.357	28.401	28.385	
1935	149.74	28.357	28.401	28.385	
1936	149.84	28.357	28.401	28.385	
1937	149.94	28.357	28.401	28.385	
1938	150.	28.358	28.401	28.386	
1939	150.01	28.358	28.401	28.386	
1940	150.02	28.358	28.401	28.386	
1941	150.05	28.358	28.401	28.386	
1942	150.14	28.358	28.401	28.386	
1943	150.24	28.358	28.401	28.386	
1944	150.34	28.358	28.401	28.386	
1945	150.44	28.358	28.402	28.386	
1946	150.54	28.358	28.402	28.386	
1947	150.64	28.358	28.402	28.386	
1948	150.74	28.358	28.402	28.386	
1949	150.84	28.358	28.402	28.386	
1950	150.94	28.358	28.402	28.386	
1951	151.	28.358	28.402	28.386	
1952	151.01	28.358	28.402	28.386	
1953	151.02	28.358	28.402	28.386	
1954	151.05	28.358	28.402	28.386	
1955	151.14	28.358	28.402	28.386	
1956	151.24	28.358	28.402	28.386	
1957	151.34	28.358	28.402	28.386	
1958	151.44	28.359	28.402	28.387	
1959	151.54	28.359	28.402	28.387	
1960	151.64	28.359	28.402	28.387	
1961	151.74	28.359	28.402	28.387	
1962	151.84	28.359	28.403	28.387	
1963	151.94	28.359	28.403	28.387	
1964	152.	28.359	28.403	28.387	
1965	152.01	28.359	28.403	28.387	
1966	152.02	28.359	28.403	28.387	
1967	152.05	28.359	28.403	28.387	
1968	152.14	28.359	28.403	28.387	
1969	152.24	28.359	28.403	28.387	
1970	152.34	28.359	28.403	28.387	
1971	152.44	28.359	28.403	28.387	
1972	152.54	28.359	28.403	28.387	
1973	152.64	28.359	28.403	28.387	
1974	152.74	28.359	28.403	28.387	
1975	152.84	28.36	28.403	28.388	
1976	152.94	28.36	28.403	28.388	
1977	153.	28.36	28.403	28.388	
1978	153.01	28.36	28.403	28.388	
1979	153.02	28.36	28.403	28.388	
1980	153.05	28.36	28.403	28.388	
1981	153.14	28.36	28.403	28.388	
1982	153.24	28.36	28.404	28.388	
1983	153.34	28.36	28.404	28.388	
1984	153.44	28.36	28.404	28.388	
1985	153.54	28.36	28.404	28.388	
1986	153.64	28.36	28.404	28.388	
1987	153.74	28.36	28.404	28.388	
1988	153.84	28.36	28.404	28.388	
1989	153.94	28.36	28.404	28.388	
1990	154.	28.36	28.404	28.388	
1991	154.01	28.36	28.404	28.388	
1992	154.02	28.36	28.404	28.388	
1993	154.05	28.36	28.404	28.388	
1994	154.14	28.36	28.404	28.388	
1995	154.24	28.361	28.404	28.389	
1996	154.34	28.361	28.404	28.389	
1997	154.44	28.361	28.404	28.389	
1998	154.54	28.361	28.404	28.389	
1999	154.64	28.361	28.405	28.389	
2000	154.74	28.361	28.405	28.389	
2001	154.84	28.361	28.405	28.389	
2002	154.94	28.361	28.405	28.389	
2003	155.	28.361	28.405	28.389	
2004	155.01	28.361	28.405	28.389	
2005	155.02	28.361	28.405	28.389	
2006	155.05	28.361	28.405	28.389	
2007	155.14	28.361	28.405	28.389	
2008	155.24	28.361	28.405	28.389	
2009	155.34	28.361	28.405	28.389	
2010	155.44	28.361	28.405	28.389	
2011	155.54	28.361	28.405	28.389	
2012	155.64	28.362	28.405	28.39	
2013	155.74	28.362	28.405	28.39	
2014	155.84	28.362	28.405	28.39	
2015	155.94	28.362	28.406	28.39	
2016	156.	28.362	28.406	28.39	
2017	156.01	28.362	28.406	28.39	
2018	156.02	28.362	28.406	28.39	
2019	156.05	28.362	28.406	28.39	
2020	156.14	28.362	28.406	28.39	
2021	156.24	28.362	28.406	28.39	
2022	156.34	28.362	28.406	28.39	
2023	156.44	28.362	28.406	28.39	
2024	156.54	28.362	28.406	28.39	
2025	156.64	28.362	28.406	28.39	
2026	156.74	28.362	28.406	28.39	
2027	156.84	28.362	28.406	28.39	
2028	156.94	28.363	28.406	28.391	
2029	157.	28.363	28.406	28.391	
2030	157.01	28.363	28.406	28.391	
2031	157.02	28.363	28.406	28.391	
2032	157.05	28.363	28.406	28.391	
2033	157.14	28.363	28.406	28.391	
2034	157.24	28.363	28.406	28.391	
2035	157.34	28.363	28.407	28.391	
2036	157.44	28.363	28.407	28.391	
2037	157.54	28.363	28.407	28.391	
2038	157.64	28.363	28.407	28.391	
2039	157.74	28.363	28.407	28.391	
2040	157.84	28.363	28.407	28.391	
2041	157.94	28.363	28.407	28.391	
2042	158.	28.363	28.407	28.391	
2043	158.01	28.363	28.407	28.391	
2044	158.02	28.363	28.407	28.391	
2045	158.05	28.363	28.407	28.391	
2046	158.14	28.363	28.407	28.391	
2047	158.24	28.363	28.407	28.391	
2048	158.34	28.364	28.407	28.392	
2049	158.44	28.364	28.407	28.392	
2050	158.54	28.364	28.407	28.392	
2051	158.64	28.364	28.407	28.392	
2052	158.74	28.364	28.408	28.392	
2053	158.84	28.364	28.408	28.392	
2054	158.94	28.364	28.408	28.392	
2055	159.	28.364	28.408	28.392	
2056	159.01	28.364	28.408	28.392	
2057	159.02	28.364	28.408	28.392	
2058	159.05	28.364	28.408	28.392	
2059	159.14	28.364	28.408	28.392	
2060	159.24	28.364	28.408	28.392	
2061	159.34	28.364	28.408	28.392	
2062	159.44	28.364	28.408	28.392	
2063	159.54	28.364	28.408	28.392	
2064	159.64	28.364	28.408	28.393	
2065	159.74	28.365	28.408	28.393	
2066	159.84	28.365	28.408	28.393	
2067	159.94	28.365	28.408	28.393	
2068	160.	28.365	28.408	28.393	
2069	160.01	28.365	28.408	28.393	
2070	160.02	28.365	28.408	28.393	
2071	160.05	28.365	28.409	28.393	
2072	160.14	28.365	28.409	28.393	
2073	160.24	28.365	28.409	28.393	
2074	160.34	28.365	28.409	28.393	
2075	160.44	28.365	28.409	28.393	
2076	160.54	28.365	28.409	28.393	
2077	160.64	28.365	28.409	28.393	
2078	160.74	28.365	28.409	28.393	
2079	160.84	28.365	28.409	28.393	
2080	160.94	28.365	28.409	28.393	
2081	161.	28.365	28.409	28.394	
2082	161.01	28.365	28.409	28.394	
2083	161.02	28.366	28.409	28.394	
2084	161.05	28.366	28.409	28.394	
2085	161.14	28.366	28.409	28.394	
2086	161.24	28.366	28.409	28.394	
2087	161.34	28.366	28.409	28.394	
2088	161.44	28.366	28.41	28.394	
2089	161.54	28.366	28.41	28.394	
2090	161.64	28.366	28.41	28.394	
2091	161.74	28.366	28.41	28.394	
2092	161.84	28.366	28.41	28.394	
2093	161.94	28.366	28.41	28.394	
2094	162.	28.366	28.41	28.394	
2095	162.01	28.366	28.41	28.394	
2096	162.02	28.366	28.41	28.394	
2097	162.05	28.366	28.41	28.394	
2098	162.14	28.366	28.41	28.394	
2099	162.24	28.366	28.41	28.394	
2100	162.34	28.366	28.41	28.395	
2101	162.44	28.367	28.41	28.395	
2102	162.54	28.367	28.41	28.395	
2103	162.64	28.367	28.41	28.395	
2104	162.74	28.367	28.411	28.395	
2105	162.84	28.367	28.411	28.395	
2106	162.94	28.367	28.411	28.395	
2107	163.	28.367	28.411	28.395	
2108	163.01	28.367	28.411	28.395	
2109	163.02	28.367	28.411	28.395	
2110	163.05	28.367	28.411	28.395	
2111	163.14	28.367	28.411	28.395	
2112	163.24	28.367	28.411	28.395	
2113	163.34	28.367	28.411	28.395	
2114	163.44	28.367	28.411	28.395	
2115	163.54	28.367	28.411	28.395	
2116	163.64	28.367	28.411	28.395	
2117	163.74	28.368	28.411	28.396	
2118	163.84	28.368	28.411	28.396	
2119	163.94	28.368	28.411	28.396	
2120	164.	28.368	28.411	28.396	
2121	164.01	28.368	28.411	28.396	
2122	164.02	28.368	28.411	28.396	
2123	164.05	28.368	28.412	28.396	
2124	164.14	28.368	28.412	28.396	
2125	164.24	28.368	28.412	28.396	
2126	164.34	28.368	28.412	28.396	
2127	164.44	28.368	28.412	28.396	
2128	164.54	28.368	28.412	28.396	
2129	164.64	28.368	28.412	28.396	
2130	164.74	28.368	28.412	28.396	
2131	164.84	28.368	28.412	28.396	
2132	164.94	28.368	28.412	28.396	
2133	165.	28.368	28.412	28.396	
2134	165.01	28.368	28.412	28.397	
2135	165.02	28.368	28.412	28.397	
2136	165.05	28.369	28.412	28.397	
2137	165.14	28.369	28.412	28.397	
2138	165.24	28.369	28.412	28.397	
2139	165.34	28.369	28.412	28.397	
2140	165.44	28.369	28.413	28.397	
2141	165.54	28.369	28.413	28.397	
2142	165.64	28.369	28.413	28.397	
2143	165.74	28.369	28.413	28.397	
2144	165.84	28.369	28.413	28.397	
2145	165.94	28.369	28.413	28.397	
2146	166.	28.369	28.413	28.397	
2147	166.01	28.369	28.413	28.397	
2148	166.02	28.369	28.413	28.397	
2149	166.05	28.369	28.413	28.397	
2150	166.14	28.369	28.413	28.397	
2151	166.24	28.369	28.413	28.397	
2152	166.34	28.369	28.413	28.398	
2153	166.44	28.37	28.413	28.398	
2154	166.54	28.37	28.413	28.398	
2155	166.64	28.37	28.413	28.398	
2156	166.74	28.37	28.414	28.398	
2157	166.84	28.37	28.414	28.398	
2158	166.94	28.37	28.414	28.398	
2159	167.	28.37	28.414	28.398	
2160	167.01	28.37	28.414	28.398	
2161	167.02	28.37	28.414	28.398	
2162	167.05	28.37	28.414	28.398	
2163	167.14	28.37	28.414	28.398	
2164	167.24	28.37	28.414	28.398	
2165	167.34	28.37	28.414	28.398	
2166	167.44	28.37	28.414	28.398	
2167	167.54	28.37	28.414	28.398	
2168	167.64	28.37	28.414	28.398	
2169	167.74	28.371	28.414	28.399	
2170	167.84	28.371	28.414	28.399	
2171	167.94	28.371	28.414	28.399	
2172	168.	28.371	28.414	28.399	
2173	168.01	28.371	28.414	28.399	
2174	168.02	28.371	28.415	28.399	
2175	168.05	28.371	28.415	28.399	
2176	168.14	28.371	28.415	28.399	
2177	168.24	28.371	28.415	28.399	
2178	168.34	28.371	28.415	28.399	
2179	168.44	28.371	28.415	28.399	
2180	168.54	28.371	28.415	28.399	
2181	168.64	28.371	28.415	28.399	
2182	168.74	28.371	28.415	28.399	
2183	168.84	28.371	28.415	28.399	
2184	168.94	28.371	28.415	28.399	
2185	169.	28.371	28.415	28.4	
2186	169.01	28.372	28.415	28.4	
2187	169.02	28.372	28.415	28.4	
2188	169.05	28.372	28.415	28.4	
2189	169.14	28.372	28.415	28.4	
2190	169.24	28.372	28.415	28.4	
2191	169.34	28.372	28.416	28.4	
2192	169.44	28.372	28.416	28.4	
2193	169.54	28.372	28.416	28.4	
2194	169.64	28.372	28.416	28.4	
2195	169.74	28.372	28.416	28.4	
2196	169.84	28.372	28.416	28.4	
2197	169.94	28.372	28.416	28.4	
2198	170.	28.372	28.416	28.4	
2199	170.01	28.372	28.416	28.4	
2200	170.02	28.372	28.416	28.4	
2201	170.05	28.372	28.416	28.4	
2202	170.14	28.372	28.416	28.4	
2203	170.24	28.372	28.416	28.4	
2204	170.34	28.373	28.416	28.401	
2205	170.44	28.373	28.416	28.401	
2206	170.54	28.373	28.416	28.401	
2207	170.64	28.373	28.417	28.401	
2208	170.74	28.373	28.417	28.401	
2209	170.84	28.373	28.417	28.401	
2210	170.94	28.373	28.417	28.401	
2211	171.	28.373	28.417	28.401	
2212	171.01	28.373	28.417	28.401	
2213	171.02	28.373	28.417	28.401	
2214	171.05	28.373	28.417	28.401	
2215	171.14	28.373	28.417	28.401	
2216	171.24	28.373	28.417	28.401	
2217	171.34	28.373	28.417	28.401	
2218	171.44	28.373	28.417	28.401	
2219	171.54	28.373	28.417	28.401	
2220	171.64	28.374	28.417	28.402	
2221	171.74	28.374	28.417	28.402	
2222	171.84	28.374	28.417	28.402	
2223	171.94	28.374	28.418	28.402	
2224	172.	28.374	28.418	28.402	
2225	172.01	28.374	28.418	28.402	
2226	172.02	28.374	28.418	28.402	
2227	172.05	28.374	28.418	28.402	
2228	172.14	28.374	28.418	28.402	
2229	172.24	28.374	28.418	28.402	
2230	172.34	28.374	28.418	28.402	
2231	172.44	28.374	28.418	28.402	
2232	172.54	28.374	28.418	28.402	
2233	172.64	28.374	28.418	28.402	
2234	172.74	28.374	28.418	28.402	
2235	172.84	28.374	28.418	28.402	
2236	172.94	28.375	28.418	28.403	
2237	173.	28.375	28.418	28.403	
2238	173.01	28.375	28.418	28.403	
2239	173.02	28.375	28.418	28.403	
2240	173.05	28.375	28.418	28.403	
2241	173.14	28.375	28.418	28.403	
2242	173.24	28.375	28.419	28.403	
2243	173.34	28.375	28.419	28.403	
2244	173.44	28.375	28.419	28.403	
2245	173.54	28.375	28.419	28.403	
2246	173.64	28.375	28.419	28.403	
2247	173.74	28.375	28.419	28.403	
2248	173.84	28.375	28.419	28.403	
2249	173.94	28.375	28.419	28.403	
2250	174.	28.375	28.419	28.403	
2251	174.01	28.375	28.419	28.403	
2252	174.02	28.375	28.419	28.403	
2253	174.05	28.375	28.419	28.403	
2254	174.14	28.375	28.419	28.403	
2255	174.24	28.376	28.419	28.404	
2256	174.34	28.376	28.419	28.404	
2257	174.44	28.376	28.419	28.404	
2258	174.54	28.376	28.42	28.404	
2259	174.64	28.376	28.42	28.404	
2260	174.74	28.376	28.42	28.404	
2261	174.84	28.376	28.42	28.404	
2262	174.94	28.376	28.42	28.404	
2263	175.	28.376	28.42	28.404	
2264	175.01	28.376	28.42	28.404	
2265	175.02	28.376	28.42	28.404	
2266	175.05	28.376	28.42	28.404	
2267	175.14	28.376	28.42	28.404	
2268	175.24	28.376	28.42	28.404	
2269	175.34	28.376	28.42	28.404	
2270	175.44	28.376	28.42	28.404	
2271	175.54	28.377	28.42	28.405	
2272	175.64	28.377	28.42	28.405	
2273	175.74	28.377	28.42	28.405	
2274	175.84	28.377	28.421	28.405	
2275	175.94	28.377	28.421	28.405	
2276	176.	28.377	28.421	28.405	
2277	176.01	28.377	28.421	28.405	
2278	176.02	28.377	28.421	28.405	
2279	176.05	28.377	28.421	28.405	
2280	176.14	28.377	28.421	28.405	
2281	176.24	28.377	28.421	28.405	
2282	176.34	28.377	28.421	28.405	
2283	176.44	28.377	28.421	28.405	
2284	176.54	28.377	28.421	28.405	
2285	176.64	28.377	28.421	28.405	
2286	176.74	28.377	28.421	28.406	
2287	176.84	28.378	28.421	28.406	
2288	176.94	28.378	28.421	28.406	
2289	177.	28.378	28.421	28.406	
2290	177.01	28.378	28.421	28.406	
2291	177.02	28.378	28.421	28.406	
2292	177.05	28.378	28.421	28.406	
2293	177.14	28.378	28.422	28.406	
2294	177.24	28.378	28.422	28.406	
2295	177.34	28.378	28.422	28.406	
2296	177.44	28.378	28.422	28.406	
2297	177.54	28.378	28.422	28.406	
2298	177.64	28.378	28.422	28.406	
2299	177.74	28.378	28.422	28.406	
2300	177.84	28.378	28.422	28.406	
2301	177.94	28.378	28.422	28.406	
2302	178.	28.378	28.422	28.406	
2303	178.01	28.378	28.422	28.406	
2304	178.02	28.378	28.422	28.407	
2305	178.05	28.378	28.422	28.407	
2306	178.14	28.379	28.422	28.407	
2307	178.24	28.379	28.422	28.407	
2308	178.34	28.379	28.422	28.407	
2309	178.44	28.379	28.423	28.407	
2310	178.54	28.379	28.423	28.407	
2311	178.64	28.379	28.423	28.407	
2312	178.74	28.379	28.423	28.407	
2313	178.84	28.379	28.423	28.407	
2314	178.94	28.379	28.423	28.407	
2315	179.	28.379	28.423	28.407	
2316	179.01	28.379	28.423	28.407	
2317	179.02	28.379	28.423	28.407	
2318	179.05	28.379	28.423	28.407	
2319	179.14	28.379	28.423	28.407	
2320	179.24	28.379	28.423	28.407	
2321	179.34	28.379	28.423	28.408	
2322	179.44	28.38	28.423	28.408	
2323	179.54	28.38	28.423	28.408	
2324	179.64	28.38	28.424	28.408	
2325	179.74	28.38	28.424	28.408	
2326	179.84	28.38	28.424	28.408	
2327	179.94	28.38	28.424	28.408	
2328	180.	28.38	28.424	28.408	
2329	180.01	28.38	28.424	28.408	
2330	180.02	28.38	28.424	28.408	
2331	180.05	28.38	28.424	28.408	
2332	180.14	28.38	28.424	28.408	
2333	180.24	28.38	28.424	28.408	
2334	180.34	28.38	28.424	28.408	
2335	180.44	28.38	28.424	28.408	
2336	180.54	28.38	28.424	28.408	
2337	180.64	28.381	28.424	28.409	
2338	180.74	28.381	28.424	28.409	
2339	180.84	28.381	28.424	28.409	
2340	180.94	28.381	28.425	28.409	
2341	181.	28.381	28.425	28.409	
2342	181.01	28.381	28.425	28.409	
2343	181.02	28.381	28.425	28.409	
2344	181.05	28.381	28.425	28.409	
2345	181.14	28.381	28.425	28.409	
2346	181.24	28.381	28.425	28.409	
2347	181.34	28.381	28.425	28.409	
2348	181.44	28.381	28.425	28.409	
2349	181.54	28.381	28.425	28.409	
2350	181.64	28.381	28.425	28.409	
2351	181.74	28.381	28.425	28.409	
2352	181.84	28.381	28.425	28.41	
2353	181.94	28.382	28.425	28.41	
2354	182.	28.382	28.425	28.41	
2355	182.01	28.382	28.425	28.41	
2356	182.02	28.382	28.425	28.41	
2357	182.05	28.382	28.425	28.41	
2358	182.14	28.382	28.425	28.41	
2359	182.24	28.382	28.426	28.41	
2360	182.34	28.382	28.426	28.41	
2361	182.44	28.382	28.426	28.41	
2362	182.54	28.382	28.426	28.41	
2363	182.64	28.382	28.426	28.41	
2364	182.74	28.382	28.426	28.41	
2365	182.84	28.382	28.426	28.41	
2366	182.94	28.382	28.426	28.41	
2367	183.	28.382	28.426	28.41	
2368	183.01	28.382	28.426	28.41	
2369	183.02	28.382	28.426	28.41	
2370	183.05	28.382	28.426	28.41	
2371	183.14	28.382	28.426	28.411	
2372	183.24	28.383	28.426	28.411	
2373	183.34	28.383	28.426	28.411	
2374	183.44	28.383	28.427	28.411	
2375	183.54	28.383	28.427	28.411	
2376	183.64	28.383	28.427	28.411	
2377	183.74	28.383	28.427	28.411	
2378	183.84	28.383	28.427	28.411	
2379	183.94	28.383	28.427	28.411	
2380	184.	28.383	28.427	28.411	
2381	184.01	28.383	28.427	28.411	
2382	184.02	28.383	28.427	28.411	
2383	184.05	28.383	28.427	28.411	
2384	184.14	28.383	28.427	28.411	
2385	184.24	28.383	28.427	28.411	
2386	184.34	28.383	28.427	28.412	
2387	184.44	28.384	28.427	28.412	
2388	184.54	28.384	28.427	28.412	
2389	184.64	28.384	28.427	28.412	
2390	184.74	28.384	28.428	28.412	
2391	184.84	28.384	28.428	28.412	
2392	184.94	28.384	28.428	28.412	
2393	185.	28.384	28.428	28.412	
2394	185.01	28.384	28.428	28.412	
2395	185.02	28.384	28.428	28.412	
2396	185.05	28.384	28.428	28.412	
2397	185.14	28.384	28.428	28.412	
2398	185.24	28.384	28.428	28.412	
2399	185.34	28.384	28.428	28.412	
2400	185.44	28.384	28.428	28.412	
2401	185.54	28.384	28.428	28.412	
2402	185.64	28.384	28.428	28.413	
2403	185.74	28.385	28.428	28.413	
2404	185.84	28.385	28.428	28.413	
2405	185.94	28.385	28.429	28.413	
2406	186.	28.385	28.429	28.413	
2407	186.01	28.385	28.429	28.413	
2408	186.02	28.385	28.429	28.413	
2409	186.05	28.385	28.429	28.413	
2410	186.14	28.385	28.429	28.413	
2411	186.24	28.385	28.429	28.413	
2412	186.34	28.385	28.429	28.413	
2413	186.44	28.385	28.429	28.413	
2414	186.54	28.385	28.429	28.413	
2415	186.64	28.385	28.429	28.413	
2416	186.74	28.385	28.429	28.413	
2417	186.84	28.385	28.429	28.414	
2418	186.94	28.386	28.429	28.414	
2419	187.	28.386	28.429	28.414	
2420	187.01	28.386	28.429	28.414	
2421	187.02	28.386	28.429	28.414	
2422	187.05	28.386	28.429	28.414	
2423	187.14	28.386	28.429	28.414	
2424	187.24	28.386	28.43	28.414	
2425	187.34	28.386	28.43	28.414	
2426	187.44	28.386	28.43	28.414	
2427	187.54	28.386	28.43	28.414	
2428	187.64	28.386	28.43	28.414	
2429	187.74	28.386	28.43	28.414	
2430	187.84	28.386	28.43	28.414	
2431	187.94	28.386	28.43	28.414	
2432	188.	28.386	28.43	28.414	
2433	188.01	28.386	28.43	28.414	
2434	188.02	28.386	28.43	28.414	
2435	188.05	28.386	28.43	28.414	
2436	188.14	28.386	28.43	28.415	
2437	188.24	28.387	28.43	28.415	
2438	188.34	28.387	28.43	28.415	
2439	188.44	28.387	28.431	28.415	
2440	188.54	28.387	28.431	28.415	
2441	188.64	28.387	28.431	28.415	
2442	188.74	28.387	28.431	28.415	
2443	188.84	28.387	28.431	28.415	
2444	188.94	28.387	28.431	28.415	
2445	189.	28.387	28.431	28.415	
2446	189.01	28.387	28.431	28.415	
2447	189.02	28.387	28.431	28.415	
2448	189.05	28.387	28.431	28.415	
2449	189.14	28.387	28.431	28.415	
2450	189.24	28.387	28.431	28.415	
2451	189.34	28.387	28.431	28.416	
2452	189.44	28.388	28.431	28.416	
2453	189.54	28.388	28.431	28.416	
2454	189.64	28.388	28.432	28.416	
2455	189.74	28.388	28.432	28.416	
2456	189.84	28.388	28.432	28.416	
2457	189.94	28.388	28.432	28.416	
2458	190.	28.388	28.432	28.416	
2459	190.01	28.388	28.432	28.416	
2460	190.02	28.388	28.432	28.416	
2461	190.05	28.388	28.432	28.416	
2462	190.14	28.388	28.432	28.416	
2463	190.24	28.388	28.432	28.416	
2464	190.34	28.388	28.432	28.416	
2465	190.44	28.388	28.432	28.416	
2466	190.54	28.388	28.432	28.416	
2467	190.64	28.389	28.432	28.417	
2468	190.74	28.389	28.432	28.417	
2469	190.84	28.389	28.432	28.417	
2470	190.94	28.389	28.433	28.417	
2471	191.	28.389	28.433	28.417	
2472	191.01	28.389	28.433	28.417	
2473	191.02	28.389	28.433	28.417	
2474	191.05	28.389	28.433	28.417	
2475	191.14	28.389	28.433	28.417	
2476	191.24	28.389	28.433	28.417	
2477	191.34	28.389	28.433	28.417	
2478	191.44	28.389	28.433	28.417	
2479	191.54	28.389	28.433	28.417	
2480	191.64	28.389	28.433	28.417	
2481	191.74	28.389	28.433	28.417	
2482	191.84	28.389	28.433	28.418	
2483	191.94	28.39	28.433	28.418	
2484	192.	28.39	28.433	28.418	
2485	192.01	28.39	28.433	28.418	
2486	192.02	28.39	28.433	28.418	
2487	192.05	28.39	28.433	28.418	
2488	192.14	28.39	28.434	28.418	
2489	192.24	28.39	28.434	28.418	
2490	192.34	28.39	28.434	28.418	
2491	192.44	28.39	28.434	28.418	
2492	192.54	28.39	28.434	28.418	
2493	192.64	28.39	28.434	28.418	
2494	192.74	28.39	28.434	28.418	
2495	192.84	28.39	28.434	28.418	
2496	192.94	28.39	28.434	28.418	
2497	193.	28.39	28.434	28.419	
2498	193.01	28.39	28.434	28.419	
2499	193.02	28.39	28.434	28.419	
2500	193.05	28.39	28.434	28.419	
2501	193.14	28.391	28.434	28.419	
2502	193.24	28.391	28.434	28.419	
2503	193.34	28.391	28.435	28.419	
2504	193.44	28.391	28.435	28.419	
2505	193.54	28.391	28.435	28.419	
2506	193.64	28.391	28.435	28.419	
2507	193.74	28.391	28.435	28.419	
2508	193.84	28.391	28.435	28.419	
2509	193.94	28.391	28.435	28.419	
2510	194.	28.391	28.435	28.419	
2511	194.01	28.391	28.435	28.419	
2512	194.02	28.391	28.435	28.419	
2513	194.05	28.391	28.435	28.419	
2514	194.14	28.391	28.435	28.419	
2515	194.24	28.391	28.435	28.42	
2516	194.34	28.392	28.435	28.42	
2517	194.44	28.392	28.435	28.42	
2518	194.54	28.392	28.436	28.42	
2519	194.64	28.392	28.436	28.42	
2520	194.74	28.392	28.436	28.42	
2521	194.84	28.392	28.436	28.42	
2522	194.94	28.392	28.436	28.42	
2523	195.	28.392	28.436	28.42	
2524	195.01	28.392	28.436	28.42	
2525	195.02	28.392	28.436	28.42	
2526	195.05	28.392	28.436	28.42	
2527	195.14	28.392	28.436	28.42	
2528	195.24	28.392	28.436	28.42	
2529	195.34	28.392	28.436	28.42	
2530	195.44	28.392	28.436	28.421	
2531	195.54	28.392	28.436	28.421	
2532	195.64	28.393	28.436	28.421	
2533	195.74	28.393	28.436	28.421	
2534	195.84	28.393	28.437	28.421	
2535	195.94	28.393	28.437	28.421	
2536	196.	28.393	28.437	28.421	
2537	196.01	28.393	28.437	28.421	
2538	196.02	28.393	28.437	28.421	
2539	196.05	28.393	28.437	28.421	
2540	196.14	28.393	28.437	28.421	
2541	196.24	28.393	28.437	28.421	
2542	196.34	28.393	28.437	28.421	
2543	196.44	28.393	28.437	28.421	
2544	196.54	28.393	28.437	28.421	
2545	196.64	28.393	28.437	28.421	
2546	196.74	28.393	28.437	28.422	
2547	196.84	28.394	28.437	28.422	
2548	196.94	28.394	28.437	28.422	
2549	197.	28.394	28.438	28.422	
2550	197.01	28.394	28.438	28.422	
2551	197.02	28.394	28.438	28.422	
2552	197.05	28.394	28.438	28.422	
2553	197.14	28.394	28.438	28.422	
2554	197.24	28.394	28.438	28.422	
2555	197.34	28.394	28.438	28.422	
2556	197.44	28.394	28.438	28.422	
2557	197.54	28.394	28.438	28.422	
2558	197.64	28.394	28.438	28.422	
2559	197.74	28.394	28.438	28.422	
2560	197.84	28.394	28.438	28.422	
2561	197.94	28.394	28.438	28.423	
2562	198.	28.395	28.438	28.423	
2563	198.01	28.395	28.438	28.423	
2564	198.02	28.395	28.438	28.423	
2565	198.05	28.395	28.438	28.423	
2566	198.14	28.395	28.438	28.423	
2567	198.24	28.395	28.439	28.423	
2568	198.34	28.395	28.439	28.423	
2569	198.44	28.395	28.439	28.423	
2570	198.54	28.395	28.439	28.423	
2571	198.64	28.395	28.439	28.423	
2572	198.74	28.395	28.439	28.423	
2573	198.84	28.395	28.439	28.423	
2574	198.94	28.395	28.439	28.423	
2575	199.	28.395	28.439	28.423	
2576	199.01	28.395	28.439	28.423	
2577	199.02	28.395	28.439	28.423	
2578	199.05	28.395	28.439	28.423	
2579	199.14	28.395	28.439	28.424	
2580	199.24	28.396	28.439	28.424	
2581	199.34	28.396	28.439	28.424	
2582	199.44	28.396	28.44	28.424	
2583	199.54	28.396	28.44	28.424	
2584	199.64	28.396	28.44	28.424	
2585	199.74	28.396	28.44	28.424	
2586	199.84	28.396	28.44	28.424	
2587	199.94	28.396	28.44	28.424	
2588	200.	28.396	28.44	28.424	
2589	200.01	28.396	28.44	28.424	
2590	200.02	28.396	28.44	28.424	
2591	200.05	28.396	28.44	28.424	
2592	200.14	28.396	28.44	28.424	
2593	200.24	28.396	28.44	28.424	
2594	200.34	28.396	28.44	28.425	
2595	200.44	28.397	28.44	28.425	
2596	200.54	28.397	28.44	28.425	
2597	200.64	28.397	28.441	28.425	
2598	200.74	28.397	28.441	28.425	
2599	200.84	28.397	28.441	28.425	
2600	200.94	28.397	28.441	28.425	
2601	201.	28.397	28.441	28.425	
2602	201.01	28.397	28.441	28.425	
2603	201.02	28.397	28.441	28.425	
2604	201.05	28.397	28.441	28.425	
2605	201.14	28.397	28.441	28.425	
2606	201.24	28.397	28.441	28.425	
2607	201.34	28.397	28.441	28.425	
2608	201.44	28.397	28.441	28.425	
2609	201.54	28.397	28.441	28.426	
2610	201.64	28.398	28.441	28.426	
2611	201.74	28.398	28.441	28.426	
2612	201.84	28.398	28.442	28.426	
2613	201.94	28.398	28.442	28.426	
2614	202.	28.398	28.442	28.426	
2615	202.01	28.398	28.442	28.426	
2616	202.02	28.398	28.442	28.426	
2617	202.05	28.398	28.442	28.426	
2618	202.14	28.398	28.442	28.426	
2619	202.24	28.398	28.442	28.426	
2620	202.34	28.398	28.442	28.426	
2621	202.44	28.398	28.442	28.426	
2622	202.54	28.398	28.442	28.426	
2623	202.64	28.398	28.442	28.426	
2624	202.74	28.398	28.442	28.427	
2625	202.84	28.399	28.442	28.427	
2626	202.94	28.399	28.442	28.427	
2627	203.	28.399	28.443	28.427	
2628	203.01	28.399	28.443	28.427	
2629	203.02	28.399	28.443	28.427	
2630	203.05	28.399	28.443	28.427	
2631	203.14	28.399	28.443	28.427	
2632	203.24	28.399	28.443	28.427	
2633	203.34	28.399	28.443	28.427	
2634	203.44	28.399	28.443	28.427	
2635	203.54	28.399	28.443	28.427	
2636	203.64	28.399	28.443	28.427	
2637	203.74	28.399	28.443	28.427	
2638	203.84	28.399	28.443	28.427	
2639	203.94	28.399	28.443	28.428	
2640	204.	28.399	28.443	28.428	
2641	204.01	28.4	28.443	28.428	
2642	204.02	28.4	28.443	28.428	
2643	204.05	28.4	28.443	28.428	
2644	204.14	28.4	28.443	28.428	
2645	204.24	28.4	28.444	28.428	
2646	204.34	28.4	28.444	28.428	
2647	204.44	28.4	28.444	28.428	
2648	204.54	28.4	28.444	28.428	
2649	204.64	28.4	28.444	28.428	
2650	204.74	28.4	28.444	28.428	
2651	204.84	28.4	28.444	28.428	
2652	204.94	28.4	28.444	28.428	
2653	205.	28.4	28.444	28.428	
2654	205.01	28.4	28.444	28.428	
2655	205.02	28.4	28.444	28.428	
2656	205.05	28.4	28.444	28.428	
2657	205.14	28.4	28.444	28.429	
2658	205.24	28.401	28.444	28.429	
2659	205.34	28.401	28.444	28.429	
2660	205.44	28.401	28.445	28.429	
2661	205.54	28.401	28.445	28.429	
2662	205.64	28.401	28.445	28.429	
2663	205.74	28.401	28.445	28.429	
2664	205.84	28.401	28.445	28.429	
2665	205.94	28.401	28.445	28.429	
2666	206.	28.401	28.445	28.429	
2667	206.01	28.401	28.445	28.429	
2668	206.02	28.401	28.445	28.429	
2669	206.05	28.401	28.445	28.429	
2670	206.14	28.401	28.445	28.429	
2671	206.24	28.401	28.445	28.429	
2672	206.34	28.401	28.445	28.43	
2673	206.44	28.402	28.445	28.43	
2674	206.54	28.402	28.446	28.43	
2675	206.64	28.402	28.446	28.43	
2676	206.74	28.402	28.446	28.43	
2677	206.84	28.402	28.446	28.43	
2678	206.94	28.402	28.446	28.43	
2679	207.	28.402	28.446	28.43	
2680	207.01	28.402	28.446	28.43	
2681	207.02	28.402	28.446	28.43	
2682	207.05	28.402	28.446	28.43	
2683	207.14	28.402	28.446	28.43	
2684	207.24	28.402	28.446	28.43	
2685	207.34	28.402	28.446	28.43	
2686	207.44	28.402	28.446	28.43	
2687	207.54	28.402	28.446	28.431	
2688	207.64	28.403	28.446	28.431	
2689	207.74	28.403	28.447	28.431	
2690	207.84	28.403	28.447	28.431	
2691	207.94	28.403	28.447	28.431	
2692	208.	28.403	28.447	28.431	
2693	208.01	28.403	28.447	28.431	
2694	208.02	28.403	28.447	28.431	
2695	208.05	28.403	28.447	28.431	
2696	208.14	28.403	28.447	28.431	
2697	208.24	28.403	28.447	28.431	
2698	208.34	28.403	28.447	28.431	
2699	208.44	28.403	28.447	28.431	
2700	208.54	28.403	28.447	28.431	
2701	208.64	28.403	28.447	28.432	
2702	208.74	28.403	28.447	28.432	
2703	208.84	28.404	28.447	28.432	
2704	208.94	28.404	28.448	28.432	
2705	209.	28.404	28.448	28.432	
2706	209.01	28.404	28.448	28.432	
2707	209.02	28.404	28.448	28.432	
2708	209.05	28.404	28.448	28.432	
2709	209.14	28.404	28.448	28.432	
2710	209.24	28.404	28.448	28.432	
2711	209.34	28.404	28.448	28.432	
2712	209.44	28.404	28.448	28.432	
2713	209.54	28.404	28.448	28.432	
2714	209.64	28.404	28.448	28.432	
2715	209.74	28.404	28.448	28.432	
2716	209.84	28.404	28.448	28.433	
2717	209.94	28.404	28.448	28.433	
2718	210.	28.405	28.448	28.433	
2719	210.01	28.405	28.448	28.433	
2720	210.02	28.405	28.448	28.433	
2721	210.05	28.405	28.448	28.433	
2722	210.14	28.405	28.449	28.433	
2723	210.24	28.405	28.449	28.433	
2724	210.34	28.405	28.449	28.433	
2725	210.44	28.405	28.449	28.433	
2726	210.54	28.405	28.449	28.433	
2727	210.64	28.405	28.449	28.433	
2728	210.74	28.405	28.449	28.433	
2729	210.84	28.405	28.449	28.433	
2730	210.94	28.405	28.449	28.433	
2731	211.	28.405	28.449	28.434	
2732	211.01	28.405	28.449	28.434	
2733	211.02	28.405	28.449	28.434	
2734	211.05	28.405	28.449	28.434	
2735	211.14	28.406	28.449	28.434	
2736	211.24	28.406	28.449	28.434	
2737	211.34	28.406	28.45	28.434	
2738	211.44	28.406	28.45	28.434	
2739	211.54	28.406	28.45	28.434	
2740	211.64	28.406	28.45	28.434	
2741	211.74	28.406	28.45	28.434	
2742	211.84	28.406	28.45	28.434	
2743	211.94	28.406	28.45	28.434	
2744	212.	28.406	28.45	28.434	
2745	212.01	28.406	28.45	28.434	
2746	212.02	28.406	28.45	28.434	
2747	212.05	28.406	28.45	28.434	
2748	212.14	28.406	28.45	28.434	
2749	212.24	28.406	28.45	28.435	
2750	212.34	28.407	28.45	28.435	
2751	212.44	28.407	28.451	28.435	
2752	212.54	28.407	28.451	28.435	
2753	212.64	28.407	28.451	28.435	
2754	212.74	28.407	28.451	28.435	
2755	212.84	28.407	28.451	28.435	
2756	212.94	28.407	28.451	28.435	
2757	213.	28.407	28.451	28.435	
2758	213.01	28.407	28.451	28.435	
2759	213.02	28.407	28.451	28.435	
2760	213.05	28.407	28.451	28.435	
2761	213.14	28.407	28.451	28.435	
2762	213.24	28.407	28.451	28.435	
2763	213.34	28.407	28.451	28.436	
2764	213.44	28.407	28.451	28.436	
2765	213.54	28.408	28.451	28.436	
2766	213.64	28.408	28.452	28.436	
2767	213.74	28.408	28.452	28.436	
2768	213.84	28.408	28.452	28.436	
2769	213.94	28.408	28.452	28.436	
2770	214.	28.408	28.452	28.436	
2771	214.01	28.408	28.452	28.436	
2772	214.02	28.408	28.452	28.436	
2773	214.05	28.408	28.452	28.436	
2774	214.14	28.408	28.452	28.436	
2775	214.24	28.408	28.452	28.436	
2776	214.34	28.408	28.452	28.436	
2777	214.44	28.408	28.452	28.436	
2778	214.54	28.408	28.452	28.437	
2779	214.64	28.408	28.452	28.437	
2780	214.74	28.409	28.452	28.437	
2781	214.84	28.409	28.453	28.437	
2782	214.94	28.409	28.453	28.437	
2783	215.	28.409	28.453	28.437	
2784	215.01	28.409	28.453	28.437	
2785	215.02	28.409	28.453	28.437	
2786	215.05	28.409	28.453	28.437	
2787	215.14	28.409	28.453	28.437	
2788	215.24	28.409	28.453	28.437	
2789	215.34	28.409	28.453	28.437	
2790	215.44	28.409	28.453	28.437	
2791	215.54	28.409	28.453	28.437	
2792	215.64	28.409	28.453	28.437	
2793	215.74	28.409	28.453	28.438	
2794	215.84	28.41	28.453	28.438	
2795	215.94	28.41	28.454	28.438	
2796	216.	28.41	28.454	28.438	
2797	216.01	28.41	28.454	28.438	
2798	216.02	28.41	28.454	28.438	
2799	216.05	28.41	28.454	28.438	
2800	216.14	28.41	28.454	28.438	
2801	216.24	28.41	28.454	28.438	
2802	216.34	28.41	28.454	28.438	
2803	216.44	28.41	28.454	28.438	
2804	216.54	28.41	28.454	28.438	
2805	216.64	28.41	28.454	28.438	
2806	216.74	28.41	28.454	28.438	
2807	216.84	28.41	28.454	28.439	
2808	216.94	28.41	28.454	28.439	
2809	217.	28.411	28.454	28.439	
2810	217.01	28.411	28.454	28.439	
2811	217.02	28.411	28.454	28.439	
2812	217.05	28.411	28.454	28.439	
2813	217.14	28.411	28.455	28.439	
2814	217.24	28.411	28.455	28.439	
2815	217.34	28.411	28.455	28.439	
2816	217.44	28.411	28.455	28.439	
2817	217.54	28.411	28.455	28.439	
2818	217.64	28.411	28.455	28.439	
2819	217.74	28.411	28.455	28.439	
2820	217.84	28.411	28.455	28.439	
2821	217.94	28.411	28.455	28.439	
2822	218.	28.411	28.455	28.44	
2823	218.01	28.411	28.455	28.44	
2824	218.02	28.411	28.455	28.44	
2825	218.05	28.411	28.455	28.44	
2826	218.14	28.411	28.455	28.44	
2827	218.24	28.412	28.456	28.44	
2828	218.34	28.412	28.456	28.44	
2829	218.44	28.412	28.456	28.44	
2830	218.54	28.412	28.456	28.44	
2831	218.64	28.412	28.456	28.44	
2832	218.74	28.412	28.456	28.44	
2833	218.84	28.412	28.456	28.44	
2834	218.94	28.412	28.456	28.44	
2835	219.	28.412	28.456	28.44	
2836	219.01	28.412	28.456	28.44	
2837	219.02	28.412	28.456	28.44	
2838	219.05	28.412	28.456	28.44	
2839	219.14	28.412	28.456	28.441	
2840	219.24	28.412	28.456	28.441	
2841	219.34	28.413	28.456	28.441	
2842	219.44	28.413	28.457	28.441	
2843	219.54	28.413	28.457	28.441	
2844	219.64	28.413	28.457	28.441	
2845	219.74	28.413	28.457	28.441	
2846	219.84	28.413	28.457	28.441	
2847	219.94	28.413	28.457	28.441	
2848	220.	28.413	28.457	28.441	
2849	220.01	28.413	28.457	28.441	
2850	220.02	28.413	28.457	28.441	
2851	220.05	28.413	28.457	28.441	
2852	220.14	28.413	28.457	28.441	
2853	220.24	28.413	28.457	28.441	
2854	220.34	28.413	28.457	28.442	
2855	220.44	28.413	28.457	28.442	
2856	220.54	28.414	28.457	28.442	
2857	220.64	28.414	28.458	28.442	
2858	220.74	28.414	28.458	28.442	
2859	220.84	28.414	28.458	28.442	
2860	220.94	28.414	28.458	28.442	
2861	221.	28.414	28.458	28.442	
2862	221.01	28.414	28.458	28.442	
2863	221.02	28.414	28.458	28.442	
2864	221.05	28.414	28.458	28.442	
2865	221.14	28.414	28.458	28.442	
2866	221.24	28.414	28.458	28.442	
2867	221.34	28.414	28.458	28.442	
2868	221.44	28.414	28.458	28.442	
2869	221.54	28.414	28.458	28.443	
2870	221.64	28.415	28.458	28.443	
2871	221.74	28.415	28.459	28.443	
2872	221.84	28.415	28.459	28.443	
2873	221.94	28.415	28.459	28.443	
2874	222.	28.415	28.459	28.443	
2875	222.01	28.415	28.459	28.443	
2876	222.02	28.415	28.459	28.443	
2877	222.05	28.415	28.459	28.443	
2878	222.14	28.415	28.459	28.443	
2879	222.24	28.415	28.459	28.443	
2880	222.34	28.415	28.459	28.443	
2881	222.44	28.415	28.459	28.443	
2882	222.54	28.415	28.459	28.443	
2883	222.64	28.415	28.459	28.444	
2884	222.74	28.415	28.459	28.444	
2885	222.84	28.416	28.459	28.444	
2886	222.94	28.416	28.46	28.444	
2887	223.	28.416	28.46	28.444	
2888	223.01	28.416	28.46	28.444	
2889	223.02	28.416	28.46	28.444	
2890	223.05	28.416	28.46	28.444	
2891	223.14	28.416	28.46	28.444	
2892	223.24	28.416	28.46	28.444	
2893	223.34	28.416	28.46	28.444	
2894	223.44	28.416	28.46	28.444	
2895	223.54	28.416	28.46	28.444	
2896	223.64	28.416	28.46	28.444	
2897	223.74	28.416	28.46	28.444	
2898	223.84	28.416	28.46	28.445	
2899	223.94	28.417	28.46	28.445	
2900	224.	28.417	28.461	28.445	
2901	224.01	28.417	28.461	28.445	
2902	224.02	28.417	28.461	28.445	
2903	224.05	28.417	28.461	28.445	
2904	224.14	28.417	28.461	28.445	
2905	224.24	28.417	28.461	28.445	
2906	224.34	28.417	28.461	28.445	
2907	224.44	28.417	28.461	28.445	
2908	224.54	28.417	28.461	28.445	
2909	224.64	28.417	28.461	28.445	
2910	224.74	28.417	28.461	28.445	
2911	224.84	28.417	28.461	28.445	
2912	224.94	28.417	28.461	28.446	
2913	225.	28.417	28.461	28.446	
2914	225.01	28.417	28.461	28.446	
2915	225.02	28.417	28.461	28.446	
2916	225.05	28.417	28.461	28.446	
2917	225.14	28.418	28.462	28.446	
2918	225.24	28.418	28.462	28.446	
2919	225.34	28.418	28.462	28.446	
2920	225.44	28.418	28.462	28.446	
2921	225.54	28.418	28.462	28.446	
2922	225.64	28.418	28.462	28.446	
2923	225.74	28.418	28.462	28.446	
2924	225.84	28.418	28.462	28.446	
2925	225.94	28.418	28.462	28.446	
2926	226.	28.418	28.462	28.446	
2927	226.01	28.418	28.462	28.446	
2928	226.02	28.418	28.462	28.446	
2929	226.05	28.418	28.462	28.447	
2930	226.14	28.418	28.462	28.447	
2931	226.24	28.419	28.462	28.447	
2932	226.34	28.419	28.463	28.447	
2933	226.44	28.419	28.463	28.447	
2934	226.54	28.419	28.463	28.447	
2935	226.64	28.419	28.463	28.447	
2936	226.74	28.419	28.463	28.447	
2937	226.84	28.419	28.463	28.447	
2938	226.94	28.419	28.463	28.447	
2939	227.	28.419	28.463	28.447	
2940	227.01	28.419	28.463	28.447	
2941	227.02	28.419	28.463	28.447	
2942	227.05	28.419	28.463	28.447	
2943	227.14	28.419	28.463	28.447	
2944	227.24	28.419	28.463	28.448	
2945	227.34	28.419	28.463	28.448	
2946	227.44	28.42	28.464	28.448	
2947	227.54	28.42	28.464	28.448	
2948	227.64	28.42	28.464	28.448	
2949	227.74	28.42	28.464	28.448	
2950	227.84	28.42	28.464	28.448	
2951	227.94	28.42	28.464	28.448	
2952	228.	28.42	28.464	28.448	
2953	228.01	28.42	28.464	28.448	
2954	228.02	28.42	28.464	28.448	
2955	228.05	28.42	28.464	28.448	
2956	228.14	28.42	28.464	28.448	
2957	228.24	28.42	28.464	28.448	
2958	228.34	28.42	28.464	28.449	
2959	228.44	28.42	28.464	28.449	
2960	228.54	28.421	28.464	28.449	
2961	228.64	28.421	28.465	28.449	
2962	228.74	28.421	28.465	28.449	
2963	228.84	28.421	28.465	28.449	
2964	228.94	28.421	28.465	28.449	
2965	229.	28.421	28.465	28.449	
2966	229.01	28.421	28.465	28.449	
2967	229.02	28.421	28.465	28.449	
2968	229.05	28.421	28.465	28.449	
2969	229.14	28.421	28.465	28.449	
2970	229.24	28.421	28.465	28.449	
2971	229.34	28.421	28.465	28.449	
2972	229.44	28.421	28.465	28.449	
2973	229.54	28.421	28.465	28.45	
2974	229.64	28.421	28.465	28.45	
2975	229.74	28.422	28.466	28.45	
2976	229.84	28.422	28.466	28.45	
2977	229.94	28.422	28.466	28.45	
2978	230.	28.422	28.466	28.45	
2979	230.01	28.422	28.466	28.45	
2980	230.02	28.422	28.466	28.45	
2981	230.05	28.422	28.466	28.45	
2982	230.14	28.422	28.466	28.45	
2983	230.24	28.422	28.466	28.45	
2984	230.34	28.422	28.466	28.45	
2985	230.44	28.422	28.466	28.45	
2986	230.54	28.422	28.466	28.45	
2987	230.64	28.422	28.466	28.451	
2988	230.74	28.422	28.466	28.451	
2989	230.84	28.423	28.467	28.451	
2990	230.94	28.423	28.467	28.451	
2991	231.	28.423	28.467	28.451	
2992	231.01	28.423	28.467	28.451	
2993	231.02	28.423	28.467	28.451	
2994	231.05	28.423	28.467	28.451	
2995	231.14	28.423	28.467	28.451	
2996	231.24	28.423	28.467	28.451	
2997	231.34	28.423	28.467	28.451	
2998	231.44	28.423	28.467	28.451	
2999	231.54	28.423	28.467	28.451	
3000	231.64	28.423	28.467	28.451	
3001	231.74	28.423	28.467	28.452	
3002	231.84	28.423	28.467	28.452	
3003	231.94	28.424	28.468	28.452	
3004	232.	28.424	28.468	28.452	
3005	232.01	28.424	28.468	28.452	
3006	232.02	28.424	28.468	28.452	
3007	232.05	28.424	28.468	28.452	
3008	232.14	28.424	28.468	28.452	
3009	232.24	28.424	28.468	28.452	
3010	232.34	28.424	28.468	28.452	
3011	232.44	28.424	28.468	28.452	
3012	232.54	28.424	28.468	28.452	
3013	232.64	28.424	28.468	28.452	
3014	232.74	28.424	28.468	28.452	
3015	232.84	28.424	28.468	28.452	
3016	232.94	28.424	28.468	28.453	
3017	233.	28.424	28.468	28.453	
3018	233.01	28.424	28.468	28.453	
3019	233.02	28.424	28.468	28.453	
3020	233.05	28.424	28.468	28.453	
3021	233.14	28.425	28.469	28.453	
3022	233.24	28.425	28.469	28.453	
3023	233.34	28.425	28.469	28.453	
3024	233.44	28.425	28.469	28.453	
3025	233.54	28.425	28.469	28.453	
3026	233.64	28.425	28.469	28.453	
3027	233.74	28.425	28.469	28.453	
3028	233.84	28.425	28.469	28.453	
3029	233.94	28.425	28.469	28.453	
3030	234.	28.425	28.469	28.454	
3031	234.01	28.425	28.469	28.454	
3032	234.02	28.425	28.469	28.454	
3033	234.05	28.425	28.469	28.454	
3034	234.14	28.425	28.469	28.454	
3035	234.24	28.426	28.47	28.454	
3036	234.34	28.426	28.47	28.454	
3037	234.44	28.426	28.47	28.454	
3038	234.54	28.426	28.47	28.454	
3039	234.64	28.426	28.47	28.454	
3040	234.74	28.426	28.47	28.454	
3041	234.84	28.426	28.47	28.454	
3042	234.94	28.426	28.47	28.454	
3043	235.	28.426	28.47	28.454	
3044	235.01	28.426	28.47	28.454	
3045	235.02	28.426	28.47	28.454	
3046	235.05	28.426	28.47	28.454	
3047	235.14	28.426	28.47	28.455	
3048	235.24	28.426	28.47	28.455	
3049	235.34	28.427	28.471	28.455	
3050	235.44	28.427	28.471	28.455	
3051	235.54	28.427	28.471	28.455	
3052	235.64	28.427	28.471	28.455	
3053	235.74	28.427	28.471	28.455	
3054	235.84	28.427	28.471	28.455	
3055	235.94	28.427	28.471	28.455	
3056	236.	28.427	28.471	28.455	
3057	236.01	28.427	28.471	28.455	
3058	236.02	28.427	28.471	28.455	
3059	236.05	28.427	28.471	28.455	
3060	236.14	28.427	28.471	28.455	
3061	236.24	28.427	28.471	28.456	
3062	236.34	28.427	28.471	28.456	
3063	236.44	28.427	28.472	28.456	
3064	236.54	28.428	28.472	28.456	
3065	236.64	28.428	28.472	28.456	
3066	236.74	28.428	28.472	28.456	
3067	236.84	28.428	28.472	28.456	
3068	236.94	28.428	28.472	28.456	
3069	237.	28.428	28.472	28.456	
3070	237.01	28.428	28.472	28.456	
3071	237.02	28.428	28.472	28.456	
3072	237.05	28.428	28.472	28.456	
3073	237.14	28.428	28.472	28.456	
3074	237.24	28.428	28.472	28.456	
3075	237.34	28.428	28.472	28.457	
3076	237.44	28.428	28.472	28.457	
3077	237.54	28.428	28.472	28.457	
3078	237.64	28.429	28.473	28.457	
3079	237.74	28.429	28.473	28.457	
3080	237.84	28.429	28.473	28.457	
3081	237.94	28.429	28.473	28.457	
3082	238.	28.429	28.473	28.457	
3083	238.01	28.429	28.473	28.457	
3084	238.02	28.429	28.473	28.457	
3085	238.05	28.429	28.473	28.457	
3086	238.14	28.429	28.473	28.457	
3087	238.24	28.429	28.473	28.457	
3088	238.34	28.429	28.473	28.457	
3089	238.44	28.429	28.473	28.457	
3090	238.54	28.429	28.473	28.458	
3091	238.64	28.429	28.473	28.458	
3092	238.74	28.43	28.474	28.458	
3093	238.84	28.43	28.474	28.458	
3094	238.94	28.43	28.474	28.458	
3095	239.	28.43	28.474	28.458	
3096	239.01	28.43	28.474	28.458	
3097	239.02	28.43	28.474	28.458	
3098	239.05	28.43	28.474	28.458	
3099	239.14	28.43	28.474	28.458	
3100	239.24	28.43	28.474	28.458	
3101	239.34	28.43	28.474	28.458	
3102	239.44	28.43	28.474	28.458	
3103	239.54	28.43	28.474	28.458	
3104	239.64	28.43	28.474	28.459	
3105	239.74	28.43	28.474	28.459	
3106	239.84	28.431	28.475	28.459	
3107	239.94	28.431	28.475	28.459	
3108	240.	28.431	28.475	28.459	
3109	240.01	28.431	28.475	28.459	
3110	240.02	28.431	28.475	28.459	
3111	240.05	28.431	28.475	28.459	
3112	240.14	28.431	28.475	28.459	
3113	240.24	28.431	28.475	28.459	
3114	240.34	28.431	28.475	28.459	
3115	240.44	28.431	28.475	28.459	
3116	240.54	28.431	28.475	28.459	
3117	240.64	28.431	28.475	28.459	
3118	240.74	28.431	28.475	28.46	
3119	240.84	28.431	28.475	28.46	
3120	240.94	28.432	28.476	28.46	
3121	241.	28.432	28.476	28.46	
3122	241.01	28.432	28.476	28.46	
3123	241.02	28.432	28.476	28.46	
3124	241.05	28.432	28.476	28.46	
3125	241.14	28.432	28.476	28.46	
3126	241.24	28.432	28.476	28.46	
3127	241.34	28.432	28.476	28.46	
3128	241.44	28.432	28.476	28.46	
3129	241.54	28.432	28.476	28.46	
3130	241.64	28.432	28.476	28.46	
3131	241.74	28.432	28.476	28.46	
3132	241.84	28.432	28.476	28.461	
3133	241.94	28.432	28.476	28.461	
3134	242.	28.432	28.476	28.461	
3135	242.01	28.432	28.477	28.461	
3136	242.02	28.432	28.477	28.461	
3137	242.05	28.433	28.477	28.461	
3138	242.14	28.433	28.477	28.461	
3139	242.24	28.433	28.477	28.461	
3140	242.34	28.433	28.477	28.461	
3141	242.44	28.433	28.477	28.461	
3142	242.54	28.433	28.477	28.461	
3143	242.64	28.433	28.477	28.461	
3144	242.74	28.433	28.477	28.461	
3145	242.84	28.433	28.477	28.461	
3146	242.94	28.433	28.477	28.462	
3147	243.	28.433	28.477	28.462	
3148	243.01	28.433	28.477	28.462	
3149	243.02	28.433	28.477	28.462	
3150	243.05	28.433	28.477	28.462	
3151	243.14	28.433	28.478	28.462	
3152	243.24	28.434	28.478	28.462	
3153	243.34	28.434	28.478	28.462	
3154	243.44	28.434	28.478	28.462	
3155	243.54	28.434	28.478	28.462	
3156	243.64	28.434	28.478	28.462	
3157	243.74	28.434	28.478	28.462	
3158	243.84	28.434	28.478	28.462	
3159	243.94	28.434	28.478	28.462	
3160	244.	28.434	28.478	28.462	
3161	244.01	28.434	28.478	28.462	
3162	244.02	28.434	28.478	28.462	
3163	244.05	28.434	28.478	28.463	
3164	244.14	28.434	28.478	28.463	
3165	244.24	28.434	28.479	28.463	
3166	244.34	28.435	28.479	28.463	
3167	244.44	28.435	28.479	28.463	
3168	244.54	28.435	28.479	28.463	
3169	244.64	28.435	28.479	28.463	
3170	244.74	28.435	28.479	28.463	
3171	244.84	28.435	28.479	28.463	
3172	244.94	28.435	28.479	28.463	
3173	245.	28.435	28.479	28.463	
3174	245.01	28.435	28.479	28.463	
3175	245.02	28.435	28.479	28.463	
3176	245.05	28.435	28.479	28.463	
3177	245.14	28.435	28.479	28.464	
3178	245.24	28.435	28.479	28.464	
3179	245.34	28.435	28.48	28.464	
3180	245.44	28.436	28.48	28.464	
3181	245.54	28.436	28.48	28.464	
3182	245.64	28.436	28.48	28.464	
3183	245.74	28.436	28.48	28.464	
3184	245.84	28.436	28.48	28.464	
3185	245.94	28.436	28.48	28.464	
3186	246.	28.436	28.48	28.464	
3187	246.01	28.436	28.48	28.464	
3188	246.02	28.436	28.48	28.464	
3189	246.05	28.436	28.48	28.464	
3190	246.14	28.436	28.48	28.464	
3191	246.24	28.436	28.48	28.465	
3192	246.34	28.436	28.48	28.465	
3193	246.44	28.436	28.481	28.465	
3194	246.54	28.437	28.481	28.465	
3195	246.64	28.437	28.481	28.465	
3196	246.74	28.437	28.481	28.465	
3197	246.84	28.437	28.481	28.465	
3198	246.94	28.437	28.481	28.465	
3199	247.	28.437	28.481	28.465	
3200	247.01	28.437	28.481	28.465	
3201	247.02	28.437	28.481	28.465	
3202	247.05	28.437	28.481	28.465	
3203	247.14	28.437	28.481	28.465	
3204	247.24	28.437	28.481	28.465	
3205	247.34	28.437	28.481	28.466	
3206	247.44	28.437	28.481	28.466	
3207	247.54	28.437	28.482	28.466	
3208	247.64	28.438	28.482	28.466	
3209	247.74	28.438	28.482	28.466	
3210	247.84	28.438	28.482	28.466	
3211	247.94	28.438	28.482	28.466	
3212	248.	28.438	28.482	28.466	
3213	248.01	28.438	28.482	28.466	
3214	248.02	28.438	28.482	28.466	
3215	248.05	28.438	28.482	28.466	
3216	248.14	28.438	28.482	28.466	
3217	248.24	28.438	28.482	28.466	
3218	248.34	28.438	28.482	28.466	
3219	248.44	28.438	28.482	28.466	
3220	248.54	28.438	28.482	28.467	
3221	248.64	28.438	28.483	28.467	
3222	248.74	28.439	28.483	28.467	
3223	248.84	28.439	28.483	28.467	
3224	248.94	28.439	28.483	28.467	
3225	249.	28.439	28.483	28.467	
3226	249.01	28.439	28.483	28.467	
3227	249.02	28.439	28.483	28.467	
3228	249.05	28.439	28.483	28.467	
3229	249.14	28.439	28.483	28.467	
3230	249.24	28.439	28.483	28.467	
3231	249.34	28.439	28.483	28.467	
3232	249.44	28.439	28.483	28.467	
3233	249.54	28.439	28.483	28.467	
3234	249.64	28.439	28.483	28.468	
3235	249.74	28.439	28.484	28.468	
3236	249.84	28.44	28.484	28.468	
3237	249.94	28.44	28.484	28.468	
3238	250.	28.44	28.484	28.468	
3239	250.01	28.44	28.484	28.468	
3240	250.02	28.44	28.484	28.468	
3241	250.05	28.44	28.484	28.468	
3242	250.14	28.44	28.484	28.468	
3243	250.24	28.44	28.484	28.468	
3244	250.34	28.44	28.484	28.468	
3245	250.44	28.44	28.484	28.468	
3246	250.54	28.44	28.484	28.468	
3247	250.64	28.44	28.484	28.469	
3248	250.74	28.44	28.484	28.469	
3249	250.84	28.44	28.485	28.469	
3250	250.94	28.441	28.485	28.469	
3251	251.	28.441	28.485	28.469	
3252	251.01	28.441	28.485	28.469	
3253	251.02	28.441	28.485	28.469	
3254	251.05	28.441	28.485	28.469	
3255	251.14	28.441	28.485	28.469	
3256	251.24	28.441	28.485	28.469	
3257	251.34	28.441	28.485	28.469	
3258	251.44	28.441	28.485	28.469	
3259	251.54	28.441	28.485	28.469	
3260	251.64	28.441	28.485	28.469	
3261	251.74	28.441	28.485	28.47	
3262	251.84	28.441	28.485	28.47	
3263	251.94	28.441	28.486	28.47	
3264	252.	28.441	28.486	28.47	
3265	252.01	28.441	28.486	28.47	
3266	252.02	28.442	28.486	28.47	
3267	252.05	28.442	28.486	28.47	
3268	252.14	28.442	28.486	28.47	
3269	252.24	28.442	28.486	28.47	
3270	252.34	28.442	28.486	28.47	
3271	252.44	28.442	28.486	28.47	
3272	252.54	28.442	28.486	28.47	
3273	252.64	28.442	28.486	28.47	
3274	252.74	28.442	28.486	28.47	
3275	252.84	28.442	28.486	28.471	
3276	252.94	28.442	28.486	28.471	
3277	253.	28.442	28.486	28.471	
3278	253.01	28.442	28.487	28.471	
3279	253.02	28.442	28.487	28.471	
3280	253.05	28.442	28.487	28.471	
3281	253.14	28.443	28.487	28.471	
3282	253.24	28.443	28.487	28.471	
3283	253.34	28.443	28.487	28.471	
3284	253.44	28.443	28.487	28.471	
3285	253.54	28.443	28.487	28.471	
3286	253.64	28.443	28.487	28.471	
3287	253.74	28.443	28.487	28.471	
3288	253.84	28.443	28.487	28.471	
3289	253.94	28.443	28.487	28.472	
3290	254.	28.443	28.487	28.472	
3291	254.01	28.443	28.487	28.472	
3292	254.02	28.443	28.487	28.472	
3293	254.05	28.443	28.487	28.472	
3294	254.14	28.443	28.488	28.472	
3295	254.24	28.444	28.488	28.472	
3296	254.34	28.444	28.488	28.472	
3297	254.44	28.444	28.488	28.472	
3298	254.54	28.444	28.488	28.472	
3299	254.64	28.444	28.488	28.472	
3300	254.74	28.444	28.488	28.472	
3301	254.84	28.444	28.488	28.472	
3302	254.94	28.444	28.488	28.472	
3303	255.	28.444	28.488	28.472	
3304	255.01	28.444	28.488	28.472	
3305	255.02	28.444	28.488	28.473	
3306	255.05	28.444	28.488	28.473	
3307	255.14	28.444	28.488	28.473	
3308	255.24	28.444	28.489	28.473	
3309	255.34	28.445	28.489	28.473	
3310	255.44	28.445	28.489	28.473	
3311	255.54	28.445	28.489	28.473	
3312	255.64	28.445	28.489	28.473	
3313	255.74	28.445	28.489	28.473	
3314	255.84	28.445	28.489	28.473	
3315	255.94	28.445	28.489	28.473	
3316	256.	28.445	28.489	28.473	
3317	256.01	28.445	28.489	28.473	
3318	256.02	28.445	28.489	28.473	
3319	256.05	28.445	28.489	28.473	
3320	256.14	28.445	28.489	28.474	
3321	256.24	28.445	28.489	28.474	
3322	256.34	28.445	28.49	28.474	
3323	256.44	28.446	28.49	28.474	
3324	256.54	28.446	28.49	28.474	
3325	256.64	28.446	28.49	28.474	
3326	256.74	28.446	28.49	28.474	
3327	256.84	28.446	28.49	28.474	
3328	256.94	28.446	28.49	28.474	
3329	257.	28.446	28.49	28.474	
3330	257.01	28.446	28.49	28.474	
3331	257.02	28.446	28.49	28.474	
3332	257.05	28.446	28.49	28.474	
3333	257.14	28.446	28.49	28.474	
3334	257.24	28.446	28.49	28.475	
3335	257.34	28.446	28.49	28.475	
3336	257.44	28.446	28.491	28.475	
3337	257.54	28.447	28.491	28.475	
3338	257.64	28.447	28.491	28.475	
3339	257.74	28.447	28.491	28.475	
3340	257.84	28.447	28.491	28.475	
3341	257.94	28.447	28.491	28.475	
3342	258.	28.447	28.491	28.475	
3343	258.01	28.447	28.491	28.475	
3344	258.02	28.447	28.491	28.475	
3345	258.05	28.447	28.491	28.475	
3346	258.14	28.447	28.491	28.475	
3347	258.24	28.447	28.491	28.475	
3348	258.34	28.447	28.491	28.476	
3349	258.44	28.447	28.491	28.476	
3350	258.54	28.447	28.492	28.476	
3351	258.64	28.448	28.492	28.476	
3352	258.74	28.448	28.492	28.476	
3353	258.84	28.448	28.492	28.476	
3354	258.94	28.448	28.492	28.476	
3355	259.	28.448	28.492	28.476	
3356	259.01	28.448	28.492	28.476	
3357	259.02	28.448	28.492	28.476	
3358	259.05	28.448	28.492	28.476	
3359	259.14	28.448	28.492	28.476	
3360	259.24	28.448	28.492	28.476	
3361	259.34	28.448	28.492	28.476	
3362	259.44	28.448	28.492	28.477	
3363	259.54	28.448	28.493	28.477	
3364	259.64	28.448	28.493	28.477	
3365	259.74	28.449	28.493	28.477	
3366	259.84	28.449	28.493	28.477	
3367	259.94	28.449	28.493	28.477	
3368	260.	28.449	28.493	28.477	
3369	260.01	28.449	28.493	28.477	
3370	260.02	28.449	28.493	28.477	
3371	260.05	28.449	28.493	28.477	
3372	260.14	28.449	28.493	28.477	
3373	260.24	28.449	28.493	28.477	
3374	260.34	28.449	28.493	28.477	
3375	260.44	28.449	28.493	28.477	
3376	260.54	28.449	28.493	28.478	
3377	260.64	28.449	28.494	28.478	
3378	260.74	28.449	28.494	28.478	
3379	260.84	28.45	28.494	28.478	
3380	260.94	28.45	28.494	28.478	
3381	261.	28.45	28.494	28.478	
3382	261.01	28.45	28.494	28.478	
3383	261.02	28.45	28.494	28.478	
3384	261.05	28.45	28.494	28.478	
3385	261.14	28.45	28.494	28.478	
3386	261.24	28.45	28.494	28.478	
3387	261.34	28.45	28.494	28.478	
3388	261.44	28.45	28.494	28.478	
3389	261.54	28.45	28.494	28.479	
3390	261.64	28.45	28.494	28.479	
3391	261.74	28.45	28.495	28.479	
3392	261.84	28.45	28.495	28.479	
3393	261.94	28.451	28.495	28.479	
3394	262.	28.451	28.495	28.479	
3395	262.01	28.451	28.495	28.479	
3396	262.02	28.451	28.495	28.479	
3397	262.05	28.451	28.495	28.479	
3398	262.14	28.451	28.495	28.479	
3399	262.24	28.451	28.495	28.479	
3400	262.34	28.451	28.495	28.479	
3401	262.44	28.451	28.495	28.479	
3402	262.54	28.451	28.495	28.479	
3403	262.64	28.451	28.495	28.48	
3404	262.74	28.451	28.495	28.48	
3405	262.84	28.451	28.496	28.48	
3406	262.94	28.452	28.496	28.48	
3407	263.	28.452	28.496	28.48	
3408	263.01	28.452	28.496	28.48	
3409	263.02	28.452	28.496	28.48	
3410	263.05	28.452	28.496	28.48	
3411	263.14	28.452	28.496	28.48	
3412	263.24	28.452	28.496	28.48	
3413	263.34	28.452	28.496	28.48	
3414	263.44	28.452	28.496	28.48	
3415	263.54	28.452	28.496	28.48	
3416	263.64	28.452	28.496	28.48	
3417	263.74	28.452	28.496	28.481	
3418	263.84	28.452	28.497	28.481	
3419	263.94	28.452	28.497	28.481	
3420	264.	28.452	28.497	28.481	
3421	264.01	28.452	28.497	28.481	
3422	264.02	28.453	28.497	28.481	
3423	264.05	28.453	28.497	28.481	
3424	264.14	28.453	28.497	28.481	
3425	264.24	28.453	28.497	28.481	
3426	264.34	28.453	28.497	28.481	
3427	264.44	28.453	28.497	28.481	
3428	264.54	28.453	28.497	28.481	
3429	264.64	28.453	28.497	28.481	
3430	264.74	28.453	28.497	28.481	
3431	264.84	28.453	28.497	28.482	
3432	264.94	28.453	28.498	28.482	
3433	265.	28.453	28.498	28.482	
3434	265.01	28.453	28.498	28.482	
3435	265.02	28.453	28.498	28.482	
3436	265.05	28.453	28.498	28.482	
3437	265.14	28.454	28.498	28.482	
3438	265.24	28.454	28.498	28.482	
3439	265.34	28.454	28.498	28.482	
3440	265.44	28.454	28.498	28.482	
3441	265.54	28.454	28.498	28.482	
3442	265.64	28.454	28.498	28.482	
3443	265.74	28.454	28.498	28.482	
3444	265.84	28.454	28.498	28.482	
3445	265.94	28.454	28.498	28.483	
3446	266.	28.454	28.499	28.483	
3447	266.01	28.454	28.499	28.483	
3448	266.02	28.454	28.499	28.483	
3449	266.05	28.454	28.499	28.483	
3450	266.14	28.454	28.499	28.483	
3451	266.24	28.455	28.499	28.483	
3452	266.34	28.455	28.499	28.483	
3453	266.44	28.455	28.499	28.483	
3454	266.54	28.455	28.499	28.483	
3455	266.64	28.455	28.499	28.483	
3456	266.74	28.455	28.499	28.483	
3457	266.84	28.455	28.499	28.483	
3458	266.94	28.455	28.499	28.484	
3459	267.	28.455	28.499	28.484	
3460	267.01	28.455	28.499	28.484	
3461	267.02	28.455	28.499	28.484	
3462	267.05	28.455	28.499	28.484	
3463	267.14	28.455	28.5	28.484	
3464	267.24	28.455	28.5	28.484	
3465	267.34	28.456	28.5	28.484	
3466	267.44	28.456	28.5	28.484	
3467	267.54	28.456	28.5	28.484	
3468	267.64	28.456	28.5	28.484	
3469	267.74	28.456	28.5	28.484	
3470	267.84	28.456	28.5	28.484	
3471	267.94	28.456	28.5	28.484	
3472	268.	28.456	28.5	28.485	
3473	268.01	28.456	28.5	28.485	
3474	268.02	28.456	28.5	28.485	
3475	268.05	28.456	28.5	28.485	
3476	268.14	28.456	28.501	28.485	
3477	268.24	28.456	28.501	28.485	
3478	268.34	28.457	28.501	28.485	
3479	268.44	28.457	28.501	28.485	
3480	268.54	28.457	28.501	28.485	
3481	268.64	28.457	28.501	28.485	
3482	268.74	28.457	28.501	28.485	
3483	268.84	28.457	28.501	28.485	
3484	268.94	28.457	28.501	28.485	
3485	269.	28.457	28.501	28.485	
3486	269.01	28.457	28.501	28.485	
3487	269.02	28.457	28.501	28.485	
3488	269.05	28.457	28.501	28.485	
3489	269.14	28.457	28.501	28.486	
3490	269.24	28.457	28.502	28.486	
3491	269.34	28.457	28.502	28.486	
3492	269.44	28.458	28.502	28.486	
3493	269.54	28.458	28.502	28.486	
3494	269.64	28.458	28.502	28.486	
3495	269.74	28.458	28.502	28.486	
3496	269.84	28.458	28.502	28.486	
3497	269.94	28.458	28.502	28.486	
3498	270.	28.458	28.502	28.486	
3499	270.01	28.458	28.502	28.486	
3500	270.02	28.458	28.502	28.486	
3501	270.05	28.458	28.502	28.486	
3502	270.14	28.458	28.502	28.487	
3503	270.24	28.458	28.502	28.487	
3504	270.34	28.458	28.503	28.487	
3505	270.44	28.458	28.503	28.487	
3506	270.54	28.459	28.503	28.487	
3507	270.64	28.459	28.503	28.487	
3508	270.74	28.459	28.503	28.487	
3509	270.84	28.459	28.503	28.487	
3510	270.94	28.459	28.503	28.487	
3511	271.	28.459	28.503	28.487	
3512	271.01	28.459	28.503	28.487	
3513	271.02	28.459	28.503	28.487	
3514	271.05	28.459	28.503	28.487	
3515	271.14	28.459	28.503	28.487	
3516	271.24	28.459	28.503	28.488	
3517	271.34	28.459	28.504	28.488	
3518	271.44	28.459	28.504	28.488	
3519	271.54	28.459	28.504	28.488	
3520	271.64	28.46	28.504	28.488	
3521	271.74	28.46	28.504	28.488	
3522	271.84	28.46	28.504	28.488	
3523	271.94	28.46	28.504	28.488	
3524	272.	28.46	28.504	28.488	
3525	272.01	28.46	28.504	28.488	
3526	272.02	28.46	28.504	28.488	
3527	272.05	28.46	28.504	28.488	
3528	272.14	28.46	28.504	28.488	
3529	272.24	28.46	28.504	28.488	
3530	272.34	28.46	28.504	28.489	
3531	272.44	28.46	28.505	28.489	
3532	272.54	28.46	28.505	28.489	
3533	272.64	28.461	28.505	28.489	
3534	272.74	28.461	28.505	28.489	
3535	272.84	28.461	28.505	28.489	
3536	272.94	28.461	28.505	28.489	
3537	273.	28.461	28.505	28.489	
3538	273.01	28.461	28.505	28.489	
3539	273.02	28.461	28.505	28.489	
3540	273.05	28.461	28.505	28.489	
3541	273.14	28.461	28.505	28.489	
3542	273.24	28.461	28.505	28.489	
3543	273.34	28.461	28.505	28.489	
3544	273.44	28.461	28.505	28.49	
3545	273.54	28.461	28.506	28.49	
3546	273.64	28.461	28.506	28.49	
3547	273.74	28.462	28.506	28.49	
3548	273.84	28.462	28.506	28.49	
3549	273.94	28.462	28.506	28.49	
3550	274.	28.462	28.506	28.49	
3551	274.01	28.462	28.506	28.49	
3552	274.02	28.462	28.506	28.49	
3553	274.05	28.462	28.506	28.49	
3554	274.14	28.462	28.506	28.49	
3555	274.24	28.462	28.506	28.49	
3556	274.34	28.462	28.506	28.49	
3557	274.44	28.462	28.506	28.491	
3558	274.54	28.462	28.507	28.491	
3559	274.64	28.462	28.507	28.491	
3560	274.74	28.462	28.507	28.491	
3561	274.84	28.463	28.507	28.491	
3562	274.94	28.463	28.507	28.491	
3563	275.	28.463	28.507	28.491	
3564	275.01	28.463	28.507	28.491	
3565	275.02	28.463	28.507	28.491	
3566	275.05	28.463	28.507	28.491	
3567	275.14	28.463	28.507	28.491	
3568	275.24	28.463	28.507	28.491	
3569	275.34	28.463	28.507	28.491	
3570	275.44	28.463	28.507	28.491	
3571	275.54	28.463	28.507	28.492	
3572	275.64	28.463	28.508	28.492	
3573	275.74	28.463	28.508	28.492	
3574	275.84	28.463	28.508	28.492	
3575	275.94	28.464	28.508	28.492	
3576	276.	28.464	28.508	28.492	
3577	276.01	28.464	28.508	28.492	
3578	276.02	28.464	28.508	28.492	
3579	276.05	28.464	28.508	28.492	
3580	276.14	28.464	28.508	28.492	
3581	276.24	28.464	28.508	28.492	
3582	276.34	28.464	28.508	28.492	
3583	276.44	28.464	28.508	28.492	
3584	276.54	28.464	28.508	28.493	
3585	276.64	28.464	28.508	28.493	
3586	276.74	28.464	28.509	28.493	
3587	276.84	28.464	28.509	28.493	
3588	276.94	28.465	28.509	28.493	
3589	277.	28.465	28.509	28.493	
3590	277.01	28.465	28.509	28.493	
3591	277.02	28.465	28.509	28.493	
3592	277.05	28.465	28.509	28.493	
3593	277.14	28.465	28.509	28.493	
3594	277.24	28.465	28.509	28.493	
3595	277.34	28.465	28.509	28.493	
3596	277.44	28.465	28.509	28.493	
3597	277.54	28.465	28.509	28.493	
3598	277.64	28.465	28.509	28.494	
3599	277.74	28.465	28.51	28.494	
3600	277.84	28.465	28.51	28.494	
3601	277.94	28.465	28.51	28.494	
3602	278.	28.466	28.51	28.494	
3603	278.01	28.466	28.51	28.494	
3604	278.02	28.466	28.51	28.494	
3605	278.05	28.466	28.51	28.494	
3606	278.14	28.466	28.51	28.494	
3607	278.24	28.466	28.51	28.494	
3608	278.34	28.466	28.51	28.494	
3609	278.44	28.466	28.51	28.494	
3610	278.54	28.466	28.51	28.494	
3611	278.64	28.466	28.51	28.494	
3612	278.74	28.466	28.51	28.495	
3613	278.84	28.466	28.511	28.495	
3614	278.94	28.466	28.511	28.495	
3615	279.	28.466	28.511	28.495	
3616	279.01	28.466	28.511	28.495	
3617	279.02	28.466	28.511	28.495	
3618	279.05	28.467	28.511	28.495	
3619	279.14	28.467	28.511	28.495	
3620	279.24	28.467	28.511	28.495	
3621	279.34	28.467	28.511	28.495	
3622	279.44	28.467	28.511	28.495	
3623	279.54	28.467	28.511	28.495	
3624	279.64	28.467	28.511	28.495	
3625	279.74	28.467	28.511	28.496	
3626	279.84	28.467	28.512	28.496	
3627	279.94	28.467	28.512	28.496	
3628	280.	28.467	28.512	28.496	
3629	280.01	28.467	28.512	28.496	
3630	280.02	28.467	28.512	28.496	
3631	280.05	28.467	28.512	28.496	
3632	280.14	28.468	28.512	28.496	
3633	280.24	28.468	28.512	28.496	
3634	280.34	28.468	28.512	28.496	
3635	280.44	28.468	28.512	28.496	
3636	280.54	28.468	28.512	28.496	
3637	280.64	28.468	28.512	28.496	
3638	280.74	28.468	28.512	28.496	
3639	280.84	28.468	28.512	28.497	
3640	280.94	28.468	28.513	28.497	
3641	281.	28.468	28.513	28.497	
3642	281.01	28.468	28.513	28.497	
3643	281.02	28.468	28.513	28.497	
3644	281.05	28.468	28.513	28.497	
3645	281.14	28.468	28.513	28.497	
3646	281.24	28.469	28.513	28.497	
3647	281.34	28.469	28.513	28.497	
3648	281.44	28.469	28.513	28.497	
3649	281.54	28.469	28.513	28.497	
3650	281.64	28.469	28.513	28.497	
3651	281.74	28.469	28.513	28.497	
3652	281.84	28.469	28.513	28.498	
3653	281.94	28.469	28.514	28.498	
3654	282.	28.469	28.514	28.498	
3655	282.01	28.469	28.514	28.498	
3656	282.02	28.469	28.514	28.498	
3657	282.05	28.469	28.514	28.498	
3658	282.14	28.469	28.514	28.498	
3659	282.24	28.47	28.514	28.498	
3660	282.34	28.47	28.514	28.498	
3661	282.44	28.47	28.514	28.498	
3662	282.54	28.47	28.514	28.498	
3663	282.64	28.47	28.514	28.498	
3664	282.74	28.47	28.514	28.498	
3665	282.84	28.47	28.514	28.498	
3666	282.94	28.47	28.514	28.499	
3667	283.	28.47	28.515	28.499	
3668	283.01	28.47	28.515	28.499	
3669	283.02	28.47	28.515	28.499	
3670	283.05	28.47	28.515	28.499	
3671	283.14	28.47	28.515	28.499	
3672	283.24	28.47	28.515	28.499	
3673	283.34	28.471	28.515	28.499	
3674	283.44	28.471	28.515	28.499	
3675	283.54	28.471	28.515	28.499	
3676	283.64	28.471	28.515	28.499	
3677	283.74	28.471	28.515	28.499	
3678	283.84	28.471	28.515	28.499	
3679	283.94	28.471	28.515	28.499	
3680	284.	28.471	28.515	28.5	
3681	284.01	28.471	28.515	28.5	
3682	284.02	28.471	28.515	28.5	
3683	284.05	28.471	28.516	28.5	
3684	284.14	28.471	28.516	28.5	
3685	284.24	28.471	28.516	28.5	
3686	284.34	28.471	28.516	28.5	
3687	284.44	28.472	28.516	28.5	
3688	284.54	28.472	28.516	28.5	
3689	284.64	28.472	28.516	28.5	
3690	284.74	28.472	28.516	28.5	
3691	284.84	28.472	28.516	28.5	
3692	284.94	28.472	28.516	28.5	
3693	285.	28.472	28.516	28.501	
3694	285.01	28.472	28.516	28.501	
3695	285.02	28.472	28.516	28.501	
3696	285.05	28.472	28.516	28.501	
3697	285.14	28.472	28.517	28.501	
3698	285.24	28.472	28.517	28.501	
3699	285.34	28.472	28.517	28.501	
3700	285.44	28.473	28.517	28.501	
3701	285.54	28.473	28.517	28.501	
3702	285.64	28.473	28.517	28.501	
3703	285.74	28.473	28.517	28.501	
3704	285.84	28.473	28.517	28.501	
3705	285.94	28.473	28.517	28.501	
3706	286.	28.473	28.517	28.501	
3707	286.01	28.473	28.517	28.501	
3708	286.02	28.473	28.517	28.501	
3709	286.05	28.473	28.517	28.502	
3710	286.14	28.473	28.518	28.502	
3711	286.24	28.473	28.518	28.502	
3712	286.34	28.473	28.518	28.502	
3713	286.44	28.473	28.518	28.502	
3714	286.54	28.474	28.518	28.502	
3715	286.64	28.474	28.518	28.502	
3716	286.74	28.474	28.518	28.502	
3717	286.84	28.474	28.518	28.502	
3718	286.94	28.474	28.518	28.502	
3719	287.	28.474	28.518	28.502	
3720	287.01	28.474	28.518	28.502	
3721	287.02	28.474	28.518	28.502	
3722	287.05	28.474	28.518	28.502	
3723	287.14	28.474	28.518	28.503	
3724	287.24	28.474	28.519	28.503	
3725	287.34	28.474	28.519	28.503	
3726	287.44	28.474	28.519	28.503	
3727	287.54	28.475	28.519	28.503	
3728	287.64	28.475	28.519	28.503	
3729	287.74	28.475	28.519	28.503	
3730	287.84	28.475	28.519	28.503	
3731	287.94	28.475	28.519	28.503	
3732	288.	28.475	28.519	28.503	
3733	288.01	28.475	28.519	28.503	
3734	288.02	28.475	28.519	28.503	
3735	288.05	28.475	28.519	28.503	
3736	288.14	28.475	28.519	28.503	
3737	288.24	28.475	28.52	28.504	
3738	288.34	28.475	28.52	28.504	
3739	288.44	28.475	28.52	28.504	
3740	288.54	28.475	28.52	28.504	
3741	288.64	28.476	28.52	28.504	
3742	288.74	28.476	28.52	28.504	
3743	288.84	28.476	28.52	28.504	
3744	288.94	28.476	28.52	28.504	
3745	289.	28.476	28.52	28.504	
3746	289.01	28.476	28.52	28.504	
3747	289.02	28.476	28.52	28.504	
3748	289.05	28.476	28.52	28.504	
3749	289.14	28.476	28.52	28.504	
3750	289.24	28.476	28.52	28.505	
3751	289.34	28.476	28.521	28.505	
3752	289.44	28.476	28.521	28.505	
3753	289.54	28.476	28.521	28.505	
3754	289.64	28.477	28.521	28.505	
3755	289.74	28.477	28.521	28.505	
3756	289.84	28.477	28.521	28.505	
3757	289.94	28.477	28.521	28.505	
3758	290.	28.477	28.521	28.505	
3759	290.01	28.477	28.521	28.505	
3760	290.02	28.477	28.521	28.505	
3761	290.05	28.477	28.521	28.505	
3762	290.14	28.477	28.521	28.505	
3763	290.24	28.477	28.521	28.505	
3764	290.34	28.477	28.522	28.506	
3765	290.44	28.477	28.522	28.506	
3766	290.54	28.477	28.522	28.506	
3767	290.64	28.477	28.522	28.506	
3768	290.74	28.478	28.522	28.506	
3769	290.84	28.478	28.522	28.506	
3770	290.94	28.478	28.522	28.506	
3771	291.	28.478	28.522	28.506	
3772	291.01	28.478	28.522	28.506	
3773	291.02	28.478	28.522	28.506	
3774	291.05	28.478	28.522	28.506	
3775	291.14	28.478	28.522	28.506	
3776	291.24	28.478	28.522	28.506	
3777	291.34	28.478	28.522	28.507	
3778	291.44	28.478	28.523	28.507	
3779	291.54	28.478	28.523	28.507	
3780	291.64	28.478	28.523	28.507	
3781	291.74	28.479	28.523	28.507	
3782	291.84	28.479	28.523	28.507	
3783	291.94	28.479	28.523	28.507	
3784	292.	28.479	28.523	28.507	
3785	292.01	28.479	28.523	28.507	
3786	292.02	28.479	28.523	28.507	
3787	292.05	28.479	28.523	28.507	
3788	292.14	28.479	28.523	28.507	
3789	292.24	28.479	28.523	28.507	
3790	292.34	28.479	28.523	28.508	
3791	292.44	28.479	28.524	28.508	
3792	292.54	28.479	28.524	28.508	
3793	292.64	28.479	28.524	28.508	
3794	292.74	28.479	28.524	28.508	
3795	292.84	28.48	28.524	28.508	
3796	292.94	28.48	28.524	28.508	
3797	293.	28.48	28.524	28.508	
3798	293.01	28.48	28.524	28.508	
3799	293.02	28.48	28.524	28.508	
3800	293.05	28.48	28.524	28.508	
3801	293.14	28.48	28.524	28.508	
3802	293.24	28.48	28.524	28.508	
3803	293.34	28.48	28.524	28.508	
3804	293.44	28.48	28.524	28.509	
3805	293.54	28.48	28.525	28.509	
3806	293.64	28.48	28.525	28.509	
3807	293.74	28.48	28.525	28.509	
3808	293.84	28.481	28.525	28.509	
3809	293.94	28.481	28.525	28.509	
3810	294.	28.481	28.525	28.509	
3811	294.01	28.481	28.525	28.509	
3812	294.02	28.481	28.525	28.509	
3813	294.05	28.481	28.525	28.509	
3814	294.14	28.481	28.525	28.509	
3815	294.24	28.481	28.525	28.509	
3816	294.34	28.481	28.525	28.509	
3817	294.44	28.481	28.525	28.51	
3818	294.54	28.481	28.526	28.51	
3819	294.64	28.481	28.526	28.51	
3820	294.74	28.481	28.526	28.51	
3821	294.84	28.481	28.526	28.51	
3822	294.94	28.482	28.526	28.51	
3823	295.	28.482	28.526	28.51	
3824	295.01	28.482	28.526	28.51	
3825	295.02	28.482	28.526	28.51	
3826	295.05	28.482	28.526	28.51	
3827	295.14	28.482	28.526	28.51	
3828	295.24	28.482	28.526	28.51	
3829	295.34	28.482	28.526	28.51	
3830	295.44	28.482	28.526	28.51	
3831	295.54	28.482	28.527	28.511	
3832	295.64	28.482	28.527	28.511	
3833	295.74	28.482	28.527	28.511	
3834	295.84	28.482	28.527	28.511	
3835	295.94	28.483	28.527	28.511	
3836	296.	28.483	28.527	28.511	
3837	296.01	28.483	28.527	28.511	
3838	296.02	28.483	28.527	28.511	
3839	296.05	28.483	28.527	28.511	
3840	296.14	28.483	28.527	28.511	
3841	296.24	28.483	28.527	28.511	
3842	296.34	28.483	28.527	28.511	
3843	296.44	28.483	28.527	28.511	
3844	296.54	28.483	28.527	28.512	
3845	296.64	28.483	28.528	28.512	
3846	296.74	28.483	28.528	28.512	
3847	296.84	28.483	28.528	28.512	
3848	296.94	28.483	28.528	28.512	
3849	297.	28.484	28.528	28.512	
3850	297.01	28.484	28.528	28.512	
3851	297.02	28.484	28.528	28.512	
3852	297.05	28.484	28.528	28.512	
3853	297.14	28.484	28.528	28.512	
3854	297.24	28.484	28.528	28.512	
3855	297.34	28.484	28.528	28.512	
3856	297.44	28.484	28.528	28.512	
3857	297.54	28.484	28.528	28.512	
3858	297.64	28.484	28.529	28.513	
3859	297.74	28.484	28.529	28.513	
3860	297.84	28.484	28.529	28.513	
3861	297.94	28.484	28.529	28.513	
3862	298.	28.485	28.529	28.513	
3863	298.01	28.485	28.529	28.513	
3864	298.02	28.485	28.529	28.513	
3865	298.05	28.485	28.529	28.513	
3866	298.14	28.485	28.529	28.513	
3867	298.24	28.485	28.529	28.513	
3868	298.34	28.485	28.529	28.513	
3869	298.44	28.485	28.529	28.513	
3870	298.54	28.485	28.529	28.513	
3871	298.64	28.485	28.529	28.514	
3872	298.74	28.485	28.53	28.514	
3873	298.84	28.485	28.53	28.514	
3874	298.94	28.485	28.53	28.514	
3875	299.	28.485	28.53	28.514	
3876	299.01	28.485	28.53	28.514	
3877	299.02	28.485	28.53	28.514	
3878	299.05	28.486	28.53	28.514	
3879	299.14	28.486	28.53	28.514	
3880	299.24	28.486	28.53	28.514	
3881	299.34	28.486	28.53	28.514	
3882	299.44	28.486	28.53	28.514	
3883	299.54	28.486	28.53	28.514	
3884	299.64	28.486	28.53	28.515	
3885	299.74	28.486	28.531	28.515	
3886	299.84	28.486	28.531	28.515	
3887	299.94	28.486	28.531	28.515	
3888	300.	28.486	28.531	28.515	
3889	300.01	28.486	28.531	28.515	
3890	300.02	28.486	28.531	28.515	
3891	300.05	28.486	28.531	28.515	
3892	300.14	28.487	28.531	28.515	
3893	300.24	28.487	28.531	28.515	
3894	300.34	28.487	28.531	28.515	
3895	300.44	28.487	28.531	28.515	
3896	300.54	28.487	28.531	28.515	
3897	300.64	28.487	28.531	28.515	
3898	300.74	28.487	28.532	28.516	
3899	300.84	28.487	28.532	28.516	
3900	300.94	28.487	28.532	28.516	
3901	301.	28.487	28.532	28.516	
3902	301.01	28.487	28.532	28.516	
3903	301.02	28.487	28.532	28.516	
3904	301.05	28.487	28.532	28.516	
3905	301.14	28.488	28.532	28.516	
3906	301.24	28.488	28.532	28.516	
3907	301.34	28.488	28.532	28.516	
3908	301.44	28.488	28.532	28.516	
3909	301.54	28.488	28.532	28.516	
3910	301.64	28.488	28.532	28.516	
3911	301.74	28.488	28.532	28.517	
3912	301.84	28.488	28.533	28.517	
3913	301.94	28.488	28.533	28.517	
3914	302.	28.488	28.533	28.517	
3915	302.01	28.488	28.533	28.517	
3916	302.02	28.488	28.533	28.517	
3917	302.05	28.488	28.533	28.517	
3918	302.14	28.488	28.533	28.517	
3919	302.24	28.489	28.533	28.517	
3920	302.34	28.489	28.533	28.517	
3921	302.44	28.489	28.533	28.517	
3922	302.54	28.489	28.533	28.517	
3923	302.64	28.489	28.533	28.517	
3924	302.74	28.489	28.533	28.518	
3925	302.84	28.489	28.534	28.518	
3926	302.94	28.489	28.534	28.518	
3927	303.	28.489	28.534	28.518	
3928	303.01	28.489	28.534	28.518	
3929	303.02	28.489	28.534	28.518	
3930	303.05	28.489	28.534	28.518	
3931	303.14	28.489	28.534	28.518	
3932	303.24	28.49	28.534	28.518	
3933	303.34	28.49	28.534	28.518	
3934	303.44	28.49	28.534	28.518	
3935	303.54	28.49	28.534	28.518	
3936	303.64	28.49	28.534	28.518	
3937	303.74	28.49	28.534	28.518	
3938	303.84	28.49	28.535	28.519	
3939	303.94	28.49	28.535	28.519	
3940	304.	28.49	28.535	28.519	
3941	304.01	28.49	28.535	28.519	
3942	304.02	28.49	28.535	28.519	
3943	304.05	28.49	28.535	28.519	
3944	304.14	28.49	28.535	28.519	
3945	304.24	28.49	28.535	28.519	
3946	304.34	28.491	28.535	28.519	
3947	304.44	28.491	28.535	28.519	
3948	304.54	28.491	28.535	28.519	
3949	304.64	28.491	28.535	28.519	
3950	304.74	28.491	28.535	28.519	
3951	304.84	28.491	28.535	28.52	
3952	304.94	28.491	28.536	28.52	
3953	305.	28.491	28.536	28.52	
3954	305.01	28.491	28.536	28.52	
3955	305.02	28.491	28.536	28.52	
3956	305.05	28.491	28.536	28.52	
3957	305.14	28.491	28.536	28.52	
3958	305.24	28.491	28.536	28.52	
3959	305.34	28.492	28.536	28.52	
3960	305.44	28.492	28.536	28.52	
3961	305.54	28.492	28.536	28.52	
3962	305.64	28.492	28.536	28.52	
3963	305.74	28.492	28.536	28.52	
3964	305.84	28.492	28.536	28.521	
3965	305.94	28.492	28.537	28.521	
3966	306.	28.492	28.537	28.521	
3967	306.01	28.492	28.537	28.521	
3968	306.02	28.492	28.537	28.521	
3969	306.05	28.492	28.537	28.521	
3970	306.14	28.492	28.537	28.521	
3971	306.24	28.492	28.537	28.521	
3972	306.34	28.493	28.537	28.521	
3973	306.44	28.493	28.537	28.521	
3974	306.54	28.493	28.537	28.521	
3975	306.64	28.493	28.537	28.521	
3976	306.74	28.493	28.537	28.521	
3977	306.84	28.493	28.537	28.521	
3978	306.94	28.493	28.538	28.522	
3979	307.	28.493	28.538	28.522	
3980	307.01	28.493	28.538	28.522	
3981	307.02	28.493	28.538	28.522	
3982	307.05	28.493	28.538	28.522	
3983	307.14	28.493	28.538	28.522	
3984	307.24	28.493	28.538	28.522	
3985	307.34	28.493	28.538	28.522	
3986	307.44	28.494	28.538	28.522	
3987	307.54	28.494	28.538	28.522	
3988	307.64	28.494	28.538	28.522	
3989	307.74	28.494	28.538	28.522	
3990	307.84	28.494	28.538	28.522	
3991	307.94	28.494	28.539	28.523	
3992	308.	28.494	28.539	28.523	
3993	308.01	28.494	28.539	28.523	
3994	308.02	28.494	28.539	28.523	
3995	308.05	28.494	28.539	28.523	
3996	308.14	28.494	28.539	28.523	
3997	308.24	28.494	28.539	28.523	
3998	308.34	28.494	28.539	28.523	
3999	308.44	28.495	28.539	28.523	
4000	308.54	28.495	28.539	28.523	
4001	308.64	28.495	28.539	28.523	
4002	308.74	28.495	28.539	28.523	
4003	308.84	28.495	28.539	28.523	
4004	308.94	28.495	28.539	28.524	
4005	309.	28.495	28.54	28.524	
4006	309.01	28.495	28.54	28.524	
4007	309.02	28.495	28.54	28.524	
4008	309.05	28.495	28.54	28.524	
4009	309.14	28.495	28.54	28.524	
4010	309.24	28.495	28.54	28.524	
4011	309.34	28.495	28.54	28.524	
4012	309.44	28.496	28.54	28.524	
4013	309.54	28.496	28.54	28.524	
4014	309.64	28.496	28.54	28.524	
4015	309.74	28.496	28.54	28.524	
4016	309.84	28.496	28.54	28.524	
4017	309.94	28.496	28.54	28.524	
4018	310.	28.496	28.541	28.525	
4019	310.01	28.496	28.541	28.525	
4020	310.02	28.496	28.541	28.525	
4021	310.05	28.496	28.541	28.525	
4022	310.14	28.496	28.541	28.525	
4023	310.24	28.496	28.541	28.525	
4024	310.34	28.496	28.541	28.525	
4025	310.44	28.496	28.541	28.525	
4026	310.54	28.497	28.541	28.525	
4027	310.64	28.497	28.541	28.525	
4028	310.74	28.497	28.541	28.525	
4029	310.84	28.497	28.541	28.525	
4030	310.94	28.497	28.541	28.525	
4031	311.	28.497	28.541	28.526	
4032	311.01	28.497	28.542	28.526	
4033	311.02	28.497	28.542	28.526	
4034	311.05	28.497	28.542	28.526	
4035	311.14	28.497	28.542	28.526	
4036	311.24	28.497	28.542	28.526	
4037	311.34	28.497	28.542	28.526	
4038	311.44	28.497	28.542	28.526	
4039	311.54	28.498	28.542	28.526	
4040	311.64	28.498	28.542	28.526	
4041	311.74	28.498	28.542	28.526	
4042	311.84	28.498	28.542	28.526	
4043	311.94	28.498	28.542	28.526	
4044	312.	28.498	28.542	28.526	
4045	312.01	28.498	28.542	28.527	
4046	312.02	28.498	28.542	28.527	
4047	312.05	28.498	28.543	28.527	
4048	312.14	28.498	28.543	28.527	
4049	312.24	28.498	28.543	28.527	
4050	312.34	28.498	28.543	28.527	
4051	312.44	28.498	28.543	28.527	
4052	312.54	28.499	28.543	28.527	
4053	312.64	28.499	28.543	28.527	
4054	312.74	28.499	28.543	28.527	
4055	312.84	28.499	28.543	28.527	
4056	312.94	28.499	28.543	28.527	
4057	313.	28.499	28.543	28.527	
4058	313.01	28.499	28.543	28.527	
4059	313.02	28.499	28.543	28.527	
4060	313.05	28.499	28.543	28.528	
4061	313.14	28.499	28.544	28.528	
4062	313.24	28.499	28.544	28.528	
4063	313.34	28.499	28.544	28.528	
4064	313.44	28.499	28.544	28.528	
4065	313.54	28.499	28.544	28.528	
4066	313.64	28.5	28.544	28.528	
4067	313.74	28.5	28.544	28.528	
4068	313.84	28.5	28.544	28.528	
4069	313.94	28.5	28.544	28.528	
4070	314.	28.5	28.544	28.528	
4071	314.01	28.5	28.544	28.528	
4072	314.02	28.5	28.544	28.528	
4073	314.05	28.5	28.544	28.528	
4074	314.14	28.5	28.545	28.529	
4075	314.24	28.5	28.545	28.529	
4076	314.34	28.5	28.545	28.529	
4077	314.44	28.5	28.545	28.529	
4078	314.54	28.5	28.545	28.529	
4079	314.64	28.501	28.545	28.529	
4080	314.74	28.501	28.545	28.529	
4081	314.84	28.501	28.545	28.529	
4082	314.94	28.501	28.545	28.529	
4083	315.	28.501	28.545	28.529	
4084	315.01	28.501	28.545	28.529	
4085	315.02	28.501	28.545	28.529	
4086	315.05	28.501	28.545	28.529	
4087	315.14	28.501	28.546	28.53	
4088	315.24	28.501	28.546	28.53	
4089	315.34	28.501	28.546	28.53	
4090	315.44	28.501	28.546	28.53	
4091	315.54	28.501	28.546	28.53	
4092	315.64	28.502	28.546	28.53	
4093	315.74	28.502	28.546	28.53	
4094	315.84	28.502	28.546	28.53	
4095	315.94	28.502	28.546	28.53	
4096	316.	28.502	28.546	28.53	
4097	316.01	28.502	28.546	28.53	
4098	316.02	28.502	28.546	28.53	
4099	316.05	28.502	28.546	28.53	
4100	316.14	28.502	28.547	28.531	
4101	316.24	28.502	28.547	28.531	
4102	316.34	28.502	28.547	28.531	
4103	316.44	28.502	28.547	28.531	
4104	316.54	28.502	28.547	28.531	
4105	316.64	28.503	28.547	28.531	
4106	316.74	28.503	28.547	28.531	
4107	316.84	28.503	28.547	28.531	
4108	316.94	28.503	28.547	28.531	
4109	317.	28.503	28.547	28.531	
4110	317.01	28.503	28.547	28.531	
4111	317.02	28.503	28.547	28.531	
4112	317.05	28.503	28.547	28.531	
4113	317.14	28.503	28.548	28.532	
4114	317.24	28.503	28.548	28.532	
4115	317.34	28.503	28.548	28.532	
4116	317.44	28.503	28.548	28.532	
4117	317.54	28.503	28.548	28.532	
4118	317.64	28.503	28.548	28.532	
4119	317.74	28.504	28.548	28.532	
4120	317.84	28.504	28.548	28.532	
4121	317.94	28.504	28.548	28.532	
4122	318.	28.504	28.548	28.532	
4123	318.01	28.504	28.548	28.532	
4124	318.02	28.504	28.548	28.532	
4125	318.05	28.504	28.548	28.532	
4126	318.14	28.504	28.548	28.532	
4127	318.24	28.504	28.549	28.533	
4128	318.34	28.504	28.549	28.533	
4129	318.44	28.504	28.549	28.533	
4130	318.54	28.504	28.549	28.533	
4131	318.64	28.504	28.549	28.533	
4132	318.74	28.505	28.549	28.533	
4133	318.84	28.505	28.549	28.533	
4134	318.94	28.505	28.549	28.533	
4135	319.	28.505	28.549	28.533	
4136	319.01	28.505	28.549	28.533	
4137	319.02	28.505	28.549	28.533	
4138	319.05	28.505	28.549	28.533	
4139	319.14	28.505	28.549	28.533	
4140	319.24	28.505	28.55	28.534	
4141	319.34	28.505	28.55	28.534	
4142	319.44	28.505	28.55	28.534	
4143	319.54	28.505	28.55	28.534	
4144	319.64	28.505	28.55	28.534	
4145	319.74	28.506	28.55	28.534	
4146	319.84	28.506	28.55	28.534	
4147	319.94	28.506	28.55	28.534	
4148	320.	28.506	28.55	28.534	
4149	320.01	28.506	28.55	28.534	
4150	320.02	28.506	28.55	28.534	
4151	320.05	28.506	28.55	28.534	
4152	320.14	28.506	28.55	28.534	
4153	320.24	28.506	28.551	28.535	
4154	320.34	28.506	28.551	28.535	
4155	320.44	28.506	28.551	28.535	
4156	320.54	28.506	28.551	28.535	
4157	320.64	28.506	28.551	28.535	
4158	320.74	28.507	28.551	28.535	
4159	320.84	28.507	28.551	28.535	
4160	320.94	28.507	28.551	28.535	
4161	321.	28.507	28.551	28.535	
4162	321.01	28.507	28.551	28.535	
4163	321.02	28.507	28.551	28.535	
4164	321.05	28.507	28.551	28.535	
4165	321.14	28.507	28.551	28.535	
4166	321.24	28.507	28.552	28.536	
4167	321.34	28.507	28.552	28.536	
4168	321.44	28.507	28.552	28.536	
4169	321.54	28.507	28.552	28.536	
4170	321.64	28.507	28.552	28.536	
4171	321.74	28.507	28.552	28.536	
4172	321.84	28.508	28.552	28.536	
4173	321.94	28.508	28.552	28.536	
4174	322.	28.508	28.552	28.536	
4175	322.01	28.508	28.552	28.536	
4176	322.02	28.508	28.552	28.536	
4177	322.05	28.508	28.552	28.536	
4178	322.14	28.508	28.552	28.536	
4179	322.24	28.508	28.553	28.537	
4180	322.34	28.508	28.553	28.537	
4181	322.44	28.508	28.553	28.537	
4182	322.54	28.508	28.553	28.537	
4183	322.64	28.508	28.553	28.537	
4184	322.74	28.508	28.553	28.537	
4185	322.84	28.509	28.553	28.537	
4186	322.94	28.509	28.553	28.537	
4187	323.	28.509	28.553	28.537	
4188	323.01	28.509	28.553	28.537	
4189	323.02	28.509	28.553	28.537	
4190	323.05	28.509	28.553	28.537	
4191	323.14	28.509	28.553	28.537	
4192	323.24	28.509	28.553	28.537	
4193	323.34	28.509	28.554	28.538	
4194	323.44	28.509	28.554	28.538	
4195	323.54	28.509	28.554	28.538	
4196	323.64	28.509	28.554	28.538	
4197	323.74	28.509	28.554	28.538	
4198	323.84	28.51	28.554	28.538	
4199	323.94	28.51	28.554	28.538	
4200	324.	28.51	28.554	28.538	
4201	324.01	28.51	28.554	28.538	
4202	324.02	28.51	28.554	28.538	
4203	324.05	28.51	28.554	28.538	
4204	324.14	28.51	28.554	28.538	
4205	324.24	28.51	28.554	28.538	
4206	324.34	28.51	28.555	28.539	
4207	324.44	28.51	28.555	28.539	
4208	324.54	28.51	28.555	28.539	
4209	324.64	28.51	28.555	28.539	
4210	324.74	28.51	28.555	28.539	
4211	324.84	28.511	28.555	28.539	
4212	324.94	28.511	28.555	28.539	
4213	325.	28.511	28.555	28.539	
4214	325.01	28.511	28.555	28.539	
4215	325.02	28.511	28.555	28.539	
4216	325.05	28.511	28.555	28.539	
4217	325.14	28.511	28.555	28.539	
4218	325.24	28.511	28.555	28.539	
4219	325.34	28.511	28.556	28.54	
4220	325.44	28.511	28.556	28.54	
4221	325.54	28.511	28.556	28.54	
4222	325.64	28.511	28.556	28.54	
4223	325.74	28.511	28.556	28.54	
4224	325.84	28.511	28.556	28.54	
4225	325.94	28.512	28.556	28.54	
4226	326.	28.512	28.556	28.54	
4227	326.01	28.512	28.556	28.54	
4228	326.02	28.512	28.556	28.54	
4229	326.05	28.512	28.556	28.54	
4230	326.14	28.512	28.556	28.54	
4231	326.24	28.512	28.556	28.54	
4232	326.34	28.512	28.557	28.541	
4233	326.44	28.512	28.557	28.541	
4234	326.54	28.512	28.557	28.541	
4235	326.64	28.512	28.557	28.541	
4236	326.74	28.512	28.557	28.541	
4237	326.84	28.512	28.557	28.541	
4238	326.94	28.513	28.557	28.541	
4239	327.	28.513	28.557	28.541	
4240	327.01	28.513	28.557	28.541	
4241	327.02	28.513	28.557	28.541	
4242	327.05	28.513	28.557	28.541	
4243	327.14	28.513	28.557	28.541	
4244	327.24	28.513	28.557	28.541	
4245	327.34	28.513	28.558	28.542	
4246	327.44	28.513	28.558	28.542	
4247	327.54	28.513	28.558	28.542	
4248	327.64	28.513	28.558	28.542	
4249	327.74	28.513	28.558	28.542	
4250	327.84	28.513	28.558	28.542	
4251	327.94	28.514	28.558	28.542	
4252	328.	28.514	28.558	28.542	
4253	328.01	28.514	28.558	28.542	
4254	328.02	28.514	28.558	28.542	
4255	328.05	28.514	28.558	28.542	
4256	328.14	28.514	28.558	28.542	
4257	328.24	28.514	28.558	28.542	
4258	328.34	28.514	28.559	28.543	
4259	328.44	28.514	28.559	28.543	
4260	328.54	28.514	28.559	28.543	
4261	328.64	28.514	28.559	28.543	
4262	328.74	28.514	28.559	28.543	
4263	328.84	28.514	28.559	28.543	
4264	328.94	28.515	28.559	28.543	
4265	329.	28.515	28.559	28.543	
4266	329.01	28.515	28.559	28.543	
4267	329.02	28.515	28.559	28.543	
4268	329.05	28.515	28.559	28.543	
4269	329.14	28.515	28.559	28.543	
4270	329.24	28.515	28.559	28.543	
4271	329.34	28.515	28.56	28.544	
4272	329.44	28.515	28.56	28.544	
4273	329.54	28.515	28.56	28.544	
4274	329.64	28.515	28.56	28.544	
4275	329.74	28.515	28.56	28.544	
4276	329.84	28.515	28.56	28.544	
4277	329.94	28.516	28.56	28.544	
4278	330.	28.516	28.56	28.544	
4279	330.01	28.516	28.56	28.544	
4280	330.02	28.516	28.56	28.544	
4281	330.05	28.516	28.56	28.544	
4282	330.14	28.516	28.56	28.544	
4283	330.24	28.516	28.56	28.544	
4284	330.34	28.516	28.561	28.544	
4285	330.44	28.516	28.561	28.545	
4286	330.54	28.516	28.561	28.545	
4287	330.64	28.516	28.561	28.545	
4288	330.74	28.516	28.561	28.545	
4289	330.84	28.516	28.561	28.545	
4290	330.94	28.517	28.561	28.545	
4291	331.	28.517	28.561	28.545	
4292	331.01	28.517	28.561	28.545	
4293	331.02	28.517	28.561	28.545	
4294	331.05	28.517	28.561	28.545	
4295	331.14	28.517	28.561	28.545	
4296	331.24	28.517	28.561	28.545	
4297	331.34	28.517	28.562	28.545	
4298	331.44	28.517	28.562	28.546	
4299	331.54	28.517	28.562	28.546	
4300	331.64	28.517	28.562	28.546	
4301	331.74	28.517	28.562	28.546	
4302	331.84	28.517	28.562	28.546	
4303	331.94	28.517	28.562	28.546	
4304	332.	28.518	28.562	28.546	
4305	332.01	28.518	28.562	28.546	
4306	332.02	28.518	28.562	28.546	
4307	332.05	28.518	28.562	28.546	
4308	332.14	28.518	28.562	28.546	
4309	332.24	28.518	28.562	28.546	
4310	332.34	28.518	28.562	28.546	
4311	332.44	28.518	28.563	28.547	
4312	332.54	28.518	28.563	28.547	
4313	332.64	28.518	28.563	28.547	
4314	332.74	28.518	28.563	28.547	
4315	332.84	28.518	28.563	28.547	
4316	332.94	28.518	28.563	28.547	
4317	333.	28.519	28.563	28.547	
4318	333.01	28.519	28.563	28.547	
4319	333.02	28.519	28.563	28.547	
4320	333.05	28.519	28.563	28.547	
4321	333.14	28.519	28.563	28.547	
4322	333.24	28.519	28.563	28.547	
4323	333.34	28.519	28.563	28.547	
4324	333.44	28.519	28.564	28.548	
4325	333.54	28.519	28.564	28.548	
4326	333.64	28.519	28.564	28.548	
4327	333.74	28.519	28.564	28.548	
4328	333.84	28.519	28.564	28.548	
4329	333.94	28.519	28.564	28.548	
4330	334.	28.52	28.564	28.548	
4331	334.01	28.52	28.564	28.548	
4332	334.02	28.52	28.564	28.548	
4333	334.05	28.52	28.564	28.548	
4334	334.14	28.52	28.564	28.548	
4335	334.24	28.52	28.564	28.548	
4336	334.34	28.52	28.564	28.548	
4337	334.44	28.52	28.565	28.549	
4338	334.54	28.52	28.565	28.549	
4339	334.64	28.52	28.565	28.549	
4340	334.74	28.52	28.565	28.549	
4341	334.84	28.52	28.565	28.549	
4342	334.94	28.52	28.565	28.549	
4343	335.	28.521	28.565	28.549	
4344	335.01	28.521	28.565	28.549	
4345	335.02	28.521	28.565	28.549	
4346	335.05	28.521	28.565	28.549	
4347	335.14	28.521	28.565	28.549	
4348	335.24	28.521	28.565	28.549	
4349	335.34	28.521	28.565	28.549	
4350	335.44	28.521	28.566	28.55	
4351	335.54	28.521	28.566	28.55	
4352	335.64	28.521	28.566	28.55	
4353	335.74	28.521	28.566	28.55	
4354	335.84	28.521	28.566	28.55	
4355	335.94	28.521	28.566	28.55	
4356	336.	28.521	28.566	28.55	
4357	336.01	28.521	28.566	28.55	
4358	336.02	28.522	28.566	28.55	
4359	336.05	28.522	28.566	28.55	
4360	336.14	28.522	28.566	28.55	
4361	336.24	28.522	28.566	28.55	
4362	336.34	28.522	28.566	28.55	
4363	336.44	28.522	28.567	28.551	
4364	336.54	28.522	28.567	28.551	
4365	336.64	28.522	28.567	28.551	
4366	336.74	28.522	28.567	28.551	
4367	336.84	28.522	28.567	28.551	
4368	336.94	28.522	28.567	28.551	
4369	337.	28.522	28.567	28.551	
4370	337.01	28.522	28.567	28.551	
4371	337.02	28.522	28.567	28.551	
4372	337.05	28.523	28.567	28.551	
4373	337.14	28.523	28.567	28.551	
4374	337.24	28.523	28.567	28.551	
4375	337.34	28.523	28.567	28.551	
4376	337.44	28.523	28.568	28.552	
4377	337.54	28.523	28.568	28.552	
4378	337.64	28.523	28.568	28.552	
4379	337.74	28.523	28.568	28.552	
4380	337.84	28.523	28.568	28.552	
4381	337.94	28.523	28.568	28.552	
4382	338.	28.523	28.568	28.552	
4383	338.01	28.523	28.568	28.552	
4384	338.02	28.523	28.568	28.552	
4385	338.05	28.524	28.568	28.552	
4386	338.14	28.524	28.568	28.552	
4387	338.24	28.524	28.568	28.552	
4388	338.34	28.524	28.568	28.552	
4389	338.44	28.524	28.569	28.553	
4390	338.54	28.524	28.569	28.553	
4391	338.64	28.524	28.569	28.553	
4392	338.74	28.524	28.569	28.553	
4393	338.84	28.524	28.569	28.553	
4394	338.94	28.524	28.569	28.553	
4395	339.	28.524	28.569	28.553	
4396	339.01	28.524	28.569	28.553	
4397	339.02	28.524	28.569	28.553	
4398	339.05	28.525	28.569	28.553	
4399	339.14	28.525	28.569	28.553	
4400	339.24	28.525	28.569	28.553	
4401	339.34	28.525	28.569	28.553	
4402	339.44	28.525	28.57	28.554	
4403	339.54	28.525	28.57	28.554	
4404	339.64	28.525	28.57	28.554	
4405	339.74	28.525	28.57	28.554	
4406	339.84	28.525	28.57	28.554	
4407	339.94	28.525	28.57	28.554	
4408	340.	28.525	28.57	28.554	
4409	340.01	28.525	28.57	28.554	
4410	340.02	28.525	28.57	28.554	
4411	340.05	28.525	28.57	28.554	
4412	340.14	28.526	28.57	28.554	
4413	340.24	28.526	28.57	28.554	
4414	340.34	28.526	28.57	28.554	
4415	340.44	28.526	28.571	28.555	
4416	340.54	28.526	28.571	28.555	
4417	340.64	28.526	28.571	28.555	
4418	340.74	28.526	28.571	28.555	
4419	340.84	28.526	28.571	28.555	
4420	340.94	28.526	28.571	28.555	
4421	341.	28.526	28.571	28.555	
4422	341.01	28.526	28.571	28.555	
4423	341.02	28.526	28.571	28.555	
4424	341.05	28.526	28.571	28.555	
4425	341.14	28.527	28.571	28.555	
4426	341.24	28.527	28.571	28.555	
4427	341.34	28.527	28.571	28.555	
4428	341.44	28.527	28.572	28.556	
4429	341.54	28.527	28.572	28.556	
4430	341.64	28.527	28.572	28.556	
4431	341.74	28.527	28.572	28.556	
4432	341.84	28.527	28.572	28.556	
4433	341.94	28.527	28.572	28.556	
4434	342.	28.527	28.572	28.556	
4435	342.01	28.527	28.572	28.556	
4436	342.02	28.527	28.572	28.556	
4437	342.05	28.527	28.572	28.556	
4438	342.14	28.528	28.572	28.556	
4439	342.24	28.528	28.572	28.556	
4440	342.34	28.528	28.572	28.556	
4441	342.44	28.528	28.573	28.556	
4442	342.54	28.528	28.573	28.557	
4443	342.64	28.528	28.573	28.557	
4444	342.74	28.528	28.573	28.557	
4445	342.84	28.528	28.573	28.557	
4446	342.94	28.528	28.573	28.557	
4447	343.	28.528	28.573	28.557	
4448	343.01	28.528	28.573	28.557	
4449	343.02	28.528	28.573	28.557	
4450	343.05	28.528	28.573	28.557	
4451	343.14	28.529	28.573	28.557	
4452	343.24	28.529	28.573	28.557	
4453	343.34	28.529	28.573	28.557	
4454	343.44	28.529	28.574	28.557	
4455	343.54	28.529	28.574	28.558	
4456	343.64	28.529	28.574	28.558	
4457	343.74	28.529	28.574	28.558	
4458	343.84	28.529	28.574	28.558	
4459	343.94	28.529	28.574	28.558	
4460	344.	28.529	28.574	28.558	
4461	344.01	28.529	28.574	28.558	
4462	344.02	28.529	28.574	28.558	
4463	344.05	28.529	28.574	28.558	
4464	344.14	28.53	28.574	28.558	
4465	344.24	28.53	28.574	28.558	
4466	344.34	28.53	28.574	28.558	
4467	344.44	28.53	28.575	28.558	
4468	344.54	28.53	28.575	28.559	
4469	344.64	28.53	28.575	28.559	
4470	344.74	28.53	28.575	28.559	
4471	344.84	28.53	28.575	28.559	
4472	344.94	28.53	28.575	28.559	
4473	345.	28.53	28.575	28.559	
4474	345.01	28.53	28.575	28.559	
4475	345.02	28.53	28.575	28.559	
4476	345.05	28.53	28.575	28.559	
4477	345.14	28.531	28.575	28.559	
4478	345.24	28.531	28.575	28.559	
4479	345.34	28.531	28.575	28.559	
4480	345.44	28.531	28.576	28.559	
4481	345.54	28.531	28.576	28.56	
4482	345.64	28.531	28.576	28.56	
4483	345.74	28.531	28.576	28.56	
4484	345.84	28.531	28.576	28.56	
4485	345.94	28.531	28.576	28.56	
4486	346.	28.531	28.576	28.56	
4487	346.01	28.531	28.576	28.56	
4488	346.02	28.531	28.576	28.56	
4489	346.05	28.531	28.576	28.56	
4490	346.14	28.532	28.576	28.56	
4491	346.24	28.532	28.576	28.56	
4492	346.34	28.532	28.576	28.56	
4493	346.44	28.532	28.577	28.56	
4494	346.54	28.532	28.577	28.561	
4495	346.64	28.532	28.577	28.561	
4496	346.74	28.532	28.577	28.561	
4497	346.84	28.532	28.577	28.561	
4498	346.94	28.532	28.577	28.561	
4499	347.	28.532	28.577	28.561	
4500	347.01	28.532	28.577	28.561	
4501	347.02	28.532	28.577	28.561	
4502	347.05	28.532	28.577	28.561	
4503	347.14	28.533	28.577	28.561	
4504	347.24	28.533	28.577	28.561	
4505	347.34	28.533	28.577	28.561	
4506	347.44	28.533	28.578	28.561	
4507	347.54	28.533	28.578	28.562	
4508	347.64	28.533	28.578	28.562	
4509	347.74	28.533	28.578	28.562	
4510	347.84	28.533	28.578	28.562	
4511	347.94	28.533	28.578	28.562	
4512	348.	28.533	28.578	28.562	
4513	348.01	28.533	28.578	28.562	
4514	348.02	28.533	28.578	28.562	
4515	348.05	28.533	28.578	28.562	
4516	348.14	28.534	28.578	28.562	
4517	348.24	28.534	28.578	28.562	
4518	348.34	28.534	28.578	28.562	
4519	348.44	28.534	28.579	28.562	
4520	348.54	28.534	28.579	28.563	
4521	348.64	28.534	28.579	28.563	
4522	348.74	28.534	28.579	28.563	
4523	348.84	28.534	28.579	28.563	
4524	348.94	28.534	28.579	28.563	
4525	349.	28.534	28.579	28.563	
4526	349.01	28.534	28.579	28.563	
4527	349.02	28.534	28.579	28.563	
4528	349.05	28.534	28.579	28.563	
4529	349.14	28.535	28.579	28.563	
4530	349.24	28.535	28.579	28.563	
4531	349.34	28.535	28.579	28.563	
4532	349.44	28.535	28.58	28.563	
4533	349.54	28.535	28.58	28.564	
4534	349.64	28.535	28.58	28.564	
4535	349.74	28.535	28.58	28.564	
4536	349.84	28.535	28.58	28.564	
4537	349.94	28.535	28.58	28.564	
4538	350.	28.535	28.58	28.564	
4539	350.01	28.535	28.58	28.564	
4540	350.02	28.535	28.58	28.564	
4541	350.05	28.535	28.58	28.564	
4542	350.14	28.536	28.58	28.564	
4543	350.24	28.536	28.58	28.564	
4544	350.34	28.536	28.58	28.564	
4545	350.44	28.536	28.581	28.564	
4546	350.54	28.536	28.581	28.565	
4547	350.64	28.536	28.581	28.565	
4548	350.74	28.536	28.581	28.565	
4549	350.84	28.536	28.581	28.565	
4550	350.94	28.536	28.581	28.565	
4551	351.	28.536	28.581	28.565	
4552	351.01	28.536	28.581	28.565	
4553	351.02	28.536	28.581	28.565	
4554	351.05	28.536	28.581	28.565	
4555	351.14	28.537	28.581	28.565	
4556	351.24	28.537	28.581	28.565	
4557	351.34	28.537	28.581	28.565	
4558	351.44	28.537	28.582	28.565	
4559	351.54	28.537	28.582	28.566	
4560	351.64	28.537	28.582	28.566	
4561	351.74	28.537	28.582	28.566	
4562	351.84	28.537	28.582	28.566	
4563	351.94	28.537	28.582	28.566	
4564	352.	28.537	28.582	28.566	
4565	352.01	28.537	28.582	28.566	
4566	352.02	28.537	28.582	28.566	
4567	352.05	28.537	28.582	28.566	
4568	352.14	28.538	28.582	28.566	
4569	352.24	28.538	28.582	28.566	
4570	352.34	28.538	28.582	28.566	
4571	352.44	28.538	28.583	28.566	
4572	352.54	28.538	28.583	28.567	
4573	352.64	28.538	28.583	28.567	
4574	352.74	28.538	28.583	28.567	
4575	352.84	28.538	28.583	28.567	
4576	352.94	28.538	28.583	28.567	
4577	353.	28.538	28.583	28.567	
4578	353.01	28.538	28.583	28.567	
4579	353.02	28.538	28.583	28.567	
4580	353.05	28.538	28.583	28.567	
4581	353.14	28.539	28.583	28.567	
4582	353.24	28.539	28.583	28.567	
4583	353.34	28.539	28.583	28.567	
4584	353.44	28.539	28.584	28.567	
4585	353.54	28.539	28.584	28.568	
4586	353.64	28.539	28.584	28.568	
4587	353.74	28.539	28.584	28.568	
4588	353.84	28.539	28.584	28.568	
4589	353.94	28.539	28.584	28.568	
4590	354.	28.539	28.584	28.568	
4591	354.01	28.539	28.584	28.568	
4592	354.02	28.539	28.584	28.568	
4593	354.05	28.539	28.584	28.568	
4594	354.14	28.539	28.584	28.568	
4595	354.24	28.54	28.584	28.568	
4596	354.34	28.54	28.584	28.568	
4597	354.44	28.54	28.585	28.568	
4598	354.54	28.54	28.585	28.569	
4599	354.64	28.54	28.585	28.569	
4600	354.74	28.54	28.585	28.569	
4601	354.84	28.54	28.585	28.569	
4602	354.94	28.54	28.585	28.569	
4603	355.	28.54	28.585	28.569	
4604	355.01	28.54	28.585	28.569	
4605	355.02	28.54	28.585	28.569	
4606	355.05	28.54	28.585	28.569	
4607	355.14	28.54	28.585	28.569	
4608	355.24	28.541	28.585	28.569	
4609	355.34	28.541	28.585	28.569	
4610	355.44	28.541	28.586	28.569	
4611	355.54	28.541	28.586	28.57	
4612	355.64	28.541	28.586	28.57	
4613	355.74	28.541	28.586	28.57	
4614	355.84	28.541	28.586	28.57	
4615	355.94	28.541	28.586	28.57	
4616	356.	28.541	28.586	28.57	
4617	356.01	28.541	28.586	28.57	
4618	356.02	28.541	28.586	28.57	
4619	356.05	28.541	28.586	28.57	
4620	356.14	28.541	28.586	28.57	
4621	356.24	28.542	28.586	28.57	
4622	356.34	28.542	28.586	28.57	
4623	356.44	28.542	28.587	28.571	
4624	356.54	28.542	28.587	28.571	
4625	356.64	28.542	28.587	28.571	
4626	356.74	28.542	28.587	28.571	
4627	356.84	28.542	28.587	28.571	
4628	356.94	28.542	28.587	28.571	
4629	357.	28.542	28.587	28.571	
4630	357.01	28.542	28.587	28.571	
4631	357.02	28.542	28.587	28.571	
4632	357.05	28.542	28.587	28.571	
4633	357.14	28.542	28.587	28.571	
4634	357.24	28.543	28.587	28.571	
4635	357.34	28.543	28.587	28.571	
4636	357.44	28.543	28.588	28.572	
4637	357.54	28.543	28.588	28.572	
4638	357.64	28.543	28.588	28.572	
4639	357.74	28.543	28.588	28.572	
4640	357.84	28.543	28.588	28.572	
4641	357.94	28.543	28.588	28.572	
4642	358.	28.543	28.588	28.572	
4643	358.01	28.543	28.588	28.572	
4644	358.02	28.543	28.588	28.572	
4645	358.05	28.543	28.588	28.572	
4646	358.14	28.543	28.588	28.572	
4647	358.24	28.544	28.588	28.572	
4648	358.34	28.544	28.589	28.572	
4649	358.44	28.544	28.589	28.573	
4650	358.54	28.544	28.589	28.573	
4651	358.64	28.544	28.589	28.573	
4652	358.74	28.544	28.589	28.573	
4653	358.84	28.544	28.589	28.573	
4654	358.94	28.544	28.589	28.573	
4655	359.	28.544	28.589	28.573	
4656	359.01	28.544	28.589	28.573	
4657	359.02	28.544	28.589	28.573	
4658	359.05	28.544	28.589	28.573	
4659	359.14	28.545	28.589	28.573	
4660	359.24	28.545	28.589	28.573	
4661	359.34	28.545	28.59	28.573	
4662	359.44	28.545	28.59	28.574	
4663	359.54	28.545	28.59	28.574	
4664	359.64	28.545	28.59	28.574	
4665	359.74	28.545	28.59	28.574	
4666	359.84	28.545	28.59	28.574	
4667	359.94	28.545	28.59	28.574	
4668	360.	28.545	28.59	28.574	
4669	360.01	28.545	28.59	28.574	
4670	360.02	28.545	28.59	28.574	
4671	360.05	28.545	28.59	28.574	
4672	360.14	28.546	28.59	28.574	
4673	360.24	28.546	28.59	28.574	
4674	360.34	28.546	28.591	28.574	
4675	360.44	28.546	28.591	28.575	
4676	360.54	28.546	28.591	28.575	
4677	360.64	28.546	28.591	28.575	
4678	360.74	28.546	28.591	28.575	
4679	360.84	28.546	28.591	28.575	
4680	360.94	28.546	28.591	28.575	
4681	361.	28.546	28.591	28.575	
4682	361.01	28.546	28.591	28.575	
4683	361.02	28.546	28.591	28.575	
4684	361.05	28.546	28.591	28.575	
4685	361.14	28.547	28.591	28.575	
4686	361.24	28.547	28.591	28.575	
4687	361.34	28.547	28.592	28.575	
4688	361.44	28.547	28.592	28.576	
4689	361.54	28.547	28.592	28.576	
4690	361.64	28.547	28.592	28.576	
4691	361.74	28.547	28.592	28.576	
4692	361.84	28.547	28.592	28.576	
4693	361.94	28.547	28.592	28.576	
4694	362.	28.547	28.592	28.576	
4695	362.01	28.547	28.592	28.576	
4696	362.02	28.547	28.592	28.576	
4697	362.05	28.547	28.592	28.576	
4698	362.14	28.548	28.592	28.576	
4699	362.24	28.548	28.592	28.576	
4700	362.34	28.548	28.593	28.576	
4701	362.44	28.548	28.593	28.577	
4702	362.54	28.548	28.593	28.577	
4703	362.64	28.548	28.593	28.577	
4704	362.74	28.548	28.593	28.577	
4705	362.84	28.548	28.593	28.577	
4706	362.94	28.548	28.593	28.577	
4707	363.	28.548	28.593	28.577	
4708	363.01	28.548	28.593	28.577	
4709	363.02	28.548	28.593	28.577	
4710	363.05	28.548	28.593	28.577	
4711	363.14	28.549	28.593	28.577	
4712	363.24	28.549	28.593	28.577	
4713	363.34	28.549	28.594	28.577	
4714	363.44	28.549	28.594	28.578	
4715	363.54	28.549	28.594	28.578	
4716	363.64	28.549	28.594	28.578	
4717	363.74	28.549	28.594	28.578	
4718	363.84	28.549	28.594	28.578	
4719	363.94	28.549	28.594	28.578	
4720	364.	28.549	28.594	28.578	
4721	364.01	28.549	28.594	28.578	
4722	364.02	28.549	28.594	28.578	
4723	364.05	28.549	28.594	28.578	
4724	364.14	28.55	28.594	28.578	
4725	364.24	28.55	28.594	28.578	
4726	364.34	28.55	28.595	28.578	
4727	364.44	28.55	28.595	28.579	
4728	364.54	28.55	28.595	28.579	
4729	364.64	28.55	28.595	28.579	
4730	364.74	28.55	28.595	28.579	
4731	364.84	28.55	28.595	28.579	
4732	364.94	28.55	28.595	28.579	
4733	365.	28.55	28.595	28.579	
4734	365.01	28.55	28.595	28.579	
4735	365.02	28.55	28.595	28.579	
4736	365.05	28.55	28.595	28.579	
4737	365.14	28.551	28.595	28.579	
4738	365.24	28.551	28.595	28.579	
4739	365.34	28.551	28.596	28.579	
4740	365.44	28.551	28.596	28.58	
4741	365.54	28.551	28.596	28.58	
4742	365.64	28.551	28.596	28.58	
4743	365.74	28.551	28.596	28.58	
4744	365.84	28.551	28.596	28.58	
4745	365.94	28.551	28.596	28.58	
4746	366.	28.551	28.596	28.58	
4747	366.01	28.551	28.596	28.58	
4748	366.02	28.551	28.596	28.58	
4749	366.05	28.551	28.596	28.58	
4750	366.14	28.552	28.596	28.58	
4751	366.24	28.552	28.596	28.58	
4752	366.34	28.552	28.597	28.58	
4753	366.44	28.552	28.597	28.581	
4754	366.54	28.552	28.597	28.581	
4755	366.64	28.552	28.597	28.581	
4756	366.74	28.552	28.597	28.581	
4757	366.84	28.552	28.597	28.581	
4758	366.94	28.552	28.597	28.581	
4759	367.	28.552	28.597	28.581	
4760	367.01	28.552	28.597	28.581	
4761	367.02	28.552	28.597	28.581	
4762	367.05	28.552	28.597	28.581	
4763	367.14	28.553	28.597	28.581	
4764	367.24	28.553	28.598	28.581	
4765	367.34	28.553	28.598	28.581	
4766	367.44	28.553	28.598	28.582	
4767	367.54	28.553	28.598	28.582	
4768	367.64	28.553	28.598	28.582	
4769	367.74	28.553	28.598	28.582	
4770	367.84	28.553	28.598	28.582	
4771	367.94	28.553	28.598	28.582	
4772	368.	28.553	28.598	28.582	
4773	368.01	28.553	28.598	28.582	
4774	368.02	28.553	28.598	28.582	
4775	368.05	28.553	28.598	28.582	
4776	368.14	28.554	28.598	28.582	
4777	368.24	28.554	28.599	28.582	
4778	368.34	28.554	28.599	28.582	
4779	368.44	28.554	28.599	28.583	
4780	368.54	28.554	28.599	28.583	
4781	368.64	28.554	28.599	28.583	
4782	368.74	28.554	28.599	28.583	
4783	368.84	28.554	28.599	28.583	
4784	368.94	28.554	28.599	28.583	
4785	369.	28.554	28.599	28.583	
4786	369.01	28.554	28.599	28.583	
4787	369.02	28.554	28.599	28.583	
4788	369.05	28.554	28.599	28.583	
4789	369.14	28.555	28.599	28.583	
4790	369.24	28.555	28.6	28.583	
4791	369.34	28.555	28.6	28.584	
4792	369.44	28.555	28.6	28.584	
4793	369.54	28.555	28.6	28.584	
4794	369.64	28.555	28.6	28.584	
4795	369.74	28.555	28.6	28.584	
4796	369.84	28.555	28.6	28.584	
4797	369.94	28.555	28.6	28.584	
4798	370.	28.555	28.6	28.584	
4799	370.01	28.555	28.6	28.584	
4800	370.02	28.555	28.6	28.584	
4801	370.05	28.555	28.6	28.584	
4802	370.14	28.556	28.6	28.584	
4803	370.24	28.556	28.601	28.584	
4804	370.34	28.556	28.601	28.585	
4805	370.44	28.556	28.601	28.585	
4806	370.54	28.556	28.601	28.585	
4807	370.64	28.556	28.601	28.585	
4808	370.74	28.556	28.601	28.585	
4809	370.84	28.556	28.601	28.585	
4810	370.94	28.556	28.601	28.585	
4811	371.	28.556	28.601	28.585	
4812	371.01	28.556	28.601	28.585	
4813	371.02	28.556	28.601	28.585	
4814	371.05	28.556	28.601	28.585	
4815	371.14	28.557	28.601	28.585	
4816	371.24	28.557	28.602	28.585	
4817	371.34	28.557	28.602	28.586	
4818	371.44	28.557	28.602	28.586	
4819	371.54	28.557	28.602	28.586	
4820	371.64	28.557	28.602	28.586	
4821	371.74	28.557	28.602	28.586	
4822	371.84	28.557	28.602	28.586	
4823	371.94	28.557	28.602	28.586	
4824	372.	28.557	28.602	28.586	
4825	372.01	28.557	28.602	28.586	
4826	372.02	28.557	28.602	28.586	
4827	372.05	28.557	28.602	28.586	
4828	372.14	28.558	28.602	28.586	
4829	372.24	28.558	28.603	28.586	
4830	372.34	28.558	28.603	28.587	
4831	372.44	28.558	28.603	28.587	
4832	372.54	28.558	28.603	28.587	
4833	372.64	28.558	28.603	28.587	
4834	372.74	28.558	28.603	28.587	
4835	372.84	28.558	28.603	28.587	
4836	372.94	28.558	28.603	28.587	
4837	373.	28.558	28.603	28.587	
4838	373.01	28.558	28.603	28.587	
4839	373.02	28.558	28.603	28.587	
4840	373.05	28.558	28.603	28.587	
4841	373.14	28.559	28.603	28.587	
4842	373.24	28.559	28.604	28.587	
4843	373.34	28.559	28.604	28.588	
4844	373.44	28.559	28.604	28.588	
4845	373.54	28.559	28.604	28.588	
4846	373.64	28.559	28.604	28.588	
4847	373.74	28.559	28.604	28.588	
4848	373.84	28.559	28.604	28.588	
4849	373.94	28.559	28.604	28.588	
4850	374.	28.559	28.604	28.588	
4851	374.01	28.559	28.604	28.588	
4852	374.02	28.559	28.604	28.588	
4853	374.05	28.559	28.604	28.588	
4854	374.14	28.56	28.605	28.588	
4855	374.24	28.56	28.605	28.588	
4856	374.34	28.56	28.605	28.589	
4857	374.44	28.56	28.605	28.589	
4858	374.54	28.56	28.605	28.589	
4859	374.64	28.56	28.605	28.589	
4860	374.74	28.56	28.605	28.589	
4861	374.84	28.56	28.605	28.589	
4862	374.94	28.56	28.605	28.589	
4863	375.	28.56	28.605	28.589	
4864	375.01	28.56	28.605	28.589	
4865	375.02	28.56	28.605	28.589	
4866	375.05	28.56	28.605	28.589	
4867	375.14	28.561	28.606	28.589	
4868	375.24	28.561	28.606	28.589	
4869	375.34	28.561	28.606	28.59	
4870	375.44	28.561	28.606	28.59	
4871	375.54	28.561	28.606	28.59	
4872	375.64	28.561	28.606	28.59	
4873	375.74	28.561	28.606	28.59	
4874	375.84	28.561	28.606	28.59	
4875	375.94	28.561	28.606	28.59	
4876	376.	28.561	28.606	28.59	
4877	376.01	28.561	28.606	28.59	
4878	376.02	28.561	28.606	28.59	
4879	376.05	28.562	28.606	28.59	
4880	376.14	28.562	28.607	28.59	
4881	376.24	28.562	28.607	28.591	
4882	376.34	28.562	28.607	28.591	
4883	376.44	28.562	28.607	28.591	
4884	376.54	28.562	28.607	28.591	
4885	376.64	28.562	28.607	28.591	
4886	376.74	28.562	28.607	28.591	
4887	376.84	28.562	28.607	28.591	
4888	376.94	28.562	28.607	28.591	
4889	377.	28.562	28.607	28.591	
4890	377.01	28.562	28.607	28.591	
4891	377.02	28.562	28.607	28.591	
4892	377.05	28.563	28.607	28.591	
4893	377.14	28.563	28.608	28.591	
4894	377.24	28.563	28.608	28.592	
4895	377.34	28.563	28.608	28.592	
4896	377.44	28.563	28.608	28.592	
4897	377.54	28.563	28.608	28.592	
4898	377.64	28.563	28.608	28.592	
4899	377.74	28.563	28.608	28.592	
4900	377.84	28.563	28.608	28.592	
4901	377.94	28.563	28.608	28.592	
4902	378.	28.563	28.608	28.592	
4903	378.01	28.563	28.608	28.592	
4904	378.02	28.563	28.608	28.592	
4905	378.05	28.564	28.608	28.592	
4906	378.14	28.564	28.609	28.592	
4907	378.24	28.564	28.609	28.593	
4908	378.34	28.564	28.609	28.593	
4909	378.44	28.564	28.609	28.593	
4910	378.54	28.564	28.609	28.593	
4911	378.64	28.564	28.609	28.593	
4912	378.74	28.564	28.609	28.593	
4913	378.84	28.564	28.609	28.593	
4914	378.94	28.564	28.609	28.593	
4915	379.	28.564	28.609	28.593	
4916	379.01	28.565	28.609	28.593	
4917	379.02	28.565	28.609	28.593	
4918	379.05	28.565	28.61	28.593	
4919	379.14	28.565	28.61	28.593	
4920	379.24	28.565	28.61	28.594	
4921	379.34	28.565	28.61	28.594	
4922	379.44	28.565	28.61	28.594	
4923	379.54	28.565	28.61	28.594	
4924	379.64	28.565	28.61	28.594	
4925	379.74	28.565	28.61	28.594	
4926	379.84	28.565	28.61	28.594	
4927	379.94	28.565	28.61	28.594	
4928	380.	28.566	28.61	28.594	
4929	380.01	28.566	28.61	28.594	
4930	380.02	28.566	28.61	28.594	
4931	380.05	28.566	28.611	28.594	
4932	380.14	28.566	28.611	28.594	
4933	380.24	28.566	28.611	28.595	
4934	380.34	28.566	28.611	28.595	
4935	380.44	28.566	28.611	28.595	
4936	380.54	28.566	28.611	28.595	
4937	380.64	28.566	28.611	28.595	
4938	380.74	28.566	28.611	28.595	
4939	380.84	28.566	28.611	28.595	
4940	380.94	28.566	28.611	28.595	
4941	381.	28.567	28.611	28.595	
4942	381.01	28.567	28.612	28.595	
4943	381.02	28.567	28.612	28.595	
4944	381.05	28.567	28.612	28.595	
4945	381.14	28.567	28.612	28.595	
4946	381.24	28.567	28.612	28.596	
4947	381.34	28.567	28.612	28.596	
4948	381.44	28.567	28.612	28.596	
4949	381.54	28.567	28.612	28.596	
4950	381.64	28.567	28.612	28.596	
4951	381.74	28.567	28.612	28.596	
4952	381.84	28.567	28.612	28.596	
4953	381.94	28.567	28.612	28.596	
4954	382.	28.568	28.613	28.596	
4955	382.01	28.568	28.613	28.596	
4956	382.02	28.568	28.613	28.596	
4957	382.05	28.568	28.613	28.596	
4958	382.14	28.568	28.613	28.597	
4959	382.24	28.568	28.613	28.597	
4960	382.34	28.568	28.613	28.597	
4961	382.44	28.568	28.613	28.597	
4962	382.54	28.568	28.613	28.597	
4963	382.64	28.568	28.613	28.597	
4964	382.74	28.568	28.613	28.597	
4965	382.84	28.568	28.613	28.597	
4966	382.94	28.568	28.613	28.597	
4967	383.	28.569	28.614	28.597	
4968	383.01	28.569	28.614	28.597	
4969	383.02	28.569	28.614	28.597	
4970	383.05	28.569	28.614	28.597	
4971	383.14	28.569	28.614	28.598	
4972	383.24	28.569	28.614	28.598	
4973	383.34	28.569	28.614	28.598	
4974	383.44	28.569	28.614	28.598	
4975	383.54	28.569	28.614	28.598	
4976	383.64	28.569	28.614	28.598	
4977	383.74	28.569	28.614	28.598	
4978	383.84	28.569	28.614	28.598	
4979	383.94	28.569	28.614	28.598	
4980	384.	28.57	28.615	28.598	
4981	384.01	28.57	28.615	28.598	
4982	384.02	28.57	28.615	28.598	
4983	384.05	28.57	28.615	28.598	
4984	384.14	28.57	28.615	28.599	
4985	384.24	28.57	28.615	28.599	
4986	384.34	28.57	28.615	28.599	
4987	384.44	28.57	28.615	28.599	
4988	384.54	28.57	28.615	28.599	
4989	384.64	28.57	28.615	28.599	
4990	384.74	28.57	28.615	28.599	
4991	384.84	28.57	28.615	28.599	
4992	384.94	28.571	28.616	28.599	
4993	385.	28.571	28.616	28.599	
4994	385.01	28.571	28.616	28.599	
4995	385.02	28.571	28.616	28.599	
4996	385.05	28.571	28.616	28.599	
4997	385.14	28.571	28.616	28.6	
4998	385.24	28.571	28.616	28.6	
4999	385.34	28.571	28.616	28.6	
5000	385.44	28.571	28.616	28.6	
5001	385.54	28.571	28.616	28.6	
5002	385.64	28.571	28.616	28.6	
5003	385.74	28.571	28.616	28.6	
5004	385.84	28.571	28.616	28.6	
5005	385.94	28.572	28.617	28.6	
5006	386.	28.572	28.617	28.6	
5007	386.01	28.572	28.617	28.6	
5008	386.02	28.572	28.617	28.6	
5009	386.05	28.572	28.617	28.6	
5010	386.14	28.572	28.617	28.601	
5011	386.24	28.572	28.617	28.601	
5012	386.34	28.572	28.617	28.601	
5013	386.44	28.572	28.617	28.601	
5014	386.54	28.572	28.617	28.601	
5015	386.64	28.572	28.617	28.601	
5016	386.74	28.572	28.617	28.601	
5017	386.84	28.572	28.617	28.601	
5018	386.94	28.573	28.618	28.601	
5019	387.	28.573	28.618	28.601	
5020	387.01	28.573	28.618	28.601	
5021	387.02	28.573	28.618	28.601	
5022	387.05	28.573	28.618	28.602	
5023	387.14	28.573	28.618	28.602	
5024	387.24	28.573	28.618	28.602	
5025	387.34	28.573	28.618	28.602	
5026	387.44	28.573	28.618	28.602	
5027	387.54	28.573	28.618	28.602	
5028	387.64	28.573	28.618	28.602	
5029	387.74	28.573	28.618	28.602	
5030	387.84	28.573	28.618	28.602	
5031	387.94	28.574	28.619	28.602	
5032	388.	28.574	28.619	28.602	
5033	388.01	28.574	28.619	28.602	
5034	388.02	28.574	28.619	28.602	
5035	388.05	28.574	28.619	28.603	
5036	388.14	28.574	28.619	28.603	
5037	388.24	28.574	28.619	28.603	
5038	388.34	28.574	28.619	28.603	
5039	388.44	28.574	28.619	28.603	
5040	388.54	28.574	28.619	28.603	
5041	388.64	28.574	28.619	28.603	
5042	388.74	28.574	28.619	28.603	
5043	388.84	28.574	28.62	28.603	
5044	388.94	28.575	28.62	28.603	
5045	389.	28.575	28.62	28.603	
5046	389.01	28.575	28.62	28.604	
5047	389.02	28.575	28.62	28.604	
5048	389.05	28.575	28.62	28.604	
5049	389.14	28.575	28.62	28.604	
5050	389.24	28.575	28.62	28.604	
5051	389.34	28.575	28.62	28.604	
5052	389.44	28.575	28.62	28.604	
5053	389.54	28.575	28.62	28.604	
5054	389.64	28.575	28.62	28.604	
5055	389.74	28.575	28.62	28.604	
5056	389.84	28.575	28.621	28.604	
5057	389.94	28.576	28.621	28.604	
5058	390.	28.576	28.621	28.605	
5059	390.01	28.576	28.621	28.605	
5060	390.02	28.576	28.621	28.605	
5061	390.05	28.576	28.621	28.605	
5062	390.14	28.576	28.621	28.605	
5063	390.24	28.576	28.621	28.605	
5064	390.34	28.576	28.621	28.605	
5065	390.44	28.576	28.621	28.605	
5066	390.54	28.576	28.621	28.605	
5067	390.64	28.576	28.621	28.605	
5068	390.74	28.576	28.621	28.605	
5069	390.84	28.576	28.622	28.605	
5070	390.94	28.577	28.622	28.605	
5071	391.	28.577	28.622	28.606	
5072	391.01	28.577	28.622	28.606	
5073	391.02	28.577	28.622	28.606	
5074	391.05	28.577	28.622	28.606	
5075	391.14	28.577	28.622	28.606	
5076	391.24	28.577	28.622	28.606	
5077	391.34	28.577	28.622	28.606	
5078	391.44	28.577	28.622	28.606	
5079	391.54	28.577	28.622	28.606	
5080	391.64	28.577	28.622	28.606	
5081	391.74	28.577	28.622	28.606	
5082	391.84	28.578	28.623	28.606	
5083	391.94	28.578	28.623	28.607	
5084	392.	28.578	28.623	28.607	
5085	392.01	28.578	28.623	28.607	
5086	392.02	28.578	28.623	28.607	
5087	392.05	28.578	28.623	28.607	
5088	392.14	28.578	28.623	28.607	
5089	392.24	28.578	28.623	28.607	
5090	392.34	28.578	28.623	28.607	
5091	392.44	28.578	28.623	28.607	
5092	392.54	28.578	28.623	28.607	
5093	392.64	28.578	28.623	28.607	
5094	392.74	28.578	28.624	28.607	
5095	392.84	28.579	28.624	28.607	
5096	392.94	28.579	28.624	28.608	
5097	393.	28.579	28.624	28.608	
5098	393.01	28.579	28.624	28.608	
5099	393.02	28.579	28.624	28.608	
5100	393.05	28.579	28.624	28.608	
5101	393.14	28.579	28.624	28.608	
5102	393.24	28.579	28.624	28.608	
5103	393.34	28.579	28.624	28.608	
5104	393.44	28.579	28.624	28.608	
5105	393.54	28.579	28.624	28.608	
5106	393.64	28.579	28.624	28.608	
5107	393.74	28.579	28.625	28.608	
5108	393.84	28.58	28.625	28.608	
5109	393.94	28.58	28.625	28.609	
5110	394.	28.58	28.625	28.609	
5111	394.01	28.58	28.625	28.609	
5112	394.02	28.58	28.625	28.609	
5113	394.05	28.58	28.625	28.609	
5114	394.14	28.58	28.625	28.609	
5115	394.24	28.58	28.625	28.609	
5116	394.34	28.58	28.625	28.609	
5117	394.44	28.58	28.625	28.609	
5118	394.54	28.58	28.625	28.609	
5119	394.64	28.58	28.625	28.609	
5120	394.74	28.58	28.626	28.609	
5121	394.84	28.581	28.626	28.609	
5122	394.94	28.581	28.626	28.61	
5123	395.	28.581	28.626	28.61	
5124	395.01	28.581	28.626	28.61	
5125	395.02	28.581	28.626	28.61	
5126	395.05	28.581	28.626	28.61	
5127	395.14	28.581	28.626	28.61	
5128	395.24	28.581	28.626	28.61	
5129	395.34	28.581	28.626	28.61	
5130	395.44	28.581	28.626	28.61	
5131	395.54	28.581	28.626	28.61	
5132	395.64	28.581	28.626	28.61	
5133	395.74	28.581	28.627	28.61	
5134	395.84	28.582	28.627	28.61	
5135	395.94	28.582	28.627	28.611	
5136	396.	28.582	28.627	28.611	
5137	396.01	28.582	28.627	28.611	
5138	396.02	28.582	28.627	28.611	
5139	396.05	28.582	28.627	28.611	
5140	396.14	28.582	28.627	28.611	
5141	396.24	28.582	28.627	28.611	
5142	396.34	28.582	28.627	28.611	
5143	396.44	28.582	28.627	28.611	
5144	396.54	28.582	28.627	28.611	
5145	396.64	28.582	28.628	28.611	
5146	396.74	28.583	28.628	28.611	
5147	396.84	28.583	28.628	28.612	
5148	396.94	28.583	28.628	28.612	
5149	397.	28.583	28.628	28.612	
5150	397.01	28.583	28.628	28.612	
5151	397.02	28.583	28.628	28.612	
5152	397.05	28.583	28.628	28.612	
5153	397.14	28.583	28.628	28.612	
5154	397.24	28.583	28.628	28.612	
5155	397.34	28.583	28.628	28.612	
5156	397.44	28.583	28.628	28.612	
5157	397.54	28.583	28.628	28.612	
5158	397.64	28.583	28.629	28.612	
5159	397.74	28.584	28.629	28.612	
5160	397.84	28.584	28.629	28.613	
5161	397.94	28.584	28.629	28.613	
5162	398.	28.584	28.629	28.613	
5163	398.01	28.584	28.629	28.613	
5164	398.02	28.584	28.629	28.613	
5165	398.05	28.584	28.629	28.613	
5166	398.14	28.584	28.629	28.613	
5167	398.24	28.584	28.629	28.613	
5168	398.34	28.584	28.629	28.613	
5169	398.44	28.584	28.629	28.613	
5170	398.54	28.584	28.629	28.613	
5171	398.64	28.584	28.63	28.613	
5172	398.74	28.585	28.63	28.613	
5173	398.84	28.585	28.63	28.614	
5174	398.94	28.585	28.63	28.614	
5175	399.	28.585	28.63	28.614	
5176	399.01	28.585	28.63	28.614	
5177	399.02	28.585	28.63	28.614	
5178	399.05	28.585	28.63	28.614	
5179	399.14	28.585	28.63	28.614	
5180	399.24	28.585	28.63	28.614	
5181	399.34	28.585	28.63	28.614	
5182	399.44	28.585	28.63	28.614	
5183	399.54	28.585	28.63	28.614	
5184	399.64	28.585	28.631	28.614	
5185	399.74	28.586	28.631	28.614	
5186	399.84	28.586	28.631	28.615	
5187	399.94	28.586	28.631	28.615	
5188	400.	28.586	28.631	28.615	
5189	400.01	28.586	28.631	28.615	
5190	400.02	28.586	28.631	28.615	
5191	400.05	28.586	28.631	28.615	
5192	400.14	28.586	28.631	28.615	
5193	400.24	28.586	28.631	28.615	
5194	400.34	28.586	28.631	28.615	
5195	400.44	28.586	28.631	28.615	
5196	400.54	28.586	28.632	28.615	
5197	400.64	28.586	28.632	28.615	
5198	400.74	28.587	28.632	28.616	
5199	400.84	28.587	28.632	28.616	
5200	400.94	28.587	28.632	28.616	
5201	401.	28.587	28.632	28.616	
5202	401.01	28.587	28.632	28.616	
5203	401.02	28.587	28.632	28.616	
5204	401.05	28.587	28.632	28.616	
5205	401.14	28.587	28.632	28.616	
5206	401.24	28.587	28.632	28.616	
5207	401.34	28.587	28.632	28.616	
5208	401.44	28.587	28.632	28.616	
5209	401.54	28.587	28.633	28.616	
5210	401.64	28.588	28.633	28.616	
5211	401.74	28.588	28.633	28.617	
5212	401.84	28.588	28.633	28.617	
5213	401.94	28.588	28.633	28.617	
5214	402.	28.588	28.633	28.617	
5215	402.01	28.588	28.633	28.617	
5216	402.02	28.588	28.633	28.617	
5217	402.05	28.588	28.633	28.617	
5218	402.14	28.588	28.633	28.617	
5219	402.24	28.588	28.633	28.617	
5220	402.34	28.588	28.633	28.617	
5221	402.44	28.588	28.633	28.617	
5222	402.54	28.588	28.634	28.617	
5223	402.64	28.589	28.634	28.617	
5224	402.74	28.589	28.634	28.618	
5225	402.84	28.589	28.634	28.618	
5226	402.94	28.589	28.634	28.618	
5227	403.	28.589	28.634	28.618	
5228	403.01	28.589	28.634	28.618	
5229	403.02	28.589	28.634	28.618	
5230	403.05	28.589	28.634	28.618	
5231	403.14	28.589	28.634	28.618	
5232	403.24	28.589	28.634	28.618	
5233	403.34	28.589	28.634	28.618	
5234	403.44	28.589	28.635	28.618	
5235	403.54	28.589	28.635	28.618	
5236	403.64	28.59	28.635	28.618	
5237	403.74	28.59	28.635	28.619	
5238	403.84	28.59	28.635	28.619	
5239	403.94	28.59	28.635	28.619	
5240	404.	28.59	28.635	28.619	
5241	404.01	28.59	28.635	28.619	
5242	404.02	28.59	28.635	28.619	
5243	404.05	28.59	28.635	28.619	
5244	404.14	28.59	28.635	28.619	
5245	404.24	28.59	28.635	28.619	
5246	404.34	28.59	28.635	28.619	
5247	404.44	28.59	28.636	28.619	
5248	404.54	28.59	28.636	28.619	
5249	404.64	28.591	28.636	28.62	
5250	404.74	28.591	28.636	28.62	
5251	404.84	28.591	28.636	28.62	
5252	404.94	28.591	28.636	28.62	
5253	405.	28.591	28.636	28.62	
5254	405.01	28.591	28.636	28.62	
5255	405.02	28.591	28.636	28.62	
5256	405.05	28.591	28.636	28.62	
5257	405.14	28.591	28.636	28.62	
5258	405.24	28.591	28.636	28.62	
5259	405.34	28.591	28.636	28.62	
5260	405.44	28.591	28.637	28.62	
5261	405.54	28.591	28.637	28.62	
5262	405.64	28.592	28.637	28.621	
5263	405.74	28.592	28.637	28.621	
5264	405.84	28.592	28.637	28.621	
5265	405.94	28.592	28.637	28.621	
5266	406.	28.592	28.637	28.621	
5267	406.01	28.592	28.637	28.621	
5268	406.02	28.592	28.637	28.621	
5269	406.05	28.592	28.637	28.621	
5270	406.14	28.592	28.637	28.621	
5271	406.24	28.592	28.637	28.621	
5272	406.34	28.592	28.638	28.621	
5273	406.44	28.592	28.638	28.621	
5274	406.54	28.593	28.638	28.621	
5275	406.64	28.593	28.638	28.622	
5276	406.74	28.593	28.638	28.622	
5277	406.84	28.593	28.638	28.622	
5278	406.94	28.593	28.638	28.622	
5279	407.	28.593	28.638	28.622	
5280	407.01	28.593	28.638	28.622	
5281	407.02	28.593	28.638	28.622	
5282	407.05	28.593	28.638	28.622	
5283	407.14	28.593	28.638	28.622	
5284	407.24	28.593	28.638	28.622	
5285	407.34	28.593	28.639	28.622	
5286	407.44	28.593	28.639	28.622	
5287	407.54	28.594	28.639	28.623	
5288	407.64	28.594	28.639	28.623	
5289	407.74	28.594	28.639	28.623	
5290	407.84	28.594	28.639	28.623	
5291	407.94	28.594	28.639	28.623	
5292	408.	28.594	28.639	28.623	
5293	408.01	28.594	28.639	28.623	
5294	408.02	28.594	28.639	28.623	
5295	408.05	28.594	28.639	28.623	
5296	408.14	28.594	28.639	28.623	
5297	408.24	28.594	28.639	28.623	
5298	408.34	28.594	28.64	28.623	
5299	408.44	28.594	28.64	28.623	
5300	408.54	28.595	28.64	28.624	
5301	408.64	28.595	28.64	28.624	
5302	408.74	28.595	28.64	28.624	
5303	408.84	28.595	28.64	28.624	
5304	408.94	28.595	28.64	28.624	
5305	409.	28.595	28.64	28.624	
5306	409.01	28.595	28.64	28.624	
5307	409.02	28.595	28.64	28.624	
5308	409.05	28.595	28.64	28.624	
5309	409.14	28.595	28.64	28.624	
5310	409.24	28.595	28.64	28.624	
5311	409.34	28.595	28.641	28.624	
5312	409.44	28.595	28.641	28.624	
5313	409.54	28.596	28.641	28.625	
5314	409.64	28.596	28.641	28.625	
5315	409.74	28.596	28.641	28.625	
5316	409.84	28.596	28.641	28.625	
5317	409.94	28.596	28.641	28.625	
5318	410.	28.596	28.641	28.625	
5319	410.01	28.596	28.641	28.625	
5320	410.02	28.596	28.641	28.625	
5321	410.05	28.596	28.641	28.625	
5322	410.14	28.596	28.641	28.625	
5323	410.24	28.596	28.642	28.625	
5324	410.34	28.596	28.642	28.625	
5325	410.44	28.597	28.642	28.625	
5326	410.54	28.597	28.642	28.626	
5327	410.64	28.597	28.642	28.626	
5328	410.74	28.597	28.642	28.626	
5329	410.84	28.597	28.642	28.626	
5330	410.94	28.597	28.642	28.626	
5331	411.	28.597	28.642	28.626	
5332	411.01	28.597	28.642	28.626	
5333	411.02	28.597	28.642	28.626	
5334	411.05	28.597	28.642	28.626	
5335	411.14	28.597	28.642	28.626	
5336	411.24	28.597	28.643	28.626	
5337	411.34	28.597	28.643	28.626	
5338	411.44	28.598	28.643	28.627	
5339	411.54	28.598	28.643	28.627	
5340	411.64	28.598	28.643	28.627	
5341	411.74	28.598	28.643	28.627	
5342	411.84	28.598	28.643	28.627	
5343	411.94	28.598	28.643	28.627	
5344	412.	28.598	28.643	28.627	
5345	412.01	28.598	28.643	28.627	
5346	412.02	28.598	28.643	28.627	
5347	412.05	28.598	28.643	28.627	
5348	412.14	28.598	28.643	28.627	
5349	412.24	28.598	28.644	28.627	
5350	412.34	28.598	28.644	28.627	
5351	412.44	28.599	28.644	28.628	
5352	412.54	28.599	28.644	28.628	
5353	412.64	28.599	28.644	28.628	
5354	412.74	28.599	28.644	28.628	
5355	412.84	28.599	28.644	28.628	
5356	412.94	28.599	28.644	28.628	
5357	413.	28.599	28.644	28.628	
5358	413.01	28.599	28.644	28.628	
5359	413.02	28.599	28.644	28.628	
5360	413.05	28.599	28.644	28.628	
5361	413.14	28.599	28.645	28.628	
5362	413.24	28.599	28.645	28.628	
5363	413.34	28.599	28.645	28.628	
5364	413.44	28.6	28.645	28.629	
5365	413.54	28.6	28.645	28.629	
5366	413.64	28.6	28.645	28.629	
5367	413.74	28.6	28.645	28.629	
5368	413.84	28.6	28.645	28.629	
5369	413.94	28.6	28.645	28.629	
5370	414.	28.6	28.645	28.629	
5371	414.01	28.6	28.645	28.629	
5372	414.02	28.6	28.645	28.629	
5373	414.05	28.6	28.645	28.629	
5374	414.14	28.6	28.646	28.629	
5375	414.24	28.6	28.646	28.629	
5376	414.34	28.601	28.646	28.63	
5377	414.44	28.601	28.646	28.63	
5378	414.54	28.601	28.646	28.63	
5379	414.64	28.601	28.646	28.63	
5380	414.74	28.601	28.646	28.63	
5381	414.84	28.601	28.646	28.63	
5382	414.94	28.601	28.646	28.63	
5383	415.	28.601	28.646	28.63	
5384	415.01	28.601	28.646	28.63	
5385	415.02	28.601	28.646	28.63	
5386	415.05	28.601	28.647	28.63	
5387	415.14	28.601	28.647	28.63	
5388	415.24	28.601	28.647	28.63	
5389	415.34	28.602	28.647	28.631	
5390	415.44	28.602	28.647	28.631	
5391	415.54	28.602	28.647	28.631	
5392	415.64	28.602	28.647	28.631	
5393	415.74	28.602	28.647	28.631	
5394	415.84	28.602	28.647	28.631	
5395	415.94	28.602	28.647	28.631	
5396	416.	28.602	28.647	28.631	
5397	416.01	28.602	28.647	28.631	
5398	416.02	28.602	28.648	28.631	
5399	416.05	28.602	28.648	28.631	
5400	416.14	28.602	28.648	28.631	
5401	416.24	28.602	28.648	28.631	
5402	416.34	28.603	28.648	28.632	
5403	416.44	28.603	28.648	28.632	
5404	416.54	28.603	28.648	28.632	
5405	416.64	28.603	28.648	28.632	
5406	416.74	28.603	28.648	28.632	
5407	416.84	28.603	28.648	28.632	
5408	416.94	28.603	28.648	28.632	
5409	417.	28.603	28.649	28.632	
5410	417.01	28.603	28.649	28.632	
5411	417.02	28.603	28.649	28.632	
5412	417.05	28.603	28.649	28.632	
5413	417.14	28.603	28.649	28.632	
5414	417.24	28.603	28.649	28.633	
5415	417.34	28.604	28.649	28.633	
5416	417.44	28.604	28.649	28.633	
5417	417.54	28.604	28.649	28.633	
5418	417.64	28.604	28.649	28.633	
5419	417.74	28.604	28.649	28.633	
5420	417.84	28.604	28.649	28.633	
5421	417.94	28.604	28.649	28.633	
5422	418.	28.604	28.65	28.633	
5423	418.01	28.604	28.65	28.633	
5424	418.02	28.604	28.65	28.633	
5425	418.05	28.604	28.65	28.633	
5426	418.14	28.604	28.65	28.633	
5427	418.24	28.605	28.65	28.634	
5428	418.34	28.605	28.65	28.634	
5429	418.44	28.605	28.65	28.634	
5430	418.54	28.605	28.65	28.634	
5431	418.64	28.605	28.65	28.634	
5432	418.74	28.605	28.65	28.634	
5433	418.84	28.605	28.65	28.634	
5434	418.94	28.605	28.651	28.634	
5435	419.	28.605	28.651	28.634	
5436	419.01	28.605	28.651	28.634	
5437	419.02	28.605	28.651	28.634	
5438	419.05	28.605	28.651	28.634	
5439	419.14	28.605	28.651	28.634	
5440	419.24	28.606	28.651	28.635	
5441	419.34	28.606	28.651	28.635	
5442	419.44	28.606	28.651	28.635	
5443	419.54	28.606	28.651	28.635	
5444	419.64	28.606	28.651	28.635	
5445	419.74	28.606	28.651	28.635	
5446	419.84	28.606	28.651	28.635	
5447	419.94	28.606	28.652	28.635	
5448	420.	28.606	28.652	28.635	
5449	420.01	28.606	28.652	28.635	
5450	420.02	28.606	28.652	28.635	
5451	420.05	28.606	28.652	28.635	
5452	420.14	28.606	28.652	28.636	
5453	420.24	28.607	28.652	28.636	
5454	420.34	28.607	28.652	28.636	
5455	420.44	28.607	28.652	28.636	
5456	420.54	28.607	28.652	28.636	
5457	420.64	28.607	28.652	28.636	
5458	420.74	28.607	28.652	28.636	
5459	420.84	28.607	28.653	28.636	
5460	420.94	28.607	28.653	28.636	
5461	421.	28.607	28.653	28.636	
5462	421.01	28.607	28.653	28.636	
5463	421.02	28.607	28.653	28.636	
5464	421.05	28.607	28.653	28.636	
5465	421.14	28.608	28.653	28.637	
5466	421.24	28.608	28.653	28.637	
5467	421.34	28.608	28.653	28.637	
5468	421.44	28.608	28.653	28.637	
5469	421.54	28.608	28.653	28.637	
5470	421.64	28.608	28.653	28.637	
5471	421.74	28.608	28.653	28.637	
5472	421.84	28.608	28.654	28.637	
5473	421.94	28.608	28.654	28.637	
5474	422.	28.608	28.654	28.637	
5475	422.01	28.608	28.654	28.637	
5476	422.02	28.608	28.654	28.637	
5477	422.05	28.608	28.654	28.637	
5478	422.14	28.609	28.654	28.638	
5479	422.24	28.609	28.654	28.638	
5480	422.34	28.609	28.654	28.638	
5481	422.44	28.609	28.654	28.638	
5482	422.54	28.609	28.654	28.638	
5483	422.64	28.609	28.654	28.638	
5484	422.74	28.609	28.654	28.638	
5485	422.84	28.609	28.655	28.638	
5486	422.94	28.609	28.655	28.638	
5487	423.	28.609	28.655	28.638	
5488	423.01	28.609	28.655	28.638	
5489	423.02	28.609	28.655	28.638	
5490	423.05	28.609	28.655	28.639	
5491	423.14	28.61	28.655	28.639	
5492	423.24	28.61	28.655	28.639	
5493	423.34	28.61	28.655	28.639	
5494	423.44	28.61	28.655	28.639	
5495	423.54	28.61	28.655	28.639	
5496	423.64	28.61	28.655	28.639	
5497	423.74	28.61	28.656	28.639	
5498	423.84	28.61	28.656	28.639	
5499	423.94	28.61	28.656	28.639	
5500	424.	28.61	28.656	28.64	
5501	424.01	28.61	28.656	28.64	
5502	424.02	28.61	28.656	28.64	
5503	424.05	28.611	28.656	28.64	
5504	424.14	28.611	28.656	28.64	
5505	424.24	28.611	28.656	28.64	
5506	424.34	28.611	28.656	28.64	
5507	424.44	28.611	28.656	28.64	
5508	424.54	28.611	28.656	28.64	
5509	424.64	28.611	28.656	28.64	
5510	424.74	28.611	28.657	28.64	
5511	424.84	28.611	28.657	28.64	
5512	424.94	28.611	28.657	28.64	
5513	425.	28.611	28.657	28.641	
5514	425.01	28.611	28.657	28.641	
5515	425.02	28.612	28.657	28.641	
5516	425.05	28.612	28.657	28.641	
5517	425.14	28.612	28.657	28.641	
5518	425.24	28.612	28.657	28.641	
5519	425.34	28.612	28.657	28.641	
5520	425.44	28.612	28.657	28.641	
5521	425.54	28.612	28.657	28.641	
5522	425.64	28.612	28.657	28.641	
5523	425.74	28.612	28.658	28.641	
5524	425.84	28.612	28.658	28.641	
5525	425.94	28.612	28.658	28.642	
5526	426.	28.613	28.658	28.642	
5527	426.01	28.613	28.658	28.642	
5528	426.02	28.613	28.658	28.642	
5529	426.05	28.613	28.658	28.642	
5530	426.14	28.613	28.658	28.642	
5531	426.24	28.613	28.658	28.642	
5532	426.34	28.613	28.658	28.642	
5533	426.44	28.613	28.658	28.642	
5534	426.54	28.613	28.658	28.642	
5535	426.64	28.613	28.659	28.642	
5536	426.74	28.613	28.659	28.642	
5537	426.84	28.613	28.659	28.642	
5538	426.94	28.613	28.659	28.643	
5539	427.	28.614	28.659	28.643	
5540	427.01	28.614	28.659	28.643	
5541	427.02	28.614	28.659	28.643	
5542	427.05	28.614	28.659	28.643	
5543	427.14	28.614	28.659	28.643	
5544	427.24	28.614	28.659	28.643	
5545	427.34	28.614	28.659	28.643	
5546	427.44	28.614	28.659	28.643	
5547	427.54	28.614	28.659	28.643	
5548	427.64	28.614	28.66	28.643	
5549	427.74	28.614	28.66	28.643	
5550	427.84	28.614	28.66	28.643	
5551	427.94	28.615	28.66	28.644	
5552	428.	28.615	28.66	28.644	
5553	428.01	28.615	28.66	28.644	
5554	428.02	28.615	28.66	28.644	
5555	428.05	28.615	28.66	28.644	
5556	428.14	28.615	28.66	28.644	
5557	428.24	28.615	28.66	28.644	
5558	428.34	28.615	28.66	28.644	
5559	428.44	28.615	28.66	28.644	
5560	428.54	28.615	28.661	28.644	
5561	428.64	28.615	28.661	28.644	
5562	428.74	28.615	28.661	28.644	
5563	428.84	28.615	28.661	28.645	
5564	428.94	28.616	28.661	28.645	
5565	429.	28.616	28.661	28.645	
5566	429.01	28.616	28.661	28.645	
5567	429.02	28.616	28.661	28.645	
5568	429.05	28.616	28.661	28.645	
5569	429.14	28.616	28.661	28.645	
5570	429.24	28.616	28.661	28.645	
5571	429.34	28.616	28.661	28.645	
5572	429.44	28.616	28.661	28.645	
5573	429.54	28.616	28.662	28.645	
5574	429.64	28.616	28.662	28.645	
5575	429.74	28.616	28.662	28.645	
5576	429.84	28.616	28.662	28.646	
5577	429.94	28.617	28.662	28.646	
5578	430.	28.617	28.662	28.646	
5579	430.01	28.617	28.662	28.646	
5580	430.02	28.617	28.662	28.646	
5581	430.05	28.617	28.662	28.646	
5582	430.14	28.617	28.662	28.646	
5583	430.24	28.617	28.662	28.646	
5584	430.34	28.617	28.662	28.646	
5585	430.44	28.617	28.662	28.646	
5586	430.54	28.617	28.663	28.646	
5587	430.64	28.617	28.663	28.646	
5588	430.74	28.617	28.663	28.646	
5589	430.84	28.618	28.663	28.647	
5590	430.94	28.618	28.663	28.647	
5591	431.	28.618	28.663	28.647	
5592	431.01	28.618	28.663	28.647	
5593	431.02	28.618	28.663	28.647	
5594	431.05	28.618	28.663	28.647	
5595	431.14	28.618	28.663	28.647	
5596	431.24	28.618	28.663	28.647	
5597	431.34	28.618	28.663	28.647	
5598	431.44	28.618	28.664	28.647	
5599	431.54	28.618	28.664	28.647	
5600	431.64	28.618	28.664	28.647	
5601	431.74	28.618	28.664	28.648	
5602	431.84	28.619	28.664	28.648	
5603	431.94	28.619	28.664	28.648	
5604	432.	28.619	28.664	28.648	
5605	432.01	28.619	28.664	28.648	
5606	432.02	28.619	28.664	28.648	
5607	432.05	28.619	28.664	28.648	
5608	432.14	28.619	28.664	28.648	
5609	432.24	28.619	28.664	28.648	
5610	432.34	28.619	28.664	28.648	
5611	432.44	28.619	28.665	28.648	
5612	432.54	28.619	28.665	28.648	
5613	432.64	28.619	28.665	28.648	
5614	432.74	28.619	28.665	28.649	
5615	432.84	28.62	28.665	28.649	
5616	432.94	28.62	28.665	28.649	
5617	433.	28.62	28.665	28.649	
5618	433.01	28.62	28.665	28.649	
5619	433.02	28.62	28.665	28.649	
5620	433.05	28.62	28.665	28.649	
5621	433.14	28.62	28.665	28.649	
5622	433.24	28.62	28.665	28.649	
5623	433.34	28.62	28.665	28.649	
5624	433.44	28.62	28.666	28.649	
5625	433.54	28.62	28.666	28.649	
5626	433.64	28.62	28.666	28.65	
5627	433.74	28.621	28.666	28.65	
5628	433.84	28.621	28.666	28.65	
5629	433.94	28.621	28.666	28.65	
5630	434.	28.621	28.666	28.65	
5631	434.01	28.621	28.666	28.65	
5632	434.02	28.621	28.666	28.65	
5633	434.05	28.621	28.666	28.65	
5634	434.14	28.621	28.666	28.65	
5635	434.24	28.621	28.666	28.65	
5636	434.34	28.621	28.667	28.65	
5637	434.44	28.621	28.667	28.65	
5638	434.54	28.621	28.667	28.65	
5639	434.64	28.621	28.667	28.651	
5640	434.74	28.622	28.667	28.651	
5641	434.84	28.622	28.667	28.651	
5642	434.94	28.622	28.667	28.651	
5643	435.	28.622	28.667	28.651	
5644	435.01	28.622	28.667	28.651	
5645	435.02	28.622	28.667	28.651	
5646	435.05	28.622	28.667	28.651	
5647	435.14	28.622	28.667	28.651	
5648	435.24	28.622	28.667	28.651	
5649	435.34	28.622	28.668	28.651	
5650	435.44	28.622	28.668	28.651	
5651	435.54	28.622	28.668	28.651	
5652	435.64	28.622	28.668	28.652	
5653	435.74	28.623	28.668	28.652	
5654	435.84	28.623	28.668	28.652	
5655	435.94	28.623	28.668	28.652	
5656	436.	28.623	28.668	28.652	
5657	436.01	28.623	28.668	28.652	
5658	436.02	28.623	28.668	28.652	
5659	436.05	28.623	28.668	28.652	
5660	436.14	28.623	28.668	28.652	
5661	436.24	28.623	28.669	28.652	
5662	436.34	28.623	28.669	28.652	
5663	436.44	28.623	28.669	28.652	
5664	436.54	28.623	28.669	28.653	
5665	436.64	28.624	28.669	28.653	
5666	436.74	28.624	28.669	28.653	
5667	436.84	28.624	28.669	28.653	
5668	436.94	28.624	28.669	28.653	
5669	437.	28.624	28.669	28.653	
5670	437.01	28.624	28.669	28.653	
5671	437.02	28.624	28.669	28.653	
5672	437.05	28.624	28.669	28.653	
5673	437.14	28.624	28.669	28.653	
5674	437.24	28.624	28.67	28.653	
5675	437.34	28.624	28.67	28.653	
5676	437.44	28.624	28.67	28.653	
5677	437.54	28.624	28.67	28.654	
5678	437.64	28.625	28.67	28.654	
5679	437.74	28.625	28.67	28.654	
5680	437.84	28.625	28.67	28.654	
5681	437.94	28.625	28.67	28.654	
5682	438.	28.625	28.67	28.654	
5683	438.01	28.625	28.67	28.654	
5684	438.02	28.625	28.67	28.654	
5685	438.05	28.625	28.67	28.654	
5686	438.14	28.625	28.671	28.654	
5687	438.24	28.625	28.671	28.654	
5688	438.34	28.625	28.671	28.654	
5689	438.44	28.625	28.671	28.654	
5690	438.54	28.625	28.671	28.655	
5691	438.64	28.626	28.671	28.655	
5692	438.74	28.626	28.671	28.655	
5693	438.84	28.626	28.671	28.655	
5694	438.94	28.626	28.671	28.655	
5695	439.	28.626	28.671	28.655	
5696	439.01	28.626	28.671	28.655	
5697	439.02	28.626	28.671	28.655	
5698	439.05	28.626	28.671	28.655	
5699	439.14	28.626	28.672	28.655	
5700	439.24	28.626	28.672	28.655	
5701	439.34	28.626	28.672	28.655	
5702	439.44	28.626	28.672	28.656	
5703	439.54	28.627	28.672	28.656	
5704	439.64	28.627	28.672	28.656	
5705	439.74	28.627	28.672	28.656	
5706	439.84	28.627	28.672	28.656	
5707	439.94	28.627	28.672	28.656	
5708	440.	28.627	28.672	28.656	
5709	440.01	28.627	28.672	28.656	
5710	440.02	28.627	28.672	28.656	
5711	440.05	28.627	28.672	28.656	
5712	440.14	28.627	28.673	28.656	
5713	440.24	28.627	28.673	28.656	
5714	440.34	28.627	28.673	28.656	
5715	440.44	28.627	28.673	28.657	
5716	440.54	28.628	28.673	28.657	
5717	440.64	28.628	28.673	28.657	
5718	440.74	28.628	28.673	28.657	
5719	440.84	28.628	28.673	28.657	
5720	440.94	28.628	28.673	28.657	
5721	441.	28.628	28.673	28.657	
5722	441.01	28.628	28.673	28.657	
5723	441.02	28.628	28.674	28.657	
5724	441.05	28.628	28.674	28.657	
5725	441.14	28.628	28.674	28.657	
5726	441.24	28.628	28.674	28.657	
5727	441.34	28.628	28.674	28.658	
5728	441.44	28.628	28.674	28.658	
5729	441.54	28.629	28.674	28.658	
5730	441.64	28.629	28.674	28.658	
5731	441.74	28.629	28.674	28.658	
5732	441.84	28.629	28.674	28.658	
5733	441.94	28.629	28.674	28.658	
5734	442.	28.629	28.675	28.658	
5735	442.01	28.629	28.675	28.658	
5736	442.02	28.629	28.675	28.658	
5737	442.05	28.629	28.675	28.658	
5738	442.14	28.629	28.675	28.658	
5739	442.24	28.629	28.675	28.658	
5740	442.34	28.629	28.675	28.659	
5741	442.44	28.63	28.675	28.659	
5742	442.54	28.63	28.675	28.659	
5743	442.64	28.63	28.675	28.659	
5744	442.74	28.63	28.675	28.659	
5745	442.84	28.63	28.675	28.659	
5746	442.94	28.63	28.676	28.659	
5747	443.	28.63	28.676	28.659	
5748	443.01	28.63	28.676	28.659	
5749	443.02	28.63	28.676	28.659	
5750	443.05	28.63	28.676	28.659	
5751	443.14	28.63	28.676	28.659	
5752	443.24	28.63	28.676	28.659	
5753	443.34	28.63	28.676	28.66	
5754	443.44	28.631	28.676	28.66	
5755	443.54	28.631	28.676	28.66	
5756	443.64	28.631	28.676	28.66	
5757	443.74	28.631	28.676	28.66	
5758	443.84	28.631	28.676	28.66	
5759	443.94	28.631	28.677	28.66	
5760	444.	28.631	28.677	28.66	
5761	444.01	28.631	28.677	28.66	
5762	444.02	28.631	28.677	28.66	
5763	444.05	28.631	28.677	28.66	
5764	444.14	28.631	28.677	28.66	
5765	444.24	28.631	28.677	28.661	
5766	444.34	28.631	28.677	28.661	
5767	444.44	28.632	28.677	28.661	
5768	444.54	28.632	28.677	28.661	
5769	444.64	28.632	28.677	28.661	
5770	444.74	28.632	28.677	28.661	
5771	444.84	28.632	28.677	28.661	
5772	444.94	28.632	28.678	28.661	
5773	445.	28.632	28.678	28.661	
5774	445.01	28.632	28.678	28.661	
5775	445.02	28.632	28.678	28.661	
5776	445.05	28.632	28.678	28.661	
5777	445.14	28.632	28.678	28.661	
5778	445.24	28.632	28.678	28.662	
5779	445.34	28.633	28.678	28.662	
5780	445.44	28.633	28.678	28.662	
5781	445.54	28.633	28.678	28.662	
5782	445.64	28.633	28.678	28.662	
5783	445.74	28.633	28.678	28.662	
5784	445.84	28.633	28.679	28.662	
5785	445.94	28.633	28.679	28.662	
5786	446.	28.633	28.679	28.662	
5787	446.01	28.633	28.679	28.662	
5788	446.02	28.633	28.679	28.662	
5789	446.05	28.633	28.679	28.662	
5790	446.14	28.633	28.679	28.663	
5791	446.24	28.633	28.679	28.663	
5792	446.34	28.634	28.679	28.663	
5793	446.44	28.634	28.679	28.663	
5794	446.54	28.634	28.679	28.663	
5795	446.64	28.634	28.679	28.663	
5796	446.74	28.634	28.679	28.663	
5797	446.84	28.634	28.68	28.663	
5798	446.94	28.634	28.68	28.663	
5799	447.	28.634	28.68	28.663	
5800	447.01	28.634	28.68	28.663	
5801	447.02	28.634	28.68	28.663	
5802	447.05	28.634	28.68	28.663	
5803	447.14	28.634	28.68	28.664	
5804	447.24	28.634	28.68	28.664	
5805	447.34	28.635	28.68	28.664	
5806	447.44	28.635	28.68	28.664	
5807	447.54	28.635	28.68	28.664	
5808	447.64	28.635	28.68	28.664	
5809	447.74	28.635	28.681	28.664	
5810	447.84	28.635	28.681	28.664	
5811	447.94	28.635	28.681	28.664	
5812	448.	28.635	28.681	28.664	
5813	448.01	28.635	28.681	28.664	
5814	448.02	28.635	28.681	28.664	
5815	448.05	28.635	28.681	28.665	
5816	448.14	28.635	28.681	28.665	
5817	448.24	28.636	28.681	28.665	
5818	448.34	28.636	28.681	28.665	
5819	448.44	28.636	28.681	28.665	
5820	448.54	28.636	28.681	28.665	
5821	448.64	28.636	28.681	28.665	
5822	448.74	28.636	28.682	28.665	
5823	448.84	28.636	28.682	28.665	
5824	448.94	28.636	28.682	28.665	
5825	449.	28.636	28.682	28.666	
5826	449.01	28.636	28.682	28.666	
5827	449.02	28.636	28.682	28.666	
5828	449.05	28.636	28.682	28.666	
5829	449.14	28.636	28.682	28.666	
5830	449.24	28.637	28.682	28.666	
5831	449.34	28.637	28.682	28.666	
5832	449.44	28.637	28.682	28.666	
5833	449.54	28.637	28.682	28.666	
5834	449.64	28.637	28.683	28.666	
5835	449.74	28.637	28.683	28.666	
5836	449.84	28.637	28.683	28.666	
5837	449.94	28.637	28.683	28.666	
5838	450.	28.637	28.683	28.667	
5839	450.01	28.637	28.683	28.667	
5840	450.02	28.637	28.683	28.667	
5841	450.05	28.637	28.683	28.667	
5842	450.14	28.637	28.683	28.667	
5843	450.24	28.638	28.683	28.667	
5844	450.34	28.638	28.683	28.667	
5845	450.44	28.638	28.683	28.667	
5846	450.54	28.638	28.683	28.667	
5847	450.64	28.638	28.684	28.667	
5848	450.74	28.638	28.684	28.667	
5849	450.84	28.638	28.684	28.667	
5850	450.94	28.638	28.684	28.668	
5851	451.	28.638	28.684	28.668	
5852	451.01	28.638	28.684	28.668	
5853	451.02	28.638	28.684	28.668	
5854	451.05	28.638	28.684	28.668	
5855	451.14	28.639	28.684	28.668	
5856	451.24	28.639	28.684	28.668	
5857	451.34	28.639	28.684	28.668	
5858	451.44	28.639	28.684	28.668	
5859	451.54	28.639	28.685	28.668	
5860	451.64	28.639	28.685	28.668	
5861	451.74	28.639	28.685	28.668	
5862	451.84	28.639	28.685	28.668	
5863	451.94	28.639	28.685	28.669	
5864	452.	28.639	28.685	28.669	
5865	452.01	28.639	28.685	28.669	
5866	452.02	28.639	28.685	28.669	
5867	452.05	28.639	28.685	28.669	
5868	452.14	28.64	28.685	28.669	
5869	452.24	28.64	28.685	28.669	
5870	452.34	28.64	28.685	28.669	
5871	452.44	28.64	28.685	28.669	
5872	452.54	28.64	28.686	28.669	
5873	452.64	28.64	28.686	28.669	
5874	452.74	28.64	28.686	28.669	
5875	452.84	28.64	28.686	28.67	
5876	452.94	28.64	28.686	28.67	
5877	453.	28.64	28.686	28.67	
5878	453.01	28.64	28.686	28.67	
5879	453.02	28.64	28.686	28.67	
5880	453.05	28.641	28.686	28.67	
5881	453.14	28.641	28.686	28.67	
5882	453.24	28.641	28.686	28.67	
5883	453.34	28.641	28.686	28.67	
5884	453.44	28.641	28.687	28.67	
5885	453.54	28.641	28.687	28.67	
5886	453.64	28.641	28.687	28.67	
5887	453.74	28.641	28.687	28.67	
5888	453.84	28.641	28.687	28.671	
5889	453.94	28.641	28.687	28.671	
5890	454.	28.642	28.687	28.671	
5891	454.01	28.642	28.687	28.671	
5892	454.02	28.642	28.687	28.671	
5893	454.05	28.642	28.687	28.671	
5894	454.14	28.642	28.687	28.671	
5895	454.24	28.642	28.687	28.671	
5896	454.34	28.642	28.687	28.671	
5897	454.44	28.642	28.688	28.671	
5898	454.54	28.642	28.688	28.671	
5899	454.64	28.642	28.688	28.671	
5900	454.74	28.642	28.688	28.671	
5901	454.84	28.642	28.688	28.672	
5902	454.94	28.642	28.688	28.672	
5903	455.	28.643	28.688	28.672	
5904	455.01	28.643	28.688	28.672	
5905	455.02	28.643	28.688	28.672	
5906	455.05	28.643	28.688	28.672	
5907	455.14	28.643	28.688	28.672	
5908	455.24	28.643	28.688	28.672	
5909	455.34	28.643	28.688	28.672	
5910	455.44	28.643	28.689	28.672	
5911	455.54	28.643	28.689	28.672	
5912	455.64	28.643	28.689	28.672	
5913	455.74	28.643	28.689	28.673	
5914	455.84	28.643	28.689	28.673	
5915	455.94	28.644	28.689	28.673	
5916	456.	28.644	28.689	28.673	
5917	456.01	28.644	28.689	28.673	
5918	456.02	28.644	28.689	28.673	
5919	456.05	28.644	28.689	28.673	
5920	456.14	28.644	28.689	28.673	
5921	456.24	28.644	28.689	28.673	
5922	456.34	28.644	28.69	28.673	
5923	456.44	28.644	28.69	28.673	
5924	456.54	28.644	28.69	28.673	
5925	456.64	28.644	28.69	28.673	
5926	456.74	28.644	28.69	28.674	
5927	456.84	28.644	28.69	28.674	
5928	456.94	28.645	28.69	28.674	
5929	457.	28.645	28.69	28.674	
5930	457.01	28.645	28.69	28.674	
5931	457.02	28.645	28.69	28.674	
5932	457.05	28.645	28.69	28.674	
5933	457.14	28.645	28.69	28.674	
5934	457.24	28.645	28.69	28.674	
5935	457.34	28.645	28.691	28.674	
5936	457.44	28.645	28.691	28.674	
5937	457.54	28.645	28.691	28.674	
5938	457.64	28.645	28.691	28.675	
5939	457.74	28.645	28.691	28.675	
5940	457.84	28.646	28.691	28.675	
5941	457.94	28.646	28.691	28.675	
5942	458.	28.646	28.691	28.675	
5943	458.01	28.646	28.691	28.675	
5944	458.02	28.646	28.691	28.675	
5945	458.05	28.646	28.691	28.675	
5946	458.14	28.646	28.691	28.675	
5947	458.24	28.646	28.692	28.675	
5948	458.34	28.646	28.692	28.675	
5949	458.44	28.646	28.692	28.675	
5950	458.54	28.646	28.692	28.675	
5951	458.64	28.646	28.692	28.676	
5952	458.74	28.646	28.692	28.676	
5953	458.84	28.647	28.692	28.676	
5954	458.94	28.647	28.692	28.676	
5955	459.	28.647	28.692	28.676	
5956	459.01	28.647	28.692	28.676	
5957	459.02	28.647	28.692	28.676	
5958	459.05	28.647	28.692	28.676	
5959	459.14	28.647	28.692	28.676	
5960	459.24	28.647	28.693	28.676	
5961	459.34	28.647	28.693	28.676	
5962	459.44	28.647	28.693	28.676	
5963	459.54	28.647	28.693	28.677	
5964	459.64	28.647	28.693	28.677	
5965	459.74	28.647	28.693	28.677	
5966	459.84	28.648	28.693	28.677	
5967	459.94	28.648	28.693	28.677	
5968	460.	28.648	28.693	28.677	
5969	460.01	28.648	28.693	28.677	
5970	460.02	28.648	28.693	28.677	
5971	460.05	28.648	28.693	28.677	
5972	460.14	28.648	28.694	28.677	
5973	460.24	28.648	28.694	28.677	
5974	460.34	28.648	28.694	28.677	
5975	460.44	28.648	28.694	28.677	
5976	460.54	28.648	28.694	28.678	
5977	460.64	28.648	28.694	28.678	
5978	460.74	28.649	28.694	28.678	
5979	460.84	28.649	28.694	28.678	
5980	460.94	28.649	28.694	28.678	
5981	461.	28.649	28.694	28.678	
5982	461.01	28.649	28.694	28.678	
5983	461.02	28.649	28.694	28.678	
5984	461.05	28.649	28.694	28.678	
5985	461.14	28.649	28.695	28.678	
5986	461.24	28.649	28.695	28.678	
5987	461.34	28.649	28.695	28.678	
5988	461.44	28.649	28.695	28.679	
5989	461.54	28.649	28.695	28.679	
5990	461.64	28.649	28.695	28.679	
5991	461.74	28.65	28.695	28.679	
5992	461.84	28.65	28.695	28.679	
5993	461.94	28.65	28.695	28.679	
5994	462.	28.65	28.695	28.679	
5995	462.01	28.65	28.695	28.679	
5996	462.02	28.65	28.696	28.679	
5997	462.05	28.65	28.696	28.679	
5998	462.14	28.65	28.696	28.679	
5999	462.24	28.65	28.696	28.679	
6000	462.34	28.65	28.696	28.679	
6001	462.44	28.65	28.696	28.68	
6002	462.54	28.65	28.696	28.68	
6003	462.64	28.651	28.696	28.68	
6004	462.74	28.651	28.696	28.68	
6005	462.84	28.651	28.696	28.68	
6006	462.94	28.651	28.696	28.68	
6007	463.	28.651	28.697	28.68	
6008	463.01	28.651	28.697	28.68	
6009	463.02	28.651	28.697	28.68	
6010	463.05	28.651	28.697	28.68	
6011	463.14	28.651	28.697	28.68	
6012	463.24	28.651	28.697	28.68	
6013	463.34	28.651	28.697	28.681	
6014	463.44	28.651	28.697	28.681	
6015	463.54	28.651	28.697	28.681	
6016	463.64	28.652	28.697	28.681	
6017	463.74	28.652	28.697	28.681	
6018	463.84	28.652	28.697	28.681	
6019	463.94	28.652	28.698	28.681	
6020	464.	28.652	28.698	28.681	
6021	464.01	28.652	28.698	28.681	
6022	464.02	28.652	28.698	28.681	
6023	464.05	28.652	28.698	28.681	
6024	464.14	28.652	28.698	28.681	
6025	464.24	28.652	28.698	28.681	
6026	464.34	28.652	28.698	28.682	
6027	464.44	28.652	28.698	28.682	
6028	464.54	28.652	28.698	28.682	
6029	464.64	28.653	28.698	28.682	
6030	464.74	28.653	28.698	28.682	
6031	464.84	28.653	28.698	28.682	
6032	464.94	28.653	28.699	28.682	
6033	465.	28.653	28.699	28.682	
6034	465.01	28.653	28.699	28.682	
6035	465.02	28.653	28.699	28.682	
6036	465.05	28.653	28.699	28.682	
6037	465.14	28.653	28.699	28.682	
6038	465.24	28.653	28.699	28.682	
6039	465.34	28.653	28.699	28.683	
6040	465.44	28.653	28.699	28.683	
6041	465.54	28.654	28.699	28.683	
6042	465.64	28.654	28.699	28.683	
6043	465.74	28.654	28.699	28.683	
6044	465.84	28.654	28.7	28.683	
6045	465.94	28.654	28.7	28.683	
6046	466.	28.654	28.7	28.683	
6047	466.01	28.654	28.7	28.683	
6048	466.02	28.654	28.7	28.683	
6049	466.05	28.654	28.7	28.683	
6050	466.14	28.654	28.7	28.683	
6051	466.24	28.654	28.7	28.684	
6052	466.34	28.654	28.7	28.684	
6053	466.44	28.654	28.7	28.684	
6054	466.54	28.655	28.7	28.684	
6055	466.64	28.655	28.7	28.684	
6056	466.74	28.655	28.7	28.684	
6057	466.84	28.655	28.701	28.684	
6058	466.94	28.655	28.701	28.684	
6059	467.	28.655	28.701	28.684	
6060	467.01	28.655	28.701	28.684	
6061	467.02	28.655	28.701	28.684	
6062	467.05	28.655	28.701	28.684	
6063	467.14	28.655	28.701	28.684	
6064	467.24	28.655	28.701	28.685	
6065	467.34	28.655	28.701	28.685	
6066	467.44	28.656	28.701	28.685	
6067	467.54	28.656	28.701	28.685	
6068	467.64	28.656	28.701	28.685	
6069	467.74	28.656	28.702	28.685	
6070	467.84	28.656	28.702	28.685	
6071	467.94	28.656	28.702	28.685	
6072	468.	28.656	28.702	28.685	
6073	468.01	28.656	28.702	28.685	
6074	468.02	28.656	28.702	28.685	
6075	468.05	28.656	28.702	28.685	
6076	468.14	28.656	28.702	28.686	
6077	468.24	28.656	28.702	28.686	
6078	468.34	28.656	28.702	28.686	
6079	468.44	28.657	28.702	28.686	
6080	468.54	28.657	28.702	28.686	
6081	468.64	28.657	28.702	28.686	
6082	468.74	28.657	28.703	28.686	
6083	468.84	28.657	28.703	28.686	
6084	468.94	28.657	28.703	28.686	
6085	469.	28.657	28.703	28.686	
6086	469.01	28.657	28.703	28.686	
6087	469.02	28.657	28.703	28.686	
6088	469.05	28.657	28.703	28.686	
6089	469.14	28.657	28.703	28.687	
6090	469.24	28.657	28.703	28.687	
6091	469.34	28.657	28.703	28.687	
6092	469.44	28.658	28.703	28.687	
6093	469.54	28.658	28.703	28.687	
6094	469.64	28.658	28.704	28.687	
6095	469.74	28.658	28.704	28.687	
6096	469.84	28.658	28.704	28.687	
6097	469.94	28.658	28.704	28.687	
6098	470.	28.658	28.704	28.687	
6099	470.01	28.658	28.704	28.687	
6100	470.02	28.658	28.704	28.688	
6101	470.05	28.658	28.704	28.688	
6102	470.14	28.658	28.704	28.688	
6103	470.24	28.658	28.704	28.688	
6104	470.34	28.659	28.704	28.688	
6105	470.44	28.659	28.704	28.688	
6106	470.54	28.659	28.704	28.688	
6107	470.64	28.659	28.705	28.688	
6108	470.74	28.659	28.705	28.688	
6109	470.84	28.659	28.705	28.688	
6110	470.94	28.659	28.705	28.688	
6111	471.	28.659	28.705	28.689	
6112	471.01	28.659	28.705	28.689	
6113	471.02	28.659	28.705	28.689	
6114	471.05	28.659	28.705	28.689	
6115	471.14	28.659	28.705	28.689	
6116	471.24	28.659	28.705	28.689	
6117	471.34	28.66	28.705	28.689	
6118	471.44	28.66	28.705	28.689	
6119	471.54	28.66	28.706	28.689	
6120	471.64	28.66	28.706	28.689	
6121	471.74	28.66	28.706	28.689	
6122	471.84	28.66	28.706	28.689	
6123	471.94	28.66	28.706	28.69	
6124	472.	28.66	28.706	28.69	
6125	472.01	28.66	28.706	28.69	
6126	472.02	28.66	28.706	28.69	
6127	472.05	28.66	28.706	28.69	
6128	472.14	28.66	28.706	28.69	
6129	472.24	28.661	28.706	28.69	
6130	472.34	28.661	28.706	28.69	
6131	472.44	28.661	28.706	28.69	
6132	472.54	28.661	28.707	28.69	
6133	472.64	28.661	28.707	28.69	
6134	472.74	28.661	28.707	28.69	
6135	472.84	28.661	28.707	28.69	
6136	472.94	28.661	28.707	28.691	
6137	473.	28.661	28.707	28.691	
6138	473.01	28.661	28.707	28.691	
6139	473.02	28.661	28.707	28.691	
6140	473.05	28.661	28.707	28.691	
6141	473.14	28.661	28.707	28.691	
6142	473.24	28.662	28.707	28.691	
6143	473.34	28.662	28.707	28.691	
6144	473.44	28.662	28.708	28.691	
6145	473.54	28.662	28.708	28.691	
6146	473.64	28.662	28.708	28.691	
6147	473.74	28.662	28.708	28.691	
6148	473.84	28.662	28.708	28.692	
6149	473.94	28.662	28.708	28.692	
6150	474.	28.662	28.708	28.692	
6151	474.01	28.662	28.708	28.692	
6152	474.02	28.662	28.708	28.692	
6153	474.05	28.662	28.708	28.692	
6154	474.14	28.663	28.708	28.692	
6155	474.24	28.663	28.708	28.692	
6156	474.34	28.663	28.708	28.692	
6157	474.44	28.663	28.709	28.692	
6158	474.54	28.663	28.709	28.692	
6159	474.64	28.663	28.709	28.692	
6160	474.74	28.663	28.709	28.692	
6161	474.84	28.663	28.709	28.693	
6162	474.94	28.663	28.709	28.693	
6163	475.	28.663	28.709	28.693	
6164	475.01	28.663	28.709	28.693	
6165	475.02	28.663	28.709	28.693	
6166	475.05	28.663	28.709	28.693	
6167	475.14	28.664	28.709	28.693	
6168	475.24	28.664	28.709	28.693	
6169	475.34	28.664	28.71	28.693	
6170	475.44	28.664	28.71	28.693	
6171	475.54	28.664	28.71	28.693	
6172	475.64	28.664	28.71	28.693	
6173	475.74	28.664	28.71	28.694	
6174	475.84	28.664	28.71	28.694	
6175	475.94	28.664	28.71	28.694	
6176	476.	28.664	28.71	28.694	
6177	476.01	28.664	28.71	28.694	
6178	476.02	28.664	28.71	28.694	
6179	476.05	28.665	28.71	28.694	
6180	476.14	28.665	28.71	28.694	
6181	476.24	28.665	28.71	28.694	
6182	476.34	28.665	28.711	28.694	
6183	476.44	28.665	28.711	28.694	
6184	476.54	28.665	28.711	28.694	
6185	476.64	28.665	28.711	28.694	
6186	476.74	28.665	28.711	28.695	
6187	476.84	28.665	28.711	28.695	
6188	476.94	28.665	28.711	28.695	
6189	477.	28.665	28.711	28.695	
6190	477.01	28.666	28.711	28.695	
6191	477.02	28.666	28.711	28.695	
6192	477.05	28.666	28.711	28.695	
6193	477.14	28.666	28.711	28.695	
6194	477.24	28.666	28.712	28.695	
6195	477.34	28.666	28.712	28.695	
6196	477.44	28.666	28.712	28.695	
6197	477.54	28.666	28.712	28.695	
6198	477.64	28.666	28.712	28.696	
6199	477.74	28.666	28.712	28.696	
6200	477.84	28.666	28.712	28.696	
6201	477.94	28.666	28.712	28.696	
6202	478.	28.667	28.712	28.696	
6203	478.01	28.667	28.712	28.696	
6204	478.02	28.667	28.712	28.696	
6205	478.05	28.667	28.712	28.696	
6206	478.14	28.667	28.712	28.696	
6207	478.24	28.667	28.713	28.696	
6208	478.34	28.667	28.713	28.696	
6209	478.44	28.667	28.713	28.696	
6210	478.54	28.667	28.713	28.696	
6211	478.64	28.667	28.713	28.697	
6212	478.74	28.667	28.713	28.697	
6213	478.84	28.667	28.713	28.697	
6214	478.94	28.668	28.713	28.697	
6215	479.	28.668	28.713	28.697	
6216	479.01	28.668	28.713	28.697	
6217	479.02	28.668	28.713	28.697	
6218	479.05	28.668	28.713	28.697	
6219	479.14	28.668	28.714	28.697	
6220	479.24	28.668	28.714	28.697	
6221	479.34	28.668	28.714	28.697	
6222	479.44	28.668	28.714	28.697	
6223	479.54	28.668	28.714	28.698	
6224	479.64	28.668	28.714	28.698	
6225	479.74	28.668	28.714	28.698	
6226	479.84	28.668	28.714	28.698	
6227	479.94	28.669	28.714	28.698	
6228	480.	28.669	28.714	28.698	
6229	480.01	28.669	28.714	28.698	
6230	480.02	28.669	28.714	28.698	
6231	480.05	28.669	28.714	28.698	
6232	480.14	28.669	28.715	28.698	
6233	480.24	28.669	28.715	28.698	
6234	480.34	28.669	28.715	28.698	
6235	480.44	28.669	28.715	28.698	
6236	480.54	28.669	28.715	28.699	
6237	480.64	28.669	28.715	28.699	
6238	480.74	28.669	28.715	28.699	
6239	480.84	28.67	28.715	28.699	
6240	480.94	28.67	28.715	28.699	
6241	481.	28.67	28.715	28.699	
6242	481.01	28.67	28.716	28.699	
6243	481.02	28.67	28.716	28.699	
6244	481.05	28.67	28.716	28.699	
6245	481.14	28.67	28.716	28.699	
6246	481.24	28.67	28.716	28.699	
6247	481.34	28.67	28.716	28.699	
6248	481.44	28.67	28.716	28.7	
6249	481.54	28.67	28.716	28.7	
6250	481.64	28.67	28.716	28.7	
6251	481.74	28.67	28.716	28.7	
6252	481.84	28.671	28.716	28.7	
6253	481.94	28.671	28.716	28.7	
6254	482.	28.671	28.717	28.7	
6255	482.01	28.671	28.717	28.7	
6256	482.02	28.671	28.717	28.7	
6257	482.05	28.671	28.717	28.7	
6258	482.14	28.671	28.717	28.7	
6259	482.24	28.671	28.717	28.7	
6260	482.34	28.671	28.717	28.7	
6261	482.44	28.671	28.717	28.701	
6262	482.54	28.671	28.717	28.701	
6263	482.64	28.671	28.717	28.701	
6264	482.74	28.672	28.717	28.701	
6265	482.84	28.672	28.717	28.701	
6266	482.94	28.672	28.718	28.701	
6267	483.	28.672	28.718	28.701	
6268	483.01	28.672	28.718	28.701	
6269	483.02	28.672	28.718	28.701	
6270	483.05	28.672	28.718	28.701	
6271	483.14	28.672	28.718	28.701	
6272	483.24	28.672	28.718	28.701	
6273	483.34	28.672	28.718	28.702	
6274	483.44	28.672	28.718	28.702	
6275	483.54	28.672	28.718	28.702	
6276	483.64	28.672	28.718	28.702	
6277	483.74	28.673	28.718	28.702	
6278	483.84	28.673	28.718	28.702	
6279	483.94	28.673	28.719	28.702	
6280	484.	28.673	28.719	28.702	
6281	484.01	28.673	28.719	28.702	
6282	484.02	28.673	28.719	28.702	
6283	484.05	28.673	28.719	28.702	
6284	484.14	28.673	28.719	28.702	
6285	484.24	28.673	28.719	28.702	
6286	484.34	28.673	28.719	28.703	
6287	484.44	28.673	28.719	28.703	
6288	484.54	28.673	28.719	28.703	
6289	484.64	28.673	28.719	28.703	
6290	484.74	28.674	28.719	28.703	
6291	484.84	28.674	28.72	28.703	
6292	484.94	28.674	28.72	28.703	
6293	485.	28.674	28.72	28.703	
6294	485.01	28.674	28.72	28.703	
6295	485.02	28.674	28.72	28.703	
6296	485.05	28.674	28.72	28.703	
6297	485.14	28.674	28.72	28.703	
6298	485.24	28.674	28.72	28.704	
6299	485.34	28.674	28.72	28.704	
6300	485.44	28.674	28.72	28.704	
6301	485.54	28.674	28.72	28.704	
6302	485.64	28.675	28.72	28.704	
6303	485.74	28.675	28.721	28.704	
6304	485.84	28.675	28.721	28.704	
6305	485.94	28.675	28.721	28.704	
6306	486.	28.675	28.721	28.704	
6307	486.01	28.675	28.721	28.704	
6308	486.02	28.675	28.721	28.704	
6309	486.05	28.675	28.721	28.704	
6310	486.14	28.675	28.721	28.704	
6311	486.24	28.675	28.721	28.705	
6312	486.34	28.675	28.721	28.705	
6313	486.44	28.675	28.721	28.705	
6314	486.54	28.675	28.721	28.705	
6315	486.64	28.676	28.721	28.705	
6316	486.74	28.676	28.722	28.705	
6317	486.84	28.676	28.722	28.705	
6318	486.94	28.676	28.722	28.705	
6319	487.	28.676	28.722	28.705	
6320	487.01	28.676	28.722	28.705	
6321	487.02	28.676	28.722	28.705	
6322	487.05	28.676	28.722	28.705	
6323	487.14	28.676	28.722	28.706	
6324	487.24	28.676	28.722	28.706	
6325	487.34	28.676	28.722	28.706	
6326	487.44	28.676	28.722	28.706	
6327	487.54	28.677	28.722	28.706	
6328	487.64	28.677	28.723	28.706	
6329	487.74	28.677	28.723	28.706	
6330	487.84	28.677	28.723	28.706	
6331	487.94	28.677	28.723	28.706	
6332	488.	28.677	28.723	28.706	
6333	488.01	28.677	28.723	28.706	
6334	488.02	28.677	28.723	28.706	
6335	488.05	28.677	28.723	28.706	
6336	488.14	28.677	28.723	28.707	
6337	488.24	28.677	28.723	28.707	
6338	488.34	28.677	28.723	28.707	
6339	488.44	28.677	28.723	28.707	
6340	488.54	28.678	28.723	28.707	
6341	488.64	28.678	28.724	28.707	
6342	488.74	28.678	28.724	28.707	
6343	488.84	28.678	28.724	28.707	
6344	488.94	28.678	28.724	28.707	
6345	489.	28.678	28.724	28.707	
6346	489.01	28.678	28.724	28.707	
6347	489.02	28.678	28.724	28.707	
6348	489.05	28.678	28.724	28.708	
6349	489.14	28.678	28.724	28.708	
6350	489.24	28.678	28.724	28.708	
6351	489.34	28.678	28.724	28.708	
6352	489.44	28.679	28.724	28.708	
6353	489.54	28.679	28.725	28.708	
6354	489.64	28.679	28.725	28.708	
6355	489.74	28.679	28.725	28.708	
6356	489.84	28.679	28.725	28.708	
6357	489.94	28.679	28.725	28.708	
6358	490.	28.679	28.725	28.709	
6359	490.01	28.679	28.725	28.709	
6360	490.02	28.679	28.725	28.709	
6361	490.05	28.679	28.725	28.709	
6362	490.14	28.679	28.725	28.709	
6363	490.24	28.679	28.725	28.709	
6364	490.34	28.679	28.725	28.709	
6365	490.44	28.68	28.725	28.709	
6366	490.54	28.68	28.726	28.709	
6367	490.64	28.68	28.726	28.709	
6368	490.74	28.68	28.726	28.709	
6369	490.84	28.68	28.726	28.709	
6370	490.94	28.68	28.726	28.71	
6371	491.	28.68	28.726	28.71	
6372	491.01	28.68	28.726	28.71	
6373	491.02	28.68	28.726	28.71	
6374	491.05	28.68	28.726	28.71	
6375	491.14	28.68	28.726	28.71	
6376	491.24	28.68	28.726	28.71	
6377	491.34	28.681	28.726	28.71	
6378	491.44	28.681	28.727	28.71	
6379	491.54	28.681	28.727	28.71	
6380	491.64	28.681	28.727	28.71	
6381	491.74	28.681	28.727	28.71	
6382	491.84	28.681	28.727	28.71	
6383	491.94	28.681	28.727	28.711	
6384	492.	28.681	28.727	28.711	
6385	492.01	28.681	28.727	28.711	
6386	492.02	28.681	28.727	28.711	
6387	492.05	28.681	28.727	28.711	
6388	492.14	28.681	28.727	28.711	
6389	492.24	28.681	28.727	28.711	
6390	492.34	28.682	28.727	28.711	
6391	492.44	28.682	28.728	28.711	
6392	492.54	28.682	28.728	28.711	
6393	492.64	28.682	28.728	28.711	
6394	492.74	28.682	28.728	28.711	
6395	492.84	28.682	28.728	28.712	
6396	492.94	28.682	28.728	28.712	
6397	493.	28.682	28.728	28.712	
6398	493.01	28.682	28.728	28.712	
6399	493.02	28.682	28.728	28.712	
6400	493.05	28.682	28.728	28.712	
6401	493.14	28.682	28.728	28.712	
6402	493.24	28.683	28.728	28.712	
6403	493.34	28.683	28.729	28.712	
6404	493.44	28.683	28.729	28.712	
6405	493.54	28.683	28.729	28.712	
6406	493.64	28.683	28.729	28.712	
6407	493.74	28.683	28.729	28.712	
6408	493.84	28.683	28.729	28.713	
6409	493.94	28.683	28.729	28.713	
6410	494.	28.683	28.729	28.713	
6411	494.01	28.683	28.729	28.713	
6412	494.02	28.683	28.729	28.713	
6413	494.05	28.683	28.729	28.713	
6414	494.14	28.683	28.729	28.713	
6415	494.24	28.684	28.729	28.713	
6416	494.34	28.684	28.73	28.713	
6417	494.44	28.684	28.73	28.713	
6418	494.54	28.684	28.73	28.713	
6419	494.64	28.684	28.73	28.713	
6420	494.74	28.684	28.73	28.714	
6421	494.84	28.684	28.73	28.714	
6422	494.94	28.684	28.73	28.714	
6423	495.	28.684	28.73	28.714	
6424	495.01	28.684	28.73	28.714	
6425	495.02	28.684	28.73	28.714	
6426	495.05	28.684	28.73	28.714	
6427	495.14	28.685	28.73	28.714	
6428	495.24	28.685	28.731	28.714	
6429	495.34	28.685	28.731	28.714	
6430	495.44	28.685	28.731	28.714	
6431	495.54	28.685	28.731	28.714	
6432	495.64	28.685	28.731	28.714	
6433	495.74	28.685	28.731	28.715	
6434	495.84	28.685	28.731	28.715	
6435	495.94	28.685	28.731	28.715	
6436	496.	28.685	28.731	28.715	
6437	496.01	28.685	28.731	28.715	
6438	496.02	28.685	28.731	28.715	
6439	496.05	28.685	28.731	28.715	
6440	496.14	28.686	28.732	28.715	
6441	496.24	28.686	28.732	28.715	
6442	496.34	28.686	28.732	28.715	
6443	496.44	28.686	28.732	28.715	
6444	496.54	28.686	28.732	28.715	
6445	496.64	28.686	28.732	28.716	
6446	496.74	28.686	28.732	28.716	
6447	496.84	28.686	28.732	28.716	
6448	496.94	28.686	28.732	28.716	
6449	497.	28.686	28.732	28.716	
6450	497.01	28.686	28.732	28.716	
6451	497.02	28.686	28.732	28.716	
6452	497.05	28.687	28.732	28.716	
6453	497.14	28.687	28.733	28.716	
6454	497.24	28.687	28.733	28.716	
6455	497.34	28.687	28.733	28.716	
6456	497.44	28.687	28.733	28.716	
6457	497.54	28.687	28.733	28.716	
6458	497.64	28.687	28.733	28.717	
6459	497.74	28.687	28.733	28.717	
6460	497.84	28.687	28.733	28.717	
6461	497.94	28.687	28.733	28.717	
6462	498.	28.688	28.733	28.717	
6463	498.01	28.688	28.733	28.717	
6464	498.02	28.688	28.733	28.717	
6465	498.05	28.688	28.734	28.717	
6466	498.14	28.688	28.734	28.717	
6467	498.24	28.688	28.734	28.717	
6468	498.34	28.688	28.734	28.717	
6469	498.44	28.688	28.734	28.717	
6470	498.54	28.688	28.734	28.718	
6471	498.64	28.688	28.734	28.718	
6472	498.74	28.688	28.734	28.718	
6473	498.84	28.688	28.734	28.718	
6474	498.94	28.689	28.734	28.718	
6475	499.	28.689	28.735	28.718	
6476	499.01	28.689	28.735	28.718	
6477	499.02	28.689	28.735	28.718	
6478	499.05	28.689	28.735	28.718	
6479	499.14	28.689	28.735	28.718	
6480	499.24	28.689	28.735	28.718	
6481	499.34	28.689	28.735	28.718	
6482	499.44	28.689	28.735	28.718	
6483	499.54	28.689	28.735	28.719	
6484	499.64	28.689	28.735	28.719	
6485	499.74	28.689	28.735	28.719	
6486	499.84	28.689	28.735	28.719	
6487	499.94	28.69	28.736	28.719	
6488	500.	28.69	28.736	28.719	
6489	500.01	28.69	28.736	28.719	
6490	500.02	28.69	28.736	28.719	
6491	500.05	28.69	28.736	28.719	
6492	500.14	28.69	28.736	28.719	
6493	500.24	28.69	28.736	28.719	
6494	500.34	28.69	28.736	28.719	
6495	500.44	28.69	28.736	28.72	
6496	500.54	28.69	28.736	28.72	
6497	500.64	28.69	28.736	28.72	
6498	500.74	28.69	28.736	28.72	
6499	500.84	28.691	28.736	28.72	
6500	500.94	28.691	28.737	28.72	
6501	501.	28.691	28.737	28.72	
6502	501.01	28.691	28.737	28.72	
6503	501.02	28.691	28.737	28.72	
6504	501.05	28.691	28.737	28.72	
6505	501.14	28.691	28.737	28.72	
6506	501.24	28.691	28.737	28.72	
6507	501.34	28.691	28.737	28.721	
6508	501.44	28.691	28.737	28.721	
6509	501.54	28.691	28.737	28.721	
6510	501.64	28.691	28.737	28.721	
6511	501.74	28.691	28.737	28.721	
6512	501.84	28.692	28.738	28.721	
6513	501.94	28.692	28.738	28.721	
6514	502.	28.692	28.738	28.721	
6515	502.01	28.692	28.738	28.721	
6516	502.02	28.692	28.738	28.721	
6517	502.05	28.692	28.738	28.721	
6518	502.14	28.692	28.738	28.721	
6519	502.24	28.692	28.738	28.721	
6520	502.34	28.692	28.738	28.722	
6521	502.44	28.692	28.738	28.722	
6522	502.54	28.692	28.738	28.722	
6523	502.64	28.692	28.738	28.722	
6524	502.74	28.692	28.739	28.722	
6525	502.84	28.693	28.739	28.722	
6526	502.94	28.693	28.739	28.722	
6527	503.	28.693	28.739	28.722	
6528	503.01	28.693	28.739	28.722	
6529	503.02	28.693	28.739	28.722	
6530	503.05	28.693	28.739	28.722	
6531	503.14	28.693	28.739	28.722	
6532	503.24	28.693	28.739	28.723	
6533	503.34	28.693	28.739	28.723	
6534	503.44	28.693	28.739	28.723	
6535	503.54	28.693	28.739	28.723	
6536	503.64	28.693	28.739	28.723	
6537	503.74	28.694	28.74	28.723	
6538	503.84	28.694	28.74	28.723	
6539	503.94	28.694	28.74	28.723	
6540	504.	28.694	28.74	28.723	
6541	504.01	28.694	28.74	28.723	
6542	504.02	28.694	28.74	28.723	
6543	504.05	28.694	28.74	28.723	
6544	504.14	28.694	28.74	28.723	
6545	504.24	28.694	28.74	28.724	
6546	504.34	28.694	28.74	28.724	
6547	504.44	28.694	28.74	28.724	
6548	504.54	28.694	28.74	28.724	
6549	504.64	28.694	28.741	28.724	
6550	504.74	28.695	28.741	28.724	
6551	504.84	28.695	28.741	28.724	
6552	504.94	28.695	28.741	28.724	
6553	505.	28.695	28.741	28.724	
6554	505.01	28.695	28.741	28.724	
6555	505.02	28.695	28.741	28.724	
6556	505.05	28.695	28.741	28.724	
6557	505.14	28.695	28.741	28.725	
6558	505.24	28.695	28.741	28.725	
6559	505.34	28.695	28.741	28.725	
6560	505.44	28.695	28.741	28.725	
6561	505.54	28.695	28.741	28.725	
6562	505.64	28.696	28.742	28.725	
6563	505.74	28.696	28.742	28.725	
6564	505.84	28.696	28.742	28.725	
6565	505.94	28.696	28.742	28.725	
6566	506.	28.696	28.742	28.725	
6567	506.01	28.696	28.742	28.725	
6568	506.02	28.696	28.742	28.725	
6569	506.05	28.696	28.742	28.725	
6570	506.14	28.696	28.742	28.726	
6571	506.24	28.696	28.742	28.726	
6572	506.34	28.696	28.742	28.726	
6573	506.44	28.696	28.742	28.726	
6574	506.54	28.696	28.743	28.726	
6575	506.64	28.697	28.743	28.726	
6576	506.74	28.697	28.743	28.726	
6577	506.84	28.697	28.743	28.726	
6578	506.94	28.697	28.743	28.726	
6579	507.	28.697	28.743	28.726	
6580	507.01	28.697	28.743	28.727	
6581	507.02	28.697	28.743	28.727	
6582	507.05	28.697	28.743	28.727	
6583	507.14	28.697	28.743	28.727	
6584	507.24	28.697	28.743	28.727	
6585	507.34	28.697	28.743	28.727	
6586	507.44	28.697	28.743	28.727	
6587	507.54	28.698	28.744	28.727	
6588	507.64	28.698	28.744	28.727	
6589	507.74	28.698	28.744	28.727	
6590	507.84	28.698	28.744	28.727	
6591	507.94	28.698	28.744	28.727	
6592	508.	28.698	28.744	28.728	
6593	508.01	28.698	28.744	28.728	
6594	508.02	28.698	28.744	28.728	
6595	508.05	28.698	28.744	28.728	
6596	508.14	28.698	28.744	28.728	
6597	508.24	28.698	28.744	28.728	
6598	508.34	28.698	28.744	28.728	
6599	508.44	28.698	28.745	28.728	
6600	508.54	28.699	28.745	28.728	
6601	508.64	28.699	28.745	28.728	
6602	508.74	28.699	28.745	28.728	
6603	508.84	28.699	28.745	28.728	
6604	508.94	28.699	28.745	28.729	
6605	509.	28.699	28.745	28.729	
6606	509.01	28.699	28.745	28.729	
6607	509.02	28.699	28.745	28.729	
6608	509.05	28.699	28.745	28.729	
6609	509.14	28.699	28.745	28.729	
6610	509.24	28.699	28.745	28.729	
6611	509.34	28.699	28.746	28.729	
6612	509.44	28.7	28.746	28.729	
6613	509.54	28.7	28.746	28.729	
6614	509.64	28.7	28.746	28.729	
6615	509.74	28.7	28.746	28.729	
6616	509.84	28.7	28.746	28.73	
6617	509.94	28.7	28.746	28.73	
6618	510.	28.7	28.746	28.73	
6619	510.01	28.7	28.746	28.73	
6620	510.02	28.7	28.746	28.73	
6621	510.05	28.7	28.746	28.73	
6622	510.14	28.7	28.746	28.73	
6623	510.24	28.7	28.746	28.73	
6624	510.34	28.701	28.747	28.73	
6625	510.44	28.701	28.747	28.73	
6626	510.54	28.701	28.747	28.73	
6627	510.64	28.701	28.747	28.73	
6628	510.74	28.701	28.747	28.73	
6629	510.84	28.701	28.747	28.731	
6630	510.94	28.701	28.747	28.731	
6631	511.	28.701	28.747	28.731	
6632	511.01	28.701	28.747	28.731	
6633	511.02	28.701	28.747	28.731	
6634	511.05	28.701	28.747	28.731	
6635	511.14	28.701	28.747	28.731	
6636	511.24	28.701	28.748	28.731	
6637	511.34	28.702	28.748	28.731	
6638	511.44	28.702	28.748	28.731	
6639	511.54	28.702	28.748	28.731	
6640	511.64	28.702	28.748	28.731	
6641	511.74	28.702	28.748	28.732	
6642	511.84	28.702	28.748	28.732	
6643	511.94	28.702	28.748	28.732	
6644	512.	28.702	28.748	28.732	
6645	512.01	28.702	28.748	28.732	
6646	512.02	28.702	28.748	28.732	
6647	512.05	28.702	28.748	28.732	
6648	512.14	28.702	28.748	28.732	
6649	512.24	28.703	28.749	28.732	
6650	512.34	28.703	28.749	28.732	
6651	512.44	28.703	28.749	28.732	
6652	512.54	28.703	28.749	28.732	
6653	512.64	28.703	28.749	28.732	
6654	512.74	28.703	28.749	28.733	
6655	512.84	28.703	28.749	28.733	
6656	512.94	28.703	28.749	28.733	
6657	513.	28.703	28.749	28.733	
6658	513.01	28.703	28.749	28.733	
6659	513.02	28.703	28.749	28.733	
6660	513.05	28.703	28.749	28.733	
6661	513.14	28.703	28.75	28.733	
6662	513.24	28.704	28.75	28.733	
6663	513.34	28.704	28.75	28.733	
6664	513.44	28.704	28.75	28.733	
6665	513.54	28.704	28.75	28.733	
6666	513.64	28.704	28.75	28.734	
6667	513.74	28.704	28.75	28.734	
6668	513.84	28.704	28.75	28.734	
6669	513.94	28.704	28.75	28.734	
6670	514.	28.704	28.75	28.734	
6671	514.01	28.704	28.75	28.734	
6672	514.02	28.704	28.75	28.734	
6673	514.05	28.704	28.751	28.734	
6674	514.14	28.705	28.751	28.734	
6675	514.24	28.705	28.751	28.734	
6676	514.34	28.705	28.751	28.734	
6677	514.44	28.705	28.751	28.734	
6678	514.54	28.705	28.751	28.734	
6679	514.64	28.705	28.751	28.735	
6680	514.74	28.705	28.751	28.735	
6681	514.84	28.705	28.751	28.735	
6682	514.94	28.705	28.751	28.735	
6683	515.	28.705	28.752	28.735	
6684	515.01	28.705	28.752	28.735	
6685	515.02	28.705	28.752	28.735	
6686	515.05	28.705	28.752	28.735	
6687	515.14	28.706	28.752	28.735	
6688	515.24	28.706	28.752	28.735	
6689	515.34	28.706	28.752	28.735	
6690	515.44	28.706	28.752	28.735	
6691	515.54	28.706	28.752	28.736	
6692	515.64	28.706	28.752	28.736	
6693	515.74	28.706	28.752	28.736	
6694	515.84	28.706	28.752	28.736	
6695	515.94	28.706	28.753	28.736	
6696	516.	28.706	28.753	28.736	
6697	516.01	28.706	28.753	28.736	
6698	516.02	28.706	28.753	28.736	
6699	516.05	28.707	28.753	28.736	
6700	516.14	28.707	28.753	28.736	
6701	516.24	28.707	28.753	28.736	
6702	516.34	28.707	28.753	28.736	
6703	516.44	28.707	28.753	28.736	
6704	516.54	28.707	28.753	28.737	
6705	516.64	28.707	28.753	28.737	
6706	516.74	28.707	28.753	28.737	
6707	516.84	28.707	28.753	28.737	
6708	516.94	28.707	28.754	28.737	
6709	517.	28.708	28.754	28.737	
6710	517.01	28.708	28.754	28.737	
6711	517.02	28.708	28.754	28.737	
6712	517.05	28.708	28.754	28.737	
6713	517.14	28.708	28.754	28.737	
6714	517.24	28.708	28.754	28.737	
6715	517.34	28.708	28.754	28.737	
6716	517.44	28.708	28.754	28.738	
6717	517.54	28.708	28.754	28.738	
6718	517.64	28.708	28.754	28.738	
6719	517.74	28.708	28.754	28.738	
6720	517.84	28.708	28.755	28.738	
6721	517.94	28.709	28.755	28.738	
6722	518.	28.709	28.755	28.738	
6723	518.01	28.709	28.755	28.738	
6724	518.02	28.709	28.755	28.738	
6725	518.05	28.709	28.755	28.738	
6726	518.14	28.709	28.755	28.738	
6727	518.24	28.709	28.755	28.738	
6728	518.34	28.709	28.755	28.739	
6729	518.44	28.709	28.755	28.739	
6730	518.54	28.709	28.755	28.739	
6731	518.64	28.709	28.755	28.739	
6732	518.74	28.709	28.755	28.739	
6733	518.84	28.709	28.756	28.739	
6734	518.94	28.71	28.756	28.739	
6735	519.	28.71	28.756	28.739	
6736	519.01	28.71	28.756	28.739	
6737	519.02	28.71	28.756	28.739	
6738	519.05	28.71	28.756	28.739	
6739	519.14	28.71	28.756	28.739	
6740	519.24	28.71	28.756	28.739	
6741	519.34	28.71	28.756	28.74	
6742	519.44	28.71	28.756	28.74	
6743	519.54	28.71	28.756	28.74	
6744	519.64	28.71	28.756	28.74	
6745	519.74	28.71	28.757	28.74	
6746	519.84	28.711	28.757	28.74	
6747	519.94	28.711	28.757	28.74	
6748	520.	28.711	28.757	28.74	
6749	520.01	28.711	28.757	28.74	
6750	520.02	28.711	28.757	28.74	
6751	520.05	28.711	28.757	28.74	
6752	520.14	28.711	28.757	28.74	
6753	520.24	28.711	28.757	28.741	
6754	520.34	28.711	28.757	28.741	
6755	520.44	28.711	28.757	28.741	
6756	520.54	28.711	28.757	28.741	
6757	520.64	28.711	28.758	28.741	
6758	520.74	28.711	28.758	28.741	
6759	520.84	28.712	28.758	28.741	
6760	520.94	28.712	28.758	28.741	
6761	521.	28.712	28.758	28.741	
6762	521.01	28.712	28.758	28.741	
6763	521.02	28.712	28.758	28.741	
6764	521.05	28.712	28.758	28.741	
6765	521.14	28.712	28.758	28.741	
6766	521.24	28.712	28.758	28.742	
6767	521.34	28.712	28.758	28.742	
6768	521.44	28.712	28.758	28.742	
6769	521.54	28.712	28.758	28.742	
6770	521.64	28.712	28.759	28.742	
6771	521.74	28.713	28.759	28.742	
6772	521.84	28.713	28.759	28.742	
6773	521.94	28.713	28.759	28.742	
6774	522.	28.713	28.759	28.742	
6775	522.01	28.713	28.759	28.742	
6776	522.02	28.713	28.759	28.742	
6777	522.05	28.713	28.759	28.742	
6778	522.14	28.713	28.759	28.743	
6779	522.24	28.713	28.759	28.743	
6780	522.34	28.713	28.759	28.743	
6781	522.44	28.713	28.759	28.743	
6782	522.54	28.713	28.76	28.743	
6783	522.64	28.713	28.76	28.743	
6784	522.74	28.714	28.76	28.743	
6785	522.84	28.714	28.76	28.743	
6786	522.94	28.714	28.76	28.743	
6787	523.	28.714	28.76	28.743	
6788	523.01	28.714	28.76	28.743	
6789	523.02	28.714	28.76	28.743	
6790	523.05	28.714	28.76	28.744	
6791	523.14	28.714	28.76	28.744	
6792	523.24	28.714	28.76	28.744	
6793	523.34	28.714	28.76	28.744	
6794	523.44	28.714	28.761	28.744	
6795	523.54	28.714	28.761	28.744	
6796	523.64	28.715	28.761	28.744	
6797	523.74	28.715	28.761	28.744	
6798	523.84	28.715	28.761	28.744	
6799	523.94	28.715	28.761	28.744	
6800	524.	28.715	28.761	28.745	
6801	524.01	28.715	28.761	28.745	
6802	524.02	28.715	28.761	28.745	
6803	524.05	28.715	28.761	28.745	
6804	524.14	28.715	28.761	28.745	
6805	524.24	28.715	28.761	28.745	
6806	524.34	28.715	28.761	28.745	
6807	524.44	28.715	28.762	28.745	
6808	524.54	28.715	28.762	28.745	
6809	524.64	28.716	28.762	28.745	
6810	524.74	28.716	28.762	28.745	
6811	524.84	28.716	28.762	28.745	
6812	524.94	28.716	28.762	28.746	
6813	525.	28.716	28.762	28.746	
6814	525.01	28.716	28.762	28.746	
6815	525.02	28.716	28.762	28.746	
6816	525.05	28.716	28.762	28.746	
6817	525.14	28.716	28.762	28.746	
6818	525.24	28.716	28.762	28.746	
6819	525.34	28.716	28.763	28.746	
6820	525.44	28.716	28.763	28.746	
6821	525.54	28.717	28.763	28.746	
6822	525.64	28.717	28.763	28.746	
6823	525.74	28.717	28.763	28.746	
6824	525.84	28.717	28.763	28.746	
6825	525.94	28.717	28.763	28.747	
6826	526.	28.717	28.763	28.747	
6827	526.01	28.717	28.763	28.747	
6828	526.02	28.717	28.763	28.747	
6829	526.05	28.717	28.763	28.747	
6830	526.14	28.717	28.763	28.747	
6831	526.24	28.717	28.763	28.747	
6832	526.34	28.717	28.764	28.747	
6833	526.44	28.717	28.764	28.747	
6834	526.54	28.718	28.764	28.747	
6835	526.64	28.718	28.764	28.747	
6836	526.74	28.718	28.764	28.747	
6837	526.84	28.718	28.764	28.748	
6838	526.94	28.718	28.764	28.748	
6839	527.	28.718	28.764	28.748	
6840	527.01	28.718	28.764	28.748	
6841	527.02	28.718	28.764	28.748	
6842	527.05	28.718	28.764	28.748	
6843	527.14	28.718	28.764	28.748	
6844	527.24	28.718	28.765	28.748	
6845	527.34	28.718	28.765	28.748	
6846	527.44	28.719	28.765	28.748	
6847	527.54	28.719	28.765	28.748	
6848	527.64	28.719	28.765	28.748	
6849	527.74	28.719	28.765	28.748	
6850	527.84	28.719	28.765	28.749	
6851	527.94	28.719	28.765	28.749	
6852	528.	28.719	28.765	28.749	
6853	528.01	28.719	28.765	28.749	
6854	528.02	28.719	28.765	28.749	
6855	528.05	28.719	28.765	28.749	
6856	528.14	28.719	28.766	28.749	
6857	528.24	28.719	28.766	28.749	
6858	528.34	28.719	28.766	28.749	
6859	528.44	28.72	28.766	28.749	
6860	528.54	28.72	28.766	28.749	
6861	528.64	28.72	28.766	28.749	
6862	528.74	28.72	28.766	28.75	
6863	528.84	28.72	28.766	28.75	
6864	528.94	28.72	28.766	28.75	
6865	529.	28.72	28.766	28.75	
6866	529.01	28.72	28.766	28.75	
6867	529.02	28.72	28.766	28.75	
6868	529.05	28.72	28.766	28.75	
6869	529.14	28.72	28.767	28.75	
6870	529.24	28.72	28.767	28.75	
6871	529.34	28.721	28.767	28.75	
6872	529.44	28.721	28.767	28.75	
6873	529.54	28.721	28.767	28.75	
6874	529.64	28.721	28.767	28.751	
6875	529.74	28.721	28.767	28.751	
6876	529.84	28.721	28.767	28.751	
6877	529.94	28.721	28.767	28.751	
6878	530.	28.721	28.767	28.751	
6879	530.01	28.721	28.768	28.751	
6880	530.02	28.721	28.768	28.751	
6881	530.05	28.721	28.768	28.751	
6882	530.14	28.721	28.768	28.751	
6883	530.24	28.722	28.768	28.751	
6884	530.34	28.722	28.768	28.751	
6885	530.44	28.722	28.768	28.751	
6886	530.54	28.722	28.768	28.751	
6887	530.64	28.722	28.768	28.752	
6888	530.74	28.722	28.768	28.752	
6889	530.84	28.722	28.768	28.752	
6890	530.94	28.722	28.768	28.752	
6891	531.	28.722	28.769	28.752	
6892	531.01	28.722	28.769	28.752	
6893	531.02	28.722	28.769	28.752	
6894	531.05	28.722	28.769	28.752	
6895	531.14	28.722	28.769	28.752	
6896	531.24	28.723	28.769	28.752	
6897	531.34	28.723	28.769	28.752	
6898	531.44	28.723	28.769	28.752	
6899	531.54	28.723	28.769	28.753	
6900	531.64	28.723	28.769	28.753	
6901	531.74	28.723	28.769	28.753	
6902	531.84	28.723	28.769	28.753	
6903	531.94	28.723	28.77	28.753	
6904	532.	28.723	28.77	28.753	
6905	532.01	28.723	28.77	28.753	
6906	532.02	28.723	28.77	28.753	
6907	532.05	28.723	28.77	28.753	
6908	532.14	28.724	28.77	28.753	
6909	532.24	28.724	28.77	28.753	
6910	532.34	28.724	28.77	28.753	
6911	532.44	28.724	28.77	28.753	
6912	532.54	28.724	28.77	28.754	
6913	532.64	28.724	28.77	28.754	
6914	532.74	28.724	28.77	28.754	
6915	532.84	28.724	28.771	28.754	
6916	532.94	28.724	28.771	28.754	
6917	533.	28.724	28.771	28.754	
6918	533.01	28.724	28.771	28.754	
6919	533.02	28.724	28.771	28.754	
6920	533.05	28.724	28.771	28.754	
6921	533.14	28.725	28.771	28.754	
6922	533.24	28.725	28.771	28.754	
6923	533.34	28.725	28.771	28.754	
6924	533.44	28.725	28.771	28.755	
6925	533.54	28.725	28.771	28.755	
6926	533.64	28.725	28.771	28.755	
6927	533.74	28.725	28.771	28.755	
6928	533.84	28.725	28.772	28.755	
6929	533.94	28.725	28.772	28.755	
6930	534.	28.725	28.772	28.755	
6931	534.01	28.725	28.772	28.755	
6932	534.02	28.726	28.772	28.755	
6933	534.05	28.726	28.772	28.755	
6934	534.14	28.726	28.772	28.755	
6935	534.24	28.726	28.772	28.755	
6936	534.34	28.726	28.772	28.756	
6937	534.44	28.726	28.772	28.756	
6938	534.54	28.726	28.772	28.756	
6939	534.64	28.726	28.772	28.756	
6940	534.74	28.726	28.773	28.756	
6941	534.84	28.726	28.773	28.756	
6942	534.94	28.726	28.773	28.756	
6943	535.	28.727	28.773	28.756	
6944	535.01	28.727	28.773	28.756	
6945	535.02	28.727	28.773	28.756	
6946	535.05	28.727	28.773	28.756	
6947	535.14	28.727	28.773	28.756	
6948	535.24	28.727	28.773	28.756	
6949	535.34	28.727	28.773	28.757	
6950	535.44	28.727	28.773	28.757	
6951	535.54	28.727	28.773	28.757	
6952	535.64	28.727	28.774	28.757	
6953	535.74	28.727	28.774	28.757	
6954	535.84	28.727	28.774	28.757	
6955	535.94	28.728	28.774	28.757	
6956	536.	28.728	28.774	28.757	
6957	536.01	28.728	28.774	28.757	
6958	536.02	28.728	28.774	28.757	
6959	536.05	28.728	28.774	28.757	
6960	536.14	28.728	28.774	28.757	
6961	536.24	28.728	28.774	28.758	
6962	536.34	28.728	28.774	28.758	
6963	536.44	28.728	28.774	28.758	
6964	536.54	28.728	28.774	28.758	
6965	536.64	28.728	28.775	28.758	
6966	536.74	28.728	28.775	28.758	
6967	536.84	28.728	28.775	28.758	
6968	536.94	28.729	28.775	28.758	
6969	537.	28.729	28.775	28.758	
6970	537.01	28.729	28.775	28.758	
6971	537.02	28.729	28.775	28.758	
6972	537.05	28.729	28.775	28.758	
6973	537.14	28.729	28.775	28.758	
6974	537.24	28.729	28.775	28.759	
6975	537.34	28.729	28.775	28.759	
6976	537.44	28.729	28.775	28.759	
6977	537.54	28.729	28.776	28.759	
6978	537.64	28.729	28.776	28.759	
6979	537.74	28.729	28.776	28.759	
6980	537.84	28.73	28.776	28.759	
6981	537.94	28.73	28.776	28.759	
6982	538.	28.73	28.776	28.759	
6983	538.01	28.73	28.776	28.759	
6984	538.02	28.73	28.776	28.759	
6985	538.05	28.73	28.776	28.759	
6986	538.14	28.73	28.776	28.76	
6987	538.24	28.73	28.776	28.76	
6988	538.34	28.73	28.776	28.76	
6989	538.44	28.73	28.776	28.76	
6990	538.54	28.73	28.777	28.76	
6991	538.64	28.73	28.777	28.76	
6992	538.74	28.73	28.777	28.76	
6993	538.84	28.731	28.777	28.76	
6994	538.94	28.731	28.777	28.76	
6995	539.	28.731	28.777	28.76	
6996	539.01	28.731	28.777	28.76	
6997	539.02	28.731	28.777	28.76	
6998	539.05	28.731	28.777	28.761	
6999	539.14	28.731	28.777	28.761	
7000	539.24	28.731	28.777	28.761	
7001	539.34	28.731	28.777	28.761	
7002	539.44	28.731	28.778	28.761	
7003	539.54	28.731	28.778	28.761	
7004	539.64	28.731	28.778	28.761	
7005	539.74	28.732	28.778	28.761	
7006	539.84	28.732	28.778	28.761	
7007	539.94	28.732	28.778	28.761	
7008	540.	28.732	28.778	28.762	
7009	540.01	28.732	28.778	28.762	
7010	540.02	28.732	28.778	28.762	
7011	540.05	28.732	28.778	28.762	
7012	540.14	28.732	28.778	28.762	
7013	540.24	28.732	28.778	28.762	
7014	540.34	28.732	28.779	28.762	
7015	540.44	28.732	28.779	28.762	
7016	540.54	28.732	28.779	28.762	
7017	540.64	28.733	28.779	28.762	
7018	540.74	28.733	28.779	28.762	
7019	540.84	28.733	28.779	28.762	
7020	540.94	28.733	28.779	28.763	
7021	541.	28.733	28.779	28.763	
7022	541.01	28.733	28.779	28.763	
7023	541.02	28.733	28.779	28.763	
7024	541.05	28.733	28.779	28.763	
7025	541.14	28.733	28.779	28.763	
7026	541.24	28.733	28.779	28.763	
7027	541.34	28.733	28.78	28.763	
7028	541.44	28.733	28.78	28.763	
7029	541.54	28.733	28.78	28.763	
7030	541.64	28.734	28.78	28.763	
7031	541.74	28.734	28.78	28.763	
7032	541.84	28.734	28.78	28.763	
7033	541.94	28.734	28.78	28.764	
7034	542.	28.734	28.78	28.764	
7035	542.01	28.734	28.78	28.764	
7036	542.02	28.734	28.78	28.764	
7037	542.05	28.734	28.78	28.764	
7038	542.14	28.734	28.78	28.764	
7039	542.24	28.734	28.781	28.764	
7040	542.34	28.734	28.781	28.764	
7041	542.44	28.734	28.781	28.764	
7042	542.54	28.735	28.781	28.764	
7043	542.64	28.735	28.781	28.764	
7044	542.74	28.735	28.781	28.764	
7045	542.84	28.735	28.781	28.765	
7046	542.94	28.735	28.781	28.765	
7047	543.	28.735	28.781	28.765	
7048	543.01	28.735	28.781	28.765	
7049	543.02	28.735	28.781	28.765	
7050	543.05	28.735	28.781	28.765	
7051	543.14	28.735	28.782	28.765	
7052	543.24	28.735	28.782	28.765	
7053	543.34	28.735	28.782	28.765	
7054	543.44	28.735	28.782	28.765	
7055	543.54	28.736	28.782	28.765	
7056	543.64	28.736	28.782	28.765	
7057	543.74	28.736	28.782	28.766	
7058	543.84	28.736	28.782	28.766	
7059	543.94	28.736	28.782	28.766	
7060	544.	28.736	28.782	28.766	
7061	544.01	28.736	28.782	28.766	
7062	544.02	28.736	28.782	28.766	
7063	544.05	28.736	28.782	28.766	
7064	544.14	28.736	28.783	28.766	
7065	544.24	28.736	28.783	28.766	
7066	544.34	28.736	28.783	28.766	
7067	544.44	28.737	28.783	28.766	
7068	544.54	28.737	28.783	28.766	
7069	544.64	28.737	28.783	28.766	
7070	544.74	28.737	28.783	28.767	
7071	544.84	28.737	28.783	28.767	
7072	544.94	28.737	28.783	28.767	
7073	545.	28.737	28.784	28.767	
7074	545.01	28.737	28.784	28.767	
7075	545.02	28.737	28.784	28.767	
7076	545.05	28.737	28.784	28.767	
7077	545.14	28.737	28.784	28.767	
7078	545.24	28.737	28.784	28.767	
7079	545.34	28.737	28.784	28.767	
7080	545.44	28.738	28.784	28.767	
7081	545.54	28.738	28.784	28.767	
7082	545.64	28.738	28.784	28.768	
7083	545.74	28.738	28.784	28.768	
7084	545.84	28.738	28.784	28.768	
7085	545.94	28.738	28.785	28.768	
7086	546.	28.738	28.785	28.768	
7087	546.01	28.738	28.785	28.768	
7088	546.02	28.738	28.785	28.768	
7089	546.05	28.738	28.785	28.768	
7090	546.14	28.738	28.785	28.768	
7091	546.24	28.738	28.785	28.768	
7092	546.34	28.739	28.785	28.768	
7093	546.44	28.739	28.785	28.768	
7094	546.54	28.739	28.785	28.769	
7095	546.64	28.739	28.785	28.769	
7096	546.74	28.739	28.785	28.769	
7097	546.84	28.739	28.785	28.769	
7098	546.94	28.739	28.786	28.769	
7099	547.	28.739	28.786	28.769	
7100	547.01	28.739	28.786	28.769	
7101	547.02	28.739	28.786	28.769	
7102	547.05	28.739	28.786	28.769	
7103	547.14	28.739	28.786	28.769	
7104	547.24	28.74	28.786	28.769	
7105	547.34	28.74	28.786	28.769	
7106	547.44	28.74	28.786	28.769	
7107	547.54	28.74	28.786	28.77	
7108	547.64	28.74	28.786	28.77	
7109	547.74	28.74	28.786	28.77	
7110	547.84	28.74	28.787	28.77	
7111	547.94	28.74	28.787	28.77	
7112	548.	28.74	28.787	28.77	
7113	548.01	28.74	28.787	28.77	
7114	548.02	28.74	28.787	28.77	
7115	548.05	28.74	28.787	28.77	
7116	548.14	28.74	28.787	28.77	
7117	548.24	28.741	28.787	28.77	
7118	548.34	28.741	28.787	28.77	
7119	548.44	28.741	28.787	28.771	
7120	548.54	28.741	28.787	28.771	
7121	548.64	28.741	28.787	28.771	
7122	548.74	28.741	28.788	28.771	
7123	548.84	28.741	28.788	28.771	
7124	548.94	28.741	28.788	28.771	
7125	549.	28.741	28.788	28.771	
7126	549.01	28.741	28.788	28.771	
7127	549.02	28.741	28.788	28.771	
7128	549.05	28.741	28.788	28.771	
7129	549.14	28.742	28.788	28.771	
7130	549.24	28.742	28.788	28.771	
7131	549.34	28.742	28.788	28.771	
7132	549.44	28.742	28.788	28.772	
7133	549.54	28.742	28.788	28.772	
7134	549.64	28.742	28.788	28.772	
7135	549.74	28.742	28.789	28.772	
7136	549.84	28.742	28.789	28.772	
7137	549.94	28.742	28.789	28.772	
7138	550.	28.742	28.789	28.772	
7139	550.01	28.742	28.789	28.772	
7140	550.02	28.742	28.789	28.772	
7141	550.05	28.742	28.789	28.772	
7142	550.14	28.743	28.789	28.772	
7143	550.24	28.743	28.789	28.772	
7144	550.34	28.743	28.789	28.773	
7145	550.44	28.743	28.789	28.773	
7146	550.54	28.743	28.789	28.773	
7147	550.64	28.743	28.79	28.773	
7148	550.74	28.743	28.79	28.773	
7149	550.84	28.743	28.79	28.773	
7150	550.94	28.743	28.79	28.773	
7151	551.	28.743	28.79	28.773	
7152	551.01	28.744	28.79	28.773	
7153	551.02	28.744	28.79	28.773	
7154	551.05	28.744	28.79	28.773	
7155	551.14	28.744	28.79	28.773	
7156	551.24	28.744	28.79	28.774	
7157	551.34	28.744	28.79	28.774	
7158	551.44	28.744	28.79	28.774	
7159	551.54	28.744	28.791	28.774	
7160	551.64	28.744	28.791	28.774	
7161	551.74	28.744	28.791	28.774	
7162	551.84	28.744	28.791	28.774	
7163	551.94	28.744	28.791	28.774	
7164	552.	28.745	28.791	28.774	
7165	552.01	28.745	28.791	28.774	
7166	552.02	28.745	28.791	28.774	
7167	552.05	28.745	28.791	28.774	
7168	552.14	28.745	28.791	28.774	
7169	552.24	28.745	28.791	28.775	
7170	552.34	28.745	28.791	28.775	
7171	552.44	28.745	28.791	28.775	
7172	552.54	28.745	28.792	28.775	
7173	552.64	28.745	28.792	28.775	
7174	552.74	28.745	28.792	28.775	
7175	552.84	28.745	28.792	28.775	
7176	552.94	28.746	28.792	28.775	
7177	553.	28.746	28.792	28.775	
7178	553.01	28.746	28.792	28.775	
7179	553.02	28.746	28.792	28.775	
7180	553.05	28.746	28.792	28.775	
7181	553.14	28.746	28.792	28.776	
7182	553.24	28.746	28.792	28.776	
7183	553.34	28.746	28.792	28.776	
7184	553.44	28.746	28.793	28.776	
7185	553.54	28.746	28.793	28.776	
7186	553.64	28.746	28.793	28.776	
7187	553.74	28.746	28.793	28.776	
7188	553.84	28.747	28.793	28.776	
7189	553.94	28.747	28.793	28.776	
7190	554.	28.747	28.793	28.776	
7191	554.01	28.747	28.793	28.776	
7192	554.02	28.747	28.793	28.776	
7193	554.05	28.747	28.793	28.777	
7194	554.14	28.747	28.793	28.777	
7195	554.24	28.747	28.793	28.777	
7196	554.34	28.747	28.793	28.777	
7197	554.44	28.747	28.794	28.777	
7198	554.54	28.747	28.794	28.777	
7199	554.64	28.747	28.794	28.777	
7200	554.74	28.747	28.794	28.777	
7201	554.84	28.748	28.794	28.777	
7202	554.94	28.748	28.794	28.777	
7203	555.	28.748	28.794	28.778	
7204	555.01	28.748	28.794	28.778	
7205	555.02	28.748	28.794	28.778	
7206	555.05	28.748	28.794	28.778	
7207	555.14	28.748	28.794	28.778	
7208	555.24	28.748	28.794	28.778	
7209	555.34	28.748	28.795	28.778	
7210	555.44	28.748	28.795	28.778	
7211	555.54	28.748	28.795	28.778	
7212	555.64	28.748	28.795	28.778	
7213	555.74	28.749	28.795	28.778	
7214	555.84	28.749	28.795	28.778	
7215	555.94	28.749	28.795	28.779	
7216	556.	28.749	28.795	28.779	
7217	556.01	28.749	28.795	28.779	
7218	556.02	28.749	28.795	28.779	
7219	556.05	28.749	28.795	28.779	
7220	556.14	28.749	28.795	28.779	
7221	556.24	28.749	28.796	28.779	
7222	556.34	28.749	28.796	28.779	
7223	556.44	28.749	28.796	28.779	
7224	556.54	28.749	28.796	28.779	
7225	556.64	28.749	28.796	28.779	
7226	556.74	28.75	28.796	28.779	
7227	556.84	28.75	28.796	28.779	
7228	556.94	28.75	28.796	28.78	
7229	557.	28.75	28.796	28.78	
7230	557.01	28.75	28.796	28.78	
7231	557.02	28.75	28.796	28.78	
7232	557.05	28.75	28.796	28.78	
7233	557.14	28.75	28.796	28.78	
7234	557.24	28.75	28.797	28.78	
7235	557.34	28.75	28.797	28.78	
7236	557.44	28.75	28.797	28.78	
7237	557.54	28.75	28.797	28.78	
7238	557.64	28.751	28.797	28.78	
7239	557.74	28.751	28.797	28.78	
7240	557.84	28.751	28.797	28.781	
7241	557.94	28.751	28.797	28.781	
7242	558.	28.751	28.797	28.781	
7243	558.01	28.751	28.797	28.781	
7244	558.02	28.751	28.797	28.781	
7245	558.05	28.751	28.797	28.781	
7246	558.14	28.751	28.798	28.781	
7247	558.24	28.751	28.798	28.781	
7248	558.34	28.751	28.798	28.781	
7249	558.44	28.751	28.798	28.781	
7250	558.54	28.751	28.798	28.781	
7251	558.64	28.752	28.798	28.781	
7252	558.74	28.752	28.798	28.782	
7253	558.84	28.752	28.798	28.782	
7254	558.94	28.752	28.798	28.782	
7255	559.	28.752	28.798	28.782	
7256	559.01	28.752	28.799	28.782	
7257	559.02	28.752	28.799	28.782	
7258	559.05	28.752	28.799	28.782	
7259	559.14	28.752	28.799	28.782	
7260	559.24	28.752	28.799	28.782	
7261	559.34	28.752	28.799	28.782	
7262	559.44	28.752	28.799	28.782	
7263	559.54	28.753	28.799	28.782	
7264	559.64	28.753	28.799	28.782	
7265	559.74	28.753	28.799	28.783	
7266	559.84	28.753	28.799	28.783	
7267	559.94	28.753	28.799	28.783	
7268	560.	28.753	28.8	28.783	
7269	560.01	28.753	28.8	28.783	
7270	560.02	28.753	28.8	28.783	
7271	560.05	28.753	28.8	28.783	
7272	560.14	28.753	28.8	28.783	
7273	560.24	28.753	28.8	28.783	
7274	560.34	28.753	28.8	28.783	
7275	560.44	28.754	28.8	28.783	
7276	560.54	28.754	28.8	28.783	
7277	560.64	28.754	28.8	28.784	
7278	560.74	28.754	28.8	28.784	
7279	560.84	28.754	28.8	28.784	
7280	560.94	28.754	28.801	28.784	
7281	561.	28.754	28.801	28.784	
7282	561.01	28.754	28.801	28.784	
7283	561.02	28.754	28.801	28.784	
7284	561.05	28.754	28.801	28.784	
7285	561.14	28.754	28.801	28.784	
7286	561.24	28.754	28.801	28.784	
7287	561.34	28.754	28.801	28.784	
7288	561.44	28.755	28.801	28.784	
7289	561.54	28.755	28.801	28.785	
7290	561.64	28.755	28.801	28.785	
7291	561.74	28.755	28.801	28.785	
7292	561.84	28.755	28.802	28.785	
7293	561.94	28.755	28.802	28.785	
7294	562.	28.755	28.802	28.785	
7295	562.01	28.755	28.802	28.785	
7296	562.02	28.755	28.802	28.785	
7297	562.05	28.755	28.802	28.785	
7298	562.14	28.755	28.802	28.785	
7299	562.24	28.755	28.802	28.785	
7300	562.34	28.756	28.802	28.785	
7301	562.44	28.756	28.802	28.785	
7302	562.54	28.756	28.802	28.786	
7303	562.64	28.756	28.802	28.786	
7304	562.74	28.756	28.802	28.786	
7305	562.84	28.756	28.803	28.786	
7306	562.94	28.756	28.803	28.786	
7307	563.	28.756	28.803	28.786	
7308	563.01	28.756	28.803	28.786	
7309	563.02	28.756	28.803	28.786	
7310	563.05	28.756	28.803	28.786	
7311	563.14	28.756	28.803	28.786	
7312	563.24	28.756	28.803	28.786	
7313	563.34	28.757	28.803	28.786	
7314	563.44	28.757	28.803	28.787	
7315	563.54	28.757	28.803	28.787	
7316	563.64	28.757	28.803	28.787	
7317	563.74	28.757	28.804	28.787	
7318	563.84	28.757	28.804	28.787	
7319	563.94	28.757	28.804	28.787	
7320	564.	28.757	28.804	28.787	
7321	564.01	28.757	28.804	28.787	
7322	564.02	28.757	28.804	28.787	
7323	564.05	28.757	28.804	28.787	
7324	564.14	28.757	28.804	28.787	
7325	564.24	28.758	28.804	28.787	
7326	564.34	28.758	28.804	28.788	
7327	564.44	28.758	28.804	28.788	
7328	564.54	28.758	28.804	28.788	
7329	564.64	28.758	28.805	28.788	
7330	564.74	28.758	28.805	28.788	
7331	564.84	28.758	28.805	28.788	
7332	564.94	28.758	28.805	28.788	
7333	565.	28.758	28.805	28.788	
7334	565.01	28.758	28.805	28.788	
7335	565.02	28.758	28.805	28.788	
7336	565.05	28.758	28.805	28.788	
7337	565.14	28.759	28.805	28.788	
7338	565.24	28.759	28.805	28.788	
7339	565.34	28.759	28.805	28.789	
7340	565.44	28.759	28.805	28.789	
7341	565.54	28.759	28.806	28.789	
7342	565.64	28.759	28.806	28.789	
7343	565.74	28.759	28.806	28.789	
7344	565.84	28.759	28.806	28.789	
7345	565.94	28.759	28.806	28.789	
7346	566.	28.759	28.806	28.789	
7347	566.01	28.759	28.806	28.789	
7348	566.02	28.759	28.806	28.789	
7349	566.05	28.759	28.806	28.789	
7350	566.14	28.76	28.806	28.789	
7351	566.24	28.76	28.806	28.79	
7352	566.34	28.76	28.806	28.79	
7353	566.44	28.76	28.806	28.79	
7354	566.54	28.76	28.807	28.79	
7355	566.64	28.76	28.807	28.79	
7356	566.74	28.76	28.807	28.79	
7357	566.84	28.76	28.807	28.79	
7358	566.94	28.76	28.807	28.79	
7359	567.	28.76	28.807	28.79	
7360	567.01	28.76	28.807	28.79	
7361	567.02	28.761	28.807	28.79	
7362	567.05	28.761	28.807	28.79	
7363	567.14	28.761	28.807	28.791	
7364	567.24	28.761	28.807	28.791	
7365	567.34	28.761	28.807	28.791	
7366	567.44	28.761	28.808	28.791	
7367	567.54	28.761	28.808	28.791	
7368	567.64	28.761	28.808	28.791	
7369	567.74	28.761	28.808	28.791	
7370	567.84	28.761	28.808	28.791	
7371	567.94	28.761	28.808	28.791	
7372	568.	28.762	28.808	28.791	
7373	568.01	28.762	28.808	28.791	
7374	568.02	28.762	28.808	28.791	
7375	568.05	28.762	28.808	28.791	
7376	568.14	28.762	28.808	28.792	
7377	568.24	28.762	28.808	28.792	
7378	568.34	28.762	28.809	28.792	
7379	568.44	28.762	28.809	28.792	
7380	568.54	28.762	28.809	28.792	
7381	568.64	28.762	28.809	28.792	
7382	568.74	28.762	28.809	28.792	
7383	568.84	28.762	28.809	28.792	
7384	568.94	28.763	28.809	28.792	
7385	569.	28.763	28.809	28.792	
7386	569.01	28.763	28.809	28.793	
7387	569.02	28.763	28.809	28.793	
7388	569.05	28.763	28.809	28.793	
7389	569.14	28.763	28.809	28.793	
7390	569.24	28.763	28.809	28.793	
7391	569.34	28.763	28.81	28.793	
7392	569.44	28.763	28.81	28.793	
7393	569.54	28.763	28.81	28.793	
7394	569.64	28.763	28.81	28.793	
7395	569.74	28.763	28.81	28.793	
7396	569.84	28.764	28.81	28.793	
7397	569.94	28.764	28.81	28.793	
7398	570.	28.764	28.81	28.794	
7399	570.01	28.764	28.81	28.794	
7400	570.02	28.764	28.81	28.794	
7401	570.05	28.764	28.81	28.794	
7402	570.14	28.764	28.81	28.794	
7403	570.24	28.764	28.811	28.794	
7404	570.34	28.764	28.811	28.794	
7405	570.44	28.764	28.811	28.794	
7406	570.54	28.764	28.811	28.794	
7407	570.64	28.764	28.811	28.794	
7408	570.74	28.764	28.811	28.794	
7409	570.84	28.765	28.811	28.794	
7410	570.94	28.765	28.811	28.795	
7411	571.	28.765	28.811	28.795	
7412	571.01	28.765	28.811	28.795	
7413	571.02	28.765	28.811	28.795	
7414	571.05	28.765	28.811	28.795	
7415	571.14	28.765	28.812	28.795	
7416	571.24	28.765	28.812	28.795	
7417	571.34	28.765	28.812	28.795	
7418	571.44	28.765	28.812	28.795	
7419	571.54	28.765	28.812	28.795	
7420	571.64	28.765	28.812	28.795	
7421	571.74	28.766	28.812	28.795	
7422	571.84	28.766	28.812	28.796	
7423	571.94	28.766	28.812	28.796	
7424	572.	28.766	28.812	28.796	
7425	572.01	28.766	28.812	28.796	
7426	572.02	28.766	28.812	28.796	
7427	572.05	28.766	28.812	28.796	
7428	572.14	28.766	28.813	28.796	
7429	572.24	28.766	28.813	28.796	
7430	572.34	28.766	28.813	28.796	
7431	572.44	28.766	28.813	28.796	
7432	572.54	28.766	28.813	28.796	
7433	572.64	28.766	28.813	28.796	
7434	572.74	28.767	28.813	28.796	
7435	572.84	28.767	28.813	28.797	
7436	572.94	28.767	28.813	28.797	
7437	573.	28.767	28.814	28.797	
7438	573.01	28.767	28.814	28.797	
7439	573.02	28.767	28.814	28.797	
7440	573.05	28.767	28.814	28.797	
7441	573.14	28.767	28.814	28.797	
7442	573.24	28.767	28.814	28.797	
7443	573.34	28.767	28.814	28.797	
7444	573.44	28.767	28.814	28.797	
7445	573.54	28.767	28.814	28.797	
7446	573.64	28.768	28.814	28.797	
7447	573.74	28.768	28.814	28.798	
7448	573.84	28.768	28.814	28.798	
7449	573.94	28.768	28.815	28.798	
7450	574.	28.768	28.815	28.798	
7451	574.01	28.768	28.815	28.798	
7452	574.02	28.768	28.815	28.798	
7453	574.05	28.768	28.815	28.798	
7454	574.14	28.768	28.815	28.798	
7455	574.24	28.768	28.815	28.798	
7456	574.34	28.768	28.815	28.798	
7457	574.44	28.768	28.815	28.798	
7458	574.54	28.769	28.815	28.798	
7459	574.64	28.769	28.815	28.799	
7460	574.74	28.769	28.815	28.799	
7461	574.84	28.769	28.815	28.799	
7462	574.94	28.769	28.816	28.799	
7463	575.	28.769	28.816	28.799	
7464	575.01	28.769	28.816	28.799	
7465	575.02	28.769	28.816	28.799	
7466	575.05	28.769	28.816	28.799	
7467	575.14	28.769	28.816	28.799	
7468	575.24	28.769	28.816	28.799	
7469	575.34	28.769	28.816	28.799	
7470	575.44	28.769	28.816	28.799	
7471	575.54	28.77	28.816	28.799	
7472	575.64	28.77	28.816	28.8	
7473	575.74	28.77	28.816	28.8	
7474	575.84	28.77	28.817	28.8	
7475	575.94	28.77	28.817	28.8	
7476	576.	28.77	28.817	28.8	
7477	576.01	28.77	28.817	28.8	
7478	576.02	28.77	28.817	28.8	
7479	576.05	28.77	28.817	28.8	
7480	576.14	28.77	28.817	28.8	
7481	576.24	28.77	28.817	28.8	
7482	576.34	28.77	28.817	28.8	
7483	576.44	28.771	28.817	28.8	
7484	576.54	28.771	28.817	28.801	
7485	576.64	28.771	28.817	28.801	
7486	576.74	28.771	28.818	28.801	
7487	576.84	28.771	28.818	28.801	
7488	576.94	28.771	28.818	28.801	
7489	577.	28.771	28.818	28.801	
7490	577.01	28.771	28.818	28.801	
7491	577.02	28.771	28.818	28.801	
7492	577.05	28.771	28.818	28.801	
7493	577.14	28.771	28.818	28.801	
7494	577.24	28.771	28.818	28.801	
7495	577.34	28.771	28.818	28.801	
7496	577.44	28.772	28.818	28.802	
7497	577.54	28.772	28.818	28.802	
7498	577.64	28.772	28.818	28.802	
7499	577.74	28.772	28.819	28.802	
7500	577.84	28.772	28.819	28.802	
7501	577.94	28.772	28.819	28.802	
7502	578.	28.772	28.819	28.802	
7503	578.01	28.772	28.819	28.802	
7504	578.02	28.772	28.819	28.802	
7505	578.05	28.772	28.819	28.802	
7506	578.14	28.772	28.819	28.802	
7507	578.24	28.772	28.819	28.802	
7508	578.34	28.773	28.819	28.802	
7509	578.44	28.773	28.819	28.803	
7510	578.54	28.773	28.819	28.803	
7511	578.64	28.773	28.82	28.803	
7512	578.74	28.773	28.82	28.803	
7513	578.84	28.773	28.82	28.803	
7514	578.94	28.773	28.82	28.803	
7515	579.	28.773	28.82	28.803	
7516	579.01	28.773	28.82	28.803	
7517	579.02	28.773	28.82	28.803	
7518	579.05	28.773	28.82	28.803	
7519	579.14	28.773	28.82	28.803	
7520	579.24	28.774	28.82	28.803	
7521	579.34	28.774	28.82	28.804	
7522	579.44	28.774	28.82	28.804	
7523	579.54	28.774	28.821	28.804	
7524	579.64	28.774	28.821	28.804	
7525	579.74	28.774	28.821	28.804	
7526	579.84	28.774	28.821	28.804	
7527	579.94	28.774	28.821	28.804	
7528	580.	28.774	28.821	28.804	
7529	580.01	28.774	28.821	28.804	
7530	580.02	28.774	28.821	28.804	
7531	580.05	28.774	28.821	28.804	
7532	580.14	28.774	28.821	28.804	
7533	580.24	28.775	28.821	28.805	
7534	580.34	28.775	28.821	28.805	
7535	580.44	28.775	28.821	28.805	
7536	580.54	28.775	28.822	28.805	
7537	580.64	28.775	28.822	28.805	
7538	580.74	28.775	28.822	28.805	
7539	580.84	28.775	28.822	28.805	
7540	580.94	28.775	28.822	28.805	
7541	581.	28.775	28.822	28.805	
7542	581.01	28.775	28.822	28.805	
7543	581.02	28.775	28.822	28.805	
7544	581.05	28.775	28.822	28.805	
7545	581.14	28.776	28.822	28.805	
7546	581.24	28.776	28.822	28.806	
7547	581.34	28.776	28.822	28.806	
7548	581.44	28.776	28.823	28.806	
7549	581.54	28.776	28.823	28.806	
7550	581.64	28.776	28.823	28.806	
7551	581.74	28.776	28.823	28.806	
7552	581.84	28.776	28.823	28.806	
7553	581.94	28.776	28.823	28.806	
7554	582.	28.776	28.823	28.806	
7555	582.01	28.776	28.823	28.806	
7556	582.02	28.776	28.823	28.806	
7557	582.05	28.777	28.823	28.806	
7558	582.14	28.777	28.823	28.807	
7559	582.24	28.777	28.823	28.807	
7560	582.34	28.777	28.824	28.807	
7561	582.44	28.777	28.824	28.807	
7562	582.54	28.777	28.824	28.807	
7563	582.64	28.777	28.824	28.807	
7564	582.74	28.777	28.824	28.807	
7565	582.84	28.777	28.824	28.807	
7566	582.94	28.777	28.824	28.807	
7567	583.	28.778	28.824	28.807	
7568	583.01	28.778	28.824	28.807	
7569	583.02	28.778	28.824	28.808	
7570	583.05	28.778	28.824	28.808	
7571	583.14	28.778	28.824	28.808	
7572	583.24	28.778	28.825	28.808	
7573	583.34	28.778	28.825	28.808	
7574	583.44	28.778	28.825	28.808	
7575	583.54	28.778	28.825	28.808	
7576	583.64	28.778	28.825	28.808	
7577	583.74	28.778	28.825	28.808	
7578	583.84	28.778	28.825	28.808	
7579	583.94	28.779	28.825	28.808	
7580	584.	28.779	28.825	28.809	
7581	584.01	28.779	28.825	28.809	
7582	584.02	28.779	28.825	28.809	
7583	584.05	28.779	28.825	28.809	
7584	584.14	28.779	28.825	28.809	
7585	584.24	28.779	28.826	28.809	
7586	584.34	28.779	28.826	28.809	
7587	584.44	28.779	28.826	28.809	
7588	584.54	28.779	28.826	28.809	
7589	584.64	28.779	28.826	28.809	
7590	584.74	28.779	28.826	28.809	
7591	584.84	28.779	28.826	28.809	
7592	584.94	28.78	28.826	28.81	
7593	585.	28.78	28.826	28.81	
7594	585.01	28.78	28.826	28.81	
7595	585.02	28.78	28.826	28.81	
7596	585.05	28.78	28.826	28.81	
7597	585.14	28.78	28.827	28.81	
7598	585.24	28.78	28.827	28.81	
7599	585.34	28.78	28.827	28.81	
7600	585.44	28.78	28.827	28.81	
7601	585.54	28.78	28.827	28.81	
7602	585.64	28.78	28.827	28.81	
7603	585.74	28.78	28.827	28.81	
7604	585.84	28.781	28.827	28.811	
7605	585.94	28.781	28.827	28.811	
7606	586.	28.781	28.827	28.811	
7607	586.01	28.781	28.827	28.811	
7608	586.02	28.781	28.827	28.811	
7609	586.05	28.781	28.828	28.811	
7610	586.14	28.781	28.828	28.811	
7611	586.24	28.781	28.828	28.811	
7612	586.34	28.781	28.828	28.811	
7613	586.44	28.781	28.828	28.811	
7614	586.54	28.781	28.828	28.811	
7615	586.64	28.781	28.828	28.811	
7616	586.74	28.782	28.828	28.811	
7617	586.84	28.782	28.828	28.812	
7618	586.94	28.782	28.828	28.812	
7619	587.	28.782	28.829	28.812	
7620	587.01	28.782	28.829	28.812	
7621	587.02	28.782	28.829	28.812	
7622	587.05	28.782	28.829	28.812	
7623	587.14	28.782	28.829	28.812	
7624	587.24	28.782	28.829	28.812	
7625	587.34	28.782	28.829	28.812	
7626	587.44	28.782	28.829	28.812	
7627	587.54	28.782	28.829	28.812	
7628	587.64	28.782	28.829	28.812	
7629	587.74	28.783	28.829	28.813	
7630	587.84	28.783	28.829	28.813	
7631	587.94	28.783	28.83	28.813	
7632	588.	28.783	28.83	28.813	
7633	588.01	28.783	28.83	28.813	
7634	588.02	28.783	28.83	28.813	
7635	588.05	28.783	28.83	28.813	
7636	588.14	28.783	28.83	28.813	
7637	588.24	28.783	28.83	28.813	
7638	588.34	28.783	28.83	28.813	
7639	588.44	28.783	28.83	28.813	
7640	588.54	28.783	28.83	28.813	
7641	588.64	28.784	28.83	28.814	
7642	588.74	28.784	28.83	28.814	
7643	588.84	28.784	28.831	28.814	
7644	588.94	28.784	28.831	28.814	
7645	589.	28.784	28.831	28.814	
7646	589.01	28.784	28.831	28.814	
7647	589.02	28.784	28.831	28.814	
7648	589.05	28.784	28.831	28.814	
7649	589.14	28.784	28.831	28.814	
7650	589.24	28.784	28.831	28.814	
7651	589.34	28.784	28.831	28.814	
7652	589.44	28.784	28.831	28.814	
7653	589.54	28.784	28.831	28.814	
7654	589.64	28.785	28.831	28.815	
7655	589.74	28.785	28.831	28.815	
7656	589.84	28.785	28.832	28.815	
7657	589.94	28.785	28.832	28.815	
7658	590.	28.785	28.832	28.815	
7659	590.01	28.785	28.832	28.815	
7660	590.02	28.785	28.832	28.815	
7661	590.05	28.785	28.832	28.815	
7662	590.14	28.785	28.832	28.815	
7663	590.24	28.785	28.832	28.815	
7664	590.34	28.785	28.832	28.815	
7665	590.44	28.785	28.832	28.815	
7666	590.54	28.786	28.832	28.816	
7667	590.64	28.786	28.832	28.816	
7668	590.74	28.786	28.833	28.816	
7669	590.84	28.786	28.833	28.816	
7670	590.94	28.786	28.833	28.816	
7671	591.	28.786	28.833	28.816	
7672	591.01	28.786	28.833	28.816	
7673	591.02	28.786	28.833	28.816	
7674	591.05	28.786	28.833	28.816	
7675	591.14	28.786	28.833	28.816	
7676	591.24	28.786	28.833	28.816	
7677	591.34	28.786	28.833	28.816	
7678	591.44	28.787	28.833	28.817	
7679	591.54	28.787	28.833	28.817	
7680	591.64	28.787	28.834	28.817	
7681	591.74	28.787	28.834	28.817	
7682	591.84	28.787	28.834	28.817	
7683	591.94	28.787	28.834	28.817	
7684	592.	28.787	28.834	28.817	
7685	592.01	28.787	28.834	28.817	
7686	592.02	28.787	28.834	28.817	
7687	592.05	28.787	28.834	28.817	
7688	592.14	28.787	28.834	28.817	
7689	592.24	28.787	28.834	28.817	
7690	592.34	28.787	28.834	28.817	
7691	592.44	28.788	28.834	28.818	
7692	592.54	28.788	28.835	28.818	
7693	592.64	28.788	28.835	28.818	
7694	592.74	28.788	28.835	28.818	
7695	592.84	28.788	28.835	28.818	
7696	592.94	28.788	28.835	28.818	
7697	593.	28.788	28.835	28.818	
7698	593.01	28.788	28.835	28.818	
7699	593.02	28.788	28.835	28.818	
7700	593.05	28.788	28.835	28.818	
7701	593.14	28.788	28.835	28.818	
7702	593.24	28.788	28.835	28.818	
7703	593.34	28.789	28.835	28.819	
7704	593.44	28.789	28.835	28.819	
7705	593.54	28.789	28.836	28.819	
7706	593.64	28.789	28.836	28.819	
7707	593.74	28.789	28.836	28.819	
7708	593.84	28.789	28.836	28.819	
7709	593.94	28.789	28.836	28.819	
7710	594.	28.789	28.836	28.819	
7711	594.01	28.789	28.836	28.819	
7712	594.02	28.789	28.836	28.819	
7713	594.05	28.789	28.836	28.819	
7714	594.14	28.789	28.836	28.819	
7715	594.24	28.79	28.836	28.82	
7716	594.34	28.79	28.836	28.82	
7717	594.44	28.79	28.837	28.82	
7718	594.54	28.79	28.837	28.82	
7719	594.64	28.79	28.837	28.82	
7720	594.74	28.79	28.837	28.82	
7721	594.84	28.79	28.837	28.82	
7722	594.94	28.79	28.837	28.82	
7723	595.	28.79	28.837	28.82	
7724	595.01	28.79	28.837	28.82	
7725	595.02	28.79	28.837	28.82	
7726	595.05	28.79	28.837	28.82	
7727	595.14	28.79	28.837	28.821	
7728	595.24	28.791	28.837	28.821	
7729	595.34	28.791	28.838	28.821	
7730	595.44	28.791	28.838	28.821	
7731	595.54	28.791	28.838	28.821	
7732	595.64	28.791	28.838	28.821	
7733	595.74	28.791	28.838	28.821	
7734	595.84	28.791	28.838	28.821	
7735	595.94	28.791	28.838	28.821	
7736	596.	28.791	28.838	28.821	
7737	596.01	28.791	28.838	28.821	
7738	596.02	28.791	28.838	28.821	
7739	596.05	28.791	28.838	28.821	
7740	596.14	28.792	28.838	28.822	
7741	596.24	28.792	28.838	28.822	
7742	596.34	28.792	28.839	28.822	
7743	596.44	28.792	28.839	28.822	
7744	596.54	28.792	28.839	28.822	
7745	596.64	28.792	28.839	28.822	
7746	596.74	28.792	28.839	28.822	
7747	596.84	28.792	28.839	28.822	
7748	596.94	28.792	28.839	28.822	
7749	597.	28.792	28.839	28.823	
7750	597.01	28.792	28.839	28.823	
7751	597.02	28.792	28.839	28.823	
7752	597.05	28.793	28.839	28.823	
7753	597.14	28.793	28.839	28.823	
7754	597.24	28.793	28.84	28.823	
7755	597.34	28.793	28.84	28.823	
7756	597.44	28.793	28.84	28.823	
7757	597.54	28.793	28.84	28.823	
7758	597.64	28.793	28.84	28.823	
7759	597.74	28.793	28.84	28.823	
7760	597.84	28.793	28.84	28.823	
7761	597.94	28.793	28.84	28.824	
7762	598.	28.794	28.84	28.824	
7763	598.01	28.794	28.84	28.824	
7764	598.02	28.794	28.84	28.824	
7765	598.05	28.794	28.84	28.824	
7766	598.14	28.794	28.841	28.824	
7767	598.24	28.794	28.841	28.824	
7768	598.34	28.794	28.841	28.824	
7769	598.44	28.794	28.841	28.824	
7770	598.54	28.794	28.841	28.824	
7771	598.64	28.794	28.841	28.824	
7772	598.74	28.794	28.841	28.824	
7773	598.84	28.794	28.841	28.824	
7774	598.94	28.795	28.841	28.825	
7775	599.	28.795	28.841	28.825	
7776	599.01	28.795	28.841	28.825	
7777	599.02	28.795	28.841	28.825	
7778	599.05	28.795	28.842	28.825	
7779	599.14	28.795	28.842	28.825	
7780	599.24	28.795	28.842	28.825	
7781	599.34	28.795	28.842	28.825	
7782	599.44	28.795	28.842	28.825	
7783	599.54	28.795	28.842	28.825	
7784	599.64	28.795	28.842	28.825	
7785	599.74	28.795	28.842	28.825	
7786	599.84	28.795	28.842	28.826	
7787	599.94	28.796	28.842	28.826	
7788	600.	28.796	28.843	28.826	
7789	600.01	28.796	28.843	28.826	
7790	600.02	28.796	28.843	28.826	
7791	600.05	28.796	28.843	28.826	
7792	600.14	28.796	28.843	28.826	
7793	600.24	28.796	28.843	28.826	
7794	600.34	28.796	28.843	28.826	
7795	600.44	28.796	28.843	28.826	
7796	600.54	28.796	28.843	28.826	
7797	600.64	28.796	28.843	28.826	
7798	600.74	28.796	28.843	28.827	
7799	600.84	28.797	28.843	28.827	
7800	600.94	28.797	28.844	28.827	
7801	601.	28.797	28.844	28.827	
7802	601.01	28.797	28.844	28.827	
7803	601.02	28.797	28.844	28.827	
7804	601.05	28.797	28.844	28.827	
7805	601.14	28.797	28.844	28.827	
7806	601.24	28.797	28.844	28.827	
7807	601.34	28.797	28.844	28.827	
7808	601.44	28.797	28.844	28.827	
7809	601.54	28.797	28.844	28.827	
7810	601.64	28.797	28.844	28.827	
7811	601.74	28.798	28.844	28.828	
7812	601.84	28.798	28.845	28.828	
7813	601.94	28.798	28.845	28.828	
7814	602.	28.798	28.845	28.828	
7815	602.01	28.798	28.845	28.828	
7816	602.02	28.798	28.845	28.828	
7817	602.05	28.798	28.845	28.828	
7818	602.14	28.798	28.845	28.828	
7819	602.24	28.798	28.845	28.828	
7820	602.34	28.798	28.845	28.828	
7821	602.44	28.798	28.845	28.828	
7822	602.54	28.798	28.845	28.828	
7823	602.64	28.798	28.845	28.829	
7824	602.74	28.799	28.845	28.829	
7825	602.84	28.799	28.846	28.829	
7826	602.94	28.799	28.846	28.829	
7827	603.	28.799	28.846	28.829	
7828	603.01	28.799	28.846	28.829	
7829	603.02	28.799	28.846	28.829	
7830	603.05	28.799	28.846	28.829	
7831	603.14	28.799	28.846	28.829	
7832	603.24	28.799	28.846	28.829	
7833	603.34	28.799	28.846	28.829	
7834	603.44	28.799	28.846	28.829	
7835	603.54	28.799	28.846	28.83	
7836	603.64	28.8	28.846	28.83	
7837	603.74	28.8	28.847	28.83	
7838	603.84	28.8	28.847	28.83	
7839	603.94	28.8	28.847	28.83	
7840	604.	28.8	28.847	28.83	
7841	604.01	28.8	28.847	28.83	
7842	604.02	28.8	28.847	28.83	
7843	604.05	28.8	28.847	28.83	
7844	604.14	28.8	28.847	28.83	
7845	604.24	28.8	28.847	28.83	
7846	604.34	28.8	28.847	28.83	
7847	604.44	28.8	28.847	28.83	
7848	604.54	28.801	28.847	28.831	
7849	604.64	28.801	28.848	28.831	
7850	604.74	28.801	28.848	28.831	
7851	604.84	28.801	28.848	28.831	
7852	604.94	28.801	28.848	28.831	
7853	605.	28.801	28.848	28.831	
7854	605.01	28.801	28.848	28.831	
7855	605.02	28.801	28.848	28.831	
7856	605.05	28.801	28.848	28.831	
7857	605.14	28.801	28.848	28.831	
7858	605.24	28.801	28.848	28.831	
7859	605.34	28.801	28.848	28.831	
7860	605.44	28.801	28.848	28.832	
7861	605.54	28.802	28.849	28.832	
7862	605.64	28.802	28.849	28.832	
7863	605.74	28.802	28.849	28.832	
7864	605.84	28.802	28.849	28.832	
7865	605.94	28.802	28.849	28.832	
7866	606.	28.802	28.849	28.832	
7867	606.01	28.802	28.849	28.832	
7868	606.02	28.802	28.849	28.832	
7869	606.05	28.802	28.849	28.832	
7870	606.14	28.802	28.849	28.832	
7871	606.24	28.802	28.849	28.832	
7872	606.34	28.802	28.849	28.833	
7873	606.44	28.803	28.849	28.833	
7874	606.54	28.803	28.85	28.833	
7875	606.64	28.803	28.85	28.833	
7876	606.74	28.803	28.85	28.833	
7877	606.84	28.803	28.85	28.833	
7878	606.94	28.803	28.85	28.833	
7879	607.	28.803	28.85	28.833	
7880	607.01	28.803	28.85	28.833	
7881	607.02	28.803	28.85	28.833	
7882	607.05	28.803	28.85	28.833	
7883	607.14	28.803	28.85	28.833	
7884	607.24	28.803	28.85	28.834	
7885	607.34	28.804	28.85	28.834	
7886	607.44	28.804	28.851	28.834	
7887	607.54	28.804	28.851	28.834	
7888	607.64	28.804	28.851	28.834	
7889	607.74	28.804	28.851	28.834	
7890	607.84	28.804	28.851	28.834	
7891	607.94	28.804	28.851	28.834	
7892	608.	28.804	28.851	28.834	
7893	608.01	28.804	28.851	28.834	
7894	608.02	28.804	28.851	28.834	
7895	608.05	28.804	28.851	28.834	
7896	608.14	28.804	28.851	28.834	
7897	608.24	28.804	28.851	28.835	
7898	608.34	28.805	28.852	28.835	
7899	608.44	28.805	28.852	28.835	
7900	608.54	28.805	28.852	28.835	
7901	608.64	28.805	28.852	28.835	
7902	608.74	28.805	28.852	28.835	
7903	608.84	28.805	28.852	28.835	
7904	608.94	28.805	28.852	28.835	
7905	609.	28.805	28.852	28.835	
7906	609.01	28.805	28.852	28.835	
7907	609.02	28.805	28.852	28.835	
7908	609.05	28.805	28.852	28.835	
7909	609.14	28.805	28.852	28.836	
7910	609.24	28.806	28.853	28.836	
7911	609.34	28.806	28.853	28.836	
7912	609.44	28.806	28.853	28.836	
7913	609.54	28.806	28.853	28.836	
7914	609.64	28.806	28.853	28.836	
7915	609.74	28.806	28.853	28.836	
7916	609.84	28.806	28.853	28.836	
7917	609.94	28.806	28.853	28.836	
7918	610.	28.806	28.853	28.836	
7919	610.01	28.806	28.853	28.836	
7920	610.02	28.806	28.853	28.836	
7921	610.05	28.806	28.853	28.837	
7922	610.14	28.806	28.853	28.837	
7923	610.24	28.807	28.854	28.837	
7924	610.34	28.807	28.854	28.837	
7925	610.44	28.807	28.854	28.837	
7926	610.54	28.807	28.854	28.837	
7927	610.64	28.807	28.854	28.837	
7928	610.74	28.807	28.854	28.837	
7929	610.84	28.807	28.854	28.837	
7930	610.94	28.807	28.854	28.837	
7931	611.	28.807	28.854	28.838	
7932	611.01	28.807	28.854	28.838	
7933	611.02	28.807	28.854	28.838	
7934	611.05	28.807	28.854	28.838	
7935	611.14	28.808	28.855	28.838	
7936	611.24	28.808	28.855	28.838	
7937	611.34	28.808	28.855	28.838	
7938	611.44	28.808	28.855	28.838	
7939	611.54	28.808	28.855	28.838	
7940	611.64	28.808	28.855	28.838	
7941	611.74	28.808	28.855	28.838	
7942	611.84	28.808	28.855	28.838	
7943	611.94	28.808	28.855	28.839	
7944	612.	28.808	28.855	28.839	
7945	612.01	28.809	28.855	28.839	
7946	612.02	28.809	28.855	28.839	
7947	612.05	28.809	28.856	28.839	
7948	612.14	28.809	28.856	28.839	
7949	612.24	28.809	28.856	28.839	
7950	612.34	28.809	28.856	28.839	
7951	612.44	28.809	28.856	28.839	
7952	612.54	28.809	28.856	28.839	
7953	612.64	28.809	28.856	28.839	
7954	612.74	28.809	28.856	28.839	
7955	612.84	28.809	28.856	28.84	
7956	612.94	28.809	28.856	28.84	
7957	613.	28.81	28.857	28.84	
7958	613.01	28.81	28.857	28.84	
7959	613.02	28.81	28.857	28.84	
7960	613.05	28.81	28.857	28.84	
7961	613.14	28.81	28.857	28.84	
7962	613.24	28.81	28.857	28.84	
7963	613.34	28.81	28.857	28.84	
7964	613.44	28.81	28.857	28.84	
7965	613.54	28.81	28.857	28.84	
7966	613.64	28.81	28.857	28.84	
7967	613.74	28.81	28.857	28.84	
7968	613.84	28.81	28.857	28.841	
7969	613.94	28.811	28.858	28.841	
7970	614.	28.811	28.858	28.841	
7971	614.01	28.811	28.858	28.841	
7972	614.02	28.811	28.858	28.841	
7973	614.05	28.811	28.858	28.841	
7974	614.14	28.811	28.858	28.841	
7975	614.24	28.811	28.858	28.841	
7976	614.34	28.811	28.858	28.841	
7977	614.44	28.811	28.858	28.841	
7978	614.54	28.811	28.858	28.841	
7979	614.64	28.811	28.858	28.841	
7980	614.74	28.811	28.858	28.842	
7981	614.84	28.812	28.859	28.842	
7982	614.94	28.812	28.859	28.842	
7983	615.	28.812	28.859	28.842	
7984	615.01	28.812	28.859	28.842	
7985	615.02	28.812	28.859	28.842	
7986	615.05	28.812	28.859	28.842	
7987	615.14	28.812	28.859	28.842	
7988	615.24	28.812	28.859	28.842	
7989	615.34	28.812	28.859	28.842	
7990	615.44	28.812	28.859	28.842	
7991	615.54	28.812	28.859	28.842	
7992	615.64	28.812	28.859	28.843	
7993	615.74	28.812	28.86	28.843	
7994	615.84	28.813	28.86	28.843	
7995	615.94	28.813	28.86	28.843	
7996	616.	28.813	28.86	28.843	
7997	616.01	28.813	28.86	28.843	
7998	616.02	28.813	28.86	28.843	
7999	616.05	28.813	28.86	28.843	
8000	616.14	28.813	28.86	28.843	
8001	616.24	28.813	28.86	28.843	
8002	616.34	28.813	28.86	28.843	
8003	616.44	28.813	28.86	28.843	
8004	616.54	28.813	28.86	28.844	
8005	616.64	28.813	28.86	28.844	
8006	616.74	28.814	28.861	28.844	
8007	616.84	28.814	28.861	28.844	
8008	616.94	28.814	28.861	28.844	
8009	617.	28.814	28.861	28.844	
8010	617.01	28.814	28.861	28.844	
8011	617.02	28.814	28.861	28.844	
8012	617.05	28.814	28.861	28.844	
8013	617.14	28.814	28.861	28.844	
8014	617.24	28.814	28.861	28.844	
8015	617.34	28.814	28.861	28.844	
8016	617.44	28.814	28.861	28.844	
8017	617.54	28.814	28.861	28.845	
8018	617.64	28.815	28.862	28.845	
8019	617.74	28.815	28.862	28.845	
8020	617.84	28.815	28.862	28.845	
8021	617.94	28.815	28.862	28.845	
8022	618.	28.815	28.862	28.845	
8023	618.01	28.815	28.862	28.845	
8024	618.02	28.815	28.862	28.845	
8025	618.05	28.815	28.862	28.845	
8026	618.14	28.815	28.862	28.845	
8027	618.24	28.815	28.862	28.845	
8028	618.34	28.815	28.862	28.845	
8029	618.44	28.815	28.862	28.846	
8030	618.54	28.815	28.863	28.846	
8031	618.64	28.816	28.863	28.846	
8032	618.74	28.816	28.863	28.846	
8033	618.84	28.816	28.863	28.846	
8034	618.94	28.816	28.863	28.846	
8035	619.	28.816	28.863	28.846	
8036	619.01	28.816	28.863	28.846	
8037	619.02	28.816	28.863	28.846	
8038	619.05	28.816	28.863	28.846	
8039	619.14	28.816	28.863	28.846	
8040	619.24	28.816	28.863	28.846	
8041	619.34	28.816	28.863	28.847	
8042	619.44	28.816	28.864	28.847	
8043	619.54	28.817	28.864	28.847	
8044	619.64	28.817	28.864	28.847	
8045	619.74	28.817	28.864	28.847	
8046	619.84	28.817	28.864	28.847	
8047	619.94	28.817	28.864	28.847	
8048	620.	28.817	28.864	28.847	
8049	620.01	28.817	28.864	28.847	
8050	620.02	28.817	28.864	28.847	
8051	620.05	28.817	28.864	28.847	
8052	620.14	28.817	28.864	28.847	
8053	620.24	28.817	28.864	28.847	
8054	620.34	28.817	28.864	28.848	
8055	620.44	28.818	28.865	28.848	
8056	620.54	28.818	28.865	28.848	
8057	620.64	28.818	28.865	28.848	
8058	620.74	28.818	28.865	28.848	
8059	620.84	28.818	28.865	28.848	
8060	620.94	28.818	28.865	28.848	
8061	621.	28.818	28.865	28.848	
8062	621.01	28.818	28.865	28.848	
8063	621.02	28.818	28.865	28.848	
8064	621.05	28.818	28.865	28.848	
8065	621.14	28.818	28.865	28.848	
8066	621.24	28.818	28.865	28.849	
8067	621.34	28.818	28.866	28.849	
8068	621.44	28.819	28.866	28.849	
8069	621.54	28.819	28.866	28.849	
8070	621.64	28.819	28.866	28.849	
8071	621.74	28.819	28.866	28.849	
8072	621.84	28.819	28.866	28.849	
8073	621.94	28.819	28.866	28.849	
8074	622.	28.819	28.866	28.849	
8075	622.01	28.819	28.866	28.849	
8076	622.02	28.819	28.866	28.849	
8077	622.05	28.819	28.866	28.849	
8078	622.14	28.819	28.866	28.85	
8079	622.24	28.819	28.867	28.85	
8080	622.34	28.82	28.867	28.85	
8081	622.44	28.82	28.867	28.85	
8082	622.54	28.82	28.867	28.85	
8083	622.64	28.82	28.867	28.85	
8084	622.74	28.82	28.867	28.85	
8085	622.84	28.82	28.867	28.85	
8086	622.94	28.82	28.867	28.85	
8087	623.	28.82	28.867	28.85	
8088	623.01	28.82	28.867	28.85	
8089	623.02	28.82	28.867	28.85	
8090	623.05	28.82	28.867	28.851	
8091	623.14	28.82	28.868	28.851	
8092	623.24	28.821	28.868	28.851	
8093	623.34	28.821	28.868	28.851	
8094	623.44	28.821	28.868	28.851	
8095	623.54	28.821	28.868	28.851	
8096	623.64	28.821	28.868	28.851	
8097	623.74	28.821	28.868	28.851	
8098	623.84	28.821	28.868	28.851	
8099	623.94	28.821	28.868	28.851	
8100	624.	28.821	28.868	28.852	
8101	624.01	28.821	28.868	28.852	
8102	624.02	28.821	28.868	28.852	
8103	624.05	28.821	28.868	28.852	
8104	624.14	28.821	28.869	28.852	
8105	624.24	28.822	28.869	28.852	
8106	624.34	28.822	28.869	28.852	
8107	624.44	28.822	28.869	28.852	
8108	624.54	28.822	28.869	28.852	
8109	624.64	28.822	28.869	28.852	
8110	624.74	28.822	28.869	28.852	
8111	624.84	28.822	28.869	28.852	
8112	624.94	28.822	28.869	28.853	
8113	625.	28.822	28.87	28.853	
8114	625.01	28.822	28.87	28.853	
8115	625.02	28.822	28.87	28.853	
8116	625.05	28.822	28.87	28.853	
8117	625.14	28.823	28.87	28.853	
8118	625.24	28.823	28.87	28.853	
8119	625.34	28.823	28.87	28.853	
8120	625.44	28.823	28.87	28.853	
8121	625.54	28.823	28.87	28.853	
8122	625.64	28.823	28.87	28.853	
8123	625.74	28.823	28.87	28.853	
8124	625.84	28.823	28.87	28.854	
8125	625.94	28.823	28.871	28.854	
8126	626.	28.823	28.871	28.854	
8127	626.01	28.823	28.871	28.854	
8128	626.02	28.823	28.871	28.854	
8129	626.05	28.824	28.871	28.854	
8130	626.14	28.824	28.871	28.854	
8131	626.24	28.824	28.871	28.854	
8132	626.34	28.824	28.871	28.854	
8133	626.44	28.824	28.871	28.854	
8134	626.54	28.824	28.871	28.854	
8135	626.64	28.824	28.871	28.854	
8136	626.74	28.824	28.871	28.854	
8137	626.84	28.824	28.872	28.855	
8138	626.94	28.824	28.872	28.855	
8139	627.	28.825	28.872	28.855	
8140	627.01	28.825	28.872	28.855	
8141	627.02	28.825	28.872	28.855	
8142	627.05	28.825	28.872	28.855	
8143	627.14	28.825	28.872	28.855	
8144	627.24	28.825	28.872	28.855	
8145	627.34	28.825	28.872	28.855	
8146	627.44	28.825	28.872	28.855	
8147	627.54	28.825	28.872	28.855	
8148	627.64	28.825	28.872	28.855	
8149	627.74	28.825	28.872	28.856	
8150	627.84	28.825	28.873	28.856	
8151	627.94	28.826	28.873	28.856	
8152	628.	28.826	28.873	28.856	
8153	628.01	28.826	28.873	28.856	
8154	628.02	28.826	28.873	28.856	
8155	628.05	28.826	28.873	28.856	
8156	628.14	28.826	28.873	28.856	
8157	628.24	28.826	28.873	28.856	
8158	628.34	28.826	28.873	28.856	
8159	628.44	28.826	28.873	28.856	
8160	628.54	28.826	28.873	28.856	
8161	628.64	28.826	28.873	28.857	
8162	628.74	28.826	28.874	28.857	
8163	628.84	28.827	28.874	28.857	
8164	628.94	28.827	28.874	28.857	
8165	629.	28.827	28.874	28.857	
8166	629.01	28.827	28.874	28.857	
8167	629.02	28.827	28.874	28.857	
8168	629.05	28.827	28.874	28.857	
8169	629.14	28.827	28.874	28.857	
8170	629.24	28.827	28.874	28.857	
8171	629.34	28.827	28.874	28.857	
8172	629.44	28.827	28.874	28.857	
8173	629.54	28.827	28.874	28.858	
8174	629.64	28.827	28.875	28.858	
8175	629.74	28.827	28.875	28.858	
8176	629.84	28.828	28.875	28.858	
8177	629.94	28.828	28.875	28.858	
8178	630.	28.828	28.875	28.858	
8179	630.01	28.828	28.875	28.858	
8180	630.02	28.828	28.875	28.858	
8181	630.05	28.828	28.875	28.858	
8182	630.14	28.828	28.875	28.858	
8183	630.24	28.828	28.875	28.858	
8184	630.34	28.828	28.875	28.858	
8185	630.44	28.828	28.875	28.858	
8186	630.54	28.828	28.876	28.859	
8187	630.64	28.828	28.876	28.859	
8188	630.74	28.829	28.876	28.859	
8189	630.84	28.829	28.876	28.859	
8190	630.94	28.829	28.876	28.859	
8191	631.	28.829	28.876	28.859	
8192	631.01	28.829	28.876	28.859	
8193	631.02	28.829	28.876	28.859	
8194	631.05	28.829	28.876	28.859	
8195	631.14	28.829	28.876	28.859	
8196	631.24	28.829	28.876	28.859	
8197	631.34	28.829	28.876	28.859	
8198	631.44	28.829	28.876	28.86	
8199	631.54	28.829	28.877	28.86	
8200	631.64	28.83	28.877	28.86	
8201	631.74	28.83	28.877	28.86	
8202	631.84	28.83	28.877	28.86	
8203	631.94	28.83	28.877	28.86	
8204	632.	28.83	28.877	28.86	
8205	632.01	28.83	28.877	28.86	
8206	632.02	28.83	28.877	28.86	
8207	632.05	28.83	28.877	28.86	
8208	632.14	28.83	28.877	28.86	
8209	632.24	28.83	28.877	28.86	
8210	632.34	28.83	28.877	28.861	
8211	632.44	28.83	28.878	28.861	
8212	632.54	28.83	28.878	28.861	
8213	632.64	28.831	28.878	28.861	
8214	632.74	28.831	28.878	28.861	
8215	632.84	28.831	28.878	28.861	
8216	632.94	28.831	28.878	28.861	
8217	633.	28.831	28.878	28.861	
8218	633.01	28.831	28.878	28.861	
8219	633.02	28.831	28.878	28.861	
8220	633.05	28.831	28.878	28.861	
8221	633.14	28.831	28.878	28.861	
8222	633.24	28.831	28.878	28.861	
8223	633.34	28.831	28.879	28.862	
8224	633.44	28.831	28.879	28.862	
8225	633.54	28.832	28.879	28.862	
8226	633.64	28.832	28.879	28.862	
8227	633.74	28.832	28.879	28.862	
8228	633.84	28.832	28.879	28.862	
8229	633.94	28.832	28.879	28.862	
8230	634.	28.832	28.879	28.862	
8231	634.01	28.832	28.879	28.862	
8232	634.02	28.832	28.879	28.862	
8233	634.05	28.832	28.879	28.862	
8234	634.14	28.832	28.879	28.862	
8235	634.24	28.832	28.88	28.863	
8236	634.34	28.832	28.88	28.863	
8237	634.44	28.833	28.88	28.863	
8238	634.54	28.833	28.88	28.863	
8239	634.64	28.833	28.88	28.863	
8240	634.74	28.833	28.88	28.863	
8241	634.84	28.833	28.88	28.863	
8242	634.94	28.833	28.88	28.863	
8243	635.	28.833	28.88	28.863	
8244	635.01	28.833	28.88	28.863	
8245	635.02	28.833	28.88	28.863	
8246	635.05	28.833	28.88	28.863	
8247	635.14	28.833	28.88	28.864	
8248	635.24	28.833	28.881	28.864	
8249	635.34	28.833	28.881	28.864	
8250	635.44	28.834	28.881	28.864	
8251	635.54	28.834	28.881	28.864	
8252	635.64	28.834	28.881	28.864	
8253	635.74	28.834	28.881	28.864	
8254	635.84	28.834	28.881	28.864	
8255	635.94	28.834	28.881	28.864	
8256	636.	28.834	28.881	28.864	
8257	636.01	28.834	28.881	28.864	
8258	636.02	28.834	28.881	28.864	
8259	636.05	28.834	28.881	28.865	
8260	636.14	28.834	28.882	28.865	
8261	636.24	28.834	28.882	28.865	
8262	636.34	28.835	28.882	28.865	
8263	636.44	28.835	28.882	28.865	
8264	636.54	28.835	28.882	28.865	
8265	636.64	28.835	28.882	28.865	
8266	636.74	28.835	28.882	28.865	
8267	636.84	28.835	28.882	28.865	
8268	636.94	28.835	28.882	28.865	
8269	637.	28.835	28.882	28.866	
8270	637.01	28.835	28.883	28.866	
8271	637.02	28.835	28.883	28.866	
8272	637.05	28.835	28.883	28.866	
8273	637.14	28.835	28.883	28.866	
8274	637.24	28.836	28.883	28.866	
8275	637.34	28.836	28.883	28.866	
8276	637.44	28.836	28.883	28.866	
8277	637.54	28.836	28.883	28.866	
8278	637.64	28.836	28.883	28.866	
8279	637.74	28.836	28.883	28.866	
8280	637.84	28.836	28.883	28.866	
8281	637.94	28.836	28.884	28.867	
8282	638.	28.836	28.884	28.867	
8283	638.01	28.836	28.884	28.867	
8284	638.02	28.836	28.884	28.867	
8285	638.05	28.836	28.884	28.867	
8286	638.14	28.836	28.884	28.867	
8287	638.24	28.837	28.884	28.867	
8288	638.34	28.837	28.884	28.867	
8289	638.44	28.837	28.884	28.867	
8290	638.54	28.837	28.884	28.867	
8291	638.64	28.837	28.884	28.867	
8292	638.74	28.837	28.884	28.867	
8293	638.84	28.837	28.884	28.868	
8294	638.94	28.837	28.885	28.868	
8295	639.	28.837	28.885	28.868	
8296	639.01	28.837	28.885	28.868	
8297	639.02	28.837	28.885	28.868	
8298	639.05	28.837	28.885	28.868	
8299	639.14	28.838	28.885	28.868	
8300	639.24	28.838	28.885	28.868	
8301	639.34	28.838	28.885	28.868	
8302	639.44	28.838	28.885	28.868	
8303	639.54	28.838	28.885	28.868	
8304	639.64	28.838	28.885	28.868	
8305	639.74	28.838	28.885	28.869	
8306	639.84	28.838	28.886	28.869	
8307	639.94	28.838	28.886	28.869	
8308	640.	28.838	28.886	28.869	
8309	640.01	28.838	28.886	28.869	
8310	640.02	28.839	28.886	28.869	
8311	640.05	28.839	28.886	28.869	
8312	640.14	28.839	28.886	28.869	
8313	640.24	28.839	28.886	28.869	
8314	640.34	28.839	28.886	28.869	
8315	640.44	28.839	28.886	28.869	
8316	640.54	28.839	28.886	28.869	
8317	640.64	28.839	28.886	28.869	
8318	640.74	28.839	28.887	28.87	
8319	640.84	28.839	28.887	28.87	
8320	640.94	28.839	28.887	28.87	
8321	641.	28.84	28.887	28.87	
8322	641.01	28.84	28.887	28.87	
8323	641.02	28.84	28.887	28.87	
8324	641.05	28.84	28.887	28.87	
8325	641.14	28.84	28.887	28.87	
8326	641.24	28.84	28.887	28.87	
8327	641.34	28.84	28.887	28.87	
8328	641.44	28.84	28.887	28.87	
8329	641.54	28.84	28.887	28.87	
8330	641.64	28.84	28.888	28.871	
8331	641.74	28.84	28.888	28.871	
8332	641.84	28.84	28.888	28.871	
8333	641.94	28.841	28.888	28.871	
8334	642.	28.841	28.888	28.871	
8335	642.01	28.841	28.888	28.871	
8336	642.02	28.841	28.888	28.871	
8337	642.05	28.841	28.888	28.871	
8338	642.14	28.841	28.888	28.871	
8339	642.24	28.841	28.888	28.871	
8340	642.34	28.841	28.888	28.871	
8341	642.44	28.841	28.888	28.871	
8342	642.54	28.841	28.888	28.872	
8343	642.64	28.841	28.889	28.872	
8344	642.74	28.841	28.889	28.872	
8345	642.84	28.842	28.889	28.872	
8346	642.94	28.842	28.889	28.872	
8347	643.	28.842	28.889	28.872	
8348	643.01	28.842	28.889	28.872	
8349	643.02	28.842	28.889	28.872	
8350	643.05	28.842	28.889	28.872	
8351	643.14	28.842	28.889	28.872	
8352	643.24	28.842	28.889	28.872	
8353	643.34	28.842	28.889	28.872	
8354	643.44	28.842	28.889	28.873	
8355	643.54	28.842	28.89	28.873	
8356	643.64	28.842	28.89	28.873	
8357	643.74	28.843	28.89	28.873	
8358	643.84	28.843	28.89	28.873	
8359	643.94	28.843	28.89	28.873	
8360	644.	28.843	28.89	28.873	
8361	644.01	28.843	28.89	28.873	
8362	644.02	28.843	28.89	28.873	
8363	644.05	28.843	28.89	28.873	
8364	644.14	28.843	28.89	28.873	
8365	644.24	28.843	28.89	28.873	
8366	644.34	28.843	28.89	28.873	
8367	644.44	28.843	28.891	28.874	
8368	644.54	28.843	28.891	28.874	
8369	644.64	28.843	28.891	28.874	
8370	644.74	28.844	28.891	28.874	
8371	644.84	28.844	28.891	28.874	
8372	644.94	28.844	28.891	28.874	
8373	645.	28.844	28.891	28.874	
8374	645.01	28.844	28.891	28.874	
8375	645.02	28.844	28.891	28.874	
8376	645.05	28.844	28.891	28.874	
8377	645.14	28.844	28.891	28.874	
8378	645.24	28.844	28.891	28.874	
8379	645.34	28.844	28.892	28.875	
8380	645.44	28.844	28.892	28.875	
8381	645.54	28.844	28.892	28.875	
8382	645.64	28.845	28.892	28.875	
8383	645.74	28.845	28.892	28.875	
8384	645.84	28.845	28.892	28.875	
8385	645.94	28.845	28.892	28.875	
8386	646.	28.845	28.892	28.875	
8387	646.01	28.845	28.892	28.875	
8388	646.02	28.845	28.892	28.875	
8389	646.05	28.845	28.892	28.875	
8390	646.14	28.845	28.892	28.875	
8391	646.24	28.845	28.892	28.876	
8392	646.34	28.845	28.893	28.876	
8393	646.44	28.845	28.893	28.876	
8394	646.54	28.846	28.893	28.876	
8395	646.64	28.846	28.893	28.876	
8396	646.74	28.846	28.893	28.876	
8397	646.84	28.846	28.893	28.876	
8398	646.94	28.846	28.893	28.876	
8399	647.	28.846	28.893	28.876	
8400	647.01	28.846	28.893	28.876	
8401	647.02	28.846	28.893	28.876	
8402	647.05	28.846	28.893	28.876	
8403	647.14	28.846	28.893	28.876	
8404	647.24	28.846	28.894	28.877	
8405	647.34	28.846	28.894	28.877	
8406	647.44	28.846	28.894	28.877	
8407	647.54	28.847	28.894	28.877	
8408	647.64	28.847	28.894	28.877	
8409	647.74	28.847	28.894	28.877	
8410	647.84	28.847	28.894	28.877	
8411	647.94	28.847	28.894	28.877	
8412	648.	28.847	28.894	28.877	
8413	648.01	28.847	28.894	28.877	
8414	648.02	28.847	28.894	28.877	
8415	648.05	28.847	28.894	28.877	
8416	648.14	28.847	28.895	28.878	
8417	648.24	28.847	28.895	28.878	
8418	648.34	28.847	28.895	28.878	
8419	648.44	28.848	28.895	28.878	
8420	648.54	28.848	28.895	28.878	
8421	648.64	28.848	28.895	28.878	
8422	648.74	28.848	28.895	28.878	
8423	648.84	28.848	28.895	28.878	
8424	648.94	28.848	28.895	28.878	
8425	649.	28.848	28.895	28.879	
8426	649.01	28.848	28.895	28.879	
8427	649.02	28.848	28.896	28.879	
8428	649.05	28.848	28.896	28.879	
8429	649.14	28.848	28.896	28.879	
8430	649.24	28.848	28.896	28.879	
8431	649.34	28.849	28.896	28.879	
8432	649.44	28.849	28.896	28.879	
8433	649.54	28.849	28.896	28.879	
8434	649.64	28.849	28.896	28.879	
8435	649.74	28.849	28.896	28.879	
8436	649.84	28.849	28.896	28.879	
8437	649.94	28.849	28.897	28.88	
8438	650.	28.849	28.897	28.88	
8439	650.01	28.849	28.897	28.88	
8440	650.02	28.849	28.897	28.88	
8441	650.05	28.849	28.897	28.88	
8442	650.14	28.849	28.897	28.88	
8443	650.24	28.849	28.897	28.88	
8444	650.34	28.85	28.897	28.88	
8445	650.44	28.85	28.897	28.88	
8446	650.54	28.85	28.897	28.88	
8447	650.64	28.85	28.897	28.88	
8448	650.74	28.85	28.897	28.88	
8449	650.84	28.85	28.897	28.88	
8450	650.94	28.85	28.898	28.881	
8451	651.	28.85	28.898	28.881	
8452	651.01	28.85	28.898	28.881	
8453	651.02	28.85	28.898	28.881	
8454	651.05	28.85	28.898	28.881	
8455	651.14	28.85	28.898	28.881	
8456	651.24	28.851	28.898	28.881	
8457	651.34	28.851	28.898	28.881	
8458	651.44	28.851	28.898	28.881	
8459	651.54	28.851	28.898	28.881	
8460	651.64	28.851	28.898	28.881	
8461	651.74	28.851	28.898	28.881	
8462	651.84	28.851	28.899	28.882	
8463	651.94	28.851	28.899	28.882	
8464	652.	28.851	28.899	28.882	
8465	652.01	28.851	28.899	28.882	
8466	652.02	28.851	28.899	28.882	
8467	652.05	28.851	28.899	28.882	
8468	652.14	28.852	28.899	28.882	
8469	652.24	28.852	28.899	28.882	
8470	652.34	28.852	28.899	28.882	
8471	652.44	28.852	28.899	28.882	
8472	652.54	28.852	28.899	28.882	
8473	652.64	28.852	28.899	28.882	
8474	652.74	28.852	28.9	28.883	
8475	652.84	28.852	28.9	28.883	
8476	652.94	28.852	28.9	28.883	
8477	653.	28.852	28.9	28.883	
8478	653.01	28.852	28.9	28.883	
8479	653.02	28.852	28.9	28.883	
8480	653.05	28.852	28.9	28.883	
8481	653.14	28.853	28.9	28.883	
8482	653.24	28.853	28.9	28.883	
8483	653.34	28.853	28.9	28.883	
8484	653.44	28.853	28.9	28.883	
8485	653.54	28.853	28.9	28.883	
8486	653.64	28.853	28.901	28.884	
8487	653.74	28.853	28.901	28.884	
8488	653.84	28.853	28.901	28.884	
8489	653.94	28.853	28.901	28.884	
8490	654.	28.854	28.901	28.884	
8491	654.01	28.854	28.901	28.884	
8492	654.02	28.854	28.901	28.884	
8493	654.05	28.854	28.901	28.884	
8494	654.14	28.854	28.901	28.884	
8495	654.24	28.854	28.901	28.884	
8496	654.34	28.854	28.901	28.884	
8497	654.44	28.854	28.901	28.884	
8498	654.54	28.854	28.901	28.884	
8499	654.64	28.854	28.902	28.885	
8500	654.74	28.854	28.902	28.885	
8501	654.84	28.854	28.902	28.885	
8502	654.94	28.855	28.902	28.885	
8503	655.	28.855	28.902	28.885	
8504	655.01	28.855	28.902	28.885	
8505	655.02	28.855	28.902	28.885	
8506	655.05	28.855	28.902	28.885	
8507	655.14	28.855	28.902	28.885	
8508	655.24	28.855	28.902	28.885	
8509	655.34	28.855	28.902	28.885	
8510	655.44	28.855	28.902	28.885	
8511	655.54	28.855	28.903	28.886	
8512	655.64	28.855	28.903	28.886	
8513	655.74	28.855	28.903	28.886	
8514	655.84	28.855	28.903	28.886	
8515	655.94	28.856	28.903	28.886	
8516	656.	28.856	28.903	28.886	
8517	656.01	28.856	28.903	28.886	
8518	656.02	28.856	28.903	28.886	
8519	656.05	28.856	28.903	28.886	
8520	656.14	28.856	28.903	28.886	
8521	656.24	28.856	28.903	28.886	
8522	656.34	28.856	28.903	28.886	
8523	656.44	28.856	28.904	28.887	
8524	656.54	28.856	28.904	28.887	
8525	656.64	28.856	28.904	28.887	
8526	656.74	28.856	28.904	28.887	
8527	656.84	28.857	28.904	28.887	
8528	656.94	28.857	28.904	28.887	
8529	657.	28.857	28.904	28.887	
8530	657.01	28.857	28.904	28.887	
8531	657.02	28.857	28.904	28.887	
8532	657.05	28.857	28.904	28.887	
8533	657.14	28.857	28.904	28.887	
8534	657.24	28.857	28.904	28.887	
8535	657.34	28.857	28.905	28.888	
8536	657.44	28.857	28.905	28.888	
8537	657.54	28.857	28.905	28.888	
8538	657.64	28.857	28.905	28.888	
8539	657.74	28.858	28.905	28.888	
8540	657.84	28.858	28.905	28.888	
8541	657.94	28.858	28.905	28.888	
8542	658.	28.858	28.905	28.888	
8543	658.01	28.858	28.905	28.888	
8544	658.02	28.858	28.905	28.888	
8545	658.05	28.858	28.905	28.888	
8546	658.14	28.858	28.905	28.888	
8547	658.24	28.858	28.905	28.888	
8548	658.34	28.858	28.906	28.889	
8549	658.44	28.858	28.906	28.889	
8550	658.54	28.858	28.906	28.889	
8551	658.64	28.859	28.906	28.889	
8552	658.74	28.859	28.906	28.889	
8553	658.84	28.859	28.906	28.889	
8554	658.94	28.859	28.906	28.889	
8555	659.	28.859	28.906	28.889	
8556	659.01	28.859	28.906	28.889	
8557	659.02	28.859	28.906	28.889	
8558	659.05	28.859	28.906	28.889	
8559	659.14	28.859	28.906	28.889	
8560	659.24	28.859	28.907	28.89	
8561	659.34	28.859	28.907	28.89	
8562	659.44	28.859	28.907	28.89	
8563	659.54	28.859	28.907	28.89	
8564	659.64	28.86	28.907	28.89	
8565	659.74	28.86	28.907	28.89	
8566	659.84	28.86	28.907	28.89	
8567	659.94	28.86	28.907	28.89	
8568	660.	28.86	28.907	28.89	
8569	660.01	28.86	28.907	28.89	
8570	660.02	28.86	28.907	28.89	
8571	660.05	28.86	28.907	28.89	
8572	660.14	28.86	28.908	28.891	
8573	660.24	28.86	28.908	28.891	
8574	660.34	28.86	28.908	28.891	
8575	660.44	28.86	28.908	28.891	
8576	660.54	28.861	28.908	28.891	
8577	660.64	28.861	28.908	28.891	
8578	660.74	28.861	28.908	28.891	
8579	660.84	28.861	28.908	28.891	
8580	660.94	28.861	28.908	28.891	
8581	661.	28.861	28.908	28.891	
8582	661.01	28.861	28.909	28.891	
8583	661.02	28.861	28.909	28.891	
8584	661.05	28.861	28.909	28.892	
8585	661.14	28.861	28.909	28.892	
8586	661.24	28.861	28.909	28.892	
8587	661.34	28.861	28.909	28.892	
8588	661.44	28.862	28.909	28.892	
8589	661.54	28.862	28.909	28.892	
8590	661.64	28.862	28.909	28.892	
8591	661.74	28.862	28.909	28.892	
8592	661.84	28.862	28.909	28.892	
8593	661.94	28.862	28.91	28.892	
8594	662.	28.862	28.91	28.893	
8595	662.01	28.862	28.91	28.893	
8596	662.02	28.862	28.91	28.893	
8597	662.05	28.862	28.91	28.893	
8598	662.14	28.862	28.91	28.893	
8599	662.24	28.862	28.91	28.893	
8600	662.34	28.862	28.91	28.893	
8601	662.44	28.863	28.91	28.893	
8602	662.54	28.863	28.91	28.893	
8603	662.64	28.863	28.91	28.893	
8604	662.74	28.863	28.91	28.893	
8605	662.84	28.863	28.91	28.893	
8606	662.94	28.863	28.911	28.894	
8607	663.	28.863	28.911	28.894	
8608	663.01	28.863	28.911	28.894	
8609	663.02	28.863	28.911	28.894	
8610	663.05	28.863	28.911	28.894	
8611	663.14	28.863	28.911	28.894	
8612	663.24	28.863	28.911	28.894	
8613	663.34	28.864	28.911	28.894	
8614	663.44	28.864	28.911	28.894	
8615	663.54	28.864	28.911	28.894	
8616	663.64	28.864	28.911	28.894	
8617	663.74	28.864	28.911	28.894	
8618	663.84	28.864	28.912	28.895	
8619	663.94	28.864	28.912	28.895	
8620	664.	28.864	28.912	28.895	
8621	664.01	28.864	28.912	28.895	
8622	664.02	28.864	28.912	28.895	
8623	664.05	28.864	28.912	28.895	
8624	664.14	28.864	28.912	28.895	
8625	664.24	28.865	28.912	28.895	
8626	664.34	28.865	28.912	28.895	
8627	664.44	28.865	28.912	28.895	
8628	664.54	28.865	28.912	28.895	
8629	664.64	28.865	28.912	28.895	
8630	664.74	28.865	28.913	28.896	
8631	664.84	28.865	28.913	28.896	
8632	664.94	28.865	28.913	28.896	
8633	665.	28.865	28.913	28.896	
8634	665.01	28.865	28.913	28.896	
8635	665.02	28.865	28.913	28.896	
8636	665.05	28.865	28.913	28.896	
8637	665.14	28.865	28.913	28.896	
8638	665.24	28.866	28.913	28.896	
8639	665.34	28.866	28.913	28.896	
8640	665.44	28.866	28.913	28.896	
8641	665.54	28.866	28.913	28.896	
8642	665.64	28.866	28.914	28.896	
8643	665.74	28.866	28.914	28.897	
8644	665.84	28.866	28.914	28.897	
8645	665.94	28.866	28.914	28.897	
8646	666.	28.866	28.914	28.897	
8647	666.01	28.866	28.914	28.897	
8648	666.02	28.866	28.914	28.897	
8649	666.05	28.866	28.914	28.897	
8650	666.14	28.867	28.914	28.897	
8651	666.24	28.867	28.914	28.897	
8652	666.34	28.867	28.914	28.897	
8653	666.44	28.867	28.914	28.897	
8654	666.54	28.867	28.915	28.897	
8655	666.64	28.867	28.915	28.898	
8656	666.74	28.867	28.915	28.898	
8657	666.84	28.867	28.915	28.898	
8658	666.94	28.867	28.915	28.898	
8659	667.	28.867	28.915	28.898	
8660	667.01	28.868	28.915	28.898	
8661	667.02	28.868	28.915	28.898	
8662	667.05	28.868	28.915	28.898	
8663	667.14	28.868	28.915	28.898	
8664	667.24	28.868	28.915	28.898	
8665	667.34	28.868	28.915	28.898	
8666	667.44	28.868	28.915	28.898	
8667	667.54	28.868	28.916	28.899	
8668	667.64	28.868	28.916	28.899	
8669	667.74	28.868	28.916	28.899	
8670	667.84	28.868	28.916	28.899	
8671	667.94	28.869	28.916	28.899	
8672	668.	28.869	28.916	28.899	
8673	668.01	28.869	28.916	28.899	
8674	668.02	28.869	28.916	28.899	
8675	668.05	28.869	28.916	28.899	
8676	668.14	28.869	28.916	28.899	
8677	668.24	28.869	28.916	28.899	
8678	668.34	28.869	28.916	28.899	
8679	668.44	28.869	28.917	28.9	
8680	668.54	28.869	28.917	28.9	
8681	668.64	28.869	28.917	28.9	
8682	668.74	28.869	28.917	28.9	
8683	668.84	28.869	28.917	28.9	
8684	668.94	28.87	28.917	28.9	
8685	669.	28.87	28.917	28.9	
8686	669.01	28.87	28.917	28.9	
8687	669.02	28.87	28.917	28.9	
8688	669.05	28.87	28.917	28.9	
8689	669.14	28.87	28.917	28.9	
8690	669.24	28.87	28.917	28.9	
8691	669.34	28.87	28.918	28.9	
8692	669.44	28.87	28.918	28.901	
8693	669.54	28.87	28.918	28.901	
8694	669.64	28.87	28.918	28.901	
8695	669.74	28.87	28.918	28.901	
8696	669.84	28.871	28.918	28.901	
8697	669.94	28.871	28.918	28.901	
8698	670.	28.871	28.918	28.901	
8699	670.01	28.871	28.918	28.901	
8700	670.02	28.871	28.918	28.901	
8701	670.05	28.871	28.918	28.901	
8702	670.14	28.871	28.918	28.901	
8703	670.24	28.871	28.919	28.901	
8704	670.34	28.871	28.919	28.902	
8705	670.44	28.871	28.919	28.902	
8706	670.54	28.871	28.919	28.902	
8707	670.64	28.871	28.919	28.902	
8708	670.74	28.872	28.919	28.902	
8709	670.84	28.872	28.919	28.902	
8710	670.94	28.872	28.919	28.902	
8711	671.	28.872	28.919	28.902	
8712	671.01	28.872	28.919	28.902	
8713	671.02	28.872	28.919	28.902	
8714	671.05	28.872	28.919	28.902	
8715	671.14	28.872	28.919	28.902	
8716	671.24	28.872	28.92	28.903	
8717	671.34	28.872	28.92	28.903	
8718	671.44	28.872	28.92	28.903	
8719	671.54	28.872	28.92	28.903	
8720	671.64	28.872	28.92	28.903	
8721	671.74	28.873	28.92	28.903	
8722	671.84	28.873	28.92	28.903	
8723	671.94	28.873	28.92	28.903	
8724	672.	28.873	28.92	28.903	
8725	672.01	28.873	28.92	28.903	
8726	672.02	28.873	28.92	28.903	
8727	672.05	28.873	28.92	28.903	
8728	672.14	28.873	28.921	28.904	
8729	672.24	28.873	28.921	28.904	
8730	672.34	28.873	28.921	28.904	
8731	672.44	28.873	28.921	28.904	
8732	672.54	28.873	28.921	28.904	
8733	672.64	28.874	28.921	28.904	
8734	672.74	28.874	28.921	28.904	
8735	672.84	28.874	28.921	28.904	
8736	672.94	28.874	28.921	28.904	
8737	673.	28.874	28.922	28.904	
8738	673.01	28.874	28.922	28.904	
8739	673.02	28.874	28.922	28.904	
8740	673.05	28.874	28.922	28.905	
8741	673.14	28.874	28.922	28.905	
8742	673.24	28.874	28.922	28.905	
8743	673.34	28.874	28.922	28.905	
8744	673.44	28.874	28.922	28.905	
8745	673.54	28.875	28.922	28.905	
8746	673.64	28.875	28.922	28.905	
8747	673.74	28.875	28.922	28.905	
8748	673.84	28.875	28.922	28.905	
8749	673.94	28.875	28.923	28.905	
8750	674.	28.875	28.923	28.906	
8751	674.01	28.875	28.923	28.906	
8752	674.02	28.875	28.923	28.906	
8753	674.05	28.875	28.923	28.906	
8754	674.14	28.875	28.923	28.906	
8755	674.24	28.875	28.923	28.906	
8756	674.34	28.875	28.923	28.906	
8757	674.44	28.876	28.923	28.906	
8758	674.54	28.876	28.923	28.906	
8759	674.64	28.876	28.923	28.906	
8760	674.74	28.876	28.923	28.906	
8761	674.84	28.876	28.924	28.906	
8762	674.94	28.876	28.924	28.907	
8763	675.	28.876	28.924	28.907	
8764	675.01	28.876	28.924	28.907	
8765	675.02	28.876	28.924	28.907	
8766	675.05	28.876	28.924	28.907	
8767	675.14	28.876	28.924	28.907	
8768	675.24	28.876	28.924	28.907	
8769	675.34	28.876	28.924	28.907	
8770	675.44	28.877	28.924	28.907	
8771	675.54	28.877	28.924	28.907	
8772	675.64	28.877	28.924	28.907	
8773	675.74	28.877	28.924	28.907	
8774	675.84	28.877	28.925	28.908	
8775	675.94	28.877	28.925	28.908	
8776	676.	28.877	28.925	28.908	
8777	676.01	28.877	28.925	28.908	
8778	676.02	28.877	28.925	28.908	
8779	676.05	28.877	28.925	28.908	
8780	676.14	28.877	28.925	28.908	
8781	676.24	28.877	28.925	28.908	
8782	676.34	28.878	28.925	28.908	
8783	676.44	28.878	28.925	28.908	
8784	676.54	28.878	28.925	28.908	
8785	676.64	28.878	28.925	28.908	
8786	676.74	28.878	28.926	28.909	
8787	676.84	28.878	28.926	28.909	
8788	676.94	28.878	28.926	28.909	
8789	677.	28.878	28.926	28.909	
8790	677.01	28.878	28.926	28.909	
8791	677.02	28.878	28.926	28.909	
8792	677.05	28.878	28.926	28.909	
8793	677.14	28.878	28.926	28.909	
8794	677.24	28.879	28.926	28.909	
8795	677.34	28.879	28.926	28.909	
8796	677.44	28.879	28.926	28.909	
8797	677.54	28.879	28.926	28.909	
8798	677.64	28.879	28.927	28.909	
8799	677.74	28.879	28.927	28.91	
8800	677.84	28.879	28.927	28.91	
8801	677.94	28.879	28.927	28.91	
8802	678.	28.879	28.927	28.91	
8803	678.01	28.879	28.927	28.91	
8804	678.02	28.879	28.927	28.91	
8805	678.05	28.879	28.927	28.91	
8806	678.14	28.879	28.927	28.91	
8807	678.24	28.88	28.927	28.91	
8808	678.34	28.88	28.927	28.91	
8809	678.44	28.88	28.927	28.91	
8810	678.54	28.88	28.928	28.91	
8811	678.64	28.88	28.928	28.911	
8812	678.74	28.88	28.928	28.911	
8813	678.84	28.88	28.928	28.911	
8814	678.94	28.88	28.928	28.911	
8815	679.	28.88	28.928	28.911	
8816	679.01	28.88	28.928	28.911	
8817	679.02	28.88	28.928	28.911	
8818	679.05	28.88	28.928	28.911	
8819	679.14	28.881	28.928	28.911	
8820	679.24	28.881	28.928	28.911	
8821	679.34	28.881	28.928	28.911	
8822	679.44	28.881	28.929	28.911	
8823	679.54	28.881	28.929	28.912	
8824	679.64	28.881	28.929	28.912	
8825	679.74	28.881	28.929	28.912	
8826	679.84	28.881	28.929	28.912	
8827	679.94	28.881	28.929	28.912	
8828	680.	28.881	28.929	28.912	
8829	680.01	28.882	28.929	28.912	
8830	680.02	28.882	28.929	28.912	
8831	680.05	28.882	28.929	28.912	
8832	680.14	28.882	28.929	28.912	
8833	680.24	28.882	28.929	28.912	
8834	680.34	28.882	28.929	28.912	
8835	680.44	28.882	28.93	28.913	
8836	680.54	28.882	28.93	28.913	
8837	680.64	28.882	28.93	28.913	
8838	680.74	28.882	28.93	28.913	
8839	680.84	28.882	28.93	28.913	
8840	680.94	28.883	28.93	28.913	
8841	681.	28.883	28.93	28.913	
8842	681.01	28.883	28.93	28.913	
8843	681.02	28.883	28.93	28.913	
8844	681.05	28.883	28.93	28.913	
8845	681.14	28.883	28.93	28.913	
8846	681.24	28.883	28.93	28.913	
8847	681.34	28.883	28.931	28.913	
8848	681.44	28.883	28.931	28.914	
8849	681.54	28.883	28.931	28.914	
8850	681.64	28.883	28.931	28.914	
8851	681.74	28.883	28.931	28.914	
8852	681.84	28.883	28.931	28.914	
8853	681.94	28.884	28.931	28.914	
8854	682.	28.884	28.931	28.914	
8855	682.01	28.884	28.931	28.914	
8856	682.02	28.884	28.931	28.914	
8857	682.05	28.884	28.931	28.914	
8858	682.14	28.884	28.931	28.914	
8859	682.24	28.884	28.932	28.914	
8860	682.34	28.884	28.932	28.915	
8861	682.44	28.884	28.932	28.915	
8862	682.54	28.884	28.932	28.915	
8863	682.64	28.884	28.932	28.915	
8864	682.74	28.884	28.932	28.915	
8865	682.84	28.885	28.932	28.915	
8866	682.94	28.885	28.932	28.915	
8867	683.	28.885	28.932	28.915	
8868	683.01	28.885	28.932	28.915	
8869	683.02	28.885	28.932	28.915	
8870	683.05	28.885	28.932	28.915	
8871	683.14	28.885	28.933	28.915	
8872	683.24	28.885	28.933	28.916	
8873	683.34	28.885	28.933	28.916	
8874	683.44	28.885	28.933	28.916	
8875	683.54	28.885	28.933	28.916	
8876	683.64	28.885	28.933	28.916	
8877	683.74	28.886	28.933	28.916	
8878	683.84	28.886	28.933	28.916	
8879	683.94	28.886	28.933	28.916	
8880	684.	28.886	28.933	28.916	
8881	684.01	28.886	28.933	28.916	
8882	684.02	28.886	28.933	28.916	
8883	684.05	28.886	28.934	28.916	
8884	684.14	28.886	28.934	28.917	
8885	684.24	28.886	28.934	28.917	
8886	684.34	28.886	28.934	28.917	
8887	684.44	28.886	28.934	28.917	
8888	684.54	28.886	28.934	28.917	
8889	684.64	28.886	28.934	28.917	
8890	684.74	28.887	28.934	28.917	
8891	684.84	28.887	28.934	28.917	
8892	684.94	28.887	28.934	28.917	
8893	685.	28.887	28.935	28.917	
8894	685.01	28.887	28.935	28.917	
8895	685.02	28.887	28.935	28.917	
8896	685.05	28.887	28.935	28.918	
8897	685.14	28.887	28.935	28.918	
8898	685.24	28.887	28.935	28.918	
8899	685.34	28.887	28.935	28.918	
8900	685.44	28.887	28.935	28.918	
8901	685.54	28.887	28.935	28.918	
8902	685.64	28.888	28.935	28.918	
8903	685.74	28.888	28.935	28.918	
8904	685.84	28.888	28.935	28.918	
8905	685.94	28.888	28.936	28.918	
8906	686.	28.888	28.936	28.919	
8907	686.01	28.888	28.936	28.919	
8908	686.02	28.888	28.936	28.919	
8909	686.05	28.888	28.936	28.919	
8910	686.14	28.888	28.936	28.919	
8911	686.24	28.888	28.936	28.919	
8912	686.34	28.888	28.936	28.919	
8913	686.44	28.888	28.936	28.919	
8914	686.54	28.889	28.936	28.919	
8915	686.64	28.889	28.936	28.919	
8916	686.74	28.889	28.936	28.919	
8917	686.84	28.889	28.937	28.919	
8918	686.94	28.889	28.937	28.92	
8919	687.	28.889	28.937	28.92	
8920	687.01	28.889	28.937	28.92	
8921	687.02	28.889	28.937	28.92	
8922	687.05	28.889	28.937	28.92	
8923	687.14	28.889	28.937	28.92	
8924	687.24	28.889	28.937	28.92	
8925	687.34	28.889	28.937	28.92	
8926	687.44	28.89	28.937	28.92	
8927	687.54	28.89	28.937	28.92	
8928	687.64	28.89	28.937	28.92	
8929	687.74	28.89	28.938	28.92	
8930	687.84	28.89	28.938	28.921	
8931	687.94	28.89	28.938	28.921	
8932	688.	28.89	28.938	28.921	
8933	688.01	28.89	28.938	28.921	
8934	688.02	28.89	28.938	28.921	
8935	688.05	28.89	28.938	28.921	
8936	688.14	28.89	28.938	28.921	
8937	688.24	28.89	28.938	28.921	
8938	688.34	28.89	28.938	28.921	
8939	688.44	28.891	28.938	28.921	
8940	688.54	28.891	28.938	28.921	
8941	688.64	28.891	28.939	28.921	
8942	688.74	28.891	28.939	28.922	
8943	688.84	28.891	28.939	28.922	
8944	688.94	28.891	28.939	28.922	
8945	689.	28.891	28.939	28.922	
8946	689.01	28.891	28.939	28.922	
8947	689.02	28.891	28.939	28.922	
8948	689.05	28.891	28.939	28.922	
8949	689.14	28.891	28.939	28.922	
8950	689.24	28.891	28.939	28.922	
8951	689.34	28.892	28.939	28.922	
8952	689.44	28.892	28.939	28.922	
8953	689.54	28.892	28.939	28.922	
8954	689.64	28.892	28.94	28.922	
8955	689.74	28.892	28.94	28.923	
8956	689.84	28.892	28.94	28.923	
8957	689.94	28.892	28.94	28.923	
8958	690.	28.892	28.94	28.923	
8959	690.01	28.892	28.94	28.923	
8960	690.02	28.892	28.94	28.923	
8961	690.05	28.892	28.94	28.923	
8962	690.14	28.892	28.94	28.923	
8963	690.24	28.893	28.94	28.923	
8964	690.34	28.893	28.94	28.923	
8965	690.44	28.893	28.94	28.923	
8966	690.54	28.893	28.941	28.923	
8967	690.64	28.893	28.941	28.924	
8968	690.74	28.893	28.941	28.924	
8969	690.84	28.893	28.941	28.924	
8970	690.94	28.893	28.941	28.924	
8971	691.	28.893	28.941	28.924	
8972	691.01	28.893	28.941	28.924	
8973	691.02	28.893	28.941	28.924	
8974	691.05	28.893	28.941	28.924	
8975	691.14	28.893	28.941	28.924	
8976	691.24	28.894	28.941	28.924	
8977	691.34	28.894	28.941	28.924	
8978	691.44	28.894	28.942	28.924	
8979	691.54	28.894	28.942	28.925	
8980	691.64	28.894	28.942	28.925	
8981	691.74	28.894	28.942	28.925	
8982	691.84	28.894	28.942	28.925	
8983	691.94	28.894	28.942	28.925	
8984	692.	28.894	28.942	28.925	
8985	692.01	28.894	28.942	28.925	
8986	692.02	28.894	28.942	28.925	
8987	692.05	28.894	28.942	28.925	
8988	692.14	28.895	28.942	28.925	
8989	692.24	28.895	28.942	28.925	
8990	692.34	28.895	28.943	28.925	
8991	692.44	28.895	28.943	28.926	
8992	692.54	28.895	28.943	28.926	
8993	692.64	28.895	28.943	28.926	
8994	692.74	28.895	28.943	28.926	
8995	692.84	28.895	28.943	28.926	
8996	692.94	28.895	28.943	28.926	
8997	693.	28.896	28.943	28.926	
8998	693.01	28.896	28.943	28.926	
8999	693.02	28.896	28.943	28.926	
9000	693.05	28.896	28.943	28.926	
9001	693.14	28.896	28.943	28.926	
9002	693.24	28.896	28.944	28.926	
9003	693.34	28.896	28.944	28.927	
9004	693.44	28.896	28.944	28.927	
9005	693.54	28.896	28.944	28.927	
9006	693.64	28.896	28.944	28.927	
9007	693.74	28.896	28.944	28.927	
9008	693.84	28.896	28.944	28.927	
9009	693.94	28.897	28.944	28.927	
9010	694.	28.897	28.944	28.927	
9011	694.01	28.897	28.944	28.927	
9012	694.02	28.897	28.944	28.927	
9013	694.05	28.897	28.944	28.927	
9014	694.14	28.897	28.944	28.927	
9015	694.24	28.897	28.945	28.927	
9016	694.34	28.897	28.945	28.928	
9017	694.44	28.897	28.945	28.928	
9018	694.54	28.897	28.945	28.928	
9019	694.64	28.897	28.945	28.928	
9020	694.74	28.897	28.945	28.928	
9021	694.84	28.897	28.945	28.928	
9022	694.94	28.898	28.945	28.928	
9023	695.	28.898	28.945	28.928	
9024	695.01	28.898	28.945	28.928	
9025	695.02	28.898	28.945	28.928	
9026	695.05	28.898	28.945	28.928	
9027	695.14	28.898	28.946	28.928	
9028	695.24	28.898	28.946	28.929	
9029	695.34	28.898	28.946	28.929	
9030	695.44	28.898	28.946	28.929	
9031	695.54	28.898	28.946	28.929	
9032	695.64	28.898	28.946	28.929	
9033	695.74	28.898	28.946	28.929	
9034	695.84	28.899	28.946	28.929	
9035	695.94	28.899	28.946	28.929	
9036	696.	28.899	28.947	28.929	
9037	696.01	28.899	28.947	28.929	
9038	696.02	28.899	28.947	28.929	
9039	696.05	28.899	28.947	28.929	
9040	696.14	28.899	28.947	28.93	
9041	696.24	28.899	28.947	28.93	
9042	696.34	28.899	28.947	28.93	
9043	696.44	28.899	28.947	28.93	
9044	696.54	28.899	28.947	28.93	
9045	696.64	28.899	28.947	28.93	
9046	696.74	28.9	28.947	28.93	
9047	696.84	28.9	28.947	28.93	
9048	696.94	28.9	28.948	28.93	
9049	697.	28.9	28.948	28.93	
9050	697.01	28.9	28.948	28.93	
9051	697.02	28.9	28.948	28.93	
9052	697.05	28.9	28.948	28.931	
9053	697.14	28.9	28.948	28.931	
9054	697.24	28.9	28.948	28.931	
9055	697.34	28.9	28.948	28.931	
9056	697.44	28.9	28.948	28.931	
9057	697.54	28.9	28.948	28.931	
9058	697.64	28.901	28.948	28.931	
9059	697.74	28.901	28.948	28.931	
9060	697.84	28.901	28.949	28.931	
9061	697.94	28.901	28.949	28.931	
9062	698.	28.901	28.949	28.932	
9063	698.01	28.901	28.949	28.932	
9064	698.02	28.901	28.949	28.932	
9065	698.05	28.901	28.949	28.932	
9066	698.14	28.901	28.949	28.932	
9067	698.24	28.901	28.949	28.932	
9068	698.34	28.901	28.949	28.932	
9069	698.44	28.901	28.949	28.932	
9070	698.54	28.901	28.949	28.932	
9071	698.64	28.902	28.949	28.932	
9072	698.74	28.902	28.95	28.932	
9073	698.84	28.902	28.95	28.932	
9074	698.94	28.902	28.95	28.933	
9075	699.	28.902	28.95	28.933	
9076	699.01	28.902	28.95	28.933	
9077	699.02	28.902	28.95	28.933	
9078	699.05	28.902	28.95	28.933	
9079	699.14	28.902	28.95	28.933	
9080	699.24	28.902	28.95	28.933	
9081	699.34	28.902	28.95	28.933	
9082	699.44	28.902	28.95	28.933	
9083	699.54	28.903	28.95	28.933	
9084	699.64	28.903	28.95	28.933	
9085	699.74	28.903	28.951	28.933	
9086	699.84	28.903	28.951	28.934	
9087	699.94	28.903	28.951	28.934	
9088	700.	28.903	28.951	28.934	
9089	700.01	28.903	28.951	28.934	
9090	700.02	28.903	28.951	28.934	
9091	700.05	28.903	28.951	28.934	
9092	700.14	28.903	28.951	28.934	
9093	700.24	28.903	28.951	28.934	
9094	700.34	28.903	28.951	28.934	
9095	700.44	28.904	28.951	28.934	
9096	700.54	28.904	28.951	28.934	
9097	700.64	28.904	28.952	28.934	
9098	700.74	28.904	28.952	28.935	
9099	700.84	28.904	28.952	28.935	
9100	700.94	28.904	28.952	28.935	
9101	701.	28.904	28.952	28.935	
9102	701.01	28.904	28.952	28.935	
9103	701.02	28.904	28.952	28.935	
9104	701.05	28.904	28.952	28.935	
9105	701.14	28.904	28.952	28.935	
9106	701.24	28.904	28.952	28.935	
9107	701.34	28.905	28.952	28.935	
9108	701.44	28.905	28.952	28.935	
9109	701.54	28.905	28.953	28.935	
9110	701.64	28.905	28.953	28.936	
9111	701.74	28.905	28.953	28.936	
9112	701.84	28.905	28.953	28.936	
9113	701.94	28.905	28.953	28.936	
9114	702.	28.905	28.953	28.936	
9115	702.01	28.905	28.953	28.936	
9116	702.02	28.905	28.953	28.936	
9117	702.05	28.905	28.953	28.936	
9118	702.14	28.905	28.953	28.936	
9119	702.24	28.905	28.953	28.936	
9120	702.34	28.906	28.953	28.936	
9121	702.44	28.906	28.954	28.936	
9122	702.54	28.906	28.954	28.936	
9123	702.64	28.906	28.954	28.937	
9124	702.74	28.906	28.954	28.937	
9125	702.84	28.906	28.954	28.937	
9126	702.94	28.906	28.954	28.937	
9127	703.	28.906	28.954	28.937	
9128	703.01	28.906	28.954	28.937	
9129	703.02	28.906	28.954	28.937	
9130	703.05	28.906	28.954	28.937	
9131	703.14	28.906	28.954	28.937	
9132	703.24	28.907	28.954	28.937	
9133	703.34	28.907	28.955	28.937	
9134	703.44	28.907	28.955	28.937	
9135	703.54	28.907	28.955	28.938	
9136	703.64	28.907	28.955	28.938	
9137	703.74	28.907	28.955	28.938	
9138	703.84	28.907	28.955	28.938	
9139	703.94	28.907	28.955	28.938	
9140	704.	28.907	28.955	28.938	
9141	704.01	28.907	28.955	28.938	
9142	704.02	28.907	28.955	28.938	
9143	704.05	28.907	28.955	28.938	
9144	704.14	28.908	28.955	28.938	
9145	704.24	28.908	28.955	28.938	
9146	704.34	28.908	28.956	28.938	
9147	704.44	28.908	28.956	28.939	
9148	704.54	28.908	28.956	28.939	
9149	704.64	28.908	28.956	28.939	
9150	704.74	28.908	28.956	28.939	
9151	704.84	28.908	28.956	28.939	
9152	704.94	28.908	28.956	28.939	
9153	705.	28.908	28.956	28.939	
9154	705.01	28.908	28.956	28.939	
9155	705.02	28.908	28.956	28.939	
9156	705.05	28.909	28.956	28.939	
9157	705.14	28.909	28.956	28.939	
9158	705.24	28.909	28.957	28.939	
9159	705.34	28.909	28.957	28.94	
9160	705.44	28.909	28.957	28.94	
9161	705.54	28.909	28.957	28.94	
9162	705.64	28.909	28.957	28.94	
9163	705.74	28.909	28.957	28.94	
9164	705.84	28.909	28.957	28.94	
9165	705.94	28.909	28.957	28.94	
9166	706.	28.91	28.957	28.94	
9167	706.01	28.91	28.957	28.94	
9168	706.02	28.91	28.957	28.94	
9169	706.05	28.91	28.957	28.94	
9170	706.14	28.91	28.958	28.94	
9171	706.24	28.91	28.958	28.941	
9172	706.34	28.91	28.958	28.941	
9173	706.44	28.91	28.958	28.941	
9174	706.54	28.91	28.958	28.941	
9175	706.64	28.91	28.958	28.941	
9176	706.74	28.91	28.958	28.941	
9177	706.84	28.91	28.958	28.941	
9178	706.94	28.911	28.958	28.941	
9179	707.	28.911	28.958	28.941	
9180	707.01	28.911	28.959	28.941	
9181	707.02	28.911	28.959	28.941	
9182	707.05	28.911	28.959	28.941	
9183	707.14	28.911	28.959	28.941	
9184	707.24	28.911	28.959	28.942	
9185	707.34	28.911	28.959	28.942	
9186	707.44	28.911	28.959	28.942	
9187	707.54	28.911	28.959	28.942	
9188	707.64	28.911	28.959	28.942	
9189	707.74	28.911	28.959	28.942	
9190	707.84	28.912	28.959	28.942	
9191	707.94	28.912	28.96	28.942	
9192	708.	28.912	28.96	28.942	
9193	708.01	28.912	28.96	28.942	
9194	708.02	28.912	28.96	28.942	
9195	708.05	28.912	28.96	28.942	
9196	708.14	28.912	28.96	28.943	
9197	708.24	28.912	28.96	28.943	
9198	708.34	28.912	28.96	28.943	
9199	708.44	28.912	28.96	28.943	
9200	708.54	28.912	28.96	28.943	
9201	708.64	28.912	28.96	28.943	
9202	708.74	28.912	28.96	28.943	
9203	708.84	28.913	28.961	28.943	
9204	708.94	28.913	28.961	28.943	
9205	709.	28.913	28.961	28.944	
9206	709.01	28.913	28.961	28.944	
9207	709.02	28.913	28.961	28.944	
9208	709.05	28.913	28.961	28.944	
9209	709.14	28.913	28.961	28.944	
9210	709.24	28.913	28.961	28.944	
9211	709.34	28.913	28.961	28.944	
9212	709.44	28.913	28.961	28.944	
9213	709.54	28.913	28.961	28.944	
9214	709.64	28.913	28.961	28.944	
9215	709.74	28.914	28.961	28.944	
9216	709.84	28.914	28.962	28.944	
9217	709.94	28.914	28.962	28.945	
9218	710.	28.914	28.962	28.945	
9219	710.01	28.914	28.962	28.945	
9220	710.02	28.914	28.962	28.945	
9221	710.05	28.914	28.962	28.945	
9222	710.14	28.914	28.962	28.945	
9223	710.24	28.914	28.962	28.945	
9224	710.34	28.914	28.962	28.945	
9225	710.44	28.914	28.962	28.945	
9226	710.54	28.914	28.962	28.945	
9227	710.64	28.915	28.962	28.945	
9228	710.74	28.915	28.963	28.945	
9229	710.84	28.915	28.963	28.945	
9230	710.94	28.915	28.963	28.946	
9231	711.	28.915	28.963	28.946	
9232	711.01	28.915	28.963	28.946	
9233	711.02	28.915	28.963	28.946	
9234	711.05	28.915	28.963	28.946	
9235	711.14	28.915	28.963	28.946	
9236	711.24	28.915	28.963	28.946	
9237	711.34	28.915	28.963	28.946	
9238	711.44	28.915	28.963	28.946	
9239	711.54	28.916	28.963	28.946	
9240	711.64	28.916	28.964	28.946	
9241	711.74	28.916	28.964	28.946	
9242	711.84	28.916	28.964	28.947	
9243	711.94	28.916	28.964	28.947	
9244	712.	28.916	28.964	28.947	
9245	712.01	28.916	28.964	28.947	
9246	712.02	28.916	28.964	28.947	
9247	712.05	28.916	28.964	28.947	
9248	712.14	28.916	28.964	28.947	
9249	712.24	28.916	28.964	28.947	
9250	712.34	28.916	28.964	28.947	
9251	712.44	28.916	28.964	28.947	
9252	712.54	28.917	28.965	28.947	
9253	712.64	28.917	28.965	28.947	
9254	712.74	28.917	28.965	28.948	
9255	712.84	28.917	28.965	28.948	
9256	712.94	28.917	28.965	28.948	
9257	713.	28.917	28.965	28.948	
9258	713.01	28.917	28.965	28.948	
9259	713.02	28.917	28.965	28.948	
9260	713.05	28.917	28.965	28.948	
9261	713.14	28.917	28.965	28.948	
9262	713.24	28.917	28.965	28.948	
9263	713.34	28.917	28.965	28.948	
9264	713.44	28.918	28.966	28.948	
9265	713.54	28.918	28.966	28.948	
9266	713.64	28.918	28.966	28.949	
9267	713.74	28.918	28.966	28.949	
9268	713.84	28.918	28.966	28.949	
9269	713.94	28.918	28.966	28.949	
9270	714.	28.918	28.966	28.949	
9271	714.01	28.918	28.966	28.949	
9272	714.02	28.918	28.966	28.949	
9273	714.05	28.918	28.966	28.949	
9274	714.14	28.918	28.966	28.949	
9275	714.24	28.918	28.966	28.949	
9276	714.34	28.919	28.966	28.949	
9277	714.44	28.919	28.967	28.949	
9278	714.54	28.919	28.967	28.95	
9279	714.64	28.919	28.967	28.95	
9280	714.74	28.919	28.967	28.95	
9281	714.84	28.919	28.967	28.95	
9282	714.94	28.919	28.967	28.95	
9283	715.	28.919	28.967	28.95	
9284	715.01	28.919	28.967	28.95	
9285	715.02	28.919	28.967	28.95	
9286	715.05	28.919	28.967	28.95	
9287	715.14	28.919	28.967	28.95	
9288	715.24	28.92	28.967	28.95	
9289	715.34	28.92	28.968	28.95	
9290	715.44	28.92	28.968	28.95	
9291	715.54	28.92	28.968	28.951	
9292	715.64	28.92	28.968	28.951	
9293	715.74	28.92	28.968	28.951	
9294	715.84	28.92	28.968	28.951	
9295	715.94	28.92	28.968	28.951	
9296	716.	28.92	28.968	28.951	
9297	716.01	28.92	28.968	28.951	
9298	716.02	28.92	28.968	28.951	
9299	716.05	28.92	28.968	28.951	
9300	716.14	28.92	28.968	28.951	
9301	716.24	28.921	28.969	28.951	
9302	716.34	28.921	28.969	28.951	
9303	716.44	28.921	28.969	28.952	
9304	716.54	28.921	28.969	28.952	
9305	716.64	28.921	28.969	28.952	
9306	716.74	28.921	28.969	28.952	
9307	716.84	28.921	28.969	28.952	
9308	716.94	28.921	28.969	28.952	
9309	717.	28.921	28.969	28.952	
9310	717.01	28.921	28.969	28.952	
9311	717.02	28.921	28.969	28.952	
9312	717.05	28.921	28.969	28.952	
9313	717.14	28.922	28.97	28.952	
9314	717.24	28.922	28.97	28.952	
9315	717.34	28.922	28.97	28.953	
9316	717.44	28.922	28.97	28.953	
9317	717.54	28.922	28.97	28.953	
9318	717.64	28.922	28.97	28.953	
9319	717.74	28.922	28.97	28.953	
9320	717.84	28.922	28.97	28.953	
9321	717.94	28.922	28.97	28.953	
9322	718.	28.922	28.97	28.953	
9323	718.01	28.923	28.97	28.953	
9324	718.02	28.923	28.971	28.953	
9325	718.05	28.923	28.971	28.953	
9326	718.14	28.923	28.971	28.953	
9327	718.24	28.923	28.971	28.954	
9328	718.34	28.923	28.971	28.954	
9329	718.44	28.923	28.971	28.954	
9330	718.54	28.923	28.971	28.954	
9331	718.64	28.923	28.971	28.954	
9332	718.74	28.923	28.971	28.954	
9333	718.84	28.923	28.971	28.954	
9334	718.94	28.924	28.972	28.954	
9335	719.	28.924	28.972	28.954	
9336	719.01	28.924	28.972	28.954	
9337	719.02	28.924	28.972	28.954	
9338	719.05	28.924	28.972	28.954	
9339	719.14	28.924	28.972	28.955	
9340	719.24	28.924	28.972	28.955	
9341	719.34	28.924	28.972	28.955	
9342	719.44	28.924	28.972	28.955	
9343	719.54	28.924	28.972	28.955	
9344	719.64	28.924	28.972	28.955	
9345	719.74	28.924	28.972	28.955	
9346	719.84	28.924	28.972	28.955	
9347	719.94	28.925	28.973	28.955	
9348	720.	28.925	28.973	28.955	
9349	720.01	28.925	28.973	28.955	
9350	720.02	28.925	28.973	28.955	
9351	720.05	28.925	28.973	28.956	
9352	720.14	28.925	28.973	28.956	
9353	720.24	28.925	28.973	28.956	
9354	720.34	28.925	28.973	28.956	
9355	720.44	28.925	28.973	28.956	
9356	720.54	28.925	28.973	28.956	
9357	720.64	28.925	28.973	28.956	
9358	720.74	28.925	28.973	28.956	
9359	720.84	28.926	28.974	28.956	
9360	720.94	28.926	28.974	28.956	
9361	721.	28.926	28.974	28.957	
9362	721.01	28.926	28.974	28.957	
9363	721.02	28.926	28.974	28.957	
9364	721.05	28.926	28.974	28.957	
9365	721.14	28.926	28.974	28.957	
9366	721.24	28.926	28.974	28.957	
9367	721.34	28.926	28.974	28.957	
9368	721.44	28.926	28.974	28.957	
9369	721.54	28.926	28.974	28.957	
9370	721.64	28.926	28.974	28.957	
9371	721.74	28.927	28.975	28.957	
9372	721.84	28.927	28.975	28.957	
9373	721.94	28.927	28.975	28.958	
9374	722.	28.927	28.975	28.958	
9375	722.01	28.927	28.975	28.958	
9376	722.02	28.927	28.975	28.958	
9377	722.05	28.927	28.975	28.958	
9378	722.14	28.927	28.975	28.958	
9379	722.24	28.927	28.975	28.958	
9380	722.34	28.927	28.975	28.958	
9381	722.44	28.927	28.975	28.958	
9382	722.54	28.927	28.975	28.958	
9383	722.64	28.928	28.976	28.958	
9384	722.74	28.928	28.976	28.958	
9385	722.84	28.928	28.976	28.959	
9386	722.94	28.928	28.976	28.959	
9387	723.	28.928	28.976	28.959	
9388	723.01	28.928	28.976	28.959	
9389	723.02	28.928	28.976	28.959	
9390	723.05	28.928	28.976	28.959	
9391	723.14	28.928	28.976	28.959	
9392	723.24	28.928	28.976	28.959	
9393	723.34	28.928	28.976	28.959	
9394	723.44	28.928	28.976	28.959	
9395	723.54	28.928	28.977	28.959	
9396	723.64	28.929	28.977	28.959	
9397	723.74	28.929	28.977	28.96	
9398	723.84	28.929	28.977	28.96	
9399	723.94	28.929	28.977	28.96	
9400	724.	28.929	28.977	28.96	
9401	724.01	28.929	28.977	28.96	
9402	724.02	28.929	28.977	28.96	
9403	724.05	28.929	28.977	28.96	
9404	724.14	28.929	28.977	28.96	
9405	724.24	28.929	28.977	28.96	
9406	724.34	28.929	28.977	28.96	
9407	724.44	28.929	28.978	28.96	
9408	724.54	28.93	28.978	28.96	
9409	724.64	28.93	28.978	28.961	
9410	724.74	28.93	28.978	28.961	
9411	724.84	28.93	28.978	28.961	
9412	724.94	28.93	28.978	28.961	
9413	725.	28.93	28.978	28.961	
9414	725.01	28.93	28.978	28.961	
9415	725.02	28.93	28.978	28.961	
9416	725.05	28.93	28.978	28.961	
9417	725.14	28.93	28.978	28.961	
9418	725.24	28.93	28.978	28.961	
9419	725.34	28.93	28.978	28.961	
9420	725.44	28.931	28.979	28.961	
9421	725.54	28.931	28.979	28.961	
9422	725.64	28.931	28.979	28.962	
9423	725.74	28.931	28.979	28.962	
9424	725.84	28.931	28.979	28.962	
9425	725.94	28.931	28.979	28.962	
9426	726.	28.931	28.979	28.962	
9427	726.01	28.931	28.979	28.962	
9428	726.02	28.931	28.979	28.962	
9429	726.05	28.931	28.979	28.962	
9430	726.14	28.931	28.979	28.962	
9431	726.24	28.931	28.979	28.962	
9432	726.34	28.932	28.98	28.962	
9433	726.44	28.932	28.98	28.962	
9434	726.54	28.932	28.98	28.963	
9435	726.64	28.932	28.98	28.963	
9436	726.74	28.932	28.98	28.963	
9437	726.84	28.932	28.98	28.963	
9438	726.94	28.932	28.98	28.963	
9439	727.	28.932	28.98	28.963	
9440	727.01	28.932	28.98	28.963	
9441	727.02	28.932	28.98	28.963	
9442	727.05	28.932	28.98	28.963	
9443	727.14	28.932	28.98	28.963	
9444	727.24	28.932	28.981	28.963	
9445	727.34	28.933	28.981	28.963	
9446	727.44	28.933	28.981	28.964	
9447	727.54	28.933	28.981	28.964	
9448	727.64	28.933	28.981	28.964	
9449	727.74	28.933	28.981	28.964	
9450	727.84	28.933	28.981	28.964	
9451	727.94	28.933	28.981	28.964	
9452	728.	28.933	28.981	28.964	
9453	728.01	28.933	28.981	28.964	
9454	728.02	28.933	28.981	28.964	
9455	728.05	28.933	28.981	28.964	
9456	728.14	28.933	28.982	28.964	
9457	728.24	28.934	28.982	28.964	
9458	728.34	28.934	28.982	28.965	
9459	728.44	28.934	28.982	28.965	
9460	728.54	28.934	28.982	28.965	
9461	728.64	28.934	28.982	28.965	
9462	728.74	28.934	28.982	28.965	
9463	728.84	28.934	28.982	28.965	
9464	728.94	28.934	28.982	28.965	
9465	729.	28.934	28.982	28.965	
9466	729.01	28.934	28.982	28.965	
9467	729.02	28.934	28.983	28.965	
9468	729.05	28.934	28.983	28.965	
9469	729.14	28.935	28.983	28.965	
9470	729.24	28.935	28.983	28.966	
9471	729.34	28.935	28.983	28.966	
9472	729.44	28.935	28.983	28.966	
9473	729.54	28.935	28.983	28.966	
9474	729.64	28.935	28.983	28.966	
9475	729.74	28.935	28.983	28.966	
9476	729.84	28.935	28.983	28.966	
9477	729.94	28.935	28.984	28.966	
9478	730.	28.935	28.984	28.966	
9479	730.01	28.935	28.984	28.966	
9480	730.02	28.935	28.984	28.966	
9481	730.05	28.936	28.984	28.966	
9482	730.14	28.936	28.984	28.966	
9483	730.24	28.936	28.984	28.967	
9484	730.34	28.936	28.984	28.967	
9485	730.44	28.936	28.984	28.967	
9486	730.54	28.936	28.984	28.967	
9487	730.64	28.936	28.984	28.967	
9488	730.74	28.936	28.984	28.967	
9489	730.84	28.936	28.984	28.967	
9490	730.94	28.936	28.985	28.967	
9491	731.	28.937	28.985	28.967	
9492	731.01	28.937	28.985	28.967	
9493	731.02	28.937	28.985	28.967	
9494	731.05	28.937	28.985	28.967	
9495	731.14	28.937	28.985	28.968	
9496	731.24	28.937	28.985	28.968	
9497	731.34	28.937	28.985	28.968	
9498	731.44	28.937	28.985	28.968	
9499	731.54	28.937	28.985	28.968	
9500	731.64	28.937	28.985	28.968	
9501	731.74	28.937	28.985	28.968	
9502	731.84	28.937	28.986	28.968	
9503	731.94	28.938	28.986	28.968	
9504	732.	28.938	28.986	28.969	
9505	732.01	28.938	28.986	28.969	
9506	732.02	28.938	28.986	28.969	
9507	732.05	28.938	28.986	28.969	
9508	732.14	28.938	28.986	28.969	
9509	732.24	28.938	28.986	28.969	
9510	732.34	28.938	28.986	28.969	
9511	732.44	28.938	28.986	28.969	
9512	732.54	28.938	28.986	28.969	
9513	732.64	28.938	28.986	28.969	
9514	732.74	28.938	28.987	28.969	
9515	732.84	28.939	28.987	28.969	
9516	732.94	28.939	28.987	28.97	
9517	733.	28.939	28.987	28.97	
9518	733.01	28.939	28.987	28.97	
9519	733.02	28.939	28.987	28.97	
9520	733.05	28.939	28.987	28.97	
9521	733.14	28.939	28.987	28.97	
9522	733.24	28.939	28.987	28.97	
9523	733.34	28.939	28.987	28.97	
9524	733.44	28.939	28.987	28.97	
9525	733.54	28.939	28.987	28.97	
9526	733.64	28.939	28.988	28.97	
9527	733.74	28.94	28.988	28.97	
9528	733.84	28.94	28.988	28.971	
9529	733.94	28.94	28.988	28.971	
9530	734.	28.94	28.988	28.971	
9531	734.01	28.94	28.988	28.971	
9532	734.02	28.94	28.988	28.971	
9533	734.05	28.94	28.988	28.971	
9534	734.14	28.94	28.988	28.971	
9535	734.24	28.94	28.988	28.971	
9536	734.34	28.94	28.988	28.971	
9537	734.44	28.94	28.988	28.971	
9538	734.54	28.94	28.989	28.971	
9539	734.64	28.94	28.989	28.971	
9540	734.74	28.941	28.989	28.971	
9541	734.84	28.941	28.989	28.972	
9542	734.94	28.941	28.989	28.972	
9543	735.	28.941	28.989	28.972	
9544	735.01	28.941	28.989	28.972	
9545	735.02	28.941	28.989	28.972	
9546	735.05	28.941	28.989	28.972	
9547	735.14	28.941	28.989	28.972	
9548	735.24	28.941	28.989	28.972	
9549	735.34	28.941	28.989	28.972	
9550	735.44	28.941	28.99	28.972	
9551	735.54	28.941	28.99	28.972	
9552	735.64	28.942	28.99	28.972	
9553	735.74	28.942	28.99	28.973	
9554	735.84	28.942	28.99	28.973	
9555	735.94	28.942	28.99	28.973	
9556	736.	28.942	28.99	28.973	
9557	736.01	28.942	28.99	28.973	
9558	736.02	28.942	28.99	28.973	
9559	736.05	28.942	28.99	28.973	
9560	736.14	28.942	28.99	28.973	
9561	736.24	28.942	28.99	28.973	
9562	736.34	28.942	28.99	28.973	
9563	736.44	28.942	28.991	28.973	
9564	736.54	28.943	28.991	28.973	
9565	736.64	28.943	28.991	28.974	
9566	736.74	28.943	28.991	28.974	
9567	736.84	28.943	28.991	28.974	
9568	736.94	28.943	28.991	28.974	
9569	737.	28.943	28.991	28.974	
9570	737.01	28.943	28.991	28.974	
9571	737.02	28.943	28.991	28.974	
9572	737.05	28.943	28.991	28.974	
9573	737.14	28.943	28.991	28.974	
9574	737.24	28.943	28.991	28.974	
9575	737.34	28.943	28.992	28.974	
9576	737.44	28.944	28.992	28.974	
9577	737.54	28.944	28.992	28.975	
9578	737.64	28.944	28.992	28.975	
9579	737.74	28.944	28.992	28.975	
9580	737.84	28.944	28.992	28.975	
9581	737.94	28.944	28.992	28.975	
9582	738.	28.944	28.992	28.975	
9583	738.01	28.944	28.992	28.975	
9584	738.02	28.944	28.992	28.975	
9585	738.05	28.944	28.992	28.975	
9586	738.14	28.944	28.992	28.975	
9587	738.24	28.944	28.993	28.975	
9588	738.34	28.945	28.993	28.975	
9589	738.44	28.945	28.993	28.976	
9590	738.54	28.945	28.993	28.976	
9591	738.64	28.945	28.993	28.976	
9592	738.74	28.945	28.993	28.976	
9593	738.84	28.945	28.993	28.976	
9594	738.94	28.945	28.993	28.976	
9595	739.	28.945	28.993	28.976	
9596	739.01	28.945	28.993	28.976	
9597	739.02	28.945	28.993	28.976	
9598	739.05	28.945	28.993	28.976	
9599	739.14	28.945	28.994	28.976	
9600	739.24	28.945	28.994	28.976	
9601	739.34	28.946	28.994	28.976	
9602	739.44	28.946	28.994	28.977	
9603	739.54	28.946	28.994	28.977	
9604	739.64	28.946	28.994	28.977	
9605	739.74	28.946	28.994	28.977	
9606	739.84	28.946	28.994	28.977	
9607	739.94	28.946	28.994	28.977	
9608	740.	28.946	28.994	28.977	
9609	740.01	28.946	28.995	28.977	
9610	740.02	28.946	28.995	28.977	
9611	740.05	28.946	28.995	28.977	
9612	740.14	28.946	28.995	28.977	
9613	740.24	28.947	28.995	28.977	
9614	740.34	28.947	28.995	28.978	
9615	740.44	28.947	28.995	28.978	
9616	740.54	28.947	28.995	28.978	
9617	740.64	28.947	28.995	28.978	
9618	740.74	28.947	28.995	28.978	
9619	740.84	28.947	28.995	28.978	
9620	740.94	28.947	28.996	28.978	
9621	741.	28.947	28.996	28.978	
9622	741.01	28.947	28.996	28.978	
9623	741.02	28.947	28.996	28.978	
9624	741.05	28.947	28.996	28.978	
9625	741.14	28.948	28.996	28.978	
9626	741.24	28.948	28.996	28.979	
9627	741.34	28.948	28.996	28.979	
9628	741.44	28.948	28.996	28.979	
9629	741.54	28.948	28.996	28.979	
9630	741.64	28.948	28.996	28.979	
9631	741.74	28.948	28.996	28.979	
9632	741.84	28.948	28.997	28.979	
9633	741.94	28.948	28.997	28.979	
9634	742.	28.948	28.997	28.979	
9635	742.01	28.948	28.997	28.979	
9636	742.02	28.948	28.997	28.979	
9637	742.05	28.949	28.997	28.979	
9638	742.14	28.949	28.997	28.98	
9639	742.24	28.949	28.997	28.98	
9640	742.34	28.949	28.997	28.98	
9641	742.44	28.949	28.997	28.98	
9642	742.54	28.949	28.997	28.98	
9643	742.64	28.949	28.997	28.98	
9644	742.74	28.949	28.997	28.98	
9645	742.84	28.949	28.998	28.98	
9646	742.94	28.949	28.998	28.98	
9647	743.	28.95	28.998	28.98	
9648	743.01	28.95	28.998	28.98	
9649	743.02	28.95	28.998	28.981	
9650	743.05	28.95	28.998	28.981	
9651	743.14	28.95	28.998	28.981	
9652	743.24	28.95	28.998	28.981	
9653	743.34	28.95	28.998	28.981	
9654	743.44	28.95	28.998	28.981	
9655	743.54	28.95	28.998	28.981	
9656	743.64	28.95	28.998	28.981	
9657	743.74	28.95	28.999	28.981	
9658	743.84	28.95	28.999	28.981	
9659	743.94	28.951	28.999	28.982	
9660	744.	28.951	28.999	28.982	
9661	744.01	28.951	28.999	28.982	
9662	744.02	28.951	28.999	28.982	
9663	744.05	28.951	28.999	28.982	
9664	744.14	28.951	28.999	28.982	
9665	744.24	28.951	28.999	28.982	
9666	744.34	28.951	28.999	28.982	
9667	744.44	28.951	28.999	28.982	
9668	744.54	28.951	28.999	28.982	
9669	744.64	28.951	29.	28.982	
9670	744.74	28.951	29.	28.982	
9671	744.84	28.952	29.	28.982	
9672	744.94	28.952	29.	28.983	
9673	745.	28.952	29.	28.983	
9674	745.01	28.952	29.	28.983	
9675	745.02	28.952	29.	28.983	
9676	745.05	28.952	29.	28.983	
9677	745.14	28.952	29.	28.983	
9678	745.24	28.952	29.	28.983	
9679	745.34	28.952	29.	28.983	
9680	745.44	28.952	29.	28.983	
9681	745.54	28.952	29.001	28.983	
9682	745.64	28.952	29.001	28.983	
9683	745.74	28.953	29.001	28.983	
9684	745.84	28.953	29.001	28.984	
9685	745.94	28.953	29.001	28.984	
9686	746.	28.953	29.001	28.984	
9687	746.01	28.953	29.001	28.984	
9688	746.02	28.953	29.001	28.984	
9689	746.05	28.953	29.001	28.984	
9690	746.14	28.953	29.001	28.984	
9691	746.24	28.953	29.001	28.984	
9692	746.34	28.953	29.001	28.984	
9693	746.44	28.953	29.002	28.984	
9694	746.54	28.953	29.002	28.984	
9695	746.64	28.953	29.002	28.984	
9696	746.74	28.954	29.002	28.985	
9697	746.84	28.954	29.002	28.985	
9698	746.94	28.954	29.002	28.985	
9699	747.	28.954	29.002	28.985	
9700	747.01	28.954	29.002	28.985	
9701	747.02	28.954	29.002	28.985	
9702	747.05	28.954	29.002	28.985	
9703	747.14	28.954	29.002	28.985	
9704	747.24	28.954	29.002	28.985	
9705	747.34	28.954	29.003	28.985	
9706	747.44	28.954	29.003	28.985	
9707	747.54	28.954	29.003	28.985	
9708	747.64	28.955	29.003	28.986	
9709	747.74	28.955	29.003	28.986	
9710	747.84	28.955	29.003	28.986	
9711	747.94	28.955	29.003	28.986	
9712	748.	28.955	29.003	28.986	
9713	748.01	28.955	29.003	28.986	
9714	748.02	28.955	29.003	28.986	
9715	748.05	28.955	29.003	28.986	
9716	748.14	28.955	29.003	28.986	
9717	748.24	28.955	29.004	28.986	
9718	748.34	28.955	29.004	28.986	
9719	748.44	28.955	29.004	28.986	
9720	748.54	28.956	29.004	28.987	
9721	748.64	28.956	29.004	28.987	
9722	748.74	28.956	29.004	28.987	
9723	748.84	28.956	29.004	28.987	
9724	748.94	28.956	29.004	28.987	
9725	749.	28.956	29.004	28.987	
9726	749.01	28.956	29.004	28.987	
9727	749.02	28.956	29.004	28.987	
9728	749.05	28.956	29.004	28.987	
9729	749.14	28.956	29.004	28.987	
9730	749.24	28.956	29.005	28.987	
9731	749.34	28.956	29.005	28.987	
9732	749.44	28.957	29.005	28.988	
9733	749.54	28.957	29.005	28.988	
9734	749.64	28.957	29.005	28.988	
9735	749.74	28.957	29.005	28.988	
9736	749.84	28.957	29.005	28.988	
9737	749.94	28.957	29.005	28.988	
9738	750.	28.957	29.005	28.988	
9739	750.01	28.957	29.005	28.988	
9740	750.02	28.957	29.005	28.988	
9741	750.05	28.957	29.005	28.988	
9742	750.14	28.957	29.006	28.988	
9743	750.24	28.957	29.006	28.988	
9744	750.34	28.958	29.006	28.988	
9745	750.44	28.958	29.006	28.989	
9746	750.54	28.958	29.006	28.989	
9747	750.64	28.958	29.006	28.989	
9748	750.74	28.958	29.006	28.989	
9749	750.84	28.958	29.006	28.989	
9750	750.94	28.958	29.006	28.989	
9751	751.	28.958	29.007	28.989	
9752	751.01	28.958	29.007	28.989	
9753	751.02	28.958	29.007	28.989	
9754	751.05	28.958	29.007	28.989	
9755	751.14	28.958	29.007	28.989	
9756	751.24	28.958	29.007	28.989	
9757	751.34	28.959	29.007	28.99	
9758	751.44	28.959	29.007	28.99	
9759	751.54	28.959	29.007	28.99	
9760	751.64	28.959	29.007	28.99	
9761	751.74	28.959	29.007	28.99	
9762	751.84	28.959	29.007	28.99	
9763	751.94	28.959	29.008	28.99	
9764	752.	28.959	29.008	28.99	
9765	752.01	28.959	29.008	28.99	
9766	752.02	28.959	29.008	28.99	
9767	752.05	28.959	29.008	28.99	
9768	752.14	28.959	29.008	28.99	
9769	752.24	28.96	29.008	28.991	
9770	752.34	28.96	29.008	28.991	
9771	752.44	28.96	29.008	28.991	
9772	752.54	28.96	29.008	28.991	
9773	752.64	28.96	29.008	28.991	
9774	752.74	28.96	29.008	28.991	
9775	752.84	28.96	29.009	28.991	
9776	752.94	28.96	29.009	28.991	
9777	753.	28.96	29.009	28.991	
9778	753.01	28.96	29.009	28.991	
9779	753.02	28.96	29.009	28.991	
9780	753.05	28.96	29.009	28.991	
9781	753.14	28.961	29.009	28.992	
9782	753.24	28.961	29.009	28.992	
9783	753.34	28.961	29.009	28.992	
9784	753.44	28.961	29.009	28.992	
9785	753.54	28.961	29.009	28.992	
9786	753.64	28.961	29.009	28.992	
9787	753.74	28.961	29.01	28.992	
9788	753.84	28.961	29.01	28.992	
9789	753.94	28.961	29.01	28.992	
9790	754.	28.961	29.01	28.992	
9791	754.01	28.961	29.01	28.992	
9792	754.02	28.961	29.01	28.992	
9793	754.05	28.962	29.01	28.993	
9794	754.14	28.962	29.01	28.993	
9795	754.24	28.962	29.01	28.993	
9796	754.34	28.962	29.01	28.993	
9797	754.44	28.962	29.01	28.993	
9798	754.54	28.962	29.01	28.993	
9799	754.64	28.962	29.01	28.993	
9800	754.74	28.962	29.011	28.993	
9801	754.84	28.962	29.011	28.993	
9802	754.94	28.962	29.011	28.993	
9803	755.	28.963	29.011	28.994	
9804	755.01	28.963	29.011	28.994	
9805	755.02	28.963	29.011	28.994	
9806	755.05	28.963	29.011	28.994	
9807	755.14	28.963	29.011	28.994	
9808	755.24	28.963	29.011	28.994	
9809	755.34	28.963	29.011	28.994	
9810	755.44	28.963	29.011	28.994	
9811	755.54	28.963	29.011	28.994	
9812	755.64	28.963	29.012	28.994	
9813	755.74	28.963	29.012	28.994	
9814	755.84	28.963	29.012	28.994	
9815	755.94	28.964	29.012	28.995	
9816	756.	28.964	29.012	28.995	
9817	756.01	28.964	29.012	28.995	
9818	756.02	28.964	29.012	28.995	
9819	756.05	28.964	29.012	28.995	
9820	756.14	28.964	29.012	28.995	
9821	756.24	28.964	29.012	28.995	
9822	756.34	28.964	29.012	28.995	
9823	756.44	28.964	29.012	28.995	
9824	756.54	28.964	29.013	28.995	
9825	756.64	28.964	29.013	28.995	
9826	756.74	28.964	29.013	28.995	
9827	756.84	28.965	29.013	28.996	
9828	756.94	28.965	29.013	28.996	
9829	757.	28.965	29.013	28.996	
9830	757.01	28.965	29.013	28.996	
9831	757.02	28.965	29.013	28.996	
9832	757.05	28.965	29.013	28.996	
9833	757.14	28.965	29.013	28.996	
9834	757.24	28.965	29.013	28.996	
9835	757.34	28.965	29.013	28.996	
9836	757.44	28.965	29.014	28.996	
9837	757.54	28.965	29.014	28.996	
9838	757.64	28.965	29.014	28.996	
9839	757.74	28.966	29.014	28.997	
9840	757.84	28.966	29.014	28.997	
9841	757.94	28.966	29.014	28.997	
9842	758.	28.966	29.014	28.997	
9843	758.01	28.966	29.014	28.997	
9844	758.02	28.966	29.014	28.997	
9845	758.05	28.966	29.014	28.997	
9846	758.14	28.966	29.014	28.997	
9847	758.24	28.966	29.014	28.997	
9848	758.34	28.966	29.015	28.997	
9849	758.44	28.966	29.015	28.997	
9850	758.54	28.966	29.015	28.997	
9851	758.64	28.966	29.015	28.998	
9852	758.74	28.967	29.015	28.998	
9853	758.84	28.967	29.015	28.998	
9854	758.94	28.967	29.015	28.998	
9855	759.	28.967	29.015	28.998	
9856	759.01	28.967	29.015	28.998	
9857	759.02	28.967	29.015	28.998	
9858	759.05	28.967	29.015	28.998	
9859	759.14	28.967	29.015	28.998	
9860	759.24	28.967	29.016	28.998	
9861	759.34	28.967	29.016	28.998	
9862	759.44	28.967	29.016	28.998	
9863	759.54	28.967	29.016	28.999	
9864	759.64	28.968	29.016	28.999	
9865	759.74	28.968	29.016	28.999	
9866	759.84	28.968	29.016	28.999	
9867	759.94	28.968	29.016	28.999	
9868	760.	28.968	29.016	28.999	
9869	760.01	28.968	29.016	28.999	
9870	760.02	28.968	29.016	28.999	
9871	760.05	28.968	29.016	28.999	
9872	760.14	28.968	29.017	28.999	
9873	760.24	28.968	29.017	28.999	
9874	760.34	28.968	29.017	28.999	
9875	760.44	28.968	29.017	28.999	
9876	760.54	28.969	29.017	29.	
9877	760.64	28.969	29.017	29.	
9878	760.74	28.969	29.017	29.	
9879	760.84	28.969	29.017	29.	
9880	760.94	28.969	29.017	29.	
9881	761.	28.969	29.017	29.	
9882	761.01	28.969	29.017	29.	
9883	761.02	28.969	29.017	29.	
9884	761.05	28.969	29.018	29.	
9885	761.14	28.969	29.018	29.	
9886	761.24	28.969	29.018	29.	
9887	761.34	28.969	29.018	29.	
9888	761.44	28.97	29.018	29.001	
9889	761.54	28.97	29.018	29.001	
9890	761.64	28.97	29.018	29.001	
9891	761.74	28.97	29.018	29.001	
9892	761.84	28.97	29.018	29.001	
9893	761.94	28.97	29.018	29.001	
9894	762.	28.97	29.019	29.001	
9895	762.01	28.97	29.019	29.001	
9896	762.02	28.97	29.019	29.001	
9897	762.05	28.97	29.019	29.001	
9898	762.14	28.97	29.019	29.001	
9899	762.24	28.97	29.019	29.001	
9900	762.34	28.971	29.019	29.002	
9901	762.44	28.971	29.019	29.002	
9902	762.54	28.971	29.019	29.002	
9903	762.64	28.971	29.019	29.002	
9904	762.74	28.971	29.019	29.002	
9905	762.84	28.971	29.019	29.002	
9906	762.94	28.971	29.02	29.002	
9907	763.	28.971	29.02	29.002	
9908	763.01	28.971	29.02	29.002	
9909	763.02	28.971	29.02	29.002	
9910	763.05	28.971	29.02	29.002	
9911	763.14	28.971	29.02	29.002	
9912	763.24	28.971	29.02	29.003	
9913	763.34	28.972	29.02	29.003	
9914	763.44	28.972	29.02	29.003	
9915	763.54	28.972	29.02	29.003	
9916	763.64	28.972	29.02	29.003	
9917	763.74	28.972	29.02	29.003	
9918	763.84	28.972	29.021	29.003	
9919	763.94	28.972	29.021	29.003	
9920	764.	28.972	29.021	29.003	
9921	764.01	28.972	29.021	29.003	
9922	764.02	28.972	29.021	29.003	
9923	764.05	28.972	29.021	29.003	
9924	764.14	28.972	29.021	29.004	
9925	764.24	28.973	29.021	29.004	
9926	764.34	28.973	29.021	29.004	
9927	764.44	28.973	29.021	29.004	
9928	764.54	28.973	29.021	29.004	
9929	764.64	28.973	29.021	29.004	
9930	764.74	28.973	29.022	29.004	
9931	764.84	28.973	29.022	29.004	
9932	764.94	28.973	29.022	29.004	
9933	765.	28.973	29.022	29.004	
9934	765.01	28.973	29.022	29.004	
9935	765.02	28.973	29.022	29.004	
9936	765.05	28.973	29.022	29.005	
9937	765.14	28.974	29.022	29.005	
9938	765.24	28.974	29.022	29.005	
9939	765.34	28.974	29.022	29.005	
9940	765.44	28.974	29.022	29.005	
9941	765.54	28.974	29.022	29.005	
9942	765.64	28.974	29.023	29.005	
9943	765.74	28.974	29.023	29.005	
9944	765.84	28.974	29.023	29.005	
9945	765.94	28.974	29.023	29.005	
9946	766.	28.974	29.023	29.006	
9947	766.01	28.974	29.023	29.006	
9948	766.02	28.975	29.023	29.006	
9949	766.05	28.975	29.023	29.006	
9950	766.14	28.975	29.023	29.006	
9951	766.24	28.975	29.023	29.006	
9952	766.34	28.975	29.023	29.006	
9953	766.44	28.975	29.023	29.006	
9954	766.54	28.975	29.024	29.006	
9955	766.64	28.975	29.024	29.006	
9956	766.74	28.975	29.024	29.006	
9957	766.84	28.975	29.024	29.006	
9958	766.94	28.976	29.024	29.007	
9959	767.	28.976	29.024	29.007	
9960	767.01	28.976	29.024	29.007	
9961	767.02	28.976	29.024	29.007	
9962	767.05	28.976	29.024	29.007	
9963	767.14	28.976	29.024	29.007	
9964	767.24	28.976	29.024	29.007	
9965	767.34	28.976	29.024	29.007	
9966	767.44	28.976	29.025	29.007	
9967	767.54	28.976	29.025	29.007	
9968	767.64	28.976	29.025	29.007	
9969	767.74	28.976	29.025	29.007	
9970	767.84	28.976	29.025	29.008	
9971	767.94	28.977	29.025	29.008	
9972	768.	28.977	29.025	29.008	
9973	768.01	28.977	29.025	29.008	
9974	768.02	28.977	29.025	29.008	
9975	768.05	28.977	29.025	29.008	
9976	768.14	28.977	29.025	29.008	
9977	768.24	28.977	29.025	29.008	
9978	768.34	28.977	29.025	29.008	
9979	768.44	28.977	29.026	29.008	
9980	768.54	28.977	29.026	29.008	
9981	768.64	28.977	29.026	29.008	
9982	768.74	28.977	29.026	29.009	
9983	768.84	28.978	29.026	29.009	
9984	768.94	28.978	29.026	29.009	
9985	769.	28.978	29.026	29.009	
9986	769.01	28.978	29.026	29.009	
9987	769.02	28.978	29.026	29.009	
9988	769.05	28.978	29.026	29.009	
9989	769.14	28.978	29.026	29.009	
9990	769.24	28.978	29.026	29.009	
9991	769.34	28.978	29.027	29.009	
9992	769.44	28.978	29.027	29.009	
9993	769.54	28.978	29.027	29.009	
9994	769.64	28.978	29.027	29.01	
9995	769.74	28.979	29.027	29.01	
9996	769.84	28.979	29.027	29.01	
9997	769.94	28.979	29.027	29.01	
9998	770.	28.979	29.027	29.01	
9999	770.01	28.979	29.027	29.01	
10000	770.02	28.979	29.027	29.01	
10001	770.05	28.979	29.027	29.01	
10002	770.14	28.979	29.027	29.01	
10003	770.24	28.979	29.028	29.01	
10004	770.34	28.979	29.028	29.01	
10005	770.44	28.979	29.028	29.01	
10006	770.54	28.979	29.028	29.011	
10007	770.64	28.98	29.028	29.011	
10008	770.74	28.98	29.028	29.011	
10009	770.84	28.98	29.028	29.011	
10010	770.94	28.98	29.028	29.011	
10011	771.	28.98	29.028	29.011	
10012	771.01	28.98	29.028	29.011	
10013	771.02	28.98	29.028	29.011	
10014	771.05	28.98	29.028	29.011	
10015	771.14	28.98	29.029	29.011	
10016	771.24	28.98	29.029	29.011	
10017	771.34	28.98	29.029	29.011	
10018	771.44	28.98	29.029	29.012	
10019	771.54	28.98	29.029	29.012	
10020	771.64	28.981	29.029	29.012	
10021	771.74	28.981	29.029	29.012	
10022	771.84	28.981	29.029	29.012	
10023	771.94	28.981	29.029	29.012	
10024	772.	28.981	29.03	29.012	
10025	772.01	28.981	29.03	29.012	
10026	772.02	28.981	29.03	29.012	
10027	772.05	28.981	29.03	29.012	
10028	772.14	28.981	29.03	29.012	
10029	772.24	28.981	29.03	29.012	
10030	772.34	28.981	29.03	29.012	
10031	772.44	28.981	29.03	29.013	
10032	772.54	28.982	29.03	29.013	
10033	772.64	28.982	29.03	29.013	
10034	772.74	28.982	29.03	29.013	
10035	772.84	28.982	29.03	29.013	
10036	772.94	28.982	29.031	29.013	
10037	773.	28.982	29.031	29.013	
10038	773.01	28.982	29.031	29.013	
10039	773.02	28.982	29.031	29.013	
10040	773.05	28.982	29.031	29.013	
10041	773.14	28.982	29.031	29.013	
10042	773.24	28.982	29.031	29.013	
10043	773.34	28.982	29.031	29.014	
10044	773.44	28.983	29.031	29.014	
10045	773.54	28.983	29.031	29.014	
10046	773.64	28.983	29.031	29.014	
10047	773.74	28.983	29.031	29.014	
10048	773.84	28.983	29.032	29.014	
10049	773.94	28.983	29.032	29.014	
10050	774.	28.983	29.032	29.014	
10051	774.01	28.983	29.032	29.014	
10052	774.02	28.983	29.032	29.014	
10053	774.05	28.983	29.032	29.014	
10054	774.14	28.983	29.032	29.014	
10055	774.24	28.983	29.032	29.015	
10056	774.34	28.984	29.032	29.015	
10057	774.44	28.984	29.032	29.015	
10058	774.54	28.984	29.032	29.015	
10059	774.64	28.984	29.032	29.015	
10060	774.74	28.984	29.033	29.015	
10061	774.84	28.984	29.033	29.015	
10062	774.94	28.984	29.033	29.015	
10063	775.	28.984	29.033	29.015	
10064	775.01	28.984	29.033	29.015	
10065	775.02	28.984	29.033	29.015	
10066	775.05	28.984	29.033	29.015	
10067	775.14	28.984	29.033	29.016	
10068	775.24	28.985	29.033	29.016	
10069	775.34	28.985	29.033	29.016	
10070	775.44	28.985	29.033	29.016	
10071	775.54	28.985	29.033	29.016	
10072	775.64	28.985	29.033	29.016	
10073	775.74	28.985	29.034	29.016	
10074	775.84	28.985	29.034	29.016	
10075	775.94	28.985	29.034	29.016	
10076	776.	28.985	29.034	29.016	
10077	776.01	28.985	29.034	29.016	
10078	776.02	28.985	29.034	29.017	
10079	776.05	28.985	29.034	29.017	
10080	776.14	28.985	29.034	29.017	
10081	776.24	28.986	29.034	29.017	
10082	776.34	28.986	29.034	29.017	
10083	776.44	28.986	29.034	29.017	
10084	776.54	28.986	29.034	29.017	
10085	776.64	28.986	29.035	29.017	
10086	776.74	28.986	29.035	29.017	
10087	776.84	28.986	29.035	29.017	
10088	776.94	28.986	29.035	29.018	
10089	777.	28.986	29.035	29.018	
10090	777.01	28.986	29.035	29.018	
10091	777.02	28.986	29.035	29.018	
10092	777.05	28.986	29.035	29.018	
10093	777.14	28.987	29.035	29.018	
10094	777.24	28.987	29.035	29.018	
10095	777.34	28.987	29.035	29.018	
10096	777.44	28.987	29.035	29.018	
10097	777.54	28.987	29.036	29.018	
10098	777.64	28.987	29.036	29.018	
10099	777.74	28.987	29.036	29.018	
10100	777.84	28.987	29.036	29.018	
10101	777.94	28.987	29.036	29.019	
10102	778.	28.988	29.036	29.019	
10103	778.01	28.988	29.036	29.019	
10104	778.02	28.988	29.036	29.019	
10105	778.05	28.988	29.036	29.019	
10106	778.14	28.988	29.036	29.019	
10107	778.24	28.988	29.036	29.019	
10108	778.34	28.988	29.036	29.019	
10109	778.44	28.988	29.037	29.019	
10110	778.54	28.988	29.037	29.019	
10111	778.64	28.988	29.037	29.019	
10112	778.74	28.988	29.037	29.019	
10113	778.84	28.988	29.037	29.02	
10114	778.94	28.989	29.037	29.02	
10115	779.	28.989	29.037	29.02	
10116	779.01	28.989	29.037	29.02	
10117	779.02	28.989	29.037	29.02	
10118	779.05	28.989	29.037	29.02	
10119	779.14	28.989	29.037	29.02	
10120	779.24	28.989	29.037	29.02	
10121	779.34	28.989	29.038	29.02	
10122	779.44	28.989	29.038	29.02	
10123	779.54	28.989	29.038	29.02	
10124	779.64	28.989	29.038	29.02	
10125	779.74	28.989	29.038	29.021	
10126	779.84	28.99	29.038	29.021	
10127	779.94	28.99	29.038	29.021	
10128	780.	28.99	29.038	29.021	
10129	780.01	28.99	29.038	29.021	
10130	780.02	28.99	29.038	29.021	
10131	780.05	28.99	29.038	29.021	
10132	780.14	28.99	29.038	29.021	
10133	780.24	28.99	29.039	29.021	
10134	780.34	28.99	29.039	29.021	
10135	780.44	28.99	29.039	29.021	
10136	780.54	28.99	29.039	29.021	
10137	780.64	28.99	29.039	29.022	
10138	780.74	28.99	29.039	29.022	
10139	780.84	28.991	29.039	29.022	
10140	780.94	28.991	29.039	29.022	
10141	781.	28.991	29.039	29.022	
10142	781.01	28.991	29.039	29.022	
10143	781.02	28.991	29.039	29.022	
10144	781.05	28.991	29.039	29.022	
10145	781.14	28.991	29.04	29.022	
10146	781.24	28.991	29.04	29.022	
10147	781.34	28.991	29.04	29.022	
10148	781.44	28.991	29.04	29.022	
10149	781.54	28.991	29.04	29.023	
10150	781.64	28.991	29.04	29.023	
10151	781.74	28.992	29.04	29.023	
10152	781.84	28.992	29.04	29.023	
10153	781.94	28.992	29.04	29.023	
10154	782.	28.992	29.04	29.023	
10155	782.01	28.992	29.04	29.023	
10156	782.02	28.992	29.04	29.023	
10157	782.05	28.992	29.041	29.023	
10158	782.14	28.992	29.041	29.023	
10159	782.24	28.992	29.041	29.023	
10160	782.34	28.992	29.041	29.023	
10161	782.44	28.992	29.041	29.024	
10162	782.54	28.992	29.041	29.024	
10163	782.64	28.993	29.041	29.024	
10164	782.74	28.993	29.041	29.024	
10165	782.84	28.993	29.041	29.024	
10166	782.94	28.993	29.041	29.024	
10167	783.	28.993	29.042	29.024	
10168	783.01	28.993	29.042	29.024	
10169	783.02	28.993	29.042	29.024	
10170	783.05	28.993	29.042	29.024	
10171	783.14	28.993	29.042	29.024	
10172	783.24	28.993	29.042	29.024	
10173	783.34	28.993	29.042	29.025	
10174	783.44	28.993	29.042	29.025	
10175	783.54	28.994	29.042	29.025	
10176	783.64	28.994	29.042	29.025	
10177	783.74	28.994	29.042	29.025	
10178	783.84	28.994	29.042	29.025	
10179	783.94	28.994	29.043	29.025	
10180	784.	28.994	29.043	29.025	
10181	784.01	28.994	29.043	29.025	
10182	784.02	28.994	29.043	29.025	
10183	784.05	28.994	29.043	29.025	
10184	784.14	28.994	29.043	29.025	
10185	784.24	28.994	29.043	29.025	
10186	784.34	28.994	29.043	29.026	
10187	784.44	28.995	29.043	29.026	
10188	784.54	28.995	29.043	29.026	
10189	784.64	28.995	29.043	29.026	
10190	784.74	28.995	29.043	29.026	
10191	784.84	28.995	29.044	29.026	
10192	784.94	28.995	29.044	29.026	
10193	785.	28.995	29.044	29.026	
10194	785.01	28.995	29.044	29.026	
10195	785.02	28.995	29.044	29.026	
10196	785.05	28.995	29.044	29.026	
10197	785.14	28.995	29.044	29.026	
10198	785.24	28.995	29.044	29.027	
10199	785.34	28.995	29.044	29.027	
10200	785.44	28.996	29.044	29.027	
10201	785.54	28.996	29.044	29.027	
10202	785.64	28.996	29.044	29.027	
10203	785.74	28.996	29.045	29.027	
10204	785.84	28.996	29.045	29.027	
10205	785.94	28.996	29.045	29.027	
10206	786.	28.996	29.045	29.027	
10207	786.01	28.996	29.045	29.027	
10208	786.02	28.996	29.045	29.027	
10209	786.05	28.996	29.045	29.027	
10210	786.14	28.996	29.045	29.028	
10211	786.24	28.996	29.045	29.028	
10212	786.34	28.997	29.045	29.028	
10213	786.44	28.997	29.045	29.028	
10214	786.54	28.997	29.045	29.028	
10215	786.64	28.997	29.046	29.028	
10216	786.74	28.997	29.046	29.028	
10217	786.84	28.997	29.046	29.028	
10218	786.94	28.997	29.046	29.028	
10219	787.	28.997	29.046	29.029	
10220	787.01	28.997	29.046	29.029	
10221	787.02	28.997	29.046	29.029	
10222	787.05	28.997	29.046	29.029	
10223	787.14	28.997	29.046	29.029	
10224	787.24	28.998	29.046	29.029	
10225	787.34	28.998	29.046	29.029	
10226	787.44	28.998	29.046	29.029	
10227	787.54	28.998	29.047	29.029	
10228	787.64	28.998	29.047	29.029	
10229	787.74	28.998	29.047	29.029	
10230	787.84	28.998	29.047	29.029	
10231	787.94	28.998	29.047	29.03	
10232	788.	28.998	29.047	29.03	
10233	788.01	28.998	29.047	29.03	
10234	788.02	28.998	29.047	29.03	
10235	788.05	28.998	29.047	29.03	
10236	788.14	28.999	29.047	29.03	
10237	788.24	28.999	29.047	29.03	
10238	788.34	28.999	29.047	29.03	
10239	788.44	28.999	29.048	29.03	
10240	788.54	28.999	29.048	29.03	
10241	788.64	28.999	29.048	29.03	
10242	788.74	28.999	29.048	29.03	
10243	788.84	28.999	29.048	29.031	
10244	788.94	28.999	29.048	29.031	
10245	789.	28.999	29.048	29.031	
10246	789.01	28.999	29.048	29.031	
10247	789.02	28.999	29.048	29.031	
10248	789.05	29.	29.048	29.031	
10249	789.14	29.	29.048	29.031	
10250	789.24	29.	29.048	29.031	
10251	789.34	29.	29.049	29.031	
10252	789.44	29.	29.049	29.031	
10253	789.54	29.	29.049	29.031	
10254	789.64	29.	29.049	29.031	
10255	789.74	29.	29.049	29.031	
10256	789.84	29.	29.049	29.032	
10257	789.94	29.	29.049	29.032	
10258	790.	29.001	29.049	29.032	
10259	790.01	29.001	29.049	29.032	
10260	790.02	29.001	29.049	29.032	
10261	790.05	29.001	29.049	29.032	
10262	790.14	29.001	29.049	29.032	
10263	790.24	29.001	29.049	29.032	
10264	790.34	29.001	29.05	29.032	
10265	790.44	29.001	29.05	29.032	
10266	790.54	29.001	29.05	29.032	
10267	790.64	29.001	29.05	29.032	
10268	790.74	29.001	29.05	29.033	
10269	790.84	29.001	29.05	29.033	
10270	790.94	29.002	29.05	29.033	
10271	791.	29.002	29.05	29.033	
10272	791.01	29.002	29.05	29.033	
10273	791.02	29.002	29.05	29.033	
10274	791.05	29.002	29.05	29.033	
10275	791.14	29.002	29.05	29.033	
10276	791.24	29.002	29.051	29.033	
10277	791.34	29.002	29.051	29.033	
10278	791.44	29.002	29.051	29.033	
10279	791.54	29.002	29.051	29.033	
10280	791.64	29.002	29.051	29.034	
10281	791.74	29.002	29.051	29.034	
10282	791.84	29.003	29.051	29.034	
10283	791.94	29.003	29.051	29.034	
10284	792.	29.003	29.051	29.034	
10285	792.01	29.003	29.051	29.034	
10286	792.02	29.003	29.051	29.034	
10287	792.05	29.003	29.051	29.034	
10288	792.14	29.003	29.052	29.034	
10289	792.24	29.003	29.052	29.034	
10290	792.34	29.003	29.052	29.034	
10291	792.44	29.003	29.052	29.034	
10292	792.54	29.003	29.052	29.035	
10293	792.64	29.003	29.052	29.035	
10294	792.74	29.004	29.052	29.035	
10295	792.84	29.004	29.052	29.035	
10296	792.94	29.004	29.052	29.035	
10297	793.	29.004	29.053	29.035	
10298	793.01	29.004	29.053	29.035	
10299	793.02	29.004	29.053	29.035	
10300	793.05	29.004	29.053	29.035	
10301	793.14	29.004	29.053	29.035	
10302	793.24	29.004	29.053	29.035	
10303	793.34	29.004	29.053	29.035	
10304	793.44	29.004	29.053	29.036	
10305	793.54	29.004	29.053	29.036	
10306	793.64	29.005	29.053	29.036	
10307	793.74	29.005	29.053	29.036	
10308	793.84	29.005	29.053	29.036	
10309	793.94	29.005	29.054	29.036	
10310	794.	29.005	29.054	29.036	
10311	794.01	29.005	29.054	29.036	
10312	794.02	29.005	29.054	29.036	
10313	794.05	29.005	29.054	29.036	
10314	794.14	29.005	29.054	29.036	
10315	794.24	29.005	29.054	29.036	
10316	794.34	29.005	29.054	29.037	
10317	794.44	29.005	29.054	29.037	
10318	794.54	29.005	29.054	29.037	
10319	794.64	29.006	29.054	29.037	
10320	794.74	29.006	29.054	29.037	
10321	794.84	29.006	29.055	29.037	
10322	794.94	29.006	29.055	29.037	
10323	795.	29.006	29.055	29.037	
10324	795.01	29.006	29.055	29.037	
10325	795.02	29.006	29.055	29.037	
10326	795.05	29.006	29.055	29.037	
10327	795.14	29.006	29.055	29.037	
10328	795.24	29.006	29.055	29.038	
10329	795.34	29.006	29.055	29.038	
10330	795.44	29.006	29.055	29.038	
10331	795.54	29.007	29.055	29.038	
10332	795.64	29.007	29.055	29.038	
10333	795.74	29.007	29.056	29.038	
10334	795.84	29.007	29.056	29.038	
10335	795.94	29.007	29.056	29.038	
10336	796.	29.007	29.056	29.038	
10337	796.01	29.007	29.056	29.038	
10338	796.02	29.007	29.056	29.038	
10339	796.05	29.007	29.056	29.038	
10340	796.14	29.007	29.056	29.038	
10341	796.24	29.007	29.056	29.039	
10342	796.34	29.007	29.056	29.039	
10343	796.44	29.008	29.056	29.039	
10344	796.54	29.008	29.056	29.039	
10345	796.64	29.008	29.057	29.039	
10346	796.74	29.008	29.057	29.039	
10347	796.84	29.008	29.057	29.039	
10348	796.94	29.008	29.057	29.039	
10349	797.	29.008	29.057	29.039	
10350	797.01	29.008	29.057	29.039	
10351	797.02	29.008	29.057	29.039	
10352	797.05	29.008	29.057	29.039	
10353	797.14	29.008	29.057	29.04	
10354	797.24	29.008	29.057	29.04	
10355	797.34	29.009	29.057	29.04	
10356	797.44	29.009	29.057	29.04	
10357	797.54	29.009	29.058	29.04	
10358	797.64	29.009	29.058	29.04	
10359	797.74	29.009	29.058	29.04	
10360	797.84	29.009	29.058	29.04	
10361	797.94	29.009	29.058	29.04	
10362	798.	29.009	29.058	29.041	
10363	798.01	29.009	29.058	29.041	
10364	798.02	29.009	29.058	29.041	
10365	798.05	29.009	29.058	29.041	
10366	798.14	29.009	29.058	29.041	
10367	798.24	29.01	29.058	29.041	
10368	798.34	29.01	29.058	29.041	
10369	798.44	29.01	29.058	29.041	
10370	798.54	29.01	29.059	29.041	
10371	798.64	29.01	29.059	29.041	
10372	798.74	29.01	29.059	29.041	
10373	798.84	29.01	29.059	29.041	
10374	798.94	29.01	29.059	29.042	
10375	799.	29.01	29.059	29.042	
10376	799.01	29.01	29.059	29.042	
10377	799.02	29.01	29.059	29.042	
10378	799.05	29.01	29.059	29.042	
10379	799.14	29.01	29.059	29.042	
10380	799.24	29.011	29.059	29.042	
10381	799.34	29.011	29.059	29.042	
10382	799.44	29.011	29.06	29.042	
10383	799.54	29.011	29.06	29.042	
10384	799.64	29.011	29.06	29.042	
10385	799.74	29.011	29.06	29.042	
10386	799.84	29.011	29.06	29.043	
10387	799.94	29.011	29.06	29.043	
10388	800.	29.011	29.06	29.043	
10389	800.01	29.011	29.06	29.043	
10390	800.02	29.011	29.06	29.043	
10391	800.05	29.011	29.06	29.043	
10392	800.14	29.012	29.06	29.043	
10393	800.24	29.012	29.06	29.043	
10394	800.34	29.012	29.061	29.043	
10395	800.44	29.012	29.061	29.043	
10396	800.54	29.012	29.061	29.043	
10397	800.64	29.012	29.061	29.043	
10398	800.74	29.012	29.061	29.044	
10399	800.84	29.012	29.061	29.044	
10400	800.94	29.012	29.061	29.044	
10401	801.	29.013	29.061	29.044	
10402	801.01	29.013	29.061	29.044	
10403	801.02	29.013	29.061	29.044	
10404	801.05	29.013	29.061	29.044	
10405	801.14	29.013	29.061	29.044	
10406	801.24	29.013	29.062	29.044	
10407	801.34	29.013	29.062	29.044	
10408	801.44	29.013	29.062	29.044	
10409	801.54	29.013	29.062	29.044	
10410	801.64	29.013	29.062	29.045	
10411	801.74	29.013	29.062	29.045	
10412	801.84	29.013	29.062	29.045	
10413	801.94	29.014	29.062	29.045	
10414	802.	29.014	29.062	29.045	
10415	802.01	29.014	29.062	29.045	
10416	802.02	29.014	29.062	29.045	
10417	802.05	29.014	29.062	29.045	
10418	802.14	29.014	29.063	29.045	
10419	802.24	29.014	29.063	29.045	
10420	802.34	29.014	29.063	29.045	
10421	802.44	29.014	29.063	29.045	
10422	802.54	29.014	29.063	29.046	
10423	802.64	29.014	29.063	29.046	
10424	802.74	29.014	29.063	29.046	
10425	802.84	29.015	29.063	29.046	
10426	802.94	29.015	29.063	29.046	
10427	803.	29.015	29.063	29.046	
10428	803.01	29.015	29.064	29.046	
10429	803.02	29.015	29.064	29.046	
10430	803.05	29.015	29.064	29.046	
10431	803.14	29.015	29.064	29.046	
10432	803.24	29.015	29.064	29.046	
10433	803.34	29.015	29.064	29.046	
10434	803.44	29.015	29.064	29.046	
10435	803.54	29.015	29.064	29.047	
10436	803.64	29.015	29.064	29.047	
10437	803.74	29.015	29.064	29.047	
10438	803.84	29.016	29.064	29.047	
10439	803.94	29.016	29.065	29.047	
10440	804.	29.016	29.065	29.047	
10441	804.01	29.016	29.065	29.047	
10442	804.02	29.016	29.065	29.047	
10443	804.05	29.016	29.065	29.047	
10444	804.14	29.016	29.065	29.047	
10445	804.24	29.016	29.065	29.047	
10446	804.34	29.016	29.065	29.047	
10447	804.44	29.016	29.065	29.048	
10448	804.54	29.016	29.065	29.048	
10449	804.64	29.016	29.065	29.048	
10450	804.74	29.017	29.065	29.048	
10451	804.84	29.017	29.066	29.048	
10452	804.94	29.017	29.066	29.048	
10453	805.	29.017	29.066	29.048	
10454	805.01	29.017	29.066	29.048	
10455	805.02	29.017	29.066	29.048	
10456	805.05	29.017	29.066	29.048	
10457	805.14	29.017	29.066	29.048	
10458	805.24	29.017	29.066	29.048	
10459	805.34	29.017	29.066	29.049	
10460	805.44	29.017	29.066	29.049	
10461	805.54	29.017	29.066	29.049	
10462	805.64	29.018	29.066	29.049	
10463	805.74	29.018	29.067	29.049	
10464	805.84	29.018	29.067	29.049	
10465	805.94	29.018	29.067	29.049	
10466	806.	29.018	29.067	29.049	
10467	806.01	29.018	29.067	29.049	
10468	806.02	29.018	29.067	29.049	
10469	806.05	29.018	29.067	29.049	
10470	806.14	29.018	29.067	29.049	
10471	806.24	29.018	29.067	29.05	
10472	806.34	29.018	29.067	29.05	
10473	806.44	29.018	29.067	29.05	
10474	806.54	29.019	29.067	29.05	
10475	806.64	29.019	29.067	29.05	
10476	806.74	29.019	29.068	29.05	
10477	806.84	29.019	29.068	29.05	
10478	806.94	29.019	29.068	29.05	
10479	807.	29.019	29.068	29.05	
10480	807.01	29.019	29.068	29.05	
10481	807.02	29.019	29.068	29.05	
10482	807.05	29.019	29.068	29.05	
10483	807.14	29.019	29.068	29.051	
10484	807.24	29.019	29.068	29.051	
10485	807.34	29.019	29.068	29.051	
10486	807.44	29.02	29.068	29.051	
10487	807.54	29.02	29.068	29.051	
10488	807.64	29.02	29.069	29.051	
10489	807.74	29.02	29.069	29.051	
10490	807.84	29.02	29.069	29.051	
10491	807.94	29.02	29.069	29.051	
10492	808.	29.02	29.069	29.051	
10493	808.01	29.02	29.069	29.051	
10494	808.02	29.02	29.069	29.051	
10495	808.05	29.02	29.069	29.052	
10496	808.14	29.02	29.069	29.052	
10497	808.24	29.02	29.069	29.052	
10498	808.34	29.02	29.069	29.052	
10499	808.44	29.021	29.069	29.052	
10500	808.54	29.021	29.07	29.052	
10501	808.64	29.021	29.07	29.052	
10502	808.74	29.021	29.07	29.052	
10503	808.84	29.021	29.07	29.052	
10504	808.94	29.021	29.07	29.053	
10505	809.	29.021	29.07	29.053	
10506	809.01	29.021	29.07	29.053	
10507	809.02	29.021	29.07	29.053	
10508	809.05	29.021	29.07	29.053	
10509	809.14	29.021	29.07	29.053	
10510	809.24	29.021	29.07	29.053	
10511	809.34	29.022	29.07	29.053	
10512	809.44	29.022	29.071	29.053	
10513	809.54	29.022	29.071	29.053	
10514	809.64	29.022	29.071	29.053	
10515	809.74	29.022	29.071	29.053	
10516	809.84	29.022	29.071	29.053	
10517	809.94	29.022	29.071	29.054	
10518	810.	29.022	29.071	29.054	
10519	810.01	29.022	29.071	29.054	
10520	810.02	29.022	29.071	29.054	
10521	810.05	29.022	29.071	29.054	
10522	810.14	29.022	29.071	29.054	
10523	810.24	29.023	29.071	29.054	
10524	810.34	29.023	29.072	29.054	
10525	810.44	29.023	29.072	29.054	
10526	810.54	29.023	29.072	29.054	
10527	810.64	29.023	29.072	29.054	
10528	810.74	29.023	29.072	29.054	
10529	810.84	29.023	29.072	29.055	
10530	810.94	29.023	29.072	29.055	
10531	811.	29.023	29.072	29.055	
10532	811.01	29.023	29.072	29.055	
10533	811.02	29.023	29.072	29.055	
10534	811.05	29.023	29.072	29.055	
10535	811.14	29.024	29.072	29.055	
10536	811.24	29.024	29.073	29.055	
10537	811.34	29.024	29.073	29.055	
10538	811.44	29.024	29.073	29.055	
10539	811.54	29.024	29.073	29.055	
10540	811.64	29.024	29.073	29.055	
10541	811.74	29.024	29.073	29.056	
10542	811.84	29.024	29.073	29.056	
10543	811.94	29.024	29.073	29.056	
10544	812.	29.024	29.073	29.056	
10545	812.01	29.024	29.073	29.056	
10546	812.02	29.025	29.073	29.056	
10547	812.05	29.025	29.073	29.056	
10548	812.14	29.025	29.074	29.056	
10549	812.24	29.025	29.074	29.056	
10550	812.34	29.025	29.074	29.056	
10551	812.44	29.025	29.074	29.056	
10552	812.54	29.025	29.074	29.056	
10553	812.64	29.025	29.074	29.057	
10554	812.74	29.025	29.074	29.057	
10555	812.84	29.025	29.074	29.057	
10556	812.94	29.026	29.074	29.057	
10557	813.	29.026	29.074	29.057	
10558	813.01	29.026	29.074	29.057	
10559	813.02	29.026	29.075	29.057	
10560	813.05	29.026	29.075	29.057	
10561	813.14	29.026	29.075	29.057	
10562	813.24	29.026	29.075	29.057	
10563	813.34	29.026	29.075	29.057	
10564	813.44	29.026	29.075	29.057	
10565	813.54	29.026	29.075	29.058	
10566	813.64	29.026	29.075	29.058	
10567	813.74	29.026	29.075	29.058	
10568	813.84	29.026	29.075	29.058	
10569	813.94	29.027	29.076	29.058	
10570	814.	29.027	29.076	29.058	
10571	814.01	29.027	29.076	29.058	
10572	814.02	29.027	29.076	29.058	
10573	814.05	29.027	29.076	29.058	
10574	814.14	29.027	29.076	29.058	
10575	814.24	29.027	29.076	29.058	
10576	814.34	29.027	29.076	29.058	
10577	814.44	29.027	29.076	29.059	
10578	814.54	29.027	29.076	29.059	
10579	814.64	29.027	29.076	29.059	
10580	814.74	29.027	29.076	29.059	
10581	814.84	29.028	29.077	29.059	
10582	814.94	29.028	29.077	29.059	
10583	815.	29.028	29.077	29.059	
10584	815.01	29.028	29.077	29.059	
10585	815.02	29.028	29.077	29.059	
10586	815.05	29.028	29.077	29.059	
10587	815.14	29.028	29.077	29.059	
10588	815.24	29.028	29.077	29.059	
10589	815.34	29.028	29.077	29.06	
10590	815.44	29.028	29.077	29.06	
10591	815.54	29.028	29.077	29.06	
10592	815.64	29.028	29.077	29.06	
10593	815.74	29.029	29.077	29.06	
10594	815.84	29.029	29.078	29.06	
10595	815.94	29.029	29.078	29.06	
10596	816.	29.029	29.078	29.06	
10597	816.01	29.029	29.078	29.06	
10598	816.02	29.029	29.078	29.06	
10599	816.05	29.029	29.078	29.06	
10600	816.14	29.029	29.078	29.06	
10601	816.24	29.029	29.078	29.061	
10602	816.34	29.029	29.078	29.061	
10603	816.44	29.029	29.078	29.061	
10604	816.54	29.029	29.078	29.061	
10605	816.64	29.03	29.078	29.061	
10606	816.74	29.03	29.079	29.061	
10607	816.84	29.03	29.079	29.061	
10608	816.94	29.03	29.079	29.061	
10609	817.	29.03	29.079	29.061	
10610	817.01	29.03	29.079	29.061	
10611	817.02	29.03	29.079	29.061	
10612	817.05	29.03	29.079	29.061	
10613	817.14	29.03	29.079	29.061	
10614	817.24	29.03	29.079	29.062	
10615	817.34	29.03	29.079	29.062	
10616	817.44	29.03	29.079	29.062	
10617	817.54	29.031	29.079	29.062	
10618	817.64	29.031	29.08	29.062	
10619	817.74	29.031	29.08	29.062	
10620	817.84	29.031	29.08	29.062	
10621	817.94	29.031	29.08	29.062	
10622	818.	29.031	29.08	29.062	
10623	818.01	29.031	29.08	29.062	
10624	818.02	29.031	29.08	29.062	
10625	818.05	29.031	29.08	29.062	
10626	818.14	29.031	29.08	29.063	
10627	818.24	29.031	29.08	29.063	
10628	818.34	29.031	29.08	29.063	
10629	818.44	29.031	29.08	29.063	
10630	818.54	29.032	29.081	29.063	
10631	818.64	29.032	29.081	29.063	
10632	818.74	29.032	29.081	29.063	
10633	818.84	29.032	29.081	29.063	
10634	818.94	29.032	29.081	29.063	
10635	819.	29.032	29.081	29.064	
10636	819.01	29.032	29.081	29.064	
10637	819.02	29.032	29.081	29.064	
10638	819.05	29.032	29.081	29.064	
10639	819.14	29.032	29.081	29.064	
10640	819.24	29.032	29.081	29.064	
10641	819.34	29.032	29.081	29.064	
10642	819.44	29.033	29.082	29.064	
10643	819.54	29.033	29.082	29.064	
10644	819.64	29.033	29.082	29.064	
10645	819.74	29.033	29.082	29.064	
10646	819.84	29.033	29.082	29.064	
10647	819.94	29.033	29.082	29.065	
10648	820.	29.033	29.082	29.065	
10649	820.01	29.033	29.082	29.065	
10650	820.02	29.033	29.082	29.065	
10651	820.05	29.033	29.082	29.065	
10652	820.14	29.033	29.082	29.065	
10653	820.24	29.033	29.082	29.065	
10654	820.34	29.034	29.083	29.065	
10655	820.44	29.034	29.083	29.065	
10656	820.54	29.034	29.083	29.065	
10657	820.64	29.034	29.083	29.065	
10658	820.74	29.034	29.083	29.065	
10659	820.84	29.034	29.083	29.066	
10660	820.94	29.034	29.083	29.066	
10661	821.	29.034	29.083	29.066	
10662	821.01	29.034	29.083	29.066	
10663	821.02	29.034	29.083	29.066	
10664	821.05	29.034	29.083	29.066	
10665	821.14	29.034	29.083	29.066	
10666	821.24	29.035	29.084	29.066	
10667	821.34	29.035	29.084	29.066	
10668	821.44	29.035	29.084	29.066	
10669	821.54	29.035	29.084	29.066	
10670	821.64	29.035	29.084	29.066	
10671	821.74	29.035	29.084	29.067	
10672	821.84	29.035	29.084	29.067	
10673	821.94	29.035	29.084	29.067	
10674	822.	29.035	29.084	29.067	
10675	822.01	29.035	29.084	29.067	
10676	822.02	29.035	29.084	29.067	
10677	822.05	29.035	29.084	29.067	
10678	822.14	29.036	29.085	29.067	
10679	822.24	29.036	29.085	29.067	
10680	822.34	29.036	29.085	29.067	
10681	822.44	29.036	29.085	29.067	
10682	822.54	29.036	29.085	29.067	
10683	822.64	29.036	29.085	29.068	
10684	822.74	29.036	29.085	29.068	
10685	822.84	29.036	29.085	29.068	
10686	822.94	29.036	29.085	29.068	
10687	823.	29.036	29.085	29.068	
10688	823.01	29.036	29.085	29.068	
10689	823.02	29.036	29.085	29.068	
10690	823.05	29.037	29.086	29.068	
10691	823.14	29.037	29.086	29.068	
10692	823.24	29.037	29.086	29.068	
10693	823.34	29.037	29.086	29.068	
10694	823.44	29.037	29.086	29.068	
10695	823.54	29.037	29.086	29.069	
10696	823.64	29.037	29.086	29.069	
10697	823.74	29.037	29.086	29.069	
10698	823.84	29.037	29.086	29.069	
10699	823.94	29.037	29.087	29.069	
10700	824.	29.038	29.087	29.069	
10701	824.01	29.038	29.087	29.069	
10702	824.02	29.038	29.087	29.069	
10703	824.05	29.038	29.087	29.069	
10704	824.14	29.038	29.087	29.069	
10705	824.24	29.038	29.087	29.069	
10706	824.34	29.038	29.087	29.069	
10707	824.44	29.038	29.087	29.069	
10708	824.54	29.038	29.087	29.07	
10709	824.64	29.038	29.087	29.07	
10710	824.74	29.038	29.087	29.07	
10711	824.84	29.038	29.087	29.07	
10712	824.94	29.039	29.088	29.07	
10713	825.	29.039	29.088	29.07	
10714	825.01	29.039	29.088	29.07	
10715	825.02	29.039	29.088	29.07	
10716	825.05	29.039	29.088	29.07	
10717	825.14	29.039	29.088	29.07	
10718	825.24	29.039	29.088	29.07	
10719	825.34	29.039	29.088	29.07	
10720	825.44	29.039	29.088	29.071	
10721	825.54	29.039	29.088	29.071	
10722	825.64	29.039	29.088	29.071	
10723	825.74	29.039	29.088	29.071	
10724	825.84	29.04	29.089	29.071	
10725	825.94	29.04	29.089	29.071	
10726	826.	29.04	29.089	29.071	
10727	826.01	29.04	29.089	29.071	
10728	826.02	29.04	29.089	29.071	
10729	826.05	29.04	29.089	29.071	
10730	826.14	29.04	29.089	29.071	
10731	826.24	29.04	29.089	29.071	
10732	826.34	29.04	29.089	29.072	
10733	826.44	29.04	29.089	29.072	
10734	826.54	29.04	29.089	29.072	
10735	826.64	29.04	29.089	29.072	
10736	826.74	29.041	29.09	29.072	
10737	826.84	29.041	29.09	29.072	
10738	826.94	29.041	29.09	29.072	
10739	827.	29.041	29.09	29.072	
10740	827.01	29.041	29.09	29.072	
10741	827.02	29.041	29.09	29.072	
10742	827.05	29.041	29.09	29.072	
10743	827.14	29.041	29.09	29.072	
10744	827.24	29.041	29.09	29.073	
10745	827.34	29.041	29.09	29.073	
10746	827.44	29.041	29.09	29.073	
10747	827.54	29.041	29.09	29.073	
10748	827.64	29.042	29.091	29.073	
10749	827.74	29.042	29.091	29.073	
10750	827.84	29.042	29.091	29.073	
10751	827.94	29.042	29.091	29.073	
10752	828.	29.042	29.091	29.073	
10753	828.01	29.042	29.091	29.073	
10754	828.02	29.042	29.091	29.073	
10755	828.05	29.042	29.091	29.073	
10756	828.14	29.042	29.091	29.074	
10757	828.24	29.042	29.091	29.074	
10758	828.34	29.042	29.091	29.074	
10759	828.44	29.042	29.091	29.074	
10760	828.54	29.043	29.092	29.074	
10761	828.64	29.043	29.092	29.074	
10762	828.74	29.043	29.092	29.074	
10763	828.84	29.043	29.092	29.074	
10764	828.94	29.043	29.092	29.074	
10765	829.	29.043	29.092	29.074	
10766	829.01	29.043	29.092	29.075	
10767	829.02	29.043	29.092	29.075	
10768	829.05	29.043	29.092	29.075	
10769	829.14	29.043	29.092	29.075	
10770	829.24	29.043	29.092	29.075	
10771	829.34	29.043	29.092	29.075	
10772	829.44	29.043	29.093	29.075	
10773	829.54	29.044	29.093	29.075	
10774	829.64	29.044	29.093	29.075	
10775	829.74	29.044	29.093	29.075	
10776	829.84	29.044	29.093	29.075	
10777	829.94	29.044	29.093	29.076	
10778	830.	29.044	29.093	29.076	
10779	830.01	29.044	29.093	29.076	
10780	830.02	29.044	29.093	29.076	
10781	830.05	29.044	29.093	29.076	
10782	830.14	29.044	29.093	29.076	
10783	830.24	29.044	29.093	29.076	
10784	830.34	29.044	29.094	29.076	
10785	830.44	29.045	29.094	29.076	
10786	830.54	29.045	29.094	29.076	
10787	830.64	29.045	29.094	29.076	
10788	830.74	29.045	29.094	29.076	
10789	830.84	29.045	29.094	29.077	
10790	830.94	29.045	29.094	29.077	
10791	831.	29.045	29.094	29.077	
10792	831.01	29.045	29.094	29.077	
10793	831.02	29.045	29.094	29.077	
10794	831.05	29.045	29.094	29.077	
10795	831.14	29.045	29.094	29.077	
10796	831.24	29.045	29.095	29.077	
10797	831.34	29.046	29.095	29.077	
10798	831.44	29.046	29.095	29.077	
10799	831.54	29.046	29.095	29.077	
10800	831.64	29.046	29.095	29.077	
10801	831.74	29.046	29.095	29.077	
10802	831.84	29.046	29.095	29.078	
10803	831.94	29.046	29.095	29.078	
10804	832.	29.046	29.095	29.078	
10805	832.01	29.046	29.095	29.078	
10806	832.02	29.046	29.095	29.078	
10807	832.05	29.046	29.095	29.078	
10808	832.14	29.046	29.096	29.078	
10809	832.24	29.047	29.096	29.078	
10810	832.34	29.047	29.096	29.078	
10811	832.44	29.047	29.096	29.078	
10812	832.54	29.047	29.096	29.078	
10813	832.64	29.047	29.096	29.078	
10814	832.74	29.047	29.096	29.079	
10815	832.84	29.047	29.096	29.079	
10816	832.94	29.047	29.096	29.079	
10817	833.	29.047	29.096	29.079	
10818	833.01	29.047	29.096	29.079	
10819	833.02	29.047	29.096	29.079	
10820	833.05	29.047	29.097	29.079	
10821	833.14	29.048	29.097	29.079	
10822	833.24	29.048	29.097	29.079	
10823	833.34	29.048	29.097	29.079	
10824	833.44	29.048	29.097	29.079	
10825	833.54	29.048	29.097	29.079	
10826	833.64	29.048	29.097	29.08	
10827	833.74	29.048	29.097	29.08	
10828	833.84	29.048	29.097	29.08	
10829	833.94	29.048	29.098	29.08	
10830	834.	29.048	29.098	29.08	
10831	834.01	29.048	29.098	29.08	
10832	834.02	29.048	29.098	29.08	
10833	834.05	29.049	29.098	29.08	
10834	834.14	29.049	29.098	29.08	
10835	834.24	29.049	29.098	29.08	
10836	834.34	29.049	29.098	29.08	
10837	834.44	29.049	29.098	29.08	
10838	834.54	29.049	29.098	29.081	
10839	834.64	29.049	29.098	29.081	
10840	834.74	29.049	29.098	29.081	
10841	834.84	29.049	29.098	29.081	
10842	834.94	29.049	29.099	29.081	
10843	835.	29.05	29.099	29.081	
10844	835.01	29.05	29.099	29.081	
10845	835.02	29.05	29.099	29.081	
10846	835.05	29.05	29.099	29.081	
10847	835.14	29.05	29.099	29.081	
10848	835.24	29.05	29.099	29.081	
10849	835.34	29.05	29.099	29.081	
10850	835.44	29.05	29.099	29.082	
10851	835.54	29.05	29.099	29.082	
10852	835.64	29.05	29.099	29.082	
10853	835.74	29.05	29.099	29.082	
10854	835.84	29.05	29.1	29.082	
10855	835.94	29.051	29.1	29.082	
10856	836.	29.051	29.1	29.082	
10857	836.01	29.051	29.1	29.082	
10858	836.02	29.051	29.1	29.082	
10859	836.05	29.051	29.1	29.082	
10860	836.14	29.051	29.1	29.082	
10861	836.24	29.051	29.1	29.082	
10862	836.34	29.051	29.1	29.083	
10863	836.44	29.051	29.1	29.083	
10864	836.54	29.051	29.1	29.083	
10865	836.64	29.051	29.1	29.083	
10866	836.74	29.051	29.101	29.083	
10867	836.84	29.052	29.101	29.083	
10868	836.94	29.052	29.101	29.083	
10869	837.	29.052	29.101	29.083	
10870	837.01	29.052	29.101	29.083	
10871	837.02	29.052	29.101	29.083	
10872	837.05	29.052	29.101	29.083	
10873	837.14	29.052	29.101	29.083	
10874	837.24	29.052	29.101	29.084	
10875	837.34	29.052	29.101	29.084	
10876	837.44	29.052	29.101	29.084	
10877	837.54	29.052	29.101	29.084	
10878	837.64	29.052	29.102	29.084	
10879	837.74	29.053	29.102	29.084	
10880	837.84	29.053	29.102	29.084	
10881	837.94	29.053	29.102	29.084	
10882	838.	29.053	29.102	29.084	
10883	838.01	29.053	29.102	29.084	
10884	838.02	29.053	29.102	29.084	
10885	838.05	29.053	29.102	29.084	
10886	838.14	29.053	29.102	29.085	
10887	838.24	29.053	29.102	29.085	
10888	838.34	29.053	29.102	29.085	
10889	838.44	29.053	29.102	29.085	
10890	838.54	29.053	29.103	29.085	
10891	838.64	29.054	29.103	29.085	
10892	838.74	29.054	29.103	29.085	
10893	838.84	29.054	29.103	29.085	
10894	838.94	29.054	29.103	29.085	
10895	839.	29.054	29.103	29.085	
10896	839.01	29.054	29.103	29.085	
10897	839.02	29.054	29.103	29.085	
10898	839.05	29.054	29.103	29.086	
10899	839.14	29.054	29.103	29.086	
10900	839.24	29.054	29.103	29.086	
10901	839.34	29.054	29.103	29.086	
10902	839.44	29.054	29.104	29.086	
10903	839.54	29.055	29.104	29.086	
10904	839.64	29.055	29.104	29.086	
10905	839.74	29.055	29.104	29.086	
10906	839.84	29.055	29.104	29.086	
10907	839.94	29.055	29.104	29.086	
10908	840.	29.055	29.104	29.087	
10909	840.01	29.055	29.104	29.087	
10910	840.02	29.055	29.104	29.087	
10911	840.05	29.055	29.104	29.087	
10912	840.14	29.055	29.104	29.087	
10913	840.24	29.055	29.104	29.087	
10914	840.34	29.055	29.105	29.087	
10915	840.44	29.055	29.105	29.087	
10916	840.54	29.056	29.105	29.087	
10917	840.64	29.056	29.105	29.087	
10918	840.74	29.056	29.105	29.087	
10919	840.84	29.056	29.105	29.087	
10920	840.94	29.056	29.105	29.088	
10921	841.	29.056	29.105	29.088	
10922	841.01	29.056	29.105	29.088	
10923	841.02	29.056	29.105	29.088	
10924	841.05	29.056	29.105	29.088	
10925	841.14	29.056	29.105	29.088	
10926	841.24	29.056	29.106	29.088	
10927	841.34	29.056	29.106	29.088	
10928	841.44	29.057	29.106	29.088	
10929	841.54	29.057	29.106	29.088	
10930	841.64	29.057	29.106	29.088	
10931	841.74	29.057	29.106	29.088	
10932	841.84	29.057	29.106	29.089	
10933	841.94	29.057	29.106	29.089	
10934	842.	29.057	29.106	29.089	
10935	842.01	29.057	29.106	29.089	
10936	842.02	29.057	29.106	29.089	
10937	842.05	29.057	29.106	29.089	
10938	842.14	29.057	29.107	29.089	
10939	842.24	29.057	29.107	29.089	
10940	842.34	29.058	29.107	29.089	
10941	842.44	29.058	29.107	29.089	
10942	842.54	29.058	29.107	29.089	
10943	842.64	29.058	29.107	29.089	
10944	842.74	29.058	29.107	29.09	
10945	842.84	29.058	29.107	29.09	
10946	842.94	29.058	29.107	29.09	
10947	843.	29.058	29.107	29.09	
10948	843.01	29.058	29.107	29.09	
10949	843.02	29.058	29.108	29.09	
10950	843.05	29.058	29.108	29.09	
10951	843.14	29.058	29.108	29.09	
10952	843.24	29.059	29.108	29.09	
10953	843.34	29.059	29.108	29.09	
10954	843.44	29.059	29.108	29.09	
10955	843.54	29.059	29.108	29.09	
10956	843.64	29.059	29.108	29.091	
10957	843.74	29.059	29.108	29.091	
10958	843.84	29.059	29.108	29.091	
10959	843.94	29.059	29.109	29.091	
10960	844.	29.059	29.109	29.091	
10961	844.01	29.059	29.109	29.091	
10962	844.02	29.059	29.109	29.091	
10963	844.05	29.059	29.109	29.091	
10964	844.14	29.06	29.109	29.091	
10965	844.24	29.06	29.109	29.091	
10966	844.34	29.06	29.109	29.091	
10967	844.44	29.06	29.109	29.091	
10968	844.54	29.06	29.109	29.092	
10969	844.64	29.06	29.109	29.092	
10970	844.74	29.06	29.109	29.092	
10971	844.84	29.06	29.11	29.092	
10972	844.94	29.06	29.11	29.092	
10973	845.	29.06	29.11	29.092	
10974	845.01	29.06	29.11	29.092	
10975	845.02	29.06	29.11	29.092	
10976	845.05	29.061	29.11	29.092	
10977	845.14	29.061	29.11	29.092	
10978	845.24	29.061	29.11	29.092	
10979	845.34	29.061	29.11	29.092	
10980	845.44	29.061	29.11	29.093	
10981	845.54	29.061	29.11	29.093	
10982	845.64	29.061	29.11	29.093	
10983	845.74	29.061	29.11	29.093	
10984	845.84	29.061	29.111	29.093	
10985	845.94	29.061	29.111	29.093	
10986	846.	29.062	29.111	29.093	
10987	846.01	29.062	29.111	29.093	
10988	846.02	29.062	29.111	29.093	
10989	846.05	29.062	29.111	29.093	
10990	846.14	29.062	29.111	29.093	
10991	846.24	29.062	29.111	29.093	
10992	846.34	29.062	29.111	29.094	
10993	846.44	29.062	29.111	29.094	
10994	846.54	29.062	29.111	29.094	
10995	846.64	29.062	29.111	29.094	
10996	846.74	29.062	29.112	29.094	
10997	846.84	29.062	29.112	29.094	
10998	846.94	29.063	29.112	29.094	
10999	847.	29.063	29.112	29.094	
11000	847.01	29.063	29.112	29.094	
11001	847.02	29.063	29.112	29.094	
11002	847.05	29.063	29.112	29.094	
11003	847.14	29.063	29.112	29.094	
11004	847.24	29.063	29.112	29.095	
11005	847.34	29.063	29.112	29.095	
11006	847.44	29.063	29.112	29.095	
11007	847.54	29.063	29.112	29.095	
11008	847.64	29.063	29.113	29.095	
11009	847.74	29.063	29.113	29.095	
11010	847.84	29.064	29.113	29.095	
11011	847.94	29.064	29.113	29.095	
11012	848.	29.064	29.113	29.095	
11013	848.01	29.064	29.113	29.095	
11014	848.02	29.064	29.113	29.095	
11015	848.05	29.064	29.113	29.095	
11016	848.14	29.064	29.113	29.095	
11017	848.24	29.064	29.113	29.096	
11018	848.34	29.064	29.113	29.096	
11019	848.44	29.064	29.113	29.096	
11020	848.54	29.064	29.114	29.096	
11021	848.64	29.064	29.114	29.096	
11022	848.74	29.065	29.114	29.096	
11023	848.84	29.065	29.114	29.096	
11024	848.94	29.065	29.114	29.096	
11025	849.	29.065	29.114	29.096	
11026	849.01	29.065	29.114	29.096	
11027	849.02	29.065	29.114	29.096	
11028	849.05	29.065	29.114	29.096	
11029	849.14	29.065	29.114	29.097	
11030	849.24	29.065	29.114	29.097	
11031	849.34	29.065	29.114	29.097	
11032	849.44	29.065	29.115	29.097	
11033	849.54	29.065	29.115	29.097	
11034	849.64	29.066	29.115	29.097	
11035	849.74	29.066	29.115	29.097	
11036	849.84	29.066	29.115	29.097	
11037	849.94	29.066	29.115	29.097	
11038	850.	29.066	29.115	29.098	
11039	850.01	29.066	29.115	29.098	
11040	850.02	29.066	29.115	29.098	
11041	850.05	29.066	29.115	29.098	
11042	850.14	29.066	29.115	29.098	
11043	850.24	29.066	29.115	29.098	
11044	850.34	29.066	29.116	29.098	
11045	850.44	29.066	29.116	29.098	
11046	850.54	29.067	29.116	29.098	
11047	850.64	29.067	29.116	29.098	
11048	850.74	29.067	29.116	29.098	
11049	850.84	29.067	29.116	29.098	
11050	850.94	29.067	29.116	29.099	
11051	851.	29.067	29.116	29.099	
11052	851.01	29.067	29.116	29.099	
11053	851.02	29.067	29.116	29.099	
11054	851.05	29.067	29.116	29.099	
11055	851.14	29.067	29.116	29.099	
11056	851.24	29.067	29.117	29.099	
11057	851.34	29.067	29.117	29.099	
11058	851.44	29.067	29.117	29.099	
11059	851.54	29.068	29.117	29.099	
11060	851.64	29.068	29.117	29.099	
11061	851.74	29.068	29.117	29.099	
11062	851.84	29.068	29.117	29.1	
11063	851.94	29.068	29.117	29.1	
11064	852.	29.068	29.117	29.1	
11065	852.01	29.068	29.117	29.1	
11066	852.02	29.068	29.117	29.1	
11067	852.05	29.068	29.117	29.1	
11068	852.14	29.068	29.118	29.1	
11069	852.24	29.068	29.118	29.1	
11070	852.34	29.068	29.118	29.1	
11071	852.44	29.069	29.118	29.1	
11072	852.54	29.069	29.118	29.1	
11073	852.64	29.069	29.118	29.1	
11074	852.74	29.069	29.118	29.101	
11075	852.84	29.069	29.118	29.101	
11076	852.94	29.069	29.118	29.101	
11077	853.	29.069	29.118	29.101	
11078	853.01	29.069	29.119	29.101	
11079	853.02	29.069	29.119	29.101	
11080	853.05	29.069	29.119	29.101	
11081	853.14	29.069	29.119	29.101	
11082	853.24	29.069	29.119	29.101	
11083	853.34	29.07	29.119	29.101	
11084	853.44	29.07	29.119	29.101	
11085	853.54	29.07	29.119	29.101	
11086	853.64	29.07	29.119	29.102	
11087	853.74	29.07	29.119	29.102	
11088	853.84	29.07	29.119	29.102	
11089	853.94	29.07	29.12	29.102	
11090	854.	29.07	29.12	29.102	
11091	854.01	29.07	29.12	29.102	
11092	854.02	29.07	29.12	29.102	
11093	854.05	29.07	29.12	29.102	
11094	854.14	29.07	29.12	29.102	
11095	854.24	29.071	29.12	29.102	
11096	854.34	29.071	29.12	29.102	
11097	854.44	29.071	29.12	29.102	
11098	854.54	29.071	29.12	29.103	
11099	854.64	29.071	29.12	29.103	
11100	854.74	29.071	29.12	29.103	
11101	854.84	29.071	29.121	29.103	
11102	854.94	29.071	29.121	29.103	
11103	855.	29.071	29.121	29.103	
11104	855.01	29.071	29.121	29.103	
11105	855.02	29.071	29.121	29.103	
11106	855.05	29.071	29.121	29.103	
11107	855.14	29.072	29.121	29.103	
11108	855.24	29.072	29.121	29.103	
11109	855.34	29.072	29.121	29.103	
11110	855.44	29.072	29.121	29.104	
11111	855.54	29.072	29.121	29.104	
11112	855.64	29.072	29.121	29.104	
11113	855.74	29.072	29.122	29.104	
11114	855.84	29.072	29.122	29.104	
11115	855.94	29.072	29.122	29.104	
11116	856.	29.072	29.122	29.104	
11117	856.01	29.072	29.122	29.104	
11118	856.02	29.072	29.122	29.104	
11119	856.05	29.073	29.122	29.104	
11120	856.14	29.073	29.122	29.104	
11121	856.24	29.073	29.122	29.104	
11122	856.34	29.073	29.122	29.105	
11123	856.44	29.073	29.122	29.105	
11124	856.54	29.073	29.122	29.105	
11125	856.64	29.073	29.123	29.105	
11126	856.74	29.073	29.123	29.105	
11127	856.84	29.073	29.123	29.105	
11128	856.94	29.073	29.123	29.105	
11129	857.	29.074	29.123	29.105	
11130	857.01	29.074	29.123	29.105	
11131	857.02	29.074	29.123	29.105	
11132	857.05	29.074	29.123	29.105	
11133	857.14	29.074	29.123	29.105	
11134	857.24	29.074	29.123	29.105	
11135	857.34	29.074	29.123	29.106	
11136	857.44	29.074	29.123	29.106	
11137	857.54	29.074	29.123	29.106	
11138	857.64	29.074	29.124	29.106	
11139	857.74	29.074	29.124	29.106	
11140	857.84	29.074	29.124	29.106	
11141	857.94	29.075	29.124	29.106	
11142	858.	29.075	29.124	29.106	
11143	858.01	29.075	29.124	29.106	
11144	858.02	29.075	29.124	29.106	
11145	858.05	29.075	29.124	29.106	
11146	858.14	29.075	29.124	29.106	
11147	858.24	29.075	29.124	29.107	
11148	858.34	29.075	29.124	29.107	
11149	858.44	29.075	29.124	29.107	
11150	858.54	29.075	29.125	29.107	
11151	858.64	29.075	29.125	29.107	
11152	858.74	29.075	29.125	29.107	
11153	858.84	29.076	29.125	29.107	
11154	858.94	29.076	29.125	29.107	
11155	859.	29.076	29.125	29.107	
11156	859.01	29.076	29.125	29.107	
11157	859.02	29.076	29.125	29.107	
11158	859.05	29.076	29.125	29.107	
11159	859.14	29.076	29.125	29.108	
11160	859.24	29.076	29.125	29.108	
11161	859.34	29.076	29.125	29.108	
11162	859.44	29.076	29.126	29.108	
11163	859.54	29.076	29.126	29.108	
11164	859.64	29.076	29.126	29.108	
11165	859.74	29.077	29.126	29.108	
11166	859.84	29.077	29.126	29.108	
11167	859.94	29.077	29.126	29.108	
11168	860.	29.077	29.126	29.109	
11169	860.01	29.077	29.126	29.109	
11170	860.02	29.077	29.126	29.109	
11171	860.05	29.077	29.126	29.109	
11172	860.14	29.077	29.126	29.109	
11173	860.24	29.077	29.126	29.109	
11174	860.34	29.077	29.127	29.109	
11175	860.44	29.077	29.127	29.109	
11176	860.54	29.077	29.127	29.109	
11177	860.64	29.078	29.127	29.109	
11178	860.74	29.078	29.127	29.109	
11179	860.84	29.078	29.127	29.109	
11180	860.94	29.078	29.127	29.11	
11181	861.	29.078	29.127	29.11	
11182	861.01	29.078	29.127	29.11	
11183	861.02	29.078	29.127	29.11	
11184	861.05	29.078	29.127	29.11	
11185	861.14	29.078	29.127	29.11	
11186	861.24	29.078	29.128	29.11	
11187	861.34	29.078	29.128	29.11	
11188	861.44	29.078	29.128	29.11	
11189	861.54	29.079	29.128	29.11	
11190	861.64	29.079	29.128	29.11	
11191	861.74	29.079	29.128	29.11	
11192	861.84	29.079	29.128	29.111	
11193	861.94	29.079	29.128	29.111	
11194	862.	29.079	29.128	29.111	
11195	862.01	29.079	29.128	29.111	
11196	862.02	29.079	29.128	29.111	
11197	862.05	29.079	29.128	29.111	
11198	862.14	29.079	29.129	29.111	
11199	862.24	29.079	29.129	29.111	
11200	862.34	29.079	29.129	29.111	
11201	862.44	29.08	29.129	29.111	
11202	862.54	29.08	29.129	29.111	
11203	862.64	29.08	29.129	29.111	
11204	862.74	29.08	29.129	29.112	
11205	862.84	29.08	29.129	29.112	
11206	862.94	29.08	29.129	29.112	
11207	863.	29.08	29.13	29.112	
11208	863.01	29.08	29.13	29.112	
11209	863.02	29.08	29.13	29.112	
11210	863.05	29.08	29.13	29.112	
11211	863.14	29.08	29.13	29.112	
11212	863.24	29.08	29.13	29.112	
11213	863.34	29.08	29.13	29.112	
11214	863.44	29.081	29.13	29.112	
11215	863.54	29.081	29.13	29.112	
11216	863.64	29.081	29.13	29.113	
11217	863.74	29.081	29.13	29.113	
11218	863.84	29.081	29.13	29.113	
11219	863.94	29.081	29.131	29.113	
11220	864.	29.081	29.131	29.113	
11221	864.01	29.081	29.131	29.113	
11222	864.02	29.081	29.131	29.113	
11223	864.05	29.081	29.131	29.113	
11224	864.14	29.081	29.131	29.113	
11225	864.24	29.081	29.131	29.113	
11226	864.34	29.082	29.131	29.113	
11227	864.44	29.082	29.131	29.113	
11228	864.54	29.082	29.131	29.114	
11229	864.64	29.082	29.131	29.114	
11230	864.74	29.082	29.131	29.114	
11231	864.84	29.082	29.132	29.114	
11232	864.94	29.082	29.132	29.114	
11233	865.	29.082	29.132	29.114	
11234	865.01	29.082	29.132	29.114	
11235	865.02	29.082	29.132	29.114	
11236	865.05	29.082	29.132	29.114	
11237	865.14	29.082	29.132	29.114	
11238	865.24	29.083	29.132	29.114	
11239	865.34	29.083	29.132	29.114	
11240	865.44	29.083	29.132	29.115	
11241	865.54	29.083	29.132	29.115	
11242	865.64	29.083	29.132	29.115	
11243	865.74	29.083	29.133	29.115	
11244	865.84	29.083	29.133	29.115	
11245	865.94	29.083	29.133	29.115	
11246	866.	29.083	29.133	29.115	
11247	866.01	29.083	29.133	29.115	
11248	866.02	29.083	29.133	29.115	
11249	866.05	29.083	29.133	29.115	
11250	866.14	29.084	29.133	29.115	
11251	866.24	29.084	29.133	29.115	
11252	866.34	29.084	29.133	29.115	
11253	866.44	29.084	29.133	29.116	
11254	866.54	29.084	29.133	29.116	
11255	866.64	29.084	29.134	29.116	
11256	866.74	29.084	29.134	29.116	
11257	866.84	29.084	29.134	29.116	
11258	866.94	29.084	29.134	29.116	
11259	867.	29.084	29.134	29.116	
11260	867.01	29.085	29.134	29.116	
11261	867.02	29.085	29.134	29.116	
11262	867.05	29.085	29.134	29.116	
11263	867.14	29.085	29.134	29.116	
11264	867.24	29.085	29.134	29.116	
11265	867.34	29.085	29.134	29.117	
11266	867.44	29.085	29.134	29.117	
11267	867.54	29.085	29.135	29.117	
11268	867.64	29.085	29.135	29.117	
11269	867.74	29.085	29.135	29.117	
11270	867.84	29.085	29.135	29.117	
11271	867.94	29.086	29.135	29.117	
11272	868.	29.086	29.135	29.117	
11273	868.01	29.086	29.135	29.117	
11274	868.02	29.086	29.135	29.117	
11275	868.05	29.086	29.135	29.117	
11276	868.14	29.086	29.135	29.117	
11277	868.24	29.086	29.135	29.118	
11278	868.34	29.086	29.135	29.118	
11279	868.44	29.086	29.136	29.118	
11280	868.54	29.086	29.136	29.118	
11281	868.64	29.086	29.136	29.118	
11282	868.74	29.086	29.136	29.118	
11283	868.84	29.087	29.136	29.118	
11284	868.94	29.087	29.136	29.118	
11285	869.	29.087	29.136	29.118	
11286	869.01	29.087	29.136	29.118	
11287	869.02	29.087	29.136	29.118	
11288	869.05	29.087	29.136	29.118	
11289	869.14	29.087	29.136	29.119	
11290	869.24	29.087	29.136	29.119	
11291	869.34	29.087	29.137	29.119	
11292	869.44	29.087	29.137	29.119	
11293	869.54	29.087	29.137	29.119	
11294	869.64	29.087	29.137	29.119	
11295	869.74	29.087	29.137	29.119	
11296	869.84	29.088	29.137	29.119	
11297	869.94	29.088	29.137	29.119	
11298	870.	29.088	29.137	29.12	
11299	870.01	29.088	29.137	29.12	
11300	870.02	29.088	29.137	29.12	
11301	870.05	29.088	29.137	29.12	
11302	870.14	29.088	29.137	29.12	
11303	870.24	29.088	29.138	29.12	
11304	870.34	29.088	29.138	29.12	
11305	870.44	29.088	29.138	29.12	
11306	870.54	29.088	29.138	29.12	
11307	870.64	29.088	29.138	29.12	
11308	870.74	29.089	29.138	29.12	
11309	870.84	29.089	29.138	29.12	
11310	870.94	29.089	29.138	29.121	
11311	871.	29.089	29.138	29.121	
11312	871.01	29.089	29.138	29.121	
11313	871.02	29.089	29.138	29.121	
11314	871.05	29.089	29.138	29.121	
11315	871.14	29.089	29.138	29.121	
11316	871.24	29.089	29.139	29.121	
11317	871.34	29.089	29.139	29.121	
11318	871.44	29.089	29.139	29.121	
11319	871.54	29.089	29.139	29.121	
11320	871.64	29.09	29.139	29.121	
11321	871.74	29.09	29.139	29.121	
11322	871.84	29.09	29.139	29.122	
11323	871.94	29.09	29.139	29.122	
11324	872.	29.09	29.139	29.122	
11325	872.01	29.09	29.139	29.122	
11326	872.02	29.09	29.139	29.122	
11327	872.05	29.09	29.14	29.122	
11328	872.14	29.09	29.14	29.122	
11329	872.24	29.09	29.14	29.122	
11330	872.34	29.09	29.14	29.122	
11331	872.44	29.09	29.14	29.122	
11332	872.54	29.091	29.14	29.122	
11333	872.64	29.091	29.14	29.122	
11334	872.74	29.091	29.14	29.123	
11335	872.84	29.091	29.14	29.123	
11336	872.94	29.091	29.14	29.123	
11337	873.	29.091	29.141	29.123	
11338	873.01	29.091	29.141	29.123	
11339	873.02	29.091	29.141	29.123	
11340	873.05	29.091	29.141	29.123	
11341	873.14	29.091	29.141	29.123	
11342	873.24	29.091	29.141	29.123	
11343	873.34	29.091	29.141	29.123	
11344	873.44	29.092	29.141	29.123	
11345	873.54	29.092	29.141	29.123	
11346	873.64	29.092	29.141	29.124	
11347	873.74	29.092	29.141	29.124	
11348	873.84	29.092	29.141	29.124	
11349	873.94	29.092	29.142	29.124	
11350	874.	29.092	29.142	29.124	
11351	874.01	29.092	29.142	29.124	
11352	874.02	29.092	29.142	29.124	
11353	874.05	29.092	29.142	29.124	
11354	874.14	29.092	29.142	29.124	
11355	874.24	29.092	29.142	29.124	
11356	874.34	29.093	29.142	29.124	
11357	874.44	29.093	29.142	29.124	
11358	874.54	29.093	29.142	29.125	
11359	874.64	29.093	29.142	29.125	
11360	874.74	29.093	29.142	29.125	
11361	874.84	29.093	29.143	29.125	
11362	874.94	29.093	29.143	29.125	
11363	875.	29.093	29.143	29.125	
11364	875.01	29.093	29.143	29.125	
11365	875.02	29.093	29.143	29.125	
11366	875.05	29.093	29.143	29.125	
11367	875.14	29.093	29.143	29.125	
11368	875.24	29.094	29.143	29.125	
11369	875.34	29.094	29.143	29.125	
11370	875.44	29.094	29.143	29.126	
11371	875.54	29.094	29.143	29.126	
11372	875.64	29.094	29.143	29.126	
11373	875.74	29.094	29.144	29.126	
11374	875.84	29.094	29.144	29.126	
11375	875.94	29.094	29.144	29.126	
11376	876.	29.094	29.144	29.126	
11377	876.01	29.094	29.144	29.126	
11378	876.02	29.094	29.144	29.126	
11379	876.05	29.094	29.144	29.126	
11380	876.14	29.094	29.144	29.126	
11381	876.24	29.095	29.144	29.126	
11382	876.34	29.095	29.144	29.126	
11383	876.44	29.095	29.144	29.127	
11384	876.54	29.095	29.144	29.127	
11385	876.64	29.095	29.145	29.127	
11386	876.74	29.095	29.145	29.127	
11387	876.84	29.095	29.145	29.127	
11388	876.94	29.095	29.145	29.127	
11389	877.	29.095	29.145	29.127	
11390	877.01	29.095	29.145	29.127	
11391	877.02	29.095	29.145	29.127	
11392	877.05	29.095	29.145	29.127	
11393	877.14	29.096	29.145	29.127	
11394	877.24	29.096	29.145	29.127	
11395	877.34	29.096	29.145	29.128	
11396	877.44	29.096	29.145	29.128	
11397	877.54	29.096	29.146	29.128	
11398	877.64	29.096	29.146	29.128	
11399	877.74	29.096	29.146	29.128	
11400	877.84	29.096	29.146	29.128	
11401	877.94	29.096	29.146	29.128	
11402	878.	29.097	29.146	29.128	
11403	878.01	29.097	29.146	29.128	
11404	878.02	29.097	29.146	29.128	
11405	878.05	29.097	29.146	29.128	
11406	878.14	29.097	29.146	29.128	
11407	878.24	29.097	29.146	29.129	
11408	878.34	29.097	29.146	29.129	
11409	878.44	29.097	29.147	29.129	
11410	878.54	29.097	29.147	29.129	
11411	878.64	29.097	29.147	29.129	
11412	878.74	29.097	29.147	29.129	
11413	878.84	29.097	29.147	29.129	
11414	878.94	29.098	29.147	29.129	
11415	879.	29.098	29.147	29.129	
11416	879.01	29.098	29.147	29.129	
11417	879.02	29.098	29.147	29.129	
11418	879.05	29.098	29.147	29.129	
11419	879.14	29.098	29.147	29.13	
11420	879.24	29.098	29.147	29.13	
11421	879.34	29.098	29.148	29.13	
11422	879.44	29.098	29.148	29.13	
11423	879.54	29.098	29.148	29.13	
11424	879.64	29.098	29.148	29.13	
11425	879.74	29.098	29.148	29.13	
11426	879.84	29.099	29.148	29.13	
11427	879.94	29.099	29.148	29.13	
11428	880.	29.099	29.148	29.131	
11429	880.01	29.099	29.148	29.131	
11430	880.02	29.099	29.148	29.131	
11431	880.05	29.099	29.148	29.131	
11432	880.14	29.099	29.148	29.131	
11433	880.24	29.099	29.149	29.131	
11434	880.34	29.099	29.149	29.131	
11435	880.44	29.099	29.149	29.131	
11436	880.54	29.099	29.149	29.131	
11437	880.64	29.099	29.149	29.131	
11438	880.74	29.1	29.149	29.131	
11439	880.84	29.1	29.149	29.131	
11440	880.94	29.1	29.149	29.132	
11441	881.	29.1	29.149	29.132	
11442	881.01	29.1	29.149	29.132	
11443	881.02	29.1	29.149	29.132	
11444	881.05	29.1	29.149	29.132	
11445	881.14	29.1	29.15	29.132	
11446	881.24	29.1	29.15	29.132	
11447	881.34	29.1	29.15	29.132	
11448	881.44	29.1	29.15	29.132	
11449	881.54	29.1	29.15	29.132	
11450	881.64	29.101	29.15	29.132	
11451	881.74	29.101	29.15	29.132	
11452	881.84	29.101	29.15	29.133	
11453	881.94	29.101	29.15	29.133	
11454	882.	29.101	29.15	29.133	
11455	882.01	29.101	29.15	29.133	
11456	882.02	29.101	29.151	29.133	
11457	882.05	29.101	29.151	29.133	
11458	882.14	29.101	29.151	29.133	
11459	882.24	29.101	29.151	29.133	
11460	882.34	29.101	29.151	29.133	
11461	882.44	29.101	29.151	29.133	
11462	882.54	29.101	29.151	29.133	
11463	882.64	29.102	29.151	29.133	
11464	882.74	29.102	29.151	29.134	
11465	882.84	29.102	29.151	29.134	
11466	882.94	29.102	29.152	29.134	
11467	883.	29.102	29.152	29.134	
11468	883.01	29.102	29.152	29.134	
11469	883.02	29.102	29.152	29.134	
11470	883.05	29.102	29.152	29.134	
11471	883.14	29.102	29.152	29.134	
11472	883.24	29.102	29.152	29.134	
11473	883.34	29.102	29.152	29.134	
11474	883.44	29.102	29.152	29.134	
11475	883.54	29.103	29.152	29.134	
11476	883.64	29.103	29.152	29.135	
11477	883.74	29.103	29.152	29.135	
11478	883.84	29.103	29.153	29.135	
11479	883.94	29.103	29.153	29.135	
11480	884.	29.103	29.153	29.135	
11481	884.01	29.103	29.153	29.135	
11482	884.02	29.103	29.153	29.135	
11483	884.05	29.103	29.153	29.135	
11484	884.14	29.103	29.153	29.135	
11485	884.24	29.103	29.153	29.135	
11486	884.34	29.103	29.153	29.135	
11487	884.44	29.104	29.153	29.135	
11488	884.54	29.104	29.153	29.136	
11489	884.64	29.104	29.153	29.136	
11490	884.74	29.104	29.154	29.136	
11491	884.84	29.104	29.154	29.136	
11492	884.94	29.104	29.154	29.136	
11493	885.	29.104	29.154	29.136	
11494	885.01	29.104	29.154	29.136	
11495	885.02	29.104	29.154	29.136	
11496	885.05	29.104	29.154	29.136	
11497	885.14	29.104	29.154	29.136	
11498	885.24	29.104	29.154	29.136	
11499	885.34	29.105	29.154	29.136	
11500	885.44	29.105	29.154	29.137	
11501	885.54	29.105	29.154	29.137	
11502	885.64	29.105	29.155	29.137	
11503	885.74	29.105	29.155	29.137	
11504	885.84	29.105	29.155	29.137	
11505	885.94	29.105	29.155	29.137	
11506	886.	29.105	29.155	29.137	
11507	886.01	29.105	29.155	29.137	
11508	886.02	29.105	29.155	29.137	
11509	886.05	29.105	29.155	29.137	
11510	886.14	29.105	29.155	29.137	
11511	886.24	29.106	29.155	29.137	
11512	886.34	29.106	29.155	29.138	
11513	886.44	29.106	29.155	29.138	
11514	886.54	29.106	29.156	29.138	
11515	886.64	29.106	29.156	29.138	
11516	886.74	29.106	29.156	29.138	
11517	886.84	29.106	29.156	29.138	
11518	886.94	29.106	29.156	29.138	
11519	887.	29.106	29.156	29.138	
11520	887.01	29.106	29.156	29.138	
11521	887.02	29.106	29.156	29.138	
11522	887.05	29.106	29.156	29.138	
11523	887.14	29.107	29.156	29.138	
11524	887.24	29.107	29.156	29.138	
11525	887.34	29.107	29.156	29.139	
11526	887.44	29.107	29.156	29.139	
11527	887.54	29.107	29.157	29.139	
11528	887.64	29.107	29.157	29.139	
11529	887.74	29.107	29.157	29.139	
11530	887.84	29.107	29.157	29.139	
11531	887.94	29.107	29.157	29.139	
11532	888.	29.107	29.157	29.139	
11533	888.01	29.107	29.157	29.139	
11534	888.02	29.107	29.157	29.139	
11535	888.05	29.108	29.157	29.139	
11536	888.14	29.108	29.157	29.139	
11537	888.24	29.108	29.157	29.14	
11538	888.34	29.108	29.157	29.14	
11539	888.44	29.108	29.158	29.14	
11540	888.54	29.108	29.158	29.14	
11541	888.64	29.108	29.158	29.14	
11542	888.74	29.108	29.158	29.14	
11543	888.84	29.108	29.158	29.14	
11544	888.94	29.108	29.158	29.14	
11545	889.	29.109	29.158	29.14	
11546	889.01	29.109	29.158	29.14	
11547	889.02	29.109	29.158	29.14	
11548	889.05	29.109	29.158	29.14	
11549	889.14	29.109	29.158	29.141	
11550	889.24	29.109	29.158	29.141	
11551	889.34	29.109	29.159	29.141	
11552	889.44	29.109	29.159	29.141	
11553	889.54	29.109	29.159	29.141	
11554	889.64	29.109	29.159	29.141	
11555	889.74	29.109	29.159	29.141	
11556	889.84	29.109	29.159	29.141	
11557	889.94	29.11	29.159	29.141	
11558	890.	29.11	29.159	29.142	
11559	890.01	29.11	29.159	29.142	
11560	890.02	29.11	29.159	29.142	
11561	890.05	29.11	29.159	29.142	
11562	890.14	29.11	29.159	29.142	
11563	890.24	29.11	29.16	29.142	
11564	890.34	29.11	29.16	29.142	
11565	890.44	29.11	29.16	29.142	
11566	890.54	29.11	29.16	29.142	
11567	890.64	29.11	29.16	29.142	
11568	890.74	29.11	29.16	29.142	
11569	890.84	29.111	29.16	29.142	
11570	890.94	29.111	29.16	29.143	
11571	891.	29.111	29.16	29.143	
11572	891.01	29.111	29.16	29.143	
11573	891.02	29.111	29.16	29.143	
11574	891.05	29.111	29.16	29.143	
11575	891.14	29.111	29.161	29.143	
11576	891.24	29.111	29.161	29.143	
11577	891.34	29.111	29.161	29.143	
11578	891.44	29.111	29.161	29.143	
11579	891.54	29.111	29.161	29.143	
11580	891.64	29.111	29.161	29.143	
11581	891.74	29.112	29.161	29.143	
11582	891.84	29.112	29.161	29.144	
11583	891.94	29.112	29.161	29.144	
11584	892.	29.112	29.162	29.144	
11585	892.01	29.112	29.162	29.144	
11586	892.02	29.112	29.162	29.144	
11587	892.05	29.112	29.162	29.144	
11588	892.14	29.112	29.162	29.144	
11589	892.24	29.112	29.162	29.144	
11590	892.34	29.112	29.162	29.144	
11591	892.44	29.112	29.162	29.144	
11592	892.54	29.112	29.162	29.144	
11593	892.64	29.113	29.162	29.144	
11594	892.74	29.113	29.162	29.145	
11595	892.84	29.113	29.162	29.145	
11596	892.94	29.113	29.163	29.145	
11597	893.	29.113	29.163	29.145	
11598	893.01	29.113	29.163	29.145	
11599	893.02	29.113	29.163	29.145	
11600	893.05	29.113	29.163	29.145	
11601	893.14	29.113	29.163	29.145	
11602	893.24	29.113	29.163	29.145	
11603	893.34	29.113	29.163	29.145	
11604	893.44	29.113	29.163	29.145	
11605	893.54	29.114	29.163	29.145	
11606	893.64	29.114	29.163	29.146	
11607	893.74	29.114	29.163	29.146	
11608	893.84	29.114	29.164	29.146	
11609	893.94	29.114	29.164	29.146	
11610	894.	29.114	29.164	29.146	
11611	894.01	29.114	29.164	29.146	
11612	894.02	29.114	29.164	29.146	
11613	894.05	29.114	29.164	29.146	
11614	894.14	29.114	29.164	29.146	
11615	894.24	29.114	29.164	29.146	
11616	894.34	29.114	29.164	29.146	
11617	894.44	29.115	29.164	29.146	
11618	894.54	29.115	29.164	29.147	
11619	894.64	29.115	29.164	29.147	
11620	894.74	29.115	29.165	29.147	
11621	894.84	29.115	29.165	29.147	
11622	894.94	29.115	29.165	29.147	
11623	895.	29.115	29.165	29.147	
11624	895.01	29.115	29.165	29.147	
11625	895.02	29.115	29.165	29.147	
11626	895.05	29.115	29.165	29.147	
11627	895.14	29.115	29.165	29.147	
11628	895.24	29.115	29.165	29.147	
11629	895.34	29.116	29.165	29.147	
11630	895.44	29.116	29.165	29.148	
11631	895.54	29.116	29.165	29.148	
11632	895.64	29.116	29.166	29.148	
11633	895.74	29.116	29.166	29.148	
11634	895.84	29.116	29.166	29.148	
11635	895.94	29.116	29.166	29.148	
11636	896.	29.116	29.166	29.148	
11637	896.01	29.116	29.166	29.148	
11638	896.02	29.116	29.166	29.148	
11639	896.05	29.116	29.166	29.148	
11640	896.14	29.116	29.166	29.148	
11641	896.24	29.116	29.166	29.148	
11642	896.34	29.117	29.166	29.149	
11643	896.44	29.117	29.166	29.149	
11644	896.54	29.117	29.167	29.149	
11645	896.64	29.117	29.167	29.149	
11646	896.74	29.117	29.167	29.149	
11647	896.84	29.117	29.167	29.149	
11648	896.94	29.117	29.167	29.149	
11649	897.	29.117	29.167	29.149	
11650	897.01	29.117	29.167	29.149	
11651	897.02	29.117	29.167	29.149	
11652	897.05	29.117	29.167	29.149	
11653	897.14	29.117	29.167	29.149	
11654	897.24	29.118	29.167	29.15	
11655	897.34	29.118	29.167	29.15	
11656	897.44	29.118	29.168	29.15	
11657	897.54	29.118	29.168	29.15	
11658	897.64	29.118	29.168	29.15	
11659	897.74	29.118	29.168	29.15	
11660	897.84	29.118	29.168	29.15	
11661	897.94	29.118	29.168	29.15	
11662	898.	29.118	29.168	29.15	
11663	898.01	29.118	29.168	29.15	
11664	898.02	29.118	29.168	29.15	
11665	898.05	29.118	29.168	29.15	
11666	898.14	29.119	29.168	29.151	
11667	898.24	29.119	29.168	29.151	
11668	898.34	29.119	29.169	29.151	
11669	898.44	29.119	29.169	29.151	
11670	898.54	29.119	29.169	29.151	
11671	898.64	29.119	29.169	29.151	
11672	898.74	29.119	29.169	29.151	
11673	898.84	29.119	29.169	29.151	
11674	898.94	29.119	29.169	29.151	
11675	899.	29.12	29.169	29.151	
11676	899.01	29.12	29.169	29.151	
11677	899.02	29.12	29.169	29.151	
11678	899.05	29.12	29.169	29.152	
11679	899.14	29.12	29.169	29.152	
11680	899.24	29.12	29.17	29.152	
11681	899.34	29.12	29.17	29.152	
11682	899.44	29.12	29.17	29.152	
11683	899.54	29.12	29.17	29.152	
11684	899.64	29.12	29.17	29.152	
11685	899.74	29.12	29.17	29.152	
11686	899.84	29.12	29.17	29.152	
11687	899.94	29.121	29.17	29.152	
11688	900.	29.121	29.17	29.153	
11689	900.01	29.121	29.17	29.153	
11690	900.02	29.121	29.17	29.153	
11691	900.05	29.121	29.17	29.153	
11692	900.14	29.121	29.171	29.153	
11693	900.24	29.121	29.171	29.153	
11694	900.34	29.121	29.171	29.153	
11695	900.44	29.121	29.171	29.153	
11696	900.54	29.121	29.171	29.153	
11697	900.64	29.121	29.171	29.153	
11698	900.74	29.121	29.171	29.153	
11699	900.84	29.122	29.171	29.153	
11700	900.94	29.122	29.171	29.154	
11701	901.	29.122	29.171	29.154	
11702	901.01	29.122	29.171	29.154	
11703	901.02	29.122	29.172	29.154	
11704	901.05	29.122	29.172	29.154	
11705	901.14	29.122	29.172	29.154	
11706	901.24	29.122	29.172	29.154	
11707	901.34	29.122	29.172	29.154	
11708	901.44	29.122	29.172	29.154	
11709	901.54	29.122	29.172	29.154	
11710	901.64	29.122	29.172	29.154	
11711	901.74	29.123	29.172	29.154	
11712	901.84	29.123	29.172	29.155	
11713	901.94	29.123	29.173	29.155	
11714	902.	29.123	29.173	29.155	
11715	902.01	29.123	29.173	29.155	
11716	902.02	29.123	29.173	29.155	
11717	902.05	29.123	29.173	29.155	
11718	902.14	29.123	29.173	29.155	
11719	902.24	29.123	29.173	29.155	
11720	902.34	29.123	29.173	29.155	
11721	902.44	29.123	29.173	29.155	
11722	902.54	29.123	29.173	29.155	
11723	902.64	29.124	29.173	29.155	
11724	902.74	29.124	29.173	29.156	
11725	902.84	29.124	29.174	29.156	
11726	902.94	29.124	29.174	29.156	
11727	903.	29.124	29.174	29.156	
11728	903.01	29.124	29.174	29.156	
11729	903.02	29.124	29.174	29.156	
11730	903.05	29.124	29.174	29.156	
11731	903.14	29.124	29.174	29.156	
11732	903.24	29.124	29.174	29.156	
11733	903.34	29.124	29.174	29.156	
11734	903.44	29.124	29.174	29.156	
11735	903.54	29.124	29.174	29.156	
11736	903.64	29.125	29.174	29.157	
11737	903.74	29.125	29.175	29.157	
11738	903.84	29.125	29.175	29.157	
11739	903.94	29.125	29.175	29.157	
11740	904.	29.125	29.175	29.157	
11741	904.01	29.125	29.175	29.157	
11742	904.02	29.125	29.175	29.157	
11743	904.05	29.125	29.175	29.157	
11744	904.14	29.125	29.175	29.157	
11745	904.24	29.125	29.175	29.157	
11746	904.34	29.125	29.175	29.157	
11747	904.44	29.125	29.175	29.157	
11748	904.54	29.126	29.175	29.158	
11749	904.64	29.126	29.176	29.158	
11750	904.74	29.126	29.176	29.158	
11751	904.84	29.126	29.176	29.158	
11752	904.94	29.126	29.176	29.158	
11753	905.	29.126	29.176	29.158	
11754	905.01	29.126	29.176	29.158	
11755	905.02	29.126	29.176	29.158	
11756	905.05	29.126	29.176	29.158	
11757	905.14	29.126	29.176	29.158	
11758	905.24	29.126	29.176	29.158	
11759	905.34	29.126	29.176	29.158	
11760	905.44	29.127	29.176	29.159	
11761	905.54	29.127	29.177	29.159	
11762	905.64	29.127	29.177	29.159	
11763	905.74	29.127	29.177	29.159	
11764	905.84	29.127	29.177	29.159	
11765	905.94	29.127	29.177	29.159	
11766	906.	29.127	29.177	29.159	
11767	906.01	29.127	29.177	29.159	
11768	906.02	29.127	29.177	29.159	
11769	906.05	29.127	29.177	29.159	
11770	906.14	29.127	29.177	29.159	
11771	906.24	29.127	29.177	29.159	
11772	906.34	29.128	29.177	29.16	
11773	906.44	29.128	29.178	29.16	
11774	906.54	29.128	29.178	29.16	
11775	906.64	29.128	29.178	29.16	
11776	906.74	29.128	29.178	29.16	
11777	906.84	29.128	29.178	29.16	
11778	906.94	29.128	29.178	29.16	
11779	907.	29.128	29.178	29.16	
11780	907.01	29.128	29.178	29.16	
11781	907.02	29.128	29.178	29.16	
11782	907.05	29.128	29.178	29.16	
11783	907.14	29.128	29.178	29.16	
11784	907.24	29.129	29.178	29.161	
11785	907.34	29.129	29.178	29.161	
11786	907.44	29.129	29.179	29.161	
11787	907.54	29.129	29.179	29.161	
11788	907.64	29.129	29.179	29.161	
11789	907.74	29.129	29.179	29.161	
11790	907.84	29.129	29.179	29.161	
11791	907.94	29.129	29.179	29.161	
11792	908.	29.129	29.179	29.161	
11793	908.01	29.129	29.179	29.161	
11794	908.02	29.129	29.179	29.161	
11795	908.05	29.129	29.179	29.161	
11796	908.14	29.13	29.179	29.162	
11797	908.24	29.13	29.179	29.162	
11798	908.34	29.13	29.18	29.162	
11799	908.44	29.13	29.18	29.162	
11800	908.54	29.13	29.18	29.162	
11801	908.64	29.13	29.18	29.162	
11802	908.74	29.13	29.18	29.162	
11803	908.84	29.13	29.18	29.162	
11804	908.94	29.13	29.18	29.162	
11805	909.	29.13	29.18	29.162	
11806	909.01	29.13	29.18	29.162	
11807	909.02	29.13	29.18	29.162	
11808	909.05	29.131	29.18	29.163	
11809	909.14	29.131	29.18	29.163	
11810	909.24	29.131	29.181	29.163	
11811	909.34	29.131	29.181	29.163	
11812	909.44	29.131	29.181	29.163	
11813	909.54	29.131	29.181	29.163	
11814	909.64	29.131	29.181	29.163	
11815	909.74	29.131	29.181	29.163	
11816	909.84	29.131	29.181	29.163	
11817	909.94	29.132	29.181	29.164	
11818	910.	29.132	29.181	29.164	
11819	910.01	29.132	29.181	29.164	
11820	910.02	29.132	29.181	29.164	
11821	910.05	29.132	29.181	29.164	
11822	910.14	29.132	29.182	29.164	
11823	910.24	29.132	29.182	29.164	
11824	910.34	29.132	29.182	29.164	
11825	910.44	29.132	29.182	29.164	
11826	910.54	29.132	29.182	29.164	
11827	910.64	29.132	29.182	29.164	
11828	910.74	29.132	29.182	29.164	
11829	910.84	29.132	29.182	29.165	
11830	910.94	29.133	29.182	29.165	
11831	911.	29.133	29.183	29.165	
11832	911.01	29.133	29.183	29.165	
11833	911.02	29.133	29.183	29.165	
11834	911.05	29.133	29.183	29.165	
11835	911.14	29.133	29.183	29.165	
11836	911.24	29.133	29.183	29.165	
11837	911.34	29.133	29.183	29.165	
11838	911.44	29.133	29.183	29.165	
11839	911.54	29.133	29.183	29.165	
11840	911.64	29.133	29.183	29.165	
11841	911.74	29.133	29.183	29.166	
11842	911.84	29.134	29.183	29.166	
11843	911.94	29.134	29.184	29.166	
11844	912.	29.134	29.184	29.166	
11845	912.01	29.134	29.184	29.166	
11846	912.02	29.134	29.184	29.166	
11847	912.05	29.134	29.184	29.166	
11848	912.14	29.134	29.184	29.166	
11849	912.24	29.134	29.184	29.166	
11850	912.34	29.134	29.184	29.166	
11851	912.44	29.134	29.184	29.166	
11852	912.54	29.134	29.184	29.166	
11853	912.64	29.134	29.184	29.166	
11854	912.74	29.135	29.184	29.167	
11855	912.84	29.135	29.185	29.167	
11856	912.94	29.135	29.185	29.167	
11857	913.	29.135	29.185	29.167	
11858	913.01	29.135	29.185	29.167	
11859	913.02	29.135	29.185	29.167	
11860	913.05	29.135	29.185	29.167	
11861	913.14	29.135	29.185	29.167	
11862	913.24	29.135	29.185	29.167	
11863	913.34	29.135	29.185	29.167	
11864	913.44	29.135	29.185	29.167	
11865	913.54	29.135	29.185	29.167	
11866	913.64	29.136	29.185	29.168	
11867	913.74	29.136	29.186	29.168	
11868	913.84	29.136	29.186	29.168	
11869	913.94	29.136	29.186	29.168	
11870	914.	29.136	29.186	29.168	
11871	914.01	29.136	29.186	29.168	
11872	914.02	29.136	29.186	29.168	
11873	914.05	29.136	29.186	29.168	
11874	914.14	29.136	29.186	29.168	
11875	914.24	29.136	29.186	29.168	
11876	914.34	29.136	29.186	29.168	
11877	914.44	29.136	29.186	29.168	
11878	914.54	29.137	29.186	29.169	
11879	914.64	29.137	29.187	29.169	
11880	914.74	29.137	29.187	29.169	
11881	914.84	29.137	29.187	29.169	
11882	914.94	29.137	29.187	29.169	
11883	915.	29.137	29.187	29.169	
11884	915.01	29.137	29.187	29.169	
11885	915.02	29.137	29.187	29.169	
11886	915.05	29.137	29.187	29.169	
11887	915.14	29.137	29.187	29.169	
11888	915.24	29.137	29.187	29.169	
11889	915.34	29.137	29.187	29.169	
11890	915.44	29.138	29.187	29.17	
11891	915.54	29.138	29.188	29.17	
11892	915.64	29.138	29.188	29.17	
11893	915.74	29.138	29.188	29.17	
11894	915.84	29.138	29.188	29.17	
11895	915.94	29.138	29.188	29.17	
11896	916.	29.138	29.188	29.17	
11897	916.01	29.138	29.188	29.17	
11898	916.02	29.138	29.188	29.17	
11899	916.05	29.138	29.188	29.17	
11900	916.14	29.138	29.188	29.17	
11901	916.24	29.138	29.188	29.17	
11902	916.34	29.139	29.188	29.171	
11903	916.44	29.139	29.189	29.171	
11904	916.54	29.139	29.189	29.171	
11905	916.64	29.139	29.189	29.171	
11906	916.74	29.139	29.189	29.171	
11907	916.84	29.139	29.189	29.171	
11908	916.94	29.139	29.189	29.171	
11909	917.	29.139	29.189	29.171	
11910	917.01	29.139	29.189	29.171	
11911	917.02	29.139	29.189	29.171	
11912	917.05	29.139	29.189	29.171	
11913	917.14	29.139	29.189	29.171	
11914	917.24	29.14	29.189	29.172	
11915	917.34	29.14	29.19	29.172	
11916	917.44	29.14	29.19	29.172	
11917	917.54	29.14	29.19	29.172	
11918	917.64	29.14	29.19	29.172	
11919	917.74	29.14	29.19	29.172	
11920	917.84	29.14	29.19	29.172	
11921	917.94	29.14	29.19	29.172	
11922	918.	29.14	29.19	29.172	
11923	918.01	29.14	29.19	29.172	
11924	918.02	29.14	29.19	29.172	
11925	918.05	29.14	29.19	29.172	
11926	918.14	29.141	29.19	29.173	
11927	918.24	29.141	29.191	29.173	
11928	918.34	29.141	29.191	29.173	
11929	918.44	29.141	29.191	29.173	
11930	918.54	29.141	29.191	29.173	
11931	918.64	29.141	29.191	29.173	
11932	918.74	29.141	29.191	29.173	
11933	918.84	29.141	29.191	29.173	
11934	918.94	29.141	29.191	29.173	
11935	919.	29.141	29.191	29.174	
11936	919.01	29.141	29.191	29.174	
11937	919.02	29.141	29.191	29.174	
11938	919.05	29.142	29.191	29.174	
11939	919.14	29.142	29.192	29.174	
11940	919.24	29.142	29.192	29.174	
11941	919.34	29.142	29.192	29.174	
11942	919.44	29.142	29.192	29.174	
11943	919.54	29.142	29.192	29.174	
11944	919.64	29.142	29.192	29.174	
11945	919.74	29.142	29.192	29.174	
11946	919.84	29.142	29.192	29.174	
11947	919.94	29.142	29.192	29.175	
11948	920.	29.143	29.193	29.175	
11949	920.01	29.143	29.193	29.175	
11950	920.02	29.143	29.193	29.175	
11951	920.05	29.143	29.193	29.175	
11952	920.14	29.143	29.193	29.175	
11953	920.24	29.143	29.193	29.175	
11954	920.34	29.143	29.193	29.175	
11955	920.44	29.143	29.193	29.175	
11956	920.54	29.143	29.193	29.175	
11957	920.64	29.143	29.193	29.175	
11958	920.74	29.143	29.193	29.175	
11959	920.84	29.143	29.193	29.176	
11960	920.94	29.144	29.194	29.176	
11961	921.	29.144	29.194	29.176	
11962	921.01	29.144	29.194	29.176	
11963	921.02	29.144	29.194	29.176	
11964	921.05	29.144	29.194	29.176	
11965	921.14	29.144	29.194	29.176	
11966	921.24	29.144	29.194	29.176	
11967	921.34	29.144	29.194	29.176	
11968	921.44	29.144	29.194	29.176	
11969	921.54	29.144	29.194	29.176	
11970	921.64	29.144	29.194	29.176	
11971	921.74	29.144	29.194	29.177	
11972	921.84	29.145	29.195	29.177	
11973	921.94	29.145	29.195	29.177	
11974	922.	29.145	29.195	29.177	
11975	922.01	29.145	29.195	29.177	
11976	922.02	29.145	29.195	29.177	
11977	922.05	29.145	29.195	29.177	
11978	922.14	29.145	29.195	29.177	
11979	922.24	29.145	29.195	29.177	
11980	922.34	29.145	29.195	29.177	
11981	922.44	29.145	29.195	29.177	
11982	922.54	29.145	29.195	29.177	
11983	922.64	29.145	29.195	29.178	
11984	922.74	29.146	29.196	29.178	
11985	922.84	29.146	29.196	29.178	
11986	922.94	29.146	29.196	29.178	
11987	923.	29.146	29.196	29.178	
11988	923.01	29.146	29.196	29.178	
11989	923.02	29.146	29.196	29.178	
11990	923.05	29.146	29.196	29.178	
11991	923.14	29.146	29.196	29.178	
11992	923.24	29.146	29.196	29.178	
11993	923.34	29.146	29.196	29.178	
11994	923.44	29.146	29.196	29.178	
11995	923.54	29.146	29.196	29.179	
11996	923.64	29.147	29.197	29.179	
11997	923.74	29.147	29.197	29.179	
11998	923.84	29.147	29.197	29.179	
11999	923.94	29.147	29.197	29.179	
12000	924.	29.147	29.197	29.179	
12001	924.01	29.147	29.197	29.179	
12002	924.02	29.147	29.197	29.179	
12003	924.05	29.147	29.197	29.179	
12004	924.14	29.147	29.197	29.179	
12005	924.24	29.147	29.197	29.179	
12006	924.34	29.147	29.197	29.179	
12007	924.44	29.147	29.197	29.18	
12008	924.54	29.148	29.198	29.18	
12009	924.64	29.148	29.198	29.18	
12010	924.74	29.148	29.198	29.18	
12011	924.84	29.148	29.198	29.18	
12012	924.94	29.148	29.198	29.18	
12013	925.	29.148	29.198	29.18	
12014	925.01	29.148	29.198	29.18	
12015	925.02	29.148	29.198	29.18	
12016	925.05	29.148	29.198	29.18	
12017	925.14	29.148	29.198	29.18	
12018	925.24	29.148	29.198	29.18	
12019	925.34	29.148	29.198	29.181	
12020	925.44	29.149	29.199	29.181	
12021	925.54	29.149	29.199	29.181	
12022	925.64	29.149	29.199	29.181	
12023	925.74	29.149	29.199	29.181	
12024	925.84	29.149	29.199	29.181	
12025	925.94	29.149	29.199	29.181	
12026	926.	29.149	29.199	29.181	
12027	926.01	29.149	29.199	29.181	
12028	926.02	29.149	29.199	29.181	
12029	926.05	29.149	29.199	29.181	
12030	926.14	29.149	29.199	29.181	
12031	926.24	29.149	29.199	29.182	
12032	926.34	29.15	29.2	29.182	
12033	926.44	29.15	29.2	29.182	
12034	926.54	29.15	29.2	29.182	
12035	926.64	29.15	29.2	29.182	
12036	926.74	29.15	29.2	29.182	
12037	926.84	29.15	29.2	29.182	
12038	926.94	29.15	29.2	29.182	
12039	927.	29.15	29.2	29.182	
12040	927.01	29.15	29.2	29.182	
12041	927.02	29.15	29.2	29.182	
12042	927.05	29.15	29.2	29.182	
12043	927.14	29.15	29.2	29.182	
12044	927.24	29.15	29.201	29.183	
12045	927.34	29.151	29.201	29.183	
12046	927.44	29.151	29.201	29.183	
12047	927.54	29.151	29.201	29.183	
12048	927.64	29.151	29.201	29.183	
12049	927.74	29.151	29.201	29.183	
12050	927.84	29.151	29.201	29.183	
12051	927.94	29.151	29.201	29.183	
12052	928.	29.151	29.201	29.183	
12053	928.01	29.151	29.201	29.183	
12054	928.02	29.151	29.201	29.183	
12055	928.05	29.151	29.201	29.184	
12056	928.14	29.151	29.202	29.184	
12057	928.24	29.152	29.202	29.184	
12058	928.34	29.152	29.202	29.184	
12059	928.44	29.152	29.202	29.184	
12060	928.54	29.152	29.202	29.184	
12061	928.64	29.152	29.202	29.184	
12062	928.74	29.152	29.202	29.184	
12063	928.84	29.152	29.202	29.184	
12064	928.94	29.152	29.202	29.184	
12065	929.	29.152	29.202	29.185	
12066	929.01	29.152	29.202	29.185	
12067	929.02	29.152	29.203	29.185	
12068	929.05	29.152	29.203	29.185	
12069	929.14	29.153	29.203	29.185	
12070	929.24	29.153	29.203	29.185	
12071	929.34	29.153	29.203	29.185	
12072	929.44	29.153	29.203	29.185	
12073	929.54	29.153	29.203	29.185	
12074	929.64	29.153	29.203	29.185	
12075	929.74	29.153	29.203	29.185	
12076	929.84	29.153	29.203	29.185	
12077	929.94	29.153	29.204	29.186	
12078	930.	29.154	29.204	29.186	
12079	930.01	29.154	29.204	29.186	
12080	930.02	29.154	29.204	29.186	
12081	930.05	29.154	29.204	29.186	
12082	930.14	29.154	29.204	29.186	
12083	930.24	29.154	29.204	29.186	
12084	930.34	29.154	29.204	29.186	
12085	930.44	29.154	29.204	29.186	
12086	930.54	29.154	29.204	29.186	
12087	930.64	29.154	29.204	29.186	
12088	930.74	29.154	29.204	29.186	
12089	930.84	29.154	29.205	29.187	
12090	930.94	29.155	29.205	29.187	
12091	931.	29.155	29.205	29.187	
12092	931.01	29.155	29.205	29.187	
12093	931.02	29.155	29.205	29.187	
12094	931.05	29.155	29.205	29.187	
12095	931.14	29.155	29.205	29.187	
12096	931.24	29.155	29.205	29.187	
12097	931.34	29.155	29.205	29.187	
12098	931.44	29.155	29.205	29.187	
12099	931.54	29.155	29.205	29.187	
12100	931.64	29.155	29.205	29.187	
12101	931.74	29.155	29.206	29.188	
12102	931.84	29.156	29.206	29.188	
12103	931.94	29.156	29.206	29.188	
12104	932.	29.156	29.206	29.188	
12105	932.01	29.156	29.206	29.188	
12106	932.02	29.156	29.206	29.188	
12107	932.05	29.156	29.206	29.188	
12108	932.14	29.156	29.206	29.188	
12109	932.24	29.156	29.206	29.188	
12110	932.34	29.156	29.206	29.188	
12111	932.44	29.156	29.206	29.188	
12112	932.54	29.156	29.206	29.188	
12113	932.64	29.156	29.207	29.189	
12114	932.74	29.157	29.207	29.189	
12115	932.84	29.157	29.207	29.189	
12116	932.94	29.157	29.207	29.189	
12117	933.	29.157	29.207	29.189	
12118	933.01	29.157	29.207	29.189	
12119	933.02	29.157	29.207	29.189	
12120	933.05	29.157	29.207	29.189	
12121	933.14	29.157	29.207	29.189	
12122	933.24	29.157	29.207	29.189	
12123	933.34	29.157	29.207	29.189	
12124	933.44	29.157	29.207	29.189	
12125	933.54	29.157	29.208	29.19	
12126	933.64	29.158	29.208	29.19	
12127	933.74	29.158	29.208	29.19	
12128	933.84	29.158	29.208	29.19	
12129	933.94	29.158	29.208	29.19	
12130	934.	29.158	29.208	29.19	
12131	934.01	29.158	29.208	29.19	
12132	934.02	29.158	29.208	29.19	
12133	934.05	29.158	29.208	29.19	
12134	934.14	29.158	29.208	29.19	
12135	934.24	29.158	29.208	29.19	
12136	934.34	29.158	29.208	29.19	
12137	934.44	29.158	29.209	29.191	
12138	934.54	29.159	29.209	29.191	
12139	934.64	29.159	29.209	29.191	
12140	934.74	29.159	29.209	29.191	
12141	934.84	29.159	29.209	29.191	
12142	934.94	29.159	29.209	29.191	
12143	935.	29.159	29.209	29.191	
12144	935.01	29.159	29.209	29.191	
12145	935.02	29.159	29.209	29.191	
12146	935.05	29.159	29.209	29.191	
12147	935.14	29.159	29.209	29.191	
12148	935.24	29.159	29.209	29.191	
12149	935.34	29.159	29.21	29.192	
12150	935.44	29.159	29.21	29.192	
12151	935.54	29.16	29.21	29.192	
12152	935.64	29.16	29.21	29.192	
12153	935.74	29.16	29.21	29.192	
12154	935.84	29.16	29.21	29.192	
12155	935.94	29.16	29.21	29.192	
12156	936.	29.16	29.21	29.192	
12157	936.01	29.16	29.21	29.192	
12158	936.02	29.16	29.21	29.192	
12159	936.05	29.16	29.21	29.192	
12160	936.14	29.16	29.21	29.192	
12161	936.24	29.16	29.211	29.193	
12162	936.34	29.16	29.211	29.193	
12163	936.44	29.161	29.211	29.193	
12164	936.54	29.161	29.211	29.193	
12165	936.64	29.161	29.211	29.193	
12166	936.74	29.161	29.211	29.193	
12167	936.84	29.161	29.211	29.193	
12168	936.94	29.161	29.211	29.193	
12169	937.	29.161	29.211	29.193	
12170	937.01	29.161	29.211	29.193	
12171	937.02	29.161	29.211	29.193	
12172	937.05	29.161	29.211	29.193	
12173	937.14	29.161	29.212	29.194	
12174	937.24	29.161	29.212	29.194	
12175	937.34	29.162	29.212	29.194	
12176	937.44	29.162	29.212	29.194	
12177	937.54	29.162	29.212	29.194	
12178	937.64	29.162	29.212	29.194	
12179	937.74	29.162	29.212	29.194	
12180	937.84	29.162	29.212	29.194	
12181	937.94	29.162	29.212	29.194	
12182	938.	29.162	29.212	29.194	
12183	938.01	29.162	29.212	29.195	
12184	938.02	29.162	29.212	29.195	
12185	938.05	29.162	29.213	29.195	
12186	938.14	29.162	29.213	29.195	
12187	938.24	29.163	29.213	29.195	
12188	938.34	29.163	29.213	29.195	
12189	938.44	29.163	29.213	29.195	
12190	938.54	29.163	29.213	29.195	
12191	938.64	29.163	29.213	29.195	
12192	938.74	29.163	29.213	29.195	
12193	938.84	29.163	29.213	29.195	
12194	938.94	29.163	29.213	29.196	
12195	939.	29.163	29.214	29.196	
12196	939.01	29.163	29.214	29.196	
12197	939.02	29.163	29.214	29.196	
12198	939.05	29.163	29.214	29.196	
12199	939.14	29.164	29.214	29.196	
12200	939.24	29.164	29.214	29.196	
12201	939.34	29.164	29.214	29.196	
12202	939.44	29.164	29.214	29.196	
12203	939.54	29.164	29.214	29.196	
12204	939.64	29.164	29.214	29.196	
12205	939.74	29.164	29.214	29.196	
12206	939.84	29.164	29.214	29.197	
12207	939.94	29.164	29.215	29.197	
12208	940.	29.165	29.215	29.197	
12209	940.01	29.165	29.215	29.197	
12210	940.02	29.165	29.215	29.197	
12211	940.05	29.165	29.215	29.197	
12212	940.14	29.165	29.215	29.197	
12213	940.24	29.165	29.215	29.197	
12214	940.34	29.165	29.215	29.197	
12215	940.44	29.165	29.215	29.197	
12216	940.54	29.165	29.215	29.197	
12217	940.64	29.165	29.215	29.197	
12218	940.74	29.165	29.215	29.198	
12219	940.84	29.165	29.216	29.198	
12220	940.94	29.166	29.216	29.198	
12221	941.	29.166	29.216	29.198	
12222	941.01	29.166	29.216	29.198	
12223	941.02	29.166	29.216	29.198	
12224	941.05	29.166	29.216	29.198	
12225	941.14	29.166	29.216	29.198	
12226	941.24	29.166	29.216	29.198	
12227	941.34	29.166	29.216	29.198	
12228	941.44	29.166	29.216	29.198	
12229	941.54	29.166	29.216	29.198	
12230	941.64	29.166	29.216	29.199	
12231	941.74	29.166	29.217	29.199	
12232	941.84	29.167	29.217	29.199	
12233	941.94	29.167	29.217	29.199	
12234	942.	29.167	29.217	29.199	
12235	942.01	29.167	29.217	29.199	
12236	942.02	29.167	29.217	29.199	
12237	942.05	29.167	29.217	29.199	
12238	942.14	29.167	29.217	29.199	
12239	942.24	29.167	29.217	29.199	
12240	942.34	29.167	29.217	29.199	
12241	942.44	29.167	29.217	29.199	
12242	942.54	29.167	29.217	29.2	
12243	942.64	29.167	29.218	29.2	
12244	942.74	29.168	29.218	29.2	
12245	942.84	29.168	29.218	29.2	
12246	942.94	29.168	29.218	29.2	
12247	943.	29.168	29.218	29.2	
12248	943.01	29.168	29.218	29.2	
12249	943.02	29.168	29.218	29.2	
12250	943.05	29.168	29.218	29.2	
12251	943.14	29.168	29.218	29.2	
12252	943.24	29.168	29.218	29.2	
12253	943.34	29.168	29.218	29.2	
12254	943.44	29.168	29.218	29.201	
12255	943.54	29.168	29.219	29.201	
12256	943.64	29.169	29.219	29.201	
12257	943.74	29.169	29.219	29.201	
12258	943.84	29.169	29.219	29.201	
12259	943.94	29.169	29.219	29.201	
12260	944.	29.169	29.219	29.201	
12261	944.01	29.169	29.219	29.201	
12262	944.02	29.169	29.219	29.201	
12263	944.05	29.169	29.219	29.201	
12264	944.14	29.169	29.219	29.201	
12265	944.24	29.169	29.219	29.201	
12266	944.34	29.169	29.219	29.202	
12267	944.44	29.169	29.22	29.202	
12268	944.54	29.169	29.22	29.202	
12269	944.64	29.17	29.22	29.202	
12270	944.74	29.17	29.22	29.202	
12271	944.84	29.17	29.22	29.202	
12272	944.94	29.17	29.22	29.202	
12273	945.	29.17	29.22	29.202	
12274	945.01	29.17	29.22	29.202	
12275	945.02	29.17	29.22	29.202	
12276	945.05	29.17	29.22	29.202	
12277	945.14	29.17	29.22	29.202	
12278	945.24	29.17	29.22	29.203	
12279	945.34	29.17	29.221	29.203	
12280	945.44	29.17	29.221	29.203	
12281	945.54	29.171	29.221	29.203	
12282	945.64	29.171	29.221	29.203	
12283	945.74	29.171	29.221	29.203	
12284	945.84	29.171	29.221	29.203	
12285	945.94	29.171	29.221	29.203	
12286	946.	29.171	29.221	29.203	
12287	946.01	29.171	29.221	29.203	
12288	946.02	29.171	29.221	29.203	
12289	946.05	29.171	29.221	29.203	
12290	946.14	29.171	29.221	29.203	
12291	946.24	29.171	29.222	29.204	
12292	946.34	29.171	29.222	29.204	
12293	946.44	29.172	29.222	29.204	
12294	946.54	29.172	29.222	29.204	
12295	946.64	29.172	29.222	29.204	
12296	946.74	29.172	29.222	29.204	
12297	946.84	29.172	29.222	29.204	
12298	946.94	29.172	29.222	29.204	
12299	947.	29.172	29.222	29.204	
12300	947.01	29.172	29.222	29.204	
12301	947.02	29.172	29.222	29.204	
12302	947.05	29.172	29.222	29.205	
12303	947.14	29.172	29.223	29.205	
12304	947.24	29.172	29.223	29.205	
12305	947.34	29.173	29.223	29.205	
12306	947.44	29.173	29.223	29.205	
12307	947.54	29.173	29.223	29.205	
12308	947.64	29.173	29.223	29.205	
12309	947.74	29.173	29.223	29.205	
12310	947.84	29.173	29.223	29.205	
12311	947.94	29.173	29.223	29.205	
12312	948.	29.173	29.224	29.206	
12313	948.01	29.173	29.224	29.206	
12314	948.02	29.173	29.224	29.206	
12315	948.05	29.173	29.224	29.206	
12316	948.14	29.173	29.224	29.206	
12317	948.24	29.174	29.224	29.206	
12318	948.34	29.174	29.224	29.206	
12319	948.44	29.174	29.224	29.206	
12320	948.54	29.174	29.224	29.206	
12321	948.64	29.174	29.224	29.206	
12322	948.74	29.174	29.224	29.206	
12323	948.84	29.174	29.224	29.206	
12324	948.94	29.174	29.225	29.207	
12325	949.	29.174	29.225	29.207	
12326	949.01	29.174	29.225	29.207	
12327	949.02	29.174	29.225	29.207	
12328	949.05	29.174	29.225	29.207	
12329	949.14	29.175	29.225	29.207	
12330	949.24	29.175	29.225	29.207	
12331	949.34	29.175	29.225	29.207	
12332	949.44	29.175	29.225	29.207	
12333	949.54	29.175	29.225	29.207	
12334	949.64	29.175	29.225	29.207	
12335	949.74	29.175	29.225	29.207	
12336	949.84	29.175	29.226	29.208	
12337	949.94	29.175	29.226	29.208	
12338	950.	29.176	29.226	29.208	
12339	950.01	29.176	29.226	29.208	
12340	950.02	29.176	29.226	29.208	
12341	950.05	29.176	29.226	29.208	
12342	950.14	29.176	29.226	29.208	
12343	950.24	29.176	29.226	29.208	
12344	950.34	29.176	29.226	29.208	
12345	950.44	29.176	29.226	29.208	
12346	950.54	29.176	29.226	29.208	
12347	950.64	29.176	29.226	29.208	
12348	950.74	29.176	29.227	29.209	
12349	950.84	29.176	29.227	29.209	
12350	950.94	29.177	29.227	29.209	
12351	951.	29.177	29.227	29.209	
12352	951.01	29.177	29.227	29.209	
12353	951.02	29.177	29.227	29.209	
12354	951.05	29.177	29.227	29.209	
12355	951.14	29.177	29.227	29.209	
12356	951.24	29.177	29.227	29.209	
12357	951.34	29.177	29.227	29.209	
12358	951.44	29.177	29.227	29.209	
12359	951.54	29.177	29.227	29.209	
12360	951.64	29.177	29.228	29.21	
12361	951.74	29.177	29.228	29.21	
12362	951.84	29.178	29.228	29.21	
12363	951.94	29.178	29.228	29.21	
12364	952.	29.178	29.228	29.21	
12365	952.01	29.178	29.228	29.21	
12366	952.02	29.178	29.228	29.21	
12367	952.05	29.178	29.228	29.21	
12368	952.14	29.178	29.228	29.21	
12369	952.24	29.178	29.228	29.21	
12370	952.34	29.178	29.228	29.21	
12371	952.44	29.178	29.228	29.21	
12372	952.54	29.178	29.229	29.211	
12373	952.64	29.178	29.229	29.211	
12374	952.74	29.179	29.229	29.211	
12375	952.84	29.179	29.229	29.211	
12376	952.94	29.179	29.229	29.211	
12377	953.	29.179	29.229	29.211	
12378	953.01	29.179	29.229	29.211	
12379	953.02	29.179	29.229	29.211	
12380	953.05	29.179	29.229	29.211	
12381	953.14	29.179	29.229	29.211	
12382	953.24	29.179	29.229	29.211	
12383	953.34	29.179	29.229	29.211	
12384	953.44	29.179	29.23	29.212	
12385	953.54	29.179	29.23	29.212	
12386	953.64	29.18	29.23	29.212	
12387	953.74	29.18	29.23	29.212	
12388	953.84	29.18	29.23	29.212	
12389	953.94	29.18	29.23	29.212	
12390	954.	29.18	29.23	29.212	
12391	954.01	29.18	29.23	29.212	
12392	954.02	29.18	29.23	29.212	
12393	954.05	29.18	29.23	29.212	
12394	954.14	29.18	29.23	29.212	
12395	954.24	29.18	29.23	29.212	
12396	954.34	29.18	29.231	29.213	
12397	954.44	29.18	29.231	29.213	
12398	954.54	29.18	29.231	29.213	
12399	954.64	29.181	29.231	29.213	
12400	954.74	29.181	29.231	29.213	
12401	954.84	29.181	29.231	29.213	
12402	954.94	29.181	29.231	29.213	
12403	955.	29.181	29.231	29.213	
12404	955.01	29.181	29.231	29.213	
12405	955.02	29.181	29.231	29.213	
12406	955.05	29.181	29.231	29.213	
12407	955.14	29.181	29.231	29.213	
12408	955.24	29.181	29.232	29.214	
12409	955.34	29.181	29.232	29.214	
12410	955.44	29.181	29.232	29.214	
12411	955.54	29.182	29.232	29.214	
12412	955.64	29.182	29.232	29.214	
12413	955.74	29.182	29.232	29.214	
12414	955.84	29.182	29.232	29.214	
12415	955.94	29.182	29.232	29.214	
12416	956.	29.182	29.232	29.214	
12417	956.01	29.182	29.232	29.214	
12418	956.02	29.182	29.232	29.214	
12419	956.05	29.182	29.232	29.214	
12420	956.14	29.182	29.233	29.215	
12421	956.24	29.182	29.233	29.215	
12422	956.34	29.182	29.233	29.215	
12423	956.44	29.183	29.233	29.215	
12424	956.54	29.183	29.233	29.215	
12425	956.64	29.183	29.233	29.215	
12426	956.74	29.183	29.233	29.215	
12427	956.84	29.183	29.233	29.215	
12428	956.94	29.183	29.233	29.215	
12429	957.	29.183	29.234	29.216	
12430	957.01	29.183	29.234	29.216	
12431	957.02	29.183	29.234	29.216	
12432	957.05	29.183	29.234	29.216	
12433	957.14	29.183	29.234	29.216	
12434	957.24	29.183	29.234	29.216	
12435	957.34	29.184	29.234	29.216	
12436	957.44	29.184	29.234	29.216	
12437	957.54	29.184	29.234	29.216	
12438	957.64	29.184	29.234	29.216	
12439	957.74	29.184	29.234	29.216	
12440	957.84	29.184	29.234	29.216	
12441	957.94	29.184	29.235	29.217	
12442	958.	29.184	29.235	29.217	
12443	958.01	29.184	29.235	29.217	
12444	958.02	29.184	29.235	29.217	
12445	958.05	29.184	29.235	29.217	
12446	958.14	29.184	29.235	29.217	
12447	958.24	29.185	29.235	29.217	
12448	958.34	29.185	29.235	29.217	
12449	958.44	29.185	29.235	29.217	
12450	958.54	29.185	29.235	29.217	
12451	958.64	29.185	29.235	29.217	
12452	958.74	29.185	29.235	29.217	
12453	958.84	29.185	29.236	29.218	
12454	958.94	29.185	29.236	29.218	
12455	959.	29.185	29.236	29.218	
12456	959.01	29.185	29.236	29.218	
12457	959.02	29.185	29.236	29.218	
12458	959.05	29.185	29.236	29.218	
12459	959.14	29.186	29.236	29.218	
12460	959.24	29.186	29.236	29.218	
12461	959.34	29.186	29.236	29.218	
12462	959.44	29.186	29.236	29.218	
12463	959.54	29.186	29.236	29.218	
12464	959.64	29.186	29.236	29.218	
12465	959.74	29.186	29.237	29.219	
12466	959.84	29.186	29.237	29.219	
12467	959.94	29.186	29.237	29.219	
12468	960.	29.187	29.237	29.219	
12469	960.01	29.187	29.237	29.219	
12470	960.02	29.187	29.237	29.219	
12471	960.05	29.187	29.237	29.219	
12472	960.14	29.187	29.237	29.219	
12473	960.24	29.187	29.237	29.219	
12474	960.34	29.187	29.237	29.219	
12475	960.44	29.187	29.237	29.219	
12476	960.54	29.187	29.237	29.219	
12477	960.64	29.187	29.238	29.22	
12478	960.74	29.187	29.238	29.22	
12479	960.84	29.187	29.238	29.22	
12480	960.94	29.188	29.238	29.22	
12481	961.	29.188	29.238	29.22	
12482	961.01	29.188	29.238	29.22	
12483	961.02	29.188	29.238	29.22	
12484	961.05	29.188	29.238	29.22	
12485	961.14	29.188	29.238	29.22	
12486	961.24	29.188	29.238	29.22	
12487	961.34	29.188	29.238	29.22	
12488	961.44	29.188	29.238	29.22	
12489	961.54	29.188	29.239	29.221	
12490	961.64	29.188	29.239	29.221	
12491	961.74	29.188	29.239	29.221	
12492	961.84	29.189	29.239	29.221	
12493	961.94	29.189	29.239	29.221	
12494	962.	29.189	29.239	29.221	
12495	962.01	29.189	29.239	29.221	
12496	962.02	29.189	29.239	29.221	
12497	962.05	29.189	29.239	29.221	
12498	962.14	29.189	29.239	29.221	
12499	962.24	29.189	29.239	29.221	
12500	962.34	29.189	29.239	29.221	
12501	962.44	29.189	29.24	29.222	
12502	962.54	29.189	29.24	29.222	
12503	962.64	29.189	29.24	29.222	
12504	962.74	29.19	29.24	29.222	
12505	962.84	29.19	29.24	29.222	
12506	962.94	29.19	29.24	29.222	
12507	963.	29.19	29.24	29.222	
12508	963.01	29.19	29.24	29.222	
12509	963.02	29.19	29.24	29.222	
12510	963.05	29.19	29.24	29.222	
12511	963.14	29.19	29.24	29.222	
12512	963.24	29.19	29.24	29.222	
12513	963.34	29.19	29.241	29.223	
12514	963.44	29.19	29.241	29.223	
12515	963.54	29.19	29.241	29.223	
12516	963.64	29.191	29.241	29.223	
12517	963.74	29.191	29.241	29.223	
12518	963.84	29.191	29.241	29.223	
12519	963.94	29.191	29.241	29.223	
12520	964.	29.191	29.241	29.223	
12521	964.01	29.191	29.241	29.223	
12522	964.02	29.191	29.241	29.223	
12523	964.05	29.191	29.241	29.223	
12524	964.14	29.191	29.241	29.223	
12525	964.24	29.191	29.242	29.224	
12526	964.34	29.191	29.242	29.224	
12527	964.44	29.191	29.242	29.224	
12528	964.54	29.191	29.242	29.224	
12529	964.64	29.192	29.242	29.224	
12530	964.74	29.192	29.242	29.224	
12531	964.84	29.192	29.242	29.224	
12532	964.94	29.192	29.242	29.224	
12533	965.	29.192	29.242	29.224	
12534	965.01	29.192	29.242	29.224	
12535	965.02	29.192	29.242	29.224	
12536	965.05	29.192	29.242	29.224	
12537	965.14	29.192	29.243	29.225	
12538	965.24	29.192	29.243	29.225	
12539	965.34	29.192	29.243	29.225	
12540	965.44	29.192	29.243	29.225	
12541	965.54	29.193	29.243	29.225	
12542	965.64	29.193	29.243	29.225	
12543	965.74	29.193	29.243	29.225	
12544	965.84	29.193	29.243	29.225	
12545	965.94	29.193	29.243	29.225	
12546	966.	29.193	29.244	29.225	
12547	966.01	29.193	29.244	29.225	
12548	966.02	29.193	29.244	29.226	
12549	966.05	29.193	29.244	29.226	
12550	966.14	29.193	29.244	29.226	
12551	966.24	29.193	29.244	29.226	
12552	966.34	29.193	29.244	29.226	
12553	966.44	29.194	29.244	29.226	
12554	966.54	29.194	29.244	29.226	
12555	966.64	29.194	29.244	29.226	
12556	966.74	29.194	29.244	29.226	
12557	966.84	29.194	29.244	29.226	
12558	966.94	29.194	29.245	29.227	
12559	967.	29.194	29.245	29.227	
12560	967.01	29.194	29.245	29.227	
12561	967.02	29.194	29.245	29.227	
12562	967.05	29.194	29.245	29.227	
12563	967.14	29.194	29.245	29.227	
12564	967.24	29.194	29.245	29.227	
12565	967.34	29.195	29.245	29.227	
12566	967.44	29.195	29.245	29.227	
12567	967.54	29.195	29.245	29.227	
12568	967.64	29.195	29.245	29.227	
12569	967.74	29.195	29.245	29.227	
12570	967.84	29.195	29.246	29.228	
12571	967.94	29.195	29.246	29.228	
12572	968.	29.195	29.246	29.228	
12573	968.01	29.195	29.246	29.228	
12574	968.02	29.195	29.246	29.228	
12575	968.05	29.195	29.246	29.228	
12576	968.14	29.195	29.246	29.228	
12577	968.24	29.196	29.246	29.228	
12578	968.34	29.196	29.246	29.228	
12579	968.44	29.196	29.246	29.228	
12580	968.54	29.196	29.246	29.228	
12581	968.64	29.196	29.246	29.228	
12582	968.74	29.196	29.247	29.229	
12583	968.84	29.196	29.247	29.229	
12584	968.94	29.196	29.247	29.229	
12585	969.	29.196	29.247	29.229	
12586	969.01	29.196	29.247	29.229	
12587	969.02	29.196	29.247	29.229	
12588	969.05	29.196	29.247	29.229	
12589	969.14	29.197	29.247	29.229	
12590	969.24	29.197	29.247	29.229	
12591	969.34	29.197	29.247	29.229	
12592	969.44	29.197	29.247	29.229	
12593	969.54	29.197	29.247	29.229	
12594	969.64	29.197	29.248	29.23	
12595	969.74	29.197	29.248	29.23	
12596	969.84	29.197	29.248	29.23	
12597	969.94	29.197	29.248	29.23	
12598	970.	29.198	29.248	29.23	
12599	970.01	29.198	29.248	29.23	
12600	970.02	29.198	29.248	29.23	
12601	970.05	29.198	29.248	29.23	
12602	970.14	29.198	29.248	29.23	
12603	970.24	29.198	29.248	29.23	
12604	970.34	29.198	29.248	29.23	
12605	970.44	29.198	29.248	29.23	
12606	970.54	29.198	29.249	29.231	
12607	970.64	29.198	29.249	29.231	
12608	970.74	29.198	29.249	29.231	
12609	970.84	29.198	29.249	29.231	
12610	970.94	29.199	29.249	29.231	
12611	971.	29.199	29.249	29.231	
12612	971.01	29.199	29.249	29.231	
12613	971.02	29.199	29.249	29.231	
12614	971.05	29.199	29.249	29.231	
12615	971.14	29.199	29.249	29.231	
12616	971.24	29.199	29.249	29.231	
12617	971.34	29.199	29.249	29.231	
12618	971.44	29.199	29.25	29.232	
12619	971.54	29.199	29.25	29.232	
12620	971.64	29.199	29.25	29.232	
12621	971.74	29.199	29.25	29.232	
12622	971.84	29.2	29.25	29.232	
12623	971.94	29.2	29.25	29.232	
12624	972.	29.2	29.25	29.232	
12625	972.01	29.2	29.25	29.232	
12626	972.02	29.2	29.25	29.232	
12627	972.05	29.2	29.25	29.232	
12628	972.14	29.2	29.25	29.232	
12629	972.24	29.2	29.25	29.232	
12630	972.34	29.2	29.251	29.233	
12631	972.44	29.2	29.251	29.233	
12632	972.54	29.2	29.251	29.233	
12633	972.64	29.2	29.251	29.233	
12634	972.74	29.201	29.251	29.233	
12635	972.84	29.201	29.251	29.233	
12636	972.94	29.201	29.251	29.233	
12637	973.	29.201	29.251	29.233	
12638	973.01	29.201	29.251	29.233	
12639	973.02	29.201	29.251	29.233	
12640	973.05	29.201	29.251	29.233	
12641	973.14	29.201	29.251	29.233	
12642	973.24	29.201	29.252	29.234	
12643	973.34	29.201	29.252	29.234	
12644	973.44	29.201	29.252	29.234	
12645	973.54	29.201	29.252	29.234	
12646	973.64	29.202	29.252	29.234	
12647	973.74	29.202	29.252	29.234	
12648	973.84	29.202	29.252	29.234	
12649	973.94	29.202	29.252	29.234	
12650	974.	29.202	29.252	29.234	
12651	974.01	29.202	29.252	29.234	
12652	974.02	29.202	29.252	29.234	
12653	974.05	29.202	29.252	29.234	
12654	974.14	29.202	29.253	29.234	
12655	974.24	29.202	29.253	29.235	
12656	974.34	29.202	29.253	29.235	
12657	974.44	29.202	29.253	29.235	
12658	974.54	29.203	29.253	29.235	
12659	974.64	29.203	29.253	29.235	
12660	974.74	29.203	29.253	29.235	
12661	974.84	29.203	29.253	29.235	
12662	974.94	29.203	29.253	29.235	
12663	975.	29.203	29.254	29.235	
12664	975.01	29.203	29.254	29.235	
12665	975.02	29.203	29.254	29.235	
12666	975.05	29.203	29.254	29.236	
12667	975.14	29.203	29.254	29.236	
12668	975.24	29.203	29.254	29.236	
12669	975.34	29.203	29.254	29.236	
12670	975.44	29.204	29.254	29.236	
12671	975.54	29.204	29.254	29.236	
12672	975.64	29.204	29.254	29.236	
12673	975.74	29.204	29.254	29.236	
12674	975.84	29.204	29.254	29.236	
12675	975.94	29.204	29.255	29.236	
12676	976.	29.204	29.255	29.237	
12677	976.01	29.204	29.255	29.237	
12678	976.02	29.204	29.255	29.237	
12679	976.05	29.204	29.255	29.237	
12680	976.14	29.204	29.255	29.237	
12681	976.24	29.204	29.255	29.237	
12682	976.34	29.204	29.255	29.237	
12683	976.44	29.205	29.255	29.237	
12684	976.54	29.205	29.255	29.237	
12685	976.64	29.205	29.255	29.237	
12686	976.74	29.205	29.255	29.237	
12687	976.84	29.205	29.256	29.237	
12688	976.94	29.205	29.256	29.238	
12689	977.	29.205	29.256	29.238	
12690	977.01	29.205	29.256	29.238	
12691	977.02	29.205	29.256	29.238	
12692	977.05	29.205	29.256	29.238	
12693	977.14	29.205	29.256	29.238	
12694	977.24	29.205	29.256	29.238	
12695	977.34	29.206	29.256	29.238	
12696	977.44	29.206	29.256	29.238	
12697	977.54	29.206	29.256	29.238	
12698	977.64	29.206	29.256	29.238	
12699	977.74	29.206	29.257	29.238	
12700	977.84	29.206	29.257	29.239	
12701	977.94	29.206	29.257	29.239	
12702	978.	29.206	29.257	29.239	
12703	978.01	29.206	29.257	29.239	
12704	978.02	29.206	29.257	29.239	
12705	978.05	29.206	29.257	29.239	
12706	978.14	29.206	29.257	29.239	
12707	978.24	29.207	29.257	29.239	
12708	978.34	29.207	29.257	29.239	
12709	978.44	29.207	29.257	29.239	
12710	978.54	29.207	29.257	29.239	
12711	978.64	29.207	29.258	29.239	
12712	978.74	29.207	29.258	29.24	
12713	978.84	29.207	29.258	29.24	
12714	978.94	29.207	29.258	29.24	
12715	979.	29.207	29.258	29.24	
12716	979.01	29.207	29.258	29.24	
12717	979.02	29.207	29.258	29.24	
12718	979.05	29.207	29.258	29.24	
12719	979.14	29.208	29.258	29.24	
12720	979.24	29.208	29.258	29.24	
12721	979.34	29.208	29.258	29.24	
12722	979.44	29.208	29.258	29.24	
12723	979.54	29.208	29.259	29.24	
12724	979.64	29.208	29.259	29.241	
12725	979.74	29.208	29.259	29.241	
12726	979.84	29.208	29.259	29.241	
12727	979.94	29.208	29.259	29.241	
12728	980.	29.209	29.259	29.241	
12729	980.01	29.209	29.259	29.241	
12730	980.02	29.209	29.259	29.241	
12731	980.05	29.209	29.259	29.241	
12732	980.14	29.209	29.259	29.241	
12733	980.24	29.209	29.259	29.241	
12734	980.34	29.209	29.259	29.241	
12735	980.44	29.209	29.26	29.241	
12736	980.54	29.209	29.26	29.242	
12737	980.64	29.209	29.26	29.242	
12738	980.74	29.209	29.26	29.242	
12739	980.84	29.209	29.26	29.242	
12740	980.94	29.21	29.26	29.242	
12741	981.	29.21	29.26	29.242	
12742	981.01	29.21	29.26	29.242	
12743	981.02	29.21	29.26	29.242	
12744	981.05	29.21	29.26	29.242	
12745	981.14	29.21	29.26	29.242	
12746	981.24	29.21	29.26	29.242	
12747	981.34	29.21	29.261	29.242	
12748	981.44	29.21	29.261	29.243	
12749	981.54	29.21	29.261	29.243	
12750	981.64	29.21	29.261	29.243	
12751	981.74	29.21	29.261	29.243	
12752	981.84	29.211	29.261	29.243	
12753	981.94	29.211	29.261	29.243	
12754	982.	29.211	29.261	29.243	
12755	982.01	29.211	29.261	29.243	
12756	982.02	29.211	29.261	29.243	
12757	982.05	29.211	29.261	29.243	
12758	982.14	29.211	29.261	29.243	
12759	982.24	29.211	29.262	29.243	
12760	982.34	29.211	29.262	29.244	
12761	982.44	29.211	29.262	29.244	
12762	982.54	29.211	29.262	29.244	
12763	982.64	29.211	29.262	29.244	
12764	982.74	29.212	29.262	29.244	
12765	982.84	29.212	29.262	29.244	
12766	982.94	29.212	29.262	29.244	
12767	983.	29.212	29.262	29.244	
12768	983.01	29.212	29.262	29.244	
12769	983.02	29.212	29.262	29.244	
12770	983.05	29.212	29.262	29.244	
12771	983.14	29.212	29.263	29.244	
12772	983.24	29.212	29.263	29.245	
12773	983.34	29.212	29.263	29.245	
12774	983.44	29.212	29.263	29.245	
12775	983.54	29.212	29.263	29.245	
12776	983.64	29.213	29.263	29.245	
12777	983.74	29.213	29.263	29.245	
12778	983.84	29.213	29.263	29.245	
12779	983.94	29.213	29.263	29.245	
12780	984.	29.213	29.264	29.245	
12781	984.01	29.213	29.264	29.245	
12782	984.02	29.213	29.264	29.245	
12783	984.05	29.213	29.264	29.245	
12784	984.14	29.213	29.264	29.246	
12785	984.24	29.213	29.264	29.246	
12786	984.34	29.213	29.264	29.246	
12787	984.44	29.213	29.264	29.246	
12788	984.54	29.214	29.264	29.246	
12789	984.64	29.214	29.264	29.246	
12790	984.74	29.214	29.264	29.246	
12791	984.84	29.214	29.264	29.246	
12792	984.94	29.214	29.265	29.246	
12793	985.	29.214	29.265	29.247	
12794	985.01	29.214	29.265	29.247	
12795	985.02	29.214	29.265	29.247	
12796	985.05	29.214	29.265	29.247	
12797	985.14	29.214	29.265	29.247	
12798	985.24	29.214	29.265	29.247	
12799	985.34	29.214	29.265	29.247	
12800	985.44	29.215	29.265	29.247	
12801	985.54	29.215	29.265	29.247	
12802	985.64	29.215	29.265	29.247	
12803	985.74	29.215	29.265	29.247	
12804	985.84	29.215	29.266	29.247	
12805	985.94	29.215	29.266	29.248	
12806	986.	29.215	29.266	29.248	
12807	986.01	29.215	29.266	29.248	
12808	986.02	29.215	29.266	29.248	
12809	986.05	29.215	29.266	29.248	
12810	986.14	29.215	29.266	29.248	
12811	986.24	29.215	29.266	29.248	
12812	986.34	29.216	29.266	29.248	
12813	986.44	29.216	29.266	29.248	
12814	986.54	29.216	29.266	29.248	
12815	986.64	29.216	29.266	29.248	
12816	986.74	29.216	29.267	29.248	
12817	986.84	29.216	29.267	29.249	
12818	986.94	29.216	29.267	29.249	
12819	987.	29.216	29.267	29.249	
12820	987.01	29.216	29.267	29.249	
12821	987.02	29.216	29.267	29.249	
12822	987.05	29.216	29.267	29.249	
12823	987.14	29.216	29.267	29.249	
12824	987.24	29.217	29.267	29.249	
12825	987.34	29.217	29.267	29.249	
12826	987.44	29.217	29.267	29.249	
12827	987.54	29.217	29.267	29.249	
12828	987.64	29.217	29.268	29.249	
12829	987.74	29.217	29.268	29.25	
12830	987.84	29.217	29.268	29.25	
12831	987.94	29.217	29.268	29.25	
12832	988.	29.217	29.268	29.25	
12833	988.01	29.217	29.268	29.25	
12834	988.02	29.217	29.268	29.25	
12835	988.05	29.217	29.268	29.25	
12836	988.14	29.218	29.268	29.25	
12837	988.24	29.218	29.268	29.25	
12838	988.34	29.218	29.268	29.25	
12839	988.44	29.218	29.268	29.25	
12840	988.54	29.218	29.269	29.25	
12841	988.64	29.218	29.269	29.251	
12842	988.74	29.218	29.269	29.251	
12843	988.84	29.218	29.269	29.251	
12844	988.94	29.218	29.269	29.251	
12845	989.	29.218	29.269	29.251	
12846	989.01	29.218	29.269	29.251	
12847	989.02	29.218	29.269	29.251	
12848	989.05	29.219	29.269	29.251	
12849	989.14	29.219	29.269	29.251	
12850	989.24	29.219	29.269	29.251	
12851	989.34	29.219	29.269	29.251	
12852	989.44	29.219	29.27	29.251	
12853	989.54	29.219	29.27	29.252	
12854	989.64	29.219	29.27	29.252	
12855	989.74	29.219	29.27	29.252	
12856	989.84	29.219	29.27	29.252	
12857	989.94	29.219	29.27	29.252	
12858	990.	29.22	29.27	29.252	
12859	990.01	29.22	29.27	29.252	
12860	990.02	29.22	29.27	29.252	
12861	990.05	29.22	29.27	29.252	
12862	990.14	29.22	29.27	29.252	
12863	990.24	29.22	29.27	29.252	
12864	990.34	29.22	29.271	29.252	
12865	990.44	29.22	29.271	29.253	
12866	990.54	29.22	29.271	29.253	
12867	990.64	29.22	29.271	29.253	
12868	990.74	29.22	29.271	29.253	
12869	990.84	29.22	29.271	29.253	
12870	990.94	29.221	29.271	29.253	
12871	991.	29.221	29.271	29.253	
12872	991.01	29.221	29.271	29.253	
12873	991.02	29.221	29.271	29.253	
12874	991.05	29.221	29.271	29.253	
12875	991.14	29.221	29.271	29.253	
12876	991.24	29.221	29.272	29.253	
12877	991.34	29.221	29.272	29.254	
12878	991.44	29.221	29.272	29.254	
12879	991.54	29.221	29.272	29.254	
12880	991.64	29.221	29.272	29.254	
12881	991.74	29.221	29.272	29.254	
12882	991.84	29.222	29.272	29.254	
12883	991.94	29.222	29.272	29.254	
12884	992.	29.222	29.272	29.254	
12885	992.01	29.222	29.272	29.254	
12886	992.02	29.222	29.272	29.254	
12887	992.05	29.222	29.273	29.254	
12888	992.14	29.222	29.273	29.254	
12889	992.24	29.222	29.273	29.255	
12890	992.34	29.222	29.273	29.255	
12891	992.44	29.222	29.273	29.255	
12892	992.54	29.222	29.273	29.255	
12893	992.64	29.222	29.273	29.255	
12894	992.74	29.223	29.273	29.255	
12895	992.84	29.223	29.273	29.255	
12896	992.94	29.223	29.273	29.255	
12897	993.	29.223	29.274	29.255	
12898	993.01	29.223	29.274	29.255	
12899	993.02	29.223	29.274	29.255	
12900	993.05	29.223	29.274	29.255	
12901	993.14	29.223	29.274	29.256	
12902	993.24	29.223	29.274	29.256	
12903	993.34	29.223	29.274	29.256	
12904	993.44	29.223	29.274	29.256	
12905	993.54	29.223	29.274	29.256	
12906	993.64	29.224	29.274	29.256	
12907	993.74	29.224	29.274	29.256	
12908	993.84	29.224	29.274	29.256	
12909	993.94	29.224	29.275	29.256	
12910	994.	29.224	29.275	29.257	
12911	994.01	29.224	29.275	29.257	
12912	994.02	29.224	29.275	29.257	
12913	994.05	29.224	29.275	29.257	
12914	994.14	29.224	29.275	29.257	
12915	994.24	29.224	29.275	29.257	
12916	994.34	29.224	29.275	29.257	
12917	994.44	29.224	29.275	29.257	
12918	994.54	29.225	29.275	29.257	
12919	994.64	29.225	29.275	29.257	
12920	994.74	29.225	29.276	29.257	
12921	994.84	29.225	29.276	29.257	
12922	994.94	29.225	29.276	29.258	
12923	995.	29.225	29.276	29.258	
12924	995.01	29.225	29.276	29.258	
12925	995.02	29.225	29.276	29.258	
12926	995.05	29.225	29.276	29.258	
12927	995.14	29.225	29.276	29.258	
12928	995.24	29.225	29.276	29.258	
12929	995.34	29.225	29.276	29.258	
12930	995.44	29.226	29.276	29.258	
12931	995.54	29.226	29.276	29.258	
12932	995.64	29.226	29.277	29.258	
12933	995.74	29.226	29.277	29.258	
12934	995.84	29.226	29.277	29.259	
12935	995.94	29.226	29.277	29.259	
12936	996.	29.226	29.277	29.259	
12937	996.01	29.226	29.277	29.259	
12938	996.02	29.226	29.277	29.259	
12939	996.05	29.226	29.277	29.259	
12940	996.14	29.226	29.277	29.259	
12941	996.24	29.226	29.277	29.259	
12942	996.34	29.227	29.277	29.259	
12943	996.44	29.227	29.277	29.259	
12944	996.54	29.227	29.278	29.259	
12945	996.64	29.227	29.278	29.259	
12946	996.74	29.227	29.278	29.26	
12947	996.84	29.227	29.278	29.26	
12948	996.94	29.227	29.278	29.26	
12949	997.	29.227	29.278	29.26	
12950	997.01	29.227	29.278	29.26	
12951	997.02	29.227	29.278	29.26	
12952	997.05	29.227	29.278	29.26	
12953	997.14	29.227	29.278	29.26	
12954	997.24	29.228	29.278	29.26	
12955	997.34	29.228	29.278	29.26	
12956	997.44	29.228	29.279	29.26	
12957	997.54	29.228	29.279	29.26	
12958	997.64	29.228	29.279	29.261	
12959	997.74	29.228	29.279	29.261	
12960	997.84	29.228	29.279	29.261	
12961	997.94	29.228	29.279	29.261	
12962	998.	29.228	29.279	29.261	
12963	998.01	29.228	29.279	29.261	
12964	998.02	29.228	29.279	29.261	
12965	998.05	29.228	29.279	29.261	
12966	998.14	29.229	29.279	29.261	
12967	998.24	29.229	29.279	29.261	
12968	998.34	29.229	29.28	29.261	
12969	998.44	29.229	29.28	29.261	
12970	998.54	29.229	29.28	29.262	
12971	998.64	29.229	29.28	29.262	
12972	998.74	29.229	29.28	29.262	
12973	998.84	29.229	29.28	29.262	
12974	998.94	29.229	29.28	29.262	
12975	999.	29.229	29.28	29.262	
12976	999.01	29.229	29.28	29.262	
12977	999.02	29.23	29.28	29.262	
12978	999.05	29.23	29.28	29.262	
12979	999.14	29.23	29.28	29.262	
12980	999.24	29.23	29.281	29.262	
12981	999.34	29.23	29.281	29.262	
12982	999.44	29.23	29.281	29.263	
12983	999.54	29.23	29.281	29.263	
12984	999.64	29.23	29.281	29.263	
12985	999.74	29.23	29.281	29.263	
12986	999.84	29.23	29.281	29.263	
12987	999.94	29.231	29.281	29.263	
12988	1000.	29.231	29.281	29.263	
12989	1000.	29.231	29.281	29.263	
12990	1000.	29.231	29.281	29.263	
12991	1000.	29.231	29.281	29.263	
12992	1000.1	29.231	29.282	29.263	
12993	1000.2	29.231	29.282	29.263	
12994	1000.3	29.231	29.282	29.264	
12995	1000.4	29.231	29.282	29.264	
12996	1000.5	29.231	29.282	29.264	
12997	1000.6	29.231	29.282	29.264	
12998	1000.7	29.231	29.282	29.264	
12999	1000.8	29.232	29.282	29.264	
13000	1000.9	29.232	29.282	29.264	
13001	1001.	29.232	29.282	29.264	
13002	1001.	29.232	29.282	29.264	
13003	1001.	29.232	29.282	29.264	
13004	1001.	29.232	29.283	29.264	
13005	1001.1	29.232	29.283	29.264	
13006	1001.2	29.232	29.283	29.265	
13007	1001.3	29.232	29.283	29.265	
13008	1001.4	29.232	29.283	29.265	
13009	1001.5	29.232	29.283	29.265	
13010	1001.6	29.232	29.283	29.265	
13011	1001.7	29.233	29.283	29.265	
13012	1001.8	29.233	29.283	29.265	
13013	1001.9	29.233	29.284	29.265	
13014	1002.	29.233	29.284	29.265	
13015	1002.	29.233	29.284	29.265	
13016	1002.	29.233	29.284	29.265	
13017	1002.	29.233	29.284	29.265	
13018	1002.1	29.233	29.284	29.266	
13019	1002.2	29.233	29.284	29.266	
13020	1002.3	29.233	29.284	29.266	
13021	1002.4	29.233	29.284	29.266	
13022	1002.5	29.233	29.284	29.266	
13023	1002.6	29.233	29.284	29.266	
13024	1002.7	29.234	29.284	29.266	
13025	1002.8	29.234	29.285	29.266	
13026	1002.9	29.234	29.285	29.266	
13027	1003.	29.234	29.285	29.267	
13028	1003.	29.234	29.285	29.267	
13029	1003.	29.234	29.285	29.267	
13030	1003.	29.234	29.285	29.267	
13031	1003.1	29.234	29.285	29.267	
13032	1003.2	29.234	29.285	29.267	
13033	1003.3	29.234	29.285	29.267	
13034	1003.4	29.234	29.285	29.267	
13035	1003.5	29.234	29.285	29.267	
13036	1003.6	29.235	29.285	29.267	
13037	1003.7	29.235	29.286	29.267	
13038	1003.8	29.235	29.286	29.267	
13039	1003.9	29.235	29.286	29.268	
13040	1004.	29.235	29.286	29.268	
13041	1004.	29.235	29.286	29.268	
13042	1004.	29.235	29.286	29.268	
13043	1004.	29.235	29.286	29.268	
13044	1004.1	29.235	29.286	29.268	
13045	1004.2	29.235	29.286	29.268	
13046	1004.3	29.235	29.286	29.268	
13047	1004.4	29.235	29.286	29.268	
13048	1004.5	29.236	29.286	29.268	
13049	1004.6	29.236	29.287	29.268	
13050	1004.7	29.236	29.287	29.268	
13051	1004.8	29.236	29.287	29.269	
13052	1004.9	29.236	29.287	29.269	
13053	1005.	29.236	29.287	29.269	
13054	1005.	29.236	29.287	29.269	
13055	1005.	29.236	29.287	29.269	
13056	1005.	29.236	29.287	29.269	
13057	1005.1	29.236	29.287	29.269	
13058	1005.2	29.236	29.287	29.269	
13059	1005.3	29.236	29.287	29.269	
13060	1005.4	29.237	29.287	29.269	
13061	1005.5	29.237	29.288	29.269	
13062	1005.6	29.237	29.288	29.269	
13063	1005.7	29.237	29.288	29.27	
13064	1005.8	29.237	29.288	29.27	
13065	1005.9	29.237	29.288	29.27	
13066	1006.	29.237	29.288	29.27	
13067	1006.	29.237	29.288	29.27	
13068	1006.	29.237	29.288	29.27	
13069	1006.	29.237	29.288	29.27	
13070	1006.1	29.237	29.288	29.27	
13071	1006.2	29.237	29.288	29.27	
13072	1006.3	29.238	29.288	29.27	
13073	1006.4	29.238	29.289	29.27	
13074	1006.5	29.238	29.289	29.27	
13075	1006.6	29.238	29.289	29.271	
13076	1006.7	29.238	29.289	29.271	
13077	1006.8	29.238	29.289	29.271	
13078	1006.9	29.238	29.289	29.271	
13079	1007.	29.238	29.289	29.271	
13080	1007.	29.238	29.289	29.271	
13081	1007.	29.238	29.289	29.271	
13082	1007.	29.238	29.289	29.271	
13083	1007.1	29.238	29.289	29.271	
13084	1007.2	29.239	29.289	29.271	
13085	1007.3	29.239	29.29	29.271	
13086	1007.4	29.239	29.29	29.271	
13087	1007.5	29.239	29.29	29.272	
13088	1007.6	29.239	29.29	29.272	
13089	1007.7	29.239	29.29	29.272	
13090	1007.8	29.239	29.29	29.272	
13091	1007.9	29.239	29.29	29.272	
13092	1008.	29.239	29.29	29.272	
13093	1008.	29.239	29.29	29.272	
13094	1008.	29.239	29.29	29.272	
13095	1008.	29.239	29.29	29.272	
13096	1008.1	29.24	29.29	29.272	
13097	1008.2	29.24	29.291	29.272	
13098	1008.3	29.24	29.291	29.272	
13099	1008.4	29.24	29.291	29.273	
13100	1008.5	29.24	29.291	29.273	
13101	1008.6	29.24	29.291	29.273	
13102	1008.7	29.24	29.291	29.273	
13103	1008.8	29.24	29.291	29.273	
13104	1008.9	29.24	29.291	29.273	
13105	1009.	29.241	29.291	29.273	
13106	1009.	29.241	29.291	29.273	
13107	1009.	29.241	29.291	29.273	
13108	1009.	29.241	29.291	29.273	
13109	1009.1	29.241	29.292	29.273	
13110	1009.2	29.241	29.292	29.273	
13111	1009.3	29.241	29.292	29.274	
13112	1009.4	29.241	29.292	29.274	
13113	1009.5	29.241	29.292	29.274	
13114	1009.6	29.241	29.292	29.274	
13115	1009.7	29.241	29.292	29.274	
13116	1009.8	29.241	29.292	29.274	
13117	1009.9	29.242	29.292	29.274	
13118	1010.	29.242	29.293	29.274	
13119	1010.	29.242	29.293	29.274	
13120	1010.	29.242	29.293	29.274	
13121	1010.	29.242	29.293	29.274	
13122	1010.1	29.242	29.293	29.274	
13123	1010.2	29.242	29.293	29.275	
13124	1010.3	29.242	29.293	29.275	
13125	1010.4	29.242	29.293	29.275	
13126	1010.5	29.242	29.293	29.275	
13127	1010.6	29.242	29.293	29.275	
13128	1010.7	29.242	29.293	29.275	
13129	1010.8	29.243	29.293	29.275	
13130	1010.9	29.243	29.294	29.275	
13131	1011.	29.243	29.294	29.275	
13132	1011.	29.243	29.294	29.275	
13133	1011.	29.243	29.294	29.275	
13134	1011.	29.243	29.294	29.275	
13135	1011.1	29.243	29.294	29.276	
13136	1011.2	29.243	29.294	29.276	
13137	1011.3	29.243	29.294	29.276	
13138	1011.4	29.243	29.294	29.276	
13139	1011.5	29.243	29.294	29.276	
13140	1011.6	29.243	29.294	29.276	
13141	1011.7	29.244	29.294	29.276	
13142	1011.8	29.244	29.295	29.276	
13143	1011.9	29.244	29.295	29.276	
13144	1012.	29.244	29.295	29.277	
13145	1012.	29.244	29.295	29.277	
13146	1012.	29.244	29.295	29.277	
13147	1012.	29.244	29.295	29.277	
13148	1012.1	29.244	29.295	29.277	
13149	1012.2	29.244	29.295	29.277	
13150	1012.3	29.244	29.295	29.277	
13151	1012.4	29.244	29.295	29.277	
13152	1012.5	29.244	29.295	29.277	
13153	1012.6	29.245	29.295	29.277	
13154	1012.7	29.245	29.296	29.277	
13155	1012.8	29.245	29.296	29.277	
13156	1012.9	29.245	29.296	29.278	
13157	1013.	29.245	29.296	29.278	
13158	1013.	29.245	29.296	29.278	
13159	1013.	29.245	29.296	29.278	
13160	1013.	29.245	29.296	29.278	
13161	1013.1	29.245	29.296	29.278	
13162	1013.2	29.245	29.296	29.278	
13163	1013.3	29.245	29.296	29.278	
13164	1013.4	29.245	29.296	29.278	
13165	1013.5	29.246	29.296	29.278	
13166	1013.6	29.246	29.297	29.278	
13167	1013.7	29.246	29.297	29.278	
13168	1013.8	29.246	29.297	29.279	
13169	1013.9	29.246	29.297	29.279	
13170	1014.	29.246	29.297	29.279	
13171	1014.	29.246	29.297	29.279	
13172	1014.	29.246	29.297	29.279	
13173	1014.	29.246	29.297	29.279	
13174	1014.1	29.246	29.297	29.279	
13175	1014.2	29.246	29.297	29.279	
13176	1014.3	29.246	29.297	29.279	
13177	1014.4	29.247	29.297	29.279	
13178	1014.5	29.247	29.298	29.279	
13179	1014.6	29.247	29.298	29.279	
13180	1014.7	29.247	29.298	29.28	
13181	1014.8	29.247	29.298	29.28	
13182	1014.9	29.247	29.298	29.28	
13183	1015.	29.247	29.298	29.28	
13184	1015.	29.247	29.298	29.28	
13185	1015.	29.247	29.298	29.28	
13186	1015.	29.247	29.298	29.28	
13187	1015.1	29.247	29.298	29.28	
13188	1015.2	29.247	29.298	29.28	
13189	1015.3	29.248	29.298	29.28	
13190	1015.4	29.248	29.299	29.28	
13191	1015.5	29.248	29.299	29.28	
13192	1015.6	29.248	29.299	29.281	
13193	1015.7	29.248	29.299	29.281	
13194	1015.8	29.248	29.299	29.281	
13195	1015.9	29.248	29.299	29.281	
13196	1016.	29.248	29.299	29.281	
13197	1016.	29.248	29.299	29.281	
13198	1016.	29.248	29.299	29.281	
13199	1016.	29.248	29.299	29.281	
13200	1016.1	29.248	29.299	29.281	
13201	1016.2	29.249	29.299	29.281	
13202	1016.3	29.249	29.3	29.281	
13203	1016.4	29.249	29.3	29.281	
13204	1016.5	29.249	29.3	29.282	
13205	1016.6	29.249	29.3	29.282	
13206	1016.7	29.249	29.3	29.282	
13207	1016.8	29.249	29.3	29.282	
13208	1016.9	29.249	29.3	29.282	
13209	1017.	29.249	29.3	29.282	
13210	1017.	29.249	29.3	29.282	
13211	1017.	29.249	29.3	29.282	
13212	1017.	29.249	29.3	29.282	
13213	1017.1	29.25	29.3	29.282	
13214	1017.2	29.25	29.301	29.282	
13215	1017.3	29.25	29.301	29.282	
13216	1017.4	29.25	29.301	29.283	
13217	1017.5	29.25	29.301	29.283	
13218	1017.6	29.25	29.301	29.283	
13219	1017.7	29.25	29.301	29.283	
13220	1017.8	29.25	29.301	29.283	
13221	1017.9	29.25	29.301	29.283	
13222	1018.	29.25	29.301	29.283	
13223	1018.	29.25	29.301	29.283	
13224	1018.	29.25	29.301	29.283	
13225	1018.	29.251	29.301	29.283	
13226	1018.1	29.251	29.302	29.283	
13227	1018.2	29.251	29.302	29.283	
13228	1018.3	29.251	29.302	29.284	
13229	1018.4	29.251	29.302	29.284	
13230	1018.5	29.251	29.302	29.284	
13231	1018.6	29.251	29.302	29.284	
13232	1018.7	29.251	29.302	29.284	
13233	1018.8	29.251	29.302	29.284	
13234	1018.9	29.252	29.302	29.284	
13235	1019.	29.252	29.303	29.284	
13236	1019.	29.252	29.303	29.284	
13237	1019.	29.252	29.303	29.284	
13238	1019.	29.252	29.303	29.284	
13239	1019.1	29.252	29.303	29.284	
13240	1019.2	29.252	29.303	29.285	
13241	1019.3	29.252	29.303	29.285	
13242	1019.4	29.252	29.303	29.285	
13243	1019.5	29.252	29.303	29.285	
13244	1019.6	29.252	29.303	29.285	
13245	1019.7	29.252	29.303	29.285	
13246	1019.8	29.252	29.303	29.285	
13247	1019.9	29.253	29.304	29.285	
13248	1020.	29.253	29.304	29.285	
13249	1020.	29.253	29.304	29.285	
13250	1020.	29.253	29.304	29.285	
13251	1020.	29.253	29.304	29.285	
13252	1020.1	29.253	29.304	29.286	
13253	1020.2	29.253	29.304	29.286	
13254	1020.3	29.253	29.304	29.286	
13255	1020.4	29.253	29.304	29.286	
13256	1020.5	29.253	29.304	29.286	
13257	1020.6	29.253	29.304	29.286	
13258	1020.7	29.253	29.304	29.286	
13259	1020.8	29.254	29.305	29.286	
13260	1020.9	29.254	29.305	29.286	
13261	1021.	29.254	29.305	29.287	
13262	1021.	29.254	29.305	29.287	
13263	1021.	29.254	29.305	29.287	
13264	1021.	29.254	29.305	29.287	
13265	1021.1	29.254	29.305	29.287	
13266	1021.2	29.254	29.305	29.287	
13267	1021.3	29.254	29.305	29.287	
13268	1021.4	29.254	29.305	29.287	
13269	1021.5	29.254	29.305	29.287	
13270	1021.6	29.254	29.305	29.287	
13271	1021.7	29.255	29.306	29.287	
13272	1021.8	29.255	29.306	29.287	
13273	1021.9	29.255	29.306	29.288	
13274	1022.	29.255	29.306	29.288	
13275	1022.	29.255	29.306	29.288	
13276	1022.	29.255	29.306	29.288	
13277	1022.	29.255	29.306	29.288	
13278	1022.1	29.255	29.306	29.288	
13279	1022.2	29.255	29.306	29.288	
13280	1022.3	29.255	29.306	29.288	
13281	1022.4	29.255	29.306	29.288	
13282	1022.5	29.255	29.306	29.288	
13283	1022.6	29.256	29.307	29.288	
13284	1022.7	29.256	29.307	29.288	
13285	1022.8	29.256	29.307	29.289	
13286	1022.9	29.256	29.307	29.289	
13287	1023.	29.256	29.307	29.289	
13288	1023.	29.256	29.307	29.289	
13289	1023.	29.256	29.307	29.289	
13290	1023.	29.256	29.307	29.289	
13291	1023.1	29.256	29.307	29.289	
13292	1023.2	29.256	29.307	29.289	
13293	1023.3	29.256	29.307	29.289	
13294	1023.4	29.256	29.307	29.289	
13295	1023.5	29.257	29.308	29.289	
13296	1023.6	29.257	29.308	29.289	
13297	1023.7	29.257	29.308	29.29	
13298	1023.8	29.257	29.308	29.29	
13299	1023.9	29.257	29.308	29.29	
13300	1024.	29.257	29.308	29.29	
13301	1024.	29.257	29.308	29.29	
13302	1024.	29.257	29.308	29.29	
13303	1024.	29.257	29.308	29.29	
13304	1024.1	29.257	29.308	29.29	
13305	1024.2	29.257	29.308	29.29	
13306	1024.3	29.257	29.308	29.29	
13307	1024.4	29.258	29.309	29.29	
13308	1024.5	29.258	29.309	29.29	
13309	1024.6	29.258	29.309	29.291	
13310	1024.7	29.258	29.309	29.291	
13311	1024.8	29.258	29.309	29.291	
13312	1024.9	29.258	29.309	29.291	
13313	1025.	29.258	29.309	29.291	
13314	1025.	29.258	29.309	29.291	
13315	1025.	29.258	29.309	29.291	
13316	1025.	29.258	29.309	29.291	
13317	1025.1	29.258	29.309	29.291	
13318	1025.2	29.258	29.309	29.291	
13319	1025.3	29.259	29.31	29.291	
13320	1025.4	29.259	29.31	29.291	
13321	1025.5	29.259	29.31	29.292	
13322	1025.6	29.259	29.31	29.292	
13323	1025.7	29.259	29.31	29.292	
13324	1025.8	29.259	29.31	29.292	
13325	1025.9	29.259	29.31	29.292	
13326	1026.	29.259	29.31	29.292	
13327	1026.	29.259	29.31	29.292	
13328	1026.	29.259	29.31	29.292	
13329	1026.	29.259	29.31	29.292	
13330	1026.1	29.259	29.311	29.292	
13331	1026.2	29.26	29.311	29.292	
13332	1026.3	29.26	29.311	29.292	
13333	1026.4	29.26	29.311	29.293	
13334	1026.5	29.26	29.311	29.293	
13335	1026.6	29.26	29.311	29.293	
13336	1026.7	29.26	29.311	29.293	
13337	1026.8	29.26	29.311	29.293	
13338	1026.9	29.26	29.311	29.293	
13339	1027.	29.26	29.311	29.293	
13340	1027.	29.26	29.311	29.293	
13341	1027.	29.26	29.311	29.293	
13342	1027.	29.26	29.312	29.293	
13343	1027.1	29.261	29.312	29.293	
13344	1027.2	29.261	29.312	29.293	
13345	1027.3	29.261	29.312	29.294	
13346	1027.4	29.261	29.312	29.294	
13347	1027.5	29.261	29.312	29.294	
13348	1027.6	29.261	29.312	29.294	
13349	1027.7	29.261	29.312	29.294	
13350	1027.8	29.261	29.312	29.294	
13351	1027.9	29.261	29.313	29.294	
13352	1028.	29.262	29.313	29.294	
13353	1028.	29.262	29.313	29.294	
13354	1028.	29.262	29.313	29.294	
13355	1028.	29.262	29.313	29.294	
13356	1028.1	29.262	29.313	29.294	
13357	1028.2	29.262	29.313	29.295	
13358	1028.3	29.262	29.313	29.295	
13359	1028.4	29.262	29.313	29.295	
13360	1028.5	29.262	29.313	29.295	
13361	1028.6	29.262	29.313	29.295	
13362	1028.7	29.262	29.313	29.295	
13363	1028.8	29.262	29.314	29.295	
13364	1028.9	29.263	29.314	29.295	
13365	1029.	29.263	29.314	29.295	
13366	1029.	29.263	29.314	29.295	
13367	1029.	29.263	29.314	29.295	
13368	1029.	29.263	29.314	29.295	
13369	1029.1	29.263	29.314	29.296	
13370	1029.2	29.263	29.314	29.296	
13371	1029.3	29.263	29.314	29.296	
13372	1029.4	29.263	29.314	29.296	
13373	1029.5	29.263	29.314	29.296	
13374	1029.6	29.263	29.314	29.296	
13375	1029.7	29.263	29.315	29.296	
13376	1029.8	29.264	29.315	29.296	
13377	1029.9	29.264	29.315	29.296	
13378	1030.	29.264	29.315	29.297	
13379	1030.	29.264	29.315	29.297	
13380	1030.	29.264	29.315	29.297	
13381	1030.	29.264	29.315	29.297	
13382	1030.1	29.264	29.315	29.297	
13383	1030.2	29.264	29.315	29.297	
13384	1030.3	29.264	29.315	29.297	
13385	1030.4	29.264	29.315	29.297	
13386	1030.5	29.264	29.315	29.297	
13387	1030.6	29.264	29.316	29.297	
13388	1030.7	29.265	29.316	29.297	
13389	1030.8	29.265	29.316	29.297	
13390	1030.9	29.265	29.316	29.298	
13391	1031.	29.265	29.316	29.298	
13392	1031.	29.265	29.316	29.298	
13393	1031.	29.265	29.316	29.298	
13394	1031.	29.265	29.316	29.298	
13395	1031.1	29.265	29.316	29.298	
13396	1031.2	29.265	29.316	29.298	
13397	1031.3	29.265	29.316	29.298	
13398	1031.4	29.265	29.316	29.298	
13399	1031.5	29.265	29.317	29.298	
13400	1031.6	29.266	29.317	29.298	
13401	1031.7	29.266	29.317	29.298	
13402	1031.8	29.266	29.317	29.299	
13403	1031.9	29.266	29.317	29.299	
13404	1032.	29.266	29.317	29.299	
13405	1032.	29.266	29.317	29.299	
13406	1032.	29.266	29.317	29.299	
13407	1032.	29.266	29.317	29.299	
13408	1032.1	29.266	29.317	29.299	
13409	1032.2	29.266	29.317	29.299	
13410	1032.3	29.266	29.317	29.299	
13411	1032.4	29.266	29.318	29.299	
13412	1032.5	29.267	29.318	29.299	
13413	1032.6	29.267	29.318	29.299	
13414	1032.7	29.267	29.318	29.3	
13415	1032.8	29.267	29.318	29.3	
13416	1032.9	29.267	29.318	29.3	
13417	1033.	29.267	29.318	29.3	
13418	1033.	29.267	29.318	29.3	
13419	1033.	29.267	29.318	29.3	
13420	1033.	29.267	29.318	29.3	
13421	1033.1	29.267	29.318	29.3	
13422	1033.2	29.267	29.318	29.3	
13423	1033.3	29.267	29.319	29.3	
13424	1033.4	29.268	29.319	29.3	
13425	1033.5	29.268	29.319	29.3	
13426	1033.6	29.268	29.319	29.301	
13427	1033.7	29.268	29.319	29.301	
13428	1033.8	29.268	29.319	29.301	
13429	1033.9	29.268	29.319	29.301	
13430	1034.	29.268	29.319	29.301	
13431	1034.	29.268	29.319	29.301	
13432	1034.	29.268	29.319	29.301	
13433	1034.	29.268	29.319	29.301	
13434	1034.1	29.268	29.319	29.301	
13435	1034.2	29.268	29.32	29.301	
13436	1034.3	29.269	29.32	29.301	
13437	1034.4	29.269	29.32	29.301	
13438	1034.5	29.269	29.32	29.302	
13439	1034.6	29.269	29.32	29.302	
13440	1034.7	29.269	29.32	29.302	
13441	1034.8	29.269	29.32	29.302	
13442	1034.9	29.269	29.32	29.302	
13443	1035.	29.269	29.32	29.302	
13444	1035.	29.269	29.32	29.302	
13445	1035.	29.269	29.32	29.302	
13446	1035.	29.269	29.32	29.302	
13447	1035.1	29.269	29.321	29.302	
13448	1035.2	29.27	29.321	29.302	
13449	1035.3	29.27	29.321	29.302	
13450	1035.4	29.27	29.321	29.303	
13451	1035.5	29.27	29.321	29.303	
13452	1035.6	29.27	29.321	29.303	
13453	1035.7	29.27	29.321	29.303	
13454	1035.8	29.27	29.321	29.303	
13455	1035.9	29.27	29.321	29.303	
13456	1036.	29.27	29.322	29.303	
13457	1036.	29.27	29.322	29.303	
13458	1036.	29.27	29.322	29.303	
13459	1036.	29.27	29.322	29.303	
13460	1036.1	29.271	29.322	29.303	
13461	1036.2	29.271	29.322	29.303	
13462	1036.3	29.271	29.322	29.304	
13463	1036.4	29.271	29.322	29.304	
13464	1036.5	29.271	29.322	29.304	
13465	1036.6	29.271	29.322	29.304	
13466	1036.7	29.271	29.322	29.304	
13467	1036.8	29.271	29.322	29.304	
13468	1036.9	29.271	29.323	29.304	
13469	1037.	29.271	29.323	29.304	
13470	1037.	29.271	29.323	29.304	
13471	1037.	29.271	29.323	29.304	
13472	1037.	29.272	29.323	29.304	
13473	1037.1	29.272	29.323	29.304	
13474	1037.2	29.272	29.323	29.305	
13475	1037.3	29.272	29.323	29.305	
13476	1037.4	29.272	29.323	29.305	
13477	1037.5	29.272	29.323	29.305	
13478	1037.6	29.272	29.323	29.305	
13479	1037.7	29.272	29.323	29.305	
13480	1037.8	29.272	29.324	29.305	
13481	1037.9	29.273	29.324	29.305	
13482	1038.	29.273	29.324	29.305	
13483	1038.	29.273	29.324	29.305	
13484	1038.	29.273	29.324	29.305	
13485	1038.	29.273	29.324	29.305	
13486	1038.1	29.273	29.324	29.306	
13487	1038.2	29.273	29.324	29.306	
13488	1038.3	29.273	29.324	29.306	
13489	1038.4	29.273	29.324	29.306	
13490	1038.5	29.273	29.324	29.306	
13491	1038.6	29.273	29.324	29.306	
13492	1038.7	29.273	29.325	29.306	
13493	1038.8	29.274	29.325	29.306	
13494	1038.9	29.274	29.325	29.306	
13495	1039.	29.274	29.325	29.307	
13496	1039.	29.274	29.325	29.307	
13497	1039.	29.274	29.325	29.307	
13498	1039.	29.274	29.325	29.307	
13499	1039.1	29.274	29.325	29.307	
13500	1039.2	29.274	29.325	29.307	
13501	1039.3	29.274	29.325	29.307	
13502	1039.4	29.274	29.325	29.307	
13503	1039.5	29.274	29.325	29.307	
13504	1039.6	29.274	29.326	29.307	
13505	1039.7	29.275	29.326	29.307	
13506	1039.8	29.275	29.326	29.307	
13507	1039.9	29.275	29.326	29.308	
13508	1040.	29.275	29.326	29.308	
13509	1040.	29.275	29.326	29.308	
13510	1040.	29.275	29.326	29.308	
13511	1040.	29.275	29.326	29.308	
13512	1040.1	29.275	29.326	29.308	
13513	1040.2	29.275	29.326	29.308	
13514	1040.3	29.275	29.326	29.308	
13515	1040.4	29.275	29.326	29.308	
13516	1040.5	29.275	29.327	29.308	
13517	1040.6	29.276	29.327	29.308	
13518	1040.7	29.276	29.327	29.308	
13519	1040.8	29.276	29.327	29.309	
13520	1040.9	29.276	29.327	29.309	
13521	1041.	29.276	29.327	29.309	
13522	1041.	29.276	29.327	29.309	
13523	1041.	29.276	29.327	29.309	
13524	1041.	29.276	29.327	29.309	
13525	1041.1	29.276	29.327	29.309	
13526	1041.2	29.276	29.327	29.309	
13527	1041.3	29.276	29.327	29.309	
13528	1041.4	29.276	29.328	29.309	
13529	1041.5	29.277	29.328	29.309	
13530	1041.6	29.277	29.328	29.309	
13531	1041.7	29.277	29.328	29.31	
13532	1041.8	29.277	29.328	29.31	
13533	1041.9	29.277	29.328	29.31	
13534	1042.	29.277	29.328	29.31	
13535	1042.	29.277	29.328	29.31	
13536	1042.	29.277	29.328	29.31	
13537	1042.	29.277	29.328	29.31	
13538	1042.1	29.277	29.328	29.31	
13539	1042.2	29.277	29.328	29.31	
13540	1042.3	29.277	29.329	29.31	
13541	1042.4	29.277	29.329	29.31	
13542	1042.5	29.278	29.329	29.31	
13543	1042.6	29.278	29.329	29.311	
13544	1042.7	29.278	29.329	29.311	
13545	1042.8	29.278	29.329	29.311	
13546	1042.9	29.278	29.329	29.311	
13547	1043.	29.278	29.329	29.311	
13548	1043.	29.278	29.329	29.311	
13549	1043.	29.278	29.329	29.311	
13550	1043.	29.278	29.329	29.311	
13551	1043.1	29.278	29.329	29.311	
13552	1043.2	29.278	29.33	29.311	
13553	1043.3	29.278	29.33	29.311	
13554	1043.4	29.279	29.33	29.311	
13555	1043.5	29.279	29.33	29.312	
13556	1043.6	29.279	29.33	29.312	
13557	1043.7	29.279	29.33	29.312	
13558	1043.8	29.279	29.33	29.312	
13559	1043.9	29.279	29.33	29.312	
13560	1044.	29.279	29.33	29.312	
13561	1044.	29.279	29.33	29.312	
13562	1044.	29.279	29.33	29.312	
13563	1044.	29.279	29.331	29.312	
13564	1044.1	29.279	29.331	29.312	
13565	1044.2	29.279	29.331	29.312	
13566	1044.3	29.28	29.331	29.312	
13567	1044.4	29.28	29.331	29.313	
13568	1044.5	29.28	29.331	29.313	
13569	1044.6	29.28	29.331	29.313	
13570	1044.7	29.28	29.331	29.313	
13571	1044.8	29.28	29.331	29.313	
13572	1044.9	29.28	29.331	29.313	
13573	1045.	29.28	29.332	29.313	
13574	1045.	29.28	29.332	29.313	
13575	1045.	29.28	29.332	29.313	
13576	1045.	29.28	29.332	29.313	
13577	1045.1	29.28	29.332	29.313	
13578	1045.2	29.281	29.332	29.313	
13579	1045.3	29.281	29.332	29.314	
13580	1045.4	29.281	29.332	29.314	
13581	1045.5	29.281	29.332	29.314	
13582	1045.6	29.281	29.332	29.314	
13583	1045.7	29.281	29.332	29.314	
13584	1045.8	29.281	29.333	29.314	
13585	1045.9	29.281	29.333	29.314	
13586	1046.	29.281	29.333	29.314	
13587	1046.	29.281	29.333	29.314	
13588	1046.	29.281	29.333	29.314	
13589	1046.	29.281	29.333	29.314	
13590	1046.1	29.282	29.333	29.314	
13591	1046.2	29.282	29.333	29.315	
13592	1046.3	29.282	29.333	29.315	
13593	1046.4	29.282	29.333	29.315	
13594	1046.5	29.282	29.333	29.315	
13595	1046.6	29.282	29.333	29.315	
13596	1046.7	29.282	29.334	29.315	
13597	1046.8	29.282	29.334	29.315	
13598	1046.9	29.282	29.334	29.315	
13599	1047.	29.283	29.334	29.315	
13600	1047.	29.283	29.334	29.315	
13601	1047.	29.283	29.334	29.315	
13602	1047.	29.283	29.334	29.316	
13603	1047.1	29.283	29.334	29.316	
13604	1047.2	29.283	29.334	29.316	
13605	1047.3	29.283	29.334	29.316	
13606	1047.4	29.283	29.334	29.316	
13607	1047.5	29.283	29.334	29.316	
13608	1047.6	29.283	29.335	29.316	
13609	1047.7	29.283	29.335	29.316	
13610	1047.8	29.283	29.335	29.316	
13611	1047.9	29.284	29.335	29.317	
13612	1048.	29.284	29.335	29.317	
13613	1048.	29.284	29.335	29.317	
13614	1048.	29.284	29.335	29.317	
13615	1048.	29.284	29.335	29.317	
13616	1048.1	29.284	29.335	29.317	
13617	1048.2	29.284	29.335	29.317	
13618	1048.3	29.284	29.335	29.317	
13619	1048.4	29.284	29.335	29.317	
13620	1048.5	29.284	29.336	29.317	
13621	1048.6	29.284	29.336	29.317	
13622	1048.7	29.284	29.336	29.317	
13623	1048.8	29.285	29.336	29.318	
13624	1048.9	29.285	29.336	29.318	
13625	1049.	29.285	29.336	29.318	
13626	1049.	29.285	29.336	29.318	
13627	1049.	29.285	29.336	29.318	
13628	1049.	29.285	29.336	29.318	
13629	1049.1	29.285	29.336	29.318	
13630	1049.2	29.285	29.336	29.318	
13631	1049.3	29.285	29.336	29.318	
13632	1049.4	29.285	29.337	29.318	
13633	1049.5	29.285	29.337	29.318	
13634	1049.6	29.285	29.337	29.318	
13635	1049.7	29.286	29.337	29.319	
13636	1049.8	29.286	29.337	29.319	
13637	1049.9	29.286	29.337	29.319	
13638	1050.	29.286	29.337	29.319	
13639	1050.	29.286	29.337	29.319	
13640	1050.	29.286	29.337	29.319	
13641	1050.	29.286	29.337	29.319	
13642	1050.1	29.286	29.337	29.319	
13643	1050.2	29.286	29.337	29.319	
13644	1050.3	29.286	29.338	29.319	
13645	1050.4	29.286	29.338	29.319	
13646	1050.5	29.286	29.338	29.319	
13647	1050.6	29.287	29.338	29.32	
13648	1050.7	29.287	29.338	29.32	
13649	1050.8	29.287	29.338	29.32	
13650	1050.9	29.287	29.338	29.32	
13651	1051.	29.287	29.338	29.32	
13652	1051.	29.287	29.338	29.32	
13653	1051.	29.287	29.338	29.32	
13654	1051.	29.287	29.338	29.32	
13655	1051.1	29.287	29.338	29.32	
13656	1051.2	29.287	29.339	29.32	
13657	1051.3	29.287	29.339	29.32	
13658	1051.4	29.287	29.339	29.32	
13659	1051.5	29.288	29.339	29.321	
13660	1051.6	29.288	29.339	29.321	
13661	1051.7	29.288	29.339	29.321	
13662	1051.8	29.288	29.339	29.321	
13663	1051.9	29.288	29.339	29.321	
13664	1052.	29.288	29.339	29.321	
13665	1052.	29.288	29.339	29.321	
13666	1052.	29.288	29.339	29.321	
13667	1052.	29.288	29.339	29.321	
13668	1052.1	29.288	29.34	29.321	
13669	1052.2	29.288	29.34	29.321	
13670	1052.3	29.288	29.34	29.321	
13671	1052.4	29.289	29.34	29.322	
13672	1052.5	29.289	29.34	29.322	
13673	1052.6	29.289	29.34	29.322	
13674	1052.7	29.289	29.34	29.322	
13675	1052.8	29.289	29.34	29.322	
13676	1052.9	29.289	29.34	29.322	
13677	1053.	29.289	29.341	29.322	
13678	1053.	29.289	29.341	29.322	
13679	1053.	29.289	29.341	29.322	
13680	1053.	29.289	29.341	29.322	
13681	1053.1	29.289	29.341	29.322	
13682	1053.2	29.289	29.341	29.322	
13683	1053.3	29.29	29.341	29.323	
13684	1053.4	29.29	29.341	29.323	
13685	1053.5	29.29	29.341	29.323	
13686	1053.6	29.29	29.341	29.323	
13687	1053.7	29.29	29.341	29.323	
13688	1053.8	29.29	29.341	29.323	
13689	1053.9	29.29	29.342	29.323	
13690	1054.	29.29	29.342	29.323	
13691	1054.	29.29	29.342	29.323	
13692	1054.	29.29	29.342	29.323	
13693	1054.	29.29	29.342	29.323	
13694	1054.1	29.29	29.342	29.323	
13695	1054.2	29.291	29.342	29.324	
13696	1054.3	29.291	29.342	29.324	
13697	1054.4	29.291	29.342	29.324	
13698	1054.5	29.291	29.342	29.324	
13699	1054.6	29.291	29.342	29.324	
13700	1054.7	29.291	29.342	29.324	
13701	1054.8	29.291	29.343	29.324	
13702	1054.9	29.291	29.343	29.324	
13703	1055.	29.291	29.343	29.324	
13704	1055.	29.291	29.343	29.324	
13705	1055.	29.291	29.343	29.324	
13706	1055.	29.291	29.343	29.324	
13707	1055.1	29.292	29.343	29.325	
13708	1055.2	29.292	29.343	29.325	
13709	1055.3	29.292	29.343	29.325	
13710	1055.4	29.292	29.343	29.325	
13711	1055.5	29.292	29.343	29.325	
13712	1055.6	29.292	29.343	29.325	
13713	1055.7	29.292	29.344	29.325	
13714	1055.8	29.292	29.344	29.325	
13715	1055.9	29.292	29.344	29.325	
13716	1056.	29.293	29.344	29.325	
13717	1056.	29.293	29.344	29.325	
13718	1056.	29.293	29.344	29.326	
13719	1056.	29.293	29.344	29.326	
13720	1056.1	29.293	29.344	29.326	
13721	1056.2	29.293	29.344	29.326	
13722	1056.3	29.293	29.344	29.326	
13723	1056.4	29.293	29.344	29.326	
13724	1056.5	29.293	29.344	29.326	
13725	1056.6	29.293	29.345	29.326	
13726	1056.7	29.293	29.345	29.326	
13727	1056.8	29.293	29.345	29.326	
13728	1056.9	29.294	29.345	29.327	
13729	1057.	29.294	29.345	29.327	
13730	1057.	29.294	29.345	29.327	
13731	1057.	29.294	29.345	29.327	
13732	1057.	29.294	29.345	29.327	
13733	1057.1	29.294	29.345	29.327	
13734	1057.2	29.294	29.345	29.327	
13735	1057.3	29.294	29.345	29.327	
13736	1057.4	29.294	29.345	29.327	
13737	1057.5	29.294	29.346	29.327	
13738	1057.6	29.294	29.346	29.327	
13739	1057.7	29.294	29.346	29.327	
13740	1057.8	29.295	29.346	29.328	
13741	1057.9	29.295	29.346	29.328	
13742	1058.	29.295	29.346	29.328	
13743	1058.	29.295	29.346	29.328	
13744	1058.	29.295	29.346	29.328	
13745	1058.	29.295	29.346	29.328	
13746	1058.1	29.295	29.346	29.328	
13747	1058.2	29.295	29.346	29.328	
13748	1058.3	29.295	29.346	29.328	
13749	1058.4	29.295	29.347	29.328	
13750	1058.5	29.295	29.347	29.328	
13751	1058.6	29.295	29.347	29.328	
13752	1058.7	29.296	29.347	29.329	
13753	1058.8	29.296	29.347	29.329	
13754	1058.9	29.296	29.347	29.329	
13755	1059.	29.296	29.347	29.329	
13756	1059.	29.296	29.347	29.329	
13757	1059.	29.296	29.347	29.329	
13758	1059.	29.296	29.347	29.329	
13759	1059.1	29.296	29.347	29.329	
13760	1059.2	29.296	29.347	29.329	
13761	1059.3	29.296	29.348	29.329	
13762	1059.4	29.296	29.348	29.329	
13763	1059.5	29.296	29.348	29.329	
13764	1059.6	29.297	29.348	29.33	
13765	1059.7	29.297	29.348	29.33	
13766	1059.8	29.297	29.348	29.33	
13767	1059.9	29.297	29.348	29.33	
13768	1060.	29.297	29.348	29.33	
13769	1060.	29.297	29.348	29.33	
13770	1060.	29.297	29.348	29.33	
13771	1060.	29.297	29.348	29.33	
13772	1060.1	29.297	29.348	29.33	
13773	1060.2	29.297	29.349	29.33	
13774	1060.3	29.297	29.349	29.33	
13775	1060.4	29.297	29.349	29.33	
13776	1060.5	29.298	29.349	29.331	
13777	1060.6	29.298	29.349	29.331	
13778	1060.7	29.298	29.349	29.331	
13779	1060.8	29.298	29.349	29.331	
13780	1060.9	29.298	29.349	29.331	
13781	1061.	29.298	29.349	29.331	
13782	1061.	29.298	29.349	29.331	
13783	1061.	29.298	29.349	29.331	
13784	1061.	29.298	29.35	29.331	
13785	1061.1	29.298	29.35	29.331	
13786	1061.2	29.298	29.35	29.331	
13787	1061.3	29.298	29.35	29.331	
13788	1061.4	29.299	29.35	29.332	
13789	1061.5	29.299	29.35	29.332	
13790	1061.6	29.299	29.35	29.332	
13791	1061.7	29.299	29.35	29.332	
13792	1061.8	29.299	29.35	29.332	
13793	1061.9	29.299	29.351	29.332	
13794	1062.	29.299	29.351	29.332	
13795	1062.	29.299	29.351	29.332	
13796	1062.	29.299	29.351	29.332	
13797	1062.	29.299	29.351	29.332	
13798	1062.1	29.299	29.351	29.332	
13799	1062.2	29.299	29.351	29.332	
13800	1062.3	29.3	29.351	29.333	
13801	1062.4	29.3	29.351	29.333	
13802	1062.5	29.3	29.351	29.333	
13803	1062.6	29.3	29.351	29.333	
13804	1062.7	29.3	29.351	29.333	
13805	1062.8	29.3	29.352	29.333	
13806	1062.9	29.3	29.352	29.333	
13807	1063.	29.3	29.352	29.333	
13808	1063.	29.3	29.352	29.333	
13809	1063.	29.3	29.352	29.333	
13810	1063.	29.3	29.352	29.333	
13811	1063.1	29.3	29.352	29.333	
13812	1063.2	29.301	29.352	29.334	
13813	1063.3	29.301	29.352	29.334	
13814	1063.4	29.301	29.352	29.334	
13815	1063.5	29.301	29.352	29.334	
13816	1063.6	29.301	29.352	29.334	
13817	1063.7	29.301	29.353	29.334	
13818	1063.8	29.301	29.353	29.334	
13819	1063.9	29.301	29.353	29.334	
13820	1064.	29.301	29.353	29.334	
13821	1064.	29.301	29.353	29.334	
13822	1064.	29.301	29.353	29.334	
13823	1064.	29.301	29.353	29.334	
13824	1064.1	29.302	29.353	29.335	
13825	1064.2	29.302	29.353	29.335	
13826	1064.3	29.302	29.353	29.335	
13827	1064.4	29.302	29.353	29.335	
13828	1064.5	29.302	29.353	29.335	
13829	1064.6	29.302	29.354	29.335	
13830	1064.7	29.302	29.354	29.335	
13831	1064.8	29.302	29.354	29.335	
13832	1064.9	29.302	29.354	29.335	
13833	1065.	29.302	29.354	29.336	
13834	1065.	29.303	29.354	29.336	
13835	1065.	29.303	29.354	29.336	
13836	1065.	29.303	29.354	29.336	
13837	1065.1	29.303	29.354	29.336	
13838	1065.2	29.303	29.354	29.336	
13839	1065.3	29.303	29.354	29.336	
13840	1065.4	29.303	29.354	29.336	
13841	1065.5	29.303	29.355	29.336	
13842	1065.6	29.303	29.355	29.336	
13843	1065.7	29.303	29.355	29.336	
13844	1065.8	29.303	29.355	29.336	
13845	1065.9	29.304	29.355	29.337	
13846	1066.	29.304	29.355	29.337	
13847	1066.	29.304	29.355	29.337	
13848	1066.	29.304	29.355	29.337	
13849	1066.	29.304	29.355	29.337	
13850	1066.1	29.304	29.355	29.337	
13851	1066.2	29.304	29.355	29.337	
13852	1066.3	29.304	29.355	29.337	
13853	1066.4	29.304	29.356	29.337	
13854	1066.5	29.304	29.356	29.337	
13855	1066.6	29.304	29.356	29.337	
13856	1066.7	29.304	29.356	29.337	
13857	1066.8	29.305	29.356	29.338	
13858	1066.9	29.305	29.356	29.338	
13859	1067.	29.305	29.356	29.338	
13860	1067.	29.305	29.356	29.338	
13861	1067.	29.305	29.356	29.338	
13862	1067.	29.305	29.356	29.338	
13863	1067.1	29.305	29.356	29.338	
13864	1067.2	29.305	29.356	29.338	
13865	1067.3	29.305	29.357	29.338	
13866	1067.4	29.305	29.357	29.338	
13867	1067.5	29.305	29.357	29.338	
13868	1067.6	29.305	29.357	29.338	
13869	1067.7	29.306	29.357	29.339	
13870	1067.8	29.306	29.357	29.339	
13871	1067.9	29.306	29.357	29.339	
13872	1068.	29.306	29.357	29.339	
13873	1068.	29.306	29.357	29.339	
13874	1068.	29.306	29.357	29.339	
13875	1068.	29.306	29.357	29.339	
13876	1068.1	29.306	29.357	29.339	
13877	1068.2	29.306	29.358	29.339	
13878	1068.3	29.306	29.358	29.339	
13879	1068.4	29.306	29.358	29.339	
13880	1068.5	29.306	29.358	29.339	
13881	1068.6	29.307	29.358	29.34	
13882	1068.7	29.307	29.358	29.34	
13883	1068.8	29.307	29.358	29.34	
13884	1068.9	29.307	29.358	29.34	
13885	1069.	29.307	29.358	29.34	
13886	1069.	29.307	29.358	29.34	
13887	1069.	29.307	29.358	29.34	
13888	1069.	29.307	29.358	29.34	
13889	1069.1	29.307	29.359	29.34	
13890	1069.2	29.307	29.359	29.34	
13891	1069.3	29.307	29.359	29.34	
13892	1069.4	29.307	29.359	29.34	
13893	1069.5	29.308	29.359	29.341	
13894	1069.6	29.308	29.359	29.341	
13895	1069.7	29.308	29.359	29.341	
13896	1069.8	29.308	29.359	29.341	
13897	1069.9	29.308	29.359	29.341	
13898	1070.	29.308	29.36	29.341	
13899	1070.	29.308	29.36	29.341	
13900	1070.	29.308	29.36	29.341	
13901	1070.	29.308	29.36	29.341	
13902	1070.1	29.308	29.36	29.341	
13903	1070.2	29.308	29.36	29.341	
13904	1070.3	29.308	29.36	29.341	
13905	1070.4	29.309	29.36	29.342	
13906	1070.5	29.309	29.36	29.342	
13907	1070.6	29.309	29.36	29.342	
13908	1070.7	29.309	29.36	29.342	
13909	1070.8	29.309	29.36	29.342	
13910	1070.9	29.309	29.361	29.342	
13911	1071.	29.309	29.361	29.342	
13912	1071.	29.309	29.361	29.342	
13913	1071.	29.309	29.361	29.342	
13914	1071.	29.309	29.361	29.342	
13915	1071.1	29.309	29.361	29.342	
13916	1071.2	29.309	29.361	29.342	
13917	1071.3	29.31	29.361	29.343	
13918	1071.4	29.31	29.361	29.343	
13919	1071.5	29.31	29.361	29.343	
13920	1071.6	29.31	29.361	29.343	
13921	1071.7	29.31	29.361	29.343	
13922	1071.8	29.31	29.362	29.343	
13923	1071.9	29.31	29.362	29.343	
13924	1072.	29.31	29.362	29.343	
13925	1072.	29.31	29.362	29.343	
13926	1072.	29.31	29.362	29.343	
13927	1072.	29.31	29.362	29.343	
13928	1072.1	29.31	29.362	29.343	
13929	1072.2	29.311	29.362	29.344	
13930	1072.3	29.311	29.362	29.344	
13931	1072.4	29.311	29.362	29.344	
13932	1072.5	29.311	29.362	29.344	
13933	1072.6	29.311	29.362	29.344	
13934	1072.7	29.311	29.363	29.344	
13935	1072.8	29.311	29.363	29.344	
13936	1072.9	29.311	29.363	29.344	
13937	1073.	29.311	29.363	29.344	
13938	1073.	29.311	29.363	29.344	
13939	1073.	29.311	29.363	29.344	
13940	1073.	29.311	29.363	29.345	
13941	1073.1	29.312	29.363	29.345	
13942	1073.2	29.312	29.363	29.345	
13943	1073.3	29.312	29.363	29.345	
13944	1073.4	29.312	29.363	29.345	
13945	1073.5	29.312	29.363	29.345	
13946	1073.6	29.312	29.364	29.345	
13947	1073.7	29.312	29.364	29.345	
13948	1073.8	29.312	29.364	29.345	
13949	1073.9	29.312	29.364	29.345	
13950	1074.	29.312	29.364	29.346	
13951	1074.	29.312	29.364	29.346	
13952	1074.	29.312	29.364	29.346	
13953	1074.	29.313	29.364	29.346	
13954	1074.1	29.313	29.364	29.346	
13955	1074.2	29.313	29.364	29.346	
13956	1074.3	29.313	29.364	29.346	
13957	1074.4	29.313	29.364	29.346	
13958	1074.5	29.313	29.365	29.346	
13959	1074.6	29.313	29.365	29.346	
13960	1074.7	29.313	29.365	29.346	
13961	1074.8	29.313	29.365	29.347	
13962	1074.9	29.314	29.365	29.347	
13963	1075.	29.314	29.365	29.347	
13964	1075.	29.314	29.365	29.347	
13965	1075.	29.314	29.365	29.347	
13966	1075.	29.314	29.365	29.347	
13967	1075.1	29.314	29.365	29.347	
13968	1075.2	29.314	29.365	29.347	
13969	1075.3	29.314	29.366	29.347	
13970	1075.4	29.314	29.366	29.347	
13971	1075.5	29.314	29.366	29.347	
13972	1075.6	29.314	29.366	29.347	
13973	1075.7	29.314	29.366	29.348	
13974	1075.8	29.315	29.366	29.348	
13975	1075.9	29.315	29.366	29.348	
13976	1076.	29.315	29.366	29.348	
13977	1076.	29.315	29.366	29.348	
13978	1076.	29.315	29.366	29.348	
13979	1076.	29.315	29.366	29.348	
13980	1076.1	29.315	29.366	29.348	
13981	1076.2	29.315	29.367	29.348	
13982	1076.3	29.315	29.367	29.348	
13983	1076.4	29.315	29.367	29.348	
13984	1076.5	29.315	29.367	29.348	
13985	1076.6	29.315	29.367	29.349	
13986	1076.7	29.316	29.367	29.349	
13987	1076.8	29.316	29.367	29.349	
13988	1076.9	29.316	29.367	29.349	
13989	1077.	29.316	29.367	29.349	
13990	1077.	29.316	29.367	29.349	
13991	1077.	29.316	29.367	29.349	
13992	1077.	29.316	29.367	29.349	
13993	1077.1	29.316	29.368	29.349	
13994	1077.2	29.316	29.368	29.349	
13995	1077.3	29.316	29.368	29.349	
13996	1077.4	29.316	29.368	29.349	
13997	1077.5	29.316	29.368	29.35	
13998	1077.6	29.317	29.368	29.35	
13999	1077.7	29.317	29.368	29.35	
14000	1077.8	29.317	29.368	29.35	
14001	1077.9	29.317	29.368	29.35	
14002	1078.	29.317	29.368	29.35	
14003	1078.	29.317	29.368	29.35	
14004	1078.	29.317	29.369	29.35	
14005	1078.	29.317	29.369	29.35	
14006	1078.1	29.317	29.369	29.35	
14007	1078.2	29.317	29.369	29.35	
14008	1078.3	29.317	29.369	29.35	
14009	1078.4	29.317	29.369	29.351	
14010	1078.5	29.318	29.369	29.351	
14011	1078.6	29.318	29.369	29.351	
14012	1078.7	29.318	29.369	29.351	
14013	1078.8	29.318	29.369	29.351	
14014	1078.9	29.318	29.37	29.351	
14015	1079.	29.318	29.37	29.351	
14016	1079.	29.318	29.37	29.351	
14017	1079.	29.318	29.37	29.351	
14018	1079.	29.318	29.37	29.351	
14019	1079.1	29.318	29.37	29.351	
14020	1079.2	29.318	29.37	29.351	
14021	1079.3	29.318	29.37	29.352	
14022	1079.4	29.319	29.37	29.352	
14023	1079.5	29.319	29.37	29.352	
14024	1079.6	29.319	29.37	29.352	
14025	1079.7	29.319	29.37	29.352	
14026	1079.8	29.319	29.371	29.352	
14027	1079.9	29.319	29.371	29.352	
14028	1080.	29.319	29.371	29.352	
14029	1080.	29.319	29.371	29.352	
14030	1080.	29.319	29.371	29.352	
14031	1080.	29.319	29.371	29.352	
14032	1080.1	29.319	29.371	29.352	
14033	1080.2	29.319	29.371	29.353	
14034	1080.3	29.32	29.371	29.353	
14035	1080.4	29.32	29.371	29.353	
14036	1080.5	29.32	29.371	29.353	
14037	1080.6	29.32	29.371	29.353	
14038	1080.7	29.32	29.372	29.353	
14039	1080.8	29.32	29.372	29.353	
14040	1080.9	29.32	29.372	29.353	
14041	1081.	29.32	29.372	29.353	
14042	1081.	29.32	29.372	29.353	
14043	1081.	29.32	29.372	29.353	
14044	1081.	29.32	29.372	29.353	
14045	1081.1	29.32	29.372	29.354	
14046	1081.2	29.321	29.372	29.354	
14047	1081.3	29.321	29.372	29.354	
14048	1081.4	29.321	29.372	29.354	
14049	1081.5	29.321	29.372	29.354	
14050	1081.6	29.321	29.373	29.354	
14051	1081.7	29.321	29.373	29.354	
14052	1081.8	29.321	29.373	29.354	
14053	1081.9	29.321	29.373	29.354	
14054	1082.	29.321	29.373	29.354	
14055	1082.	29.321	29.373	29.355	
14056	1082.	29.321	29.373	29.355	
14057	1082.	29.321	29.373	29.355	
14058	1082.1	29.322	29.373	29.355	
14059	1082.2	29.322	29.373	29.355	
14060	1082.3	29.322	29.373	29.355	
14061	1082.4	29.322	29.373	29.355	
14062	1082.5	29.322	29.374	29.355	
14063	1082.6	29.322	29.374	29.355	
14064	1082.7	29.322	29.374	29.355	
14065	1082.8	29.322	29.374	29.355	
14066	1082.9	29.322	29.374	29.356	
14067	1083.	29.322	29.374	29.356	
14068	1083.	29.322	29.374	29.356	
14069	1083.	29.322	29.374	29.356	
14070	1083.	29.323	29.374	29.356	
14071	1083.1	29.323	29.374	29.356	
14072	1083.2	29.323	29.374	29.356	
14073	1083.3	29.323	29.374	29.356	
14074	1083.4	29.323	29.375	29.356	
14075	1083.5	29.323	29.375	29.356	
14076	1083.6	29.323	29.375	29.356	
14077	1083.7	29.323	29.375	29.356	
14078	1083.8	29.323	29.375	29.357	
14079	1083.9	29.324	29.375	29.357	
14080	1084.	29.324	29.375	29.357	
14081	1084.	29.324	29.375	29.357	
14082	1084.	29.324	29.375	29.357	
14083	1084.	29.324	29.375	29.357	
14084	1084.1	29.324	29.375	29.357	
14085	1084.2	29.324	29.375	29.357	
14086	1084.3	29.324	29.376	29.357	
14087	1084.4	29.324	29.376	29.357	
14088	1084.5	29.324	29.376	29.357	
14089	1084.6	29.324	29.376	29.357	
14090	1084.7	29.324	29.376	29.358	
14091	1084.8	29.325	29.376	29.358	
14092	1084.9	29.325	29.376	29.358	
14093	1085.	29.325	29.376	29.358	
14094	1085.	29.325	29.376	29.358	
14095	1085.	29.325	29.376	29.358	
14096	1085.	29.325	29.376	29.358	
14097	1085.1	29.325	29.376	29.358	
14098	1085.2	29.325	29.377	29.358	
14099	1085.3	29.325	29.377	29.358	
14100	1085.4	29.325	29.377	29.358	
14101	1085.5	29.325	29.377	29.358	
14102	1085.6	29.325	29.377	29.359	
14103	1085.7	29.326	29.377	29.359	
14104	1085.8	29.326	29.377	29.359	
14105	1085.9	29.326	29.377	29.359	
14106	1086.	29.326	29.377	29.359	
14107	1086.	29.326	29.377	29.359	
14108	1086.	29.326	29.377	29.359	
14109	1086.	29.326	29.378	29.359	
14110	1086.1	29.326	29.378	29.359	
14111	1086.2	29.326	29.378	29.359	
14112	1086.3	29.326	29.378	29.359	
14113	1086.4	29.326	29.378	29.359	
14114	1086.5	29.326	29.378	29.36	
14115	1086.6	29.327	29.378	29.36	
14116	1086.7	29.327	29.378	29.36	
14117	1086.8	29.327	29.378	29.36	
14118	1086.9	29.327	29.379	29.36	
14119	1087.	29.327	29.379	29.36	
14120	1087.	29.327	29.379	29.36	
14121	1087.	29.327	29.379	29.36	
14122	1087.	29.327	29.379	29.36	
14123	1087.1	29.327	29.379	29.36	
14124	1087.2	29.327	29.379	29.36	
14125	1087.3	29.327	29.379	29.36	
14126	1087.4	29.327	29.379	29.361	
14127	1087.5	29.328	29.379	29.361	
14128	1087.6	29.328	29.379	29.361	
14129	1087.7	29.328	29.379	29.361	
14130	1087.8	29.328	29.38	29.361	
14131	1087.9	29.328	29.38	29.361	
14132	1088.	29.328	29.38	29.361	
14133	1088.	29.328	29.38	29.361	
14134	1088.	29.328	29.38	29.361	
14135	1088.	29.328	29.38	29.361	
14136	1088.1	29.328	29.38	29.361	
14137	1088.2	29.328	29.38	29.361	
14138	1088.3	29.328	29.38	29.362	
14139	1088.4	29.329	29.38	29.362	
14140	1088.5	29.329	29.38	29.362	
14141	1088.6	29.329	29.38	29.362	
14142	1088.7	29.329	29.381	29.362	
14143	1088.8	29.329	29.381	29.362	
14144	1088.9	29.329	29.381	29.362	
14145	1089.	29.329	29.381	29.362	
14146	1089.	29.329	29.381	29.362	
14147	1089.	29.329	29.381	29.362	
14148	1089.	29.329	29.381	29.362	
14149	1089.1	29.329	29.381	29.362	
14150	1089.2	29.329	29.381	29.363	
14151	1089.3	29.33	29.381	29.363	
14152	1089.4	29.33	29.381	29.363	
14153	1089.5	29.33	29.381	29.363	
14154	1089.6	29.33	29.382	29.363	
14155	1089.7	29.33	29.382	29.363	
14156	1089.8	29.33	29.382	29.363	
14157	1089.9	29.33	29.382	29.363	
14158	1090.	29.33	29.382	29.363	
14159	1090.	29.33	29.382	29.363	
14160	1090.	29.33	29.382	29.363	
14161	1090.	29.33	29.382	29.363	
14162	1090.1	29.33	29.382	29.364	
14163	1090.2	29.331	29.382	29.364	
14164	1090.3	29.331	29.382	29.364	
14165	1090.4	29.331	29.382	29.364	
14166	1090.5	29.331	29.383	29.364	
14167	1090.6	29.331	29.383	29.364	
14168	1090.7	29.331	29.383	29.364	
14169	1090.8	29.331	29.383	29.364	
14170	1090.9	29.331	29.383	29.364	
14171	1091.	29.331	29.383	29.365	
14172	1091.	29.331	29.383	29.365	
14173	1091.	29.331	29.383	29.365	
14174	1091.	29.331	29.383	29.365	
14175	1091.1	29.332	29.383	29.365	
14176	1091.2	29.332	29.383	29.365	
14177	1091.3	29.332	29.383	29.365	
14178	1091.4	29.332	29.384	29.365	
14179	1091.5	29.332	29.384	29.365	
14180	1091.6	29.332	29.384	29.365	
14181	1091.7	29.332	29.384	29.365	
14182	1091.8	29.332	29.384	29.365	
14183	1091.9	29.332	29.384	29.366	
14184	1092.	29.332	29.384	29.366	
14185	1092.	29.332	29.384	29.366	
14186	1092.	29.332	29.384	29.366	
14187	1092.	29.333	29.384	29.366	
14188	1092.1	29.333	29.384	29.366	
14189	1092.2	29.333	29.384	29.366	
14190	1092.3	29.333	29.385	29.366	
14191	1092.4	29.333	29.385	29.366	
14192	1092.5	29.333	29.385	29.366	
14193	1092.6	29.333	29.385	29.366	
14194	1092.7	29.333	29.385	29.366	
14195	1092.8	29.333	29.385	29.367	
14196	1092.9	29.334	29.385	29.367	
14197	1093.	29.334	29.385	29.367	
14198	1093.	29.334	29.385	29.367	
14199	1093.	29.334	29.385	29.367	
14200	1093.	29.334	29.385	29.367	
14201	1093.1	29.334	29.385	29.367	
14202	1093.2	29.334	29.386	29.367	
14203	1093.3	29.334	29.386	29.367	
14204	1093.4	29.334	29.386	29.367	
14205	1093.5	29.334	29.386	29.367	
14206	1093.6	29.334	29.386	29.368	
14207	1093.7	29.334	29.386	29.368	
14208	1093.8	29.335	29.386	29.368	
14209	1093.9	29.335	29.386	29.368	
14210	1094.	29.335	29.386	29.368	
14211	1094.	29.335	29.386	29.368	
14212	1094.	29.335	29.386	29.368	
14213	1094.	29.335	29.386	29.368	
14214	1094.1	29.335	29.387	29.368	
14215	1094.2	29.335	29.387	29.368	
14216	1094.3	29.335	29.387	29.368	
14217	1094.4	29.335	29.387	29.368	
14218	1094.5	29.335	29.387	29.369	
14219	1094.6	29.335	29.387	29.369	
14220	1094.7	29.336	29.387	29.369	
14221	1094.8	29.336	29.387	29.369	
14222	1094.9	29.336	29.387	29.369	
14223	1095.	29.336	29.388	29.369	
14224	1095.	29.336	29.388	29.369	
14225	1095.	29.336	29.388	29.369	
14226	1095.	29.336	29.388	29.369	
14227	1095.1	29.336	29.388	29.369	
14228	1095.2	29.336	29.388	29.369	
14229	1095.3	29.336	29.388	29.369	
14230	1095.4	29.336	29.388	29.37	
14231	1095.5	29.336	29.388	29.37	
14232	1095.6	29.337	29.388	29.37	
14233	1095.7	29.337	29.388	29.37	
14234	1095.8	29.337	29.388	29.37	
14235	1095.9	29.337	29.389	29.37	
14236	1096.	29.337	29.389	29.37	
14237	1096.	29.337	29.389	29.37	
14238	1096.	29.337	29.389	29.37	
14239	1096.	29.337	29.389	29.37	
14240	1096.1	29.337	29.389	29.37	
14241	1096.2	29.337	29.389	29.37	
14242	1096.3	29.337	29.389	29.371	
14243	1096.4	29.337	29.389	29.371	
14244	1096.5	29.338	29.389	29.371	
14245	1096.6	29.338	29.389	29.371	
14246	1096.7	29.338	29.389	29.371	
14247	1096.8	29.338	29.39	29.371	
14248	1096.9	29.338	29.39	29.371	
14249	1097.	29.338	29.39	29.371	
14250	1097.	29.338	29.39	29.371	
14251	1097.	29.338	29.39	29.371	
14252	1097.	29.338	29.39	29.371	
14253	1097.1	29.338	29.39	29.371	
14254	1097.2	29.338	29.39	29.372	
14255	1097.3	29.338	29.39	29.372	
14256	1097.4	29.339	29.39	29.372	
14257	1097.5	29.339	29.39	29.372	
14258	1097.6	29.339	29.391	29.372	
14259	1097.7	29.339	29.391	29.372	
14260	1097.8	29.339	29.391	29.372	
14261	1097.9	29.339	29.391	29.372	
14262	1098.	29.339	29.391	29.372	
14263	1098.	29.339	29.391	29.372	
14264	1098.	29.339	29.391	29.372	
14265	1098.	29.339	29.391	29.372	
14266	1098.1	29.339	29.391	29.373	
14267	1098.2	29.339	29.391	29.373	
14268	1098.3	29.34	29.391	29.373	
14269	1098.4	29.34	29.391	29.373	
14270	1098.5	29.34	29.392	29.373	
14271	1098.6	29.34	29.392	29.373	
14272	1098.7	29.34	29.392	29.373	
14273	1098.8	29.34	29.392	29.373	
14274	1098.9	29.34	29.392	29.373	
14275	1099.	29.34	29.392	29.373	
14276	1099.	29.34	29.392	29.374	
14277	1099.	29.34	29.392	29.374	
14278	1099.	29.34	29.392	29.374	
14279	1099.1	29.34	29.392	29.374	
14280	1099.2	29.341	29.392	29.374	
14281	1099.3	29.341	29.392	29.374	
14282	1099.4	29.341	29.393	29.374	
14283	1099.5	29.341	29.393	29.374	
14284	1099.6	29.341	29.393	29.374	
14285	1099.7	29.341	29.393	29.374	
14286	1099.8	29.341	29.393	29.374	
14287	1099.9	29.341	29.393	29.375	
14288	1100.	29.341	29.393	29.375	
14289	1100.	29.341	29.393	29.375	
14290	1100.	29.341	29.393	29.375	
14291	1100.	29.341	29.393	29.375	
14292	1100.1	29.342	29.393	29.375	
14293	1100.2	29.342	29.393	29.375	
14294	1100.3	29.342	29.394	29.375	
14295	1100.4	29.342	29.394	29.375	
14296	1100.5	29.342	29.394	29.375	
14297	1100.6	29.342	29.394	29.375	
14298	1100.7	29.342	29.394	29.375	
14299	1100.8	29.342	29.394	29.376	
14300	1100.9	29.342	29.394	29.376	
14301	1101.	29.342	29.394	29.376	
14302	1101.	29.342	29.394	29.376	
14303	1101.	29.342	29.394	29.376	
14304	1101.	29.343	29.394	29.376	
14305	1101.1	29.343	29.394	29.376	
14306	1101.2	29.343	29.395	29.376	
14307	1101.3	29.343	29.395	29.376	
14308	1101.4	29.343	29.395	29.376	
14309	1101.5	29.343	29.395	29.376	
14310	1101.6	29.343	29.395	29.376	
14311	1101.7	29.343	29.395	29.377	
14312	1101.8	29.343	29.395	29.377	
14313	1101.9	29.344	29.395	29.377	
14314	1102.	29.344	29.395	29.377	
14315	1102.	29.344	29.395	29.377	
14316	1102.	29.344	29.395	29.377	
14317	1102.	29.344	29.395	29.377	
14318	1102.1	29.344	29.396	29.377	
14319	1102.2	29.344	29.396	29.377	
14320	1102.3	29.344	29.396	29.377	
14321	1102.4	29.344	29.396	29.377	
14322	1102.5	29.344	29.396	29.377	
14323	1102.6	29.344	29.396	29.378	
14324	1102.7	29.344	29.396	29.378	
14325	1102.8	29.345	29.396	29.378	
14326	1102.9	29.345	29.396	29.378	
14327	1103.	29.345	29.397	29.378	
14328	1103.	29.345	29.397	29.378	
14329	1103.	29.345	29.397	29.378	
14330	1103.	29.345	29.397	29.378	
14331	1103.1	29.345	29.397	29.378	
14332	1103.2	29.345	29.397	29.378	
14333	1103.3	29.345	29.397	29.378	
14334	1103.4	29.345	29.397	29.378	
14335	1103.5	29.345	29.397	29.379	
14336	1103.6	29.345	29.397	29.379	
14337	1103.7	29.346	29.397	29.379	
14338	1103.8	29.346	29.397	29.379	
14339	1103.9	29.346	29.398	29.379	
14340	1104.	29.346	29.398	29.379	
14341	1104.	29.346	29.398	29.379	
14342	1104.	29.346	29.398	29.379	
14343	1104.	29.346	29.398	29.379	
14344	1104.1	29.346	29.398	29.379	
14345	1104.2	29.346	29.398	29.379	
14346	1104.3	29.346	29.398	29.379	
14347	1104.4	29.346	29.398	29.38	
14348	1104.5	29.346	29.398	29.38	
14349	1104.6	29.347	29.398	29.38	
14350	1104.7	29.347	29.398	29.38	
14351	1104.8	29.347	29.399	29.38	
14352	1104.9	29.347	29.399	29.38	
14353	1105.	29.347	29.399	29.38	
14354	1105.	29.347	29.399	29.38	
14355	1105.	29.347	29.399	29.38	
14356	1105.	29.347	29.399	29.38	
14357	1105.1	29.347	29.399	29.38	
14358	1105.2	29.347	29.399	29.38	
14359	1105.3	29.347	29.399	29.381	
14360	1105.4	29.347	29.399	29.381	
14361	1105.5	29.348	29.399	29.381	
14362	1105.6	29.348	29.399	29.381	
14363	1105.7	29.348	29.4	29.381	
14364	1105.8	29.348	29.4	29.381	
14365	1105.9	29.348	29.4	29.381	
14366	1106.	29.348	29.4	29.381	
14367	1106.	29.348	29.4	29.381	
14368	1106.	29.348	29.4	29.381	
14369	1106.	29.348	29.4	29.381	
14370	1106.1	29.348	29.4	29.381	
14371	1106.2	29.348	29.4	29.382	
14372	1106.3	29.348	29.4	29.382	
14373	1106.4	29.349	29.4	29.382	
14374	1106.5	29.349	29.4	29.382	
14375	1106.6	29.349	29.401	29.382	
14376	1106.7	29.349	29.401	29.382	
14377	1106.8	29.349	29.401	29.382	
14378	1106.9	29.349	29.401	29.382	
14379	1107.	29.349	29.401	29.382	
14380	1107.	29.349	29.401	29.382	
14381	1107.	29.349	29.401	29.382	
14382	1107.	29.349	29.401	29.383	
14383	1107.1	29.349	29.401	29.383	
14384	1107.2	29.349	29.401	29.383	
14385	1107.3	29.35	29.401	29.383	
14386	1107.4	29.35	29.401	29.383	
14387	1107.5	29.35	29.402	29.383	
14388	1107.6	29.35	29.402	29.383	
14389	1107.7	29.35	29.402	29.383	
14390	1107.8	29.35	29.402	29.383	
14391	1107.9	29.35	29.402	29.384	
14392	1108.	29.35	29.402	29.384	
14393	1108.	29.35	29.402	29.384	
14394	1108.	29.35	29.402	29.384	
14395	1108.	29.35	29.402	29.384	
14396	1108.1	29.35	29.402	29.384	
14397	1108.2	29.351	29.402	29.384	
14398	1108.3	29.351	29.403	29.384	
14399	1108.4	29.351	29.403	29.384	
14400	1108.5	29.351	29.403	29.384	
14401	1108.6	29.351	29.403	29.384	
14402	1108.7	29.351	29.403	29.384	
14403	1108.8	29.351	29.403	29.385	
14404	1108.9	29.351	29.403	29.385	
14405	1109.	29.351	29.403	29.385	
14406	1109.	29.351	29.403	29.385	
14407	1109.	29.351	29.403	29.385	
14408	1109.	29.351	29.403	29.385	
14409	1109.1	29.352	29.403	29.385	
14410	1109.2	29.352	29.404	29.385	
14411	1109.3	29.352	29.404	29.385	
14412	1109.4	29.352	29.404	29.385	
14413	1109.5	29.352	29.404	29.385	
14414	1109.6	29.352	29.404	29.385	
14415	1109.7	29.352	29.404	29.386	
14416	1109.8	29.352	29.404	29.386	
14417	1109.9	29.352	29.404	29.386	
14418	1110.	29.352	29.404	29.386	
14419	1110.	29.352	29.404	29.386	
14420	1110.	29.352	29.404	29.386	
14421	1110.	29.353	29.404	29.386	
14422	1110.1	29.353	29.405	29.386	
14423	1110.2	29.353	29.405	29.386	
14424	1110.3	29.353	29.405	29.386	
14425	1110.4	29.353	29.405	29.386	
14426	1110.5	29.353	29.405	29.386	
14427	1110.6	29.353	29.405	29.387	
14428	1110.7	29.353	29.405	29.387	
14429	1110.8	29.353	29.405	29.387	
14430	1110.9	29.354	29.405	29.387	
14431	1111.	29.354	29.405	29.387	
14432	1111.	29.354	29.406	29.387	
14433	1111.	29.354	29.406	29.387	
14434	1111.	29.354	29.406	29.387	
14435	1111.1	29.354	29.406	29.387	
14436	1111.2	29.354	29.406	29.387	
14437	1111.3	29.354	29.406	29.387	
14438	1111.4	29.354	29.406	29.387	
14439	1111.5	29.354	29.406	29.388	
14440	1111.6	29.354	29.406	29.388	
14441	1111.7	29.354	29.406	29.388	
14442	1111.8	29.355	29.406	29.388	
14443	1111.9	29.355	29.407	29.388	
14444	1112.	29.355	29.407	29.388	
14445	1112.	29.355	29.407	29.388	
14446	1112.	29.355	29.407	29.388	
14447	1112.	29.355	29.407	29.388	
14448	1112.1	29.355	29.407	29.388	
14449	1112.2	29.355	29.407	29.388	
14450	1112.3	29.355	29.407	29.388	
14451	1112.4	29.355	29.407	29.389	
14452	1112.5	29.355	29.407	29.389	
14453	1112.6	29.355	29.407	29.389	
14454	1112.7	29.356	29.407	29.389	
14455	1112.8	29.356	29.408	29.389	
14456	1112.9	29.356	29.408	29.389	
14457	1113.	29.356	29.408	29.389	
14458	1113.	29.356	29.408	29.389	
14459	1113.	29.356	29.408	29.389	
14460	1113.	29.356	29.408	29.389	
14461	1113.1	29.356	29.408	29.389	
14462	1113.2	29.356	29.408	29.389	
14463	1113.3	29.356	29.408	29.39	
14464	1113.4	29.356	29.408	29.39	
14465	1113.5	29.356	29.408	29.39	
14466	1113.6	29.357	29.408	29.39	
14467	1113.7	29.357	29.409	29.39	
14468	1113.8	29.357	29.409	29.39	
14469	1113.9	29.357	29.409	29.39	
14470	1114.	29.357	29.409	29.39	
14471	1114.	29.357	29.409	29.39	
14472	1114.	29.357	29.409	29.39	
14473	1114.	29.357	29.409	29.39	
14474	1114.1	29.357	29.409	29.39	
14475	1114.2	29.357	29.409	29.391	
14476	1114.3	29.357	29.409	29.391	
14477	1114.4	29.357	29.409	29.391	
14478	1114.5	29.358	29.409	29.391	
14479	1114.6	29.358	29.41	29.391	
14480	1114.7	29.358	29.41	29.391	
14481	1114.8	29.358	29.41	29.391	
14482	1114.9	29.358	29.41	29.391	
14483	1115.	29.358	29.41	29.391	
14484	1115.	29.358	29.41	29.391	
14485	1115.	29.358	29.41	29.391	
14486	1115.	29.358	29.41	29.391	
14487	1115.1	29.358	29.41	29.392	
14488	1115.2	29.358	29.41	29.392	
14489	1115.3	29.358	29.41	29.392	
14490	1115.4	29.359	29.41	29.392	
14491	1115.5	29.359	29.411	29.392	
14492	1115.6	29.359	29.411	29.392	
14493	1115.7	29.359	29.411	29.392	
14494	1115.8	29.359	29.411	29.392	
14495	1115.9	29.359	29.411	29.392	
14496	1116.	29.359	29.411	29.393	
14497	1116.	29.359	29.411	29.393	
14498	1116.	29.359	29.411	29.393	
14499	1116.	29.359	29.411	29.393	
14500	1116.1	29.359	29.411	29.393	
14501	1116.2	29.359	29.411	29.393	
14502	1116.3	29.36	29.411	29.393	
14503	1116.4	29.36	29.412	29.393	
14504	1116.5	29.36	29.412	29.393	
14505	1116.6	29.36	29.412	29.393	
14506	1116.7	29.36	29.412	29.393	
14507	1116.8	29.36	29.412	29.393	
14508	1116.9	29.36	29.412	29.394	
14509	1117.	29.36	29.412	29.394	
14510	1117.	29.36	29.412	29.394	
14511	1117.	29.36	29.412	29.394	
14512	1117.	29.36	29.412	29.394	
14513	1117.1	29.36	29.412	29.394	
14514	1117.2	29.361	29.413	29.394	
14515	1117.3	29.361	29.413	29.394	
14516	1117.4	29.361	29.413	29.394	
14517	1117.5	29.361	29.413	29.394	
14518	1117.6	29.361	29.413	29.394	
14519	1117.7	29.361	29.413	29.394	
14520	1117.8	29.361	29.413	29.395	
14521	1117.9	29.361	29.413	29.395	
14522	1118.	29.361	29.413	29.395	
14523	1118.	29.361	29.413	29.395	
14524	1118.	29.361	29.413	29.395	
14525	1118.	29.361	29.413	29.395	
14526	1118.1	29.362	29.414	29.395	
14527	1118.2	29.362	29.414	29.395	
14528	1118.3	29.362	29.414	29.395	
14529	1118.4	29.362	29.414	29.395	
14530	1118.5	29.362	29.414	29.395	
14531	1118.6	29.362	29.414	29.395	
14532	1118.7	29.362	29.414	29.396	
14533	1118.8	29.362	29.414	29.396	
14534	1118.9	29.362	29.414	29.396	
14535	1119.	29.362	29.414	29.396	
14536	1119.	29.363	29.414	29.396	
14537	1119.	29.363	29.415	29.396	
14538	1119.	29.363	29.415	29.396	
14539	1119.1	29.363	29.415	29.396	
14540	1119.2	29.363	29.415	29.396	
14541	1119.3	29.363	29.415	29.396	
14542	1119.4	29.363	29.415	29.396	
14543	1119.5	29.363	29.415	29.396	
14544	1119.6	29.363	29.415	29.397	
14545	1119.7	29.363	29.415	29.397	
14546	1119.8	29.363	29.415	29.397	
14547	1119.9	29.364	29.416	29.397	
14548	1120.	29.364	29.416	29.397	
14549	1120.	29.364	29.416	29.397	
14550	1120.	29.364	29.416	29.397	
14551	1120.	29.364	29.416	29.397	
14552	1120.1	29.364	29.416	29.397	
14553	1120.2	29.364	29.416	29.397	
14554	1120.3	29.364	29.416	29.397	
14555	1120.4	29.364	29.416	29.397	
14556	1120.5	29.364	29.416	29.398	
14557	1120.6	29.364	29.416	29.398	
14558	1120.7	29.364	29.416	29.398	
14559	1120.8	29.365	29.417	29.398	
14560	1120.9	29.365	29.417	29.398	
14561	1121.	29.365	29.417	29.398	
14562	1121.	29.365	29.417	29.398	
14563	1121.	29.365	29.417	29.398	
14564	1121.	29.365	29.417	29.398	
14565	1121.1	29.365	29.417	29.398	
14566	1121.2	29.365	29.417	29.398	
14567	1121.3	29.365	29.417	29.399	
14568	1121.4	29.365	29.417	29.399	
14569	1121.5	29.365	29.417	29.399	
14570	1121.6	29.365	29.417	29.399	
14571	1121.7	29.366	29.418	29.399	
14572	1121.8	29.366	29.418	29.399	
14573	1121.9	29.366	29.418	29.399	
14574	1122.	29.366	29.418	29.399	
14575	1122.	29.366	29.418	29.399	
14576	1122.	29.366	29.418	29.399	
14577	1122.	29.366	29.418	29.399	
14578	1122.1	29.366	29.418	29.399	
14579	1122.2	29.366	29.418	29.4	
14580	1122.3	29.366	29.418	29.4	
14581	1122.4	29.366	29.418	29.4	
14582	1122.5	29.366	29.418	29.4	
14583	1122.6	29.367	29.419	29.4	
14584	1122.7	29.367	29.419	29.4	
14585	1122.8	29.367	29.419	29.4	
14586	1122.9	29.367	29.419	29.4	
14587	1123.	29.367	29.419	29.4	
14588	1123.	29.367	29.419	29.4	
14589	1123.	29.367	29.419	29.4	
14590	1123.	29.367	29.419	29.4	
14591	1123.1	29.367	29.419	29.401	
14592	1123.2	29.367	29.419	29.401	
14593	1123.3	29.367	29.419	29.401	
14594	1123.4	29.367	29.419	29.401	
14595	1123.5	29.368	29.42	29.401	
14596	1123.6	29.368	29.42	29.401	
14597	1123.7	29.368	29.42	29.401	
14598	1123.8	29.368	29.42	29.401	
14599	1123.9	29.368	29.42	29.401	
14600	1124.	29.368	29.42	29.401	
14601	1124.	29.368	29.42	29.401	
14602	1124.	29.368	29.42	29.402	
14603	1124.	29.368	29.42	29.402	
14604	1124.1	29.368	29.42	29.402	
14605	1124.2	29.368	29.42	29.402	
14606	1124.3	29.368	29.42	29.402	
14607	1124.4	29.369	29.421	29.402	
14608	1124.5	29.369	29.421	29.402	
14609	1124.6	29.369	29.421	29.402	
14610	1124.7	29.369	29.421	29.402	
14611	1124.8	29.369	29.421	29.402	
14612	1124.9	29.369	29.421	29.403	
14613	1125.	29.369	29.421	29.403	
14614	1125.	29.369	29.421	29.403	
14615	1125.	29.369	29.421	29.403	
14616	1125.	29.369	29.421	29.403	
14617	1125.1	29.369	29.421	29.403	
14618	1125.2	29.369	29.421	29.403	
14619	1125.3	29.37	29.422	29.403	
14620	1125.4	29.37	29.422	29.403	
14621	1125.5	29.37	29.422	29.403	
14622	1125.6	29.37	29.422	29.403	
14623	1125.7	29.37	29.422	29.403	
14624	1125.8	29.37	29.422	29.404	
14625	1125.9	29.37	29.422	29.404	
14626	1126.	29.37	29.422	29.404	
14627	1126.	29.37	29.422	29.404	
14628	1126.	29.37	29.422	29.404	
14629	1126.	29.37	29.422	29.404	
14630	1126.1	29.37	29.423	29.404	
14631	1126.2	29.371	29.423	29.404	
14632	1126.3	29.371	29.423	29.404	
14633	1126.4	29.371	29.423	29.404	
14634	1126.5	29.371	29.423	29.404	
14635	1126.6	29.371	29.423	29.404	
14636	1126.7	29.371	29.423	29.405	
14637	1126.8	29.371	29.423	29.405	
14638	1126.9	29.371	29.423	29.405	
14639	1127.	29.371	29.423	29.405	
14640	1127.	29.371	29.423	29.405	
14641	1127.	29.371	29.423	29.405	
14642	1127.	29.371	29.424	29.405	
14643	1127.1	29.372	29.424	29.405	
14644	1127.2	29.372	29.424	29.405	
14645	1127.3	29.372	29.424	29.405	
14646	1127.4	29.372	29.424	29.405	
14647	1127.5	29.372	29.424	29.405	
14648	1127.6	29.372	29.424	29.406	
14649	1127.7	29.372	29.424	29.406	
14650	1127.8	29.372	29.424	29.406	
14651	1127.9	29.372	29.425	29.406	
14652	1128.	29.373	29.425	29.406	
14653	1128.	29.373	29.425	29.406	
14654	1128.	29.373	29.425	29.406	
14655	1128.	29.373	29.425	29.406	
14656	1128.1	29.373	29.425	29.406	
14657	1128.2	29.373	29.425	29.406	
14658	1128.3	29.373	29.425	29.406	
14659	1128.4	29.373	29.425	29.406	
14660	1128.5	29.373	29.425	29.407	
14661	1128.6	29.373	29.425	29.407	
14662	1128.7	29.373	29.425	29.407	
14663	1128.8	29.373	29.426	29.407	
14664	1128.9	29.374	29.426	29.407	
14665	1129.	29.374	29.426	29.407	
14666	1129.	29.374	29.426	29.407	
14667	1129.	29.374	29.426	29.407	
14668	1129.	29.374	29.426	29.407	
14669	1129.1	29.374	29.426	29.407	
14670	1129.2	29.374	29.426	29.407	
14671	1129.3	29.374	29.426	29.407	
14672	1129.4	29.374	29.426	29.408	
14673	1129.5	29.374	29.426	29.408	
14674	1129.6	29.374	29.426	29.408	
14675	1129.7	29.374	29.427	29.408	
14676	1129.8	29.375	29.427	29.408	
14677	1129.9	29.375	29.427	29.408	
14678	1130.	29.375	29.427	29.408	
14679	1130.	29.375	29.427	29.408	
14680	1130.	29.375	29.427	29.408	
14681	1130.	29.375	29.427	29.408	
14682	1130.1	29.375	29.427	29.408	
14683	1130.2	29.375	29.427	29.408	
14684	1130.3	29.375	29.427	29.409	
14685	1130.4	29.375	29.427	29.409	
14686	1130.5	29.375	29.427	29.409	
14687	1130.6	29.375	29.428	29.409	
14688	1130.7	29.376	29.428	29.409	
14689	1130.8	29.376	29.428	29.409	
14690	1130.9	29.376	29.428	29.409	
14691	1131.	29.376	29.428	29.409	
14692	1131.	29.376	29.428	29.409	
14693	1131.	29.376	29.428	29.409	
14694	1131.	29.376	29.428	29.409	
14695	1131.1	29.376	29.428	29.409	
14696	1131.2	29.376	29.428	29.41	
14697	1131.3	29.376	29.428	29.41	
14698	1131.4	29.376	29.428	29.41	
14699	1131.5	29.376	29.429	29.41	
14700	1131.6	29.377	29.429	29.41	
14701	1131.7	29.377	29.429	29.41	
14702	1131.8	29.377	29.429	29.41	
14703	1131.9	29.377	29.429	29.41	
14704	1132.	29.377	29.429	29.41	
14705	1132.	29.377	29.429	29.41	
14706	1132.	29.377	29.429	29.41	
14707	1132.	29.377	29.429	29.411	
14708	1132.1	29.377	29.429	29.411	
14709	1132.2	29.377	29.429	29.411	
14710	1132.3	29.377	29.429	29.411	
14711	1132.4	29.377	29.43	29.411	
14712	1132.5	29.378	29.43	29.411	
14713	1132.6	29.378	29.43	29.411	
14714	1132.7	29.378	29.43	29.411	
14715	1132.8	29.378	29.43	29.411	
14716	1132.9	29.378	29.43	29.412	
14717	1133.	29.378	29.43	29.412	
14718	1133.	29.378	29.43	29.412	
14719	1133.	29.378	29.43	29.412	
14720	1133.	29.378	29.43	29.412	
14721	1133.1	29.378	29.43	29.412	
14722	1133.2	29.378	29.43	29.412	
14723	1133.3	29.378	29.431	29.412	
14724	1133.4	29.379	29.431	29.412	
14725	1133.5	29.379	29.431	29.412	
14726	1133.6	29.379	29.431	29.412	
14727	1133.7	29.379	29.431	29.412	
14728	1133.8	29.379	29.431	29.413	
14729	1133.9	29.379	29.431	29.413	
14730	1134.	29.379	29.431	29.413	
14731	1134.	29.379	29.431	29.413	
14732	1134.	29.379	29.431	29.413	
14733	1134.	29.379	29.431	29.413	
14734	1134.1	29.379	29.432	29.413	
14735	1134.2	29.379	29.432	29.413	
14736	1134.3	29.38	29.432	29.413	
14737	1134.4	29.38	29.432	29.413	
14738	1134.5	29.38	29.432	29.413	
14739	1134.6	29.38	29.432	29.413	
14740	1134.7	29.38	29.432	29.414	
14741	1134.8	29.38	29.432	29.414	
14742	1134.9	29.38	29.432	29.414	
14743	1135.	29.38	29.432	29.414	
14744	1135.	29.38	29.432	29.414	
14745	1135.	29.38	29.432	29.414	
14746	1135.	29.38	29.433	29.414	
14747	1135.1	29.38	29.433	29.414	
14748	1135.2	29.381	29.433	29.414	
14749	1135.3	29.381	29.433	29.414	
14750	1135.4	29.381	29.433	29.414	
14751	1135.5	29.381	29.433	29.414	
14752	1135.6	29.381	29.433	29.415	
14753	1135.7	29.381	29.433	29.415	
14754	1135.8	29.381	29.433	29.415	
14755	1135.9	29.381	29.434	29.415	
14756	1136.	29.381	29.434	29.415	
14757	1136.	29.381	29.434	29.415	
14758	1136.	29.381	29.434	29.415	
14759	1136.	29.381	29.434	29.415	
14760	1136.1	29.382	29.434	29.415	
14761	1136.2	29.382	29.434	29.415	
14762	1136.3	29.382	29.434	29.415	
14763	1136.4	29.382	29.434	29.415	
14764	1136.5	29.382	29.434	29.416	
14765	1136.6	29.382	29.434	29.416	
14766	1136.7	29.382	29.434	29.416	
14767	1136.8	29.382	29.435	29.416	
14768	1136.9	29.382	29.435	29.416	
14769	1137.	29.383	29.435	29.416	
14770	1137.	29.383	29.435	29.416	
14771	1137.	29.383	29.435	29.416	
14772	1137.	29.383	29.435	29.416	
14773	1137.1	29.383	29.435	29.416	
14774	1137.2	29.383	29.435	29.416	
14775	1137.3	29.383	29.435	29.416	
14776	1137.4	29.383	29.435	29.417	
14777	1137.5	29.383	29.435	29.417	
14778	1137.6	29.383	29.435	29.417	
14779	1137.7	29.383	29.436	29.417	
14780	1137.8	29.383	29.436	29.417	
14781	1137.9	29.384	29.436	29.417	
14782	1138.	29.384	29.436	29.417	
14783	1138.	29.384	29.436	29.417	
14784	1138.	29.384	29.436	29.417	
14785	1138.	29.384	29.436	29.417	
14786	1138.1	29.384	29.436	29.417	
14787	1138.2	29.384	29.436	29.417	
14788	1138.3	29.384	29.436	29.418	
14789	1138.4	29.384	29.436	29.418	
14790	1138.5	29.384	29.436	29.418	
14791	1138.6	29.384	29.437	29.418	
14792	1138.7	29.384	29.437	29.418	
14793	1138.8	29.385	29.437	29.418	
14794	1138.9	29.385	29.437	29.418	
14795	1139.	29.385	29.437	29.418	
14796	1139.	29.385	29.437	29.418	
14797	1139.	29.385	29.437	29.418	
14798	1139.	29.385	29.437	29.418	
14799	1139.1	29.385	29.437	29.418	
14800	1139.2	29.385	29.437	29.419	
14801	1139.3	29.385	29.437	29.419	
14802	1139.4	29.385	29.437	29.419	
14803	1139.5	29.385	29.438	29.419	
14804	1139.6	29.385	29.438	29.419	
14805	1139.7	29.386	29.438	29.419	
14806	1139.8	29.386	29.438	29.419	
14807	1139.9	29.386	29.438	29.419	
14808	1140.	29.386	29.438	29.419	
14809	1140.	29.386	29.438	29.419	
14810	1140.	29.386	29.438	29.419	
14811	1140.	29.386	29.438	29.419	
14812	1140.1	29.386	29.438	29.42	
14813	1140.2	29.386	29.438	29.42	
14814	1140.3	29.386	29.438	29.42	
14815	1140.4	29.386	29.439	29.42	
14816	1140.5	29.386	29.439	29.42	
14817	1140.6	29.387	29.439	29.42	
14818	1140.7	29.387	29.439	29.42	
14819	1140.8	29.387	29.439	29.42	
14820	1140.9	29.387	29.439	29.42	
14821	1141.	29.387	29.439	29.421	
14822	1141.	29.387	29.439	29.421	
14823	1141.	29.387	29.439	29.421	
14824	1141.	29.387	29.439	29.421	
14825	1141.1	29.387	29.439	29.421	
14826	1141.2	29.387	29.439	29.421	
14827	1141.3	29.387	29.44	29.421	
14828	1141.4	29.387	29.44	29.421	
14829	1141.5	29.388	29.44	29.421	
14830	1141.6	29.388	29.44	29.421	
14831	1141.7	29.388	29.44	29.421	
14832	1141.8	29.388	29.44	29.421	
14833	1141.9	29.388	29.44	29.422	
14834	1142.	29.388	29.44	29.422	
14835	1142.	29.388	29.44	29.422	
14836	1142.	29.388	29.44	29.422	
14837	1142.	29.388	29.44	29.422	
14838	1142.1	29.388	29.441	29.422	
14839	1142.2	29.388	29.441	29.422	
14840	1142.3	29.388	29.441	29.422	
14841	1142.4	29.389	29.441	29.422	
14842	1142.5	29.389	29.441	29.422	
14843	1142.6	29.389	29.441	29.422	
14844	1142.7	29.389	29.441	29.422	
14845	1142.8	29.389	29.441	29.423	
14846	1142.9	29.389	29.441	29.423	
14847	1143.	29.389	29.441	29.423	
14848	1143.	29.389	29.441	29.423	
14849	1143.	29.389	29.441	29.423	
14850	1143.	29.389	29.442	29.423	
14851	1143.1	29.389	29.442	29.423	
14852	1143.2	29.389	29.442	29.423	
14853	1143.3	29.39	29.442	29.423	
14854	1143.4	29.39	29.442	29.423	
14855	1143.5	29.39	29.442	29.423	
14856	1143.6	29.39	29.442	29.424	
14857	1143.7	29.39	29.442	29.424	
14858	1143.8	29.39	29.442	29.424	
14859	1143.9	29.39	29.443	29.424	
14860	1144.	29.39	29.443	29.424	
14861	1144.	29.39	29.443	29.424	
14862	1144.	29.39	29.443	29.424	
14863	1144.	29.39	29.443	29.424	
14864	1144.1	29.391	29.443	29.424	
14865	1144.2	29.391	29.443	29.424	
14866	1144.3	29.391	29.443	29.424	
14867	1144.4	29.391	29.443	29.424	
14868	1144.5	29.391	29.443	29.425	
14869	1144.6	29.391	29.443	29.425	
14870	1144.7	29.391	29.443	29.425	
14871	1144.8	29.391	29.444	29.425	
14872	1144.9	29.391	29.444	29.425	
14873	1145.	29.391	29.444	29.425	
14874	1145.	29.391	29.444	29.425	
14875	1145.	29.391	29.444	29.425	
14876	1145.	29.392	29.444	29.425	
14877	1145.1	29.392	29.444	29.425	
14878	1145.2	29.392	29.444	29.425	
14879	1145.3	29.392	29.444	29.425	
14880	1145.4	29.392	29.444	29.426	
14881	1145.5	29.392	29.444	29.426	
14882	1145.6	29.392	29.444	29.426	
14883	1145.7	29.392	29.445	29.426	
14884	1145.8	29.392	29.445	29.426	
14885	1145.9	29.393	29.445	29.426	
14886	1146.	29.393	29.445	29.426	
14887	1146.	29.393	29.445	29.426	
14888	1146.	29.393	29.445	29.426	
14889	1146.	29.393	29.445	29.426	
14890	1146.1	29.393	29.445	29.426	
14891	1146.2	29.393	29.445	29.426	
14892	1146.3	29.393	29.445	29.427	
14893	1146.4	29.393	29.445	29.427	
14894	1146.5	29.393	29.445	29.427	
14895	1146.6	29.393	29.446	29.427	
14896	1146.7	29.393	29.446	29.427	
14897	1146.8	29.394	29.446	29.427	
14898	1146.9	29.394	29.446	29.427	
14899	1147.	29.394	29.446	29.427	
14900	1147.	29.394	29.446	29.427	
14901	1147.	29.394	29.446	29.427	
14902	1147.	29.394	29.446	29.427	
14903	1147.1	29.394	29.446	29.427	
14904	1147.2	29.394	29.446	29.428	
14905	1147.3	29.394	29.446	29.428	
14906	1147.4	29.394	29.446	29.428	
14907	1147.5	29.394	29.447	29.428	
14908	1147.6	29.394	29.447	29.428	
14909	1147.7	29.395	29.447	29.428	
14910	1147.8	29.395	29.447	29.428	
14911	1147.9	29.395	29.447	29.428	
14912	1148.	29.395	29.447	29.428	
14913	1148.	29.395	29.447	29.428	
14914	1148.	29.395	29.447	29.428	
14915	1148.	29.395	29.447	29.428	
14916	1148.1	29.395	29.447	29.429	
14917	1148.2	29.395	29.447	29.429	
14918	1148.3	29.395	29.447	29.429	
14919	1148.4	29.395	29.448	29.429	
14920	1148.5	29.395	29.448	29.429	
14921	1148.6	29.396	29.448	29.429	
14922	1148.7	29.396	29.448	29.429	
14923	1148.8	29.396	29.448	29.429	
14924	1148.9	29.396	29.448	29.429	
14925	1149.	29.396	29.448	29.43	
14926	1149.	29.396	29.448	29.43	
14927	1149.	29.396	29.448	29.43	
14928	1149.	29.396	29.448	29.43	
14929	1149.1	29.396	29.448	29.43	
14930	1149.2	29.396	29.448	29.43	
14931	1149.3	29.396	29.449	29.43	
14932	1149.4	29.396	29.449	29.43	
14933	1149.5	29.397	29.449	29.43	
14934	1149.6	29.397	29.449	29.43	
14935	1149.7	29.397	29.449	29.43	
14936	1149.8	29.397	29.449	29.43	
14937	1149.9	29.397	29.449	29.431	
14938	1150.	29.397	29.449	29.431	
14939	1150.	29.397	29.449	29.431	
14940	1150.	29.397	29.449	29.431	
14941	1150.	29.397	29.449	29.431	
14942	1150.1	29.397	29.45	29.431	
14943	1150.2	29.397	29.45	29.431	
14944	1150.3	29.397	29.45	29.431	
14945	1150.4	29.398	29.45	29.431	
14946	1150.5	29.398	29.45	29.431	
14947	1150.6	29.398	29.45	29.431	
14948	1150.7	29.398	29.45	29.431	
14949	1150.8	29.398	29.45	29.432	
14950	1150.9	29.398	29.45	29.432	
14951	1151.	29.398	29.45	29.432	
14952	1151.	29.398	29.45	29.432	
14953	1151.	29.398	29.451	29.432	
14954	1151.	29.398	29.451	29.432	
14955	1151.1	29.398	29.451	29.432	
14956	1151.2	29.398	29.451	29.432	
14957	1151.3	29.399	29.451	29.432	
14958	1151.4	29.399	29.451	29.432	
14959	1151.5	29.399	29.451	29.432	
14960	1151.6	29.399	29.451	29.432	
14961	1151.7	29.399	29.451	29.433	
14962	1151.8	29.399	29.451	29.433	
14963	1151.9	29.399	29.452	29.433	
14964	1152.	29.399	29.452	29.433	
14965	1152.	29.399	29.452	29.433	
14966	1152.	29.399	29.452	29.433	
14967	1152.	29.399	29.452	29.433	
14968	1152.1	29.399	29.452	29.433	
14969	1152.2	29.4	29.452	29.433	
14970	1152.3	29.4	29.452	29.433	
14971	1152.4	29.4	29.452	29.433	
14972	1152.5	29.4	29.452	29.433	
14973	1152.6	29.4	29.452	29.434	
14974	1152.7	29.4	29.452	29.434	
14975	1152.8	29.4	29.453	29.434	
14976	1152.9	29.4	29.453	29.434	
14977	1153.	29.4	29.453	29.434	
14978	1153.	29.4	29.453	29.434	
14979	1153.	29.4	29.453	29.434	
14980	1153.	29.4	29.453	29.434	
14981	1153.1	29.401	29.453	29.434	
14982	1153.2	29.401	29.453	29.434	
14983	1153.3	29.401	29.453	29.434	
14984	1153.4	29.401	29.453	29.435	
14985	1153.5	29.401	29.453	29.435	
14986	1153.6	29.401	29.453	29.435	
14987	1153.7	29.401	29.454	29.435	
14988	1153.8	29.401	29.454	29.435	
14989	1153.9	29.401	29.454	29.435	
14990	1154.	29.402	29.454	29.435	
14991	1154.	29.402	29.454	29.435	
14992	1154.	29.402	29.454	29.435	
14993	1154.	29.402	29.454	29.435	
14994	1154.1	29.402	29.454	29.435	
14995	1154.2	29.402	29.454	29.435	
14996	1154.3	29.402	29.454	29.436	
14997	1154.4	29.402	29.454	29.436	
14998	1154.5	29.402	29.454	29.436	
14999	1154.6	29.402	29.455	29.436	
15000	1154.7	29.402	29.455	29.436	
15001	1154.8	29.402	29.455	29.436	
15002	1154.9	29.403	29.455	29.436	
15003	1155.	29.403	29.455	29.436	
15004	1155.	29.403	29.455	29.436	
15005	1155.	29.403	29.455	29.436	
15006	1155.	29.403	29.455	29.436	
15007	1155.1	29.403	29.455	29.436	
15008	1155.2	29.403	29.455	29.437	
15009	1155.3	29.403	29.455	29.437	
15010	1155.4	29.403	29.455	29.437	
15011	1155.5	29.403	29.456	29.437	
15012	1155.6	29.403	29.456	29.437	
15013	1155.7	29.403	29.456	29.437	
15014	1155.8	29.404	29.456	29.437	
15015	1155.9	29.404	29.456	29.437	
15016	1156.	29.404	29.456	29.437	
15017	1156.	29.404	29.456	29.437	
15018	1156.	29.404	29.456	29.437	
15019	1156.	29.404	29.456	29.437	
15020	1156.1	29.404	29.456	29.438	
15021	1156.2	29.404	29.456	29.438	
15022	1156.3	29.404	29.456	29.438	
15023	1156.4	29.404	29.457	29.438	
15024	1156.5	29.404	29.457	29.438	
15025	1156.6	29.404	29.457	29.438	
15026	1156.7	29.405	29.457	29.438	
15027	1156.8	29.405	29.457	29.438	
15028	1156.9	29.405	29.457	29.438	
15029	1157.	29.405	29.457	29.439	
15030	1157.	29.405	29.457	29.439	
15031	1157.	29.405	29.457	29.439	
15032	1157.	29.405	29.457	29.439	
15033	1157.1	29.405	29.457	29.439	
15034	1157.2	29.405	29.458	29.439	
15035	1157.3	29.405	29.458	29.439	
15036	1157.4	29.405	29.458	29.439	
15037	1157.5	29.405	29.458	29.439	
15038	1157.6	29.406	29.458	29.439	
15039	1157.7	29.406	29.458	29.439	
15040	1157.8	29.406	29.458	29.439	
15041	1157.9	29.406	29.458	29.44	
15042	1158.	29.406	29.458	29.44	
15043	1158.	29.406	29.458	29.44	
15044	1158.	29.406	29.458	29.44	
15045	1158.	29.406	29.458	29.44	
15046	1158.1	29.406	29.459	29.44	
15047	1158.2	29.406	29.459	29.44	
15048	1158.3	29.406	29.459	29.44	
15049	1158.4	29.406	29.459	29.44	
15050	1158.5	29.407	29.459	29.44	
15051	1158.6	29.407	29.459	29.44	
15052	1158.7	29.407	29.459	29.44	
15053	1158.8	29.407	29.459	29.441	
15054	1158.9	29.407	29.459	29.441	
15055	1159.	29.407	29.459	29.441	
15056	1159.	29.407	29.46	29.441	
15057	1159.	29.407	29.46	29.441	
15058	1159.	29.407	29.46	29.441	
15059	1159.1	29.407	29.46	29.441	
15060	1159.2	29.407	29.46	29.441	
15061	1159.3	29.407	29.46	29.441	
15062	1159.4	29.408	29.46	29.441	
15063	1159.5	29.408	29.46	29.441	
15064	1159.6	29.408	29.46	29.441	
15065	1159.7	29.408	29.46	29.442	
15066	1159.8	29.408	29.46	29.442	
15067	1159.9	29.408	29.461	29.442	
15068	1160.	29.408	29.461	29.442	
15069	1160.	29.408	29.461	29.442	
15070	1160.	29.408	29.461	29.442	
15071	1160.	29.408	29.461	29.442	
15072	1160.1	29.408	29.461	29.442	
15073	1160.2	29.408	29.461	29.442	
15074	1160.3	29.409	29.461	29.442	
15075	1160.4	29.409	29.461	29.442	
15076	1160.5	29.409	29.461	29.442	
15077	1160.6	29.409	29.461	29.443	
15078	1160.7	29.409	29.461	29.443	
15079	1160.8	29.409	29.462	29.443	
15080	1160.9	29.409	29.462	29.443	
15081	1161.	29.409	29.462	29.443	
15082	1161.	29.409	29.462	29.443	
15083	1161.	29.409	29.462	29.443	
15084	1161.	29.409	29.462	29.443	
15085	1161.1	29.409	29.462	29.443	
15086	1161.2	29.41	29.462	29.443	
15087	1161.3	29.41	29.462	29.443	
15088	1161.4	29.41	29.462	29.443	
15089	1161.5	29.41	29.462	29.444	
15090	1161.6	29.41	29.462	29.444	
15091	1161.7	29.41	29.463	29.444	
15092	1161.8	29.41	29.463	29.444	
15093	1161.9	29.41	29.463	29.444	
15094	1162.	29.41	29.463	29.444	
15095	1162.	29.41	29.463	29.444	
15096	1162.	29.41	29.463	29.444	
15097	1162.	29.41	29.463	29.444	
15098	1162.1	29.411	29.463	29.444	
15099	1162.2	29.411	29.463	29.444	
15100	1162.3	29.411	29.463	29.445	
15101	1162.4	29.411	29.463	29.445	
15102	1162.5	29.411	29.463	29.445	
15103	1162.6	29.411	29.464	29.445	
15104	1162.7	29.411	29.464	29.445	
15105	1162.8	29.411	29.464	29.445	
15106	1162.9	29.411	29.464	29.445	
15107	1163.	29.412	29.464	29.445	
15108	1163.	29.412	29.464	29.445	
15109	1163.	29.412	29.464	29.445	
15110	1163.	29.412	29.464	29.445	
15111	1163.1	29.412	29.464	29.445	
15112	1163.2	29.412	29.464	29.446	
15113	1163.3	29.412	29.464	29.446	
15114	1163.4	29.412	29.464	29.446	
15115	1163.5	29.412	29.465	29.446	
15116	1163.6	29.412	29.465	29.446	
15117	1163.7	29.412	29.465	29.446	
15118	1163.8	29.412	29.465	29.446	
15119	1163.9	29.413	29.465	29.446	
15120	1164.	29.413	29.465	29.446	
15121	1164.	29.413	29.465	29.446	
15122	1164.	29.413	29.465	29.446	
15123	1164.	29.413	29.465	29.446	
15124	1164.1	29.413	29.465	29.447	
15125	1164.2	29.413	29.465	29.447	
15126	1164.3	29.413	29.466	29.447	
15127	1164.4	29.413	29.466	29.447	
15128	1164.5	29.413	29.466	29.447	
15129	1164.6	29.413	29.466	29.447	
15130	1164.7	29.413	29.466	29.447	
15131	1164.8	29.414	29.466	29.447	
15132	1164.9	29.414	29.466	29.447	
15133	1165.	29.414	29.466	29.447	
15134	1165.	29.414	29.466	29.448	
15135	1165.	29.414	29.466	29.448	
15136	1165.	29.414	29.466	29.448	
15137	1165.1	29.414	29.466	29.448	
15138	1165.2	29.414	29.467	29.448	
15139	1165.3	29.414	29.467	29.448	
15140	1165.4	29.414	29.467	29.448	
15141	1165.5	29.414	29.467	29.448	
15142	1165.6	29.415	29.467	29.448	
15143	1165.7	29.415	29.467	29.448	
15144	1165.8	29.415	29.467	29.448	
15145	1165.9	29.415	29.467	29.449	
15146	1166.	29.415	29.467	29.449	
15147	1166.	29.415	29.467	29.449	
15148	1166.	29.415	29.467	29.449	
15149	1166.	29.415	29.467	29.449	
15150	1166.1	29.415	29.468	29.449	
15151	1166.2	29.415	29.468	29.449	
15152	1166.3	29.415	29.468	29.449	
15153	1166.4	29.415	29.468	29.449	
15154	1166.5	29.416	29.468	29.449	
15155	1166.6	29.416	29.468	29.449	
15156	1166.7	29.416	29.468	29.449	
15157	1166.8	29.416	29.468	29.45	
15158	1166.9	29.416	29.468	29.45	
15159	1167.	29.416	29.469	29.45	
15160	1167.	29.416	29.469	29.45	
15161	1167.	29.416	29.469	29.45	
15162	1167.	29.416	29.469	29.45	
15163	1167.1	29.416	29.469	29.45	
15164	1167.2	29.416	29.469	29.45	
15165	1167.3	29.416	29.469	29.45	
15166	1167.4	29.417	29.469	29.45	
15167	1167.5	29.417	29.469	29.45	
15168	1167.6	29.417	29.469	29.45	
15169	1167.7	29.417	29.469	29.451	
15170	1167.8	29.417	29.469	29.451	
15171	1167.9	29.417	29.47	29.451	
15172	1168.	29.417	29.47	29.451	
15173	1168.	29.417	29.47	29.451	
15174	1168.	29.417	29.47	29.451	
15175	1168.	29.417	29.47	29.451	
15176	1168.1	29.417	29.47	29.451	
15177	1168.2	29.417	29.47	29.451	
15178	1168.3	29.418	29.47	29.451	
15179	1168.4	29.418	29.47	29.451	
15180	1168.5	29.418	29.47	29.451	
15181	1168.6	29.418	29.47	29.452	
15182	1168.7	29.418	29.47	29.452	
15183	1168.8	29.418	29.471	29.452	
15184	1168.9	29.418	29.471	29.452	
15185	1169.	29.418	29.471	29.452	
15186	1169.	29.418	29.471	29.452	
15187	1169.	29.418	29.471	29.452	
15188	1169.	29.418	29.471	29.452	
15189	1169.1	29.418	29.471	29.452	
15190	1169.2	29.419	29.471	29.452	
15191	1169.3	29.419	29.471	29.452	
15192	1169.4	29.419	29.471	29.452	
15193	1169.5	29.419	29.471	29.453	
15194	1169.6	29.419	29.471	29.453	
15195	1169.7	29.419	29.472	29.453	
15196	1169.8	29.419	29.472	29.453	
15197	1169.9	29.419	29.472	29.453	
15198	1170.	29.419	29.472	29.453	
15199	1170.	29.419	29.472	29.453	
15200	1170.	29.419	29.472	29.453	
15201	1170.	29.419	29.472	29.453	
15202	1170.1	29.42	29.472	29.453	
15203	1170.2	29.42	29.472	29.453	
15204	1170.3	29.42	29.472	29.453	
15205	1170.4	29.42	29.472	29.454	
15206	1170.5	29.42	29.473	29.454	
15207	1170.6	29.42	29.473	29.454	
15208	1170.7	29.42	29.473	29.454	
15209	1170.8	29.42	29.473	29.454	
15210	1170.9	29.42	29.473	29.454	
15211	1171.	29.42	29.473	29.454	
15212	1171.	29.421	29.473	29.454	
15213	1171.	29.421	29.473	29.454	
15214	1171.	29.421	29.473	29.454	
15215	1171.1	29.421	29.473	29.454	
15216	1171.2	29.421	29.473	29.455	
15217	1171.3	29.421	29.473	29.455	
15218	1171.4	29.421	29.474	29.455	
15219	1171.5	29.421	29.474	29.455	
15220	1171.6	29.421	29.474	29.455	
15221	1171.7	29.421	29.474	29.455	
15222	1171.8	29.421	29.474	29.455	
15223	1171.9	29.422	29.474	29.455	
15224	1172.	29.422	29.474	29.455	
15225	1172.	29.422	29.474	29.455	
15226	1172.	29.422	29.474	29.455	
15227	1172.	29.422	29.474	29.455	
15228	1172.1	29.422	29.474	29.456	
15229	1172.2	29.422	29.474	29.456	
15230	1172.3	29.422	29.475	29.456	
15231	1172.4	29.422	29.475	29.456	
15232	1172.5	29.422	29.475	29.456	
15233	1172.6	29.422	29.475	29.456	
15234	1172.7	29.422	29.475	29.456	
15235	1172.8	29.423	29.475	29.456	
15236	1172.9	29.423	29.475	29.456	
15237	1173.	29.423	29.475	29.456	
15238	1173.	29.423	29.475	29.456	
15239	1173.	29.423	29.475	29.457	
15240	1173.	29.423	29.475	29.457	
15241	1173.1	29.423	29.475	29.457	
15242	1173.2	29.423	29.476	29.457	
15243	1173.3	29.423	29.476	29.457	
15244	1173.4	29.423	29.476	29.457	
15245	1173.5	29.423	29.476	29.457	
15246	1173.6	29.423	29.476	29.457	
15247	1173.7	29.424	29.476	29.457	
15248	1173.8	29.424	29.476	29.457	
15249	1173.9	29.424	29.476	29.458	
15250	1174.	29.424	29.476	29.458	
15251	1174.	29.424	29.476	29.458	
15252	1174.	29.424	29.476	29.458	
15253	1174.	29.424	29.476	29.458	
15254	1174.1	29.424	29.477	29.458	
15255	1174.2	29.424	29.477	29.458	
15256	1174.3	29.424	29.477	29.458	
15257	1174.4	29.424	29.477	29.458	
15258	1174.5	29.424	29.477	29.458	
15259	1174.6	29.425	29.477	29.458	
15260	1174.7	29.425	29.477	29.458	
15261	1174.8	29.425	29.477	29.459	
15262	1174.9	29.425	29.477	29.459	
15263	1175.	29.425	29.478	29.459	
15264	1175.	29.425	29.478	29.459	
15265	1175.	29.425	29.478	29.459	
15266	1175.	29.425	29.478	29.459	
15267	1175.1	29.425	29.478	29.459	
15268	1175.2	29.425	29.478	29.459	
15269	1175.3	29.425	29.478	29.459	
15270	1175.4	29.425	29.478	29.459	
15271	1175.5	29.426	29.478	29.459	
15272	1175.6	29.426	29.478	29.459	
15273	1175.7	29.426	29.478	29.46	
15274	1175.8	29.426	29.478	29.46	
15275	1175.9	29.426	29.479	29.46	
15276	1176.	29.426	29.479	29.46	
15277	1176.	29.426	29.479	29.46	
15278	1176.	29.426	29.479	29.46	
15279	1176.	29.426	29.479	29.46	
15280	1176.1	29.426	29.479	29.46	
15281	1176.2	29.426	29.479	29.46	
15282	1176.3	29.426	29.479	29.46	
15283	1176.4	29.427	29.479	29.46	
15284	1176.5	29.427	29.479	29.46	
15285	1176.6	29.427	29.479	29.461	
15286	1176.7	29.427	29.479	29.461	
15287	1176.8	29.427	29.48	29.461	
15288	1176.9	29.427	29.48	29.461	
15289	1177.	29.427	29.48	29.461	
15290	1177.	29.427	29.48	29.461	
15291	1177.	29.427	29.48	29.461	
15292	1177.	29.427	29.48	29.461	
15293	1177.1	29.427	29.48	29.461	
15294	1177.2	29.427	29.48	29.461	
15295	1177.3	29.428	29.48	29.461	
15296	1177.4	29.428	29.48	29.461	
15297	1177.5	29.428	29.48	29.462	
15298	1177.6	29.428	29.481	29.462	
15299	1177.7	29.428	29.481	29.462	
15300	1177.8	29.428	29.481	29.462	
15301	1177.9	29.428	29.481	29.462	
15302	1178.	29.428	29.481	29.462	
15303	1178.	29.428	29.481	29.462	
15304	1178.	29.428	29.481	29.462	
15305	1178.	29.428	29.481	29.462	
15306	1178.1	29.428	29.481	29.462	
15307	1178.2	29.429	29.481	29.462	
15308	1178.3	29.429	29.481	29.462	
15309	1178.4	29.429	29.481	29.463	
15310	1178.5	29.429	29.482	29.463	
15311	1178.6	29.429	29.482	29.463	
15312	1178.7	29.429	29.482	29.463	
15313	1178.8	29.429	29.482	29.463	
15314	1178.9	29.429	29.482	29.463	
15315	1179.	29.429	29.482	29.463	
15316	1179.	29.429	29.482	29.463	
15317	1179.	29.429	29.482	29.463	
15318	1179.	29.429	29.482	29.463	
15319	1179.1	29.43	29.482	29.463	
15320	1179.2	29.43	29.482	29.464	
15321	1179.3	29.43	29.482	29.464	
15322	1179.4	29.43	29.483	29.464	
15323	1179.5	29.43	29.483	29.464	
15324	1179.6	29.43	29.483	29.464	
15325	1179.7	29.43	29.483	29.464	
15326	1179.8	29.43	29.483	29.464	
15327	1179.9	29.43	29.483	29.464	
15328	1180.	29.431	29.483	29.464	
15329	1180.	29.431	29.483	29.464	
15330	1180.	29.431	29.483	29.464	
15331	1180.	29.431	29.483	29.464	
15332	1180.1	29.431	29.483	29.465	
15333	1180.2	29.431	29.483	29.465	
15334	1180.3	29.431	29.484	29.465	
15335	1180.4	29.431	29.484	29.465	
15336	1180.5	29.431	29.484	29.465	
15337	1180.6	29.431	29.484	29.465	
15338	1180.7	29.431	29.484	29.465	
15339	1180.8	29.431	29.484	29.465	
15340	1180.9	29.432	29.484	29.465	
15341	1181.	29.432	29.484	29.465	
15342	1181.	29.432	29.484	29.465	
15343	1181.	29.432	29.484	29.466	
15344	1181.	29.432	29.484	29.466	
15345	1181.1	29.432	29.484	29.466	
15346	1181.2	29.432	29.485	29.466	
15347	1181.3	29.432	29.485	29.466	
15348	1181.4	29.432	29.485	29.466	
15349	1181.5	29.432	29.485	29.466	
15350	1181.6	29.432	29.485	29.466	
15351	1181.7	29.433	29.485	29.466	
15352	1181.8	29.433	29.485	29.466	
15353	1181.9	29.433	29.485	29.467	
15354	1182.	29.433	29.485	29.467	
15355	1182.	29.433	29.485	29.467	
15356	1182.	29.433	29.485	29.467	
15357	1182.	29.433	29.485	29.467	
15358	1182.1	29.433	29.486	29.467	
15359	1182.2	29.433	29.486	29.467	
15360	1182.3	29.433	29.486	29.467	
15361	1182.4	29.433	29.486	29.467	
15362	1182.5	29.433	29.486	29.467	
15363	1182.6	29.434	29.486	29.467	
15364	1182.7	29.434	29.486	29.467	
15365	1182.8	29.434	29.486	29.468	
15366	1182.9	29.434	29.486	29.468	
15367	1183.	29.434	29.487	29.468	
15368	1183.	29.434	29.487	29.468	
15369	1183.	29.434	29.487	29.468	
15370	1183.	29.434	29.487	29.468	
15371	1183.1	29.434	29.487	29.468	
15372	1183.2	29.434	29.487	29.468	
15373	1183.3	29.434	29.487	29.468	
15374	1183.4	29.434	29.487	29.468	
15375	1183.5	29.435	29.487	29.468	
15376	1183.6	29.435	29.487	29.468	
15377	1183.7	29.435	29.487	29.469	
15378	1183.8	29.435	29.488	29.469	
15379	1183.9	29.435	29.488	29.469	
15380	1184.	29.435	29.488	29.469	
15381	1184.	29.435	29.488	29.469	
15382	1184.	29.435	29.488	29.469	
15383	1184.	29.435	29.488	29.469	
15384	1184.1	29.435	29.488	29.469	
15385	1184.2	29.435	29.488	29.469	
15386	1184.3	29.435	29.488	29.469	
15387	1184.4	29.436	29.488	29.469	
15388	1184.5	29.436	29.488	29.469	
15389	1184.6	29.436	29.488	29.47	
15390	1184.7	29.436	29.489	29.47	
15391	1184.8	29.436	29.489	29.47	
15392	1184.9	29.436	29.489	29.47	
15393	1185.	29.436	29.489	29.47	
15394	1185.	29.436	29.489	29.47	
15395	1185.	29.436	29.489	29.47	
15396	1185.	29.436	29.489	29.47	
15397	1185.1	29.436	29.489	29.47	
15398	1185.2	29.436	29.489	29.47	
15399	1185.3	29.437	29.489	29.47	
15400	1185.4	29.437	29.489	29.47	
15401	1185.5	29.437	29.489	29.471	
15402	1185.6	29.437	29.49	29.471	
15403	1185.7	29.437	29.49	29.471	
15404	1185.8	29.437	29.49	29.471	
15405	1185.9	29.437	29.49	29.471	
15406	1186.	29.437	29.49	29.471	
15407	1186.	29.437	29.49	29.471	
15408	1186.	29.437	29.49	29.471	
15409	1186.	29.437	29.49	29.471	
15410	1186.1	29.437	29.49	29.471	
15411	1186.2	29.438	29.49	29.471	
15412	1186.3	29.438	29.49	29.471	
15413	1186.4	29.438	29.49	29.472	
15414	1186.5	29.438	29.491	29.472	
15415	1186.6	29.438	29.491	29.472	
15416	1186.7	29.438	29.491	29.472	
15417	1186.8	29.438	29.491	29.472	
15418	1186.9	29.438	29.491	29.472	
15419	1187.	29.438	29.491	29.472	
15420	1187.	29.438	29.491	29.472	
15421	1187.	29.438	29.491	29.472	
15422	1187.	29.438	29.491	29.472	
15423	1187.1	29.439	29.491	29.472	
15424	1187.2	29.439	29.491	29.473	
15425	1187.3	29.439	29.491	29.473	
15426	1187.4	29.439	29.492	29.473	
15427	1187.5	29.439	29.492	29.473	
15428	1187.6	29.439	29.492	29.473	
15429	1187.7	29.439	29.492	29.473	
15430	1187.8	29.439	29.492	29.473	
15431	1187.9	29.439	29.492	29.473	
15432	1188.	29.44	29.492	29.473	
15433	1188.	29.44	29.492	29.473	
15434	1188.	29.44	29.492	29.473	
15435	1188.	29.44	29.492	29.473	
15436	1188.1	29.44	29.492	29.474	
15437	1188.2	29.44	29.492	29.474	
15438	1188.3	29.44	29.493	29.474	
15439	1188.4	29.44	29.493	29.474	
15440	1188.5	29.44	29.493	29.474	
15441	1188.6	29.44	29.493	29.474	
15442	1188.7	29.44	29.493	29.474	
15443	1188.8	29.44	29.493	29.474	
15444	1188.9	29.441	29.493	29.474	
15445	1189.	29.441	29.493	29.474	
15446	1189.	29.441	29.493	29.475	
15447	1189.	29.441	29.493	29.475	
15448	1189.	29.441	29.493	29.475	
15449	1189.1	29.441	29.493	29.475	
15450	1189.2	29.441	29.494	29.475	
15451	1189.3	29.441	29.494	29.475	
15452	1189.4	29.441	29.494	29.475	
15453	1189.5	29.441	29.494	29.475	
15454	1189.6	29.441	29.494	29.475	
15455	1189.7	29.441	29.494	29.475	
15456	1189.8	29.442	29.494	29.475	
15457	1189.9	29.442	29.494	29.476	
15458	1190.	29.442	29.494	29.476	
15459	1190.	29.442	29.494	29.476	
15460	1190.	29.442	29.494	29.476	
15461	1190.	29.442	29.495	29.476	
15462	1190.1	29.442	29.495	29.476	
15463	1190.2	29.442	29.495	29.476	
15464	1190.3	29.442	29.495	29.476	
15465	1190.4	29.442	29.495	29.476	
15466	1190.5	29.442	29.495	29.476	
15467	1190.6	29.442	29.495	29.476	
15468	1190.7	29.443	29.495	29.476	
15469	1190.8	29.443	29.495	29.477	
15470	1190.9	29.443	29.496	29.477	
15471	1191.	29.443	29.496	29.477	
15472	1191.	29.443	29.496	29.477	
15473	1191.	29.443	29.496	29.477	
15474	1191.	29.443	29.496	29.477	
15475	1191.1	29.443	29.496	29.477	
15476	1191.2	29.443	29.496	29.477	
15477	1191.3	29.443	29.496	29.477	
15478	1191.4	29.443	29.496	29.477	
15479	1191.5	29.443	29.496	29.477	
15480	1191.6	29.444	29.496	29.477	
15481	1191.7	29.444	29.496	29.478	
15482	1191.8	29.444	29.497	29.478	
15483	1191.9	29.444	29.497	29.478	
15484	1192.	29.444	29.497	29.478	
15485	1192.	29.444	29.497	29.478	
15486	1192.	29.444	29.497	29.478	
15487	1192.	29.444	29.497	29.478	
15488	1192.1	29.444	29.497	29.478	
15489	1192.2	29.444	29.497	29.478	
15490	1192.3	29.444	29.497	29.478	
15491	1192.4	29.444	29.497	29.478	
15492	1192.5	29.445	29.497	29.478	
15493	1192.6	29.445	29.497	29.479	
15494	1192.7	29.445	29.498	29.479	
15495	1192.8	29.445	29.498	29.479	
15496	1192.9	29.445	29.498	29.479	
15497	1193.	29.445	29.498	29.479	
15498	1193.	29.445	29.498	29.479	
15499	1193.	29.445	29.498	29.479	
15500	1193.	29.445	29.498	29.479	
15501	1193.1	29.445	29.498	29.479	
15502	1193.2	29.445	29.498	29.479	
15503	1193.3	29.445	29.498	29.479	
15504	1193.4	29.446	29.498	29.479	
15505	1193.5	29.446	29.498	29.48	
15506	1193.6	29.446	29.499	29.48	
15507	1193.7	29.446	29.499	29.48	
15508	1193.8	29.446	29.499	29.48	
15509	1193.9	29.446	29.499	29.48	
15510	1194.	29.446	29.499	29.48	
15511	1194.	29.446	29.499	29.48	
15512	1194.	29.446	29.499	29.48	
15513	1194.	29.446	29.499	29.48	
15514	1194.1	29.446	29.499	29.48	
15515	1194.2	29.446	29.499	29.48	
15516	1194.3	29.447	29.499	29.481	
15517	1194.4	29.447	29.499	29.481	
15518	1194.5	29.447	29.5	29.481	
15519	1194.6	29.447	29.5	29.481	
15520	1194.7	29.447	29.5	29.481	
15521	1194.8	29.447	29.5	29.481	
15522	1194.9	29.447	29.5	29.481	
15523	1195.	29.447	29.5	29.481	
15524	1195.	29.447	29.5	29.481	
15525	1195.	29.447	29.5	29.481	
15526	1195.	29.447	29.5	29.481	
15527	1195.1	29.447	29.5	29.481	
15528	1195.2	29.448	29.5	29.482	
15529	1195.3	29.448	29.501	29.482	
15530	1195.4	29.448	29.501	29.482	
15531	1195.5	29.448	29.501	29.482	
15532	1195.6	29.448	29.501	29.482	
15533	1195.7	29.448	29.501	29.482	
15534	1195.8	29.448	29.501	29.482	
15535	1195.9	29.448	29.501	29.482	
15536	1196.	29.448	29.501	29.482	
15537	1196.	29.448	29.501	29.482	
15538	1196.	29.448	29.501	29.482	
15539	1196.	29.449	29.501	29.482	
15540	1196.1	29.449	29.501	29.483	
15541	1196.2	29.449	29.502	29.483	
15542	1196.3	29.449	29.502	29.483	
15543	1196.4	29.449	29.502	29.483	
15544	1196.5	29.449	29.502	29.483	
15545	1196.6	29.449	29.502	29.483	
15546	1196.7	29.449	29.502	29.483	
15547	1196.8	29.449	29.502	29.483	
15548	1196.9	29.45	29.502	29.483	
15549	1197.	29.45	29.502	29.483	
15550	1197.	29.45	29.502	29.484	
15551	1197.	29.45	29.502	29.484	
15552	1197.	29.45	29.502	29.484	
15553	1197.1	29.45	29.503	29.484	
15554	1197.2	29.45	29.503	29.484	
15555	1197.3	29.45	29.503	29.484	
15556	1197.4	29.45	29.503	29.484	
15557	1197.5	29.45	29.503	29.484	
15558	1197.6	29.45	29.503	29.484	
15559	1197.7	29.45	29.503	29.484	
15560	1197.8	29.451	29.503	29.484	
15561	1197.9	29.451	29.503	29.485	
15562	1198.	29.451	29.504	29.485	
15563	1198.	29.451	29.504	29.485	
15564	1198.	29.451	29.504	29.485	
15565	1198.	29.451	29.504	29.485	
15566	1198.1	29.451	29.504	29.485	
15567	1198.2	29.451	29.504	29.485	
15568	1198.3	29.451	29.504	29.485	
15569	1198.4	29.451	29.504	29.485	
15570	1198.5	29.451	29.504	29.485	
15571	1198.6	29.451	29.504	29.485	
15572	1198.7	29.452	29.504	29.485	
15573	1198.8	29.452	29.504	29.486	
15574	1198.9	29.452	29.505	29.486	
15575	1199.	29.452	29.505	29.486	
15576	1199.	29.452	29.505	29.486	
15577	1199.	29.452	29.505	29.486	
15578	1199.	29.452	29.505	29.486	
15579	1199.1	29.452	29.505	29.486	
15580	1199.2	29.452	29.505	29.486	
15581	1199.3	29.452	29.505	29.486	
15582	1199.4	29.452	29.505	29.486	
15583	1199.5	29.452	29.505	29.486	
15584	1199.6	29.453	29.505	29.486	
15585	1199.7	29.453	29.505	29.487	
15586	1199.8	29.453	29.506	29.487	
15587	1199.9	29.453	29.506	29.487	
15588	1200.	29.453	29.506	29.487	
15589	1200.	29.453	29.506	29.487	
15590	1200.	29.453	29.506	29.487	
15591	1200.	29.453	29.506	29.487	
15592	1200.1	29.453	29.506	29.487	
15593	1200.2	29.453	29.506	29.487	
15594	1200.3	29.453	29.506	29.487	
15595	1200.4	29.453	29.506	29.487	
15596	1200.5	29.454	29.506	29.487	
15597	1200.6	29.454	29.506	29.488	
15598	1200.7	29.454	29.507	29.488	
15599	1200.8	29.454	29.507	29.488	
15600	1200.9	29.454	29.507	29.488	
15601	1201.	29.454	29.507	29.488	
15602	1201.	29.454	29.507	29.488	
15603	1201.	29.454	29.507	29.488	
15604	1201.	29.454	29.507	29.488	
15605	1201.1	29.454	29.507	29.488	
15606	1201.2	29.454	29.507	29.488	
15607	1201.3	29.454	29.507	29.488	
15608	1201.4	29.455	29.507	29.489	
15609	1201.5	29.455	29.508	29.489	
15610	1201.6	29.455	29.508	29.489	
15611	1201.7	29.455	29.508	29.489	
15612	1201.8	29.455	29.508	29.489	
15613	1201.9	29.455	29.508	29.489	
15614	1202.	29.455	29.508	29.489	
15615	1202.	29.455	29.508	29.489	
15616	1202.	29.455	29.508	29.489	
15617	1202.	29.455	29.508	29.489	
15618	1202.1	29.455	29.508	29.489	
15619	1202.2	29.455	29.508	29.489	
15620	1202.3	29.456	29.508	29.49	
15621	1202.4	29.456	29.509	29.49	
15622	1202.5	29.456	29.509	29.49	
15623	1202.6	29.456	29.509	29.49	
15624	1202.7	29.456	29.509	29.49	
15625	1202.8	29.456	29.509	29.49	
15626	1202.9	29.456	29.509	29.49	
15627	1203.	29.456	29.509	29.49	
15628	1203.	29.456	29.509	29.49	
15629	1203.	29.456	29.509	29.49	
15630	1203.	29.456	29.509	29.49	
15631	1203.1	29.456	29.509	29.49	
15632	1203.2	29.457	29.509	29.491	
15633	1203.3	29.457	29.51	29.491	
15634	1203.4	29.457	29.51	29.491	
15635	1203.5	29.457	29.51	29.491	
15636	1203.6	29.457	29.51	29.491	
15637	1203.7	29.457	29.51	29.491	
15638	1203.8	29.457	29.51	29.491	
15639	1203.9	29.457	29.51	29.491	
15640	1204.	29.457	29.51	29.491	
15641	1204.	29.457	29.51	29.491	
15642	1204.	29.457	29.51	29.491	
15643	1204.	29.457	29.51	29.491	
15644	1204.1	29.458	29.51	29.492	
15645	1204.2	29.458	29.511	29.492	
15646	1204.3	29.458	29.511	29.492	
15647	1204.4	29.458	29.511	29.492	
15648	1204.5	29.458	29.511	29.492	
15649	1204.6	29.458	29.511	29.492	
15650	1204.7	29.458	29.511	29.492	
15651	1204.8	29.458	29.511	29.492	
15652	1204.9	29.458	29.511	29.492	
15653	1205.	29.459	29.511	29.493	
15654	1205.	29.459	29.511	29.493	
15655	1205.	29.459	29.511	29.493	
15656	1205.	29.459	29.511	29.493	
15657	1205.1	29.459	29.512	29.493	
15658	1205.2	29.459	29.512	29.493	
15659	1205.3	29.459	29.512	29.493	
15660	1205.4	29.459	29.512	29.493	
15661	1205.5	29.459	29.512	29.493	
15662	1205.6	29.459	29.512	29.493	
15663	1205.7	29.459	29.512	29.493	
15664	1205.8	29.459	29.512	29.493	
15665	1205.9	29.46	29.512	29.494	
15666	1206.	29.46	29.513	29.494	
15667	1206.	29.46	29.513	29.494	
15668	1206.	29.46	29.513	29.494	
15669	1206.	29.46	29.513	29.494	
15670	1206.1	29.46	29.513	29.494	
15671	1206.2	29.46	29.513	29.494	
15672	1206.3	29.46	29.513	29.494	
15673	1206.4	29.46	29.513	29.494	
15674	1206.5	29.46	29.513	29.494	
15675	1206.6	29.46	29.513	29.494	
15676	1206.7	29.46	29.513	29.494	
15677	1206.8	29.461	29.514	29.495	
15678	1206.9	29.461	29.514	29.495	
15679	1207.	29.461	29.514	29.495	
15680	1207.	29.461	29.514	29.495	
15681	1207.	29.461	29.514	29.495	
15682	1207.	29.461	29.514	29.495	
15683	1207.1	29.461	29.514	29.495	
15684	1207.2	29.461	29.514	29.495	
15685	1207.3	29.461	29.514	29.495	
15686	1207.4	29.461	29.514	29.495	
15687	1207.5	29.461	29.514	29.495	
15688	1207.6	29.461	29.514	29.495	
15689	1207.7	29.462	29.515	29.496	
15690	1207.8	29.462	29.515	29.496	
15691	1207.9	29.462	29.515	29.496	
15692	1208.	29.462	29.515	29.496	
15693	1208.	29.462	29.515	29.496	
15694	1208.	29.462	29.515	29.496	
15695	1208.	29.462	29.515	29.496	
15696	1208.1	29.462	29.515	29.496	
15697	1208.2	29.462	29.515	29.496	
15698	1208.3	29.462	29.515	29.496	
15699	1208.4	29.462	29.515	29.496	
15700	1208.5	29.463	29.515	29.497	
15701	1208.6	29.463	29.516	29.497	
15702	1208.7	29.463	29.516	29.497	
15703	1208.8	29.463	29.516	29.497	
15704	1208.9	29.463	29.516	29.497	
15705	1209.	29.463	29.516	29.497	
15706	1209.	29.463	29.516	29.497	
15707	1209.	29.463	29.516	29.497	
15708	1209.	29.463	29.516	29.497	
15709	1209.1	29.463	29.516	29.497	
15710	1209.2	29.463	29.516	29.497	
15711	1209.3	29.463	29.516	29.497	
15712	1209.4	29.464	29.516	29.498	
15713	1209.5	29.464	29.517	29.498	
15714	1209.6	29.464	29.517	29.498	
15715	1209.7	29.464	29.517	29.498	
15716	1209.8	29.464	29.517	29.498	
15717	1209.9	29.464	29.517	29.498	
15718	1210.	29.464	29.517	29.498	
15719	1210.	29.464	29.517	29.498	
15720	1210.	29.464	29.517	29.498	
15721	1210.	29.464	29.517	29.498	
15722	1210.1	29.464	29.517	29.498	
15723	1210.2	29.464	29.517	29.498	
15724	1210.3	29.465	29.517	29.499	
15725	1210.4	29.465	29.518	29.499	
15726	1210.5	29.465	29.518	29.499	
15727	1210.6	29.465	29.518	29.499	
15728	1210.7	29.465	29.518	29.499	
15729	1210.8	29.465	29.518	29.499	
15730	1210.9	29.465	29.518	29.499	
15731	1211.	29.465	29.518	29.499	
15732	1211.	29.465	29.518	29.499	
15733	1211.	29.465	29.518	29.499	
15734	1211.	29.465	29.518	29.499	
15735	1211.1	29.465	29.518	29.499	
15736	1211.2	29.466	29.518	29.5	
15737	1211.3	29.466	29.519	29.5	
15738	1211.4	29.466	29.519	29.5	
15739	1211.5	29.466	29.519	29.5	
15740	1211.6	29.466	29.519	29.5	
15741	1211.7	29.466	29.519	29.5	
15742	1211.8	29.466	29.519	29.5	
15743	1211.9	29.466	29.519	29.5	
15744	1212.	29.466	29.519	29.5	
15745	1212.	29.466	29.519	29.5	
15746	1212.	29.466	29.519	29.5	
15747	1212.	29.466	29.519	29.5	
15748	1212.1	29.467	29.52	29.501	
15749	1212.2	29.467	29.52	29.501	
15750	1212.3	29.467	29.52	29.501	
15751	1212.4	29.467	29.52	29.501	
15752	1212.5	29.467	29.52	29.501	
15753	1212.6	29.467	29.52	29.501	
15754	1212.7	29.467	29.52	29.501	
15755	1212.8	29.467	29.52	29.501	
15756	1212.9	29.467	29.52	29.501	
15757	1213.	29.468	29.52	29.502	
15758	1213.	29.468	29.52	29.502	
15759	1213.	29.468	29.52	29.502	
15760	1213.	29.468	29.521	29.502	
15761	1213.1	29.468	29.521	29.502	
15762	1213.2	29.468	29.521	29.502	
15763	1213.3	29.468	29.521	29.502	
15764	1213.4	29.468	29.521	29.502	
15765	1213.5	29.468	29.521	29.502	
15766	1213.6	29.468	29.521	29.502	
15767	1213.7	29.468	29.521	29.502	
15768	1213.8	29.468	29.521	29.502	
15769	1213.9	29.469	29.522	29.503	
15770	1214.	29.469	29.522	29.503	
15771	1214.	29.469	29.522	29.503	
15772	1214.	29.469	29.522	29.503	
15773	1214.	29.469	29.522	29.503	
15774	1214.1	29.469	29.522	29.503	
15775	1214.2	29.469	29.522	29.503	
15776	1214.3	29.469	29.522	29.503	
15777	1214.4	29.469	29.522	29.503	
15778	1214.5	29.469	29.522	29.503	
15779	1214.6	29.469	29.522	29.503	
15780	1214.7	29.469	29.522	29.503	
15781	1214.8	29.47	29.523	29.504	
15782	1214.9	29.47	29.523	29.504	
15783	1215.	29.47	29.523	29.504	
15784	1215.	29.47	29.523	29.504	
15785	1215.	29.47	29.523	29.504	
15786	1215.	29.47	29.523	29.504	
15787	1215.1	29.47	29.523	29.504	
15788	1215.2	29.47	29.523	29.504	
15789	1215.3	29.47	29.523	29.504	
15790	1215.4	29.47	29.523	29.504	
15791	1215.5	29.47	29.523	29.504	
15792	1215.6	29.47	29.523	29.505	
15793	1215.7	29.471	29.524	29.505	
15794	1215.8	29.471	29.524	29.505	
15795	1215.9	29.471	29.524	29.505	
15796	1216.	29.471	29.524	29.505	
15797	1216.	29.471	29.524	29.505	
15798	1216.	29.471	29.524	29.505	
15799	1216.	29.471	29.524	29.505	
15800	1216.1	29.471	29.524	29.505	
15801	1216.2	29.471	29.524	29.505	
15802	1216.3	29.471	29.524	29.505	
15803	1216.4	29.471	29.524	29.505	
15804	1216.5	29.471	29.524	29.506	
15805	1216.6	29.472	29.525	29.506	
15806	1216.7	29.472	29.525	29.506	
15807	1216.8	29.472	29.525	29.506	
15808	1216.9	29.472	29.525	29.506	
15809	1217.	29.472	29.525	29.506	
15810	1217.	29.472	29.525	29.506	
15811	1217.	29.472	29.525	29.506	
15812	1217.	29.472	29.525	29.506	
15813	1217.1	29.472	29.525	29.506	
15814	1217.2	29.472	29.525	29.506	
15815	1217.3	29.472	29.525	29.506	
15816	1217.4	29.472	29.526	29.507	
15817	1217.5	29.473	29.526	29.507	
15818	1217.6	29.473	29.526	29.507	
15819	1217.7	29.473	29.526	29.507	
15820	1217.8	29.473	29.526	29.507	
15821	1217.9	29.473	29.526	29.507	
15822	1218.	29.473	29.526	29.507	
15823	1218.	29.473	29.526	29.507	
15824	1218.	29.473	29.526	29.507	
15825	1218.	29.473	29.526	29.507	
15826	1218.1	29.473	29.526	29.507	
15827	1218.2	29.473	29.526	29.507	
15828	1218.3	29.473	29.527	29.508	
15829	1218.4	29.474	29.527	29.508	
15830	1218.5	29.474	29.527	29.508	
15831	1218.6	29.474	29.527	29.508	
15832	1218.7	29.474	29.527	29.508	
15833	1218.8	29.474	29.527	29.508	
15834	1218.9	29.474	29.527	29.508	
15835	1219.	29.474	29.527	29.508	
15836	1219.	29.474	29.527	29.508	
15837	1219.	29.474	29.527	29.508	
15838	1219.	29.474	29.527	29.508	
15839	1219.1	29.474	29.527	29.508	
15840	1219.2	29.475	29.528	29.509	
15841	1219.3	29.475	29.528	29.509	
15842	1219.4	29.475	29.528	29.509	
15843	1219.5	29.475	29.528	29.509	
15844	1219.6	29.475	29.528	29.509	
15845	1219.7	29.475	29.528	29.509	
15846	1219.8	29.475	29.528	29.509	
15847	1219.9	29.475	29.528	29.509	
15848	1220.	29.475	29.528	29.509	
15849	1220.	29.475	29.528	29.509	
15850	1220.	29.475	29.528	29.509	
15851	1220.	29.475	29.528	29.509	
15852	1220.1	29.476	29.529	29.51	
15853	1220.2	29.476	29.529	29.51	
15854	1220.3	29.476	29.529	29.51	
15855	1220.4	29.476	29.529	29.51	
15856	1220.5	29.476	29.529	29.51	
15857	1220.6	29.476	29.529	29.51	
15858	1220.7	29.476	29.529	29.51	
15859	1220.8	29.476	29.529	29.51	
15860	1220.9	29.476	29.529	29.51	
15861	1221.	29.476	29.53	29.511	
15862	1221.	29.476	29.53	29.511	
15863	1221.	29.477	29.53	29.511	
15864	1221.	29.477	29.53	29.511	
15865	1221.1	29.477	29.53	29.511	
15866	1221.2	29.477	29.53	29.511	
15867	1221.3	29.477	29.53	29.511	
15868	1221.4	29.477	29.53	29.511	
15869	1221.5	29.477	29.53	29.511	
15870	1221.6	29.477	29.53	29.511	
15871	1221.7	29.477	29.53	29.511	
15872	1221.8	29.477	29.53	29.512	
15873	1221.9	29.478	29.531	29.512	
15874	1222.	29.478	29.531	29.512	
15875	1222.	29.478	29.531	29.512	
15876	1222.	29.478	29.531	29.512	
15877	1222.	29.478	29.531	29.512	
15878	1222.1	29.478	29.531	29.512	
15879	1222.2	29.478	29.531	29.512	
15880	1222.3	29.478	29.531	29.512	
15881	1222.4	29.478	29.531	29.512	
15882	1222.5	29.478	29.531	29.512	
15883	1222.6	29.478	29.531	29.512	
15884	1222.7	29.478	29.532	29.513	
15885	1222.8	29.479	29.532	29.513	
15886	1222.9	29.479	29.532	29.513	
15887	1223.	29.479	29.532	29.513	
15888	1223.	29.479	29.532	29.513	
15889	1223.	29.479	29.532	29.513	
15890	1223.	29.479	29.532	29.513	
15891	1223.1	29.479	29.532	29.513	
15892	1223.2	29.479	29.532	29.513	
15893	1223.3	29.479	29.532	29.513	
15894	1223.4	29.479	29.532	29.513	
15895	1223.5	29.479	29.532	29.513	
15896	1223.6	29.479	29.533	29.514	
15897	1223.7	29.48	29.533	29.514	
15898	1223.8	29.48	29.533	29.514	
15899	1223.9	29.48	29.533	29.514	
15900	1224.	29.48	29.533	29.514	
15901	1224.	29.48	29.533	29.514	
15902	1224.	29.48	29.533	29.514	
15903	1224.	29.48	29.533	29.514	
15904	1224.1	29.48	29.533	29.514	
15905	1224.2	29.48	29.533	29.514	
15906	1224.3	29.48	29.533	29.514	
15907	1224.4	29.48	29.533	29.514	
15908	1224.5	29.48	29.534	29.515	
15909	1224.6	29.481	29.534	29.515	
15910	1224.7	29.481	29.534	29.515	
15911	1224.8	29.481	29.534	29.515	
15912	1224.9	29.481	29.534	29.515	
15913	1225.	29.481	29.534	29.515	
15914	1225.	29.481	29.534	29.515	
15915	1225.	29.481	29.534	29.515	
15916	1225.	29.481	29.534	29.515	
15917	1225.1	29.481	29.534	29.515	
15918	1225.2	29.481	29.534	29.515	
15919	1225.3	29.481	29.534	29.515	
15920	1225.4	29.481	29.535	29.516	
15921	1225.5	29.482	29.535	29.516	
15922	1225.6	29.482	29.535	29.516	
15923	1225.7	29.482	29.535	29.516	
15924	1225.8	29.482	29.535	29.516	
15925	1225.9	29.482	29.535	29.516	
15926	1226.	29.482	29.535	29.516	
15927	1226.	29.482	29.535	29.516	
15928	1226.	29.482	29.535	29.516	
15929	1226.	29.482	29.535	29.516	
15930	1226.1	29.482	29.535	29.516	
15931	1226.2	29.482	29.535	29.516	
15932	1226.3	29.482	29.536	29.517	
15933	1226.4	29.483	29.536	29.517	
15934	1226.5	29.483	29.536	29.517	
15935	1226.6	29.483	29.536	29.517	
15936	1226.7	29.483	29.536	29.517	
15937	1226.8	29.483	29.536	29.517	
15938	1226.9	29.483	29.536	29.517	
15939	1227.	29.483	29.536	29.517	
15940	1227.	29.483	29.536	29.517	
15941	1227.	29.483	29.536	29.517	
15942	1227.	29.483	29.536	29.517	
15943	1227.1	29.483	29.536	29.517	
15944	1227.2	29.483	29.537	29.518	
15945	1227.3	29.484	29.537	29.518	
15946	1227.4	29.484	29.537	29.518	
15947	1227.5	29.484	29.537	29.518	
15948	1227.6	29.484	29.537	29.518	
15949	1227.7	29.484	29.537	29.518	
15950	1227.8	29.484	29.537	29.518	
15951	1227.9	29.484	29.537	29.518	
15952	1228.	29.484	29.537	29.518	
15953	1228.	29.484	29.537	29.518	
15954	1228.	29.484	29.537	29.518	
15955	1228.	29.484	29.538	29.519	
15956	1228.1	29.484	29.538	29.519	
15957	1228.2	29.485	29.538	29.519	
15958	1228.3	29.485	29.538	29.519	
15959	1228.4	29.485	29.538	29.519	
15960	1228.5	29.485	29.538	29.519	
15961	1228.6	29.485	29.538	29.519	
15962	1228.7	29.485	29.538	29.519	
15963	1228.8	29.485	29.538	29.519	
15964	1228.9	29.485	29.539	29.52	
15965	1229.	29.485	29.539	29.52	
15966	1229.	29.485	29.539	29.52	
15967	1229.	29.485	29.539	29.52	
15968	1229.	29.486	29.539	29.52	
15969	1229.1	29.486	29.539	29.52	
15970	1229.2	29.486	29.539	29.52	
15971	1229.3	29.486	29.539	29.52	
15972	1229.4	29.486	29.539	29.52	
15973	1229.5	29.486	29.539	29.52	
15974	1229.6	29.486	29.539	29.52	
15975	1229.7	29.486	29.539	29.52	
15976	1229.8	29.486	29.54	29.521	
15977	1229.9	29.487	29.54	29.521	
15978	1230.	29.487	29.54	29.521	
15979	1230.	29.487	29.54	29.521	
15980	1230.	29.487	29.54	29.521	
15981	1230.	29.487	29.54	29.521	
15982	1230.1	29.487	29.54	29.521	
15983	1230.2	29.487	29.54	29.521	
15984	1230.3	29.487	29.54	29.521	
15985	1230.4	29.487	29.54	29.521	
15986	1230.5	29.487	29.54	29.521	
15987	1230.6	29.487	29.54	29.521	
15988	1230.7	29.487	29.541	29.522	
15989	1230.8	29.488	29.541	29.522	
15990	1230.9	29.488	29.541	29.522	
15991	1231.	29.488	29.541	29.522	
15992	1231.	29.488	29.541	29.522	
15993	1231.	29.488	29.541	29.522	
15994	1231.	29.488	29.541	29.522	
15995	1231.1	29.488	29.541	29.522	
15996	1231.2	29.488	29.541	29.522	
15997	1231.3	29.488	29.541	29.522	
15998	1231.4	29.488	29.541	29.522	
15999	1231.5	29.488	29.541	29.522	
16000	1231.6	29.488	29.542	29.523	
16001	1231.7	29.489	29.542	29.523	
16002	1231.8	29.489	29.542	29.523	
16003	1231.9	29.489	29.542	29.523	
16004	1232.	29.489	29.542	29.523	
16005	1232.	29.489	29.542	29.523	
16006	1232.	29.489	29.542	29.523	
16007	1232.	29.489	29.542	29.523	
16008	1232.1	29.489	29.542	29.523	
16009	1232.2	29.489	29.542	29.523	
16010	1232.3	29.489	29.542	29.523	
16011	1232.4	29.489	29.542	29.523	
16012	1232.5	29.489	29.543	29.524	
16013	1232.6	29.49	29.543	29.524	
16014	1232.7	29.49	29.543	29.524	
16015	1232.8	29.49	29.543	29.524	
16016	1232.9	29.49	29.543	29.524	
16017	1233.	29.49	29.543	29.524	
16018	1233.	29.49	29.543	29.524	
16019	1233.	29.49	29.543	29.524	
16020	1233.	29.49	29.543	29.524	
16021	1233.1	29.49	29.543	29.524	
16022	1233.2	29.49	29.543	29.524	
16023	1233.3	29.49	29.544	29.524	
16024	1233.4	29.49	29.544	29.525	
16025	1233.5	29.491	29.544	29.525	
16026	1233.6	29.491	29.544	29.525	
16027	1233.7	29.491	29.544	29.525	
16028	1233.8	29.491	29.544	29.525	
16029	1233.9	29.491	29.544	29.525	
16030	1234.	29.491	29.544	29.525	
16031	1234.	29.491	29.544	29.525	
16032	1234.	29.491	29.544	29.525	
16033	1234.	29.491	29.544	29.525	
16034	1234.1	29.491	29.544	29.525	
16035	1234.2	29.491	29.545	29.526	
16036	1234.3	29.491	29.545	29.526	
16037	1234.4	29.492	29.545	29.526	
16038	1234.5	29.492	29.545	29.526	
16039	1234.6	29.492	29.545	29.526	
16040	1234.7	29.492	29.545	29.526	
16041	1234.8	29.492	29.545	29.526	
16042	1234.9	29.492	29.545	29.526	
16043	1235.	29.492	29.545	29.526	
16044	1235.	29.492	29.545	29.526	
16045	1235.	29.492	29.545	29.526	
16046	1235.	29.492	29.545	29.526	
16047	1235.1	29.492	29.546	29.527	
16048	1235.2	29.492	29.546	29.527	
16049	1235.3	29.493	29.546	29.527	
16050	1235.4	29.493	29.546	29.527	
16051	1235.5	29.493	29.546	29.527	
16052	1235.6	29.493	29.546	29.527	
16053	1235.7	29.493	29.546	29.527	
16054	1235.8	29.493	29.546	29.527	
16055	1235.9	29.493	29.546	29.527	
16056	1236.	29.493	29.547	29.528	
16057	1236.	29.493	29.547	29.528	
16058	1236.	29.493	29.547	29.528	
16059	1236.	29.493	29.547	29.528	
16060	1236.1	29.493	29.547	29.528	
16061	1236.2	29.494	29.547	29.528	
16062	1236.3	29.494	29.547	29.528	
16063	1236.4	29.494	29.547	29.528	
16064	1236.5	29.494	29.547	29.528	
16065	1236.6	29.494	29.547	29.528	
16066	1236.7	29.494	29.547	29.528	
16067	1236.8	29.494	29.547	29.528	
16068	1236.9	29.494	29.548	29.529	
16069	1237.	29.494	29.548	29.529	
16070	1237.	29.494	29.548	29.529	
16071	1237.	29.494	29.548	29.529	
16072	1237.	29.494	29.548	29.529	
16073	1237.1	29.495	29.548	29.529	
16074	1237.2	29.495	29.548	29.529	
16075	1237.3	29.495	29.548	29.529	
16076	1237.4	29.495	29.548	29.529	
16077	1237.5	29.495	29.548	29.529	
16078	1237.6	29.495	29.548	29.529	
16079	1237.7	29.495	29.549	29.529	
16080	1237.8	29.495	29.549	29.53	
16081	1237.9	29.495	29.549	29.53	
16082	1238.	29.496	29.549	29.53	
16083	1238.	29.496	29.549	29.53	
16084	1238.	29.496	29.549	29.53	
16085	1238.	29.496	29.549	29.53	
16086	1238.1	29.496	29.549	29.53	
16087	1238.2	29.496	29.549	29.53	
16088	1238.3	29.496	29.549	29.53	
16089	1238.4	29.496	29.549	29.53	
16090	1238.5	29.496	29.549	29.53	
16091	1238.6	29.496	29.55	29.53	
16092	1238.7	29.496	29.55	29.531	
16093	1238.8	29.497	29.55	29.531	
16094	1238.9	29.497	29.55	29.531	
16095	1239.	29.497	29.55	29.531	
16096	1239.	29.497	29.55	29.531	
16097	1239.	29.497	29.55	29.531	
16098	1239.	29.497	29.55	29.531	
16099	1239.1	29.497	29.55	29.531	
16100	1239.2	29.497	29.55	29.531	
16101	1239.3	29.497	29.55	29.531	
16102	1239.4	29.497	29.55	29.531	
16103	1239.5	29.497	29.551	29.532	
16104	1239.6	29.497	29.551	29.532	
16105	1239.7	29.498	29.551	29.532	
16106	1239.8	29.498	29.551	29.532	
16107	1239.9	29.498	29.551	29.532	
16108	1240.	29.498	29.551	29.532	
16109	1240.	29.498	29.551	29.532	
16110	1240.	29.498	29.551	29.532	
16111	1240.	29.498	29.551	29.532	
16112	1240.1	29.498	29.551	29.532	
16113	1240.2	29.498	29.551	29.532	
16114	1240.3	29.498	29.551	29.532	
16115	1240.4	29.498	29.552	29.533	
16116	1240.5	29.498	29.552	29.533	
16117	1240.6	29.499	29.552	29.533	
16118	1240.7	29.499	29.552	29.533	
16119	1240.8	29.499	29.552	29.533	
16120	1240.9	29.499	29.552	29.533	
16121	1241.	29.499	29.552	29.533	
16122	1241.	29.499	29.552	29.533	
16123	1241.	29.499	29.552	29.533	
16124	1241.	29.499	29.552	29.533	
16125	1241.1	29.499	29.552	29.533	
16126	1241.2	29.499	29.552	29.533	
16127	1241.3	29.499	29.553	29.534	
16128	1241.4	29.499	29.553	29.534	
16129	1241.5	29.5	29.553	29.534	
16130	1241.6	29.5	29.553	29.534	
16131	1241.7	29.5	29.553	29.534	
16132	1241.8	29.5	29.553	29.534	
16133	1241.9	29.5	29.553	29.534	
16134	1242.	29.5	29.553	29.534	
16135	1242.	29.5	29.553	29.534	
16136	1242.	29.5	29.553	29.534	
16137	1242.	29.5	29.553	29.534	
16138	1242.1	29.5	29.553	29.534	
16139	1242.2	29.5	29.554	29.535	
16140	1242.3	29.5	29.554	29.535	
16141	1242.4	29.501	29.554	29.535	
16142	1242.5	29.501	29.554	29.535	
16143	1242.6	29.501	29.554	29.535	
16144	1242.7	29.501	29.554	29.535	
16145	1242.8	29.501	29.554	29.535	
16146	1242.9	29.501	29.554	29.535	
16147	1243.	29.501	29.554	29.535	
16148	1243.	29.501	29.554	29.535	
16149	1243.	29.501	29.554	29.535	
16150	1243.	29.501	29.555	29.535	
16151	1243.1	29.501	29.555	29.536	
16152	1243.2	29.501	29.555	29.536	
16153	1243.3	29.502	29.555	29.536	
16154	1243.4	29.502	29.555	29.536	
16155	1243.5	29.502	29.555	29.536	
16156	1243.6	29.502	29.555	29.536	
16157	1243.7	29.502	29.555	29.536	
16158	1243.8	29.502	29.555	29.536	
16159	1243.9	29.502	29.556	29.536	
16160	1244.	29.502	29.556	29.537	
16161	1244.	29.502	29.556	29.537	
16162	1244.	29.502	29.556	29.537	
16163	1244.	29.502	29.556	29.537	
16164	1244.1	29.502	29.556	29.537	
16165	1244.2	29.503	29.556	29.537	
16166	1244.3	29.503	29.556	29.537	
16167	1244.4	29.503	29.556	29.537	
16168	1244.5	29.503	29.556	29.537	
16169	1244.6	29.503	29.556	29.537	
16170	1244.7	29.503	29.556	29.537	
16171	1244.8	29.503	29.557	29.537	
16172	1244.9	29.503	29.557	29.538	
16173	1245.	29.503	29.557	29.538	
16174	1245.	29.503	29.557	29.538	
16175	1245.	29.503	29.557	29.538	
16176	1245.	29.503	29.557	29.538	
16177	1245.1	29.504	29.557	29.538	
16178	1245.2	29.504	29.557	29.538	
16179	1245.3	29.504	29.557	29.538	
16180	1245.4	29.504	29.557	29.538	
16181	1245.5	29.504	29.557	29.538	
16182	1245.6	29.504	29.557	29.538	
16183	1245.7	29.504	29.558	29.539	
16184	1245.8	29.504	29.558	29.539	
16185	1245.9	29.504	29.558	29.539	
16186	1246.	29.505	29.558	29.539	
16187	1246.	29.505	29.558	29.539	
16188	1246.	29.505	29.558	29.539	
16189	1246.	29.505	29.558	29.539	
16190	1246.1	29.505	29.558	29.539	
16191	1246.2	29.505	29.558	29.539	
16192	1246.3	29.505	29.558	29.539	
16193	1246.4	29.505	29.558	29.539	
16194	1246.5	29.505	29.558	29.539	
16195	1246.6	29.505	29.559	29.54	
16196	1246.7	29.505	29.559	29.54	
16197	1246.8	29.505	29.559	29.54	
16198	1246.9	29.506	29.559	29.54	
16199	1247.	29.506	29.559	29.54	
16200	1247.	29.506	29.559	29.54	
16201	1247.	29.506	29.559	29.54	
16202	1247.	29.506	29.559	29.54	
16203	1247.1	29.506	29.559	29.54	
16204	1247.2	29.506	29.559	29.54	
16205	1247.3	29.506	29.559	29.54	
16206	1247.4	29.506	29.56	29.54	
16207	1247.5	29.506	29.56	29.541	
16208	1247.6	29.506	29.56	29.541	
16209	1247.7	29.507	29.56	29.541	
16210	1247.8	29.507	29.56	29.541	
16211	1247.9	29.507	29.56	29.541	
16212	1248.	29.507	29.56	29.541	
16213	1248.	29.507	29.56	29.541	
16214	1248.	29.507	29.56	29.541	
16215	1248.	29.507	29.56	29.541	
16216	1248.1	29.507	29.56	29.541	
16217	1248.2	29.507	29.56	29.541	
16218	1248.3	29.507	29.561	29.541	
16219	1248.4	29.507	29.561	29.542	
16220	1248.5	29.507	29.561	29.542	
16221	1248.6	29.508	29.561	29.542	
16222	1248.7	29.508	29.561	29.542	
16223	1248.8	29.508	29.561	29.542	
16224	1248.9	29.508	29.561	29.542	
16225	1249.	29.508	29.561	29.542	
16226	1249.	29.508	29.561	29.542	
16227	1249.	29.508	29.561	29.542	
16228	1249.	29.508	29.561	29.542	
16229	1249.1	29.508	29.561	29.542	
16230	1249.2	29.508	29.562	29.542	
16231	1249.3	29.508	29.562	29.543	
16232	1249.4	29.508	29.562	29.543	
16233	1249.5	29.509	29.562	29.543	
16234	1249.6	29.509	29.562	29.543	
16235	1249.7	29.509	29.562	29.543	
16236	1249.8	29.509	29.562	29.543	
16237	1249.9	29.509	29.562	29.543	
16238	1250.	29.509	29.562	29.543	
16239	1250.	29.509	29.562	29.543	
16240	1250.	29.509	29.562	29.543	
16241	1250.	29.509	29.562	29.543	
16242	1250.1	29.509	29.563	29.543	
16243	1250.2	29.509	29.563	29.544	
16244	1250.3	29.509	29.563	29.544	
16245	1250.4	29.51	29.563	29.544	
16246	1250.5	29.51	29.563	29.544	
16247	1250.6	29.51	29.563	29.544	
16248	1250.7	29.51	29.563	29.544	
16249	1250.8	29.51	29.563	29.544	
16250	1250.9	29.51	29.563	29.544	
16251	1251.	29.51	29.564	29.544	
16252	1251.	29.51	29.564	29.544	
16253	1251.	29.51	29.564	29.544	
16254	1251.	29.51	29.564	29.545	
16255	1251.1	29.51	29.564	29.545	
16256	1251.2	29.51	29.564	29.545	
16257	1251.3	29.511	29.564	29.545	
16258	1251.4	29.511	29.564	29.545	
16259	1251.5	29.511	29.564	29.545	
16260	1251.6	29.511	29.564	29.545	
16261	1251.7	29.511	29.564	29.545	
16262	1251.8	29.511	29.564	29.545	
16263	1251.9	29.511	29.565	29.546	
16264	1252.	29.511	29.565	29.546	
16265	1252.	29.511	29.565	29.546	
16266	1252.	29.511	29.565	29.546	
16267	1252.	29.511	29.565	29.546	
16268	1252.1	29.511	29.565	29.546	
16269	1252.2	29.512	29.565	29.546	
16270	1252.3	29.512	29.565	29.546	
16271	1252.4	29.512	29.565	29.546	
16272	1252.5	29.512	29.565	29.546	
16273	1252.6	29.512	29.565	29.546	
16274	1252.7	29.512	29.566	29.546	
16275	1252.8	29.512	29.566	29.547	
16276	1252.9	29.512	29.566	29.547	
16277	1253.	29.512	29.566	29.547	
16278	1253.	29.512	29.566	29.547	
16279	1253.	29.512	29.566	29.547	
16280	1253.	29.512	29.566	29.547	
16281	1253.1	29.513	29.566	29.547	
16282	1253.2	29.513	29.566	29.547	
16283	1253.3	29.513	29.566	29.547	
16284	1253.4	29.513	29.566	29.547	
16285	1253.5	29.513	29.566	29.547	
16286	1253.6	29.513	29.567	29.547	
16287	1253.7	29.513	29.567	29.548	
16288	1253.8	29.513	29.567	29.548	
16289	1253.9	29.513	29.567	29.548	
16290	1254.	29.514	29.567	29.548	
16291	1254.	29.514	29.567	29.548	
16292	1254.	29.514	29.567	29.548	
16293	1254.	29.514	29.567	29.548	
16294	1254.1	29.514	29.567	29.548	
16295	1254.2	29.514	29.567	29.548	
16296	1254.3	29.514	29.567	29.548	
16297	1254.4	29.514	29.567	29.548	
16298	1254.5	29.514	29.568	29.548	
16299	1254.6	29.514	29.568	29.549	
16300	1254.7	29.514	29.568	29.549	
16301	1254.8	29.514	29.568	29.549	
16302	1254.9	29.515	29.568	29.549	
16303	1255.	29.515	29.568	29.549	
16304	1255.	29.515	29.568	29.549	
16305	1255.	29.515	29.568	29.549	
16306	1255.	29.515	29.568	29.549	
16307	1255.1	29.515	29.568	29.549	
16308	1255.2	29.515	29.568	29.549	
16309	1255.3	29.515	29.568	29.549	
16310	1255.4	29.515	29.569	29.549	
16311	1255.5	29.515	29.569	29.55	
16312	1255.6	29.515	29.569	29.55	
16313	1255.7	29.516	29.569	29.55	
16314	1255.8	29.516	29.569	29.55	
16315	1255.9	29.516	29.569	29.55	
16316	1256.	29.516	29.569	29.55	
16317	1256.	29.516	29.569	29.55	
16318	1256.	29.516	29.569	29.55	
16319	1256.	29.516	29.569	29.55	
16320	1256.1	29.516	29.569	29.55	
16321	1256.2	29.516	29.569	29.55	
16322	1256.3	29.516	29.57	29.551	
16323	1256.4	29.516	29.57	29.551	
16324	1256.5	29.516	29.57	29.551	
16325	1256.6	29.517	29.57	29.551	
16326	1256.7	29.517	29.57	29.551	
16327	1256.8	29.517	29.57	29.551	
16328	1256.9	29.517	29.57	29.551	
16329	1257.	29.517	29.57	29.551	
16330	1257.	29.517	29.57	29.551	
16331	1257.	29.517	29.57	29.551	
16332	1257.	29.517	29.57	29.551	
16333	1257.1	29.517	29.571	29.551	
16334	1257.2	29.517	29.571	29.552	
16335	1257.3	29.517	29.571	29.552	
16336	1257.4	29.517	29.571	29.552	
16337	1257.5	29.518	29.571	29.552	
16338	1257.6	29.518	29.571	29.552	
16339	1257.7	29.518	29.571	29.552	
16340	1257.8	29.518	29.571	29.552	
16341	1257.9	29.518	29.571	29.552	
16342	1258.	29.518	29.571	29.552	
16343	1258.	29.518	29.571	29.552	
16344	1258.	29.518	29.572	29.552	
16345	1258.	29.518	29.572	29.552	
16346	1258.1	29.518	29.572	29.553	
16347	1258.2	29.518	29.572	29.553	
16348	1258.3	29.518	29.572	29.553	
16349	1258.4	29.519	29.572	29.553	
16350	1258.5	29.519	29.572	29.553	
16351	1258.6	29.519	29.572	29.553	
16352	1258.7	29.519	29.572	29.553	
16353	1258.8	29.519	29.572	29.553	
16354	1258.9	29.519	29.573	29.553	
16355	1259.	29.519	29.573	29.554	
16356	1259.	29.519	29.573	29.554	
16357	1259.	29.519	29.573	29.554	
16358	1259.	29.519	29.573	29.554	
16359	1259.1	29.519	29.573	29.554	
16360	1259.2	29.519	29.573	29.554	
16361	1259.3	29.52	29.573	29.554	
16362	1259.4	29.52	29.573	29.554	
16363	1259.5	29.52	29.573	29.554	
16364	1259.6	29.52	29.573	29.554	
16365	1259.7	29.52	29.573	29.554	
16366	1259.8	29.52	29.574	29.554	
16367	1259.9	29.52	29.574	29.555	
16368	1260.	29.52	29.574	29.555	
16369	1260.	29.52	29.574	29.555	
16370	1260.	29.52	29.574	29.555	
16371	1260.	29.52	29.574	29.555	
16372	1260.1	29.52	29.574	29.555	
16373	1260.2	29.521	29.574	29.555	
16374	1260.3	29.521	29.574	29.555	
16375	1260.4	29.521	29.574	29.555	
16376	1260.5	29.521	29.574	29.555	
16377	1260.6	29.521	29.574	29.555	
16378	1260.7	29.521	29.575	29.555	
16379	1260.8	29.521	29.575	29.556	
16380	1260.9	29.521	29.575	29.556	
16381	1261.	29.521	29.575	29.556	
16382	1261.	29.521	29.575	29.556	
16383	1261.	29.521	29.575	29.556	
16384	1261.	29.521	29.575	29.556	
16385	1261.1	29.522	29.575	29.556	
16386	1261.2	29.522	29.575	29.556	
16387	1261.3	29.522	29.575	29.556	
16388	1261.4	29.522	29.575	29.556	
16389	1261.5	29.522	29.576	29.556	
16390	1261.6	29.522	29.576	29.557	
16391	1261.7	29.522	29.576	29.557	
16392	1261.8	29.522	29.576	29.557	
16393	1261.9	29.522	29.576	29.557	
16394	1262.	29.523	29.576	29.557	
16395	1262.	29.523	29.576	29.557	
16396	1262.	29.523	29.576	29.557	
16397	1262.	29.523	29.576	29.557	
16398	1262.1	29.523	29.576	29.557	
16399	1262.2	29.523	29.576	29.557	
16400	1262.3	29.523	29.576	29.557	
16401	1262.4	29.523	29.577	29.557	
16402	1262.5	29.523	29.577	29.558	
16403	1262.6	29.523	29.577	29.558	
16404	1262.7	29.523	29.577	29.558	
16405	1262.8	29.523	29.577	29.558	
16406	1262.9	29.524	29.577	29.558	
16407	1263.	29.524	29.577	29.558	
16408	1263.	29.524	29.577	29.558	
16409	1263.	29.524	29.577	29.558	
16410	1263.	29.524	29.577	29.558	
16411	1263.1	29.524	29.577	29.558	
16412	1263.2	29.524	29.577	29.558	
16413	1263.3	29.524	29.578	29.558	
16414	1263.4	29.524	29.578	29.559	
16415	1263.5	29.524	29.578	29.559	
16416	1263.6	29.524	29.578	29.559	
16417	1263.7	29.525	29.578	29.559	
16418	1263.8	29.525	29.578	29.559	
16419	1263.9	29.525	29.578	29.559	
16420	1264.	29.525	29.578	29.559	
16421	1264.	29.525	29.578	29.559	
16422	1264.	29.525	29.578	29.559	
16423	1264.	29.525	29.578	29.559	
16424	1264.1	29.525	29.578	29.559	
16425	1264.2	29.525	29.579	29.559	
16426	1264.3	29.525	29.579	29.56	
16427	1264.4	29.525	29.579	29.56	
16428	1264.5	29.525	29.579	29.56	
16429	1264.6	29.526	29.579	29.56	
16430	1264.7	29.526	29.579	29.56	
16431	1264.8	29.526	29.579	29.56	
16432	1264.9	29.526	29.579	29.56	
16433	1265.	29.526	29.579	29.56	
16434	1265.	29.526	29.579	29.56	
16435	1265.	29.526	29.579	29.56	
16436	1265.	29.526	29.579	29.56	
16437	1265.1	29.526	29.58	29.56	
16438	1265.2	29.526	29.58	29.561	
16439	1265.3	29.526	29.58	29.561	
16440	1265.4	29.526	29.58	29.561	
16441	1265.5	29.527	29.58	29.561	
16442	1265.6	29.527	29.58	29.561	
16443	1265.7	29.527	29.58	29.561	
16444	1265.8	29.527	29.58	29.561	
16445	1265.9	29.527	29.581	29.561	
16446	1266.	29.527	29.581	29.561	
16447	1266.	29.527	29.581	29.561	
16448	1266.	29.527	29.581	29.561	
16449	1266.	29.527	29.581	29.561	
16450	1266.1	29.527	29.581	29.562	
16451	1266.2	29.527	29.581	29.562	
16452	1266.3	29.527	29.581	29.562	
16453	1266.4	29.528	29.581	29.562	
16454	1266.5	29.528	29.581	29.562	
16455	1266.6	29.528	29.581	29.562	
16456	1266.7	29.528	29.581	29.562	
16457	1266.8	29.528	29.582	29.562	
16458	1266.9	29.528	29.582	29.563	
16459	1267.	29.528	29.582	29.563	
16460	1267.	29.528	29.582	29.563	
16461	1267.	29.528	29.582	29.563	
16462	1267.	29.528	29.582	29.563	
16463	1267.1	29.528	29.582	29.563	
16464	1267.2	29.528	29.582	29.563	
16465	1267.3	29.529	29.582	29.563	
16466	1267.4	29.529	29.582	29.563	
16467	1267.5	29.529	29.582	29.563	
16468	1267.6	29.529	29.582	29.563	
16469	1267.7	29.529	29.583	29.563	
16470	1267.8	29.529	29.583	29.564	
16471	1267.9	29.529	29.583	29.564	
16472	1268.	29.529	29.583	29.564	
16473	1268.	29.529	29.583	29.564	
16474	1268.	29.529	29.583	29.564	
16475	1268.	29.529	29.583	29.564	
16476	1268.1	29.529	29.583	29.564	
16477	1268.2	29.53	29.583	29.564	
16478	1268.3	29.53	29.583	29.564	
16479	1268.4	29.53	29.583	29.564	
16480	1268.5	29.53	29.583	29.564	
16481	1268.6	29.53	29.584	29.564	
16482	1268.7	29.53	29.584	29.565	
16483	1268.8	29.53	29.584	29.565	
16484	1268.9	29.53	29.584	29.565	
16485	1269.	29.53	29.584	29.565	
16486	1269.	29.53	29.584	29.565	
16487	1269.	29.53	29.584	29.565	
16488	1269.	29.53	29.584	29.565	
16489	1269.1	29.531	29.584	29.565	
16490	1269.2	29.531	29.584	29.565	
16491	1269.3	29.531	29.584	29.565	
16492	1269.4	29.531	29.584	29.565	
16493	1269.5	29.531	29.585	29.565	
16494	1269.6	29.531	29.585	29.566	
16495	1269.7	29.531	29.585	29.566	
16496	1269.8	29.531	29.585	29.566	
16497	1269.9	29.531	29.585	29.566	
16498	1270.	29.532	29.585	29.566	
16499	1270.	29.532	29.585	29.566	
16500	1270.	29.532	29.585	29.566	
16501	1270.	29.532	29.585	29.566	
16502	1270.1	29.532	29.585	29.566	
16503	1270.2	29.532	29.585	29.566	
16504	1270.3	29.532	29.586	29.566	
16505	1270.4	29.532	29.586	29.566	
16506	1270.5	29.532	29.586	29.567	
16507	1270.6	29.532	29.586	29.567	
16508	1270.7	29.532	29.586	29.567	
16509	1270.8	29.532	29.586	29.567	
16510	1270.9	29.533	29.586	29.567	
16511	1271.	29.533	29.586	29.567	
16512	1271.	29.533	29.586	29.567	
16513	1271.	29.533	29.586	29.567	
16514	1271.	29.533	29.586	29.567	
16515	1271.1	29.533	29.586	29.567	
16516	1271.2	29.533	29.587	29.567	
16517	1271.3	29.533	29.587	29.567	
16518	1271.4	29.533	29.587	29.568	
16519	1271.5	29.533	29.587	29.568	
16520	1271.6	29.533	29.587	29.568	
16521	1271.7	29.534	29.587	29.568	
16522	1271.8	29.534	29.587	29.568	
16523	1271.9	29.534	29.587	29.568	
16524	1272.	29.534	29.587	29.568	
16525	1272.	29.534	29.587	29.568	
16526	1272.	29.534	29.587	29.568	
16527	1272.	29.534	29.587	29.568	
16528	1272.1	29.534	29.588	29.568	
16529	1272.2	29.534	29.588	29.569	
16530	1272.3	29.534	29.588	29.569	
16531	1272.4	29.534	29.588	29.569	
16532	1272.5	29.534	29.588	29.569	
16533	1272.6	29.535	29.588	29.569	
16534	1272.7	29.535	29.588	29.569	
16535	1272.8	29.535	29.588	29.569	
16536	1272.9	29.535	29.588	29.569	
16537	1273.	29.535	29.589	29.569	
16538	1273.	29.535	29.589	29.569	
16539	1273.	29.535	29.589	29.569	
16540	1273.	29.535	29.589	29.569	
16541	1273.1	29.535	29.589	29.57	
16542	1273.2	29.535	29.589	29.57	
16543	1273.3	29.535	29.589	29.57	
16544	1273.4	29.535	29.589	29.57	
16545	1273.5	29.536	29.589	29.57	
16546	1273.6	29.536	29.589	29.57	
16547	1273.7	29.536	29.589	29.57	
16548	1273.8	29.536	29.589	29.57	
16549	1273.9	29.536	29.59	29.57	
16550	1274.	29.536	29.59	29.571	
16551	1274.	29.536	29.59	29.571	
16552	1274.	29.536	29.59	29.571	
16553	1274.	29.536	29.59	29.571	
16554	1274.1	29.536	29.59	29.571	
16555	1274.2	29.536	29.59	29.571	
16556	1274.3	29.536	29.59	29.571	
16557	1274.4	29.537	29.59	29.571	
16558	1274.5	29.537	29.59	29.571	
16559	1274.6	29.537	29.59	29.571	
16560	1274.7	29.537	29.591	29.571	
16561	1274.8	29.537	29.591	29.571	
16562	1274.9	29.537	29.591	29.572	
16563	1275.	29.537	29.591	29.572	
16564	1275.	29.537	29.591	29.572	
16565	1275.	29.537	29.591	29.572	
16566	1275.	29.537	29.591	29.572	
16567	1275.1	29.537	29.591	29.572	
16568	1275.2	29.537	29.591	29.572	
16569	1275.3	29.538	29.591	29.572	
16570	1275.4	29.538	29.591	29.572	
16571	1275.5	29.538	29.591	29.572	
16572	1275.6	29.538	29.592	29.572	
16573	1275.7	29.538	29.592	29.572	
16574	1275.8	29.538	29.592	29.573	
16575	1275.9	29.538	29.592	29.573	
16576	1276.	29.538	29.592	29.573	
16577	1276.	29.538	29.592	29.573	
16578	1276.	29.538	29.592	29.573	
16579	1276.	29.538	29.592	29.573	
16580	1276.1	29.538	29.592	29.573	
16581	1276.2	29.539	29.592	29.573	
16582	1276.3	29.539	29.592	29.573	
16583	1276.4	29.539	29.592	29.573	
16584	1276.5	29.539	29.593	29.573	
16585	1276.6	29.539	29.593	29.573	
16586	1276.7	29.539	29.593	29.574	
16587	1276.8	29.539	29.593	29.574	
16588	1276.9	29.539	29.593	29.574	
16589	1277.	29.539	29.593	29.574	
16590	1277.	29.539	29.593	29.574	
16591	1277.	29.539	29.593	29.574	
16592	1277.	29.539	29.593	29.574	
16593	1277.1	29.54	29.593	29.574	
16594	1277.2	29.54	29.593	29.574	
16595	1277.3	29.54	29.593	29.574	
16596	1277.4	29.54	29.594	29.574	
16597	1277.5	29.54	29.594	29.575	
16598	1277.6	29.54	29.594	29.575	
16599	1277.7	29.54	29.594	29.575	
16600	1277.8	29.54	29.594	29.575	
16601	1277.9	29.54	29.594	29.575	
16602	1278.	29.541	29.594	29.575	
16603	1278.	29.541	29.594	29.575	
16604	1278.	29.541	29.594	29.575	
16605	1278.	29.541	29.594	29.575	
16606	1278.1	29.541	29.594	29.575	
16607	1278.2	29.541	29.594	29.575	
16608	1278.3	29.541	29.595	29.575	
16609	1278.4	29.541	29.595	29.576	
16610	1278.5	29.541	29.595	29.576	
16611	1278.6	29.541	29.595	29.576	
16612	1278.7	29.541	29.595	29.576	
16613	1278.8	29.542	29.595	29.576	
16614	1278.9	29.542	29.595	29.576	
16615	1279.	29.542	29.595	29.576	
16616	1279.	29.542	29.595	29.576	
16617	1279.	29.542	29.595	29.576	
16618	1279.	29.542	29.595	29.576	
16619	1279.1	29.542	29.596	29.576	
16620	1279.2	29.542	29.596	29.576	
16621	1279.3	29.542	29.596	29.577	
16622	1279.4	29.542	29.596	29.577	
16623	1279.5	29.542	29.596	29.577	
16624	1279.6	29.542	29.596	29.577	
16625	1279.7	29.543	29.596	29.577	
16626	1279.8	29.543	29.596	29.577	
16627	1279.9	29.543	29.596	29.577	
16628	1280.	29.543	29.596	29.577	
16629	1280.	29.543	29.597	29.577	
16630	1280.	29.543	29.597	29.577	
16631	1280.	29.543	29.597	29.577	
16632	1280.1	29.543	29.597	29.577	
16633	1280.2	29.543	29.597	29.578	
16634	1280.3	29.543	29.597	29.578	
16635	1280.4	29.543	29.597	29.578	
16636	1280.5	29.543	29.597	29.578	
16637	1280.6	29.544	29.597	29.578	
16638	1280.7	29.544	29.597	29.578	
16639	1280.8	29.544	29.597	29.578	
16640	1280.9	29.544	29.598	29.578	
16641	1281.	29.544	29.598	29.578	
16642	1281.	29.544	29.598	29.578	
16643	1281.	29.544	29.598	29.578	
16644	1281.	29.544	29.598	29.578	
16645	1281.1	29.544	29.598	29.579	
16646	1281.2	29.544	29.598	29.579	
16647	1281.3	29.544	29.598	29.579	
16648	1281.4	29.544	29.598	29.579	
16649	1281.5	29.545	29.598	29.579	
16650	1281.6	29.545	29.598	29.579	
16651	1281.7	29.545	29.598	29.579	
16652	1281.8	29.545	29.599	29.579	
16653	1281.9	29.545	29.599	29.58	
16654	1282.	29.545	29.599	29.58	
16655	1282.	29.545	29.599	29.58	
16656	1282.	29.545	29.599	29.58	
16657	1282.	29.545	29.599	29.58	
16658	1282.1	29.545	29.599	29.58	
16659	1282.2	29.545	29.599	29.58	
16660	1282.3	29.545	29.599	29.58	
16661	1282.4	29.546	29.599	29.58	
16662	1282.5	29.546	29.599	29.58	
16663	1282.6	29.546	29.599	29.58	
16664	1282.7	29.546	29.6	29.58	
16665	1282.8	29.546	29.6	29.581	
16666	1282.9	29.546	29.6	29.581	
16667	1283.	29.546	29.6	29.581	
16668	1283.	29.546	29.6	29.581	
16669	1283.	29.546	29.6	29.581	
16670	1283.	29.546	29.6	29.581	
16671	1283.1	29.546	29.6	29.581	
16672	1283.2	29.546	29.6	29.581	
16673	1283.3	29.547	29.6	29.581	
16674	1283.4	29.547	29.6	29.581	
16675	1283.5	29.547	29.601	29.581	
16676	1283.6	29.547	29.601	29.581	
16677	1283.7	29.547	29.601	29.582	
16678	1283.8	29.547	29.601	29.582	
16679	1283.9	29.547	29.601	29.582	
16680	1284.	29.547	29.601	29.582	
16681	1284.	29.547	29.601	29.582	
16682	1284.	29.547	29.601	29.582	
16683	1284.	29.547	29.601	29.582	
16684	1284.1	29.547	29.601	29.582	
16685	1284.2	29.548	29.601	29.582	
16686	1284.3	29.548	29.601	29.582	
16687	1284.4	29.548	29.602	29.582	
16688	1284.5	29.548	29.602	29.582	
16689	1284.6	29.548	29.602	29.583	
16690	1284.7	29.548	29.602	29.583	
16691	1284.8	29.548	29.602	29.583	
16692	1284.9	29.548	29.602	29.583	
16693	1285.	29.548	29.602	29.583	
16694	1285.	29.548	29.602	29.583	
16695	1285.	29.548	29.602	29.583	
16696	1285.	29.549	29.602	29.583	
16697	1285.1	29.549	29.602	29.583	
16698	1285.2	29.549	29.602	29.583	
16699	1285.3	29.549	29.603	29.583	
16700	1285.4	29.549	29.603	29.583	
16701	1285.5	29.549	29.603	29.584	
16702	1285.6	29.549	29.603	29.584	
16703	1285.7	29.549	29.603	29.584	
16704	1285.8	29.549	29.603	29.584	
16705	1285.9	29.55	29.603	29.584	
16706	1286.	29.55	29.603	29.584	
16707	1286.	29.55	29.603	29.584	
16708	1286.	29.55	29.603	29.584	
16709	1286.	29.55	29.603	29.584	
16710	1286.1	29.55	29.603	29.584	
16711	1286.2	29.55	29.604	29.584	
16712	1286.3	29.55	29.604	29.584	
16713	1286.4	29.55	29.604	29.585	
16714	1286.5	29.55	29.604	29.585	
16715	1286.6	29.55	29.604	29.585	
16716	1286.7	29.55	29.604	29.585	
16717	1286.8	29.551	29.604	29.585	
16718	1286.9	29.551	29.604	29.585	
16719	1287.	29.551	29.604	29.585	
16720	1287.	29.551	29.604	29.585	
16721	1287.	29.551	29.604	29.585	
16722	1287.	29.551	29.605	29.585	
16723	1287.1	29.551	29.605	29.585	
16724	1287.2	29.551	29.605	29.586	
16725	1287.3	29.551	29.605	29.586	
16726	1287.4	29.551	29.605	29.586	
16727	1287.5	29.551	29.605	29.586	
16728	1287.6	29.551	29.605	29.586	
16729	1287.7	29.552	29.605	29.586	
16730	1287.8	29.552	29.605	29.586	
16731	1287.9	29.552	29.606	29.586	
16732	1288.	29.552	29.606	29.586	
16733	1288.	29.552	29.606	29.586	
16734	1288.	29.552	29.606	29.586	
16735	1288.	29.552	29.606	29.586	
16736	1288.1	29.552	29.606	29.587	
16737	1288.2	29.552	29.606	29.587	
16738	1288.3	29.552	29.606	29.587	
16739	1288.4	29.552	29.606	29.587	
16740	1288.5	29.552	29.606	29.587	
16741	1288.6	29.553	29.606	29.587	
16742	1288.7	29.553	29.606	29.587	
16743	1288.8	29.553	29.607	29.587	
16744	1288.9	29.553	29.607	29.587	
16745	1289.	29.553	29.607	29.588	
16746	1289.	29.553	29.607	29.588	
16747	1289.	29.553	29.607	29.588	
16748	1289.	29.553	29.607	29.588	
16749	1289.1	29.553	29.607	29.588	
16750	1289.2	29.553	29.607	29.588	
16751	1289.3	29.553	29.607	29.588	
16752	1289.4	29.553	29.607	29.588	
16753	1289.5	29.554	29.607	29.588	
16754	1289.6	29.554	29.607	29.588	
16755	1289.7	29.554	29.608	29.588	
16756	1289.8	29.554	29.608	29.588	
16757	1289.9	29.554	29.608	29.589	
16758	1290.	29.554	29.608	29.589	
16759	1290.	29.554	29.608	29.589	
16760	1290.	29.554	29.608	29.589	
16761	1290.	29.554	29.608	29.589	
16762	1290.1	29.554	29.608	29.589	
16763	1290.2	29.554	29.608	29.589	
16764	1290.3	29.554	29.608	29.589	
16765	1290.4	29.555	29.608	29.589	
16766	1290.5	29.555	29.608	29.589	
16767	1290.6	29.555	29.609	29.589	
16768	1290.7	29.555	29.609	29.589	
16769	1290.8	29.555	29.609	29.59	
16770	1290.9	29.555	29.609	29.59	
16771	1291.	29.555	29.609	29.59	
16772	1291.	29.555	29.609	29.59	
16773	1291.	29.555	29.609	29.59	
16774	1291.	29.555	29.609	29.59	
16775	1291.1	29.555	29.609	29.59	
16776	1291.2	29.555	29.609	29.59	
16777	1291.3	29.556	29.609	29.59	
16778	1291.4	29.556	29.61	29.59	
16779	1291.5	29.556	29.61	29.59	
16780	1291.6	29.556	29.61	29.591	
16781	1291.7	29.556	29.61	29.591	
16782	1291.8	29.556	29.61	29.591	
16783	1291.9	29.556	29.61	29.591	
16784	1292.	29.556	29.61	29.591	
16785	1292.	29.556	29.61	29.591	
16786	1292.	29.556	29.61	29.591	
16787	1292.	29.556	29.61	29.591	
16788	1292.1	29.557	29.61	29.591	
16789	1292.2	29.557	29.61	29.591	
16790	1292.3	29.557	29.611	29.591	
16791	1292.4	29.557	29.611	29.591	
16792	1292.5	29.557	29.611	29.592	
16793	1292.6	29.557	29.611	29.592	
16794	1292.7	29.557	29.611	29.592	
16795	1292.8	29.557	29.611	29.592	
16796	1292.9	29.557	29.611	29.592	
16797	1293.	29.557	29.611	29.592	
16798	1293.	29.557	29.611	29.592	
16799	1293.	29.557	29.611	29.592	
16800	1293.	29.558	29.611	29.592	
16801	1293.1	29.558	29.611	29.592	
16802	1293.2	29.558	29.612	29.592	
16803	1293.3	29.558	29.612	29.592	
16804	1293.4	29.558	29.612	29.593	
16805	1293.5	29.558	29.612	29.593	
16806	1293.6	29.558	29.612	29.593	
16807	1293.7	29.558	29.612	29.593	
16808	1293.8	29.558	29.612	29.593	
16809	1293.9	29.559	29.612	29.593	
16810	1294.	29.559	29.612	29.593	
16811	1294.	29.559	29.612	29.593	
16812	1294.	29.559	29.612	29.593	
16813	1294.	29.559	29.612	29.593	
16814	1294.1	29.559	29.613	29.593	
16815	1294.2	29.559	29.613	29.593	
16816	1294.3	29.559	29.613	29.594	
16817	1294.4	29.559	29.613	29.594	
16818	1294.5	29.559	29.613	29.594	
16819	1294.6	29.559	29.613	29.594	
16820	1294.7	29.559	29.613	29.594	
16821	1294.8	29.56	29.613	29.594	
16822	1294.9	29.56	29.613	29.594	
16823	1295.	29.56	29.614	29.594	
16824	1295.	29.56	29.614	29.594	
16825	1295.	29.56	29.614	29.594	
16826	1295.	29.56	29.614	29.594	
16827	1295.1	29.56	29.614	29.594	
16828	1295.2	29.56	29.614	29.595	
16829	1295.3	29.56	29.614	29.595	
16830	1295.4	29.56	29.614	29.595	
16831	1295.5	29.56	29.614	29.595	
16832	1295.6	29.56	29.614	29.595	
16833	1295.7	29.561	29.614	29.595	
16834	1295.8	29.561	29.615	29.595	
16835	1295.9	29.561	29.615	29.595	
16836	1296.	29.561	29.615	29.595	
16837	1296.	29.561	29.615	29.595	
16838	1296.	29.561	29.615	29.595	
16839	1296.	29.561	29.615	29.596	
16840	1296.1	29.561	29.615	29.596	
16841	1296.2	29.561	29.615	29.596	
16842	1296.3	29.561	29.615	29.596	
16843	1296.4	29.561	29.615	29.596	
16844	1296.5	29.561	29.615	29.596	
16845	1296.6	29.562	29.615	29.596	
16846	1296.7	29.562	29.616	29.596	
16847	1296.8	29.562	29.616	29.596	
16848	1296.9	29.562	29.616	29.597	
16849	1297.	29.562	29.616	29.597	
16850	1297.	29.562	29.616	29.597	
16851	1297.	29.562	29.616	29.597	
16852	1297.	29.562	29.616	29.597	
16853	1297.1	29.562	29.616	29.597	
16854	1297.2	29.562	29.616	29.597	
16855	1297.3	29.562	29.616	29.597	
16856	1297.4	29.562	29.616	29.597	
16857	1297.5	29.563	29.616	29.597	
16858	1297.6	29.563	29.617	29.597	
16859	1297.7	29.563	29.617	29.597	
16860	1297.8	29.563	29.617	29.598	
16861	1297.9	29.563	29.617	29.598	
16862	1298.	29.563	29.617	29.598	
16863	1298.	29.563	29.617	29.598	
16864	1298.	29.563	29.617	29.598	
16865	1298.	29.563	29.617	29.598	
16866	1298.1	29.563	29.617	29.598	
16867	1298.2	29.563	29.617	29.598	
16868	1298.3	29.563	29.617	29.598	
16869	1298.4	29.564	29.617	29.598	
16870	1298.5	29.564	29.618	29.598	
16871	1298.6	29.564	29.618	29.598	
16872	1298.7	29.564	29.618	29.599	
16873	1298.8	29.564	29.618	29.599	
16874	1298.9	29.564	29.618	29.599	
16875	1299.	29.564	29.618	29.599	
16876	1299.	29.564	29.618	29.599	
16877	1299.	29.564	29.618	29.599	
16878	1299.	29.564	29.618	29.599	
16879	1299.1	29.564	29.618	29.599	
16880	1299.2	29.565	29.618	29.599	
16881	1299.3	29.565	29.619	29.599	
16882	1299.4	29.565	29.619	29.599	
16883	1299.5	29.565	29.619	29.599	
16884	1299.6	29.565	29.619	29.6	
16885	1299.7	29.565	29.619	29.6	
16886	1299.8	29.565	29.619	29.6	
16887	1299.9	29.565	29.619	29.6	
16888	1300.	29.565	29.619	29.6	
16889	1300.	29.565	29.619	29.6	
16890	1300.	29.565	29.619	29.6	
16891	1300.	29.565	29.619	29.6	
16892	1300.1	29.566	29.619	29.6	
16893	1300.2	29.566	29.62	29.6	
16894	1300.3	29.566	29.62	29.6	
16895	1300.4	29.566	29.62	29.6	
16896	1300.5	29.566	29.62	29.601	
16897	1300.6	29.566	29.62	29.601	
16898	1300.7	29.566	29.62	29.601	
16899	1300.8	29.566	29.62	29.601	
16900	1300.9	29.566	29.62	29.601	
16901	1301.	29.567	29.62	29.601	
16902	1301.	29.567	29.62	29.601	
16903	1301.	29.567	29.62	29.601	
16904	1301.	29.567	29.62	29.601	
16905	1301.1	29.567	29.621	29.601	
16906	1301.2	29.567	29.621	29.601	
16907	1301.3	29.567	29.621	29.602	
16908	1301.4	29.567	29.621	29.602	
16909	1301.5	29.567	29.621	29.602	
16910	1301.6	29.567	29.621	29.602	
16911	1301.7	29.567	29.621	29.602	
16912	1301.8	29.567	29.621	29.602	
16913	1301.9	29.568	29.621	29.602	
16914	1302.	29.568	29.622	29.602	
16915	1302.	29.568	29.622	29.602	
16916	1302.	29.568	29.622	29.602	
16917	1302.	29.568	29.622	29.602	
16918	1302.1	29.568	29.622	29.602	
16919	1302.2	29.568	29.622	29.603	
16920	1302.3	29.568	29.622	29.603	
16921	1302.4	29.568	29.622	29.603	
16922	1302.5	29.568	29.622	29.603	
16923	1302.6	29.568	29.622	29.603	
16924	1302.7	29.568	29.622	29.603	
16925	1302.8	29.569	29.622	29.603	
16926	1302.9	29.569	29.623	29.603	
16927	1303.	29.569	29.623	29.603	
16928	1303.	29.569	29.623	29.603	
16929	1303.	29.569	29.623	29.603	
16930	1303.	29.569	29.623	29.603	
16931	1303.1	29.569	29.623	29.604	
16932	1303.2	29.569	29.623	29.604	
16933	1303.3	29.569	29.623	29.604	
16934	1303.4	29.569	29.623	29.604	
16935	1303.5	29.569	29.623	29.604	
16936	1303.6	29.569	29.623	29.604	
16937	1303.7	29.57	29.624	29.604	
16938	1303.8	29.57	29.624	29.604	
16939	1303.9	29.57	29.624	29.604	
16940	1304.	29.57	29.624	29.605	
16941	1304.	29.57	29.624	29.605	
16942	1304.	29.57	29.624	29.605	
16943	1304.	29.57	29.624	29.605	
16944	1304.1	29.57	29.624	29.605	
16945	1304.2	29.57	29.624	29.605	
16946	1304.3	29.57	29.624	29.605	
16947	1304.4	29.57	29.624	29.605	
16948	1304.5	29.57	29.624	29.605	
16949	1304.6	29.571	29.625	29.605	
16950	1304.7	29.571	29.625	29.605	
16951	1304.8	29.571	29.625	29.605	
16952	1304.9	29.571	29.625	29.606	
16953	1305.	29.571	29.625	29.606	
16954	1305.	29.571	29.625	29.606	
16955	1305.	29.571	29.625	29.606	
16956	1305.	29.571	29.625	29.606	
16957	1305.1	29.571	29.625	29.606	
16958	1305.2	29.571	29.625	29.606	
16959	1305.3	29.571	29.625	29.606	
16960	1305.4	29.572	29.625	29.606	
16961	1305.5	29.572	29.626	29.606	
16962	1305.6	29.572	29.626	29.606	
16963	1305.7	29.572	29.626	29.607	
16964	1305.8	29.572	29.626	29.607	
16965	1305.9	29.572	29.626	29.607	
16966	1306.	29.572	29.626	29.607	
16967	1306.	29.572	29.626	29.607	
16968	1306.	29.572	29.626	29.607	
16969	1306.	29.572	29.626	29.607	
16970	1306.1	29.572	29.626	29.607	
16971	1306.2	29.572	29.626	29.607	
16972	1306.3	29.573	29.626	29.607	
16973	1306.4	29.573	29.627	29.607	
16974	1306.5	29.573	29.627	29.607	
16975	1306.6	29.573	29.627	29.608	
16976	1306.7	29.573	29.627	29.608	
16977	1306.8	29.573	29.627	29.608	
16978	1306.9	29.573	29.627	29.608	
16979	1307.	29.573	29.627	29.608	
16980	1307.	29.573	29.627	29.608	
16981	1307.	29.573	29.627	29.608	
16982	1307.	29.573	29.627	29.608	
16983	1307.1	29.573	29.627	29.608	
16984	1307.2	29.574	29.628	29.608	
16985	1307.3	29.574	29.628	29.608	
16986	1307.4	29.574	29.628	29.608	
16987	1307.5	29.574	29.628	29.609	
16988	1307.6	29.574	29.628	29.609	
16989	1307.7	29.574	29.628	29.609	
16990	1307.8	29.574	29.628	29.609	
16991	1307.9	29.574	29.628	29.609	
16992	1308.	29.574	29.628	29.609	
16993	1308.	29.574	29.628	29.609	
16994	1308.	29.574	29.628	29.609	
16995	1308.	29.574	29.628	29.609	
16996	1308.1	29.575	29.629	29.609	
16997	1308.2	29.575	29.629	29.609	
16998	1308.3	29.575	29.629	29.609	
16999	1308.4	29.575	29.629	29.61	
17000	1308.5	29.575	29.629	29.61	
17001	1308.6	29.575	29.629	29.61	
17002	1308.7	29.575	29.629	29.61	
17003	1308.8	29.575	29.629	29.61	
17004	1308.9	29.575	29.629	29.61	
17005	1309.	29.576	29.63	29.61	
17006	1309.	29.576	29.63	29.61	
17007	1309.	29.576	29.63	29.61	
17008	1309.	29.576	29.63	29.61	
17009	1309.1	29.576	29.63	29.61	
17010	1309.2	29.576	29.63	29.61	
17011	1309.3	29.576	29.63	29.611	
17012	1309.4	29.576	29.63	29.611	
17013	1309.5	29.576	29.63	29.611	
17014	1309.6	29.576	29.63	29.611	
17015	1309.7	29.576	29.63	29.611	
17016	1309.8	29.576	29.63	29.611	
17017	1309.9	29.577	29.631	29.611	
17018	1310.	29.577	29.631	29.611	
17019	1310.	29.577	29.631	29.611	
17020	1310.	29.577	29.631	29.611	
17021	1310.	29.577	29.631	29.611	
17022	1310.1	29.577	29.631	29.612	
17023	1310.2	29.577	29.631	29.612	
17024	1310.3	29.577	29.631	29.612	
17025	1310.4	29.577	29.631	29.612	
17026	1310.5	29.577	29.631	29.612	
17027	1310.6	29.577	29.631	29.612	
17028	1310.7	29.577	29.632	29.612	
17029	1310.8	29.578	29.632	29.612	
17030	1310.9	29.578	29.632	29.612	
17031	1311.	29.578	29.632	29.612	
17032	1311.	29.578	29.632	29.613	
17033	1311.	29.578	29.632	29.613	
17034	1311.	29.578	29.632	29.613	
17035	1311.1	29.578	29.632	29.613	
17036	1311.2	29.578	29.632	29.613	
17037	1311.3	29.578	29.632	29.613	
17038	1311.4	29.578	29.632	29.613	
17039	1311.5	29.578	29.632	29.613	
17040	1311.6	29.579	29.633	29.613	
17041	1311.7	29.579	29.633	29.613	
17042	1311.8	29.579	29.633	29.613	
17043	1311.9	29.579	29.633	29.614	
17044	1312.	29.579	29.633	29.614	
17045	1312.	29.579	29.633	29.614	
17046	1312.	29.579	29.633	29.614	
17047	1312.	29.579	29.633	29.614	
17048	1312.1	29.579	29.633	29.614	
17049	1312.2	29.579	29.633	29.614	
17050	1312.3	29.579	29.633	29.614	
17051	1312.4	29.579	29.633	29.614	
17052	1312.5	29.58	29.634	29.614	
17053	1312.6	29.58	29.634	29.614	
17054	1312.7	29.58	29.634	29.614	
17055	1312.8	29.58	29.634	29.615	
17056	1312.9	29.58	29.634	29.615	
17057	1313.	29.58	29.634	29.615	
17058	1313.	29.58	29.634	29.615	
17059	1313.	29.58	29.634	29.615	
17060	1313.	29.58	29.634	29.615	
17061	1313.1	29.58	29.634	29.615	
17062	1313.2	29.58	29.634	29.615	
17063	1313.3	29.58	29.634	29.615	
17064	1313.4	29.581	29.635	29.615	
17065	1313.5	29.581	29.635	29.615	
17066	1313.6	29.581	29.635	29.615	
17067	1313.7	29.581	29.635	29.616	
17068	1313.8	29.581	29.635	29.616	
17069	1313.9	29.581	29.635	29.616	
17070	1314.	29.581	29.635	29.616	
17071	1314.	29.581	29.635	29.616	
17072	1314.	29.581	29.635	29.616	
17073	1314.	29.581	29.635	29.616	
17074	1314.1	29.581	29.635	29.616	
17075	1314.2	29.581	29.635	29.616	
17076	1314.3	29.582	29.636	29.616	
17077	1314.4	29.582	29.636	29.616	
17078	1314.5	29.582	29.636	29.617	
17079	1314.6	29.582	29.636	29.617	
17080	1314.7	29.582	29.636	29.617	
17081	1314.8	29.582	29.636	29.617	
17082	1314.9	29.582	29.636	29.617	
17083	1315.	29.582	29.636	29.617	
17084	1315.	29.582	29.636	29.617	
17085	1315.	29.582	29.636	29.617	
17086	1315.	29.582	29.636	29.617	
17087	1315.1	29.582	29.637	29.617	
17088	1315.2	29.583	29.637	29.617	
17089	1315.3	29.583	29.637	29.617	
17090	1315.4	29.583	29.637	29.618	
17091	1315.5	29.583	29.637	29.618	
17092	1315.6	29.583	29.637	29.618	
17093	1315.7	29.583	29.637	29.618	
17094	1315.8	29.583	29.637	29.618	
17095	1315.9	29.583	29.637	29.618	
17096	1316.	29.583	29.638	29.618	
17097	1316.	29.583	29.638	29.618	
17098	1316.	29.583	29.638	29.618	
17099	1316.	29.583	29.638	29.618	
17100	1316.1	29.584	29.638	29.618	
17101	1316.2	29.584	29.638	29.618	
17102	1316.3	29.584	29.638	29.619	
17103	1316.4	29.584	29.638	29.619	
17104	1316.5	29.584	29.638	29.619	
17105	1316.6	29.584	29.638	29.619	
17106	1316.7	29.584	29.638	29.619	
17107	1316.8	29.584	29.638	29.619	
17108	1316.9	29.585	29.639	29.619	
17109	1317.	29.585	29.639	29.619	
17110	1317.	29.585	29.639	29.619	
17111	1317.	29.585	29.639	29.619	
17112	1317.	29.585	29.639	29.619	
17113	1317.1	29.585	29.639	29.619	
17114	1317.2	29.585	29.639	29.62	
17115	1317.3	29.585	29.639	29.62	
17116	1317.4	29.585	29.639	29.62	
17117	1317.5	29.585	29.639	29.62	
17118	1317.6	29.585	29.639	29.62	
17119	1317.7	29.585	29.639	29.62	
17120	1317.8	29.586	29.64	29.62	
17121	1317.9	29.586	29.64	29.62	
17122	1318.	29.586	29.64	29.62	
17123	1318.	29.586	29.64	29.62	
17124	1318.	29.586	29.64	29.62	
17125	1318.	29.586	29.64	29.621	
17126	1318.1	29.586	29.64	29.621	
17127	1318.2	29.586	29.64	29.621	
17128	1318.3	29.586	29.64	29.621	
17129	1318.4	29.586	29.64	29.621	
17130	1318.5	29.586	29.64	29.621	
17131	1318.6	29.586	29.641	29.621	
17132	1318.7	29.587	29.641	29.621	
17133	1318.8	29.587	29.641	29.621	
17134	1318.9	29.587	29.641	29.622	
17135	1319.	29.587	29.641	29.622	
17136	1319.	29.587	29.641	29.622	
17137	1319.	29.587	29.641	29.622	
17138	1319.	29.587	29.641	29.622	
17139	1319.1	29.587	29.641	29.622	
17140	1319.2	29.587	29.641	29.622	
17141	1319.3	29.587	29.641	29.622	
17142	1319.4	29.587	29.641	29.622	
17143	1319.5	29.587	29.642	29.622	
17144	1319.6	29.588	29.642	29.622	
17145	1319.7	29.588	29.642	29.622	
17146	1319.8	29.588	29.642	29.623	
17147	1319.9	29.588	29.642	29.623	
17148	1320.	29.588	29.642	29.623	
17149	1320.	29.588	29.642	29.623	
17150	1320.	29.588	29.642	29.623	
17151	1320.	29.588	29.642	29.623	
17152	1320.1	29.588	29.642	29.623	
17153	1320.2	29.588	29.642	29.623	
17154	1320.3	29.588	29.642	29.623	
17155	1320.4	29.588	29.643	29.623	
17156	1320.5	29.589	29.643	29.623	
17157	1320.6	29.589	29.643	29.623	
17158	1320.7	29.589	29.643	29.624	
17159	1320.8	29.589	29.643	29.624	
17160	1320.9	29.589	29.643	29.624	
17161	1321.	29.589	29.643	29.624	
17162	1321.	29.589	29.643	29.624	
17163	1321.	29.589	29.643	29.624	
17164	1321.	29.589	29.643	29.624	
17165	1321.1	29.589	29.643	29.624	
17166	1321.2	29.589	29.643	29.624	
17167	1321.3	29.589	29.644	29.624	
17168	1321.4	29.59	29.644	29.624	
17169	1321.5	29.59	29.644	29.624	
17170	1321.6	29.59	29.644	29.625	
17171	1321.7	29.59	29.644	29.625	
17172	1321.8	29.59	29.644	29.625	
17173	1321.9	29.59	29.644	29.625	
17174	1322.	29.59	29.644	29.625	
17175	1322.	29.59	29.644	29.625	
17176	1322.	29.59	29.644	29.625	
17177	1322.	29.59	29.644	29.625	
17178	1322.1	29.59	29.645	29.625	
17179	1322.2	29.59	29.645	29.625	
17180	1322.3	29.591	29.645	29.625	
17181	1322.4	29.591	29.645	29.626	
17182	1322.5	29.591	29.645	29.626	
17183	1322.6	29.591	29.645	29.626	
17184	1322.7	29.591	29.645	29.626	
17185	1322.8	29.591	29.645	29.626	
17186	1322.9	29.591	29.645	29.626	
17187	1323.	29.591	29.645	29.626	
17188	1323.	29.591	29.646	29.626	
17189	1323.	29.591	29.646	29.626	
17190	1323.	29.591	29.646	29.626	
17191	1323.1	29.592	29.646	29.626	
17192	1323.2	29.592	29.646	29.626	
17193	1323.3	29.592	29.646	29.627	
17194	1323.4	29.592	29.646	29.627	
17195	1323.5	29.592	29.646	29.627	
17196	1323.6	29.592	29.646	29.627	
17197	1323.7	29.592	29.646	29.627	
17198	1323.8	29.592	29.646	29.627	
17199	1323.9	29.592	29.647	29.627	
17200	1324.	29.592	29.647	29.627	
17201	1324.	29.592	29.647	29.627	
17202	1324.	29.593	29.647	29.627	
17203	1324.	29.593	29.647	29.627	
17204	1324.1	29.593	29.647	29.627	
17205	1324.2	29.593	29.647	29.628	
17206	1324.3	29.593	29.647	29.628	
17207	1324.4	29.593	29.647	29.628	
17208	1324.5	29.593	29.647	29.628	
17209	1324.6	29.593	29.647	29.628	
17210	1324.7	29.593	29.647	29.628	
17211	1324.8	29.593	29.648	29.628	
17212	1324.9	29.594	29.648	29.628	
17213	1325.	29.594	29.648	29.628	
17214	1325.	29.594	29.648	29.628	
17215	1325.	29.594	29.648	29.628	
17216	1325.	29.594	29.648	29.628	
17217	1325.1	29.594	29.648	29.629	
17218	1325.2	29.594	29.648	29.629	
17219	1325.3	29.594	29.648	29.629	
17220	1325.4	29.594	29.648	29.629	
17221	1325.5	29.594	29.648	29.629	
17222	1325.6	29.594	29.649	29.629	
17223	1325.7	29.594	29.649	29.629	
17224	1325.8	29.595	29.649	29.629	
17225	1325.9	29.595	29.649	29.629	
17226	1326.	29.595	29.649	29.63	
17227	1326.	29.595	29.649	29.63	
17228	1326.	29.595	29.649	29.63	
17229	1326.	29.595	29.649	29.63	
17230	1326.1	29.595	29.649	29.63	
17231	1326.2	29.595	29.649	29.63	
17232	1326.3	29.595	29.649	29.63	
17233	1326.4	29.595	29.649	29.63	
17234	1326.5	29.595	29.65	29.63	
17235	1326.6	29.595	29.65	29.63	
17236	1326.7	29.596	29.65	29.63	
17237	1326.8	29.596	29.65	29.631	
17238	1326.9	29.596	29.65	29.631	
17239	1327.	29.596	29.65	29.631	
17240	1327.	29.596	29.65	29.631	
17241	1327.	29.596	29.65	29.631	
17242	1327.	29.596	29.65	29.631	
17243	1327.1	29.596	29.65	29.631	
17244	1327.2	29.596	29.65	29.631	
17245	1327.3	29.596	29.65	29.631	
17246	1327.4	29.596	29.651	29.631	
17247	1327.5	29.596	29.651	29.631	
17248	1327.6	29.597	29.651	29.631	
17249	1327.7	29.597	29.651	29.632	
17250	1327.8	29.597	29.651	29.632	
17251	1327.9	29.597	29.651	29.632	
17252	1328.	29.597	29.651	29.632	
17253	1328.	29.597	29.651	29.632	
17254	1328.	29.597	29.651	29.632	
17255	1328.	29.597	29.651	29.632	
17256	1328.1	29.597	29.651	29.632	
17257	1328.2	29.597	29.651	29.632	
17258	1328.3	29.597	29.652	29.632	
17259	1328.4	29.598	29.652	29.632	
17260	1328.5	29.598	29.652	29.632	
17261	1328.6	29.598	29.652	29.633	
17262	1328.7	29.598	29.652	29.633	
17263	1328.8	29.598	29.652	29.633	
17264	1328.9	29.598	29.652	29.633	
17265	1329.	29.598	29.652	29.633	
17266	1329.	29.598	29.652	29.633	
17267	1329.	29.598	29.652	29.633	
17268	1329.	29.598	29.652	29.633	
17269	1329.1	29.598	29.652	29.633	
17270	1329.2	29.598	29.653	29.633	
17271	1329.3	29.599	29.653	29.633	
17272	1329.4	29.599	29.653	29.633	
17273	1329.5	29.599	29.653	29.634	
17274	1329.6	29.599	29.653	29.634	
17275	1329.7	29.599	29.653	29.634	
17276	1329.8	29.599	29.653	29.634	
17277	1329.9	29.599	29.653	29.634	
17278	1330.	29.599	29.653	29.634	
17279	1330.	29.599	29.653	29.634	
17280	1330.	29.599	29.654	29.634	
17281	1330.	29.599	29.654	29.634	
17282	1330.1	29.599	29.654	29.634	
17283	1330.2	29.6	29.654	29.634	
17284	1330.3	29.6	29.654	29.634	
17285	1330.4	29.6	29.654	29.635	
17286	1330.5	29.6	29.654	29.635	
17287	1330.6	29.6	29.654	29.635	
17288	1330.7	29.6	29.654	29.635	
17289	1330.8	29.6	29.654	29.635	
17290	1330.9	29.6	29.655	29.635	
17291	1331.	29.6	29.655	29.635	
17292	1331.	29.6	29.655	29.635	
17293	1331.	29.6	29.655	29.635	
17294	1331.	29.6	29.655	29.635	
17295	1331.1	29.601	29.655	29.635	
17296	1331.2	29.601	29.655	29.636	
17297	1331.3	29.601	29.655	29.636	
17298	1331.4	29.601	29.655	29.636	
17299	1331.5	29.601	29.655	29.636	
17300	1331.6	29.601	29.655	29.636	
17301	1331.7	29.601	29.655	29.636	
17302	1331.8	29.601	29.656	29.636	
17303	1331.9	29.601	29.656	29.636	
17304	1332.	29.602	29.656	29.636	
17305	1332.	29.602	29.656	29.636	
17306	1332.	29.602	29.656	29.636	
17307	1332.	29.602	29.656	29.636	
17308	1332.1	29.602	29.656	29.637	
17309	1332.2	29.602	29.656	29.637	
17310	1332.3	29.602	29.656	29.637	
17311	1332.4	29.602	29.656	29.637	
17312	1332.5	29.602	29.656	29.637	
17313	1332.6	29.602	29.656	29.637	
17314	1332.7	29.602	29.657	29.637	
17315	1332.8	29.602	29.657	29.637	
17316	1332.9	29.603	29.657	29.637	
17317	1333.	29.603	29.657	29.638	
17318	1333.	29.603	29.657	29.638	
17319	1333.	29.603	29.657	29.638	
17320	1333.	29.603	29.657	29.638	
17321	1333.1	29.603	29.657	29.638	
17322	1333.2	29.603	29.657	29.638	
17323	1333.3	29.603	29.657	29.638	
17324	1333.4	29.603	29.657	29.638	
17325	1333.5	29.603	29.658	29.638	
17326	1333.6	29.603	29.658	29.638	
17327	1333.7	29.604	29.658	29.638	
17328	1333.8	29.604	29.658	29.638	
17329	1333.9	29.604	29.658	29.639	
17330	1334.	29.604	29.658	29.639	
17331	1334.	29.604	29.658	29.639	
17332	1334.	29.604	29.658	29.639	
17333	1334.	29.604	29.658	29.639	
17334	1334.1	29.604	29.658	29.639	
17335	1334.2	29.604	29.658	29.639	
17336	1334.3	29.604	29.658	29.639	
17337	1334.4	29.604	29.659	29.639	
17338	1334.5	29.604	29.659	29.639	
17339	1334.6	29.605	29.659	29.639	
17340	1334.7	29.605	29.659	29.64	
17341	1334.8	29.605	29.659	29.64	
17342	1334.9	29.605	29.659	29.64	
17343	1335.	29.605	29.659	29.64	
17344	1335.	29.605	29.659	29.64	
17345	1335.	29.605	29.659	29.64	
17346	1335.	29.605	29.659	29.64	
17347	1335.1	29.605	29.659	29.64	
17348	1335.2	29.605	29.659	29.64	
17349	1335.3	29.605	29.66	29.64	
17350	1335.4	29.605	29.66	29.64	
17351	1335.5	29.606	29.66	29.64	
17352	1335.6	29.606	29.66	29.641	
17353	1335.7	29.606	29.66	29.641	
17354	1335.8	29.606	29.66	29.641	
17355	1335.9	29.606	29.66	29.641	
17356	1336.	29.606	29.66	29.641	
17357	1336.	29.606	29.66	29.641	
17358	1336.	29.606	29.66	29.641	
17359	1336.	29.606	29.66	29.641	
17360	1336.1	29.606	29.66	29.641	
17361	1336.2	29.606	29.661	29.641	
17362	1336.3	29.606	29.661	29.641	
17363	1336.4	29.607	29.661	29.641	
17364	1336.5	29.607	29.661	29.642	
17365	1336.6	29.607	29.661	29.642	
17366	1336.7	29.607	29.661	29.642	
17367	1336.8	29.607	29.661	29.642	
17368	1336.9	29.607	29.661	29.642	
17369	1337.	29.607	29.661	29.642	
17370	1337.	29.607	29.661	29.642	
17371	1337.	29.607	29.661	29.642	
17372	1337.	29.607	29.662	29.642	
17373	1337.1	29.607	29.662	29.642	
17374	1337.2	29.607	29.662	29.642	
17375	1337.3	29.608	29.662	29.642	
17376	1337.4	29.608	29.662	29.643	
17377	1337.5	29.608	29.662	29.643	
17378	1337.6	29.608	29.662	29.643	
17379	1337.7	29.608	29.662	29.643	
17380	1337.8	29.608	29.662	29.643	
17381	1337.9	29.608	29.663	29.643	
17382	1338.	29.608	29.663	29.643	
17383	1338.	29.608	29.663	29.643	
17384	1338.	29.608	29.663	29.643	
17385	1338.	29.608	29.663	29.643	
17386	1338.1	29.608	29.663	29.643	
17387	1338.2	29.609	29.663	29.643	
17388	1338.3	29.609	29.663	29.644	
17389	1338.4	29.609	29.663	29.644	
17390	1338.5	29.609	29.663	29.644	
17391	1338.6	29.609	29.663	29.644	
17392	1338.7	29.609	29.663	29.644	
17393	1338.8	29.609	29.664	29.644	
17394	1338.9	29.609	29.664	29.644	
17395	1339.	29.609	29.664	29.644	
17396	1339.	29.609	29.664	29.644	
17397	1339.	29.609	29.664	29.644	
17398	1339.	29.61	29.664	29.644	
17399	1339.1	29.61	29.664	29.645	
17400	1339.2	29.61	29.664	29.645	
17401	1339.3	29.61	29.664	29.645	
17402	1339.4	29.61	29.664	29.645	
17403	1339.5	29.61	29.664	29.645	
17404	1339.6	29.61	29.664	29.645	
17405	1339.7	29.61	29.665	29.645	
17406	1339.8	29.61	29.665	29.645	
17407	1339.9	29.611	29.665	29.645	
17408	1340.	29.611	29.665	29.645	
17409	1340.	29.611	29.665	29.646	
17410	1340.	29.611	29.665	29.646	
17411	1340.	29.611	29.665	29.646	
17412	1340.1	29.611	29.665	29.646	
17413	1340.2	29.611	29.665	29.646	
17414	1340.3	29.611	29.665	29.646	
17415	1340.4	29.611	29.665	29.646	
17416	1340.5	29.611	29.666	29.646	
17417	1340.6	29.611	29.666	29.646	
17418	1340.7	29.611	29.666	29.646	
17419	1340.8	29.612	29.666	29.646	
17420	1340.9	29.612	29.666	29.647	
17421	1341.	29.612	29.666	29.647	
17422	1341.	29.612	29.666	29.647	
17423	1341.	29.612	29.666	29.647	
17424	1341.	29.612	29.666	29.647	
17425	1341.1	29.612	29.666	29.647	
17426	1341.2	29.612	29.666	29.647	
17427	1341.3	29.612	29.666	29.647	
17428	1341.4	29.612	29.667	29.647	
17429	1341.5	29.612	29.667	29.647	
17430	1341.6	29.612	29.667	29.647	
17431	1341.7	29.613	29.667	29.647	
17432	1341.8	29.613	29.667	29.648	
17433	1341.9	29.613	29.667	29.648	
17434	1342.	29.613	29.667	29.648	
17435	1342.	29.613	29.667	29.648	
17436	1342.	29.613	29.667	29.648	
17437	1342.	29.613	29.667	29.648	
17438	1342.1	29.613	29.667	29.648	
17439	1342.2	29.613	29.667	29.648	
17440	1342.3	29.613	29.668	29.648	
17441	1342.4	29.613	29.668	29.648	
17442	1342.5	29.613	29.668	29.648	
17443	1342.6	29.614	29.668	29.649	
17444	1342.7	29.614	29.668	29.649	
17445	1342.8	29.614	29.668	29.649	
17446	1342.9	29.614	29.668	29.649	
17447	1343.	29.614	29.668	29.649	
17448	1343.	29.614	29.668	29.649	
17449	1343.	29.614	29.668	29.649	
17450	1343.	29.614	29.668	29.649	
17451	1343.1	29.614	29.668	29.649	
17452	1343.2	29.614	29.669	29.649	
17453	1343.3	29.614	29.669	29.649	
17454	1343.4	29.614	29.669	29.649	
17455	1343.5	29.615	29.669	29.65	
17456	1343.6	29.615	29.669	29.65	
17457	1343.7	29.615	29.669	29.65	
17458	1343.8	29.615	29.669	29.65	
17459	1343.9	29.615	29.669	29.65	
17460	1344.	29.615	29.669	29.65	
17461	1344.	29.615	29.669	29.65	
17462	1344.	29.615	29.67	29.65	
17463	1344.	29.615	29.67	29.65	
17464	1344.1	29.615	29.67	29.65	
17465	1344.2	29.615	29.67	29.65	
17466	1344.3	29.616	29.67	29.65	
17467	1344.4	29.616	29.67	29.651	
17468	1344.5	29.616	29.67	29.651	
17469	1344.6	29.616	29.67	29.651	
17470	1344.7	29.616	29.67	29.651	
17471	1344.8	29.616	29.67	29.651	
17472	1344.9	29.616	29.671	29.651	
17473	1345.	29.616	29.671	29.651	
17474	1345.	29.616	29.671	29.651	
17475	1345.	29.616	29.671	29.651	
17476	1345.	29.616	29.671	29.651	
17477	1345.1	29.616	29.671	29.651	
17478	1345.2	29.617	29.671	29.651	
17479	1345.3	29.617	29.671	29.652	
17480	1345.4	29.617	29.671	29.652	
17481	1345.5	29.617	29.671	29.652	
17482	1345.6	29.617	29.671	29.652	
17483	1345.7	29.617	29.671	29.652	
17484	1345.8	29.617	29.672	29.652	
17485	1345.9	29.617	29.672	29.652	
17486	1346.	29.617	29.672	29.652	
17487	1346.	29.617	29.672	29.652	
17488	1346.	29.617	29.672	29.652	
17489	1346.	29.617	29.672	29.652	
17490	1346.1	29.618	29.672	29.652	
17491	1346.2	29.618	29.672	29.653	
17492	1346.3	29.618	29.672	29.653	
17493	1346.4	29.618	29.672	29.653	
17494	1346.5	29.618	29.672	29.653	
17495	1346.6	29.618	29.672	29.653	
17496	1346.7	29.618	29.673	29.653	
17497	1346.8	29.618	29.673	29.653	
17498	1346.9	29.618	29.673	29.653	
17499	1347.	29.619	29.673	29.653	
17500	1347.	29.619	29.673	29.653	
17501	1347.	29.619	29.673	29.653	
17502	1347.	29.619	29.673	29.654	
17503	1347.1	29.619	29.673	29.654	
17504	1347.2	29.619	29.673	29.654	
17505	1347.3	29.619	29.673	29.654	
17506	1347.4	29.619	29.673	29.654	
17507	1347.5	29.619	29.674	29.654	
17508	1347.6	29.619	29.674	29.654	
17509	1347.7	29.619	29.674	29.654	
17510	1347.8	29.619	29.674	29.654	
17511	1347.9	29.62	29.674	29.655	
17512	1348.	29.62	29.674	29.655	
17513	1348.	29.62	29.674	29.655	
17514	1348.	29.62	29.674	29.655	
17515	1348.	29.62	29.674	29.655	
17516	1348.1	29.62	29.674	29.655	
17517	1348.2	29.62	29.674	29.655	
17518	1348.3	29.62	29.674	29.655	
17519	1348.4	29.62	29.675	29.655	
17520	1348.5	29.62	29.675	29.655	
17521	1348.6	29.62	29.675	29.655	
17522	1348.7	29.62	29.675	29.655	
17523	1348.8	29.621	29.675	29.656	
17524	1348.9	29.621	29.675	29.656	
17525	1349.	29.621	29.675	29.656	
17526	1349.	29.621	29.675	29.656	
17527	1349.	29.621	29.675	29.656	
17528	1349.	29.621	29.675	29.656	
17529	1349.1	29.621	29.675	29.656	
17530	1349.2	29.621	29.675	29.656	
17531	1349.3	29.621	29.676	29.656	
17532	1349.4	29.621	29.676	29.656	
17533	1349.5	29.621	29.676	29.656	
17534	1349.6	29.622	29.676	29.656	
17535	1349.7	29.622	29.676	29.657	
17536	1349.8	29.622	29.676	29.657	
17537	1349.9	29.622	29.676	29.657	
17538	1350.	29.622	29.676	29.657	
17539	1350.	29.622	29.676	29.657	
17540	1350.	29.622	29.676	29.657	
17541	1350.	29.622	29.676	29.657	
17542	1350.1	29.622	29.676	29.657	
17543	1350.2	29.622	29.677	29.657	
17544	1350.3	29.622	29.677	29.657	
17545	1350.4	29.622	29.677	29.657	
17546	1350.5	29.623	29.677	29.658	
17547	1350.6	29.623	29.677	29.658	
17548	1350.7	29.623	29.677	29.658	
17549	1350.8	29.623	29.677	29.658	
17550	1350.9	29.623	29.677	29.658	
17551	1351.	29.623	29.677	29.658	
17552	1351.	29.623	29.677	29.658	
17553	1351.	29.623	29.678	29.658	
17554	1351.	29.623	29.678	29.658	
17555	1351.1	29.623	29.678	29.658	
17556	1351.2	29.623	29.678	29.658	
17557	1351.3	29.623	29.678	29.658	
17558	1351.4	29.624	29.678	29.659	
17559	1351.5	29.624	29.678	29.659	
17560	1351.6	29.624	29.678	29.659	
17561	1351.7	29.624	29.678	29.659	
17562	1351.8	29.624	29.678	29.659	
17563	1351.9	29.624	29.679	29.659	
17564	1352.	29.624	29.679	29.659	
17565	1352.	29.624	29.679	29.659	
17566	1352.	29.624	29.679	29.659	
17567	1352.	29.624	29.679	29.659	
17568	1352.1	29.624	29.679	29.659	
17569	1352.2	29.624	29.679	29.659	
17570	1352.3	29.625	29.679	29.66	
17571	1352.4	29.625	29.679	29.66	
17572	1352.5	29.625	29.679	29.66	
17573	1352.6	29.625	29.679	29.66	
17574	1352.7	29.625	29.679	29.66	
17575	1352.8	29.625	29.68	29.66	
17576	1352.9	29.625	29.68	29.66	
17577	1353.	29.625	29.68	29.66	
17578	1353.	29.625	29.68	29.66	
17579	1353.	29.625	29.68	29.66	
17580	1353.	29.625	29.68	29.66	
17581	1353.1	29.625	29.68	29.66	
17582	1353.2	29.626	29.68	29.661	
17583	1353.3	29.626	29.68	29.661	
17584	1353.4	29.626	29.68	29.661	
17585	1353.5	29.626	29.68	29.661	
17586	1353.6	29.626	29.681	29.661	
17587	1353.7	29.626	29.681	29.661	
17588	1353.8	29.626	29.681	29.661	
17589	1353.9	29.626	29.681	29.661	
17590	1354.	29.626	29.681	29.661	
17591	1354.	29.626	29.681	29.661	
17592	1354.	29.626	29.681	29.661	
17593	1354.	29.627	29.681	29.662	
17594	1354.1	29.627	29.681	29.662	
17595	1354.2	29.627	29.681	29.662	
17596	1354.3	29.627	29.681	29.662	
17597	1354.4	29.627	29.681	29.662	
17598	1354.5	29.627	29.682	29.662	
17599	1354.6	29.627	29.682	29.662	
17600	1354.7	29.627	29.682	29.662	
17601	1354.8	29.627	29.682	29.662	
17602	1354.9	29.628	29.682	29.663	
17603	1355.	29.628	29.682	29.663	
17604	1355.	29.628	29.682	29.663	
17605	1355.	29.628	29.682	29.663	
17606	1355.	29.628	29.682	29.663	
17607	1355.1	29.628	29.682	29.663	
17608	1355.2	29.628	29.682	29.663	
17609	1355.3	29.628	29.682	29.663	
17610	1355.4	29.628	29.683	29.663	
17611	1355.5	29.628	29.683	29.663	
17612	1355.6	29.628	29.683	29.663	
17613	1355.7	29.628	29.683	29.663	
17614	1355.8	29.629	29.683	29.664	
17615	1355.9	29.629	29.683	29.664	
17616	1356.	29.629	29.683	29.664	
17617	1356.	29.629	29.683	29.664	
17618	1356.	29.629	29.683	29.664	
17619	1356.	29.629	29.683	29.664	
17620	1356.1	29.629	29.683	29.664	
17621	1356.2	29.629	29.683	29.664	
17622	1356.3	29.629	29.684	29.664	
17623	1356.4	29.629	29.684	29.664	
17624	1356.5	29.629	29.684	29.664	
17625	1356.6	29.629	29.684	29.664	
17626	1356.7	29.63	29.684	29.665	
17627	1356.8	29.63	29.684	29.665	
17628	1356.9	29.63	29.684	29.665	
17629	1357.	29.63	29.684	29.665	
17630	1357.	29.63	29.684	29.665	
17631	1357.	29.63	29.684	29.665	
17632	1357.	29.63	29.684	29.665	
17633	1357.1	29.63	29.685	29.665	
17634	1357.2	29.63	29.685	29.665	
17635	1357.3	29.63	29.685	29.665	
17636	1357.4	29.63	29.685	29.665	
17637	1357.5	29.63	29.685	29.665	
17638	1357.6	29.631	29.685	29.666	
17639	1357.7	29.631	29.685	29.666	
17640	1357.8	29.631	29.685	29.666	
17641	1357.9	29.631	29.685	29.666	
17642	1358.	29.631	29.685	29.666	
17643	1358.	29.631	29.686	29.666	
17644	1358.	29.631	29.686	29.666	
17645	1358.	29.631	29.686	29.666	
17646	1358.1	29.631	29.686	29.666	
17647	1358.2	29.631	29.686	29.666	
17648	1358.3	29.631	29.686	29.666	
17649	1358.4	29.631	29.686	29.667	
17650	1358.5	29.632	29.686	29.667	
17651	1358.6	29.632	29.686	29.667	
17652	1358.7	29.632	29.686	29.667	
17653	1358.8	29.632	29.686	29.667	
17654	1358.9	29.632	29.687	29.667	
17655	1359.	29.632	29.687	29.667	
17656	1359.	29.632	29.687	29.667	
17657	1359.	29.632	29.687	29.667	
17658	1359.	29.632	29.687	29.667	
17659	1359.1	29.632	29.687	29.667	
17660	1359.2	29.632	29.687	29.667	
17661	1359.3	29.633	29.687	29.668	
17662	1359.4	29.633	29.687	29.668	
17663	1359.5	29.633	29.687	29.668	
17664	1359.6	29.633	29.687	29.668	
17665	1359.7	29.633	29.687	29.668	
17666	1359.8	29.633	29.688	29.668	
17667	1359.9	29.633	29.688	29.668	
17668	1360.	29.633	29.688	29.668	
17669	1360.	29.633	29.688	29.668	
17670	1360.	29.633	29.688	29.668	
17671	1360.	29.633	29.688	29.668	
17672	1360.1	29.633	29.688	29.668	
17673	1360.2	29.634	29.688	29.669	
17674	1360.3	29.634	29.688	29.669	
17675	1360.4	29.634	29.688	29.669	
17676	1360.5	29.634	29.688	29.669	
17677	1360.6	29.634	29.689	29.669	
17678	1360.7	29.634	29.689	29.669	
17679	1360.8	29.634	29.689	29.669	
17680	1360.9	29.634	29.689	29.669	
17681	1361.	29.634	29.689	29.669	
17682	1361.	29.634	29.689	29.669	
17683	1361.	29.634	29.689	29.669	
17684	1361.	29.634	29.689	29.669	
17685	1361.1	29.635	29.689	29.67	
17686	1361.2	29.635	29.689	29.67	
17687	1361.3	29.635	29.689	29.67	
17688	1361.4	29.635	29.689	29.67	
17689	1361.5	29.635	29.69	29.67	
17690	1361.6	29.635	29.69	29.67	
17691	1361.7	29.635	29.69	29.67	
17692	1361.8	29.635	29.69	29.67	
17693	1361.9	29.635	29.69	29.671	
17694	1362.	29.636	29.69	29.671	
17695	1362.	29.636	29.69	29.671	
17696	1362.	29.636	29.69	29.671	
17697	1362.	29.636	29.69	29.671	
17698	1362.1	29.636	29.69	29.671	
17699	1362.2	29.636	29.69	29.671	
17700	1362.3	29.636	29.69	29.671	
17701	1362.4	29.636	29.691	29.671	
17702	1362.5	29.636	29.691	29.671	
17703	1362.6	29.636	29.691	29.671	
17704	1362.7	29.636	29.691	29.671	
17705	1362.8	29.636	29.691	29.672	
17706	1362.9	29.637	29.691	29.672	
17707	1363.	29.637	29.691	29.672	
17708	1363.	29.637	29.691	29.672	
17709	1363.	29.637	29.691	29.672	
17710	1363.	29.637	29.691	29.672	
17711	1363.1	29.637	29.691	29.672	
17712	1363.2	29.637	29.691	29.672	
17713	1363.3	29.637	29.692	29.672	
17714	1363.4	29.637	29.692	29.672	
17715	1363.5	29.637	29.692	29.672	
17716	1363.6	29.637	29.692	29.672	
17717	1363.7	29.637	29.692	29.673	
17718	1363.8	29.638	29.692	29.673	
17719	1363.9	29.638	29.692	29.673	
17720	1364.	29.638	29.692	29.673	
17721	1364.	29.638	29.692	29.673	
17722	1364.	29.638	29.692	29.673	
17723	1364.	29.638	29.692	29.673	
17724	1364.1	29.638	29.693	29.673	
17725	1364.2	29.638	29.693	29.673	
17726	1364.3	29.638	29.693	29.673	
17727	1364.4	29.638	29.693	29.673	
17728	1364.5	29.638	29.693	29.673	
17729	1364.6	29.639	29.693	29.674	
17730	1364.7	29.639	29.693	29.674	
17731	1364.8	29.639	29.693	29.674	
17732	1364.9	29.639	29.693	29.674	
17733	1365.	29.639	29.694	29.674	
17734	1365.	29.639	29.694	29.674	
17735	1365.	29.639	29.694	29.674	
17736	1365.	29.639	29.694	29.674	
17737	1365.1	29.639	29.694	29.674	
17738	1365.2	29.639	29.694	29.674	
17739	1365.3	29.639	29.694	29.674	
17740	1365.4	29.639	29.694	29.675	
17741	1365.5	29.64	29.694	29.675	
17742	1365.6	29.64	29.694	29.675	
17743	1365.7	29.64	29.694	29.675	
17744	1365.8	29.64	29.694	29.675	
17745	1365.9	29.64	29.695	29.675	
17746	1366.	29.64	29.695	29.675	
17747	1366.	29.64	29.695	29.675	
17748	1366.	29.64	29.695	29.675	
17749	1366.	29.64	29.695	29.675	
17750	1366.1	29.64	29.695	29.675	
17751	1366.2	29.64	29.695	29.675	
17752	1366.3	29.64	29.695	29.676	
17753	1366.4	29.641	29.695	29.676	
17754	1366.5	29.641	29.695	29.676	
17755	1366.6	29.641	29.695	29.676	
17756	1366.7	29.641	29.695	29.676	
17757	1366.8	29.641	29.696	29.676	
17758	1366.9	29.641	29.696	29.676	
17759	1367.	29.641	29.696	29.676	
17760	1367.	29.641	29.696	29.676	
17761	1367.	29.641	29.696	29.676	
17762	1367.	29.641	29.696	29.676	
17763	1367.1	29.641	29.696	29.676	
17764	1367.2	29.641	29.696	29.677	
17765	1367.3	29.642	29.696	29.677	
17766	1367.4	29.642	29.696	29.677	
17767	1367.5	29.642	29.696	29.677	
17768	1367.6	29.642	29.697	29.677	
17769	1367.7	29.642	29.697	29.677	
17770	1367.8	29.642	29.697	29.677	
17771	1367.9	29.642	29.697	29.677	
17772	1368.	29.642	29.697	29.677	
17773	1368.	29.642	29.697	29.677	
17774	1368.	29.642	29.697	29.677	
17775	1368.	29.642	29.697	29.677	
17776	1368.1	29.642	29.697	29.678	
17777	1368.2	29.643	29.697	29.678	
17778	1368.3	29.643	29.697	29.678	
17779	1368.4	29.643	29.697	29.678	
17780	1368.5	29.643	29.698	29.678	
17781	1368.6	29.643	29.698	29.678	
17782	1368.7	29.643	29.698	29.678	
17783	1368.8	29.643	29.698	29.678	
17784	1368.9	29.643	29.698	29.678	
17785	1369.	29.643	29.698	29.679	
17786	1369.	29.643	29.698	29.679	
17787	1369.	29.643	29.698	29.679	
17788	1369.	29.644	29.698	29.679	
17789	1369.1	29.644	29.698	29.679	
17790	1369.2	29.644	29.698	29.679	
17791	1369.3	29.644	29.698	29.679	
17792	1369.4	29.644	29.699	29.679	
17793	1369.5	29.644	29.699	29.679	
17794	1369.6	29.644	29.699	29.679	
17795	1369.7	29.644	29.699	29.679	
17796	1369.8	29.644	29.699	29.68	
17797	1369.9	29.645	29.699	29.68	
17798	1370.	29.645	29.699	29.68	
17799	1370.	29.645	29.699	29.68	
17800	1370.	29.645	29.699	29.68	
17801	1370.	29.645	29.699	29.68	
17802	1370.1	29.645	29.699	29.68	
17803	1370.2	29.645	29.7	29.68	
17804	1370.3	29.645	29.7	29.68	
17805	1370.4	29.645	29.7	29.68	
17806	1370.5	29.645	29.7	29.68	
17807	1370.6	29.645	29.7	29.68	
17808	1370.7	29.645	29.7	29.681	
17809	1370.8	29.646	29.7	29.681	
17810	1370.9	29.646	29.7	29.681	
17811	1371.	29.646	29.7	29.681	
17812	1371.	29.646	29.7	29.681	
17813	1371.	29.646	29.7	29.681	
17814	1371.	29.646	29.7	29.681	
17815	1371.1	29.646	29.701	29.681	
17816	1371.2	29.646	29.701	29.681	
17817	1371.3	29.646	29.701	29.681	
17818	1371.4	29.646	29.701	29.681	
17819	1371.5	29.646	29.701	29.681	
17820	1371.6	29.646	29.701	29.682	
17821	1371.7	29.647	29.701	29.682	
17822	1371.8	29.647	29.701	29.682	
17823	1371.9	29.647	29.701	29.682	
17824	1372.	29.647	29.702	29.682	
17825	1372.	29.647	29.702	29.682	
17826	1372.	29.647	29.702	29.682	
17827	1372.	29.647	29.702	29.682	
17828	1372.1	29.647	29.702	29.682	
17829	1372.2	29.647	29.702	29.682	
17830	1372.3	29.647	29.702	29.682	
17831	1372.4	29.647	29.702	29.682	
17832	1372.5	29.647	29.702	29.683	
17833	1372.6	29.648	29.702	29.683	
17834	1372.7	29.648	29.702	29.683	
17835	1372.8	29.648	29.702	29.683	
17836	1372.9	29.648	29.703	29.683	
17837	1373.	29.648	29.703	29.683	
17838	1373.	29.648	29.703	29.683	
17839	1373.	29.648	29.703	29.683	
17840	1373.	29.648	29.703	29.683	
17841	1373.1	29.648	29.703	29.683	
17842	1373.2	29.648	29.703	29.683	
17843	1373.3	29.648	29.703	29.684	
17844	1373.4	29.649	29.703	29.684	
17845	1373.5	29.649	29.703	29.684	
17846	1373.6	29.649	29.703	29.684	
17847	1373.7	29.649	29.704	29.684	
17848	1373.8	29.649	29.704	29.684	
17849	1373.9	29.649	29.704	29.684	
17850	1374.	29.649	29.704	29.684	
17851	1374.	29.649	29.704	29.684	
17852	1374.	29.649	29.704	29.684	
17853	1374.	29.649	29.704	29.684	
17854	1374.1	29.649	29.704	29.684	
17855	1374.2	29.649	29.704	29.685	
17856	1374.3	29.65	29.704	29.685	
17857	1374.4	29.65	29.704	29.685	
17858	1374.5	29.65	29.704	29.685	
17859	1374.6	29.65	29.705	29.685	
17860	1374.7	29.65	29.705	29.685	
17861	1374.8	29.65	29.705	29.685	
17862	1374.9	29.65	29.705	29.685	
17863	1375.	29.65	29.705	29.685	
17864	1375.	29.65	29.705	29.685	
17865	1375.	29.65	29.705	29.685	
17866	1375.	29.65	29.705	29.685	
17867	1375.1	29.65	29.705	29.686	
17868	1375.2	29.651	29.705	29.686	
17869	1375.3	29.651	29.705	29.686	
17870	1375.4	29.651	29.705	29.686	
17871	1375.5	29.651	29.706	29.686	
17872	1375.6	29.651	29.706	29.686	
17873	1375.7	29.651	29.706	29.686	
17874	1375.8	29.651	29.706	29.686	
17875	1375.9	29.651	29.706	29.686	
17876	1376.	29.651	29.706	29.687	
17877	1376.	29.651	29.706	29.687	
17878	1376.	29.651	29.706	29.687	
17879	1376.	29.651	29.706	29.687	
17880	1376.1	29.652	29.706	29.687	
17881	1376.2	29.652	29.706	29.687	
17882	1376.3	29.652	29.706	29.687	
17883	1376.4	29.652	29.707	29.687	
17884	1376.5	29.652	29.707	29.687	
17885	1376.6	29.652	29.707	29.687	
17886	1376.7	29.652	29.707	29.687	
17887	1376.8	29.652	29.707	29.688	
17888	1376.9	29.652	29.707	29.688	
17889	1377.	29.653	29.707	29.688	
17890	1377.	29.653	29.707	29.688	
17891	1377.	29.653	29.707	29.688	
17892	1377.	29.653	29.707	29.688	
17893	1377.1	29.653	29.707	29.688	
17894	1377.2	29.653	29.708	29.688	
17895	1377.3	29.653	29.708	29.688	
17896	1377.4	29.653	29.708	29.688	
17897	1377.5	29.653	29.708	29.688	
17898	1377.6	29.653	29.708	29.688	
17899	1377.7	29.653	29.708	29.689	
17900	1377.8	29.653	29.708	29.689	
17901	1377.9	29.654	29.708	29.689	
17902	1378.	29.654	29.708	29.689	
17903	1378.	29.654	29.708	29.689	
17904	1378.	29.654	29.708	29.689	
17905	1378.	29.654	29.708	29.689	
17906	1378.1	29.654	29.709	29.689	
17907	1378.2	29.654	29.709	29.689	
17908	1378.3	29.654	29.709	29.689	
17909	1378.4	29.654	29.709	29.689	
17910	1378.5	29.654	29.709	29.689	
17911	1378.6	29.654	29.709	29.69	
17912	1378.7	29.655	29.709	29.69	
17913	1378.8	29.655	29.709	29.69	
17914	1378.9	29.655	29.709	29.69	
17915	1379.	29.655	29.71	29.69	
17916	1379.	29.655	29.71	29.69	
17917	1379.	29.655	29.71	29.69	
17918	1379.	29.655	29.71	29.69	
17919	1379.1	29.655	29.71	29.69	
17920	1379.2	29.655	29.71	29.69	
17921	1379.3	29.655	29.71	29.69	
17922	1379.4	29.655	29.71	29.69	
17923	1379.5	29.655	29.71	29.691	
17924	1379.6	29.656	29.71	29.691	
17925	1379.7	29.656	29.71	29.691	
17926	1379.8	29.656	29.711	29.691	
17927	1379.9	29.656	29.711	29.691	
17928	1380.	29.656	29.711	29.691	
17929	1380.	29.656	29.711	29.691	
17930	1380.	29.656	29.711	29.691	
17931	1380.	29.656	29.711	29.691	
17932	1380.1	29.656	29.711	29.691	
17933	1380.2	29.656	29.711	29.691	
17934	1380.3	29.656	29.711	29.692	
17935	1380.4	29.656	29.711	29.692	
17936	1380.5	29.657	29.711	29.692	
17937	1380.6	29.657	29.711	29.692	
17938	1380.7	29.657	29.712	29.692	
17939	1380.8	29.657	29.712	29.692	
17940	1380.9	29.657	29.712	29.692	
17941	1381.	29.657	29.712	29.692	
17942	1381.	29.657	29.712	29.692	
17943	1381.	29.657	29.712	29.692	
17944	1381.	29.657	29.712	29.692	
17945	1381.1	29.657	29.712	29.692	
17946	1381.2	29.657	29.712	29.693	
17947	1381.3	29.657	29.712	29.693	
17948	1381.4	29.658	29.712	29.693	
17949	1381.5	29.658	29.712	29.693	
17950	1381.6	29.658	29.713	29.693	
17951	1381.7	29.658	29.713	29.693	
17952	1381.8	29.658	29.713	29.693	
17953	1381.9	29.658	29.713	29.693	
17954	1382.	29.658	29.713	29.693	
17955	1382.	29.658	29.713	29.693	
17956	1382.	29.658	29.713	29.693	
17957	1382.	29.658	29.713	29.693	
17958	1382.1	29.658	29.713	29.694	
17959	1382.2	29.658	29.713	29.694	
17960	1382.3	29.659	29.713	29.694	
17961	1382.4	29.659	29.713	29.694	
17962	1382.5	29.659	29.714	29.694	
17963	1382.6	29.659	29.714	29.694	
17964	1382.7	29.659	29.714	29.694	
17965	1382.8	29.659	29.714	29.694	
17966	1382.9	29.659	29.714	29.694	
17967	1383.	29.659	29.714	29.695	
17968	1383.	29.659	29.714	29.695	
17969	1383.	29.659	29.714	29.695	
17970	1383.	29.659	29.714	29.695	
17971	1383.1	29.66	29.714	29.695	
17972	1383.2	29.66	29.714	29.695	
17973	1383.3	29.66	29.715	29.695	
17974	1383.4	29.66	29.715	29.695	
17975	1383.5	29.66	29.715	29.695	
17976	1383.6	29.66	29.715	29.695	
17977	1383.7	29.66	29.715	29.695	
17978	1383.8	29.66	29.715	29.696	
17979	1383.9	29.66	29.715	29.696	
17980	1384.	29.66	29.715	29.696	
17981	1384.	29.661	29.715	29.696	
17982	1384.	29.661	29.715	29.696	
17983	1384.	29.661	29.715	29.696	
17984	1384.1	29.661	29.715	29.696	
17985	1384.2	29.661	29.716	29.696	
17986	1384.3	29.661	29.716	29.696	
17987	1384.4	29.661	29.716	29.696	
17988	1384.5	29.661	29.716	29.696	
17989	1384.6	29.661	29.716	29.696	
17990	1384.7	29.661	29.716	29.697	
17991	1384.8	29.661	29.716	29.697	
17992	1384.9	29.662	29.716	29.697	
17993	1385.	29.662	29.716	29.697	
17994	1385.	29.662	29.716	29.697	
17995	1385.	29.662	29.716	29.697	
17996	1385.	29.662	29.716	29.697	
17997	1385.1	29.662	29.717	29.697	
17998	1385.2	29.662	29.717	29.697	
17999	1385.3	29.662	29.717	29.697	
18000	1385.4	29.662	29.717	29.697	
18001	1385.5	29.662	29.717	29.697	
18002	1385.6	29.662	29.717	29.698	
18003	1385.7	29.662	29.717	29.698	
18004	1385.8	29.663	29.717	29.698	
18005	1385.9	29.663	29.718	29.698	
18006	1386.	29.663	29.718	29.698	
18007	1386.	29.663	29.718	29.698	
18008	1386.	29.663	29.718	29.698	
18009	1386.	29.663	29.718	29.698	
18010	1386.1	29.663	29.718	29.698	
18011	1386.2	29.663	29.718	29.698	
18012	1386.3	29.663	29.718	29.698	
18013	1386.4	29.663	29.718	29.698	
18014	1386.5	29.663	29.718	29.699	
18015	1386.6	29.663	29.718	29.699	
18016	1386.7	29.664	29.718	29.699	
18017	1386.8	29.664	29.719	29.699	
18018	1386.9	29.664	29.719	29.699	
18019	1387.	29.664	29.719	29.699	
18020	1387.	29.664	29.719	29.699	
18021	1387.	29.664	29.719	29.699	
18022	1387.	29.664	29.719	29.699	
18023	1387.1	29.664	29.719	29.699	
18024	1387.2	29.664	29.719	29.699	
18025	1387.3	29.664	29.719	29.7	
18026	1387.4	29.664	29.719	29.7	
18027	1387.5	29.665	29.719	29.7	
18028	1387.6	29.665	29.719	29.7	
18029	1387.7	29.665	29.72	29.7	
18030	1387.8	29.665	29.72	29.7	
18031	1387.9	29.665	29.72	29.7	
18032	1388.	29.665	29.72	29.7	
18033	1388.	29.665	29.72	29.7	
18034	1388.	29.665	29.72	29.7	
18035	1388.	29.665	29.72	29.7	
18036	1388.1	29.665	29.72	29.7	
18037	1388.2	29.665	29.72	29.701	
18038	1388.3	29.665	29.72	29.701	
18039	1388.4	29.666	29.72	29.701	
18040	1388.5	29.666	29.72	29.701	
18041	1388.6	29.666	29.721	29.701	
18042	1388.7	29.666	29.721	29.701	
18043	1388.8	29.666	29.721	29.701	
18044	1388.9	29.666	29.721	29.701	
18045	1389.	29.666	29.721	29.701	
18046	1389.	29.666	29.721	29.701	
18047	1389.	29.666	29.721	29.701	
18048	1389.	29.666	29.721	29.701	
18049	1389.1	29.666	29.721	29.702	
18050	1389.2	29.666	29.721	29.702	
18051	1389.3	29.667	29.721	29.702	
18052	1389.4	29.667	29.722	29.702	
18053	1389.5	29.667	29.722	29.702	
18054	1389.6	29.667	29.722	29.702	
18055	1389.7	29.667	29.722	29.702	
18056	1389.8	29.667	29.722	29.702	
18057	1389.9	29.667	29.722	29.702	
18058	1390.	29.667	29.722	29.703	
18059	1390.	29.667	29.722	29.703	
18060	1390.	29.667	29.722	29.703	
18061	1390.	29.667	29.722	29.703	
18062	1390.1	29.667	29.722	29.703	
18063	1390.2	29.668	29.722	29.703	
18064	1390.3	29.668	29.723	29.703	
18065	1390.4	29.668	29.723	29.703	
18066	1390.5	29.668	29.723	29.703	
18067	1390.6	29.668	29.723	29.703	
18068	1390.7	29.668	29.723	29.703	
18069	1390.8	29.668	29.723	29.704	
18070	1390.9	29.668	29.723	29.704	
18071	1391.	29.668	29.723	29.704	
18072	1391.	29.668	29.723	29.704	
18073	1391.	29.668	29.723	29.704	
18074	1391.	29.669	29.723	29.704	
18075	1391.1	29.669	29.723	29.704	
18076	1391.2	29.669	29.724	29.704	
18077	1391.3	29.669	29.724	29.704	
18078	1391.4	29.669	29.724	29.704	
18079	1391.5	29.669	29.724	29.704	
18080	1391.6	29.669	29.724	29.704	
18081	1391.7	29.669	29.724	29.705	
18082	1391.8	29.669	29.724	29.705	
18083	1391.9	29.67	29.724	29.705	
18084	1392.	29.67	29.724	29.705	
18085	1392.	29.67	29.724	29.705	
18086	1392.	29.67	29.724	29.705	
18087	1392.	29.67	29.725	29.705	
18088	1392.1	29.67	29.725	29.705	
18089	1392.2	29.67	29.725	29.705	
18090	1392.3	29.67	29.725	29.705	
18091	1392.4	29.67	29.725	29.705	
18092	1392.5	29.67	29.725	29.705	
18093	1392.6	29.67	29.725	29.706	
18094	1392.7	29.67	29.725	29.706	
18095	1392.8	29.671	29.725	29.706	
18096	1392.9	29.671	29.726	29.706	
18097	1393.	29.671	29.726	29.706	
18098	1393.	29.671	29.726	29.706	
18099	1393.	29.671	29.726	29.706	
18100	1393.	29.671	29.726	29.706	
18101	1393.1	29.671	29.726	29.706	
18102	1393.2	29.671	29.726	29.706	
18103	1393.3	29.671	29.726	29.706	
18104	1393.4	29.671	29.726	29.707	
18105	1393.5	29.671	29.726	29.707	
18106	1393.6	29.671	29.726	29.707	
18107	1393.7	29.672	29.726	29.707	
18108	1393.8	29.672	29.727	29.707	
18109	1393.9	29.672	29.727	29.707	
18110	1394.	29.672	29.727	29.707	
18111	1394.	29.672	29.727	29.707	
18112	1394.	29.672	29.727	29.707	
18113	1394.	29.672	29.727	29.707	
18114	1394.1	29.672	29.727	29.707	
18115	1394.2	29.672	29.727	29.707	
18116	1394.3	29.672	29.727	29.708	
18117	1394.4	29.672	29.727	29.708	
18118	1394.5	29.672	29.727	29.708	
18119	1394.6	29.673	29.727	29.708	
18120	1394.7	29.673	29.728	29.708	
18121	1394.8	29.673	29.728	29.708	
18122	1394.9	29.673	29.728	29.708	
18123	1395.	29.673	29.728	29.708	
18124	1395.	29.673	29.728	29.708	
18125	1395.	29.673	29.728	29.708	
18126	1395.	29.673	29.728	29.708	
18127	1395.1	29.673	29.728	29.708	
18128	1395.2	29.673	29.728	29.709	
18129	1395.3	29.673	29.728	29.709	
18130	1395.4	29.674	29.728	29.709	
18131	1395.5	29.674	29.729	29.709	
18132	1395.6	29.674	29.729	29.709	
18133	1395.7	29.674	29.729	29.709	
18134	1395.8	29.674	29.729	29.709	
18135	1395.9	29.674	29.729	29.709	
18136	1396.	29.674	29.729	29.709	
18137	1396.	29.674	29.729	29.709	
18138	1396.	29.674	29.729	29.709	
18139	1396.	29.674	29.729	29.709	
18140	1396.1	29.674	29.729	29.71	
18141	1396.2	29.674	29.729	29.71	
18142	1396.3	29.675	29.729	29.71	
18143	1396.4	29.675	29.73	29.71	
18144	1396.5	29.675	29.73	29.71	
18145	1396.6	29.675	29.73	29.71	
18146	1396.7	29.675	29.73	29.71	
18147	1396.8	29.675	29.73	29.71	
18148	1396.9	29.675	29.73	29.711	
18149	1397.	29.675	29.73	29.711	
18150	1397.	29.675	29.73	29.711	
18151	1397.	29.675	29.73	29.711	
18152	1397.	29.675	29.73	29.711	
18153	1397.1	29.675	29.73	29.711	
18154	1397.2	29.676	29.73	29.711	
18155	1397.3	29.676	29.731	29.711	
18156	1397.4	29.676	29.731	29.711	
18157	1397.5	29.676	29.731	29.711	
18158	1397.6	29.676	29.731	29.711	
18159	1397.7	29.676	29.731	29.711	
18160	1397.8	29.676	29.731	29.712	
18161	1397.9	29.676	29.731	29.712	
18162	1398.	29.676	29.731	29.712	
18163	1398.	29.676	29.731	29.712	
18164	1398.	29.676	29.731	29.712	
18165	1398.	29.676	29.731	29.712	
18166	1398.1	29.677	29.732	29.712	
18167	1398.2	29.677	29.732	29.712	
18168	1398.3	29.677	29.732	29.712	
18169	1398.4	29.677	29.732	29.712	
18170	1398.5	29.677	29.732	29.712	
18171	1398.6	29.677	29.732	29.712	
18172	1398.7	29.677	29.732	29.713	
18173	1398.8	29.677	29.732	29.713	
18174	1398.9	29.677	29.732	29.713	
18175	1399.	29.678	29.732	29.713	
18176	1399.	29.678	29.733	29.713	
18177	1399.	29.678	29.733	29.713	
18178	1399.	29.678	29.733	29.713	
18179	1399.1	29.678	29.733	29.713	
18180	1399.2	29.678	29.733	29.713	
18181	1399.3	29.678	29.733	29.713	
18182	1399.4	29.678	29.733	29.713	
18183	1399.5	29.678	29.733	29.713	
18184	1399.6	29.678	29.733	29.714	
18185	1399.7	29.678	29.733	29.714	
18186	1399.8	29.679	29.733	29.714	
18187	1399.9	29.679	29.734	29.714	
18188	1400.	29.679	29.734	29.714	
18189	1400.	29.679	29.734	29.714	
18190	1400.	29.679	29.734	29.714	
18191	1400.	29.679	29.734	29.714	
18192	1400.1	29.679	29.734	29.714	
18193	1400.2	29.679	29.734	29.714	
18194	1400.3	29.679	29.734	29.714	
18195	1400.4	29.679	29.734	29.715	
18196	1400.5	29.679	29.734	29.715	
18197	1400.6	29.679	29.734	29.715	
18198	1400.7	29.68	29.734	29.715	
18199	1400.8	29.68	29.735	29.715	
18200	1400.9	29.68	29.735	29.715	
18201	1401.	29.68	29.735	29.715	
18202	1401.	29.68	29.735	29.715	
18203	1401.	29.68	29.735	29.715	
18204	1401.	29.68	29.735	29.715	
18205	1401.1	29.68	29.735	29.715	
18206	1401.2	29.68	29.735	29.715	
18207	1401.3	29.68	29.735	29.716	
18208	1401.4	29.68	29.735	29.716	
18209	1401.5	29.68	29.735	29.716	
18210	1401.6	29.681	29.736	29.716	
18211	1401.7	29.681	29.736	29.716	
18212	1401.8	29.681	29.736	29.716	
18213	1401.9	29.681	29.736	29.716	
18214	1402.	29.681	29.736	29.716	
18215	1402.	29.681	29.736	29.716	
18216	1402.	29.681	29.736	29.716	
18217	1402.	29.681	29.736	29.716	
18218	1402.1	29.681	29.736	29.716	
18219	1402.2	29.681	29.736	29.717	
18220	1402.3	29.681	29.736	29.717	
18221	1402.4	29.681	29.736	29.717	
18222	1402.5	29.682	29.737	29.717	
18223	1402.6	29.682	29.737	29.717	
18224	1402.7	29.682	29.737	29.717	
18225	1402.8	29.682	29.737	29.717	
18226	1402.9	29.682	29.737	29.717	
18227	1403.	29.682	29.737	29.717	
18228	1403.	29.682	29.737	29.717	
18229	1403.	29.682	29.737	29.717	
18230	1403.	29.682	29.737	29.717	
18231	1403.1	29.682	29.737	29.718	
18232	1403.2	29.682	29.737	29.718	
18233	1403.3	29.682	29.737	29.718	
18234	1403.4	29.683	29.738	29.718	
18235	1403.5	29.683	29.738	29.718	
18236	1403.6	29.683	29.738	29.718	
18237	1403.7	29.683	29.738	29.718	
18238	1403.8	29.683	29.738	29.718	
18239	1403.9	29.683	29.738	29.719	
18240	1404.	29.683	29.738	29.719	
18241	1404.	29.683	29.738	29.719	
18242	1404.	29.683	29.738	29.719	
18243	1404.	29.683	29.738	29.719	
18244	1404.1	29.683	29.738	29.719	
18245	1404.2	29.684	29.739	29.719	
18246	1404.3	29.684	29.739	29.719	
18247	1404.4	29.684	29.739	29.719	
18248	1404.5	29.684	29.739	29.719	
18249	1404.6	29.684	29.739	29.719	
18250	1404.7	29.684	29.739	29.719	
18251	1404.8	29.684	29.739	29.72	
18252	1404.9	29.684	29.739	29.72	
18253	1405.	29.684	29.739	29.72	
18254	1405.	29.684	29.739	29.72	
18255	1405.	29.684	29.739	29.72	
18256	1405.	29.684	29.739	29.72	
18257	1405.1	29.685	29.74	29.72	
18258	1405.2	29.685	29.74	29.72	
18259	1405.3	29.685	29.74	29.72	
18260	1405.4	29.685	29.74	29.72	
18261	1405.5	29.685	29.74	29.72	
18262	1405.6	29.685	29.74	29.72	
18263	1405.7	29.685	29.74	29.721	
18264	1405.8	29.685	29.74	29.721	
18265	1405.9	29.685	29.74	29.721	
18266	1406.	29.686	29.741	29.721	
18267	1406.	29.686	29.741	29.721	
18268	1406.	29.686	29.741	29.721	
18269	1406.	29.686	29.741	29.721	
18270	1406.1	29.686	29.741	29.721	
18271	1406.2	29.686	29.741	29.721	
18272	1406.3	29.686	29.741	29.721	
18273	1406.4	29.686	29.741	29.721	
18274	1406.5	29.686	29.741	29.721	
18275	1406.6	29.686	29.741	29.722	
18276	1406.7	29.686	29.741	29.722	
18277	1406.8	29.686	29.742	29.722	
18278	1406.9	29.687	29.742	29.722	
18279	1407.	29.687	29.742	29.722	
18280	1407.	29.687	29.742	29.722	
18281	1407.	29.687	29.742	29.722	
18282	1407.	29.687	29.742	29.722	
18283	1407.1	29.687	29.742	29.722	
18284	1407.2	29.687	29.742	29.722	
18285	1407.3	29.687	29.742	29.722	
18286	1407.4	29.687	29.742	29.723	
18287	1407.5	29.687	29.742	29.723	
18288	1407.6	29.687	29.742	29.723	
18289	1407.7	29.687	29.743	29.723	
18290	1407.8	29.688	29.743	29.723	
18291	1407.9	29.688	29.743	29.723	
18292	1408.	29.688	29.743	29.723	
18293	1408.	29.688	29.743	29.723	
18294	1408.	29.688	29.743	29.723	
18295	1408.	29.688	29.743	29.723	
18296	1408.1	29.688	29.743	29.723	
18297	1408.2	29.688	29.743	29.723	
18298	1408.3	29.688	29.743	29.724	
18299	1408.4	29.688	29.743	29.724	
18300	1408.5	29.688	29.743	29.724	
18301	1408.6	29.689	29.744	29.724	
18302	1408.7	29.689	29.744	29.724	
18303	1408.8	29.689	29.744	29.724	
18304	1408.9	29.689	29.744	29.724	
18305	1409.	29.689	29.744	29.724	
18306	1409.	29.689	29.744	29.724	
18307	1409.	29.689	29.744	29.724	
18308	1409.	29.689	29.744	29.724	
18309	1409.1	29.689	29.744	29.724	
18310	1409.2	29.689	29.744	29.725	
18311	1409.3	29.689	29.744	29.725	
18312	1409.4	29.689	29.744	29.725	
18313	1409.5	29.69	29.745	29.725	
18314	1409.6	29.69	29.745	29.725	
18315	1409.7	29.69	29.745	29.725	
18316	1409.8	29.69	29.745	29.725	
18317	1409.9	29.69	29.745	29.725	
18318	1410.	29.69	29.745	29.725	
18319	1410.	29.69	29.745	29.725	
18320	1410.	29.69	29.745	29.725	
18321	1410.	29.69	29.745	29.726	
18322	1410.1	29.69	29.745	29.726	
18323	1410.2	29.69	29.745	29.726	
18324	1410.3	29.69	29.746	29.726	
18325	1410.4	29.691	29.746	29.726	
18326	1410.5	29.691	29.746	29.726	
18327	1410.6	29.691	29.746	29.726	
18328	1410.7	29.691	29.746	29.726	
18329	1410.8	29.691	29.746	29.726	
18330	1410.9	29.691	29.746	29.727	
18331	1411.	29.691	29.746	29.727	
18332	1411.	29.691	29.746	29.727	
18333	1411.	29.691	29.746	29.727	
18334	1411.	29.691	29.746	29.727	
18335	1411.1	29.691	29.746	29.727	
18336	1411.2	29.691	29.747	29.727	
18337	1411.3	29.692	29.747	29.727	
18338	1411.4	29.692	29.747	29.727	
18339	1411.5	29.692	29.747	29.727	
18340	1411.6	29.692	29.747	29.727	
18341	1411.7	29.692	29.747	29.727	
18342	1411.8	29.692	29.747	29.728	
18343	1411.9	29.692	29.747	29.728	
18344	1412.	29.692	29.747	29.728	
18345	1412.	29.692	29.747	29.728	
18346	1412.	29.692	29.747	29.728	
18347	1412.	29.692	29.747	29.728	
18348	1412.1	29.693	29.748	29.728	
18349	1412.2	29.693	29.748	29.728	
18350	1412.3	29.693	29.748	29.728	
18351	1412.4	29.693	29.748	29.728	
18352	1412.5	29.693	29.748	29.728	
18353	1412.6	29.693	29.748	29.728	
18354	1412.7	29.693	29.748	29.729	
18355	1412.8	29.693	29.748	29.729	
18356	1412.9	29.693	29.749	29.729	
18357	1413.	29.693	29.749	29.729	
18358	1413.	29.693	29.749	29.729	
18359	1413.	29.694	29.749	29.729	
18360	1413.	29.694	29.749	29.729	
18361	1413.1	29.694	29.749	29.729	
18362	1413.2	29.694	29.749	29.729	
18363	1413.3	29.694	29.749	29.729	
18364	1413.4	29.694	29.749	29.729	
18365	1413.5	29.694	29.749	29.73	
18366	1413.6	29.694	29.749	29.73	
18367	1413.7	29.694	29.749	29.73	
18368	1413.8	29.694	29.75	29.73	
18369	1413.9	29.695	29.75	29.73	
18370	1414.	29.695	29.75	29.73	
18371	1414.	29.695	29.75	29.73	
18372	1414.	29.695	29.75	29.73	
18373	1414.	29.695	29.75	29.73	
18374	1414.1	29.695	29.75	29.73	
18375	1414.2	29.695	29.75	29.73	
18376	1414.3	29.695	29.75	29.73	
18377	1414.4	29.695	29.75	29.731	
18378	1414.5	29.695	29.75	29.731	
18379	1414.6	29.695	29.75	29.731	
18380	1414.7	29.695	29.751	29.731	
18381	1414.8	29.696	29.751	29.731	
18382	1414.9	29.696	29.751	29.731	
18383	1415.	29.696	29.751	29.731	
18384	1415.	29.696	29.751	29.731	
18385	1415.	29.696	29.751	29.731	
18386	1415.	29.696	29.751	29.731	
18387	1415.1	29.696	29.751	29.731	
18388	1415.2	29.696	29.751	29.731	
18389	1415.3	29.696	29.751	29.732	
18390	1415.4	29.696	29.751	29.732	
18391	1415.5	29.696	29.752	29.732	
18392	1415.6	29.696	29.752	29.732	
18393	1415.7	29.697	29.752	29.732	
18394	1415.8	29.697	29.752	29.732	
18395	1415.9	29.697	29.752	29.732	
18396	1416.	29.697	29.752	29.732	
18397	1416.	29.697	29.752	29.732	
18398	1416.	29.697	29.752	29.732	
18399	1416.	29.697	29.752	29.732	
18400	1416.1	29.697	29.752	29.732	
18401	1416.2	29.697	29.752	29.733	
18402	1416.3	29.697	29.752	29.733	
18403	1416.4	29.697	29.753	29.733	
18404	1416.5	29.698	29.753	29.733	
18405	1416.6	29.698	29.753	29.733	
18406	1416.7	29.698	29.753	29.733	
18407	1416.8	29.698	29.753	29.733	
18408	1416.9	29.698	29.753	29.733	
18409	1417.	29.698	29.753	29.733	
18410	1417.	29.698	29.753	29.733	
18411	1417.	29.698	29.753	29.734	
18412	1417.	29.698	29.753	29.734	
18413	1417.1	29.698	29.753	29.734	
18414	1417.2	29.698	29.753	29.734	
18415	1417.3	29.698	29.754	29.734	
18416	1417.4	29.699	29.754	29.734	
18417	1417.5	29.699	29.754	29.734	
18418	1417.6	29.699	29.754	29.734	
18419	1417.7	29.699	29.754	29.734	
18420	1417.8	29.699	29.754	29.734	
18421	1417.9	29.699	29.754	29.735	
18422	1418.	29.699	29.754	29.735	
18423	1418.	29.699	29.754	29.735	
18424	1418.	29.699	29.754	29.735	
18425	1418.	29.699	29.754	29.735	
18426	1418.1	29.699	29.754	29.735	
18427	1418.2	29.699	29.755	29.735	
18428	1418.3	29.7	29.755	29.735	
18429	1418.4	29.7	29.755	29.735	
18430	1418.5	29.7	29.755	29.735	
18431	1418.6	29.7	29.755	29.735	
18432	1418.7	29.7	29.755	29.735	
18433	1418.8	29.7	29.755	29.736	
18434	1418.9	29.7	29.755	29.736	
18435	1419.	29.7	29.755	29.736	
18436	1419.	29.7	29.755	29.736	
18437	1419.	29.7	29.756	29.736	
18438	1419.	29.7	29.756	29.736	
18439	1419.1	29.7	29.756	29.736	
18440	1419.2	29.701	29.756	29.736	
18441	1419.3	29.701	29.756	29.736	
18442	1419.4	29.701	29.756	29.736	
18443	1419.5	29.701	29.756	29.736	
18444	1419.6	29.701	29.756	29.737	
18445	1419.7	29.701	29.756	29.737	
18446	1419.8	29.701	29.756	29.737	
18447	1419.9	29.701	29.757	29.737	
18448	1420.	29.701	29.757	29.737	
18449	1420.	29.701	29.757	29.737	
18450	1420.	29.701	29.757	29.737	
18451	1420.	29.702	29.757	29.737	
18452	1420.1	29.702	29.757	29.737	
18453	1420.2	29.702	29.757	29.737	
18454	1420.3	29.702	29.757	29.737	
18455	1420.4	29.702	29.757	29.737	
18456	1420.5	29.702	29.757	29.738	
18457	1420.6	29.702	29.757	29.738	
18458	1420.7	29.702	29.757	29.738	
18459	1420.8	29.702	29.758	29.738	
18460	1420.9	29.703	29.758	29.738	
18461	1421.	29.703	29.758	29.738	
18462	1421.	29.703	29.758	29.738	
18463	1421.	29.703	29.758	29.738	
18464	1421.	29.703	29.758	29.738	
18465	1421.1	29.703	29.758	29.738	
18466	1421.2	29.703	29.758	29.738	
18467	1421.3	29.703	29.758	29.738	
18468	1421.4	29.703	29.758	29.739	
18469	1421.5	29.703	29.758	29.739	
18470	1421.6	29.703	29.759	29.739	
18471	1421.7	29.703	29.759	29.739	
18472	1421.8	29.704	29.759	29.739	
18473	1421.9	29.704	29.759	29.739	
18474	1422.	29.704	29.759	29.739	
18475	1422.	29.704	29.759	29.739	
18476	1422.	29.704	29.759	29.739	
18477	1422.	29.704	29.759	29.739	
18478	1422.1	29.704	29.759	29.739	
18479	1422.2	29.704	29.759	29.739	
18480	1422.3	29.704	29.759	29.74	
18481	1422.4	29.704	29.759	29.74	
18482	1422.5	29.704	29.76	29.74	
18483	1422.6	29.704	29.76	29.74	
18484	1422.7	29.705	29.76	29.74	
18485	1422.8	29.705	29.76	29.74	
18486	1422.9	29.705	29.76	29.74	
18487	1423.	29.705	29.76	29.74	
18488	1423.	29.705	29.76	29.74	
18489	1423.	29.705	29.76	29.74	
18490	1423.	29.705	29.76	29.74	
18491	1423.1	29.705	29.76	29.741	
18492	1423.2	29.705	29.76	29.741	
18493	1423.3	29.705	29.76	29.741	
18494	1423.4	29.705	29.761	29.741	
18495	1423.5	29.705	29.761	29.741	
18496	1423.6	29.706	29.761	29.741	
18497	1423.7	29.706	29.761	29.741	
18498	1423.8	29.706	29.761	29.741	
18499	1423.9	29.706	29.761	29.741	
18500	1424.	29.706	29.761	29.742	
18501	1424.	29.706	29.761	29.742	
18502	1424.	29.706	29.761	29.742	
18503	1424.	29.706	29.761	29.742	
18504	1424.1	29.706	29.761	29.742	
18505	1424.2	29.706	29.762	29.742	
18506	1424.3	29.706	29.762	29.742	
18507	1424.4	29.707	29.762	29.742	
18508	1424.5	29.707	29.762	29.742	
18509	1424.6	29.707	29.762	29.742	
18510	1424.7	29.707	29.762	29.742	
18511	1424.8	29.707	29.762	29.742	
18512	1424.9	29.707	29.762	29.743	
18513	1425.	29.707	29.762	29.743	
18514	1425.	29.707	29.762	29.743	
18515	1425.	29.707	29.762	29.743	
18516	1425.	29.707	29.762	29.743	
18517	1425.1	29.707	29.763	29.743	
18518	1425.2	29.707	29.763	29.743	
18519	1425.3	29.708	29.763	29.743	
18520	1425.4	29.708	29.763	29.743	
18521	1425.5	29.708	29.763	29.743	
18522	1425.6	29.708	29.763	29.743	
18523	1425.7	29.708	29.763	29.744	
18524	1425.8	29.708	29.763	29.744	
18525	1425.9	29.708	29.763	29.744	
18526	1426.	29.708	29.764	29.744	
18527	1426.	29.708	29.764	29.744	
18528	1426.	29.708	29.764	29.744	
18529	1426.	29.708	29.764	29.744	
18530	1426.1	29.708	29.764	29.744	
18531	1426.2	29.709	29.764	29.744	
18532	1426.3	29.709	29.764	29.744	
18533	1426.4	29.709	29.764	29.744	
18534	1426.5	29.709	29.764	29.744	
18535	1426.6	29.709	29.764	29.745	
18536	1426.7	29.709	29.764	29.745	
18537	1426.8	29.709	29.764	29.745	
18538	1426.9	29.709	29.765	29.745	
18539	1427.	29.709	29.765	29.745	
18540	1427.	29.709	29.765	29.745	
18541	1427.	29.709	29.765	29.745	
18542	1427.	29.709	29.765	29.745	
18543	1427.1	29.71	29.765	29.745	
18544	1427.2	29.71	29.765	29.745	
18545	1427.3	29.71	29.765	29.745	
18546	1427.4	29.71	29.765	29.745	
18547	1427.5	29.71	29.765	29.746	
18548	1427.6	29.71	29.765	29.746	
18549	1427.7	29.71	29.766	29.746	
18550	1427.8	29.71	29.766	29.746	
18551	1427.9	29.711	29.766	29.746	
18552	1428.	29.711	29.766	29.746	
18553	1428.	29.711	29.766	29.746	
18554	1428.	29.711	29.766	29.746	
18555	1428.	29.711	29.766	29.746	
18556	1428.1	29.711	29.766	29.746	
18557	1428.2	29.711	29.766	29.746	
18558	1428.3	29.711	29.766	29.746	
18559	1428.4	29.711	29.766	29.747	
18560	1428.5	29.711	29.766	29.747	
18561	1428.6	29.711	29.767	29.747	
18562	1428.7	29.711	29.767	29.747	
18563	1428.8	29.712	29.767	29.747	
18564	1428.9	29.712	29.767	29.747	
18565	1429.	29.712	29.767	29.747	
18566	1429.	29.712	29.767	29.747	
18567	1429.	29.712	29.767	29.747	
18568	1429.	29.712	29.767	29.747	
18569	1429.1	29.712	29.767	29.747	
18570	1429.2	29.712	29.767	29.748	
18571	1429.3	29.712	29.767	29.748	
18572	1429.4	29.712	29.767	29.748	
18573	1429.5	29.712	29.768	29.748	
18574	1429.6	29.712	29.768	29.748	
18575	1429.7	29.713	29.768	29.748	
18576	1429.8	29.713	29.768	29.748	
18577	1429.9	29.713	29.768	29.748	
18578	1430.	29.713	29.768	29.748	
18579	1430.	29.713	29.768	29.748	
18580	1430.	29.713	29.768	29.748	
18581	1430.	29.713	29.768	29.748	
18582	1430.1	29.713	29.768	29.749	
18583	1430.2	29.713	29.768	29.749	
18584	1430.3	29.713	29.769	29.749	
18585	1430.4	29.713	29.769	29.749	
18586	1430.5	29.713	29.769	29.749	
18587	1430.6	29.714	29.769	29.749	
18588	1430.7	29.714	29.769	29.749	
18589	1430.8	29.714	29.769	29.749	
18590	1430.9	29.714	29.769	29.749	
18591	1431.	29.714	29.769	29.75	
18592	1431.	29.714	29.769	29.75	
18593	1431.	29.714	29.769	29.75	
18594	1431.	29.714	29.769	29.75	
18595	1431.1	29.714	29.769	29.75	
18596	1431.2	29.714	29.77	29.75	
18597	1431.3	29.714	29.77	29.75	
18598	1431.4	29.715	29.77	29.75	
18599	1431.5	29.715	29.77	29.75	
18600	1431.6	29.715	29.77	29.75	
18601	1431.7	29.715	29.77	29.75	
18602	1431.8	29.715	29.77	29.75	
18603	1431.9	29.715	29.77	29.751	
18604	1432.	29.715	29.77	29.751	
18605	1432.	29.715	29.77	29.751	
18606	1432.	29.715	29.77	29.751	
18607	1432.	29.715	29.77	29.751	
18608	1432.1	29.715	29.771	29.751	
18609	1432.2	29.715	29.771	29.751	
18610	1432.3	29.716	29.771	29.751	
18611	1432.4	29.716	29.771	29.751	
18612	1432.5	29.716	29.771	29.751	
18613	1432.6	29.716	29.771	29.751	
18614	1432.7	29.716	29.771	29.752	
18615	1432.8	29.716	29.771	29.752	
18616	1432.9	29.716	29.772	29.752	
18617	1433.	29.716	29.772	29.752	
18618	1433.	29.716	29.772	29.752	
18619	1433.	29.716	29.772	29.752	
18620	1433.	29.716	29.772	29.752	
18621	1433.1	29.716	29.772	29.752	
18622	1433.2	29.717	29.772	29.752	
18623	1433.3	29.717	29.772	29.752	
18624	1433.4	29.717	29.772	29.752	
18625	1433.5	29.717	29.772	29.752	
18626	1433.6	29.717	29.772	29.753	
18627	1433.7	29.717	29.772	29.753	
18628	1433.8	29.717	29.773	29.753	
18629	1433.9	29.717	29.773	29.753	
18630	1434.	29.717	29.773	29.753	
18631	1434.	29.717	29.773	29.753	
18632	1434.	29.717	29.773	29.753	
18633	1434.	29.717	29.773	29.753	
18634	1434.1	29.718	29.773	29.753	
18635	1434.2	29.718	29.773	29.753	
18636	1434.3	29.718	29.773	29.753	
18637	1434.4	29.718	29.773	29.753	
18638	1434.5	29.718	29.773	29.754	
18639	1434.6	29.718	29.773	29.754	
18640	1434.7	29.718	29.774	29.754	
18641	1434.8	29.718	29.774	29.754	
18642	1434.9	29.718	29.774	29.754	
18643	1435.	29.719	29.774	29.754	
18644	1435.	29.719	29.774	29.754	
18645	1435.	29.719	29.774	29.754	
18646	1435.	29.719	29.774	29.754	
18647	1435.1	29.719	29.774	29.754	
18648	1435.2	29.719	29.774	29.754	
18649	1435.3	29.719	29.774	29.755	
18650	1435.4	29.719	29.774	29.755	
18651	1435.5	29.719	29.775	29.755	
18652	1435.6	29.719	29.775	29.755	
18653	1435.7	29.719	29.775	29.755	
18654	1435.8	29.72	29.775	29.755	
18655	1435.9	29.72	29.775	29.755	
18656	1436.	29.72	29.775	29.755	
18657	1436.	29.72	29.775	29.755	
18658	1436.	29.72	29.775	29.755	
18659	1436.	29.72	29.775	29.755	
18660	1436.1	29.72	29.775	29.755	
18661	1436.2	29.72	29.775	29.756	
18662	1436.3	29.72	29.775	29.756	
18663	1436.4	29.72	29.776	29.756	
18664	1436.5	29.72	29.776	29.756	
18665	1436.6	29.72	29.776	29.756	
18666	1436.7	29.721	29.776	29.756	
18667	1436.8	29.721	29.776	29.756	
18668	1436.9	29.721	29.776	29.756	
18669	1437.	29.721	29.776	29.756	
18670	1437.	29.721	29.776	29.756	
18671	1437.	29.721	29.776	29.756	
18672	1437.	29.721	29.776	29.756	
18673	1437.1	29.721	29.776	29.757	
18674	1437.2	29.721	29.776	29.757	
18675	1437.3	29.721	29.777	29.757	
18676	1437.4	29.721	29.777	29.757	
18677	1437.5	29.721	29.777	29.757	
18678	1437.6	29.722	29.777	29.757	
18679	1437.7	29.722	29.777	29.757	
18680	1437.8	29.722	29.777	29.757	
18681	1437.9	29.722	29.777	29.758	
18682	1438.	29.722	29.777	29.758	
18683	1438.	29.722	29.777	29.758	
18684	1438.	29.722	29.777	29.758	
18685	1438.	29.722	29.777	29.758	
18686	1438.1	29.722	29.778	29.758	
18687	1438.2	29.722	29.778	29.758	
18688	1438.3	29.722	29.778	29.758	
18689	1438.4	29.722	29.778	29.758	
18690	1438.5	29.723	29.778	29.758	
18691	1438.6	29.723	29.778	29.758	
18692	1438.7	29.723	29.778	29.758	
18693	1438.8	29.723	29.778	29.759	
18694	1438.9	29.723	29.778	29.759	
18695	1439.	29.723	29.779	29.759	
18696	1439.	29.723	29.779	29.759	
18697	1439.	29.723	29.779	29.759	
18698	1439.	29.723	29.779	29.759	
18699	1439.1	29.723	29.779	29.759	
18700	1439.2	29.723	29.779	29.759	
18701	1439.3	29.724	29.779	29.759	
18702	1439.4	29.724	29.779	29.759	
18703	1439.5	29.724	29.779	29.759	
18704	1439.6	29.724	29.779	29.759	
18705	1439.7	29.724	29.779	29.76	
18706	1439.8	29.724	29.779	29.76	
18707	1439.9	29.724	29.78	29.76	
18708	1440.	29.724	29.78	29.76	
18709	1440.	29.724	29.78	29.76	
18710	1440.	29.724	29.78	29.76	
18711	1440.	29.724	29.78	29.76	
18712	1440.1	29.724	29.78	29.76	
18713	1440.2	29.725	29.78	29.76	
18714	1440.3	29.725	29.78	29.76	
18715	1440.4	29.725	29.78	29.76	
18716	1440.5	29.725	29.78	29.76	
18717	1440.6	29.725	29.78	29.761	
18718	1440.7	29.725	29.781	29.761	
18719	1440.8	29.725	29.781	29.761	
18720	1440.9	29.725	29.781	29.761	
18721	1441.	29.725	29.781	29.761	
18722	1441.	29.725	29.781	29.761	
18723	1441.	29.725	29.781	29.761	
18724	1441.	29.725	29.781	29.761	
18725	1441.1	29.726	29.781	29.761	
18726	1441.2	29.726	29.781	29.761	
18727	1441.3	29.726	29.781	29.761	
18728	1441.4	29.726	29.781	29.762	
18729	1441.5	29.726	29.781	29.762	
18730	1441.6	29.726	29.782	29.762	
18731	1441.7	29.726	29.782	29.762	
18732	1441.8	29.726	29.782	29.762	
18733	1441.9	29.726	29.782	29.762	
18734	1442.	29.727	29.782	29.762	
18735	1442.	29.727	29.782	29.762	
18736	1442.	29.727	29.782	29.762	
18737	1442.	29.727	29.782	29.762	
18738	1442.1	29.727	29.782	29.762	
18739	1442.2	29.727	29.782	29.762	
18740	1442.3	29.727	29.782	29.763	
18741	1442.4	29.727	29.782	29.763	
18742	1442.5	29.727	29.783	29.763	
18743	1442.6	29.727	29.783	29.763	
18744	1442.7	29.727	29.783	29.763	
18745	1442.8	29.728	29.783	29.763	
18746	1442.9	29.728	29.783	29.763	
18747	1443.	29.728	29.783	29.763	
18748	1443.	29.728	29.783	29.763	
18749	1443.	29.728	29.783	29.763	
18750	1443.	29.728	29.783	29.763	
18751	1443.1	29.728	29.783	29.763	
18752	1443.2	29.728	29.783	29.764	
18753	1443.3	29.728	29.784	29.764	
18754	1443.4	29.728	29.784	29.764	
18755	1443.5	29.728	29.784	29.764	
18756	1443.6	29.728	29.784	29.764	
18757	1443.7	29.729	29.784	29.764	
18758	1443.8	29.729	29.784	29.764	
18759	1443.9	29.729	29.784	29.764	
18760	1444.	29.729	29.784	29.764	
18761	1444.	29.729	29.784	29.764	
18762	1444.	29.729	29.784	29.764	
18763	1444.	29.729	29.784	29.765	
18764	1444.1	29.729	29.784	29.765	
18765	1444.2	29.729	29.785	29.765	
18766	1444.3	29.729	29.785	29.765	
18767	1444.4	29.729	29.785	29.765	
18768	1444.5	29.729	29.785	29.765	
18769	1444.6	29.73	29.785	29.765	
18770	1444.7	29.73	29.785	29.765	
18771	1444.8	29.73	29.785	29.765	
18772	1444.9	29.73	29.785	29.766	
18773	1445.	29.73	29.785	29.766	
18774	1445.	29.73	29.785	29.766	
18775	1445.	29.73	29.785	29.766	
18776	1445.	29.73	29.785	29.766	
18777	1445.1	29.73	29.786	29.766	
18778	1445.2	29.73	29.786	29.766	
18779	1445.3	29.73	29.786	29.766	
18780	1445.4	29.73	29.786	29.766	
18781	1445.5	29.731	29.786	29.766	
18782	1445.6	29.731	29.786	29.766	
18783	1445.7	29.731	29.786	29.766	
18784	1445.8	29.731	29.786	29.767	
18785	1445.9	29.731	29.786	29.767	
18786	1446.	29.731	29.787	29.767	
18787	1446.	29.731	29.787	29.767	
18788	1446.	29.731	29.787	29.767	
18789	1446.	29.731	29.787	29.767	
18790	1446.1	29.731	29.787	29.767	
18791	1446.2	29.731	29.787	29.767	
18792	1446.3	29.732	29.787	29.767	
18793	1446.4	29.732	29.787	29.767	
18794	1446.5	29.732	29.787	29.767	
18795	1446.6	29.732	29.787	29.767	
18796	1446.7	29.732	29.787	29.768	
18797	1446.8	29.732	29.788	29.768	
18798	1446.9	29.732	29.788	29.768	
18799	1447.	29.732	29.788	29.768	
18800	1447.	29.732	29.788	29.768	
18801	1447.	29.732	29.788	29.768	
18802	1447.	29.732	29.788	29.768	
18803	1447.1	29.732	29.788	29.768	
18804	1447.2	29.733	29.788	29.768	
18805	1447.3	29.733	29.788	29.768	
18806	1447.4	29.733	29.788	29.768	
18807	1447.5	29.733	29.788	29.769	
18808	1447.6	29.733	29.788	29.769	
18809	1447.7	29.733	29.789	29.769	
18810	1447.8	29.733	29.789	29.769	
18811	1447.9	29.733	29.789	29.769	
18812	1448.	29.733	29.789	29.769	
18813	1448.	29.733	29.789	29.769	
18814	1448.	29.733	29.789	29.769	
18815	1448.	29.733	29.789	29.769	
18816	1448.1	29.734	29.789	29.769	
18817	1448.2	29.734	29.789	29.769	
18818	1448.3	29.734	29.789	29.769	
18819	1448.4	29.734	29.789	29.77	
18820	1448.5	29.734	29.789	29.77	
18821	1448.6	29.734	29.79	29.77	
18822	1448.7	29.734	29.79	29.77	
18823	1448.8	29.734	29.79	29.77	
18824	1448.9	29.734	29.79	29.77	
18825	1449.	29.735	29.79	29.77	
18826	1449.	29.735	29.79	29.77	
18827	1449.	29.735	29.79	29.77	
18828	1449.	29.735	29.79	29.77	
18829	1449.1	29.735	29.79	29.77	
18830	1449.2	29.735	29.79	29.77	
18831	1449.3	29.735	29.79	29.771	
18832	1449.4	29.735	29.791	29.771	
18833	1449.5	29.735	29.791	29.771	
18834	1449.6	29.735	29.791	29.771	
18835	1449.7	29.735	29.791	29.771	
18836	1449.8	29.736	29.791	29.771	
18837	1449.9	29.736	29.791	29.771	
18838	1450.	29.736	29.791	29.771	
18839	1450.	29.736	29.791	29.771	
18840	1450.	29.736	29.791	29.771	
18841	1450.	29.736	29.791	29.771	
18842	1450.1	29.736	29.791	29.772	
18843	1450.2	29.736	29.791	29.772	
18844	1450.3	29.736	29.792	29.772	
18845	1450.4	29.736	29.792	29.772	
18846	1450.5	29.736	29.792	29.772	
18847	1450.6	29.736	29.792	29.772	
18848	1450.7	29.737	29.792	29.772	
18849	1450.8	29.737	29.792	29.772	
18850	1450.9	29.737	29.792	29.772	
18851	1451.	29.737	29.792	29.773	
18852	1451.	29.737	29.792	29.773	
18853	1451.	29.737	29.792	29.773	
18854	1451.	29.737	29.792	29.773	
18855	1451.1	29.737	29.792	29.773	
18856	1451.2	29.737	29.793	29.773	
18857	1451.3	29.737	29.793	29.773	
18858	1451.4	29.737	29.793	29.773	
18859	1451.5	29.737	29.793	29.773	
18860	1451.6	29.738	29.793	29.773	
18861	1451.7	29.738	29.793	29.773	
18862	1451.8	29.738	29.793	29.773	
18863	1451.9	29.738	29.793	29.774	
18864	1452.	29.738	29.793	29.774	
18865	1452.	29.738	29.793	29.774	
18866	1452.	29.738	29.794	29.774	
18867	1452.	29.738	29.794	29.774	
18868	1452.1	29.738	29.794	29.774	
18869	1452.2	29.738	29.794	29.774	
18870	1452.3	29.738	29.794	29.774	
18871	1452.4	29.738	29.794	29.774	
18872	1452.5	29.739	29.794	29.774	
18873	1452.6	29.739	29.794	29.774	
18874	1452.7	29.739	29.794	29.775	
18875	1452.8	29.739	29.794	29.775	
18876	1452.9	29.739	29.795	29.775	
18877	1453.	29.739	29.795	29.775	
18878	1453.	29.739	29.795	29.775	
18879	1453.	29.739	29.795	29.775	
18880	1453.	29.739	29.795	29.775	
18881	1453.1	29.739	29.795	29.775	
18882	1453.2	29.739	29.795	29.775	
18883	1453.3	29.74	29.795	29.775	
18884	1453.4	29.74	29.795	29.775	
18885	1453.5	29.74	29.795	29.775	
18886	1453.6	29.74	29.795	29.776	
18887	1453.7	29.74	29.795	29.776	
18888	1453.8	29.74	29.796	29.776	
18889	1453.9	29.74	29.796	29.776	
18890	1454.	29.74	29.796	29.776	
18891	1454.	29.74	29.796	29.776	
18892	1454.	29.74	29.796	29.776	
18893	1454.	29.74	29.796	29.776	
18894	1454.1	29.74	29.796	29.776	
18895	1454.2	29.741	29.796	29.776	
18896	1454.3	29.741	29.796	29.776	
18897	1454.4	29.741	29.796	29.776	
18898	1454.5	29.741	29.796	29.777	
18899	1454.6	29.741	29.797	29.777	
18900	1454.7	29.741	29.797	29.777	
18901	1454.8	29.741	29.797	29.777	
18902	1454.9	29.741	29.797	29.777	
18903	1455.	29.741	29.797	29.777	
18904	1455.	29.741	29.797	29.777	
18905	1455.	29.741	29.797	29.777	
18906	1455.	29.741	29.797	29.777	
18907	1455.1	29.742	29.797	29.777	
18908	1455.2	29.742	29.797	29.777	
18909	1455.3	29.742	29.797	29.777	
18910	1455.4	29.742	29.797	29.778	
18911	1455.5	29.742	29.798	29.778	
18912	1455.6	29.742	29.798	29.778	
18913	1455.7	29.742	29.798	29.778	
18914	1455.8	29.742	29.798	29.778	
18915	1455.9	29.742	29.798	29.778	
18916	1456.	29.743	29.798	29.778	
18917	1456.	29.743	29.798	29.778	
18918	1456.	29.743	29.798	29.778	
18919	1456.	29.743	29.798	29.778	
18920	1456.1	29.743	29.798	29.778	
18921	1456.2	29.743	29.798	29.779	
18922	1456.3	29.743	29.798	29.779	
18923	1456.4	29.743	29.799	29.779	
18924	1456.5	29.743	29.799	29.779	
18925	1456.6	29.743	29.799	29.779	
18926	1456.7	29.743	29.799	29.779	
18927	1456.8	29.743	29.799	29.779	
18928	1456.9	29.744	29.799	29.779	
18929	1457.	29.744	29.799	29.779	
18930	1457.	29.744	29.799	29.779	
18931	1457.	29.744	29.799	29.779	
18932	1457.	29.744	29.799	29.779	
18933	1457.1	29.744	29.799	29.78	
18934	1457.2	29.744	29.8	29.78	
18935	1457.3	29.744	29.8	29.78	
18936	1457.4	29.744	29.8	29.78	
18937	1457.5	29.744	29.8	29.78	
18938	1457.6	29.744	29.8	29.78	
18939	1457.7	29.745	29.8	29.78	
18940	1457.8	29.745	29.8	29.78	
18941	1457.9	29.745	29.8	29.78	
18942	1458.	29.745	29.8	29.781	
18943	1458.	29.745	29.8	29.781	
18944	1458.	29.745	29.8	29.781	
18945	1458.	29.745	29.8	29.781	
18946	1458.1	29.745	29.801	29.781	
18947	1458.2	29.745	29.801	29.781	
18948	1458.3	29.745	29.801	29.781	
18949	1458.4	29.745	29.801	29.781	
18950	1458.5	29.745	29.801	29.781	
18951	1458.6	29.746	29.801	29.781	
18952	1458.7	29.746	29.801	29.781	
18953	1458.8	29.746	29.801	29.782	
18954	1458.9	29.746	29.801	29.782	
18955	1459.	29.746	29.802	29.782	
18956	1459.	29.746	29.802	29.782	
18957	1459.	29.746	29.802	29.782	
18958	1459.	29.746	29.802	29.782	
18959	1459.1	29.746	29.802	29.782	
18960	1459.2	29.746	29.802	29.782	
18961	1459.3	29.746	29.802	29.782	
18962	1459.4	29.746	29.802	29.782	
18963	1459.5	29.747	29.802	29.782	
18964	1459.6	29.747	29.802	29.782	
18965	1459.7	29.747	29.802	29.783	
18966	1459.8	29.747	29.803	29.783	
18967	1459.9	29.747	29.803	29.783	
18968	1460.	29.747	29.803	29.783	
18969	1460.	29.747	29.803	29.783	
18970	1460.	29.747	29.803	29.783	
18971	1460.	29.747	29.803	29.783	
18972	1460.1	29.747	29.803	29.783	
18973	1460.2	29.747	29.803	29.783	
18974	1460.3	29.747	29.803	29.783	
18975	1460.4	29.748	29.803	29.783	
18976	1460.5	29.748	29.803	29.783	
18977	1460.6	29.748	29.803	29.784	
18978	1460.7	29.748	29.804	29.784	
18979	1460.8	29.748	29.804	29.784	
18980	1460.9	29.748	29.804	29.784	
18981	1461.	29.748	29.804	29.784	
18982	1461.	29.748	29.804	29.784	
18983	1461.	29.748	29.804	29.784	
18984	1461.	29.748	29.804	29.784	
18985	1461.1	29.748	29.804	29.784	
18986	1461.2	29.749	29.804	29.784	
18987	1461.3	29.749	29.804	29.784	
18988	1461.4	29.749	29.804	29.785	
18989	1461.5	29.749	29.804	29.785	
18990	1461.6	29.749	29.805	29.785	
18991	1461.7	29.749	29.805	29.785	
18992	1461.8	29.749	29.805	29.785	
18993	1461.9	29.749	29.805	29.785	
18994	1462.	29.749	29.805	29.785	
18995	1462.	29.749	29.805	29.785	
18996	1462.	29.749	29.805	29.785	
18997	1462.	29.749	29.805	29.785	
18998	1462.1	29.75	29.805	29.785	
18999	1462.2	29.75	29.805	29.785	
19000	1462.3	29.75	29.805	29.786	
19001	1462.4	29.75	29.806	29.786	
19002	1462.5	29.75	29.806	29.786	
19003	1462.6	29.75	29.806	29.786	
19004	1462.7	29.75	29.806	29.786	
19005	1462.8	29.75	29.806	29.786	
19006	1462.9	29.75	29.806	29.786	
19007	1463.	29.751	29.806	29.786	
19008	1463.	29.751	29.806	29.786	
19009	1463.	29.751	29.806	29.786	
19010	1463.	29.751	29.806	29.786	
19011	1463.1	29.751	29.806	29.786	
19012	1463.2	29.751	29.806	29.787	
19013	1463.3	29.751	29.807	29.787	
19014	1463.4	29.751	29.807	29.787	
19015	1463.5	29.751	29.807	29.787	
19016	1463.6	29.751	29.807	29.787	
19017	1463.7	29.751	29.807	29.787	
19018	1463.8	29.752	29.807	29.787	
19019	1463.9	29.752	29.807	29.787	
19020	1464.	29.752	29.807	29.787	
19021	1464.	29.752	29.807	29.787	
19022	1464.	29.752	29.807	29.787	
19023	1464.	29.752	29.807	29.788	
19024	1464.1	29.752	29.807	29.788	
19025	1464.2	29.752	29.808	29.788	
19026	1464.3	29.752	29.808	29.788	
19027	1464.4	29.752	29.808	29.788	
19028	1464.5	29.752	29.808	29.788	
19029	1464.6	29.752	29.808	29.788	
19030	1464.7	29.753	29.808	29.788	
19031	1464.8	29.753	29.808	29.788	
19032	1464.9	29.753	29.808	29.789	
19033	1465.	29.753	29.808	29.789	
19034	1465.	29.753	29.808	29.789	
19035	1465.	29.753	29.809	29.789	
19036	1465.	29.753	29.809	29.789	
19037	1465.1	29.753	29.809	29.789	
19038	1465.2	29.753	29.809	29.789	
19039	1465.3	29.753	29.809	29.789	
19040	1465.4	29.753	29.809	29.789	
19041	1465.5	29.753	29.809	29.789	
19042	1465.6	29.754	29.809	29.789	
19043	1465.7	29.754	29.809	29.789	
19044	1465.8	29.754	29.809	29.79	
19045	1465.9	29.754	29.81	29.79	
19046	1466.	29.754	29.81	29.79	
19047	1466.	29.754	29.81	29.79	
19048	1466.	29.754	29.81	29.79	
19049	1466.	29.754	29.81	29.79	
19050	1466.1	29.754	29.81	29.79	
19051	1466.2	29.754	29.81	29.79	
19052	1466.3	29.754	29.81	29.79	
19053	1466.4	29.754	29.81	29.79	
19054	1466.5	29.755	29.81	29.79	
19055	1466.6	29.755	29.81	29.79	
19056	1466.7	29.755	29.81	29.791	
19057	1466.8	29.755	29.811	29.791	
19058	1466.9	29.755	29.811	29.791	
19059	1467.	29.755	29.811	29.791	
19060	1467.	29.755	29.811	29.791	
19061	1467.	29.755	29.811	29.791	
19062	1467.	29.755	29.811	29.791	
19063	1467.1	29.755	29.811	29.791	
19064	1467.2	29.755	29.811	29.791	
19065	1467.3	29.756	29.811	29.791	
19066	1467.4	29.756	29.811	29.791	
19067	1467.5	29.756	29.811	29.792	
19068	1467.6	29.756	29.812	29.792	
19069	1467.7	29.756	29.812	29.792	
19070	1467.8	29.756	29.812	29.792	
19071	1467.9	29.756	29.812	29.792	
19072	1468.	29.756	29.812	29.792	
19073	1468.	29.756	29.812	29.792	
19074	1468.	29.756	29.812	29.792	
19075	1468.	29.756	29.812	29.792	
19076	1468.1	29.756	29.812	29.792	
19077	1468.2	29.757	29.812	29.792	
19078	1468.3	29.757	29.812	29.792	
19079	1468.4	29.757	29.812	29.793	
19080	1468.5	29.757	29.813	29.793	
19081	1468.6	29.757	29.813	29.793	
19082	1468.7	29.757	29.813	29.793	
19083	1468.8	29.757	29.813	29.793	
19084	1468.9	29.757	29.813	29.793	
19085	1469.	29.757	29.813	29.793	
19086	1469.	29.757	29.813	29.793	
19087	1469.	29.757	29.813	29.793	
19088	1469.	29.757	29.813	29.793	
19089	1469.1	29.758	29.813	29.793	
19090	1469.2	29.758	29.813	29.793	
19091	1469.3	29.758	29.813	29.794	
19092	1469.4	29.758	29.814	29.794	
19093	1469.5	29.758	29.814	29.794	
19094	1469.6	29.758	29.814	29.794	
19095	1469.7	29.758	29.814	29.794	
19096	1469.8	29.758	29.814	29.794	
19097	1469.9	29.758	29.814	29.794	
19098	1470.	29.759	29.814	29.794	
19099	1470.	29.759	29.814	29.794	
19100	1470.	29.759	29.814	29.794	
19101	1470.	29.759	29.814	29.794	
19102	1470.1	29.759	29.814	29.795	
19103	1470.2	29.759	29.815	29.795	
19104	1470.3	29.759	29.815	29.795	
19105	1470.4	29.759	29.815	29.795	
19106	1470.5	29.759	29.815	29.795	
19107	1470.6	29.759	29.815	29.795	
19108	1470.7	29.759	29.815	29.795	
19109	1470.8	29.76	29.815	29.795	
19110	1470.9	29.76	29.815	29.795	
19111	1471.	29.76	29.815	29.796	
19112	1471.	29.76	29.815	29.796	
19113	1471.	29.76	29.815	29.796	
19114	1471.	29.76	29.815	29.796	
19115	1471.1	29.76	29.816	29.796	
19116	1471.2	29.76	29.816	29.796	
19117	1471.3	29.76	29.816	29.796	
19118	1471.4	29.76	29.816	29.796	
19119	1471.5	29.76	29.816	29.796	
19120	1471.6	29.76	29.816	29.796	
19121	1471.7	29.761	29.816	29.796	
19122	1471.8	29.761	29.816	29.796	
19123	1471.9	29.761	29.816	29.797	
19124	1472.	29.761	29.817	29.797	
19125	1472.	29.761	29.817	29.797	
19126	1472.	29.761	29.817	29.797	
19127	1472.	29.761	29.817	29.797	
19128	1472.1	29.761	29.817	29.797	
19129	1472.2	29.761	29.817	29.797	
19130	1472.3	29.761	29.817	29.797	
19131	1472.4	29.761	29.817	29.797	
19132	1472.5	29.761	29.817	29.797	
19133	1472.6	29.762	29.817	29.797	
19134	1472.7	29.762	29.817	29.798	
19135	1472.8	29.762	29.818	29.798	
19136	1472.9	29.762	29.818	29.798	
19137	1473.	29.762	29.818	29.798	
19138	1473.	29.762	29.818	29.798	
19139	1473.	29.762	29.818	29.798	
19140	1473.	29.762	29.818	29.798	
19141	1473.1	29.762	29.818	29.798	
19142	1473.2	29.762	29.818	29.798	
19143	1473.3	29.762	29.818	29.798	
19144	1473.4	29.762	29.818	29.798	
19145	1473.5	29.763	29.818	29.798	
19146	1473.6	29.763	29.818	29.799	
19147	1473.7	29.763	29.819	29.799	
19148	1473.8	29.763	29.819	29.799	
19149	1473.9	29.763	29.819	29.799	
19150	1474.	29.763	29.819	29.799	
19151	1474.	29.763	29.819	29.799	
19152	1474.	29.763	29.819	29.799	
19153	1474.	29.763	29.819	29.799	
19154	1474.1	29.763	29.819	29.799	
19155	1474.2	29.763	29.819	29.799	
19156	1474.3	29.764	29.819	29.799	
19157	1474.4	29.764	29.819	29.799	
19158	1474.5	29.764	29.82	29.8	
19159	1474.6	29.764	29.82	29.8	
19160	1474.7	29.764	29.82	29.8	
19161	1474.8	29.764	29.82	29.8	
19162	1474.9	29.764	29.82	29.8	
19163	1475.	29.764	29.82	29.8	
19164	1475.	29.764	29.82	29.8	
19165	1475.	29.764	29.82	29.8	
19166	1475.	29.764	29.82	29.8	
19167	1475.1	29.764	29.82	29.8	
19168	1475.2	29.765	29.82	29.8	
19169	1475.3	29.765	29.82	29.801	
19170	1475.4	29.765	29.821	29.801	
19171	1475.5	29.765	29.821	29.801	
19172	1475.6	29.765	29.821	29.801	
19173	1475.7	29.765	29.821	29.801	
19174	1475.8	29.765	29.821	29.801	
19175	1475.9	29.765	29.821	29.801	
19176	1476.	29.765	29.821	29.801	
19177	1476.	29.765	29.821	29.801	
19178	1476.	29.765	29.821	29.801	
19179	1476.	29.765	29.821	29.801	
19180	1476.1	29.766	29.821	29.801	
19181	1476.2	29.766	29.821	29.802	
19182	1476.3	29.766	29.822	29.802	
19183	1476.4	29.766	29.822	29.802	
19184	1476.5	29.766	29.822	29.802	
19185	1476.6	29.766	29.822	29.802	
19186	1476.7	29.766	29.822	29.802	
19187	1476.8	29.766	29.822	29.802	
19188	1476.9	29.766	29.822	29.802	
19189	1477.	29.767	29.822	29.802	
19190	1477.	29.767	29.822	29.802	
19191	1477.	29.767	29.822	29.802	
19192	1477.	29.767	29.822	29.802	
19193	1477.1	29.767	29.823	29.803	
19194	1477.2	29.767	29.823	29.803	
19195	1477.3	29.767	29.823	29.803	
19196	1477.4	29.767	29.823	29.803	
19197	1477.5	29.767	29.823	29.803	
19198	1477.6	29.767	29.823	29.803	
19199	1477.7	29.767	29.823	29.803	
19200	1477.8	29.768	29.823	29.803	
19201	1477.9	29.768	29.823	29.804	
19202	1478.	29.768	29.823	29.804	
19203	1478.	29.768	29.824	29.804	
19204	1478.	29.768	29.824	29.804	
19205	1478.	29.768	29.824	29.804	
19206	1478.1	29.768	29.824	29.804	
19207	1478.2	29.768	29.824	29.804	
19208	1478.3	29.768	29.824	29.804	
19209	1478.4	29.768	29.824	29.804	
19210	1478.5	29.768	29.824	29.804	
19211	1478.6	29.768	29.824	29.804	
19212	1478.7	29.769	29.824	29.804	
19213	1478.8	29.769	29.824	29.805	
19214	1478.9	29.769	29.825	29.805	
19215	1479.	29.769	29.825	29.805	
19216	1479.	29.769	29.825	29.805	
19217	1479.	29.769	29.825	29.805	
19218	1479.	29.769	29.825	29.805	
19219	1479.1	29.769	29.825	29.805	
19220	1479.2	29.769	29.825	29.805	
19221	1479.3	29.769	29.825	29.805	
19222	1479.4	29.769	29.825	29.805	
19223	1479.5	29.769	29.825	29.805	
19224	1479.6	29.77	29.825	29.805	
19225	1479.7	29.77	29.826	29.806	
19226	1479.8	29.77	29.826	29.806	
19227	1479.9	29.77	29.826	29.806	
19228	1480.	29.77	29.826	29.806	
19229	1480.	29.77	29.826	29.806	
19230	1480.	29.77	29.826	29.806	
19231	1480.	29.77	29.826	29.806	
19232	1480.1	29.77	29.826	29.806	
19233	1480.2	29.77	29.826	29.806	
19234	1480.3	29.77	29.826	29.806	
19235	1480.4	29.77	29.826	29.806	
19236	1480.5	29.771	29.826	29.806	
19237	1480.6	29.771	29.827	29.807	
19238	1480.7	29.771	29.827	29.807	
19239	1480.8	29.771	29.827	29.807	
19240	1480.9	29.771	29.827	29.807	
19241	1481.	29.771	29.827	29.807	
19242	1481.	29.771	29.827	29.807	
19243	1481.	29.771	29.827	29.807	
19244	1481.	29.771	29.827	29.807	
19245	1481.1	29.771	29.827	29.807	
19246	1481.2	29.771	29.827	29.807	
19247	1481.3	29.772	29.827	29.807	
19248	1481.4	29.772	29.827	29.808	
19249	1481.5	29.772	29.828	29.808	
19250	1481.6	29.772	29.828	29.808	
19251	1481.7	29.772	29.828	29.808	
19252	1481.8	29.772	29.828	29.808	
19253	1481.9	29.772	29.828	29.808	
19254	1482.	29.772	29.828	29.808	
19255	1482.	29.772	29.828	29.808	
19256	1482.	29.772	29.828	29.808	
19257	1482.	29.772	29.828	29.808	
19258	1482.1	29.772	29.828	29.808	
19259	1482.2	29.773	29.828	29.808	
19260	1482.3	29.773	29.829	29.809	
19261	1482.4	29.773	29.829	29.809	
19262	1482.5	29.773	29.829	29.809	
19263	1482.6	29.773	29.829	29.809	
19264	1482.7	29.773	29.829	29.809	
19265	1482.8	29.773	29.829	29.809	
19266	1482.9	29.773	29.829	29.809	
19267	1483.	29.773	29.829	29.809	
19268	1483.	29.773	29.829	29.809	
19269	1483.	29.773	29.829	29.809	
19270	1483.	29.773	29.829	29.809	
19271	1483.1	29.774	29.829	29.809	
19272	1483.2	29.774	29.83	29.81	
19273	1483.3	29.774	29.83	29.81	
19274	1483.4	29.774	29.83	29.81	
19275	1483.5	29.774	29.83	29.81	
19276	1483.6	29.774	29.83	29.81	
19277	1483.7	29.774	29.83	29.81	
19278	1483.8	29.774	29.83	29.81	
19279	1483.9	29.775	29.83	29.81	
19280	1484.	29.775	29.83	29.81	
19281	1484.	29.775	29.83	29.81	
19282	1484.	29.775	29.83	29.811	
19283	1484.	29.775	29.83	29.811	
19284	1484.1	29.775	29.831	29.811	
19285	1484.2	29.775	29.831	29.811	
19286	1484.3	29.775	29.831	29.811	
19287	1484.4	29.775	29.831	29.811	
19288	1484.5	29.775	29.831	29.811	
19289	1484.6	29.775	29.831	29.811	
19290	1484.7	29.775	29.831	29.811	
19291	1484.8	29.776	29.831	29.811	
19292	1484.9	29.776	29.832	29.812	
19293	1485.	29.776	29.832	29.812	
19294	1485.	29.776	29.832	29.812	
19295	1485.	29.776	29.832	29.812	
19296	1485.	29.776	29.832	29.812	
19297	1485.1	29.776	29.832	29.812	
19298	1485.2	29.776	29.832	29.812	
19299	1485.3	29.776	29.832	29.812	
19300	1485.4	29.776	29.832	29.812	
19301	1485.5	29.776	29.832	29.812	
19302	1485.6	29.776	29.832	29.812	
19303	1485.7	29.777	29.832	29.812	
19304	1485.8	29.777	29.833	29.813	
19305	1485.9	29.777	29.833	29.813	
19306	1486.	29.777	29.833	29.813	
19307	1486.	29.777	29.833	29.813	
19308	1486.	29.777	29.833	29.813	
19309	1486.	29.777	29.833	29.813	
19310	1486.1	29.777	29.833	29.813	
19311	1486.2	29.777	29.833	29.813	
19312	1486.3	29.777	29.833	29.813	
19313	1486.4	29.777	29.833	29.813	
19314	1486.5	29.777	29.833	29.813	
19315	1486.6	29.778	29.833	29.814	
19316	1486.7	29.778	29.834	29.814	
19317	1486.8	29.778	29.834	29.814	
19318	1486.9	29.778	29.834	29.814	
19319	1487.	29.778	29.834	29.814	
19320	1487.	29.778	29.834	29.814	
19321	1487.	29.778	29.834	29.814	
19322	1487.	29.778	29.834	29.814	
19323	1487.1	29.778	29.834	29.814	
19324	1487.2	29.778	29.834	29.814	
19325	1487.3	29.778	29.834	29.814	
19326	1487.4	29.779	29.834	29.814	
19327	1487.5	29.779	29.835	29.815	
19328	1487.6	29.779	29.835	29.815	
19329	1487.7	29.779	29.835	29.815	
19330	1487.8	29.779	29.835	29.815	
19331	1487.9	29.779	29.835	29.815	
19332	1488.	29.779	29.835	29.815	
19333	1488.	29.779	29.835	29.815	
19334	1488.	29.779	29.835	29.815	
19335	1488.	29.779	29.835	29.815	
19336	1488.1	29.779	29.835	29.815	
19337	1488.2	29.779	29.835	29.815	
19338	1488.3	29.78	29.835	29.815	
19339	1488.4	29.78	29.836	29.816	
19340	1488.5	29.78	29.836	29.816	
19341	1488.6	29.78	29.836	29.816	
19342	1488.7	29.78	29.836	29.816	
19343	1488.8	29.78	29.836	29.816	
19344	1488.9	29.78	29.836	29.816	
19345	1489.	29.78	29.836	29.816	
19346	1489.	29.78	29.836	29.816	
19347	1489.	29.78	29.836	29.816	
19348	1489.	29.78	29.836	29.816	
19349	1489.1	29.78	29.836	29.816	
19350	1489.2	29.781	29.836	29.817	
19351	1489.3	29.781	29.837	29.817	
19352	1489.4	29.781	29.837	29.817	
19353	1489.5	29.781	29.837	29.817	
19354	1489.6	29.781	29.837	29.817	
19355	1489.7	29.781	29.837	29.817	
19356	1489.8	29.781	29.837	29.817	
19357	1489.9	29.781	29.837	29.817	
19358	1490.	29.781	29.837	29.817	
19359	1490.	29.781	29.837	29.817	
19360	1490.	29.781	29.837	29.817	
19361	1490.	29.782	29.837	29.817	
19362	1490.1	29.782	29.838	29.818	
19363	1490.2	29.782	29.838	29.818	
19364	1490.3	29.782	29.838	29.818	
19365	1490.4	29.782	29.838	29.818	
19366	1490.5	29.782	29.838	29.818	
19367	1490.6	29.782	29.838	29.818	
19368	1490.7	29.782	29.838	29.818	
19369	1490.8	29.782	29.838	29.818	
19370	1490.9	29.783	29.838	29.818	
19371	1491.	29.783	29.839	29.819	
19372	1491.	29.783	29.839	29.819	
19373	1491.	29.783	29.839	29.819	
19374	1491.	29.783	29.839	29.819	
19375	1491.1	29.783	29.839	29.819	
19376	1491.2	29.783	29.839	29.819	
19377	1491.3	29.783	29.839	29.819	
19378	1491.4	29.783	29.839	29.819	
19379	1491.5	29.783	29.839	29.819	
19380	1491.6	29.783	29.839	29.819	
19381	1491.7	29.783	29.839	29.819	
19382	1491.8	29.784	29.84	29.82	
19383	1491.9	29.784	29.84	29.82	
19384	1492.	29.784	29.84	29.82	
19385	1492.	29.784	29.84	29.82	
19386	1492.	29.784	29.84	29.82	
19387	1492.	29.784	29.84	29.82	
19388	1492.1	29.784	29.84	29.82	
19389	1492.2	29.784	29.84	29.82	
19390	1492.3	29.784	29.84	29.82	
19391	1492.4	29.784	29.84	29.82	
19392	1492.5	29.784	29.84	29.82	
19393	1492.6	29.784	29.84	29.82	
19394	1492.7	29.785	29.841	29.821	
19395	1492.8	29.785	29.841	29.821	
19396	1492.9	29.785	29.841	29.821	
19397	1493.	29.785	29.841	29.821	
19398	1493.	29.785	29.841	29.821	
19399	1493.	29.785	29.841	29.821	
19400	1493.	29.785	29.841	29.821	
19401	1493.1	29.785	29.841	29.821	
19402	1493.2	29.785	29.841	29.821	
19403	1493.3	29.785	29.841	29.821	
19404	1493.4	29.785	29.841	29.821	
19405	1493.5	29.786	29.841	29.821	
19406	1493.6	29.786	29.842	29.822	
19407	1493.7	29.786	29.842	29.822	
19408	1493.8	29.786	29.842	29.822	
19409	1493.9	29.786	29.842	29.822	
19410	1494.	29.786	29.842	29.822	
19411	1494.	29.786	29.842	29.822	
19412	1494.	29.786	29.842	29.822	
19413	1494.	29.786	29.842	29.822	
19414	1494.1	29.786	29.842	29.822	
19415	1494.2	29.786	29.842	29.822	
19416	1494.3	29.786	29.842	29.822	
19417	1494.4	29.787	29.843	29.823	
19418	1494.5	29.787	29.843	29.823	
19419	1494.6	29.787	29.843	29.823	
19420	1494.7	29.787	29.843	29.823	
19421	1494.8	29.787	29.843	29.823	
19422	1494.9	29.787	29.843	29.823	
19423	1495.	29.787	29.843	29.823	
19424	1495.	29.787	29.843	29.823	
19425	1495.	29.787	29.843	29.823	
19426	1495.	29.787	29.843	29.823	
19427	1495.1	29.787	29.843	29.823	
19428	1495.2	29.787	29.843	29.823	
19429	1495.3	29.788	29.844	29.824	
19430	1495.4	29.788	29.844	29.824	
19431	1495.5	29.788	29.844	29.824	
19432	1495.6	29.788	29.844	29.824	
19433	1495.7	29.788	29.844	29.824	
19434	1495.8	29.788	29.844	29.824	
19435	1495.9	29.788	29.844	29.824	
19436	1496.	29.788	29.844	29.824	
19437	1496.	29.788	29.844	29.824	
19438	1496.	29.788	29.844	29.824	
19439	1496.	29.788	29.844	29.824	
19440	1496.1	29.788	29.844	29.824	
19441	1496.2	29.789	29.845	29.825	
19442	1496.3	29.789	29.845	29.825	
19443	1496.4	29.789	29.845	29.825	
19444	1496.5	29.789	29.845	29.825	
19445	1496.6	29.789	29.845	29.825	
19446	1496.7	29.789	29.845	29.825	
19447	1496.8	29.789	29.845	29.825	
19448	1496.9	29.789	29.845	29.825	
19449	1497.	29.789	29.845	29.825	
19450	1497.	29.789	29.845	29.825	
19451	1497.	29.789	29.845	29.825	
19452	1497.	29.79	29.846	29.826	
19453	1497.1	29.79	29.846	29.826	
19454	1497.2	29.79	29.846	29.826	
19455	1497.3	29.79	29.846	29.826	
19456	1497.4	29.79	29.846	29.826	
19457	1497.5	29.79	29.846	29.826	
19458	1497.6	29.79	29.846	29.826	
19459	1497.7	29.79	29.846	29.826	
19460	1497.8	29.79	29.846	29.826	
19461	1497.9	29.791	29.847	29.827	
19462	1498.	29.791	29.847	29.827	
19463	1498.	29.791	29.847	29.827	
19464	1498.	29.791	29.847	29.827	
19465	1498.	29.791	29.847	29.827	
19466	1498.1	29.791	29.847	29.827	
19467	1498.2	29.791	29.847	29.827	
19468	1498.3	29.791	29.847	29.827	
19469	1498.4	29.791	29.847	29.827	
19470	1498.5	29.791	29.847	29.827	
19471	1498.6	29.791	29.847	29.827	
19472	1498.7	29.791	29.847	29.827	
19473	1498.8	29.792	29.848	29.828	
19474	1498.9	29.792	29.848	29.828	
19475	1499.	29.792	29.848	29.828	
19476	1499.	29.792	29.848	29.828	
19477	1499.	29.792	29.848	29.828	
19478	1499.	29.792	29.848	29.828	
19479	1499.1	29.792	29.848	29.828	
19480	1499.2	29.792	29.848	29.828	
19481	1499.3	29.792	29.848	29.828	
19482	1499.4	29.792	29.848	29.828	
19483	1499.5	29.792	29.848	29.828	
19484	1499.6	29.792	29.849	29.829	
19485	1499.7	29.793	29.849	29.829	
19486	1499.8	29.793	29.849	29.829	
19487	1499.9	29.793	29.849	29.829	
19488	1500.	29.793	29.849	29.829	
19489	1500.	29.793	29.849	29.829	
19490	1500.	29.793	29.849	29.829	
19491	1500.	29.793	29.849	29.829	
19492	1500.1	29.793	29.849	29.829	
19493	1500.2	29.793	29.849	29.829	
19494	1500.3	29.793	29.849	29.829	
19495	1500.4	29.793	29.849	29.829	
19496	1500.5	29.794	29.85	29.83	
19497	1500.6	29.794	29.85	29.83	
19498	1500.7	29.794	29.85	29.83	
19499	1500.8	29.794	29.85	29.83	
19500	1500.9	29.794	29.85	29.83	
19501	1501.	29.794	29.85	29.83	
19502	1501.	29.794	29.85	29.83	
19503	1501.	29.794	29.85	29.83	
19504	1501.	29.794	29.85	29.83	
19505	1501.1	29.794	29.85	29.83	
19506	1501.2	29.794	29.85	29.83	
19507	1501.3	29.794	29.851	29.83	
19508	1501.4	29.795	29.851	29.831	
19509	1501.5	29.795	29.851	29.831	
19510	1501.6	29.795	29.851	29.831	
19511	1501.7	29.795	29.851	29.831	
19512	1501.8	29.795	29.851	29.831	
19513	1501.9	29.795	29.851	29.831	
19514	1502.	29.795	29.851	29.831	
19515	1502.	29.795	29.851	29.831	
19516	1502.	29.795	29.851	29.831	
19517	1502.	29.795	29.851	29.831	
19518	1502.1	29.795	29.851	29.831	
19519	1502.2	29.795	29.852	29.832	
19520	1502.3	29.796	29.852	29.832	
19521	1502.4	29.796	29.852	29.832	
19522	1502.5	29.796	29.852	29.832	
19523	1502.6	29.796	29.852	29.832	
19524	1502.7	29.796	29.852	29.832	
19525	1502.8	29.796	29.852	29.832	
19526	1502.9	29.796	29.852	29.832	
19527	1503.	29.796	29.852	29.832	
19528	1503.	29.796	29.852	29.832	
19529	1503.	29.796	29.852	29.832	
19530	1503.	29.796	29.852	29.832	
19531	1503.1	29.797	29.853	29.833	
19532	1503.2	29.797	29.853	29.833	
19533	1503.3	29.797	29.853	29.833	
19534	1503.4	29.797	29.853	29.833	
19535	1503.5	29.797	29.853	29.833	
19536	1503.6	29.797	29.853	29.833	
19537	1503.7	29.797	29.853	29.833	
19538	1503.8	29.797	29.853	29.833	
19539	1503.9	29.797	29.854	29.833	
19540	1504.	29.797	29.854	29.834	
19541	1504.	29.798	29.854	29.834	
19542	1504.	29.798	29.854	29.834	
19543	1504.	29.798	29.854	29.834	
19544	1504.1	29.798	29.854	29.834	
19545	1504.2	29.798	29.854	29.834	
19546	1504.3	29.798	29.854	29.834	
19547	1504.4	29.798	29.854	29.834	
19548	1504.5	29.798	29.854	29.834	
19549	1504.6	29.798	29.854	29.834	
19550	1504.7	29.798	29.854	29.834	
19551	1504.8	29.798	29.855	29.835	
19552	1504.9	29.799	29.855	29.835	
19553	1505.	29.799	29.855	29.835	
19554	1505.	29.799	29.855	29.835	
19555	1505.	29.799	29.855	29.835	
19556	1505.	29.799	29.855	29.835	
19557	1505.1	29.799	29.855	29.835	
19558	1505.2	29.799	29.855	29.835	
19559	1505.3	29.799	29.855	29.835	
19560	1505.4	29.799	29.855	29.835	
19561	1505.5	29.799	29.855	29.835	
19562	1505.6	29.799	29.855	29.835	
19563	1505.7	29.799	29.856	29.836	
19564	1505.8	29.8	29.856	29.836	
19565	1505.9	29.8	29.856	29.836	
19566	1506.	29.8	29.856	29.836	
19567	1506.	29.8	29.856	29.836	
19568	1506.	29.8	29.856	29.836	
19569	1506.	29.8	29.856	29.836	
19570	1506.1	29.8	29.856	29.836	
19571	1506.2	29.8	29.856	29.836	
19572	1506.3	29.8	29.856	29.836	
19573	1506.4	29.8	29.856	29.836	
19574	1506.5	29.8	29.857	29.836	
19575	1506.6	29.801	29.857	29.837	
19576	1506.7	29.801	29.857	29.837	
19577	1506.8	29.801	29.857	29.837	
19578	1506.9	29.801	29.857	29.837	
19579	1507.	29.801	29.857	29.837	
19580	1507.	29.801	29.857	29.837	
19581	1507.	29.801	29.857	29.837	
19582	1507.	29.801	29.857	29.837	
19583	1507.1	29.801	29.857	29.837	
19584	1507.2	29.801	29.857	29.837	
19585	1507.3	29.801	29.857	29.837	
19586	1507.4	29.801	29.858	29.838	
19587	1507.5	29.802	29.858	29.838	
19588	1507.6	29.802	29.858	29.838	
19589	1507.7	29.802	29.858	29.838	
19590	1507.8	29.802	29.858	29.838	
19591	1507.9	29.802	29.858	29.838	
19592	1508.	29.802	29.858	29.838	
19593	1508.	29.802	29.858	29.838	
19594	1508.	29.802	29.858	29.838	
19595	1508.	29.802	29.858	29.838	
19596	1508.1	29.802	29.858	29.838	
19597	1508.2	29.802	29.858	29.838	
19598	1508.3	29.802	29.859	29.839	
19599	1508.4	29.803	29.859	29.839	
19600	1508.5	29.803	29.859	29.839	
19601	1508.6	29.803	29.859	29.839	
19602	1508.7	29.803	29.859	29.839	
19603	1508.8	29.803	29.859	29.839	
19604	1508.9	29.803	29.859	29.839	
19605	1509.	29.803	29.859	29.839	
19606	1509.	29.803	29.859	29.839	
19607	1509.	29.803	29.859	29.839	
19608	1509.	29.803	29.859	29.839	
19609	1509.1	29.803	29.86	29.839	
19610	1509.2	29.804	29.86	29.84	
19611	1509.3	29.804	29.86	29.84	
19612	1509.4	29.804	29.86	29.84	
19613	1509.5	29.804	29.86	29.84	
19614	1509.6	29.804	29.86	29.84	
19615	1509.7	29.804	29.86	29.84	
19616	1509.8	29.804	29.86	29.84	
19617	1509.9	29.804	29.86	29.84	
19618	1510.	29.804	29.861	29.84	
19619	1510.	29.804	29.861	29.84	
19620	1510.	29.804	29.861	29.84	
19621	1510.	29.804	29.861	29.841	
19622	1510.1	29.805	29.861	29.841	
19623	1510.2	29.805	29.861	29.841	
19624	1510.3	29.805	29.861	29.841	
19625	1510.4	29.805	29.861	29.841	
19626	1510.5	29.805	29.861	29.841	
19627	1510.6	29.805	29.861	29.841	
19628	1510.7	29.805	29.861	29.841	
19629	1510.8	29.805	29.862	29.841	
19630	1510.9	29.805	29.862	29.842	
19631	1511.	29.806	29.862	29.842	
19632	1511.	29.806	29.862	29.842	
19633	1511.	29.806	29.862	29.842	
19634	1511.	29.806	29.862	29.842	
19635	1511.1	29.806	29.862	29.842	
19636	1511.2	29.806	29.862	29.842	
19637	1511.3	29.806	29.862	29.842	
19638	1511.4	29.806	29.862	29.842	
19639	1511.5	29.806	29.862	29.842	
19640	1511.6	29.806	29.862	29.842	
19641	1511.7	29.806	29.863	29.842	
19642	1511.8	29.806	29.863	29.843	
19643	1511.9	29.807	29.863	29.843	
19644	1512.	29.807	29.863	29.843	
19645	1512.	29.807	29.863	29.843	
19646	1512.	29.807	29.863	29.843	
19647	1512.	29.807	29.863	29.843	
19648	1512.1	29.807	29.863	29.843	
19649	1512.2	29.807	29.863	29.843	
19650	1512.3	29.807	29.863	29.843	
19651	1512.4	29.807	29.863	29.843	
19652	1512.5	29.807	29.863	29.843	
19653	1512.6	29.807	29.864	29.844	
19654	1512.7	29.808	29.864	29.844	
19655	1512.8	29.808	29.864	29.844	
19656	1512.9	29.808	29.864	29.844	
19657	1513.	29.808	29.864	29.844	
19658	1513.	29.808	29.864	29.844	
19659	1513.	29.808	29.864	29.844	
19660	1513.	29.808	29.864	29.844	
19661	1513.1	29.808	29.864	29.844	
19662	1513.2	29.808	29.864	29.844	
19663	1513.3	29.808	29.864	29.844	
19664	1513.4	29.808	29.865	29.844	
19665	1513.5	29.808	29.865	29.845	
19666	1513.6	29.809	29.865	29.845	
19667	1513.7	29.809	29.865	29.845	
19668	1513.8	29.809	29.865	29.845	
19669	1513.9	29.809	29.865	29.845	
19670	1514.	29.809	29.865	29.845	
19671	1514.	29.809	29.865	29.845	
19672	1514.	29.809	29.865	29.845	
19673	1514.	29.809	29.865	29.845	
19674	1514.1	29.809	29.865	29.845	
19675	1514.2	29.809	29.865	29.845	
19676	1514.3	29.809	29.866	29.845	
19677	1514.4	29.809	29.866	29.846	
19678	1514.5	29.81	29.866	29.846	
19679	1514.6	29.81	29.866	29.846	
19680	1514.7	29.81	29.866	29.846	
19681	1514.8	29.81	29.866	29.846	
19682	1514.9	29.81	29.866	29.846	
19683	1515.	29.81	29.866	29.846	
19684	1515.	29.81	29.866	29.846	
19685	1515.	29.81	29.866	29.846	
19686	1515.	29.81	29.866	29.846	
19687	1515.1	29.81	29.866	29.846	
19688	1515.2	29.81	29.867	29.847	
19689	1515.3	29.811	29.867	29.847	
19690	1515.4	29.811	29.867	29.847	
19691	1515.5	29.811	29.867	29.847	
19692	1515.6	29.811	29.867	29.847	
19693	1515.7	29.811	29.867	29.847	
19694	1515.8	29.811	29.867	29.847	
19695	1515.9	29.811	29.867	29.847	
19696	1516.	29.811	29.867	29.847	
19697	1516.	29.811	29.867	29.847	
19698	1516.	29.811	29.868	29.847	
19699	1516.	29.811	29.868	29.847	
19700	1516.1	29.811	29.868	29.848	
19701	1516.2	29.812	29.868	29.848	
19702	1516.3	29.812	29.868	29.848	
19703	1516.4	29.812	29.868	29.848	
19704	1516.5	29.812	29.868	29.848	
19705	1516.6	29.812	29.868	29.848	
19706	1516.7	29.812	29.868	29.848	
19707	1516.8	29.812	29.868	29.848	
19708	1516.9	29.812	29.869	29.848	
19709	1517.	29.812	29.869	29.849	
19710	1517.	29.812	29.869	29.849	
19711	1517.	29.812	29.869	29.849	
19712	1517.	29.812	29.869	29.849	
19713	1517.1	29.813	29.869	29.849	
19714	1517.2	29.813	29.869	29.849	
19715	1517.3	29.813	29.869	29.849	
19716	1517.4	29.813	29.869	29.849	
19717	1517.5	29.813	29.869	29.849	
19718	1517.6	29.813	29.869	29.849	
19719	1517.7	29.813	29.87	29.849	
19720	1517.8	29.813	29.87	29.85	
19721	1517.9	29.813	29.87	29.85	
19722	1518.	29.814	29.87	29.85	
19723	1518.	29.814	29.87	29.85	
19724	1518.	29.814	29.87	29.85	
19725	1518.	29.814	29.87	29.85	
19726	1518.1	29.814	29.87	29.85	
19727	1518.2	29.814	29.87	29.85	
19728	1518.3	29.814	29.87	29.85	
19729	1518.4	29.814	29.87	29.85	
19730	1518.5	29.814	29.87	29.85	
19731	1518.6	29.814	29.871	29.85	
19732	1518.7	29.814	29.871	29.851	
19733	1518.8	29.815	29.871	29.851	
19734	1518.9	29.815	29.871	29.851	
19735	1519.	29.815	29.871	29.851	
19736	1519.	29.815	29.871	29.851	
19737	1519.	29.815	29.871	29.851	
19738	1519.	29.815	29.871	29.851	
19739	1519.1	29.815	29.871	29.851	
19740	1519.2	29.815	29.871	29.851	
19741	1519.3	29.815	29.871	29.851	
19742	1519.4	29.815	29.871	29.851	
19743	1519.5	29.815	29.872	29.851	
19744	1519.6	29.815	29.872	29.852	
19745	1519.7	29.816	29.872	29.852	
19746	1519.8	29.816	29.872	29.852	
19747	1519.9	29.816	29.872	29.852	
19748	1520.	29.816	29.872	29.852	
19749	1520.	29.816	29.872	29.852	
19750	1520.	29.816	29.872	29.852	
19751	1520.	29.816	29.872	29.852	
19752	1520.1	29.816	29.872	29.852	
19753	1520.2	29.816	29.872	29.852	
19754	1520.3	29.816	29.873	29.852	
19755	1520.4	29.816	29.873	29.853	
19756	1520.5	29.816	29.873	29.853	
19757	1520.6	29.817	29.873	29.853	
19758	1520.7	29.817	29.873	29.853	
19759	1520.8	29.817	29.873	29.853	
19760	1520.9	29.817	29.873	29.853	
19761	1521.	29.817	29.873	29.853	
19762	1521.	29.817	29.873	29.853	
19763	1521.	29.817	29.873	29.853	
19764	1521.	29.817	29.873	29.853	
19765	1521.1	29.817	29.873	29.853	
19766	1521.2	29.817	29.874	29.853	
19767	1521.3	29.817	29.874	29.854	
19768	1521.4	29.818	29.874	29.854	
19769	1521.5	29.818	29.874	29.854	
19770	1521.6	29.818	29.874	29.854	
19771	1521.7	29.818	29.874	29.854	
19772	1521.8	29.818	29.874	29.854	
19773	1521.9	29.818	29.874	29.854	
19774	1522.	29.818	29.874	29.854	
19775	1522.	29.818	29.874	29.854	
19776	1522.	29.818	29.874	29.854	
19777	1522.	29.818	29.874	29.854	
19778	1522.1	29.818	29.875	29.855	
19779	1522.2	29.818	29.875	29.855	
19780	1522.3	29.819	29.875	29.855	
19781	1522.4	29.819	29.875	29.855	
19782	1522.5	29.819	29.875	29.855	
19783	1522.6	29.819	29.875	29.855	
19784	1522.7	29.819	29.875	29.855	
19785	1522.8	29.819	29.875	29.855	
19786	1522.9	29.819	29.876	29.855	
19787	1523.	29.819	29.876	29.855	
19788	1523.	29.819	29.876	29.856	
19789	1523.	29.819	29.876	29.856	
19790	1523.	29.819	29.876	29.856	
19791	1523.1	29.819	29.876	29.856	
19792	1523.2	29.82	29.876	29.856	
19793	1523.3	29.82	29.876	29.856	
19794	1523.4	29.82	29.876	29.856	
19795	1523.5	29.82	29.876	29.856	
19796	1523.6	29.82	29.876	29.856	
19797	1523.7	29.82	29.876	29.856	
19798	1523.8	29.82	29.877	29.856	
19799	1523.9	29.82	29.877	29.857	
19800	1524.	29.82	29.877	29.857	
19801	1524.	29.82	29.877	29.857	
19802	1524.	29.82	29.877	29.857	
19803	1524.	29.821	29.877	29.857	
19804	1524.1	29.821	29.877	29.857	
19805	1524.2	29.821	29.877	29.857	
19806	1524.3	29.821	29.877	29.857	
19807	1524.4	29.821	29.877	29.857	
19808	1524.5	29.821	29.877	29.857	
19809	1524.6	29.821	29.878	29.857	
19810	1524.7	29.821	29.878	29.858	
19811	1524.8	29.821	29.878	29.858	
19812	1524.9	29.822	29.878	29.858	
19813	1525.	29.822	29.878	29.858	
19814	1525.	29.822	29.878	29.858	
19815	1525.	29.822	29.878	29.858	
19816	1525.	29.822	29.878	29.858	
19817	1525.1	29.822	29.878	29.858	
19818	1525.2	29.822	29.878	29.858	
19819	1525.3	29.822	29.878	29.858	
19820	1525.4	29.822	29.878	29.858	
19821	1525.5	29.822	29.879	29.858	
19822	1525.6	29.822	29.879	29.859	
19823	1525.7	29.822	29.879	29.859	
19824	1525.8	29.823	29.879	29.859	
19825	1525.9	29.823	29.879	29.859	
19826	1526.	29.823	29.879	29.859	
19827	1526.	29.823	29.879	29.859	
19828	1526.	29.823	29.879	29.859	
19829	1526.	29.823	29.879	29.859	
19830	1526.1	29.823	29.879	29.859	
19831	1526.2	29.823	29.879	29.859	
19832	1526.3	29.823	29.879	29.859	
19833	1526.4	29.823	29.88	29.859	
19834	1526.5	29.823	29.88	29.86	
19835	1526.6	29.823	29.88	29.86	
19836	1526.7	29.824	29.88	29.86	
19837	1526.8	29.824	29.88	29.86	
19838	1526.9	29.824	29.88	29.86	
19839	1527.	29.824	29.88	29.86	
19840	1527.	29.824	29.88	29.86	
19841	1527.	29.824	29.88	29.86	
19842	1527.	29.824	29.88	29.86	
19843	1527.1	29.824	29.88	29.86	
19844	1527.2	29.824	29.881	29.86	
19845	1527.3	29.824	29.881	29.861	
19846	1527.4	29.824	29.881	29.861	
19847	1527.5	29.825	29.881	29.861	
19848	1527.6	29.825	29.881	29.861	
19849	1527.7	29.825	29.881	29.861	
19850	1527.8	29.825	29.881	29.861	
19851	1527.9	29.825	29.881	29.861	
19852	1528.	29.825	29.881	29.861	
19853	1528.	29.825	29.881	29.861	
19854	1528.	29.825	29.881	29.861	
19855	1528.	29.825	29.881	29.861	
19856	1528.1	29.825	29.882	29.861	
19857	1528.2	29.825	29.882	29.862	
19858	1528.3	29.825	29.882	29.862	
19859	1528.4	29.826	29.882	29.862	
19860	1528.5	29.826	29.882	29.862	
19861	1528.6	29.826	29.882	29.862	
19862	1528.7	29.826	29.882	29.862	
19863	1528.8	29.826	29.882	29.862	
19864	1528.9	29.826	29.882	29.862	
19865	1529.	29.826	29.883	29.862	
19866	1529.	29.826	29.883	29.862	
19867	1529.	29.826	29.883	29.862	
19868	1529.	29.826	29.883	29.862	
19869	1529.1	29.826	29.883	29.863	
19870	1529.2	29.826	29.883	29.863	
19871	1529.3	29.827	29.883	29.863	
19872	1529.4	29.827	29.883	29.863	
19873	1529.5	29.827	29.883	29.863	
19874	1529.6	29.827	29.883	29.863	
19875	1529.7	29.827	29.883	29.863	
19876	1529.8	29.827	29.884	29.863	
19877	1529.9	29.827	29.884	29.864	
19878	1530.	29.827	29.884	29.864	
19879	1530.	29.827	29.884	29.864	
19880	1530.	29.827	29.884	29.864	
19881	1530.	29.827	29.884	29.864	
19882	1530.1	29.828	29.884	29.864	
19883	1530.2	29.828	29.884	29.864	
19884	1530.3	29.828	29.884	29.864	
19885	1530.4	29.828	29.884	29.864	
19886	1530.5	29.828	29.884	29.864	
19887	1530.6	29.828	29.884	29.864	
19888	1530.7	29.828	29.885	29.864	
19889	1530.8	29.828	29.885	29.865	
19890	1530.9	29.828	29.885	29.865	
19891	1531.	29.829	29.885	29.865	
19892	1531.	29.829	29.885	29.865	
19893	1531.	29.829	29.885	29.865	
19894	1531.	29.829	29.885	29.865	
19895	1531.1	29.829	29.885	29.865	
19896	1531.2	29.829	29.885	29.865	
19897	1531.3	29.829	29.885	29.865	
19898	1531.4	29.829	29.885	29.865	
19899	1531.5	29.829	29.886	29.865	
19900	1531.6	29.829	29.886	29.865	
19901	1531.7	29.829	29.886	29.866	
19902	1531.8	29.829	29.886	29.866	
19903	1531.9	29.83	29.886	29.866	
19904	1532.	29.83	29.886	29.866	
19905	1532.	29.83	29.886	29.866	
19906	1532.	29.83	29.886	29.866	
19907	1532.	29.83	29.886	29.866	
19908	1532.1	29.83	29.886	29.866	
19909	1532.2	29.83	29.886	29.866	
19910	1532.3	29.83	29.886	29.866	
19911	1532.4	29.83	29.887	29.866	
19912	1532.5	29.83	29.887	29.867	
19913	1532.6	29.83	29.887	29.867	
19914	1532.7	29.831	29.887	29.867	
19915	1532.8	29.831	29.887	29.867	
19916	1532.9	29.831	29.887	29.867	
19917	1533.	29.831	29.887	29.867	
19918	1533.	29.831	29.887	29.867	
19919	1533.	29.831	29.887	29.867	
19920	1533.	29.831	29.887	29.867	
19921	1533.1	29.831	29.887	29.867	
19922	1533.2	29.831	29.887	29.867	
19923	1533.3	29.831	29.888	29.867	
19924	1533.4	29.831	29.888	29.868	
19925	1533.5	29.831	29.888	29.868	
19926	1533.6	29.832	29.888	29.868	
19927	1533.7	29.832	29.888	29.868	
19928	1533.8	29.832	29.888	29.868	
19929	1533.9	29.832	29.888	29.868	
19930	1534.	29.832	29.888	29.868	
19931	1534.	29.832	29.888	29.868	
19932	1534.	29.832	29.888	29.868	
19933	1534.	29.832	29.888	29.868	
19934	1534.1	29.832	29.889	29.868	
19935	1534.2	29.832	29.889	29.868	
19936	1534.3	29.832	29.889	29.869	
19937	1534.4	29.832	29.889	29.869	
19938	1534.5	29.833	29.889	29.869	
19939	1534.6	29.833	29.889	29.869	
19940	1534.7	29.833	29.889	29.869	
19941	1534.8	29.833	29.889	29.869	
19942	1534.9	29.833	29.889	29.869	
19943	1535.	29.833	29.89	29.869	
19944	1535.	29.833	29.89	29.869	
19945	1535.	29.833	29.89	29.869	
19946	1535.	29.833	29.89	29.869	
19947	1535.1	29.833	29.89	29.87	
19948	1535.2	29.833	29.89	29.87	
19949	1535.3	29.833	29.89	29.87	
19950	1535.4	29.834	29.89	29.87	
19951	1535.5	29.834	29.89	29.87	
19952	1535.6	29.834	29.89	29.87	
19953	1535.7	29.834	29.89	29.87	
19954	1535.8	29.834	29.891	29.87	
19955	1535.9	29.834	29.891	29.87	
19956	1536.	29.834	29.891	29.871	
19957	1536.	29.834	29.891	29.871	
19958	1536.	29.834	29.891	29.871	
19959	1536.	29.834	29.891	29.871	
19960	1536.1	29.834	29.891	29.871	
19961	1536.2	29.835	29.891	29.871	
19962	1536.3	29.835	29.891	29.871	
19963	1536.4	29.835	29.891	29.871	
19964	1536.5	29.835	29.891	29.871	
19965	1536.6	29.835	29.891	29.871	
19966	1536.7	29.835	29.892	29.871	
19967	1536.8	29.835	29.892	29.872	
19968	1536.9	29.835	29.892	29.872	
19969	1537.	29.835	29.892	29.872	
19970	1537.	29.835	29.892	29.872	
19971	1537.	29.835	29.892	29.872	
19972	1537.	29.835	29.892	29.872	
19973	1537.1	29.836	29.892	29.872	
19974	1537.2	29.836	29.892	29.872	
19975	1537.3	29.836	29.892	29.872	
19976	1537.4	29.836	29.892	29.872	
19977	1537.5	29.836	29.892	29.872	
19978	1537.6	29.836	29.893	29.872	
19979	1537.7	29.836	29.893	29.873	
19980	1537.8	29.836	29.893	29.873	
19981	1537.9	29.836	29.893	29.873	
19982	1538.	29.837	29.893	29.873	
19983	1538.	29.837	29.893	29.873	
19984	1538.	29.837	29.893	29.873	
19985	1538.	29.837	29.893	29.873	
19986	1538.1	29.837	29.893	29.873	
19987	1538.2	29.837	29.893	29.873	
19988	1538.3	29.837	29.893	29.873	
19989	1538.4	29.837	29.894	29.873	
19990	1538.5	29.837	29.894	29.873	
19991	1538.6	29.837	29.894	29.874	
19992	1538.7	29.837	29.894	29.874	
19993	1538.8	29.838	29.894	29.874	
19994	1538.9	29.838	29.894	29.874	
19995	1539.	29.838	29.894	29.874	
19996	1539.	29.838	29.894	29.874	
19997	1539.	29.838	29.894	29.874	
19998	1539.	29.838	29.894	29.874	
19999	1539.1	29.838	29.894	29.874	
20000	1539.2	29.838	29.894	29.874	
20001	1539.3	29.838	29.895	29.874	
20002	1539.4	29.838	29.895	29.875	
20003	1539.5	29.838	29.895	29.875	
20004	1539.6	29.838	29.895	29.875	
20005	1539.7	29.839	29.895	29.875	
20006	1539.8	29.839	29.895	29.875	
20007	1539.9	29.839	29.895	29.875	
20008	1540.	29.839	29.895	29.875	
20009	1540.	29.839	29.895	29.875	
20010	1540.	29.839	29.895	29.875	
20011	1540.	29.839	29.895	29.875	
20012	1540.1	29.839	29.895	29.875	
20013	1540.2	29.839	29.896	29.875	
20014	1540.3	29.839	29.896	29.876	
20015	1540.4	29.839	29.896	29.876	
20016	1540.5	29.839	29.896	29.876	
20017	1540.6	29.84	29.896	29.876	
20018	1540.7	29.84	29.896	29.876	
20019	1540.8	29.84	29.896	29.876	
20020	1540.9	29.84	29.896	29.876	
20021	1541.	29.84	29.896	29.876	
20022	1541.	29.84	29.897	29.876	
20023	1541.	29.84	29.897	29.876	
20024	1541.	29.84	29.897	29.876	
20025	1541.1	29.84	29.897	29.876	
20026	1541.2	29.84	29.897	29.877	
20027	1541.3	29.84	29.897	29.877	
20028	1541.4	29.841	29.897	29.877	
20029	1541.5	29.841	29.897	29.877	
20030	1541.6	29.841	29.897	29.877	
20031	1541.7	29.841	29.897	29.877	
20032	1541.8	29.841	29.897	29.877	
20033	1541.9	29.841	29.898	29.877	
20034	1542.	29.841	29.898	29.877	
20035	1542.	29.841	29.898	29.877	
20036	1542.	29.841	29.898	29.878	
20037	1542.	29.841	29.898	29.878	
20038	1542.1	29.841	29.898	29.878	
20039	1542.2	29.841	29.898	29.878	
20040	1542.3	29.842	29.898	29.878	
20041	1542.4	29.842	29.898	29.878	
20042	1542.5	29.842	29.898	29.878	
20043	1542.6	29.842	29.898	29.878	
20044	1542.7	29.842	29.899	29.878	
20045	1542.8	29.842	29.899	29.878	
20046	1542.9	29.842	29.899	29.879	
20047	1543.	29.842	29.899	29.879	
20048	1543.	29.842	29.899	29.879	
20049	1543.	29.842	29.899	29.879	
20050	1543.	29.842	29.899	29.879	
20051	1543.1	29.842	29.899	29.879	
20052	1543.2	29.843	29.899	29.879	
20053	1543.3	29.843	29.899	29.879	
20054	1543.4	29.843	29.899	29.879	
20055	1543.5	29.843	29.899	29.879	
20056	1543.6	29.843	29.9	29.879	
20057	1543.7	29.843	29.9	29.879	
20058	1543.8	29.843	29.9	29.88	
20059	1543.9	29.843	29.9	29.88	
20060	1544.	29.843	29.9	29.88	
20061	1544.	29.843	29.9	29.88	
20062	1544.	29.843	29.9	29.88	
20063	1544.	29.844	29.9	29.88	
20064	1544.1	29.844	29.9	29.88	
20065	1544.2	29.844	29.9	29.88	
20066	1544.3	29.844	29.9	29.88	
20067	1544.4	29.844	29.9	29.88	
20068	1544.5	29.844	29.901	29.88	
20069	1544.6	29.844	29.901	29.881	
20070	1544.7	29.844	29.901	29.881	
20071	1544.8	29.844	29.901	29.881	
20072	1544.9	29.845	29.901	29.881	
20073	1545.	29.845	29.901	29.881	
20074	1545.	29.845	29.901	29.881	
20075	1545.	29.845	29.901	29.881	
20076	1545.	29.845	29.901	29.881	
20077	1545.1	29.845	29.901	29.881	
20078	1545.2	29.845	29.901	29.881	
20079	1545.3	29.845	29.902	29.881	
20080	1545.4	29.845	29.902	29.881	
20081	1545.5	29.845	29.902	29.882	
20082	1545.6	29.845	29.902	29.882	
20083	1545.7	29.845	29.902	29.882	
20084	1545.8	29.846	29.902	29.882	
20085	1545.9	29.846	29.902	29.882	
20086	1546.	29.846	29.902	29.882	
20087	1546.	29.846	29.902	29.882	
20088	1546.	29.846	29.902	29.882	
20089	1546.	29.846	29.902	29.882	
20090	1546.1	29.846	29.902	29.882	
20091	1546.2	29.846	29.903	29.882	
20092	1546.3	29.846	29.903	29.883	
20093	1546.4	29.846	29.903	29.883	
20094	1546.5	29.846	29.903	29.883	
20095	1546.6	29.847	29.903	29.883	
20096	1546.7	29.847	29.903	29.883	
20097	1546.8	29.847	29.903	29.883	
20098	1546.9	29.847	29.903	29.883	
20099	1547.	29.847	29.903	29.883	
20100	1547.	29.847	29.903	29.883	
20101	1547.	29.847	29.903	29.883	
20102	1547.	29.847	29.904	29.883	
20103	1547.1	29.847	29.904	29.883	
20104	1547.2	29.847	29.904	29.884	
20105	1547.3	29.847	29.904	29.884	
20106	1547.4	29.847	29.904	29.884	
20107	1547.5	29.848	29.904	29.884	
20108	1547.6	29.848	29.904	29.884	
20109	1547.7	29.848	29.904	29.884	
20110	1547.8	29.848	29.904	29.884	
20111	1547.9	29.848	29.905	29.884	
20112	1548.	29.848	29.905	29.884	
20113	1548.	29.848	29.905	29.884	
20114	1548.	29.848	29.905	29.884	
20115	1548.	29.848	29.905	29.884	
20116	1548.1	29.848	29.905	29.885	
20117	1548.2	29.848	29.905	29.885	
20118	1548.3	29.848	29.905	29.885	
20119	1548.4	29.849	29.905	29.885	
20120	1548.5	29.849	29.905	29.885	
20121	1548.6	29.849	29.905	29.885	
20122	1548.7	29.849	29.905	29.885	
20123	1548.8	29.849	29.906	29.885	
20124	1548.9	29.849	29.906	29.886	
20125	1549.	29.849	29.906	29.886	
20126	1549.	29.849	29.906	29.886	
20127	1549.	29.849	29.906	29.886	
20128	1549.	29.849	29.906	29.886	
20129	1549.1	29.849	29.906	29.886	
20130	1549.2	29.849	29.906	29.886	
20131	1549.3	29.85	29.906	29.886	
20132	1549.4	29.85	29.906	29.886	
20133	1549.5	29.85	29.906	29.886	
20134	1549.6	29.85	29.907	29.886	
20135	1549.7	29.85	29.907	29.886	
20136	1549.8	29.85	29.907	29.887	
20137	1549.9	29.85	29.907	29.887	
20138	1550.	29.85	29.907	29.887	
20139	1550.	29.85	29.907	29.887	
20140	1550.	29.85	29.907	29.887	
20141	1550.	29.85	29.907	29.887	
20142	1550.1	29.851	29.907	29.887	
20143	1550.2	29.851	29.907	29.887	
20144	1550.3	29.851	29.907	29.887	
20145	1550.4	29.851	29.907	29.887	
20146	1550.5	29.851	29.908	29.887	
20147	1550.6	29.851	29.908	29.887	
20148	1550.7	29.851	29.908	29.888	
20149	1550.8	29.851	29.908	29.888	
20150	1550.9	29.851	29.908	29.888	
20151	1551.	29.852	29.908	29.888	
20152	1551.	29.852	29.908	29.888	
20153	1551.	29.852	29.908	29.888	
20154	1551.	29.852	29.908	29.888	
20155	1551.1	29.852	29.908	29.888	
20156	1551.2	29.852	29.908	29.888	
20157	1551.3	29.852	29.909	29.888	
20158	1551.4	29.852	29.909	29.888	
20159	1551.5	29.852	29.909	29.889	
20160	1551.6	29.852	29.909	29.889	
20161	1551.7	29.852	29.909	29.889	
20162	1551.8	29.852	29.909	29.889	
20163	1551.9	29.853	29.909	29.889	
20164	1552.	29.853	29.909	29.889	
20165	1552.	29.853	29.909	29.889	
20166	1552.	29.853	29.909	29.889	
20167	1552.	29.853	29.909	29.889	
20168	1552.1	29.853	29.909	29.889	
20169	1552.2	29.853	29.91	29.889	
20170	1552.3	29.853	29.91	29.889	
20171	1552.4	29.853	29.91	29.89	
20172	1552.5	29.853	29.91	29.89	
20173	1552.6	29.853	29.91	29.89	
20174	1552.7	29.854	29.91	29.89	
20175	1552.8	29.854	29.91	29.89	
20176	1552.9	29.854	29.91	29.89	
20177	1553.	29.854	29.91	29.89	
20178	1553.	29.854	29.91	29.89	
20179	1553.	29.854	29.91	29.89	
20180	1553.	29.854	29.91	29.89	
20181	1553.1	29.854	29.911	29.89	
20182	1553.2	29.854	29.911	29.891	
20183	1553.3	29.854	29.911	29.891	
20184	1553.4	29.854	29.911	29.891	
20185	1553.5	29.854	29.911	29.891	
20186	1553.6	29.855	29.911	29.891	
20187	1553.7	29.855	29.911	29.891	
20188	1553.8	29.855	29.911	29.891	
20189	1553.9	29.855	29.912	29.891	
20190	1554.	29.855	29.912	29.891	
20191	1554.	29.855	29.912	29.891	
20192	1554.	29.855	29.912	29.891	
20193	1554.	29.855	29.912	29.891	
20194	1554.1	29.855	29.912	29.892	
20195	1554.2	29.855	29.912	29.892	
20196	1554.3	29.855	29.912	29.892	
20197	1554.4	29.855	29.912	29.892	
20198	1554.5	29.856	29.912	29.892	
20199	1554.6	29.856	29.912	29.892	
20200	1554.7	29.856	29.912	29.892	
20201	1554.8	29.856	29.913	29.892	
20202	1554.9	29.856	29.913	29.892	
20203	1555.	29.856	29.913	29.893	
20204	1555.	29.856	29.913	29.893	
20205	1555.	29.856	29.913	29.893	
20206	1555.	29.856	29.913	29.893	
20207	1555.1	29.856	29.913	29.893	
20208	1555.2	29.856	29.913	29.893	
20209	1555.3	29.857	29.913	29.893	
20210	1555.4	29.857	29.913	29.893	
20211	1555.5	29.857	29.913	29.893	
20212	1555.6	29.857	29.914	29.893	
20213	1555.7	29.857	29.914	29.893	
20214	1555.8	29.857	29.914	29.894	
20215	1555.9	29.857	29.914	29.894	
20216	1556.	29.857	29.914	29.894	
20217	1556.	29.857	29.914	29.894	
20218	1556.	29.857	29.914	29.894	
20219	1556.	29.857	29.914	29.894	
20220	1556.1	29.857	29.914	29.894	
20221	1556.2	29.858	29.914	29.894	
20222	1556.3	29.858	29.914	29.894	
20223	1556.4	29.858	29.914	29.894	
20224	1556.5	29.858	29.915	29.894	
20225	1556.6	29.858	29.915	29.894	
20226	1556.7	29.858	29.915	29.895	
20227	1556.8	29.858	29.915	29.895	
20228	1556.9	29.858	29.915	29.895	
20229	1557.	29.858	29.915	29.895	
20230	1557.	29.858	29.915	29.895	
20231	1557.	29.858	29.915	29.895	
20232	1557.	29.858	29.915	29.895	
20233	1557.1	29.859	29.915	29.895	
20234	1557.2	29.859	29.915	29.895	
20235	1557.3	29.859	29.915	29.895	
20236	1557.4	29.859	29.916	29.895	
20237	1557.5	29.859	29.916	29.895	
20238	1557.6	29.859	29.916	29.896	
20239	1557.7	29.859	29.916	29.896	
20240	1557.8	29.859	29.916	29.896	
20241	1557.9	29.86	29.916	29.896	
20242	1558.	29.86	29.916	29.896	
20243	1558.	29.86	29.916	29.896	
20244	1558.	29.86	29.916	29.896	
20245	1558.	29.86	29.916	29.896	
20246	1558.1	29.86	29.916	29.896	
20247	1558.2	29.86	29.917	29.896	
20248	1558.3	29.86	29.917	29.896	
20249	1558.4	29.86	29.917	29.897	
20250	1558.5	29.86	29.917	29.897	
20251	1558.6	29.86	29.917	29.897	
20252	1558.7	29.86	29.917	29.897	
20253	1558.8	29.861	29.917	29.897	
20254	1558.9	29.861	29.917	29.897	
20255	1559.	29.861	29.917	29.897	
20256	1559.	29.861	29.917	29.897	
20257	1559.	29.861	29.917	29.897	
20258	1559.	29.861	29.917	29.897	
20259	1559.1	29.861	29.918	29.897	
20260	1559.2	29.861	29.918	29.897	
20261	1559.3	29.861	29.918	29.898	
20262	1559.4	29.861	29.918	29.898	
20263	1559.5	29.861	29.918	29.898	
20264	1559.6	29.861	29.918	29.898	
20265	1559.7	29.862	29.918	29.898	
20266	1559.8	29.862	29.918	29.898	
20267	1559.9	29.862	29.919	29.898	
20268	1560.	29.862	29.919	29.898	
20269	1560.	29.862	29.919	29.898	
20270	1560.	29.862	29.919	29.898	
20271	1560.	29.862	29.919	29.898	
20272	1560.1	29.862	29.919	29.899	
20273	1560.2	29.862	29.919	29.899	
20274	1560.3	29.862	29.919	29.899	
20275	1560.4	29.862	29.919	29.899	
20276	1560.5	29.863	29.919	29.899	
20277	1560.6	29.863	29.919	29.899	
20278	1560.7	29.863	29.919	29.899	
20279	1560.8	29.863	29.92	29.899	
20280	1560.9	29.863	29.92	29.899	
20281	1561.	29.863	29.92	29.899	
20282	1561.	29.863	29.92	29.9	
20283	1561.	29.863	29.92	29.9	
20284	1561.	29.863	29.92	29.9	
20285	1561.1	29.863	29.92	29.9	
20286	1561.2	29.863	29.92	29.9	
20287	1561.3	29.863	29.92	29.9	
20288	1561.4	29.864	29.92	29.9	
20289	1561.5	29.864	29.92	29.9	
20290	1561.6	29.864	29.92	29.9	
20291	1561.7	29.864	29.921	29.9	
20292	1561.8	29.864	29.921	29.9	
20293	1561.9	29.864	29.921	29.901	
20294	1562.	29.864	29.921	29.901	
20295	1562.	29.864	29.921	29.901	
20296	1562.	29.864	29.921	29.901	
20297	1562.	29.864	29.921	29.901	
20298	1562.1	29.864	29.921	29.901	
20299	1562.2	29.864	29.921	29.901	
20300	1562.3	29.865	29.921	29.901	
20301	1562.4	29.865	29.921	29.901	
20302	1562.5	29.865	29.922	29.901	
20303	1562.6	29.865	29.922	29.901	
20304	1562.7	29.865	29.922	29.902	
20305	1562.8	29.865	29.922	29.902	
20306	1562.9	29.865	29.922	29.902	
20307	1563.	29.865	29.922	29.902	
20308	1563.	29.865	29.922	29.902	
20309	1563.	29.865	29.922	29.902	
20310	1563.	29.865	29.922	29.902	
20311	1563.1	29.866	29.922	29.902	
20312	1563.2	29.866	29.922	29.902	
20313	1563.3	29.866	29.922	29.902	
20314	1563.4	29.866	29.923	29.902	
20315	1563.5	29.866	29.923	29.902	
20316	1563.6	29.866	29.923	29.903	
20317	1563.7	29.866	29.923	29.903	
20318	1563.8	29.866	29.923	29.903	
20319	1563.9	29.866	29.923	29.903	
20320	1564.	29.867	29.923	29.903	
20321	1564.	29.867	29.923	29.903	
20322	1564.	29.867	29.923	29.903	
20323	1564.	29.867	29.923	29.903	
20324	1564.1	29.867	29.923	29.903	
20325	1564.2	29.867	29.924	29.903	
20326	1564.3	29.867	29.924	29.903	
20327	1564.4	29.867	29.924	29.903	
20328	1564.5	29.867	29.924	29.904	
20329	1564.6	29.867	29.924	29.904	
20330	1564.7	29.867	29.924	29.904	
20331	1564.8	29.867	29.924	29.904	
20332	1564.9	29.868	29.924	29.904	
20333	1565.	29.868	29.924	29.904	
20334	1565.	29.868	29.924	29.904	
20335	1565.	29.868	29.924	29.904	
20336	1565.	29.868	29.924	29.904	
20337	1565.1	29.868	29.925	29.904	
20338	1565.2	29.868	29.925	29.904	
20339	1565.3	29.868	29.925	29.905	
20340	1565.4	29.868	29.925	29.905	
20341	1565.5	29.868	29.925	29.905	
20342	1565.6	29.868	29.925	29.905	
20343	1565.7	29.869	29.925	29.905	
20344	1565.8	29.869	29.925	29.905	
20345	1565.9	29.869	29.925	29.905	
20346	1566.	29.869	29.926	29.905	
20347	1566.	29.869	29.926	29.905	
20348	1566.	29.869	29.926	29.905	
20349	1566.	29.869	29.926	29.905	
20350	1566.1	29.869	29.926	29.905	
20351	1566.2	29.869	29.926	29.906	
20352	1566.3	29.869	29.926	29.906	
20353	1566.4	29.869	29.926	29.906	
20354	1566.5	29.869	29.926	29.906	
20355	1566.6	29.87	29.926	29.906	
20356	1566.7	29.87	29.926	29.906	
20357	1566.8	29.87	29.927	29.906	
20358	1566.9	29.87	29.927	29.906	
20359	1567.	29.87	29.927	29.906	
20360	1567.	29.87	29.927	29.906	
20361	1567.	29.87	29.927	29.906	
20362	1567.	29.87	29.927	29.907	
20363	1567.1	29.87	29.927	29.907	
20364	1567.2	29.87	29.927	29.907	
20365	1567.3	29.87	29.927	29.907	
20366	1567.4	29.87	29.927	29.907	
20367	1567.5	29.871	29.927	29.907	
20368	1567.6	29.871	29.927	29.907	
20369	1567.7	29.871	29.928	29.907	
20370	1567.8	29.871	29.928	29.907	
20371	1567.9	29.871	29.928	29.908	
20372	1568.	29.871	29.928	29.908	
20373	1568.	29.871	29.928	29.908	
20374	1568.	29.871	29.928	29.908	
20375	1568.	29.871	29.928	29.908	
20376	1568.1	29.871	29.928	29.908	
20377	1568.2	29.871	29.928	29.908	
20378	1568.3	29.872	29.928	29.908	
20379	1568.4	29.872	29.928	29.908	
20380	1568.5	29.872	29.929	29.908	
20381	1568.6	29.872	29.929	29.908	
20382	1568.7	29.872	29.929	29.908	
20383	1568.8	29.872	29.929	29.909	
20384	1568.9	29.872	29.929	29.909	
20385	1569.	29.872	29.929	29.909	
20386	1569.	29.872	29.929	29.909	
20387	1569.	29.872	29.929	29.909	
20388	1569.	29.872	29.929	29.909	
20389	1569.1	29.872	29.929	29.909	
20390	1569.2	29.873	29.929	29.909	
20391	1569.3	29.873	29.929	29.909	
20392	1569.4	29.873	29.93	29.909	
20393	1569.5	29.873	29.93	29.909	
20394	1569.6	29.873	29.93	29.91	
20395	1569.7	29.873	29.93	29.91	
20396	1569.8	29.873	29.93	29.91	
20397	1569.9	29.873	29.93	29.91	
20398	1570.	29.873	29.93	29.91	
20399	1570.	29.873	29.93	29.91	
20400	1570.	29.873	29.93	29.91	
20401	1570.	29.873	29.93	29.91	
20402	1570.1	29.874	29.93	29.91	
20403	1570.2	29.874	29.931	29.91	
20404	1570.3	29.874	29.931	29.91	
20405	1570.4	29.874	29.931	29.91	
20406	1570.5	29.874	29.931	29.911	
20407	1570.6	29.874	29.931	29.911	
20408	1570.7	29.874	29.931	29.911	
20409	1570.8	29.874	29.931	29.911	
20410	1570.9	29.875	29.931	29.911	
20411	1571.	29.875	29.931	29.911	
20412	1571.	29.875	29.931	29.911	
20413	1571.	29.875	29.931	29.911	
20414	1571.	29.875	29.931	29.911	
20415	1571.1	29.875	29.932	29.911	
20416	1571.2	29.875	29.932	29.911	
20417	1571.3	29.875	29.932	29.911	
20418	1571.4	29.875	29.932	29.912	
20419	1571.5	29.875	29.932	29.912	
20420	1571.6	29.875	29.932	29.912	
20421	1571.7	29.875	29.932	29.912	
20422	1571.8	29.876	29.932	29.912	
20423	1571.9	29.876	29.932	29.912	
20424	1572.	29.876	29.933	29.912	
20425	1572.	29.876	29.933	29.912	
20426	1572.	29.876	29.933	29.912	
20427	1572.	29.876	29.933	29.912	
20428	1572.1	29.876	29.933	29.912	
20429	1572.2	29.876	29.933	29.913	
20430	1572.3	29.876	29.933	29.913	
20431	1572.4	29.876	29.933	29.913	
20432	1572.5	29.876	29.933	29.913	
20433	1572.6	29.876	29.933	29.913	
20434	1572.7	29.877	29.933	29.913	
20435	1572.8	29.877	29.934	29.913	
20436	1572.9	29.877	29.934	29.913	
20437	1573.	29.877	29.934	29.913	
20438	1573.	29.877	29.934	29.913	
20439	1573.	29.877	29.934	29.913	
20440	1573.	29.877	29.934	29.913	
20441	1573.1	29.877	29.934	29.914	
20442	1573.2	29.877	29.934	29.914	
20443	1573.3	29.877	29.934	29.914	
20444	1573.4	29.877	29.934	29.914	
20445	1573.5	29.878	29.934	29.914	
20446	1573.6	29.878	29.934	29.914	
20447	1573.7	29.878	29.935	29.914	
20448	1573.8	29.878	29.935	29.914	
20449	1573.9	29.878	29.935	29.915	
20450	1574.	29.878	29.935	29.915	
20451	1574.	29.878	29.935	29.915	
20452	1574.	29.878	29.935	29.915	
20453	1574.	29.878	29.935	29.915	
20454	1574.1	29.878	29.935	29.915	
20455	1574.2	29.878	29.935	29.915	
20456	1574.3	29.878	29.935	29.915	
20457	1574.4	29.879	29.935	29.915	
20458	1574.5	29.879	29.936	29.915	
20459	1574.6	29.879	29.936	29.915	
20460	1574.7	29.879	29.936	29.915	
20461	1574.8	29.879	29.936	29.916	
20462	1574.9	29.879	29.936	29.916	
20463	1575.	29.879	29.936	29.916	
20464	1575.	29.879	29.936	29.916	
20465	1575.	29.879	29.936	29.916	
20466	1575.	29.879	29.936	29.916	
20467	1575.1	29.879	29.936	29.916	
20468	1575.2	29.879	29.936	29.916	
20469	1575.3	29.88	29.936	29.916	
20470	1575.4	29.88	29.937	29.916	
20471	1575.5	29.88	29.937	29.916	
20472	1575.6	29.88	29.937	29.916	
20473	1575.7	29.88	29.937	29.917	
20474	1575.8	29.88	29.937	29.917	
20475	1575.9	29.88	29.937	29.917	
20476	1576.	29.88	29.937	29.917	
20477	1576.	29.88	29.937	29.917	
20478	1576.	29.88	29.937	29.917	
20479	1576.	29.88	29.937	29.917	
20480	1576.1	29.881	29.937	29.917	
20481	1576.2	29.881	29.937	29.917	
20482	1576.3	29.881	29.938	29.917	
20483	1576.4	29.881	29.938	29.917	
20484	1576.5	29.881	29.938	29.918	
20485	1576.6	29.881	29.938	29.918	
20486	1576.7	29.881	29.938	29.918	
20487	1576.8	29.881	29.938	29.918	
20488	1576.9	29.881	29.938	29.918	
20489	1577.	29.881	29.938	29.918	
20490	1577.	29.882	29.938	29.918	
20491	1577.	29.882	29.938	29.918	
20492	1577.	29.882	29.938	29.918	
20493	1577.1	29.882	29.939	29.918	
20494	1577.2	29.882	29.939	29.918	
20495	1577.3	29.882	29.939	29.918	
20496	1577.4	29.882	29.939	29.919	
20497	1577.5	29.882	29.939	29.919	
20498	1577.6	29.882	29.939	29.919	
20499	1577.7	29.882	29.939	29.919	
20500	1577.8	29.882	29.939	29.919	
20501	1577.9	29.883	29.939	29.919	
20502	1578.	29.883	29.94	29.919	
20503	1578.	29.883	29.94	29.919	
20504	1578.	29.883	29.94	29.919	
20505	1578.	29.883	29.94	29.919	
20506	1578.1	29.883	29.94	29.919	
20507	1578.2	29.883	29.94	29.92	
20508	1578.3	29.883	29.94	29.92	
20509	1578.4	29.883	29.94	29.92	
20510	1578.5	29.883	29.94	29.92	
20511	1578.6	29.883	29.94	29.92	
20512	1578.7	29.884	29.94	29.92	
20513	1578.8	29.884	29.941	29.92	
20514	1578.9	29.884	29.941	29.92	
20515	1579.	29.884	29.941	29.92	
20516	1579.	29.884	29.941	29.92	
20517	1579.	29.884	29.941	29.92	
20518	1579.	29.884	29.941	29.92	
20519	1579.1	29.884	29.941	29.921	
20520	1579.2	29.884	29.941	29.921	
20521	1579.3	29.884	29.941	29.921	
20522	1579.4	29.884	29.941	29.921	
20523	1579.5	29.884	29.941	29.921	
20524	1579.6	29.885	29.941	29.921	
20525	1579.7	29.885	29.942	29.921	
20526	1579.8	29.885	29.942	29.921	
20527	1579.9	29.885	29.942	29.921	
20528	1580.	29.885	29.942	29.922	
20529	1580.	29.885	29.942	29.922	
20530	1580.	29.885	29.942	29.922	
20531	1580.	29.885	29.942	29.922	
20532	1580.1	29.885	29.942	29.922	
20533	1580.2	29.885	29.942	29.922	
20534	1580.3	29.885	29.942	29.922	
20535	1580.4	29.885	29.942	29.922	
20536	1580.5	29.886	29.943	29.922	
20537	1580.6	29.886	29.943	29.922	
20538	1580.7	29.886	29.943	29.922	
20539	1580.8	29.886	29.943	29.923	
20540	1580.9	29.886	29.943	29.923	
20541	1581.	29.886	29.943	29.923	
20542	1581.	29.886	29.943	29.923	
20543	1581.	29.886	29.943	29.923	
20544	1581.	29.886	29.943	29.923	
20545	1581.1	29.886	29.943	29.923	
20546	1581.2	29.886	29.943	29.923	
20547	1581.3	29.887	29.943	29.923	
20548	1581.4	29.887	29.944	29.923	
20549	1581.5	29.887	29.944	29.923	
20550	1581.6	29.887	29.944	29.923	
20551	1581.7	29.887	29.944	29.924	
20552	1581.8	29.887	29.944	29.924	
20553	1581.9	29.887	29.944	29.924	
20554	1582.	29.887	29.944	29.924	
20555	1582.	29.887	29.944	29.924	
20556	1582.	29.887	29.944	29.924	
20557	1582.	29.887	29.944	29.924	
20558	1582.1	29.887	29.944	29.924	
20559	1582.2	29.888	29.944	29.924	
20560	1582.3	29.888	29.945	29.924	
20561	1582.4	29.888	29.945	29.924	
20562	1582.5	29.888	29.945	29.925	
20563	1582.6	29.888	29.945	29.925	
20564	1582.7	29.888	29.945	29.925	
20565	1582.8	29.888	29.945	29.925	
20566	1582.9	29.888	29.945	29.925	
20567	1583.	29.888	29.945	29.925	
20568	1583.	29.888	29.945	29.925	
20569	1583.	29.888	29.945	29.925	
20570	1583.	29.888	29.945	29.925	
20571	1583.1	29.889	29.946	29.925	
20572	1583.2	29.889	29.946	29.925	
20573	1583.3	29.889	29.946	29.925	
20574	1583.4	29.889	29.946	29.926	
20575	1583.5	29.889	29.946	29.926	
20576	1583.6	29.889	29.946	29.926	
20577	1583.7	29.889	29.946	29.926	
20578	1583.8	29.889	29.946	29.926	
20579	1583.9	29.89	29.946	29.926	
20580	1584.	29.89	29.947	29.926	
20581	1584.	29.89	29.947	29.926	
20582	1584.	29.89	29.947	29.926	
20583	1584.	29.89	29.947	29.926	
20584	1584.1	29.89	29.947	29.926	
20585	1584.2	29.89	29.947	29.926	
20586	1584.3	29.89	29.947	29.927	
20587	1584.4	29.89	29.947	29.927	
20588	1584.5	29.89	29.947	29.927	
20589	1584.6	29.89	29.947	29.927	
20590	1584.7	29.89	29.947	29.927	
20591	1584.8	29.891	29.948	29.927	
20592	1584.9	29.891	29.948	29.927	
20593	1585.	29.891	29.948	29.927	
20594	1585.	29.891	29.948	29.927	
20595	1585.	29.891	29.948	29.927	
20596	1585.	29.891	29.948	29.927	
20597	1585.1	29.891	29.948	29.928	
20598	1585.2	29.891	29.948	29.928	
20599	1585.3	29.891	29.948	29.928	
20600	1585.4	29.891	29.948	29.928	
20601	1585.5	29.891	29.948	29.928	
20602	1585.6	29.891	29.948	29.928	
20603	1585.7	29.892	29.949	29.928	
20604	1585.8	29.892	29.949	29.928	
20605	1585.9	29.892	29.949	29.928	
20606	1586.	29.892	29.949	29.929	
20607	1586.	29.892	29.949	29.929	
20608	1586.	29.892	29.949	29.929	
20609	1586.	29.892	29.949	29.929	
20610	1586.1	29.892	29.949	29.929	
20611	1586.2	29.892	29.949	29.929	
20612	1586.3	29.892	29.949	29.929	
20613	1586.4	29.892	29.949	29.929	
20614	1586.5	29.893	29.949	29.929	
20615	1586.6	29.893	29.95	29.929	
20616	1586.7	29.893	29.95	29.929	
20617	1586.8	29.893	29.95	29.929	
20618	1586.9	29.893	29.95	29.93	
20619	1587.	29.893	29.95	29.93	
20620	1587.	29.893	29.95	29.93	
20621	1587.	29.893	29.95	29.93	
20622	1587.	29.893	29.95	29.93	
20623	1587.1	29.893	29.95	29.93	
20624	1587.2	29.893	29.95	29.93	
20625	1587.3	29.893	29.95	29.93	
20626	1587.4	29.894	29.951	29.93	
20627	1587.5	29.894	29.951	29.93	
20628	1587.6	29.894	29.951	29.93	
20629	1587.7	29.894	29.951	29.931	
20630	1587.8	29.894	29.951	29.931	
20631	1587.9	29.894	29.951	29.931	
20632	1588.	29.894	29.951	29.931	
20633	1588.	29.894	29.951	29.931	
20634	1588.	29.894	29.951	29.931	
20635	1588.	29.894	29.951	29.931	
20636	1588.1	29.894	29.951	29.931	
20637	1588.2	29.894	29.951	29.931	
20638	1588.3	29.895	29.952	29.931	
20639	1588.4	29.895	29.952	29.931	
20640	1588.5	29.895	29.952	29.931	
20641	1588.6	29.895	29.952	29.932	
20642	1588.7	29.895	29.952	29.932	
20643	1588.8	29.895	29.952	29.932	
20644	1588.9	29.895	29.952	29.932	
20645	1589.	29.895	29.952	29.932	
20646	1589.	29.895	29.952	29.932	
20647	1589.	29.895	29.952	29.932	
20648	1589.	29.895	29.952	29.932	
20649	1589.1	29.896	29.953	29.932	
20650	1589.2	29.896	29.953	29.932	
20651	1589.3	29.896	29.953	29.932	
20652	1589.4	29.896	29.953	29.933	
20653	1589.5	29.896	29.953	29.933	
20654	1589.6	29.896	29.953	29.933	
20655	1589.7	29.896	29.953	29.933	
20656	1589.8	29.896	29.953	29.933	
20657	1589.9	29.896	29.953	29.933	
20658	1590.	29.897	29.954	29.933	
20659	1590.	29.897	29.954	29.933	
20660	1590.	29.897	29.954	29.933	
20661	1590.	29.897	29.954	29.933	
20662	1590.1	29.897	29.954	29.933	
20663	1590.2	29.897	29.954	29.933	
20664	1590.3	29.897	29.954	29.934	
20665	1590.4	29.897	29.954	29.934	
20666	1590.5	29.897	29.954	29.934	
20667	1590.6	29.897	29.954	29.934	
20668	1590.7	29.897	29.954	29.934	
20669	1590.8	29.897	29.955	29.934	
20670	1590.9	29.898	29.955	29.934	
20671	1591.	29.898	29.955	29.934	
20672	1591.	29.898	29.955	29.934	
20673	1591.	29.898	29.955	29.934	
20674	1591.	29.898	29.955	29.934	
20675	1591.1	29.898	29.955	29.934	
20676	1591.2	29.898	29.955	29.935	
20677	1591.3	29.898	29.955	29.935	
20678	1591.4	29.898	29.955	29.935	
20679	1591.5	29.898	29.955	29.935	
20680	1591.6	29.898	29.955	29.935	
20681	1591.7	29.899	29.956	29.935	
20682	1591.8	29.899	29.956	29.935	
20683	1591.9	29.899	29.956	29.935	
20684	1592.	29.899	29.956	29.935	
20685	1592.	29.899	29.956	29.936	
20686	1592.	29.899	29.956	29.936	
20687	1592.	29.899	29.956	29.936	
20688	1592.1	29.899	29.956	29.936	
20689	1592.2	29.899	29.956	29.936	
20690	1592.3	29.899	29.956	29.936	
20691	1592.4	29.899	29.956	29.936	
20692	1592.5	29.899	29.956	29.936	
20693	1592.6	29.9	29.957	29.936	
20694	1592.7	29.9	29.957	29.936	
20695	1592.8	29.9	29.957	29.936	
20696	1592.9	29.9	29.957	29.937	
20697	1593.	29.9	29.957	29.937	
20698	1593.	29.9	29.957	29.937	
20699	1593.	29.9	29.957	29.937	
20700	1593.	29.9	29.957	29.937	
20701	1593.1	29.9	29.957	29.937	
20702	1593.2	29.9	29.957	29.937	
20703	1593.3	29.9	29.957	29.937	
20704	1593.4	29.9	29.958	29.937	
20705	1593.5	29.901	29.958	29.937	
20706	1593.6	29.901	29.958	29.937	
20707	1593.7	29.901	29.958	29.938	
20708	1593.8	29.901	29.958	29.938	
20709	1593.9	29.901	29.958	29.938	
20710	1594.	29.901	29.958	29.938	
20711	1594.	29.901	29.958	29.938	
20712	1594.	29.901	29.958	29.938	
20713	1594.	29.901	29.958	29.938	
20714	1594.1	29.901	29.958	29.938	
20715	1594.2	29.901	29.958	29.938	
20716	1594.3	29.902	29.959	29.938	
20717	1594.4	29.902	29.959	29.938	
20718	1594.5	29.902	29.959	29.938	
20719	1594.6	29.902	29.959	29.939	
20720	1594.7	29.902	29.959	29.939	
20721	1594.8	29.902	29.959	29.939	
20722	1594.9	29.902	29.959	29.939	
20723	1595.	29.902	29.959	29.939	
20724	1595.	29.902	29.959	29.939	
20725	1595.	29.902	29.959	29.939	
20726	1595.	29.902	29.959	29.939	
20727	1595.1	29.902	29.96	29.939	
20728	1595.2	29.903	29.96	29.939	
20729	1595.3	29.903	29.96	29.939	
20730	1595.4	29.903	29.96	29.939	
20731	1595.5	29.903	29.96	29.94	
20732	1595.6	29.903	29.96	29.94	
20733	1595.7	29.903	29.96	29.94	
20734	1595.8	29.903	29.96	29.94	
20735	1595.9	29.903	29.96	29.94	
20736	1596.	29.903	29.961	29.94	
20737	1596.	29.903	29.961	29.94	
20738	1596.	29.903	29.961	29.94	
20739	1596.	29.904	29.961	29.94	
20740	1596.1	29.904	29.961	29.94	
20741	1596.2	29.904	29.961	29.94	
20742	1596.3	29.904	29.961	29.941	
20743	1596.4	29.904	29.961	29.941	
20744	1596.5	29.904	29.961	29.941	
20745	1596.6	29.904	29.961	29.941	
20746	1596.7	29.904	29.961	29.941	
20747	1596.8	29.904	29.962	29.941	
20748	1596.9	29.905	29.962	29.941	
20749	1597.	29.905	29.962	29.941	
20750	1597.	29.905	29.962	29.941	
20751	1597.	29.905	29.962	29.941	
20752	1597.	29.905	29.962	29.941	
20753	1597.1	29.905	29.962	29.941	
20754	1597.2	29.905	29.962	29.942	
20755	1597.3	29.905	29.962	29.942	
20756	1597.4	29.905	29.962	29.942	
20757	1597.5	29.905	29.962	29.942	
20758	1597.6	29.905	29.962	29.942	
20759	1597.7	29.905	29.963	29.942	
20760	1597.8	29.906	29.963	29.942	
20761	1597.9	29.906	29.963	29.942	
20762	1598.	29.906	29.963	29.942	
20763	1598.	29.906	29.963	29.942	
20764	1598.	29.906	29.963	29.942	
20765	1598.	29.906	29.963	29.943	
20766	1598.1	29.906	29.963	29.943	
20767	1598.2	29.906	29.963	29.943	
20768	1598.3	29.906	29.963	29.943	
20769	1598.4	29.906	29.963	29.943	
20770	1598.5	29.906	29.963	29.943	
20771	1598.6	29.906	29.964	29.943	
20772	1598.7	29.907	29.964	29.943	
20773	1598.8	29.907	29.964	29.943	
20774	1598.9	29.907	29.964	29.944	
20775	1599.	29.907	29.964	29.944	
20776	1599.	29.907	29.964	29.944	
20777	1599.	29.907	29.964	29.944	
20778	1599.	29.907	29.964	29.944	
20779	1599.1	29.907	29.964	29.944	
20780	1599.2	29.907	29.964	29.944	
20781	1599.3	29.907	29.964	29.944	
20782	1599.4	29.907	29.965	29.944	
20783	1599.5	29.908	29.965	29.944	
20784	1599.6	29.908	29.965	29.944	
20785	1599.7	29.908	29.965	29.944	
20786	1599.8	29.908	29.965	29.945	
20787	1599.9	29.908	29.965	29.945	
20788	1600.	29.908	29.965	29.945	
20789	1600.	29.908	29.965	29.945	
20790	1600.	29.908	29.965	29.945	
20791	1600.	29.908	29.965	29.945	
20792	1600.1	29.908	29.965	29.945	
20793	1600.2	29.908	29.965	29.945	
20794	1600.3	29.908	29.966	29.945	
20795	1600.4	29.909	29.966	29.945	
20796	1600.5	29.909	29.966	29.945	
20797	1600.6	29.909	29.966	29.946	
20798	1600.7	29.909	29.966	29.946	
20799	1600.8	29.909	29.966	29.946	
20800	1600.9	29.909	29.966	29.946	
20801	1601.	29.909	29.966	29.946	
20802	1601.	29.909	29.966	29.946	
20803	1601.	29.909	29.966	29.946	
20804	1601.	29.909	29.966	29.946	
20805	1601.1	29.909	29.967	29.946	
20806	1601.2	29.91	29.967	29.946	
20807	1601.3	29.91	29.967	29.946	
20808	1601.4	29.91	29.967	29.946	
20809	1601.5	29.91	29.967	29.947	
20810	1601.6	29.91	29.967	29.947	
20811	1601.7	29.91	29.967	29.947	
20812	1601.8	29.91	29.967	29.947	
20813	1601.9	29.91	29.967	29.947	
20814	1602.	29.91	29.968	29.947	
20815	1602.	29.91	29.968	29.947	
20816	1602.	29.91	29.968	29.947	
20817	1602.	29.91	29.968	29.947	
20818	1602.1	29.911	29.968	29.947	
20819	1602.2	29.911	29.968	29.947	
20820	1602.3	29.911	29.968	29.948	
20821	1602.4	29.911	29.968	29.948	
20822	1602.5	29.911	29.968	29.948	
20823	1602.6	29.911	29.968	29.948	
20824	1602.7	29.911	29.968	29.948	
20825	1602.8	29.911	29.969	29.948	
20826	1602.9	29.911	29.969	29.948	
20827	1603.	29.912	29.969	29.948	
20828	1603.	29.912	29.969	29.948	
20829	1603.	29.912	29.969	29.948	
20830	1603.	29.912	29.969	29.948	
20831	1603.1	29.912	29.969	29.948	
20832	1603.2	29.912	29.969	29.949	
20833	1603.3	29.912	29.969	29.949	
20834	1603.4	29.912	29.969	29.949	
20835	1603.5	29.912	29.969	29.949	
20836	1603.6	29.912	29.969	29.949	
20837	1603.7	29.912	29.97	29.949	
20838	1603.8	29.913	29.97	29.949	
20839	1603.9	29.913	29.97	29.949	
20840	1604.	29.913	29.97	29.949	
20841	1604.	29.913	29.97	29.949	
20842	1604.	29.913	29.97	29.949	
20843	1604.	29.913	29.97	29.95	
20844	1604.1	29.913	29.97	29.95	
20845	1604.2	29.913	29.97	29.95	
20846	1604.3	29.913	29.97	29.95	
20847	1604.4	29.913	29.97	29.95	
20848	1604.5	29.913	29.97	29.95	
20849	1604.6	29.913	29.971	29.95	
20850	1604.7	29.914	29.971	29.95	
20851	1604.8	29.914	29.971	29.95	
20852	1604.9	29.914	29.971	29.951	
20853	1605.	29.914	29.971	29.951	
20854	1605.	29.914	29.971	29.951	
20855	1605.	29.914	29.971	29.951	
20856	1605.	29.914	29.971	29.951	
20857	1605.1	29.914	29.971	29.951	
20858	1605.2	29.914	29.971	29.951	
20859	1605.3	29.914	29.971	29.951	
20860	1605.4	29.914	29.972	29.951	
20861	1605.5	29.914	29.972	29.951	
20862	1605.6	29.915	29.972	29.951	
20863	1605.7	29.915	29.972	29.951	
20864	1605.8	29.915	29.972	29.952	
20865	1605.9	29.915	29.972	29.952	
20866	1606.	29.915	29.972	29.952	
20867	1606.	29.915	29.972	29.952	
20868	1606.	29.915	29.972	29.952	
20869	1606.	29.915	29.972	29.952	
20870	1606.1	29.915	29.972	29.952	
20871	1606.2	29.915	29.972	29.952	
20872	1606.3	29.915	29.973	29.952	
20873	1606.4	29.916	29.973	29.952	
20874	1606.5	29.916	29.973	29.952	
20875	1606.6	29.916	29.973	29.953	
20876	1606.7	29.916	29.973	29.953	
20877	1606.8	29.916	29.973	29.953	
20878	1606.9	29.916	29.973	29.953	
20879	1607.	29.916	29.973	29.953	
20880	1607.	29.916	29.973	29.953	
20881	1607.	29.916	29.973	29.953	
20882	1607.	29.916	29.973	29.953	
20883	1607.1	29.916	29.974	29.953	
20884	1607.2	29.916	29.974	29.953	
20885	1607.3	29.917	29.974	29.953	
20886	1607.4	29.917	29.974	29.953	
20887	1607.5	29.917	29.974	29.954	
20888	1607.6	29.917	29.974	29.954	
20889	1607.7	29.917	29.974	29.954	
20890	1607.8	29.917	29.974	29.954	
20891	1607.9	29.917	29.974	29.954	
20892	1608.	29.917	29.975	29.954	
20893	1608.	29.917	29.975	29.954	
20894	1608.	29.917	29.975	29.954	
20895	1608.	29.917	29.975	29.954	
20896	1608.1	29.917	29.975	29.954	
20897	1608.2	29.918	29.975	29.954	
20898	1608.3	29.918	29.975	29.955	
20899	1608.4	29.918	29.975	29.955	
20900	1608.5	29.918	29.975	29.955	
20901	1608.6	29.918	29.975	29.955	
20902	1608.7	29.918	29.975	29.955	
20903	1608.8	29.918	29.976	29.955	
20904	1608.9	29.918	29.976	29.955	
20905	1609.	29.918	29.976	29.955	
20906	1609.	29.918	29.976	29.955	
20907	1609.	29.919	29.976	29.955	
20908	1609.	29.919	29.976	29.955	
20909	1609.1	29.919	29.976	29.955	
20910	1609.2	29.919	29.976	29.956	
20911	1609.3	29.919	29.976	29.956	
20912	1609.4	29.919	29.976	29.956	
20913	1609.5	29.919	29.976	29.956	
20914	1609.6	29.919	29.976	29.956	
20915	1609.7	29.919	29.977	29.956	
20916	1609.8	29.919	29.977	29.956	
20917	1609.9	29.92	29.977	29.956	
20918	1610.	29.92	29.977	29.956	
20919	1610.	29.92	29.977	29.956	
20920	1610.	29.92	29.977	29.956	
20921	1610.	29.92	29.977	29.956	
20922	1610.1	29.92	29.977	29.957	
20923	1610.2	29.92	29.977	29.957	
20924	1610.3	29.92	29.977	29.957	
20925	1610.4	29.92	29.977	29.957	
20926	1610.5	29.92	29.978	29.957	
20927	1610.6	29.92	29.978	29.957	
20928	1610.7	29.92	29.978	29.957	
20929	1610.8	29.921	29.978	29.957	
20930	1610.9	29.921	29.978	29.958	
20931	1611.	29.921	29.978	29.958	
20932	1611.	29.921	29.978	29.958	
20933	1611.	29.921	29.978	29.958	
20934	1611.	29.921	29.978	29.958	
20935	1611.1	29.921	29.978	29.958	
20936	1611.2	29.921	29.978	29.958	
20937	1611.3	29.921	29.978	29.958	
20938	1611.4	29.921	29.979	29.958	
20939	1611.5	29.921	29.979	29.958	
20940	1611.6	29.922	29.979	29.958	
20941	1611.7	29.922	29.979	29.958	
20942	1611.8	29.922	29.979	29.959	
20943	1611.9	29.922	29.979	29.959	
20944	1612.	29.922	29.979	29.959	
20945	1612.	29.922	29.979	29.959	
20946	1612.	29.922	29.979	29.959	
20947	1612.	29.922	29.979	29.959	
20948	1612.1	29.922	29.979	29.959	
20949	1612.2	29.922	29.979	29.959	
20950	1612.3	29.922	29.98	29.959	
20951	1612.4	29.922	29.98	29.959	
20952	1612.5	29.923	29.98	29.959	
20953	1612.6	29.923	29.98	29.96	
20954	1612.7	29.923	29.98	29.96	
20955	1612.8	29.923	29.98	29.96	
20956	1612.9	29.923	29.98	29.96	
20957	1613.	29.923	29.98	29.96	
20958	1613.	29.923	29.98	29.96	
20959	1613.	29.923	29.98	29.96	
20960	1613.	29.923	29.98	29.96	
20961	1613.1	29.923	29.981	29.96	
20962	1613.2	29.923	29.981	29.96	
20963	1613.3	29.924	29.981	29.96	
20964	1613.4	29.924	29.981	29.96	
20965	1613.5	29.924	29.981	29.961	
20966	1613.6	29.924	29.981	29.961	
20967	1613.7	29.924	29.981	29.961	
20968	1613.8	29.924	29.981	29.961	
20969	1613.9	29.924	29.981	29.961	
20970	1614.	29.924	29.982	29.961	
20971	1614.	29.924	29.982	29.961	
20972	1614.	29.924	29.982	29.961	
20973	1614.	29.924	29.982	29.961	
20974	1614.1	29.924	29.982	29.961	
20975	1614.2	29.925	29.982	29.961	
20976	1614.3	29.925	29.982	29.961	
20977	1614.4	29.925	29.982	29.962	
20978	1614.5	29.925	29.982	29.962	
20979	1614.6	29.925	29.982	29.962	
20980	1614.7	29.925	29.982	29.962	
20981	1614.8	29.925	29.983	29.962	
20982	1614.9	29.925	29.983	29.962	
20983	1615.	29.925	29.983	29.962	
20984	1615.	29.925	29.983	29.962	
20985	1615.	29.925	29.983	29.962	
20986	1615.	29.925	29.983	29.962	
20987	1615.1	29.926	29.983	29.962	
20988	1615.2	29.926	29.983	29.963	
20989	1615.3	29.926	29.983	29.963	
20990	1615.4	29.926	29.983	29.963	
20991	1615.5	29.926	29.983	29.963	
20992	1615.6	29.926	29.983	29.963	
20993	1615.7	29.926	29.984	29.963	
20994	1615.8	29.926	29.984	29.963	
20995	1615.9	29.927	29.984	29.963	
20996	1616.	29.927	29.984	29.963	
20997	1616.	29.927	29.984	29.963	
20998	1616.	29.927	29.984	29.963	
20999	1616.	29.927	29.984	29.963	
21000	1616.1	29.927	29.984	29.964	
21001	1616.2	29.927	29.984	29.964	
21002	1616.3	29.927	29.984	29.964	
21003	1616.4	29.927	29.984	29.964	
21004	1616.5	29.927	29.985	29.964	
21005	1616.6	29.927	29.985	29.964	
21006	1616.7	29.927	29.985	29.964	
21007	1616.8	29.928	29.985	29.964	
21008	1616.9	29.928	29.985	29.965	
21009	1617.	29.928	29.985	29.965	
21010	1617.	29.928	29.985	29.965	
21011	1617.	29.928	29.985	29.965	
21012	1617.	29.928	29.985	29.965	
21013	1617.1	29.928	29.985	29.965	
21014	1617.2	29.928	29.985	29.965	
21015	1617.3	29.928	29.985	29.965	
21016	1617.4	29.928	29.986	29.965	
21017	1617.5	29.928	29.986	29.965	
21018	1617.6	29.928	29.986	29.965	
21019	1617.7	29.929	29.986	29.965	
21020	1617.8	29.929	29.986	29.966	
21021	1617.9	29.929	29.986	29.966	
21022	1618.	29.929	29.986	29.966	
21023	1618.	29.929	29.986	29.966	
21024	1618.	29.929	29.986	29.966	
21025	1618.	29.929	29.986	29.966	
21026	1618.1	29.929	29.986	29.966	
21027	1618.2	29.929	29.987	29.966	
21028	1618.3	29.929	29.987	29.966	
21029	1618.4	29.929	29.987	29.966	
21030	1618.5	29.93	29.987	29.966	
21031	1618.6	29.93	29.987	29.967	
21032	1618.7	29.93	29.987	29.967	
21033	1618.8	29.93	29.987	29.967	
21034	1618.9	29.93	29.987	29.967	
21035	1619.	29.93	29.987	29.967	
21036	1619.	29.93	29.987	29.967	
21037	1619.	29.93	29.987	29.967	
21038	1619.	29.93	29.987	29.967	
21039	1619.1	29.93	29.988	29.967	
21040	1619.2	29.93	29.988	29.967	
21041	1619.3	29.93	29.988	29.967	
21042	1619.4	29.931	29.988	29.967	
21043	1619.5	29.931	29.988	29.968	
21044	1619.6	29.931	29.988	29.968	
21045	1619.7	29.931	29.988	29.968	
21046	1619.8	29.931	29.988	29.968	
21047	1619.9	29.931	29.988	29.968	
21048	1620.	29.931	29.989	29.968	
21049	1620.	29.931	29.989	29.968	
21050	1620.	29.931	29.989	29.968	
21051	1620.	29.931	29.989	29.968	
21052	1620.1	29.931	29.989	29.968	
21053	1620.2	29.931	29.989	29.968	
21054	1620.3	29.932	29.989	29.968	
21055	1620.4	29.932	29.989	29.969	
21056	1620.5	29.932	29.989	29.969	
21057	1620.6	29.932	29.989	29.969	
21058	1620.7	29.932	29.989	29.969	
21059	1620.8	29.932	29.99	29.969	
21060	1620.9	29.932	29.99	29.969	
21061	1621.	29.932	29.99	29.969	
21062	1621.	29.932	29.99	29.969	
21063	1621.	29.932	29.99	29.969	
21064	1621.	29.932	29.99	29.969	
21065	1621.1	29.933	29.99	29.969	
21066	1621.2	29.933	29.99	29.97	
21067	1621.3	29.933	29.99	29.97	
21068	1621.4	29.933	29.99	29.97	
21069	1621.5	29.933	29.99	29.97	
21070	1621.6	29.933	29.99	29.97	
21071	1621.7	29.933	29.991	29.97	
21072	1621.8	29.933	29.991	29.97	
21073	1621.9	29.933	29.991	29.97	
21074	1622.	29.934	29.991	29.97	
21075	1622.	29.934	29.991	29.97	
21076	1622.	29.934	29.991	29.97	
21077	1622.	29.934	29.991	29.97	
21078	1622.1	29.934	29.991	29.971	
21079	1622.2	29.934	29.991	29.971	
21080	1622.3	29.934	29.991	29.971	
21081	1622.4	29.934	29.991	29.971	
21082	1622.5	29.934	29.992	29.971	
21083	1622.6	29.934	29.992	29.971	
21084	1622.7	29.934	29.992	29.971	
21085	1622.8	29.935	29.992	29.971	
21086	1622.9	29.935	29.992	29.972	
21087	1623.	29.935	29.992	29.972	
21088	1623.	29.935	29.992	29.972	
21089	1623.	29.935	29.992	29.972	
21090	1623.	29.935	29.992	29.972	
21091	1623.1	29.935	29.992	29.972	
21092	1623.2	29.935	29.992	29.972	
21093	1623.3	29.935	29.992	29.972	
21094	1623.4	29.935	29.993	29.972	
21095	1623.5	29.935	29.993	29.972	
21096	1623.6	29.935	29.993	29.972	
21097	1623.7	29.936	29.993	29.972	
21098	1623.8	29.936	29.993	29.973	
21099	1623.9	29.936	29.993	29.973	
21100	1624.	29.936	29.993	29.973	
21101	1624.	29.936	29.993	29.973	
21102	1624.	29.936	29.993	29.973	
21103	1624.	29.936	29.993	29.973	
21104	1624.1	29.936	29.993	29.973	
21105	1624.2	29.936	29.994	29.973	
21106	1624.3	29.936	29.994	29.973	
21107	1624.4	29.936	29.994	29.973	
21108	1624.5	29.936	29.994	29.973	
21109	1624.6	29.937	29.994	29.973	
21110	1624.7	29.937	29.994	29.974	
21111	1624.8	29.937	29.994	29.974	
21112	1624.9	29.937	29.994	29.974	
21113	1625.	29.937	29.994	29.974	
21114	1625.	29.937	29.994	29.974	
21115	1625.	29.937	29.994	29.974	
21116	1625.	29.937	29.994	29.974	
21117	1625.1	29.937	29.995	29.974	
21118	1625.2	29.937	29.995	29.974	
21119	1625.3	29.937	29.995	29.974	
21120	1625.4	29.938	29.995	29.974	
21121	1625.5	29.938	29.995	29.975	
21122	1625.6	29.938	29.995	29.975	
21123	1625.7	29.938	29.995	29.975	
21124	1625.8	29.938	29.995	29.975	
21125	1625.9	29.938	29.996	29.975	
21126	1626.	29.938	29.996	29.975	
21127	1626.	29.938	29.996	29.975	
21128	1626.	29.938	29.996	29.975	
21129	1626.	29.938	29.996	29.975	
21130	1626.1	29.938	29.996	29.975	
21131	1626.2	29.938	29.996	29.975	
21132	1626.3	29.939	29.996	29.975	
21133	1626.4	29.939	29.996	29.976	
21134	1626.5	29.939	29.996	29.976	
21135	1626.6	29.939	29.996	29.976	
21136	1626.7	29.939	29.996	29.976	
21137	1626.8	29.939	29.997	29.976	
21138	1626.9	29.939	29.997	29.976	
21139	1627.	29.939	29.997	29.976	
21140	1627.	29.939	29.997	29.976	
21141	1627.	29.939	29.997	29.976	
21142	1627.	29.939	29.997	29.976	
21143	1627.1	29.939	29.997	29.976	
21144	1627.2	29.94	29.997	29.977	
21145	1627.3	29.94	29.997	29.977	
21146	1627.4	29.94	29.997	29.977	
21147	1627.5	29.94	29.997	29.977	
21148	1627.6	29.94	29.997	29.977	
21149	1627.7	29.94	29.998	29.977	
21150	1627.8	29.94	29.998	29.977	
21151	1627.9	29.94	29.998	29.977	
21152	1628.	29.94	29.998	29.977	
21153	1628.	29.94	29.998	29.977	
21154	1628.	29.941	29.998	29.977	
21155	1628.	29.941	29.998	29.977	
21156	1628.1	29.941	29.998	29.978	
21157	1628.2	29.941	29.998	29.978	
21158	1628.3	29.941	29.998	29.978	
21159	1628.4	29.941	29.998	29.978	
21160	1628.5	29.941	29.999	29.978	
21161	1628.6	29.941	29.999	29.978	
21162	1628.7	29.941	29.999	29.978	
21163	1628.8	29.941	29.999	29.978	
21164	1628.9	29.942	29.999	29.979	
21165	1629.	29.942	29.999	29.979	
21166	1629.	29.942	29.999	29.979	
21167	1629.	29.942	29.999	29.979	
21168	1629.	29.942	29.999	29.979	
21169	1629.1	29.942	29.999	29.979	
21170	1629.2	29.942	29.999	29.979	
21171	1629.3	29.942	29.999	29.979	
21172	1629.4	29.942	30.	29.979	
21173	1629.5	29.942	30.	29.979	
21174	1629.6	29.942	30.	29.979	
21175	1629.7	29.942	30.	29.979	
21176	1629.8	29.943	30.	29.98	
21177	1629.9	29.943	30.	29.98	
21178	1630.	29.943	30.	29.98	
21179	1630.	29.943	30.	29.98	
21180	1630.	29.943	30.	29.98	
21181	1630.	29.943	30.	29.98	
21182	1630.1	29.943	30.	29.98	
21183	1630.2	29.943	30.001	29.98	
21184	1630.3	29.943	30.001	29.98	
21185	1630.4	29.943	30.001	29.98	
21186	1630.5	29.943	30.001	29.98	
21187	1630.6	29.944	30.001	29.98	
21188	1630.7	29.944	30.001	29.981	
21189	1630.8	29.944	30.001	29.981	
21190	1630.9	29.944	30.001	29.981	
21191	1631.	29.944	30.001	29.981	
21192	1631.	29.944	30.001	29.981	
21193	1631.	29.944	30.001	29.981	
21194	1631.	29.944	30.001	29.981	
21195	1631.1	29.944	30.002	29.981	
21196	1631.2	29.944	30.002	29.981	
21197	1631.3	29.944	30.002	29.981	
21198	1631.4	29.944	30.002	29.981	
21199	1631.5	29.945	30.002	29.982	
21200	1631.6	29.945	30.002	29.982	
21201	1631.7	29.945	30.002	29.982	
21202	1631.8	29.945	30.002	29.982	
21203	1631.9	29.945	30.003	29.982	
21204	1632.	29.945	30.003	29.982	
21205	1632.	29.945	30.003	29.982	
21206	1632.	29.945	30.003	29.982	
21207	1632.	29.945	30.003	29.982	
21208	1632.1	29.945	30.003	29.982	
21209	1632.2	29.945	30.003	29.982	
21210	1632.3	29.946	30.003	29.982	
21211	1632.4	29.946	30.003	29.983	
21212	1632.5	29.946	30.003	29.983	
21213	1632.6	29.946	30.003	29.983	
21214	1632.7	29.946	30.003	29.983	
21215	1632.8	29.946	30.004	29.983	
21216	1632.9	29.946	30.004	29.983	
21217	1633.	29.946	30.004	29.983	
21218	1633.	29.946	30.004	29.983	
21219	1633.	29.946	30.004	29.983	
21220	1633.	29.946	30.004	29.983	
21221	1633.1	29.946	30.004	29.983	
21222	1633.2	29.947	30.004	29.984	
21223	1633.3	29.947	30.004	29.984	
21224	1633.4	29.947	30.004	29.984	
21225	1633.5	29.947	30.004	29.984	
21226	1633.6	29.947	30.005	29.984	
21227	1633.7	29.947	30.005	29.984	
21228	1633.8	29.947	30.005	29.984	
21229	1633.9	29.947	30.005	29.984	
21230	1634.	29.947	30.005	29.984	
21231	1634.	29.947	30.005	29.984	
21232	1634.	29.947	30.005	29.984	
21233	1634.	29.947	30.005	29.984	
21234	1634.1	29.948	30.005	29.985	
21235	1634.2	29.948	30.005	29.985	
21236	1634.3	29.948	30.005	29.985	
21237	1634.4	29.948	30.005	29.985	
21238	1634.5	29.948	30.006	29.985	
21239	1634.6	29.948	30.006	29.985	
21240	1634.7	29.948	30.006	29.985	
21241	1634.8	29.948	30.006	29.985	
21242	1634.9	29.949	30.006	29.986	
21243	1635.	29.949	30.006	29.986	
21244	1635.	29.949	30.006	29.986	
21245	1635.	29.949	30.006	29.986	
21246	1635.	29.949	30.006	29.986	
21247	1635.1	29.949	30.006	29.986	
21248	1635.2	29.949	30.006	29.986	
21249	1635.3	29.949	30.007	29.986	
21250	1635.4	29.949	30.007	29.986	
21251	1635.5	29.949	30.007	29.986	
21252	1635.6	29.949	30.007	29.986	
21253	1635.7	29.949	30.007	29.986	
21254	1635.8	29.95	30.007	29.987	
21255	1635.9	29.95	30.007	29.987	
21256	1636.	29.95	30.007	29.987	
21257	1636.	29.95	30.007	29.987	
21258	1636.	29.95	30.007	29.987	
21259	1636.	29.95	30.007	29.987	
21260	1636.1	29.95	30.007	29.987	
21261	1636.2	29.95	30.008	29.987	
21262	1636.3	29.95	30.008	29.987	
21263	1636.4	29.95	30.008	29.987	
21264	1636.5	29.95	30.008	29.987	
21265	1636.6	29.951	30.008	29.987	
21266	1636.7	29.951	30.008	29.988	
21267	1636.8	29.951	30.008	29.988	
21268	1636.9	29.951	30.008	29.988	
21269	1637.	29.951	30.008	29.988	
21270	1637.	29.951	30.008	29.988	
21271	1637.	29.951	30.008	29.988	
21272	1637.	29.951	30.009	29.988	
21273	1637.1	29.951	30.009	29.988	
21274	1637.2	29.951	30.009	29.988	
21275	1637.3	29.951	30.009	29.988	
21276	1637.4	29.951	30.009	29.988	
21277	1637.5	29.952	30.009	29.989	
21278	1637.6	29.952	30.009	29.989	
21279	1637.7	29.952	30.009	29.989	
21280	1637.8	29.952	30.009	29.989	
21281	1637.9	29.952	30.01	29.989	
21282	1638.	29.952	30.01	29.989	
21283	1638.	29.952	30.01	29.989	
21284	1638.	29.952	30.01	29.989	
21285	1638.	29.952	30.01	29.989	
21286	1638.1	29.952	30.01	29.989	
21287	1638.2	29.952	30.01	29.989	
21288	1638.3	29.952	30.01	29.989	
21289	1638.4	29.953	30.01	29.99	
21290	1638.5	29.953	30.01	29.99	
21291	1638.6	29.953	30.01	29.99	
21292	1638.7	29.953	30.01	29.99	
21293	1638.8	29.953	30.011	29.99	
21294	1638.9	29.953	30.011	29.99	
21295	1639.	29.953	30.011	29.99	
21296	1639.	29.953	30.011	29.99	
21297	1639.	29.953	30.011	29.99	
21298	1639.	29.953	30.011	29.99	
21299	1639.1	29.953	30.011	29.99	
21300	1639.2	29.954	30.011	29.991	
21301	1639.3	29.954	30.011	29.991	
21302	1639.4	29.954	30.011	29.991	
21303	1639.5	29.954	30.011	29.991	
21304	1639.6	29.954	30.012	29.991	
21305	1639.7	29.954	30.012	29.991	
21306	1639.8	29.954	30.012	29.991	
21307	1639.9	29.954	30.012	29.991	
21308	1640.	29.954	30.012	29.991	
21309	1640.	29.954	30.012	29.991	
21310	1640.	29.954	30.012	29.991	
21311	1640.	29.954	30.012	29.991	
21312	1640.1	29.955	30.012	29.992	
21313	1640.2	29.955	30.012	29.992	
21314	1640.3	29.955	30.012	29.992	
21315	1640.4	29.955	30.012	29.992	
21316	1640.5	29.955	30.013	29.992	
21317	1640.6	29.955	30.013	29.992	
21318	1640.7	29.955	30.013	29.992	
21319	1640.8	29.955	30.013	29.992	
21320	1640.9	29.955	30.013	29.993	
21321	1641.	29.956	30.013	29.993	
21322	1641.	29.956	30.013	29.993	
21323	1641.	29.956	30.013	29.993	
21324	1641.	29.956	30.013	29.993	
21325	1641.1	29.956	30.013	29.993	
21326	1641.2	29.956	30.013	29.993	
21327	1641.3	29.956	30.014	29.993	
21328	1641.4	29.956	30.014	29.993	
21329	1641.5	29.956	30.014	29.993	
21330	1641.6	29.956	30.014	29.993	
21331	1641.7	29.956	30.014	29.993	
21332	1641.8	29.957	30.014	29.994	
21333	1641.9	29.957	30.014	29.994	
21334	1642.	29.957	30.014	29.994	
21335	1642.	29.957	30.014	29.994	
21336	1642.	29.957	30.014	29.994	
21337	1642.	29.957	30.014	29.994	
21338	1642.1	29.957	30.014	29.994	
21339	1642.2	29.957	30.015	29.994	
21340	1642.3	29.957	30.015	29.994	
21341	1642.4	29.957	30.015	29.994	
21342	1642.5	29.957	30.015	29.994	
21343	1642.6	29.957	30.015	29.994	
21344	1642.7	29.958	30.015	29.995	
21345	1642.8	29.958	30.015	29.995	
21346	1642.9	29.958	30.015	29.995	
21347	1643.	29.958	30.015	29.995	
21348	1643.	29.958	30.015	29.995	
21349	1643.	29.958	30.016	29.995	
21350	1643.	29.958	30.016	29.995	
21351	1643.1	29.958	30.016	29.995	
21352	1643.2	29.958	30.016	29.995	
21353	1643.3	29.958	30.016	29.995	
21354	1643.4	29.958	30.016	29.995	
21355	1643.5	29.959	30.016	29.996	
21356	1643.6	29.959	30.016	29.996	
21357	1643.7	29.959	30.016	29.996	
21358	1643.8	29.959	30.016	29.996	
21359	1643.9	29.959	30.017	29.996	
21360	1644.	29.959	30.017	29.996	
21361	1644.	29.959	30.017	29.996	
21362	1644.	29.959	30.017	29.996	
21363	1644.	29.959	30.017	29.996	
21364	1644.1	29.959	30.017	29.996	
21365	1644.2	29.959	30.017	29.996	
21366	1644.3	29.959	30.017	29.996	
21367	1644.4	29.96	30.017	29.997	
21368	1644.5	29.96	30.017	29.997	
21369	1644.6	29.96	30.017	29.997	
21370	1644.7	29.96	30.018	29.997	
21371	1644.8	29.96	30.018	29.997	
21372	1644.9	29.96	30.018	29.997	
21373	1645.	29.96	30.018	29.997	
21374	1645.	29.96	30.018	29.997	
21375	1645.	29.96	30.018	29.997	
21376	1645.	29.96	30.018	29.997	
21377	1645.1	29.96	30.018	29.997	
21378	1645.2	29.96	30.018	29.998	
21379	1645.3	29.961	30.018	29.998	
21380	1645.4	29.961	30.018	29.998	
21381	1645.5	29.961	30.018	29.998	
21382	1645.6	29.961	30.019	29.998	
21383	1645.7	29.961	30.019	29.998	
21384	1645.8	29.961	30.019	29.998	
21385	1645.9	29.961	30.019	29.998	
21386	1646.	29.961	30.019	29.998	
21387	1646.	29.961	30.019	29.998	
21388	1646.	29.961	30.019	29.998	
21389	1646.	29.961	30.019	29.998	
21390	1646.1	29.962	30.019	29.999	
21391	1646.2	29.962	30.019	29.999	
21392	1646.3	29.962	30.019	29.999	
21393	1646.4	29.962	30.02	29.999	
21394	1646.5	29.962	30.02	29.999	
21395	1646.6	29.962	30.02	29.999	
21396	1646.7	29.962	30.02	29.999	
21397	1646.8	29.962	30.02	29.999	
21398	1646.9	29.962	30.02	30.	
21399	1647.	29.963	30.02	30.	
21400	1647.	29.963	30.02	30.	
21401	1647.	29.963	30.02	30.	
21402	1647.	29.963	30.02	30.	
21403	1647.1	29.963	30.02	30.	
21404	1647.2	29.963	30.02	30.	
21405	1647.3	29.963	30.021	30.	
21406	1647.4	29.963	30.021	30.	
21407	1647.5	29.963	30.021	30.	
21408	1647.6	29.963	30.021	30.	
21409	1647.7	29.963	30.021	30.	
21410	1647.8	29.963	30.021	30.001	
21411	1647.9	29.964	30.021	30.001	
21412	1648.	29.964	30.021	30.001	
21413	1648.	29.964	30.021	30.001	
21414	1648.	29.964	30.021	30.001	
21415	1648.	29.964	30.021	30.001	
21416	1648.1	29.964	30.022	30.001	
21417	1648.2	29.964	30.022	30.001	
21418	1648.3	29.964	30.022	30.001	
21419	1648.4	29.964	30.022	30.001	
21420	1648.5	29.964	30.022	30.001	
21421	1648.6	29.964	30.022	30.002	
21422	1648.7	29.965	30.022	30.002	
21423	1648.8	29.965	30.022	30.002	
21424	1648.9	29.965	30.022	30.002	
21425	1649.	29.965	30.023	30.002	
21426	1649.	29.965	30.023	30.002	
21427	1649.	29.965	30.023	30.002	
21428	1649.	29.965	30.023	30.002	
21429	1649.1	29.965	30.023	30.002	
21430	1649.2	29.965	30.023	30.002	
21431	1649.3	29.965	30.023	30.002	
21432	1649.4	29.965	30.023	30.002	
21433	1649.5	29.965	30.023	30.003	
21434	1649.6	29.966	30.023	30.003	
21435	1649.7	29.966	30.023	30.003	
21436	1649.8	29.966	30.023	30.003	
21437	1649.9	29.966	30.024	30.003	
21438	1650.	29.966	30.024	30.003	
21439	1650.	29.966	30.024	30.003	
21440	1650.	29.966	30.024	30.003	
21441	1650.	29.966	30.024	30.003	
21442	1650.1	29.966	30.024	30.003	
21443	1650.2	29.966	30.024	30.003	
21444	1650.3	29.966	30.024	30.003	
21445	1650.4	29.967	30.024	30.004	
21446	1650.5	29.967	30.024	30.004	
21447	1650.6	29.967	30.024	30.004	
21448	1650.7	29.967	30.025	30.004	
21449	1650.8	29.967	30.025	30.004	
21450	1650.9	29.967	30.025	30.004	
21451	1651.	29.967	30.025	30.004	
21452	1651.	29.967	30.025	30.004	
21453	1651.	29.967	30.025	30.004	
21454	1651.	29.967	30.025	30.004	
21455	1651.1	29.967	30.025	30.004	
21456	1651.2	29.967	30.025	30.005	
21457	1651.3	29.968	30.025	30.005	
21458	1651.4	29.968	30.025	30.005	
21459	1651.5	29.968	30.025	30.005	
21460	1651.6	29.968	30.026	30.005	
21461	1651.7	29.968	30.026	30.005	
21462	1651.8	29.968	30.026	30.005	
21463	1651.9	29.968	30.026	30.005	
21464	1652.	29.968	30.026	30.005	
21465	1652.	29.968	30.026	30.005	
21466	1652.	29.968	30.026	30.005	
21467	1652.	29.968	30.026	30.005	
21468	1652.1	29.968	30.026	30.006	
21469	1652.2	29.969	30.026	30.006	
21470	1652.3	29.969	30.026	30.006	
21471	1652.4	29.969	30.027	30.006	
21472	1652.5	29.969	30.027	30.006	
21473	1652.6	29.969	30.027	30.006	
21474	1652.7	29.969	30.027	30.006	
21475	1652.8	29.969	30.027	30.006	
21476	1652.9	29.969	30.027	30.007	
21477	1653.	29.969	30.027	30.007	
21478	1653.	29.969	30.027	30.007	
21479	1653.	29.97	30.027	30.007	
21480	1653.	29.97	30.027	30.007	
21481	1653.1	29.97	30.027	30.007	
21482	1653.2	29.97	30.027	30.007	
21483	1653.3	29.97	30.028	30.007	
21484	1653.4	29.97	30.028	30.007	
21485	1653.5	29.97	30.028	30.007	
21486	1653.6	29.97	30.028	30.007	
21487	1653.7	29.97	30.028	30.007	
21488	1653.8	29.97	30.028	30.008	
21489	1653.9	29.971	30.028	30.008	
21490	1654.	29.971	30.028	30.008	
21491	1654.	29.971	30.028	30.008	
21492	1654.	29.971	30.028	30.008	
21493	1654.	29.971	30.028	30.008	
21494	1654.1	29.971	30.029	30.008	
21495	1654.2	29.971	30.029	30.008	
21496	1654.3	29.971	30.029	30.008	
21497	1654.4	29.971	30.029	30.008	
21498	1654.5	29.971	30.029	30.008	
21499	1654.6	29.971	30.029	30.009	
21500	1654.7	29.972	30.029	30.009	
21501	1654.8	29.972	30.029	30.009	
21502	1654.9	29.972	30.029	30.009	
21503	1655.	29.972	30.03	30.009	
21504	1655.	29.972	30.03	30.009	
21505	1655.	29.972	30.03	30.009	
21506	1655.	29.972	30.03	30.009	
21507	1655.1	29.972	30.03	30.009	
21508	1655.2	29.972	30.03	30.009	
21509	1655.3	29.972	30.03	30.009	
21510	1655.4	29.972	30.03	30.009	
21511	1655.5	29.972	30.03	30.01	
21512	1655.6	29.973	30.03	30.01	
21513	1655.7	29.973	30.03	30.01	
21514	1655.8	29.973	30.031	30.01	
21515	1655.9	29.973	30.031	30.01	
21516	1656.	29.973	30.031	30.01	
21517	1656.	29.973	30.031	30.01	
21518	1656.	29.973	30.031	30.01	
21519	1656.	29.973	30.031	30.01	
21520	1656.1	29.973	30.031	30.01	
21521	1656.2	29.973	30.031	30.01	
21522	1656.3	29.973	30.031	30.011	
21523	1656.4	29.973	30.031	30.011	
21524	1656.5	29.974	30.031	30.011	
21525	1656.6	29.974	30.031	30.011	
21526	1656.7	29.974	30.032	30.011	
21527	1656.8	29.974	30.032	30.011	
21528	1656.9	29.974	30.032	30.011	
21529	1657.	29.974	30.032	30.011	
21530	1657.	29.974	30.032	30.011	
21531	1657.	29.974	30.032	30.011	
21532	1657.	29.974	30.032	30.011	
21533	1657.1	29.974	30.032	30.011	
21534	1657.2	29.974	30.032	30.012	
21535	1657.3	29.975	30.032	30.012	
21536	1657.4	29.975	30.032	30.012	
21537	1657.5	29.975	30.033	30.012	
21538	1657.6	29.975	30.033	30.012	
21539	1657.7	29.975	30.033	30.012	
21540	1657.8	29.975	30.033	30.012	
21541	1657.9	29.975	30.033	30.012	
21542	1658.	29.975	30.033	30.012	
21543	1658.	29.975	30.033	30.012	
21544	1658.	29.975	30.033	30.012	
21545	1658.	29.975	30.033	30.013	
21546	1658.1	29.975	30.033	30.013	
21547	1658.2	29.976	30.033	30.013	
21548	1658.3	29.976	30.033	30.013	
21549	1658.4	29.976	30.034	30.013	
21550	1658.5	29.976	30.034	30.013	
21551	1658.6	29.976	30.034	30.013	
21552	1658.7	29.976	30.034	30.013	
21553	1658.8	29.976	30.034	30.013	
21554	1658.9	29.976	30.034	30.014	
21555	1659.	29.976	30.034	30.014	
21556	1659.	29.976	30.034	30.014	
21557	1659.	29.976	30.034	30.014	
21558	1659.	29.977	30.034	30.014	
21559	1659.1	29.977	30.034	30.014	
21560	1659.2	29.977	30.035	30.014	
21561	1659.3	29.977	30.035	30.014	
21562	1659.4	29.977	30.035	30.014	
21563	1659.5	29.977	30.035	30.014	
21564	1659.6	29.977	30.035	30.014	
21565	1659.7	29.977	30.035	30.014	
21566	1659.8	29.977	30.035	30.015	
21567	1659.9	29.978	30.035	30.015	
21568	1660.	29.978	30.035	30.015	
21569	1660.	29.978	30.035	30.015	
21570	1660.	29.978	30.035	30.015	
21571	1660.	29.978	30.035	30.015	
21572	1660.1	29.978	30.036	30.015	
21573	1660.2	29.978	30.036	30.015	
21574	1660.3	29.978	30.036	30.015	
21575	1660.4	29.978	30.036	30.015	
21576	1660.5	29.978	30.036	30.015	
21577	1660.6	29.978	30.036	30.016	
21578	1660.7	29.978	30.036	30.016	
21579	1660.8	29.979	30.036	30.016	
21580	1660.9	29.979	30.037	30.016	
21581	1661.	29.979	30.037	30.016	
21582	1661.	29.979	30.037	30.016	
21583	1661.	29.979	30.037	30.016	
21584	1661.	29.979	30.037	30.016	
21585	1661.1	29.979	30.037	30.016	
21586	1661.2	29.979	30.037	30.016	
21587	1661.3	29.979	30.037	30.016	
21588	1661.4	29.979	30.037	30.016	
21589	1661.5	29.979	30.037	30.017	
21590	1661.6	29.98	30.037	30.017	
21591	1661.7	29.98	30.037	30.017	
21592	1661.8	29.98	30.038	30.017	
21593	1661.9	29.98	30.038	30.017	
21594	1662.	29.98	30.038	30.017	
21595	1662.	29.98	30.038	30.017	
21596	1662.	29.98	30.038	30.017	
21597	1662.	29.98	30.038	30.017	
21598	1662.1	29.98	30.038	30.017	
21599	1662.2	29.98	30.038	30.017	
21600	1662.3	29.98	30.038	30.018	
21601	1662.4	29.98	30.038	30.018	
21602	1662.5	29.981	30.038	30.018	
21603	1662.6	29.981	30.039	30.018	
21604	1662.7	29.981	30.039	30.018	
21605	1662.8	29.981	30.039	30.018	
21606	1662.9	29.981	30.039	30.018	
21607	1663.	29.981	30.039	30.018	
21608	1663.	29.981	30.039	30.018	
21609	1663.	29.981	30.039	30.018	
21610	1663.	29.981	30.039	30.018	
21611	1663.1	29.981	30.039	30.018	
21612	1663.2	29.981	30.039	30.019	
21613	1663.3	29.982	30.039	30.019	
21614	1663.4	29.982	30.039	30.019	
21615	1663.5	29.982	30.04	30.019	
21616	1663.6	29.982	30.04	30.019	
21617	1663.7	29.982	30.04	30.019	
21618	1663.8	29.982	30.04	30.019	
21619	1663.9	29.982	30.04	30.019	
21620	1664.	29.982	30.04	30.019	
21621	1664.	29.982	30.04	30.019	
21622	1664.	29.982	30.04	30.019	
21623	1664.	29.982	30.04	30.02	
21624	1664.1	29.982	30.04	30.02	
21625	1664.2	29.983	30.04	30.02	
21626	1664.3	29.983	30.041	30.02	
21627	1664.4	29.983	30.041	30.02	
21628	1664.5	29.983	30.041	30.02	
21629	1664.6	29.983	30.041	30.02	
21630	1664.7	29.983	30.041	30.02	
21631	1664.8	29.983	30.041	30.02	
21632	1664.9	29.983	30.041	30.021	
21633	1665.	29.983	30.041	30.021	
21634	1665.	29.983	30.041	30.021	
21635	1665.	29.983	30.041	30.021	
21636	1665.	29.983	30.041	30.021	
21637	1665.1	29.984	30.041	30.021	
21638	1665.2	29.984	30.042	30.021	
21639	1665.3	29.984	30.042	30.021	
21640	1665.4	29.984	30.042	30.021	
21641	1665.5	29.984	30.042	30.021	
21642	1665.6	29.984	30.042	30.021	
21643	1665.7	29.984	30.042	30.021	
21644	1665.8	29.984	30.042	30.022	
21645	1665.9	29.985	30.042	30.022	
21646	1666.	29.985	30.042	30.022	
21647	1666.	29.985	30.042	30.022	
21648	1666.	29.985	30.042	30.022	
21649	1666.	29.985	30.043	30.022	
21650	1666.1	29.985	30.043	30.022	
21651	1666.2	29.985	30.043	30.022	
21652	1666.3	29.985	30.043	30.022	
21653	1666.4	29.985	30.043	30.022	
21654	1666.5	29.985	30.043	30.022	
21655	1666.6	29.985	30.043	30.023	
21656	1666.7	29.985	30.043	30.023	
21657	1666.8	29.986	30.043	30.023	
21658	1666.9	29.986	30.044	30.023	
21659	1667.	29.986	30.044	30.023	
21660	1667.	29.986	30.044	30.023	
21661	1667.	29.986	30.044	30.023	
21662	1667.	29.986	30.044	30.023	
21663	1667.1	29.986	30.044	30.023	
21664	1667.2	29.986	30.044	30.023	
21665	1667.3	29.986	30.044	30.023	
21666	1667.4	29.986	30.044	30.023	
21667	1667.5	29.986	30.044	30.024	
21668	1667.6	29.987	30.044	30.024	
21669	1667.7	29.987	30.044	30.024	
21670	1667.8	29.987	30.045	30.024	
21671	1667.9	29.987	30.045	30.024	
21672	1668.	29.987	30.045	30.024	
21673	1668.	29.987	30.045	30.024	
21674	1668.	29.987	30.045	30.024	
21675	1668.	29.987	30.045	30.024	
21676	1668.1	29.987	30.045	30.024	
21677	1668.2	29.987	30.045	30.024	
21678	1668.3	29.987	30.045	30.025	
21679	1668.4	29.987	30.045	30.025	
21680	1668.5	29.988	30.045	30.025	
21681	1668.6	29.988	30.046	30.025	
21682	1668.7	29.988	30.046	30.025	
21683	1668.8	29.988	30.046	30.025	
21684	1668.9	29.988	30.046	30.025	
21685	1669.	29.988	30.046	30.025	
21686	1669.	29.988	30.046	30.025	
21687	1669.	29.988	30.046	30.025	
21688	1669.	29.988	30.046	30.025	
21689	1669.1	29.988	30.046	30.025	
21690	1669.2	29.988	30.046	30.026	
21691	1669.3	29.988	30.046	30.026	
21692	1669.4	29.989	30.046	30.026	
21693	1669.5	29.989	30.047	30.026	
21694	1669.6	29.989	30.047	30.026	
21695	1669.7	29.989	30.047	30.026	
21696	1669.8	29.989	30.047	30.026	
21697	1669.9	29.989	30.047	30.026	
21698	1670.	29.989	30.047	30.026	
21699	1670.	29.989	30.047	30.026	
21700	1670.	29.989	30.047	30.027	
21701	1670.	29.989	30.047	30.027	
21702	1670.1	29.989	30.047	30.027	
21703	1670.2	29.99	30.047	30.027	
21704	1670.3	29.99	30.048	30.027	
21705	1670.4	29.99	30.048	30.027	
21706	1670.5	29.99	30.048	30.027	
21707	1670.6	29.99	30.048	30.027	
21708	1670.7	29.99	30.048	30.027	
21709	1670.8	29.99	30.048	30.027	
21710	1670.9	29.99	30.048	30.028	
21711	1671.	29.99	30.048	30.028	
21712	1671.	29.99	30.048	30.028	
21713	1671.	29.99	30.048	30.028	
21714	1671.	29.99	30.048	30.028	
21715	1671.1	29.991	30.048	30.028	
21716	1671.2	29.991	30.049	30.028	
21717	1671.3	29.991	30.049	30.028	
21718	1671.4	29.991	30.049	30.028	
21719	1671.5	29.991	30.049	30.028	
21720	1671.6	29.991	30.049	30.028	
21721	1671.7	29.991	30.049	30.029	
21722	1671.8	29.991	30.049	30.029	
21723	1671.9	29.992	30.049	30.029	
21724	1672.	29.992	30.049	30.029	
21725	1672.	29.992	30.05	30.029	
21726	1672.	29.992	30.05	30.029	
21727	1672.	29.992	30.05	30.029	
21728	1672.1	29.992	30.05	30.029	
21729	1672.2	29.992	30.05	30.029	
21730	1672.3	29.992	30.05	30.029	
21731	1672.4	29.992	30.05	30.029	
21732	1672.5	29.992	30.05	30.029	
21733	1672.6	29.992	30.05	30.03	
21734	1672.7	29.992	30.05	30.03	
21735	1672.8	29.993	30.05	30.03	
21736	1672.9	29.993	30.051	30.03	
21737	1673.	29.993	30.051	30.03	
21738	1673.	29.993	30.051	30.03	
21739	1673.	29.993	30.051	30.03	
21740	1673.	29.993	30.051	30.03	
21741	1673.1	29.993	30.051	30.03	
21742	1673.2	29.993	30.051	30.03	
21743	1673.3	29.993	30.051	30.03	
21744	1673.4	29.993	30.051	30.031	
21745	1673.5	29.993	30.051	30.031	
21746	1673.6	29.993	30.051	30.031	
21747	1673.7	29.994	30.052	30.031	
21748	1673.8	29.994	30.052	30.031	
21749	1673.9	29.994	30.052	30.031	
21750	1674.	29.994	30.052	30.031	
21751	1674.	29.994	30.052	30.031	
21752	1674.	29.994	30.052	30.031	
21753	1674.	29.994	30.052	30.031	
21754	1674.1	29.994	30.052	30.031	
21755	1674.2	29.994	30.052	30.031	
21756	1674.3	29.994	30.052	30.032	
21757	1674.4	29.994	30.052	30.032	
21758	1674.5	29.995	30.052	30.032	
21759	1674.6	29.995	30.053	30.032	
21760	1674.7	29.995	30.053	30.032	
21761	1674.8	29.995	30.053	30.032	
21762	1674.9	29.995	30.053	30.032	
21763	1675.	29.995	30.053	30.032	
21764	1675.	29.995	30.053	30.032	
21765	1675.	29.995	30.053	30.032	
21766	1675.	29.995	30.053	30.032	
21767	1675.1	29.995	30.053	30.032	
21768	1675.2	29.995	30.053	30.033	
21769	1675.3	29.995	30.053	30.033	
21770	1675.4	29.996	30.054	30.033	
21771	1675.5	29.996	30.054	30.033	
21772	1675.6	29.996	30.054	30.033	
21773	1675.7	29.996	30.054	30.033	
21774	1675.8	29.996	30.054	30.033	
21775	1675.9	29.996	30.054	30.033	
21776	1676.	29.996	30.054	30.034	
21777	1676.	29.996	30.054	30.034	
21778	1676.	29.996	30.054	30.034	
21779	1676.	29.996	30.054	30.034	
21780	1676.1	29.996	30.054	30.034	
21781	1676.2	29.997	30.054	30.034	
21782	1676.3	29.997	30.055	30.034	
21783	1676.4	29.997	30.055	30.034	
21784	1676.5	29.997	30.055	30.034	
21785	1676.6	29.997	30.055	30.034	
21786	1676.7	29.997	30.055	30.034	
21787	1676.8	29.997	30.055	30.034	
21788	1676.9	29.997	30.055	30.035	
21789	1677.	29.997	30.055	30.035	
21790	1677.	29.997	30.055	30.035	
21791	1677.	29.997	30.055	30.035	
21792	1677.	29.997	30.055	30.035	
21793	1677.1	29.998	30.056	30.035	
21794	1677.2	29.998	30.056	30.035	
21795	1677.3	29.998	30.056	30.035	
21796	1677.4	29.998	30.056	30.035	
21797	1677.5	29.998	30.056	30.035	
21798	1677.6	29.998	30.056	30.035	
21799	1677.7	29.998	30.056	30.036	
21800	1677.8	29.998	30.056	30.036	
21801	1677.9	29.998	30.056	30.036	
21802	1678.	29.999	30.057	30.036	
21803	1678.	29.999	30.057	30.036	
21804	1678.	29.999	30.057	30.036	
21805	1678.	29.999	30.057	30.036	
21806	1678.1	29.999	30.057	30.036	
21807	1678.2	29.999	30.057	30.036	
21808	1678.3	29.999	30.057	30.036	
21809	1678.4	29.999	30.057	30.036	
21810	1678.5	29.999	30.057	30.036	
21811	1678.6	29.999	30.057	30.037	
21812	1678.7	29.999	30.057	30.037	
21813	1678.8	30.	30.058	30.037	
21814	1678.9	30.	30.058	30.037	
21815	1679.	30.	30.058	30.037	
21816	1679.	30.	30.058	30.037	
21817	1679.	30.	30.058	30.037	
21818	1679.	30.	30.058	30.037	
21819	1679.1	30.	30.058	30.037	
21820	1679.2	30.	30.058	30.037	
21821	1679.3	30.	30.058	30.037	
21822	1679.4	30.	30.058	30.038	
21823	1679.5	30.	30.058	30.038	
21824	1679.6	30.	30.058	30.038	
21825	1679.7	30.001	30.059	30.038	
21826	1679.8	30.001	30.059	30.038	
21827	1679.9	30.001	30.059	30.038	
21828	1680.	30.001	30.059	30.038	
21829	1680.	30.001	30.059	30.038	
21830	1680.	30.001	30.059	30.038	
21831	1680.	30.001	30.059	30.038	
21832	1680.1	30.001	30.059	30.038	
21833	1680.2	30.001	30.059	30.038	
21834	1680.3	30.001	30.059	30.039	
21835	1680.4	30.001	30.059	30.039	
21836	1680.5	30.002	30.06	30.039	
21837	1680.6	30.002	30.06	30.039	
21838	1680.7	30.002	30.06	30.039	
21839	1680.8	30.002	30.06	30.039	
21840	1680.9	30.002	30.06	30.039	
21841	1681.	30.002	30.06	30.039	
21842	1681.	30.002	30.06	30.039	
21843	1681.	30.002	30.06	30.039	
21844	1681.	30.002	30.06	30.039	
21845	1681.1	30.002	30.06	30.04	
21846	1681.2	30.002	30.06	30.04	
21847	1681.3	30.002	30.06	30.04	
21848	1681.4	30.003	30.061	30.04	
21849	1681.5	30.003	30.061	30.04	
21850	1681.6	30.003	30.061	30.04	
21851	1681.7	30.003	30.061	30.04	
21852	1681.8	30.003	30.061	30.04	
21853	1681.9	30.003	30.061	30.04	
21854	1682.	30.003	30.061	30.041	
21855	1682.	30.003	30.061	30.041	
21856	1682.	30.003	30.061	30.041	
21857	1682.	30.003	30.061	30.041	
21858	1682.1	30.003	30.061	30.041	
21859	1682.2	30.003	30.062	30.041	
21860	1682.3	30.004	30.062	30.041	
21861	1682.4	30.004	30.062	30.041	
21862	1682.5	30.004	30.062	30.041	
21863	1682.6	30.004	30.062	30.041	
21864	1682.7	30.004	30.062	30.041	
21865	1682.8	30.004	30.062	30.042	
21866	1682.9	30.004	30.062	30.042	
21867	1683.	30.004	30.062	30.042	
21868	1683.	30.004	30.062	30.042	
21869	1683.	30.004	30.062	30.042	
21870	1683.	30.004	30.062	30.042	
21871	1683.1	30.005	30.063	30.042	
21872	1683.2	30.005	30.063	30.042	
21873	1683.3	30.005	30.063	30.042	
21874	1683.4	30.005	30.063	30.042	
21875	1683.5	30.005	30.063	30.042	
21876	1683.6	30.005	30.063	30.042	
21877	1683.7	30.005	30.063	30.043	
21878	1683.8	30.005	30.063	30.043	
21879	1683.9	30.005	30.064	30.043	
21880	1684.	30.006	30.064	30.043	
21881	1684.	30.006	30.064	30.043	
21882	1684.	30.006	30.064	30.043	
21883	1684.	30.006	30.064	30.043	
21884	1684.1	30.006	30.064	30.043	
21885	1684.2	30.006	30.064	30.043	
21886	1684.3	30.006	30.064	30.043	
21887	1684.4	30.006	30.064	30.043	
21888	1684.5	30.006	30.064	30.044	
21889	1684.6	30.006	30.064	30.044	
21890	1684.7	30.006	30.064	30.044	
21891	1684.8	30.007	30.065	30.044	
21892	1684.9	30.007	30.065	30.044	
21893	1685.	30.007	30.065	30.044	
21894	1685.	30.007	30.065	30.044	
21895	1685.	30.007	30.065	30.044	
21896	1685.	30.007	30.065	30.044	
21897	1685.1	30.007	30.065	30.044	
21898	1685.2	30.007	30.065	30.044	
21899	1685.3	30.007	30.065	30.044	
21900	1685.4	30.007	30.065	30.045	
21901	1685.5	30.007	30.065	30.045	
21902	1685.6	30.007	30.066	30.045	
21903	1685.7	30.008	30.066	30.045	
21904	1685.8	30.008	30.066	30.045	
21905	1685.9	30.008	30.066	30.045	
21906	1686.	30.008	30.066	30.045	
21907	1686.	30.008	30.066	30.045	
21908	1686.	30.008	30.066	30.045	
21909	1686.	30.008	30.066	30.045	
21910	1686.1	30.008	30.066	30.045	
21911	1686.2	30.008	30.066	30.045	
21912	1686.3	30.008	30.066	30.046	
21913	1686.4	30.008	30.066	30.046	
21914	1686.5	30.008	30.067	30.046	
21915	1686.6	30.009	30.067	30.046	
21916	1686.7	30.009	30.067	30.046	
21917	1686.8	30.009	30.067	30.046	
21918	1686.9	30.009	30.067	30.046	
21919	1687.	30.009	30.067	30.046	
21920	1687.	30.009	30.067	30.046	
21921	1687.	30.009	30.067	30.046	
21922	1687.	30.009	30.067	30.046	
21923	1687.1	30.009	30.067	30.047	
21924	1687.2	30.009	30.067	30.047	
21925	1687.3	30.009	30.068	30.047	
21926	1687.4	30.01	30.068	30.047	
21927	1687.5	30.01	30.068	30.047	
21928	1687.6	30.01	30.068	30.047	
21929	1687.7	30.01	30.068	30.047	
21930	1687.8	30.01	30.068	30.047	
21931	1687.9	30.01	30.068	30.047	
21932	1688.	30.01	30.068	30.048	
21933	1688.	30.01	30.068	30.048	
21934	1688.	30.01	30.068	30.048	
21935	1688.	30.01	30.068	30.048	
21936	1688.1	30.01	30.068	30.048	
21937	1688.2	30.01	30.069	30.048	
21938	1688.3	30.011	30.069	30.048	
21939	1688.4	30.011	30.069	30.048	
21940	1688.5	30.011	30.069	30.048	
21941	1688.6	30.011	30.069	30.048	
21942	1688.7	30.011	30.069	30.048	
21943	1688.8	30.011	30.069	30.049	
21944	1688.9	30.011	30.069	30.049	
21945	1689.	30.011	30.069	30.049	
21946	1689.	30.011	30.069	30.049	
21947	1689.	30.011	30.069	30.049	
21948	1689.	30.011	30.07	30.049	
21949	1689.1	30.012	30.07	30.049	
21950	1689.2	30.012	30.07	30.049	
21951	1689.3	30.012	30.07	30.049	
21952	1689.4	30.012	30.07	30.049	
21953	1689.5	30.012	30.07	30.049	
21954	1689.6	30.012	30.07	30.049	
21955	1689.7	30.012	30.07	30.05	
21956	1689.8	30.012	30.07	30.05	
21957	1689.9	30.012	30.071	30.05	
21958	1690.	30.013	30.071	30.05	
21959	1690.	30.013	30.071	30.05	
21960	1690.	30.013	30.071	30.05	
21961	1690.	30.013	30.071	30.05	
21962	1690.1	30.013	30.071	30.05	
21963	1690.2	30.013	30.071	30.05	
21964	1690.3	30.013	30.071	30.05	
21965	1690.4	30.013	30.071	30.05	
21966	1690.5	30.013	30.071	30.051	
21967	1690.6	30.013	30.071	30.051	
21968	1690.7	30.013	30.072	30.051	
21969	1690.8	30.014	30.072	30.051	
21970	1690.9	30.014	30.072	30.051	
21971	1691.	30.014	30.072	30.051	
21972	1691.	30.014	30.072	30.051	
21973	1691.	30.014	30.072	30.051	
21974	1691.	30.014	30.072	30.051	
21975	1691.1	30.014	30.072	30.051	
21976	1691.2	30.014	30.072	30.051	
21977	1691.3	30.014	30.072	30.051	
21978	1691.4	30.014	30.072	30.052	
21979	1691.5	30.014	30.072	30.052	
21980	1691.6	30.014	30.073	30.052	
21981	1691.7	30.015	30.073	30.052	
21982	1691.8	30.015	30.073	30.052	
21983	1691.9	30.015	30.073	30.052	
21984	1692.	30.015	30.073	30.052	
21985	1692.	30.015	30.073	30.052	
21986	1692.	30.015	30.073	30.052	
21987	1692.	30.015	30.073	30.052	
21988	1692.1	30.015	30.073	30.052	
21989	1692.2	30.015	30.073	30.053	
21990	1692.3	30.015	30.073	30.053	
21991	1692.4	30.015	30.074	30.053	
21992	1692.5	30.015	30.074	30.053	
21993	1692.6	30.016	30.074	30.053	
21994	1692.7	30.016	30.074	30.053	
21995	1692.8	30.016	30.074	30.053	
21996	1692.9	30.016	30.074	30.053	
21997	1693.	30.016	30.074	30.053	
21998	1693.	30.016	30.074	30.053	
21999	1693.	30.016	30.074	30.053	
22000	1693.	30.016	30.074	30.053	
22001	1693.1	30.016	30.074	30.054	
22002	1693.2	30.016	30.074	30.054	
22003	1693.3	30.016	30.075	30.054	
22004	1693.4	30.017	30.075	30.054	
22005	1693.5	30.017	30.075	30.054	
22006	1693.6	30.017	30.075	30.054	
22007	1693.7	30.017	30.075	30.054	
22008	1693.8	30.017	30.075	30.054	
22009	1693.9	30.017	30.075	30.055	
22010	1694.	30.017	30.075	30.055	
22011	1694.	30.017	30.075	30.055	
22012	1694.	30.017	30.075	30.055	
22013	1694.	30.017	30.075	30.055	
22014	1694.1	30.017	30.076	30.055	
22015	1694.2	30.017	30.076	30.055	
22016	1694.3	30.018	30.076	30.055	
22017	1694.4	30.018	30.076	30.055	
22018	1694.5	30.018	30.076	30.055	
22019	1694.6	30.018	30.076	30.055	
22020	1694.7	30.018	30.076	30.055	
22021	1694.8	30.018	30.076	30.056	
22022	1694.9	30.018	30.076	30.056	
22023	1695.	30.018	30.077	30.056	
22024	1695.	30.018	30.077	30.056	
22025	1695.	30.018	30.077	30.056	
22026	1695.	30.018	30.077	30.056	
22027	1695.1	30.019	30.077	30.056	
22028	1695.2	30.019	30.077	30.056	
22029	1695.3	30.019	30.077	30.056	
22030	1695.4	30.019	30.077	30.056	
22031	1695.5	30.019	30.077	30.056	
22032	1695.6	30.019	30.077	30.057	
22033	1695.7	30.019	30.077	30.057	
22034	1695.8	30.019	30.078	30.057	
22035	1695.9	30.019	30.078	30.057	
22036	1696.	30.02	30.078	30.057	
22037	1696.	30.02	30.078	30.057	
22038	1696.	30.02	30.078	30.057	
22039	1696.	30.02	30.078	30.057	
22040	1696.1	30.02	30.078	30.057	
22041	1696.2	30.02	30.078	30.057	
22042	1696.3	30.02	30.078	30.057	
22043	1696.4	30.02	30.078	30.057	
22044	1696.5	30.02	30.078	30.058	
22045	1696.6	30.02	30.078	30.058	
22046	1696.7	30.02	30.079	30.058	
22047	1696.8	30.02	30.079	30.058	
22048	1696.9	30.021	30.079	30.058	
22049	1697.	30.021	30.079	30.058	
22050	1697.	30.021	30.079	30.058	
22051	1697.	30.021	30.079	30.058	
22052	1697.	30.021	30.079	30.058	
22053	1697.1	30.021	30.079	30.058	
22054	1697.2	30.021	30.079	30.058	
22055	1697.3	30.021	30.079	30.059	
22056	1697.4	30.021	30.079	30.059	
22057	1697.5	30.021	30.08	30.059	
22058	1697.6	30.021	30.08	30.059	
22059	1697.7	30.022	30.08	30.059	
22060	1697.8	30.022	30.08	30.059	
22061	1697.9	30.022	30.08	30.059	
22062	1698.	30.022	30.08	30.059	
22063	1698.	30.022	30.08	30.059	
22064	1698.	30.022	30.08	30.059	
22065	1698.	30.022	30.08	30.059	
22066	1698.1	30.022	30.08	30.059	
22067	1698.2	30.022	30.08	30.06	
22068	1698.3	30.022	30.08	30.06	
22069	1698.4	30.022	30.081	30.06	
22070	1698.5	30.022	30.081	30.06	
22071	1698.6	30.023	30.081	30.06	
22072	1698.7	30.023	30.081	30.06	
22073	1698.8	30.023	30.081	30.06	
22074	1698.9	30.023	30.081	30.06	
22075	1699.	30.023	30.081	30.06	
22076	1699.	30.023	30.081	30.06	
22077	1699.	30.023	30.081	30.06	
22078	1699.	30.023	30.081	30.061	
22079	1699.1	30.023	30.081	30.061	
22080	1699.2	30.023	30.082	30.061	
22081	1699.3	30.023	30.082	30.061	
22082	1699.4	30.024	30.082	30.061	
22083	1699.5	30.024	30.082	30.061	
22084	1699.6	30.024	30.082	30.061	
22085	1699.7	30.024	30.082	30.061	
22086	1699.8	30.024	30.082	30.061	
22087	1699.9	30.024	30.082	30.062	
22088	1700.	30.024	30.082	30.062	
22089	1700.	30.024	30.082	30.062	
22090	1700.	30.024	30.082	30.062	
22091	1700.	30.024	30.082	30.062	
22092	1700.1	30.024	30.083	30.062	
22093	1700.2	30.024	30.083	30.062	
22094	1700.3	30.025	30.083	30.062	
22095	1700.4	30.025	30.083	30.062	
22096	1700.5	30.025	30.083	30.062	
22097	1700.6	30.025	30.083	30.062	
22098	1700.7	30.025	30.083	30.062	
22099	1700.8	30.025	30.083	30.063	
22100	1700.9	30.025	30.084	30.063	
22101	1701.	30.025	30.084	30.063	
22102	1701.	30.025	30.084	30.063	
22103	1701.	30.025	30.084	30.063	
22104	1701.	30.025	30.084	30.063	
22105	1701.1	30.026	30.084	30.063	
22106	1701.2	30.026	30.084	30.063	
22107	1701.3	30.026	30.084	30.063	
22108	1701.4	30.026	30.084	30.063	
22109	1701.5	30.026	30.084	30.063	
22110	1701.6	30.026	30.084	30.064	
22111	1701.7	30.026	30.084	30.064	
22112	1701.8	30.026	30.085	30.064	
22113	1701.9	30.026	30.085	30.064	
22114	1702.	30.027	30.085	30.064	
22115	1702.	30.027	30.085	30.064	
22116	1702.	30.027	30.085	30.064	
22117	1702.	30.027	30.085	30.064	
22118	1702.1	30.027	30.085	30.064	
22119	1702.2	30.027	30.085	30.064	
22120	1702.3	30.027	30.085	30.064	
22121	1702.4	30.027	30.085	30.064	
22122	1702.5	30.027	30.085	30.065	
22123	1702.6	30.027	30.086	30.065	
22124	1702.7	30.027	30.086	30.065	
22125	1702.8	30.027	30.086	30.065	
22126	1702.9	30.028	30.086	30.065	
22127	1703.	30.028	30.086	30.065	
22128	1703.	30.028	30.086	30.065	
22129	1703.	30.028	30.086	30.065	
22130	1703.	30.028	30.086	30.065	
22131	1703.1	30.028	30.086	30.065	
22132	1703.2	30.028	30.086	30.065	
22133	1703.3	30.028	30.086	30.066	
22134	1703.4	30.028	30.086	30.066	
22135	1703.5	30.028	30.087	30.066	
22136	1703.6	30.028	30.087	30.066	
22137	1703.7	30.029	30.087	30.066	
22138	1703.8	30.029	30.087	30.066	
22139	1703.9	30.029	30.087	30.066	
22140	1704.	30.029	30.087	30.066	
22141	1704.	30.029	30.087	30.066	
22142	1704.	30.029	30.087	30.066	
22143	1704.	30.029	30.087	30.066	
22144	1704.1	30.029	30.087	30.066	
22145	1704.2	30.029	30.087	30.067	
22146	1704.3	30.029	30.088	30.067	
22147	1704.4	30.029	30.088	30.067	
22148	1704.5	30.029	30.088	30.067	
22149	1704.6	30.03	30.088	30.067	
22150	1704.7	30.03	30.088	30.067	
22151	1704.8	30.03	30.088	30.067	
22152	1704.9	30.03	30.088	30.067	
22153	1705.	30.03	30.088	30.067	
22154	1705.	30.03	30.088	30.068	
22155	1705.	30.03	30.088	30.068	
22156	1705.	30.03	30.088	30.068	
22157	1705.1	30.03	30.088	30.068	
22158	1705.2	30.03	30.089	30.068	
22159	1705.3	30.03	30.089	30.068	
22160	1705.4	30.031	30.089	30.068	
22161	1705.5	30.031	30.089	30.068	
22162	1705.6	30.031	30.089	30.068	
22163	1705.7	30.031	30.089	30.068	
22164	1705.8	30.031	30.089	30.068	
22165	1705.9	30.031	30.089	30.069	
22166	1706.	30.031	30.089	30.069	
22167	1706.	30.031	30.089	30.069	
22168	1706.	30.031	30.09	30.069	
22169	1706.	30.031	30.09	30.069	
22170	1706.1	30.031	30.09	30.069	
22171	1706.2	30.031	30.09	30.069	
22172	1706.3	30.032	30.09	30.069	
22173	1706.4	30.032	30.09	30.069	
22174	1706.5	30.032	30.09	30.069	
22175	1706.6	30.032	30.09	30.069	
22176	1706.7	30.032	30.09	30.07	
22177	1706.8	30.032	30.09	30.07	
22178	1706.9	30.032	30.091	30.07	
22179	1707.	30.032	30.091	30.07	
22180	1707.	30.032	30.091	30.07	
22181	1707.	30.032	30.091	30.07	
22182	1707.	30.032	30.091	30.07	
22183	1707.1	30.033	30.091	30.07	
22184	1707.2	30.033	30.091	30.07	
22185	1707.3	30.033	30.091	30.07	
22186	1707.4	30.033	30.091	30.07	
22187	1707.5	30.033	30.091	30.07	
22188	1707.6	30.033	30.091	30.071	
22189	1707.7	30.033	30.092	30.071	
22190	1707.8	30.033	30.092	30.071	
22191	1707.9	30.033	30.092	30.071	
22192	1708.	30.034	30.092	30.071	
22193	1708.	30.034	30.092	30.071	
22194	1708.	30.034	30.092	30.071	
22195	1708.	30.034	30.092	30.071	
22196	1708.1	30.034	30.092	30.071	
22197	1708.2	30.034	30.092	30.071	
22198	1708.3	30.034	30.092	30.071	
22199	1708.4	30.034	30.092	30.072	
22200	1708.5	30.034	30.092	30.072	
22201	1708.6	30.034	30.093	30.072	
22202	1708.7	30.034	30.093	30.072	
22203	1708.8	30.034	30.093	30.072	
22204	1708.9	30.035	30.093	30.072	
22205	1709.	30.035	30.093	30.072	
22206	1709.	30.035	30.093	30.072	
22207	1709.	30.035	30.093	30.072	
22208	1709.	30.035	30.093	30.072	
22209	1709.1	30.035	30.093	30.072	
22210	1709.2	30.035	30.093	30.072	
22211	1709.3	30.035	30.093	30.073	
22212	1709.4	30.035	30.094	30.073	
22213	1709.5	30.035	30.094	30.073	
22214	1709.6	30.035	30.094	30.073	
22215	1709.7	30.036	30.094	30.073	
22216	1709.8	30.036	30.094	30.073	
22217	1709.9	30.036	30.094	30.073	
22218	1710.	30.036	30.094	30.073	
22219	1710.	30.036	30.094	30.073	
22220	1710.	30.036	30.094	30.073	
22221	1710.	30.036	30.094	30.073	
22222	1710.1	30.036	30.094	30.074	
22223	1710.2	30.036	30.094	30.074	
22224	1710.3	30.036	30.095	30.074	
22225	1710.4	30.036	30.095	30.074	
22226	1710.5	30.036	30.095	30.074	
22227	1710.6	30.037	30.095	30.074	
22228	1710.7	30.037	30.095	30.074	
22229	1710.8	30.037	30.095	30.074	
22230	1710.9	30.037	30.095	30.074	
22231	1711.	30.037	30.095	30.075	
22232	1711.	30.037	30.095	30.075	
22233	1711.	30.037	30.095	30.075	
22234	1711.	30.037	30.095	30.075	
22235	1711.1	30.037	30.096	30.075	
22236	1711.2	30.037	30.096	30.075	
22237	1711.3	30.037	30.096	30.075	
22238	1711.4	30.038	30.096	30.075	
22239	1711.5	30.038	30.096	30.075	
22240	1711.6	30.038	30.096	30.075	
22241	1711.7	30.038	30.096	30.075	
22242	1711.8	30.038	30.096	30.076	
22243	1711.9	30.038	30.096	30.076	
22244	1712.	30.038	30.097	30.076	
22245	1712.	30.038	30.097	30.076	
22246	1712.	30.038	30.097	30.076	
22247	1712.	30.038	30.097	30.076	
22248	1712.1	30.038	30.097	30.076	
22249	1712.2	30.038	30.097	30.076	
22250	1712.3	30.039	30.097	30.076	
22251	1712.4	30.039	30.097	30.076	
22252	1712.5	30.039	30.097	30.076	
22253	1712.6	30.039	30.097	30.076	
22254	1712.7	30.039	30.097	30.077	
22255	1712.8	30.039	30.098	30.077	
22256	1712.9	30.039	30.098	30.077	
22257	1713.	30.039	30.098	30.077	
22258	1713.	30.039	30.098	30.077	
22259	1713.	30.039	30.098	30.077	
22260	1713.	30.039	30.098	30.077	
22261	1713.1	30.04	30.098	30.077	
22262	1713.2	30.04	30.098	30.077	
22263	1713.3	30.04	30.098	30.077	
22264	1713.4	30.04	30.098	30.077	
22265	1713.5	30.04	30.098	30.078	
22266	1713.6	30.04	30.098	30.078	
22267	1713.7	30.04	30.099	30.078	
22268	1713.8	30.04	30.099	30.078	
22269	1713.9	30.04	30.099	30.078	
22270	1714.	30.041	30.099	30.078	
22271	1714.	30.041	30.099	30.078	
22272	1714.	30.041	30.099	30.078	
22273	1714.	30.041	30.099	30.078	
22274	1714.1	30.041	30.099	30.078	
22275	1714.2	30.041	30.099	30.078	
22276	1714.3	30.041	30.099	30.078	
22277	1714.4	30.041	30.099	30.079	
22278	1714.5	30.041	30.1	30.079	
22279	1714.6	30.041	30.1	30.079	
22280	1714.7	30.041	30.1	30.079	
22281	1714.8	30.041	30.1	30.079	
22282	1714.9	30.042	30.1	30.079	
22283	1715.	30.042	30.1	30.079	
22284	1715.	30.042	30.1	30.079	
22285	1715.	30.042	30.1	30.079	
22286	1715.	30.042	30.1	30.079	
22287	1715.1	30.042	30.1	30.079	
22288	1715.2	30.042	30.1	30.08	
22289	1715.3	30.042	30.1	30.08	
22290	1715.4	30.042	30.101	30.08	
22291	1715.5	30.042	30.101	30.08	
22292	1715.6	30.042	30.101	30.08	
22293	1715.7	30.043	30.101	30.08	
22294	1715.8	30.043	30.101	30.08	
22295	1715.9	30.043	30.101	30.08	
22296	1716.	30.043	30.101	30.08	
22297	1716.	30.043	30.101	30.08	
22298	1716.	30.043	30.101	30.08	
22299	1716.	30.043	30.101	30.08	
22300	1716.1	30.043	30.101	30.081	
22301	1716.2	30.043	30.102	30.081	
22302	1716.3	30.043	30.102	30.081	
22303	1716.4	30.043	30.102	30.081	
22304	1716.5	30.043	30.102	30.081	
22305	1716.6	30.044	30.102	30.081	
22306	1716.7	30.044	30.102	30.081	
22307	1716.8	30.044	30.102	30.081	
22308	1716.9	30.044	30.102	30.082	
22309	1717.	30.044	30.102	30.082	
22310	1717.	30.044	30.102	30.082	
22311	1717.	30.044	30.102	30.082	
22312	1717.	30.044	30.103	30.082	
22313	1717.1	30.044	30.103	30.082	
22314	1717.2	30.044	30.103	30.082	
22315	1717.3	30.044	30.103	30.082	
22316	1717.4	30.045	30.103	30.082	
22317	1717.5	30.045	30.103	30.082	
22318	1717.6	30.045	30.103	30.082	
22319	1717.7	30.045	30.103	30.082	
22320	1717.8	30.045	30.103	30.083	
22321	1717.9	30.045	30.104	30.083	
22322	1718.	30.045	30.104	30.083	
22323	1718.	30.045	30.104	30.083	
22324	1718.	30.045	30.104	30.083	
22325	1718.	30.045	30.104	30.083	
22326	1718.1	30.045	30.104	30.083	
22327	1718.2	30.045	30.104	30.083	
22328	1718.3	30.046	30.104	30.083	
22329	1718.4	30.046	30.104	30.083	
22330	1718.5	30.046	30.104	30.083	
22331	1718.6	30.046	30.104	30.084	
22332	1718.7	30.046	30.104	30.084	
22333	1718.8	30.046	30.105	30.084	
22334	1718.9	30.046	30.105	30.084	
22335	1719.	30.046	30.105	30.084	
22336	1719.	30.046	30.105	30.084	
22337	1719.	30.046	30.105	30.084	
22338	1719.	30.046	30.105	30.084	
22339	1719.1	30.047	30.105	30.084	
22340	1719.2	30.047	30.105	30.084	
22341	1719.3	30.047	30.105	30.084	
22342	1719.4	30.047	30.105	30.084	
22343	1719.5	30.047	30.105	30.085	
22344	1719.6	30.047	30.106	30.085	
22345	1719.7	30.047	30.106	30.085	
22346	1719.8	30.047	30.106	30.085	
22347	1719.9	30.047	30.106	30.085	
22348	1720.	30.048	30.106	30.085	
22349	1720.	30.048	30.106	30.085	
22350	1720.	30.048	30.106	30.085	
22351	1720.	30.048	30.106	30.085	
22352	1720.1	30.048	30.106	30.085	
22353	1720.2	30.048	30.106	30.085	
22354	1720.3	30.048	30.106	30.086	
22355	1720.4	30.048	30.106	30.086	
22356	1720.5	30.048	30.107	30.086	
22357	1720.6	30.048	30.107	30.086	
22358	1720.7	30.048	30.107	30.086	
22359	1720.8	30.049	30.107	30.086	
22360	1720.9	30.049	30.107	30.086	
22361	1721.	30.049	30.107	30.086	
22362	1721.	30.049	30.107	30.086	
22363	1721.	30.049	30.107	30.086	
22364	1721.	30.049	30.107	30.086	
22365	1721.1	30.049	30.107	30.086	
22366	1721.2	30.049	30.107	30.087	
22367	1721.3	30.049	30.108	30.087	
22368	1721.4	30.049	30.108	30.087	
22369	1721.5	30.049	30.108	30.087	
22370	1721.6	30.049	30.108	30.087	
22371	1721.7	30.05	30.108	30.087	
22372	1721.8	30.05	30.108	30.087	
22373	1721.9	30.05	30.108	30.087	
22374	1722.	30.05	30.108	30.087	
22375	1722.	30.05	30.108	30.087	
22376	1722.	30.05	30.108	30.087	
22377	1722.	30.05	30.108	30.088	
22378	1722.1	30.05	30.109	30.088	
22379	1722.2	30.05	30.109	30.088	
22380	1722.3	30.05	30.109	30.088	
22381	1722.4	30.05	30.109	30.088	
22382	1722.5	30.05	30.109	30.088	
22383	1722.6	30.051	30.109	30.088	
22384	1722.7	30.051	30.109	30.088	
22385	1722.8	30.051	30.109	30.088	
22386	1722.9	30.051	30.109	30.089	
22387	1723.	30.051	30.11	30.089	
22388	1723.	30.051	30.11	30.089	
22389	1723.	30.051	30.11	30.089	
22390	1723.	30.051	30.11	30.089	
22391	1723.1	30.051	30.11	30.089	
22392	1723.2	30.051	30.11	30.089	
22393	1723.3	30.051	30.11	30.089	
22394	1723.4	30.052	30.11	30.089	
22395	1723.5	30.052	30.11	30.089	
22396	1723.6	30.052	30.11	30.089	
22397	1723.7	30.052	30.11	30.09	
22398	1723.8	30.052	30.111	30.09	
22399	1723.9	30.052	30.111	30.09	
22400	1724.	30.052	30.111	30.09	
22401	1724.	30.052	30.111	30.09	
22402	1724.	30.052	30.111	30.09	
22403	1724.	30.052	30.111	30.09	
22404	1724.1	30.052	30.111	30.09	
22405	1724.2	30.052	30.111	30.09	
22406	1724.3	30.053	30.111	30.09	
22407	1724.4	30.053	30.111	30.09	
22408	1724.5	30.053	30.111	30.09	
22409	1724.6	30.053	30.111	30.091	
22410	1724.7	30.053	30.112	30.091	
22411	1724.8	30.053	30.112	30.091	
22412	1724.9	30.053	30.112	30.091	
22413	1725.	30.053	30.112	30.091	
22414	1725.	30.053	30.112	30.091	
22415	1725.	30.053	30.112	30.091	
22416	1725.	30.053	30.112	30.091	
22417	1725.1	30.054	30.112	30.091	
22418	1725.2	30.054	30.112	30.091	
22419	1725.3	30.054	30.112	30.091	
22420	1725.4	30.054	30.112	30.092	
22421	1725.5	30.054	30.113	30.092	
22422	1725.6	30.054	30.113	30.092	
22423	1725.7	30.054	30.113	30.092	
22424	1725.8	30.054	30.113	30.092	
22425	1725.9	30.054	30.113	30.092	
22426	1726.	30.055	30.113	30.092	
22427	1726.	30.055	30.113	30.092	
22428	1726.	30.055	30.113	30.092	
22429	1726.	30.055	30.113	30.092	
22430	1726.1	30.055	30.113	30.092	
22431	1726.2	30.055	30.113	30.092	
22432	1726.3	30.055	30.113	30.093	
22433	1726.4	30.055	30.114	30.093	
22434	1726.5	30.055	30.114	30.093	
22435	1726.6	30.055	30.114	30.093	
22436	1726.7	30.055	30.114	30.093	
22437	1726.8	30.056	30.114	30.093	
22438	1726.9	30.056	30.114	30.093	
22439	1727.	30.056	30.114	30.093	
22440	1727.	30.056	30.114	30.093	
22441	1727.	30.056	30.114	30.093	
22442	1727.	30.056	30.114	30.093	
22443	1727.1	30.056	30.114	30.094	
22444	1727.2	30.056	30.115	30.094	
22445	1727.3	30.056	30.115	30.094	
22446	1727.4	30.056	30.115	30.094	
22447	1727.5	30.056	30.115	30.094	
22448	1727.6	30.056	30.115	30.094	
22449	1727.7	30.057	30.115	30.094	
22450	1727.8	30.057	30.115	30.094	
22451	1727.9	30.057	30.115	30.094	
22452	1728.	30.057	30.115	30.095	
22453	1728.	30.057	30.115	30.095	
22454	1728.	30.057	30.115	30.095	
22455	1728.	30.057	30.115	30.095	
22456	1728.1	30.057	30.116	30.095	
22457	1728.2	30.057	30.116	30.095	
22458	1728.3	30.057	30.116	30.095	
22459	1728.4	30.057	30.116	30.095	
22460	1728.5	30.057	30.116	30.095	
22461	1728.6	30.058	30.116	30.095	
22462	1728.7	30.058	30.116	30.095	
22463	1728.8	30.058	30.116	30.096	
22464	1728.9	30.058	30.117	30.096	
22465	1729.	30.058	30.117	30.096	
22466	1729.	30.058	30.117	30.096	
22467	1729.	30.058	30.117	30.096	
22468	1729.	30.058	30.117	30.096	
22469	1729.1	30.058	30.117	30.096	
22470	1729.2	30.058	30.117	30.096	
22471	1729.3	30.058	30.117	30.096	
22472	1729.4	30.059	30.117	30.096	
22473	1729.5	30.059	30.117	30.096	
22474	1729.6	30.059	30.117	30.096	
22475	1729.7	30.059	30.117	30.097	
22476	1729.8	30.059	30.118	30.097	
22477	1729.9	30.059	30.118	30.097	
22478	1730.	30.059	30.118	30.097	
22479	1730.	30.059	30.118	30.097	
22480	1730.	30.059	30.118	30.097	
22481	1730.	30.059	30.118	30.097	
22482	1730.1	30.059	30.118	30.097	
22483	1730.2	30.059	30.118	30.097	
22484	1730.3	30.06	30.118	30.097	
22485	1730.4	30.06	30.118	30.097	
22486	1730.5	30.06	30.118	30.098	
22487	1730.6	30.06	30.119	30.098	
22488	1730.7	30.06	30.119	30.098	
22489	1730.8	30.06	30.119	30.098	
22490	1730.9	30.06	30.119	30.098	
22491	1731.	30.06	30.119	30.098	
22492	1731.	30.06	30.119	30.098	
22493	1731.	30.06	30.119	30.098	
22494	1731.	30.06	30.119	30.098	
22495	1731.1	30.061	30.119	30.098	
22496	1731.2	30.061	30.119	30.098	
22497	1731.3	30.061	30.119	30.098	
22498	1731.4	30.061	30.119	30.099	
22499	1731.5	30.061	30.12	30.099	
22500	1731.6	30.061	30.12	30.099	
22501	1731.7	30.061	30.12	30.099	
22502	1731.8	30.061	30.12	30.099	
22503	1731.9	30.061	30.12	30.099	
22504	1732.	30.062	30.12	30.099	
22505	1732.	30.062	30.12	30.099	
22506	1732.	30.062	30.12	30.099	
22507	1732.	30.062	30.12	30.099	
22508	1732.1	30.062	30.12	30.099	
22509	1732.2	30.062	30.12	30.1	
22510	1732.3	30.062	30.121	30.1	
22511	1732.4	30.062	30.121	30.1	
22512	1732.5	30.062	30.121	30.1	
22513	1732.6	30.062	30.121	30.1	
22514	1732.7	30.062	30.121	30.1	
22515	1732.8	30.063	30.121	30.1	
22516	1732.9	30.063	30.121	30.1	
22517	1733.	30.063	30.121	30.1	
22518	1733.	30.063	30.121	30.1	
22519	1733.	30.063	30.121	30.1	
22520	1733.	30.063	30.121	30.1	
22521	1733.1	30.063	30.121	30.101	
22522	1733.2	30.063	30.122	30.101	
22523	1733.3	30.063	30.122	30.101	
22524	1733.4	30.063	30.122	30.101	
22525	1733.5	30.063	30.122	30.101	
22526	1733.6	30.063	30.122	30.101	
22527	1733.7	30.064	30.122	30.101	
22528	1733.8	30.064	30.122	30.101	
22529	1733.9	30.064	30.122	30.102	
22530	1734.	30.064	30.122	30.102	
22531	1734.	30.064	30.123	30.102	
22532	1734.	30.064	30.123	30.102	
22533	1734.	30.064	30.123	30.102	
22534	1734.1	30.064	30.123	30.102	
22535	1734.2	30.064	30.123	30.102	
22536	1734.3	30.064	30.123	30.102	
22537	1734.4	30.064	30.123	30.102	
22538	1734.5	30.065	30.123	30.102	
22539	1734.6	30.065	30.123	30.102	
22540	1734.7	30.065	30.123	30.102	
22541	1734.8	30.065	30.123	30.103	
22542	1734.9	30.065	30.124	30.103	
22543	1735.	30.065	30.124	30.103	
22544	1735.	30.065	30.124	30.103	
22545	1735.	30.065	30.124	30.103	
22546	1735.	30.065	30.124	30.103	
22547	1735.1	30.065	30.124	30.103	
22548	1735.2	30.065	30.124	30.103	
22549	1735.3	30.065	30.124	30.103	
22550	1735.4	30.066	30.124	30.103	
22551	1735.5	30.066	30.124	30.103	
22552	1735.6	30.066	30.124	30.104	
22553	1735.7	30.066	30.125	30.104	
22554	1735.8	30.066	30.125	30.104	
22555	1735.9	30.066	30.125	30.104	
22556	1736.	30.066	30.125	30.104	
22557	1736.	30.066	30.125	30.104	
22558	1736.	30.066	30.125	30.104	
22559	1736.	30.066	30.125	30.104	
22560	1736.1	30.066	30.125	30.104	
22561	1736.2	30.066	30.125	30.104	
22562	1736.3	30.067	30.125	30.104	
22563	1736.4	30.067	30.125	30.104	
22564	1736.5	30.067	30.125	30.105	
22565	1736.6	30.067	30.126	30.105	
22566	1736.7	30.067	30.126	30.105	
22567	1736.8	30.067	30.126	30.105	
22568	1736.9	30.067	30.126	30.105	
22569	1737.	30.067	30.126	30.105	
22570	1737.	30.067	30.126	30.105	
22571	1737.	30.067	30.126	30.105	
22572	1737.	30.067	30.126	30.105	
22573	1737.1	30.068	30.126	30.105	
22574	1737.2	30.068	30.126	30.105	
22575	1737.3	30.068	30.126	30.106	
22576	1737.4	30.068	30.127	30.106	
22577	1737.5	30.068	30.127	30.106	
22578	1737.6	30.068	30.127	30.106	
22579	1737.7	30.068	30.127	30.106	
22580	1737.8	30.068	30.127	30.106	
22581	1737.9	30.068	30.127	30.106	
22582	1738.	30.069	30.127	30.106	
22583	1738.	30.069	30.127	30.106	
22584	1738.	30.069	30.127	30.106	
22585	1738.	30.069	30.127	30.106	
22586	1738.1	30.069	30.127	30.106	
22587	1738.2	30.069	30.128	30.107	
22588	1738.3	30.069	30.128	30.107	
22589	1738.4	30.069	30.128	30.107	
22590	1738.5	30.069	30.128	30.107	
22591	1738.6	30.069	30.128	30.107	
22592	1738.7	30.069	30.128	30.107	
22593	1738.8	30.07	30.128	30.107	
22594	1738.9	30.07	30.128	30.107	
22595	1739.	30.07	30.128	30.107	
22596	1739.	30.07	30.128	30.107	
22597	1739.	30.07	30.128	30.107	
22598	1739.	30.07	30.128	30.108	
22599	1739.1	30.07	30.129	30.108	
22600	1739.2	30.07	30.129	30.108	
22601	1739.3	30.07	30.129	30.108	
22602	1739.4	30.07	30.129	30.108	
22603	1739.5	30.07	30.129	30.108	
22604	1739.6	30.07	30.129	30.108	
22605	1739.7	30.071	30.129	30.108	
22606	1739.8	30.071	30.129	30.108	
22607	1739.9	30.071	30.13	30.109	
22608	1740.	30.071	30.13	30.109	
22609	1740.	30.071	30.13	30.109	
22610	1740.	30.071	30.13	30.109	
22611	1740.	30.071	30.13	30.109	
22612	1740.1	30.071	30.13	30.109	
22613	1740.2	30.071	30.13	30.109	
22614	1740.3	30.071	30.13	30.109	
22615	1740.4	30.071	30.13	30.109	
22616	1740.5	30.072	30.13	30.109	
22617	1740.6	30.072	30.13	30.109	
22618	1740.7	30.072	30.13	30.11	
22619	1740.8	30.072	30.131	30.11	
22620	1740.9	30.072	30.131	30.11	
22621	1741.	30.072	30.131	30.11	
22622	1741.	30.072	30.131	30.11	
22623	1741.	30.072	30.131	30.11	
22624	1741.	30.072	30.131	30.11	
22625	1741.1	30.072	30.131	30.11	
22626	1741.2	30.072	30.131	30.11	
22627	1741.3	30.072	30.131	30.11	
22628	1741.4	30.073	30.131	30.11	
22629	1741.5	30.073	30.131	30.11	
22630	1741.6	30.073	30.132	30.111	
22631	1741.7	30.073	30.132	30.111	
22632	1741.8	30.073	30.132	30.111	
22633	1741.9	30.073	30.132	30.111	
22634	1742.	30.073	30.132	30.111	
22635	1742.	30.073	30.132	30.111	
22636	1742.	30.073	30.132	30.111	
22637	1742.	30.073	30.132	30.111	
22638	1742.1	30.073	30.132	30.111	
22639	1742.2	30.074	30.132	30.111	
22640	1742.3	30.074	30.132	30.111	
22641	1742.4	30.074	30.132	30.112	
22642	1742.5	30.074	30.133	30.112	
22643	1742.6	30.074	30.133	30.112	
22644	1742.7	30.074	30.133	30.112	
22645	1742.8	30.074	30.133	30.112	
22646	1742.9	30.074	30.133	30.112	
22647	1743.	30.074	30.133	30.112	
22648	1743.	30.074	30.133	30.112	
22649	1743.	30.074	30.133	30.112	
22650	1743.	30.074	30.133	30.112	
22651	1743.1	30.075	30.133	30.112	
22652	1743.2	30.075	30.133	30.112	
22653	1743.3	30.075	30.134	30.113	
22654	1743.4	30.075	30.134	30.113	
22655	1743.5	30.075	30.134	30.113	
22656	1743.6	30.075	30.134	30.113	
22657	1743.7	30.075	30.134	30.113	
22658	1743.8	30.075	30.134	30.113	
22659	1743.9	30.076	30.134	30.113	
22660	1744.	30.076	30.134	30.113	
22661	1744.	30.076	30.134	30.113	
22662	1744.	30.076	30.134	30.113	
22663	1744.	30.076	30.134	30.113	
22664	1744.1	30.076	30.134	30.114	
22665	1744.2	30.076	30.135	30.114	
22666	1744.3	30.076	30.135	30.114	
22667	1744.4	30.076	30.135	30.114	
22668	1744.5	30.076	30.135	30.114	
22669	1744.6	30.076	30.135	30.114	
22670	1744.7	30.076	30.135	30.114	
22671	1744.8	30.077	30.135	30.114	
22672	1744.9	30.077	30.135	30.114	
22673	1745.	30.077	30.135	30.115	
22674	1745.	30.077	30.135	30.115	
22675	1745.	30.077	30.136	30.115	
22676	1745.	30.077	30.136	30.115	
22677	1745.1	30.077	30.136	30.115	
22678	1745.2	30.077	30.136	30.115	
22679	1745.3	30.077	30.136	30.115	
22680	1745.4	30.077	30.136	30.115	
22681	1745.5	30.077	30.136	30.115	
22682	1745.6	30.077	30.136	30.115	
22683	1745.7	30.078	30.136	30.115	
22684	1745.8	30.078	30.136	30.116	
22685	1745.9	30.078	30.137	30.116	
22686	1746.	30.078	30.137	30.116	
22687	1746.	30.078	30.137	30.116	
22688	1746.	30.078	30.137	30.116	
22689	1746.	30.078	30.137	30.116	
22690	1746.1	30.078	30.137	30.116	
22691	1746.2	30.078	30.137	30.116	
22692	1746.3	30.078	30.137	30.116	
22693	1746.4	30.078	30.137	30.116	
22694	1746.5	30.079	30.137	30.116	
22695	1746.6	30.079	30.137	30.116	
22696	1746.7	30.079	30.138	30.117	
22697	1746.8	30.079	30.138	30.117	
22698	1746.9	30.079	30.138	30.117	
22699	1747.	30.079	30.138	30.117	
22700	1747.	30.079	30.138	30.117	
22701	1747.	30.079	30.138	30.117	
22702	1747.	30.079	30.138	30.117	
22703	1747.1	30.079	30.138	30.117	
22704	1747.2	30.079	30.138	30.117	
22705	1747.3	30.079	30.138	30.117	
22706	1747.4	30.08	30.138	30.117	
22707	1747.5	30.08	30.138	30.118	
22708	1747.6	30.08	30.139	30.118	
22709	1747.7	30.08	30.139	30.118	
22710	1747.8	30.08	30.139	30.118	
22711	1747.9	30.08	30.139	30.118	
22712	1748.	30.08	30.139	30.118	
22713	1748.	30.08	30.139	30.118	
22714	1748.	30.08	30.139	30.118	
22715	1748.	30.08	30.139	30.118	
22716	1748.1	30.08	30.139	30.118	
22717	1748.2	30.081	30.139	30.118	
22718	1748.3	30.081	30.139	30.118	
22719	1748.4	30.081	30.14	30.119	
22720	1748.5	30.081	30.14	30.119	
22721	1748.6	30.081	30.14	30.119	
22722	1748.7	30.081	30.14	30.119	
22723	1748.8	30.081	30.14	30.119	
22724	1748.9	30.081	30.14	30.119	
22725	1749.	30.081	30.14	30.119	
22726	1749.	30.081	30.14	30.119	
22727	1749.	30.081	30.14	30.119	
22728	1749.	30.081	30.14	30.119	
22729	1749.1	30.082	30.14	30.119	
22730	1749.2	30.082	30.14	30.12	
22731	1749.3	30.082	30.141	30.12	
22732	1749.4	30.082	30.141	30.12	
22733	1749.5	30.082	30.141	30.12	
22734	1749.6	30.082	30.141	30.12	
22735	1749.7	30.082	30.141	30.12	
22736	1749.8	30.082	30.141	30.12	
22737	1749.9	30.083	30.141	30.12	
22738	1750.	30.083	30.141	30.12	
22739	1750.	30.083	30.141	30.12	
22740	1750.	30.083	30.141	30.12	
22741	1750.	30.083	30.141	30.12	
22742	1750.1	30.083	30.142	30.121	
22743	1750.2	30.083	30.142	30.121	
22744	1750.3	30.083	30.142	30.121	
22745	1750.4	30.083	30.142	30.121	
22746	1750.5	30.083	30.142	30.121	
22747	1750.6	30.083	30.142	30.121	
22748	1750.7	30.083	30.142	30.121	
22749	1750.8	30.084	30.142	30.121	
22750	1750.9	30.084	30.143	30.122	
22751	1751.	30.084	30.143	30.122	
22752	1751.	30.084	30.143	30.122	
22753	1751.	30.084	30.143	30.122	
22754	1751.	30.084	30.143	30.122	
22755	1751.1	30.084	30.143	30.122	
22756	1751.2	30.084	30.143	30.122	
22757	1751.3	30.084	30.143	30.122	
22758	1751.4	30.084	30.143	30.122	
22759	1751.5	30.084	30.143	30.122	
22760	1751.6	30.085	30.143	30.122	
22761	1751.7	30.085	30.143	30.122	
22762	1751.8	30.085	30.144	30.123	
22763	1751.9	30.085	30.144	30.123	
22764	1752.	30.085	30.144	30.123	
22765	1752.	30.085	30.144	30.123	
22766	1752.	30.085	30.144	30.123	
22767	1752.	30.085	30.144	30.123	
22768	1752.1	30.085	30.144	30.123	
22769	1752.2	30.085	30.144	30.123	
22770	1752.3	30.085	30.144	30.123	
22771	1752.4	30.085	30.144	30.123	
22772	1752.5	30.086	30.144	30.123	
22773	1752.6	30.086	30.145	30.124	
22774	1752.7	30.086	30.145	30.124	
22775	1752.8	30.086	30.145	30.124	
22776	1752.9	30.086	30.145	30.124	
22777	1753.	30.086	30.145	30.124	
22778	1753.	30.086	30.145	30.124	
22779	1753.	30.086	30.145	30.124	
22780	1753.	30.086	30.145	30.124	
22781	1753.1	30.086	30.145	30.124	
22782	1753.2	30.086	30.145	30.124	
22783	1753.3	30.087	30.145	30.124	
22784	1753.4	30.087	30.145	30.124	
22785	1753.5	30.087	30.146	30.125	
22786	1753.6	30.087	30.146	30.125	
22787	1753.7	30.087	30.146	30.125	
22788	1753.8	30.087	30.146	30.125	
22789	1753.9	30.087	30.146	30.125	
22790	1754.	30.087	30.146	30.125	
22791	1754.	30.087	30.146	30.125	
22792	1754.	30.087	30.146	30.125	
22793	1754.	30.087	30.146	30.125	
22794	1754.1	30.087	30.146	30.125	
22795	1754.2	30.088	30.146	30.125	
22796	1754.3	30.088	30.147	30.126	
22797	1754.4	30.088	30.147	30.126	
22798	1754.5	30.088	30.147	30.126	
22799	1754.6	30.088	30.147	30.126	
22800	1754.7	30.088	30.147	30.126	
22801	1754.8	30.088	30.147	30.126	
22802	1754.9	30.088	30.147	30.126	
22803	1755.	30.088	30.147	30.126	
22804	1755.	30.088	30.147	30.126	
22805	1755.	30.088	30.147	30.126	
22806	1755.	30.089	30.147	30.126	
22807	1755.1	30.089	30.147	30.126	
22808	1755.2	30.089	30.148	30.127	
22809	1755.3	30.089	30.148	30.127	
22810	1755.4	30.089	30.148	30.127	
22811	1755.5	30.089	30.148	30.127	
22812	1755.6	30.089	30.148	30.127	
22813	1755.7	30.089	30.148	30.127	
22814	1755.8	30.089	30.148	30.127	
22815	1755.9	30.09	30.148	30.127	
22816	1756.	30.09	30.148	30.127	
22817	1756.	30.09	30.149	30.127	
22818	1756.	30.09	30.149	30.128	
22819	1756.	30.09	30.149	30.128	
22820	1756.1	30.09	30.149	30.128	
22821	1756.2	30.09	30.149	30.128	
22822	1756.3	30.09	30.149	30.128	
22823	1756.4	30.09	30.149	30.128	
22824	1756.5	30.09	30.149	30.128	
22825	1756.6	30.09	30.149	30.128	
22826	1756.7	30.09	30.149	30.128	
22827	1756.8	30.091	30.149	30.128	
22828	1756.9	30.091	30.15	30.129	
22829	1757.	30.091	30.15	30.129	
22830	1757.	30.091	30.15	30.129	
22831	1757.	30.091	30.15	30.129	
22832	1757.	30.091	30.15	30.129	
22833	1757.1	30.091	30.15	30.129	
22834	1757.2	30.091	30.15	30.129	
22835	1757.3	30.091	30.15	30.129	
22836	1757.4	30.091	30.15	30.129	
22837	1757.5	30.091	30.15	30.129	
22838	1757.6	30.092	30.15	30.129	
22839	1757.7	30.092	30.151	30.13	
22840	1757.8	30.092	30.151	30.13	
22841	1757.9	30.092	30.151	30.13	
22842	1758.	30.092	30.151	30.13	
22843	1758.	30.092	30.151	30.13	
22844	1758.	30.092	30.151	30.13	
22845	1758.	30.092	30.151	30.13	
22846	1758.1	30.092	30.151	30.13	
22847	1758.2	30.092	30.151	30.13	
22848	1758.3	30.092	30.151	30.13	
22849	1758.4	30.092	30.151	30.13	
22850	1758.5	30.093	30.151	30.13	
22851	1758.6	30.093	30.152	30.131	
22852	1758.7	30.093	30.152	30.131	
22853	1758.8	30.093	30.152	30.131	
22854	1758.9	30.093	30.152	30.131	
22855	1759.	30.093	30.152	30.131	
22856	1759.	30.093	30.152	30.131	
22857	1759.	30.093	30.152	30.131	
22858	1759.	30.093	30.152	30.131	
22859	1759.1	30.093	30.152	30.131	
22860	1759.2	30.093	30.152	30.131	
22861	1759.3	30.094	30.152	30.131	
22862	1759.4	30.094	30.153	30.132	
22863	1759.5	30.094	30.153	30.132	
22864	1759.6	30.094	30.153	30.132	
22865	1759.7	30.094	30.153	30.132	
22866	1759.8	30.094	30.153	30.132	
22867	1759.9	30.094	30.153	30.132	
22868	1760.	30.094	30.153	30.132	
22869	1760.	30.094	30.153	30.132	
22870	1760.	30.094	30.153	30.132	
22871	1760.	30.094	30.153	30.132	
22872	1760.1	30.094	30.153	30.132	
22873	1760.2	30.095	30.154	30.132	
22874	1760.3	30.095	30.154	30.133	
22875	1760.4	30.095	30.154	30.133	
22876	1760.5	30.095	30.154	30.133	
22877	1760.6	30.095	30.154	30.133	
22878	1760.7	30.095	30.154	30.133	
22879	1760.8	30.095	30.154	30.133	
22880	1760.9	30.095	30.154	30.133	
22881	1761.	30.095	30.154	30.133	
22882	1761.	30.095	30.154	30.133	
22883	1761.	30.096	30.154	30.133	
22884	1761.	30.096	30.154	30.133	
22885	1761.1	30.096	30.155	30.134	
22886	1761.2	30.096	30.155	30.134	
22887	1761.3	30.096	30.155	30.134	
22888	1761.4	30.096	30.155	30.134	
22889	1761.5	30.096	30.155	30.134	
22890	1761.6	30.096	30.155	30.134	
22891	1761.7	30.096	30.155	30.134	
22892	1761.8	30.096	30.155	30.134	
22893	1761.9	30.097	30.156	30.134	
22894	1762.	30.097	30.156	30.135	
22895	1762.	30.097	30.156	30.135	
22896	1762.	30.097	30.156	30.135	
22897	1762.	30.097	30.156	30.135	
22898	1762.1	30.097	30.156	30.135	
22899	1762.2	30.097	30.156	30.135	
22900	1762.3	30.097	30.156	30.135	
22901	1762.4	30.097	30.156	30.135	
22902	1762.5	30.097	30.156	30.135	
22903	1762.6	30.097	30.156	30.135	
22904	1762.7	30.098	30.156	30.135	
22905	1762.8	30.098	30.157	30.136	
22906	1762.9	30.098	30.157	30.136	
22907	1763.	30.098	30.157	30.136	
22908	1763.	30.098	30.157	30.136	
22909	1763.	30.098	30.157	30.136	
22910	1763.	30.098	30.157	30.136	
22911	1763.1	30.098	30.157	30.136	
22912	1763.2	30.098	30.157	30.136	
22913	1763.3	30.098	30.157	30.136	
22914	1763.4	30.098	30.157	30.136	
22915	1763.5	30.098	30.157	30.136	
22916	1763.6	30.099	30.158	30.136	
22917	1763.7	30.099	30.158	30.137	
22918	1763.8	30.099	30.158	30.137	
22919	1763.9	30.099	30.158	30.137	
22920	1764.	30.099	30.158	30.137	
22921	1764.	30.099	30.158	30.137	
22922	1764.	30.099	30.158	30.137	
22923	1764.	30.099	30.158	30.137	
22924	1764.1	30.099	30.158	30.137	
22925	1764.2	30.099	30.158	30.137	
22926	1764.3	30.099	30.158	30.137	
22927	1764.4	30.1	30.158	30.137	
22928	1764.5	30.1	30.159	30.138	
22929	1764.6	30.1	30.159	30.138	
22930	1764.7	30.1	30.159	30.138	
22931	1764.8	30.1	30.159	30.138	
22932	1764.9	30.1	30.159	30.138	
22933	1765.	30.1	30.159	30.138	
22934	1765.	30.1	30.159	30.138	
22935	1765.	30.1	30.159	30.138	
22936	1765.	30.1	30.159	30.138	
22937	1765.1	30.1	30.159	30.138	
22938	1765.2	30.1	30.159	30.138	
22939	1765.3	30.101	30.16	30.138	
22940	1765.4	30.101	30.16	30.139	
22941	1765.5	30.101	30.16	30.139	
22942	1765.6	30.101	30.16	30.139	
22943	1765.7	30.101	30.16	30.139	
22944	1765.8	30.101	30.16	30.139	
22945	1765.9	30.101	30.16	30.139	
22946	1766.	30.101	30.16	30.139	
22947	1766.	30.101	30.16	30.139	
22948	1766.	30.101	30.16	30.139	
22949	1766.	30.101	30.16	30.139	
22950	1766.1	30.102	30.16	30.139	
22951	1766.2	30.102	30.161	30.14	
22952	1766.3	30.102	30.161	30.14	
22953	1766.4	30.102	30.161	30.14	
22954	1766.5	30.102	30.161	30.14	
22955	1766.6	30.102	30.161	30.14	
22956	1766.7	30.102	30.161	30.14	
22957	1766.8	30.102	30.161	30.14	
22958	1766.9	30.102	30.161	30.14	
22959	1767.	30.103	30.162	30.14	
22960	1767.	30.103	30.162	30.14	
22961	1767.	30.103	30.162	30.14	
22962	1767.	30.103	30.162	30.141	
22963	1767.1	30.103	30.162	30.141	
22964	1767.2	30.103	30.162	30.141	
22965	1767.3	30.103	30.162	30.141	
22966	1767.4	30.103	30.162	30.141	
22967	1767.5	30.103	30.162	30.141	
22968	1767.6	30.103	30.162	30.141	
22969	1767.7	30.103	30.162	30.141	
22970	1767.8	30.104	30.162	30.141	
22971	1767.9	30.104	30.163	30.142	
22972	1768.	30.104	30.163	30.142	
22973	1768.	30.104	30.163	30.142	
22974	1768.	30.104	30.163	30.142	
22975	1768.	30.104	30.163	30.142	
22976	1768.1	30.104	30.163	30.142	
22977	1768.2	30.104	30.163	30.142	
22978	1768.3	30.104	30.163	30.142	
22979	1768.4	30.104	30.163	30.142	
22980	1768.5	30.104	30.163	30.142	
22981	1768.6	30.104	30.163	30.142	
22982	1768.7	30.105	30.164	30.143	
22983	1768.8	30.105	30.164	30.143	
22984	1768.9	30.105	30.164	30.143	
22985	1769.	30.105	30.164	30.143	
22986	1769.	30.105	30.164	30.143	
22987	1769.	30.105	30.164	30.143	
22988	1769.	30.105	30.164	30.143	
22989	1769.1	30.105	30.164	30.143	
22990	1769.2	30.105	30.164	30.143	
22991	1769.3	30.105	30.164	30.143	
22992	1769.4	30.105	30.164	30.143	
22993	1769.5	30.105	30.165	30.143	
22994	1769.6	30.106	30.165	30.144	
22995	1769.7	30.106	30.165	30.144	
22996	1769.8	30.106	30.165	30.144	
22997	1769.9	30.106	30.165	30.144	
22998	1770.	30.106	30.165	30.144	
22999	1770.	30.106	30.165	30.144	
23000	1770.	30.106	30.165	30.144	
23001	1770.	30.106	30.165	30.144	
23002	1770.1	30.106	30.165	30.144	
23003	1770.2	30.106	30.165	30.144	
23004	1770.3	30.106	30.165	30.144	
23005	1770.4	30.107	30.166	30.145	
23006	1770.5	30.107	30.166	30.145	
23007	1770.6	30.107	30.166	30.145	
23008	1770.7	30.107	30.166	30.145	
23009	1770.8	30.107	30.166	30.145	
23010	1770.9	30.107	30.166	30.145	
23011	1771.	30.107	30.166	30.145	
23012	1771.	30.107	30.166	30.145	
23013	1771.	30.107	30.166	30.145	
23014	1771.	30.107	30.166	30.145	
23015	1771.1	30.107	30.166	30.145	
23016	1771.2	30.107	30.167	30.145	
23017	1771.3	30.108	30.167	30.146	
23018	1771.4	30.108	30.167	30.146	
23019	1771.5	30.108	30.167	30.146	
23020	1771.6	30.108	30.167	30.146	
23021	1771.7	30.108	30.167	30.146	
23022	1771.8	30.108	30.167	30.146	
23023	1771.9	30.108	30.167	30.146	
23024	1772.	30.108	30.167	30.146	
23025	1772.	30.108	30.167	30.146	
23026	1772.	30.108	30.167	30.146	
23027	1772.	30.108	30.167	30.146	
23028	1772.1	30.109	30.168	30.147	
23029	1772.2	30.109	30.168	30.147	
23030	1772.3	30.109	30.168	30.147	
23031	1772.4	30.109	30.168	30.147	
23032	1772.5	30.109	30.168	30.147	
23033	1772.6	30.109	30.168	30.147	
23034	1772.7	30.109	30.168	30.147	
23035	1772.8	30.109	30.168	30.147	
23036	1772.9	30.109	30.169	30.147	
23037	1773.	30.11	30.169	30.148	
23038	1773.	30.11	30.169	30.148	
23039	1773.	30.11	30.169	30.148	
23040	1773.	30.11	30.169	30.148	
23041	1773.1	30.11	30.169	30.148	
23042	1773.2	30.11	30.169	30.148	
23043	1773.3	30.11	30.169	30.148	
23044	1773.4	30.11	30.169	30.148	
23045	1773.5	30.11	30.169	30.148	
23046	1773.6	30.11	30.169	30.148	
23047	1773.7	30.11	30.169	30.148	
23048	1773.8	30.111	30.17	30.149	
23049	1773.9	30.111	30.17	30.149	
23050	1774.	30.111	30.17	30.149	
23051	1774.	30.111	30.17	30.149	
23052	1774.	30.111	30.17	30.149	
23053	1774.	30.111	30.17	30.149	
23054	1774.1	30.111	30.17	30.149	
23055	1774.2	30.111	30.17	30.149	
23056	1774.3	30.111	30.17	30.149	
23057	1774.4	30.111	30.17	30.149	
23058	1774.5	30.111	30.17	30.149	
23059	1774.6	30.111	30.171	30.149	
23060	1774.7	30.112	30.171	30.15	
23061	1774.8	30.112	30.171	30.15	
23062	1774.9	30.112	30.171	30.15	
23063	1775.	30.112	30.171	30.15	
23064	1775.	30.112	30.171	30.15	
23065	1775.	30.112	30.171	30.15	
23066	1775.	30.112	30.171	30.15	
23067	1775.1	30.112	30.171	30.15	
23068	1775.2	30.112	30.171	30.15	
23069	1775.3	30.112	30.171	30.15	
23070	1775.4	30.112	30.171	30.15	
23071	1775.5	30.113	30.172	30.151	
23072	1775.6	30.113	30.172	30.151	
23073	1775.7	30.113	30.172	30.151	
23074	1775.8	30.113	30.172	30.151	
23075	1775.9	30.113	30.172	30.151	
23076	1776.	30.113	30.172	30.151	
23077	1776.	30.113	30.172	30.151	
23078	1776.	30.113	30.172	30.151	
23079	1776.	30.113	30.172	30.151	
23080	1776.1	30.113	30.172	30.151	
23081	1776.2	30.113	30.172	30.151	
23082	1776.3	30.113	30.173	30.151	
23083	1776.4	30.114	30.173	30.152	
23084	1776.5	30.114	30.173	30.152	
23085	1776.6	30.114	30.173	30.152	
23086	1776.7	30.114	30.173	30.152	
23087	1776.8	30.114	30.173	30.152	
23088	1776.9	30.114	30.173	30.152	
23089	1777.	30.114	30.173	30.152	
23090	1777.	30.114	30.173	30.152	
23091	1777.	30.114	30.173	30.152	
23092	1777.	30.114	30.173	30.152	
23093	1777.1	30.114	30.174	30.152	
23094	1777.2	30.115	30.174	30.153	
23095	1777.3	30.115	30.174	30.153	
23096	1777.4	30.115	30.174	30.153	
23097	1777.5	30.115	30.174	30.153	
23098	1777.6	30.115	30.174	30.153	
23099	1777.7	30.115	30.174	30.153	
23100	1777.8	30.115	30.174	30.153	
23101	1777.9	30.115	30.174	30.153	
23102	1778.	30.115	30.175	30.153	
23103	1778.	30.115	30.175	30.153	
23104	1778.	30.115	30.175	30.153	
23105	1778.	30.115	30.175	30.153	
23106	1778.1	30.116	30.175	30.154	
23107	1778.2	30.116	30.175	30.154	
23108	1778.3	30.116	30.175	30.154	
23109	1778.4	30.116	30.175	30.154	
23110	1778.5	30.116	30.175	30.154	
23111	1778.6	30.116	30.175	30.154	
23112	1778.7	30.116	30.175	30.154	
23113	1778.8	30.116	30.176	30.154	
23114	1778.9	30.117	30.176	30.155	
23115	1779.	30.117	30.176	30.155	
23116	1779.	30.117	30.176	30.155	
23117	1779.	30.117	30.176	30.155	
23118	1779.	30.117	30.176	30.155	
23119	1779.1	30.117	30.176	30.155	
23120	1779.2	30.117	30.176	30.155	
23121	1779.3	30.117	30.176	30.155	
23122	1779.4	30.117	30.176	30.155	
23123	1779.5	30.117	30.176	30.155	
23124	1779.6	30.117	30.176	30.155	
23125	1779.7	30.117	30.177	30.155	
23126	1779.8	30.118	30.177	30.156	
23127	1779.9	30.118	30.177	30.156	
23128	1780.	30.118	30.177	30.156	
23129	1780.	30.118	30.177	30.156	
23130	1780.	30.118	30.177	30.156	
23131	1780.	30.118	30.177	30.156	
23132	1780.1	30.118	30.177	30.156	
23133	1780.2	30.118	30.177	30.156	
23134	1780.3	30.118	30.177	30.156	
23135	1780.4	30.118	30.177	30.156	
23136	1780.5	30.118	30.178	30.156	
23137	1780.6	30.119	30.178	30.157	
23138	1780.7	30.119	30.178	30.157	
23139	1780.8	30.119	30.178	30.157	
23140	1780.9	30.119	30.178	30.157	
23141	1781.	30.119	30.178	30.157	
23142	1781.	30.119	30.178	30.157	
23143	1781.	30.119	30.178	30.157	
23144	1781.	30.119	30.178	30.157	
23145	1781.1	30.119	30.178	30.157	
23146	1781.2	30.119	30.178	30.157	
23147	1781.3	30.119	30.178	30.157	
23148	1781.4	30.119	30.179	30.158	
23149	1781.5	30.12	30.179	30.158	
23150	1781.6	30.12	30.179	30.158	
23151	1781.7	30.12	30.179	30.158	
23152	1781.8	30.12	30.179	30.158	
23153	1781.9	30.12	30.179	30.158	
23154	1782.	30.12	30.179	30.158	
23155	1782.	30.12	30.179	30.158	
23156	1782.	30.12	30.179	30.158	
23157	1782.	30.12	30.179	30.158	
23158	1782.1	30.12	30.179	30.158	
23159	1782.2	30.12	30.18	30.158	
23160	1782.3	30.121	30.18	30.159	
23161	1782.4	30.121	30.18	30.159	
23162	1782.5	30.121	30.18	30.159	
23163	1782.6	30.121	30.18	30.159	
23164	1782.7	30.121	30.18	30.159	
23165	1782.8	30.121	30.18	30.159	
23166	1782.9	30.121	30.18	30.159	
23167	1783.	30.121	30.18	30.159	
23168	1783.	30.121	30.18	30.159	
23169	1783.	30.121	30.18	30.159	
23170	1783.	30.121	30.181	30.159	
23171	1783.1	30.121	30.181	30.16	
23172	1783.2	30.122	30.181	30.16	
23173	1783.3	30.122	30.181	30.16	
23174	1783.4	30.122	30.181	30.16	
23175	1783.5	30.122	30.181	30.16	
23176	1783.6	30.122	30.181	30.16	
23177	1783.7	30.122	30.181	30.16	
23178	1783.8	30.122	30.181	30.16	
23179	1783.9	30.122	30.182	30.16	
23180	1784.	30.122	30.182	30.161	
23181	1784.	30.122	30.182	30.161	
23182	1784.	30.122	30.182	30.161	
23183	1784.	30.123	30.182	30.161	
23184	1784.1	30.123	30.182	30.161	
23185	1784.2	30.123	30.182	30.161	
23186	1784.3	30.123	30.182	30.161	
23187	1784.4	30.123	30.182	30.161	
23188	1784.5	30.123	30.182	30.161	
23189	1784.6	30.123	30.182	30.161	
23190	1784.7	30.123	30.183	30.161	
23191	1784.8	30.123	30.183	30.162	
23192	1784.9	30.124	30.183	30.162	
23193	1785.	30.124	30.183	30.162	
23194	1785.	30.124	30.183	30.162	
23195	1785.	30.124	30.183	30.162	
23196	1785.	30.124	30.183	30.162	
23197	1785.1	30.124	30.183	30.162	
23198	1785.2	30.124	30.183	30.162	
23199	1785.3	30.124	30.183	30.162	
23200	1785.4	30.124	30.183	30.162	
23201	1785.5	30.124	30.183	30.162	
23202	1785.6	30.124	30.184	30.162	
23203	1785.7	30.125	30.184	30.163	
23204	1785.8	30.125	30.184	30.163	
23205	1785.9	30.125	30.184	30.163	
23206	1786.	30.125	30.184	30.163	
23207	1786.	30.125	30.184	30.163	
23208	1786.	30.125	30.184	30.163	
23209	1786.	30.125	30.184	30.163	
23210	1786.1	30.125	30.184	30.163	
23211	1786.2	30.125	30.184	30.163	
23212	1786.3	30.125	30.184	30.163	
23213	1786.4	30.125	30.185	30.163	
23214	1786.5	30.125	30.185	30.164	
23215	1786.6	30.126	30.185	30.164	
23216	1786.7	30.126	30.185	30.164	
23217	1786.8	30.126	30.185	30.164	
23218	1786.9	30.126	30.185	30.164	
23219	1787.	30.126	30.185	30.164	
23220	1787.	30.126	30.185	30.164	
23221	1787.	30.126	30.185	30.164	
23222	1787.	30.126	30.185	30.164	
23223	1787.1	30.126	30.185	30.164	
23224	1787.2	30.126	30.185	30.164	
23225	1787.3	30.126	30.186	30.164	
23226	1787.4	30.127	30.186	30.165	
23227	1787.5	30.127	30.186	30.165	
23228	1787.6	30.127	30.186	30.165	
23229	1787.7	30.127	30.186	30.165	
23230	1787.8	30.127	30.186	30.165	
23231	1787.9	30.127	30.186	30.165	
23232	1788.	30.127	30.186	30.165	
23233	1788.	30.127	30.186	30.165	
23234	1788.	30.127	30.186	30.165	
23235	1788.	30.127	30.186	30.165	
23236	1788.1	30.127	30.187	30.165	
23237	1788.2	30.127	30.187	30.166	
23238	1788.3	30.128	30.187	30.166	
23239	1788.4	30.128	30.187	30.166	
23240	1788.5	30.128	30.187	30.166	
23241	1788.6	30.128	30.187	30.166	
23242	1788.7	30.128	30.187	30.166	
23243	1788.8	30.128	30.187	30.166	
23244	1788.9	30.128	30.187	30.166	
23245	1789.	30.128	30.188	30.166	
23246	1789.	30.128	30.188	30.166	
23247	1789.	30.128	30.188	30.166	
23248	1789.	30.128	30.188	30.166	
23249	1789.1	30.129	30.188	30.167	
23250	1789.2	30.129	30.188	30.167	
23251	1789.3	30.129	30.188	30.167	
23252	1789.4	30.129	30.188	30.167	
23253	1789.5	30.129	30.188	30.167	
23254	1789.6	30.129	30.188	30.167	
23255	1789.7	30.129	30.188	30.167	
23256	1789.8	30.129	30.189	30.167	
23257	1789.9	30.129	30.189	30.168	
23258	1790.	30.13	30.189	30.168	
23259	1790.	30.13	30.189	30.168	
23260	1790.	30.13	30.189	30.168	
23261	1790.	30.13	30.189	30.168	
23262	1790.1	30.13	30.189	30.168	
23263	1790.2	30.13	30.189	30.168	
23264	1790.3	30.13	30.189	30.168	
23265	1790.4	30.13	30.189	30.168	
23266	1790.5	30.13	30.189	30.168	
23267	1790.6	30.13	30.19	30.168	
23268	1790.7	30.13	30.19	30.168	
23269	1790.8	30.131	30.19	30.169	
23270	1790.9	30.131	30.19	30.169	
23271	1791.	30.131	30.19	30.169	
23272	1791.	30.131	30.19	30.169	
23273	1791.	30.131	30.19	30.169	
23274	1791.	30.131	30.19	30.169	
23275	1791.1	30.131	30.19	30.169	
23276	1791.2	30.131	30.19	30.169	
23277	1791.3	30.131	30.19	30.169	
23278	1791.4	30.131	30.19	30.169	
23279	1791.5	30.131	30.191	30.169	
23280	1791.6	30.131	30.191	30.17	
23281	1791.7	30.132	30.191	30.17	
23282	1791.8	30.132	30.191	30.17	
23283	1791.9	30.132	30.191	30.17	
23284	1792.	30.132	30.191	30.17	
23285	1792.	30.132	30.191	30.17	
23286	1792.	30.132	30.191	30.17	
23287	1792.	30.132	30.191	30.17	
23288	1792.1	30.132	30.191	30.17	
23289	1792.2	30.132	30.191	30.17	
23290	1792.3	30.132	30.192	30.17	
23291	1792.4	30.132	30.192	30.171	
23292	1792.5	30.132	30.192	30.171	
23293	1792.6	30.133	30.192	30.171	
23294	1792.7	30.133	30.192	30.171	
23295	1792.8	30.133	30.192	30.171	
23296	1792.9	30.133	30.192	30.171	
23297	1793.	30.133	30.192	30.171	
23298	1793.	30.133	30.192	30.171	
23299	1793.	30.133	30.192	30.171	
23300	1793.	30.133	30.192	30.171	
23301	1793.1	30.133	30.192	30.171	
23302	1793.2	30.133	30.193	30.171	
23303	1793.3	30.133	30.193	30.172	
23304	1793.4	30.134	30.193	30.172	
23305	1793.5	30.134	30.193	30.172	
23306	1793.6	30.134	30.193	30.172	
23307	1793.7	30.134	30.193	30.172	
23308	1793.8	30.134	30.193	30.172	
23309	1793.9	30.134	30.193	30.172	
23310	1794.	30.134	30.193	30.172	
23311	1794.	30.134	30.194	30.172	
23312	1794.	30.134	30.194	30.172	
23313	1794.	30.134	30.194	30.172	
23314	1794.1	30.134	30.194	30.173	
23315	1794.2	30.134	30.194	30.173	
23316	1794.3	30.135	30.194	30.173	
23317	1794.4	30.135	30.194	30.173	
23318	1794.5	30.135	30.194	30.173	
23319	1794.6	30.135	30.194	30.173	
23320	1794.7	30.135	30.194	30.173	
23321	1794.8	30.135	30.194	30.173	
23322	1794.9	30.135	30.195	30.173	
23323	1795.	30.135	30.195	30.174	
23324	1795.	30.135	30.195	30.174	
23325	1795.	30.135	30.195	30.174	
23326	1795.	30.135	30.195	30.174	
23327	1795.1	30.136	30.195	30.174	
23328	1795.2	30.136	30.195	30.174	
23329	1795.3	30.136	30.195	30.174	
23330	1795.4	30.136	30.195	30.174	
23331	1795.5	30.136	30.195	30.174	
23332	1795.6	30.136	30.195	30.174	
23333	1795.7	30.136	30.196	30.174	
23334	1795.8	30.136	30.196	30.175	
23335	1795.9	30.136	30.196	30.175	
23336	1796.	30.137	30.196	30.175	
23337	1796.	30.137	30.196	30.175	
23338	1796.	30.137	30.196	30.175	
23339	1796.	30.137	30.196	30.175	
23340	1796.1	30.137	30.196	30.175	
23341	1796.2	30.137	30.196	30.175	
23342	1796.3	30.137	30.196	30.175	
23343	1796.4	30.137	30.196	30.175	
23344	1796.5	30.137	30.197	30.175	
23345	1796.6	30.137	30.197	30.175	
23346	1796.7	30.137	30.197	30.176	
23347	1796.8	30.138	30.197	30.176	
23348	1796.9	30.138	30.197	30.176	
23349	1797.	30.138	30.197	30.176	
23350	1797.	30.138	30.197	30.176	
23351	1797.	30.138	30.197	30.176	
23352	1797.	30.138	30.197	30.176	
23353	1797.1	30.138	30.197	30.176	
23354	1797.2	30.138	30.197	30.176	
23355	1797.3	30.138	30.197	30.176	
23356	1797.4	30.138	30.198	30.176	
23357	1797.5	30.138	30.198	30.177	
23358	1797.6	30.138	30.198	30.177	
23359	1797.7	30.139	30.198	30.177	
23360	1797.8	30.139	30.198	30.177	
23361	1797.9	30.139	30.198	30.177	
23362	1798.	30.139	30.198	30.177	
23363	1798.	30.139	30.198	30.177	
23364	1798.	30.139	30.198	30.177	
23365	1798.	30.139	30.198	30.177	
23366	1798.1	30.139	30.198	30.177	
23367	1798.2	30.139	30.199	30.177	
23368	1798.3	30.139	30.199	30.177	
23369	1798.4	30.139	30.199	30.178	
23370	1798.5	30.14	30.199	30.178	
23371	1798.6	30.14	30.199	30.178	
23372	1798.7	30.14	30.199	30.178	
23373	1798.8	30.14	30.199	30.178	
23374	1798.9	30.14	30.199	30.178	
23375	1799.	30.14	30.199	30.178	
23376	1799.	30.14	30.199	30.178	
23377	1799.	30.14	30.199	30.178	
23378	1799.	30.14	30.199	30.178	
23379	1799.1	30.14	30.2	30.178	
23380	1799.2	30.14	30.2	30.179	
23381	1799.3	30.14	30.2	30.179	
23382	1799.4	30.141	30.2	30.179	
23383	1799.5	30.141	30.2	30.179	
23384	1799.6	30.141	30.2	30.179	
23385	1799.7	30.141	30.2	30.179	
23386	1799.8	30.141	30.2	30.179	
23387	1799.9	30.141	30.201	30.179	
23388	1800.	30.141	30.201	30.179	
