	Time [s]	Minimum [°C]	Maximum [°C]	Average [°C]	
1	1.	32.513	32.523	32.519	
2	1.01	32.515	32.525	32.521	
3	1.02	32.516	32.526	32.522	
4	1.05	32.516	32.526	32.522	
5	1.11	32.515	32.526	32.522	
6	1.21	32.514	32.526	32.521	
7	1.31	32.513	32.525	32.521	
8	1.41	32.511	32.525	32.52	
9	1.51	32.51	32.525	32.519	
10	1.61	32.508	32.525	32.519	
11	1.71	32.507	32.525	32.518	
12	1.81	32.505	32.525	32.518	
13	1.91	32.503	32.525	32.517	
14	2.	32.501	32.525	32.516	
15	2.01	32.501	32.525	32.516	
16	2.02	32.501	32.525	32.516	
17	2.05	32.5	32.525	32.516	
18	2.14	32.498	32.525	32.516	
19	2.24	32.496	32.525	32.515	
20	2.34	32.494	32.526	32.515	
21	2.44	32.492	32.526	32.514	
22	2.54	32.491	32.526	32.514	
23	2.64	32.489	32.526	32.513	
24	2.74	32.487	32.527	32.513	
25	2.84	32.485	32.527	32.512	
26	2.94	32.484	32.527	32.512	
27	3.	32.483	32.527	32.511	
28	3.01	32.483	32.527	32.511	
29	3.02	32.482	32.527	32.511	
30	3.05	32.482	32.527	32.511	
31	3.14	32.481	32.528	32.511	
32	3.24	32.479	32.528	32.511	
33	3.34	32.478	32.528	32.51	
34	3.44	32.476	32.528	32.51	
35	3.54	32.475	32.528	32.509	
36	3.64	32.474	32.529	32.509	
37	3.74	32.473	32.529	32.509	
38	3.84	32.472	32.529	32.509	
39	3.94	32.471	32.529	32.508	
40	4.	32.47	32.529	32.508	
41	4.01	32.47	32.529	32.508	
42	4.02	32.47	32.529	32.508	
43	4.05	32.469	32.529	32.508	
44	4.14	32.469	32.529	32.508	
45	4.24	32.468	32.529	32.507	
46	4.34	32.467	32.529	32.507	
47	4.44	32.466	32.53	32.507	
48	4.54	32.465	32.53	32.507	
49	4.64	32.464	32.53	32.506	
50	4.74	32.463	32.53	32.506	
51	4.84	32.463	32.53	32.506	
52	4.94	32.462	32.53	32.506	
53	5.	32.462	32.53	32.506	
54	5.01	32.461	32.53	32.506	
55	5.02	32.461	32.53	32.506	
56	5.05	32.461	32.53	32.506	
57	5.14	32.461	32.53	32.505	
58	5.24	32.46	32.53	32.505	
59	5.34	32.459	32.53	32.505	
60	5.44	32.459	32.53	32.505	
61	5.54	32.458	32.53	32.505	
62	5.64	32.458	32.53	32.505	
63	5.74	32.457	32.531	32.504	
64	5.84	32.457	32.531	32.504	
65	5.94	32.456	32.531	32.504	
66	6.	32.456	32.531	32.504	
67	6.01	32.456	32.531	32.504	
68	6.02	32.456	32.531	32.504	
69	6.05	32.456	32.531	32.504	
70	6.14	32.455	32.531	32.504	
71	6.24	32.455	32.531	32.504	
72	6.34	32.454	32.531	32.504	
73	6.44	32.454	32.531	32.503	
74	6.54	32.453	32.531	32.503	
75	6.64	32.453	32.531	32.503	
76	6.74	32.453	32.531	32.503	
77	6.84	32.452	32.531	32.503	
78	6.94	32.452	32.531	32.503	
79	7.	32.452	32.531	32.503	
80	7.01	32.452	32.531	32.503	
81	7.02	32.452	32.531	32.503	
82	7.05	32.451	32.531	32.503	
83	7.14	32.451	32.531	32.503	
84	7.24	32.451	32.531	32.502	
85	7.34	32.45	32.531	32.502	
86	7.44	32.45	32.531	32.502	
87	7.54	32.45	32.531	32.502	
88	7.64	32.449	32.531	32.502	
89	7.74	32.449	32.531	32.502	
90	7.84	32.449	32.531	32.502	
91	7.94	32.449	32.531	32.502	
92	8.	32.448	32.531	32.502	
93	8.01	32.448	32.531	32.502	
94	8.02	32.448	32.531	32.502	
95	8.05	32.448	32.531	32.502	
96	8.14	32.448	32.531	32.502	
97	8.24	32.448	32.531	32.501	
98	8.34	32.447	32.531	32.501	
99	8.44	32.447	32.531	32.501	
100	8.54	32.447	32.531	32.501	
101	8.64	32.447	32.531	32.501	
102	8.74	32.446	32.531	32.501	
103	8.84	32.446	32.531	32.501	
104	8.94	32.446	32.531	32.501	
105	9.	32.446	32.531	32.501	
106	9.01	32.446	32.531	32.501	
107	9.02	32.446	32.531	32.501	
108	9.05	32.446	32.531	32.501	
109	9.14	32.445	32.531	32.501	
110	9.24	32.445	32.531	32.5	
111	9.34	32.445	32.531	32.5	
112	9.44	32.445	32.531	32.5	
113	9.54	32.445	32.531	32.5	
114	9.64	32.444	32.531	32.5	
115	9.74	32.444	32.531	32.5	
116	9.84	32.444	32.531	32.5	
117	9.94	32.444	32.531	32.5	
118	10.	32.444	32.531	32.5	
119	10.01	32.444	32.531	32.5	
120	10.02	32.444	32.531	32.5	
121	10.05	32.443	32.531	32.5	
122	10.14	32.443	32.531	32.5	
123	10.24	32.443	32.531	32.5	
124	10.34	32.443	32.531	32.499	
125	10.44	32.443	32.531	32.499	
126	10.54	32.443	32.531	32.499	
127	10.64	32.442	32.531	32.499	
128	10.74	32.442	32.531	32.499	
129	10.84	32.442	32.53	32.499	
130	10.94	32.442	32.53	32.499	
131	11.	32.442	32.53	32.499	
132	11.01	32.442	32.53	32.499	
133	11.02	32.442	32.53	32.499	
134	11.05	32.442	32.53	32.499	
135	11.14	32.442	32.53	32.499	
136	11.24	32.441	32.53	32.499	
137	11.34	32.441	32.53	32.499	
138	11.44	32.441	32.53	32.498	
139	11.54	32.441	32.53	32.498	
140	11.64	32.441	32.53	32.498	
141	11.74	32.441	32.53	32.498	
142	11.84	32.44	32.53	32.498	
143	11.94	32.44	32.53	32.498	
144	12.	32.44	32.53	32.498	
145	12.01	32.44	32.53	32.498	
146	12.02	32.44	32.53	32.498	
147	12.05	32.44	32.53	32.498	
148	12.14	32.44	32.53	32.498	
149	12.24	32.44	32.53	32.498	
150	12.34	32.44	32.53	32.498	
151	12.44	32.44	32.53	32.498	
152	12.54	32.44	32.53	32.498	
153	12.64	32.439	32.53	32.497	
154	12.74	32.439	32.53	32.497	
155	12.84	32.439	32.53	32.497	
156	12.94	32.439	32.529	32.497	
157	13.	32.439	32.529	32.497	
158	13.01	32.439	32.529	32.497	
159	13.02	32.439	32.529	32.497	
160	13.05	32.439	32.529	32.497	
161	13.14	32.439	32.529	32.497	
162	13.24	32.439	32.529	32.497	
163	13.34	32.439	32.529	32.497	
164	13.44	32.438	32.529	32.497	
165	13.54	32.438	32.529	32.497	
166	13.64	32.438	32.529	32.497	
167	13.74	32.438	32.529	32.497	
168	13.84	32.438	32.529	32.496	
169	13.94	32.438	32.529	32.496	
170	14.	32.438	32.529	32.496	
171	14.01	32.438	32.529	32.496	
172	14.02	32.438	32.529	32.496	
173	14.05	32.438	32.529	32.496	
174	14.14	32.438	32.529	32.496	
175	14.24	32.438	32.529	32.496	
176	14.34	32.437	32.529	32.496	
177	14.44	32.437	32.529	32.496	
178	14.54	32.437	32.529	32.496	
179	14.64	32.437	32.528	32.496	
180	14.74	32.437	32.528	32.496	
181	14.84	32.437	32.528	32.496	
182	14.94	32.437	32.528	32.496	
183	15.	32.437	32.528	32.496	
184	15.01	32.437	32.528	32.496	
185	15.02	32.437	32.528	32.496	
186	15.05	32.437	32.528	32.496	
187	15.14	32.437	32.528	32.495	
188	15.24	32.437	32.528	32.495	
189	15.34	32.436	32.528	32.495	
190	15.44	32.436	32.528	32.495	
191	15.54	32.436	32.528	32.495	
192	15.64	32.436	32.528	32.495	
193	15.74	32.436	32.528	32.495	
194	15.84	32.436	32.528	32.495	
195	15.94	32.436	32.528	32.495	
196	16.	32.436	32.528	32.495	
197	16.01	32.436	32.528	32.495	
198	16.02	32.436	32.528	32.495	
199	16.05	32.436	32.528	32.495	
200	16.14	32.436	32.527	32.495	
201	16.24	32.436	32.527	32.495	
202	16.34	32.436	32.527	32.495	
203	16.44	32.435	32.527	32.494	
204	16.54	32.435	32.527	32.494	
205	16.64	32.435	32.527	32.494	
206	16.74	32.435	32.527	32.494	
207	16.84	32.435	32.527	32.494	
208	16.94	32.435	32.527	32.494	
209	17.	32.435	32.527	32.494	
210	17.01	32.435	32.527	32.494	
211	17.02	32.435	32.527	32.494	
212	17.05	32.435	32.527	32.494	
213	17.14	32.435	32.527	32.494	
214	17.24	32.435	32.527	32.494	
215	17.34	32.435	32.527	32.494	
216	17.44	32.435	32.527	32.494	
217	17.54	32.434	32.527	32.494	
218	17.64	32.434	32.526	32.494	
219	17.74	32.434	32.526	32.494	
220	17.84	32.434	32.526	32.493	
221	17.94	32.434	32.526	32.493	
222	18.	32.434	32.526	32.493	
223	18.01	32.434	32.526	32.493	
224	18.02	32.434	32.526	32.493	
225	18.05	32.434	32.526	32.493	
226	18.14	32.434	32.526	32.493	
227	18.24	32.434	32.526	32.493	
228	18.34	32.434	32.526	32.493	
229	18.44	32.434	32.526	32.493	
230	18.54	32.434	32.526	32.493	
231	18.64	32.434	32.526	32.493	
232	18.74	32.434	32.526	32.493	
233	18.84	32.433	32.526	32.493	
234	18.94	32.433	32.526	32.493	
235	19.	32.433	32.526	32.493	
236	19.01	32.433	32.526	32.493	
237	19.02	32.433	32.526	32.493	
238	19.05	32.433	32.525	32.493	
239	19.14	32.433	32.525	32.493	
240	19.24	32.433	32.525	32.492	
241	19.34	32.433	32.525	32.492	
242	19.44	32.433	32.525	32.492	
243	19.54	32.433	32.525	32.492	
244	19.64	32.433	32.525	32.492	
245	19.74	32.433	32.525	32.492	
246	19.84	32.433	32.525	32.492	
247	19.94	32.433	32.525	32.492	
248	20.	32.433	32.525	32.492	
249	20.01	32.433	32.525	32.492	
250	20.02	32.433	32.525	32.492	
251	20.05	32.433	32.525	32.492	
252	20.14	32.433	32.525	32.492	
253	20.24	32.432	32.525	32.492	
254	20.34	32.432	32.525	32.492	
255	20.44	32.432	32.525	32.492	
256	20.54	32.432	32.524	32.492	
257	20.64	32.432	32.524	32.492	
258	20.74	32.432	32.524	32.491	
259	20.84	32.432	32.524	32.491	
260	20.94	32.432	32.524	32.491	
261	21.	32.432	32.524	32.491	
262	21.01	32.432	32.524	32.491	
263	21.02	32.432	32.524	32.491	
264	21.05	32.432	32.524	32.491	
265	21.14	32.432	32.524	32.491	
266	21.24	32.432	32.524	32.491	
267	21.34	32.432	32.524	32.491	
268	21.44	32.432	32.524	32.491	
269	21.54	32.432	32.524	32.491	
270	21.64	32.432	32.524	32.491	
271	21.74	32.431	32.524	32.491	
272	21.84	32.431	32.524	32.491	
273	21.94	32.431	32.524	32.491	
274	22.	32.431	32.524	32.491	
275	22.01	32.431	32.524	32.491	
276	22.02	32.431	32.524	32.491	
277	22.05	32.431	32.524	32.491	
278	22.14	32.431	32.523	32.491	
279	22.24	32.431	32.523	32.49	
280	22.34	32.431	32.523	32.49	
281	22.44	32.431	32.523	32.49	
282	22.54	32.431	32.523	32.49	
283	22.64	32.431	32.523	32.49	
284	22.74	32.431	32.523	32.49	
285	22.84	32.431	32.523	32.49	
286	22.94	32.431	32.523	32.49	
287	23.	32.431	32.523	32.49	
288	23.01	32.431	32.523	32.49	
289	23.02	32.431	32.523	32.49	
290	23.05	32.431	32.523	32.49	
291	23.14	32.431	32.523	32.49	
292	23.24	32.431	32.523	32.49	
293	23.34	32.43	32.523	32.49	
294	23.44	32.43	32.523	32.49	
295	23.54	32.43	32.523	32.49	
296	23.64	32.43	32.522	32.49	
297	23.74	32.43	32.522	32.49	
298	23.84	32.43	32.522	32.489	
299	23.94	32.43	32.522	32.489	
300	24.	32.43	32.522	32.489	
301	24.01	32.43	32.522	32.489	
302	24.02	32.43	32.522	32.489	
303	24.05	32.43	32.522	32.489	
304	24.14	32.43	32.522	32.489	
305	24.24	32.43	32.522	32.489	
306	24.34	32.43	32.522	32.489	
307	24.44	32.43	32.522	32.489	
308	24.54	32.43	32.522	32.489	
309	24.64	32.43	32.522	32.489	
310	24.74	32.43	32.522	32.489	
311	24.84	32.43	32.522	32.489	
312	24.94	32.43	32.522	32.489	
313	25.	32.429	32.522	32.489	
314	25.01	32.429	32.522	32.489	
315	25.02	32.429	32.522	32.489	
316	25.05	32.429	32.522	32.489	
317	25.14	32.429	32.522	32.489	
318	25.24	32.429	32.522	32.489	
319	25.34	32.429	32.521	32.489	
320	25.44	32.429	32.521	32.488	
321	25.54	32.429	32.521	32.488	
322	25.64	32.429	32.521	32.488	
323	25.74	32.429	32.521	32.488	
324	25.84	32.429	32.521	32.488	
325	25.94	32.429	32.521	32.488	
326	26.	32.429	32.521	32.488	
327	26.01	32.429	32.521	32.488	
328	26.02	32.429	32.521	32.488	
329	26.05	32.429	32.521	32.488	
330	26.14	32.429	32.521	32.488	
331	26.24	32.429	32.521	32.488	
332	26.34	32.429	32.521	32.488	
333	26.44	32.429	32.521	32.488	
334	26.54	32.429	32.521	32.488	
335	26.64	32.429	32.521	32.488	
336	26.74	32.428	32.521	32.488	
337	26.84	32.428	32.521	32.488	
338	26.94	32.428	32.521	32.488	
339	27.	32.428	32.521	32.488	
340	27.01	32.428	32.521	32.488	
341	27.02	32.428	32.52	32.488	
342	27.05	32.428	32.52	32.488	
343	27.14	32.428	32.52	32.488	
344	27.24	32.428	32.52	32.487	
345	27.34	32.428	32.52	32.487	
346	27.44	32.428	32.52	32.487	
347	27.54	32.428	32.52	32.487	
348	27.64	32.428	32.52	32.487	
349	27.74	32.428	32.52	32.487	
350	27.84	32.428	32.52	32.487	
351	27.94	32.428	32.52	32.487	
352	28.	32.428	32.52	32.487	
353	28.01	32.428	32.52	32.487	
354	28.02	32.428	32.52	32.487	
355	28.05	32.428	32.52	32.487	
356	28.14	32.428	32.52	32.487	
357	28.24	32.428	32.52	32.487	
358	28.34	32.428	32.52	32.487	
359	28.44	32.428	32.52	32.487	
360	28.54	32.428	32.52	32.487	
361	28.64	32.428	32.52	32.487	
362	28.74	32.427	32.52	32.487	
363	28.84	32.427	32.519	32.487	
364	28.94	32.427	32.519	32.487	
365	29.	32.427	32.519	32.487	
366	29.01	32.427	32.519	32.487	
367	29.02	32.427	32.519	32.487	
368	29.05	32.427	32.519	32.487	
369	29.14	32.427	32.519	32.486	
370	29.24	32.427	32.519	32.486	
371	29.34	32.427	32.519	32.486	
372	29.44	32.427	32.519	32.486	
373	29.54	32.427	32.519	32.486	
374	29.64	32.427	32.519	32.486	
375	29.74	32.427	32.519	32.486	
376	29.84	32.427	32.519	32.486	
377	29.94	32.427	32.519	32.486	
378	30.	32.427	32.519	32.486	
379	30.01	32.427	32.519	32.486	
380	30.02	32.427	32.519	32.486	
381	30.05	32.427	32.519	32.486	
382	30.14	32.427	32.519	32.486	
383	30.24	32.427	32.519	32.486	
384	30.34	32.427	32.519	32.486	
385	30.44	32.427	32.519	32.486	
386	30.54	32.427	32.519	32.486	
387	30.64	32.427	32.519	32.486	
388	30.74	32.426	32.519	32.486	
389	30.84	32.426	32.518	32.486	
390	30.94	32.426	32.518	32.486	
391	31.	32.426	32.518	32.486	
392	31.01	32.426	32.518	32.486	
393	31.02	32.426	32.518	32.486	
394	31.05	32.426	32.518	32.486	
395	31.14	32.426	32.518	32.485	
396	31.24	32.426	32.518	32.485	
397	31.34	32.426	32.518	32.485	
398	31.44	32.426	32.518	32.485	
399	31.54	32.426	32.518	32.485	
400	31.64	32.426	32.518	32.485	
401	31.74	32.426	32.518	32.485	
402	31.84	32.426	32.518	32.485	
403	31.94	32.426	32.518	32.485	
404	32.	32.426	32.518	32.485	
405	32.01	32.426	32.518	32.485	
406	32.02	32.426	32.518	32.485	
407	32.05	32.426	32.518	32.485	
408	32.14	32.426	32.518	32.485	
409	32.24	32.426	32.518	32.485	
410	32.34	32.426	32.518	32.485	
411	32.44	32.426	32.518	32.485	
412	32.54	32.426	32.518	32.485	
413	32.64	32.426	32.518	32.485	
414	32.74	32.426	32.518	32.485	
415	32.84	32.426	32.517	32.485	
416	32.94	32.425	32.517	32.485	
417	33.	32.425	32.517	32.485	
418	33.01	32.425	32.517	32.485	
419	33.02	32.425	32.517	32.485	
420	33.05	32.425	32.517	32.485	
421	33.14	32.425	32.517	32.485	
422	33.24	32.425	32.517	32.484	
423	33.34	32.425	32.517	32.484	
424	33.44	32.425	32.517	32.484	
425	33.54	32.425	32.517	32.484	
426	33.64	32.425	32.517	32.484	
427	33.74	32.425	32.517	32.484	
428	33.84	32.425	32.517	32.484	
429	33.94	32.425	32.517	32.484	
430	34.	32.425	32.517	32.484	
431	34.01	32.425	32.517	32.484	
432	34.02	32.425	32.517	32.484	
433	34.05	32.425	32.517	32.484	
434	34.14	32.425	32.517	32.484	
435	34.24	32.425	32.517	32.484	
436	34.34	32.425	32.517	32.484	
437	34.44	32.425	32.517	32.484	
438	34.54	32.425	32.517	32.484	
439	34.64	32.425	32.517	32.484	
440	34.74	32.425	32.517	32.484	
441	34.84	32.425	32.517	32.484	
442	34.94	32.425	32.517	32.484	
443	35.	32.425	32.517	32.484	
444	35.01	32.425	32.517	32.484	
445	35.02	32.425	32.517	32.484	
446	35.05	32.425	32.517	32.484	
447	35.14	32.425	32.516	32.484	
448	35.24	32.425	32.516	32.484	
449	35.34	32.424	32.516	32.484	
450	35.44	32.424	32.516	32.484	
451	35.54	32.424	32.516	32.483	
452	35.64	32.424	32.516	32.483	
453	35.74	32.424	32.516	32.483	
454	35.84	32.424	32.516	32.483	
455	35.94	32.424	32.516	32.483	
456	36.	32.424	32.516	32.483	
457	36.01	32.424	32.516	32.483	
458	36.02	32.424	32.516	32.483	
459	36.05	32.424	32.516	32.483	
460	36.14	32.424	32.516	32.483	
461	36.24	32.424	32.516	32.483	
462	36.34	32.424	32.516	32.483	
463	36.44	32.424	32.516	32.483	
464	36.54	32.424	32.516	32.483	
465	36.64	32.424	32.516	32.483	
466	36.74	32.424	32.516	32.483	
467	36.84	32.424	32.516	32.483	
468	36.94	32.424	32.516	32.483	
469	37.	32.424	32.516	32.483	
470	37.01	32.424	32.516	32.483	
471	37.02	32.424	32.516	32.483	
472	37.05	32.424	32.516	32.483	
473	37.14	32.424	32.516	32.483	
474	37.24	32.424	32.516	32.483	
475	37.34	32.424	32.516	32.483	
476	37.44	32.424	32.516	32.483	
477	37.54	32.424	32.515	32.483	
478	37.64	32.424	32.515	32.483	
479	37.74	32.424	32.515	32.483	
480	37.84	32.424	32.515	32.483	
481	37.94	32.424	32.515	32.483	
482	38.	32.423	32.515	32.483	
483	38.01	32.423	32.515	32.483	
484	38.02	32.423	32.515	32.483	
485	38.05	32.423	32.515	32.483	
486	38.14	32.423	32.515	32.482	
487	38.24	32.423	32.515	32.482	
488	38.34	32.423	32.515	32.482	
489	38.44	32.423	32.515	32.482	
490	38.54	32.423	32.515	32.482	
491	38.64	32.423	32.515	32.482	
492	38.74	32.423	32.515	32.482	
493	38.84	32.423	32.515	32.482	
494	38.94	32.423	32.515	32.482	
495	39.	32.423	32.515	32.482	
496	39.01	32.423	32.515	32.482	
497	39.02	32.423	32.515	32.482	
498	39.05	32.423	32.515	32.482	
499	39.14	32.423	32.515	32.482	
500	39.24	32.423	32.515	32.482	
501	39.34	32.423	32.515	32.482	
502	39.44	32.423	32.515	32.482	
503	39.54	32.423	32.515	32.482	
504	39.64	32.423	32.515	32.482	
505	39.74	32.423	32.515	32.482	
506	39.84	32.423	32.515	32.482	
507	39.94	32.423	32.515	32.482	
508	40.	32.423	32.515	32.482	
509	40.01	32.423	32.515	32.482	
510	40.02	32.423	32.515	32.482	
511	40.05	32.423	32.515	32.482	
512	40.14	32.423	32.515	32.482	
513	40.24	32.423	32.514	32.482	
514	40.34	32.423	32.514	32.482	
515	40.44	32.423	32.514	32.482	
516	40.54	32.423	32.514	32.482	
517	40.64	32.423	32.514	32.482	
518	40.74	32.423	32.514	32.482	
519	40.84	32.423	32.514	32.482	
520	40.94	32.423	32.514	32.482	
521	41.	32.423	32.514	32.481	
522	41.01	32.423	32.514	32.481	
523	41.02	32.423	32.514	32.481	
524	41.05	32.422	32.514	32.481	
525	41.14	32.422	32.514	32.481	
526	41.24	32.422	32.514	32.481	
527	41.34	32.422	32.514	32.481	
528	41.44	32.422	32.514	32.481	
529	41.54	32.422	32.514	32.481	
530	41.64	32.422	32.514	32.481	
531	41.74	32.422	32.514	32.481	
532	41.84	32.422	32.514	32.481	
533	41.94	32.422	32.514	32.481	
534	42.	32.422	32.514	32.481	
535	42.01	32.422	32.514	32.481	
536	42.02	32.422	32.514	32.481	
537	42.05	32.422	32.514	32.481	
538	42.14	32.422	32.514	32.481	
539	42.24	32.422	32.514	32.481	
540	42.34	32.422	32.514	32.481	
541	42.44	32.422	32.514	32.481	
542	42.54	32.422	32.514	32.481	
543	42.64	32.422	32.514	32.481	
544	42.74	32.422	32.514	32.481	
545	42.84	32.422	32.514	32.481	
546	42.94	32.422	32.514	32.481	
547	43.	32.422	32.514	32.481	
548	43.01	32.422	32.514	32.481	
549	43.02	32.422	32.514	32.481	
550	43.05	32.422	32.514	32.481	
551	43.14	32.422	32.514	32.481	
552	43.24	32.422	32.514	32.481	
553	43.34	32.422	32.514	32.481	
554	43.44	32.422	32.513	32.481	
555	43.54	32.422	32.513	32.481	
556	43.64	32.422	32.513	32.481	
557	43.74	32.422	32.513	32.481	
558	43.84	32.422	32.513	32.481	
559	43.94	32.422	32.513	32.481	
560	44.	32.422	32.513	32.481	
561	44.01	32.422	32.513	32.481	
562	44.02	32.422	32.513	32.481	
563	44.05	32.422	32.513	32.481	
564	44.14	32.422	32.513	32.481	
565	44.24	32.422	32.513	32.481	
566	44.34	32.422	32.513	32.481	
567	44.44	32.422	32.513	32.48	
568	44.54	32.422	32.513	32.48	
569	44.64	32.422	32.513	32.48	
570	44.74	32.421	32.513	32.48	
571	44.84	32.421	32.513	32.48	
572	44.94	32.421	32.513	32.48	
573	45.	32.421	32.513	32.48	
574	45.01	32.421	32.513	32.48	
575	45.02	32.421	32.513	32.48	
576	45.05	32.421	32.513	32.48	
577	45.14	32.421	32.513	32.48	
578	45.24	32.421	32.513	32.48	
579	45.34	32.421	32.513	32.48	
580	45.44	32.421	32.513	32.48	
581	45.54	32.421	32.513	32.48	
582	45.64	32.421	32.513	32.48	
583	45.74	32.421	32.513	32.48	
584	45.84	32.421	32.513	32.48	
585	45.94	32.421	32.513	32.48	
586	46.	32.421	32.513	32.48	
587	46.01	32.421	32.513	32.48	
588	46.02	32.421	32.513	32.48	
589	46.05	32.421	32.513	32.48	
590	46.14	32.421	32.513	32.48	
591	46.24	32.421	32.513	32.48	
592	46.34	32.421	32.513	32.48	
593	46.44	32.421	32.513	32.48	
594	46.54	32.421	32.513	32.48	
595	46.64	32.421	32.513	32.48	
596	46.74	32.421	32.513	32.48	
597	46.84	32.421	32.513	32.48	
598	46.94	32.421	32.513	32.48	
599	47.	32.421	32.513	32.48	
600	47.01	32.421	32.513	32.48	
601	47.02	32.421	32.513	32.48	
602	47.05	32.421	32.513	32.48	
603	47.14	32.421	32.512	32.48	
604	47.24	32.421	32.512	32.48	
605	47.34	32.421	32.512	32.48	
606	47.44	32.421	32.512	32.48	
607	47.54	32.421	32.512	32.48	
608	47.64	32.421	32.512	32.48	
609	47.74	32.421	32.512	32.48	
610	47.84	32.421	32.512	32.48	
611	47.94	32.421	32.512	32.48	
612	48.	32.421	32.512	32.48	
613	48.01	32.421	32.512	32.48	
614	48.02	32.421	32.512	32.48	
615	48.05	32.421	32.512	32.48	
616	48.14	32.421	32.512	32.48	
617	48.24	32.421	32.512	32.48	
618	48.34	32.421	32.512	32.48	
619	48.44	32.421	32.512	32.48	
620	48.54	32.421	32.512	32.48	
621	48.64	32.421	32.512	32.479	
622	48.74	32.421	32.512	32.479	
623	48.84	32.421	32.512	32.479	
624	48.94	32.421	32.512	32.479	
625	49.	32.421	32.512	32.479	
626	49.01	32.421	32.512	32.479	
627	49.02	32.421	32.512	32.479	
628	49.05	32.421	32.512	32.479	
629	49.14	32.421	32.512	32.479	
630	49.24	32.421	32.512	32.479	
631	49.34	32.42	32.512	32.479	
632	49.44	32.42	32.512	32.479	
633	49.54	32.42	32.512	32.479	
634	49.64	32.42	32.512	32.479	
635	49.74	32.42	32.512	32.479	
636	49.84	32.42	32.512	32.479	
637	49.94	32.42	32.512	32.479	
638	50.	32.42	32.512	32.479	
639	50.01	32.42	32.512	32.479	
640	50.02	32.42	32.512	32.479	
641	50.05	32.42	32.512	32.479	
642	50.14	32.42	32.512	32.479	
643	50.24	32.42	32.512	32.479	
644	50.34	32.42	32.512	32.479	
645	50.44	32.42	32.512	32.479	
646	50.54	32.42	32.512	32.479	
647	50.64	32.42	32.512	32.479	
648	50.74	32.42	32.512	32.479	
649	50.84	32.42	32.512	32.479	
650	50.94	32.42	32.512	32.479	
651	51.	32.42	32.512	32.479	
652	51.01	32.42	32.512	32.479	
653	51.02	32.42	32.512	32.479	
654	51.05	32.42	32.512	32.479	
655	51.14	32.42	32.512	32.479	
656	51.24	32.42	32.512	32.479	
657	51.34	32.42	32.512	32.479	
658	51.44	32.42	32.512	32.479	
659	51.54	32.42	32.512	32.479	
660	51.64	32.42	32.512	32.479	
661	51.74	32.42	32.512	32.479	
662	51.84	32.42	32.512	32.479	
663	51.94	32.42	32.512	32.479	
664	52.	32.42	32.511	32.479	
665	52.01	32.42	32.511	32.479	
666	52.02	32.42	32.511	32.479	
667	52.05	32.42	32.511	32.479	
668	52.14	32.42	32.511	32.479	
669	52.24	32.42	32.511	32.479	
670	52.34	32.42	32.511	32.479	
671	52.44	32.42	32.511	32.479	
672	52.54	32.42	32.511	32.479	
673	52.64	32.42	32.511	32.479	
674	52.74	32.42	32.511	32.479	
675	52.84	32.42	32.511	32.479	
676	52.94	32.42	32.511	32.479	
677	53.	32.42	32.511	32.479	
678	53.01	32.42	32.511	32.479	
679	53.02	32.42	32.511	32.479	
680	53.05	32.42	32.511	32.479	
681	53.14	32.42	32.511	32.479	
682	53.24	32.42	32.511	32.479	
683	53.34	32.42	32.511	32.479	
684	53.44	32.42	32.511	32.479	
685	53.54	32.42	32.511	32.479	
686	53.64	32.42	32.511	32.479	
687	53.74	32.42	32.511	32.479	
688	53.84	32.42	32.511	32.479	
689	53.94	32.42	32.511	32.479	
690	54.	32.42	32.511	32.479	
691	54.01	32.42	32.511	32.479	
692	54.02	32.42	32.511	32.479	
693	54.05	32.42	32.511	32.479	
694	54.14	32.42	32.511	32.479	
695	54.24	32.42	32.511	32.479	
696	54.34	32.42	32.511	32.479	
697	54.44	32.42	32.511	32.479	
698	54.54	32.42	32.511	32.479	
699	54.64	32.42	32.511	32.479	
700	54.74	32.42	32.511	32.478	
701	54.84	32.42	32.511	32.478	
702	54.94	32.42	32.511	32.478	
703	55.	32.42	32.511	32.478	
704	55.01	32.42	32.511	32.478	
705	55.02	32.42	32.511	32.478	
706	55.05	32.42	32.511	32.478	
707	55.14	32.42	32.511	32.478	
708	55.24	32.42	32.511	32.478	
709	55.34	32.42	32.511	32.478	
710	55.44	32.42	32.511	32.478	
711	55.54	32.42	32.511	32.478	
712	55.64	32.42	32.511	32.478	
713	55.74	32.42	32.511	32.478	
714	55.84	32.42	32.511	32.478	
715	55.94	32.42	32.511	32.478	
716	56.	32.42	32.511	32.478	
717	56.01	32.42	32.511	32.478	
718	56.02	32.42	32.511	32.478	
719	56.05	32.42	32.511	32.478	
720	56.14	32.42	32.511	32.478	
721	56.24	32.42	32.511	32.478	
722	56.34	32.42	32.511	32.478	
723	56.44	32.42	32.511	32.478	
724	56.54	32.42	32.511	32.478	
725	56.64	32.42	32.511	32.478	
726	56.74	32.42	32.511	32.478	
727	56.84	32.42	32.511	32.478	
728	56.94	32.42	32.511	32.478	
729	57.	32.42	32.511	32.478	
730	57.01	32.42	32.511	32.478	
731	57.02	32.42	32.511	32.478	
732	57.05	32.42	32.511	32.478	
733	57.14	32.42	32.511	32.478	
734	57.24	32.42	32.511	32.478	
735	57.34	32.42	32.511	32.478	
736	57.44	32.42	32.511	32.478	
737	57.54	32.419	32.511	32.478	
738	57.64	32.419	32.511	32.478	
739	57.74	32.419	32.511	32.478	
740	57.84	32.419	32.511	32.478	
741	57.94	32.419	32.511	32.478	
742	58.	32.419	32.511	32.478	
743	58.01	32.419	32.511	32.478	
744	58.02	32.419	32.511	32.478	
745	58.05	32.419	32.511	32.478	
746	58.14	32.419	32.511	32.478	
747	58.24	32.419	32.511	32.478	
748	58.34	32.419	32.511	32.478	
749	58.44	32.419	32.511	32.478	
750	58.54	32.419	32.511	32.478	
751	58.64	32.419	32.511	32.478	
752	58.74	32.419	32.511	32.478	
753	58.84	32.419	32.511	32.478	
754	58.94	32.419	32.511	32.478	
755	59.	32.419	32.511	32.478	
756	59.01	32.419	32.511	32.478	
757	59.02	32.419	32.511	32.478	
758	59.05	32.419	32.511	32.478	
759	59.14	32.419	32.511	32.478	
760	59.24	32.419	32.511	32.478	
761	59.34	32.419	32.511	32.478	
762	59.44	32.419	32.511	32.478	
763	59.54	32.419	32.511	32.478	
764	59.64	32.419	32.511	32.478	
765	59.74	32.419	32.511	32.478	
766	59.84	32.419	32.511	32.478	
767	59.94	32.419	32.511	32.478	
768	60.	32.419	32.511	32.478	
769	60.01	32.419	32.511	32.478	
770	60.02	32.419	32.511	32.478	
771	60.05	32.419	32.511	32.478	
772	60.14	32.419	32.511	32.478	
773	60.24	32.419	32.511	32.478	
774	60.34	32.419	32.511	32.478	
775	60.44	32.419	32.511	32.478	
776	60.54	32.419	32.511	32.478	
777	60.64	32.419	32.511	32.478	
778	60.74	32.419	32.511	32.478	
779	60.84	32.419	32.511	32.478	
780	60.94	32.419	32.511	32.478	
781	61.	32.419	32.511	32.478	
782	61.01	32.419	32.511	32.478	
783	61.02	32.419	32.511	32.478	
784	61.05	32.419	32.511	32.478	
785	61.14	32.419	32.511	32.478	
786	61.24	32.419	32.511	32.478	
787	61.34	32.419	32.511	32.478	
788	61.44	32.419	32.511	32.478	
789	61.54	32.419	32.511	32.478	
790	61.64	32.419	32.511	32.478	
791	61.74	32.419	32.511	32.478	
792	61.84	32.419	32.511	32.478	
793	61.94	32.419	32.511	32.478	
794	62.	32.419	32.511	32.478	
795	62.01	32.419	32.511	32.478	
796	62.02	32.419	32.511	32.478	
797	62.05	32.419	32.511	32.478	
798	62.14	32.419	32.511	32.478	
799	62.24	32.419	32.511	32.478	
800	62.34	32.419	32.511	32.478	
801	62.44	32.419	32.511	32.478	
802	62.54	32.419	32.511	32.478	
803	62.64	32.419	32.511	32.478	
804	62.74	32.419	32.511	32.478	
805	62.84	32.419	32.511	32.478	
806	62.94	32.419	32.511	32.478	
807	63.	32.419	32.511	32.478	
808	63.01	32.419	32.511	32.478	
809	63.02	32.419	32.511	32.478	
810	63.05	32.419	32.511	32.478	
811	63.14	32.419	32.51	32.478	
812	63.24	32.419	32.51	32.478	
813	63.34	32.419	32.51	32.478	
814	63.44	32.419	32.51	32.478	
815	63.54	32.419	32.51	32.478	
816	63.64	32.419	32.51	32.478	
817	63.74	32.419	32.51	32.478	
818	63.84	32.419	32.51	32.478	
819	63.94	32.419	32.51	32.478	
820	64.	32.419	32.51	32.478	
821	64.01	32.419	32.51	32.478	
822	64.02	32.419	32.51	32.478	
823	64.05	32.419	32.51	32.478	
824	64.14	32.419	32.51	32.478	
825	64.24	32.419	32.51	32.478	
826	64.34	32.419	32.51	32.478	
827	64.44	32.419	32.51	32.478	
828	64.54	32.419	32.51	32.478	
829	64.64	32.419	32.51	32.478	
830	64.74	32.419	32.51	32.478	
831	64.84	32.419	32.51	32.478	
832	64.94	32.419	32.51	32.478	
833	65.	32.419	32.51	32.478	
834	65.01	32.419	32.51	32.478	
835	65.02	32.419	32.51	32.478	
836	65.05	32.419	32.51	32.478	
837	65.14	32.419	32.51	32.478	
838	65.24	32.419	32.51	32.478	
839	65.34	32.419	32.511	32.478	
840	65.44	32.419	32.511	32.478	
841	65.54	32.419	32.511	32.478	
842	65.64	32.419	32.511	32.478	
843	65.74	32.419	32.511	32.478	
844	65.84	32.419	32.511	32.478	
845	65.94	32.419	32.511	32.478	
846	66.	32.419	32.511	32.478	
847	66.01	32.419	32.511	32.478	
848	66.02	32.419	32.511	32.478	
849	66.05	32.419	32.511	32.478	
850	66.14	32.419	32.511	32.478	
851	66.24	32.419	32.511	32.478	
852	66.34	32.419	32.511	32.478	
853	66.44	32.419	32.511	32.478	
854	66.54	32.419	32.511	32.478	
855	66.64	32.419	32.511	32.478	
856	66.74	32.419	32.511	32.478	
857	66.84	32.419	32.511	32.478	
858	66.94	32.419	32.511	32.478	
859	67.	32.419	32.511	32.478	
860	67.01	32.419	32.511	32.478	
861	67.02	32.419	32.511	32.478	
862	67.05	32.419	32.511	32.478	
863	67.14	32.419	32.511	32.478	
864	67.24	32.419	32.511	32.478	
865	67.34	32.419	32.511	32.478	
866	67.44	32.42	32.511	32.478	
867	67.54	32.42	32.511	32.478	
868	67.64	32.42	32.511	32.478	
869	67.74	32.42	32.511	32.478	
870	67.84	32.42	32.511	32.478	
871	67.94	32.42	32.511	32.478	
872	68.	32.42	32.511	32.478	
873	68.01	32.42	32.511	32.478	
874	68.02	32.42	32.511	32.478	
875	68.05	32.42	32.511	32.478	
876	68.14	32.42	32.511	32.478	
877	68.24	32.42	32.511	32.478	
878	68.34	32.42	32.511	32.478	
879	68.44	32.42	32.511	32.478	
880	68.54	32.42	32.511	32.478	
881	68.64	32.42	32.511	32.478	
882	68.74	32.42	32.511	32.478	
883	68.84	32.42	32.511	32.478	
884	68.94	32.42	32.511	32.478	
885	69.	32.42	32.511	32.478	
886	69.01	32.42	32.511	32.478	
887	69.02	32.42	32.511	32.478	
888	69.05	32.42	32.511	32.478	
889	69.14	32.42	32.511	32.478	
890	69.24	32.42	32.511	32.478	
891	69.34	32.42	32.511	32.478	
892	69.44	32.42	32.511	32.478	
893	69.54	32.42	32.511	32.478	
894	69.64	32.42	32.511	32.478	
895	69.74	32.42	32.511	32.478	
896	69.84	32.42	32.511	32.478	
897	69.94	32.42	32.511	32.478	
898	70.	32.42	32.511	32.478	
899	70.01	32.42	32.511	32.478	
900	70.02	32.42	32.511	32.478	
901	70.05	32.42	32.511	32.478	
902	70.14	32.42	32.511	32.478	
903	70.24	32.42	32.511	32.478	
904	70.34	32.42	32.511	32.478	
905	70.44	32.42	32.511	32.478	
906	70.54	32.42	32.511	32.478	
907	70.64	32.42	32.511	32.478	
908	70.74	32.42	32.511	32.478	
909	70.84	32.42	32.511	32.478	
910	70.94	32.42	32.511	32.478	
911	71.	32.42	32.511	32.478	
912	71.01	32.42	32.511	32.478	
913	71.02	32.42	32.511	32.478	
914	71.05	32.42	32.511	32.478	
915	71.14	32.42	32.511	32.478	
916	71.24	32.42	32.511	32.478	
917	71.34	32.42	32.511	32.478	
918	71.44	32.42	32.511	32.478	
919	71.54	32.42	32.511	32.478	
920	71.64	32.42	32.511	32.478	
921	71.74	32.42	32.511	32.478	
922	71.84	32.42	32.511	32.478	
923	71.94	32.42	32.511	32.478	
924	72.	32.42	32.511	32.478	
925	72.01	32.42	32.511	32.478	
926	72.02	32.42	32.511	32.478	
927	72.05	32.42	32.511	32.478	
928	72.14	32.42	32.511	32.478	
929	72.24	32.42	32.511	32.478	
930	72.34	32.42	32.511	32.478	
931	72.44	32.42	32.511	32.478	
932	72.54	32.42	32.511	32.478	
933	72.64	32.42	32.511	32.479	
934	72.74	32.42	32.511	32.479	
935	72.84	32.42	32.511	32.479	
936	72.94	32.42	32.511	32.479	
937	73.	32.42	32.511	32.479	
938	73.01	32.42	32.511	32.479	
939	73.02	32.42	32.511	32.479	
940	73.05	32.42	32.511	32.479	
941	73.14	32.42	32.511	32.479	
942	73.24	32.42	32.511	32.479	
943	73.34	32.42	32.511	32.479	
944	73.44	32.42	32.511	32.479	
945	73.54	32.42	32.511	32.479	
946	73.64	32.42	32.511	32.479	
947	73.74	32.42	32.511	32.479	
948	73.84	32.42	32.511	32.479	
949	73.94	32.42	32.511	32.479	
950	74.	32.42	32.511	32.479	
951	74.01	32.42	32.511	32.479	
952	74.02	32.42	32.511	32.479	
953	74.05	32.42	32.511	32.479	
954	74.14	32.42	32.511	32.479	
955	74.24	32.42	32.511	32.479	
956	74.34	32.42	32.511	32.479	
957	74.44	32.42	32.511	32.479	
958	74.54	32.42	32.511	32.479	
959	74.64	32.42	32.511	32.479	
960	74.74	32.42	32.511	32.479	
961	74.84	32.42	32.511	32.479	
962	74.94	32.42	32.511	32.479	
963	75.	32.42	32.511	32.479	
964	75.01	32.42	32.511	32.479	
965	75.02	32.42	32.511	32.479	
966	75.05	32.42	32.511	32.479	
967	75.14	32.42	32.511	32.479	
968	75.24	32.42	32.511	32.479	
969	75.34	32.42	32.511	32.479	
970	75.44	32.42	32.511	32.479	
971	75.54	32.42	32.511	32.479	
972	75.64	32.42	32.511	32.479	
973	75.74	32.42	32.511	32.479	
974	75.84	32.42	32.511	32.479	
975	75.94	32.42	32.511	32.479	
976	76.	32.42	32.511	32.479	
977	76.01	32.42	32.511	32.479	
978	76.02	32.42	32.511	32.479	
979	76.05	32.42	32.511	32.479	
980	76.14	32.421	32.511	32.479	
981	76.24	32.421	32.511	32.479	
982	76.34	32.421	32.511	32.479	
983	76.44	32.421	32.511	32.479	
984	76.54	32.421	32.511	32.479	
985	76.64	32.421	32.511	32.479	
986	76.74	32.421	32.511	32.479	
987	76.84	32.421	32.511	32.479	
988	76.94	32.421	32.512	32.479	
989	77.	32.421	32.512	32.479	
990	77.01	32.421	32.512	32.479	
991	77.02	32.421	32.512	32.479	
992	77.05	32.421	32.512	32.479	
993	77.14	32.421	32.512	32.479	
994	77.24	32.421	32.512	32.479	
995	77.34	32.421	32.512	32.479	
996	77.44	32.421	32.512	32.479	
997	77.54	32.421	32.512	32.479	
998	77.64	32.421	32.512	32.479	
999	77.74	32.421	32.512	32.479	
1000	77.84	32.421	32.512	32.479	
1001	77.94	32.421	32.512	32.479	
1002	78.	32.421	32.512	32.479	
1003	78.01	32.421	32.512	32.479	
1004	78.02	32.421	32.512	32.479	
1005	78.05	32.421	32.512	32.479	
1006	78.14	32.421	32.512	32.479	
1007	78.24	32.421	32.512	32.479	
1008	78.34	32.421	32.512	32.479	
1009	78.44	32.421	32.512	32.479	
1010	78.54	32.421	32.512	32.479	
1011	78.64	32.421	32.512	32.479	
1012	78.74	32.421	32.512	32.479	
1013	78.84	32.421	32.512	32.479	
1014	78.94	32.421	32.512	32.479	
1015	79.	32.421	32.512	32.479	
1016	79.01	32.421	32.512	32.479	
1017	79.02	32.421	32.512	32.479	
1018	79.05	32.421	32.512	32.479	
1019	79.14	32.421	32.512	32.479	
1020	79.24	32.421	32.512	32.48	
1021	79.34	32.421	32.512	32.48	
1022	79.44	32.421	32.512	32.48	
1023	79.54	32.421	32.512	32.48	
1024	79.64	32.421	32.512	32.48	
1025	79.74	32.421	32.512	32.48	
1026	79.84	32.421	32.512	32.48	
1027	79.94	32.421	32.512	32.48	
1028	80.	32.421	32.512	32.48	
1029	80.01	32.421	32.512	32.48	
1030	80.02	32.421	32.512	32.48	
1031	80.05	32.421	32.512	32.48	
1032	80.14	32.421	32.512	32.48	
1033	80.24	32.421	32.512	32.48	
1034	80.34	32.421	32.512	32.48	
1035	80.44	32.421	32.512	32.48	
1036	80.54	32.421	32.512	32.48	
1037	80.64	32.421	32.512	32.48	
1038	80.74	32.421	32.512	32.48	
1039	80.84	32.421	32.512	32.48	
1040	80.94	32.421	32.512	32.48	
1041	81.	32.421	32.512	32.48	
1042	81.01	32.421	32.512	32.48	
1043	81.02	32.421	32.512	32.48	
1044	81.05	32.421	32.512	32.48	
1045	81.14	32.421	32.512	32.48	
1046	81.24	32.422	32.512	32.48	
1047	81.34	32.422	32.512	32.48	
1048	81.44	32.422	32.512	32.48	
1049	81.54	32.422	32.512	32.48	
1050	81.64	32.422	32.512	32.48	
1051	81.74	32.422	32.512	32.48	
1052	81.84	32.422	32.512	32.48	
1053	81.94	32.422	32.512	32.48	
1054	82.	32.422	32.512	32.48	
1055	82.01	32.422	32.512	32.48	
1056	82.02	32.422	32.512	32.48	
1057	82.05	32.422	32.512	32.48	
1058	82.14	32.422	32.512	32.48	
1059	82.24	32.422	32.513	32.48	
1060	82.34	32.422	32.513	32.48	
1061	82.44	32.422	32.513	32.48	
1062	82.54	32.422	32.513	32.48	
1063	82.64	32.422	32.513	32.48	
1064	82.74	32.422	32.513	32.48	
1065	82.84	32.422	32.513	32.48	
1066	82.94	32.422	32.513	32.48	
1067	83.	32.422	32.513	32.48	
1068	83.01	32.422	32.513	32.48	
1069	83.02	32.422	32.513	32.48	
1070	83.05	32.422	32.513	32.48	
1071	83.14	32.422	32.513	32.48	
1072	83.24	32.422	32.513	32.48	
1073	83.34	32.422	32.513	32.48	
1074	83.44	32.422	32.513	32.48	
1075	83.54	32.422	32.513	32.48	
1076	83.64	32.422	32.513	32.48	
1077	83.74	32.422	32.513	32.48	
1078	83.84	32.422	32.513	32.481	
1079	83.94	32.422	32.513	32.481	
1080	84.	32.422	32.513	32.481	
1081	84.01	32.422	32.513	32.481	
1082	84.02	32.422	32.513	32.481	
1083	84.05	32.422	32.513	32.481	
1084	84.14	32.422	32.513	32.481	
1085	84.24	32.422	32.513	32.481	
1086	84.34	32.422	32.513	32.481	
1087	84.44	32.422	32.513	32.481	
1088	84.54	32.422	32.513	32.481	
1089	84.64	32.422	32.513	32.481	
1090	84.74	32.422	32.513	32.481	
1091	84.84	32.422	32.513	32.481	
1092	84.94	32.422	32.513	32.481	
1093	85.	32.422	32.513	32.481	
1094	85.01	32.422	32.513	32.481	
1095	85.02	32.422	32.513	32.481	
1096	85.05	32.422	32.513	32.481	
1097	85.14	32.422	32.513	32.481	
1098	85.24	32.423	32.513	32.481	
1099	85.34	32.423	32.513	32.481	
1100	85.44	32.423	32.513	32.481	
1101	85.54	32.423	32.513	32.481	
1102	85.64	32.423	32.513	32.481	
1103	85.74	32.423	32.513	32.481	
1104	85.84	32.423	32.513	32.481	
1105	85.94	32.423	32.513	32.481	
1106	86.	32.423	32.513	32.481	
1107	86.01	32.423	32.513	32.481	
1108	86.02	32.423	32.513	32.481	
1109	86.05	32.423	32.513	32.481	
1110	86.14	32.423	32.513	32.481	
1111	86.24	32.423	32.513	32.481	
1112	86.34	32.423	32.514	32.481	
1113	86.44	32.423	32.514	32.481	
1114	86.54	32.423	32.514	32.481	
1115	86.64	32.423	32.514	32.481	
1116	86.74	32.423	32.514	32.481	
1117	86.84	32.423	32.514	32.481	
1118	86.94	32.423	32.514	32.481	
1119	87.	32.423	32.514	32.481	
1120	87.01	32.423	32.514	32.481	
1121	87.02	32.423	32.514	32.481	
1122	87.05	32.423	32.514	32.481	
1123	87.14	32.423	32.514	32.481	
1124	87.24	32.423	32.514	32.481	
1125	87.34	32.423	32.514	32.481	
1126	87.44	32.423	32.514	32.481	
1127	87.54	32.423	32.514	32.481	
1128	87.64	32.423	32.514	32.482	
1129	87.74	32.423	32.514	32.482	
1130	87.84	32.423	32.514	32.482	
1131	87.94	32.423	32.514	32.482	
1132	88.	32.423	32.514	32.482	
1133	88.01	32.423	32.514	32.482	
1134	88.02	32.423	32.514	32.482	
1135	88.05	32.423	32.514	32.482	
1136	88.14	32.423	32.514	32.482	
1137	88.24	32.423	32.514	32.482	
1138	88.34	32.423	32.514	32.482	
1139	88.44	32.423	32.514	32.482	
1140	88.54	32.423	32.514	32.482	
1141	88.64	32.423	32.514	32.482	
1142	88.74	32.424	32.514	32.482	
1143	88.84	32.424	32.514	32.482	
1144	88.94	32.424	32.514	32.482	
1145	89.	32.424	32.514	32.482	
1146	89.01	32.424	32.514	32.482	
1147	89.02	32.424	32.514	32.482	
1148	89.05	32.424	32.514	32.482	
1149	89.14	32.424	32.514	32.482	
1150	89.24	32.424	32.514	32.482	
1151	89.34	32.424	32.514	32.482	
1152	89.44	32.424	32.514	32.482	
1153	89.54	32.424	32.514	32.482	
1154	89.64	32.424	32.514	32.482	
1155	89.74	32.424	32.514	32.482	
1156	89.84	32.424	32.514	32.482	
1157	89.94	32.424	32.515	32.482	
1158	90.	32.424	32.515	32.482	
1159	90.01	32.424	32.515	32.482	
1160	90.02	32.424	32.515	32.482	
1161	90.05	32.424	32.515	32.482	
1162	90.14	32.424	32.515	32.482	
1163	90.24	32.424	32.515	32.482	
1164	90.34	32.424	32.515	32.482	
1165	90.44	32.424	32.515	32.482	
1166	90.54	32.424	32.515	32.482	
1167	90.64	32.424	32.515	32.482	
1168	90.74	32.424	32.515	32.482	
1169	90.84	32.424	32.515	32.482	
1170	90.94	32.424	32.515	32.483	
1171	91.	32.424	32.515	32.483	
1172	91.01	32.424	32.515	32.483	
1173	91.02	32.424	32.515	32.483	
1174	91.05	32.424	32.515	32.483	
1175	91.14	32.424	32.515	32.483	
1176	91.24	32.424	32.515	32.483	
1177	91.34	32.424	32.515	32.483	
1178	91.44	32.424	32.515	32.483	
1179	91.54	32.424	32.515	32.483	
1180	91.64	32.424	32.515	32.483	
1181	91.74	32.424	32.515	32.483	
1182	91.84	32.425	32.515	32.483	
1183	91.94	32.425	32.515	32.483	
1184	92.	32.425	32.515	32.483	
1185	92.01	32.425	32.515	32.483	
1186	92.02	32.425	32.515	32.483	
1187	92.05	32.425	32.515	32.483	
1188	92.14	32.425	32.515	32.483	
1189	92.24	32.425	32.515	32.483	
1190	92.34	32.425	32.515	32.483	
1191	92.44	32.425	32.515	32.483	
1192	92.54	32.425	32.515	32.483	
1193	92.64	32.425	32.515	32.483	
1194	92.74	32.425	32.515	32.483	
1195	92.84	32.425	32.515	32.483	
1196	92.94	32.425	32.515	32.483	
1197	93.	32.425	32.515	32.483	
1198	93.01	32.425	32.515	32.483	
1199	93.02	32.425	32.515	32.483	
1200	93.05	32.425	32.516	32.483	
1201	93.14	32.425	32.516	32.483	
1202	93.24	32.425	32.516	32.483	
1203	93.34	32.425	32.516	32.483	
1204	93.44	32.425	32.516	32.483	
1205	93.54	32.425	32.516	32.483	
1206	93.64	32.425	32.516	32.483	
1207	93.74	32.425	32.516	32.483	
1208	93.84	32.425	32.516	32.483	
1209	93.94	32.425	32.516	32.484	
1210	94.	32.425	32.516	32.484	
1211	94.01	32.425	32.516	32.484	
1212	94.02	32.425	32.516	32.484	
1213	94.05	32.425	32.516	32.484	
1214	94.14	32.425	32.516	32.484	
1215	94.24	32.425	32.516	32.484	
1216	94.34	32.425	32.516	32.484	
1217	94.44	32.425	32.516	32.484	
1218	94.54	32.425	32.516	32.484	
1219	94.64	32.425	32.516	32.484	
1220	94.74	32.426	32.516	32.484	
1221	94.84	32.426	32.516	32.484	
1222	94.94	32.426	32.516	32.484	
1223	95.	32.426	32.516	32.484	
1224	95.01	32.426	32.516	32.484	
1225	95.02	32.426	32.516	32.484	
1226	95.05	32.426	32.516	32.484	
1227	95.14	32.426	32.516	32.484	
1228	95.24	32.426	32.516	32.484	
1229	95.34	32.426	32.516	32.484	
1230	95.44	32.426	32.516	32.484	
1231	95.54	32.426	32.516	32.484	
1232	95.64	32.426	32.516	32.484	
1233	95.74	32.426	32.516	32.484	
1234	95.84	32.426	32.516	32.484	
1235	95.94	32.426	32.517	32.484	
1236	96.	32.426	32.517	32.484	
1237	96.01	32.426	32.517	32.484	
1238	96.02	32.426	32.517	32.484	
1239	96.05	32.426	32.517	32.484	
1240	96.14	32.426	32.517	32.484	
1241	96.24	32.426	32.517	32.484	
1242	96.34	32.426	32.517	32.484	
1243	96.44	32.426	32.517	32.484	
1244	96.54	32.426	32.517	32.484	
1245	96.64	32.426	32.517	32.484	
1246	96.74	32.426	32.517	32.485	
1247	96.84	32.426	32.517	32.485	
1248	96.94	32.426	32.517	32.485	
1249	97.	32.426	32.517	32.485	
1250	97.01	32.426	32.517	32.485	
1251	97.02	32.426	32.517	32.485	
1252	97.05	32.426	32.517	32.485	
1253	97.14	32.426	32.517	32.485	
1254	97.24	32.426	32.517	32.485	
1255	97.34	32.427	32.517	32.485	
1256	97.44	32.427	32.517	32.485	
1257	97.54	32.427	32.517	32.485	
1258	97.64	32.427	32.517	32.485	
1259	97.74	32.427	32.517	32.485	
1260	97.84	32.427	32.517	32.485	
1261	97.94	32.427	32.517	32.485	
1262	98.	32.427	32.517	32.485	
1263	98.01	32.427	32.517	32.485	
1264	98.02	32.427	32.517	32.485	
1265	98.05	32.427	32.517	32.485	
1266	98.14	32.427	32.517	32.485	
1267	98.24	32.427	32.517	32.485	
1268	98.34	32.427	32.517	32.485	
1269	98.44	32.427	32.517	32.485	
1270	98.54	32.427	32.517	32.485	
1271	98.64	32.427	32.518	32.485	
1272	98.74	32.427	32.518	32.485	
1273	98.84	32.427	32.518	32.485	
1274	98.94	32.427	32.518	32.485	
1275	99.	32.427	32.518	32.485	
1276	99.01	32.427	32.518	32.485	
1277	99.02	32.427	32.518	32.485	
1278	99.05	32.427	32.518	32.485	
1279	99.14	32.427	32.518	32.485	
1280	99.24	32.427	32.518	32.486	
1281	99.34	32.427	32.518	32.486	
1282	99.44	32.427	32.518	32.486	
1283	99.54	32.427	32.518	32.486	
1284	99.64	32.427	32.518	32.486	
1285	99.74	32.427	32.518	32.486	
1286	99.84	32.428	32.518	32.486	
1287	99.94	32.428	32.518	32.486	
1288	100.	32.428	32.518	32.486	
1289	100.01	32.428	32.518	32.486	
1290	100.02	32.428	32.518	32.486	
1291	100.05	32.428	32.518	32.486	
1292	100.14	32.428	32.518	32.486	
1293	100.24	32.428	32.518	32.486	
1294	100.34	32.428	32.518	32.486	
1295	100.44	32.428	32.518	32.486	
1296	100.54	32.428	32.518	32.486	
1297	100.64	32.428	32.518	32.486	
1298	100.74	32.428	32.518	32.486	
1299	100.84	32.428	32.518	32.486	
1300	100.94	32.428	32.518	32.486	
1301	101.	32.428	32.518	32.486	
1302	101.01	32.428	32.518	32.486	
1303	101.02	32.428	32.518	32.486	
1304	101.05	32.428	32.519	32.486	
1305	101.14	32.428	32.519	32.486	
1306	101.24	32.428	32.519	32.486	
1307	101.34	32.428	32.519	32.486	
1308	101.44	32.428	32.519	32.486	
1309	101.54	32.428	32.519	32.486	
1310	101.64	32.428	32.519	32.486	
1311	101.74	32.428	32.519	32.487	
1312	101.84	32.428	32.519	32.487	
1313	101.94	32.428	32.519	32.487	
1314	102.	32.428	32.519	32.487	
1315	102.01	32.428	32.519	32.487	
1316	102.02	32.428	32.519	32.487	
1317	102.05	32.428	32.519	32.487	
1318	102.14	32.429	32.519	32.487	
1319	102.24	32.429	32.519	32.487	
1320	102.34	32.429	32.519	32.487	
1321	102.44	32.429	32.519	32.487	
1322	102.54	32.429	32.519	32.487	
1323	102.64	32.429	32.519	32.487	
1324	102.74	32.429	32.519	32.487	
1325	102.84	32.429	32.519	32.487	
1326	102.94	32.429	32.519	32.487	
1327	103.	32.429	32.519	32.487	
1328	103.01	32.429	32.519	32.487	
1329	103.02	32.429	32.519	32.487	
1330	103.05	32.429	32.519	32.487	
1331	103.14	32.429	32.519	32.487	
1332	103.24	32.429	32.519	32.487	
1333	103.34	32.429	32.519	32.487	
1334	103.44	32.429	32.52	32.487	
1335	103.54	32.429	32.52	32.487	
1336	103.64	32.429	32.52	32.487	
1337	103.74	32.429	32.52	32.487	
1338	103.84	32.429	32.52	32.487	
1339	103.94	32.429	32.52	32.487	
1340	104.	32.429	32.52	32.488	
1341	104.01	32.429	32.52	32.488	
1342	104.02	32.429	32.52	32.488	
1343	104.05	32.429	32.52	32.488	
1344	104.14	32.429	32.52	32.488	
1345	104.24	32.429	32.52	32.488	
1346	104.34	32.43	32.52	32.488	
1347	104.44	32.43	32.52	32.488	
1348	104.54	32.43	32.52	32.488	
1349	104.64	32.43	32.52	32.488	
1350	104.74	32.43	32.52	32.488	
1351	104.84	32.43	32.52	32.488	
1352	104.94	32.43	32.52	32.488	
1353	105.	32.43	32.52	32.488	
1354	105.01	32.43	32.52	32.488	
1355	105.02	32.43	32.52	32.488	
1356	105.05	32.43	32.52	32.488	
1357	105.14	32.43	32.52	32.488	
1358	105.24	32.43	32.52	32.488	
1359	105.34	32.43	32.52	32.488	
1360	105.44	32.43	32.52	32.488	
1361	105.54	32.43	32.52	32.488	
1362	105.64	32.43	32.521	32.488	
1363	105.74	32.43	32.521	32.488	
1364	105.84	32.43	32.521	32.488	
1365	105.94	32.43	32.521	32.488	
1366	106.	32.43	32.521	32.488	
1367	106.01	32.43	32.521	32.488	
1368	106.02	32.43	32.521	32.488	
1369	106.05	32.43	32.521	32.488	
1370	106.14	32.43	32.521	32.489	
1371	106.24	32.43	32.521	32.489	
1372	106.34	32.43	32.521	32.489	
1373	106.44	32.43	32.521	32.489	
1374	106.54	32.431	32.521	32.489	
1375	106.64	32.431	32.521	32.489	
1376	106.74	32.431	32.521	32.489	
1377	106.84	32.431	32.521	32.489	
1378	106.94	32.431	32.521	32.489	
1379	107.	32.431	32.521	32.489	
1380	107.01	32.431	32.521	32.489	
1381	107.02	32.431	32.521	32.489	
1382	107.05	32.431	32.521	32.489	
1383	107.14	32.431	32.521	32.489	
1384	107.24	32.431	32.521	32.489	
1385	107.34	32.431	32.521	32.489	
1386	107.44	32.431	32.521	32.489	
1387	107.54	32.431	32.521	32.489	
1388	107.64	32.431	32.521	32.489	
1389	107.74	32.431	32.521	32.489	
1390	107.84	32.431	32.522	32.489	
1391	107.94	32.431	32.522	32.489	
1392	108.	32.431	32.522	32.489	
1393	108.01	32.431	32.522	32.489	
1394	108.02	32.431	32.522	32.489	
1395	108.05	32.431	32.522	32.489	
1396	108.14	32.431	32.522	32.489	
1397	108.24	32.431	32.522	32.49	
1398	108.34	32.431	32.522	32.49	
1399	108.44	32.431	32.522	32.49	
1400	108.54	32.432	32.522	32.49	
1401	108.64	32.432	32.522	32.49	
1402	108.74	32.432	32.522	32.49	
1403	108.84	32.432	32.522	32.49	
1404	108.94	32.432	32.522	32.49	
1405	109.	32.432	32.522	32.49	
1406	109.01	32.432	32.522	32.49	
1407	109.02	32.432	32.522	32.49	
1408	109.05	32.432	32.522	32.49	
1409	109.14	32.432	32.522	32.49	
1410	109.24	32.432	32.522	32.49	
1411	109.34	32.432	32.522	32.49	
1412	109.44	32.432	32.522	32.49	
1413	109.54	32.432	32.522	32.49	
1414	109.64	32.432	32.522	32.49	
1415	109.74	32.432	32.522	32.49	
1416	109.84	32.432	32.523	32.49	
1417	109.94	32.432	32.523	32.49	
1418	110.	32.432	32.523	32.49	
1419	110.01	32.432	32.523	32.49	
1420	110.02	32.432	32.523	32.49	
1421	110.05	32.432	32.523	32.49	
1422	110.14	32.432	32.523	32.49	
1423	110.24	32.432	32.523	32.49	
1424	110.34	32.432	32.523	32.491	
1425	110.44	32.432	32.523	32.491	
1426	110.54	32.433	32.523	32.491	
1427	110.64	32.433	32.523	32.491	
1428	110.74	32.433	32.523	32.491	
1429	110.84	32.433	32.523	32.491	
1430	110.94	32.433	32.523	32.491	
1431	111.	32.433	32.523	32.491	
1432	111.01	32.433	32.523	32.491	
1433	111.02	32.433	32.523	32.491	
1434	111.05	32.433	32.523	32.491	
1435	111.14	32.433	32.523	32.491	
1436	111.24	32.433	32.523	32.491	
1437	111.34	32.433	32.523	32.491	
1438	111.44	32.433	32.523	32.491	
1439	111.54	32.433	32.523	32.491	
1440	111.64	32.433	32.523	32.491	
1441	111.74	32.433	32.523	32.491	
1442	111.84	32.433	32.524	32.491	
1443	111.94	32.433	32.524	32.491	
1444	112.	32.433	32.524	32.491	
1445	112.01	32.433	32.524	32.491	
1446	112.02	32.433	32.524	32.491	
1447	112.05	32.433	32.524	32.491	
1448	112.14	32.433	32.524	32.491	
1449	112.24	32.433	32.524	32.492	
1450	112.34	32.433	32.524	32.492	
1451	112.44	32.434	32.524	32.492	
1452	112.54	32.434	32.524	32.492	
1453	112.64	32.434	32.524	32.492	
1454	112.74	32.434	32.524	32.492	
1455	112.84	32.434	32.524	32.492	
1456	112.94	32.434	32.524	32.492	
1457	113.	32.434	32.524	32.492	
1458	113.01	32.434	32.524	32.492	
1459	113.02	32.434	32.524	32.492	
1460	113.05	32.434	32.524	32.492	
1461	113.14	32.434	32.524	32.492	
1462	113.24	32.434	32.524	32.492	
1463	113.34	32.434	32.524	32.492	
1464	113.44	32.434	32.524	32.492	
1465	113.54	32.434	32.524	32.492	
1466	113.64	32.434	32.524	32.492	
1467	113.74	32.434	32.525	32.492	
1468	113.84	32.434	32.525	32.492	
1469	113.94	32.434	32.525	32.492	
1470	114.	32.434	32.525	32.492	
1471	114.01	32.434	32.525	32.492	
1472	114.02	32.434	32.525	32.492	
1473	114.05	32.434	32.525	32.492	
1474	114.14	32.434	32.525	32.493	
1475	114.24	32.434	32.525	32.493	
1476	114.34	32.435	32.525	32.493	
1477	114.44	32.435	32.525	32.493	
1478	114.54	32.435	32.525	32.493	
1479	114.64	32.435	32.525	32.493	
1480	114.74	32.435	32.525	32.493	
1481	114.84	32.435	32.525	32.493	
1482	114.94	32.435	32.525	32.493	
1483	115.	32.435	32.525	32.493	
1484	115.01	32.435	32.525	32.493	
1485	115.02	32.435	32.525	32.493	
1486	115.05	32.435	32.525	32.493	
1487	115.14	32.435	32.525	32.493	
1488	115.24	32.435	32.525	32.493	
1489	115.34	32.435	32.525	32.493	
1490	115.44	32.435	32.525	32.493	
1491	115.54	32.435	32.525	32.493	
1492	115.64	32.435	32.526	32.493	
1493	115.74	32.435	32.526	32.493	
1494	115.84	32.435	32.526	32.493	
1495	115.94	32.435	32.526	32.494	
1496	116.	32.435	32.526	32.494	
1497	116.01	32.435	32.526	32.494	
1498	116.02	32.435	32.526	32.494	
1499	116.05	32.435	32.526	32.494	
1500	116.14	32.436	32.526	32.494	
1501	116.24	32.436	32.526	32.494	
1502	116.34	32.436	32.526	32.494	
1503	116.44	32.436	32.526	32.494	
1504	116.54	32.436	32.526	32.494	
1505	116.64	32.436	32.526	32.494	
1506	116.74	32.436	32.526	32.494	
1507	116.84	32.436	32.526	32.494	
1508	116.94	32.436	32.526	32.494	
1509	117.	32.436	32.526	32.494	
1510	117.01	32.436	32.526	32.494	
1511	117.02	32.436	32.526	32.494	
1512	117.05	32.436	32.526	32.494	
1513	117.14	32.436	32.526	32.494	
1514	117.24	32.436	32.526	32.494	
1515	117.34	32.436	32.526	32.494	
1516	117.44	32.436	32.527	32.494	
1517	117.54	32.436	32.527	32.494	
1518	117.64	32.436	32.527	32.494	
1519	117.74	32.436	32.527	32.495	
1520	117.84	32.437	32.527	32.495	
1521	117.94	32.437	32.527	32.495	
1522	118.	32.437	32.527	32.495	
1523	118.01	32.437	32.527	32.495	
1524	118.02	32.437	32.527	32.495	
1525	118.05	32.437	32.527	32.495	
1526	118.14	32.437	32.527	32.495	
1527	118.24	32.437	32.527	32.495	
1528	118.34	32.437	32.527	32.495	
1529	118.44	32.437	32.527	32.495	
1530	118.54	32.437	32.527	32.495	
1531	118.64	32.437	32.527	32.495	
1532	118.74	32.437	32.527	32.495	
1533	118.84	32.437	32.527	32.495	
1534	118.94	32.437	32.527	32.495	
1535	119.	32.437	32.527	32.495	
1536	119.01	32.437	32.527	32.495	
1537	119.02	32.437	32.527	32.495	
1538	119.05	32.437	32.527	32.495	
1539	119.14	32.437	32.527	32.495	
1540	119.24	32.437	32.528	32.495	
1541	119.34	32.437	32.528	32.495	
1542	119.44	32.437	32.528	32.495	
1543	119.54	32.438	32.528	32.496	
1544	119.64	32.438	32.528	32.496	
1545	119.74	32.438	32.528	32.496	
1546	119.84	32.438	32.528	32.496	
1547	119.94	32.438	32.528	32.496	
1548	120.	32.438	32.528	32.496	
1549	120.01	32.438	32.528	32.496	
1550	120.02	32.438	32.528	32.496	
1551	120.05	32.438	32.528	32.496	
1552	120.14	32.438	32.528	32.496	
1553	120.24	32.438	32.528	32.496	
1554	120.34	32.438	32.528	32.496	
1555	120.44	32.438	32.528	32.496	
1556	120.54	32.438	32.528	32.496	
1557	120.64	32.438	32.528	32.496	
1558	120.74	32.438	32.528	32.496	
1559	120.84	32.438	32.528	32.496	
1560	120.94	32.438	32.529	32.496	
1561	121.	32.438	32.529	32.496	
1562	121.01	32.438	32.529	32.496	
1563	121.02	32.438	32.529	32.496	
1564	121.05	32.438	32.529	32.496	
1565	121.14	32.438	32.529	32.496	
1566	121.24	32.439	32.529	32.497	
1567	121.34	32.439	32.529	32.497	
1568	121.44	32.439	32.529	32.497	
1569	121.54	32.439	32.529	32.497	
1570	121.64	32.439	32.529	32.497	
1571	121.74	32.439	32.529	32.497	
1572	121.84	32.439	32.529	32.497	
1573	121.94	32.439	32.529	32.497	
1574	122.	32.439	32.529	32.497	
1575	122.01	32.439	32.529	32.497	
1576	122.02	32.439	32.529	32.497	
1577	122.05	32.439	32.529	32.497	
1578	122.14	32.439	32.529	32.497	
1579	122.24	32.439	32.529	32.497	
1580	122.34	32.439	32.529	32.497	
1581	122.44	32.439	32.529	32.497	
1582	122.54	32.439	32.529	32.497	
1583	122.64	32.439	32.53	32.497	
1584	122.74	32.439	32.53	32.497	
1585	122.84	32.439	32.53	32.498	
1586	122.94	32.44	32.53	32.498	
1587	123.	32.44	32.53	32.498	
1588	123.01	32.44	32.53	32.498	
1589	123.02	32.44	32.53	32.498	
1590	123.05	32.44	32.53	32.498	
1591	123.14	32.44	32.53	32.498	
1592	123.24	32.44	32.53	32.498	
1593	123.34	32.44	32.53	32.498	
1594	123.44	32.44	32.53	32.498	
1595	123.54	32.44	32.53	32.498	
1596	123.64	32.44	32.53	32.498	
1597	123.74	32.44	32.53	32.498	
1598	123.84	32.44	32.53	32.498	
1599	123.94	32.44	32.53	32.498	
1600	124.	32.44	32.53	32.498	
1601	124.01	32.44	32.53	32.498	
1602	124.02	32.44	32.53	32.498	
1603	124.05	32.44	32.53	32.498	
1604	124.14	32.44	32.53	32.498	
1605	124.24	32.44	32.531	32.498	
1606	124.34	32.44	32.531	32.498	
1607	124.44	32.44	32.531	32.499	
1608	124.54	32.441	32.531	32.499	
1609	124.64	32.441	32.531	32.499	
1610	124.74	32.441	32.531	32.499	
1611	124.84	32.441	32.531	32.499	
1612	124.94	32.441	32.531	32.499	
1613	125.	32.441	32.531	32.499	
1614	125.01	32.441	32.531	32.499	
1615	125.02	32.441	32.531	32.499	
1616	125.05	32.441	32.531	32.499	
1617	125.14	32.441	32.531	32.499	
1618	125.24	32.441	32.531	32.499	
1619	125.34	32.441	32.531	32.499	
1620	125.44	32.441	32.531	32.499	
1621	125.54	32.441	32.531	32.499	
1622	125.64	32.441	32.531	32.499	
1623	125.74	32.441	32.531	32.499	
1624	125.84	32.441	32.532	32.499	
1625	125.94	32.441	32.532	32.499	
1626	126.	32.441	32.532	32.499	
1627	126.01	32.441	32.532	32.499	
1628	126.02	32.441	32.532	32.499	
1629	126.05	32.442	32.532	32.5	
1630	126.14	32.442	32.532	32.5	
1631	126.24	32.442	32.532	32.5	
1632	126.34	32.442	32.532	32.5	
1633	126.44	32.442	32.532	32.5	
1634	126.54	32.442	32.532	32.5	
1635	126.64	32.442	32.532	32.5	
1636	126.74	32.442	32.532	32.5	
1637	126.84	32.442	32.532	32.5	
1638	126.94	32.442	32.532	32.5	
1639	127.	32.442	32.532	32.5	
1640	127.01	32.442	32.532	32.5	
1641	127.02	32.442	32.532	32.5	
1642	127.05	32.442	32.532	32.5	
1643	127.14	32.442	32.532	32.5	
1644	127.24	32.442	32.532	32.5	
1645	127.34	32.442	32.532	32.5	
1646	127.44	32.442	32.533	32.5	
1647	127.54	32.442	32.533	32.5	
1648	127.64	32.443	32.533	32.501	
1649	127.74	32.443	32.533	32.501	
1650	127.84	32.443	32.533	32.501	
1651	127.94	32.443	32.533	32.501	
1652	128.	32.443	32.533	32.501	
1653	128.01	32.443	32.533	32.501	
1654	128.02	32.443	32.533	32.501	
1655	128.05	32.443	32.533	32.501	
1656	128.14	32.443	32.533	32.501	
1657	128.24	32.443	32.533	32.501	
1658	128.34	32.443	32.533	32.501	
1659	128.44	32.443	32.533	32.501	
1660	128.54	32.443	32.533	32.501	
1661	128.64	32.443	32.533	32.501	
1662	128.74	32.443	32.533	32.501	
1663	128.84	32.443	32.533	32.501	
1664	128.94	32.443	32.534	32.501	
1665	129.	32.443	32.534	32.501	
1666	129.01	32.443	32.534	32.501	
1667	129.02	32.443	32.534	32.501	
1668	129.05	32.443	32.534	32.501	
1669	129.14	32.444	32.534	32.502	
1670	129.24	32.444	32.534	32.502	
1671	129.34	32.444	32.534	32.502	
1672	129.44	32.444	32.534	32.502	
1673	129.54	32.444	32.534	32.502	
1674	129.64	32.444	32.534	32.502	
1675	129.74	32.444	32.534	32.502	
1676	129.84	32.444	32.534	32.502	
1677	129.94	32.444	32.534	32.502	
1678	130.	32.444	32.534	32.502	
1679	130.01	32.444	32.534	32.502	
1680	130.02	32.444	32.534	32.502	
1681	130.05	32.444	32.534	32.502	
1682	130.14	32.444	32.534	32.502	
1683	130.24	32.444	32.534	32.502	
1684	130.34	32.444	32.534	32.502	
1685	130.44	32.444	32.535	32.502	
1686	130.54	32.444	32.535	32.502	
1687	130.64	32.445	32.535	32.503	
1688	130.74	32.445	32.535	32.503	
1689	130.84	32.445	32.535	32.503	
1690	130.94	32.445	32.535	32.503	
1691	131.	32.445	32.535	32.503	
1692	131.01	32.445	32.535	32.503	
1693	131.02	32.445	32.535	32.503	
1694	131.05	32.445	32.535	32.503	
1695	131.14	32.445	32.535	32.503	
1696	131.24	32.445	32.535	32.503	
1697	131.34	32.445	32.535	32.503	
1698	131.44	32.445	32.535	32.503	
1699	131.54	32.445	32.535	32.503	
1700	131.64	32.445	32.535	32.503	
1701	131.74	32.445	32.535	32.503	
1702	131.84	32.445	32.535	32.503	
1703	131.94	32.445	32.536	32.503	
1704	132.	32.445	32.536	32.503	
1705	132.01	32.445	32.536	32.503	
1706	132.02	32.445	32.536	32.503	
1707	132.05	32.445	32.536	32.503	
1708	132.14	32.446	32.536	32.504	
1709	132.24	32.446	32.536	32.504	
1710	132.34	32.446	32.536	32.504	
1711	132.44	32.446	32.536	32.504	
1712	132.54	32.446	32.536	32.504	
1713	132.64	32.446	32.536	32.504	
1714	132.74	32.446	32.536	32.504	
1715	132.84	32.446	32.536	32.504	
1716	132.94	32.446	32.536	32.504	
1717	133.	32.446	32.536	32.504	
1718	133.01	32.446	32.536	32.504	
1719	133.02	32.446	32.536	32.504	
1720	133.05	32.446	32.536	32.504	
1721	133.14	32.446	32.536	32.504	
1722	133.24	32.446	32.536	32.504	
1723	133.34	32.446	32.536	32.504	
1724	133.44	32.446	32.537	32.504	
1725	133.54	32.447	32.537	32.504	
1726	133.64	32.447	32.537	32.505	
1727	133.74	32.447	32.537	32.505	
1728	133.84	32.447	32.537	32.505	
1729	133.94	32.447	32.537	32.505	
1730	134.	32.447	32.537	32.505	
1731	134.01	32.447	32.537	32.505	
1732	134.02	32.447	32.537	32.505	
1733	134.05	32.447	32.537	32.505	
1734	134.14	32.447	32.537	32.505	
1735	134.24	32.447	32.537	32.505	
1736	134.34	32.447	32.537	32.505	
1737	134.44	32.447	32.537	32.505	
1738	134.54	32.447	32.537	32.505	
1739	134.64	32.447	32.537	32.505	
1740	134.74	32.447	32.537	32.505	
1741	134.84	32.447	32.538	32.505	
1742	134.94	32.448	32.538	32.505	
1743	135.	32.448	32.538	32.505	
1744	135.01	32.448	32.538	32.506	
1745	135.02	32.448	32.538	32.506	
1746	135.05	32.448	32.538	32.506	
1747	135.14	32.448	32.538	32.506	
1748	135.24	32.448	32.538	32.506	
1749	135.34	32.448	32.538	32.506	
1750	135.44	32.448	32.538	32.506	
1751	135.54	32.448	32.538	32.506	
1752	135.64	32.448	32.538	32.506	
1753	135.74	32.448	32.538	32.506	
1754	135.84	32.448	32.538	32.506	
1755	135.94	32.448	32.538	32.506	
1756	136.	32.448	32.538	32.506	
1757	136.01	32.448	32.538	32.506	
1758	136.02	32.448	32.538	32.506	
1759	136.05	32.448	32.538	32.506	
1760	136.14	32.448	32.538	32.506	
1761	136.24	32.448	32.538	32.506	
1762	136.34	32.449	32.539	32.506	
1763	136.44	32.449	32.539	32.507	
1764	136.54	32.449	32.539	32.507	
1765	136.64	32.449	32.539	32.507	
1766	136.74	32.449	32.539	32.507	
1767	136.84	32.449	32.539	32.507	
1768	136.94	32.449	32.539	32.507	
1769	137.	32.449	32.539	32.507	
1770	137.01	32.449	32.539	32.507	
1771	137.02	32.449	32.539	32.507	
1772	137.05	32.449	32.539	32.507	
1773	137.14	32.449	32.539	32.507	
1774	137.24	32.449	32.539	32.507	
1775	137.34	32.449	32.539	32.507	
1776	137.44	32.449	32.539	32.507	
1777	137.54	32.449	32.539	32.507	
1778	137.64	32.449	32.539	32.507	
1779	137.74	32.45	32.54	32.507	
1780	137.84	32.45	32.54	32.508	
1781	137.94	32.45	32.54	32.508	
1782	138.	32.45	32.54	32.508	
1783	138.01	32.45	32.54	32.508	
1784	138.02	32.45	32.54	32.508	
1785	138.05	32.45	32.54	32.508	
1786	138.14	32.45	32.54	32.508	
1787	138.24	32.45	32.54	32.508	
1788	138.34	32.45	32.54	32.508	
1789	138.44	32.45	32.54	32.508	
1790	138.54	32.45	32.54	32.508	
1791	138.64	32.45	32.54	32.508	
1792	138.74	32.45	32.54	32.508	
1793	138.84	32.45	32.54	32.508	
1794	138.94	32.45	32.54	32.508	
1795	139.	32.45	32.54	32.508	
1796	139.01	32.45	32.54	32.508	
1797	139.02	32.45	32.54	32.508	
1798	139.05	32.45	32.541	32.508	
1799	139.14	32.451	32.541	32.508	
1800	139.24	32.451	32.541	32.509	
1801	139.34	32.451	32.541	32.509	
1802	139.44	32.451	32.541	32.509	
1803	139.54	32.451	32.541	32.509	
1804	139.64	32.451	32.541	32.509	
1805	139.74	32.451	32.541	32.509	
1806	139.84	32.451	32.541	32.509	
1807	139.94	32.451	32.541	32.509	
1808	140.	32.451	32.541	32.509	
1809	140.01	32.451	32.541	32.509	
1810	140.02	32.451	32.541	32.509	
1811	140.05	32.451	32.541	32.509	
1812	140.14	32.451	32.541	32.509	
1813	140.24	32.451	32.541	32.509	
1814	140.34	32.451	32.541	32.509	
1815	140.44	32.451	32.542	32.509	
1816	140.54	32.452	32.542	32.509	
1817	140.64	32.452	32.542	32.51	
1818	140.74	32.452	32.542	32.51	
1819	140.84	32.452	32.542	32.51	
1820	140.94	32.452	32.542	32.51	
1821	141.	32.452	32.542	32.51	
1822	141.01	32.452	32.542	32.51	
1823	141.02	32.452	32.542	32.51	
1824	141.05	32.452	32.542	32.51	
1825	141.14	32.452	32.542	32.51	
1826	141.24	32.452	32.542	32.51	
1827	141.34	32.452	32.542	32.51	
1828	141.44	32.452	32.542	32.51	
1829	141.54	32.452	32.542	32.51	
1830	141.64	32.452	32.542	32.51	
1831	141.74	32.452	32.542	32.51	
1832	141.84	32.453	32.543	32.51	
1833	141.94	32.453	32.543	32.511	
1834	142.	32.453	32.543	32.511	
1835	142.01	32.453	32.543	32.511	
1836	142.02	32.453	32.543	32.511	
1837	142.05	32.453	32.543	32.511	
1838	142.14	32.453	32.543	32.511	
1839	142.24	32.453	32.543	32.511	
1840	142.34	32.453	32.543	32.511	
1841	142.44	32.453	32.543	32.511	
1842	142.54	32.453	32.543	32.511	
1843	142.64	32.453	32.543	32.511	
1844	142.74	32.453	32.543	32.511	
1845	142.84	32.453	32.543	32.511	
1846	142.94	32.453	32.543	32.511	
1847	143.	32.453	32.543	32.511	
1848	143.01	32.453	32.543	32.511	
1849	143.02	32.453	32.543	32.511	
1850	143.05	32.453	32.543	32.511	
1851	143.14	32.454	32.544	32.511	
1852	143.24	32.454	32.544	32.512	
1853	143.34	32.454	32.544	32.512	
1854	143.44	32.454	32.544	32.512	
1855	143.54	32.454	32.544	32.512	
1856	143.64	32.454	32.544	32.512	
1857	143.74	32.454	32.544	32.512	
1858	143.84	32.454	32.544	32.512	
1859	143.94	32.454	32.544	32.512	
1860	144.	32.454	32.544	32.512	
1861	144.01	32.454	32.544	32.512	
1862	144.02	32.454	32.544	32.512	
1863	144.05	32.454	32.544	32.512	
1864	144.14	32.454	32.544	32.512	
1865	144.24	32.454	32.544	32.512	
1866	144.34	32.454	32.544	32.512	
1867	144.44	32.455	32.545	32.512	
1868	144.54	32.455	32.545	32.513	
1869	144.64	32.455	32.545	32.513	
1870	144.74	32.455	32.545	32.513	
1871	144.84	32.455	32.545	32.513	
1872	144.94	32.455	32.545	32.513	
1873	145.	32.455	32.545	32.513	
1874	145.01	32.455	32.545	32.513	
1875	145.02	32.455	32.545	32.513	
1876	145.05	32.455	32.545	32.513	
1877	145.14	32.455	32.545	32.513	
1878	145.24	32.455	32.545	32.513	
1879	145.34	32.455	32.545	32.513	
1880	145.44	32.455	32.545	32.513	
1881	145.54	32.455	32.545	32.513	
1882	145.64	32.455	32.545	32.513	
1883	145.74	32.456	32.546	32.513	
1884	145.84	32.456	32.546	32.514	
1885	145.94	32.456	32.546	32.514	
1886	146.	32.456	32.546	32.514	
1887	146.01	32.456	32.546	32.514	
1888	146.02	32.456	32.546	32.514	
1889	146.05	32.456	32.546	32.514	
1890	146.14	32.456	32.546	32.514	
1891	146.24	32.456	32.546	32.514	
1892	146.34	32.456	32.546	32.514	
1893	146.44	32.456	32.546	32.514	
1894	146.54	32.456	32.546	32.514	
1895	146.64	32.456	32.546	32.514	
1896	146.74	32.456	32.546	32.514	
1897	146.84	32.456	32.546	32.514	
1898	146.94	32.456	32.546	32.514	
1899	147.	32.457	32.547	32.514	
1900	147.01	32.457	32.547	32.514	
1901	147.02	32.457	32.547	32.514	
1902	147.05	32.457	32.547	32.514	
1903	147.14	32.457	32.547	32.515	
1904	147.24	32.457	32.547	32.515	
1905	147.34	32.457	32.547	32.515	
1906	147.44	32.457	32.547	32.515	
1907	147.54	32.457	32.547	32.515	
1908	147.64	32.457	32.547	32.515	
1909	147.74	32.457	32.547	32.515	
1910	147.84	32.457	32.547	32.515	
1911	147.94	32.457	32.547	32.515	
1912	148.	32.457	32.547	32.515	
1913	148.01	32.457	32.547	32.515	
1914	148.02	32.457	32.547	32.515	
1915	148.05	32.457	32.547	32.515	
1916	148.14	32.457	32.547	32.515	
1917	148.24	32.458	32.547	32.515	
1918	148.34	32.458	32.548	32.515	
1919	148.44	32.458	32.548	32.516	
1920	148.54	32.458	32.548	32.516	
1921	148.64	32.458	32.548	32.516	
1922	148.74	32.458	32.548	32.516	
1923	148.84	32.458	32.548	32.516	
1924	148.94	32.458	32.548	32.516	
1925	149.	32.458	32.548	32.516	
1926	149.01	32.458	32.548	32.516	
1927	149.02	32.458	32.548	32.516	
1928	149.05	32.458	32.548	32.516	
1929	149.14	32.458	32.548	32.516	
1930	149.24	32.458	32.548	32.516	
1931	149.34	32.458	32.548	32.516	
1932	149.44	32.458	32.548	32.516	
1933	149.54	32.459	32.549	32.516	
1934	149.64	32.459	32.549	32.517	
1935	149.74	32.459	32.549	32.517	
1936	149.84	32.459	32.549	32.517	
1937	149.94	32.459	32.549	32.517	
1938	150.	32.459	32.549	32.517	
1939	150.01	32.459	32.549	32.517	
1940	150.02	32.459	32.549	32.517	
1941	150.05	32.459	32.549	32.517	
1942	150.14	32.459	32.549	32.517	
1943	150.24	32.459	32.549	32.517	
1944	150.34	32.459	32.549	32.517	
1945	150.44	32.459	32.549	32.517	
1946	150.54	32.459	32.549	32.517	
1947	150.64	32.459	32.549	32.517	
1948	150.74	32.46	32.549	32.517	
1949	150.84	32.46	32.55	32.517	
1950	150.94	32.46	32.55	32.518	
1951	151.	32.46	32.55	32.518	
1952	151.01	32.46	32.55	32.518	
1953	151.02	32.46	32.55	32.518	
1954	151.05	32.46	32.55	32.518	
1955	151.14	32.46	32.55	32.518	
1956	151.24	32.46	32.55	32.518	
1957	151.34	32.46	32.55	32.518	
1958	151.44	32.46	32.55	32.518	
1959	151.54	32.46	32.55	32.518	
1960	151.64	32.46	32.55	32.518	
1961	151.74	32.46	32.55	32.518	
1962	151.84	32.46	32.55	32.518	
1963	151.94	32.461	32.55	32.518	
1964	152.	32.461	32.55	32.518	
1965	152.01	32.461	32.55	32.518	
1966	152.02	32.461	32.551	32.518	
1967	152.05	32.461	32.551	32.518	
1968	152.14	32.461	32.551	32.519	
1969	152.24	32.461	32.551	32.519	
1970	152.34	32.461	32.551	32.519	
1971	152.44	32.461	32.551	32.519	
1972	152.54	32.461	32.551	32.519	
1973	152.64	32.461	32.551	32.519	
1974	152.74	32.461	32.551	32.519	
1975	152.84	32.461	32.551	32.519	
1976	152.94	32.461	32.551	32.519	
1977	153.	32.461	32.551	32.519	
1978	153.01	32.461	32.551	32.519	
1979	153.02	32.461	32.551	32.519	
1980	153.05	32.461	32.551	32.519	
1981	153.14	32.461	32.551	32.519	
1982	153.24	32.462	32.552	32.519	
1983	153.34	32.462	32.552	32.52	
1984	153.44	32.462	32.552	32.52	
1985	153.54	32.462	32.552	32.52	
1986	153.64	32.462	32.552	32.52	
1987	153.74	32.462	32.552	32.52	
1988	153.84	32.462	32.552	32.52	
1989	153.94	32.462	32.552	32.52	
1990	154.	32.462	32.552	32.52	
1991	154.01	32.462	32.552	32.52	
1992	154.02	32.462	32.552	32.52	
1993	154.05	32.462	32.552	32.52	
1994	154.14	32.462	32.552	32.52	
1995	154.24	32.462	32.552	32.52	
1996	154.34	32.462	32.552	32.52	
1997	154.44	32.463	32.552	32.52	
1998	154.54	32.463	32.553	32.521	
1999	154.64	32.463	32.553	32.521	
2000	154.74	32.463	32.553	32.521	
2001	154.84	32.463	32.553	32.521	
2002	154.94	32.463	32.553	32.521	
2003	155.	32.463	32.553	32.521	
2004	155.01	32.463	32.553	32.521	
2005	155.02	32.463	32.553	32.521	
2006	155.05	32.463	32.553	32.521	
2007	155.14	32.463	32.553	32.521	
2008	155.24	32.463	32.553	32.521	
2009	155.34	32.463	32.553	32.521	
2010	155.44	32.463	32.553	32.521	
2011	155.54	32.463	32.553	32.521	
2012	155.64	32.464	32.553	32.521	
2013	155.74	32.464	32.554	32.522	
2014	155.84	32.464	32.554	32.522	
2015	155.94	32.464	32.554	32.522	
2016	156.	32.464	32.554	32.522	
2017	156.01	32.464	32.554	32.522	
2018	156.02	32.464	32.554	32.522	
2019	156.05	32.464	32.554	32.522	
2020	156.14	32.464	32.554	32.522	
2021	156.24	32.464	32.554	32.522	
2022	156.34	32.464	32.554	32.522	
2023	156.44	32.464	32.554	32.522	
2024	156.54	32.464	32.554	32.522	
2025	156.64	32.464	32.554	32.522	
2026	156.74	32.465	32.554	32.522	
2027	156.84	32.465	32.555	32.522	
2028	156.94	32.465	32.555	32.523	
2029	157.	32.465	32.555	32.523	
2030	157.01	32.465	32.555	32.523	
2031	157.02	32.465	32.555	32.523	
2032	157.05	32.465	32.555	32.523	
2033	157.14	32.465	32.555	32.523	
2034	157.24	32.465	32.555	32.523	
2035	157.34	32.465	32.555	32.523	
2036	157.44	32.465	32.555	32.523	
2037	157.54	32.465	32.555	32.523	
2038	157.64	32.465	32.555	32.523	
2039	157.74	32.465	32.555	32.523	
2040	157.84	32.465	32.555	32.523	
2041	157.94	32.466	32.555	32.523	
2042	158.	32.466	32.555	32.523	
2043	158.01	32.466	32.555	32.523	
2044	158.02	32.466	32.556	32.523	
2045	158.05	32.466	32.556	32.523	
2046	158.14	32.466	32.556	32.524	
2047	158.24	32.466	32.556	32.524	
2048	158.34	32.466	32.556	32.524	
2049	158.44	32.466	32.556	32.524	
2050	158.54	32.466	32.556	32.524	
2051	158.64	32.466	32.556	32.524	
2052	158.74	32.466	32.556	32.524	
2053	158.84	32.466	32.556	32.524	
2054	158.94	32.466	32.556	32.524	
2055	159.	32.466	32.556	32.524	
2056	159.01	32.466	32.556	32.524	
2057	159.02	32.466	32.556	32.524	
2058	159.05	32.466	32.556	32.524	
2059	159.14	32.467	32.556	32.524	
2060	159.24	32.467	32.557	32.524	
2061	159.34	32.467	32.557	32.525	
2062	159.44	32.467	32.557	32.525	
2063	159.54	32.467	32.557	32.525	
2064	159.64	32.467	32.557	32.525	
2065	159.74	32.467	32.557	32.525	
2066	159.84	32.467	32.557	32.525	
2067	159.94	32.467	32.557	32.525	
2068	160.	32.467	32.557	32.525	
2069	160.01	32.467	32.557	32.525	
2070	160.02	32.467	32.557	32.525	
2071	160.05	32.467	32.557	32.525	
2072	160.14	32.467	32.557	32.525	
2073	160.24	32.468	32.557	32.525	
2074	160.34	32.468	32.557	32.525	
2075	160.44	32.468	32.558	32.526	
2076	160.54	32.468	32.558	32.526	
2077	160.64	32.468	32.558	32.526	
2078	160.74	32.468	32.558	32.526	
2079	160.84	32.468	32.558	32.526	
2080	160.94	32.468	32.558	32.526	
2081	161.	32.468	32.558	32.526	
2082	161.01	32.468	32.558	32.526	
2083	161.02	32.468	32.558	32.526	
2084	161.05	32.468	32.558	32.526	
2085	161.14	32.468	32.558	32.526	
2086	161.24	32.468	32.558	32.526	
2087	161.34	32.468	32.558	32.526	
2088	161.44	32.469	32.558	32.526	
2089	161.54	32.469	32.559	32.526	
2090	161.64	32.469	32.559	32.527	
2091	161.74	32.469	32.559	32.527	
2092	161.84	32.469	32.559	32.527	
2093	161.94	32.469	32.559	32.527	
2094	162.	32.469	32.559	32.527	
2095	162.01	32.469	32.559	32.527	
2096	162.02	32.469	32.559	32.527	
2097	162.05	32.469	32.559	32.527	
2098	162.14	32.469	32.559	32.527	
2099	162.24	32.469	32.559	32.527	
2100	162.34	32.469	32.559	32.527	
2101	162.44	32.469	32.559	32.527	
2102	162.54	32.47	32.559	32.527	
2103	162.64	32.47	32.559	32.527	
2104	162.74	32.47	32.56	32.528	
2105	162.84	32.47	32.56	32.528	
2106	162.94	32.47	32.56	32.528	
2107	163.	32.47	32.56	32.528	
2108	163.01	32.47	32.56	32.528	
2109	163.02	32.47	32.56	32.528	
2110	163.05	32.47	32.56	32.528	
2111	163.14	32.47	32.56	32.528	
2112	163.24	32.47	32.56	32.528	
2113	163.34	32.47	32.56	32.528	
2114	163.44	32.47	32.56	32.528	
2115	163.54	32.47	32.56	32.528	
2116	163.64	32.471	32.56	32.528	
2117	163.74	32.471	32.56	32.528	
2118	163.84	32.471	32.561	32.529	
2119	163.94	32.471	32.561	32.529	
2120	164.	32.471	32.561	32.529	
2121	164.01	32.471	32.561	32.529	
2122	164.02	32.471	32.561	32.529	
2123	164.05	32.471	32.561	32.529	
2124	164.14	32.471	32.561	32.529	
2125	164.24	32.471	32.561	32.529	
2126	164.34	32.471	32.561	32.529	
2127	164.44	32.471	32.561	32.529	
2128	164.54	32.471	32.561	32.529	
2129	164.64	32.471	32.561	32.529	
2130	164.74	32.471	32.561	32.529	
2131	164.84	32.472	32.561	32.529	
2132	164.94	32.472	32.562	32.529	
2133	165.	32.472	32.562	32.53	
2134	165.01	32.472	32.562	32.53	
2135	165.02	32.472	32.562	32.53	
2136	165.05	32.472	32.562	32.53	
2137	165.14	32.472	32.562	32.53	
2138	165.24	32.472	32.562	32.53	
2139	165.34	32.472	32.562	32.53	
2140	165.44	32.472	32.562	32.53	
2141	165.54	32.472	32.562	32.53	
2142	165.64	32.472	32.562	32.53	
2143	165.74	32.472	32.562	32.53	
2144	165.84	32.472	32.562	32.53	
2145	165.94	32.473	32.562	32.53	
2146	166.	32.473	32.562	32.53	
2147	166.01	32.473	32.562	32.53	
2148	166.02	32.473	32.562	32.53	
2149	166.05	32.473	32.563	32.53	
2150	166.14	32.473	32.563	32.531	
2151	166.24	32.473	32.563	32.531	
2152	166.34	32.473	32.563	32.531	
2153	166.44	32.473	32.563	32.531	
2154	166.54	32.473	32.563	32.531	
2155	166.64	32.473	32.563	32.531	
2156	166.74	32.473	32.563	32.531	
2157	166.84	32.473	32.563	32.531	
2158	166.94	32.473	32.563	32.531	
2159	167.	32.474	32.563	32.531	
2160	167.01	32.474	32.563	32.531	
2161	167.02	32.474	32.563	32.531	
2162	167.05	32.474	32.563	32.531	
2163	167.14	32.474	32.564	32.531	
2164	167.24	32.474	32.564	32.532	
2165	167.34	32.474	32.564	32.532	
2166	167.44	32.474	32.564	32.532	
2167	167.54	32.474	32.564	32.532	
2168	167.64	32.474	32.564	32.532	
2169	167.74	32.474	32.564	32.532	
2170	167.84	32.474	32.564	32.532	
2171	167.94	32.474	32.564	32.532	
2172	168.	32.474	32.564	32.532	
2173	168.01	32.474	32.564	32.532	
2174	168.02	32.474	32.564	32.532	
2175	168.05	32.474	32.564	32.532	
2176	168.14	32.475	32.564	32.532	
2177	168.24	32.475	32.564	32.532	
2178	168.34	32.475	32.565	32.533	
2179	168.44	32.475	32.565	32.533	
2180	168.54	32.475	32.565	32.533	
2181	168.64	32.475	32.565	32.533	
2182	168.74	32.475	32.565	32.533	
2183	168.84	32.475	32.565	32.533	
2184	168.94	32.475	32.565	32.533	
2185	169.	32.475	32.565	32.533	
2186	169.01	32.475	32.565	32.533	
2187	169.02	32.475	32.565	32.533	
2188	169.05	32.475	32.565	32.533	
2189	169.14	32.475	32.565	32.533	
2190	169.24	32.476	32.565	32.533	
2191	169.34	32.476	32.566	32.533	
2192	169.44	32.476	32.566	32.534	
2193	169.54	32.476	32.566	32.534	
2194	169.64	32.476	32.566	32.534	
2195	169.74	32.476	32.566	32.534	
2196	169.84	32.476	32.566	32.534	
2197	169.94	32.476	32.566	32.534	
2198	170.	32.476	32.566	32.534	
2199	170.01	32.476	32.566	32.534	
2200	170.02	32.476	32.566	32.534	
2201	170.05	32.476	32.566	32.534	
2202	170.14	32.476	32.566	32.534	
2203	170.24	32.476	32.566	32.534	
2204	170.34	32.477	32.566	32.534	
2205	170.44	32.477	32.567	32.534	
2206	170.54	32.477	32.567	32.535	
2207	170.64	32.477	32.567	32.535	
2208	170.74	32.477	32.567	32.535	
2209	170.84	32.477	32.567	32.535	
2210	170.94	32.477	32.567	32.535	
2211	171.	32.477	32.567	32.535	
2212	171.01	32.477	32.567	32.535	
2213	171.02	32.477	32.567	32.535	
2214	171.05	32.477	32.567	32.535	
2215	171.14	32.477	32.567	32.535	
2216	171.24	32.477	32.567	32.535	
2217	171.34	32.478	32.567	32.535	
2218	171.44	32.478	32.567	32.535	
2219	171.54	32.478	32.568	32.535	
2220	171.64	32.478	32.568	32.536	
2221	171.74	32.478	32.568	32.536	
2222	171.84	32.478	32.568	32.536	
2223	171.94	32.478	32.568	32.536	
2224	172.	32.478	32.568	32.536	
2225	172.01	32.478	32.568	32.536	
2226	172.02	32.478	32.568	32.536	
2227	172.05	32.478	32.568	32.536	
2228	172.14	32.478	32.568	32.536	
2229	172.24	32.478	32.568	32.536	
2230	172.34	32.478	32.568	32.536	
2231	172.44	32.479	32.568	32.536	
2232	172.54	32.479	32.568	32.536	
2233	172.64	32.479	32.569	32.537	
2234	172.74	32.479	32.569	32.537	
2235	172.84	32.479	32.569	32.537	
2236	172.94	32.479	32.569	32.537	
2237	173.	32.479	32.569	32.537	
2238	173.01	32.479	32.569	32.537	
2239	173.02	32.479	32.569	32.537	
2240	173.05	32.479	32.569	32.537	
2241	173.14	32.479	32.569	32.537	
2242	173.24	32.479	32.569	32.537	
2243	173.34	32.479	32.569	32.537	
2244	173.44	32.479	32.569	32.537	
2245	173.54	32.48	32.569	32.537	
2246	173.64	32.48	32.569	32.537	
2247	173.74	32.48	32.57	32.538	
2248	173.84	32.48	32.57	32.538	
2249	173.94	32.48	32.57	32.538	
2250	174.	32.48	32.57	32.538	
2251	174.01	32.48	32.57	32.538	
2252	174.02	32.48	32.57	32.538	
2253	174.05	32.48	32.57	32.538	
2254	174.14	32.48	32.57	32.538	
2255	174.24	32.48	32.57	32.538	
2256	174.34	32.48	32.57	32.538	
2257	174.44	32.48	32.57	32.538	
2258	174.54	32.481	32.57	32.538	
2259	174.64	32.481	32.57	32.538	
2260	174.74	32.481	32.571	32.538	
2261	174.84	32.481	32.571	32.539	
2262	174.94	32.481	32.571	32.539	
2263	175.	32.481	32.571	32.539	
2264	175.01	32.481	32.571	32.539	
2265	175.02	32.481	32.571	32.539	
2266	175.05	32.481	32.571	32.539	
2267	175.14	32.481	32.571	32.539	
2268	175.24	32.481	32.571	32.539	
2269	175.34	32.481	32.571	32.539	
2270	175.44	32.481	32.571	32.539	
2271	175.54	32.481	32.571	32.539	
2272	175.64	32.482	32.571	32.539	
2273	175.74	32.482	32.571	32.539	
2274	175.84	32.482	32.572	32.54	
2275	175.94	32.482	32.572	32.54	
2276	176.	32.482	32.572	32.54	
2277	176.01	32.482	32.572	32.54	
2278	176.02	32.482	32.572	32.54	
2279	176.05	32.482	32.572	32.54	
2280	176.14	32.482	32.572	32.54	
2281	176.24	32.482	32.572	32.54	
2282	176.34	32.482	32.572	32.54	
2283	176.44	32.482	32.572	32.54	
2284	176.54	32.482	32.572	32.54	
2285	176.64	32.483	32.572	32.54	
2286	176.74	32.483	32.572	32.54	
2287	176.84	32.483	32.573	32.54	
2288	176.94	32.483	32.573	32.541	
2289	177.	32.483	32.573	32.541	
2290	177.01	32.483	32.573	32.541	
2291	177.02	32.483	32.573	32.541	
2292	177.05	32.483	32.573	32.541	
2293	177.14	32.483	32.573	32.541	
2294	177.24	32.483	32.573	32.541	
2295	177.34	32.483	32.573	32.541	
2296	177.44	32.483	32.573	32.541	
2297	177.54	32.483	32.573	32.541	
2298	177.64	32.483	32.573	32.541	
2299	177.74	32.484	32.573	32.541	
2300	177.84	32.484	32.573	32.541	
2301	177.94	32.484	32.574	32.542	
2302	178.	32.484	32.574	32.542	
2303	178.01	32.484	32.574	32.542	
2304	178.02	32.484	32.574	32.542	
2305	178.05	32.484	32.574	32.542	
2306	178.14	32.484	32.574	32.542	
2307	178.24	32.484	32.574	32.542	
2308	178.34	32.484	32.574	32.542	
2309	178.44	32.484	32.574	32.542	
2310	178.54	32.484	32.574	32.542	
2311	178.64	32.484	32.574	32.542	
2312	178.74	32.485	32.574	32.542	
2313	178.84	32.485	32.574	32.542	
2314	178.94	32.485	32.575	32.543	
2315	179.	32.485	32.575	32.543	
2316	179.01	32.485	32.575	32.543	
2317	179.02	32.485	32.575	32.543	
2318	179.05	32.485	32.575	32.543	
2319	179.14	32.485	32.575	32.543	
2320	179.24	32.485	32.575	32.543	
2321	179.34	32.485	32.575	32.543	
2322	179.44	32.485	32.575	32.543	
2323	179.54	32.485	32.575	32.543	
2324	179.64	32.485	32.575	32.543	
2325	179.74	32.486	32.575	32.543	
2326	179.84	32.486	32.575	32.543	
2327	179.94	32.486	32.576	32.543	
2328	180.	32.486	32.576	32.544	
2329	180.01	32.486	32.576	32.544	
2330	180.02	32.486	32.576	32.544	
2331	180.05	32.486	32.576	32.544	
2332	180.14	32.486	32.576	32.544	
2333	180.24	32.486	32.576	32.544	
2334	180.34	32.486	32.576	32.544	
2335	180.44	32.486	32.576	32.544	
2336	180.54	32.486	32.576	32.544	
2337	180.64	32.486	32.576	32.544	
2338	180.74	32.486	32.576	32.544	
2339	180.84	32.487	32.576	32.544	
2340	180.94	32.487	32.576	32.544	
2341	181.	32.487	32.577	32.545	
2342	181.01	32.487	32.577	32.545	
2343	181.02	32.487	32.577	32.545	
2344	181.05	32.487	32.577	32.545	
2345	181.14	32.487	32.577	32.545	
2346	181.24	32.487	32.577	32.545	
2347	181.34	32.487	32.577	32.545	
2348	181.44	32.487	32.577	32.545	
2349	181.54	32.487	32.577	32.545	
2350	181.64	32.487	32.577	32.545	
2351	181.74	32.487	32.577	32.545	
2352	181.84	32.488	32.577	32.545	
2353	181.94	32.488	32.577	32.545	
2354	182.	32.488	32.578	32.545	
2355	182.01	32.488	32.578	32.546	
2356	182.02	32.488	32.578	32.546	
2357	182.05	32.488	32.578	32.546	
2358	182.14	32.488	32.578	32.546	
2359	182.24	32.488	32.578	32.546	
2360	182.34	32.488	32.578	32.546	
2361	182.44	32.488	32.578	32.546	
2362	182.54	32.488	32.578	32.546	
2363	182.64	32.488	32.578	32.546	
2364	182.74	32.488	32.578	32.546	
2365	182.84	32.489	32.578	32.546	
2366	182.94	32.489	32.578	32.546	
2367	183.	32.489	32.578	32.546	
2368	183.01	32.489	32.579	32.546	
2369	183.02	32.489	32.579	32.547	
2370	183.05	32.489	32.579	32.547	
2371	183.14	32.489	32.579	32.547	
2372	183.24	32.489	32.579	32.547	
2373	183.34	32.489	32.579	32.547	
2374	183.44	32.489	32.579	32.547	
2375	183.54	32.489	32.579	32.547	
2376	183.64	32.489	32.579	32.547	
2377	183.74	32.489	32.579	32.547	
2378	183.84	32.49	32.579	32.547	
2379	183.94	32.49	32.579	32.547	
2380	184.	32.49	32.579	32.547	
2381	184.01	32.49	32.579	32.547	
2382	184.02	32.49	32.58	32.547	
2383	184.05	32.49	32.58	32.548	
2384	184.14	32.49	32.58	32.548	
2385	184.24	32.49	32.58	32.548	
2386	184.34	32.49	32.58	32.548	
2387	184.44	32.49	32.58	32.548	
2388	184.54	32.49	32.58	32.548	
2389	184.64	32.49	32.58	32.548	
2390	184.74	32.49	32.58	32.548	
2391	184.84	32.491	32.58	32.548	
2392	184.94	32.491	32.58	32.548	
2393	185.	32.491	32.58	32.548	
2394	185.01	32.491	32.58	32.548	
2395	185.02	32.491	32.581	32.548	
2396	185.05	32.491	32.581	32.549	
2397	185.14	32.491	32.581	32.549	
2398	185.24	32.491	32.581	32.549	
2399	185.34	32.491	32.581	32.549	
2400	185.44	32.491	32.581	32.549	
2401	185.54	32.491	32.581	32.549	
2402	185.64	32.491	32.581	32.549	
2403	185.74	32.491	32.581	32.549	
2404	185.84	32.492	32.581	32.549	
2405	185.94	32.492	32.581	32.549	
2406	186.	32.492	32.581	32.549	
2407	186.01	32.492	32.581	32.549	
2408	186.02	32.492	32.582	32.549	
2409	186.05	32.492	32.582	32.55	
2410	186.14	32.492	32.582	32.55	
2411	186.24	32.492	32.582	32.55	
2412	186.34	32.492	32.582	32.55	
2413	186.44	32.492	32.582	32.55	
2414	186.54	32.492	32.582	32.55	
2415	186.64	32.492	32.582	32.55	
2416	186.74	32.492	32.582	32.55	
2417	186.84	32.493	32.582	32.55	
2418	186.94	32.493	32.582	32.55	
2419	187.	32.493	32.582	32.55	
2420	187.01	32.493	32.582	32.55	
2421	187.02	32.493	32.583	32.55	
2422	187.05	32.493	32.583	32.551	
2423	187.14	32.493	32.583	32.551	
2424	187.24	32.493	32.583	32.551	
2425	187.34	32.493	32.583	32.551	
2426	187.44	32.493	32.583	32.551	
2427	187.54	32.493	32.583	32.551	
2428	187.64	32.493	32.583	32.551	
2429	187.74	32.493	32.583	32.551	
2430	187.84	32.494	32.583	32.551	
2431	187.94	32.494	32.583	32.551	
2432	188.	32.494	32.583	32.551	
2433	188.01	32.494	32.583	32.551	
2434	188.02	32.494	32.584	32.551	
2435	188.05	32.494	32.584	32.552	
2436	188.14	32.494	32.584	32.552	
2437	188.24	32.494	32.584	32.552	
2438	188.34	32.494	32.584	32.552	
2439	188.44	32.494	32.584	32.552	
2440	188.54	32.494	32.584	32.552	
2441	188.64	32.494	32.584	32.552	
2442	188.74	32.494	32.584	32.552	
2443	188.84	32.495	32.584	32.552	
2444	188.94	32.495	32.584	32.552	
2445	189.	32.495	32.585	32.552	
2446	189.01	32.495	32.585	32.553	
2447	189.02	32.495	32.585	32.553	
2448	189.05	32.495	32.585	32.553	
2449	189.14	32.495	32.585	32.553	
2450	189.24	32.495	32.585	32.553	
2451	189.34	32.495	32.585	32.553	
2452	189.44	32.495	32.585	32.553	
2453	189.54	32.495	32.585	32.553	
2454	189.64	32.495	32.585	32.553	
2455	189.74	32.495	32.585	32.553	
2456	189.84	32.496	32.585	32.553	
2457	189.94	32.496	32.585	32.553	
2458	190.	32.496	32.586	32.554	
2459	190.01	32.496	32.586	32.554	
2460	190.02	32.496	32.586	32.554	
2461	190.05	32.496	32.586	32.554	
2462	190.14	32.496	32.586	32.554	
2463	190.24	32.496	32.586	32.554	
2464	190.34	32.496	32.586	32.554	
2465	190.44	32.496	32.586	32.554	
2466	190.54	32.496	32.586	32.554	
2467	190.64	32.496	32.586	32.554	
2468	190.74	32.496	32.586	32.554	
2469	190.84	32.497	32.586	32.554	
2470	190.94	32.497	32.586	32.554	
2471	191.	32.497	32.587	32.555	
2472	191.01	32.497	32.587	32.555	
2473	191.02	32.497	32.587	32.555	
2474	191.05	32.497	32.587	32.555	
2475	191.14	32.497	32.587	32.555	
2476	191.24	32.497	32.587	32.555	
2477	191.34	32.497	32.587	32.555	
2478	191.44	32.497	32.587	32.555	
2479	191.54	32.497	32.587	32.555	
2480	191.64	32.497	32.587	32.555	
2481	191.74	32.498	32.587	32.555	
2482	191.84	32.498	32.587	32.555	
2483	191.94	32.498	32.588	32.555	
2484	192.	32.498	32.588	32.556	
2485	192.01	32.498	32.588	32.556	
2486	192.02	32.498	32.588	32.556	
2487	192.05	32.498	32.588	32.556	
2488	192.14	32.498	32.588	32.556	
2489	192.24	32.498	32.588	32.556	
2490	192.34	32.498	32.588	32.556	
2491	192.44	32.498	32.588	32.556	
2492	192.54	32.498	32.588	32.556	
2493	192.64	32.498	32.588	32.556	
2494	192.74	32.499	32.588	32.556	
2495	192.84	32.499	32.588	32.556	
2496	192.94	32.499	32.589	32.557	
2497	193.	32.499	32.589	32.557	
2498	193.01	32.499	32.589	32.557	
2499	193.02	32.499	32.589	32.557	
2500	193.05	32.499	32.589	32.557	
2501	193.14	32.499	32.589	32.557	
2502	193.24	32.499	32.589	32.557	
2503	193.34	32.499	32.589	32.557	
2504	193.44	32.499	32.589	32.557	
2505	193.54	32.499	32.589	32.557	
2506	193.64	32.499	32.589	32.557	
2507	193.74	32.5	32.589	32.557	
2508	193.84	32.5	32.589	32.557	
2509	193.94	32.5	32.59	32.558	
2510	194.	32.5	32.59	32.558	
2511	194.01	32.5	32.59	32.558	
2512	194.02	32.5	32.59	32.558	
2513	194.05	32.5	32.59	32.558	
2514	194.14	32.5	32.59	32.558	
2515	194.24	32.5	32.59	32.558	
2516	194.34	32.5	32.59	32.558	
2517	194.44	32.5	32.59	32.558	
2518	194.54	32.5	32.59	32.558	
2519	194.64	32.501	32.59	32.558	
2520	194.74	32.501	32.59	32.558	
2521	194.84	32.501	32.591	32.558	
2522	194.94	32.501	32.591	32.559	
2523	195.	32.501	32.591	32.559	
2524	195.01	32.501	32.591	32.559	
2525	195.02	32.501	32.591	32.559	
2526	195.05	32.501	32.591	32.559	
2527	195.14	32.501	32.591	32.559	
2528	195.24	32.501	32.591	32.559	
2529	195.34	32.501	32.591	32.559	
2530	195.44	32.501	32.591	32.559	
2531	195.54	32.501	32.591	32.559	
2532	195.64	32.502	32.591	32.559	
2533	195.74	32.502	32.591	32.559	
2534	195.84	32.502	32.592	32.56	
2535	195.94	32.502	32.592	32.56	
2536	196.	32.502	32.592	32.56	
2537	196.01	32.502	32.592	32.56	
2538	196.02	32.502	32.592	32.56	
2539	196.05	32.502	32.592	32.56	
2540	196.14	32.502	32.592	32.56	
2541	196.24	32.502	32.592	32.56	
2542	196.34	32.502	32.592	32.56	
2543	196.44	32.502	32.592	32.56	
2544	196.54	32.503	32.592	32.56	
2545	196.64	32.503	32.592	32.56	
2546	196.74	32.503	32.592	32.56	
2547	196.84	32.503	32.593	32.561	
2548	196.94	32.503	32.593	32.561	
2549	197.	32.503	32.593	32.561	
2550	197.01	32.503	32.593	32.561	
2551	197.02	32.503	32.593	32.561	
2552	197.05	32.503	32.593	32.561	
2553	197.14	32.503	32.593	32.561	
2554	197.24	32.503	32.593	32.561	
2555	197.34	32.503	32.593	32.561	
2556	197.44	32.503	32.593	32.561	
2557	197.54	32.504	32.593	32.561	
2558	197.64	32.504	32.593	32.561	
2559	197.74	32.504	32.594	32.562	
2560	197.84	32.504	32.594	32.562	
2561	197.94	32.504	32.594	32.562	
2562	198.	32.504	32.594	32.562	
2563	198.01	32.504	32.594	32.562	
2564	198.02	32.504	32.594	32.562	
2565	198.05	32.504	32.594	32.562	
2566	198.14	32.504	32.594	32.562	
2567	198.24	32.504	32.594	32.562	
2568	198.34	32.504	32.594	32.562	
2569	198.44	32.505	32.594	32.562	
2570	198.54	32.505	32.594	32.562	
2571	198.64	32.505	32.594	32.562	
2572	198.74	32.505	32.595	32.563	
2573	198.84	32.505	32.595	32.563	
2574	198.94	32.505	32.595	32.563	
2575	199.	32.505	32.595	32.563	
2576	199.01	32.505	32.595	32.563	
2577	199.02	32.505	32.595	32.563	
2578	199.05	32.505	32.595	32.563	
2579	199.14	32.505	32.595	32.563	
2580	199.24	32.505	32.595	32.563	
2581	199.34	32.505	32.595	32.563	
2582	199.44	32.506	32.595	32.563	
2583	199.54	32.506	32.595	32.563	
2584	199.64	32.506	32.596	32.564	
2585	199.74	32.506	32.596	32.564	
2586	199.84	32.506	32.596	32.564	
2587	199.94	32.506	32.596	32.564	
2588	200.	32.506	32.596	32.564	
2589	200.01	32.506	32.596	32.564	
2590	200.02	32.506	32.596	32.564	
2591	200.05	32.506	32.596	32.564	
2592	200.14	32.506	32.596	32.564	
2593	200.24	32.506	32.596	32.564	
2594	200.34	32.507	32.596	32.564	
2595	200.44	32.507	32.596	32.564	
2596	200.54	32.507	32.597	32.565	
2597	200.64	32.507	32.597	32.565	
2598	200.74	32.507	32.597	32.565	
2599	200.84	32.507	32.597	32.565	
2600	200.94	32.507	32.597	32.565	
2601	201.	32.507	32.597	32.565	
2602	201.01	32.507	32.597	32.565	
2603	201.02	32.507	32.597	32.565	
2604	201.05	32.507	32.597	32.565	
2605	201.14	32.507	32.597	32.565	
2606	201.24	32.507	32.597	32.565	
2607	201.34	32.508	32.597	32.565	
2608	201.44	32.508	32.597	32.565	
2609	201.54	32.508	32.598	32.566	
2610	201.64	32.508	32.598	32.566	
2611	201.74	32.508	32.598	32.566	
2612	201.84	32.508	32.598	32.566	
2613	201.94	32.508	32.598	32.566	
2614	202.	32.508	32.598	32.566	
2615	202.01	32.508	32.598	32.566	
2616	202.02	32.508	32.598	32.566	
2617	202.05	32.508	32.598	32.566	
2618	202.14	32.508	32.598	32.566	
2619	202.24	32.509	32.598	32.566	
2620	202.34	32.509	32.598	32.566	
2621	202.44	32.509	32.599	32.567	
2622	202.54	32.509	32.599	32.567	
2623	202.64	32.509	32.599	32.567	
2624	202.74	32.509	32.599	32.567	
2625	202.84	32.509	32.599	32.567	
2626	202.94	32.509	32.599	32.567	
2627	203.	32.509	32.599	32.567	
2628	203.01	32.509	32.599	32.567	
2629	203.02	32.509	32.599	32.567	
2630	203.05	32.509	32.599	32.567	
2631	203.14	32.51	32.599	32.567	
2632	203.24	32.51	32.599	32.567	
2633	203.34	32.51	32.6	32.568	
2634	203.44	32.51	32.6	32.568	
2635	203.54	32.51	32.6	32.568	
2636	203.64	32.51	32.6	32.568	
2637	203.74	32.51	32.6	32.568	
2638	203.84	32.51	32.6	32.568	
2639	203.94	32.51	32.6	32.568	
2640	204.	32.51	32.6	32.568	
2641	204.01	32.51	32.6	32.568	
2642	204.02	32.51	32.6	32.568	
2643	204.05	32.511	32.6	32.568	
2644	204.14	32.511	32.6	32.568	
2645	204.24	32.511	32.6	32.568	
2646	204.34	32.511	32.601	32.569	
2647	204.44	32.511	32.601	32.569	
2648	204.54	32.511	32.601	32.569	
2649	204.64	32.511	32.601	32.569	
2650	204.74	32.511	32.601	32.569	
2651	204.84	32.511	32.601	32.569	
2652	204.94	32.511	32.601	32.569	
2653	205.	32.512	32.601	32.569	
2654	205.01	32.512	32.601	32.569	
2655	205.02	32.512	32.601	32.569	
2656	205.05	32.512	32.601	32.569	
2657	205.14	32.512	32.601	32.569	
2658	205.24	32.512	32.602	32.57	
2659	205.34	32.512	32.602	32.57	
2660	205.44	32.512	32.602	32.57	
2661	205.54	32.512	32.602	32.57	
2662	205.64	32.512	32.602	32.57	
2663	205.74	32.512	32.602	32.57	
2664	205.84	32.512	32.602	32.57	
2665	205.94	32.513	32.602	32.57	
2666	206.	32.513	32.602	32.57	
2667	206.01	32.513	32.602	32.57	
2668	206.02	32.513	32.602	32.57	
2669	206.05	32.513	32.602	32.57	
2670	206.14	32.513	32.603	32.571	
2671	206.24	32.513	32.603	32.571	
2672	206.34	32.513	32.603	32.571	
2673	206.44	32.513	32.603	32.571	
2674	206.54	32.513	32.603	32.571	
2675	206.64	32.513	32.603	32.571	
2676	206.74	32.513	32.603	32.571	
2677	206.84	32.514	32.603	32.571	
2678	206.94	32.514	32.603	32.571	
2679	207.	32.514	32.603	32.571	
2680	207.01	32.514	32.603	32.571	
2681	207.02	32.514	32.604	32.572	
2682	207.05	32.514	32.604	32.572	
2683	207.14	32.514	32.604	32.572	
2684	207.24	32.514	32.604	32.572	
2685	207.34	32.514	32.604	32.572	
2686	207.44	32.514	32.604	32.572	
2687	207.54	32.514	32.604	32.572	
2688	207.64	32.514	32.604	32.572	
2689	207.74	32.515	32.604	32.572	
2690	207.84	32.515	32.604	32.572	
2691	207.94	32.515	32.605	32.573	
2692	208.	32.515	32.605	32.573	
2693	208.01	32.515	32.605	32.573	
2694	208.02	32.515	32.605	32.573	
2695	208.05	32.515	32.605	32.573	
2696	208.14	32.515	32.605	32.573	
2697	208.24	32.515	32.605	32.573	
2698	208.34	32.515	32.605	32.573	
2699	208.44	32.515	32.605	32.573	
2700	208.54	32.515	32.605	32.573	
2701	208.64	32.516	32.605	32.573	
2702	208.74	32.516	32.605	32.573	
2703	208.84	32.516	32.605	32.573	
2704	208.94	32.516	32.606	32.574	
2705	209.	32.516	32.606	32.574	
2706	209.01	32.516	32.606	32.574	
2707	209.02	32.516	32.606	32.574	
2708	209.05	32.516	32.606	32.574	
2709	209.14	32.516	32.606	32.574	
2710	209.24	32.516	32.606	32.574	
2711	209.34	32.516	32.606	32.574	
2712	209.44	32.516	32.606	32.574	
2713	209.54	32.517	32.606	32.574	
2714	209.64	32.517	32.606	32.574	
2715	209.74	32.517	32.606	32.574	
2716	209.84	32.517	32.607	32.575	
2717	209.94	32.517	32.607	32.575	
2718	210.	32.517	32.607	32.575	
2719	210.01	32.517	32.607	32.575	
2720	210.02	32.517	32.607	32.575	
2721	210.05	32.517	32.607	32.575	
2722	210.14	32.517	32.607	32.575	
2723	210.24	32.517	32.607	32.575	
2724	210.34	32.517	32.607	32.575	
2725	210.44	32.518	32.607	32.575	
2726	210.54	32.518	32.607	32.575	
2727	210.64	32.518	32.607	32.575	
2728	210.74	32.518	32.608	32.576	
2729	210.84	32.518	32.608	32.576	
2730	210.94	32.518	32.608	32.576	
2731	211.	32.518	32.608	32.576	
2732	211.01	32.518	32.608	32.576	
2733	211.02	32.518	32.608	32.576	
2734	211.05	32.518	32.608	32.576	
2735	211.14	32.518	32.608	32.576	
2736	211.24	32.518	32.608	32.576	
2737	211.34	32.519	32.608	32.576	
2738	211.44	32.519	32.608	32.576	
2739	211.54	32.519	32.608	32.576	
2740	211.64	32.519	32.609	32.577	
2741	211.74	32.519	32.609	32.577	
2742	211.84	32.519	32.609	32.577	
2743	211.94	32.519	32.609	32.577	
2744	212.	32.519	32.609	32.577	
2745	212.01	32.519	32.609	32.577	
2746	212.02	32.519	32.609	32.577	
2747	212.05	32.519	32.609	32.577	
2748	212.14	32.519	32.609	32.577	
2749	212.24	32.52	32.609	32.577	
2750	212.34	32.52	32.609	32.577	
2751	212.44	32.52	32.609	32.577	
2752	212.54	32.52	32.61	32.578	
2753	212.64	32.52	32.61	32.578	
2754	212.74	32.52	32.61	32.578	
2755	212.84	32.52	32.61	32.578	
2756	212.94	32.52	32.61	32.578	
2757	213.	32.52	32.61	32.578	
2758	213.01	32.52	32.61	32.578	
2759	213.02	32.52	32.61	32.578	
2760	213.05	32.52	32.61	32.578	
2761	213.14	32.521	32.61	32.578	
2762	213.24	32.521	32.61	32.578	
2763	213.34	32.521	32.61	32.578	
2764	213.44	32.521	32.611	32.579	
2765	213.54	32.521	32.611	32.579	
2766	213.64	32.521	32.611	32.579	
2767	213.74	32.521	32.611	32.579	
2768	213.84	32.521	32.611	32.579	
2769	213.94	32.521	32.611	32.579	
2770	214.	32.521	32.611	32.579	
2771	214.01	32.521	32.611	32.579	
2772	214.02	32.521	32.611	32.579	
2773	214.05	32.522	32.611	32.579	
2774	214.14	32.522	32.611	32.579	
2775	214.24	32.522	32.611	32.579	
2776	214.34	32.522	32.612	32.58	
2777	214.44	32.522	32.612	32.58	
2778	214.54	32.522	32.612	32.58	
2779	214.64	32.522	32.612	32.58	
2780	214.74	32.522	32.612	32.58	
2781	214.84	32.522	32.612	32.58	
2782	214.94	32.523	32.612	32.58	
2783	215.	32.523	32.612	32.58	
2784	215.01	32.523	32.612	32.58	
2785	215.02	32.523	32.612	32.58	
2786	215.05	32.523	32.612	32.58	
2787	215.14	32.523	32.613	32.581	
2788	215.24	32.523	32.613	32.581	
2789	215.34	32.523	32.613	32.581	
2790	215.44	32.523	32.613	32.581	
2791	215.54	32.523	32.613	32.581	
2792	215.64	32.523	32.613	32.581	
2793	215.74	32.523	32.613	32.581	
2794	215.84	32.524	32.613	32.581	
2795	215.94	32.524	32.613	32.581	
2796	216.	32.524	32.613	32.581	
2797	216.01	32.524	32.613	32.581	
2798	216.02	32.524	32.613	32.581	
2799	216.05	32.524	32.614	32.582	
2800	216.14	32.524	32.614	32.582	
2801	216.24	32.524	32.614	32.582	
2802	216.34	32.524	32.614	32.582	
2803	216.44	32.524	32.614	32.582	
2804	216.54	32.524	32.614	32.582	
2805	216.64	32.524	32.614	32.582	
2806	216.74	32.525	32.614	32.582	
2807	216.84	32.525	32.614	32.582	
2808	216.94	32.525	32.615	32.583	
2809	217.	32.525	32.615	32.583	
2810	217.01	32.525	32.615	32.583	
2811	217.02	32.525	32.615	32.583	
2812	217.05	32.525	32.615	32.583	
2813	217.14	32.525	32.615	32.583	
2814	217.24	32.525	32.615	32.583	
2815	217.34	32.525	32.615	32.583	
2816	217.44	32.525	32.615	32.583	
2817	217.54	32.525	32.615	32.583	
2818	217.64	32.526	32.615	32.583	
2819	217.74	32.526	32.615	32.583	
2820	217.84	32.526	32.616	32.584	
2821	217.94	32.526	32.616	32.584	
2822	218.	32.526	32.616	32.584	
2823	218.01	32.526	32.616	32.584	
2824	218.02	32.526	32.616	32.584	
2825	218.05	32.526	32.616	32.584	
2826	218.14	32.526	32.616	32.584	
2827	218.24	32.526	32.616	32.584	
2828	218.34	32.526	32.616	32.584	
2829	218.44	32.526	32.616	32.584	
2830	218.54	32.527	32.616	32.584	
2831	218.64	32.527	32.616	32.584	
2832	218.74	32.527	32.617	32.585	
2833	218.84	32.527	32.617	32.585	
2834	218.94	32.527	32.617	32.585	
2835	219.	32.527	32.617	32.585	
2836	219.01	32.527	32.617	32.585	
2837	219.02	32.527	32.617	32.585	
2838	219.05	32.527	32.617	32.585	
2839	219.14	32.527	32.617	32.585	
2840	219.24	32.527	32.617	32.585	
2841	219.34	32.528	32.617	32.585	
2842	219.44	32.528	32.617	32.585	
2843	219.54	32.528	32.617	32.585	
2844	219.64	32.528	32.618	32.586	
2845	219.74	32.528	32.618	32.586	
2846	219.84	32.528	32.618	32.586	
2847	219.94	32.528	32.618	32.586	
2848	220.	32.528	32.618	32.586	
2849	220.01	32.528	32.618	32.586	
2850	220.02	32.528	32.618	32.586	
2851	220.05	32.528	32.618	32.586	
2852	220.14	32.528	32.618	32.586	
2853	220.24	32.529	32.618	32.586	
2854	220.34	32.529	32.618	32.586	
2855	220.44	32.529	32.619	32.587	
2856	220.54	32.529	32.619	32.587	
2857	220.64	32.529	32.619	32.587	
2858	220.74	32.529	32.619	32.587	
2859	220.84	32.529	32.619	32.587	
2860	220.94	32.529	32.619	32.587	
2861	221.	32.529	32.619	32.587	
2862	221.01	32.529	32.619	32.587	
2863	221.02	32.529	32.619	32.587	
2864	221.05	32.529	32.619	32.587	
2865	221.14	32.53	32.619	32.587	
2866	221.24	32.53	32.619	32.587	
2867	221.34	32.53	32.62	32.588	
2868	221.44	32.53	32.62	32.588	
2869	221.54	32.53	32.62	32.588	
2870	221.64	32.53	32.62	32.588	
2871	221.74	32.53	32.62	32.588	
2872	221.84	32.53	32.62	32.588	
2873	221.94	32.53	32.62	32.588	
2874	222.	32.531	32.62	32.588	
2875	222.01	32.531	32.62	32.588	
2876	222.02	32.531	32.62	32.588	
2877	222.05	32.531	32.62	32.588	
2878	222.14	32.531	32.62	32.588	
2879	222.24	32.531	32.621	32.589	
2880	222.34	32.531	32.621	32.589	
2881	222.44	32.531	32.621	32.589	
2882	222.54	32.531	32.621	32.589	
2883	222.64	32.531	32.621	32.589	
2884	222.74	32.531	32.621	32.589	
2885	222.84	32.532	32.621	32.589	
2886	222.94	32.532	32.621	32.589	
2887	223.	32.532	32.621	32.589	
2888	223.01	32.532	32.621	32.589	
2889	223.02	32.532	32.621	32.589	
2890	223.05	32.532	32.622	32.59	
2891	223.14	32.532	32.622	32.59	
2892	223.24	32.532	32.622	32.59	
2893	223.34	32.532	32.622	32.59	
2894	223.44	32.532	32.622	32.59	
2895	223.54	32.532	32.622	32.59	
2896	223.64	32.532	32.622	32.59	
2897	223.74	32.533	32.622	32.59	
2898	223.84	32.533	32.622	32.59	
2899	223.94	32.533	32.623	32.591	
2900	224.	32.533	32.623	32.591	
2901	224.01	32.533	32.623	32.591	
2902	224.02	32.533	32.623	32.591	
2903	224.05	32.533	32.623	32.591	
2904	224.14	32.533	32.623	32.591	
2905	224.24	32.533	32.623	32.591	
2906	224.34	32.533	32.623	32.591	
2907	224.44	32.533	32.623	32.591	
2908	224.54	32.533	32.623	32.591	
2909	224.64	32.534	32.623	32.591	
2910	224.74	32.534	32.623	32.591	
2911	224.84	32.534	32.624	32.592	
2912	224.94	32.534	32.624	32.592	
2913	225.	32.534	32.624	32.592	
2914	225.01	32.534	32.624	32.592	
2915	225.02	32.534	32.624	32.592	
2916	225.05	32.534	32.624	32.592	
2917	225.14	32.534	32.624	32.592	
2918	225.24	32.534	32.624	32.592	
2919	225.34	32.534	32.624	32.592	
2920	225.44	32.535	32.624	32.592	
2921	225.54	32.535	32.624	32.592	
2922	225.64	32.535	32.625	32.593	
2923	225.74	32.535	32.625	32.593	
2924	225.84	32.535	32.625	32.593	
2925	225.94	32.535	32.625	32.593	
2926	226.	32.535	32.625	32.593	
2927	226.01	32.535	32.625	32.593	
2928	226.02	32.535	32.625	32.593	
2929	226.05	32.535	32.625	32.593	
2930	226.14	32.535	32.625	32.593	
2931	226.24	32.535	32.625	32.593	
2932	226.34	32.536	32.625	32.593	
2933	226.44	32.536	32.625	32.593	
2934	226.54	32.536	32.626	32.594	
2935	226.64	32.536	32.626	32.594	
2936	226.74	32.536	32.626	32.594	
2937	226.84	32.536	32.626	32.594	
2938	226.94	32.536	32.626	32.594	
2939	227.	32.536	32.626	32.594	
2940	227.01	32.536	32.626	32.594	
2941	227.02	32.536	32.626	32.594	
2942	227.05	32.536	32.626	32.594	
2943	227.14	32.536	32.626	32.594	
2944	227.24	32.537	32.626	32.594	
2945	227.34	32.537	32.626	32.594	
2946	227.44	32.537	32.627	32.595	
2947	227.54	32.537	32.627	32.595	
2948	227.64	32.537	32.627	32.595	
2949	227.74	32.537	32.627	32.595	
2950	227.84	32.537	32.627	32.595	
2951	227.94	32.537	32.627	32.595	
2952	228.	32.537	32.627	32.595	
2953	228.01	32.538	32.627	32.595	
2954	228.02	32.538	32.627	32.595	
2955	228.05	32.538	32.627	32.595	
2956	228.14	32.538	32.627	32.595	
2957	228.24	32.538	32.628	32.596	
2958	228.34	32.538	32.628	32.596	
2959	228.44	32.538	32.628	32.596	
2960	228.54	32.538	32.628	32.596	
2961	228.64	32.538	32.628	32.596	
2962	228.74	32.538	32.628	32.596	
2963	228.84	32.538	32.628	32.596	
2964	228.94	32.539	32.628	32.596	
2965	229.	32.539	32.628	32.596	
2966	229.01	32.539	32.628	32.596	
2967	229.02	32.539	32.628	32.596	
2968	229.05	32.539	32.628	32.596	
2969	229.14	32.539	32.629	32.597	
2970	229.24	32.539	32.629	32.597	
2971	229.34	32.539	32.629	32.597	
2972	229.44	32.539	32.629	32.597	
2973	229.54	32.539	32.629	32.597	
2974	229.64	32.539	32.629	32.597	
2975	229.74	32.54	32.629	32.597	
2976	229.84	32.54	32.629	32.597	
2977	229.94	32.54	32.63	32.598	
2978	230.	32.54	32.63	32.598	
2979	230.01	32.54	32.63	32.598	
2980	230.02	32.54	32.63	32.598	
2981	230.05	32.54	32.63	32.598	
2982	230.14	32.54	32.63	32.598	
2983	230.24	32.54	32.63	32.598	
2984	230.34	32.54	32.63	32.598	
2985	230.44	32.54	32.63	32.598	
2986	230.54	32.54	32.63	32.598	
2987	230.64	32.541	32.63	32.598	
2988	230.74	32.541	32.63	32.598	
2989	230.84	32.541	32.631	32.599	
2990	230.94	32.541	32.631	32.599	
2991	231.	32.541	32.631	32.599	
2992	231.01	32.541	32.631	32.599	
2993	231.02	32.541	32.631	32.599	
2994	231.05	32.541	32.631	32.599	
2995	231.14	32.541	32.631	32.599	
2996	231.24	32.541	32.631	32.599	
2997	231.34	32.541	32.631	32.599	
2998	231.44	32.542	32.631	32.599	
2999	231.54	32.542	32.631	32.599	
3000	231.64	32.542	32.632	32.6	
3001	231.74	32.542	32.632	32.6	
3002	231.84	32.542	32.632	32.6	
3003	231.94	32.542	32.632	32.6	
3004	232.	32.542	32.632	32.6	
3005	232.01	32.542	32.632	32.6	
3006	232.02	32.542	32.632	32.6	
3007	232.05	32.542	32.632	32.6	
3008	232.14	32.542	32.632	32.6	
3009	232.24	32.542	32.632	32.6	
3010	232.34	32.543	32.632	32.6	
3011	232.44	32.543	32.632	32.6	
3012	232.54	32.543	32.633	32.601	
3013	232.64	32.543	32.633	32.601	
3014	232.74	32.543	32.633	32.601	
3015	232.84	32.543	32.633	32.601	
3016	232.94	32.543	32.633	32.601	
3017	233.	32.543	32.633	32.601	
3018	233.01	32.543	32.633	32.601	
3019	233.02	32.543	32.633	32.601	
3020	233.05	32.543	32.633	32.601	
3021	233.14	32.544	32.633	32.601	
3022	233.24	32.544	32.633	32.601	
3023	233.34	32.544	32.634	32.602	
3024	233.44	32.544	32.634	32.602	
3025	233.54	32.544	32.634	32.602	
3026	233.64	32.544	32.634	32.602	
3027	233.74	32.544	32.634	32.602	
3028	233.84	32.544	32.634	32.602	
3029	233.94	32.544	32.634	32.602	
3030	234.	32.545	32.634	32.602	
3031	234.01	32.545	32.634	32.602	
3032	234.02	32.545	32.634	32.602	
3033	234.05	32.545	32.634	32.602	
3034	234.14	32.545	32.634	32.602	
3035	234.24	32.545	32.635	32.603	
3036	234.34	32.545	32.635	32.603	
3037	234.44	32.545	32.635	32.603	
3038	234.54	32.545	32.635	32.603	
3039	234.64	32.545	32.635	32.603	
3040	234.74	32.545	32.635	32.603	
3041	234.84	32.546	32.635	32.603	
3042	234.94	32.546	32.635	32.603	
3043	235.	32.546	32.636	32.604	
3044	235.01	32.546	32.636	32.604	
3045	235.02	32.546	32.636	32.604	
3046	235.05	32.546	32.636	32.604	
3047	235.14	32.546	32.636	32.604	
3048	235.24	32.546	32.636	32.604	
3049	235.34	32.546	32.636	32.604	
3050	235.44	32.546	32.636	32.604	
3051	235.54	32.546	32.636	32.604	
3052	235.64	32.547	32.636	32.604	
3053	235.74	32.547	32.636	32.604	
3054	235.84	32.547	32.637	32.605	
3055	235.94	32.547	32.637	32.605	
3056	236.	32.547	32.637	32.605	
3057	236.01	32.547	32.637	32.605	
3058	236.02	32.547	32.637	32.605	
3059	236.05	32.547	32.637	32.605	
3060	236.14	32.547	32.637	32.605	
3061	236.24	32.547	32.637	32.605	
3062	236.34	32.547	32.637	32.605	
3063	236.44	32.547	32.637	32.605	
3064	236.54	32.548	32.637	32.605	
3065	236.64	32.548	32.637	32.605	
3066	236.74	32.548	32.638	32.606	
3067	236.84	32.548	32.638	32.606	
3068	236.94	32.548	32.638	32.606	
3069	237.	32.548	32.638	32.606	
3070	237.01	32.548	32.638	32.606	
3071	237.02	32.548	32.638	32.606	
3072	237.05	32.548	32.638	32.606	
3073	237.14	32.548	32.638	32.606	
3074	237.24	32.548	32.638	32.606	
3075	237.34	32.549	32.638	32.606	
3076	237.44	32.549	32.638	32.606	
3077	237.54	32.549	32.639	32.607	
3078	237.64	32.549	32.639	32.607	
3079	237.74	32.549	32.639	32.607	
3080	237.84	32.549	32.639	32.607	
3081	237.94	32.549	32.639	32.607	
3082	238.	32.549	32.639	32.607	
3083	238.01	32.549	32.639	32.607	
3084	238.02	32.549	32.639	32.607	
3085	238.05	32.549	32.639	32.607	
3086	238.14	32.55	32.639	32.607	
3087	238.24	32.55	32.639	32.607	
3088	238.34	32.55	32.64	32.608	
3089	238.44	32.55	32.64	32.608	
3090	238.54	32.55	32.64	32.608	
3091	238.64	32.55	32.64	32.608	
3092	238.74	32.55	32.64	32.608	
3093	238.84	32.55	32.64	32.608	
3094	238.94	32.55	32.64	32.608	
3095	239.	32.551	32.64	32.608	
3096	239.01	32.551	32.64	32.608	
3097	239.02	32.551	32.64	32.608	
3098	239.05	32.551	32.64	32.608	
3099	239.14	32.551	32.64	32.608	
3100	239.24	32.551	32.641	32.609	
3101	239.34	32.551	32.641	32.609	
3102	239.44	32.551	32.641	32.609	
3103	239.54	32.551	32.641	32.609	
3104	239.64	32.551	32.641	32.609	
3105	239.74	32.551	32.641	32.609	
3106	239.84	32.552	32.641	32.609	
3107	239.94	32.552	32.641	32.609	
3108	240.	32.552	32.642	32.61	
3109	240.01	32.552	32.642	32.61	
3110	240.02	32.552	32.642	32.61	
3111	240.05	32.552	32.642	32.61	
3112	240.14	32.552	32.642	32.61	
3113	240.24	32.552	32.642	32.61	
3114	240.34	32.552	32.642	32.61	
3115	240.44	32.552	32.642	32.61	
3116	240.54	32.552	32.642	32.61	
3117	240.64	32.553	32.642	32.61	
3118	240.74	32.553	32.642	32.61	
3119	240.84	32.553	32.643	32.611	
3120	240.94	32.553	32.643	32.611	
3121	241.	32.553	32.643	32.611	
3122	241.01	32.553	32.643	32.611	
3123	241.02	32.553	32.643	32.611	
3124	241.05	32.553	32.643	32.611	
3125	241.14	32.553	32.643	32.611	
3126	241.24	32.553	32.643	32.611	
3127	241.34	32.553	32.643	32.611	
3128	241.44	32.553	32.643	32.611	
3129	241.54	32.554	32.643	32.611	
3130	241.64	32.554	32.644	32.611	
3131	241.74	32.554	32.644	32.612	
3132	241.84	32.554	32.644	32.612	
3133	241.94	32.554	32.644	32.612	
3134	242.	32.554	32.644	32.612	
3135	242.01	32.554	32.644	32.612	
3136	242.02	32.554	32.644	32.612	
3137	242.05	32.554	32.644	32.612	
3138	242.14	32.554	32.644	32.612	
3139	242.24	32.554	32.644	32.612	
3140	242.34	32.555	32.644	32.612	
3141	242.44	32.555	32.644	32.612	
3142	242.54	32.555	32.645	32.613	
3143	242.64	32.555	32.645	32.613	
3144	242.74	32.555	32.645	32.613	
3145	242.84	32.555	32.645	32.613	
3146	242.94	32.555	32.645	32.613	
3147	243.	32.555	32.645	32.613	
3148	243.01	32.555	32.645	32.613	
3149	243.02	32.555	32.645	32.613	
3150	243.05	32.555	32.645	32.613	
3151	243.14	32.556	32.645	32.613	
3152	243.24	32.556	32.645	32.613	
3153	243.34	32.556	32.646	32.614	
3154	243.44	32.556	32.646	32.614	
3155	243.54	32.556	32.646	32.614	
3156	243.64	32.556	32.646	32.614	
3157	243.74	32.556	32.646	32.614	
3158	243.84	32.556	32.646	32.614	
3159	243.94	32.557	32.646	32.614	
3160	244.	32.557	32.646	32.614	
3161	244.01	32.557	32.646	32.614	
3162	244.02	32.557	32.646	32.614	
3163	244.05	32.557	32.646	32.614	
3164	244.14	32.557	32.647	32.615	
3165	244.24	32.557	32.647	32.615	
3166	244.34	32.557	32.647	32.615	
3167	244.44	32.557	32.647	32.615	
3168	244.54	32.557	32.647	32.615	
3169	244.64	32.557	32.647	32.615	
3170	244.74	32.557	32.647	32.615	
3171	244.84	32.558	32.647	32.615	
3172	244.94	32.558	32.648	32.616	
3173	245.	32.558	32.648	32.616	
3174	245.01	32.558	32.648	32.616	
3175	245.02	32.558	32.648	32.616	
3176	245.05	32.558	32.648	32.616	
3177	245.14	32.558	32.648	32.616	
3178	245.24	32.558	32.648	32.616	
3179	245.34	32.558	32.648	32.616	
3180	245.44	32.558	32.648	32.616	
3181	245.54	32.558	32.648	32.616	
3182	245.64	32.559	32.648	32.616	
3183	245.74	32.559	32.649	32.616	
3184	245.84	32.559	32.649	32.617	
3185	245.94	32.559	32.649	32.617	
3186	246.	32.559	32.649	32.617	
3187	246.01	32.559	32.649	32.617	
3188	246.02	32.559	32.649	32.617	
3189	246.05	32.559	32.649	32.617	
3190	246.14	32.559	32.649	32.617	
3191	246.24	32.559	32.649	32.617	
3192	246.34	32.559	32.649	32.617	
3193	246.44	32.56	32.649	32.617	
3194	246.54	32.56	32.649	32.617	
3195	246.64	32.56	32.65	32.618	
3196	246.74	32.56	32.65	32.618	
3197	246.84	32.56	32.65	32.618	
3198	246.94	32.56	32.65	32.618	
3199	247.	32.56	32.65	32.618	
3200	247.01	32.56	32.65	32.618	
3201	247.02	32.56	32.65	32.618	
3202	247.05	32.56	32.65	32.618	
3203	247.14	32.56	32.65	32.618	
3204	247.24	32.561	32.65	32.618	
3205	247.34	32.561	32.65	32.618	
3206	247.44	32.561	32.651	32.619	
3207	247.54	32.561	32.651	32.619	
3208	247.64	32.561	32.651	32.619	
3209	247.74	32.561	32.651	32.619	
3210	247.84	32.561	32.651	32.619	
3211	247.94	32.561	32.651	32.619	
3212	248.	32.561	32.651	32.619	
3213	248.01	32.562	32.651	32.619	
3214	248.02	32.562	32.651	32.619	
3215	248.05	32.562	32.651	32.619	
3216	248.14	32.562	32.651	32.619	
3217	248.24	32.562	32.652	32.62	
3218	248.34	32.562	32.652	32.62	
3219	248.44	32.562	32.652	32.62	
3220	248.54	32.562	32.652	32.62	
3221	248.64	32.562	32.652	32.62	
3222	248.74	32.562	32.652	32.62	
3223	248.84	32.563	32.652	32.62	
3224	248.94	32.563	32.652	32.62	
3225	249.	32.563	32.653	32.62	
3226	249.01	32.563	32.653	32.621	
3227	249.02	32.563	32.653	32.621	
3228	249.05	32.563	32.653	32.621	
3229	249.14	32.563	32.653	32.621	
3230	249.24	32.563	32.653	32.621	
3231	249.34	32.563	32.653	32.621	
3232	249.44	32.563	32.653	32.621	
3233	249.54	32.563	32.653	32.621	
3234	249.64	32.564	32.653	32.621	
3235	249.74	32.564	32.653	32.621	
3236	249.84	32.564	32.654	32.622	
3237	249.94	32.564	32.654	32.622	
3238	250.	32.564	32.654	32.622	
3239	250.01	32.564	32.654	32.622	
3240	250.02	32.564	32.654	32.622	
3241	250.05	32.564	32.654	32.622	
3242	250.14	32.564	32.654	32.622	
3243	250.24	32.564	32.654	32.622	
3244	250.34	32.564	32.654	32.622	
3245	250.44	32.564	32.654	32.622	
3246	250.54	32.565	32.654	32.622	
3247	250.64	32.565	32.655	32.623	
3248	250.74	32.565	32.655	32.623	
3249	250.84	32.565	32.655	32.623	
3250	250.94	32.565	32.655	32.623	
3251	251.	32.565	32.655	32.623	
3252	251.01	32.565	32.655	32.623	
3253	251.02	32.565	32.655	32.623	
3254	251.05	32.565	32.655	32.623	
3255	251.14	32.565	32.655	32.623	
3256	251.24	32.565	32.655	32.623	
3257	251.34	32.566	32.655	32.623	
3258	251.44	32.566	32.656	32.624	
3259	251.54	32.566	32.656	32.624	
3260	251.64	32.566	32.656	32.624	
3261	251.74	32.566	32.656	32.624	
3262	251.84	32.566	32.656	32.624	
3263	251.94	32.566	32.656	32.624	
3264	252.	32.566	32.656	32.624	
3265	252.01	32.566	32.656	32.624	
3266	252.02	32.566	32.656	32.624	
3267	252.05	32.566	32.656	32.624	
3268	252.14	32.567	32.656	32.624	
3269	252.24	32.567	32.657	32.625	
3270	252.34	32.567	32.657	32.625	
3271	252.44	32.567	32.657	32.625	
3272	252.54	32.567	32.657	32.625	
3273	252.64	32.567	32.657	32.625	
3274	252.74	32.567	32.657	32.625	
3275	252.84	32.567	32.657	32.625	
3276	252.94	32.568	32.657	32.625	
3277	253.	32.568	32.657	32.625	
3278	253.01	32.568	32.657	32.625	
3279	253.02	32.568	32.657	32.625	
3280	253.05	32.568	32.658	32.626	
3281	253.14	32.568	32.658	32.626	
3282	253.24	32.568	32.658	32.626	
3283	253.34	32.568	32.658	32.626	
3284	253.44	32.568	32.658	32.626	
3285	253.54	32.568	32.658	32.626	
3286	253.64	32.568	32.658	32.626	
3287	253.74	32.569	32.658	32.626	
3288	253.84	32.569	32.659	32.626	
3289	253.94	32.569	32.659	32.627	
3290	254.	32.569	32.659	32.627	
3291	254.01	32.569	32.659	32.627	
3292	254.02	32.569	32.659	32.627	
3293	254.05	32.569	32.659	32.627	
3294	254.14	32.569	32.659	32.627	
3295	254.24	32.569	32.659	32.627	
3296	254.34	32.569	32.659	32.627	
3297	254.44	32.569	32.659	32.627	
3298	254.54	32.57	32.659	32.627	
3299	254.64	32.57	32.66	32.627	
3300	254.74	32.57	32.66	32.628	
3301	254.84	32.57	32.66	32.628	
3302	254.94	32.57	32.66	32.628	
3303	255.	32.57	32.66	32.628	
3304	255.01	32.57	32.66	32.628	
3305	255.02	32.57	32.66	32.628	
3306	255.05	32.57	32.66	32.628	
3307	255.14	32.57	32.66	32.628	
3308	255.24	32.57	32.66	32.628	
3309	255.34	32.571	32.66	32.628	
3310	255.44	32.571	32.661	32.628	
3311	255.54	32.571	32.661	32.629	
3312	255.64	32.571	32.661	32.629	
3313	255.74	32.571	32.661	32.629	
3314	255.84	32.571	32.661	32.629	
3315	255.94	32.571	32.661	32.629	
3316	256.	32.571	32.661	32.629	
3317	256.01	32.571	32.661	32.629	
3318	256.02	32.571	32.661	32.629	
3319	256.05	32.571	32.661	32.629	
3320	256.14	32.572	32.661	32.629	
3321	256.24	32.572	32.662	32.629	
3322	256.34	32.572	32.662	32.63	
3323	256.44	32.572	32.662	32.63	
3324	256.54	32.572	32.662	32.63	
3325	256.64	32.572	32.662	32.63	
3326	256.74	32.572	32.662	32.63	
3327	256.84	32.572	32.662	32.63	
3328	256.94	32.573	32.662	32.63	
3329	257.	32.573	32.662	32.63	
3330	257.01	32.573	32.662	32.63	
3331	257.02	32.573	32.662	32.63	
3332	257.05	32.573	32.663	32.631	
3333	257.14	32.573	32.663	32.631	
3334	257.24	32.573	32.663	32.631	
3335	257.34	32.573	32.663	32.631	
3336	257.44	32.573	32.663	32.631	
3337	257.54	32.573	32.663	32.631	
3338	257.64	32.573	32.663	32.631	
3339	257.74	32.574	32.663	32.631	
3340	257.84	32.574	32.664	32.632	
3341	257.94	32.574	32.664	32.632	
3342	258.	32.574	32.664	32.632	
3343	258.01	32.574	32.664	32.632	
3344	258.02	32.574	32.664	32.632	
3345	258.05	32.574	32.664	32.632	
3346	258.14	32.574	32.664	32.632	
3347	258.24	32.574	32.664	32.632	
3348	258.34	32.574	32.664	32.632	
3349	258.44	32.574	32.664	32.632	
3350	258.54	32.575	32.664	32.632	
3351	258.64	32.575	32.665	32.633	
3352	258.74	32.575	32.665	32.633	
3353	258.84	32.575	32.665	32.633	
3354	258.94	32.575	32.665	32.633	
3355	259.	32.575	32.665	32.633	
3356	259.01	32.575	32.665	32.633	
3357	259.02	32.575	32.665	32.633	
3358	259.05	32.575	32.665	32.633	
3359	259.14	32.575	32.665	32.633	
3360	259.24	32.575	32.665	32.633	
3361	259.34	32.576	32.665	32.633	
3362	259.44	32.576	32.666	32.634	
3363	259.54	32.576	32.666	32.634	
3364	259.64	32.576	32.666	32.634	
3365	259.74	32.576	32.666	32.634	
3366	259.84	32.576	32.666	32.634	
3367	259.94	32.576	32.666	32.634	
3368	260.	32.576	32.666	32.634	
3369	260.01	32.576	32.666	32.634	
3370	260.02	32.576	32.666	32.634	
3371	260.05	32.576	32.666	32.634	
3372	260.14	32.577	32.666	32.634	
3373	260.24	32.577	32.667	32.635	
3374	260.34	32.577	32.667	32.635	
3375	260.44	32.577	32.667	32.635	
3376	260.54	32.577	32.667	32.635	
3377	260.64	32.577	32.667	32.635	
3378	260.74	32.577	32.667	32.635	
3379	260.84	32.577	32.667	32.635	
3380	260.94	32.578	32.667	32.635	
3381	261.	32.578	32.668	32.635	
3382	261.01	32.578	32.668	32.636	
3383	261.02	32.578	32.668	32.636	
3384	261.05	32.578	32.668	32.636	
3385	261.14	32.578	32.668	32.636	
3386	261.24	32.578	32.668	32.636	
3387	261.34	32.578	32.668	32.636	
3388	261.44	32.578	32.668	32.636	
3389	261.54	32.578	32.668	32.636	
3390	261.64	32.579	32.668	32.636	
3391	261.74	32.579	32.668	32.636	
3392	261.84	32.579	32.669	32.637	
3393	261.94	32.579	32.669	32.637	
3394	262.	32.579	32.669	32.637	
3395	262.01	32.579	32.669	32.637	
3396	262.02	32.579	32.669	32.637	
3397	262.05	32.579	32.669	32.637	
3398	262.14	32.579	32.669	32.637	
3399	262.24	32.579	32.669	32.637	
3400	262.34	32.579	32.669	32.637	
3401	262.44	32.58	32.669	32.637	
3402	262.54	32.58	32.669	32.637	
3403	262.64	32.58	32.67	32.638	
3404	262.74	32.58	32.67	32.638	
3405	262.84	32.58	32.67	32.638	
3406	262.94	32.58	32.67	32.638	
3407	263.	32.58	32.67	32.638	
3408	263.01	32.58	32.67	32.638	
3409	263.02	32.58	32.67	32.638	
3410	263.05	32.58	32.67	32.638	
3411	263.14	32.58	32.67	32.638	
3412	263.24	32.581	32.67	32.638	
3413	263.34	32.581	32.67	32.638	
3414	263.44	32.581	32.671	32.639	
3415	263.54	32.581	32.671	32.639	
3416	263.64	32.581	32.671	32.639	
3417	263.74	32.581	32.671	32.639	
3418	263.84	32.581	32.671	32.639	
3419	263.94	32.581	32.671	32.639	
3420	264.	32.582	32.671	32.639	
3421	264.01	32.582	32.671	32.639	
3422	264.02	32.582	32.671	32.639	
3423	264.05	32.582	32.671	32.639	
3424	264.14	32.582	32.672	32.639	
3425	264.24	32.582	32.672	32.64	
3426	264.34	32.582	32.672	32.64	
3427	264.44	32.582	32.672	32.64	
3428	264.54	32.582	32.672	32.64	
3429	264.64	32.582	32.672	32.64	
3430	264.74	32.582	32.672	32.64	
3431	264.84	32.583	32.672	32.64	
3432	264.94	32.583	32.673	32.64	
3433	265.	32.583	32.673	32.641	
3434	265.01	32.583	32.673	32.641	
3435	265.02	32.583	32.673	32.641	
3436	265.05	32.583	32.673	32.641	
3437	265.14	32.583	32.673	32.641	
3438	265.24	32.583	32.673	32.641	
3439	265.34	32.583	32.673	32.641	
3440	265.44	32.583	32.673	32.641	
3441	265.54	32.583	32.673	32.641	
3442	265.64	32.584	32.673	32.641	
3443	265.74	32.584	32.674	32.642	
3444	265.84	32.584	32.674	32.642	
3445	265.94	32.584	32.674	32.642	
3446	266.	32.584	32.674	32.642	
3447	266.01	32.584	32.674	32.642	
3448	266.02	32.584	32.674	32.642	
3449	266.05	32.584	32.674	32.642	
3450	266.14	32.584	32.674	32.642	
3451	266.24	32.584	32.674	32.642	
3452	266.34	32.584	32.674	32.642	
3453	266.44	32.585	32.674	32.642	
3454	266.54	32.585	32.675	32.643	
3455	266.64	32.585	32.675	32.643	
3456	266.74	32.585	32.675	32.643	
3457	266.84	32.585	32.675	32.643	
3458	266.94	32.585	32.675	32.643	
3459	267.	32.585	32.675	32.643	
3460	267.01	32.585	32.675	32.643	
3461	267.02	32.585	32.675	32.643	
3462	267.05	32.585	32.675	32.643	
3463	267.14	32.586	32.675	32.643	
3464	267.24	32.586	32.675	32.643	
3465	267.34	32.586	32.676	32.644	
3466	267.44	32.586	32.676	32.644	
3467	267.54	32.586	32.676	32.644	
3468	267.64	32.586	32.676	32.644	
3469	267.74	32.586	32.676	32.644	
3470	267.84	32.586	32.676	32.644	
3471	267.94	32.587	32.676	32.644	
3472	268.	32.587	32.676	32.644	
3473	268.01	32.587	32.676	32.644	
3474	268.02	32.587	32.676	32.644	
3475	268.05	32.587	32.677	32.644	
3476	268.14	32.587	32.677	32.645	
3477	268.24	32.587	32.677	32.645	
3478	268.34	32.587	32.677	32.645	
3479	268.44	32.587	32.677	32.645	
3480	268.54	32.587	32.677	32.645	
3481	268.64	32.587	32.677	32.645	
3482	268.74	32.588	32.677	32.645	
3483	268.84	32.588	32.678	32.645	
3484	268.94	32.588	32.678	32.646	
3485	269.	32.588	32.678	32.646	
3486	269.01	32.588	32.678	32.646	
3487	269.02	32.588	32.678	32.646	
3488	269.05	32.588	32.678	32.646	
3489	269.14	32.588	32.678	32.646	
3490	269.24	32.588	32.678	32.646	
3491	269.34	32.588	32.678	32.646	
3492	269.44	32.588	32.678	32.646	
3493	269.54	32.589	32.678	32.646	
3494	269.64	32.589	32.679	32.647	
3495	269.74	32.589	32.679	32.647	
3496	269.84	32.589	32.679	32.647	
3497	269.94	32.589	32.679	32.647	
3498	270.	32.589	32.679	32.647	
3499	270.01	32.589	32.679	32.647	
3500	270.02	32.589	32.679	32.647	
3501	270.05	32.589	32.679	32.647	
3502	270.14	32.589	32.679	32.647	
3503	270.24	32.589	32.679	32.647	
3504	270.34	32.59	32.679	32.647	
3505	270.44	32.59	32.68	32.648	
3506	270.54	32.59	32.68	32.648	
3507	270.64	32.59	32.68	32.648	
3508	270.74	32.59	32.68	32.648	
3509	270.84	32.59	32.68	32.648	
3510	270.94	32.59	32.68	32.648	
3511	271.	32.59	32.68	32.648	
3512	271.01	32.59	32.68	32.648	
3513	271.02	32.59	32.68	32.648	
3514	271.05	32.591	32.68	32.648	
3515	271.14	32.591	32.68	32.648	
3516	271.24	32.591	32.681	32.649	
3517	271.34	32.591	32.681	32.649	
3518	271.44	32.591	32.681	32.649	
3519	271.54	32.591	32.681	32.649	
3520	271.64	32.591	32.681	32.649	
3521	271.74	32.591	32.681	32.649	
3522	271.84	32.592	32.681	32.649	
3523	271.94	32.592	32.682	32.649	
3524	272.	32.592	32.682	32.65	
3525	272.01	32.592	32.682	32.65	
3526	272.02	32.592	32.682	32.65	
3527	272.05	32.592	32.682	32.65	
3528	272.14	32.592	32.682	32.65	
3529	272.24	32.592	32.682	32.65	
3530	272.34	32.592	32.682	32.65	
3531	272.44	32.592	32.682	32.65	
3532	272.54	32.592	32.682	32.65	
3533	272.64	32.593	32.682	32.65	
3534	272.74	32.593	32.683	32.651	
3535	272.84	32.593	32.683	32.651	
3536	272.94	32.593	32.683	32.651	
3537	273.	32.593	32.683	32.651	
3538	273.01	32.593	32.683	32.651	
3539	273.02	32.593	32.683	32.651	
3540	273.05	32.593	32.683	32.651	
3541	273.14	32.593	32.683	32.651	
3542	273.24	32.593	32.683	32.651	
3543	273.34	32.593	32.683	32.651	
3544	273.44	32.594	32.683	32.651	
3545	273.54	32.594	32.684	32.652	
3546	273.64	32.594	32.684	32.652	
3547	273.74	32.594	32.684	32.652	
3548	273.84	32.594	32.684	32.652	
3549	273.94	32.594	32.684	32.652	
3550	274.	32.594	32.684	32.652	
3551	274.01	32.594	32.684	32.652	
3552	274.02	32.594	32.684	32.652	
3553	274.05	32.594	32.684	32.652	
3554	274.14	32.595	32.684	32.652	
3555	274.24	32.595	32.684	32.652	
3556	274.34	32.595	32.685	32.653	
3557	274.44	32.595	32.685	32.653	
3558	274.54	32.595	32.685	32.653	
3559	274.64	32.595	32.685	32.653	
3560	274.74	32.595	32.685	32.653	
3561	274.84	32.595	32.685	32.653	
3562	274.94	32.596	32.685	32.653	
3563	275.	32.596	32.685	32.653	
3564	275.01	32.596	32.685	32.653	
3565	275.02	32.596	32.686	32.653	
3566	275.05	32.596	32.686	32.654	
3567	275.14	32.596	32.686	32.654	
3568	275.24	32.596	32.686	32.654	
3569	275.34	32.596	32.686	32.654	
3570	275.44	32.596	32.686	32.654	
3571	275.54	32.596	32.686	32.654	
3572	275.64	32.596	32.686	32.654	
3573	275.74	32.597	32.686	32.654	
3574	275.84	32.597	32.687	32.655	
3575	275.94	32.597	32.687	32.655	
3576	276.	32.597	32.687	32.655	
3577	276.01	32.597	32.687	32.655	
3578	276.02	32.597	32.687	32.655	
3579	276.05	32.597	32.687	32.655	
3580	276.14	32.597	32.687	32.655	
3581	276.24	32.597	32.687	32.655	
3582	276.34	32.597	32.687	32.655	
3583	276.44	32.597	32.687	32.655	
3584	276.54	32.598	32.687	32.655	
3585	276.64	32.598	32.688	32.656	
3586	276.74	32.598	32.688	32.656	
3587	276.84	32.598	32.688	32.656	
3588	276.94	32.598	32.688	32.656	
3589	277.	32.598	32.688	32.656	
3590	277.01	32.598	32.688	32.656	
3591	277.02	32.598	32.688	32.656	
3592	277.05	32.598	32.688	32.656	
3593	277.14	32.598	32.688	32.656	
3594	277.24	32.599	32.688	32.656	
3595	277.34	32.599	32.689	32.656	
3596	277.44	32.599	32.689	32.657	
3597	277.54	32.599	32.689	32.657	
3598	277.64	32.599	32.689	32.657	
3599	277.74	32.599	32.689	32.657	
3600	277.84	32.599	32.689	32.657	
3601	277.94	32.599	32.689	32.657	
3602	278.	32.6	32.689	32.657	
3603	278.01	32.6	32.689	32.657	
3604	278.02	32.6	32.689	32.657	
3605	278.05	32.6	32.689	32.657	
3606	278.14	32.6	32.69	32.658	
3607	278.24	32.6	32.69	32.658	
3608	278.34	32.6	32.69	32.658	
3609	278.44	32.6	32.69	32.658	
3610	278.54	32.6	32.69	32.658	
3611	278.64	32.6	32.69	32.658	
3612	278.74	32.6	32.69	32.658	
3613	278.84	32.601	32.69	32.658	
3614	278.94	32.601	32.691	32.659	
3615	279.	32.601	32.691	32.659	
3616	279.01	32.601	32.691	32.659	
3617	279.02	32.601	32.691	32.659	
3618	279.05	32.601	32.691	32.659	
3619	279.14	32.601	32.691	32.659	
3620	279.24	32.601	32.691	32.659	
3621	279.34	32.601	32.691	32.659	
3622	279.44	32.601	32.691	32.659	
3623	279.54	32.602	32.691	32.659	
3624	279.64	32.602	32.692	32.659	
3625	279.74	32.602	32.692	32.66	
3626	279.84	32.602	32.692	32.66	
3627	279.94	32.602	32.692	32.66	
3628	280.	32.602	32.692	32.66	
3629	280.01	32.602	32.692	32.66	
3630	280.02	32.602	32.692	32.66	
3631	280.05	32.602	32.692	32.66	
3632	280.14	32.602	32.692	32.66	
3633	280.24	32.602	32.692	32.66	
3634	280.34	32.603	32.692	32.66	
3635	280.44	32.603	32.693	32.661	
3636	280.54	32.603	32.693	32.661	
3637	280.64	32.603	32.693	32.661	
3638	280.74	32.603	32.693	32.661	
3639	280.84	32.603	32.693	32.661	
3640	280.94	32.603	32.693	32.661	
3641	281.	32.603	32.693	32.661	
3642	281.01	32.603	32.693	32.661	
3643	281.02	32.603	32.693	32.661	
3644	281.05	32.604	32.693	32.661	
3645	281.14	32.604	32.694	32.661	
3646	281.24	32.604	32.694	32.662	
3647	281.34	32.604	32.694	32.662	
3648	281.44	32.604	32.694	32.662	
3649	281.54	32.604	32.694	32.662	
3650	281.64	32.604	32.694	32.662	
3651	281.74	32.604	32.694	32.662	
3652	281.84	32.605	32.694	32.662	
3653	281.94	32.605	32.695	32.663	
3654	282.	32.605	32.695	32.663	
3655	282.01	32.605	32.695	32.663	
3656	282.02	32.605	32.695	32.663	
3657	282.05	32.605	32.695	32.663	
3658	282.14	32.605	32.695	32.663	
3659	282.24	32.605	32.695	32.663	
3660	282.34	32.605	32.695	32.663	
3661	282.44	32.605	32.695	32.663	
3662	282.54	32.605	32.695	32.663	
3663	282.64	32.606	32.695	32.663	
3664	282.74	32.606	32.696	32.664	
3665	282.84	32.606	32.696	32.664	
3666	282.94	32.606	32.696	32.664	
3667	283.	32.606	32.696	32.664	
3668	283.01	32.606	32.696	32.664	
3669	283.02	32.606	32.696	32.664	
3670	283.05	32.606	32.696	32.664	
3671	283.14	32.606	32.696	32.664	
3672	283.24	32.606	32.696	32.664	
3673	283.34	32.607	32.696	32.664	
3674	283.44	32.607	32.697	32.664	
3675	283.54	32.607	32.697	32.665	
3676	283.64	32.607	32.697	32.665	
3677	283.74	32.607	32.697	32.665	
3678	283.84	32.607	32.697	32.665	
3679	283.94	32.607	32.697	32.665	
3680	284.	32.607	32.697	32.665	
3681	284.01	32.607	32.697	32.665	
3682	284.02	32.607	32.697	32.665	
3683	284.05	32.607	32.697	32.665	
3684	284.14	32.608	32.697	32.665	
3685	284.24	32.608	32.698	32.666	
3686	284.34	32.608	32.698	32.666	
3687	284.44	32.608	32.698	32.666	
3688	284.54	32.608	32.698	32.666	
3689	284.64	32.608	32.698	32.666	
3690	284.74	32.608	32.698	32.666	
3691	284.84	32.608	32.698	32.666	
3692	284.94	32.609	32.699	32.666	
3693	285.	32.609	32.699	32.667	
3694	285.01	32.609	32.699	32.667	
3695	285.02	32.609	32.699	32.667	
3696	285.05	32.609	32.699	32.667	
3697	285.14	32.609	32.699	32.667	
3698	285.24	32.609	32.699	32.667	
3699	285.34	32.609	32.699	32.667	
3700	285.44	32.609	32.699	32.667	
3701	285.54	32.609	32.699	32.667	
3702	285.64	32.61	32.699	32.667	
3703	285.74	32.61	32.7	32.668	
3704	285.84	32.61	32.7	32.668	
3705	285.94	32.61	32.7	32.668	
3706	286.	32.61	32.7	32.668	
3707	286.01	32.61	32.7	32.668	
3708	286.02	32.61	32.7	32.668	
3709	286.05	32.61	32.7	32.668	
3710	286.14	32.61	32.7	32.668	
3711	286.24	32.61	32.7	32.668	
3712	286.34	32.61	32.7	32.668	
3713	286.44	32.611	32.701	32.668	
3714	286.54	32.611	32.701	32.669	
3715	286.64	32.611	32.701	32.669	
3716	286.74	32.611	32.701	32.669	
3717	286.84	32.611	32.701	32.669	
3718	286.94	32.611	32.701	32.669	
3719	287.	32.611	32.701	32.669	
3720	287.01	32.611	32.701	32.669	
3721	287.02	32.611	32.701	32.669	
3722	287.05	32.611	32.701	32.669	
3723	287.14	32.612	32.701	32.669	
3724	287.24	32.612	32.702	32.67	
3725	287.34	32.612	32.702	32.67	
3726	287.44	32.612	32.702	32.67	
3727	287.54	32.612	32.702	32.67	
3728	287.64	32.612	32.702	32.67	
3729	287.74	32.612	32.702	32.67	
3730	287.84	32.612	32.702	32.67	
3731	287.94	32.613	32.702	32.67	
3732	288.	32.613	32.703	32.671	
3733	288.01	32.613	32.703	32.671	
3734	288.02	32.613	32.703	32.671	
3735	288.05	32.613	32.703	32.671	
3736	288.14	32.613	32.703	32.671	
3737	288.24	32.613	32.703	32.671	
3738	288.34	32.613	32.703	32.671	
3739	288.44	32.613	32.703	32.671	
3740	288.54	32.613	32.703	32.671	
3741	288.64	32.614	32.703	32.671	
3742	288.74	32.614	32.704	32.671	
3743	288.84	32.614	32.704	32.672	
3744	288.94	32.614	32.704	32.672	
3745	289.	32.614	32.704	32.672	
3746	289.01	32.614	32.704	32.672	
3747	289.02	32.614	32.704	32.672	
3748	289.05	32.614	32.704	32.672	
3749	289.14	32.614	32.704	32.672	
3750	289.24	32.614	32.704	32.672	
3751	289.34	32.614	32.704	32.672	
3752	289.44	32.615	32.704	32.672	
3753	289.54	32.615	32.705	32.673	
3754	289.64	32.615	32.705	32.673	
3755	289.74	32.615	32.705	32.673	
3756	289.84	32.615	32.705	32.673	
3757	289.94	32.615	32.705	32.673	
3758	290.	32.615	32.705	32.673	
3759	290.01	32.615	32.705	32.673	
3760	290.02	32.615	32.705	32.673	
3761	290.05	32.615	32.705	32.673	
3762	290.14	32.615	32.705	32.673	
3763	290.24	32.616	32.706	32.673	
3764	290.34	32.616	32.706	32.674	
3765	290.44	32.616	32.706	32.674	
3766	290.54	32.616	32.706	32.674	
3767	290.64	32.616	32.706	32.674	
3768	290.74	32.616	32.706	32.674	
3769	290.84	32.616	32.706	32.674	
3770	290.94	32.617	32.706	32.674	
3771	291.	32.617	32.707	32.675	
3772	291.01	32.617	32.707	32.675	
3773	291.02	32.617	32.707	32.675	
3774	291.05	32.617	32.707	32.675	
3775	291.14	32.617	32.707	32.675	
3776	291.24	32.617	32.707	32.675	
3777	291.34	32.617	32.707	32.675	
3778	291.44	32.617	32.707	32.675	
3779	291.54	32.617	32.707	32.675	
3780	291.64	32.617	32.707	32.675	
3781	291.74	32.618	32.708	32.675	
3782	291.84	32.618	32.708	32.676	
3783	291.94	32.618	32.708	32.676	
3784	292.	32.618	32.708	32.676	
3785	292.01	32.618	32.708	32.676	
3786	292.02	32.618	32.708	32.676	
3787	292.05	32.618	32.708	32.676	
3788	292.14	32.618	32.708	32.676	
3789	292.24	32.618	32.708	32.676	
3790	292.34	32.618	32.708	32.676	
3791	292.44	32.619	32.708	32.676	
3792	292.54	32.619	32.709	32.677	
3793	292.64	32.619	32.709	32.677	
3794	292.74	32.619	32.709	32.677	
3795	292.84	32.619	32.709	32.677	
3796	292.94	32.619	32.709	32.677	
3797	293.	32.619	32.709	32.677	
3798	293.01	32.619	32.709	32.677	
3799	293.02	32.619	32.709	32.677	
3800	293.05	32.619	32.709	32.677	
3801	293.14	32.619	32.709	32.677	
3802	293.24	32.62	32.71	32.677	
3803	293.34	32.62	32.71	32.678	
3804	293.44	32.62	32.71	32.678	
3805	293.54	32.62	32.71	32.678	
3806	293.64	32.62	32.71	32.678	
3807	293.74	32.62	32.71	32.678	
3808	293.84	32.62	32.71	32.678	
3809	293.94	32.621	32.71	32.678	
3810	294.	32.621	32.711	32.679	
3811	294.01	32.621	32.711	32.679	
3812	294.02	32.621	32.711	32.679	
3813	294.05	32.621	32.711	32.679	
3814	294.14	32.621	32.711	32.679	
3815	294.24	32.621	32.711	32.679	
3816	294.34	32.621	32.711	32.679	
3817	294.44	32.621	32.711	32.679	
3818	294.54	32.621	32.711	32.679	
3819	294.64	32.621	32.711	32.679	
3820	294.74	32.622	32.712	32.68	
3821	294.84	32.622	32.712	32.68	
3822	294.94	32.622	32.712	32.68	
3823	295.	32.622	32.712	32.68	
3824	295.01	32.622	32.712	32.68	
3825	295.02	32.622	32.712	32.68	
3826	295.05	32.622	32.712	32.68	
3827	295.14	32.622	32.712	32.68	
3828	295.24	32.622	32.712	32.68	
3829	295.34	32.622	32.712	32.68	
3830	295.44	32.623	32.713	32.68	
3831	295.54	32.623	32.713	32.681	
3832	295.64	32.623	32.713	32.681	
3833	295.74	32.623	32.713	32.681	
3834	295.84	32.623	32.713	32.681	
3835	295.94	32.623	32.713	32.681	
3836	296.	32.623	32.713	32.681	
3837	296.01	32.623	32.713	32.681	
3838	296.02	32.623	32.713	32.681	
3839	296.05	32.623	32.713	32.681	
3840	296.14	32.624	32.713	32.681	
3841	296.24	32.624	32.714	32.682	
3842	296.34	32.624	32.714	32.682	
3843	296.44	32.624	32.714	32.682	
3844	296.54	32.624	32.714	32.682	
3845	296.64	32.624	32.714	32.682	
3846	296.74	32.624	32.714	32.682	
3847	296.84	32.624	32.714	32.682	
3848	296.94	32.625	32.715	32.682	
3849	297.	32.625	32.715	32.683	
3850	297.01	32.625	32.715	32.683	
3851	297.02	32.625	32.715	32.683	
3852	297.05	32.625	32.715	32.683	
3853	297.14	32.625	32.715	32.683	
3854	297.24	32.625	32.715	32.683	
3855	297.34	32.625	32.715	32.683	
3856	297.44	32.625	32.715	32.683	
3857	297.54	32.625	32.715	32.683	
3858	297.64	32.626	32.715	32.683	
3859	297.74	32.626	32.716	32.684	
3860	297.84	32.626	32.716	32.684	
3861	297.94	32.626	32.716	32.684	
3862	298.	32.626	32.716	32.684	
3863	298.01	32.626	32.716	32.684	
3864	298.02	32.626	32.716	32.684	
3865	298.05	32.626	32.716	32.684	
3866	298.14	32.626	32.716	32.684	
3867	298.24	32.626	32.716	32.684	
3868	298.34	32.626	32.716	32.684	
3869	298.44	32.627	32.717	32.684	
3870	298.54	32.627	32.717	32.685	
3871	298.64	32.627	32.717	32.685	
3872	298.74	32.627	32.717	32.685	
3873	298.84	32.627	32.717	32.685	
3874	298.94	32.627	32.717	32.685	
3875	299.	32.627	32.717	32.685	
3876	299.01	32.627	32.717	32.685	
3877	299.02	32.627	32.717	32.685	
3878	299.05	32.627	32.717	32.685	
3879	299.14	32.628	32.717	32.685	
3880	299.24	32.628	32.718	32.686	
3881	299.34	32.628	32.718	32.686	
3882	299.44	32.628	32.718	32.686	
3883	299.54	32.628	32.718	32.686	
3884	299.64	32.628	32.718	32.686	
3885	299.74	32.628	32.718	32.686	
3886	299.84	32.628	32.718	32.686	
3887	299.94	32.629	32.719	32.686	
3888	300.	32.629	32.719	32.687	
3889	300.01	32.629	32.719	32.687	
3890	300.02	32.629	32.719	32.687	
3891	300.05	32.629	32.719	32.687	
3892	300.14	32.629	32.719	32.687	
3893	300.24	32.629	32.719	32.687	
3894	300.34	32.629	32.719	32.687	
3895	300.44	32.629	32.719	32.687	
3896	300.54	32.629	32.719	32.687	
3897	300.64	32.63	32.72	32.687	
3898	300.74	32.63	32.72	32.688	
3899	300.84	32.63	32.72	32.688	
3900	300.94	32.63	32.72	32.688	
3901	301.	32.63	32.72	32.688	
3902	301.01	32.63	32.72	32.688	
3903	301.02	32.63	32.72	32.688	
3904	301.05	32.63	32.72	32.688	
3905	301.14	32.63	32.72	32.688	
3906	301.24	32.63	32.72	32.688	
3907	301.34	32.63	32.72	32.688	
3908	301.44	32.631	32.721	32.689	
3909	301.54	32.631	32.721	32.689	
3910	301.64	32.631	32.721	32.689	
3911	301.74	32.631	32.721	32.689	
3912	301.84	32.631	32.721	32.689	
3913	301.94	32.631	32.721	32.689	
3914	302.	32.631	32.721	32.689	
3915	302.01	32.631	32.721	32.689	
3916	302.02	32.631	32.721	32.689	
3917	302.05	32.631	32.721	32.689	
3918	302.14	32.632	32.722	32.689	
3919	302.24	32.632	32.722	32.69	
3920	302.34	32.632	32.722	32.69	
3921	302.44	32.632	32.722	32.69	
3922	302.54	32.632	32.722	32.69	
3923	302.64	32.632	32.722	32.69	
3924	302.74	32.632	32.722	32.69	
3925	302.84	32.633	32.722	32.69	
3926	302.94	32.633	32.723	32.691	
3927	303.	32.633	32.723	32.691	
3928	303.01	32.633	32.723	32.691	
3929	303.02	32.633	32.723	32.691	
3930	303.05	32.633	32.723	32.691	
3931	303.14	32.633	32.723	32.691	
3932	303.24	32.633	32.723	32.691	
3933	303.34	32.633	32.723	32.691	
3934	303.44	32.633	32.723	32.691	
3935	303.54	32.633	32.723	32.691	
3936	303.64	32.634	32.724	32.691	
3937	303.74	32.634	32.724	32.692	
3938	303.84	32.634	32.724	32.692	
3939	303.94	32.634	32.724	32.692	
3940	304.	32.634	32.724	32.692	
3941	304.01	32.634	32.724	32.692	
3942	304.02	32.634	32.724	32.692	
3943	304.05	32.634	32.724	32.692	
3944	304.14	32.634	32.724	32.692	
3945	304.24	32.634	32.724	32.692	
3946	304.34	32.635	32.725	32.692	
3947	304.44	32.635	32.725	32.693	
3948	304.54	32.635	32.725	32.693	
3949	304.64	32.635	32.725	32.693	
3950	304.74	32.635	32.725	32.693	
3951	304.84	32.635	32.725	32.693	
3952	304.94	32.635	32.725	32.693	
3953	305.	32.635	32.725	32.693	
3954	305.01	32.635	32.725	32.693	
3955	305.02	32.635	32.725	32.693	
3956	305.05	32.636	32.725	32.693	
3957	305.14	32.636	32.726	32.694	
3958	305.24	32.636	32.726	32.694	
3959	305.34	32.636	32.726	32.694	
3960	305.44	32.636	32.726	32.694	
3961	305.54	32.636	32.726	32.694	
3962	305.64	32.636	32.726	32.694	
3963	305.74	32.636	32.726	32.694	
3964	305.84	32.637	32.727	32.694	
3965	305.94	32.637	32.727	32.695	
3966	306.	32.637	32.727	32.695	
3967	306.01	32.637	32.727	32.695	
3968	306.02	32.637	32.727	32.695	
3969	306.05	32.637	32.727	32.695	
3970	306.14	32.637	32.727	32.695	
3971	306.24	32.637	32.727	32.695	
3972	306.34	32.637	32.727	32.695	
3973	306.44	32.637	32.727	32.695	
3974	306.54	32.638	32.728	32.695	
3975	306.64	32.638	32.728	32.696	
3976	306.74	32.638	32.728	32.696	
3977	306.84	32.638	32.728	32.696	
3978	306.94	32.638	32.728	32.696	
3979	307.	32.638	32.728	32.696	
3980	307.01	32.638	32.728	32.696	
3981	307.02	32.638	32.728	32.696	
3982	307.05	32.638	32.728	32.696	
3983	307.14	32.638	32.728	32.696	
3984	307.24	32.638	32.728	32.696	
3985	307.34	32.639	32.729	32.697	
3986	307.44	32.639	32.729	32.697	
3987	307.54	32.639	32.729	32.697	
3988	307.64	32.639	32.729	32.697	
3989	307.74	32.639	32.729	32.697	
3990	307.84	32.639	32.729	32.697	
3991	307.94	32.639	32.729	32.697	
3992	308.	32.64	32.73	32.697	
3993	308.01	32.64	32.73	32.697	
3994	308.02	32.64	32.73	32.697	
3995	308.05	32.64	32.73	32.697	
3996	308.14	32.64	32.73	32.698	
3997	308.24	32.64	32.73	32.698	
3998	308.34	32.64	32.73	32.698	
3999	308.44	32.64	32.73	32.698	
4000	308.54	32.64	32.73	32.698	
4001	308.64	32.64	32.73	32.698	
4002	308.74	32.641	32.731	32.698	
4003	308.84	32.641	32.731	32.699	
4004	308.94	32.641	32.731	32.699	
4005	309.	32.641	32.731	32.699	
4006	309.01	32.641	32.731	32.699	
4007	309.02	32.641	32.731	32.699	
4008	309.05	32.641	32.731	32.699	
4009	309.14	32.641	32.731	32.699	
4010	309.24	32.641	32.731	32.699	
4011	309.34	32.641	32.731	32.699	
4012	309.44	32.641	32.731	32.699	
4013	309.54	32.642	32.732	32.7	
4014	309.64	32.642	32.732	32.7	
4015	309.74	32.642	32.732	32.7	
4016	309.84	32.642	32.732	32.7	
4017	309.94	32.642	32.732	32.7	
4018	310.	32.642	32.732	32.7	
4019	310.01	32.642	32.732	32.7	
4020	310.02	32.642	32.732	32.7	
4021	310.05	32.642	32.732	32.7	
4022	310.14	32.642	32.732	32.7	
4023	310.24	32.643	32.733	32.7	
4024	310.34	32.643	32.733	32.701	
4025	310.44	32.643	32.733	32.701	
4026	310.54	32.643	32.733	32.701	
4027	310.64	32.643	32.733	32.701	
4028	310.74	32.643	32.733	32.701	
4029	310.84	32.643	32.733	32.701	
4030	310.94	32.644	32.734	32.701	
4031	311.	32.644	32.734	32.702	
4032	311.01	32.644	32.734	32.702	
4033	311.02	32.644	32.734	32.702	
4034	311.05	32.644	32.734	32.702	
4035	311.14	32.644	32.734	32.702	
4036	311.24	32.644	32.734	32.702	
4037	311.34	32.644	32.734	32.702	
4038	311.44	32.644	32.734	32.702	
4039	311.54	32.644	32.734	32.702	
4040	311.64	32.644	32.735	32.702	
4041	311.74	32.645	32.735	32.703	
4042	311.84	32.645	32.735	32.703	
4043	311.94	32.645	32.735	32.703	
4044	312.	32.645	32.735	32.703	
4045	312.01	32.645	32.735	32.703	
4046	312.02	32.645	32.735	32.703	
4047	312.05	32.645	32.735	32.703	
4048	312.14	32.645	32.735	32.703	
4049	312.24	32.645	32.735	32.703	
4050	312.34	32.645	32.735	32.703	
4051	312.44	32.646	32.736	32.704	
4052	312.54	32.646	32.736	32.704	
4053	312.64	32.646	32.736	32.704	
4054	312.74	32.646	32.736	32.704	
4055	312.84	32.646	32.736	32.704	
4056	312.94	32.646	32.736	32.704	
4057	313.	32.646	32.736	32.704	
4058	313.01	32.646	32.736	32.704	
4059	313.02	32.646	32.736	32.704	
4060	313.05	32.646	32.736	32.704	
4061	313.14	32.647	32.737	32.704	
4062	313.24	32.647	32.737	32.705	
4063	313.34	32.647	32.737	32.705	
4064	313.44	32.647	32.737	32.705	
4065	313.54	32.647	32.737	32.705	
4066	313.64	32.647	32.737	32.705	
4067	313.74	32.647	32.737	32.705	
4068	313.84	32.647	32.738	32.705	
4069	313.94	32.648	32.738	32.706	
4070	314.	32.648	32.738	32.706	
4071	314.01	32.648	32.738	32.706	
4072	314.02	32.648	32.738	32.706	
4073	314.05	32.648	32.738	32.706	
4074	314.14	32.648	32.738	32.706	
4075	314.24	32.648	32.738	32.706	
4076	314.34	32.648	32.738	32.706	
4077	314.44	32.648	32.738	32.706	
4078	314.54	32.648	32.738	32.706	
4079	314.64	32.649	32.739	32.707	
4080	314.74	32.649	32.739	32.707	
4081	314.84	32.649	32.739	32.707	
4082	314.94	32.649	32.739	32.707	
4083	315.	32.649	32.739	32.707	
4084	315.01	32.649	32.739	32.707	
4085	315.02	32.649	32.739	32.707	
4086	315.05	32.649	32.739	32.707	
4087	315.14	32.649	32.739	32.707	
4088	315.24	32.649	32.739	32.707	
4089	315.34	32.65	32.74	32.707	
4090	315.44	32.65	32.74	32.708	
4091	315.54	32.65	32.74	32.708	
4092	315.64	32.65	32.74	32.708	
4093	315.74	32.65	32.74	32.708	
4094	315.84	32.65	32.74	32.708	
4095	315.94	32.65	32.74	32.708	
4096	316.	32.65	32.74	32.708	
4097	316.01	32.65	32.741	32.708	
4098	316.02	32.65	32.741	32.708	
4099	316.05	32.651	32.741	32.708	
4100	316.14	32.651	32.741	32.709	
4101	316.24	32.651	32.741	32.709	
4102	316.34	32.651	32.741	32.709	
4103	316.44	32.651	32.741	32.709	
4104	316.54	32.651	32.741	32.709	
4105	316.64	32.651	32.741	32.709	
4106	316.74	32.651	32.742	32.709	
4107	316.84	32.652	32.742	32.71	
4108	316.94	32.652	32.742	32.71	
4109	317.	32.652	32.742	32.71	
4110	317.01	32.652	32.742	32.71	
4111	317.02	32.652	32.742	32.71	
4112	317.05	32.652	32.742	32.71	
4113	317.14	32.652	32.742	32.71	
4114	317.24	32.652	32.742	32.71	
4115	317.34	32.652	32.742	32.71	
4116	317.44	32.652	32.742	32.71	
4117	317.54	32.653	32.743	32.711	
4118	317.64	32.653	32.743	32.711	
4119	317.74	32.653	32.743	32.711	
4120	317.84	32.653	32.743	32.711	
4121	317.94	32.653	32.743	32.711	
4122	318.	32.653	32.743	32.711	
4123	318.01	32.653	32.743	32.711	
4124	318.02	32.653	32.743	32.711	
4125	318.05	32.653	32.743	32.711	
4126	318.14	32.653	32.743	32.711	
4127	318.24	32.654	32.744	32.711	
4128	318.34	32.654	32.744	32.712	
4129	318.44	32.654	32.744	32.712	
4130	318.54	32.654	32.744	32.712	
4131	318.64	32.654	32.744	32.712	
4132	318.74	32.654	32.744	32.712	
4133	318.84	32.654	32.744	32.712	
4134	318.94	32.654	32.745	32.712	
4135	319.	32.655	32.745	32.713	
4136	319.01	32.655	32.745	32.713	
4137	319.02	32.655	32.745	32.713	
4138	319.05	32.655	32.745	32.713	
4139	319.14	32.655	32.745	32.713	
4140	319.24	32.655	32.745	32.713	
4141	319.34	32.655	32.745	32.713	
4142	319.44	32.655	32.745	32.713	
4143	319.54	32.655	32.745	32.713	
4144	319.64	32.655	32.746	32.713	
4145	319.74	32.656	32.746	32.714	
4146	319.84	32.656	32.746	32.714	
4147	319.94	32.656	32.746	32.714	
4148	320.	32.656	32.746	32.714	
4149	320.01	32.656	32.746	32.714	
4150	320.02	32.656	32.746	32.714	
4151	320.05	32.656	32.746	32.714	
4152	320.14	32.656	32.746	32.714	
4153	320.24	32.656	32.746	32.714	
4154	320.34	32.656	32.746	32.714	
4155	320.44	32.657	32.747	32.715	
4156	320.54	32.657	32.747	32.715	
4157	320.64	32.657	32.747	32.715	
4158	320.74	32.657	32.747	32.715	
4159	320.84	32.657	32.747	32.715	
4160	320.94	32.657	32.747	32.715	
4161	321.	32.657	32.747	32.715	
4162	321.01	32.657	32.747	32.715	
4163	321.02	32.657	32.747	32.715	
4164	321.05	32.657	32.747	32.715	
4165	321.14	32.658	32.748	32.715	
4166	321.24	32.658	32.748	32.716	
4167	321.34	32.658	32.748	32.716	
4168	321.44	32.658	32.748	32.716	
4169	321.54	32.658	32.748	32.716	
4170	321.64	32.658	32.748	32.716	
4171	321.74	32.658	32.748	32.716	
4172	321.84	32.659	32.749	32.716	
4173	321.94	32.659	32.749	32.717	
4174	322.	32.659	32.749	32.717	
4175	322.01	32.659	32.749	32.717	
4176	322.02	32.659	32.749	32.717	
4177	322.05	32.659	32.749	32.717	
4178	322.14	32.659	32.749	32.717	
4179	322.24	32.659	32.749	32.717	
4180	322.34	32.659	32.749	32.717	
4181	322.44	32.659	32.749	32.717	
4182	322.54	32.659	32.75	32.717	
4183	322.64	32.66	32.75	32.718	
4184	322.74	32.66	32.75	32.718	
4185	322.84	32.66	32.75	32.718	
4186	322.94	32.66	32.75	32.718	
4187	323.	32.66	32.75	32.718	
4188	323.01	32.66	32.75	32.718	
4189	323.02	32.66	32.75	32.718	
4190	323.05	32.66	32.75	32.718	
4191	323.14	32.66	32.75	32.718	
4192	323.24	32.66	32.751	32.718	
4193	323.34	32.661	32.751	32.719	
4194	323.44	32.661	32.751	32.719	
4195	323.54	32.661	32.751	32.719	
4196	323.64	32.661	32.751	32.719	
4197	323.74	32.661	32.751	32.719	
4198	323.84	32.661	32.751	32.719	
4199	323.94	32.661	32.751	32.719	
4200	324.	32.661	32.752	32.719	
4201	324.01	32.662	32.752	32.719	
4202	324.02	32.662	32.752	32.719	
4203	324.05	32.662	32.752	32.72	
4204	324.14	32.662	32.752	32.72	
4205	324.24	32.662	32.752	32.72	
4206	324.34	32.662	32.752	32.72	
4207	324.44	32.662	32.752	32.72	
4208	324.54	32.662	32.752	32.72	
4209	324.64	32.662	32.752	32.72	
4210	324.74	32.663	32.753	32.72	
4211	324.84	32.663	32.753	32.721	
4212	324.94	32.663	32.753	32.721	
4213	325.	32.663	32.753	32.721	
4214	325.01	32.663	32.753	32.721	
4215	325.02	32.663	32.753	32.721	
4216	325.05	32.663	32.753	32.721	
4217	325.14	32.663	32.753	32.721	
4218	325.24	32.663	32.753	32.721	
4219	325.34	32.663	32.753	32.721	
4220	325.44	32.663	32.754	32.721	
4221	325.54	32.664	32.754	32.722	
4222	325.64	32.664	32.754	32.722	
4223	325.74	32.664	32.754	32.722	
4224	325.84	32.664	32.754	32.722	
4225	325.94	32.664	32.754	32.722	
4226	326.	32.664	32.754	32.722	
4227	326.01	32.664	32.754	32.722	
4228	326.02	32.664	32.754	32.722	
4229	326.05	32.664	32.754	32.722	
4230	326.14	32.664	32.755	32.722	
4231	326.24	32.665	32.755	32.723	
4232	326.34	32.665	32.755	32.723	
4233	326.44	32.665	32.755	32.723	
4234	326.54	32.665	32.755	32.723	
4235	326.64	32.665	32.755	32.723	
4236	326.74	32.665	32.755	32.723	
4237	326.84	32.665	32.756	32.723	
4238	326.94	32.666	32.756	32.724	
4239	327.	32.666	32.756	32.724	
4240	327.01	32.666	32.756	32.724	
4241	327.02	32.666	32.756	32.724	
4242	327.05	32.666	32.756	32.724	
4243	327.14	32.666	32.756	32.724	
4244	327.24	32.666	32.756	32.724	
4245	327.34	32.666	32.756	32.724	
4246	327.44	32.666	32.756	32.724	
4247	327.54	32.666	32.757	32.724	
4248	327.64	32.667	32.757	32.725	
4249	327.74	32.667	32.757	32.725	
4250	327.84	32.667	32.757	32.725	
4251	327.94	32.667	32.757	32.725	
4252	328.	32.667	32.757	32.725	
4253	328.01	32.667	32.757	32.725	
4254	328.02	32.667	32.757	32.725	
4255	328.05	32.667	32.757	32.725	
4256	328.14	32.667	32.757	32.725	
4257	328.24	32.667	32.757	32.725	
4258	328.34	32.668	32.758	32.726	
4259	328.44	32.668	32.758	32.726	
4260	328.54	32.668	32.758	32.726	
4261	328.64	32.668	32.758	32.726	
4262	328.74	32.668	32.758	32.726	
4263	328.84	32.668	32.758	32.726	
4264	328.94	32.668	32.758	32.726	
4265	329.	32.668	32.759	32.726	
4266	329.01	32.668	32.759	32.726	
4267	329.02	32.668	32.759	32.726	
4268	329.05	32.669	32.759	32.726	
4269	329.14	32.669	32.759	32.727	
4270	329.24	32.669	32.759	32.727	
4271	329.34	32.669	32.759	32.727	
4272	329.44	32.669	32.759	32.727	
4273	329.54	32.669	32.759	32.727	
4274	329.64	32.669	32.759	32.727	
4275	329.74	32.669	32.76	32.727	
4276	329.84	32.67	32.76	32.728	
4277	329.94	32.67	32.76	32.728	
4278	330.	32.67	32.76	32.728	
4279	330.01	32.67	32.76	32.728	
4280	330.02	32.67	32.76	32.728	
4281	330.05	32.67	32.76	32.728	
4282	330.14	32.67	32.76	32.728	
4283	330.24	32.67	32.76	32.728	
4284	330.34	32.67	32.76	32.728	
4285	330.44	32.67	32.761	32.728	
4286	330.54	32.671	32.761	32.729	
4287	330.64	32.671	32.761	32.729	
4288	330.74	32.671	32.761	32.729	
4289	330.84	32.671	32.761	32.729	
4290	330.94	32.671	32.761	32.729	
4291	331.	32.671	32.761	32.729	
4292	331.01	32.671	32.761	32.729	
4293	331.02	32.671	32.761	32.729	
4294	331.05	32.671	32.761	32.729	
4295	331.14	32.671	32.762	32.729	
4296	331.24	32.672	32.762	32.73	
4297	331.34	32.672	32.762	32.73	
4298	331.44	32.672	32.762	32.73	
4299	331.54	32.672	32.762	32.73	
4300	331.64	32.672	32.762	32.73	
4301	331.74	32.672	32.762	32.73	
4302	331.84	32.672	32.763	32.73	
4303	331.94	32.673	32.763	32.731	
4304	332.	32.673	32.763	32.731	
4305	332.01	32.673	32.763	32.731	
4306	332.02	32.673	32.763	32.731	
4307	332.05	32.673	32.763	32.731	
4308	332.14	32.673	32.763	32.731	
4309	332.24	32.673	32.763	32.731	
4310	332.34	32.673	32.763	32.731	
4311	332.44	32.673	32.763	32.731	
4312	332.54	32.673	32.764	32.731	
4313	332.64	32.674	32.764	32.732	
4314	332.74	32.674	32.764	32.732	
4315	332.84	32.674	32.764	32.732	
4316	332.94	32.674	32.764	32.732	
4317	333.	32.674	32.764	32.732	
4318	333.01	32.674	32.764	32.732	
4319	333.02	32.674	32.764	32.732	
4320	333.05	32.674	32.764	32.732	
4321	333.14	32.674	32.764	32.732	
4322	333.24	32.674	32.765	32.732	
4323	333.34	32.674	32.765	32.733	
4324	333.44	32.675	32.765	32.733	
4325	333.54	32.675	32.765	32.733	
4326	333.64	32.675	32.765	32.733	
4327	333.74	32.675	32.765	32.733	
4328	333.84	32.675	32.765	32.733	
4329	333.94	32.675	32.765	32.733	
4330	334.	32.675	32.766	32.733	
4331	334.01	32.675	32.766	32.733	
4332	334.02	32.675	32.766	32.733	
4333	334.05	32.675	32.766	32.734	
4334	334.14	32.676	32.766	32.734	
4335	334.24	32.676	32.766	32.734	
4336	334.34	32.676	32.766	32.734	
4337	334.44	32.676	32.766	32.734	
4338	334.54	32.676	32.766	32.734	
4339	334.64	32.676	32.766	32.734	
4340	334.74	32.676	32.767	32.734	
4341	334.84	32.677	32.767	32.735	
4342	334.94	32.677	32.767	32.735	
4343	335.	32.677	32.767	32.735	
4344	335.01	32.677	32.767	32.735	
4345	335.02	32.677	32.767	32.735	
4346	335.05	32.677	32.767	32.735	
4347	335.14	32.677	32.767	32.735	
4348	335.24	32.677	32.767	32.735	
4349	335.34	32.677	32.767	32.735	
4350	335.44	32.677	32.768	32.735	
4351	335.54	32.678	32.768	32.736	
4352	335.64	32.678	32.768	32.736	
4353	335.74	32.678	32.768	32.736	
4354	335.84	32.678	32.768	32.736	
4355	335.94	32.678	32.768	32.736	
4356	336.	32.678	32.768	32.736	
4357	336.01	32.678	32.768	32.736	
4358	336.02	32.678	32.768	32.736	
4359	336.05	32.678	32.768	32.736	
4360	336.14	32.678	32.769	32.736	
4361	336.24	32.679	32.769	32.737	
4362	336.34	32.679	32.769	32.737	
4363	336.44	32.679	32.769	32.737	
4364	336.54	32.679	32.769	32.737	
4365	336.64	32.679	32.769	32.737	
4366	336.74	32.679	32.769	32.737	
4367	336.84	32.679	32.77	32.737	
4368	336.94	32.68	32.77	32.738	
4369	337.	32.68	32.77	32.738	
4370	337.01	32.68	32.77	32.738	
4371	337.02	32.68	32.77	32.738	
4372	337.05	32.68	32.77	32.738	
4373	337.14	32.68	32.77	32.738	
4374	337.24	32.68	32.77	32.738	
4375	337.34	32.68	32.77	32.738	
4376	337.44	32.68	32.77	32.738	
4377	337.54	32.68	32.771	32.738	
4378	337.64	32.681	32.771	32.739	
4379	337.74	32.681	32.771	32.739	
4380	337.84	32.681	32.771	32.739	
4381	337.94	32.681	32.771	32.739	
4382	338.	32.681	32.771	32.739	
4383	338.01	32.681	32.771	32.739	
4384	338.02	32.681	32.771	32.739	
4385	338.05	32.681	32.771	32.739	
4386	338.14	32.681	32.771	32.739	
4387	338.24	32.681	32.772	32.739	
4388	338.34	32.682	32.772	32.74	
4389	338.44	32.682	32.772	32.74	
4390	338.54	32.682	32.772	32.74	
4391	338.64	32.682	32.772	32.74	
4392	338.74	32.682	32.772	32.74	
4393	338.84	32.682	32.772	32.74	
4394	338.94	32.682	32.773	32.74	
4395	339.	32.682	32.773	32.74	
4396	339.01	32.682	32.773	32.74	
4397	339.02	32.682	32.773	32.74	
4398	339.05	32.683	32.773	32.741	
4399	339.14	32.683	32.773	32.741	
4400	339.24	32.683	32.773	32.741	
4401	339.34	32.683	32.773	32.741	
4402	339.44	32.683	32.773	32.741	
4403	339.54	32.683	32.773	32.741	
4404	339.64	32.683	32.774	32.741	
4405	339.74	32.683	32.774	32.742	
4406	339.84	32.684	32.774	32.742	
4407	339.94	32.684	32.774	32.742	
4408	340.	32.684	32.774	32.742	
4409	340.01	32.684	32.774	32.742	
4410	340.02	32.684	32.774	32.742	
4411	340.05	32.684	32.774	32.742	
4412	340.14	32.684	32.774	32.742	
4413	340.24	32.684	32.774	32.742	
4414	340.34	32.684	32.775	32.742	
4415	340.44	32.684	32.775	32.743	
4416	340.54	32.685	32.775	32.743	
4417	340.64	32.685	32.775	32.743	
4418	340.74	32.685	32.775	32.743	
4419	340.84	32.685	32.775	32.743	
4420	340.94	32.685	32.775	32.743	
4421	341.	32.685	32.775	32.743	
4422	341.01	32.685	32.775	32.743	
4423	341.02	32.685	32.775	32.743	
4424	341.05	32.685	32.776	32.743	
4425	341.14	32.685	32.776	32.743	
4426	341.24	32.686	32.776	32.744	
4427	341.34	32.686	32.776	32.744	
4428	341.44	32.686	32.776	32.744	
4429	341.54	32.686	32.776	32.744	
4430	341.64	32.686	32.776	32.744	
4431	341.74	32.686	32.776	32.744	
4432	341.84	32.686	32.777	32.744	
4433	341.94	32.687	32.777	32.745	
4434	342.	32.687	32.777	32.745	
4435	342.01	32.687	32.777	32.745	
4436	342.02	32.687	32.777	32.745	
4437	342.05	32.687	32.777	32.745	
4438	342.14	32.687	32.777	32.745	
4439	342.24	32.687	32.777	32.745	
4440	342.34	32.687	32.777	32.745	
4441	342.44	32.687	32.777	32.745	
4442	342.54	32.687	32.778	32.745	
4443	342.64	32.688	32.778	32.746	
4444	342.74	32.688	32.778	32.746	
4445	342.84	32.688	32.778	32.746	
4446	342.94	32.688	32.778	32.746	
4447	343.	32.688	32.778	32.746	
4448	343.01	32.688	32.778	32.746	
4449	343.02	32.688	32.778	32.746	
4450	343.05	32.688	32.778	32.746	
4451	343.14	32.688	32.778	32.746	
4452	343.24	32.688	32.779	32.746	
4453	343.34	32.689	32.779	32.747	
4454	343.44	32.689	32.779	32.747	
4455	343.54	32.689	32.779	32.747	
4456	343.64	32.689	32.779	32.747	
4457	343.74	32.689	32.779	32.747	
4458	343.84	32.689	32.779	32.747	
4459	343.94	32.689	32.78	32.747	
4460	344.	32.689	32.78	32.748	
4461	344.01	32.69	32.78	32.748	
4462	344.02	32.69	32.78	32.748	
4463	344.05	32.69	32.78	32.748	
4464	344.14	32.69	32.78	32.748	
4465	344.24	32.69	32.78	32.748	
4466	344.34	32.69	32.78	32.748	
4467	344.44	32.69	32.78	32.748	
4468	344.54	32.69	32.78	32.748	
4469	344.64	32.69	32.781	32.748	
4470	344.74	32.691	32.781	32.749	
4471	344.84	32.691	32.781	32.749	
4472	344.94	32.691	32.781	32.749	
4473	345.	32.691	32.781	32.749	
4474	345.01	32.691	32.781	32.749	
4475	345.02	32.691	32.781	32.749	
4476	345.05	32.691	32.781	32.749	
4477	345.14	32.691	32.781	32.749	
4478	345.24	32.691	32.781	32.749	
4479	345.34	32.691	32.782	32.749	
4480	345.44	32.692	32.782	32.75	
4481	345.54	32.692	32.782	32.75	
4482	345.64	32.692	32.782	32.75	
4483	345.74	32.692	32.782	32.75	
4484	345.84	32.692	32.782	32.75	
4485	345.94	32.692	32.782	32.75	
4486	346.	32.692	32.783	32.75	
4487	346.01	32.692	32.783	32.75	
4488	346.02	32.692	32.783	32.75	
4489	346.05	32.692	32.783	32.75	
4490	346.14	32.693	32.783	32.751	
4491	346.24	32.693	32.783	32.751	
4492	346.34	32.693	32.783	32.751	
4493	346.44	32.693	32.783	32.751	
4494	346.54	32.693	32.783	32.751	
4495	346.64	32.693	32.783	32.751	
4496	346.74	32.693	32.784	32.751	
4497	346.84	32.694	32.784	32.752	
4498	346.94	32.694	32.784	32.752	
4499	347.	32.694	32.784	32.752	
4500	347.01	32.694	32.784	32.752	
4501	347.02	32.694	32.784	32.752	
4502	347.05	32.694	32.784	32.752	
4503	347.14	32.694	32.784	32.752	
4504	347.24	32.694	32.784	32.752	
4505	347.34	32.694	32.784	32.752	
4506	347.44	32.694	32.785	32.752	
4507	347.54	32.695	32.785	32.753	
4508	347.64	32.695	32.785	32.753	
4509	347.74	32.695	32.785	32.753	
4510	347.84	32.695	32.785	32.753	
4511	347.94	32.695	32.785	32.753	
4512	348.	32.695	32.785	32.753	
4513	348.01	32.695	32.785	32.753	
4514	348.02	32.695	32.785	32.753	
4515	348.05	32.695	32.785	32.753	
4516	348.14	32.695	32.786	32.753	
4517	348.24	32.695	32.786	32.754	
4518	348.34	32.696	32.786	32.754	
4519	348.44	32.696	32.786	32.754	
4520	348.54	32.696	32.786	32.754	
4521	348.64	32.696	32.786	32.754	
4522	348.74	32.696	32.786	32.754	
4523	348.84	32.696	32.787	32.754	
4524	348.94	32.696	32.787	32.755	
4525	349.	32.697	32.787	32.755	
4526	349.01	32.697	32.787	32.755	
4527	349.02	32.697	32.787	32.755	
4528	349.05	32.697	32.787	32.755	
4529	349.14	32.697	32.787	32.755	
4530	349.24	32.697	32.787	32.755	
4531	349.34	32.697	32.787	32.755	
4532	349.44	32.697	32.787	32.755	
4533	349.54	32.697	32.788	32.755	
4534	349.64	32.697	32.788	32.756	
4535	349.74	32.698	32.788	32.756	
4536	349.84	32.698	32.788	32.756	
4537	349.94	32.698	32.788	32.756	
4538	350.	32.698	32.788	32.756	
4539	350.01	32.698	32.788	32.756	
4540	350.02	32.698	32.788	32.756	
4541	350.05	32.698	32.788	32.756	
4542	350.14	32.698	32.788	32.756	
4543	350.24	32.698	32.789	32.756	
4544	350.34	32.698	32.789	32.757	
4545	350.44	32.699	32.789	32.757	
4546	350.54	32.699	32.789	32.757	
4547	350.64	32.699	32.789	32.757	
4548	350.74	32.699	32.789	32.757	
4549	350.84	32.699	32.789	32.757	
4550	350.94	32.699	32.79	32.757	
4551	351.	32.699	32.79	32.757	
4552	351.01	32.699	32.79	32.758	
4553	351.02	32.699	32.79	32.758	
4554	351.05	32.699	32.79	32.758	
4555	351.14	32.7	32.79	32.758	
4556	351.24	32.7	32.79	32.758	
4557	351.34	32.7	32.79	32.758	
4558	351.44	32.7	32.79	32.758	
4559	351.54	32.7	32.79	32.758	
4560	351.64	32.7	32.791	32.758	
4561	351.74	32.7	32.791	32.759	
4562	351.84	32.701	32.791	32.759	
4563	351.94	32.701	32.791	32.759	
4564	352.	32.701	32.791	32.759	
4565	352.01	32.701	32.791	32.759	
4566	352.02	32.701	32.791	32.759	
4567	352.05	32.701	32.791	32.759	
4568	352.14	32.701	32.791	32.759	
4569	352.24	32.701	32.791	32.759	
4570	352.34	32.701	32.792	32.759	
4571	352.44	32.701	32.792	32.76	
4572	352.54	32.702	32.792	32.76	
4573	352.64	32.702	32.792	32.76	
4574	352.74	32.702	32.792	32.76	
4575	352.84	32.702	32.792	32.76	
4576	352.94	32.702	32.792	32.76	
4577	353.	32.702	32.793	32.76	
4578	353.01	32.702	32.793	32.76	
4579	353.02	32.702	32.793	32.76	
4580	353.05	32.702	32.793	32.76	
4581	353.14	32.702	32.793	32.761	
4582	353.24	32.703	32.793	32.761	
4583	353.34	32.703	32.793	32.761	
4584	353.44	32.703	32.793	32.761	
4585	353.54	32.703	32.793	32.761	
4586	353.64	32.703	32.793	32.761	
4587	353.74	32.703	32.794	32.761	
4588	353.84	32.703	32.794	32.762	
4589	353.94	32.704	32.794	32.762	
4590	354.	32.704	32.794	32.762	
4591	354.01	32.704	32.794	32.762	
4592	354.02	32.704	32.794	32.762	
4593	354.05	32.704	32.794	32.762	
4594	354.14	32.704	32.794	32.762	
4595	354.24	32.704	32.794	32.762	
4596	354.34	32.704	32.794	32.762	
4597	354.44	32.704	32.795	32.762	
4598	354.54	32.704	32.795	32.763	
4599	354.64	32.705	32.795	32.763	
4600	354.74	32.705	32.795	32.763	
4601	354.84	32.705	32.795	32.763	
4602	354.94	32.705	32.795	32.763	
4603	355.	32.705	32.795	32.763	
4604	355.01	32.705	32.795	32.763	
4605	355.02	32.705	32.795	32.763	
4606	355.05	32.705	32.795	32.763	
4607	355.14	32.705	32.796	32.763	
4608	355.24	32.705	32.796	32.764	
4609	355.34	32.706	32.796	32.764	
4610	355.44	32.706	32.796	32.764	
4611	355.54	32.706	32.796	32.764	
4612	355.64	32.706	32.796	32.764	
4613	355.74	32.706	32.796	32.764	
4614	355.84	32.706	32.797	32.764	
4615	355.94	32.706	32.797	32.765	
4616	356.	32.707	32.797	32.765	
4617	356.01	32.707	32.797	32.765	
4618	356.02	32.707	32.797	32.765	
4619	356.05	32.707	32.797	32.765	
4620	356.14	32.707	32.797	32.765	
4621	356.24	32.707	32.797	32.765	
4622	356.34	32.707	32.797	32.765	
4623	356.44	32.707	32.797	32.765	
4624	356.54	32.707	32.798	32.765	
4625	356.64	32.707	32.798	32.766	
4626	356.74	32.708	32.798	32.766	
4627	356.84	32.708	32.798	32.766	
4628	356.94	32.708	32.798	32.766	
4629	357.	32.708	32.798	32.766	
4630	357.01	32.708	32.798	32.766	
4631	357.02	32.708	32.798	32.766	
4632	357.05	32.708	32.798	32.766	
4633	357.14	32.708	32.798	32.766	
4634	357.24	32.708	32.799	32.766	
4635	357.34	32.708	32.799	32.767	
4636	357.44	32.709	32.799	32.767	
4637	357.54	32.709	32.799	32.767	
4638	357.64	32.709	32.799	32.767	
4639	357.74	32.709	32.799	32.767	
4640	357.84	32.709	32.799	32.767	
4641	357.94	32.709	32.8	32.767	
4642	358.	32.709	32.8	32.767	
4643	358.01	32.709	32.8	32.768	
4644	358.02	32.709	32.8	32.768	
4645	358.05	32.709	32.8	32.768	
4646	358.14	32.71	32.8	32.768	
4647	358.24	32.71	32.8	32.768	
4648	358.34	32.71	32.8	32.768	
4649	358.44	32.71	32.8	32.768	
4650	358.54	32.71	32.8	32.768	
4651	358.64	32.71	32.801	32.768	
4652	358.74	32.71	32.801	32.769	
4653	358.84	32.711	32.801	32.769	
4654	358.94	32.711	32.801	32.769	
4655	359.	32.711	32.801	32.769	
4656	359.01	32.711	32.801	32.769	
4657	359.02	32.711	32.801	32.769	
4658	359.05	32.711	32.801	32.769	
4659	359.14	32.711	32.801	32.769	
4660	359.24	32.711	32.801	32.769	
4661	359.34	32.711	32.802	32.769	
4662	359.44	32.711	32.802	32.77	
4663	359.54	32.712	32.802	32.77	
4664	359.64	32.712	32.802	32.77	
4665	359.74	32.712	32.802	32.77	
4666	359.84	32.712	32.802	32.77	
4667	359.94	32.712	32.802	32.77	
4668	360.	32.712	32.803	32.77	
4669	360.01	32.712	32.803	32.77	
4670	360.02	32.712	32.803	32.77	
4671	360.05	32.712	32.803	32.77	
4672	360.14	32.712	32.803	32.771	
4673	360.24	32.713	32.803	32.771	
4674	360.34	32.713	32.803	32.771	
4675	360.44	32.713	32.803	32.771	
4676	360.54	32.713	32.803	32.771	
4677	360.64	32.713	32.803	32.771	
4678	360.74	32.713	32.804	32.771	
4679	360.84	32.713	32.804	32.772	
4680	360.94	32.714	32.804	32.772	
4681	361.	32.714	32.804	32.772	
4682	361.01	32.714	32.804	32.772	
4683	361.02	32.714	32.804	32.772	
4684	361.05	32.714	32.804	32.772	
4685	361.14	32.714	32.804	32.772	
4686	361.24	32.714	32.804	32.772	
4687	361.34	32.714	32.804	32.772	
4688	361.44	32.714	32.805	32.772	
4689	361.54	32.714	32.805	32.773	
4690	361.64	32.715	32.805	32.773	
4691	361.74	32.715	32.805	32.773	
4692	361.84	32.715	32.805	32.773	
4693	361.94	32.715	32.805	32.773	
4694	362.	32.715	32.805	32.773	
4695	362.01	32.715	32.805	32.773	
4696	362.02	32.715	32.805	32.773	
4697	362.05	32.715	32.806	32.773	
4698	362.14	32.715	32.806	32.773	
4699	362.24	32.715	32.806	32.774	
4700	362.34	32.716	32.806	32.774	
4701	362.44	32.716	32.806	32.774	
4702	362.54	32.716	32.806	32.774	
4703	362.64	32.716	32.806	32.774	
4704	362.74	32.716	32.807	32.774	
4705	362.84	32.716	32.807	32.774	
4706	362.94	32.716	32.807	32.775	
4707	363.	32.717	32.807	32.775	
4708	363.01	32.717	32.807	32.775	
4709	363.02	32.717	32.807	32.775	
4710	363.05	32.717	32.807	32.775	
4711	363.14	32.717	32.807	32.775	
4712	363.24	32.717	32.807	32.775	
4713	363.34	32.717	32.807	32.775	
4714	363.44	32.717	32.808	32.775	
4715	363.54	32.717	32.808	32.775	
4716	363.64	32.717	32.808	32.776	
4717	363.74	32.718	32.808	32.776	
4718	363.84	32.718	32.808	32.776	
4719	363.94	32.718	32.808	32.776	
4720	364.	32.718	32.808	32.776	
4721	364.01	32.718	32.808	32.776	
4722	364.02	32.718	32.808	32.776	
4723	364.05	32.718	32.808	32.776	
4724	364.14	32.718	32.809	32.776	
4725	364.24	32.718	32.809	32.776	
4726	364.34	32.718	32.809	32.777	
4727	364.44	32.719	32.809	32.777	
4728	364.54	32.719	32.809	32.777	
4729	364.64	32.719	32.809	32.777	
4730	364.74	32.719	32.809	32.777	
4731	364.84	32.719	32.81	32.777	
4732	364.94	32.719	32.81	32.777	
4733	365.	32.719	32.81	32.778	
4734	365.01	32.719	32.81	32.778	
4735	365.02	32.719	32.81	32.778	
4736	365.05	32.719	32.81	32.778	
4737	365.14	32.72	32.81	32.778	
4738	365.24	32.72	32.81	32.778	
4739	365.34	32.72	32.81	32.778	
4740	365.44	32.72	32.81	32.778	
4741	365.54	32.72	32.811	32.778	
4742	365.64	32.72	32.811	32.778	
4743	365.74	32.72	32.811	32.779	
4744	365.84	32.721	32.811	32.779	
4745	365.94	32.721	32.811	32.779	
4746	366.	32.721	32.811	32.779	
4747	366.01	32.721	32.811	32.779	
4748	366.02	32.721	32.811	32.779	
4749	366.05	32.721	32.811	32.779	
4750	366.14	32.721	32.811	32.779	
4751	366.24	32.721	32.812	32.779	
4752	366.34	32.721	32.812	32.779	
4753	366.44	32.721	32.812	32.78	
4754	366.54	32.722	32.812	32.78	
4755	366.64	32.722	32.812	32.78	
4756	366.74	32.722	32.812	32.78	
4757	366.84	32.722	32.812	32.78	
4758	366.94	32.722	32.813	32.78	
4759	367.	32.722	32.813	32.78	
4760	367.01	32.722	32.813	32.78	
4761	367.02	32.722	32.813	32.78	
4762	367.05	32.722	32.813	32.781	
4763	367.14	32.723	32.813	32.781	
4764	367.24	32.723	32.813	32.781	
4765	367.34	32.723	32.813	32.781	
4766	367.44	32.723	32.813	32.781	
4767	367.54	32.723	32.813	32.781	
4768	367.64	32.723	32.814	32.781	
4769	367.74	32.723	32.814	32.782	
4770	367.84	32.724	32.814	32.782	
4771	367.94	32.724	32.814	32.782	
4772	368.	32.724	32.814	32.782	
4773	368.01	32.724	32.814	32.782	
4774	368.02	32.724	32.814	32.782	
4775	368.05	32.724	32.814	32.782	
4776	368.14	32.724	32.814	32.782	
4777	368.24	32.724	32.814	32.782	
4778	368.34	32.724	32.815	32.782	
4779	368.44	32.724	32.815	32.783	
4780	368.54	32.725	32.815	32.783	
4781	368.64	32.725	32.815	32.783	
4782	368.74	32.725	32.815	32.783	
4783	368.84	32.725	32.815	32.783	
4784	368.94	32.725	32.815	32.783	
4785	369.	32.725	32.816	32.783	
4786	369.01	32.725	32.816	32.783	
4787	369.02	32.725	32.816	32.783	
4788	369.05	32.725	32.816	32.783	
4789	369.14	32.725	32.816	32.784	
4790	369.24	32.726	32.816	32.784	
4791	369.34	32.726	32.816	32.784	
4792	369.44	32.726	32.816	32.784	
4793	369.54	32.726	32.816	32.784	
4794	369.64	32.726	32.816	32.784	
4795	369.74	32.726	32.817	32.784	
4796	369.84	32.726	32.817	32.785	
4797	369.94	32.727	32.817	32.785	
4798	370.	32.727	32.817	32.785	
4799	370.01	32.727	32.817	32.785	
4800	370.02	32.727	32.817	32.785	
4801	370.05	32.727	32.817	32.785	
4802	370.14	32.727	32.817	32.785	
4803	370.24	32.727	32.817	32.785	
4804	370.34	32.727	32.817	32.785	
4805	370.44	32.727	32.818	32.785	
4806	370.54	32.727	32.818	32.786	
4807	370.64	32.728	32.818	32.786	
4808	370.74	32.728	32.818	32.786	
4809	370.84	32.728	32.818	32.786	
4810	370.94	32.728	32.818	32.786	
4811	371.	32.728	32.818	32.786	
4812	371.01	32.728	32.818	32.786	
4813	371.02	32.728	32.818	32.786	
4814	371.05	32.728	32.819	32.786	
4815	371.14	32.728	32.819	32.786	
4816	371.24	32.728	32.819	32.787	
4817	371.34	32.729	32.819	32.787	
4818	371.44	32.729	32.819	32.787	
4819	371.54	32.729	32.819	32.787	
4820	371.64	32.729	32.819	32.787	
4821	371.74	32.729	32.82	32.787	
4822	371.84	32.729	32.82	32.787	
4823	371.94	32.729	32.82	32.788	
4824	372.	32.73	32.82	32.788	
4825	372.01	32.73	32.82	32.788	
4826	372.02	32.73	32.82	32.788	
4827	372.05	32.73	32.82	32.788	
4828	372.14	32.73	32.82	32.788	
4829	372.24	32.73	32.82	32.788	
4830	372.34	32.73	32.82	32.788	
4831	372.44	32.73	32.821	32.788	
4832	372.54	32.73	32.821	32.788	
4833	372.64	32.73	32.821	32.789	
4834	372.74	32.731	32.821	32.789	
4835	372.84	32.731	32.821	32.789	
4836	372.94	32.731	32.821	32.789	
4837	373.	32.731	32.821	32.789	
4838	373.01	32.731	32.821	32.789	
4839	373.02	32.731	32.821	32.789	
4840	373.05	32.731	32.821	32.789	
4841	373.14	32.731	32.822	32.789	
4842	373.24	32.731	32.822	32.789	
4843	373.34	32.731	32.822	32.79	
4844	373.44	32.732	32.822	32.79	
4845	373.54	32.732	32.822	32.79	
4846	373.64	32.732	32.822	32.79	
4847	373.74	32.732	32.822	32.79	
4848	373.84	32.732	32.823	32.79	
4849	373.94	32.732	32.823	32.79	
4850	374.	32.732	32.823	32.791	
4851	374.01	32.732	32.823	32.791	
4852	374.02	32.732	32.823	32.791	
4853	374.05	32.732	32.823	32.791	
4854	374.14	32.733	32.823	32.791	
4855	374.24	32.733	32.823	32.791	
4856	374.34	32.733	32.823	32.791	
4857	374.44	32.733	32.823	32.791	
4858	374.54	32.733	32.824	32.791	
4859	374.64	32.733	32.824	32.792	
4860	374.74	32.733	32.824	32.792	
4861	374.84	32.734	32.824	32.792	
4862	374.94	32.734	32.824	32.792	
4863	375.	32.734	32.824	32.792	
4864	375.01	32.734	32.824	32.792	
4865	375.02	32.734	32.824	32.792	
4866	375.05	32.734	32.824	32.792	
4867	375.14	32.734	32.824	32.792	
4868	375.24	32.734	32.825	32.792	
4869	375.34	32.734	32.825	32.793	
4870	375.44	32.734	32.825	32.793	
4871	375.54	32.735	32.825	32.793	
4872	375.64	32.735	32.825	32.793	
4873	375.74	32.735	32.825	32.793	
4874	375.84	32.735	32.825	32.793	
4875	375.94	32.735	32.826	32.793	
4876	376.	32.735	32.826	32.793	
4877	376.01	32.735	32.826	32.793	
4878	376.02	32.735	32.826	32.794	
4879	376.05	32.735	32.826	32.794	
4880	376.14	32.735	32.826	32.794	
4881	376.24	32.736	32.826	32.794	
4882	376.34	32.736	32.826	32.794	
4883	376.44	32.736	32.826	32.794	
4884	376.54	32.736	32.826	32.794	
4885	376.64	32.736	32.827	32.794	
4886	376.74	32.736	32.827	32.795	
4887	376.84	32.737	32.827	32.795	
4888	376.94	32.737	32.827	32.795	
4889	377.	32.737	32.827	32.795	
4890	377.01	32.737	32.827	32.795	
4891	377.02	32.737	32.827	32.795	
4892	377.05	32.737	32.827	32.795	
4893	377.14	32.737	32.827	32.795	
4894	377.24	32.737	32.828	32.795	
4895	377.34	32.737	32.828	32.795	
4896	377.44	32.737	32.828	32.796	
4897	377.54	32.738	32.828	32.796	
4898	377.64	32.738	32.828	32.796	
4899	377.74	32.738	32.828	32.796	
4900	377.84	32.738	32.828	32.796	
4901	377.94	32.738	32.829	32.796	
4902	378.	32.738	32.829	32.796	
4903	378.01	32.738	32.829	32.796	
4904	378.02	32.738	32.829	32.796	
4905	378.05	32.738	32.829	32.796	
4906	378.14	32.738	32.829	32.797	
4907	378.24	32.739	32.829	32.797	
4908	378.34	32.739	32.829	32.797	
4909	378.44	32.739	32.829	32.797	
4910	378.54	32.739	32.829	32.797	
4911	378.64	32.739	32.83	32.797	
4912	378.74	32.739	32.83	32.797	
4913	378.84	32.739	32.83	32.798	
4914	378.94	32.74	32.83	32.798	
4915	379.	32.74	32.83	32.798	
4916	379.01	32.74	32.83	32.798	
4917	379.02	32.74	32.83	32.798	
4918	379.05	32.74	32.83	32.798	
4919	379.14	32.74	32.83	32.798	
4920	379.24	32.74	32.83	32.798	
4921	379.34	32.74	32.831	32.798	
4922	379.44	32.74	32.831	32.798	
4923	379.54	32.74	32.831	32.799	
4924	379.64	32.741	32.831	32.799	
4925	379.74	32.741	32.831	32.799	
4926	379.84	32.741	32.831	32.799	
4927	379.94	32.741	32.831	32.799	
4928	380.	32.741	32.832	32.799	
4929	380.01	32.741	32.832	32.799	
4930	380.02	32.741	32.832	32.799	
4931	380.05	32.741	32.832	32.799	
4932	380.14	32.741	32.832	32.799	
4933	380.24	32.741	32.832	32.8	
4934	380.34	32.742	32.832	32.8	
4935	380.44	32.742	32.832	32.8	
4936	380.54	32.742	32.832	32.8	
4937	380.64	32.742	32.832	32.8	
4938	380.74	32.742	32.833	32.8	
4939	380.84	32.742	32.833	32.801	
4940	380.94	32.742	32.833	32.801	
4941	381.	32.743	32.833	32.801	
4942	381.01	32.743	32.833	32.801	
4943	381.02	32.743	32.833	32.801	
4944	381.05	32.743	32.833	32.801	
4945	381.14	32.743	32.833	32.801	
4946	381.24	32.743	32.833	32.801	
4947	381.34	32.743	32.833	32.801	
4948	381.44	32.743	32.834	32.801	
4949	381.54	32.743	32.834	32.802	
4950	381.64	32.743	32.834	32.802	
4951	381.74	32.744	32.834	32.802	
4952	381.84	32.744	32.834	32.802	
4953	381.94	32.744	32.834	32.802	
4954	382.	32.744	32.834	32.802	
4955	382.01	32.744	32.834	32.802	
4956	382.02	32.744	32.834	32.802	
4957	382.05	32.744	32.835	32.802	
4958	382.14	32.744	32.835	32.802	
4959	382.24	32.744	32.835	32.803	
4960	382.34	32.744	32.835	32.803	
4961	382.44	32.745	32.835	32.803	
4962	382.54	32.745	32.835	32.803	
4963	382.64	32.745	32.835	32.803	
4964	382.74	32.745	32.836	32.803	
4965	382.84	32.745	32.836	32.803	
4966	382.94	32.745	32.836	32.804	
4967	383.	32.745	32.836	32.804	
4968	383.01	32.745	32.836	32.804	
4969	383.02	32.745	32.836	32.804	
4970	383.05	32.746	32.836	32.804	
4971	383.14	32.746	32.836	32.804	
4972	383.24	32.746	32.836	32.804	
4973	383.34	32.746	32.836	32.804	
4974	383.44	32.746	32.837	32.804	
4975	383.54	32.746	32.837	32.804	
4976	383.64	32.746	32.837	32.805	
4977	383.74	32.747	32.837	32.805	
4978	383.84	32.747	32.837	32.805	
4979	383.94	32.747	32.837	32.805	
4980	384.	32.747	32.837	32.805	
4981	384.01	32.747	32.837	32.805	
4982	384.02	32.747	32.837	32.805	
4983	384.05	32.747	32.837	32.805	
4984	384.14	32.747	32.838	32.805	
4985	384.24	32.747	32.838	32.805	
4986	384.34	32.747	32.838	32.806	
4987	384.44	32.748	32.838	32.806	
4988	384.54	32.748	32.838	32.806	
4989	384.64	32.748	32.838	32.806	
4990	384.74	32.748	32.838	32.806	
4991	384.84	32.748	32.839	32.806	
4992	384.94	32.748	32.839	32.807	
4993	385.	32.748	32.839	32.807	
4994	385.01	32.748	32.839	32.807	
4995	385.02	32.748	32.839	32.807	
4996	385.05	32.748	32.839	32.807	
4997	385.14	32.749	32.839	32.807	
4998	385.24	32.749	32.839	32.807	
4999	385.34	32.749	32.839	32.807	
5000	385.44	32.749	32.839	32.807	
5001	385.54	32.749	32.84	32.807	
5002	385.64	32.749	32.84	32.808	
5003	385.74	32.749	32.84	32.808	
5004	385.84	32.75	32.84	32.808	
5005	385.94	32.75	32.84	32.808	
5006	386.	32.75	32.84	32.808	
5007	386.01	32.75	32.84	32.808	
5008	386.02	32.75	32.84	32.808	
5009	386.05	32.75	32.84	32.808	
5010	386.14	32.75	32.841	32.808	
5011	386.24	32.75	32.841	32.808	
5012	386.34	32.75	32.841	32.809	
5013	386.44	32.75	32.841	32.809	
5014	386.54	32.751	32.841	32.809	
5015	386.64	32.751	32.841	32.809	
5016	386.74	32.751	32.841	32.809	
5017	386.84	32.751	32.842	32.809	
5018	386.94	32.751	32.842	32.809	
5019	387.	32.751	32.842	32.81	
5020	387.01	32.751	32.842	32.81	
5021	387.02	32.751	32.842	32.81	
5022	387.05	32.751	32.842	32.81	
5023	387.14	32.751	32.842	32.81	
5024	387.24	32.752	32.842	32.81	
5025	387.34	32.752	32.842	32.81	
5026	387.44	32.752	32.842	32.81	
5027	387.54	32.752	32.843	32.81	
5028	387.64	32.752	32.843	32.81	
5029	387.74	32.752	32.843	32.811	
5030	387.84	32.753	32.843	32.811	
5031	387.94	32.753	32.843	32.811	
5032	388.	32.753	32.843	32.811	
5033	388.01	32.753	32.843	32.811	
5034	388.02	32.753	32.843	32.811	
5035	388.05	32.753	32.843	32.811	
5036	388.14	32.753	32.843	32.811	
5037	388.24	32.753	32.844	32.811	
5038	388.34	32.753	32.844	32.811	
5039	388.44	32.753	32.844	32.812	
5040	388.54	32.754	32.844	32.812	
5041	388.64	32.754	32.844	32.812	
5042	388.74	32.754	32.844	32.812	
5043	388.84	32.754	32.844	32.812	
5044	388.94	32.754	32.845	32.812	
5045	389.	32.754	32.845	32.812	
5046	389.01	32.754	32.845	32.812	
5047	389.02	32.754	32.845	32.812	
5048	389.05	32.754	32.845	32.813	
5049	389.14	32.754	32.845	32.813	
5050	389.24	32.755	32.845	32.813	
5051	389.34	32.755	32.845	32.813	
5052	389.44	32.755	32.845	32.813	
5053	389.54	32.755	32.846	32.813	
5054	389.64	32.755	32.846	32.813	
5055	389.74	32.755	32.846	32.814	
5056	389.84	32.755	32.846	32.814	
5057	389.94	32.756	32.846	32.814	
5058	390.	32.756	32.846	32.814	
5059	390.01	32.756	32.846	32.814	
5060	390.02	32.756	32.846	32.814	
5061	390.05	32.756	32.846	32.814	
5062	390.14	32.756	32.846	32.814	
5063	390.24	32.756	32.847	32.814	
5064	390.34	32.756	32.847	32.814	
5065	390.44	32.756	32.847	32.815	
5066	390.54	32.756	32.847	32.815	
5067	390.64	32.757	32.847	32.815	
5068	390.74	32.757	32.847	32.815	
5069	390.84	32.757	32.847	32.815	
5070	390.94	32.757	32.848	32.815	
5071	391.	32.757	32.848	32.815	
5072	391.01	32.757	32.848	32.815	
5073	391.02	32.757	32.848	32.815	
5074	391.05	32.757	32.848	32.815	
5075	391.14	32.757	32.848	32.816	
5076	391.24	32.757	32.848	32.816	
5077	391.34	32.758	32.848	32.816	
5078	391.44	32.758	32.848	32.816	
5079	391.54	32.758	32.848	32.816	
5080	391.64	32.758	32.849	32.816	
5081	391.74	32.758	32.849	32.816	
5082	391.84	32.758	32.849	32.817	
5083	391.94	32.758	32.849	32.817	
5084	392.	32.759	32.849	32.817	
5085	392.01	32.759	32.849	32.817	
5086	392.02	32.759	32.849	32.817	
5087	392.05	32.759	32.849	32.817	
5088	392.14	32.759	32.849	32.817	
5089	392.24	32.759	32.849	32.817	
5090	392.34	32.759	32.85	32.817	
5091	392.44	32.759	32.85	32.817	
5092	392.54	32.759	32.85	32.818	
5093	392.64	32.76	32.85	32.818	
5094	392.74	32.76	32.85	32.818	
5095	392.84	32.76	32.85	32.818	
5096	392.94	32.76	32.85	32.818	
5097	393.	32.76	32.851	32.818	
5098	393.01	32.76	32.851	32.818	
5099	393.02	32.76	32.851	32.818	
5100	393.05	32.76	32.851	32.818	
5101	393.14	32.76	32.851	32.819	
5102	393.24	32.76	32.851	32.819	
5103	393.34	32.761	32.851	32.819	
5104	393.44	32.761	32.851	32.819	
5105	393.54	32.761	32.851	32.819	
5106	393.64	32.761	32.852	32.819	
5107	393.74	32.761	32.852	32.819	
5108	393.84	32.761	32.852	32.82	
5109	393.94	32.761	32.852	32.82	
5110	394.	32.762	32.852	32.82	
5111	394.01	32.762	32.852	32.82	
5112	394.02	32.762	32.852	32.82	
5113	394.05	32.762	32.852	32.82	
5114	394.14	32.762	32.852	32.82	
5115	394.24	32.762	32.852	32.82	
5116	394.34	32.762	32.853	32.82	
5117	394.44	32.762	32.853	32.82	
5118	394.54	32.762	32.853	32.821	
5119	394.64	32.762	32.853	32.821	
5120	394.74	32.763	32.853	32.821	
5121	394.84	32.763	32.853	32.821	
5122	394.94	32.763	32.853	32.821	
5123	395.	32.763	32.854	32.821	
5124	395.01	32.763	32.854	32.821	
5125	395.02	32.763	32.854	32.821	
5126	395.05	32.763	32.854	32.821	
5127	395.14	32.763	32.854	32.821	
5128	395.24	32.763	32.854	32.822	
5129	395.34	32.763	32.854	32.822	
5130	395.44	32.764	32.854	32.822	
5131	395.54	32.764	32.854	32.822	
5132	395.64	32.764	32.854	32.822	
5133	395.74	32.764	32.855	32.822	
5134	395.84	32.764	32.855	32.822	
5135	395.94	32.764	32.855	32.823	
5136	396.	32.764	32.855	32.823	
5137	396.01	32.764	32.855	32.823	
5138	396.02	32.764	32.855	32.823	
5139	396.05	32.765	32.855	32.823	
5140	396.14	32.765	32.855	32.823	
5141	396.24	32.765	32.855	32.823	
5142	396.34	32.765	32.855	32.823	
5143	396.44	32.765	32.856	32.823	
5144	396.54	32.765	32.856	32.824	
5145	396.64	32.765	32.856	32.824	
5146	396.74	32.766	32.856	32.824	
5147	396.84	32.766	32.856	32.824	
5148	396.94	32.766	32.856	32.824	
5149	397.	32.766	32.856	32.824	
5150	397.01	32.766	32.856	32.824	
5151	397.02	32.766	32.856	32.824	
5152	397.05	32.766	32.857	32.824	
5153	397.14	32.766	32.857	32.824	
5154	397.24	32.766	32.857	32.825	
5155	397.34	32.766	32.857	32.825	
5156	397.44	32.767	32.857	32.825	
5157	397.54	32.767	32.857	32.825	
5158	397.64	32.767	32.857	32.825	
5159	397.74	32.767	32.858	32.825	
5160	397.84	32.767	32.858	32.825	
5161	397.94	32.767	32.858	32.826	
5162	398.	32.767	32.858	32.826	
5163	398.01	32.767	32.858	32.826	
5164	398.02	32.767	32.858	32.826	
5165	398.05	32.767	32.858	32.826	
5166	398.14	32.768	32.858	32.826	
5167	398.24	32.768	32.858	32.826	
5168	398.34	32.768	32.858	32.826	
5169	398.44	32.768	32.859	32.826	
5170	398.54	32.768	32.859	32.826	
5171	398.64	32.768	32.859	32.827	
5172	398.74	32.768	32.859	32.827	
5173	398.84	32.769	32.859	32.827	
5174	398.94	32.769	32.859	32.827	
5175	399.	32.769	32.859	32.827	
5176	399.01	32.769	32.859	32.827	
5177	399.02	32.769	32.859	32.827	
5178	399.05	32.769	32.859	32.827	
5179	399.14	32.769	32.86	32.827	
5180	399.24	32.769	32.86	32.827	
5181	399.34	32.769	32.86	32.828	
5182	399.44	32.769	32.86	32.828	
5183	399.54	32.77	32.86	32.828	
5184	399.64	32.77	32.86	32.828	
5185	399.74	32.77	32.861	32.828	
5186	399.84	32.77	32.861	32.828	
5187	399.94	32.77	32.861	32.829	
5188	400.	32.77	32.861	32.829	
5189	400.01	32.77	32.861	32.829	
5190	400.02	32.77	32.861	32.829	
5191	400.05	32.77	32.861	32.829	
5192	400.14	32.771	32.861	32.829	
5193	400.24	32.771	32.861	32.829	
5194	400.34	32.771	32.861	32.829	
5195	400.44	32.771	32.862	32.829	
5196	400.54	32.771	32.862	32.829	
5197	400.64	32.771	32.862	32.83	
5198	400.74	32.771	32.862	32.83	
5199	400.84	32.772	32.862	32.83	
5200	400.94	32.772	32.862	32.83	
5201	401.	32.772	32.862	32.83	
5202	401.01	32.772	32.862	32.83	
5203	401.02	32.772	32.862	32.83	
5204	401.05	32.772	32.862	32.83	
5205	401.14	32.772	32.863	32.83	
5206	401.24	32.772	32.863	32.83	
5207	401.34	32.772	32.863	32.831	
5208	401.44	32.772	32.863	32.831	
5209	401.54	32.773	32.863	32.831	
5210	401.64	32.773	32.863	32.831	
5211	401.74	32.773	32.863	32.831	
5212	401.84	32.773	32.864	32.831	
5213	401.94	32.773	32.864	32.831	
5214	402.	32.773	32.864	32.832	
5215	402.01	32.773	32.864	32.832	
5216	402.02	32.773	32.864	32.832	
5217	402.05	32.773	32.864	32.832	
5218	402.14	32.773	32.864	32.832	
5219	402.24	32.774	32.864	32.832	
5220	402.34	32.774	32.864	32.832	
5221	402.44	32.774	32.864	32.832	
5222	402.54	32.774	32.865	32.832	
5223	402.64	32.774	32.865	32.832	
5224	402.74	32.774	32.865	32.833	
5225	402.84	32.774	32.865	32.833	
5226	402.94	32.775	32.865	32.833	
5227	403.	32.775	32.865	32.833	
5228	403.01	32.775	32.865	32.833	
5229	403.02	32.775	32.865	32.833	
5230	403.05	32.775	32.865	32.833	
5231	403.14	32.775	32.866	32.833	
5232	403.24	32.775	32.866	32.833	
5233	403.34	32.775	32.866	32.834	
5234	403.44	32.775	32.866	32.834	
5235	403.54	32.776	32.866	32.834	
5236	403.64	32.776	32.866	32.834	
5237	403.74	32.776	32.866	32.834	
5238	403.84	32.776	32.867	32.834	
5239	403.94	32.776	32.867	32.834	
5240	404.	32.776	32.867	32.834	
5241	404.01	32.776	32.867	32.835	
5242	404.02	32.776	32.867	32.835	
5243	404.05	32.776	32.867	32.835	
5244	404.14	32.776	32.867	32.835	
5245	404.24	32.777	32.867	32.835	
5246	404.34	32.777	32.867	32.835	
5247	404.44	32.777	32.867	32.835	
5248	404.54	32.777	32.868	32.835	
5249	404.64	32.777	32.868	32.835	
5250	404.74	32.777	32.868	32.836	
5251	404.84	32.777	32.868	32.836	
5252	404.94	32.778	32.868	32.836	
5253	405.	32.778	32.868	32.836	
5254	405.01	32.778	32.868	32.836	
5255	405.02	32.778	32.868	32.836	
5256	405.05	32.778	32.868	32.836	
5257	405.14	32.778	32.868	32.836	
5258	405.24	32.778	32.869	32.836	
5259	405.34	32.778	32.869	32.836	
5260	405.44	32.778	32.869	32.837	
5261	405.54	32.778	32.869	32.837	
5262	405.64	32.779	32.869	32.837	
5263	405.74	32.779	32.869	32.837	
5264	405.84	32.779	32.87	32.837	
5265	405.94	32.779	32.87	32.837	
5266	406.	32.779	32.87	32.837	
5267	406.01	32.779	32.87	32.837	
5268	406.02	32.779	32.87	32.837	
5269	406.05	32.779	32.87	32.838	
5270	406.14	32.779	32.87	32.838	
5271	406.24	32.779	32.87	32.838	
5272	406.34	32.78	32.87	32.838	
5273	406.44	32.78	32.87	32.838	
5274	406.54	32.78	32.871	32.838	
5275	406.64	32.78	32.871	32.838	
5276	406.74	32.78	32.871	32.839	
5277	406.84	32.78	32.871	32.839	
5278	406.94	32.781	32.871	32.839	
5279	407.	32.781	32.871	32.839	
5280	407.01	32.781	32.871	32.839	
5281	407.02	32.781	32.871	32.839	
5282	407.05	32.781	32.871	32.839	
5283	407.14	32.781	32.871	32.839	
5284	407.24	32.781	32.872	32.839	
5285	407.34	32.781	32.872	32.839	
5286	407.44	32.781	32.872	32.84	
5287	407.54	32.781	32.872	32.84	
5288	407.64	32.782	32.872	32.84	
5289	407.74	32.782	32.872	32.84	
5290	407.84	32.782	32.872	32.84	
5291	407.94	32.782	32.873	32.84	
5292	408.	32.782	32.873	32.84	
5293	408.01	32.782	32.873	32.84	
5294	408.02	32.782	32.873	32.84	
5295	408.05	32.782	32.873	32.84	
5296	408.14	32.782	32.873	32.841	
5297	408.24	32.782	32.873	32.841	
5298	408.34	32.783	32.873	32.841	
5299	408.44	32.783	32.873	32.841	
5300	408.54	32.783	32.874	32.841	
5301	408.64	32.783	32.874	32.841	
5302	408.74	32.783	32.874	32.842	
5303	408.84	32.783	32.874	32.842	
5304	408.94	32.783	32.874	32.842	
5305	409.	32.784	32.874	32.842	
5306	409.01	32.784	32.874	32.842	
5307	409.02	32.784	32.874	32.842	
5308	409.05	32.784	32.874	32.842	
5309	409.14	32.784	32.874	32.842	
5310	409.24	32.784	32.875	32.842	
5311	409.34	32.784	32.875	32.842	
5312	409.44	32.784	32.875	32.843	
5313	409.54	32.784	32.875	32.843	
5314	409.64	32.784	32.875	32.843	
5315	409.74	32.785	32.875	32.843	
5316	409.84	32.785	32.875	32.843	
5317	409.94	32.785	32.876	32.843	
5318	410.	32.785	32.876	32.843	
5319	410.01	32.785	32.876	32.843	
5320	410.02	32.785	32.876	32.843	
5321	410.05	32.785	32.876	32.843	
5322	410.14	32.785	32.876	32.844	
5323	410.24	32.785	32.876	32.844	
5324	410.34	32.786	32.876	32.844	
5325	410.44	32.786	32.876	32.844	
5326	410.54	32.786	32.876	32.844	
5327	410.64	32.786	32.877	32.844	
5328	410.74	32.786	32.877	32.844	
5329	410.84	32.786	32.877	32.845	
5330	410.94	32.786	32.877	32.845	
5331	411.	32.786	32.877	32.845	
5332	411.01	32.787	32.877	32.845	
5333	411.02	32.787	32.877	32.845	
5334	411.05	32.787	32.877	32.845	
5335	411.14	32.787	32.877	32.845	
5336	411.24	32.787	32.878	32.845	
5337	411.34	32.787	32.878	32.845	
5338	411.44	32.787	32.878	32.846	
5339	411.54	32.787	32.878	32.846	
5340	411.64	32.787	32.878	32.846	
5341	411.74	32.788	32.878	32.846	
5342	411.84	32.788	32.878	32.846	
5343	411.94	32.788	32.879	32.846	
5344	412.	32.788	32.879	32.846	
5345	412.01	32.788	32.879	32.846	
5346	412.02	32.788	32.879	32.846	
5347	412.05	32.788	32.879	32.846	
5348	412.14	32.788	32.879	32.847	
5349	412.24	32.788	32.879	32.847	
5350	412.34	32.788	32.879	32.847	
5351	412.44	32.789	32.879	32.847	
5352	412.54	32.789	32.879	32.847	
5353	412.64	32.789	32.88	32.847	
5354	412.74	32.789	32.88	32.847	
5355	412.84	32.789	32.88	32.848	
5356	412.94	32.789	32.88	32.848	
5357	413.	32.789	32.88	32.848	
5358	413.01	32.789	32.88	32.848	
5359	413.02	32.789	32.88	32.848	
5360	413.05	32.79	32.88	32.848	
5361	413.14	32.79	32.88	32.848	
5362	413.24	32.79	32.881	32.848	
5363	413.34	32.79	32.881	32.848	
5364	413.44	32.79	32.881	32.848	
5365	413.54	32.79	32.881	32.849	
5366	413.64	32.79	32.881	32.849	
5367	413.74	32.791	32.881	32.849	
5368	413.84	32.791	32.881	32.849	
5369	413.94	32.791	32.882	32.849	
5370	414.	32.791	32.882	32.849	
5371	414.01	32.791	32.882	32.849	
5372	414.02	32.791	32.882	32.849	
5373	414.05	32.791	32.882	32.849	
5374	414.14	32.791	32.882	32.85	
5375	414.24	32.791	32.882	32.85	
5376	414.34	32.791	32.882	32.85	
5377	414.44	32.792	32.882	32.85	
5378	414.54	32.792	32.882	32.85	
5379	414.64	32.792	32.883	32.85	
5380	414.74	32.792	32.883	32.85	
5381	414.84	32.792	32.883	32.851	
5382	414.94	32.792	32.883	32.851	
5383	415.	32.792	32.883	32.851	
5384	415.01	32.792	32.883	32.851	
5385	415.02	32.792	32.883	32.851	
5386	415.05	32.792	32.883	32.851	
5387	415.14	32.793	32.883	32.851	
5388	415.24	32.793	32.883	32.851	
5389	415.34	32.793	32.884	32.851	
5390	415.44	32.793	32.884	32.851	
5391	415.54	32.793	32.884	32.852	
5392	415.64	32.793	32.884	32.852	
5393	415.74	32.794	32.884	32.852	
5394	415.84	32.794	32.884	32.852	
5395	415.94	32.794	32.885	32.852	
5396	416.	32.794	32.885	32.852	
5397	416.01	32.794	32.885	32.852	
5398	416.02	32.794	32.885	32.852	
5399	416.05	32.794	32.885	32.852	
5400	416.14	32.794	32.885	32.852	
5401	416.24	32.794	32.885	32.853	
5402	416.34	32.794	32.885	32.853	
5403	416.44	32.795	32.885	32.853	
5404	416.54	32.795	32.885	32.853	
5405	416.64	32.795	32.886	32.853	
5406	416.74	32.795	32.886	32.853	
5407	416.84	32.795	32.886	32.854	
5408	416.94	32.795	32.886	32.854	
5409	417.	32.795	32.886	32.854	
5410	417.01	32.795	32.886	32.854	
5411	417.02	32.795	32.886	32.854	
5412	417.05	32.795	32.886	32.854	
5413	417.14	32.796	32.886	32.854	
5414	417.24	32.796	32.886	32.854	
5415	417.34	32.796	32.887	32.854	
5416	417.44	32.796	32.887	32.854	
5417	417.54	32.796	32.887	32.855	
5418	417.64	32.796	32.887	32.855	
5419	417.74	32.796	32.887	32.855	
5420	417.84	32.797	32.887	32.855	
5421	417.94	32.797	32.887	32.855	
5422	418.	32.797	32.888	32.855	
5423	418.01	32.797	32.888	32.855	
5424	418.02	32.797	32.888	32.855	
5425	418.05	32.797	32.888	32.855	
5426	418.14	32.797	32.888	32.855	
5427	418.24	32.797	32.888	32.856	
5428	418.34	32.797	32.888	32.856	
5429	418.44	32.798	32.888	32.856	
5430	418.54	32.798	32.888	32.856	
5431	418.64	32.798	32.889	32.856	
5432	418.74	32.798	32.889	32.856	
5433	418.84	32.798	32.889	32.856	
5434	418.94	32.798	32.889	32.857	
5435	419.	32.798	32.889	32.857	
5436	419.01	32.798	32.889	32.857	
5437	419.02	32.798	32.889	32.857	
5438	419.05	32.798	32.889	32.857	
5439	419.14	32.799	32.889	32.857	
5440	419.24	32.799	32.889	32.857	
5441	419.34	32.799	32.89	32.857	
5442	419.44	32.799	32.89	32.857	
5443	419.54	32.799	32.89	32.858	
5444	419.64	32.799	32.89	32.858	
5445	419.74	32.799	32.89	32.858	
5446	419.84	32.8	32.89	32.858	
5447	419.94	32.8	32.89	32.858	
5448	420.	32.8	32.891	32.858	
5449	420.01	32.8	32.891	32.858	
5450	420.02	32.8	32.891	32.858	
5451	420.05	32.8	32.891	32.858	
5452	420.14	32.8	32.891	32.858	
5453	420.24	32.8	32.891	32.859	
5454	420.34	32.8	32.891	32.859	
5455	420.44	32.8	32.891	32.859	
5456	420.54	32.801	32.891	32.859	
5457	420.64	32.801	32.892	32.859	
5458	420.74	32.801	32.892	32.859	
5459	420.84	32.801	32.892	32.859	
5460	420.94	32.801	32.892	32.86	
5461	421.	32.801	32.892	32.86	
5462	421.01	32.801	32.892	32.86	
5463	421.02	32.801	32.892	32.86	
5464	421.05	32.801	32.892	32.86	
5465	421.14	32.802	32.892	32.86	
5466	421.24	32.802	32.892	32.86	
5467	421.34	32.802	32.893	32.86	
5468	421.44	32.802	32.893	32.86	
5469	421.54	32.802	32.893	32.861	
5470	421.64	32.802	32.893	32.861	
5471	421.74	32.802	32.893	32.861	
5472	421.84	32.803	32.893	32.861	
5473	421.94	32.803	32.893	32.861	
5474	422.	32.803	32.894	32.861	
5475	422.01	32.803	32.894	32.861	
5476	422.02	32.803	32.894	32.861	
5477	422.05	32.803	32.894	32.861	
5478	422.14	32.803	32.894	32.861	
5479	422.24	32.803	32.894	32.862	
5480	422.34	32.803	32.894	32.862	
5481	422.44	32.803	32.894	32.862	
5482	422.54	32.804	32.894	32.862	
5483	422.64	32.804	32.895	32.862	
5484	422.74	32.804	32.895	32.862	
5485	422.84	32.804	32.895	32.862	
5486	422.94	32.804	32.895	32.863	
5487	423.	32.804	32.895	32.863	
5488	423.01	32.804	32.895	32.863	
5489	423.02	32.804	32.895	32.863	
5490	423.05	32.804	32.895	32.863	
5491	423.14	32.804	32.895	32.863	
5492	423.24	32.805	32.895	32.863	
5493	423.34	32.805	32.896	32.863	
5494	423.44	32.805	32.896	32.863	
5495	423.54	32.805	32.896	32.863	
5496	423.64	32.805	32.896	32.864	
5497	423.74	32.805	32.896	32.864	
5498	423.84	32.806	32.896	32.864	
5499	423.94	32.806	32.896	32.864	
5500	424.	32.806	32.897	32.864	
5501	424.01	32.806	32.897	32.864	
5502	424.02	32.806	32.897	32.864	
5503	424.05	32.806	32.897	32.864	
5504	424.14	32.806	32.897	32.864	
5505	424.24	32.806	32.897	32.865	
5506	424.34	32.806	32.897	32.865	
5507	424.44	32.806	32.897	32.865	
5508	424.54	32.807	32.897	32.865	
5509	424.64	32.807	32.897	32.865	
5510	424.74	32.807	32.898	32.865	
5511	424.84	32.807	32.898	32.865	
5512	424.94	32.807	32.898	32.866	
5513	425.	32.807	32.898	32.866	
5514	425.01	32.807	32.898	32.866	
5515	425.02	32.807	32.898	32.866	
5516	425.05	32.807	32.898	32.866	
5517	425.14	32.807	32.898	32.866	
5518	425.24	32.808	32.898	32.866	
5519	425.34	32.808	32.899	32.866	
5520	425.44	32.808	32.899	32.866	
5521	425.54	32.808	32.899	32.866	
5522	425.64	32.808	32.899	32.867	
5523	425.74	32.808	32.899	32.867	
5524	425.84	32.808	32.899	32.867	
5525	425.94	32.809	32.899	32.867	
5526	426.	32.809	32.9	32.867	
5527	426.01	32.809	32.9	32.867	
5528	426.02	32.809	32.9	32.867	
5529	426.05	32.809	32.9	32.867	
5530	426.14	32.809	32.9	32.867	
5531	426.24	32.809	32.9	32.868	
5532	426.34	32.809	32.9	32.868	
5533	426.44	32.809	32.9	32.868	
5534	426.54	32.81	32.9	32.868	
5535	426.64	32.81	32.9	32.868	
5536	426.74	32.81	32.901	32.868	
5537	426.84	32.81	32.901	32.868	
5538	426.94	32.81	32.901	32.869	
5539	427.	32.81	32.901	32.869	
5540	427.01	32.81	32.901	32.869	
5541	427.02	32.81	32.901	32.869	
5542	427.05	32.81	32.901	32.869	
5543	427.14	32.81	32.901	32.869	
5544	427.24	32.811	32.901	32.869	
5545	427.34	32.811	32.902	32.869	
5546	427.44	32.811	32.902	32.869	
5547	427.54	32.811	32.902	32.869	
5548	427.64	32.811	32.902	32.87	
5549	427.74	32.811	32.902	32.87	
5550	427.84	32.811	32.902	32.87	
5551	427.94	32.812	32.902	32.87	
5552	428.	32.812	32.903	32.87	
5553	428.01	32.812	32.903	32.87	
5554	428.02	32.812	32.903	32.87	
5555	428.05	32.812	32.903	32.87	
5556	428.14	32.812	32.903	32.87	
5557	428.24	32.812	32.903	32.87	
5558	428.34	32.812	32.903	32.871	
5559	428.44	32.812	32.903	32.871	
5560	428.54	32.813	32.903	32.871	
5561	428.64	32.813	32.903	32.871	
5562	428.74	32.813	32.904	32.871	
5563	428.84	32.813	32.904	32.871	
5564	428.94	32.813	32.904	32.872	
5565	429.	32.813	32.904	32.872	
5566	429.01	32.813	32.904	32.872	
5567	429.02	32.813	32.904	32.872	
5568	429.05	32.813	32.904	32.872	
5569	429.14	32.813	32.904	32.872	
5570	429.24	32.814	32.904	32.872	
5571	429.34	32.814	32.905	32.872	
5572	429.44	32.814	32.905	32.872	
5573	429.54	32.814	32.905	32.872	
5574	429.64	32.814	32.905	32.873	
5575	429.74	32.814	32.905	32.873	
5576	429.84	32.814	32.905	32.873	
5577	429.94	32.815	32.905	32.873	
5578	430.	32.815	32.906	32.873	
5579	430.01	32.815	32.906	32.873	
5580	430.02	32.815	32.906	32.873	
5581	430.05	32.815	32.906	32.873	
5582	430.14	32.815	32.906	32.873	
5583	430.24	32.815	32.906	32.873	
5584	430.34	32.815	32.906	32.874	
5585	430.44	32.815	32.906	32.874	
5586	430.54	32.815	32.906	32.874	
5587	430.64	32.816	32.906	32.874	
5588	430.74	32.816	32.907	32.874	
5589	430.84	32.816	32.907	32.874	
5590	430.94	32.816	32.907	32.875	
5591	431.	32.816	32.907	32.875	
5592	431.01	32.816	32.907	32.875	
5593	431.02	32.816	32.907	32.875	
5594	431.05	32.816	32.907	32.875	
5595	431.14	32.816	32.907	32.875	
5596	431.24	32.817	32.907	32.875	
5597	431.34	32.817	32.908	32.875	
5598	431.44	32.817	32.908	32.875	
5599	431.54	32.817	32.908	32.875	
5600	431.64	32.817	32.908	32.876	
5601	431.74	32.817	32.908	32.876	
5602	431.84	32.817	32.908	32.876	
5603	431.94	32.818	32.908	32.876	
5604	432.	32.818	32.909	32.876	
5605	432.01	32.818	32.909	32.876	
5606	432.02	32.818	32.909	32.876	
5607	432.05	32.818	32.909	32.876	
5608	432.14	32.818	32.909	32.876	
5609	432.24	32.818	32.909	32.876	
5610	432.34	32.818	32.909	32.877	
5611	432.44	32.818	32.909	32.877	
5612	432.54	32.818	32.909	32.877	
5613	432.64	32.819	32.909	32.877	
5614	432.74	32.819	32.91	32.877	
5615	432.84	32.819	32.91	32.877	
5616	432.94	32.819	32.91	32.878	
5617	433.	32.819	32.91	32.878	
5618	433.01	32.819	32.91	32.878	
5619	433.02	32.819	32.91	32.878	
5620	433.05	32.819	32.91	32.878	
5621	433.14	32.819	32.91	32.878	
5622	433.24	32.82	32.91	32.878	
5623	433.34	32.82	32.911	32.878	
5624	433.44	32.82	32.911	32.878	
5625	433.54	32.82	32.911	32.878	
5626	433.64	32.82	32.911	32.879	
5627	433.74	32.82	32.911	32.879	
5628	433.84	32.82	32.911	32.879	
5629	433.94	32.821	32.911	32.879	
5630	434.	32.821	32.911	32.879	
5631	434.01	32.821	32.912	32.879	
5632	434.02	32.821	32.912	32.879	
5633	434.05	32.821	32.912	32.879	
5634	434.14	32.821	32.912	32.879	
5635	434.24	32.821	32.912	32.879	
5636	434.34	32.821	32.912	32.88	
5637	434.44	32.821	32.912	32.88	
5638	434.54	32.821	32.912	32.88	
5639	434.64	32.822	32.912	32.88	
5640	434.74	32.822	32.913	32.88	
5641	434.84	32.822	32.913	32.88	
5642	434.94	32.822	32.913	32.881	
5643	435.	32.822	32.913	32.881	
5644	435.01	32.822	32.913	32.881	
5645	435.02	32.822	32.913	32.881	
5646	435.05	32.822	32.913	32.881	
5647	435.14	32.822	32.913	32.881	
5648	435.24	32.822	32.913	32.881	
5649	435.34	32.823	32.914	32.881	
5650	435.44	32.823	32.914	32.881	
5651	435.54	32.823	32.914	32.881	
5652	435.64	32.823	32.914	32.882	
5653	435.74	32.823	32.914	32.882	
5654	435.84	32.823	32.914	32.882	
5655	435.94	32.824	32.914	32.882	
5656	436.	32.824	32.914	32.882	
5657	436.01	32.824	32.915	32.882	
5658	436.02	32.824	32.915	32.882	
5659	436.05	32.824	32.915	32.882	
5660	436.14	32.824	32.915	32.882	
5661	436.24	32.824	32.915	32.882	
5662	436.34	32.824	32.915	32.883	
5663	436.44	32.824	32.915	32.883	
5664	436.54	32.824	32.915	32.883	
5665	436.64	32.825	32.915	32.883	
5666	436.74	32.825	32.916	32.883	
5667	436.84	32.825	32.916	32.883	
5668	436.94	32.825	32.916	32.884	
5669	437.	32.825	32.916	32.884	
5670	437.01	32.825	32.916	32.884	
5671	437.02	32.825	32.916	32.884	
5672	437.05	32.825	32.916	32.884	
5673	437.14	32.825	32.916	32.884	
5674	437.24	32.825	32.916	32.884	
5675	437.34	32.826	32.917	32.884	
5676	437.44	32.826	32.917	32.884	
5677	437.54	32.826	32.917	32.884	
5678	437.64	32.826	32.917	32.885	
5679	437.74	32.826	32.917	32.885	
5680	437.84	32.826	32.917	32.885	
5681	437.94	32.827	32.917	32.885	
5682	438.	32.827	32.917	32.885	
5683	438.01	32.827	32.918	32.885	
5684	438.02	32.827	32.918	32.885	
5685	438.05	32.827	32.918	32.885	
5686	438.14	32.827	32.918	32.885	
5687	438.24	32.827	32.918	32.885	
5688	438.34	32.827	32.918	32.886	
5689	438.44	32.827	32.918	32.886	
5690	438.54	32.827	32.918	32.886	
5691	438.64	32.828	32.918	32.886	
5692	438.74	32.828	32.919	32.886	
5693	438.84	32.828	32.919	32.886	
5694	438.94	32.828	32.919	32.887	
5695	439.	32.828	32.919	32.887	
5696	439.01	32.828	32.919	32.887	
5697	439.02	32.828	32.919	32.887	
5698	439.05	32.828	32.919	32.887	
5699	439.14	32.828	32.919	32.887	
5700	439.24	32.828	32.919	32.887	
5701	439.34	32.829	32.92	32.887	
5702	439.44	32.829	32.92	32.887	
5703	439.54	32.829	32.92	32.887	
5704	439.64	32.829	32.92	32.888	
5705	439.74	32.829	32.92	32.888	
5706	439.84	32.829	32.92	32.888	
5707	439.94	32.83	32.92	32.888	
5708	440.	32.83	32.921	32.888	
5709	440.01	32.83	32.921	32.888	
5710	440.02	32.83	32.921	32.888	
5711	440.05	32.83	32.921	32.888	
5712	440.14	32.83	32.921	32.888	
5713	440.24	32.83	32.921	32.888	
5714	440.34	32.83	32.921	32.889	
5715	440.44	32.83	32.921	32.889	
5716	440.54	32.83	32.921	32.889	
5717	440.64	32.831	32.921	32.889	
5718	440.74	32.831	32.922	32.889	
5719	440.84	32.831	32.922	32.889	
5720	440.94	32.831	32.922	32.89	
5721	441.	32.831	32.922	32.89	
5722	441.01	32.831	32.922	32.89	
5723	441.02	32.831	32.922	32.89	
5724	441.05	32.831	32.922	32.89	
5725	441.14	32.831	32.922	32.89	
5726	441.24	32.831	32.922	32.89	
5727	441.34	32.832	32.923	32.89	
5728	441.44	32.832	32.923	32.89	
5729	441.54	32.832	32.923	32.89	
5730	441.64	32.832	32.923	32.891	
5731	441.74	32.832	32.923	32.891	
5732	441.84	32.832	32.923	32.891	
5733	441.94	32.832	32.923	32.891	
5734	442.	32.833	32.924	32.891	
5735	442.01	32.833	32.924	32.891	
5736	442.02	32.833	32.924	32.891	
5737	442.05	32.833	32.924	32.891	
5738	442.14	32.833	32.924	32.891	
5739	442.24	32.833	32.924	32.891	
5740	442.34	32.833	32.924	32.892	
5741	442.44	32.833	32.924	32.892	
5742	442.54	32.833	32.924	32.892	
5743	442.64	32.834	32.924	32.892	
5744	442.74	32.834	32.925	32.892	
5745	442.84	32.834	32.925	32.892	
5746	442.94	32.834	32.925	32.893	
5747	443.	32.834	32.925	32.893	
5748	443.01	32.834	32.925	32.893	
5749	443.02	32.834	32.925	32.893	
5750	443.05	32.834	32.925	32.893	
5751	443.14	32.834	32.925	32.893	
5752	443.24	32.834	32.925	32.893	
5753	443.34	32.835	32.926	32.893	
5754	443.44	32.835	32.926	32.893	
5755	443.54	32.835	32.926	32.893	
5756	443.64	32.835	32.926	32.894	
5757	443.74	32.835	32.926	32.894	
5758	443.84	32.835	32.926	32.894	
5759	443.94	32.835	32.926	32.894	
5760	444.	32.836	32.927	32.894	
5761	444.01	32.836	32.927	32.894	
5762	444.02	32.836	32.927	32.894	
5763	444.05	32.836	32.927	32.894	
5764	444.14	32.836	32.927	32.894	
5765	444.24	32.836	32.927	32.894	
5766	444.34	32.836	32.927	32.895	
5767	444.44	32.836	32.927	32.895	
5768	444.54	32.836	32.927	32.895	
5769	444.64	32.837	32.927	32.895	
5770	444.74	32.837	32.928	32.895	
5771	444.84	32.837	32.928	32.895	
5772	444.94	32.837	32.928	32.896	
5773	445.	32.837	32.928	32.896	
5774	445.01	32.837	32.928	32.896	
5775	445.02	32.837	32.928	32.896	
5776	445.05	32.837	32.928	32.896	
5777	445.14	32.837	32.928	32.896	
5778	445.24	32.837	32.928	32.896	
5779	445.34	32.838	32.929	32.896	
5780	445.44	32.838	32.929	32.896	
5781	445.54	32.838	32.929	32.896	
5782	445.64	32.838	32.929	32.897	
5783	445.74	32.838	32.929	32.897	
5784	445.84	32.838	32.929	32.897	
5785	445.94	32.838	32.929	32.897	
5786	446.	32.839	32.93	32.897	
5787	446.01	32.839	32.93	32.897	
5788	446.02	32.839	32.93	32.897	
5789	446.05	32.839	32.93	32.897	
5790	446.14	32.839	32.93	32.897	
5791	446.24	32.839	32.93	32.897	
5792	446.34	32.839	32.93	32.898	
5793	446.44	32.839	32.93	32.898	
5794	446.54	32.839	32.93	32.898	
5795	446.64	32.84	32.93	32.898	
5796	446.74	32.84	32.931	32.898	
5797	446.84	32.84	32.931	32.898	
5798	446.94	32.84	32.931	32.899	
5799	447.	32.84	32.931	32.899	
5800	447.01	32.84	32.931	32.899	
5801	447.02	32.84	32.931	32.899	
5802	447.05	32.84	32.931	32.899	
5803	447.14	32.84	32.931	32.899	
5804	447.24	32.84	32.931	32.899	
5805	447.34	32.841	32.932	32.899	
5806	447.44	32.841	32.932	32.899	
5807	447.54	32.841	32.932	32.899	
5808	447.64	32.841	32.932	32.9	
5809	447.74	32.841	32.932	32.9	
5810	447.84	32.841	32.932	32.9	
5811	447.94	32.841	32.932	32.9	
5812	448.	32.842	32.933	32.9	
5813	448.01	32.842	32.933	32.9	
5814	448.02	32.842	32.933	32.9	
5815	448.05	32.842	32.933	32.9	
5816	448.14	32.842	32.933	32.9	
5817	448.24	32.842	32.933	32.9	
5818	448.34	32.842	32.933	32.901	
5819	448.44	32.842	32.933	32.901	
5820	448.54	32.842	32.933	32.901	
5821	448.64	32.843	32.934	32.901	
5822	448.74	32.843	32.934	32.901	
5823	448.84	32.843	32.934	32.901	
5824	448.94	32.843	32.934	32.902	
5825	449.	32.843	32.934	32.902	
5826	449.01	32.843	32.934	32.902	
5827	449.02	32.843	32.934	32.902	
5828	449.05	32.843	32.934	32.902	
5829	449.14	32.843	32.934	32.902	
5830	449.24	32.843	32.934	32.902	
5831	449.34	32.844	32.935	32.902	
5832	449.44	32.844	32.935	32.902	
5833	449.54	32.844	32.935	32.902	
5834	449.64	32.844	32.935	32.903	
5835	449.74	32.844	32.935	32.903	
5836	449.84	32.844	32.935	32.903	
5837	449.94	32.844	32.935	32.903	
5838	450.	32.845	32.936	32.903	
5839	450.01	32.845	32.936	32.903	
5840	450.02	32.845	32.936	32.903	
5841	450.05	32.845	32.936	32.903	
5842	450.14	32.845	32.936	32.903	
5843	450.24	32.845	32.936	32.903	
5844	450.34	32.845	32.936	32.904	
5845	450.44	32.845	32.936	32.904	
5846	450.54	32.845	32.936	32.904	
5847	450.64	32.846	32.937	32.904	
5848	450.74	32.846	32.937	32.904	
5849	450.84	32.846	32.937	32.904	
5850	450.94	32.846	32.937	32.905	
5851	451.	32.846	32.937	32.905	
5852	451.01	32.846	32.937	32.905	
5853	451.02	32.846	32.937	32.905	
5854	451.05	32.846	32.937	32.905	
5855	451.14	32.846	32.937	32.905	
5856	451.24	32.846	32.937	32.905	
5857	451.34	32.847	32.938	32.905	
5858	451.44	32.847	32.938	32.905	
5859	451.54	32.847	32.938	32.905	
5860	451.64	32.847	32.938	32.906	
5861	451.74	32.847	32.938	32.906	
5862	451.84	32.847	32.938	32.906	
5863	451.94	32.847	32.938	32.906	
5864	452.	32.848	32.939	32.906	
5865	452.01	32.848	32.939	32.906	
5866	452.02	32.848	32.939	32.906	
5867	452.05	32.848	32.939	32.906	
5868	452.14	32.848	32.939	32.906	
5869	452.24	32.848	32.939	32.907	
5870	452.34	32.848	32.939	32.907	
5871	452.44	32.848	32.939	32.907	
5872	452.54	32.848	32.939	32.907	
5873	452.64	32.849	32.94	32.907	
5874	452.74	32.849	32.94	32.907	
5875	452.84	32.849	32.94	32.907	
5876	452.94	32.849	32.94	32.908	
5877	453.	32.849	32.94	32.908	
5878	453.01	32.849	32.94	32.908	
5879	453.02	32.849	32.94	32.908	
5880	453.05	32.849	32.94	32.908	
5881	453.14	32.849	32.94	32.908	
5882	453.24	32.849	32.94	32.908	
5883	453.34	32.85	32.941	32.908	
5884	453.44	32.85	32.941	32.908	
5885	453.54	32.85	32.941	32.908	
5886	453.64	32.85	32.941	32.909	
5887	453.74	32.85	32.941	32.909	
5888	453.84	32.85	32.941	32.909	
5889	453.94	32.85	32.942	32.909	
5890	454.	32.851	32.942	32.909	
5891	454.01	32.851	32.942	32.909	
5892	454.02	32.851	32.942	32.909	
5893	454.05	32.851	32.942	32.909	
5894	454.14	32.851	32.942	32.909	
5895	454.24	32.851	32.942	32.91	
5896	454.34	32.851	32.942	32.91	
5897	454.44	32.851	32.942	32.91	
5898	454.54	32.851	32.942	32.91	
5899	454.64	32.852	32.943	32.91	
5900	454.74	32.852	32.943	32.91	
5901	454.84	32.852	32.943	32.91	
5902	454.94	32.852	32.943	32.911	
5903	455.	32.852	32.943	32.911	
5904	455.01	32.852	32.943	32.911	
5905	455.02	32.852	32.943	32.911	
5906	455.05	32.852	32.943	32.911	
5907	455.14	32.852	32.943	32.911	
5908	455.24	32.852	32.943	32.911	
5909	455.34	32.853	32.944	32.911	
5910	455.44	32.853	32.944	32.911	
5911	455.54	32.853	32.944	32.911	
5912	455.64	32.853	32.944	32.912	
5913	455.74	32.853	32.944	32.912	
5914	455.84	32.853	32.944	32.912	
5915	455.94	32.853	32.945	32.912	
5916	456.	32.854	32.945	32.912	
5917	456.01	32.854	32.945	32.912	
5918	456.02	32.854	32.945	32.912	
5919	456.05	32.854	32.945	32.912	
5920	456.14	32.854	32.945	32.912	
5921	456.24	32.854	32.945	32.913	
5922	456.34	32.854	32.945	32.913	
5923	456.44	32.854	32.945	32.913	
5924	456.54	32.854	32.945	32.913	
5925	456.64	32.855	32.946	32.913	
5926	456.74	32.855	32.946	32.913	
5927	456.84	32.855	32.946	32.913	
5928	456.94	32.855	32.946	32.914	
5929	457.	32.855	32.946	32.914	
5930	457.01	32.855	32.946	32.914	
5931	457.02	32.855	32.946	32.914	
5932	457.05	32.855	32.946	32.914	
5933	457.14	32.855	32.946	32.914	
5934	457.24	32.855	32.946	32.914	
5935	457.34	32.856	32.947	32.914	
5936	457.44	32.856	32.947	32.914	
5937	457.54	32.856	32.947	32.914	
5938	457.64	32.856	32.947	32.915	
5939	457.74	32.856	32.947	32.915	
5940	457.84	32.856	32.947	32.915	
5941	457.94	32.856	32.948	32.915	
5942	458.	32.857	32.948	32.915	
5943	458.01	32.857	32.948	32.915	
5944	458.02	32.857	32.948	32.915	
5945	458.05	32.857	32.948	32.915	
5946	458.14	32.857	32.948	32.915	
5947	458.24	32.857	32.948	32.916	
5948	458.34	32.857	32.948	32.916	
5949	458.44	32.857	32.948	32.916	
5950	458.54	32.857	32.948	32.916	
5951	458.64	32.858	32.949	32.916	
5952	458.74	32.858	32.949	32.916	
5953	458.84	32.858	32.949	32.916	
5954	458.94	32.858	32.949	32.917	
5955	459.	32.858	32.949	32.917	
5956	459.01	32.858	32.949	32.917	
5957	459.02	32.858	32.949	32.917	
5958	459.05	32.858	32.949	32.917	
5959	459.14	32.858	32.949	32.917	
5960	459.24	32.858	32.95	32.917	
5961	459.34	32.859	32.95	32.917	
5962	459.44	32.859	32.95	32.917	
5963	459.54	32.859	32.95	32.918	
5964	459.64	32.859	32.95	32.918	
5965	459.74	32.859	32.95	32.918	
5966	459.84	32.859	32.95	32.918	
5967	459.94	32.86	32.951	32.918	
5968	460.	32.86	32.951	32.918	
5969	460.01	32.86	32.951	32.918	
5970	460.02	32.86	32.951	32.918	
5971	460.05	32.86	32.951	32.918	
5972	460.14	32.86	32.951	32.918	
5973	460.24	32.86	32.951	32.919	
5974	460.34	32.86	32.951	32.919	
5975	460.44	32.86	32.951	32.919	
5976	460.54	32.86	32.951	32.919	
5977	460.64	32.861	32.952	32.919	
5978	460.74	32.861	32.952	32.919	
5979	460.84	32.861	32.952	32.919	
5980	460.94	32.861	32.952	32.92	
5981	461.	32.861	32.952	32.92	
5982	461.01	32.861	32.952	32.92	
5983	461.02	32.861	32.952	32.92	
5984	461.05	32.861	32.952	32.92	
5985	461.14	32.861	32.952	32.92	
5986	461.24	32.861	32.953	32.92	
5987	461.34	32.862	32.953	32.92	
5988	461.44	32.862	32.953	32.92	
5989	461.54	32.862	32.953	32.921	
5990	461.64	32.862	32.953	32.921	
5991	461.74	32.862	32.953	32.921	
5992	461.84	32.862	32.953	32.921	
5993	461.94	32.863	32.954	32.921	
5994	462.	32.863	32.954	32.921	
5995	462.01	32.863	32.954	32.921	
5996	462.02	32.863	32.954	32.921	
5997	462.05	32.863	32.954	32.921	
5998	462.14	32.863	32.954	32.921	
5999	462.24	32.863	32.954	32.922	
6000	462.34	32.863	32.954	32.922	
6001	462.44	32.863	32.954	32.922	
6002	462.54	32.863	32.955	32.922	
6003	462.64	32.864	32.955	32.922	
6004	462.74	32.864	32.955	32.922	
6005	462.84	32.864	32.955	32.922	
6006	462.94	32.864	32.955	32.923	
6007	463.	32.864	32.955	32.923	
6008	463.01	32.864	32.955	32.923	
6009	463.02	32.864	32.955	32.923	
6010	463.05	32.864	32.955	32.923	
6011	463.14	32.864	32.955	32.923	
6012	463.24	32.864	32.956	32.923	
6013	463.34	32.865	32.956	32.923	
6014	463.44	32.865	32.956	32.923	
6015	463.54	32.865	32.956	32.924	
6016	463.64	32.865	32.956	32.924	
6017	463.74	32.865	32.956	32.924	
6018	463.84	32.865	32.956	32.924	
6019	463.94	32.866	32.957	32.924	
6020	464.	32.866	32.957	32.924	
6021	464.01	32.866	32.957	32.924	
6022	464.02	32.866	32.957	32.924	
6023	464.05	32.866	32.957	32.924	
6024	464.14	32.866	32.957	32.924	
6025	464.24	32.866	32.957	32.925	
6026	464.34	32.866	32.957	32.925	
6027	464.44	32.866	32.957	32.925	
6028	464.54	32.866	32.958	32.925	
6029	464.64	32.867	32.958	32.925	
6030	464.74	32.867	32.958	32.925	
6031	464.84	32.867	32.958	32.926	
6032	464.94	32.867	32.958	32.926	
6033	465.	32.867	32.958	32.926	
6034	465.01	32.867	32.958	32.926	
6035	465.02	32.867	32.958	32.926	
6036	465.05	32.867	32.958	32.926	
6037	465.14	32.867	32.958	32.926	
6038	465.24	32.867	32.959	32.926	
6039	465.34	32.868	32.959	32.926	
6040	465.44	32.868	32.959	32.926	
6041	465.54	32.868	32.959	32.927	
6042	465.64	32.868	32.959	32.927	
6043	465.74	32.868	32.959	32.927	
6044	465.84	32.868	32.96	32.927	
6045	465.94	32.869	32.96	32.927	
6046	466.	32.869	32.96	32.927	
6047	466.01	32.869	32.96	32.927	
6048	466.02	32.869	32.96	32.927	
6049	466.05	32.869	32.96	32.927	
6050	466.14	32.869	32.96	32.927	
6051	466.24	32.869	32.96	32.928	
6052	466.34	32.869	32.96	32.928	
6053	466.44	32.869	32.96	32.928	
6054	466.54	32.869	32.961	32.928	
6055	466.64	32.87	32.961	32.928	
6056	466.74	32.87	32.961	32.928	
6057	466.84	32.87	32.961	32.929	
6058	466.94	32.87	32.961	32.929	
6059	467.	32.87	32.961	32.929	
6060	467.01	32.87	32.961	32.929	
6061	467.02	32.87	32.961	32.929	
6062	467.05	32.87	32.961	32.929	
6063	467.14	32.87	32.961	32.929	
6064	467.24	32.87	32.962	32.929	
6065	467.34	32.871	32.962	32.929	
6066	467.44	32.871	32.962	32.929	
6067	467.54	32.871	32.962	32.93	
6068	467.64	32.871	32.962	32.93	
6069	467.74	32.871	32.962	32.93	
6070	467.84	32.871	32.963	32.93	
6071	467.94	32.872	32.963	32.93	
6072	468.	32.872	32.963	32.93	
6073	468.01	32.872	32.963	32.93	
6074	468.02	32.872	32.963	32.93	
6075	468.05	32.872	32.963	32.93	
6076	468.14	32.872	32.963	32.931	
6077	468.24	32.872	32.963	32.931	
6078	468.34	32.872	32.963	32.931	
6079	468.44	32.872	32.963	32.931	
6080	468.54	32.872	32.964	32.931	
6081	468.64	32.873	32.964	32.931	
6082	468.74	32.873	32.964	32.931	
6083	468.84	32.873	32.964	32.932	
6084	468.94	32.873	32.964	32.932	
6085	469.	32.873	32.964	32.932	
6086	469.01	32.873	32.964	32.932	
6087	469.02	32.873	32.964	32.932	
6088	469.05	32.873	32.964	32.932	
6089	469.14	32.873	32.965	32.932	
6090	469.24	32.874	32.965	32.932	
6091	469.34	32.874	32.965	32.932	
6092	469.44	32.874	32.965	32.932	
6093	469.54	32.874	32.965	32.933	
6094	469.64	32.874	32.965	32.933	
6095	469.74	32.874	32.965	32.933	
6096	469.84	32.874	32.966	32.933	
6097	469.94	32.875	32.966	32.933	
6098	470.	32.875	32.966	32.933	
6099	470.01	32.875	32.966	32.933	
6100	470.02	32.875	32.966	32.933	
6101	470.05	32.875	32.966	32.933	
6102	470.14	32.875	32.966	32.934	
6103	470.24	32.875	32.966	32.934	
6104	470.34	32.875	32.966	32.934	
6105	470.44	32.875	32.966	32.934	
6106	470.54	32.875	32.967	32.934	
6107	470.64	32.876	32.967	32.934	
6108	470.74	32.876	32.967	32.934	
6109	470.84	32.876	32.967	32.935	
6110	470.94	32.876	32.967	32.935	
6111	471.	32.876	32.967	32.935	
6112	471.01	32.876	32.967	32.935	
6113	471.02	32.876	32.967	32.935	
6114	471.05	32.876	32.967	32.935	
6115	471.14	32.876	32.968	32.935	
6116	471.24	32.877	32.968	32.935	
6117	471.34	32.877	32.968	32.935	
6118	471.44	32.877	32.968	32.936	
6119	471.54	32.877	32.968	32.936	
6120	471.64	32.877	32.968	32.936	
6121	471.74	32.877	32.968	32.936	
6122	471.84	32.877	32.969	32.936	
6123	471.94	32.878	32.969	32.936	
6124	472.	32.878	32.969	32.936	
6125	472.01	32.878	32.969	32.936	
6126	472.02	32.878	32.969	32.936	
6127	472.05	32.878	32.969	32.936	
6128	472.14	32.878	32.969	32.937	
6129	472.24	32.878	32.969	32.937	
6130	472.34	32.878	32.969	32.937	
6131	472.44	32.878	32.97	32.937	
6132	472.54	32.878	32.97	32.937	
6133	472.64	32.879	32.97	32.937	
6134	472.74	32.879	32.97	32.937	
6135	472.84	32.879	32.97	32.938	
6136	472.94	32.879	32.97	32.938	
6137	473.	32.879	32.97	32.938	
6138	473.01	32.879	32.97	32.938	
6139	473.02	32.879	32.97	32.938	
6140	473.05	32.879	32.97	32.938	
6141	473.14	32.879	32.971	32.938	
6142	473.24	32.88	32.971	32.938	
6143	473.34	32.88	32.971	32.938	
6144	473.44	32.88	32.971	32.939	
6145	473.54	32.88	32.971	32.939	
6146	473.64	32.88	32.971	32.939	
6147	473.74	32.88	32.972	32.939	
6148	473.84	32.88	32.972	32.939	
6149	473.94	32.881	32.972	32.939	
6150	474.	32.881	32.972	32.939	
6151	474.01	32.881	32.972	32.939	
6152	474.02	32.881	32.972	32.939	
6153	474.05	32.881	32.972	32.939	
6154	474.14	32.881	32.972	32.94	
6155	474.24	32.881	32.972	32.94	
6156	474.34	32.881	32.972	32.94	
6157	474.44	32.881	32.973	32.94	
6158	474.54	32.882	32.973	32.94	
6159	474.64	32.882	32.973	32.94	
6160	474.74	32.882	32.973	32.941	
6161	474.84	32.882	32.973	32.941	
6162	474.94	32.882	32.973	32.941	
6163	475.	32.882	32.973	32.941	
6164	475.01	32.882	32.973	32.941	
6165	475.02	32.882	32.973	32.941	
6166	475.05	32.882	32.973	32.941	
6167	475.14	32.882	32.974	32.941	
6168	475.24	32.883	32.974	32.941	
6169	475.34	32.883	32.974	32.941	
6170	475.44	32.883	32.974	32.942	
6171	475.54	32.883	32.974	32.942	
6172	475.64	32.883	32.974	32.942	
6173	475.74	32.883	32.975	32.942	
6174	475.84	32.883	32.975	32.942	
6175	475.94	32.884	32.975	32.942	
6176	476.	32.884	32.975	32.942	
6177	476.01	32.884	32.975	32.942	
6178	476.02	32.884	32.975	32.942	
6179	476.05	32.884	32.975	32.943	
6180	476.14	32.884	32.975	32.943	
6181	476.24	32.884	32.975	32.943	
6182	476.34	32.884	32.975	32.943	
6183	476.44	32.884	32.976	32.943	
6184	476.54	32.885	32.976	32.943	
6185	476.64	32.885	32.976	32.943	
6186	476.74	32.885	32.976	32.944	
6187	476.84	32.885	32.976	32.944	
6188	476.94	32.885	32.976	32.944	
6189	477.	32.885	32.976	32.944	
6190	477.01	32.885	32.976	32.944	
6191	477.02	32.885	32.976	32.944	
6192	477.05	32.885	32.977	32.944	
6193	477.14	32.885	32.977	32.944	
6194	477.24	32.886	32.977	32.944	
6195	477.34	32.886	32.977	32.944	
6196	477.44	32.886	32.977	32.945	
6197	477.54	32.886	32.977	32.945	
6198	477.64	32.886	32.977	32.945	
6199	477.74	32.886	32.978	32.945	
6200	477.84	32.887	32.978	32.945	
6201	477.94	32.887	32.978	32.945	
6202	478.	32.887	32.978	32.945	
6203	478.01	32.887	32.978	32.945	
6204	478.02	32.887	32.978	32.945	
6205	478.05	32.887	32.978	32.946	
6206	478.14	32.887	32.978	32.946	
6207	478.24	32.887	32.978	32.946	
6208	478.34	32.887	32.978	32.946	
6209	478.44	32.887	32.979	32.946	
6210	478.54	32.888	32.979	32.946	
6211	478.64	32.888	32.979	32.946	
6212	478.74	32.888	32.979	32.947	
6213	478.84	32.888	32.979	32.947	
6214	478.94	32.888	32.979	32.947	
6215	479.	32.888	32.979	32.947	
6216	479.01	32.888	32.98	32.947	
6217	479.02	32.888	32.98	32.947	
6218	479.05	32.888	32.98	32.947	
6219	479.14	32.888	32.98	32.947	
6220	479.24	32.889	32.98	32.947	
6221	479.34	32.889	32.98	32.947	
6222	479.44	32.889	32.98	32.948	
6223	479.54	32.889	32.98	32.948	
6224	479.64	32.889	32.98	32.948	
6225	479.74	32.889	32.981	32.948	
6226	479.84	32.89	32.981	32.948	
6227	479.94	32.89	32.981	32.948	
6228	480.	32.89	32.981	32.948	
6229	480.01	32.89	32.981	32.949	
6230	480.02	32.89	32.981	32.949	
6231	480.05	32.89	32.981	32.949	
6232	480.14	32.89	32.981	32.949	
6233	480.24	32.89	32.981	32.949	
6234	480.34	32.89	32.982	32.949	
6235	480.44	32.89	32.982	32.949	
6236	480.54	32.891	32.982	32.949	
6237	480.64	32.891	32.982	32.949	
6238	480.74	32.891	32.982	32.95	
6239	480.84	32.891	32.982	32.95	
6240	480.94	32.891	32.982	32.95	
6241	481.	32.891	32.983	32.95	
6242	481.01	32.891	32.983	32.95	
6243	481.02	32.891	32.983	32.95	
6244	481.05	32.891	32.983	32.95	
6245	481.14	32.891	32.983	32.95	
6246	481.24	32.892	32.983	32.95	
6247	481.34	32.892	32.983	32.951	
6248	481.44	32.892	32.983	32.951	
6249	481.54	32.892	32.983	32.951	
6250	481.64	32.892	32.984	32.951	
6251	481.74	32.892	32.984	32.951	
6252	481.84	32.893	32.984	32.951	
6253	481.94	32.893	32.984	32.951	
6254	482.	32.893	32.984	32.952	
6255	482.01	32.893	32.984	32.952	
6256	482.02	32.893	32.984	32.952	
6257	482.05	32.893	32.984	32.952	
6258	482.14	32.893	32.984	32.952	
6259	482.24	32.893	32.984	32.952	
6260	482.34	32.893	32.985	32.952	
6261	482.44	32.893	32.985	32.952	
6262	482.54	32.894	32.985	32.952	
6263	482.64	32.894	32.985	32.953	
6264	482.74	32.894	32.985	32.953	
6265	482.84	32.894	32.985	32.953	
6266	482.94	32.894	32.985	32.953	
6267	483.	32.894	32.986	32.953	
6268	483.01	32.894	32.986	32.953	
6269	483.02	32.894	32.986	32.953	
6270	483.05	32.894	32.986	32.953	
6271	483.14	32.895	32.986	32.953	
6272	483.24	32.895	32.986	32.953	
6273	483.34	32.895	32.986	32.954	
6274	483.44	32.895	32.986	32.954	
6275	483.54	32.895	32.986	32.954	
6276	483.64	32.895	32.987	32.954	
6277	483.74	32.895	32.987	32.954	
6278	483.84	32.896	32.987	32.954	
6279	483.94	32.896	32.987	32.954	
6280	484.	32.896	32.987	32.955	
6281	484.01	32.896	32.987	32.955	
6282	484.02	32.896	32.987	32.955	
6283	484.05	32.896	32.987	32.955	
6284	484.14	32.896	32.987	32.955	
6285	484.24	32.896	32.987	32.955	
6286	484.34	32.896	32.988	32.955	
6287	484.44	32.896	32.988	32.955	
6288	484.54	32.897	32.988	32.955	
6289	484.64	32.897	32.988	32.956	
6290	484.74	32.897	32.988	32.956	
6291	484.84	32.897	32.988	32.956	
6292	484.94	32.897	32.989	32.956	
6293	485.	32.897	32.989	32.956	
6294	485.01	32.897	32.989	32.956	
6295	485.02	32.897	32.989	32.956	
6296	485.05	32.897	32.989	32.956	
6297	485.14	32.898	32.989	32.956	
6298	485.24	32.898	32.989	32.956	
6299	485.34	32.898	32.989	32.957	
6300	485.44	32.898	32.989	32.957	
6301	485.54	32.898	32.989	32.957	
6302	485.64	32.898	32.99	32.957	
6303	485.74	32.898	32.99	32.957	
6304	485.84	32.899	32.99	32.957	
6305	485.94	32.899	32.99	32.958	
6306	486.	32.899	32.99	32.958	
6307	486.01	32.899	32.99	32.958	
6308	486.02	32.899	32.99	32.958	
6309	486.05	32.899	32.99	32.958	
6310	486.14	32.899	32.99	32.958	
6311	486.24	32.899	32.991	32.958	
6312	486.34	32.899	32.991	32.958	
6313	486.44	32.9	32.991	32.958	
6314	486.54	32.9	32.991	32.958	
6315	486.64	32.9	32.991	32.959	
6316	486.74	32.9	32.991	32.959	
6317	486.84	32.9	32.991	32.959	
6318	486.94	32.9	32.992	32.959	
6319	487.	32.9	32.992	32.959	
6320	487.01	32.9	32.992	32.959	
6321	487.02	32.9	32.992	32.959	
6322	487.05	32.9	32.992	32.959	
6323	487.14	32.901	32.992	32.959	
6324	487.24	32.901	32.992	32.96	
6325	487.34	32.901	32.992	32.96	
6326	487.44	32.901	32.992	32.96	
6327	487.54	32.901	32.993	32.96	
6328	487.64	32.901	32.993	32.96	
6329	487.74	32.901	32.993	32.96	
6330	487.84	32.902	32.993	32.96	
6331	487.94	32.902	32.993	32.961	
6332	488.	32.902	32.993	32.961	
6333	488.01	32.902	32.993	32.961	
6334	488.02	32.902	32.993	32.961	
6335	488.05	32.902	32.993	32.961	
6336	488.14	32.902	32.993	32.961	
6337	488.24	32.902	32.994	32.961	
6338	488.34	32.902	32.994	32.961	
6339	488.44	32.903	32.994	32.961	
6340	488.54	32.903	32.994	32.961	
6341	488.64	32.903	32.994	32.962	
6342	488.74	32.903	32.994	32.962	
6343	488.84	32.903	32.994	32.962	
6344	488.94	32.903	32.995	32.962	
6345	489.	32.903	32.995	32.962	
6346	489.01	32.903	32.995	32.962	
6347	489.02	32.903	32.995	32.962	
6348	489.05	32.903	32.995	32.962	
6349	489.14	32.904	32.995	32.962	
6350	489.24	32.904	32.995	32.963	
6351	489.34	32.904	32.995	32.963	
6352	489.44	32.904	32.995	32.963	
6353	489.54	32.904	32.996	32.963	
6354	489.64	32.904	32.996	32.963	
6355	489.74	32.905	32.996	32.963	
6356	489.84	32.905	32.996	32.963	
6357	489.94	32.905	32.996	32.964	
6358	490.	32.905	32.996	32.964	
6359	490.01	32.905	32.996	32.964	
6360	490.02	32.905	32.996	32.964	
6361	490.05	32.905	32.996	32.964	
6362	490.14	32.905	32.996	32.964	
6363	490.24	32.905	32.997	32.964	
6364	490.34	32.905	32.997	32.964	
6365	490.44	32.906	32.997	32.964	
6366	490.54	32.906	32.997	32.965	
6367	490.64	32.906	32.997	32.965	
6368	490.74	32.906	32.997	32.965	
6369	490.84	32.906	32.998	32.965	
6370	490.94	32.906	32.998	32.965	
6371	491.	32.906	32.998	32.965	
6372	491.01	32.906	32.998	32.965	
6373	491.02	32.906	32.998	32.965	
6374	491.05	32.907	32.998	32.965	
6375	491.14	32.907	32.998	32.965	
6376	491.24	32.907	32.998	32.966	
6377	491.34	32.907	32.998	32.966	
6378	491.44	32.907	32.998	32.966	
6379	491.54	32.907	32.999	32.966	
6380	491.64	32.907	32.999	32.966	
6381	491.74	32.908	32.999	32.966	
6382	491.84	32.908	32.999	32.967	
6383	491.94	32.908	32.999	32.967	
6384	492.	32.908	32.999	32.967	
6385	492.01	32.908	32.999	32.967	
6386	492.02	32.908	32.999	32.967	
6387	492.05	32.908	32.999	32.967	
6388	492.14	32.908	33.	32.967	
6389	492.24	32.908	33.	32.967	
6390	492.34	32.908	33.	32.967	
6391	492.44	32.909	33.	32.967	
6392	492.54	32.909	33.	32.968	
6393	492.64	32.909	33.	32.968	
6394	492.74	32.909	33.	32.968	
6395	492.84	32.909	33.001	32.968	
6396	492.94	32.909	33.001	32.968	
6397	493.	32.909	33.001	32.968	
6398	493.01	32.909	33.001	32.968	
6399	493.02	32.909	33.001	32.968	
6400	493.05	32.91	33.001	32.968	
6401	493.14	32.91	33.001	32.968	
6402	493.24	32.91	33.001	32.969	
6403	493.34	32.91	33.001	32.969	
6404	493.44	32.91	33.002	32.969	
6405	493.54	32.91	33.002	32.969	
6406	493.64	32.91	33.002	32.969	
6407	493.74	32.911	33.002	32.969	
6408	493.84	32.911	33.002	32.97	
6409	493.94	32.911	33.002	32.97	
6410	494.	32.911	33.002	32.97	
6411	494.01	32.911	33.002	32.97	
6412	494.02	32.911	33.002	32.97	
6413	494.05	32.911	33.002	32.97	
6414	494.14	32.911	33.003	32.97	
6415	494.24	32.911	33.003	32.97	
6416	494.34	32.911	33.003	32.97	
6417	494.44	32.912	33.003	32.97	
6418	494.54	32.912	33.003	32.971	
6419	494.64	32.912	33.003	32.971	
6420	494.74	32.912	33.003	32.971	
6421	494.84	32.912	33.004	32.971	
6422	494.94	32.912	33.004	32.971	
6423	495.	32.913	33.004	32.971	
6424	495.01	32.913	33.004	32.971	
6425	495.02	32.913	33.004	32.971	
6426	495.05	32.913	33.004	32.971	
6427	495.14	32.913	33.004	32.972	
6428	495.24	32.913	33.004	32.972	
6429	495.34	32.913	33.004	32.972	
6430	495.44	32.913	33.005	32.972	
6431	495.54	32.913	33.005	32.972	
6432	495.64	32.913	33.005	32.972	
6433	495.74	32.914	33.005	32.972	
6434	495.84	32.914	33.005	32.973	
6435	495.94	32.914	33.005	32.973	
6436	496.	32.914	33.005	32.973	
6437	496.01	32.914	33.005	32.973	
6438	496.02	32.914	33.005	32.973	
6439	496.05	32.914	33.005	32.973	
6440	496.14	32.914	33.006	32.973	
6441	496.24	32.914	33.006	32.973	
6442	496.34	32.915	33.006	32.973	
6443	496.44	32.915	33.006	32.974	
6444	496.54	32.915	33.006	32.974	
6445	496.64	32.915	33.006	32.974	
6446	496.74	32.915	33.007	32.974	
6447	496.84	32.915	33.007	32.974	
6448	496.94	32.915	33.007	32.974	
6449	497.	32.916	33.007	32.974	
6450	497.01	32.916	33.007	32.974	
6451	497.02	32.916	33.007	32.974	
6452	497.05	32.916	33.007	32.974	
6453	497.14	32.916	33.007	32.975	
6454	497.24	32.916	33.007	32.975	
6455	497.34	32.916	33.007	32.975	
6456	497.44	32.916	33.008	32.975	
6457	497.54	32.916	33.008	32.975	
6458	497.64	32.917	33.008	32.975	
6459	497.74	32.917	33.008	32.975	
6460	497.84	32.917	33.008	32.976	
6461	497.94	32.917	33.008	32.976	
6462	498.	32.917	33.008	32.976	
6463	498.01	32.917	33.008	32.976	
6464	498.02	32.917	33.009	32.976	
6465	498.05	32.917	33.009	32.976	
6466	498.14	32.917	33.009	32.976	
6467	498.24	32.917	33.009	32.976	
6468	498.34	32.918	33.009	32.976	
6469	498.44	32.918	33.009	32.977	
6470	498.54	32.918	33.009	32.977	
6471	498.64	32.918	33.009	32.977	
6472	498.74	32.918	33.01	32.977	
6473	498.84	32.918	33.01	32.977	
6474	498.94	32.918	33.01	32.977	
6475	499.	32.919	33.01	32.977	
6476	499.01	32.919	33.01	32.977	
6477	499.02	32.919	33.01	32.977	
6478	499.05	32.919	33.01	32.977	
6479	499.14	32.919	33.01	32.978	
6480	499.24	32.919	33.01	32.978	
6481	499.34	32.919	33.011	32.978	
6482	499.44	32.919	33.011	32.978	
6483	499.54	32.919	33.011	32.978	
6484	499.64	32.92	33.011	32.978	
6485	499.74	32.92	33.011	32.979	
6486	499.84	32.92	33.011	32.979	
6487	499.94	32.92	33.011	32.979	
6488	500.	32.92	33.012	32.979	
6489	500.01	32.92	33.012	32.979	
6490	500.02	32.92	33.012	32.979	
6491	500.05	32.92	33.012	32.979	
6492	500.14	32.92	33.012	32.979	
6493	500.24	32.92	33.012	32.979	
6494	500.34	32.921	33.012	32.979	
6495	500.44	32.921	33.012	32.98	
6496	500.54	32.921	33.012	32.98	
6497	500.64	32.921	33.013	32.98	
6498	500.74	32.921	33.013	32.98	
6499	500.84	32.921	33.013	32.98	
6500	500.94	32.922	33.013	32.98	
6501	501.	32.922	33.013	32.98	
6502	501.01	32.922	33.013	32.98	
6503	501.02	32.922	33.013	32.981	
6504	501.05	32.922	33.013	32.981	
6505	501.14	32.922	33.013	32.981	
6506	501.24	32.922	33.013	32.981	
6507	501.34	32.922	33.014	32.981	
6508	501.44	32.922	33.014	32.981	
6509	501.54	32.922	33.014	32.981	
6510	501.64	32.923	33.014	32.981	
6511	501.74	32.923	33.014	32.982	
6512	501.84	32.923	33.014	32.982	
6513	501.94	32.923	33.014	32.982	
6514	502.	32.923	33.015	32.982	
6515	502.01	32.923	33.015	32.982	
6516	502.02	32.923	33.015	32.982	
6517	502.05	32.923	33.015	32.982	
6518	502.14	32.923	33.015	32.982	
6519	502.24	32.924	33.015	32.982	
6520	502.34	32.924	33.015	32.983	
6521	502.44	32.924	33.015	32.983	
6522	502.54	32.924	33.015	32.983	
6523	502.64	32.924	33.016	32.983	
6524	502.74	32.924	33.016	32.983	
6525	502.84	32.924	33.016	32.983	
6526	502.94	32.925	33.016	32.983	
6527	503.	32.925	33.016	32.984	
6528	503.01	32.925	33.016	32.984	
6529	503.02	32.925	33.016	32.984	
6530	503.05	32.925	33.016	32.984	
6531	503.14	32.925	33.016	32.984	
6532	503.24	32.925	33.016	32.984	
6533	503.34	32.925	33.017	32.984	
6534	503.44	32.925	33.017	32.984	
6535	503.54	32.925	33.017	32.984	
6536	503.64	32.926	33.017	32.985	
6537	503.74	32.926	33.017	32.985	
6538	503.84	32.926	33.017	32.985	
6539	503.94	32.926	33.018	32.985	
6540	504.	32.926	33.018	32.985	
6541	504.01	32.926	33.018	32.985	
6542	504.02	32.926	33.018	32.985	
6543	504.05	32.926	33.018	32.985	
6544	504.14	32.926	33.018	32.985	
6545	504.24	32.927	33.018	32.985	
6546	504.34	32.927	33.018	32.986	
6547	504.44	32.927	33.018	32.986	
6548	504.54	32.927	33.018	32.986	
6549	504.64	32.927	33.019	32.986	
6550	504.74	32.927	33.019	32.986	
6551	504.84	32.927	33.019	32.986	
6552	504.94	32.928	33.019	32.986	
6553	505.	32.928	33.019	32.987	
6554	505.01	32.928	33.019	32.987	
6555	505.02	32.928	33.019	32.987	
6556	505.05	32.928	33.019	32.987	
6557	505.14	32.928	33.019	32.987	
6558	505.24	32.928	33.02	32.987	
6559	505.34	32.928	33.02	32.987	
6560	505.44	32.928	33.02	32.987	
6561	505.54	32.929	33.02	32.987	
6562	505.64	32.929	33.02	32.988	
6563	505.74	32.929	33.02	32.988	
6564	505.84	32.929	33.02	32.988	
6565	505.94	32.929	33.021	32.988	
6566	506.	32.929	33.021	32.988	
6567	506.01	32.929	33.021	32.988	
6568	506.02	32.929	33.021	32.988	
6569	506.05	32.929	33.021	32.988	
6570	506.14	32.929	33.021	32.988	
6571	506.24	32.93	33.021	32.988	
6572	506.34	32.93	33.021	32.989	
6573	506.44	32.93	33.021	32.989	
6574	506.54	32.93	33.022	32.989	
6575	506.64	32.93	33.022	32.989	
6576	506.74	32.93	33.022	32.989	
6577	506.84	32.931	33.022	32.989	
6578	506.94	32.931	33.022	32.99	
6579	507.	32.931	33.022	32.99	
6580	507.01	32.931	33.022	32.99	
6581	507.02	32.931	33.022	32.99	
6582	507.05	32.931	33.022	32.99	
6583	507.14	32.931	33.022	32.99	
6584	507.24	32.931	33.023	32.99	
6585	507.34	32.931	33.023	32.99	
6586	507.44	32.931	33.023	32.99	
6587	507.54	32.932	33.023	32.99	
6588	507.64	32.932	33.023	32.991	
6589	507.74	32.932	33.023	32.991	
6590	507.84	32.932	33.024	32.991	
6591	507.94	32.932	33.024	32.991	
6592	508.	32.932	33.024	32.991	
6593	508.01	32.932	33.024	32.991	
6594	508.02	32.932	33.024	32.991	
6595	508.05	32.932	33.024	32.991	
6596	508.14	32.932	33.024	32.991	
6597	508.24	32.933	33.024	32.992	
6598	508.34	32.933	33.024	32.992	
6599	508.44	32.933	33.024	32.992	
6600	508.54	32.933	33.025	32.992	
6601	508.64	32.933	33.025	32.992	
6602	508.74	32.933	33.025	32.992	
6603	508.84	32.934	33.025	32.992	
6604	508.94	32.934	33.025	32.993	
6605	509.	32.934	33.025	32.993	
6606	509.01	32.934	33.025	32.993	
6607	509.02	32.934	33.025	32.993	
6608	509.05	32.934	33.025	32.993	
6609	509.14	32.934	33.026	32.993	
6610	509.24	32.934	33.026	32.993	
6611	509.34	32.934	33.026	32.993	
6612	509.44	32.934	33.026	32.993	
6613	509.54	32.935	33.026	32.994	
6614	509.64	32.935	33.026	32.994	
6615	509.74	32.935	33.026	32.994	
6616	509.84	32.935	33.027	32.994	
6617	509.94	32.935	33.027	32.994	
6618	510.	32.935	33.027	32.994	
6619	510.01	32.935	33.027	32.994	
6620	510.02	32.935	33.027	32.994	
6621	510.05	32.935	33.027	32.994	
6622	510.14	32.936	33.027	32.994	
6623	510.24	32.936	33.027	32.995	
6624	510.34	32.936	33.027	32.995	
6625	510.44	32.936	33.028	32.995	
6626	510.54	32.936	33.028	32.995	
6627	510.64	32.936	33.028	32.995	
6628	510.74	32.936	33.028	32.995	
6629	510.84	32.937	33.028	32.996	
6630	510.94	32.937	33.028	32.996	
6631	511.	32.937	33.028	32.996	
6632	511.01	32.937	33.028	32.996	
6633	511.02	32.937	33.028	32.996	
6634	511.05	32.937	33.028	32.996	
6635	511.14	32.937	33.029	32.996	
6636	511.24	32.937	33.029	32.996	
6637	511.34	32.937	33.029	32.996	
6638	511.44	32.938	33.029	32.996	
6639	511.54	32.938	33.029	32.997	
6640	511.64	32.938	33.029	32.997	
6641	511.74	32.938	33.029	32.997	
6642	511.84	32.938	33.03	32.997	
6643	511.94	32.938	33.03	32.997	
6644	512.	32.938	33.03	32.997	
6645	512.01	32.938	33.03	32.997	
6646	512.02	32.938	33.03	32.997	
6647	512.05	32.938	33.03	32.997	
6648	512.14	32.939	33.03	32.997	
6649	512.24	32.939	33.03	32.998	
6650	512.34	32.939	33.03	32.998	
6651	512.44	32.939	33.031	32.998	
6652	512.54	32.939	33.031	32.998	
6653	512.64	32.939	33.031	32.998	
6654	512.74	32.939	33.031	32.998	
6655	512.84	32.94	33.031	32.999	
6656	512.94	32.94	33.031	32.999	
6657	513.	32.94	33.031	32.999	
6658	513.01	32.94	33.031	32.999	
6659	513.02	32.94	33.031	32.999	
6660	513.05	32.94	33.032	32.999	
6661	513.14	32.94	33.032	32.999	
6662	513.24	32.94	33.032	32.999	
6663	513.34	32.94	33.032	32.999	
6664	513.44	32.941	33.032	32.999	
6665	513.54	32.941	33.032	33.	
6666	513.64	32.941	33.032	33.	
6667	513.74	32.941	33.033	33.	
6668	513.84	32.941	33.033	33.	
6669	513.94	32.941	33.033	33.	
6670	514.	32.941	33.033	33.	
6671	514.01	32.941	33.033	33.	
6672	514.02	32.941	33.033	33.	
6673	514.05	32.941	33.033	33.	
6674	514.14	32.942	33.033	33.001	
6675	514.24	32.942	33.033	33.001	
6676	514.34	32.942	33.033	33.001	
6677	514.44	32.942	33.034	33.001	
6678	514.54	32.942	33.034	33.001	
6679	514.64	32.942	33.034	33.001	
6680	514.74	32.943	33.034	33.001	
6681	514.84	32.943	33.034	33.002	
6682	514.94	32.943	33.034	33.002	
6683	515.	32.943	33.034	33.002	
6684	515.01	32.943	33.035	33.002	
6685	515.02	32.943	33.035	33.002	
6686	515.05	32.943	33.035	33.002	
6687	515.14	32.943	33.035	33.002	
6688	515.24	32.943	33.035	33.002	
6689	515.34	32.943	33.035	33.002	
6690	515.44	32.944	33.035	33.003	
6691	515.54	32.944	33.035	33.003	
6692	515.64	32.944	33.035	33.003	
6693	515.74	32.944	33.036	33.003	
6694	515.84	32.944	33.036	33.003	
6695	515.94	32.944	33.036	33.003	
6696	516.	32.944	33.036	33.003	
6697	516.01	32.944	33.036	33.003	
6698	516.02	32.944	33.036	33.003	
6699	516.05	32.945	33.036	33.003	
6700	516.14	32.945	33.036	33.004	
6701	516.24	32.945	33.036	33.004	
6702	516.34	32.945	33.037	33.004	
6703	516.44	32.945	33.037	33.004	
6704	516.54	32.945	33.037	33.004	
6705	516.64	32.945	33.037	33.004	
6706	516.74	32.946	33.037	33.005	
6707	516.84	32.946	33.037	33.005	
6708	516.94	32.946	33.037	33.005	
6709	517.	32.946	33.038	33.005	
6710	517.01	32.946	33.038	33.005	
6711	517.02	32.946	33.038	33.005	
6712	517.05	32.946	33.038	33.005	
6713	517.14	32.946	33.038	33.005	
6714	517.24	32.946	33.038	33.005	
6715	517.34	32.946	33.038	33.005	
6716	517.44	32.947	33.038	33.006	
6717	517.54	32.947	33.038	33.006	
6718	517.64	32.947	33.039	33.006	
6719	517.74	32.947	33.039	33.006	
6720	517.84	32.947	33.039	33.006	
6721	517.94	32.947	33.039	33.006	
6722	518.	32.948	33.039	33.006	
6723	518.01	32.948	33.039	33.006	
6724	518.02	32.948	33.039	33.006	
6725	518.05	32.948	33.039	33.007	
6726	518.14	32.948	33.039	33.007	
6727	518.24	32.948	33.039	33.007	
6728	518.34	32.948	33.04	33.007	
6729	518.44	32.948	33.04	33.007	
6730	518.54	32.948	33.04	33.007	
6731	518.64	32.948	33.04	33.007	
6732	518.74	32.949	33.04	33.008	
6733	518.84	32.949	33.04	33.008	
6734	518.94	32.949	33.041	33.008	
6735	519.	32.949	33.041	33.008	
6736	519.01	32.949	33.041	33.008	
6737	519.02	32.949	33.041	33.008	
6738	519.05	32.949	33.041	33.008	
6739	519.14	32.949	33.041	33.008	
6740	519.24	32.949	33.041	33.008	
6741	519.34	32.95	33.041	33.009	
6742	519.44	32.95	33.041	33.009	
6743	519.54	32.95	33.041	33.009	
6744	519.64	32.95	33.042	33.009	
6745	519.74	32.95	33.042	33.009	
6746	519.84	32.95	33.042	33.009	
6747	519.94	32.95	33.042	33.009	
6748	520.	32.951	33.042	33.01	
6749	520.01	32.951	33.042	33.01	
6750	520.02	32.951	33.042	33.01	
6751	520.05	32.951	33.042	33.01	
6752	520.14	32.951	33.042	33.01	
6753	520.24	32.951	33.043	33.01	
6754	520.34	32.951	33.043	33.01	
6755	520.44	32.951	33.043	33.01	
6756	520.54	32.951	33.043	33.01	
6757	520.64	32.952	33.043	33.011	
6758	520.74	32.952	33.043	33.011	
6759	520.84	32.952	33.043	33.011	
6760	520.94	32.952	33.044	33.011	
6761	521.	32.952	33.044	33.011	
6762	521.01	32.952	33.044	33.011	
6763	521.02	32.952	33.044	33.011	
6764	521.05	32.952	33.044	33.011	
6765	521.14	32.952	33.044	33.011	
6766	521.24	32.952	33.044	33.011	
6767	521.34	32.953	33.044	33.012	
6768	521.44	32.953	33.044	33.012	
6769	521.54	32.953	33.045	33.012	
6770	521.64	32.953	33.045	33.012	
6771	521.74	32.953	33.045	33.012	
6772	521.84	32.953	33.045	33.012	
6773	521.94	32.954	33.045	33.012	
6774	522.	32.954	33.045	33.013	
6775	522.01	32.954	33.045	33.013	
6776	522.02	32.954	33.045	33.013	
6777	522.05	32.954	33.045	33.013	
6778	522.14	32.954	33.045	33.013	
6779	522.24	32.954	33.046	33.013	
6780	522.34	32.954	33.046	33.013	
6781	522.44	32.954	33.046	33.013	
6782	522.54	32.954	33.046	33.013	
6783	522.64	32.955	33.046	33.014	
6784	522.74	32.955	33.046	33.014	
6785	522.84	32.955	33.047	33.014	
6786	522.94	32.955	33.047	33.014	
6787	523.	32.955	33.047	33.014	
6788	523.01	32.955	33.047	33.014	
6789	523.02	32.955	33.047	33.014	
6790	523.05	32.955	33.047	33.014	
6791	523.14	32.955	33.047	33.014	
6792	523.24	32.955	33.047	33.014	
6793	523.34	32.956	33.047	33.015	
6794	523.44	32.956	33.047	33.015	
6795	523.54	32.956	33.048	33.015	
6796	523.64	32.956	33.048	33.015	
6797	523.74	32.956	33.048	33.015	
6798	523.84	32.956	33.048	33.015	
6799	523.94	32.957	33.048	33.016	
6800	524.	32.957	33.048	33.016	
6801	524.01	32.957	33.048	33.016	
6802	524.02	32.957	33.048	33.016	
6803	524.05	32.957	33.048	33.016	
6804	524.14	32.957	33.049	33.016	
6805	524.24	32.957	33.049	33.016	
6806	524.34	32.957	33.049	33.016	
6807	524.44	32.957	33.049	33.016	
6808	524.54	32.957	33.049	33.016	
6809	524.64	32.958	33.049	33.017	
6810	524.74	32.958	33.049	33.017	
6811	524.84	32.958	33.05	33.017	
6812	524.94	32.958	33.05	33.017	
6813	525.	32.958	33.05	33.017	
6814	525.01	32.958	33.05	33.017	
6815	525.02	32.958	33.05	33.017	
6816	525.05	32.958	33.05	33.017	
6817	525.14	32.958	33.05	33.017	
6818	525.24	32.959	33.05	33.018	
6819	525.34	32.959	33.05	33.018	
6820	525.44	32.959	33.051	33.018	
6821	525.54	32.959	33.051	33.018	
6822	525.64	32.959	33.051	33.018	
6823	525.74	32.959	33.051	33.018	
6824	525.84	32.959	33.051	33.018	
6825	525.94	32.96	33.051	33.019	
6826	526.	32.96	33.051	33.019	
6827	526.01	32.96	33.051	33.019	
6828	526.02	32.96	33.051	33.019	
6829	526.05	32.96	33.051	33.019	
6830	526.14	32.96	33.052	33.019	
6831	526.24	32.96	33.052	33.019	
6832	526.34	32.96	33.052	33.019	
6833	526.44	32.96	33.052	33.019	
6834	526.54	32.961	33.052	33.02	
6835	526.64	32.961	33.052	33.02	
6836	526.74	32.961	33.053	33.02	
6837	526.84	32.961	33.053	33.02	
6838	526.94	32.961	33.053	33.02	
6839	527.	32.961	33.053	33.02	
6840	527.01	32.961	33.053	33.02	
6841	527.02	32.961	33.053	33.02	
6842	527.05	32.961	33.053	33.02	
6843	527.14	32.961	33.053	33.02	
6844	527.24	32.962	33.053	33.021	
6845	527.34	32.962	33.053	33.021	
6846	527.44	32.962	33.054	33.021	
6847	527.54	32.962	33.054	33.021	
6848	527.64	32.962	33.054	33.021	
6849	527.74	32.962	33.054	33.021	
6850	527.84	32.963	33.054	33.022	
6851	527.94	32.963	33.054	33.022	
6852	528.	32.963	33.054	33.022	
6853	528.01	32.963	33.054	33.022	
6854	528.02	32.963	33.054	33.022	
6855	528.05	32.963	33.055	33.022	
6856	528.14	32.963	33.055	33.022	
6857	528.24	32.963	33.055	33.022	
6858	528.34	32.963	33.055	33.022	
6859	528.44	32.963	33.055	33.022	
6860	528.54	32.964	33.055	33.023	
6861	528.64	32.964	33.055	33.023	
6862	528.74	32.964	33.056	33.023	
6863	528.84	32.964	33.056	33.023	
6864	528.94	32.964	33.056	33.023	
6865	529.	32.964	33.056	33.023	
6866	529.01	32.964	33.056	33.023	
6867	529.02	32.964	33.056	33.023	
6868	529.05	32.964	33.056	33.023	
6869	529.14	32.965	33.056	33.024	
6870	529.24	32.965	33.056	33.024	
6871	529.34	32.965	33.057	33.024	
6872	529.44	32.965	33.057	33.024	
6873	529.54	32.965	33.057	33.024	
6874	529.64	32.965	33.057	33.024	
6875	529.74	32.965	33.057	33.024	
6876	529.84	32.966	33.057	33.025	
6877	529.94	32.966	33.057	33.025	
6878	530.	32.966	33.058	33.025	
6879	530.01	32.966	33.058	33.025	
6880	530.02	32.966	33.058	33.025	
6881	530.05	32.966	33.058	33.025	
6882	530.14	32.966	33.058	33.025	
6883	530.24	32.966	33.058	33.025	
6884	530.34	32.966	33.058	33.025	
6885	530.44	32.966	33.058	33.026	
6886	530.54	32.967	33.058	33.026	
6887	530.64	32.967	33.059	33.026	
6888	530.74	32.967	33.059	33.026	
6889	530.84	32.967	33.059	33.026	
6890	530.94	32.967	33.059	33.026	
6891	531.	32.967	33.059	33.026	
6892	531.01	32.967	33.059	33.026	
6893	531.02	32.967	33.059	33.026	
6894	531.05	32.967	33.059	33.026	
6895	531.14	32.968	33.059	33.027	
6896	531.24	32.968	33.059	33.027	
6897	531.34	32.968	33.06	33.027	
6898	531.44	32.968	33.06	33.027	
6899	531.54	32.968	33.06	33.027	
6900	531.64	32.968	33.06	33.027	
6901	531.74	32.968	33.06	33.028	
6902	531.84	32.969	33.06	33.028	
6903	531.94	32.969	33.061	33.028	
6904	532.	32.969	33.061	33.028	
6905	532.01	32.969	33.061	33.028	
6906	532.02	32.969	33.061	33.028	
6907	532.05	32.969	33.061	33.028	
6908	532.14	32.969	33.061	33.028	
6909	532.24	32.969	33.061	33.028	
6910	532.34	32.969	33.061	33.028	
6911	532.44	32.97	33.061	33.029	
6912	532.54	32.97	33.061	33.029	
6913	532.64	32.97	33.062	33.029	
6914	532.74	32.97	33.062	33.029	
6915	532.84	32.97	33.062	33.029	
6916	532.94	32.97	33.062	33.029	
6917	533.	32.97	33.062	33.029	
6918	533.01	32.97	33.062	33.029	
6919	533.02	32.97	33.062	33.029	
6920	533.05	32.97	33.062	33.03	
6921	533.14	32.971	33.062	33.03	
6922	533.24	32.971	33.063	33.03	
6923	533.34	32.971	33.063	33.03	
6924	533.44	32.971	33.063	33.03	
6925	533.54	32.971	33.063	33.03	
6926	533.64	32.971	33.063	33.03	
6927	533.74	32.972	33.063	33.031	
6928	533.84	32.972	33.063	33.031	
6929	533.94	32.972	33.064	33.031	
6930	534.	32.972	33.064	33.031	
6931	534.01	32.972	33.064	33.031	
6932	534.02	32.972	33.064	33.031	
6933	534.05	32.972	33.064	33.031	
6934	534.14	32.972	33.064	33.031	
6935	534.24	32.972	33.064	33.031	
6936	534.34	32.972	33.064	33.032	
6937	534.44	32.973	33.064	33.032	
6938	534.54	32.973	33.065	33.032	
6939	534.64	32.973	33.065	33.032	
6940	534.74	32.973	33.065	33.032	
6941	534.84	32.973	33.065	33.032	
6942	534.94	32.973	33.065	33.032	
6943	535.	32.973	33.065	33.033	
6944	535.01	32.973	33.065	33.033	
6945	535.02	32.973	33.065	33.033	
6946	535.05	32.974	33.065	33.033	
6947	535.14	32.974	33.065	33.033	
6948	535.24	32.974	33.066	33.033	
6949	535.34	32.974	33.066	33.033	
6950	535.44	32.974	33.066	33.033	
6951	535.54	32.974	33.066	33.033	
6952	535.64	32.974	33.066	33.034	
6953	535.74	32.975	33.066	33.034	
6954	535.84	32.975	33.067	33.034	
6955	535.94	32.975	33.067	33.034	
6956	536.	32.975	33.067	33.034	
6957	536.01	32.975	33.067	33.034	
6958	536.02	32.975	33.067	33.034	
6959	536.05	32.975	33.067	33.034	
6960	536.14	32.975	33.067	33.034	
6961	536.24	32.975	33.067	33.034	
6962	536.34	32.976	33.067	33.035	
6963	536.44	32.976	33.067	33.035	
6964	536.54	32.976	33.068	33.035	
6965	536.64	32.976	33.068	33.035	
6966	536.74	32.976	33.068	33.035	
6967	536.84	32.976	33.068	33.035	
6968	536.94	32.976	33.068	33.036	
6969	537.	32.977	33.068	33.036	
6970	537.01	32.977	33.068	33.036	
6971	537.02	32.977	33.068	33.036	
6972	537.05	32.977	33.068	33.036	
6973	537.14	32.977	33.069	33.036	
6974	537.24	32.977	33.069	33.036	
6975	537.34	32.977	33.069	33.036	
6976	537.44	32.977	33.069	33.036	
6977	537.54	32.977	33.069	33.036	
6978	537.64	32.978	33.069	33.037	
6979	537.74	32.978	33.069	33.037	
6980	537.84	32.978	33.07	33.037	
6981	537.94	32.978	33.07	33.037	
6982	538.	32.978	33.07	33.037	
6983	538.01	32.978	33.07	33.037	
6984	538.02	32.978	33.07	33.037	
6985	538.05	32.978	33.07	33.037	
6986	538.14	32.978	33.07	33.037	
6987	538.24	32.978	33.07	33.038	
6988	538.34	32.979	33.07	33.038	
6989	538.44	32.979	33.071	33.038	
6990	538.54	32.979	33.071	33.038	
6991	538.64	32.979	33.071	33.038	
6992	538.74	32.979	33.071	33.038	
6993	538.84	32.979	33.071	33.038	
6994	538.94	32.979	33.071	33.039	
6995	539.	32.98	33.071	33.039	
6996	539.01	32.98	33.071	33.039	
6997	539.02	32.98	33.071	33.039	
6998	539.05	32.98	33.071	33.039	
6999	539.14	32.98	33.072	33.039	
7000	539.24	32.98	33.072	33.039	
7001	539.34	32.98	33.072	33.039	
7002	539.44	32.98	33.072	33.039	
7003	539.54	32.98	33.072	33.04	
7004	539.64	32.981	33.072	33.04	
7005	539.74	32.981	33.073	33.04	
7006	539.84	32.981	33.073	33.04	
7007	539.94	32.981	33.073	33.04	
7008	540.	32.981	33.073	33.04	
7009	540.01	32.981	33.073	33.04	
7010	540.02	32.981	33.073	33.04	
7011	540.05	32.981	33.073	33.04	
7012	540.14	32.981	33.073	33.04	
7013	540.24	32.981	33.073	33.041	
7014	540.34	32.982	33.073	33.041	
7015	540.44	32.982	33.074	33.041	
7016	540.54	32.982	33.074	33.041	
7017	540.64	32.982	33.074	33.041	
7018	540.74	32.982	33.074	33.041	
7019	540.84	32.982	33.074	33.041	
7020	540.94	32.983	33.074	33.042	
7021	541.	32.983	33.074	33.042	
7022	541.01	32.983	33.074	33.042	
7023	541.02	32.983	33.074	33.042	
7024	541.05	32.983	33.075	33.042	
7025	541.14	32.983	33.075	33.042	
7026	541.24	32.983	33.075	33.042	
7027	541.34	32.983	33.075	33.042	
7028	541.44	32.983	33.075	33.042	
7029	541.54	32.983	33.075	33.043	
7030	541.64	32.984	33.075	33.043	
7031	541.74	32.984	33.076	33.043	
7032	541.84	32.984	33.076	33.043	
7033	541.94	32.984	33.076	33.043	
7034	542.	32.984	33.076	33.043	
7035	542.01	32.984	33.076	33.043	
7036	542.02	32.984	33.076	33.043	
7037	542.05	32.984	33.076	33.043	
7038	542.14	32.984	33.076	33.043	
7039	542.24	32.985	33.076	33.044	
7040	542.34	32.985	33.077	33.044	
7041	542.44	32.985	33.077	33.044	
7042	542.54	32.985	33.077	33.044	
7043	542.64	32.985	33.077	33.044	
7044	542.74	32.985	33.077	33.044	
7045	542.84	32.985	33.077	33.045	
7046	542.94	32.986	33.077	33.045	
7047	543.	32.986	33.078	33.045	
7048	543.01	32.986	33.078	33.045	
7049	543.02	32.986	33.078	33.045	
7050	543.05	32.986	33.078	33.045	
7051	543.14	32.986	33.078	33.045	
7052	543.24	32.986	33.078	33.045	
7053	543.34	32.986	33.078	33.045	
7054	543.44	32.986	33.078	33.045	
7055	543.54	32.987	33.078	33.046	
7056	543.64	32.987	33.079	33.046	
7057	543.74	32.987	33.079	33.046	
7058	543.84	32.987	33.079	33.046	
7059	543.94	32.987	33.079	33.046	
7060	544.	32.987	33.079	33.046	
7061	544.01	32.987	33.079	33.046	
7062	544.02	32.987	33.079	33.046	
7063	544.05	32.987	33.079	33.046	
7064	544.14	32.987	33.079	33.047	
7065	544.24	32.988	33.079	33.047	
7066	544.34	32.988	33.08	33.047	
7067	544.44	32.988	33.08	33.047	
7068	544.54	32.988	33.08	33.047	
7069	544.64	32.988	33.08	33.047	
7070	544.74	32.988	33.08	33.047	
7071	544.84	32.989	33.08	33.048	
7072	544.94	32.989	33.081	33.048	
7073	545.	32.989	33.081	33.048	
7074	545.01	32.989	33.081	33.048	
7075	545.02	32.989	33.081	33.048	
7076	545.05	32.989	33.081	33.048	
7077	545.14	32.989	33.081	33.048	
7078	545.24	32.989	33.081	33.048	
7079	545.34	32.989	33.081	33.048	
7080	545.44	32.989	33.081	33.049	
7081	545.54	32.99	33.081	33.049	
7082	545.64	32.99	33.082	33.049	
7083	545.74	32.99	33.082	33.049	
7084	545.84	32.99	33.082	33.049	
7085	545.94	32.99	33.082	33.049	
7086	546.	32.99	33.082	33.049	
7087	546.01	32.99	33.082	33.049	
7088	546.02	32.99	33.082	33.049	
7089	546.05	32.99	33.082	33.05	
7090	546.14	32.991	33.082	33.05	
7091	546.24	32.991	33.083	33.05	
7092	546.34	32.991	33.083	33.05	
7093	546.44	32.991	33.083	33.05	
7094	546.54	32.991	33.083	33.05	
7095	546.64	32.991	33.083	33.05	
7096	546.74	32.991	33.083	33.051	
7097	546.84	32.992	33.083	33.051	
7098	546.94	32.992	33.084	33.051	
7099	547.	32.992	33.084	33.051	
7100	547.01	32.992	33.084	33.051	
7101	547.02	32.992	33.084	33.051	
7102	547.05	32.992	33.084	33.051	
7103	547.14	32.992	33.084	33.051	
7104	547.24	32.992	33.084	33.051	
7105	547.34	32.992	33.084	33.051	
7106	547.44	32.993	33.084	33.052	
7107	547.54	32.993	33.085	33.052	
7108	547.64	32.993	33.085	33.052	
7109	547.74	32.993	33.085	33.052	
7110	547.84	32.993	33.085	33.052	
7111	547.94	32.993	33.085	33.052	
7112	548.	32.993	33.085	33.053	
7113	548.01	32.993	33.085	33.053	
7114	548.02	32.993	33.085	33.053	
7115	548.05	32.993	33.085	33.053	
7116	548.14	32.994	33.085	33.053	
7117	548.24	32.994	33.086	33.053	
7118	548.34	32.994	33.086	33.053	
7119	548.44	32.994	33.086	33.053	
7120	548.54	32.994	33.086	33.053	
7121	548.64	32.994	33.086	33.053	
7122	548.74	32.994	33.086	33.054	
7123	548.84	32.995	33.087	33.054	
7124	548.94	32.995	33.087	33.054	
7125	549.	32.995	33.087	33.054	
7126	549.01	32.995	33.087	33.054	
7127	549.02	32.995	33.087	33.054	
7128	549.05	32.995	33.087	33.054	
7129	549.14	32.995	33.087	33.054	
7130	549.24	32.995	33.087	33.054	
7131	549.34	32.995	33.087	33.055	
7132	549.44	32.996	33.087	33.055	
7133	549.54	32.996	33.088	33.055	
7134	549.64	32.996	33.088	33.055	
7135	549.74	32.996	33.088	33.055	
7136	549.84	32.996	33.088	33.055	
7137	549.94	32.996	33.088	33.055	
7138	550.	32.996	33.088	33.056	
7139	550.01	32.996	33.088	33.056	
7140	550.02	32.996	33.088	33.056	
7141	550.05	32.997	33.088	33.056	
7142	550.14	32.997	33.089	33.056	
7143	550.24	32.997	33.089	33.056	
7144	550.34	32.997	33.089	33.056	
7145	550.44	32.997	33.089	33.056	
7146	550.54	32.997	33.089	33.056	
7147	550.64	32.997	33.089	33.057	
7148	550.74	32.998	33.089	33.057	
7149	550.84	32.998	33.09	33.057	
7150	550.94	32.998	33.09	33.057	
7151	551.	32.998	33.09	33.057	
7152	551.01	32.998	33.09	33.057	
7153	551.02	32.998	33.09	33.057	
7154	551.05	32.998	33.09	33.057	
7155	551.14	32.998	33.09	33.057	
7156	551.24	32.998	33.09	33.057	
7157	551.34	32.998	33.09	33.058	
7158	551.44	32.999	33.091	33.058	
7159	551.54	32.999	33.091	33.058	
7160	551.64	32.999	33.091	33.058	
7161	551.74	32.999	33.091	33.058	
7162	551.84	32.999	33.091	33.058	
7163	551.94	32.999	33.091	33.059	
7164	552.	32.999	33.091	33.059	
7165	552.01	33.	33.091	33.059	
7166	552.02	33.	33.091	33.059	
7167	552.05	33.	33.091	33.059	
7168	552.14	33.	33.092	33.059	
7169	552.24	33.	33.092	33.059	
7170	552.34	33.	33.092	33.059	
7171	552.44	33.	33.092	33.059	
7172	552.54	33.	33.092	33.059	
7173	552.64	33.	33.092	33.06	
7174	552.74	33.001	33.093	33.06	
7175	552.84	33.001	33.093	33.06	
7176	552.94	33.001	33.093	33.06	
7177	553.	33.001	33.093	33.06	
7178	553.01	33.001	33.093	33.06	
7179	553.02	33.001	33.093	33.06	
7180	553.05	33.001	33.093	33.06	
7181	553.14	33.001	33.093	33.06	
7182	553.24	33.001	33.093	33.061	
7183	553.34	33.002	33.093	33.061	
7184	553.44	33.002	33.094	33.061	
7185	553.54	33.002	33.094	33.061	
7186	553.64	33.002	33.094	33.061	
7187	553.74	33.002	33.094	33.061	
7188	553.84	33.002	33.094	33.061	
7189	553.94	33.002	33.094	33.062	
7190	554.	33.003	33.094	33.062	
7191	554.01	33.003	33.095	33.062	
7192	554.02	33.003	33.095	33.062	
7193	554.05	33.003	33.095	33.062	
7194	554.14	33.003	33.095	33.062	
7195	554.24	33.003	33.095	33.062	
7196	554.34	33.003	33.095	33.062	
7197	554.44	33.003	33.095	33.062	
7198	554.54	33.003	33.095	33.063	
7199	554.64	33.004	33.095	33.063	
7200	554.74	33.004	33.096	33.063	
7201	554.84	33.004	33.096	33.063	
7202	554.94	33.004	33.096	33.063	
7203	555.	33.004	33.096	33.063	
7204	555.01	33.004	33.096	33.063	
7205	555.02	33.004	33.096	33.063	
7206	555.05	33.004	33.096	33.063	
7207	555.14	33.004	33.096	33.063	
7208	555.24	33.004	33.096	33.064	
7209	555.34	33.005	33.097	33.064	
7210	555.44	33.005	33.097	33.064	
7211	555.54	33.005	33.097	33.064	
7212	555.64	33.005	33.097	33.064	
7213	555.74	33.005	33.097	33.064	
7214	555.84	33.005	33.097	33.065	
7215	555.94	33.006	33.097	33.065	
7216	556.	33.006	33.098	33.065	
7217	556.01	33.006	33.098	33.065	
7218	556.02	33.006	33.098	33.065	
7219	556.05	33.006	33.098	33.065	
7220	556.14	33.006	33.098	33.065	
7221	556.24	33.006	33.098	33.065	
7222	556.34	33.006	33.098	33.065	
7223	556.44	33.006	33.098	33.065	
7224	556.54	33.006	33.098	33.066	
7225	556.64	33.007	33.099	33.066	
7226	556.74	33.007	33.099	33.066	
7227	556.84	33.007	33.099	33.066	
7228	556.94	33.007	33.099	33.066	
7229	557.	33.007	33.099	33.066	
7230	557.01	33.007	33.099	33.066	
7231	557.02	33.007	33.099	33.066	
7232	557.05	33.007	33.099	33.066	
7233	557.14	33.007	33.099	33.067	
7234	557.24	33.008	33.099	33.067	
7235	557.34	33.008	33.1	33.067	
7236	557.44	33.008	33.1	33.067	
7237	557.54	33.008	33.1	33.067	
7238	557.64	33.008	33.1	33.067	
7239	557.74	33.008	33.1	33.068	
7240	557.84	33.008	33.1	33.068	
7241	557.94	33.009	33.101	33.068	
7242	558.	33.009	33.101	33.068	
7243	558.01	33.009	33.101	33.068	
7244	558.02	33.009	33.101	33.068	
7245	558.05	33.009	33.101	33.068	
7246	558.14	33.009	33.101	33.068	
7247	558.24	33.009	33.101	33.068	
7248	558.34	33.009	33.101	33.068	
7249	558.44	33.009	33.101	33.069	
7250	558.54	33.01	33.102	33.069	
7251	558.64	33.01	33.102	33.069	
7252	558.74	33.01	33.102	33.069	
7253	558.84	33.01	33.102	33.069	
7254	558.94	33.01	33.102	33.069	
7255	559.	33.01	33.102	33.069	
7256	559.01	33.01	33.102	33.069	
7257	559.02	33.01	33.102	33.069	
7258	559.05	33.01	33.102	33.07	
7259	559.14	33.01	33.102	33.07	
7260	559.24	33.011	33.103	33.07	
7261	559.34	33.011	33.103	33.07	
7262	559.44	33.011	33.103	33.07	
7263	559.54	33.011	33.103	33.07	
7264	559.64	33.011	33.103	33.07	
7265	559.74	33.011	33.103	33.071	
7266	559.84	33.012	33.104	33.071	
7267	559.94	33.012	33.104	33.071	
7268	560.	33.012	33.104	33.071	
7269	560.01	33.012	33.104	33.071	
7270	560.02	33.012	33.104	33.071	
7271	560.05	33.012	33.104	33.071	
7272	560.14	33.012	33.104	33.071	
7273	560.24	33.012	33.104	33.071	
7274	560.34	33.012	33.104	33.072	
7275	560.44	33.012	33.104	33.072	
7276	560.54	33.013	33.105	33.072	
7277	560.64	33.013	33.105	33.072	
7278	560.74	33.013	33.105	33.072	
7279	560.84	33.013	33.105	33.072	
7280	560.94	33.013	33.105	33.072	
7281	561.	33.013	33.105	33.073	
7282	561.01	33.013	33.105	33.073	
7283	561.02	33.013	33.105	33.073	
7284	561.05	33.013	33.105	33.073	
7285	561.14	33.014	33.106	33.073	
7286	561.24	33.014	33.106	33.073	
7287	561.34	33.014	33.106	33.073	
7288	561.44	33.014	33.106	33.073	
7289	561.54	33.014	33.106	33.073	
7290	561.64	33.014	33.106	33.074	
7291	561.74	33.014	33.106	33.074	
7292	561.84	33.015	33.107	33.074	
7293	561.94	33.015	33.107	33.074	
7294	562.	33.015	33.107	33.074	
7295	562.01	33.015	33.107	33.074	
7296	562.02	33.015	33.107	33.074	
7297	562.05	33.015	33.107	33.074	
7298	562.14	33.015	33.107	33.074	
7299	562.24	33.015	33.107	33.074	
7300	562.34	33.015	33.107	33.075	
7301	562.44	33.016	33.108	33.075	
7302	562.54	33.016	33.108	33.075	
7303	562.64	33.016	33.108	33.075	
7304	562.74	33.016	33.108	33.075	
7305	562.84	33.016	33.108	33.075	
7306	562.94	33.016	33.108	33.076	
7307	563.	33.016	33.108	33.076	
7308	563.01	33.016	33.108	33.076	
7309	563.02	33.016	33.108	33.076	
7310	563.05	33.016	33.108	33.076	
7311	563.14	33.017	33.109	33.076	
7312	563.24	33.017	33.109	33.076	
7313	563.34	33.017	33.109	33.076	
7314	563.44	33.017	33.109	33.076	
7315	563.54	33.017	33.109	33.076	
7316	563.64	33.017	33.109	33.077	
7317	563.74	33.018	33.11	33.077	
7318	563.84	33.018	33.11	33.077	
7319	563.94	33.018	33.11	33.077	
7320	564.	33.018	33.11	33.077	
7321	564.01	33.018	33.11	33.077	
7322	564.02	33.018	33.11	33.077	
7323	564.05	33.018	33.11	33.077	
7324	564.14	33.018	33.11	33.077	
7325	564.24	33.018	33.11	33.078	
7326	564.34	33.018	33.11	33.078	
7327	564.44	33.019	33.111	33.078	
7328	564.54	33.019	33.111	33.078	
7329	564.64	33.019	33.111	33.078	
7330	564.74	33.019	33.111	33.078	
7331	564.84	33.019	33.111	33.078	
7332	564.94	33.019	33.111	33.079	
7333	565.	33.019	33.111	33.079	
7334	565.01	33.019	33.111	33.079	
7335	565.02	33.019	33.112	33.079	
7336	565.05	33.02	33.112	33.079	
7337	565.14	33.02	33.112	33.079	
7338	565.24	33.02	33.112	33.079	
7339	565.34	33.02	33.112	33.079	
7340	565.44	33.02	33.112	33.079	
7341	565.54	33.02	33.112	33.08	
7342	565.64	33.02	33.112	33.08	
7343	565.74	33.021	33.113	33.08	
7344	565.84	33.021	33.113	33.08	
7345	565.94	33.021	33.113	33.08	
7346	566.	33.021	33.113	33.08	
7347	566.01	33.021	33.113	33.08	
7348	566.02	33.021	33.113	33.08	
7349	566.05	33.021	33.113	33.08	
7350	566.14	33.021	33.113	33.08	
7351	566.24	33.021	33.113	33.081	
7352	566.34	33.021	33.114	33.081	
7353	566.44	33.022	33.114	33.081	
7354	566.54	33.022	33.114	33.081	
7355	566.64	33.022	33.114	33.081	
7356	566.74	33.022	33.114	33.081	
7357	566.84	33.022	33.114	33.082	
7358	566.94	33.022	33.114	33.082	
7359	567.	33.023	33.115	33.082	
7360	567.01	33.023	33.115	33.082	
7361	567.02	33.023	33.115	33.082	
7362	567.05	33.023	33.115	33.082	
7363	567.14	33.023	33.115	33.082	
7364	567.24	33.023	33.115	33.082	
7365	567.34	33.023	33.115	33.082	
7366	567.44	33.023	33.115	33.082	
7367	567.54	33.023	33.115	33.083	
7368	567.64	33.023	33.116	33.083	
7369	567.74	33.024	33.116	33.083	
7370	567.84	33.024	33.116	33.083	
7371	567.94	33.024	33.116	33.083	
7372	568.	33.024	33.116	33.083	
7373	568.01	33.024	33.116	33.083	
7374	568.02	33.024	33.116	33.083	
7375	568.05	33.024	33.116	33.083	
7376	568.14	33.024	33.116	33.084	
7377	568.24	33.024	33.116	33.084	
7378	568.34	33.025	33.117	33.084	
7379	568.44	33.025	33.117	33.084	
7380	568.54	33.025	33.117	33.084	
7381	568.64	33.025	33.117	33.084	
7382	568.74	33.025	33.117	33.084	
7383	568.84	33.025	33.117	33.085	
7384	568.94	33.025	33.118	33.085	
7385	569.	33.026	33.118	33.085	
7386	569.01	33.026	33.118	33.085	
7387	569.02	33.026	33.118	33.085	
7388	569.05	33.026	33.118	33.085	
7389	569.14	33.026	33.118	33.085	
7390	569.24	33.026	33.118	33.085	
7391	569.34	33.026	33.118	33.085	
7392	569.44	33.026	33.118	33.086	
7393	569.54	33.026	33.118	33.086	
7394	569.64	33.027	33.119	33.086	
7395	569.74	33.027	33.119	33.086	
7396	569.84	33.027	33.119	33.086	
7397	569.94	33.027	33.119	33.086	
7398	570.	33.027	33.119	33.086	
7399	570.01	33.027	33.119	33.086	
7400	570.02	33.027	33.119	33.086	
7401	570.05	33.027	33.119	33.086	
7402	570.14	33.027	33.119	33.087	
7403	570.24	33.027	33.12	33.087	
7404	570.34	33.028	33.12	33.087	
7405	570.44	33.028	33.12	33.087	
7406	570.54	33.028	33.12	33.087	
7407	570.64	33.028	33.12	33.087	
7408	570.74	33.028	33.12	33.088	
7409	570.84	33.028	33.121	33.088	
7410	570.94	33.029	33.121	33.088	
7411	571.	33.029	33.121	33.088	
7412	571.01	33.029	33.121	33.088	
7413	571.02	33.029	33.121	33.088	
7414	571.05	33.029	33.121	33.088	
7415	571.14	33.029	33.121	33.088	
7416	571.24	33.029	33.121	33.088	
7417	571.34	33.029	33.121	33.088	
7418	571.44	33.029	33.121	33.089	
7419	571.54	33.029	33.122	33.089	
7420	571.64	33.03	33.122	33.089	
7421	571.74	33.03	33.122	33.089	
7422	571.84	33.03	33.122	33.089	
7423	571.94	33.03	33.122	33.089	
7424	572.	33.03	33.122	33.089	
7425	572.01	33.03	33.122	33.089	
7426	572.02	33.03	33.122	33.09	
7427	572.05	33.03	33.122	33.09	
7428	572.14	33.03	33.123	33.09	
7429	572.24	33.031	33.123	33.09	
7430	572.34	33.031	33.123	33.09	
7431	572.44	33.031	33.123	33.09	
7432	572.54	33.031	33.123	33.09	
7433	572.64	33.031	33.123	33.09	
7434	572.74	33.031	33.123	33.091	
7435	572.84	33.031	33.124	33.091	
7436	572.94	33.032	33.124	33.091	
7437	573.	33.032	33.124	33.091	
7438	573.01	33.032	33.124	33.091	
7439	573.02	33.032	33.124	33.091	
7440	573.05	33.032	33.124	33.091	
7441	573.14	33.032	33.124	33.091	
7442	573.24	33.032	33.124	33.091	
7443	573.34	33.032	33.124	33.092	
7444	573.44	33.032	33.125	33.092	
7445	573.54	33.033	33.125	33.092	
7446	573.64	33.033	33.125	33.092	
7447	573.74	33.033	33.125	33.092	
7448	573.84	33.033	33.125	33.092	
7449	573.94	33.033	33.125	33.092	
7450	574.	33.033	33.125	33.093	
7451	574.01	33.033	33.125	33.093	
7452	574.02	33.033	33.125	33.093	
7453	574.05	33.033	33.125	33.093	
7454	574.14	33.033	33.126	33.093	
7455	574.24	33.034	33.126	33.093	
7456	574.34	33.034	33.126	33.093	
7457	574.44	33.034	33.126	33.093	
7458	574.54	33.034	33.126	33.093	
7459	574.64	33.034	33.126	33.094	
7460	574.74	33.034	33.127	33.094	
7461	574.84	33.035	33.127	33.094	
7462	574.94	33.035	33.127	33.094	
7463	575.	33.035	33.127	33.094	
7464	575.01	33.035	33.127	33.094	
7465	575.02	33.035	33.127	33.094	
7466	575.05	33.035	33.127	33.094	
7467	575.14	33.035	33.127	33.094	
7468	575.24	33.035	33.127	33.094	
7469	575.34	33.035	33.127	33.095	
7470	575.44	33.035	33.128	33.095	
7471	575.54	33.036	33.128	33.095	
7472	575.64	33.036	33.128	33.095	
7473	575.74	33.036	33.128	33.095	
7474	575.84	33.036	33.128	33.095	
7475	575.94	33.036	33.128	33.096	
7476	576.	33.036	33.128	33.096	
7477	576.01	33.036	33.129	33.096	
7478	576.02	33.036	33.129	33.096	
7479	576.05	33.036	33.129	33.096	
7480	576.14	33.037	33.129	33.096	
7481	576.24	33.037	33.129	33.096	
7482	576.34	33.037	33.129	33.096	
7483	576.44	33.037	33.129	33.096	
7484	576.54	33.037	33.129	33.096	
7485	576.64	33.037	33.129	33.097	
7486	576.74	33.037	33.13	33.097	
7487	576.84	33.038	33.13	33.097	
7488	576.94	33.038	33.13	33.097	
7489	577.	33.038	33.13	33.097	
7490	577.01	33.038	33.13	33.097	
7491	577.02	33.038	33.13	33.097	
7492	577.05	33.038	33.13	33.097	
7493	577.14	33.038	33.13	33.097	
7494	577.24	33.038	33.13	33.098	
7495	577.34	33.038	33.131	33.098	
7496	577.44	33.039	33.131	33.098	
7497	577.54	33.039	33.131	33.098	
7498	577.64	33.039	33.131	33.098	
7499	577.74	33.039	33.131	33.098	
7500	577.84	33.039	33.131	33.098	
7501	577.94	33.039	33.131	33.099	
7502	578.	33.039	33.132	33.099	
7503	578.01	33.039	33.132	33.099	
7504	578.02	33.039	33.132	33.099	
7505	578.05	33.039	33.132	33.099	
7506	578.14	33.04	33.132	33.099	
7507	578.24	33.04	33.132	33.099	
7508	578.34	33.04	33.132	33.099	
7509	578.44	33.04	33.132	33.099	
7510	578.54	33.04	33.132	33.1	
7511	578.64	33.04	33.133	33.1	
7512	578.74	33.041	33.133	33.1	
7513	578.84	33.041	33.133	33.1	
7514	578.94	33.041	33.133	33.1	
7515	579.	33.041	33.133	33.1	
7516	579.01	33.041	33.133	33.1	
7517	579.02	33.041	33.133	33.1	
7518	579.05	33.041	33.133	33.1	
7519	579.14	33.041	33.133	33.101	
7520	579.24	33.041	33.133	33.101	
7521	579.34	33.041	33.134	33.101	
7522	579.44	33.042	33.134	33.101	
7523	579.54	33.042	33.134	33.101	
7524	579.64	33.042	33.134	33.101	
7525	579.74	33.042	33.134	33.101	
7526	579.84	33.042	33.134	33.102	
7527	579.94	33.042	33.135	33.102	
7528	580.	33.042	33.135	33.102	
7529	580.01	33.043	33.135	33.102	
7530	580.02	33.043	33.135	33.102	
7531	580.05	33.043	33.135	33.102	
7532	580.14	33.043	33.135	33.102	
7533	580.24	33.043	33.135	33.102	
7534	580.34	33.043	33.135	33.102	
7535	580.44	33.043	33.135	33.103	
7536	580.54	33.043	33.136	33.103	
7537	580.64	33.043	33.136	33.103	
7538	580.74	33.044	33.136	33.103	
7539	580.84	33.044	33.136	33.103	
7540	580.94	33.044	33.136	33.103	
7541	581.	33.044	33.136	33.103	
7542	581.01	33.044	33.136	33.103	
7543	581.02	33.044	33.136	33.103	
7544	581.05	33.044	33.136	33.103	
7545	581.14	33.044	33.136	33.104	
7546	581.24	33.044	33.137	33.104	
7547	581.34	33.045	33.137	33.104	
7548	581.44	33.045	33.137	33.104	
7549	581.54	33.045	33.137	33.104	
7550	581.64	33.045	33.137	33.104	
7551	581.74	33.045	33.137	33.105	
7552	581.84	33.045	33.138	33.105	
7553	581.94	33.045	33.138	33.105	
7554	582.	33.046	33.138	33.105	
7555	582.01	33.046	33.138	33.105	
7556	582.02	33.046	33.138	33.105	
7557	582.05	33.046	33.138	33.105	
7558	582.14	33.046	33.138	33.105	
7559	582.24	33.046	33.138	33.105	
7560	582.34	33.046	33.138	33.105	
7561	582.44	33.046	33.138	33.106	
7562	582.54	33.046	33.139	33.106	
7563	582.64	33.047	33.139	33.106	
7564	582.74	33.047	33.139	33.106	
7565	582.84	33.047	33.139	33.106	
7566	582.94	33.047	33.139	33.106	
7567	583.	33.047	33.139	33.106	
7568	583.01	33.047	33.139	33.106	
7569	583.02	33.047	33.139	33.106	
7570	583.05	33.047	33.139	33.107	
7571	583.14	33.047	33.14	33.107	
7572	583.24	33.047	33.14	33.107	
7573	583.34	33.048	33.14	33.107	
7574	583.44	33.048	33.14	33.107	
7575	583.54	33.048	33.14	33.107	
7576	583.64	33.048	33.14	33.107	
7577	583.74	33.048	33.14	33.108	
7578	583.84	33.048	33.141	33.108	
7579	583.94	33.049	33.141	33.108	
7580	584.	33.049	33.141	33.108	
7581	584.01	33.049	33.141	33.108	
7582	584.02	33.049	33.141	33.108	
7583	584.05	33.049	33.141	33.108	
7584	584.14	33.049	33.141	33.108	
7585	584.24	33.049	33.141	33.108	
7586	584.34	33.049	33.141	33.109	
7587	584.44	33.049	33.142	33.109	
7588	584.54	33.049	33.142	33.109	
7589	584.64	33.05	33.142	33.109	
7590	584.74	33.05	33.142	33.109	
7591	584.84	33.05	33.142	33.109	
7592	584.94	33.05	33.142	33.109	
7593	585.	33.05	33.142	33.11	
7594	585.01	33.05	33.142	33.11	
7595	585.02	33.05	33.142	33.11	
7596	585.05	33.05	33.142	33.11	
7597	585.14	33.05	33.143	33.11	
7598	585.24	33.051	33.143	33.11	
7599	585.34	33.051	33.143	33.11	
7600	585.44	33.051	33.143	33.11	
7601	585.54	33.051	33.143	33.11	
7602	585.64	33.051	33.143	33.111	
7603	585.74	33.051	33.144	33.111	
7604	585.84	33.051	33.144	33.111	
7605	585.94	33.052	33.144	33.111	
7606	586.	33.052	33.144	33.111	
7607	586.01	33.052	33.144	33.111	
7608	586.02	33.052	33.144	33.111	
7609	586.05	33.052	33.144	33.111	
7610	586.14	33.052	33.144	33.111	
7611	586.24	33.052	33.144	33.111	
7612	586.34	33.052	33.144	33.112	
7613	586.44	33.052	33.145	33.112	
7614	586.54	33.053	33.145	33.112	
7615	586.64	33.053	33.145	33.112	
7616	586.74	33.053	33.145	33.112	
7617	586.84	33.053	33.145	33.112	
7618	586.94	33.053	33.145	33.113	
7619	587.	33.053	33.146	33.113	
7620	587.01	33.053	33.146	33.113	
7621	587.02	33.053	33.146	33.113	
7622	587.05	33.053	33.146	33.113	
7623	587.14	33.053	33.146	33.113	
7624	587.24	33.054	33.146	33.113	
7625	587.34	33.054	33.146	33.113	
7626	587.44	33.054	33.146	33.113	
7627	587.54	33.054	33.146	33.113	
7628	587.64	33.054	33.146	33.114	
7629	587.74	33.054	33.147	33.114	
7630	587.84	33.055	33.147	33.114	
7631	587.94	33.055	33.147	33.114	
7632	588.	33.055	33.147	33.114	
7633	588.01	33.055	33.147	33.114	
7634	588.02	33.055	33.147	33.114	
7635	588.05	33.055	33.147	33.114	
7636	588.14	33.055	33.147	33.114	
7637	588.24	33.055	33.147	33.115	
7638	588.34	33.055	33.148	33.115	
7639	588.44	33.055	33.148	33.115	
7640	588.54	33.056	33.148	33.115	
7641	588.64	33.056	33.148	33.115	
7642	588.74	33.056	33.148	33.115	
7643	588.84	33.056	33.148	33.115	
7644	588.94	33.056	33.149	33.116	
7645	589.	33.056	33.149	33.116	
7646	589.01	33.056	33.149	33.116	
7647	589.02	33.056	33.149	33.116	
7648	589.05	33.056	33.149	33.116	
7649	589.14	33.057	33.149	33.116	
7650	589.24	33.057	33.149	33.116	
7651	589.34	33.057	33.149	33.116	
7652	589.44	33.057	33.149	33.116	
7653	589.54	33.057	33.149	33.117	
7654	589.64	33.057	33.15	33.117	
7655	589.74	33.057	33.15	33.117	
7656	589.84	33.058	33.15	33.117	
7657	589.94	33.058	33.15	33.117	
7658	590.	33.058	33.15	33.117	
7659	590.01	33.058	33.15	33.117	
7660	590.02	33.058	33.15	33.117	
7661	590.05	33.058	33.15	33.117	
7662	590.14	33.058	33.15	33.117	
7663	590.24	33.058	33.151	33.118	
7664	590.34	33.058	33.151	33.118	
7665	590.44	33.059	33.151	33.118	
7666	590.54	33.059	33.151	33.118	
7667	590.64	33.059	33.151	33.118	
7668	590.74	33.059	33.151	33.118	
7669	590.84	33.059	33.151	33.119	
7670	590.94	33.059	33.152	33.119	
7671	591.	33.059	33.152	33.119	
7672	591.01	33.059	33.152	33.119	
7673	591.02	33.059	33.152	33.119	
7674	591.05	33.059	33.152	33.119	
7675	591.14	33.06	33.152	33.119	
7676	591.24	33.06	33.152	33.119	
7677	591.34	33.06	33.152	33.119	
7678	591.44	33.06	33.152	33.12	
7679	591.54	33.06	33.153	33.12	
7680	591.64	33.06	33.153	33.12	
7681	591.74	33.061	33.153	33.12	
7682	591.84	33.061	33.153	33.12	
7683	591.94	33.061	33.153	33.12	
7684	592.	33.061	33.153	33.12	
7685	592.01	33.061	33.153	33.12	
7686	592.02	33.061	33.153	33.12	
7687	592.05	33.061	33.153	33.12	
7688	592.14	33.061	33.153	33.121	
7689	592.24	33.061	33.154	33.121	
7690	592.34	33.061	33.154	33.121	
7691	592.44	33.062	33.154	33.121	
7692	592.54	33.062	33.154	33.121	
7693	592.64	33.062	33.154	33.121	
7694	592.74	33.062	33.154	33.122	
7695	592.84	33.062	33.155	33.122	
7696	592.94	33.062	33.155	33.122	
7697	593.	33.062	33.155	33.122	
7698	593.01	33.063	33.155	33.122	
7699	593.02	33.063	33.155	33.122	
7700	593.05	33.063	33.155	33.122	
7701	593.14	33.063	33.155	33.122	
7702	593.24	33.063	33.155	33.122	
7703	593.34	33.063	33.155	33.122	
7704	593.44	33.063	33.155	33.123	
7705	593.54	33.063	33.156	33.123	
7706	593.64	33.063	33.156	33.123	
7707	593.74	33.064	33.156	33.123	
7708	593.84	33.064	33.156	33.123	
7709	593.94	33.064	33.156	33.123	
7710	594.	33.064	33.156	33.123	
7711	594.01	33.064	33.156	33.123	
7712	594.02	33.064	33.156	33.123	
7713	594.05	33.064	33.156	33.124	
7714	594.14	33.064	33.157	33.124	
7715	594.24	33.064	33.157	33.124	
7716	594.34	33.065	33.157	33.124	
7717	594.44	33.065	33.157	33.124	
7718	594.54	33.065	33.157	33.124	
7719	594.64	33.065	33.157	33.124	
7720	594.74	33.065	33.157	33.125	
7721	594.84	33.065	33.158	33.125	
7722	594.94	33.065	33.158	33.125	
7723	595.	33.066	33.158	33.125	
7724	595.01	33.066	33.158	33.125	
7725	595.02	33.066	33.158	33.125	
7726	595.05	33.066	33.158	33.125	
7727	595.14	33.066	33.158	33.125	
7728	595.24	33.066	33.158	33.125	
7729	595.34	33.066	33.158	33.126	
7730	595.44	33.066	33.159	33.126	
7731	595.54	33.066	33.159	33.126	
7732	595.64	33.067	33.159	33.126	
7733	595.74	33.067	33.159	33.126	
7734	595.84	33.067	33.159	33.126	
7735	595.94	33.067	33.159	33.126	
7736	596.	33.067	33.159	33.127	
7737	596.01	33.067	33.159	33.127	
7738	596.02	33.067	33.159	33.127	
7739	596.05	33.067	33.16	33.127	
7740	596.14	33.067	33.16	33.127	
7741	596.24	33.067	33.16	33.127	
7742	596.34	33.068	33.16	33.127	
7743	596.44	33.068	33.16	33.127	
7744	596.54	33.068	33.16	33.127	
7745	596.64	33.068	33.16	33.128	
7746	596.74	33.068	33.161	33.128	
7747	596.84	33.068	33.161	33.128	
7748	596.94	33.069	33.161	33.128	
7749	597.	33.069	33.161	33.128	
7750	597.01	33.069	33.161	33.128	
7751	597.02	33.069	33.161	33.128	
7752	597.05	33.069	33.161	33.128	
7753	597.14	33.069	33.161	33.128	
7754	597.24	33.069	33.161	33.128	
7755	597.34	33.069	33.162	33.129	
7756	597.44	33.069	33.162	33.129	
7757	597.54	33.069	33.162	33.129	
7758	597.64	33.07	33.162	33.129	
7759	597.74	33.07	33.162	33.129	
7760	597.84	33.07	33.162	33.129	
7761	597.94	33.07	33.162	33.13	
7762	598.	33.07	33.163	33.13	
7763	598.01	33.07	33.163	33.13	
7764	598.02	33.07	33.163	33.13	
7765	598.05	33.07	33.163	33.13	
7766	598.14	33.07	33.163	33.13	
7767	598.24	33.071	33.163	33.13	
7768	598.34	33.071	33.163	33.13	
7769	598.44	33.071	33.163	33.13	
7770	598.54	33.071	33.163	33.13	
7771	598.64	33.071	33.164	33.131	
7772	598.74	33.071	33.164	33.131	
7773	598.84	33.071	33.164	33.131	
7774	598.94	33.072	33.164	33.131	
7775	599.	33.072	33.164	33.131	
7776	599.01	33.072	33.164	33.131	
7777	599.02	33.072	33.164	33.131	
7778	599.05	33.072	33.164	33.131	
7779	599.14	33.072	33.164	33.131	
7780	599.24	33.072	33.164	33.132	
7781	599.34	33.072	33.165	33.132	
7782	599.44	33.072	33.165	33.132	
7783	599.54	33.073	33.165	33.132	
7784	599.64	33.073	33.165	33.132	
7785	599.74	33.073	33.165	33.132	
7786	599.84	33.073	33.165	33.132	
7787	599.94	33.073	33.166	33.133	
7788	600.	33.073	33.166	33.133	
7789	600.01	33.073	33.166	33.133	
7790	600.02	33.073	33.166	33.133	
7791	600.05	33.073	33.166	33.133	
7792	600.14	33.073	33.166	33.133	
7793	600.24	33.074	33.166	33.133	
7794	600.34	33.074	33.166	33.133	
7795	600.44	33.074	33.166	33.133	
7796	600.54	33.074	33.166	33.134	
7797	600.64	33.074	33.167	33.134	
7798	600.74	33.074	33.167	33.134	
7799	600.84	33.075	33.167	33.134	
7800	600.94	33.075	33.167	33.134	
7801	601.	33.075	33.167	33.134	
7802	601.01	33.075	33.167	33.134	
7803	601.02	33.075	33.167	33.134	
7804	601.05	33.075	33.167	33.134	
7805	601.14	33.075	33.167	33.135	
7806	601.24	33.075	33.168	33.135	
7807	601.34	33.075	33.168	33.135	
7808	601.44	33.075	33.168	33.135	
7809	601.54	33.076	33.168	33.135	
7810	601.64	33.076	33.168	33.135	
7811	601.74	33.076	33.168	33.135	
7812	601.84	33.076	33.169	33.136	
7813	601.94	33.076	33.169	33.136	
7814	602.	33.076	33.169	33.136	
7815	602.01	33.076	33.169	33.136	
7816	602.02	33.076	33.169	33.136	
7817	602.05	33.076	33.169	33.136	
7818	602.14	33.077	33.169	33.136	
7819	602.24	33.077	33.169	33.136	
7820	602.34	33.077	33.169	33.136	
7821	602.44	33.077	33.169	33.137	
7822	602.54	33.077	33.17	33.137	
7823	602.64	33.077	33.17	33.137	
7824	602.74	33.077	33.17	33.137	
7825	602.84	33.078	33.17	33.137	
7826	602.94	33.078	33.17	33.137	
7827	603.	33.078	33.17	33.137	
7828	603.01	33.078	33.17	33.137	
7829	603.02	33.078	33.17	33.137	
7830	603.05	33.078	33.17	33.137	
7831	603.14	33.078	33.171	33.138	
7832	603.24	33.078	33.171	33.138	
7833	603.34	33.078	33.171	33.138	
7834	603.44	33.079	33.171	33.138	
7835	603.54	33.079	33.171	33.138	
7836	603.64	33.079	33.171	33.138	
7837	603.74	33.079	33.171	33.139	
7838	603.84	33.079	33.172	33.139	
7839	603.94	33.079	33.172	33.139	
7840	604.	33.079	33.172	33.139	
7841	604.01	33.079	33.172	33.139	
7842	604.02	33.079	33.172	33.139	
7843	604.05	33.08	33.172	33.139	
7844	604.14	33.08	33.172	33.139	
7845	604.24	33.08	33.172	33.139	
7846	604.34	33.08	33.172	33.139	
7847	604.44	33.08	33.173	33.14	
7848	604.54	33.08	33.173	33.14	
7849	604.64	33.08	33.173	33.14	
7850	604.74	33.081	33.173	33.14	
7851	604.84	33.081	33.173	33.14	
7852	604.94	33.081	33.173	33.14	
7853	605.	33.081	33.173	33.14	
7854	605.01	33.081	33.173	33.14	
7855	605.02	33.081	33.173	33.141	
7856	605.05	33.081	33.173	33.141	
7857	605.14	33.081	33.174	33.141	
7858	605.24	33.081	33.174	33.141	
7859	605.34	33.081	33.174	33.141	
7860	605.44	33.082	33.174	33.141	
7861	605.54	33.082	33.174	33.141	
7862	605.64	33.082	33.174	33.141	
7863	605.74	33.082	33.175	33.142	
7864	605.84	33.082	33.175	33.142	
7865	605.94	33.082	33.175	33.142	
7866	606.	33.083	33.175	33.142	
7867	606.01	33.083	33.175	33.142	
7868	606.02	33.083	33.175	33.142	
7869	606.05	33.083	33.175	33.142	
7870	606.14	33.083	33.175	33.142	
7871	606.24	33.083	33.175	33.142	
7872	606.34	33.083	33.175	33.143	
7873	606.44	33.083	33.176	33.143	
7874	606.54	33.083	33.176	33.143	
7875	606.64	33.083	33.176	33.143	
7876	606.74	33.084	33.176	33.143	
7877	606.84	33.084	33.176	33.143	
7878	606.94	33.084	33.176	33.143	
7879	607.	33.084	33.177	33.144	
7880	607.01	33.084	33.177	33.144	
7881	607.02	33.084	33.177	33.144	
7882	607.05	33.084	33.177	33.144	
7883	607.14	33.084	33.177	33.144	
7884	607.24	33.084	33.177	33.144	
7885	607.34	33.085	33.177	33.144	
7886	607.44	33.085	33.177	33.144	
7887	607.54	33.085	33.177	33.144	
7888	607.64	33.085	33.177	33.145	
7889	607.74	33.085	33.178	33.145	
7890	607.84	33.085	33.178	33.145	
7891	607.94	33.085	33.178	33.145	
7892	608.	33.086	33.178	33.145	
7893	608.01	33.086	33.178	33.145	
7894	608.02	33.086	33.178	33.145	
7895	608.05	33.086	33.178	33.145	
7896	608.14	33.086	33.178	33.145	
7897	608.24	33.086	33.178	33.145	
7898	608.34	33.086	33.179	33.146	
7899	608.44	33.086	33.179	33.146	
7900	608.54	33.086	33.179	33.146	
7901	608.64	33.087	33.179	33.146	
7902	608.74	33.087	33.179	33.146	
7903	608.84	33.087	33.179	33.146	
7904	608.94	33.087	33.18	33.147	
7905	609.	33.087	33.18	33.147	
7906	609.01	33.087	33.18	33.147	
7907	609.02	33.087	33.18	33.147	
7908	609.05	33.087	33.18	33.147	
7909	609.14	33.087	33.18	33.147	
7910	609.24	33.088	33.18	33.147	
7911	609.34	33.088	33.18	33.147	
7912	609.44	33.088	33.18	33.147	
7913	609.54	33.088	33.18	33.148	
7914	609.64	33.088	33.181	33.148	
7915	609.74	33.088	33.181	33.148	
7916	609.84	33.088	33.181	33.148	
7917	609.94	33.089	33.181	33.148	
7918	610.	33.089	33.181	33.148	
7919	610.01	33.089	33.181	33.148	
7920	610.02	33.089	33.181	33.148	
7921	610.05	33.089	33.181	33.148	
7922	610.14	33.089	33.181	33.148	
7923	610.24	33.089	33.182	33.149	
7924	610.34	33.089	33.182	33.149	
7925	610.44	33.089	33.182	33.149	
7926	610.54	33.09	33.182	33.149	
7927	610.64	33.09	33.182	33.149	
7928	610.74	33.09	33.182	33.149	
7929	610.84	33.09	33.182	33.15	
7930	610.94	33.09	33.183	33.15	
7931	611.	33.09	33.183	33.15	
7932	611.01	33.09	33.183	33.15	
7933	611.02	33.09	33.183	33.15	
7934	611.05	33.09	33.183	33.15	
7935	611.14	33.09	33.183	33.15	
7936	611.24	33.091	33.183	33.15	
7937	611.34	33.091	33.183	33.15	
7938	611.44	33.091	33.183	33.15	
7939	611.54	33.091	33.184	33.151	
7940	611.64	33.091	33.184	33.151	
7941	611.74	33.091	33.184	33.151	
7942	611.84	33.092	33.184	33.151	
7943	611.94	33.092	33.184	33.151	
7944	612.	33.092	33.184	33.151	
7945	612.01	33.092	33.184	33.151	
7946	612.02	33.092	33.184	33.151	
7947	612.05	33.092	33.184	33.151	
7948	612.14	33.092	33.184	33.152	
7949	612.24	33.092	33.185	33.152	
7950	612.34	33.092	33.185	33.152	
7951	612.44	33.092	33.185	33.152	
7952	612.54	33.093	33.185	33.152	
7953	612.64	33.093	33.185	33.152	
7954	612.74	33.093	33.185	33.152	
7955	612.84	33.093	33.186	33.153	
7956	612.94	33.093	33.186	33.153	
7957	613.	33.093	33.186	33.153	
7958	613.01	33.093	33.186	33.153	
7959	613.02	33.093	33.186	33.153	
7960	613.05	33.093	33.186	33.153	
7961	613.14	33.094	33.186	33.153	
7962	613.24	33.094	33.186	33.153	
7963	613.34	33.094	33.186	33.153	
7964	613.44	33.094	33.186	33.154	
7965	613.54	33.094	33.187	33.154	
7966	613.64	33.094	33.187	33.154	
7967	613.74	33.094	33.187	33.154	
7968	613.84	33.095	33.187	33.154	
7969	613.94	33.095	33.187	33.154	
7970	614.	33.095	33.187	33.154	
7971	614.01	33.095	33.187	33.154	
7972	614.02	33.095	33.187	33.154	
7973	614.05	33.095	33.187	33.154	
7974	614.14	33.095	33.188	33.155	
7975	614.24	33.095	33.188	33.155	
7976	614.34	33.095	33.188	33.155	
7977	614.44	33.096	33.188	33.155	
7978	614.54	33.096	33.188	33.155	
7979	614.64	33.096	33.188	33.155	
7980	614.74	33.096	33.189	33.156	
7981	614.84	33.096	33.189	33.156	
7982	614.94	33.096	33.189	33.156	
7983	615.	33.096	33.189	33.156	
7984	615.01	33.096	33.189	33.156	
7985	615.02	33.096	33.189	33.156	
7986	615.05	33.096	33.189	33.156	
7987	615.14	33.097	33.189	33.156	
7988	615.24	33.097	33.189	33.156	
7989	615.34	33.097	33.189	33.156	
7990	615.44	33.097	33.19	33.157	
7991	615.54	33.097	33.19	33.157	
7992	615.64	33.097	33.19	33.157	
7993	615.74	33.098	33.19	33.157	
7994	615.84	33.098	33.19	33.157	
7995	615.94	33.098	33.19	33.157	
7996	616.	33.098	33.19	33.158	
7997	616.01	33.098	33.19	33.158	
7998	616.02	33.098	33.19	33.158	
7999	616.05	33.098	33.191	33.158	
8000	616.14	33.098	33.191	33.158	
8001	616.24	33.098	33.191	33.158	
8002	616.34	33.098	33.191	33.158	
8003	616.44	33.099	33.191	33.158	
8004	616.54	33.099	33.191	33.158	
8005	616.64	33.099	33.191	33.158	
8006	616.74	33.099	33.192	33.159	
8007	616.84	33.099	33.192	33.159	
8008	616.94	33.099	33.192	33.159	
8009	617.	33.099	33.192	33.159	
8010	617.01	33.099	33.192	33.159	
8011	617.02	33.099	33.192	33.159	
8012	617.05	33.1	33.192	33.159	
8013	617.14	33.1	33.192	33.159	
8014	617.24	33.1	33.192	33.159	
8015	617.34	33.1	33.193	33.16	
8016	617.44	33.1	33.193	33.16	
8017	617.54	33.1	33.193	33.16	
8018	617.64	33.1	33.193	33.16	
8019	617.74	33.101	33.193	33.16	
8020	617.84	33.101	33.193	33.16	
8021	617.94	33.101	33.193	33.161	
8022	618.	33.101	33.194	33.161	
8023	618.01	33.101	33.194	33.161	
8024	618.02	33.101	33.194	33.161	
8025	618.05	33.101	33.194	33.161	
8026	618.14	33.101	33.194	33.161	
8027	618.24	33.101	33.194	33.161	
8028	618.34	33.102	33.194	33.161	
8029	618.44	33.102	33.194	33.161	
8030	618.54	33.102	33.194	33.161	
8031	618.64	33.102	33.195	33.162	
8032	618.74	33.102	33.195	33.162	
8033	618.84	33.102	33.195	33.162	
8034	618.94	33.102	33.195	33.162	
8035	619.	33.103	33.195	33.162	
8036	619.01	33.103	33.195	33.162	
8037	619.02	33.103	33.195	33.162	
8038	619.05	33.103	33.195	33.162	
8039	619.14	33.103	33.195	33.162	
8040	619.24	33.103	33.195	33.163	
8041	619.34	33.103	33.196	33.163	
8042	619.44	33.103	33.196	33.163	
8043	619.54	33.103	33.196	33.163	
8044	619.64	33.104	33.196	33.163	
8045	619.74	33.104	33.196	33.163	
8046	619.84	33.104	33.196	33.163	
8047	619.94	33.104	33.197	33.164	
8048	620.	33.104	33.197	33.164	
8049	620.01	33.104	33.197	33.164	
8050	620.02	33.104	33.197	33.164	
8051	620.05	33.104	33.197	33.164	
8052	620.14	33.104	33.197	33.164	
8053	620.24	33.104	33.197	33.164	
8054	620.34	33.105	33.197	33.164	
8055	620.44	33.105	33.197	33.164	
8056	620.54	33.105	33.198	33.165	
8057	620.64	33.105	33.198	33.165	
8058	620.74	33.105	33.198	33.165	
8059	620.84	33.105	33.198	33.165	
8060	620.94	33.106	33.198	33.165	
8061	621.	33.106	33.198	33.165	
8062	621.01	33.106	33.198	33.165	
8063	621.02	33.106	33.198	33.165	
8064	621.05	33.106	33.198	33.165	
8065	621.14	33.106	33.198	33.165	
8066	621.24	33.106	33.199	33.166	
8067	621.34	33.106	33.199	33.166	
8068	621.44	33.106	33.199	33.166	
8069	621.54	33.106	33.199	33.166	
8070	621.64	33.107	33.199	33.166	
8071	621.74	33.107	33.199	33.166	
8072	621.84	33.107	33.2	33.167	
8073	621.94	33.107	33.2	33.167	
8074	622.	33.107	33.2	33.167	
8075	622.01	33.107	33.2	33.167	
8076	622.02	33.107	33.2	33.167	
8077	622.05	33.107	33.2	33.167	
8078	622.14	33.107	33.2	33.167	
8079	622.24	33.108	33.2	33.167	
8080	622.34	33.108	33.2	33.167	
8081	622.44	33.108	33.2	33.167	
8082	622.54	33.108	33.201	33.168	
8083	622.64	33.108	33.201	33.168	
8084	622.74	33.108	33.201	33.168	
8085	622.84	33.108	33.201	33.168	
8086	622.94	33.109	33.201	33.168	
8087	623.	33.109	33.201	33.168	
8088	623.01	33.109	33.201	33.168	
8089	623.02	33.109	33.201	33.168	
8090	623.05	33.109	33.201	33.168	
8091	623.14	33.109	33.202	33.169	
8092	623.24	33.109	33.202	33.169	
8093	623.34	33.109	33.202	33.169	
8094	623.44	33.109	33.202	33.169	
8095	623.54	33.11	33.202	33.169	
8096	623.64	33.11	33.202	33.169	
8097	623.74	33.11	33.202	33.169	
8098	623.84	33.11	33.203	33.17	
8099	623.94	33.11	33.203	33.17	
8100	624.	33.11	33.203	33.17	
8101	624.01	33.11	33.203	33.17	
8102	624.02	33.11	33.203	33.17	
8103	624.05	33.11	33.203	33.17	
8104	624.14	33.11	33.203	33.17	
8105	624.24	33.111	33.203	33.17	
8106	624.34	33.111	33.203	33.17	
8107	624.44	33.111	33.204	33.171	
8108	624.54	33.111	33.204	33.171	
8109	624.64	33.111	33.204	33.171	
8110	624.74	33.111	33.204	33.171	
8111	624.84	33.112	33.204	33.171	
8112	624.94	33.112	33.204	33.171	
8113	625.	33.112	33.204	33.171	
8114	625.01	33.112	33.204	33.171	
8115	625.02	33.112	33.204	33.171	
8116	625.05	33.112	33.205	33.172	
8117	625.14	33.112	33.205	33.172	
8118	625.24	33.112	33.205	33.172	
8119	625.34	33.112	33.205	33.172	
8120	625.44	33.112	33.205	33.172	
8121	625.54	33.113	33.205	33.172	
8122	625.64	33.113	33.205	33.172	
8123	625.74	33.113	33.206	33.173	
8124	625.84	33.113	33.206	33.173	
8125	625.94	33.113	33.206	33.173	
8126	626.	33.113	33.206	33.173	
8127	626.01	33.113	33.206	33.173	
8128	626.02	33.113	33.206	33.173	
8129	626.05	33.113	33.206	33.173	
8130	626.14	33.114	33.206	33.173	
8131	626.24	33.114	33.206	33.173	
8132	626.34	33.114	33.207	33.174	
8133	626.44	33.114	33.207	33.174	
8134	626.54	33.114	33.207	33.174	
8135	626.64	33.114	33.207	33.174	
8136	626.74	33.114	33.207	33.174	
8137	626.84	33.115	33.207	33.174	
8138	626.94	33.115	33.207	33.174	
8139	627.	33.115	33.208	33.175	
8140	627.01	33.115	33.208	33.175	
8141	627.02	33.115	33.208	33.175	
8142	627.05	33.115	33.208	33.175	
8143	627.14	33.115	33.208	33.175	
8144	627.24	33.115	33.208	33.175	
8145	627.34	33.115	33.208	33.175	
8146	627.44	33.116	33.208	33.175	
8147	627.54	33.116	33.208	33.175	
8148	627.64	33.116	33.209	33.176	
8149	627.74	33.116	33.209	33.176	
8150	627.84	33.116	33.209	33.176	
8151	627.94	33.116	33.209	33.176	
8152	628.	33.116	33.209	33.176	
8153	628.01	33.116	33.209	33.176	
8154	628.02	33.116	33.209	33.176	
8155	628.05	33.117	33.209	33.176	
8156	628.14	33.117	33.209	33.176	
8157	628.24	33.117	33.209	33.176	
8158	628.34	33.117	33.21	33.177	
8159	628.44	33.117	33.21	33.177	
8160	628.54	33.117	33.21	33.177	
8161	628.64	33.117	33.21	33.177	
8162	628.74	33.118	33.21	33.177	
8163	628.84	33.118	33.21	33.177	
8164	628.94	33.118	33.211	33.178	
8165	629.	33.118	33.211	33.178	
8166	629.01	33.118	33.211	33.178	
8167	629.02	33.118	33.211	33.178	
8168	629.05	33.118	33.211	33.178	
8169	629.14	33.118	33.211	33.178	
8170	629.24	33.118	33.211	33.178	
8171	629.34	33.119	33.211	33.178	
8172	629.44	33.119	33.211	33.178	
8173	629.54	33.119	33.211	33.178	
8174	629.64	33.119	33.212	33.179	
8175	629.74	33.119	33.212	33.179	
8176	629.84	33.119	33.212	33.179	
8177	629.94	33.119	33.212	33.179	
8178	630.	33.12	33.212	33.179	
8179	630.01	33.12	33.212	33.179	
8180	630.02	33.12	33.212	33.179	
8181	630.05	33.12	33.212	33.179	
8182	630.14	33.12	33.212	33.179	
8183	630.24	33.12	33.213	33.18	
8184	630.34	33.12	33.213	33.18	
8185	630.44	33.12	33.213	33.18	
8186	630.54	33.12	33.213	33.18	
8187	630.64	33.121	33.213	33.18	
8188	630.74	33.121	33.213	33.18	
8189	630.84	33.121	33.214	33.18	
8190	630.94	33.121	33.214	33.181	
8191	631.	33.121	33.214	33.181	
8192	631.01	33.121	33.214	33.181	
8193	631.02	33.121	33.214	33.181	
8194	631.05	33.121	33.214	33.181	
8195	631.14	33.121	33.214	33.181	
8196	631.24	33.121	33.214	33.181	
8197	631.34	33.122	33.214	33.181	
8198	631.44	33.122	33.214	33.181	
8199	631.54	33.122	33.215	33.182	
8200	631.64	33.122	33.215	33.182	
8201	631.74	33.122	33.215	33.182	
8202	631.84	33.122	33.215	33.182	
8203	631.94	33.123	33.215	33.182	
8204	632.	33.123	33.215	33.182	
8205	632.01	33.123	33.215	33.182	
8206	632.02	33.123	33.215	33.182	
8207	632.05	33.123	33.215	33.182	
8208	632.14	33.123	33.216	33.183	
8209	632.24	33.123	33.216	33.183	
8210	632.34	33.123	33.216	33.183	
8211	632.44	33.123	33.216	33.183	
8212	632.54	33.123	33.216	33.183	
8213	632.64	33.124	33.216	33.183	
8214	632.74	33.124	33.216	33.183	
8215	632.84	33.124	33.217	33.184	
8216	632.94	33.124	33.217	33.184	
8217	633.	33.124	33.217	33.184	
8218	633.01	33.124	33.217	33.184	
8219	633.02	33.124	33.217	33.184	
8220	633.05	33.124	33.217	33.184	
8221	633.14	33.124	33.217	33.184	
8222	633.24	33.125	33.217	33.184	
8223	633.34	33.125	33.217	33.184	
8224	633.44	33.125	33.218	33.185	
8225	633.54	33.125	33.218	33.185	
8226	633.64	33.125	33.218	33.185	
8227	633.74	33.125	33.218	33.185	
8228	633.84	33.125	33.218	33.185	
8229	633.94	33.126	33.218	33.185	
8230	634.	33.126	33.218	33.185	
8231	634.01	33.126	33.218	33.185	
8232	634.02	33.126	33.218	33.185	
8233	634.05	33.126	33.218	33.185	
8234	634.14	33.126	33.219	33.186	
8235	634.24	33.126	33.219	33.186	
8236	634.34	33.126	33.219	33.186	
8237	634.44	33.126	33.219	33.186	
8238	634.54	33.127	33.219	33.186	
8239	634.64	33.127	33.219	33.186	
8240	634.74	33.127	33.22	33.187	
8241	634.84	33.127	33.22	33.187	
8242	634.94	33.127	33.22	33.187	
8243	635.	33.127	33.22	33.187	
8244	635.01	33.127	33.22	33.187	
8245	635.02	33.127	33.22	33.187	
8246	635.05	33.127	33.22	33.187	
8247	635.14	33.127	33.22	33.187	
8248	635.24	33.128	33.22	33.187	
8249	635.34	33.128	33.221	33.187	
8250	635.44	33.128	33.221	33.188	
8251	635.54	33.128	33.221	33.188	
8252	635.64	33.128	33.221	33.188	
8253	635.74	33.128	33.221	33.188	
8254	635.84	33.129	33.221	33.188	
8255	635.94	33.129	33.221	33.188	
8256	636.	33.129	33.222	33.188	
8257	636.01	33.129	33.222	33.189	
8258	636.02	33.129	33.222	33.189	
8259	636.05	33.129	33.222	33.189	
8260	636.14	33.129	33.222	33.189	
8261	636.24	33.129	33.222	33.189	
8262	636.34	33.129	33.222	33.189	
8263	636.44	33.129	33.222	33.189	
8264	636.54	33.13	33.222	33.189	
8265	636.64	33.13	33.223	33.189	
8266	636.74	33.13	33.223	33.19	
8267	636.84	33.13	33.223	33.19	
8268	636.94	33.13	33.223	33.19	
8269	637.	33.13	33.223	33.19	
8270	637.01	33.13	33.223	33.19	
8271	637.02	33.13	33.223	33.19	
8272	637.05	33.13	33.223	33.19	
8273	637.14	33.131	33.223	33.19	
8274	637.24	33.131	33.223	33.19	
8275	637.34	33.131	33.224	33.191	
8276	637.44	33.131	33.224	33.191	
8277	637.54	33.131	33.224	33.191	
8278	637.64	33.131	33.224	33.191	
8279	637.74	33.131	33.224	33.191	
8280	637.84	33.132	33.224	33.191	
8281	637.94	33.132	33.225	33.192	
8282	638.	33.132	33.225	33.192	
8283	638.01	33.132	33.225	33.192	
8284	638.02	33.132	33.225	33.192	
8285	638.05	33.132	33.225	33.192	
8286	638.14	33.132	33.225	33.192	
8287	638.24	33.132	33.225	33.192	
8288	638.34	33.132	33.225	33.192	
8289	638.44	33.133	33.225	33.192	
8290	638.54	33.133	33.225	33.192	
8291	638.64	33.133	33.226	33.193	
8292	638.74	33.133	33.226	33.193	
8293	638.84	33.133	33.226	33.193	
8294	638.94	33.133	33.226	33.193	
8295	639.	33.133	33.226	33.193	
8296	639.01	33.133	33.226	33.193	
8297	639.02	33.133	33.226	33.193	
8298	639.05	33.133	33.226	33.193	
8299	639.14	33.134	33.226	33.193	
8300	639.24	33.134	33.227	33.194	
8301	639.34	33.134	33.227	33.194	
8302	639.44	33.134	33.227	33.194	
8303	639.54	33.134	33.227	33.194	
8304	639.64	33.134	33.227	33.194	
8305	639.74	33.135	33.227	33.194	
8306	639.84	33.135	33.227	33.194	
8307	639.94	33.135	33.228	33.195	
8308	640.	33.135	33.228	33.195	
8309	640.01	33.135	33.228	33.195	
8310	640.02	33.135	33.228	33.195	
8311	640.05	33.135	33.228	33.195	
8312	640.14	33.135	33.228	33.195	
8313	640.24	33.135	33.228	33.195	
8314	640.34	33.135	33.228	33.195	
8315	640.44	33.136	33.228	33.195	
8316	640.54	33.136	33.229	33.196	
8317	640.64	33.136	33.229	33.196	
8318	640.74	33.136	33.229	33.196	
8319	640.84	33.136	33.229	33.196	
8320	640.94	33.136	33.229	33.196	
8321	641.	33.137	33.229	33.196	
8322	641.01	33.137	33.229	33.196	
8323	641.02	33.137	33.229	33.196	
8324	641.05	33.137	33.229	33.196	
8325	641.14	33.137	33.23	33.196	
8326	641.24	33.137	33.23	33.197	
8327	641.34	33.137	33.23	33.197	
8328	641.44	33.137	33.23	33.197	
8329	641.54	33.137	33.23	33.197	
8330	641.64	33.137	33.23	33.197	
8331	641.74	33.138	33.23	33.197	
8332	641.84	33.138	33.231	33.198	
8333	641.94	33.138	33.231	33.198	
8334	642.	33.138	33.231	33.198	
8335	642.01	33.138	33.231	33.198	
8336	642.02	33.138	33.231	33.198	
8337	642.05	33.138	33.231	33.198	
8338	642.14	33.138	33.231	33.198	
8339	642.24	33.138	33.231	33.198	
8340	642.34	33.139	33.231	33.198	
8341	642.44	33.139	33.232	33.198	
8342	642.54	33.139	33.232	33.199	
8343	642.64	33.139	33.232	33.199	
8344	642.74	33.139	33.232	33.199	
8345	642.84	33.139	33.232	33.199	
8346	642.94	33.139	33.232	33.199	
8347	643.	33.14	33.232	33.199	
8348	643.01	33.14	33.232	33.199	
8349	643.02	33.14	33.232	33.199	
8350	643.05	33.14	33.232	33.199	
8351	643.14	33.14	33.233	33.2	
8352	643.24	33.14	33.233	33.2	
8353	643.34	33.14	33.233	33.2	
8354	643.44	33.14	33.233	33.2	
8355	643.54	33.14	33.233	33.2	
8356	643.64	33.141	33.233	33.2	
8357	643.74	33.141	33.234	33.2	
8358	643.84	33.141	33.234	33.201	
8359	643.94	33.141	33.234	33.201	
8360	644.	33.141	33.234	33.201	
8361	644.01	33.141	33.234	33.201	
8362	644.02	33.141	33.234	33.201	
8363	644.05	33.141	33.234	33.201	
8364	644.14	33.141	33.234	33.201	
8365	644.24	33.142	33.234	33.201	
8366	644.34	33.142	33.234	33.201	
8367	644.44	33.142	33.235	33.202	
8368	644.54	33.142	33.235	33.202	
8369	644.64	33.142	33.235	33.202	
8370	644.74	33.142	33.235	33.202	
8371	644.84	33.142	33.235	33.202	
8372	644.94	33.143	33.235	33.202	
8373	645.	33.143	33.236	33.202	
8374	645.01	33.143	33.236	33.202	
8375	645.02	33.143	33.236	33.202	
8376	645.05	33.143	33.236	33.203	
8377	645.14	33.143	33.236	33.203	
8378	645.24	33.143	33.236	33.203	
8379	645.34	33.143	33.236	33.203	
8380	645.44	33.143	33.236	33.203	
8381	645.54	33.144	33.236	33.203	
8382	645.64	33.144	33.237	33.203	
8383	645.74	33.144	33.237	33.204	
8384	645.84	33.144	33.237	33.204	
8385	645.94	33.144	33.237	33.204	
8386	646.	33.144	33.237	33.204	
8387	646.01	33.144	33.237	33.204	
8388	646.02	33.144	33.237	33.204	
8389	646.05	33.144	33.237	33.204	
8390	646.14	33.144	33.237	33.204	
8391	646.24	33.145	33.237	33.204	
8392	646.34	33.145	33.238	33.205	
8393	646.44	33.145	33.238	33.205	
8394	646.54	33.145	33.238	33.205	
8395	646.64	33.145	33.238	33.205	
8396	646.74	33.145	33.238	33.205	
8397	646.84	33.146	33.238	33.205	
8398	646.94	33.146	33.239	33.205	
8399	647.	33.146	33.239	33.206	
8400	647.01	33.146	33.239	33.206	
8401	647.02	33.146	33.239	33.206	
8402	647.05	33.146	33.239	33.206	
8403	647.14	33.146	33.239	33.206	
8404	647.24	33.146	33.239	33.206	
8405	647.34	33.146	33.239	33.206	
8406	647.44	33.146	33.239	33.206	
8407	647.54	33.147	33.239	33.206	
8408	647.64	33.147	33.24	33.207	
8409	647.74	33.147	33.24	33.207	
8410	647.84	33.147	33.24	33.207	
8411	647.94	33.147	33.24	33.207	
8412	648.	33.147	33.24	33.207	
8413	648.01	33.147	33.24	33.207	
8414	648.02	33.147	33.24	33.207	
8415	648.05	33.147	33.24	33.207	
8416	648.14	33.148	33.24	33.207	
8417	648.24	33.148	33.241	33.207	
8418	648.34	33.148	33.241	33.208	
8419	648.44	33.148	33.241	33.208	
8420	648.54	33.148	33.241	33.208	
8421	648.64	33.148	33.241	33.208	
8422	648.74	33.148	33.241	33.208	
8423	648.84	33.149	33.241	33.208	
8424	648.94	33.149	33.242	33.209	
8425	649.	33.149	33.242	33.209	
8426	649.01	33.149	33.242	33.209	
8427	649.02	33.149	33.242	33.209	
8428	649.05	33.149	33.242	33.209	
8429	649.14	33.149	33.242	33.209	
8430	649.24	33.149	33.242	33.209	
8431	649.34	33.149	33.242	33.209	
8432	649.44	33.15	33.242	33.209	
8433	649.54	33.15	33.243	33.209	
8434	649.64	33.15	33.243	33.21	
8435	649.74	33.15	33.243	33.21	
8436	649.84	33.15	33.243	33.21	
8437	649.94	33.15	33.243	33.21	
8438	650.	33.15	33.243	33.21	
8439	650.01	33.15	33.243	33.21	
8440	650.02	33.15	33.243	33.21	
8441	650.05	33.15	33.243	33.21	
8442	650.14	33.151	33.244	33.21	
8443	650.24	33.151	33.244	33.211	
8444	650.34	33.151	33.244	33.211	
8445	650.44	33.151	33.244	33.211	
8446	650.54	33.151	33.244	33.211	
8447	650.64	33.151	33.244	33.211	
8448	650.74	33.152	33.244	33.211	
8449	650.84	33.152	33.245	33.212	
8450	650.94	33.152	33.245	33.212	
8451	651.	33.152	33.245	33.212	
8452	651.01	33.152	33.245	33.212	
8453	651.02	33.152	33.245	33.212	
8454	651.05	33.152	33.245	33.212	
8455	651.14	33.152	33.245	33.212	
8456	651.24	33.152	33.245	33.212	
8457	651.34	33.152	33.245	33.212	
8458	651.44	33.153	33.246	33.212	
8459	651.54	33.153	33.246	33.213	
8460	651.64	33.153	33.246	33.213	
8461	651.74	33.153	33.246	33.213	
8462	651.84	33.153	33.246	33.213	
8463	651.94	33.153	33.246	33.213	
8464	652.	33.153	33.246	33.213	
8465	652.01	33.154	33.246	33.213	
8466	652.02	33.154	33.246	33.213	
8467	652.05	33.154	33.246	33.213	
8468	652.14	33.154	33.247	33.214	
8469	652.24	33.154	33.247	33.214	
8470	652.34	33.154	33.247	33.214	
8471	652.44	33.154	33.247	33.214	
8472	652.54	33.154	33.247	33.214	
8473	652.64	33.154	33.247	33.214	
8474	652.74	33.155	33.248	33.214	
8475	652.84	33.155	33.248	33.215	
8476	652.94	33.155	33.248	33.215	
8477	653.	33.155	33.248	33.215	
8478	653.01	33.155	33.248	33.215	
8479	653.02	33.155	33.248	33.215	
8480	653.05	33.155	33.248	33.215	
8481	653.14	33.155	33.248	33.215	
8482	653.24	33.155	33.248	33.215	
8483	653.34	33.156	33.248	33.215	
8484	653.44	33.156	33.249	33.216	
8485	653.54	33.156	33.249	33.216	
8486	653.64	33.156	33.249	33.216	
8487	653.74	33.156	33.249	33.216	
8488	653.84	33.156	33.249	33.216	
8489	653.94	33.156	33.249	33.216	
8490	654.	33.157	33.25	33.216	
8491	654.01	33.157	33.25	33.216	
8492	654.02	33.157	33.25	33.216	
8493	654.05	33.157	33.25	33.216	
8494	654.14	33.157	33.25	33.217	
8495	654.24	33.157	33.25	33.217	
8496	654.34	33.157	33.25	33.217	
8497	654.44	33.157	33.25	33.217	
8498	654.54	33.157	33.25	33.217	
8499	654.64	33.158	33.251	33.217	
8500	654.74	33.158	33.251	33.218	
8501	654.84	33.158	33.251	33.218	
8502	654.94	33.158	33.251	33.218	
8503	655.	33.158	33.251	33.218	
8504	655.01	33.158	33.251	33.218	
8505	655.02	33.158	33.251	33.218	
8506	655.05	33.158	33.251	33.218	
8507	655.14	33.158	33.251	33.218	
8508	655.24	33.159	33.251	33.218	
8509	655.34	33.159	33.252	33.218	
8510	655.44	33.159	33.252	33.219	
8511	655.54	33.159	33.252	33.219	
8512	655.64	33.159	33.252	33.219	
8513	655.74	33.159	33.252	33.219	
8514	655.84	33.159	33.252	33.219	
8515	655.94	33.16	33.253	33.219	
8516	656.	33.16	33.253	33.22	
8517	656.01	33.16	33.253	33.22	
8518	656.02	33.16	33.253	33.22	
8519	656.05	33.16	33.253	33.22	
8520	656.14	33.16	33.253	33.22	
8521	656.24	33.16	33.253	33.22	
8522	656.34	33.16	33.253	33.22	
8523	656.44	33.16	33.253	33.22	
8524	656.54	33.161	33.253	33.22	
8525	656.64	33.161	33.254	33.221	
8526	656.74	33.161	33.254	33.221	
8527	656.84	33.161	33.254	33.221	
8528	656.94	33.161	33.254	33.221	
8529	657.	33.161	33.254	33.221	
8530	657.01	33.161	33.254	33.221	
8531	657.02	33.161	33.254	33.221	
8532	657.05	33.161	33.254	33.221	
8533	657.14	33.161	33.254	33.221	
8534	657.24	33.162	33.255	33.221	
8535	657.34	33.162	33.255	33.222	
8536	657.44	33.162	33.255	33.222	
8537	657.54	33.162	33.255	33.222	
8538	657.64	33.162	33.255	33.222	
8539	657.74	33.162	33.255	33.222	
8540	657.84	33.163	33.255	33.222	
8541	657.94	33.163	33.256	33.223	
8542	658.	33.163	33.256	33.223	
8543	658.01	33.163	33.256	33.223	
8544	658.02	33.163	33.256	33.223	
8545	658.05	33.163	33.256	33.223	
8546	658.14	33.163	33.256	33.223	
8547	658.24	33.163	33.256	33.223	
8548	658.34	33.163	33.256	33.223	
8549	658.44	33.163	33.256	33.223	
8550	658.54	33.164	33.257	33.223	
8551	658.64	33.164	33.257	33.224	
8552	658.74	33.164	33.257	33.224	
8553	658.84	33.164	33.257	33.224	
8554	658.94	33.164	33.257	33.224	
8555	659.	33.164	33.257	33.224	
8556	659.01	33.164	33.257	33.224	
8557	659.02	33.164	33.257	33.224	
8558	659.05	33.164	33.257	33.224	
8559	659.14	33.165	33.258	33.224	
8560	659.24	33.165	33.258	33.225	
8561	659.34	33.165	33.258	33.225	
8562	659.44	33.165	33.258	33.225	
8563	659.54	33.165	33.258	33.225	
8564	659.64	33.165	33.258	33.225	
8565	659.74	33.165	33.258	33.225	
8566	659.84	33.166	33.259	33.225	
8567	659.94	33.166	33.259	33.226	
8568	660.	33.166	33.259	33.226	
8569	660.01	33.166	33.259	33.226	
8570	660.02	33.166	33.259	33.226	
8571	660.05	33.166	33.259	33.226	
8572	660.14	33.166	33.259	33.226	
8573	660.24	33.166	33.259	33.226	
8574	660.34	33.166	33.259	33.226	
8575	660.44	33.167	33.26	33.226	
8576	660.54	33.167	33.26	33.227	
8577	660.64	33.167	33.26	33.227	
8578	660.74	33.167	33.26	33.227	
8579	660.84	33.167	33.26	33.227	
8580	660.94	33.167	33.26	33.227	
8581	661.	33.167	33.26	33.227	
8582	661.01	33.167	33.26	33.227	
8583	661.02	33.167	33.26	33.227	
8584	661.05	33.167	33.26	33.227	
8585	661.14	33.168	33.261	33.227	
8586	661.24	33.168	33.261	33.228	
8587	661.34	33.168	33.261	33.228	
8588	661.44	33.168	33.261	33.228	
8589	661.54	33.168	33.261	33.228	
8590	661.64	33.168	33.261	33.228	
8591	661.74	33.169	33.262	33.228	
8592	661.84	33.169	33.262	33.229	
8593	661.94	33.169	33.262	33.229	
8594	662.	33.169	33.262	33.229	
8595	662.01	33.169	33.262	33.229	
8596	662.02	33.169	33.262	33.229	
8597	662.05	33.169	33.262	33.229	
8598	662.14	33.169	33.262	33.229	
8599	662.24	33.169	33.262	33.229	
8600	662.34	33.169	33.262	33.229	
8601	662.44	33.17	33.263	33.23	
8602	662.54	33.17	33.263	33.23	
8603	662.64	33.17	33.263	33.23	
8604	662.74	33.17	33.263	33.23	
8605	662.84	33.17	33.263	33.23	
8606	662.94	33.17	33.263	33.23	
8607	663.	33.17	33.264	33.23	
8608	663.01	33.171	33.264	33.23	
8609	663.02	33.171	33.264	33.23	
8610	663.05	33.171	33.264	33.23	
8611	663.14	33.171	33.264	33.231	
8612	663.24	33.171	33.264	33.231	
8613	663.34	33.171	33.264	33.231	
8614	663.44	33.171	33.264	33.231	
8615	663.54	33.171	33.264	33.231	
8616	663.64	33.171	33.265	33.231	
8617	663.74	33.172	33.265	33.232	
8618	663.84	33.172	33.265	33.232	
8619	663.94	33.172	33.265	33.232	
8620	664.	33.172	33.265	33.232	
8621	664.01	33.172	33.265	33.232	
8622	664.02	33.172	33.265	33.232	
8623	664.05	33.172	33.265	33.232	
8624	664.14	33.172	33.265	33.232	
8625	664.24	33.172	33.265	33.232	
8626	664.34	33.173	33.266	33.232	
8627	664.44	33.173	33.266	33.233	
8628	664.54	33.173	33.266	33.233	
8629	664.64	33.173	33.266	33.233	
8630	664.74	33.173	33.266	33.233	
8631	664.84	33.173	33.266	33.233	
8632	664.94	33.173	33.267	33.233	
8633	665.	33.174	33.267	33.233	
8634	665.01	33.174	33.267	33.234	
8635	665.02	33.174	33.267	33.234	
8636	665.05	33.174	33.267	33.234	
8637	665.14	33.174	33.267	33.234	
8638	665.24	33.174	33.267	33.234	
8639	665.34	33.174	33.267	33.234	
8640	665.44	33.174	33.267	33.234	
8641	665.54	33.174	33.267	33.234	
8642	665.64	33.175	33.268	33.234	
8643	665.74	33.175	33.268	33.235	
8644	665.84	33.175	33.268	33.235	
8645	665.94	33.175	33.268	33.235	
8646	666.	33.175	33.268	33.235	
8647	666.01	33.175	33.268	33.235	
8648	666.02	33.175	33.268	33.235	
8649	666.05	33.175	33.268	33.235	
8650	666.14	33.175	33.268	33.235	
8651	666.24	33.175	33.269	33.235	
8652	666.34	33.176	33.269	33.236	
8653	666.44	33.176	33.269	33.236	
8654	666.54	33.176	33.269	33.236	
8655	666.64	33.176	33.269	33.236	
8656	666.74	33.176	33.269	33.236	
8657	666.84	33.176	33.269	33.236	
8658	666.94	33.177	33.27	33.237	
8659	667.	33.177	33.27	33.237	
8660	667.01	33.177	33.27	33.237	
8661	667.02	33.177	33.27	33.237	
8662	667.05	33.177	33.27	33.237	
8663	667.14	33.177	33.27	33.237	
8664	667.24	33.177	33.27	33.237	
8665	667.34	33.177	33.27	33.237	
8666	667.44	33.177	33.27	33.237	
8667	667.54	33.178	33.271	33.237	
8668	667.64	33.178	33.271	33.238	
8669	667.74	33.178	33.271	33.238	
8670	667.84	33.178	33.271	33.238	
8671	667.94	33.178	33.271	33.238	
8672	668.	33.178	33.271	33.238	
8673	668.01	33.178	33.271	33.238	
8674	668.02	33.178	33.271	33.238	
8675	668.05	33.178	33.271	33.238	
8676	668.14	33.178	33.272	33.238	
8677	668.24	33.179	33.272	33.239	
8678	668.34	33.179	33.272	33.239	
8679	668.44	33.179	33.272	33.239	
8680	668.54	33.179	33.272	33.239	
8681	668.64	33.179	33.272	33.239	
8682	668.74	33.179	33.272	33.239	
8683	668.84	33.18	33.273	33.239	
8684	668.94	33.18	33.273	33.24	
8685	669.	33.18	33.273	33.24	
8686	669.01	33.18	33.273	33.24	
8687	669.02	33.18	33.273	33.24	
8688	669.05	33.18	33.273	33.24	
8689	669.14	33.18	33.273	33.24	
8690	669.24	33.18	33.273	33.24	
8691	669.34	33.18	33.273	33.24	
8692	669.44	33.18	33.274	33.24	
8693	669.54	33.181	33.274	33.241	
8694	669.64	33.181	33.274	33.241	
8695	669.74	33.181	33.274	33.241	
8696	669.84	33.181	33.274	33.241	
8697	669.94	33.181	33.274	33.241	
8698	670.	33.181	33.274	33.241	
8699	670.01	33.181	33.274	33.241	
8700	670.02	33.181	33.274	33.241	
8701	670.05	33.181	33.274	33.241	
8702	670.14	33.182	33.275	33.241	
8703	670.24	33.182	33.275	33.242	
8704	670.34	33.182	33.275	33.242	
8705	670.44	33.182	33.275	33.242	
8706	670.54	33.182	33.275	33.242	
8707	670.64	33.182	33.275	33.242	
8708	670.74	33.182	33.276	33.242	
8709	670.84	33.183	33.276	33.243	
8710	670.94	33.183	33.276	33.243	
8711	671.	33.183	33.276	33.243	
8712	671.01	33.183	33.276	33.243	
8713	671.02	33.183	33.276	33.243	
8714	671.05	33.183	33.276	33.243	
8715	671.14	33.183	33.276	33.243	
8716	671.24	33.183	33.276	33.243	
8717	671.34	33.183	33.276	33.243	
8718	671.44	33.184	33.277	33.243	
8719	671.54	33.184	33.277	33.244	
8720	671.64	33.184	33.277	33.244	
8721	671.74	33.184	33.277	33.244	
8722	671.84	33.184	33.277	33.244	
8723	671.94	33.184	33.277	33.244	
8724	672.	33.184	33.278	33.244	
8725	672.01	33.184	33.278	33.244	
8726	672.02	33.184	33.278	33.244	
8727	672.05	33.184	33.278	33.244	
8728	672.14	33.185	33.278	33.245	
8729	672.24	33.185	33.278	33.245	
8730	672.34	33.185	33.278	33.245	
8731	672.44	33.185	33.278	33.245	
8732	672.54	33.185	33.278	33.245	
8733	672.64	33.185	33.279	33.245	
8734	672.74	33.186	33.279	33.246	
8735	672.84	33.186	33.279	33.246	
8736	672.94	33.186	33.279	33.246	
8737	673.	33.186	33.279	33.246	
8738	673.01	33.186	33.279	33.246	
8739	673.02	33.186	33.279	33.246	
8740	673.05	33.186	33.279	33.246	
8741	673.14	33.186	33.279	33.246	
8742	673.24	33.186	33.279	33.246	
8743	673.34	33.186	33.28	33.246	
8744	673.44	33.187	33.28	33.247	
8745	673.54	33.187	33.28	33.247	
8746	673.64	33.187	33.28	33.247	
8747	673.74	33.187	33.28	33.247	
8748	673.84	33.187	33.28	33.247	
8749	673.94	33.187	33.281	33.247	
8750	674.	33.187	33.281	33.247	
8751	674.01	33.188	33.281	33.247	
8752	674.02	33.188	33.281	33.247	
8753	674.05	33.188	33.281	33.248	
8754	674.14	33.188	33.281	33.248	
8755	674.24	33.188	33.281	33.248	
8756	674.34	33.188	33.281	33.248	
8757	674.44	33.188	33.281	33.248	
8758	674.54	33.188	33.281	33.248	
8759	674.64	33.188	33.282	33.248	
8760	674.74	33.189	33.282	33.249	
8761	674.84	33.189	33.282	33.249	
8762	674.94	33.189	33.282	33.249	
8763	675.	33.189	33.282	33.249	
8764	675.01	33.189	33.282	33.249	
8765	675.02	33.189	33.282	33.249	
8766	675.05	33.189	33.282	33.249	
8767	675.14	33.189	33.282	33.249	
8768	675.24	33.189	33.283	33.249	
8769	675.34	33.19	33.283	33.25	
8770	675.44	33.19	33.283	33.25	
8771	675.54	33.19	33.283	33.25	
8772	675.64	33.19	33.283	33.25	
8773	675.74	33.19	33.283	33.25	
8774	675.84	33.19	33.283	33.25	
8775	675.94	33.19	33.284	33.25	
8776	676.	33.191	33.284	33.251	
8777	676.01	33.191	33.284	33.251	
8778	676.02	33.191	33.284	33.251	
8779	676.05	33.191	33.284	33.251	
8780	676.14	33.191	33.284	33.251	
8781	676.24	33.191	33.284	33.251	
8782	676.34	33.191	33.284	33.251	
8783	676.44	33.191	33.284	33.251	
8784	676.54	33.191	33.285	33.251	
8785	676.64	33.192	33.285	33.252	
8786	676.74	33.192	33.285	33.252	
8787	676.84	33.192	33.285	33.252	
8788	676.94	33.192	33.285	33.252	
8789	677.	33.192	33.285	33.252	
8790	677.01	33.192	33.285	33.252	
8791	677.02	33.192	33.285	33.252	
8792	677.05	33.192	33.285	33.252	
8793	677.14	33.192	33.286	33.252	
8794	677.24	33.193	33.286	33.252	
8795	677.34	33.193	33.286	33.253	
8796	677.44	33.193	33.286	33.253	
8797	677.54	33.193	33.286	33.253	
8798	677.64	33.193	33.286	33.253	
8799	677.74	33.193	33.286	33.253	
8800	677.84	33.193	33.287	33.253	
8801	677.94	33.194	33.287	33.254	
8802	678.	33.194	33.287	33.254	
8803	678.01	33.194	33.287	33.254	
8804	678.02	33.194	33.287	33.254	
8805	678.05	33.194	33.287	33.254	
8806	678.14	33.194	33.287	33.254	
8807	678.24	33.194	33.287	33.254	
8808	678.34	33.194	33.287	33.254	
8809	678.44	33.194	33.288	33.254	
8810	678.54	33.195	33.288	33.255	
8811	678.64	33.195	33.288	33.255	
8812	678.74	33.195	33.288	33.255	
8813	678.84	33.195	33.288	33.255	
8814	678.94	33.195	33.288	33.255	
8815	679.	33.195	33.288	33.255	
8816	679.01	33.195	33.288	33.255	
8817	679.02	33.195	33.288	33.255	
8818	679.05	33.195	33.288	33.255	
8819	679.14	33.195	33.289	33.255	
8820	679.24	33.196	33.289	33.256	
8821	679.34	33.196	33.289	33.256	
8822	679.44	33.196	33.289	33.256	
8823	679.54	33.196	33.289	33.256	
8824	679.64	33.196	33.289	33.256	
8825	679.74	33.196	33.29	33.256	
8826	679.84	33.197	33.29	33.257	
8827	679.94	33.197	33.29	33.257	
8828	680.	33.197	33.29	33.257	
8829	680.01	33.197	33.29	33.257	
8830	680.02	33.197	33.29	33.257	
8831	680.05	33.197	33.29	33.257	
8832	680.14	33.197	33.29	33.257	
8833	680.24	33.197	33.29	33.257	
8834	680.34	33.197	33.29	33.257	
8835	680.44	33.197	33.291	33.257	
8836	680.54	33.198	33.291	33.258	
8837	680.64	33.198	33.291	33.258	
8838	680.74	33.198	33.291	33.258	
8839	680.84	33.198	33.291	33.258	
8840	680.94	33.198	33.291	33.258	
8841	681.	33.198	33.292	33.258	
8842	681.01	33.198	33.292	33.258	
8843	681.02	33.198	33.292	33.258	
8844	681.05	33.198	33.292	33.258	
8845	681.14	33.199	33.292	33.259	
8846	681.24	33.199	33.292	33.259	
8847	681.34	33.199	33.292	33.259	
8848	681.44	33.199	33.292	33.259	
8849	681.54	33.199	33.292	33.259	
8850	681.64	33.199	33.293	33.259	
8851	681.74	33.199	33.293	33.259	
8852	681.84	33.2	33.293	33.26	
8853	681.94	33.2	33.293	33.26	
8854	682.	33.2	33.293	33.26	
8855	682.01	33.2	33.293	33.26	
8856	682.02	33.2	33.293	33.26	
8857	682.05	33.2	33.293	33.26	
8858	682.14	33.2	33.293	33.26	
8859	682.24	33.2	33.293	33.26	
8860	682.34	33.2	33.294	33.26	
8861	682.44	33.201	33.294	33.261	
8862	682.54	33.201	33.294	33.261	
8863	682.64	33.201	33.294	33.261	
8864	682.74	33.201	33.294	33.261	
8865	682.84	33.201	33.294	33.261	
8866	682.94	33.201	33.295	33.261	
8867	683.	33.201	33.295	33.261	
8868	683.01	33.201	33.295	33.261	
8869	683.02	33.201	33.295	33.261	
8870	683.05	33.201	33.295	33.262	
8871	683.14	33.202	33.295	33.262	
8872	683.24	33.202	33.295	33.262	
8873	683.34	33.202	33.295	33.262	
8874	683.44	33.202	33.295	33.262	
8875	683.54	33.202	33.295	33.262	
8876	683.64	33.202	33.296	33.262	
8877	683.74	33.203	33.296	33.263	
8878	683.84	33.203	33.296	33.263	
8879	683.94	33.203	33.296	33.263	
8880	684.	33.203	33.296	33.263	
8881	684.01	33.203	33.296	33.263	
8882	684.02	33.203	33.296	33.263	
8883	684.05	33.203	33.296	33.263	
8884	684.14	33.203	33.296	33.263	
8885	684.24	33.203	33.297	33.263	
8886	684.34	33.203	33.297	33.264	
8887	684.44	33.204	33.297	33.264	
8888	684.54	33.204	33.297	33.264	
8889	684.64	33.204	33.297	33.264	
8890	684.74	33.204	33.297	33.264	
8891	684.84	33.204	33.298	33.264	
8892	684.94	33.204	33.298	33.264	
8893	685.	33.205	33.298	33.265	
8894	685.01	33.205	33.298	33.265	
8895	685.02	33.205	33.298	33.265	
8896	685.05	33.205	33.298	33.265	
8897	685.14	33.205	33.298	33.265	
8898	685.24	33.205	33.298	33.265	
8899	685.34	33.205	33.298	33.265	
8900	685.44	33.205	33.298	33.265	
8901	685.54	33.205	33.299	33.265	
8902	685.64	33.205	33.299	33.266	
8903	685.74	33.206	33.299	33.266	
8904	685.84	33.206	33.299	33.266	
8905	685.94	33.206	33.299	33.266	
8906	686.	33.206	33.299	33.266	
8907	686.01	33.206	33.299	33.266	
8908	686.02	33.206	33.299	33.266	
8909	686.05	33.206	33.299	33.266	
8910	686.14	33.206	33.3	33.266	
8911	686.24	33.206	33.3	33.266	
8912	686.34	33.207	33.3	33.267	
8913	686.44	33.207	33.3	33.267	
8914	686.54	33.207	33.3	33.267	
8915	686.64	33.207	33.3	33.267	
8916	686.74	33.207	33.3	33.267	
8917	686.84	33.207	33.301	33.267	
8918	686.94	33.208	33.301	33.268	
8919	687.	33.208	33.301	33.268	
8920	687.01	33.208	33.301	33.268	
8921	687.02	33.208	33.301	33.268	
8922	687.05	33.208	33.301	33.268	
8923	687.14	33.208	33.301	33.268	
8924	687.24	33.208	33.301	33.268	
8925	687.34	33.208	33.301	33.268	
8926	687.44	33.208	33.302	33.268	
8927	687.54	33.208	33.302	33.268	
8928	687.64	33.209	33.302	33.269	
8929	687.74	33.209	33.302	33.269	
8930	687.84	33.209	33.302	33.269	
8931	687.94	33.209	33.302	33.269	
8932	688.	33.209	33.302	33.269	
8933	688.01	33.209	33.302	33.269	
8934	688.02	33.209	33.302	33.269	
8935	688.05	33.209	33.303	33.269	
8936	688.14	33.209	33.303	33.269	
8937	688.24	33.21	33.303	33.27	
8938	688.34	33.21	33.303	33.27	
8939	688.44	33.21	33.303	33.27	
8940	688.54	33.21	33.303	33.27	
8941	688.64	33.21	33.303	33.27	
8942	688.74	33.21	33.304	33.27	
8943	688.84	33.21	33.304	33.271	
8944	688.94	33.211	33.304	33.271	
8945	689.	33.211	33.304	33.271	
8946	689.01	33.211	33.304	33.271	
8947	689.02	33.211	33.304	33.271	
8948	689.05	33.211	33.304	33.271	
8949	689.14	33.211	33.304	33.271	
8950	689.24	33.211	33.304	33.271	
8951	689.34	33.211	33.305	33.271	
8952	689.44	33.211	33.305	33.271	
8953	689.54	33.212	33.305	33.272	
8954	689.64	33.212	33.305	33.272	
8955	689.74	33.212	33.305	33.272	
8956	689.84	33.212	33.305	33.272	
8957	689.94	33.212	33.305	33.272	
8958	690.	33.212	33.306	33.272	
8959	690.01	33.212	33.306	33.272	
8960	690.02	33.212	33.306	33.272	
8961	690.05	33.212	33.306	33.272	
8962	690.14	33.212	33.306	33.273	
8963	690.24	33.213	33.306	33.273	
8964	690.34	33.213	33.306	33.273	
8965	690.44	33.213	33.306	33.273	
8966	690.54	33.213	33.306	33.273	
8967	690.64	33.213	33.307	33.273	
8968	690.74	33.213	33.307	33.273	
8969	690.84	33.214	33.307	33.274	
8970	690.94	33.214	33.307	33.274	
8971	691.	33.214	33.307	33.274	
8972	691.01	33.214	33.307	33.274	
8973	691.02	33.214	33.307	33.274	
8974	691.05	33.214	33.307	33.274	
8975	691.14	33.214	33.307	33.274	
8976	691.24	33.214	33.307	33.274	
8977	691.34	33.214	33.308	33.274	
8978	691.44	33.214	33.308	33.275	
8979	691.54	33.215	33.308	33.275	
8980	691.64	33.215	33.308	33.275	
8981	691.74	33.215	33.308	33.275	
8982	691.84	33.215	33.308	33.275	
8983	691.94	33.215	33.309	33.275	
8984	692.	33.215	33.309	33.275	
8985	692.01	33.215	33.309	33.275	
8986	692.02	33.215	33.309	33.275	
8987	692.05	33.215	33.309	33.276	
8988	692.14	33.216	33.309	33.276	
8989	692.24	33.216	33.309	33.276	
8990	692.34	33.216	33.309	33.276	
8991	692.44	33.216	33.309	33.276	
8992	692.54	33.216	33.309	33.276	
8993	692.64	33.216	33.31	33.276	
8994	692.74	33.216	33.31	33.277	
8995	692.84	33.217	33.31	33.277	
8996	692.94	33.217	33.31	33.277	
8997	693.	33.217	33.31	33.277	
8998	693.01	33.217	33.31	33.277	
8999	693.02	33.217	33.31	33.277	
9000	693.05	33.217	33.31	33.277	
9001	693.14	33.217	33.31	33.277	
9002	693.24	33.217	33.311	33.277	
9003	693.34	33.217	33.311	33.278	
9004	693.44	33.218	33.311	33.278	
9005	693.54	33.218	33.311	33.278	
9006	693.64	33.218	33.311	33.278	
9007	693.74	33.218	33.311	33.278	
9008	693.84	33.218	33.312	33.278	
9009	693.94	33.218	33.312	33.278	
9010	694.	33.218	33.312	33.279	
9011	694.01	33.218	33.312	33.279	
9012	694.02	33.218	33.312	33.279	
9013	694.05	33.219	33.312	33.279	
9014	694.14	33.219	33.312	33.279	
9015	694.24	33.219	33.312	33.279	
9016	694.34	33.219	33.312	33.279	
9017	694.44	33.219	33.312	33.279	
9018	694.54	33.219	33.313	33.279	
9019	694.64	33.219	33.313	33.28	
9020	694.74	33.22	33.313	33.28	
9021	694.84	33.22	33.313	33.28	
9022	694.94	33.22	33.313	33.28	
9023	695.	33.22	33.313	33.28	
9024	695.01	33.22	33.313	33.28	
9025	695.02	33.22	33.313	33.28	
9026	695.05	33.22	33.313	33.28	
9027	695.14	33.22	33.314	33.28	
9028	695.24	33.22	33.314	33.28	
9029	695.34	33.221	33.314	33.281	
9030	695.44	33.221	33.314	33.281	
9031	695.54	33.221	33.314	33.281	
9032	695.64	33.221	33.314	33.281	
9033	695.74	33.221	33.314	33.281	
9034	695.84	33.221	33.315	33.281	
9035	695.94	33.221	33.315	33.282	
9036	696.	33.222	33.315	33.282	
9037	696.01	33.222	33.315	33.282	
9038	696.02	33.222	33.315	33.282	
9039	696.05	33.222	33.315	33.282	
9040	696.14	33.222	33.315	33.282	
9041	696.24	33.222	33.315	33.282	
9042	696.34	33.222	33.315	33.282	
9043	696.44	33.222	33.316	33.282	
9044	696.54	33.222	33.316	33.282	
9045	696.64	33.223	33.316	33.283	
9046	696.74	33.223	33.316	33.283	
9047	696.84	33.223	33.316	33.283	
9048	696.94	33.223	33.316	33.283	
9049	697.	33.223	33.316	33.283	
9050	697.01	33.223	33.316	33.283	
9051	697.02	33.223	33.316	33.283	
9052	697.05	33.223	33.317	33.283	
9053	697.14	33.223	33.317	33.283	
9054	697.24	33.223	33.317	33.284	
9055	697.34	33.224	33.317	33.284	
9056	697.44	33.224	33.317	33.284	
9057	697.54	33.224	33.317	33.284	
9058	697.64	33.224	33.317	33.284	
9059	697.74	33.224	33.318	33.284	
9060	697.84	33.224	33.318	33.285	
9061	697.94	33.225	33.318	33.285	
9062	698.	33.225	33.318	33.285	
9063	698.01	33.225	33.318	33.285	
9064	698.02	33.225	33.318	33.285	
9065	698.05	33.225	33.318	33.285	
9066	698.14	33.225	33.318	33.285	
9067	698.24	33.225	33.318	33.285	
9068	698.34	33.225	33.319	33.285	
9069	698.44	33.225	33.319	33.285	
9070	698.54	33.225	33.319	33.286	
9071	698.64	33.226	33.319	33.286	
9072	698.74	33.226	33.319	33.286	
9073	698.84	33.226	33.319	33.286	
9074	698.94	33.226	33.319	33.286	
9075	699.	33.226	33.32	33.286	
9076	699.01	33.226	33.32	33.286	
9077	699.02	33.226	33.32	33.286	
9078	699.05	33.226	33.32	33.286	
9079	699.14	33.226	33.32	33.287	
9080	699.24	33.227	33.32	33.287	
9081	699.34	33.227	33.32	33.287	
9082	699.44	33.227	33.32	33.287	
9083	699.54	33.227	33.32	33.287	
9084	699.64	33.227	33.321	33.287	
9085	699.74	33.227	33.321	33.287	
9086	699.84	33.227	33.321	33.288	
9087	699.94	33.228	33.321	33.288	
9088	700.	33.228	33.321	33.288	
9089	700.01	33.228	33.321	33.288	
9090	700.02	33.228	33.321	33.288	
9091	700.05	33.228	33.321	33.288	
9092	700.14	33.228	33.321	33.288	
9093	700.24	33.228	33.321	33.288	
9094	700.34	33.228	33.322	33.288	
9095	700.44	33.228	33.322	33.289	
9096	700.54	33.229	33.322	33.289	
9097	700.64	33.229	33.322	33.289	
9098	700.74	33.229	33.322	33.289	
9099	700.84	33.229	33.322	33.289	
9100	700.94	33.229	33.323	33.289	
9101	701.	33.229	33.323	33.289	
9102	701.01	33.229	33.323	33.289	
9103	701.02	33.229	33.323	33.289	
9104	701.05	33.229	33.323	33.289	
9105	701.14	33.229	33.323	33.29	
9106	701.24	33.23	33.323	33.29	
9107	701.34	33.23	33.323	33.29	
9108	701.44	33.23	33.323	33.29	
9109	701.54	33.23	33.324	33.29	
9110	701.64	33.23	33.324	33.29	
9111	701.74	33.23	33.324	33.291	
9112	701.84	33.231	33.324	33.291	
9113	701.94	33.231	33.324	33.291	
9114	702.	33.231	33.324	33.291	
9115	702.01	33.231	33.324	33.291	
9116	702.02	33.231	33.324	33.291	
9117	702.05	33.231	33.324	33.291	
9118	702.14	33.231	33.324	33.291	
9119	702.24	33.231	33.325	33.291	
9120	702.34	33.231	33.325	33.291	
9121	702.44	33.231	33.325	33.292	
9122	702.54	33.232	33.325	33.292	
9123	702.64	33.232	33.325	33.292	
9124	702.74	33.232	33.325	33.292	
9125	702.84	33.232	33.326	33.292	
9126	702.94	33.232	33.326	33.292	
9127	703.	33.232	33.326	33.293	
9128	703.01	33.232	33.326	33.293	
9129	703.02	33.232	33.326	33.293	
9130	703.05	33.232	33.326	33.293	
9131	703.14	33.233	33.326	33.293	
9132	703.24	33.233	33.326	33.293	
9133	703.34	33.233	33.326	33.293	
9134	703.44	33.233	33.326	33.293	
9135	703.54	33.233	33.327	33.293	
9136	703.64	33.233	33.327	33.294	
9137	703.74	33.233	33.327	33.294	
9138	703.84	33.234	33.327	33.294	
9139	703.94	33.234	33.327	33.294	
9140	704.	33.234	33.327	33.294	
9141	704.01	33.234	33.327	33.294	
9142	704.02	33.234	33.327	33.294	
9143	704.05	33.234	33.327	33.294	
9144	704.14	33.234	33.328	33.294	
9145	704.24	33.234	33.328	33.294	
9146	704.34	33.234	33.328	33.295	
9147	704.44	33.235	33.328	33.295	
9148	704.54	33.235	33.328	33.295	
9149	704.64	33.235	33.328	33.295	
9150	704.74	33.235	33.328	33.295	
9151	704.84	33.235	33.329	33.295	
9152	704.94	33.235	33.329	33.296	
9153	705.	33.235	33.329	33.296	
9154	705.01	33.235	33.329	33.296	
9155	705.02	33.235	33.329	33.296	
9156	705.05	33.236	33.329	33.296	
9157	705.14	33.236	33.329	33.296	
9158	705.24	33.236	33.329	33.296	
9159	705.34	33.236	33.329	33.296	
9160	705.44	33.236	33.33	33.296	
9161	705.54	33.236	33.33	33.296	
9162	705.64	33.236	33.33	33.297	
9163	705.74	33.237	33.33	33.297	
9164	705.84	33.237	33.33	33.297	
9165	705.94	33.237	33.33	33.297	
9166	706.	33.237	33.33	33.297	
9167	706.01	33.237	33.33	33.297	
9168	706.02	33.237	33.33	33.297	
9169	706.05	33.237	33.331	33.297	
9170	706.14	33.237	33.331	33.297	
9171	706.24	33.237	33.331	33.298	
9172	706.34	33.238	33.331	33.298	
9173	706.44	33.238	33.331	33.298	
9174	706.54	33.238	33.331	33.298	
9175	706.64	33.238	33.331	33.298	
9176	706.74	33.238	33.332	33.298	
9177	706.84	33.238	33.332	33.298	
9178	706.94	33.238	33.332	33.299	
9179	707.	33.239	33.332	33.299	
9180	707.01	33.239	33.332	33.299	
9181	707.02	33.239	33.332	33.299	
9182	707.05	33.239	33.332	33.299	
9183	707.14	33.239	33.332	33.299	
9184	707.24	33.239	33.332	33.299	
9185	707.34	33.239	33.333	33.299	
9186	707.44	33.239	33.333	33.299	
9187	707.54	33.239	33.333	33.3	
9188	707.64	33.24	33.333	33.3	
9189	707.74	33.24	33.333	33.3	
9190	707.84	33.24	33.333	33.3	
9191	707.94	33.24	33.333	33.3	
9192	708.	33.24	33.334	33.3	
9193	708.01	33.24	33.334	33.3	
9194	708.02	33.24	33.334	33.3	
9195	708.05	33.24	33.334	33.3	
9196	708.14	33.24	33.334	33.301	
9197	708.24	33.24	33.334	33.301	
9198	708.34	33.241	33.334	33.301	
9199	708.44	33.241	33.334	33.301	
9200	708.54	33.241	33.334	33.301	
9201	708.64	33.241	33.335	33.301	
9202	708.74	33.241	33.335	33.301	
9203	708.84	33.241	33.335	33.302	
9204	708.94	33.242	33.335	33.302	
9205	709.	33.242	33.335	33.302	
9206	709.01	33.242	33.335	33.302	
9207	709.02	33.242	33.335	33.302	
9208	709.05	33.242	33.335	33.302	
9209	709.14	33.242	33.335	33.302	
9210	709.24	33.242	33.336	33.302	
9211	709.34	33.242	33.336	33.302	
9212	709.44	33.242	33.336	33.303	
9213	709.54	33.242	33.336	33.303	
9214	709.64	33.243	33.336	33.303	
9215	709.74	33.243	33.336	33.303	
9216	709.84	33.243	33.336	33.303	
9217	709.94	33.243	33.337	33.303	
9218	710.	33.243	33.337	33.303	
9219	710.01	33.243	33.337	33.303	
9220	710.02	33.243	33.337	33.303	
9221	710.05	33.243	33.337	33.303	
9222	710.14	33.243	33.337	33.304	
9223	710.24	33.244	33.337	33.304	
9224	710.34	33.244	33.337	33.304	
9225	710.44	33.244	33.337	33.304	
9226	710.54	33.244	33.338	33.304	
9227	710.64	33.244	33.338	33.304	
9228	710.74	33.244	33.338	33.305	
9229	710.84	33.244	33.338	33.305	
9230	710.94	33.245	33.338	33.305	
9231	711.	33.245	33.338	33.305	
9232	711.01	33.245	33.338	33.305	
9233	711.02	33.245	33.338	33.305	
9234	711.05	33.245	33.338	33.305	
9235	711.14	33.245	33.338	33.305	
9236	711.24	33.245	33.339	33.305	
9237	711.34	33.245	33.339	33.305	
9238	711.44	33.245	33.339	33.306	
9239	711.54	33.246	33.339	33.306	
9240	711.64	33.246	33.339	33.306	
9241	711.74	33.246	33.339	33.306	
9242	711.84	33.246	33.34	33.306	
9243	711.94	33.246	33.34	33.306	
9244	712.	33.246	33.34	33.307	
9245	712.01	33.246	33.34	33.307	
9246	712.02	33.246	33.34	33.307	
9247	712.05	33.246	33.34	33.307	
9248	712.14	33.246	33.34	33.307	
9249	712.24	33.247	33.34	33.307	
9250	712.34	33.247	33.34	33.307	
9251	712.44	33.247	33.34	33.307	
9252	712.54	33.247	33.341	33.307	
9253	712.64	33.247	33.341	33.308	
9254	712.74	33.247	33.341	33.308	
9255	712.84	33.248	33.341	33.308	
9256	712.94	33.248	33.341	33.308	
9257	713.	33.248	33.341	33.308	
9258	713.01	33.248	33.341	33.308	
9259	713.02	33.248	33.341	33.308	
9260	713.05	33.248	33.341	33.308	
9261	713.14	33.248	33.342	33.308	
9262	713.24	33.248	33.342	33.308	
9263	713.34	33.248	33.342	33.309	
9264	713.44	33.249	33.342	33.309	
9265	713.54	33.249	33.342	33.309	
9266	713.64	33.249	33.342	33.309	
9267	713.74	33.249	33.343	33.309	
9268	713.84	33.249	33.343	33.309	
9269	713.94	33.249	33.343	33.31	
9270	714.	33.249	33.343	33.31	
9271	714.01	33.249	33.343	33.31	
9272	714.02	33.249	33.343	33.31	
9273	714.05	33.249	33.343	33.31	
9274	714.14	33.25	33.343	33.31	
9275	714.24	33.25	33.343	33.31	
9276	714.34	33.25	33.343	33.31	
9277	714.44	33.25	33.344	33.31	
9278	714.54	33.25	33.344	33.31	
9279	714.64	33.25	33.344	33.311	
9280	714.74	33.251	33.344	33.311	
9281	714.84	33.251	33.344	33.311	
9282	714.94	33.251	33.344	33.311	
9283	715.	33.251	33.344	33.311	
9284	715.01	33.251	33.345	33.311	
9285	715.02	33.251	33.345	33.311	
9286	715.05	33.251	33.345	33.311	
9287	715.14	33.251	33.345	33.311	
9288	715.24	33.251	33.345	33.312	
9289	715.34	33.251	33.345	33.312	
9290	715.44	33.252	33.345	33.312	
9291	715.54	33.252	33.345	33.312	
9292	715.64	33.252	33.345	33.312	
9293	715.74	33.252	33.346	33.312	
9294	715.84	33.252	33.346	33.312	
9295	715.94	33.252	33.346	33.313	
9296	716.	33.252	33.346	33.313	
9297	716.01	33.252	33.346	33.313	
9298	716.02	33.253	33.346	33.313	
9299	716.05	33.253	33.346	33.313	
9300	716.14	33.253	33.346	33.313	
9301	716.24	33.253	33.346	33.313	
9302	716.34	33.253	33.347	33.313	
9303	716.44	33.253	33.347	33.313	
9304	716.54	33.253	33.347	33.314	
9305	716.64	33.253	33.347	33.314	
9306	716.74	33.254	33.347	33.314	
9307	716.84	33.254	33.347	33.314	
9308	716.94	33.254	33.348	33.314	
9309	717.	33.254	33.348	33.314	
9310	717.01	33.254	33.348	33.314	
9311	717.02	33.254	33.348	33.314	
9312	717.05	33.254	33.348	33.314	
9313	717.14	33.254	33.348	33.315	
9314	717.24	33.254	33.348	33.315	
9315	717.34	33.255	33.348	33.315	
9316	717.44	33.255	33.348	33.315	
9317	717.54	33.255	33.348	33.315	
9318	717.64	33.255	33.349	33.315	
9319	717.74	33.255	33.349	33.315	
9320	717.84	33.255	33.349	33.316	
9321	717.94	33.255	33.349	33.316	
9322	718.	33.256	33.349	33.316	
9323	718.01	33.256	33.349	33.316	
9324	718.02	33.256	33.349	33.316	
9325	718.05	33.256	33.349	33.316	
9326	718.14	33.256	33.349	33.316	
9327	718.24	33.256	33.35	33.316	
9328	718.34	33.256	33.35	33.316	
9329	718.44	33.256	33.35	33.317	
9330	718.54	33.256	33.35	33.317	
9331	718.64	33.257	33.35	33.317	
9332	718.74	33.257	33.35	33.317	
9333	718.84	33.257	33.35	33.317	
9334	718.94	33.257	33.351	33.317	
9335	719.	33.257	33.351	33.317	
9336	719.01	33.257	33.351	33.317	
9337	719.02	33.257	33.351	33.317	
9338	719.05	33.257	33.351	33.317	
9339	719.14	33.257	33.351	33.318	
9340	719.24	33.257	33.351	33.318	
9341	719.34	33.258	33.351	33.318	
9342	719.44	33.258	33.351	33.318	
9343	719.54	33.258	33.352	33.318	
9344	719.64	33.258	33.352	33.318	
9345	719.74	33.258	33.352	33.319	
9346	719.84	33.258	33.352	33.319	
9347	719.94	33.259	33.352	33.319	
9348	720.	33.259	33.352	33.319	
9349	720.01	33.259	33.352	33.319	
9350	720.02	33.259	33.352	33.319	
9351	720.05	33.259	33.352	33.319	
9352	720.14	33.259	33.352	33.319	
9353	720.24	33.259	33.353	33.319	
9354	720.34	33.259	33.353	33.319	
9355	720.44	33.259	33.353	33.32	
9356	720.54	33.259	33.353	33.32	
9357	720.64	33.26	33.353	33.32	
9358	720.74	33.26	33.353	33.32	
9359	720.84	33.26	33.354	33.32	
9360	720.94	33.26	33.354	33.32	
9361	721.	33.26	33.354	33.321	
9362	721.01	33.26	33.354	33.321	
9363	721.02	33.26	33.354	33.321	
9364	721.05	33.26	33.354	33.321	
9365	721.14	33.26	33.354	33.321	
9366	721.24	33.261	33.354	33.321	
9367	721.34	33.261	33.354	33.321	
9368	721.44	33.261	33.355	33.321	
9369	721.54	33.261	33.355	33.321	
9370	721.64	33.261	33.355	33.321	
9371	721.74	33.261	33.355	33.322	
9372	721.84	33.262	33.355	33.322	
9373	721.94	33.262	33.355	33.322	
9374	722.	33.262	33.355	33.322	
9375	722.01	33.262	33.355	33.322	
9376	722.02	33.262	33.355	33.322	
9377	722.05	33.262	33.355	33.322	
9378	722.14	33.262	33.356	33.322	
9379	722.24	33.262	33.356	33.322	
9380	722.34	33.262	33.356	33.323	
9381	722.44	33.262	33.356	33.323	
9382	722.54	33.263	33.356	33.323	
9383	722.64	33.263	33.356	33.323	
9384	722.74	33.263	33.357	33.323	
9385	722.84	33.263	33.357	33.323	
9386	722.94	33.263	33.357	33.324	
9387	723.	33.263	33.357	33.324	
9388	723.01	33.263	33.357	33.324	
9389	723.02	33.263	33.357	33.324	
9390	723.05	33.263	33.357	33.324	
9391	723.14	33.264	33.357	33.324	
9392	723.24	33.264	33.357	33.324	
9393	723.34	33.264	33.357	33.324	
9394	723.44	33.264	33.358	33.324	
9395	723.54	33.264	33.358	33.324	
9396	723.64	33.264	33.358	33.325	
9397	723.74	33.264	33.358	33.325	
9398	723.84	33.265	33.358	33.325	
9399	723.94	33.265	33.358	33.325	
9400	724.	33.265	33.359	33.325	
9401	724.01	33.265	33.359	33.325	
9402	724.02	33.265	33.359	33.325	
9403	724.05	33.265	33.359	33.325	
9404	724.14	33.265	33.359	33.325	
9405	724.24	33.265	33.359	33.326	
9406	724.34	33.265	33.359	33.326	
9407	724.44	33.266	33.359	33.326	
9408	724.54	33.266	33.359	33.326	
9409	724.64	33.266	33.36	33.326	
9410	724.74	33.266	33.36	33.326	
9411	724.84	33.266	33.36	33.326	
9412	724.94	33.266	33.36	33.327	
9413	725.	33.266	33.36	33.327	
9414	725.01	33.266	33.36	33.327	
9415	725.02	33.266	33.36	33.327	
9416	725.05	33.266	33.36	33.327	
9417	725.14	33.267	33.36	33.327	
9418	725.24	33.267	33.36	33.327	
9419	725.34	33.267	33.361	33.327	
9420	725.44	33.267	33.361	33.327	
9421	725.54	33.267	33.361	33.328	
9422	725.64	33.267	33.361	33.328	
9423	725.74	33.268	33.361	33.328	
9424	725.84	33.268	33.361	33.328	
9425	725.94	33.268	33.362	33.328	
9426	726.	33.268	33.362	33.328	
9427	726.01	33.268	33.362	33.328	
9428	726.02	33.268	33.362	33.328	
9429	726.05	33.268	33.362	33.328	
9430	726.14	33.268	33.362	33.328	
9431	726.24	33.268	33.362	33.329	
9432	726.34	33.268	33.362	33.329	
9433	726.44	33.269	33.362	33.329	
9434	726.54	33.269	33.362	33.329	
9435	726.64	33.269	33.363	33.329	
9436	726.74	33.269	33.363	33.329	
9437	726.84	33.269	33.363	33.33	
9438	726.94	33.269	33.363	33.33	
9439	727.	33.27	33.363	33.33	
9440	727.01	33.27	33.363	33.33	
9441	727.02	33.27	33.363	33.33	
9442	727.05	33.27	33.363	33.33	
9443	727.14	33.27	33.363	33.33	
9444	727.24	33.27	33.364	33.33	
9445	727.34	33.27	33.364	33.33	
9446	727.44	33.27	33.364	33.331	
9447	727.54	33.27	33.364	33.331	
9448	727.64	33.27	33.364	33.331	
9449	727.74	33.271	33.364	33.331	
9450	727.84	33.271	33.364	33.331	
9451	727.94	33.271	33.365	33.331	
9452	728.	33.271	33.365	33.331	
9453	728.01	33.271	33.365	33.331	
9454	728.02	33.271	33.365	33.331	
9455	728.05	33.271	33.365	33.331	
9456	728.14	33.271	33.365	33.332	
9457	728.24	33.271	33.365	33.332	
9458	728.34	33.272	33.365	33.332	
9459	728.44	33.272	33.365	33.332	
9460	728.54	33.272	33.366	33.332	
9461	728.64	33.272	33.366	33.332	
9462	728.74	33.272	33.366	33.333	
9463	728.84	33.272	33.366	33.333	
9464	728.94	33.273	33.366	33.333	
9465	729.	33.273	33.366	33.333	
9466	729.01	33.273	33.366	33.333	
9467	729.02	33.273	33.366	33.333	
9468	729.05	33.273	33.366	33.333	
9469	729.14	33.273	33.367	33.333	
9470	729.24	33.273	33.367	33.333	
9471	729.34	33.273	33.367	33.333	
9472	729.44	33.273	33.367	33.334	
9473	729.54	33.273	33.367	33.334	
9474	729.64	33.274	33.367	33.334	
9475	729.74	33.274	33.367	33.334	
9476	729.84	33.274	33.368	33.334	
9477	729.94	33.274	33.368	33.334	
9478	730.	33.274	33.368	33.334	
9479	730.01	33.274	33.368	33.335	
9480	730.02	33.274	33.368	33.335	
9481	730.05	33.274	33.368	33.335	
9482	730.14	33.274	33.368	33.335	
9483	730.24	33.275	33.368	33.335	
9484	730.34	33.275	33.368	33.335	
9485	730.44	33.275	33.369	33.335	
9486	730.54	33.275	33.369	33.335	
9487	730.64	33.275	33.369	33.335	
9488	730.74	33.275	33.369	33.336	
9489	730.84	33.275	33.369	33.336	
9490	730.94	33.276	33.369	33.336	
9491	731.	33.276	33.369	33.336	
9492	731.01	33.276	33.369	33.336	
9493	731.02	33.276	33.369	33.336	
9494	731.05	33.276	33.369	33.336	
9495	731.14	33.276	33.37	33.336	
9496	731.24	33.276	33.37	33.336	
9497	731.34	33.276	33.37	33.337	
9498	731.44	33.276	33.37	33.337	
9499	731.54	33.277	33.37	33.337	
9500	731.64	33.277	33.37	33.337	
9501	731.74	33.277	33.371	33.337	
9502	731.84	33.277	33.371	33.337	
9503	731.94	33.277	33.371	33.338	
9504	732.	33.277	33.371	33.338	
9505	732.01	33.277	33.371	33.338	
9506	732.02	33.277	33.371	33.338	
9507	732.05	33.277	33.371	33.338	
9508	732.14	33.277	33.371	33.338	
9509	732.24	33.278	33.371	33.338	
9510	732.34	33.278	33.372	33.338	
9511	732.44	33.278	33.372	33.338	
9512	732.54	33.278	33.372	33.338	
9513	732.64	33.278	33.372	33.339	
9514	732.74	33.278	33.372	33.339	
9515	732.84	33.279	33.372	33.339	
9516	732.94	33.279	33.372	33.339	
9517	733.	33.279	33.373	33.339	
9518	733.01	33.279	33.373	33.339	
9519	733.02	33.279	33.373	33.339	
9520	733.05	33.279	33.373	33.339	
9521	733.14	33.279	33.373	33.339	
9522	733.24	33.279	33.373	33.34	
9523	733.34	33.279	33.373	33.34	
9524	733.44	33.279	33.373	33.34	
9525	733.54	33.28	33.373	33.34	
9526	733.64	33.28	33.374	33.34	
9527	733.74	33.28	33.374	33.34	
9528	733.84	33.28	33.374	33.34	
9529	733.94	33.28	33.374	33.341	
9530	734.	33.28	33.374	33.341	
9531	734.01	33.28	33.374	33.341	
9532	734.02	33.28	33.374	33.341	
9533	734.05	33.28	33.374	33.341	
9534	734.14	33.281	33.374	33.341	
9535	734.24	33.281	33.374	33.341	
9536	734.34	33.281	33.375	33.341	
9537	734.44	33.281	33.375	33.341	
9538	734.54	33.281	33.375	33.342	
9539	734.64	33.281	33.375	33.342	
9540	734.74	33.281	33.375	33.342	
9541	734.84	33.282	33.375	33.342	
9542	734.94	33.282	33.376	33.342	
9543	735.	33.282	33.376	33.342	
9544	735.01	33.282	33.376	33.342	
9545	735.02	33.282	33.376	33.342	
9546	735.05	33.282	33.376	33.342	
9547	735.14	33.282	33.376	33.342	
9548	735.24	33.282	33.376	33.343	
9549	735.34	33.282	33.376	33.343	
9550	735.44	33.283	33.376	33.343	
9551	735.54	33.283	33.376	33.343	
9552	735.64	33.283	33.377	33.343	
9553	735.74	33.283	33.377	33.343	
9554	735.84	33.283	33.377	33.344	
9555	735.94	33.283	33.377	33.344	
9556	736.	33.283	33.377	33.344	
9557	736.01	33.283	33.377	33.344	
9558	736.02	33.283	33.377	33.344	
9559	736.05	33.284	33.377	33.344	
9560	736.14	33.284	33.377	33.344	
9561	736.24	33.284	33.378	33.344	
9562	736.34	33.284	33.378	33.344	
9563	736.44	33.284	33.378	33.345	
9564	736.54	33.284	33.378	33.345	
9565	736.64	33.284	33.378	33.345	
9566	736.74	33.285	33.378	33.345	
9567	736.84	33.285	33.379	33.345	
9568	736.94	33.285	33.379	33.345	
9569	737.	33.285	33.379	33.345	
9570	737.01	33.285	33.379	33.345	
9571	737.02	33.285	33.379	33.345	
9572	737.05	33.285	33.379	33.345	
9573	737.14	33.285	33.379	33.346	
9574	737.24	33.285	33.379	33.346	
9575	737.34	33.286	33.379	33.346	
9576	737.44	33.286	33.379	33.346	
9577	737.54	33.286	33.38	33.346	
9578	737.64	33.286	33.38	33.346	
9579	737.74	33.286	33.38	33.347	
9580	737.84	33.286	33.38	33.347	
9581	737.94	33.286	33.38	33.347	
9582	738.	33.287	33.38	33.347	
9583	738.01	33.287	33.38	33.347	
9584	738.02	33.287	33.38	33.347	
9585	738.05	33.287	33.38	33.347	
9586	738.14	33.287	33.381	33.347	
9587	738.24	33.287	33.381	33.347	
9588	738.34	33.287	33.381	33.347	
9589	738.44	33.287	33.381	33.348	
9590	738.54	33.287	33.381	33.348	
9591	738.64	33.288	33.381	33.348	
9592	738.74	33.288	33.381	33.348	
9593	738.84	33.288	33.382	33.348	
9594	738.94	33.288	33.382	33.348	
9595	739.	33.288	33.382	33.348	
9596	739.01	33.288	33.382	33.349	
9597	739.02	33.288	33.382	33.349	
9598	739.05	33.288	33.382	33.349	
9599	739.14	33.288	33.382	33.349	
9600	739.24	33.288	33.382	33.349	
9601	739.34	33.289	33.382	33.349	
9602	739.44	33.289	33.383	33.349	
9603	739.54	33.289	33.383	33.349	
9604	739.64	33.289	33.383	33.349	
9605	739.74	33.289	33.383	33.35	
9606	739.84	33.289	33.383	33.35	
9607	739.94	33.29	33.383	33.35	
9608	740.	33.29	33.383	33.35	
9609	740.01	33.29	33.383	33.35	
9610	740.02	33.29	33.383	33.35	
9611	740.05	33.29	33.384	33.35	
9612	740.14	33.29	33.384	33.35	
9613	740.24	33.29	33.384	33.35	
9614	740.34	33.29	33.384	33.351	
9615	740.44	33.29	33.384	33.351	
9616	740.54	33.29	33.384	33.351	
9617	740.64	33.291	33.384	33.351	
9618	740.74	33.291	33.385	33.351	
9619	740.84	33.291	33.385	33.351	
9620	740.94	33.291	33.385	33.352	
9621	741.	33.291	33.385	33.352	
9622	741.01	33.291	33.385	33.352	
9623	741.02	33.291	33.385	33.352	
9624	741.05	33.291	33.385	33.352	
9625	741.14	33.291	33.385	33.352	
9626	741.24	33.292	33.385	33.352	
9627	741.34	33.292	33.386	33.352	
9628	741.44	33.292	33.386	33.352	
9629	741.54	33.292	33.386	33.352	
9630	741.64	33.292	33.386	33.353	
9631	741.74	33.292	33.386	33.353	
9632	741.84	33.292	33.386	33.353	
9633	741.94	33.293	33.386	33.353	
9634	742.	33.293	33.387	33.353	
9635	742.01	33.293	33.387	33.353	
9636	742.02	33.293	33.387	33.353	
9637	742.05	33.293	33.387	33.353	
9638	742.14	33.293	33.387	33.353	
9639	742.24	33.293	33.387	33.354	
9640	742.34	33.293	33.387	33.354	
9641	742.44	33.293	33.387	33.354	
9642	742.54	33.294	33.387	33.354	
9643	742.64	33.294	33.388	33.354	
9644	742.74	33.294	33.388	33.354	
9645	742.84	33.294	33.388	33.354	
9646	742.94	33.294	33.388	33.355	
9647	743.	33.294	33.388	33.355	
9648	743.01	33.294	33.388	33.355	
9649	743.02	33.294	33.388	33.355	
9650	743.05	33.294	33.388	33.355	
9651	743.14	33.294	33.388	33.355	
9652	743.24	33.295	33.389	33.355	
9653	743.34	33.295	33.389	33.355	
9654	743.44	33.295	33.389	33.355	
9655	743.54	33.295	33.389	33.356	
9656	743.64	33.295	33.389	33.356	
9657	743.74	33.295	33.389	33.356	
9658	743.84	33.296	33.389	33.356	
9659	743.94	33.296	33.39	33.356	
9660	744.	33.296	33.39	33.356	
9661	744.01	33.296	33.39	33.356	
9662	744.02	33.296	33.39	33.356	
9663	744.05	33.296	33.39	33.356	
9664	744.14	33.296	33.39	33.356	
9665	744.24	33.296	33.39	33.357	
9666	744.34	33.296	33.39	33.357	
9667	744.44	33.297	33.39	33.357	
9668	744.54	33.297	33.391	33.357	
9669	744.64	33.297	33.391	33.357	
9670	744.74	33.297	33.391	33.357	
9671	744.84	33.297	33.391	33.358	
9672	744.94	33.297	33.391	33.358	
9673	745.	33.297	33.391	33.358	
9674	745.01	33.297	33.391	33.358	
9675	745.02	33.297	33.391	33.358	
9676	745.05	33.297	33.391	33.358	
9677	745.14	33.298	33.391	33.358	
9678	745.24	33.298	33.392	33.358	
9679	745.34	33.298	33.392	33.358	
9680	745.44	33.298	33.392	33.359	
9681	745.54	33.298	33.392	33.359	
9682	745.64	33.298	33.392	33.359	
9683	745.74	33.299	33.392	33.359	
9684	745.84	33.299	33.393	33.359	
9685	745.94	33.299	33.393	33.359	
9686	746.	33.299	33.393	33.359	
9687	746.01	33.299	33.393	33.359	
9688	746.02	33.299	33.393	33.359	
9689	746.05	33.299	33.393	33.359	
9690	746.14	33.299	33.393	33.36	
9691	746.24	33.299	33.393	33.36	
9692	746.34	33.299	33.393	33.36	
9693	746.44	33.3	33.393	33.36	
9694	746.54	33.3	33.394	33.36	
9695	746.64	33.3	33.394	33.36	
9696	746.74	33.3	33.394	33.361	
9697	746.84	33.3	33.394	33.361	
9698	746.94	33.3	33.394	33.361	
9699	747.	33.3	33.394	33.361	
9700	747.01	33.3	33.394	33.361	
9701	747.02	33.3	33.394	33.361	
9702	747.05	33.301	33.394	33.361	
9703	747.14	33.301	33.395	33.361	
9704	747.24	33.301	33.395	33.361	
9705	747.34	33.301	33.395	33.361	
9706	747.44	33.301	33.395	33.362	
9707	747.54	33.301	33.395	33.362	
9708	747.64	33.301	33.395	33.362	
9709	747.74	33.302	33.396	33.362	
9710	747.84	33.302	33.396	33.362	
9711	747.94	33.302	33.396	33.362	
9712	748.	33.302	33.396	33.362	
9713	748.01	33.302	33.396	33.363	
9714	748.02	33.302	33.396	33.363	
9715	748.05	33.302	33.396	33.363	
9716	748.14	33.302	33.396	33.363	
9717	748.24	33.302	33.396	33.363	
9718	748.34	33.303	33.396	33.363	
9719	748.44	33.303	33.397	33.363	
9720	748.54	33.303	33.397	33.363	
9721	748.64	33.303	33.397	33.363	
9722	748.74	33.303	33.397	33.364	
9723	748.84	33.303	33.397	33.364	
9724	748.94	33.303	33.397	33.364	
9725	749.	33.304	33.397	33.364	
9726	749.01	33.304	33.397	33.364	
9727	749.02	33.304	33.398	33.364	
9728	749.05	33.304	33.398	33.364	
9729	749.14	33.304	33.398	33.364	
9730	749.24	33.304	33.398	33.364	
9731	749.34	33.304	33.398	33.365	
9732	749.44	33.304	33.398	33.365	
9733	749.54	33.304	33.398	33.365	
9734	749.64	33.305	33.398	33.365	
9735	749.74	33.305	33.399	33.365	
9736	749.84	33.305	33.399	33.365	
9737	749.94	33.305	33.399	33.366	
9738	750.	33.305	33.399	33.366	
9739	750.01	33.305	33.399	33.366	
9740	750.02	33.305	33.399	33.366	
9741	750.05	33.305	33.399	33.366	
9742	750.14	33.305	33.399	33.366	
9743	750.24	33.305	33.399	33.366	
9744	750.34	33.306	33.4	33.366	
9745	750.44	33.306	33.4	33.366	
9746	750.54	33.306	33.4	33.366	
9747	750.64	33.306	33.4	33.367	
9748	750.74	33.306	33.4	33.367	
9749	750.84	33.306	33.4	33.367	
9750	750.94	33.307	33.401	33.367	
9751	751.	33.307	33.401	33.367	
9752	751.01	33.307	33.401	33.367	
9753	751.02	33.307	33.401	33.367	
9754	751.05	33.307	33.401	33.367	
9755	751.14	33.307	33.401	33.367	
9756	751.24	33.307	33.401	33.368	
9757	751.34	33.307	33.401	33.368	
9758	751.44	33.307	33.401	33.368	
9759	751.54	33.307	33.401	33.368	
9760	751.64	33.308	33.402	33.368	
9761	751.74	33.308	33.402	33.368	
9762	751.84	33.308	33.402	33.368	
9763	751.94	33.308	33.402	33.369	
9764	752.	33.308	33.402	33.369	
9765	752.01	33.308	33.402	33.369	
9766	752.02	33.308	33.402	33.369	
9767	752.05	33.308	33.402	33.369	
9768	752.14	33.308	33.402	33.369	
9769	752.24	33.309	33.403	33.369	
9770	752.34	33.309	33.403	33.369	
9771	752.44	33.309	33.403	33.369	
9772	752.54	33.309	33.403	33.37	
9773	752.64	33.309	33.403	33.37	
9774	752.74	33.309	33.403	33.37	
9775	752.84	33.31	33.403	33.37	
9776	752.94	33.31	33.404	33.37	
9777	753.	33.31	33.404	33.37	
9778	753.01	33.31	33.404	33.37	
9779	753.02	33.31	33.404	33.37	
9780	753.05	33.31	33.404	33.37	
9781	753.14	33.31	33.404	33.37	
9782	753.24	33.31	33.404	33.371	
9783	753.34	33.31	33.404	33.371	
9784	753.44	33.31	33.404	33.371	
9785	753.54	33.311	33.405	33.371	
9786	753.64	33.311	33.405	33.371	
9787	753.74	33.311	33.405	33.371	
9788	753.84	33.311	33.405	33.372	
9789	753.94	33.311	33.405	33.372	
9790	754.	33.311	33.405	33.372	
9791	754.01	33.311	33.405	33.372	
9792	754.02	33.311	33.405	33.372	
9793	754.05	33.311	33.405	33.372	
9794	754.14	33.312	33.405	33.372	
9795	754.24	33.312	33.406	33.372	
9796	754.34	33.312	33.406	33.372	
9797	754.44	33.312	33.406	33.373	
9798	754.54	33.312	33.406	33.373	
9799	754.64	33.312	33.406	33.373	
9800	754.74	33.312	33.406	33.373	
9801	754.84	33.313	33.407	33.373	
9802	754.94	33.313	33.407	33.373	
9803	755.	33.313	33.407	33.373	
9804	755.01	33.313	33.407	33.373	
9805	755.02	33.313	33.407	33.373	
9806	755.05	33.313	33.407	33.373	
9807	755.14	33.313	33.407	33.374	
9808	755.24	33.313	33.407	33.374	
9809	755.34	33.313	33.407	33.374	
9810	755.44	33.314	33.408	33.374	
9811	755.54	33.314	33.408	33.374	
9812	755.64	33.314	33.408	33.374	
9813	755.74	33.314	33.408	33.375	
9814	755.84	33.314	33.408	33.375	
9815	755.94	33.314	33.408	33.375	
9816	756.	33.314	33.408	33.375	
9817	756.01	33.314	33.408	33.375	
9818	756.02	33.314	33.408	33.375	
9819	756.05	33.314	33.408	33.375	
9820	756.14	33.315	33.409	33.375	
9821	756.24	33.315	33.409	33.375	
9822	756.34	33.315	33.409	33.375	
9823	756.44	33.315	33.409	33.376	
9824	756.54	33.315	33.409	33.376	
9825	756.64	33.315	33.409	33.376	
9826	756.74	33.316	33.41	33.376	
9827	756.84	33.316	33.41	33.376	
9828	756.94	33.316	33.41	33.376	
9829	757.	33.316	33.41	33.376	
9830	757.01	33.316	33.41	33.377	
9831	757.02	33.316	33.41	33.377	
9832	757.05	33.316	33.41	33.377	
9833	757.14	33.316	33.41	33.377	
9834	757.24	33.316	33.41	33.377	
9835	757.34	33.316	33.41	33.377	
9836	757.44	33.317	33.411	33.377	
9837	757.54	33.317	33.411	33.377	
9838	757.64	33.317	33.411	33.377	
9839	757.74	33.317	33.411	33.378	
9840	757.84	33.317	33.411	33.378	
9841	757.94	33.317	33.411	33.378	
9842	758.	33.317	33.412	33.378	
9843	758.01	33.318	33.412	33.378	
9844	758.02	33.318	33.412	33.378	
9845	758.05	33.318	33.412	33.378	
9846	758.14	33.318	33.412	33.378	
9847	758.24	33.318	33.412	33.378	
9848	758.34	33.318	33.412	33.379	
9849	758.44	33.318	33.412	33.379	
9850	758.54	33.318	33.412	33.379	
9851	758.64	33.318	33.413	33.379	
9852	758.74	33.319	33.413	33.379	
9853	758.84	33.319	33.413	33.379	
9854	758.94	33.319	33.413	33.38	
9855	759.	33.319	33.413	33.38	
9856	759.01	33.319	33.413	33.38	
9857	759.02	33.319	33.413	33.38	
9858	759.05	33.319	33.413	33.38	
9859	759.14	33.319	33.413	33.38	
9860	759.24	33.319	33.413	33.38	
9861	759.34	33.32	33.414	33.38	
9862	759.44	33.32	33.414	33.38	
9863	759.54	33.32	33.414	33.38	
9864	759.64	33.32	33.414	33.381	
9865	759.74	33.32	33.414	33.381	
9866	759.84	33.32	33.414	33.381	
9867	759.94	33.321	33.415	33.381	
9868	760.	33.321	33.415	33.381	
9869	760.01	33.321	33.415	33.381	
9870	760.02	33.321	33.415	33.381	
9871	760.05	33.321	33.415	33.381	
9872	760.14	33.321	33.415	33.381	
9873	760.24	33.321	33.415	33.382	
9874	760.34	33.321	33.415	33.382	
9875	760.44	33.321	33.415	33.382	
9876	760.54	33.321	33.415	33.382	
9877	760.64	33.322	33.416	33.382	
9878	760.74	33.322	33.416	33.382	
9879	760.84	33.322	33.416	33.382	
9880	760.94	33.322	33.416	33.383	
9881	761.	33.322	33.416	33.383	
9882	761.01	33.322	33.416	33.383	
9883	761.02	33.322	33.416	33.383	
9884	761.05	33.322	33.416	33.383	
9885	761.14	33.322	33.416	33.383	
9886	761.24	33.323	33.417	33.383	
9887	761.34	33.323	33.417	33.383	
9888	761.44	33.323	33.417	33.383	
9889	761.54	33.323	33.417	33.384	
9890	761.64	33.323	33.417	33.384	
9891	761.74	33.323	33.417	33.384	
9892	761.84	33.323	33.418	33.384	
9893	761.94	33.324	33.418	33.384	
9894	762.	33.324	33.418	33.384	
9895	762.01	33.324	33.418	33.384	
9896	762.02	33.324	33.418	33.384	
9897	762.05	33.324	33.418	33.384	
9898	762.14	33.324	33.418	33.384	
9899	762.24	33.324	33.418	33.385	
9900	762.34	33.324	33.418	33.385	
9901	762.44	33.324	33.418	33.385	
9902	762.54	33.325	33.419	33.385	
9903	762.64	33.325	33.419	33.385	
9904	762.74	33.325	33.419	33.385	
9905	762.84	33.325	33.419	33.386	
9906	762.94	33.325	33.419	33.386	
9907	763.	33.325	33.419	33.386	
9908	763.01	33.325	33.419	33.386	
9909	763.02	33.325	33.419	33.386	
9910	763.05	33.325	33.419	33.386	
9911	763.14	33.325	33.42	33.386	
9912	763.24	33.326	33.42	33.386	
9913	763.34	33.326	33.42	33.386	
9914	763.44	33.326	33.42	33.387	
9915	763.54	33.326	33.42	33.387	
9916	763.64	33.326	33.42	33.387	
9917	763.74	33.326	33.42	33.387	
9918	763.84	33.327	33.421	33.387	
9919	763.94	33.327	33.421	33.387	
9920	764.	33.327	33.421	33.387	
9921	764.01	33.327	33.421	33.387	
9922	764.02	33.327	33.421	33.387	
9923	764.05	33.327	33.421	33.387	
9924	764.14	33.327	33.421	33.388	
9925	764.24	33.327	33.421	33.388	
9926	764.34	33.327	33.421	33.388	
9927	764.44	33.327	33.422	33.388	
9928	764.54	33.328	33.422	33.388	
9929	764.64	33.328	33.422	33.388	
9930	764.74	33.328	33.422	33.389	
9931	764.84	33.328	33.422	33.389	
9932	764.94	33.328	33.422	33.389	
9933	765.	33.328	33.422	33.389	
9934	765.01	33.328	33.422	33.389	
9935	765.02	33.328	33.422	33.389	
9936	765.05	33.328	33.423	33.389	
9937	765.14	33.329	33.423	33.389	
9938	765.24	33.329	33.423	33.389	
9939	765.34	33.329	33.423	33.389	
9940	765.44	33.329	33.423	33.39	
9941	765.54	33.329	33.423	33.39	
9942	765.64	33.329	33.423	33.39	
9943	765.74	33.329	33.424	33.39	
9944	765.84	33.33	33.424	33.39	
9945	765.94	33.33	33.424	33.39	
9946	766.	33.33	33.424	33.39	
9947	766.01	33.33	33.424	33.391	
9948	766.02	33.33	33.424	33.391	
9949	766.05	33.33	33.424	33.391	
9950	766.14	33.33	33.424	33.391	
9951	766.24	33.33	33.424	33.391	
9952	766.34	33.33	33.425	33.391	
9953	766.44	33.331	33.425	33.391	
9954	766.54	33.331	33.425	33.391	
9955	766.64	33.331	33.425	33.391	
9956	766.74	33.331	33.425	33.392	
9957	766.84	33.331	33.425	33.392	
9958	766.94	33.331	33.425	33.392	
9959	767.	33.331	33.426	33.392	
9960	767.01	33.331	33.426	33.392	
9961	767.02	33.331	33.426	33.392	
9962	767.05	33.332	33.426	33.392	
9963	767.14	33.332	33.426	33.392	
9964	767.24	33.332	33.426	33.392	
9965	767.34	33.332	33.426	33.393	
9966	767.44	33.332	33.426	33.393	
9967	767.54	33.332	33.426	33.393	
9968	767.64	33.332	33.427	33.393	
9969	767.74	33.333	33.427	33.393	
9970	767.84	33.333	33.427	33.393	
9971	767.94	33.333	33.427	33.394	
9972	768.	33.333	33.427	33.394	
9973	768.01	33.333	33.427	33.394	
9974	768.02	33.333	33.427	33.394	
9975	768.05	33.333	33.427	33.394	
9976	768.14	33.333	33.427	33.394	
9977	768.24	33.333	33.427	33.394	
9978	768.34	33.334	33.428	33.394	
9979	768.44	33.334	33.428	33.394	
9980	768.54	33.334	33.428	33.394	
9981	768.64	33.334	33.428	33.395	
9982	768.74	33.334	33.428	33.395	
9983	768.84	33.334	33.428	33.395	
9984	768.94	33.334	33.429	33.395	
9985	769.	33.335	33.429	33.395	
9986	769.01	33.335	33.429	33.395	
9987	769.02	33.335	33.429	33.395	
9988	769.05	33.335	33.429	33.395	
9989	769.14	33.335	33.429	33.395	
9990	769.24	33.335	33.429	33.396	
9991	769.34	33.335	33.429	33.396	
9992	769.44	33.335	33.429	33.396	
9993	769.54	33.335	33.43	33.396	
9994	769.64	33.336	33.43	33.396	
9995	769.74	33.336	33.43	33.396	
9996	769.84	33.336	33.43	33.396	
9997	769.94	33.336	33.43	33.397	
9998	770.	33.336	33.43	33.397	
9999	770.01	33.336	33.43	33.397	
10000	770.02	33.336	33.43	33.397	
10001	770.05	33.336	33.43	33.397	
10002	770.14	33.336	33.43	33.397	
10003	770.24	33.336	33.431	33.397	
10004	770.34	33.337	33.431	33.397	
10005	770.44	33.337	33.431	33.397	
10006	770.54	33.337	33.431	33.398	
10007	770.64	33.337	33.431	33.398	
10008	770.74	33.337	33.431	33.398	
10009	770.84	33.337	33.432	33.398	
10010	770.94	33.338	33.432	33.398	
10011	771.	33.338	33.432	33.398	
10012	771.01	33.338	33.432	33.398	
10013	771.02	33.338	33.432	33.398	
10014	771.05	33.338	33.432	33.398	
10015	771.14	33.338	33.432	33.398	
10016	771.24	33.338	33.432	33.399	
10017	771.34	33.338	33.432	33.399	
10018	771.44	33.338	33.432	33.399	
10019	771.54	33.338	33.433	33.399	
10020	771.64	33.339	33.433	33.399	
10021	771.74	33.339	33.433	33.399	
10022	771.84	33.339	33.433	33.4	
10023	771.94	33.339	33.433	33.4	
10024	772.	33.339	33.433	33.4	
10025	772.01	33.339	33.433	33.4	
10026	772.02	33.339	33.433	33.4	
10027	772.05	33.339	33.433	33.4	
10028	772.14	33.339	33.434	33.4	
10029	772.24	33.34	33.434	33.4	
10030	772.34	33.34	33.434	33.4	
10031	772.44	33.34	33.434	33.401	
10032	772.54	33.34	33.434	33.401	
10033	772.64	33.34	33.434	33.401	
10034	772.74	33.34	33.435	33.401	
10035	772.84	33.34	33.435	33.401	
10036	772.94	33.341	33.435	33.401	
10037	773.	33.341	33.435	33.401	
10038	773.01	33.341	33.435	33.401	
10039	773.02	33.341	33.435	33.401	
10040	773.05	33.341	33.435	33.401	
10041	773.14	33.341	33.435	33.402	
10042	773.24	33.341	33.435	33.402	
10043	773.34	33.341	33.435	33.402	
10044	773.44	33.341	33.436	33.402	
10045	773.54	33.342	33.436	33.402	
10046	773.64	33.342	33.436	33.402	
10047	773.74	33.342	33.436	33.403	
10048	773.84	33.342	33.436	33.403	
10049	773.94	33.342	33.436	33.403	
10050	774.	33.342	33.436	33.403	
10051	774.01	33.342	33.436	33.403	
10052	774.02	33.342	33.436	33.403	
10053	774.05	33.342	33.437	33.403	
10054	774.14	33.342	33.437	33.403	
10055	774.24	33.343	33.437	33.403	
10056	774.34	33.343	33.437	33.403	
10057	774.44	33.343	33.437	33.404	
10058	774.54	33.343	33.437	33.404	
10059	774.64	33.343	33.437	33.404	
10060	774.74	33.343	33.438	33.404	
10061	774.84	33.344	33.438	33.404	
10062	774.94	33.344	33.438	33.404	
10063	775.	33.344	33.438	33.404	
10064	775.01	33.344	33.438	33.405	
10065	775.02	33.344	33.438	33.405	
10066	775.05	33.344	33.438	33.405	
10067	775.14	33.344	33.438	33.405	
10068	775.24	33.344	33.438	33.405	
10069	775.34	33.344	33.439	33.405	
10070	775.44	33.345	33.439	33.405	
10071	775.54	33.345	33.439	33.405	
10072	775.64	33.345	33.439	33.405	
10073	775.74	33.345	33.439	33.406	
10074	775.84	33.345	33.439	33.406	
10075	775.94	33.345	33.439	33.406	
10076	776.	33.345	33.44	33.406	
10077	776.01	33.345	33.44	33.406	
10078	776.02	33.345	33.44	33.406	
10079	776.05	33.345	33.44	33.406	
10080	776.14	33.346	33.44	33.406	
10081	776.24	33.346	33.44	33.406	
10082	776.34	33.346	33.44	33.407	
10083	776.44	33.346	33.44	33.407	
10084	776.54	33.346	33.44	33.407	
10085	776.64	33.346	33.441	33.407	
10086	776.74	33.347	33.441	33.407	
10087	776.84	33.347	33.441	33.407	
10088	776.94	33.347	33.441	33.408	
10089	777.	33.347	33.441	33.408	
10090	777.01	33.347	33.441	33.408	
10091	777.02	33.347	33.441	33.408	
10092	777.05	33.347	33.441	33.408	
10093	777.14	33.347	33.441	33.408	
10094	777.24	33.347	33.442	33.408	
10095	777.34	33.347	33.442	33.408	
10096	777.44	33.348	33.442	33.408	
10097	777.54	33.348	33.442	33.408	
10098	777.64	33.348	33.442	33.409	
10099	777.74	33.348	33.442	33.409	
10100	777.84	33.348	33.442	33.409	
10101	777.94	33.348	33.443	33.409	
10102	778.	33.348	33.443	33.409	
10103	778.01	33.348	33.443	33.409	
10104	778.02	33.349	33.443	33.409	
10105	778.05	33.349	33.443	33.409	
10106	778.14	33.349	33.443	33.409	
10107	778.24	33.349	33.443	33.41	
10108	778.34	33.349	33.443	33.41	
10109	778.44	33.349	33.443	33.41	
10110	778.54	33.349	33.444	33.41	
10111	778.64	33.349	33.444	33.41	
10112	778.74	33.35	33.444	33.41	
10113	778.84	33.35	33.444	33.41	
10114	778.94	33.35	33.444	33.411	
10115	779.	33.35	33.444	33.411	
10116	779.01	33.35	33.444	33.411	
10117	779.02	33.35	33.444	33.411	
10118	779.05	33.35	33.444	33.411	
10119	779.14	33.35	33.444	33.411	
10120	779.24	33.35	33.445	33.411	
10121	779.34	33.351	33.445	33.411	
10122	779.44	33.351	33.445	33.411	
10123	779.54	33.351	33.445	33.412	
10124	779.64	33.351	33.445	33.412	
10125	779.74	33.351	33.445	33.412	
10126	779.84	33.351	33.446	33.412	
10127	779.94	33.351	33.446	33.412	
10128	780.	33.352	33.446	33.412	
10129	780.01	33.352	33.446	33.412	
10130	780.02	33.352	33.446	33.412	
10131	780.05	33.352	33.446	33.412	
10132	780.14	33.352	33.446	33.412	
10133	780.24	33.352	33.446	33.413	
10134	780.34	33.352	33.446	33.413	
10135	780.44	33.352	33.447	33.413	
10136	780.54	33.352	33.447	33.413	
10137	780.64	33.353	33.447	33.413	
10138	780.74	33.353	33.447	33.413	
10139	780.84	33.353	33.447	33.414	
10140	780.94	33.353	33.447	33.414	
10141	781.	33.353	33.447	33.414	
10142	781.01	33.353	33.447	33.414	
10143	781.02	33.353	33.447	33.414	
10144	781.05	33.353	33.447	33.414	
10145	781.14	33.353	33.448	33.414	
10146	781.24	33.353	33.448	33.414	
10147	781.34	33.354	33.448	33.414	
10148	781.44	33.354	33.448	33.415	
10149	781.54	33.354	33.448	33.415	
10150	781.64	33.354	33.448	33.415	
10151	781.74	33.354	33.449	33.415	
10152	781.84	33.354	33.449	33.415	
10153	781.94	33.355	33.449	33.415	
10154	782.	33.355	33.449	33.415	
10155	782.01	33.355	33.449	33.415	
10156	782.02	33.355	33.449	33.415	
10157	782.05	33.355	33.449	33.415	
10158	782.14	33.355	33.449	33.416	
10159	782.24	33.355	33.449	33.416	
10160	782.34	33.355	33.449	33.416	
10161	782.44	33.355	33.45	33.416	
10162	782.54	33.356	33.45	33.416	
10163	782.64	33.356	33.45	33.416	
10164	782.74	33.356	33.45	33.417	
10165	782.84	33.356	33.45	33.417	
10166	782.94	33.356	33.45	33.417	
10167	783.	33.356	33.451	33.417	
10168	783.01	33.356	33.451	33.417	
10169	783.02	33.356	33.451	33.417	
10170	783.05	33.356	33.451	33.417	
10171	783.14	33.356	33.451	33.417	
10172	783.24	33.357	33.451	33.417	
10173	783.34	33.357	33.451	33.417	
10174	783.44	33.357	33.451	33.418	
10175	783.54	33.357	33.451	33.418	
10176	783.64	33.357	33.451	33.418	
10177	783.74	33.357	33.452	33.418	
10178	783.84	33.358	33.452	33.418	
10179	783.94	33.358	33.452	33.418	
10180	784.	33.358	33.452	33.418	
10181	784.01	33.358	33.452	33.419	
10182	784.02	33.358	33.452	33.419	
10183	784.05	33.358	33.452	33.419	
10184	784.14	33.358	33.452	33.419	
10185	784.24	33.358	33.452	33.419	
10186	784.34	33.358	33.453	33.419	
10187	784.44	33.358	33.453	33.419	
10188	784.54	33.359	33.453	33.419	
10189	784.64	33.359	33.453	33.419	
10190	784.74	33.359	33.453	33.42	
10191	784.84	33.359	33.453	33.42	
10192	784.94	33.359	33.454	33.42	
10193	785.	33.359	33.454	33.42	
10194	785.01	33.359	33.454	33.42	
10195	785.02	33.359	33.454	33.42	
10196	785.05	33.359	33.454	33.42	
10197	785.14	33.36	33.454	33.42	
10198	785.24	33.36	33.454	33.42	
10199	785.34	33.36	33.454	33.421	
10200	785.44	33.36	33.454	33.421	
10201	785.54	33.36	33.454	33.421	
10202	785.64	33.36	33.455	33.421	
10203	785.74	33.36	33.455	33.421	
10204	785.84	33.361	33.455	33.421	
10205	785.94	33.361	33.455	33.422	
10206	786.	33.361	33.455	33.422	
10207	786.01	33.361	33.455	33.422	
10208	786.02	33.361	33.455	33.422	
10209	786.05	33.361	33.455	33.422	
10210	786.14	33.361	33.455	33.422	
10211	786.24	33.361	33.456	33.422	
10212	786.34	33.361	33.456	33.422	
10213	786.44	33.362	33.456	33.422	
10214	786.54	33.362	33.456	33.422	
10215	786.64	33.362	33.456	33.423	
10216	786.74	33.362	33.456	33.423	
10217	786.84	33.362	33.456	33.423	
10218	786.94	33.362	33.457	33.423	
10219	787.	33.362	33.457	33.423	
10220	787.01	33.362	33.457	33.423	
10221	787.02	33.362	33.457	33.423	
10222	787.05	33.362	33.457	33.423	
10223	787.14	33.363	33.457	33.423	
10224	787.24	33.363	33.457	33.424	
10225	787.34	33.363	33.457	33.424	
10226	787.44	33.363	33.457	33.424	
10227	787.54	33.363	33.458	33.424	
10228	787.64	33.363	33.458	33.424	
10229	787.74	33.364	33.458	33.424	
10230	787.84	33.364	33.458	33.424	
10231	787.94	33.364	33.458	33.425	
10232	788.	33.364	33.458	33.425	
10233	788.01	33.364	33.458	33.425	
10234	788.02	33.364	33.458	33.425	
10235	788.05	33.364	33.458	33.425	
10236	788.14	33.364	33.459	33.425	
10237	788.24	33.364	33.459	33.425	
10238	788.34	33.364	33.459	33.425	
10239	788.44	33.365	33.459	33.425	
10240	788.54	33.365	33.459	33.426	
10241	788.64	33.365	33.459	33.426	
10242	788.74	33.365	33.459	33.426	
10243	788.84	33.365	33.46	33.426	
10244	788.94	33.365	33.46	33.426	
10245	789.	33.366	33.46	33.426	
10246	789.01	33.366	33.46	33.426	
10247	789.02	33.366	33.46	33.426	
10248	789.05	33.366	33.46	33.426	
10249	789.14	33.366	33.46	33.426	
10250	789.24	33.366	33.46	33.427	
10251	789.34	33.366	33.46	33.427	
10252	789.44	33.366	33.461	33.427	
10253	789.54	33.366	33.461	33.427	
10254	789.64	33.367	33.461	33.427	
10255	789.74	33.367	33.461	33.427	
10256	789.84	33.367	33.461	33.428	
10257	789.94	33.367	33.461	33.428	
10258	790.	33.367	33.461	33.428	
10259	790.01	33.367	33.461	33.428	
10260	790.02	33.367	33.461	33.428	
10261	790.05	33.367	33.461	33.428	
10262	790.14	33.367	33.462	33.428	
10263	790.24	33.367	33.462	33.428	
10264	790.34	33.368	33.462	33.428	
10265	790.44	33.368	33.462	33.429	
10266	790.54	33.368	33.462	33.429	
10267	790.64	33.368	33.462	33.429	
10268	790.74	33.368	33.463	33.429	
10269	790.84	33.368	33.463	33.429	
10270	790.94	33.369	33.463	33.429	
10271	791.	33.369	33.463	33.429	
10272	791.01	33.369	33.463	33.429	
10273	791.02	33.369	33.463	33.429	
10274	791.05	33.369	33.463	33.429	
10275	791.14	33.369	33.463	33.43	
10276	791.24	33.369	33.463	33.43	
10277	791.34	33.369	33.464	33.43	
10278	791.44	33.369	33.464	33.43	
10279	791.54	33.369	33.464	33.43	
10280	791.64	33.37	33.464	33.43	
10281	791.74	33.37	33.464	33.431	
10282	791.84	33.37	33.464	33.431	
10283	791.94	33.37	33.464	33.431	
10284	792.	33.37	33.465	33.431	
10285	792.01	33.37	33.465	33.431	
10286	792.02	33.37	33.465	33.431	
10287	792.05	33.37	33.465	33.431	
10288	792.14	33.37	33.465	33.431	
10289	792.24	33.371	33.465	33.431	
10290	792.34	33.371	33.465	33.431	
10291	792.44	33.371	33.465	33.432	
10292	792.54	33.371	33.465	33.432	
10293	792.64	33.371	33.466	33.432	
10294	792.74	33.371	33.466	33.432	
10295	792.84	33.371	33.466	33.432	
10296	792.94	33.372	33.466	33.432	
10297	793.	33.372	33.466	33.433	
10298	793.01	33.372	33.466	33.433	
10299	793.02	33.372	33.466	33.433	
10300	793.05	33.372	33.466	33.433	
10301	793.14	33.372	33.466	33.433	
10302	793.24	33.372	33.466	33.433	
10303	793.34	33.372	33.467	33.433	
10304	793.44	33.372	33.467	33.433	
10305	793.54	33.373	33.467	33.433	
10306	793.64	33.373	33.467	33.433	
10307	793.74	33.373	33.467	33.434	
10308	793.84	33.373	33.467	33.434	
10309	793.94	33.373	33.468	33.434	
10310	794.	33.373	33.468	33.434	
10311	794.01	33.373	33.468	33.434	
10312	794.02	33.373	33.468	33.434	
10313	794.05	33.373	33.468	33.434	
10314	794.14	33.373	33.468	33.434	
10315	794.24	33.374	33.468	33.434	
10316	794.34	33.374	33.468	33.435	
10317	794.44	33.374	33.468	33.435	
10318	794.54	33.374	33.468	33.435	
10319	794.64	33.374	33.469	33.435	
10320	794.74	33.374	33.469	33.435	
10321	794.84	33.375	33.469	33.435	
10322	794.94	33.375	33.469	33.436	
10323	795.	33.375	33.469	33.436	
10324	795.01	33.375	33.469	33.436	
10325	795.02	33.375	33.469	33.436	
10326	795.05	33.375	33.469	33.436	
10327	795.14	33.375	33.469	33.436	
10328	795.24	33.375	33.47	33.436	
10329	795.34	33.375	33.47	33.436	
10330	795.44	33.375	33.47	33.436	
10331	795.54	33.376	33.47	33.436	
10332	795.64	33.376	33.47	33.437	
10333	795.74	33.376	33.47	33.437	
10334	795.84	33.376	33.471	33.437	
10335	795.94	33.376	33.471	33.437	
10336	796.	33.376	33.471	33.437	
10337	796.01	33.376	33.471	33.437	
10338	796.02	33.376	33.471	33.437	
10339	796.05	33.376	33.471	33.437	
10340	796.14	33.377	33.471	33.437	
10341	796.24	33.377	33.471	33.438	
10342	796.34	33.377	33.471	33.438	
10343	796.44	33.377	33.471	33.438	
10344	796.54	33.377	33.472	33.438	
10345	796.64	33.377	33.472	33.438	
10346	796.74	33.377	33.472	33.438	
10347	796.84	33.378	33.472	33.438	
10348	796.94	33.378	33.472	33.439	
10349	797.	33.378	33.472	33.439	
10350	797.01	33.378	33.472	33.439	
10351	797.02	33.378	33.472	33.439	
10352	797.05	33.378	33.472	33.439	
10353	797.14	33.378	33.473	33.439	
10354	797.24	33.378	33.473	33.439	
10355	797.34	33.378	33.473	33.439	
10356	797.44	33.379	33.473	33.439	
10357	797.54	33.379	33.473	33.44	
10358	797.64	33.379	33.473	33.44	
10359	797.74	33.379	33.473	33.44	
10360	797.84	33.379	33.474	33.44	
10361	797.94	33.379	33.474	33.44	
10362	798.	33.379	33.474	33.44	
10363	798.01	33.379	33.474	33.44	
10364	798.02	33.379	33.474	33.44	
10365	798.05	33.38	33.474	33.44	
10366	798.14	33.38	33.474	33.441	
10367	798.24	33.38	33.474	33.441	
10368	798.34	33.38	33.474	33.441	
10369	798.44	33.38	33.475	33.441	
10370	798.54	33.38	33.475	33.441	
10371	798.64	33.38	33.475	33.441	
10372	798.74	33.381	33.475	33.441	
10373	798.84	33.381	33.475	33.442	
10374	798.94	33.381	33.475	33.442	
10375	799.	33.381	33.475	33.442	
10376	799.01	33.381	33.475	33.442	
10377	799.02	33.381	33.475	33.442	
10378	799.05	33.381	33.476	33.442	
10379	799.14	33.381	33.476	33.442	
10380	799.24	33.381	33.476	33.442	
10381	799.34	33.382	33.476	33.442	
10382	799.44	33.382	33.476	33.443	
10383	799.54	33.382	33.476	33.443	
10384	799.64	33.382	33.476	33.443	
10385	799.74	33.382	33.477	33.443	
10386	799.84	33.382	33.477	33.443	
10387	799.94	33.382	33.477	33.443	
10388	800.	33.383	33.477	33.443	
10389	800.01	33.383	33.477	33.443	
10390	800.02	33.383	33.477	33.443	
10391	800.05	33.383	33.477	33.443	
10392	800.14	33.383	33.477	33.444	
10393	800.24	33.383	33.477	33.444	
10394	800.34	33.383	33.478	33.444	
10395	800.44	33.383	33.478	33.444	
10396	800.54	33.383	33.478	33.444	
10397	800.64	33.384	33.478	33.444	
10398	800.74	33.384	33.478	33.445	
10399	800.84	33.384	33.478	33.445	
10400	800.94	33.384	33.478	33.445	
10401	801.	33.384	33.479	33.445	
10402	801.01	33.384	33.479	33.445	
10403	801.02	33.384	33.479	33.445	
10404	801.05	33.384	33.479	33.445	
10405	801.14	33.384	33.479	33.445	
10406	801.24	33.384	33.479	33.445	
10407	801.34	33.385	33.479	33.445	
10408	801.44	33.385	33.479	33.446	
10409	801.54	33.385	33.479	33.446	
10410	801.64	33.385	33.48	33.446	
10411	801.74	33.385	33.48	33.446	
10412	801.84	33.385	33.48	33.446	
10413	801.94	33.386	33.48	33.446	
10414	802.	33.386	33.48	33.447	
10415	802.01	33.386	33.48	33.447	
10416	802.02	33.386	33.48	33.447	
10417	802.05	33.386	33.48	33.447	
10418	802.14	33.386	33.48	33.447	
10419	802.24	33.386	33.481	33.447	
10420	802.34	33.386	33.481	33.447	
10421	802.44	33.386	33.481	33.447	
10422	802.54	33.386	33.481	33.447	
10423	802.64	33.387	33.481	33.448	
10424	802.74	33.387	33.481	33.448	
10425	802.84	33.387	33.481	33.448	
10426	802.94	33.387	33.482	33.448	
10427	803.	33.387	33.482	33.448	
10428	803.01	33.387	33.482	33.448	
10429	803.02	33.387	33.482	33.448	
10430	803.05	33.387	33.482	33.448	
10431	803.14	33.387	33.482	33.448	
10432	803.24	33.388	33.482	33.448	
10433	803.34	33.388	33.482	33.449	
10434	803.44	33.388	33.482	33.449	
10435	803.54	33.388	33.483	33.449	
10436	803.64	33.388	33.483	33.449	
10437	803.74	33.388	33.483	33.449	
10438	803.84	33.388	33.483	33.449	
10439	803.94	33.389	33.483	33.45	
10440	804.	33.389	33.483	33.45	
10441	804.01	33.389	33.483	33.45	
10442	804.02	33.389	33.483	33.45	
10443	804.05	33.389	33.483	33.45	
10444	804.14	33.389	33.483	33.45	
10445	804.24	33.389	33.484	33.45	
10446	804.34	33.389	33.484	33.45	
10447	804.44	33.389	33.484	33.45	
10448	804.54	33.39	33.484	33.45	
10449	804.64	33.39	33.484	33.451	
10450	804.74	33.39	33.484	33.451	
10451	804.84	33.39	33.485	33.451	
10452	804.94	33.39	33.485	33.451	
10453	805.	33.39	33.485	33.451	
10454	805.01	33.39	33.485	33.451	
10455	805.02	33.39	33.485	33.451	
10456	805.05	33.39	33.485	33.451	
10457	805.14	33.391	33.485	33.451	
10458	805.24	33.391	33.485	33.452	
10459	805.34	33.391	33.485	33.452	
10460	805.44	33.391	33.486	33.452	
10461	805.54	33.391	33.486	33.452	
10462	805.64	33.391	33.486	33.452	
10463	805.74	33.391	33.486	33.452	
10464	805.84	33.392	33.486	33.452	
10465	805.94	33.392	33.486	33.453	
10466	806.	33.392	33.486	33.453	
10467	806.01	33.392	33.486	33.453	
10468	806.02	33.392	33.486	33.453	
10469	806.05	33.392	33.486	33.453	
10470	806.14	33.392	33.487	33.453	
10471	806.24	33.392	33.487	33.453	
10472	806.34	33.392	33.487	33.453	
10473	806.44	33.393	33.487	33.453	
10474	806.54	33.393	33.487	33.454	
10475	806.64	33.393	33.487	33.454	
10476	806.74	33.393	33.488	33.454	
10477	806.84	33.393	33.488	33.454	
10478	806.94	33.393	33.488	33.454	
10479	807.	33.393	33.488	33.454	
10480	807.01	33.393	33.488	33.454	
10481	807.02	33.393	33.488	33.454	
10482	807.05	33.393	33.488	33.454	
10483	807.14	33.394	33.488	33.455	
10484	807.24	33.394	33.488	33.455	
10485	807.34	33.394	33.488	33.455	
10486	807.44	33.394	33.489	33.455	
10487	807.54	33.394	33.489	33.455	
10488	807.64	33.394	33.489	33.455	
10489	807.74	33.395	33.489	33.455	
10490	807.84	33.395	33.489	33.456	
10491	807.94	33.395	33.489	33.456	
10492	808.	33.395	33.489	33.456	
10493	808.01	33.395	33.49	33.456	
10494	808.02	33.395	33.49	33.456	
10495	808.05	33.395	33.49	33.456	
10496	808.14	33.395	33.49	33.456	
10497	808.24	33.395	33.49	33.456	
10498	808.34	33.395	33.49	33.456	
10499	808.44	33.396	33.49	33.457	
10500	808.54	33.396	33.49	33.457	
10501	808.64	33.396	33.49	33.457	
10502	808.74	33.396	33.491	33.457	
10503	808.84	33.396	33.491	33.457	
10504	808.94	33.396	33.491	33.457	
10505	809.	33.396	33.491	33.457	
10506	809.01	33.396	33.491	33.457	
10507	809.02	33.397	33.491	33.457	
10508	809.05	33.397	33.491	33.457	
10509	809.14	33.397	33.491	33.458	
10510	809.24	33.397	33.491	33.458	
10511	809.34	33.397	33.492	33.458	
10512	809.44	33.397	33.492	33.458	
10513	809.54	33.397	33.492	33.458	
10514	809.64	33.397	33.492	33.458	
10515	809.74	33.398	33.492	33.459	
10516	809.84	33.398	33.492	33.459	
10517	809.94	33.398	33.493	33.459	
10518	810.	33.398	33.493	33.459	
10519	810.01	33.398	33.493	33.459	
10520	810.02	33.398	33.493	33.459	
10521	810.05	33.398	33.493	33.459	
10522	810.14	33.398	33.493	33.459	
10523	810.24	33.398	33.493	33.459	
10524	810.34	33.399	33.493	33.459	
10525	810.44	33.399	33.493	33.46	
10526	810.54	33.399	33.493	33.46	
10527	810.64	33.399	33.494	33.46	
10528	810.74	33.399	33.494	33.46	
10529	810.84	33.399	33.494	33.46	
10530	810.94	33.399	33.494	33.46	
10531	811.	33.4	33.494	33.461	
10532	811.01	33.4	33.494	33.461	
10533	811.02	33.4	33.494	33.461	
10534	811.05	33.4	33.494	33.461	
10535	811.14	33.4	33.494	33.461	
10536	811.24	33.4	33.495	33.461	
10537	811.34	33.4	33.495	33.461	
10538	811.44	33.4	33.495	33.461	
10539	811.54	33.4	33.495	33.461	
10540	811.64	33.401	33.495	33.462	
10541	811.74	33.401	33.495	33.462	
10542	811.84	33.401	33.495	33.462	
10543	811.94	33.401	33.496	33.462	
10544	812.	33.401	33.496	33.462	
10545	812.01	33.401	33.496	33.462	
10546	812.02	33.401	33.496	33.462	
10547	812.05	33.401	33.496	33.462	
10548	812.14	33.401	33.496	33.462	
10549	812.24	33.402	33.496	33.462	
10550	812.34	33.402	33.496	33.463	
10551	812.44	33.402	33.496	33.463	
10552	812.54	33.402	33.497	33.463	
10553	812.64	33.402	33.497	33.463	
10554	812.74	33.402	33.497	33.463	
10555	812.84	33.402	33.497	33.463	
10556	812.94	33.403	33.497	33.464	
10557	813.	33.403	33.497	33.464	
10558	813.01	33.403	33.497	33.464	
10559	813.02	33.403	33.497	33.464	
10560	813.05	33.403	33.497	33.464	
10561	813.14	33.403	33.498	33.464	
10562	813.24	33.403	33.498	33.464	
10563	813.34	33.403	33.498	33.464	
10564	813.44	33.403	33.498	33.464	
10565	813.54	33.404	33.498	33.464	
10566	813.64	33.404	33.498	33.465	
10567	813.74	33.404	33.498	33.465	
10568	813.84	33.404	33.499	33.465	
10569	813.94	33.404	33.499	33.465	
10570	814.	33.404	33.499	33.465	
10571	814.01	33.404	33.499	33.465	
10572	814.02	33.404	33.499	33.465	
10573	814.05	33.404	33.499	33.465	
10574	814.14	33.404	33.499	33.465	
10575	814.24	33.405	33.499	33.466	
10576	814.34	33.405	33.499	33.466	
10577	814.44	33.405	33.5	33.466	
10578	814.54	33.405	33.5	33.466	
10579	814.64	33.405	33.5	33.466	
10580	814.74	33.405	33.5	33.466	
10581	814.84	33.406	33.5	33.466	
10582	814.94	33.406	33.5	33.467	
10583	815.	33.406	33.5	33.467	
10584	815.01	33.406	33.5	33.467	
10585	815.02	33.406	33.5	33.467	
10586	815.05	33.406	33.5	33.467	
10587	815.14	33.406	33.501	33.467	
10588	815.24	33.406	33.501	33.467	
10589	815.34	33.406	33.501	33.467	
10590	815.44	33.406	33.501	33.467	
10591	815.54	33.407	33.501	33.468	
10592	815.64	33.407	33.501	33.468	
10593	815.74	33.407	33.502	33.468	
10594	815.84	33.407	33.502	33.468	
10595	815.94	33.407	33.502	33.468	
10596	816.	33.407	33.502	33.468	
10597	816.01	33.407	33.502	33.468	
10598	816.02	33.407	33.502	33.468	
10599	816.05	33.407	33.502	33.468	
10600	816.14	33.408	33.502	33.469	
10601	816.24	33.408	33.502	33.469	
10602	816.34	33.408	33.503	33.469	
10603	816.44	33.408	33.503	33.469	
10604	816.54	33.408	33.503	33.469	
10605	816.64	33.408	33.503	33.469	
10606	816.74	33.408	33.503	33.469	
10607	816.84	33.409	33.503	33.47	
10608	816.94	33.409	33.503	33.47	
10609	817.	33.409	33.504	33.47	
10610	817.01	33.409	33.504	33.47	
10611	817.02	33.409	33.504	33.47	
10612	817.05	33.409	33.504	33.47	
10613	817.14	33.409	33.504	33.47	
10614	817.24	33.409	33.504	33.47	
10615	817.34	33.409	33.504	33.47	
10616	817.44	33.41	33.504	33.471	
10617	817.54	33.41	33.504	33.471	
10618	817.64	33.41	33.505	33.471	
10619	817.74	33.41	33.505	33.471	
10620	817.84	33.41	33.505	33.471	
10621	817.94	33.41	33.505	33.471	
10622	818.	33.41	33.505	33.471	
10623	818.01	33.41	33.505	33.471	
10624	818.02	33.41	33.505	33.471	
10625	818.05	33.411	33.505	33.471	
10626	818.14	33.411	33.505	33.472	
10627	818.24	33.411	33.505	33.472	
10628	818.34	33.411	33.506	33.472	
10629	818.44	33.411	33.506	33.472	
10630	818.54	33.411	33.506	33.472	
10631	818.64	33.411	33.506	33.472	
10632	818.74	33.412	33.506	33.473	
10633	818.84	33.412	33.506	33.473	
10634	818.94	33.412	33.507	33.473	
10635	819.	33.412	33.507	33.473	
10636	819.01	33.412	33.507	33.473	
10637	819.02	33.412	33.507	33.473	
10638	819.05	33.412	33.507	33.473	
10639	819.14	33.412	33.507	33.473	
10640	819.24	33.412	33.507	33.473	
10641	819.34	33.413	33.507	33.473	
10642	819.44	33.413	33.507	33.474	
10643	819.54	33.413	33.507	33.474	
10644	819.64	33.413	33.508	33.474	
10645	819.74	33.413	33.508	33.474	
10646	819.84	33.413	33.508	33.474	
10647	819.94	33.413	33.508	33.474	
10648	820.	33.414	33.508	33.475	
10649	820.01	33.414	33.508	33.475	
10650	820.02	33.414	33.508	33.475	
10651	820.05	33.414	33.508	33.475	
10652	820.14	33.414	33.508	33.475	
10653	820.24	33.414	33.509	33.475	
10654	820.34	33.414	33.509	33.475	
10655	820.44	33.414	33.509	33.475	
10656	820.54	33.414	33.509	33.475	
10657	820.64	33.415	33.509	33.476	
10658	820.74	33.415	33.509	33.476	
10659	820.84	33.415	33.51	33.476	
10660	820.94	33.415	33.51	33.476	
10661	821.	33.415	33.51	33.476	
10662	821.01	33.415	33.51	33.476	
10663	821.02	33.415	33.51	33.476	
10664	821.05	33.415	33.51	33.476	
10665	821.14	33.415	33.51	33.476	
10666	821.24	33.415	33.51	33.476	
10667	821.34	33.416	33.51	33.477	
10668	821.44	33.416	33.51	33.477	
10669	821.54	33.416	33.511	33.477	
10670	821.64	33.416	33.511	33.477	
10671	821.74	33.416	33.511	33.477	
10672	821.84	33.416	33.511	33.477	
10673	821.94	33.417	33.511	33.478	
10674	822.	33.417	33.511	33.478	
10675	822.01	33.417	33.511	33.478	
10676	822.02	33.417	33.511	33.478	
10677	822.05	33.417	33.511	33.478	
10678	822.14	33.417	33.512	33.478	
10679	822.24	33.417	33.512	33.478	
10680	822.34	33.417	33.512	33.478	
10681	822.44	33.417	33.512	33.478	
10682	822.54	33.417	33.512	33.478	
10683	822.64	33.418	33.512	33.479	
10684	822.74	33.418	33.512	33.479	
10685	822.84	33.418	33.513	33.479	
10686	822.94	33.418	33.513	33.479	
10687	823.	33.418	33.513	33.479	
10688	823.01	33.418	33.513	33.479	
10689	823.02	33.418	33.513	33.479	
10690	823.05	33.418	33.513	33.479	
10691	823.14	33.418	33.513	33.479	
10692	823.24	33.419	33.513	33.48	
10693	823.34	33.419	33.513	33.48	
10694	823.44	33.419	33.514	33.48	
10695	823.54	33.419	33.514	33.48	
10696	823.64	33.419	33.514	33.48	
10697	823.74	33.419	33.514	33.48	
10698	823.84	33.419	33.514	33.48	
10699	823.94	33.42	33.514	33.481	
10700	824.	33.42	33.514	33.481	
10701	824.01	33.42	33.514	33.481	
10702	824.02	33.42	33.514	33.481	
10703	824.05	33.42	33.515	33.481	
10704	824.14	33.42	33.515	33.481	
10705	824.24	33.42	33.515	33.481	
10706	824.34	33.42	33.515	33.481	
10707	824.44	33.42	33.515	33.481	
10708	824.54	33.421	33.515	33.482	
10709	824.64	33.421	33.515	33.482	
10710	824.74	33.421	33.516	33.482	
10711	824.84	33.421	33.516	33.482	
10712	824.94	33.421	33.516	33.482	
10713	825.	33.421	33.516	33.482	
10714	825.01	33.421	33.516	33.482	
10715	825.02	33.421	33.516	33.482	
10716	825.05	33.421	33.516	33.482	
10717	825.14	33.421	33.516	33.483	
10718	825.24	33.422	33.516	33.483	
10719	825.34	33.422	33.517	33.483	
10720	825.44	33.422	33.517	33.483	
10721	825.54	33.422	33.517	33.483	
10722	825.64	33.422	33.517	33.483	
10723	825.74	33.422	33.517	33.483	
10724	825.84	33.423	33.517	33.484	
10725	825.94	33.423	33.517	33.484	
10726	826.	33.423	33.518	33.484	
10727	826.01	33.423	33.518	33.484	
10728	826.02	33.423	33.518	33.484	
10729	826.05	33.423	33.518	33.484	
10730	826.14	33.423	33.518	33.484	
10731	826.24	33.423	33.518	33.484	
10732	826.34	33.423	33.518	33.484	
10733	826.44	33.423	33.518	33.485	
10734	826.54	33.424	33.518	33.485	
10735	826.64	33.424	33.519	33.485	
10736	826.74	33.424	33.519	33.485	
10737	826.84	33.424	33.519	33.485	
10738	826.94	33.424	33.519	33.485	
10739	827.	33.424	33.519	33.485	
10740	827.01	33.424	33.519	33.485	
10741	827.02	33.424	33.519	33.485	
10742	827.05	33.424	33.519	33.485	
10743	827.14	33.425	33.519	33.486	
10744	827.24	33.425	33.52	33.486	
10745	827.34	33.425	33.52	33.486	
10746	827.44	33.425	33.52	33.486	
10747	827.54	33.425	33.52	33.486	
10748	827.64	33.425	33.52	33.486	
10749	827.74	33.426	33.52	33.487	
10750	827.84	33.426	33.52	33.487	
10751	827.94	33.426	33.521	33.487	
10752	828.	33.426	33.521	33.487	
10753	828.01	33.426	33.521	33.487	
10754	828.02	33.426	33.521	33.487	
10755	828.05	33.426	33.521	33.487	
10756	828.14	33.426	33.521	33.487	
10757	828.24	33.426	33.521	33.487	
10758	828.34	33.426	33.521	33.487	
10759	828.44	33.427	33.521	33.488	
10760	828.54	33.427	33.522	33.488	
10761	828.64	33.427	33.522	33.488	
10762	828.74	33.427	33.522	33.488	
10763	828.84	33.427	33.522	33.488	
10764	828.94	33.427	33.522	33.488	
10765	829.	33.427	33.522	33.489	
10766	829.01	33.427	33.522	33.489	
10767	829.02	33.427	33.522	33.489	
10768	829.05	33.428	33.522	33.489	
10769	829.14	33.428	33.522	33.489	
10770	829.24	33.428	33.523	33.489	
10771	829.34	33.428	33.523	33.489	
10772	829.44	33.428	33.523	33.489	
10773	829.54	33.428	33.523	33.489	
10774	829.64	33.428	33.523	33.49	
10775	829.74	33.429	33.523	33.49	
10776	829.84	33.429	33.524	33.49	
10777	829.94	33.429	33.524	33.49	
10778	830.	33.429	33.524	33.49	
10779	830.01	33.429	33.524	33.49	
10780	830.02	33.429	33.524	33.49	
10781	830.05	33.429	33.524	33.49	
10782	830.14	33.429	33.524	33.49	
10783	830.24	33.429	33.524	33.49	
10784	830.34	33.43	33.524	33.491	
10785	830.44	33.43	33.524	33.491	
10786	830.54	33.43	33.525	33.491	
10787	830.64	33.43	33.525	33.491	
10788	830.74	33.43	33.525	33.491	
10789	830.84	33.43	33.525	33.491	
10790	830.94	33.43	33.525	33.492	
10791	831.	33.431	33.525	33.492	
10792	831.01	33.431	33.525	33.492	
10793	831.02	33.431	33.525	33.492	
10794	831.05	33.431	33.525	33.492	
10795	831.14	33.431	33.526	33.492	
10796	831.24	33.431	33.526	33.492	
10797	831.34	33.431	33.526	33.492	
10798	831.44	33.431	33.526	33.492	
10799	831.54	33.431	33.526	33.492	
10800	831.64	33.432	33.526	33.493	
10801	831.74	33.432	33.527	33.493	
10802	831.84	33.432	33.527	33.493	
10803	831.94	33.432	33.527	33.493	
10804	832.	33.432	33.527	33.493	
10805	832.01	33.432	33.527	33.493	
10806	832.02	33.432	33.527	33.493	
10807	832.05	33.432	33.527	33.493	
10808	832.14	33.432	33.527	33.493	
10809	832.24	33.432	33.527	33.494	
10810	832.34	33.433	33.527	33.494	
10811	832.44	33.433	33.528	33.494	
10812	832.54	33.433	33.528	33.494	
10813	832.64	33.433	33.528	33.494	
10814	832.74	33.433	33.528	33.494	
10815	832.84	33.433	33.528	33.494	
10816	832.94	33.434	33.528	33.495	
10817	833.	33.434	33.528	33.495	
10818	833.01	33.434	33.529	33.495	
10819	833.02	33.434	33.529	33.495	
10820	833.05	33.434	33.529	33.495	
10821	833.14	33.434	33.529	33.495	
10822	833.24	33.434	33.529	33.495	
10823	833.34	33.434	33.529	33.495	
10824	833.44	33.434	33.529	33.495	
10825	833.54	33.434	33.529	33.496	
10826	833.64	33.435	33.529	33.496	
10827	833.74	33.435	33.53	33.496	
10828	833.84	33.435	33.53	33.496	
10829	833.94	33.435	33.53	33.496	
10830	834.	33.435	33.53	33.496	
10831	834.01	33.435	33.53	33.496	
10832	834.02	33.435	33.53	33.496	
10833	834.05	33.435	33.53	33.496	
10834	834.14	33.435	33.53	33.497	
10835	834.24	33.436	33.53	33.497	
10836	834.34	33.436	33.531	33.497	
10837	834.44	33.436	33.531	33.497	
10838	834.54	33.436	33.531	33.497	
10839	834.64	33.436	33.531	33.497	
10840	834.74	33.436	33.531	33.497	
10841	834.84	33.437	33.531	33.498	
10842	834.94	33.437	33.532	33.498	
10843	835.	33.437	33.532	33.498	
10844	835.01	33.437	33.532	33.498	
10845	835.02	33.437	33.532	33.498	
10846	835.05	33.437	33.532	33.498	
10847	835.14	33.437	33.532	33.498	
10848	835.24	33.437	33.532	33.498	
10849	835.34	33.437	33.532	33.498	
10850	835.44	33.437	33.532	33.499	
10851	835.54	33.438	33.532	33.499	
10852	835.64	33.438	33.533	33.499	
10853	835.74	33.438	33.533	33.499	
10854	835.84	33.438	33.533	33.499	
10855	835.94	33.438	33.533	33.499	
10856	836.	33.438	33.533	33.499	
10857	836.01	33.438	33.533	33.499	
10858	836.02	33.438	33.533	33.499	
10859	836.05	33.438	33.533	33.499	
10860	836.14	33.439	33.533	33.5	
10861	836.24	33.439	33.534	33.5	
10862	836.34	33.439	33.534	33.5	
10863	836.44	33.439	33.534	33.5	
10864	836.54	33.439	33.534	33.5	
10865	836.64	33.439	33.534	33.5	
10866	836.74	33.439	33.534	33.501	
10867	836.84	33.44	33.534	33.501	
10868	836.94	33.44	33.535	33.501	
10869	837.	33.44	33.535	33.501	
10870	837.01	33.44	33.535	33.501	
10871	837.02	33.44	33.535	33.501	
10872	837.05	33.44	33.535	33.501	
10873	837.14	33.44	33.535	33.501	
10874	837.24	33.44	33.535	33.501	
10875	837.34	33.44	33.535	33.501	
10876	837.44	33.441	33.535	33.502	
10877	837.54	33.441	33.536	33.502	
10878	837.64	33.441	33.536	33.502	
10879	837.74	33.441	33.536	33.502	
10880	837.84	33.441	33.536	33.502	
10881	837.94	33.441	33.536	33.502	
10882	838.	33.441	33.536	33.503	
10883	838.01	33.441	33.536	33.503	
10884	838.02	33.441	33.536	33.503	
10885	838.05	33.441	33.536	33.503	
10886	838.14	33.442	33.537	33.503	
10887	838.24	33.442	33.537	33.503	
10888	838.34	33.442	33.537	33.503	
10889	838.44	33.442	33.537	33.503	
10890	838.54	33.442	33.537	33.503	
10891	838.64	33.442	33.537	33.504	
10892	838.74	33.443	33.537	33.504	
10893	838.84	33.443	33.538	33.504	
10894	838.94	33.443	33.538	33.504	
10895	839.	33.443	33.538	33.504	
10896	839.01	33.443	33.538	33.504	
10897	839.02	33.443	33.538	33.504	
10898	839.05	33.443	33.538	33.504	
10899	839.14	33.443	33.538	33.504	
10900	839.24	33.443	33.538	33.504	
10901	839.34	33.443	33.538	33.505	
10902	839.44	33.444	33.539	33.505	
10903	839.54	33.444	33.539	33.505	
10904	839.64	33.444	33.539	33.505	
10905	839.74	33.444	33.539	33.505	
10906	839.84	33.444	33.539	33.505	
10907	839.94	33.444	33.539	33.506	
10908	840.	33.444	33.539	33.506	
10909	840.01	33.445	33.539	33.506	
10910	840.02	33.445	33.539	33.506	
10911	840.05	33.445	33.539	33.506	
10912	840.14	33.445	33.54	33.506	
10913	840.24	33.445	33.54	33.506	
10914	840.34	33.445	33.54	33.506	
10915	840.44	33.445	33.54	33.506	
10916	840.54	33.445	33.54	33.506	
10917	840.64	33.445	33.54	33.507	
10918	840.74	33.446	33.541	33.507	
10919	840.84	33.446	33.541	33.507	
10920	840.94	33.446	33.541	33.507	
10921	841.	33.446	33.541	33.507	
10922	841.01	33.446	33.541	33.507	
10923	841.02	33.446	33.541	33.507	
10924	841.05	33.446	33.541	33.507	
10925	841.14	33.446	33.541	33.507	
10926	841.24	33.446	33.541	33.508	
10927	841.34	33.447	33.542	33.508	
10928	841.44	33.447	33.542	33.508	
10929	841.54	33.447	33.542	33.508	
10930	841.64	33.447	33.542	33.508	
10931	841.74	33.447	33.542	33.508	
10932	841.84	33.447	33.542	33.509	
10933	841.94	33.448	33.542	33.509	
10934	842.	33.448	33.543	33.509	
10935	842.01	33.448	33.543	33.509	
10936	842.02	33.448	33.543	33.509	
10937	842.05	33.448	33.543	33.509	
10938	842.14	33.448	33.543	33.509	
10939	842.24	33.448	33.543	33.509	
10940	842.34	33.448	33.543	33.509	
10941	842.44	33.448	33.543	33.509	
10942	842.54	33.448	33.543	33.51	
10943	842.64	33.449	33.544	33.51	
10944	842.74	33.449	33.544	33.51	
10945	842.84	33.449	33.544	33.51	
10946	842.94	33.449	33.544	33.51	
10947	843.	33.449	33.544	33.51	
10948	843.01	33.449	33.544	33.51	
10949	843.02	33.449	33.544	33.51	
10950	843.05	33.449	33.544	33.51	
10951	843.14	33.449	33.544	33.511	
10952	843.24	33.45	33.544	33.511	
10953	843.34	33.45	33.545	33.511	
10954	843.44	33.45	33.545	33.511	
10955	843.54	33.45	33.545	33.511	
10956	843.64	33.45	33.545	33.511	
10957	843.74	33.45	33.545	33.511	
10958	843.84	33.45	33.545	33.512	
10959	843.94	33.451	33.546	33.512	
10960	844.	33.451	33.546	33.512	
10961	844.01	33.451	33.546	33.512	
10962	844.02	33.451	33.546	33.512	
10963	844.05	33.451	33.546	33.512	
10964	844.14	33.451	33.546	33.512	
10965	844.24	33.451	33.546	33.512	
10966	844.34	33.451	33.546	33.512	
10967	844.44	33.451	33.546	33.513	
10968	844.54	33.452	33.546	33.513	
10969	844.64	33.452	33.547	33.513	
10970	844.74	33.452	33.547	33.513	
10971	844.84	33.452	33.547	33.513	
10972	844.94	33.452	33.547	33.513	
10973	845.	33.452	33.547	33.513	
10974	845.01	33.452	33.547	33.513	
10975	845.02	33.452	33.547	33.513	
10976	845.05	33.452	33.547	33.513	
10977	845.14	33.452	33.547	33.514	
10978	845.24	33.453	33.548	33.514	
10979	845.34	33.453	33.548	33.514	
10980	845.44	33.453	33.548	33.514	
10981	845.54	33.453	33.548	33.514	
10982	845.64	33.453	33.548	33.514	
10983	845.74	33.453	33.548	33.515	
10984	845.84	33.454	33.549	33.515	
10985	845.94	33.454	33.549	33.515	
10986	846.	33.454	33.549	33.515	
10987	846.01	33.454	33.549	33.515	
10988	846.02	33.454	33.549	33.515	
10989	846.05	33.454	33.549	33.515	
10990	846.14	33.454	33.549	33.515	
10991	846.24	33.454	33.549	33.515	
10992	846.34	33.454	33.549	33.516	
10993	846.44	33.454	33.549	33.516	
10994	846.54	33.455	33.55	33.516	
10995	846.64	33.455	33.55	33.516	
10996	846.74	33.455	33.55	33.516	
10997	846.84	33.455	33.55	33.516	
10998	846.94	33.455	33.55	33.516	
10999	847.	33.455	33.55	33.517	
11000	847.01	33.455	33.55	33.517	
11001	847.02	33.455	33.55	33.517	
11002	847.05	33.455	33.55	33.517	
11003	847.14	33.456	33.551	33.517	
11004	847.24	33.456	33.551	33.517	
11005	847.34	33.456	33.551	33.517	
11006	847.44	33.456	33.551	33.517	
11007	847.54	33.456	33.551	33.517	
11008	847.64	33.456	33.551	33.518	
11009	847.74	33.456	33.551	33.518	
11010	847.84	33.457	33.552	33.518	
11011	847.94	33.457	33.552	33.518	
11012	848.	33.457	33.552	33.518	
11013	848.01	33.457	33.552	33.518	
11014	848.02	33.457	33.552	33.518	
11015	848.05	33.457	33.552	33.518	
11016	848.14	33.457	33.552	33.518	
11017	848.24	33.457	33.552	33.518	
11018	848.34	33.457	33.552	33.519	
11019	848.44	33.458	33.553	33.519	
11020	848.54	33.458	33.553	33.519	
11021	848.64	33.458	33.553	33.519	
11022	848.74	33.458	33.553	33.519	
11023	848.84	33.458	33.553	33.519	
11024	848.94	33.458	33.553	33.52	
11025	849.	33.458	33.553	33.52	
11026	849.01	33.458	33.553	33.52	
11027	849.02	33.458	33.553	33.52	
11028	849.05	33.459	33.554	33.52	
11029	849.14	33.459	33.554	33.52	
11030	849.24	33.459	33.554	33.52	
11031	849.34	33.459	33.554	33.52	
11032	849.44	33.459	33.554	33.52	
11033	849.54	33.459	33.554	33.52	
11034	849.64	33.459	33.554	33.521	
11035	849.74	33.46	33.555	33.521	
11036	849.84	33.46	33.555	33.521	
11037	849.94	33.46	33.555	33.521	
11038	850.	33.46	33.555	33.521	
11039	850.01	33.46	33.555	33.521	
11040	850.02	33.46	33.555	33.521	
11041	850.05	33.46	33.555	33.521	
11042	850.14	33.46	33.555	33.521	
11043	850.24	33.46	33.555	33.522	
11044	850.34	33.461	33.556	33.522	
11045	850.44	33.461	33.556	33.522	
11046	850.54	33.461	33.556	33.522	
11047	850.64	33.461	33.556	33.522	
11048	850.74	33.461	33.556	33.522	
11049	850.84	33.461	33.556	33.523	
11050	850.94	33.461	33.556	33.523	
11051	851.	33.462	33.557	33.523	
11052	851.01	33.462	33.557	33.523	
11053	851.02	33.462	33.557	33.523	
11054	851.05	33.462	33.557	33.523	
11055	851.14	33.462	33.557	33.523	
11056	851.24	33.462	33.557	33.523	
11057	851.34	33.462	33.557	33.523	
11058	851.44	33.462	33.557	33.523	
11059	851.54	33.462	33.557	33.524	
11060	851.64	33.463	33.558	33.524	
11061	851.74	33.463	33.558	33.524	
11062	851.84	33.463	33.558	33.524	
11063	851.94	33.463	33.558	33.524	
11064	852.	33.463	33.558	33.524	
11065	852.01	33.463	33.558	33.524	
11066	852.02	33.463	33.558	33.524	
11067	852.05	33.463	33.558	33.524	
11068	852.14	33.463	33.558	33.525	
11069	852.24	33.463	33.559	33.525	
11070	852.34	33.464	33.559	33.525	
11071	852.44	33.464	33.559	33.525	
11072	852.54	33.464	33.559	33.525	
11073	852.64	33.464	33.559	33.525	
11074	852.74	33.464	33.559	33.525	
11075	852.84	33.464	33.559	33.526	
11076	852.94	33.465	33.56	33.526	
11077	853.	33.465	33.56	33.526	
11078	853.01	33.465	33.56	33.526	
11079	853.02	33.465	33.56	33.526	
11080	853.05	33.465	33.56	33.526	
11081	853.14	33.465	33.56	33.526	
11082	853.24	33.465	33.56	33.526	
11083	853.34	33.465	33.56	33.526	
11084	853.44	33.465	33.56	33.527	
11085	853.54	33.465	33.561	33.527	
11086	853.64	33.466	33.561	33.527	
11087	853.74	33.466	33.561	33.527	
11088	853.84	33.466	33.561	33.527	
11089	853.94	33.466	33.561	33.527	
11090	854.	33.466	33.561	33.527	
11091	854.01	33.466	33.561	33.527	
11092	854.02	33.466	33.561	33.527	
11093	854.05	33.466	33.561	33.528	
11094	854.14	33.466	33.561	33.528	
11095	854.24	33.467	33.562	33.528	
11096	854.34	33.467	33.562	33.528	
11097	854.44	33.467	33.562	33.528	
11098	854.54	33.467	33.562	33.528	
11099	854.64	33.467	33.562	33.528	
11100	854.74	33.467	33.562	33.529	
11101	854.84	33.467	33.563	33.529	
11102	854.94	33.468	33.563	33.529	
11103	855.	33.468	33.563	33.529	
11104	855.01	33.468	33.563	33.529	
11105	855.02	33.468	33.563	33.529	
11106	855.05	33.468	33.563	33.529	
11107	855.14	33.468	33.563	33.529	
11108	855.24	33.468	33.563	33.529	
11109	855.34	33.468	33.563	33.53	
11110	855.44	33.468	33.563	33.53	
11111	855.54	33.469	33.564	33.53	
11112	855.64	33.469	33.564	33.53	
11113	855.74	33.469	33.564	33.53	
11114	855.84	33.469	33.564	33.53	
11115	855.94	33.469	33.564	33.53	
11116	856.	33.469	33.564	33.531	
11117	856.01	33.469	33.564	33.531	
11118	856.02	33.469	33.564	33.531	
11119	856.05	33.469	33.564	33.531	
11120	856.14	33.469	33.565	33.531	
11121	856.24	33.47	33.565	33.531	
11122	856.34	33.47	33.565	33.531	
11123	856.44	33.47	33.565	33.531	
11124	856.54	33.47	33.565	33.531	
11125	856.64	33.47	33.565	33.532	
11126	856.74	33.47	33.566	33.532	
11127	856.84	33.471	33.566	33.532	
11128	856.94	33.471	33.566	33.532	
11129	857.	33.471	33.566	33.532	
11130	857.01	33.471	33.566	33.532	
11131	857.02	33.471	33.566	33.532	
11132	857.05	33.471	33.566	33.532	
11133	857.14	33.471	33.566	33.532	
11134	857.24	33.471	33.566	33.532	
11135	857.34	33.471	33.566	33.533	
11136	857.44	33.472	33.567	33.533	
11137	857.54	33.472	33.567	33.533	
11138	857.64	33.472	33.567	33.533	
11139	857.74	33.472	33.567	33.533	
11140	857.84	33.472	33.567	33.533	
11141	857.94	33.472	33.567	33.534	
11142	858.	33.472	33.567	33.534	
11143	858.01	33.472	33.568	33.534	
11144	858.02	33.472	33.568	33.534	
11145	858.05	33.472	33.568	33.534	
11146	858.14	33.473	33.568	33.534	
11147	858.24	33.473	33.568	33.534	
11148	858.34	33.473	33.568	33.534	
11149	858.44	33.473	33.568	33.534	
11150	858.54	33.473	33.568	33.534	
11151	858.64	33.473	33.568	33.535	
11152	858.74	33.474	33.569	33.535	
11153	858.84	33.474	33.569	33.535	
11154	858.94	33.474	33.569	33.535	
11155	859.	33.474	33.569	33.535	
11156	859.01	33.474	33.569	33.535	
11157	859.02	33.474	33.569	33.535	
11158	859.05	33.474	33.569	33.535	
11159	859.14	33.474	33.569	33.535	
11160	859.24	33.474	33.569	33.536	
11161	859.34	33.474	33.57	33.536	
11162	859.44	33.475	33.57	33.536	
11163	859.54	33.475	33.57	33.536	
11164	859.64	33.475	33.57	33.536	
11165	859.74	33.475	33.57	33.536	
11166	859.84	33.475	33.57	33.537	
11167	859.94	33.475	33.571	33.537	
11168	860.	33.475	33.571	33.537	
11169	860.01	33.475	33.571	33.537	
11170	860.02	33.476	33.571	33.537	
11171	860.05	33.476	33.571	33.537	
11172	860.14	33.476	33.571	33.537	
11173	860.24	33.476	33.571	33.537	
11174	860.34	33.476	33.571	33.537	
11175	860.44	33.476	33.571	33.537	
11176	860.54	33.476	33.571	33.538	
11177	860.64	33.476	33.572	33.538	
11178	860.74	33.477	33.572	33.538	
11179	860.84	33.477	33.572	33.538	
11180	860.94	33.477	33.572	33.538	
11181	861.	33.477	33.572	33.538	
11182	861.01	33.477	33.572	33.538	
11183	861.02	33.477	33.572	33.538	
11184	861.05	33.477	33.572	33.538	
11185	861.14	33.477	33.572	33.539	
11186	861.24	33.477	33.573	33.539	
11187	861.34	33.478	33.573	33.539	
11188	861.44	33.478	33.573	33.539	
11189	861.54	33.478	33.573	33.539	
11190	861.64	33.478	33.573	33.539	
11191	861.74	33.478	33.573	33.539	
11192	861.84	33.478	33.573	33.54	
11193	861.94	33.478	33.574	33.54	
11194	862.	33.479	33.574	33.54	
11195	862.01	33.479	33.574	33.54	
11196	862.02	33.479	33.574	33.54	
11197	862.05	33.479	33.574	33.54	
11198	862.14	33.479	33.574	33.54	
11199	862.24	33.479	33.574	33.54	
11200	862.34	33.479	33.574	33.54	
11201	862.44	33.479	33.574	33.541	
11202	862.54	33.479	33.575	33.541	
11203	862.64	33.48	33.575	33.541	
11204	862.74	33.48	33.575	33.541	
11205	862.84	33.48	33.575	33.541	
11206	862.94	33.48	33.575	33.541	
11207	863.	33.48	33.575	33.541	
11208	863.01	33.48	33.575	33.541	
11209	863.02	33.48	33.575	33.541	
11210	863.05	33.48	33.575	33.542	
11211	863.14	33.48	33.576	33.542	
11212	863.24	33.48	33.576	33.542	
11213	863.34	33.481	33.576	33.542	
11214	863.44	33.481	33.576	33.542	
11215	863.54	33.481	33.576	33.542	
11216	863.64	33.481	33.576	33.542	
11217	863.74	33.481	33.576	33.543	
11218	863.84	33.481	33.577	33.543	
11219	863.94	33.482	33.577	33.543	
11220	864.	33.482	33.577	33.543	
11221	864.01	33.482	33.577	33.543	
11222	864.02	33.482	33.577	33.543	
11223	864.05	33.482	33.577	33.543	
11224	864.14	33.482	33.577	33.543	
11225	864.24	33.482	33.577	33.543	
11226	864.34	33.482	33.577	33.544	
11227	864.44	33.482	33.578	33.544	
11228	864.54	33.483	33.578	33.544	
11229	864.64	33.483	33.578	33.544	
11230	864.74	33.483	33.578	33.544	
11231	864.84	33.483	33.578	33.544	
11232	864.94	33.483	33.578	33.544	
11233	865.	33.483	33.578	33.545	
11234	865.01	33.483	33.578	33.545	
11235	865.02	33.483	33.578	33.545	
11236	865.05	33.483	33.578	33.545	
11237	865.14	33.483	33.579	33.545	
11238	865.24	33.484	33.579	33.545	
11239	865.34	33.484	33.579	33.545	
11240	865.44	33.484	33.579	33.545	
11241	865.54	33.484	33.579	33.545	
11242	865.64	33.484	33.579	33.546	
11243	865.74	33.484	33.58	33.546	
11244	865.84	33.485	33.58	33.546	
11245	865.94	33.485	33.58	33.546	
11246	866.	33.485	33.58	33.546	
11247	866.01	33.485	33.58	33.546	
11248	866.02	33.485	33.58	33.546	
11249	866.05	33.485	33.58	33.546	
11250	866.14	33.485	33.58	33.546	
11251	866.24	33.485	33.58	33.546	
11252	866.34	33.485	33.58	33.547	
11253	866.44	33.485	33.581	33.547	
11254	866.54	33.486	33.581	33.547	
11255	866.64	33.486	33.581	33.547	
11256	866.74	33.486	33.581	33.547	
11257	866.84	33.486	33.581	33.547	
11258	866.94	33.486	33.581	33.548	
11259	867.	33.486	33.582	33.548	
11260	867.01	33.486	33.582	33.548	
11261	867.02	33.486	33.582	33.548	
11262	867.05	33.486	33.582	33.548	
11263	867.14	33.487	33.582	33.548	
11264	867.24	33.487	33.582	33.548	
11265	867.34	33.487	33.582	33.548	
11266	867.44	33.487	33.582	33.548	
11267	867.54	33.487	33.582	33.548	
11268	867.64	33.487	33.583	33.549	
11269	867.74	33.487	33.583	33.549	
11270	867.84	33.488	33.583	33.549	
11271	867.94	33.488	33.583	33.549	
11272	868.	33.488	33.583	33.549	
11273	868.01	33.488	33.583	33.549	
11274	868.02	33.488	33.583	33.549	
11275	868.05	33.488	33.583	33.549	
11276	868.14	33.488	33.583	33.549	
11277	868.24	33.488	33.583	33.55	
11278	868.34	33.488	33.584	33.55	
11279	868.44	33.489	33.584	33.55	
11280	868.54	33.489	33.584	33.55	
11281	868.64	33.489	33.584	33.55	
11282	868.74	33.489	33.584	33.55	
11283	868.84	33.489	33.584	33.551	
11284	868.94	33.489	33.585	33.551	
11285	869.	33.489	33.585	33.551	
11286	869.01	33.489	33.585	33.551	
11287	869.02	33.489	33.585	33.551	
11288	869.05	33.489	33.585	33.551	
11289	869.14	33.49	33.585	33.551	
11290	869.24	33.49	33.585	33.551	
11291	869.34	33.49	33.585	33.551	
11292	869.44	33.49	33.585	33.551	
11293	869.54	33.49	33.585	33.552	
11294	869.64	33.49	33.586	33.552	
11295	869.74	33.491	33.586	33.552	
11296	869.84	33.491	33.586	33.552	
11297	869.94	33.491	33.586	33.552	
11298	870.	33.491	33.586	33.552	
11299	870.01	33.491	33.586	33.552	
11300	870.02	33.491	33.586	33.552	
11301	870.05	33.491	33.586	33.552	
11302	870.14	33.491	33.586	33.553	
11303	870.24	33.491	33.587	33.553	
11304	870.34	33.491	33.587	33.553	
11305	870.44	33.492	33.587	33.553	
11306	870.54	33.492	33.587	33.553	
11307	870.64	33.492	33.587	33.553	
11308	870.74	33.492	33.587	33.553	
11309	870.84	33.492	33.588	33.554	
11310	870.94	33.492	33.588	33.554	
11311	871.	33.493	33.588	33.554	
11312	871.01	33.493	33.588	33.554	
11313	871.02	33.493	33.588	33.554	
11314	871.05	33.493	33.588	33.554	
11315	871.14	33.493	33.588	33.554	
11316	871.24	33.493	33.588	33.554	
11317	871.34	33.493	33.588	33.554	
11318	871.44	33.493	33.588	33.555	
11319	871.54	33.493	33.589	33.555	
11320	871.64	33.494	33.589	33.555	
11321	871.74	33.494	33.589	33.555	
11322	871.84	33.494	33.589	33.555	
11323	871.94	33.494	33.589	33.555	
11324	872.	33.494	33.589	33.555	
11325	872.01	33.494	33.589	33.555	
11326	872.02	33.494	33.589	33.555	
11327	872.05	33.494	33.589	33.556	
11328	872.14	33.494	33.59	33.556	
11329	872.24	33.494	33.59	33.556	
11330	872.34	33.495	33.59	33.556	
11331	872.44	33.495	33.59	33.556	
11332	872.54	33.495	33.59	33.556	
11333	872.64	33.495	33.59	33.556	
11334	872.74	33.495	33.59	33.557	
11335	872.84	33.495	33.591	33.557	
11336	872.94	33.496	33.591	33.557	
11337	873.	33.496	33.591	33.557	
11338	873.01	33.496	33.591	33.557	
11339	873.02	33.496	33.591	33.557	
11340	873.05	33.496	33.591	33.557	
11341	873.14	33.496	33.591	33.557	
11342	873.24	33.496	33.591	33.557	
11343	873.34	33.496	33.591	33.558	
11344	873.44	33.496	33.592	33.558	
11345	873.54	33.496	33.592	33.558	
11346	873.64	33.497	33.592	33.558	
11347	873.74	33.497	33.592	33.558	
11348	873.84	33.497	33.592	33.558	
11349	873.94	33.497	33.592	33.558	
11350	874.	33.497	33.592	33.559	
11351	874.01	33.497	33.592	33.559	
11352	874.02	33.497	33.592	33.559	
11353	874.05	33.497	33.593	33.559	
11354	874.14	33.497	33.593	33.559	
11355	874.24	33.498	33.593	33.559	
11356	874.34	33.498	33.593	33.559	
11357	874.44	33.498	33.593	33.559	
11358	874.54	33.498	33.593	33.559	
11359	874.64	33.498	33.593	33.56	
11360	874.74	33.498	33.594	33.56	
11361	874.84	33.498	33.594	33.56	
11362	874.94	33.499	33.594	33.56	
11363	875.	33.499	33.594	33.56	
11364	875.01	33.499	33.594	33.56	
11365	875.02	33.499	33.594	33.56	
11366	875.05	33.499	33.594	33.56	
11367	875.14	33.499	33.594	33.56	
11368	875.24	33.499	33.594	33.56	
11369	875.34	33.499	33.595	33.561	
11370	875.44	33.499	33.595	33.561	
11371	875.54	33.5	33.595	33.561	
11372	875.64	33.5	33.595	33.561	
11373	875.74	33.5	33.595	33.561	
11374	875.84	33.5	33.595	33.561	
11375	875.94	33.5	33.595	33.562	
11376	876.	33.5	33.596	33.562	
11377	876.01	33.5	33.596	33.562	
11378	876.02	33.5	33.596	33.562	
11379	876.05	33.5	33.596	33.562	
11380	876.14	33.5	33.596	33.562	
11381	876.24	33.501	33.596	33.562	
11382	876.34	33.501	33.596	33.562	
11383	876.44	33.501	33.596	33.562	
11384	876.54	33.501	33.596	33.562	
11385	876.64	33.501	33.597	33.563	
11386	876.74	33.501	33.597	33.563	
11387	876.84	33.502	33.597	33.563	
11388	876.94	33.502	33.597	33.563	
11389	877.	33.502	33.597	33.563	
11390	877.01	33.502	33.597	33.563	
11391	877.02	33.502	33.597	33.563	
11392	877.05	33.502	33.597	33.563	
11393	877.14	33.502	33.597	33.563	
11394	877.24	33.502	33.598	33.564	
11395	877.34	33.502	33.598	33.564	
11396	877.44	33.502	33.598	33.564	
11397	877.54	33.503	33.598	33.564	
11398	877.64	33.503	33.598	33.564	
11399	877.74	33.503	33.598	33.564	
11400	877.84	33.503	33.598	33.565	
11401	877.94	33.503	33.599	33.565	
11402	878.	33.503	33.599	33.565	
11403	878.01	33.503	33.599	33.565	
11404	878.02	33.503	33.599	33.565	
11405	878.05	33.503	33.599	33.565	
11406	878.14	33.504	33.599	33.565	
11407	878.24	33.504	33.599	33.565	
11408	878.34	33.504	33.599	33.565	
11409	878.44	33.504	33.599	33.565	
11410	878.54	33.504	33.6	33.566	
11411	878.64	33.504	33.6	33.566	
11412	878.74	33.505	33.6	33.566	
11413	878.84	33.505	33.6	33.566	
11414	878.94	33.505	33.6	33.566	
11415	879.	33.505	33.6	33.566	
11416	879.01	33.505	33.6	33.566	
11417	879.02	33.505	33.6	33.566	
11418	879.05	33.505	33.6	33.566	
11419	879.14	33.505	33.6	33.567	
11420	879.24	33.505	33.601	33.567	
11421	879.34	33.505	33.601	33.567	
11422	879.44	33.506	33.601	33.567	
11423	879.54	33.506	33.601	33.567	
11424	879.64	33.506	33.601	33.567	
11425	879.74	33.506	33.601	33.567	
11426	879.84	33.506	33.602	33.568	
11427	879.94	33.506	33.602	33.568	
11428	880.	33.506	33.602	33.568	
11429	880.01	33.506	33.602	33.568	
11430	880.02	33.506	33.602	33.568	
11431	880.05	33.507	33.602	33.568	
11432	880.14	33.507	33.602	33.568	
11433	880.24	33.507	33.602	33.568	
11434	880.34	33.507	33.602	33.568	
11435	880.44	33.507	33.602	33.569	
11436	880.54	33.507	33.603	33.569	
11437	880.64	33.507	33.603	33.569	
11438	880.74	33.508	33.603	33.569	
11439	880.84	33.508	33.603	33.569	
11440	880.94	33.508	33.603	33.569	
11441	881.	33.508	33.603	33.569	
11442	881.01	33.508	33.603	33.569	
11443	881.02	33.508	33.603	33.569	
11444	881.05	33.508	33.603	33.57	
11445	881.14	33.508	33.604	33.57	
11446	881.24	33.508	33.604	33.57	
11447	881.34	33.509	33.604	33.57	
11448	881.44	33.509	33.604	33.57	
11449	881.54	33.509	33.604	33.57	
11450	881.64	33.509	33.604	33.57	
11451	881.74	33.509	33.605	33.571	
11452	881.84	33.509	33.605	33.571	
11453	881.94	33.509	33.605	33.571	
11454	882.	33.51	33.605	33.571	
11455	882.01	33.51	33.605	33.571	
11456	882.02	33.51	33.605	33.571	
11457	882.05	33.51	33.605	33.571	
11458	882.14	33.51	33.605	33.571	
11459	882.24	33.51	33.605	33.571	
11460	882.34	33.51	33.605	33.572	
11461	882.44	33.51	33.606	33.572	
11462	882.54	33.51	33.606	33.572	
11463	882.64	33.511	33.606	33.572	
11464	882.74	33.511	33.606	33.572	
11465	882.84	33.511	33.606	33.572	
11466	882.94	33.511	33.606	33.572	
11467	883.	33.511	33.606	33.573	
11468	883.01	33.511	33.607	33.573	
11469	883.02	33.511	33.607	33.573	
11470	883.05	33.511	33.607	33.573	
11471	883.14	33.511	33.607	33.573	
11472	883.24	33.511	33.607	33.573	
11473	883.34	33.512	33.607	33.573	
11474	883.44	33.512	33.607	33.573	
11475	883.54	33.512	33.607	33.573	
11476	883.64	33.512	33.607	33.574	
11477	883.74	33.512	33.608	33.574	
11478	883.84	33.512	33.608	33.574	
11479	883.94	33.513	33.608	33.574	
11480	884.	33.513	33.608	33.574	
11481	884.01	33.513	33.608	33.574	
11482	884.02	33.513	33.608	33.574	
11483	884.05	33.513	33.608	33.574	
11484	884.14	33.513	33.608	33.574	
11485	884.24	33.513	33.608	33.574	
11486	884.34	33.513	33.609	33.575	
11487	884.44	33.513	33.609	33.575	
11488	884.54	33.513	33.609	33.575	
11489	884.64	33.514	33.609	33.575	
11490	884.74	33.514	33.609	33.575	
11491	884.84	33.514	33.609	33.575	
11492	884.94	33.514	33.61	33.576	
11493	885.	33.514	33.61	33.576	
11494	885.01	33.514	33.61	33.576	
11495	885.02	33.514	33.61	33.576	
11496	885.05	33.514	33.61	33.576	
11497	885.14	33.514	33.61	33.576	
11498	885.24	33.515	33.61	33.576	
11499	885.34	33.515	33.61	33.576	
11500	885.44	33.515	33.61	33.576	
11501	885.54	33.515	33.61	33.576	
11502	885.64	33.515	33.611	33.577	
11503	885.74	33.515	33.611	33.577	
11504	885.84	33.515	33.611	33.577	
11505	885.94	33.516	33.611	33.577	
11506	886.	33.516	33.611	33.577	
11507	886.01	33.516	33.611	33.577	
11508	886.02	33.516	33.611	33.577	
11509	886.05	33.516	33.611	33.577	
11510	886.14	33.516	33.611	33.577	
11511	886.24	33.516	33.612	33.578	
11512	886.34	33.516	33.612	33.578	
11513	886.44	33.516	33.612	33.578	
11514	886.54	33.517	33.612	33.578	
11515	886.64	33.517	33.612	33.578	
11516	886.74	33.517	33.612	33.578	
11517	886.84	33.517	33.612	33.579	
11518	886.94	33.517	33.613	33.579	
11519	887.	33.517	33.613	33.579	
11520	887.01	33.517	33.613	33.579	
11521	887.02	33.517	33.613	33.579	
11522	887.05	33.517	33.613	33.579	
11523	887.14	33.518	33.613	33.579	
11524	887.24	33.518	33.613	33.579	
11525	887.34	33.518	33.613	33.579	
11526	887.44	33.518	33.613	33.579	
11527	887.54	33.518	33.614	33.58	
11528	887.64	33.518	33.614	33.58	
11529	887.74	33.518	33.614	33.58	
11530	887.84	33.519	33.614	33.58	
11531	887.94	33.519	33.614	33.58	
11532	888.	33.519	33.614	33.58	
11533	888.01	33.519	33.614	33.58	
11534	888.02	33.519	33.614	33.58	
11535	888.05	33.519	33.614	33.58	
11536	888.14	33.519	33.615	33.581	
11537	888.24	33.519	33.615	33.581	
11538	888.34	33.519	33.615	33.581	
11539	888.44	33.52	33.615	33.581	
11540	888.54	33.52	33.615	33.581	
11541	888.64	33.52	33.615	33.581	
11542	888.74	33.52	33.615	33.581	
11543	888.84	33.52	33.616	33.582	
11544	888.94	33.52	33.616	33.582	
11545	889.	33.52	33.616	33.582	
11546	889.01	33.52	33.616	33.582	
11547	889.02	33.52	33.616	33.582	
11548	889.05	33.52	33.616	33.582	
11549	889.14	33.521	33.616	33.582	
11550	889.24	33.521	33.616	33.582	
11551	889.34	33.521	33.616	33.582	
11552	889.44	33.521	33.617	33.583	
11553	889.54	33.521	33.617	33.583	
11554	889.64	33.521	33.617	33.583	
11555	889.74	33.522	33.617	33.583	
11556	889.84	33.522	33.617	33.583	
11557	889.94	33.522	33.617	33.583	
11558	890.	33.522	33.617	33.583	
11559	890.01	33.522	33.617	33.583	
11560	890.02	33.522	33.617	33.583	
11561	890.05	33.522	33.617	33.584	
11562	890.14	33.522	33.618	33.584	
11563	890.24	33.522	33.618	33.584	
11564	890.34	33.522	33.618	33.584	
11565	890.44	33.523	33.618	33.584	
11566	890.54	33.523	33.618	33.584	
11567	890.64	33.523	33.618	33.584	
11568	890.74	33.523	33.619	33.585	
11569	890.84	33.523	33.619	33.585	
11570	890.94	33.523	33.619	33.585	
11571	891.	33.523	33.619	33.585	
11572	891.01	33.524	33.619	33.585	
11573	891.02	33.524	33.619	33.585	
11574	891.05	33.524	33.619	33.585	
11575	891.14	33.524	33.619	33.585	
11576	891.24	33.524	33.619	33.585	
11577	891.34	33.524	33.619	33.586	
11578	891.44	33.524	33.62	33.586	
11579	891.54	33.524	33.62	33.586	
11580	891.64	33.524	33.62	33.586	
11581	891.74	33.525	33.62	33.586	
11582	891.84	33.525	33.62	33.586	
11583	891.94	33.525	33.62	33.586	
11584	892.	33.525	33.621	33.587	
11585	892.01	33.525	33.621	33.587	
11586	892.02	33.525	33.621	33.587	
11587	892.05	33.525	33.621	33.587	
11588	892.14	33.525	33.621	33.587	
11589	892.24	33.525	33.621	33.587	
11590	892.34	33.526	33.621	33.587	
11591	892.44	33.526	33.621	33.587	
11592	892.54	33.526	33.621	33.587	
11593	892.64	33.526	33.622	33.588	
11594	892.74	33.526	33.622	33.588	
11595	892.84	33.526	33.622	33.588	
11596	892.94	33.526	33.622	33.588	
11597	893.	33.527	33.622	33.588	
11598	893.01	33.527	33.622	33.588	
11599	893.02	33.527	33.622	33.588	
11600	893.05	33.527	33.622	33.588	
11601	893.14	33.527	33.622	33.588	
11602	893.24	33.527	33.622	33.588	
11603	893.34	33.527	33.623	33.589	
11604	893.44	33.527	33.623	33.589	
11605	893.54	33.527	33.623	33.589	
11606	893.64	33.528	33.623	33.589	
11607	893.74	33.528	33.623	33.589	
11608	893.84	33.528	33.623	33.589	
11609	893.94	33.528	33.624	33.59	
11610	894.	33.528	33.624	33.59	
11611	894.01	33.528	33.624	33.59	
11612	894.02	33.528	33.624	33.59	
11613	894.05	33.528	33.624	33.59	
11614	894.14	33.528	33.624	33.59	
11615	894.24	33.529	33.624	33.59	
11616	894.34	33.529	33.624	33.59	
11617	894.44	33.529	33.624	33.59	
11618	894.54	33.529	33.624	33.591	
11619	894.64	33.529	33.625	33.591	
11620	894.74	33.529	33.625	33.591	
11621	894.84	33.529	33.625	33.591	
11622	894.94	33.53	33.625	33.591	
11623	895.	33.53	33.625	33.591	
11624	895.01	33.53	33.625	33.591	
11625	895.02	33.53	33.625	33.591	
11626	895.05	33.53	33.625	33.591	
11627	895.14	33.53	33.625	33.591	
11628	895.24	33.53	33.626	33.592	
11629	895.34	33.53	33.626	33.592	
11630	895.44	33.53	33.626	33.592	
11631	895.54	33.531	33.626	33.592	
11632	895.64	33.531	33.626	33.592	
11633	895.74	33.531	33.626	33.592	
11634	895.84	33.531	33.627	33.593	
11635	895.94	33.531	33.627	33.593	
11636	896.	33.531	33.627	33.593	
11637	896.01	33.531	33.627	33.593	
11638	896.02	33.531	33.627	33.593	
11639	896.05	33.531	33.627	33.593	
11640	896.14	33.531	33.627	33.593	
11641	896.24	33.532	33.627	33.593	
11642	896.34	33.532	33.627	33.593	
11643	896.44	33.532	33.627	33.593	
11644	896.54	33.532	33.628	33.594	
11645	896.64	33.532	33.628	33.594	
11646	896.74	33.532	33.628	33.594	
11647	896.84	33.533	33.628	33.594	
11648	896.94	33.533	33.628	33.594	
11649	897.	33.533	33.628	33.594	
11650	897.01	33.533	33.628	33.594	
11651	897.02	33.533	33.628	33.594	
11652	897.05	33.533	33.628	33.594	
11653	897.14	33.533	33.629	33.595	
11654	897.24	33.533	33.629	33.595	
11655	897.34	33.533	33.629	33.595	
11656	897.44	33.533	33.629	33.595	
11657	897.54	33.534	33.629	33.595	
11658	897.64	33.534	33.629	33.595	
11659	897.74	33.534	33.629	33.595	
11660	897.84	33.534	33.63	33.596	
11661	897.94	33.534	33.63	33.596	
11662	898.	33.534	33.63	33.596	
11663	898.01	33.534	33.63	33.596	
11664	898.02	33.534	33.63	33.596	
11665	898.05	33.534	33.63	33.596	
11666	898.14	33.535	33.63	33.596	
11667	898.24	33.535	33.63	33.596	
11668	898.34	33.535	33.63	33.596	
11669	898.44	33.535	33.631	33.597	
11670	898.54	33.535	33.631	33.597	
11671	898.64	33.535	33.631	33.597	
11672	898.74	33.535	33.631	33.597	
11673	898.84	33.536	33.631	33.597	
11674	898.94	33.536	33.631	33.597	
11675	899.	33.536	33.631	33.597	
11676	899.01	33.536	33.631	33.597	
11677	899.02	33.536	33.631	33.597	
11678	899.05	33.536	33.632	33.598	
11679	899.14	33.536	33.632	33.598	
11680	899.24	33.536	33.632	33.598	
11681	899.34	33.536	33.632	33.598	
11682	899.44	33.537	33.632	33.598	
11683	899.54	33.537	33.632	33.598	
11684	899.64	33.537	33.632	33.598	
11685	899.74	33.537	33.633	33.599	
11686	899.84	33.537	33.633	33.599	
11687	899.94	33.537	33.633	33.599	
11688	900.	33.537	33.633	33.599	
11689	900.01	33.537	33.633	33.599	
11690	900.02	33.537	33.633	33.599	
11691	900.05	33.538	33.633	33.599	
11692	900.14	33.538	33.633	33.599	
11693	900.24	33.538	33.633	33.599	
11694	900.34	33.538	33.634	33.6	
11695	900.44	33.538	33.634	33.6	
11696	900.54	33.538	33.634	33.6	
11697	900.64	33.538	33.634	33.6	
11698	900.74	33.539	33.634	33.6	
11699	900.84	33.539	33.634	33.6	
11700	900.94	33.539	33.634	33.6	
11701	901.	33.539	33.635	33.601	
11702	901.01	33.539	33.635	33.601	
11703	901.02	33.539	33.635	33.601	
11704	901.05	33.539	33.635	33.601	
11705	901.14	33.539	33.635	33.601	
11706	901.24	33.539	33.635	33.601	
11707	901.34	33.539	33.635	33.601	
11708	901.44	33.54	33.635	33.601	
11709	901.54	33.54	33.635	33.601	
11710	901.64	33.54	33.636	33.602	
11711	901.74	33.54	33.636	33.602	
11712	901.84	33.54	33.636	33.602	
11713	901.94	33.54	33.636	33.602	
11714	902.	33.541	33.636	33.602	
11715	902.01	33.541	33.636	33.602	
11716	902.02	33.541	33.636	33.602	
11717	902.05	33.541	33.636	33.602	
11718	902.14	33.541	33.636	33.602	
11719	902.24	33.541	33.636	33.602	
11720	902.34	33.541	33.637	33.603	
11721	902.44	33.541	33.637	33.603	
11722	902.54	33.541	33.637	33.603	
11723	902.64	33.542	33.637	33.603	
11724	902.74	33.542	33.637	33.603	
11725	902.84	33.542	33.637	33.603	
11726	902.94	33.542	33.638	33.604	
11727	903.	33.542	33.638	33.604	
11728	903.01	33.542	33.638	33.604	
11729	903.02	33.542	33.638	33.604	
11730	903.05	33.542	33.638	33.604	
11731	903.14	33.542	33.638	33.604	
11732	903.24	33.542	33.638	33.604	
11733	903.34	33.543	33.638	33.604	
11734	903.44	33.543	33.638	33.604	
11735	903.54	33.543	33.639	33.605	
11736	903.64	33.543	33.639	33.605	
11737	903.74	33.543	33.639	33.605	
11738	903.84	33.543	33.639	33.605	
11739	903.94	33.544	33.639	33.605	
11740	904.	33.544	33.639	33.605	
11741	904.01	33.544	33.639	33.605	
11742	904.02	33.544	33.639	33.605	
11743	904.05	33.544	33.639	33.605	
11744	904.14	33.544	33.639	33.605	
11745	904.24	33.544	33.64	33.606	
11746	904.34	33.544	33.64	33.606	
11747	904.44	33.544	33.64	33.606	
11748	904.54	33.544	33.64	33.606	
11749	904.64	33.545	33.64	33.606	
11750	904.74	33.545	33.64	33.606	
11751	904.84	33.545	33.641	33.607	
11752	904.94	33.545	33.641	33.607	
11753	905.	33.545	33.641	33.607	
11754	905.01	33.545	33.641	33.607	
11755	905.02	33.545	33.641	33.607	
11756	905.05	33.545	33.641	33.607	
11757	905.14	33.545	33.641	33.607	
11758	905.24	33.546	33.641	33.607	
11759	905.34	33.546	33.641	33.607	
11760	905.44	33.546	33.641	33.607	
11761	905.54	33.546	33.642	33.608	
11762	905.64	33.546	33.642	33.608	
11763	905.74	33.546	33.642	33.608	
11764	905.84	33.546	33.642	33.608	
11765	905.94	33.547	33.642	33.608	
11766	906.	33.547	33.642	33.608	
11767	906.01	33.547	33.642	33.608	
11768	906.02	33.547	33.642	33.608	
11769	906.05	33.547	33.642	33.608	
11770	906.14	33.547	33.643	33.609	
11771	906.24	33.547	33.643	33.609	
11772	906.34	33.547	33.643	33.609	
11773	906.44	33.547	33.643	33.609	
11774	906.54	33.548	33.643	33.609	
11775	906.64	33.548	33.643	33.609	
11776	906.74	33.548	33.644	33.609	
11777	906.84	33.548	33.644	33.61	
11778	906.94	33.548	33.644	33.61	
11779	907.	33.548	33.644	33.61	
11780	907.01	33.548	33.644	33.61	
11781	907.02	33.548	33.644	33.61	
11782	907.05	33.548	33.644	33.61	
11783	907.14	33.548	33.644	33.61	
11784	907.24	33.549	33.644	33.61	
11785	907.34	33.549	33.644	33.61	
11786	907.44	33.549	33.645	33.611	
11787	907.54	33.549	33.645	33.611	
11788	907.64	33.549	33.645	33.611	
11789	907.74	33.549	33.645	33.611	
11790	907.84	33.55	33.645	33.611	
11791	907.94	33.55	33.645	33.611	
11792	908.	33.55	33.645	33.611	
11793	908.01	33.55	33.646	33.611	
11794	908.02	33.55	33.646	33.611	
11795	908.05	33.55	33.646	33.612	
11796	908.14	33.55	33.646	33.612	
11797	908.24	33.55	33.646	33.612	
11798	908.34	33.55	33.646	33.612	
11799	908.44	33.55	33.646	33.612	
11800	908.54	33.551	33.646	33.612	
11801	908.64	33.551	33.646	33.612	
11802	908.74	33.551	33.647	33.613	
11803	908.84	33.551	33.647	33.613	
11804	908.94	33.551	33.647	33.613	
11805	909.	33.551	33.647	33.613	
11806	909.01	33.551	33.647	33.613	
11807	909.02	33.551	33.647	33.613	
11808	909.05	33.551	33.647	33.613	
11809	909.14	33.552	33.647	33.613	
11810	909.24	33.552	33.647	33.613	
11811	909.34	33.552	33.648	33.614	
11812	909.44	33.552	33.648	33.614	
11813	909.54	33.552	33.648	33.614	
11814	909.64	33.552	33.648	33.614	
11815	909.74	33.553	33.648	33.614	
11816	909.84	33.553	33.648	33.614	
11817	909.94	33.553	33.649	33.614	
11818	910.	33.553	33.649	33.615	
11819	910.01	33.553	33.649	33.615	
11820	910.02	33.553	33.649	33.615	
11821	910.05	33.553	33.649	33.615	
11822	910.14	33.553	33.649	33.615	
11823	910.24	33.553	33.649	33.615	
11824	910.34	33.553	33.649	33.615	
11825	910.44	33.554	33.649	33.615	
11826	910.54	33.554	33.649	33.615	
11827	910.64	33.554	33.65	33.616	
11828	910.74	33.554	33.65	33.616	
11829	910.84	33.554	33.65	33.616	
11830	910.94	33.554	33.65	33.616	
11831	911.	33.554	33.65	33.616	
11832	911.01	33.554	33.65	33.616	
11833	911.02	33.554	33.65	33.616	
11834	911.05	33.555	33.65	33.616	
11835	911.14	33.555	33.65	33.616	
11836	911.24	33.555	33.651	33.616	
11837	911.34	33.555	33.651	33.617	
11838	911.44	33.555	33.651	33.617	
11839	911.54	33.555	33.651	33.617	
11840	911.64	33.555	33.651	33.617	
11841	911.74	33.556	33.651	33.617	
11842	911.84	33.556	33.651	33.617	
11843	911.94	33.556	33.652	33.618	
11844	912.	33.556	33.652	33.618	
11845	912.01	33.556	33.652	33.618	
11846	912.02	33.556	33.652	33.618	
11847	912.05	33.556	33.652	33.618	
11848	912.14	33.556	33.652	33.618	
11849	912.24	33.556	33.652	33.618	
11850	912.34	33.557	33.652	33.618	
11851	912.44	33.557	33.652	33.618	
11852	912.54	33.557	33.653	33.619	
11853	912.64	33.557	33.653	33.619	
11854	912.74	33.557	33.653	33.619	
11855	912.84	33.557	33.653	33.619	
11856	912.94	33.557	33.653	33.619	
11857	913.	33.558	33.653	33.619	
11858	913.01	33.558	33.653	33.619	
11859	913.02	33.558	33.653	33.619	
11860	913.05	33.558	33.653	33.619	
11861	913.14	33.558	33.653	33.619	
11862	913.24	33.558	33.654	33.62	
11863	913.34	33.558	33.654	33.62	
11864	913.44	33.558	33.654	33.62	
11865	913.54	33.558	33.654	33.62	
11866	913.64	33.559	33.654	33.62	
11867	913.74	33.559	33.654	33.62	
11868	913.84	33.559	33.655	33.621	
11869	913.94	33.559	33.655	33.621	
11870	914.	33.559	33.655	33.621	
11871	914.01	33.559	33.655	33.621	
11872	914.02	33.559	33.655	33.621	
11873	914.05	33.559	33.655	33.621	
11874	914.14	33.559	33.655	33.621	
11875	914.24	33.559	33.655	33.621	
11876	914.34	33.56	33.655	33.621	
11877	914.44	33.56	33.656	33.621	
11878	914.54	33.56	33.656	33.622	
11879	914.64	33.56	33.656	33.622	
11880	914.74	33.56	33.656	33.622	
11881	914.84	33.56	33.656	33.622	
11882	914.94	33.561	33.656	33.622	
11883	915.	33.561	33.656	33.622	
11884	915.01	33.561	33.656	33.622	
11885	915.02	33.561	33.656	33.622	
11886	915.05	33.561	33.656	33.622	
11887	915.14	33.561	33.657	33.623	
11888	915.24	33.561	33.657	33.623	
11889	915.34	33.561	33.657	33.623	
11890	915.44	33.561	33.657	33.623	
11891	915.54	33.561	33.657	33.623	
11892	915.64	33.562	33.657	33.623	
11893	915.74	33.562	33.658	33.623	
11894	915.84	33.562	33.658	33.624	
11895	915.94	33.562	33.658	33.624	
11896	916.	33.562	33.658	33.624	
11897	916.01	33.562	33.658	33.624	
11898	916.02	33.562	33.658	33.624	
11899	916.05	33.562	33.658	33.624	
11900	916.14	33.562	33.658	33.624	
11901	916.24	33.563	33.658	33.624	
11902	916.34	33.563	33.658	33.624	
11903	916.44	33.563	33.659	33.625	
11904	916.54	33.563	33.659	33.625	
11905	916.64	33.563	33.659	33.625	
11906	916.74	33.563	33.659	33.625	
11907	916.84	33.563	33.659	33.625	
11908	916.94	33.564	33.659	33.625	
11909	917.	33.564	33.66	33.625	
11910	917.01	33.564	33.66	33.625	
11911	917.02	33.564	33.66	33.625	
11912	917.05	33.564	33.66	33.626	
11913	917.14	33.564	33.66	33.626	
11914	917.24	33.564	33.66	33.626	
11915	917.34	33.564	33.66	33.626	
11916	917.44	33.564	33.66	33.626	
11917	917.54	33.565	33.66	33.626	
11918	917.64	33.565	33.661	33.626	
11919	917.74	33.565	33.661	33.627	
11920	917.84	33.565	33.661	33.627	
11921	917.94	33.565	33.661	33.627	
11922	918.	33.565	33.661	33.627	
11923	918.01	33.565	33.661	33.627	
11924	918.02	33.565	33.661	33.627	
11925	918.05	33.565	33.661	33.627	
11926	918.14	33.566	33.661	33.627	
11927	918.24	33.566	33.661	33.627	
11928	918.34	33.566	33.662	33.628	
11929	918.44	33.566	33.662	33.628	
11930	918.54	33.566	33.662	33.628	
11931	918.64	33.566	33.662	33.628	
11932	918.74	33.566	33.662	33.628	
11933	918.84	33.567	33.662	33.628	
11934	918.94	33.567	33.663	33.628	
11935	919.	33.567	33.663	33.629	
11936	919.01	33.567	33.663	33.629	
11937	919.02	33.567	33.663	33.629	
11938	919.05	33.567	33.663	33.629	
11939	919.14	33.567	33.663	33.629	
11940	919.24	33.567	33.663	33.629	
11941	919.34	33.567	33.663	33.629	
11942	919.44	33.568	33.663	33.629	
11943	919.54	33.568	33.663	33.629	
11944	919.64	33.568	33.664	33.63	
11945	919.74	33.568	33.664	33.63	
11946	919.84	33.568	33.664	33.63	
11947	919.94	33.568	33.664	33.63	
11948	920.	33.568	33.664	33.63	
11949	920.01	33.568	33.664	33.63	
11950	920.02	33.568	33.664	33.63	
11951	920.05	33.568	33.664	33.63	
11952	920.14	33.569	33.664	33.63	
11953	920.24	33.569	33.665	33.63	
11954	920.34	33.569	33.665	33.631	
11955	920.44	33.569	33.665	33.631	
11956	920.54	33.569	33.665	33.631	
11957	920.64	33.569	33.665	33.631	
11958	920.74	33.57	33.665	33.631	
11959	920.84	33.57	33.666	33.631	
11960	920.94	33.57	33.666	33.632	
11961	921.	33.57	33.666	33.632	
11962	921.01	33.57	33.666	33.632	
11963	921.02	33.57	33.666	33.632	
11964	921.05	33.57	33.666	33.632	
11965	921.14	33.57	33.666	33.632	
11966	921.24	33.57	33.666	33.632	
11967	921.34	33.57	33.666	33.632	
11968	921.44	33.571	33.666	33.632	
11969	921.54	33.571	33.667	33.633	
11970	921.64	33.571	33.667	33.633	
11971	921.74	33.571	33.667	33.633	
11972	921.84	33.571	33.667	33.633	
11973	921.94	33.571	33.667	33.633	
11974	922.	33.571	33.667	33.633	
11975	922.01	33.572	33.667	33.633	
11976	922.02	33.572	33.667	33.633	
11977	922.05	33.572	33.667	33.633	
11978	922.14	33.572	33.668	33.633	
11979	922.24	33.572	33.668	33.634	
11980	922.34	33.572	33.668	33.634	
11981	922.44	33.572	33.668	33.634	
11982	922.54	33.572	33.668	33.634	
11983	922.64	33.572	33.668	33.634	
11984	922.74	33.573	33.668	33.634	
11985	922.84	33.573	33.669	33.635	
11986	922.94	33.573	33.669	33.635	
11987	923.	33.573	33.669	33.635	
11988	923.01	33.573	33.669	33.635	
11989	923.02	33.573	33.669	33.635	
11990	923.05	33.573	33.669	33.635	
11991	923.14	33.573	33.669	33.635	
11992	923.24	33.573	33.669	33.635	
11993	923.34	33.574	33.669	33.635	
11994	923.44	33.574	33.67	33.635	
11995	923.54	33.574	33.67	33.636	
11996	923.64	33.574	33.67	33.636	
11997	923.74	33.574	33.67	33.636	
11998	923.84	33.574	33.67	33.636	
11999	923.94	33.574	33.67	33.636	
12000	924.	33.575	33.67	33.636	
12001	924.01	33.575	33.67	33.636	
12002	924.02	33.575	33.67	33.636	
12003	924.05	33.575	33.671	33.636	
12004	924.14	33.575	33.671	33.637	
12005	924.24	33.575	33.671	33.637	
12006	924.34	33.575	33.671	33.637	
12007	924.44	33.575	33.671	33.637	
12008	924.54	33.575	33.671	33.637	
12009	924.64	33.576	33.671	33.637	
12010	924.74	33.576	33.672	33.637	
12011	924.84	33.576	33.672	33.638	
12012	924.94	33.576	33.672	33.638	
12013	925.	33.576	33.672	33.638	
12014	925.01	33.576	33.672	33.638	
12015	925.02	33.576	33.672	33.638	
12016	925.05	33.576	33.672	33.638	
12017	925.14	33.576	33.672	33.638	
12018	925.24	33.577	33.672	33.638	
12019	925.34	33.577	33.673	33.638	
12020	925.44	33.577	33.673	33.639	
12021	925.54	33.577	33.673	33.639	
12022	925.64	33.577	33.673	33.639	
12023	925.74	33.577	33.673	33.639	
12024	925.84	33.577	33.673	33.639	
12025	925.94	33.578	33.673	33.639	
12026	926.	33.578	33.674	33.639	
12027	926.01	33.578	33.674	33.639	
12028	926.02	33.578	33.674	33.639	
12029	926.05	33.578	33.674	33.64	
12030	926.14	33.578	33.674	33.64	
12031	926.24	33.578	33.674	33.64	
12032	926.34	33.578	33.674	33.64	
12033	926.44	33.578	33.674	33.64	
12034	926.54	33.579	33.674	33.64	
12035	926.64	33.579	33.675	33.64	
12036	926.74	33.579	33.675	33.641	
12037	926.84	33.579	33.675	33.641	
12038	926.94	33.579	33.675	33.641	
12039	927.	33.579	33.675	33.641	
12040	927.01	33.579	33.675	33.641	
12041	927.02	33.579	33.675	33.641	
12042	927.05	33.579	33.675	33.641	
12043	927.14	33.579	33.675	33.641	
12044	927.24	33.58	33.675	33.641	
12045	927.34	33.58	33.676	33.642	
12046	927.44	33.58	33.676	33.642	
12047	927.54	33.58	33.676	33.642	
12048	927.64	33.58	33.676	33.642	
12049	927.74	33.58	33.676	33.642	
12050	927.84	33.581	33.676	33.642	
12051	927.94	33.581	33.677	33.642	
12052	928.	33.581	33.677	33.643	
12053	928.01	33.581	33.677	33.643	
12054	928.02	33.581	33.677	33.643	
12055	928.05	33.581	33.677	33.643	
12056	928.14	33.581	33.677	33.643	
12057	928.24	33.581	33.677	33.643	
12058	928.34	33.581	33.677	33.643	
12059	928.44	33.581	33.677	33.643	
12060	928.54	33.582	33.678	33.643	
12061	928.64	33.582	33.678	33.644	
12062	928.74	33.582	33.678	33.644	
12063	928.84	33.582	33.678	33.644	
12064	928.94	33.582	33.678	33.644	
12065	929.	33.582	33.678	33.644	
12066	929.01	33.582	33.678	33.644	
12067	929.02	33.582	33.678	33.644	
12068	929.05	33.582	33.678	33.644	
12069	929.14	33.583	33.678	33.644	
12070	929.24	33.583	33.679	33.644	
12071	929.34	33.583	33.679	33.645	
12072	929.44	33.583	33.679	33.645	
12073	929.54	33.583	33.679	33.645	
12074	929.64	33.583	33.679	33.645	
12075	929.74	33.583	33.679	33.645	
12076	929.84	33.584	33.68	33.645	
12077	929.94	33.584	33.68	33.646	
12078	930.	33.584	33.68	33.646	
12079	930.01	33.584	33.68	33.646	
12080	930.02	33.584	33.68	33.646	
12081	930.05	33.584	33.68	33.646	
12082	930.14	33.584	33.68	33.646	
12083	930.24	33.584	33.68	33.646	
12084	930.34	33.584	33.68	33.646	
12085	930.44	33.585	33.68	33.646	
12086	930.54	33.585	33.681	33.647	
12087	930.64	33.585	33.681	33.647	
12088	930.74	33.585	33.681	33.647	
12089	930.84	33.585	33.681	33.647	
12090	930.94	33.585	33.681	33.647	
12091	931.	33.585	33.681	33.647	
12092	931.01	33.585	33.681	33.647	
12093	931.02	33.585	33.681	33.647	
12094	931.05	33.586	33.681	33.647	
12095	931.14	33.586	33.682	33.647	
12096	931.24	33.586	33.682	33.648	
12097	931.34	33.586	33.682	33.648	
12098	931.44	33.586	33.682	33.648	
12099	931.54	33.586	33.682	33.648	
12100	931.64	33.586	33.682	33.648	
12101	931.74	33.587	33.683	33.648	
12102	931.84	33.587	33.683	33.649	
12103	931.94	33.587	33.683	33.649	
12104	932.	33.587	33.683	33.649	
12105	932.01	33.587	33.683	33.649	
12106	932.02	33.587	33.683	33.649	
12107	932.05	33.587	33.683	33.649	
12108	932.14	33.587	33.683	33.649	
12109	932.24	33.587	33.683	33.649	
12110	932.34	33.588	33.683	33.649	
12111	932.44	33.588	33.684	33.649	
12112	932.54	33.588	33.684	33.65	
12113	932.64	33.588	33.684	33.65	
12114	932.74	33.588	33.684	33.65	
12115	932.84	33.588	33.684	33.65	
12116	932.94	33.588	33.684	33.65	
12117	933.	33.589	33.684	33.65	
12118	933.01	33.589	33.684	33.65	
12119	933.02	33.589	33.685	33.65	
12120	933.05	33.589	33.685	33.65	
12121	933.14	33.589	33.685	33.651	
12122	933.24	33.589	33.685	33.651	
12123	933.34	33.589	33.685	33.651	
12124	933.44	33.589	33.685	33.651	
12125	933.54	33.589	33.685	33.651	
12126	933.64	33.59	33.685	33.651	
12127	933.74	33.59	33.686	33.651	
12128	933.84	33.59	33.686	33.652	
12129	933.94	33.59	33.686	33.652	
12130	934.	33.59	33.686	33.652	
12131	934.01	33.59	33.686	33.652	
12132	934.02	33.59	33.686	33.652	
12133	934.05	33.59	33.686	33.652	
12134	934.14	33.59	33.686	33.652	
12135	934.24	33.59	33.686	33.652	
12136	934.34	33.591	33.687	33.652	
12137	934.44	33.591	33.687	33.653	
12138	934.54	33.591	33.687	33.653	
12139	934.64	33.591	33.687	33.653	
12140	934.74	33.591	33.687	33.653	
12141	934.84	33.591	33.687	33.653	
12142	934.94	33.592	33.688	33.653	
12143	935.	33.592	33.688	33.653	
12144	935.01	33.592	33.688	33.653	
12145	935.02	33.592	33.688	33.653	
12146	935.05	33.592	33.688	33.654	
12147	935.14	33.592	33.688	33.654	
12148	935.24	33.592	33.688	33.654	
12149	935.34	33.592	33.688	33.654	
12150	935.44	33.592	33.688	33.654	
12151	935.54	33.592	33.688	33.654	
12152	935.64	33.593	33.689	33.654	
12153	935.74	33.593	33.689	33.655	
12154	935.84	33.593	33.689	33.655	
12155	935.94	33.593	33.689	33.655	
12156	936.	33.593	33.689	33.655	
12157	936.01	33.593	33.689	33.655	
12158	936.02	33.593	33.689	33.655	
12159	936.05	33.593	33.689	33.655	
12160	936.14	33.593	33.689	33.655	
12161	936.24	33.594	33.69	33.655	
12162	936.34	33.594	33.69	33.656	
12163	936.44	33.594	33.69	33.656	
12164	936.54	33.594	33.69	33.656	
12165	936.64	33.594	33.69	33.656	
12166	936.74	33.594	33.69	33.656	
12167	936.84	33.594	33.69	33.656	
12168	936.94	33.595	33.691	33.656	
12169	937.	33.595	33.691	33.657	
12170	937.01	33.595	33.691	33.657	
12171	937.02	33.595	33.691	33.657	
12172	937.05	33.595	33.691	33.657	
12173	937.14	33.595	33.691	33.657	
12174	937.24	33.595	33.691	33.657	
12175	937.34	33.595	33.691	33.657	
12176	937.44	33.595	33.691	33.657	
12177	937.54	33.596	33.692	33.657	
12178	937.64	33.596	33.692	33.658	
12179	937.74	33.596	33.692	33.658	
12180	937.84	33.596	33.692	33.658	
12181	937.94	33.596	33.692	33.658	
12182	938.	33.596	33.692	33.658	
12183	938.01	33.596	33.692	33.658	
12184	938.02	33.596	33.692	33.658	
12185	938.05	33.596	33.692	33.658	
12186	938.14	33.596	33.692	33.658	
12187	938.24	33.597	33.693	33.658	
12188	938.34	33.597	33.693	33.659	
12189	938.44	33.597	33.693	33.659	
12190	938.54	33.597	33.693	33.659	
12191	938.64	33.597	33.693	33.659	
12192	938.74	33.597	33.693	33.659	
12193	938.84	33.598	33.694	33.659	
12194	938.94	33.598	33.694	33.66	
12195	939.	33.598	33.694	33.66	
12196	939.01	33.598	33.694	33.66	
12197	939.02	33.598	33.694	33.66	
12198	939.05	33.598	33.694	33.66	
12199	939.14	33.598	33.694	33.66	
12200	939.24	33.598	33.694	33.66	
12201	939.34	33.598	33.694	33.66	
12202	939.44	33.598	33.695	33.66	
12203	939.54	33.599	33.695	33.661	
12204	939.64	33.599	33.695	33.661	
12205	939.74	33.599	33.695	33.661	
12206	939.84	33.599	33.695	33.661	
12207	939.94	33.599	33.695	33.661	
12208	940.	33.599	33.695	33.661	
12209	940.01	33.599	33.695	33.661	
12210	940.02	33.599	33.695	33.661	
12211	940.05	33.599	33.695	33.661	
12212	940.14	33.6	33.696	33.661	
12213	940.24	33.6	33.696	33.662	
12214	940.34	33.6	33.696	33.662	
12215	940.44	33.6	33.696	33.662	
12216	940.54	33.6	33.696	33.662	
12217	940.64	33.6	33.696	33.662	
12218	940.74	33.601	33.697	33.662	
12219	940.84	33.601	33.697	33.663	
12220	940.94	33.601	33.697	33.663	
12221	941.	33.601	33.697	33.663	
12222	941.01	33.601	33.697	33.663	
12223	941.02	33.601	33.697	33.663	
12224	941.05	33.601	33.697	33.663	
12225	941.14	33.601	33.697	33.663	
12226	941.24	33.601	33.697	33.663	
12227	941.34	33.601	33.697	33.663	
12228	941.44	33.602	33.698	33.663	
12229	941.54	33.602	33.698	33.664	
12230	941.64	33.602	33.698	33.664	
12231	941.74	33.602	33.698	33.664	
12232	941.84	33.602	33.698	33.664	
12233	941.94	33.602	33.698	33.664	
12234	942.	33.602	33.699	33.664	
12235	942.01	33.602	33.699	33.664	
12236	942.02	33.602	33.699	33.664	
12237	942.05	33.603	33.699	33.664	
12238	942.14	33.603	33.699	33.665	
12239	942.24	33.603	33.699	33.665	
12240	942.34	33.603	33.699	33.665	
12241	942.44	33.603	33.699	33.665	
12242	942.54	33.603	33.699	33.665	
12243	942.64	33.603	33.7	33.665	
12244	942.74	33.604	33.7	33.665	
12245	942.84	33.604	33.7	33.666	
12246	942.94	33.604	33.7	33.666	
12247	943.	33.604	33.7	33.666	
12248	943.01	33.604	33.7	33.666	
12249	943.02	33.604	33.7	33.666	
12250	943.05	33.604	33.7	33.666	
12251	943.14	33.604	33.7	33.666	
12252	943.24	33.604	33.7	33.666	
12253	943.34	33.605	33.701	33.666	
12254	943.44	33.605	33.701	33.667	
12255	943.54	33.605	33.701	33.667	
12256	943.64	33.605	33.701	33.667	
12257	943.74	33.605	33.701	33.667	
12258	943.84	33.605	33.701	33.667	
12259	943.94	33.605	33.702	33.667	
12260	944.	33.606	33.702	33.667	
12261	944.01	33.606	33.702	33.667	
12262	944.02	33.606	33.702	33.667	
12263	944.05	33.606	33.702	33.668	
12264	944.14	33.606	33.702	33.668	
12265	944.24	33.606	33.702	33.668	
12266	944.34	33.606	33.702	33.668	
12267	944.44	33.606	33.702	33.668	
12268	944.54	33.606	33.702	33.668	
12269	944.64	33.607	33.703	33.668	
12270	944.74	33.607	33.703	33.669	
12271	944.84	33.607	33.703	33.669	
12272	944.94	33.607	33.703	33.669	
12273	945.	33.607	33.703	33.669	
12274	945.01	33.607	33.703	33.669	
12275	945.02	33.607	33.703	33.669	
12276	945.05	33.607	33.703	33.669	
12277	945.14	33.607	33.703	33.669	
12278	945.24	33.607	33.704	33.669	
12279	945.34	33.608	33.704	33.67	
12280	945.44	33.608	33.704	33.67	
12281	945.54	33.608	33.704	33.67	
12282	945.64	33.608	33.704	33.67	
12283	945.74	33.608	33.704	33.67	
12284	945.84	33.608	33.705	33.67	
12285	945.94	33.609	33.705	33.67	
12286	946.	33.609	33.705	33.671	
12287	946.01	33.609	33.705	33.671	
12288	946.02	33.609	33.705	33.671	
12289	946.05	33.609	33.705	33.671	
12290	946.14	33.609	33.705	33.671	
12291	946.24	33.609	33.705	33.671	
12292	946.34	33.609	33.705	33.671	
12293	946.44	33.609	33.705	33.671	
12294	946.54	33.609	33.706	33.671	
12295	946.64	33.61	33.706	33.672	
12296	946.74	33.61	33.706	33.672	
12297	946.84	33.61	33.706	33.672	
12298	946.94	33.61	33.706	33.672	
12299	947.	33.61	33.706	33.672	
12300	947.01	33.61	33.706	33.672	
12301	947.02	33.61	33.706	33.672	
12302	947.05	33.61	33.706	33.672	
12303	947.14	33.61	33.707	33.672	
12304	947.24	33.611	33.707	33.672	
12305	947.34	33.611	33.707	33.673	
12306	947.44	33.611	33.707	33.673	
12307	947.54	33.611	33.707	33.673	
12308	947.64	33.611	33.707	33.673	
12309	947.74	33.611	33.707	33.673	
12310	947.84	33.611	33.708	33.673	
12311	947.94	33.612	33.708	33.674	
12312	948.	33.612	33.708	33.674	
12313	948.01	33.612	33.708	33.674	
12314	948.02	33.612	33.708	33.674	
12315	948.05	33.612	33.708	33.674	
12316	948.14	33.612	33.708	33.674	
12317	948.24	33.612	33.708	33.674	
12318	948.34	33.612	33.708	33.674	
12319	948.44	33.612	33.709	33.674	
12320	948.54	33.613	33.709	33.675	
12321	948.64	33.613	33.709	33.675	
12322	948.74	33.613	33.709	33.675	
12323	948.84	33.613	33.709	33.675	
12324	948.94	33.613	33.709	33.675	
12325	949.	33.613	33.709	33.675	
12326	949.01	33.613	33.709	33.675	
12327	949.02	33.613	33.709	33.675	
12328	949.05	33.613	33.71	33.675	
12329	949.14	33.614	33.71	33.675	
12330	949.24	33.614	33.71	33.676	
12331	949.34	33.614	33.71	33.676	
12332	949.44	33.614	33.71	33.676	
12333	949.54	33.614	33.71	33.676	
12334	949.64	33.614	33.71	33.676	
12335	949.74	33.614	33.711	33.676	
12336	949.84	33.615	33.711	33.677	
12337	949.94	33.615	33.711	33.677	
12338	950.	33.615	33.711	33.677	
12339	950.01	33.615	33.711	33.677	
12340	950.02	33.615	33.711	33.677	
12341	950.05	33.615	33.711	33.677	
12342	950.14	33.615	33.711	33.677	
12343	950.24	33.615	33.711	33.677	
12344	950.34	33.615	33.712	33.677	
12345	950.44	33.616	33.712	33.677	
12346	950.54	33.616	33.712	33.678	
12347	950.64	33.616	33.712	33.678	
12348	950.74	33.616	33.712	33.678	
12349	950.84	33.616	33.712	33.678	
12350	950.94	33.616	33.712	33.678	
12351	951.	33.616	33.713	33.678	
12352	951.01	33.616	33.713	33.678	
12353	951.02	33.616	33.713	33.678	
12354	951.05	33.616	33.713	33.678	
12355	951.14	33.617	33.713	33.679	
12356	951.24	33.617	33.713	33.679	
12357	951.34	33.617	33.713	33.679	
12358	951.44	33.617	33.713	33.679	
12359	951.54	33.617	33.713	33.679	
12360	951.64	33.617	33.714	33.679	
12361	951.74	33.618	33.714	33.679	
12362	951.84	33.618	33.714	33.68	
12363	951.94	33.618	33.714	33.68	
12364	952.	33.618	33.714	33.68	
12365	952.01	33.618	33.714	33.68	
12366	952.02	33.618	33.714	33.68	
12367	952.05	33.618	33.714	33.68	
12368	952.14	33.618	33.714	33.68	
12369	952.24	33.618	33.714	33.68	
12370	952.34	33.618	33.715	33.68	
12371	952.44	33.619	33.715	33.681	
12372	952.54	33.619	33.715	33.681	
12373	952.64	33.619	33.715	33.681	
12374	952.74	33.619	33.715	33.681	
12375	952.84	33.619	33.715	33.681	
12376	952.94	33.619	33.716	33.681	
12377	953.	33.619	33.716	33.681	
12378	953.01	33.62	33.716	33.681	
12379	953.02	33.62	33.716	33.681	
12380	953.05	33.62	33.716	33.682	
12381	953.14	33.62	33.716	33.682	
12382	953.24	33.62	33.716	33.682	
12383	953.34	33.62	33.716	33.682	
12384	953.44	33.62	33.716	33.682	
12385	953.54	33.62	33.717	33.682	
12386	953.64	33.62	33.717	33.682	
12387	953.74	33.621	33.717	33.683	
12388	953.84	33.621	33.717	33.683	
12389	953.94	33.621	33.717	33.683	
12390	954.	33.621	33.717	33.683	
12391	954.01	33.621	33.717	33.683	
12392	954.02	33.621	33.717	33.683	
12393	954.05	33.621	33.717	33.683	
12394	954.14	33.621	33.717	33.683	
12395	954.24	33.621	33.718	33.683	
12396	954.34	33.622	33.718	33.684	
12397	954.44	33.622	33.718	33.684	
12398	954.54	33.622	33.718	33.684	
12399	954.64	33.622	33.718	33.684	
12400	954.74	33.622	33.718	33.684	
12401	954.84	33.622	33.719	33.684	
12402	954.94	33.622	33.719	33.684	
12403	955.	33.623	33.719	33.685	
12404	955.01	33.623	33.719	33.685	
12405	955.02	33.623	33.719	33.685	
12406	955.05	33.623	33.719	33.685	
12407	955.14	33.623	33.719	33.685	
12408	955.24	33.623	33.719	33.685	
12409	955.34	33.623	33.719	33.685	
12410	955.44	33.623	33.719	33.685	
12411	955.54	33.623	33.72	33.685	
12412	955.64	33.624	33.72	33.686	
12413	955.74	33.624	33.72	33.686	
12414	955.84	33.624	33.72	33.686	
12415	955.94	33.624	33.72	33.686	
12416	956.	33.624	33.72	33.686	
12417	956.01	33.624	33.72	33.686	
12418	956.02	33.624	33.72	33.686	
12419	956.05	33.624	33.72	33.686	
12420	956.14	33.624	33.721	33.686	
12421	956.24	33.625	33.721	33.686	
12422	956.34	33.625	33.721	33.687	
12423	956.44	33.625	33.721	33.687	
12424	956.54	33.625	33.721	33.687	
12425	956.64	33.625	33.721	33.687	
12426	956.74	33.625	33.722	33.687	
12427	956.84	33.625	33.722	33.687	
12428	956.94	33.626	33.722	33.688	
12429	957.	33.626	33.722	33.688	
12430	957.01	33.626	33.722	33.688	
12431	957.02	33.626	33.722	33.688	
12432	957.05	33.626	33.722	33.688	
12433	957.14	33.626	33.722	33.688	
12434	957.24	33.626	33.722	33.688	
12435	957.34	33.626	33.722	33.688	
12436	957.44	33.626	33.723	33.688	
12437	957.54	33.627	33.723	33.689	
12438	957.64	33.627	33.723	33.689	
12439	957.74	33.627	33.723	33.689	
12440	957.84	33.627	33.723	33.689	
12441	957.94	33.627	33.723	33.689	
12442	958.	33.627	33.723	33.689	
12443	958.01	33.627	33.723	33.689	
12444	958.02	33.627	33.723	33.689	
12445	958.05	33.627	33.724	33.689	
12446	958.14	33.627	33.724	33.689	
12447	958.24	33.628	33.724	33.69	
12448	958.34	33.628	33.724	33.69	
12449	958.44	33.628	33.724	33.69	
12450	958.54	33.628	33.724	33.69	
12451	958.64	33.628	33.724	33.69	
12452	958.74	33.628	33.725	33.69	
12453	958.84	33.629	33.725	33.691	
12454	958.94	33.629	33.725	33.691	
12455	959.	33.629	33.725	33.691	
12456	959.01	33.629	33.725	33.691	
12457	959.02	33.629	33.725	33.691	
12458	959.05	33.629	33.725	33.691	
12459	959.14	33.629	33.725	33.691	
12460	959.24	33.629	33.725	33.691	
12461	959.34	33.629	33.726	33.691	
12462	959.44	33.629	33.726	33.691	
12463	959.54	33.63	33.726	33.692	
12464	959.64	33.63	33.726	33.692	
12465	959.74	33.63	33.726	33.692	
12466	959.84	33.63	33.726	33.692	
12467	959.94	33.63	33.726	33.692	
12468	960.	33.63	33.727	33.692	
12469	960.01	33.63	33.727	33.692	
12470	960.02	33.63	33.727	33.692	
12471	960.05	33.63	33.727	33.692	
12472	960.14	33.631	33.727	33.693	
12473	960.24	33.631	33.727	33.693	
12474	960.34	33.631	33.727	33.693	
12475	960.44	33.631	33.727	33.693	
12476	960.54	33.631	33.727	33.693	
12477	960.64	33.631	33.728	33.693	
12478	960.74	33.631	33.728	33.693	
12479	960.84	33.632	33.728	33.694	
12480	960.94	33.632	33.728	33.694	
12481	961.	33.632	33.728	33.694	
12482	961.01	33.632	33.728	33.694	
12483	961.02	33.632	33.728	33.694	
12484	961.05	33.632	33.728	33.694	
12485	961.14	33.632	33.728	33.694	
12486	961.24	33.632	33.729	33.694	
12487	961.34	33.632	33.729	33.694	
12488	961.44	33.633	33.729	33.695	
12489	961.54	33.633	33.729	33.695	
12490	961.64	33.633	33.729	33.695	
12491	961.74	33.633	33.729	33.695	
12492	961.84	33.633	33.729	33.695	
12493	961.94	33.633	33.73	33.695	
12494	962.	33.633	33.73	33.695	
12495	962.01	33.633	33.73	33.695	
12496	962.02	33.633	33.73	33.695	
12497	962.05	33.633	33.73	33.696	
12498	962.14	33.634	33.73	33.696	
12499	962.24	33.634	33.73	33.696	
12500	962.34	33.634	33.73	33.696	
12501	962.44	33.634	33.73	33.696	
12502	962.54	33.634	33.731	33.696	
12503	962.64	33.634	33.731	33.696	
12504	962.74	33.635	33.731	33.697	
12505	962.84	33.635	33.731	33.697	
12506	962.94	33.635	33.731	33.697	
12507	963.	33.635	33.731	33.697	
12508	963.01	33.635	33.731	33.697	
12509	963.02	33.635	33.731	33.697	
12510	963.05	33.635	33.731	33.697	
12511	963.14	33.635	33.731	33.697	
12512	963.24	33.635	33.732	33.697	
12513	963.34	33.635	33.732	33.698	
12514	963.44	33.636	33.732	33.698	
12515	963.54	33.636	33.732	33.698	
12516	963.64	33.636	33.732	33.698	
12517	963.74	33.636	33.732	33.698	
12518	963.84	33.636	33.733	33.698	
12519	963.94	33.636	33.733	33.698	
12520	964.	33.637	33.733	33.699	
12521	964.01	33.637	33.733	33.699	
12522	964.02	33.637	33.733	33.699	
12523	964.05	33.637	33.733	33.699	
12524	964.14	33.637	33.733	33.699	
12525	964.24	33.637	33.733	33.699	
12526	964.34	33.637	33.733	33.699	
12527	964.44	33.637	33.734	33.699	
12528	964.54	33.637	33.734	33.699	
12529	964.64	33.638	33.734	33.7	
12530	964.74	33.638	33.734	33.7	
12531	964.84	33.638	33.734	33.7	
12532	964.94	33.638	33.734	33.7	
12533	965.	33.638	33.734	33.7	
12534	965.01	33.638	33.734	33.7	
12535	965.02	33.638	33.734	33.7	
12536	965.05	33.638	33.734	33.7	
12537	965.14	33.638	33.735	33.7	
12538	965.24	33.638	33.735	33.7	
12539	965.34	33.639	33.735	33.701	
12540	965.44	33.639	33.735	33.701	
12541	965.54	33.639	33.735	33.701	
12542	965.64	33.639	33.735	33.701	
12543	965.74	33.639	33.736	33.701	
12544	965.84	33.639	33.736	33.701	
12545	965.94	33.64	33.736	33.702	
12546	966.	33.64	33.736	33.702	
12547	966.01	33.64	33.736	33.702	
12548	966.02	33.64	33.736	33.702	
12549	966.05	33.64	33.736	33.702	
12550	966.14	33.64	33.736	33.702	
12551	966.24	33.64	33.736	33.702	
12552	966.34	33.64	33.736	33.702	
12553	966.44	33.64	33.737	33.702	
12554	966.54	33.64	33.737	33.703	
12555	966.64	33.641	33.737	33.703	
12556	966.74	33.641	33.737	33.703	
12557	966.84	33.641	33.737	33.703	
12558	966.94	33.641	33.737	33.703	
12559	967.	33.641	33.738	33.703	
12560	967.01	33.641	33.738	33.703	
12561	967.02	33.641	33.738	33.703	
12562	967.05	33.641	33.738	33.703	
12563	967.14	33.641	33.738	33.703	
12564	967.24	33.642	33.738	33.704	
12565	967.34	33.642	33.738	33.704	
12566	967.44	33.642	33.738	33.704	
12567	967.54	33.642	33.738	33.704	
12568	967.64	33.642	33.739	33.704	
12569	967.74	33.642	33.739	33.704	
12570	967.84	33.642	33.739	33.705	
12571	967.94	33.643	33.739	33.705	
12572	968.	33.643	33.739	33.705	
12573	968.01	33.643	33.739	33.705	
12574	968.02	33.643	33.739	33.705	
12575	968.05	33.643	33.739	33.705	
12576	968.14	33.643	33.739	33.705	
12577	968.24	33.643	33.739	33.705	
12578	968.34	33.643	33.74	33.705	
12579	968.44	33.643	33.74	33.705	
12580	968.54	33.644	33.74	33.706	
12581	968.64	33.644	33.74	33.706	
12582	968.74	33.644	33.74	33.706	
12583	968.84	33.644	33.74	33.706	
12584	968.94	33.644	33.741	33.706	
12585	969.	33.644	33.741	33.706	
12586	969.01	33.644	33.741	33.706	
12587	969.02	33.644	33.741	33.706	
12588	969.05	33.644	33.741	33.706	
12589	969.14	33.644	33.741	33.707	
12590	969.24	33.645	33.741	33.707	
12591	969.34	33.645	33.741	33.707	
12592	969.44	33.645	33.741	33.707	
12593	969.54	33.645	33.741	33.707	
12594	969.64	33.645	33.742	33.707	
12595	969.74	33.645	33.742	33.707	
12596	969.84	33.646	33.742	33.708	
12597	969.94	33.646	33.742	33.708	
12598	970.	33.646	33.742	33.708	
12599	970.01	33.646	33.742	33.708	
12600	970.02	33.646	33.742	33.708	
12601	970.05	33.646	33.742	33.708	
12602	970.14	33.646	33.742	33.708	
12603	970.24	33.646	33.743	33.708	
12604	970.34	33.646	33.743	33.708	
12605	970.44	33.646	33.743	33.709	
12606	970.54	33.647	33.743	33.709	
12607	970.64	33.647	33.743	33.709	
12608	970.74	33.647	33.743	33.709	
12609	970.84	33.647	33.743	33.709	
12610	970.94	33.647	33.744	33.709	
12611	971.	33.647	33.744	33.709	
12612	971.01	33.647	33.744	33.709	
12613	971.02	33.647	33.744	33.709	
12614	971.05	33.647	33.744	33.71	
12615	971.14	33.648	33.744	33.71	
12616	971.24	33.648	33.744	33.71	
12617	971.34	33.648	33.744	33.71	
12618	971.44	33.648	33.744	33.71	
12619	971.54	33.648	33.745	33.71	
12620	971.64	33.648	33.745	33.71	
12621	971.74	33.648	33.745	33.711	
12622	971.84	33.649	33.745	33.711	
12623	971.94	33.649	33.745	33.711	
12624	972.	33.649	33.745	33.711	
12625	972.01	33.649	33.745	33.711	
12626	972.02	33.649	33.745	33.711	
12627	972.05	33.649	33.745	33.711	
12628	972.14	33.649	33.746	33.711	
12629	972.24	33.649	33.746	33.711	
12630	972.34	33.649	33.746	33.712	
12631	972.44	33.65	33.746	33.712	
12632	972.54	33.65	33.746	33.712	
12633	972.64	33.65	33.746	33.712	
12634	972.74	33.65	33.746	33.712	
12635	972.84	33.65	33.747	33.712	
12636	972.94	33.65	33.747	33.712	
12637	973.	33.65	33.747	33.713	
12638	973.01	33.65	33.747	33.713	
12639	973.02	33.65	33.747	33.713	
12640	973.05	33.651	33.747	33.713	
12641	973.14	33.651	33.747	33.713	
12642	973.24	33.651	33.747	33.713	
12643	973.34	33.651	33.747	33.713	
12644	973.44	33.651	33.748	33.713	
12645	973.54	33.651	33.748	33.713	
12646	973.64	33.651	33.748	33.714	
12647	973.74	33.652	33.748	33.714	
12648	973.84	33.652	33.748	33.714	
12649	973.94	33.652	33.748	33.714	
12650	974.	33.652	33.748	33.714	
12651	974.01	33.652	33.748	33.714	
12652	974.02	33.652	33.748	33.714	
12653	974.05	33.652	33.749	33.714	
12654	974.14	33.652	33.749	33.714	
12655	974.24	33.652	33.749	33.714	
12656	974.34	33.653	33.749	33.715	
12657	974.44	33.653	33.749	33.715	
12658	974.54	33.653	33.749	33.715	
12659	974.64	33.653	33.749	33.715	
12660	974.74	33.653	33.75	33.715	
12661	974.84	33.653	33.75	33.715	
12662	974.94	33.653	33.75	33.716	
12663	975.	33.654	33.75	33.716	
12664	975.01	33.654	33.75	33.716	
12665	975.02	33.654	33.75	33.716	
12666	975.05	33.654	33.75	33.716	
12667	975.14	33.654	33.75	33.716	
12668	975.24	33.654	33.75	33.716	
12669	975.34	33.654	33.751	33.716	
12670	975.44	33.654	33.751	33.716	
12671	975.54	33.654	33.751	33.717	
12672	975.64	33.655	33.751	33.717	
12673	975.74	33.655	33.751	33.717	
12674	975.84	33.655	33.751	33.717	
12675	975.94	33.655	33.751	33.717	
12676	976.	33.655	33.752	33.717	
12677	976.01	33.655	33.752	33.717	
12678	976.02	33.655	33.752	33.717	
12679	976.05	33.655	33.752	33.717	
12680	976.14	33.655	33.752	33.717	
12681	976.24	33.655	33.752	33.718	
12682	976.34	33.656	33.752	33.718	
12683	976.44	33.656	33.752	33.718	
12684	976.54	33.656	33.752	33.718	
12685	976.64	33.656	33.753	33.718	
12686	976.74	33.656	33.753	33.718	
12687	976.84	33.656	33.753	33.719	
12688	976.94	33.657	33.753	33.719	
12689	977.	33.657	33.753	33.719	
12690	977.01	33.657	33.753	33.719	
12691	977.02	33.657	33.753	33.719	
12692	977.05	33.657	33.753	33.719	
12693	977.14	33.657	33.753	33.719	
12694	977.24	33.657	33.753	33.719	
12695	977.34	33.657	33.754	33.719	
12696	977.44	33.657	33.754	33.719	
12697	977.54	33.657	33.754	33.72	
12698	977.64	33.658	33.754	33.72	
12699	977.74	33.658	33.754	33.72	
12700	977.84	33.658	33.754	33.72	
12701	977.94	33.658	33.755	33.72	
12702	978.	33.658	33.755	33.72	
12703	978.01	33.658	33.755	33.72	
12704	978.02	33.658	33.755	33.72	
12705	978.05	33.658	33.755	33.72	
12706	978.14	33.658	33.755	33.721	
12707	978.24	33.659	33.755	33.721	
12708	978.34	33.659	33.755	33.721	
12709	978.44	33.659	33.755	33.721	
12710	978.54	33.659	33.756	33.721	
12711	978.64	33.659	33.756	33.721	
12712	978.74	33.659	33.756	33.721	
12713	978.84	33.659	33.756	33.722	
12714	978.94	33.66	33.756	33.722	
12715	979.	33.66	33.756	33.722	
12716	979.01	33.66	33.756	33.722	
12717	979.02	33.66	33.756	33.722	
12718	979.05	33.66	33.756	33.722	
12719	979.14	33.66	33.756	33.722	
12720	979.24	33.66	33.757	33.722	
12721	979.34	33.66	33.757	33.722	
12722	979.44	33.66	33.757	33.723	
12723	979.54	33.661	33.757	33.723	
12724	979.64	33.661	33.757	33.723	
12725	979.74	33.661	33.757	33.723	
12726	979.84	33.661	33.758	33.723	
12727	979.94	33.661	33.758	33.723	
12728	980.	33.661	33.758	33.723	
12729	980.01	33.661	33.758	33.723	
12730	980.02	33.661	33.758	33.723	
12731	980.05	33.661	33.758	33.724	
12732	980.14	33.662	33.758	33.724	
12733	980.24	33.662	33.758	33.724	
12734	980.34	33.662	33.758	33.724	
12735	980.44	33.662	33.758	33.724	
12736	980.54	33.662	33.759	33.724	
12737	980.64	33.662	33.759	33.724	
12738	980.74	33.662	33.759	33.725	
12739	980.84	33.663	33.759	33.725	
12740	980.94	33.663	33.759	33.725	
12741	981.	33.663	33.759	33.725	
12742	981.01	33.663	33.759	33.725	
12743	981.02	33.663	33.759	33.725	
12744	981.05	33.663	33.759	33.725	
12745	981.14	33.663	33.76	33.725	
12746	981.24	33.663	33.76	33.725	
12747	981.34	33.663	33.76	33.726	
12748	981.44	33.664	33.76	33.726	
12749	981.54	33.664	33.76	33.726	
12750	981.64	33.664	33.76	33.726	
12751	981.74	33.664	33.76	33.726	
12752	981.84	33.664	33.761	33.726	
12753	981.94	33.664	33.761	33.726	
12754	982.	33.664	33.761	33.727	
12755	982.01	33.664	33.761	33.727	
12756	982.02	33.664	33.761	33.727	
12757	982.05	33.664	33.761	33.727	
12758	982.14	33.665	33.761	33.727	
12759	982.24	33.665	33.761	33.727	
12760	982.34	33.665	33.761	33.727	
12761	982.44	33.665	33.762	33.727	
12762	982.54	33.665	33.762	33.727	
12763	982.64	33.665	33.762	33.728	
12764	982.74	33.666	33.762	33.728	
12765	982.84	33.666	33.762	33.728	
12766	982.94	33.666	33.762	33.728	
12767	983.	33.666	33.762	33.728	
12768	983.01	33.666	33.762	33.728	
12769	983.02	33.666	33.762	33.728	
12770	983.05	33.666	33.763	33.728	
12771	983.14	33.666	33.763	33.728	
12772	983.24	33.666	33.763	33.728	
12773	983.34	33.666	33.763	33.729	
12774	983.44	33.667	33.763	33.729	
12775	983.54	33.667	33.763	33.729	
12776	983.64	33.667	33.763	33.729	
12777	983.74	33.667	33.764	33.729	
12778	983.84	33.667	33.764	33.729	
12779	983.94	33.667	33.764	33.73	
12780	984.	33.667	33.764	33.73	
12781	984.01	33.667	33.764	33.73	
12782	984.02	33.668	33.764	33.73	
12783	984.05	33.668	33.764	33.73	
12784	984.14	33.668	33.764	33.73	
12785	984.24	33.668	33.764	33.73	
12786	984.34	33.668	33.765	33.73	
12787	984.44	33.668	33.765	33.73	
12788	984.54	33.668	33.765	33.731	
12789	984.64	33.668	33.765	33.731	
12790	984.74	33.669	33.765	33.731	
12791	984.84	33.669	33.765	33.731	
12792	984.94	33.669	33.765	33.731	
12793	985.	33.669	33.766	33.731	
12794	985.01	33.669	33.766	33.731	
12795	985.02	33.669	33.766	33.731	
12796	985.05	33.669	33.766	33.731	
12797	985.14	33.669	33.766	33.731	
12798	985.24	33.669	33.766	33.732	
12799	985.34	33.67	33.766	33.732	
12800	985.44	33.67	33.766	33.732	
12801	985.54	33.67	33.766	33.732	
12802	985.64	33.67	33.767	33.732	
12803	985.74	33.67	33.767	33.732	
12804	985.84	33.67	33.767	33.733	
12805	985.94	33.67	33.767	33.733	
12806	986.	33.671	33.767	33.733	
12807	986.01	33.671	33.767	33.733	
12808	986.02	33.671	33.767	33.733	
12809	986.05	33.671	33.767	33.733	
12810	986.14	33.671	33.767	33.733	
12811	986.24	33.671	33.768	33.733	
12812	986.34	33.671	33.768	33.733	
12813	986.44	33.671	33.768	33.733	
12814	986.54	33.671	33.768	33.734	
12815	986.64	33.672	33.768	33.734	
12816	986.74	33.672	33.768	33.734	
12817	986.84	33.672	33.768	33.734	
12818	986.94	33.672	33.769	33.734	
12819	987.	33.672	33.769	33.734	
12820	987.01	33.672	33.769	33.734	
12821	987.02	33.672	33.769	33.734	
12822	987.05	33.672	33.769	33.734	
12823	987.14	33.672	33.769	33.735	
12824	987.24	33.672	33.769	33.735	
12825	987.34	33.673	33.769	33.735	
12826	987.44	33.673	33.769	33.735	
12827	987.54	33.673	33.77	33.735	
12828	987.64	33.673	33.77	33.735	
12829	987.74	33.673	33.77	33.735	
12830	987.84	33.673	33.77	33.736	
12831	987.94	33.674	33.77	33.736	
12832	988.	33.674	33.77	33.736	
12833	988.01	33.674	33.77	33.736	
12834	988.02	33.674	33.77	33.736	
12835	988.05	33.674	33.77	33.736	
12836	988.14	33.674	33.77	33.736	
12837	988.24	33.674	33.771	33.736	
12838	988.34	33.674	33.771	33.736	
12839	988.44	33.674	33.771	33.737	
12840	988.54	33.675	33.771	33.737	
12841	988.64	33.675	33.771	33.737	
12842	988.74	33.675	33.771	33.737	
12843	988.84	33.675	33.772	33.737	
12844	988.94	33.675	33.772	33.737	
12845	989.	33.675	33.772	33.737	
12846	989.01	33.675	33.772	33.737	
12847	989.02	33.675	33.772	33.737	
12848	989.05	33.675	33.772	33.738	
12849	989.14	33.675	33.772	33.738	
12850	989.24	33.676	33.772	33.738	
12851	989.34	33.676	33.772	33.738	
12852	989.44	33.676	33.773	33.738	
12853	989.54	33.676	33.773	33.738	
12854	989.64	33.676	33.773	33.738	
12855	989.74	33.676	33.773	33.739	
12856	989.84	33.677	33.773	33.739	
12857	989.94	33.677	33.773	33.739	
12858	990.	33.677	33.773	33.739	
12859	990.01	33.677	33.773	33.739	
12860	990.02	33.677	33.773	33.739	
12861	990.05	33.677	33.773	33.739	
12862	990.14	33.677	33.774	33.739	
12863	990.24	33.677	33.774	33.739	
12864	990.34	33.677	33.774	33.74	
12865	990.44	33.677	33.774	33.74	
12866	990.54	33.678	33.774	33.74	
12867	990.64	33.678	33.774	33.74	
12868	990.74	33.678	33.775	33.74	
12869	990.84	33.678	33.775	33.74	
12870	990.94	33.678	33.775	33.74	
12871	991.	33.678	33.775	33.741	
12872	991.01	33.678	33.775	33.741	
12873	991.02	33.678	33.775	33.741	
12874	991.05	33.678	33.775	33.741	
12875	991.14	33.679	33.775	33.741	
12876	991.24	33.679	33.775	33.741	
12877	991.34	33.679	33.775	33.741	
12878	991.44	33.679	33.776	33.741	
12879	991.54	33.679	33.776	33.741	
12880	991.64	33.679	33.776	33.742	
12881	991.74	33.679	33.776	33.742	
12882	991.84	33.68	33.776	33.742	
12883	991.94	33.68	33.776	33.742	
12884	992.	33.68	33.776	33.742	
12885	992.01	33.68	33.777	33.742	
12886	992.02	33.68	33.777	33.742	
12887	992.05	33.68	33.777	33.742	
12888	992.14	33.68	33.777	33.742	
12889	992.24	33.68	33.777	33.742	
12890	992.34	33.68	33.777	33.743	
12891	992.44	33.681	33.777	33.743	
12892	992.54	33.681	33.777	33.743	
12893	992.64	33.681	33.777	33.743	
12894	992.74	33.681	33.778	33.743	
12895	992.84	33.681	33.778	33.743	
12896	992.94	33.681	33.778	33.744	
12897	993.	33.681	33.778	33.744	
12898	993.01	33.681	33.778	33.744	
12899	993.02	33.681	33.778	33.744	
12900	993.05	33.681	33.778	33.744	
12901	993.14	33.682	33.778	33.744	
12902	993.24	33.682	33.778	33.744	
12903	993.34	33.682	33.779	33.744	
12904	993.44	33.682	33.779	33.744	
12905	993.54	33.682	33.779	33.745	
12906	993.64	33.682	33.779	33.745	
12907	993.74	33.683	33.779	33.745	
12908	993.84	33.683	33.779	33.745	
12909	993.94	33.683	33.78	33.745	
12910	994.	33.683	33.78	33.745	
12911	994.01	33.683	33.78	33.745	
12912	994.02	33.683	33.78	33.745	
12913	994.05	33.683	33.78	33.745	
12914	994.14	33.683	33.78	33.745	
12915	994.24	33.683	33.78	33.746	
12916	994.34	33.683	33.78	33.746	
12917	994.44	33.684	33.78	33.746	
12918	994.54	33.684	33.78	33.746	
12919	994.64	33.684	33.781	33.746	
12920	994.74	33.684	33.781	33.746	
12921	994.84	33.684	33.781	33.747	
12922	994.94	33.684	33.781	33.747	
12923	995.	33.685	33.781	33.747	
12924	995.01	33.685	33.781	33.747	
12925	995.02	33.685	33.781	33.747	
12926	995.05	33.685	33.781	33.747	
12927	995.14	33.685	33.781	33.747	
12928	995.24	33.685	33.782	33.747	
12929	995.34	33.685	33.782	33.747	
12930	995.44	33.685	33.782	33.747	
12931	995.54	33.685	33.782	33.748	
12932	995.64	33.685	33.782	33.748	
12933	995.74	33.686	33.782	33.748	
12934	995.84	33.686	33.782	33.748	
12935	995.94	33.686	33.783	33.748	
12936	996.	33.686	33.783	33.748	
12937	996.01	33.686	33.783	33.748	
12938	996.02	33.686	33.783	33.748	
12939	996.05	33.686	33.783	33.748	
12940	996.14	33.686	33.783	33.749	
12941	996.24	33.686	33.783	33.749	
12942	996.34	33.687	33.783	33.749	
12943	996.44	33.687	33.783	33.749	
12944	996.54	33.687	33.784	33.749	
12945	996.64	33.687	33.784	33.749	
12946	996.74	33.687	33.784	33.749	
12947	996.84	33.687	33.784	33.75	
12948	996.94	33.688	33.784	33.75	
12949	997.	33.688	33.784	33.75	
12950	997.01	33.688	33.784	33.75	
12951	997.02	33.688	33.784	33.75	
12952	997.05	33.688	33.784	33.75	
12953	997.14	33.688	33.785	33.75	
12954	997.24	33.688	33.785	33.75	
12955	997.34	33.688	33.785	33.75	
12956	997.44	33.688	33.785	33.751	
12957	997.54	33.688	33.785	33.751	
12958	997.64	33.689	33.785	33.751	
12959	997.74	33.689	33.785	33.751	
12960	997.84	33.689	33.786	33.751	
12961	997.94	33.689	33.786	33.751	
12962	998.	33.689	33.786	33.751	
12963	998.01	33.689	33.786	33.751	
12964	998.02	33.689	33.786	33.751	
12965	998.05	33.689	33.786	33.752	
12966	998.14	33.689	33.786	33.752	
12967	998.24	33.69	33.786	33.752	
12968	998.34	33.69	33.786	33.752	
12969	998.44	33.69	33.787	33.752	
12970	998.54	33.69	33.787	33.752	
12971	998.64	33.69	33.787	33.752	
12972	998.74	33.69	33.787	33.753	
12973	998.84	33.69	33.787	33.753	
12974	998.94	33.691	33.787	33.753	
12975	999.	33.691	33.787	33.753	
12976	999.01	33.691	33.787	33.753	
12977	999.02	33.691	33.787	33.753	
12978	999.05	33.691	33.787	33.753	
12979	999.14	33.691	33.788	33.753	
12980	999.24	33.691	33.788	33.753	
12981	999.34	33.691	33.788	33.754	
12982	999.44	33.691	33.788	33.754	
12983	999.54	33.692	33.788	33.754	
12984	999.64	33.692	33.788	33.754	
12985	999.74	33.692	33.789	33.754	
12986	999.84	33.692	33.789	33.754	
12987	999.94	33.692	33.789	33.754	
12988	1000.	33.692	33.789	33.755	
12989	1000.	33.692	33.789	33.755	
12990	1000.	33.692	33.789	33.755	
12991	1000.	33.692	33.789	33.755	
12992	1000.1	33.692	33.789	33.755	
12993	1000.2	33.693	33.789	33.755	
12994	1000.3	33.693	33.79	33.755	
12995	1000.4	33.693	33.79	33.755	
12996	1000.5	33.693	33.79	33.755	
12997	1000.6	33.693	33.79	33.756	
12998	1000.7	33.693	33.79	33.756	
12999	1000.8	33.694	33.79	33.756	
13000	1000.9	33.694	33.79	33.756	
13001	1001.	33.694	33.791	33.756	
13002	1001.	33.694	33.791	33.756	
13003	1001.	33.694	33.791	33.756	
13004	1001.	33.694	33.791	33.756	
13005	1001.1	33.694	33.791	33.756	
13006	1001.2	33.694	33.791	33.756	
13007	1001.3	33.694	33.791	33.757	
13008	1001.4	33.694	33.791	33.757	
13009	1001.5	33.695	33.791	33.757	
13010	1001.6	33.695	33.792	33.757	
13011	1001.7	33.695	33.792	33.757	
13012	1001.8	33.695	33.792	33.757	
13013	1001.9	33.695	33.792	33.758	
13014	1002.	33.695	33.792	33.758	
13015	1002.	33.695	33.792	33.758	
13016	1002.	33.695	33.792	33.758	
13017	1002.	33.695	33.792	33.758	
13018	1002.1	33.696	33.792	33.758	
13019	1002.2	33.696	33.792	33.758	
13020	1002.3	33.696	33.793	33.758	
13021	1002.4	33.696	33.793	33.758	
13022	1002.5	33.696	33.793	33.759	
13023	1002.6	33.696	33.793	33.759	
13024	1002.7	33.696	33.793	33.759	
13025	1002.8	33.697	33.793	33.759	
13026	1002.9	33.697	33.794	33.759	
13027	1003.	33.697	33.794	33.759	
13028	1003.	33.697	33.794	33.759	
13029	1003.	33.697	33.794	33.759	
13030	1003.	33.697	33.794	33.759	
13031	1003.1	33.697	33.794	33.759	
13032	1003.2	33.697	33.794	33.76	
13033	1003.3	33.697	33.794	33.76	
13034	1003.4	33.698	33.794	33.76	
13035	1003.5	33.698	33.794	33.76	
13036	1003.6	33.698	33.795	33.76	
13037	1003.7	33.698	33.795	33.76	
13038	1003.8	33.698	33.795	33.761	
13039	1003.9	33.698	33.795	33.761	
13040	1004.	33.698	33.795	33.761	
13041	1004.	33.698	33.795	33.761	
13042	1004.	33.698	33.795	33.761	
13043	1004.	33.699	33.795	33.761	
13044	1004.1	33.699	33.795	33.761	
13045	1004.2	33.699	33.796	33.761	
13046	1004.3	33.699	33.796	33.761	
13047	1004.4	33.699	33.796	33.761	
13048	1004.5	33.699	33.796	33.762	
13049	1004.6	33.699	33.796	33.762	
13050	1004.7	33.7	33.796	33.762	
13051	1004.8	33.7	33.797	33.762	
13052	1004.9	33.7	33.797	33.762	
13053	1005.	33.7	33.797	33.762	
13054	1005.	33.7	33.797	33.762	
13055	1005.	33.7	33.797	33.762	
13056	1005.	33.7	33.797	33.762	
13057	1005.1	33.7	33.797	33.763	
13058	1005.2	33.7	33.797	33.763	
13059	1005.3	33.701	33.797	33.763	
13060	1005.4	33.701	33.797	33.763	
13061	1005.5	33.701	33.798	33.763	
13062	1005.6	33.701	33.798	33.763	
13063	1005.7	33.701	33.798	33.763	
13064	1005.8	33.701	33.798	33.764	
13065	1005.9	33.701	33.798	33.764	
13066	1006.	33.702	33.798	33.764	
13067	1006.	33.702	33.798	33.764	
13068	1006.	33.702	33.798	33.764	
13069	1006.	33.702	33.798	33.764	
13070	1006.1	33.702	33.799	33.764	
13071	1006.2	33.702	33.799	33.764	
13072	1006.3	33.702	33.799	33.764	
13073	1006.4	33.702	33.799	33.765	
13074	1006.5	33.702	33.799	33.765	
13075	1006.6	33.703	33.799	33.765	
13076	1006.7	33.703	33.799	33.765	
13077	1006.8	33.703	33.8	33.765	
13078	1006.9	33.703	33.8	33.765	
13079	1007.	33.703	33.8	33.765	
13080	1007.	33.703	33.8	33.765	
13081	1007.	33.703	33.8	33.765	
13082	1007.	33.703	33.8	33.766	
13083	1007.1	33.703	33.8	33.766	
13084	1007.2	33.703	33.8	33.766	
13085	1007.3	33.704	33.8	33.766	
13086	1007.4	33.704	33.801	33.766	
13087	1007.5	33.704	33.801	33.766	
13088	1007.6	33.704	33.801	33.766	
13089	1007.7	33.704	33.801	33.767	
13090	1007.8	33.704	33.801	33.767	
13091	1007.9	33.705	33.801	33.767	
13092	1008.	33.705	33.801	33.767	
13093	1008.	33.705	33.801	33.767	
13094	1008.	33.705	33.801	33.767	
13095	1008.	33.705	33.802	33.767	
13096	1008.1	33.705	33.802	33.767	
13097	1008.2	33.705	33.802	33.767	
13098	1008.3	33.705	33.802	33.768	
13099	1008.4	33.705	33.802	33.768	
13100	1008.5	33.705	33.802	33.768	
13101	1008.6	33.706	33.802	33.768	
13102	1008.7	33.706	33.803	33.768	
13103	1008.8	33.706	33.803	33.768	
13104	1008.9	33.706	33.803	33.768	
13105	1009.	33.706	33.803	33.769	
13106	1009.	33.706	33.803	33.769	
13107	1009.	33.706	33.803	33.769	
13108	1009.	33.706	33.803	33.769	
13109	1009.1	33.706	33.803	33.769	
13110	1009.2	33.707	33.803	33.769	
13111	1009.3	33.707	33.804	33.769	
13112	1009.4	33.707	33.804	33.769	
13113	1009.5	33.707	33.804	33.769	
13114	1009.6	33.707	33.804	33.77	
13115	1009.7	33.707	33.804	33.77	
13116	1009.8	33.707	33.804	33.77	
13117	1009.9	33.708	33.804	33.77	
13118	1010.	33.708	33.805	33.77	
13119	1010.	33.708	33.805	33.77	
13120	1010.	33.708	33.805	33.77	
13121	1010.	33.708	33.805	33.77	
13122	1010.1	33.708	33.805	33.77	
13123	1010.2	33.708	33.805	33.77	
13124	1010.3	33.708	33.805	33.771	
13125	1010.4	33.708	33.805	33.771	
13126	1010.5	33.709	33.805	33.771	
13127	1010.6	33.709	33.806	33.771	
13128	1010.7	33.709	33.806	33.771	
13129	1010.8	33.709	33.806	33.771	
13130	1010.9	33.709	33.806	33.772	
13131	1011.	33.709	33.806	33.772	
13132	1011.	33.709	33.806	33.772	
13133	1011.	33.709	33.806	33.772	
13134	1011.	33.709	33.806	33.772	
13135	1011.1	33.709	33.806	33.772	
13136	1011.2	33.71	33.806	33.772	
13137	1011.3	33.71	33.807	33.772	
13138	1011.4	33.71	33.807	33.772	
13139	1011.5	33.71	33.807	33.773	
13140	1011.6	33.71	33.807	33.773	
13141	1011.7	33.71	33.807	33.773	
13142	1011.8	33.711	33.807	33.773	
13143	1011.9	33.711	33.808	33.773	
13144	1012.	33.711	33.808	33.773	
13145	1012.	33.711	33.808	33.773	
13146	1012.	33.711	33.808	33.773	
13147	1012.	33.711	33.808	33.773	
13148	1012.1	33.711	33.808	33.773	
13149	1012.2	33.711	33.808	33.774	
13150	1012.3	33.711	33.808	33.774	
13151	1012.4	33.712	33.808	33.774	
13152	1012.5	33.712	33.809	33.774	
13153	1012.6	33.712	33.809	33.774	
13154	1012.7	33.712	33.809	33.774	
13155	1012.8	33.712	33.809	33.775	
13156	1012.9	33.712	33.809	33.775	
13157	1013.	33.712	33.809	33.775	
13158	1013.	33.712	33.809	33.775	
13159	1013.	33.712	33.809	33.775	
13160	1013.	33.712	33.809	33.775	
13161	1013.1	33.713	33.809	33.775	
13162	1013.2	33.713	33.81	33.775	
13163	1013.3	33.713	33.81	33.775	
13164	1013.4	33.713	33.81	33.775	
13165	1013.5	33.713	33.81	33.776	
13166	1013.6	33.713	33.81	33.776	
13167	1013.7	33.714	33.81	33.776	
13168	1013.8	33.714	33.811	33.776	
13169	1013.9	33.714	33.811	33.776	
13170	1014.	33.714	33.811	33.776	
13171	1014.	33.714	33.811	33.776	
13172	1014.	33.714	33.811	33.776	
13173	1014.	33.714	33.811	33.776	
13174	1014.1	33.714	33.811	33.777	
13175	1014.2	33.714	33.811	33.777	
13176	1014.3	33.714	33.811	33.777	
13177	1014.4	33.715	33.811	33.777	
13178	1014.5	33.715	33.812	33.777	
13179	1014.6	33.715	33.812	33.777	
13180	1014.7	33.715	33.812	33.777	
13181	1014.8	33.715	33.812	33.778	
13182	1014.9	33.715	33.812	33.778	
13183	1015.	33.715	33.812	33.778	
13184	1015.	33.715	33.812	33.778	
13185	1015.	33.715	33.812	33.778	
13186	1015.	33.716	33.812	33.778	
13187	1015.1	33.716	33.813	33.778	
13188	1015.2	33.716	33.813	33.778	
13189	1015.3	33.716	33.813	33.778	
13190	1015.4	33.716	33.813	33.779	
13191	1015.5	33.716	33.813	33.779	
13192	1015.6	33.716	33.813	33.779	
13193	1015.7	33.717	33.814	33.779	
13194	1015.8	33.717	33.814	33.779	
13195	1015.9	33.717	33.814	33.779	
13196	1016.	33.717	33.814	33.779	
13197	1016.	33.717	33.814	33.779	
13198	1016.	33.717	33.814	33.779	
13199	1016.	33.717	33.814	33.78	
13200	1016.1	33.717	33.814	33.78	
13201	1016.2	33.717	33.814	33.78	
13202	1016.3	33.718	33.814	33.78	
13203	1016.4	33.718	33.815	33.78	
13204	1016.5	33.718	33.815	33.78	
13205	1016.6	33.718	33.815	33.78	
13206	1016.7	33.718	33.815	33.781	
13207	1016.8	33.718	33.815	33.781	
13208	1016.9	33.718	33.815	33.781	
13209	1017.	33.719	33.815	33.781	
13210	1017.	33.719	33.815	33.781	
13211	1017.	33.719	33.816	33.781	
13212	1017.	33.719	33.816	33.781	
13213	1017.1	33.719	33.816	33.781	
13214	1017.2	33.719	33.816	33.781	
13215	1017.3	33.719	33.816	33.782	
13216	1017.4	33.719	33.816	33.782	
13217	1017.5	33.719	33.816	33.782	
13218	1017.6	33.72	33.816	33.782	
13219	1017.7	33.72	33.817	33.782	
13220	1017.8	33.72	33.817	33.782	
13221	1017.9	33.72	33.817	33.782	
13222	1018.	33.72	33.817	33.783	
13223	1018.	33.72	33.817	33.783	
13224	1018.	33.72	33.817	33.783	
13225	1018.	33.72	33.817	33.783	
13226	1018.1	33.72	33.817	33.783	
13227	1018.2	33.72	33.817	33.783	
13228	1018.3	33.721	33.818	33.783	
13229	1018.4	33.721	33.818	33.783	
13230	1018.5	33.721	33.818	33.783	
13231	1018.6	33.721	33.818	33.784	
13232	1018.7	33.721	33.818	33.784	
13233	1018.8	33.721	33.818	33.784	
13234	1018.9	33.722	33.819	33.784	
13235	1019.	33.722	33.819	33.784	
13236	1019.	33.722	33.819	33.784	
13237	1019.	33.722	33.819	33.784	
13238	1019.	33.722	33.819	33.784	
13239	1019.1	33.722	33.819	33.784	
13240	1019.2	33.722	33.819	33.784	
13241	1019.3	33.722	33.819	33.785	
13242	1019.4	33.722	33.819	33.785	
13243	1019.5	33.722	33.819	33.785	
13244	1019.6	33.723	33.82	33.785	
13245	1019.7	33.723	33.82	33.785	
13246	1019.8	33.723	33.82	33.785	
13247	1019.9	33.723	33.82	33.786	
13248	1020.	33.723	33.82	33.786	
13249	1020.	33.723	33.82	33.786	
13250	1020.	33.723	33.82	33.786	
13251	1020.	33.723	33.82	33.786	
13252	1020.1	33.723	33.82	33.786	
13253	1020.2	33.724	33.821	33.786	
13254	1020.3	33.724	33.821	33.786	
13255	1020.4	33.724	33.821	33.786	
13256	1020.5	33.724	33.821	33.787	
13257	1020.6	33.724	33.821	33.787	
13258	1020.7	33.724	33.821	33.787	
13259	1020.8	33.725	33.821	33.787	
13260	1020.9	33.725	33.822	33.787	
13261	1021.	33.725	33.822	33.787	
13262	1021.	33.725	33.822	33.787	
13263	1021.	33.725	33.822	33.787	
13264	1021.	33.725	33.822	33.787	
13265	1021.1	33.725	33.822	33.787	
13266	1021.2	33.725	33.822	33.788	
13267	1021.3	33.725	33.822	33.788	
13268	1021.4	33.725	33.822	33.788	
13269	1021.5	33.726	33.823	33.788	
13270	1021.6	33.726	33.823	33.788	
13271	1021.7	33.726	33.823	33.788	
13272	1021.8	33.726	33.823	33.789	
13273	1021.9	33.726	33.823	33.789	
13274	1022.	33.726	33.823	33.789	
13275	1022.	33.726	33.823	33.789	
13276	1022.	33.726	33.823	33.789	
13277	1022.	33.726	33.823	33.789	
13278	1022.1	33.727	33.823	33.789	
13279	1022.2	33.727	33.824	33.789	
13280	1022.3	33.727	33.824	33.789	
13281	1022.4	33.727	33.824	33.789	
13282	1022.5	33.727	33.824	33.79	
13283	1022.6	33.727	33.824	33.79	
13284	1022.7	33.727	33.824	33.79	
13285	1022.8	33.728	33.825	33.79	
13286	1022.9	33.728	33.825	33.79	
13287	1023.	33.728	33.825	33.79	
13288	1023.	33.728	33.825	33.79	
13289	1023.	33.728	33.825	33.79	
13290	1023.	33.728	33.825	33.79	
13291	1023.1	33.728	33.825	33.791	
13292	1023.2	33.728	33.825	33.791	
13293	1023.3	33.728	33.825	33.791	
13294	1023.4	33.729	33.826	33.791	
13295	1023.5	33.729	33.826	33.791	
13296	1023.6	33.729	33.826	33.791	
13297	1023.7	33.729	33.826	33.791	
13298	1023.8	33.729	33.826	33.792	
13299	1023.9	33.729	33.826	33.792	
13300	1024.	33.729	33.826	33.792	
13301	1024.	33.729	33.826	33.792	
13302	1024.	33.729	33.826	33.792	
13303	1024.	33.729	33.826	33.792	
13304	1024.1	33.73	33.827	33.792	
13305	1024.2	33.73	33.827	33.792	
13306	1024.3	33.73	33.827	33.792	
13307	1024.4	33.73	33.827	33.793	
13308	1024.5	33.73	33.827	33.793	
13309	1024.6	33.73	33.827	33.793	
13310	1024.7	33.731	33.828	33.793	
13311	1024.8	33.731	33.828	33.793	
13312	1024.9	33.731	33.828	33.793	
13313	1025.	33.731	33.828	33.793	
13314	1025.	33.731	33.828	33.793	
13315	1025.	33.731	33.828	33.793	
13316	1025.	33.731	33.828	33.794	
13317	1025.1	33.731	33.828	33.794	
13318	1025.2	33.731	33.828	33.794	
13319	1025.3	33.731	33.828	33.794	
13320	1025.4	33.732	33.829	33.794	
13321	1025.5	33.732	33.829	33.794	
13322	1025.6	33.732	33.829	33.794	
13323	1025.7	33.732	33.829	33.795	
13324	1025.8	33.732	33.829	33.795	
13325	1025.9	33.732	33.829	33.795	
13326	1026.	33.732	33.83	33.795	
13327	1026.	33.733	33.83	33.795	
13328	1026.	33.733	33.83	33.795	
13329	1026.	33.733	33.83	33.795	
13330	1026.1	33.733	33.83	33.795	
13331	1026.2	33.733	33.83	33.795	
13332	1026.3	33.733	33.83	33.796	
13333	1026.4	33.733	33.83	33.796	
13334	1026.5	33.733	33.83	33.796	
13335	1026.6	33.733	33.831	33.796	
13336	1026.7	33.734	33.831	33.796	
13337	1026.8	33.734	33.831	33.796	
13338	1026.9	33.734	33.831	33.796	
13339	1027.	33.734	33.831	33.797	
13340	1027.	33.734	33.831	33.797	
13341	1027.	33.734	33.831	33.797	
13342	1027.	33.734	33.831	33.797	
13343	1027.1	33.734	33.831	33.797	
13344	1027.2	33.734	33.831	33.797	
13345	1027.3	33.735	33.832	33.797	
13346	1027.4	33.735	33.832	33.797	
13347	1027.5	33.735	33.832	33.797	
13348	1027.6	33.735	33.832	33.798	
13349	1027.7	33.735	33.832	33.798	
13350	1027.8	33.735	33.832	33.798	
13351	1027.9	33.735	33.833	33.798	
13352	1028.	33.736	33.833	33.798	
13353	1028.	33.736	33.833	33.798	
13354	1028.	33.736	33.833	33.798	
13355	1028.	33.736	33.833	33.798	
13356	1028.1	33.736	33.833	33.798	
13357	1028.2	33.736	33.833	33.798	
13358	1028.3	33.736	33.833	33.799	
13359	1028.4	33.736	33.833	33.799	
13360	1028.5	33.736	33.833	33.799	
13361	1028.6	33.737	33.834	33.799	
13362	1028.7	33.737	33.834	33.799	
13363	1028.8	33.737	33.834	33.799	
13364	1028.9	33.737	33.834	33.8	
13365	1029.	33.737	33.834	33.8	
13366	1029.	33.737	33.834	33.8	
13367	1029.	33.737	33.834	33.8	
13368	1029.	33.737	33.834	33.8	
13369	1029.1	33.737	33.834	33.8	
13370	1029.2	33.738	33.835	33.8	
13371	1029.3	33.738	33.835	33.8	
13372	1029.4	33.738	33.835	33.8	
13373	1029.5	33.738	33.835	33.801	
13374	1029.6	33.738	33.835	33.801	
13375	1029.7	33.738	33.835	33.801	
13376	1029.8	33.738	33.836	33.801	
13377	1029.9	33.739	33.836	33.801	
13378	1030.	33.739	33.836	33.801	
13379	1030.	33.739	33.836	33.801	
13380	1030.	33.739	33.836	33.801	
13381	1030.	33.739	33.836	33.801	
13382	1030.1	33.739	33.836	33.801	
13383	1030.2	33.739	33.836	33.802	
13384	1030.3	33.739	33.836	33.802	
13385	1030.4	33.739	33.836	33.802	
13386	1030.5	33.74	33.837	33.802	
13387	1030.6	33.74	33.837	33.802	
13388	1030.7	33.74	33.837	33.802	
13389	1030.8	33.74	33.837	33.803	
13390	1030.9	33.74	33.837	33.803	
13391	1031.	33.74	33.837	33.803	
13392	1031.	33.74	33.837	33.803	
13393	1031.	33.74	33.837	33.803	
13394	1031.	33.74	33.837	33.803	
13395	1031.1	33.74	33.838	33.803	
13396	1031.2	33.741	33.838	33.803	
13397	1031.3	33.741	33.838	33.803	
13398	1031.4	33.741	33.838	33.803	
13399	1031.5	33.741	33.838	33.804	
13400	1031.6	33.741	33.838	33.804	
13401	1031.7	33.741	33.838	33.804	
13402	1031.8	33.742	33.839	33.804	
13403	1031.9	33.742	33.839	33.804	
13404	1032.	33.742	33.839	33.804	
13405	1032.	33.742	33.839	33.804	
13406	1032.	33.742	33.839	33.804	
13407	1032.	33.742	33.839	33.804	
13408	1032.1	33.742	33.839	33.805	
13409	1032.2	33.742	33.839	33.805	
13410	1032.3	33.742	33.839	33.805	
13411	1032.4	33.742	33.84	33.805	
13412	1032.5	33.743	33.84	33.805	
13413	1032.6	33.743	33.84	33.805	
13414	1032.7	33.743	33.84	33.805	
13415	1032.8	33.743	33.84	33.806	
13416	1032.9	33.743	33.84	33.806	
13417	1033.	33.743	33.84	33.806	
13418	1033.	33.743	33.84	33.806	
13419	1033.	33.743	33.84	33.806	
13420	1033.	33.743	33.841	33.806	
13421	1033.1	33.744	33.841	33.806	
13422	1033.2	33.744	33.841	33.806	
13423	1033.3	33.744	33.841	33.806	
13424	1033.4	33.744	33.841	33.807	
13425	1033.5	33.744	33.841	33.807	
13426	1033.6	33.744	33.841	33.807	
13427	1033.7	33.744	33.842	33.807	
13428	1033.8	33.745	33.842	33.807	
13429	1033.9	33.745	33.842	33.807	
13430	1034.	33.745	33.842	33.807	
13431	1034.	33.745	33.842	33.807	
13432	1034.	33.745	33.842	33.807	
13433	1034.	33.745	33.842	33.808	
13434	1034.1	33.745	33.842	33.808	
13435	1034.2	33.745	33.842	33.808	
13436	1034.3	33.745	33.843	33.808	
13437	1034.4	33.746	33.843	33.808	
13438	1034.5	33.746	33.843	33.808	
13439	1034.6	33.746	33.843	33.808	
13440	1034.7	33.746	33.843	33.809	
13441	1034.8	33.746	33.843	33.809	
13442	1034.9	33.746	33.843	33.809	
13443	1035.	33.746	33.844	33.809	
13444	1035.	33.746	33.844	33.809	
13445	1035.	33.746	33.844	33.809	
13446	1035.	33.746	33.844	33.809	
13447	1035.1	33.747	33.844	33.809	
13448	1035.2	33.747	33.844	33.809	
13449	1035.3	33.747	33.844	33.81	
13450	1035.4	33.747	33.844	33.81	
13451	1035.5	33.747	33.844	33.81	
13452	1035.6	33.747	33.845	33.81	
13453	1035.7	33.748	33.845	33.81	
13454	1035.8	33.748	33.845	33.81	
13455	1035.9	33.748	33.845	33.81	
13456	1036.	33.748	33.845	33.811	
13457	1036.	33.748	33.845	33.811	
13458	1036.	33.748	33.845	33.811	
13459	1036.	33.748	33.845	33.811	
13460	1036.1	33.748	33.845	33.811	
13461	1036.2	33.748	33.845	33.811	
13462	1036.3	33.748	33.846	33.811	
13463	1036.4	33.749	33.846	33.811	
13464	1036.5	33.749	33.846	33.811	
13465	1036.6	33.749	33.846	33.812	
13466	1036.7	33.749	33.846	33.812	
13467	1036.8	33.749	33.846	33.812	
13468	1036.9	33.749	33.847	33.812	
13469	1037.	33.75	33.847	33.812	
13470	1037.	33.75	33.847	33.812	
13471	1037.	33.75	33.847	33.812	
13472	1037.	33.75	33.847	33.812	
13473	1037.1	33.75	33.847	33.812	
13474	1037.2	33.75	33.847	33.812	
13475	1037.3	33.75	33.847	33.813	
13476	1037.4	33.75	33.847	33.813	
13477	1037.5	33.75	33.848	33.813	
13478	1037.6	33.751	33.848	33.813	
13479	1037.7	33.751	33.848	33.813	
13480	1037.8	33.751	33.848	33.813	
13481	1037.9	33.751	33.848	33.814	
13482	1038.	33.751	33.848	33.814	
13483	1038.	33.751	33.848	33.814	
13484	1038.	33.751	33.848	33.814	
13485	1038.	33.751	33.848	33.814	
13486	1038.1	33.751	33.848	33.814	
13487	1038.2	33.751	33.849	33.814	
13488	1038.3	33.752	33.849	33.814	
13489	1038.4	33.752	33.849	33.814	
13490	1038.5	33.752	33.849	33.815	
13491	1038.6	33.752	33.849	33.815	
13492	1038.7	33.752	33.849	33.815	
13493	1038.8	33.752	33.85	33.815	
13494	1038.9	33.753	33.85	33.815	
13495	1039.	33.753	33.85	33.815	
13496	1039.	33.753	33.85	33.815	
13497	1039.	33.753	33.85	33.815	
13498	1039.	33.753	33.85	33.815	
13499	1039.1	33.753	33.85	33.815	
13500	1039.2	33.753	33.85	33.816	
13501	1039.3	33.753	33.85	33.816	
13502	1039.4	33.753	33.85	33.816	
13503	1039.5	33.753	33.851	33.816	
13504	1039.6	33.754	33.851	33.816	
13505	1039.7	33.754	33.851	33.816	
13506	1039.8	33.754	33.851	33.817	
13507	1039.9	33.754	33.851	33.817	
13508	1040.	33.754	33.851	33.817	
13509	1040.	33.754	33.851	33.817	
13510	1040.	33.754	33.851	33.817	
13511	1040.	33.754	33.851	33.817	
13512	1040.1	33.754	33.852	33.817	
13513	1040.2	33.755	33.852	33.817	
13514	1040.3	33.755	33.852	33.817	
13515	1040.4	33.755	33.852	33.817	
13516	1040.5	33.755	33.852	33.818	
13517	1040.6	33.755	33.852	33.818	
13518	1040.7	33.755	33.853	33.818	
13519	1040.8	33.755	33.853	33.818	
13520	1040.9	33.756	33.853	33.818	
13521	1041.	33.756	33.853	33.818	
13522	1041.	33.756	33.853	33.818	
13523	1041.	33.756	33.853	33.818	
13524	1041.	33.756	33.853	33.818	
13525	1041.1	33.756	33.853	33.819	
13526	1041.2	33.756	33.853	33.819	
13527	1041.3	33.756	33.853	33.819	
13528	1041.4	33.756	33.854	33.819	
13529	1041.5	33.757	33.854	33.819	
13530	1041.6	33.757	33.854	33.819	
13531	1041.7	33.757	33.854	33.819	
13532	1041.8	33.757	33.854	33.82	
13533	1041.9	33.757	33.854	33.82	
13534	1042.	33.757	33.854	33.82	
13535	1042.	33.757	33.854	33.82	
13536	1042.	33.757	33.854	33.82	
13537	1042.	33.757	33.855	33.82	
13538	1042.1	33.757	33.855	33.82	
13539	1042.2	33.758	33.855	33.82	
13540	1042.3	33.758	33.855	33.82	
13541	1042.4	33.758	33.855	33.821	
13542	1042.5	33.758	33.855	33.821	
13543	1042.6	33.758	33.855	33.821	
13544	1042.7	33.758	33.856	33.821	
13545	1042.8	33.759	33.856	33.821	
13546	1042.9	33.759	33.856	33.821	
13547	1043.	33.759	33.856	33.821	
13548	1043.	33.759	33.856	33.821	
13549	1043.	33.759	33.856	33.821	
13550	1043.	33.759	33.856	33.822	
13551	1043.1	33.759	33.856	33.822	
13552	1043.2	33.759	33.856	33.822	
13553	1043.3	33.759	33.857	33.822	
13554	1043.4	33.759	33.857	33.822	
13555	1043.5	33.76	33.857	33.822	
13556	1043.6	33.76	33.857	33.822	
13557	1043.7	33.76	33.857	33.823	
13558	1043.8	33.76	33.857	33.823	
13559	1043.9	33.76	33.857	33.823	
13560	1044.	33.76	33.858	33.823	
13561	1044.	33.76	33.858	33.823	
13562	1044.	33.76	33.858	33.823	
13563	1044.	33.76	33.858	33.823	
13564	1044.1	33.761	33.858	33.823	
13565	1044.2	33.761	33.858	33.823	
13566	1044.3	33.761	33.858	33.824	
13567	1044.4	33.761	33.858	33.824	
13568	1044.5	33.761	33.858	33.824	
13569	1044.6	33.761	33.859	33.824	
13570	1044.7	33.761	33.859	33.824	
13571	1044.8	33.762	33.859	33.824	
13572	1044.9	33.762	33.859	33.824	
13573	1045.	33.762	33.859	33.825	
13574	1045.	33.762	33.859	33.825	
13575	1045.	33.762	33.859	33.825	
13576	1045.	33.762	33.859	33.825	
13577	1045.1	33.762	33.859	33.825	
13578	1045.2	33.762	33.86	33.825	
13579	1045.3	33.762	33.86	33.825	
13580	1045.4	33.763	33.86	33.825	
13581	1045.5	33.763	33.86	33.825	
13582	1045.6	33.763	33.86	33.826	
13583	1045.7	33.763	33.86	33.826	
13584	1045.8	33.763	33.86	33.826	
13585	1045.9	33.763	33.861	33.826	
13586	1046.	33.763	33.861	33.826	
13587	1046.	33.763	33.861	33.826	
13588	1046.	33.763	33.861	33.826	
13589	1046.	33.764	33.861	33.826	
13590	1046.1	33.764	33.861	33.826	
13591	1046.2	33.764	33.861	33.826	
13592	1046.3	33.764	33.861	33.827	
13593	1046.4	33.764	33.861	33.827	
13594	1046.5	33.764	33.862	33.827	
13595	1046.6	33.764	33.862	33.827	
13596	1046.7	33.765	33.862	33.827	
13597	1046.8	33.765	33.862	33.827	
13598	1046.9	33.765	33.862	33.828	
13599	1047.	33.765	33.862	33.828	
13600	1047.	33.765	33.862	33.828	
13601	1047.	33.765	33.862	33.828	
13602	1047.	33.765	33.862	33.828	
13603	1047.1	33.765	33.862	33.828	
13604	1047.2	33.765	33.863	33.828	
13605	1047.3	33.766	33.863	33.828	
13606	1047.4	33.766	33.863	33.828	
13607	1047.5	33.766	33.863	33.829	
13608	1047.6	33.766	33.863	33.829	
13609	1047.7	33.766	33.863	33.829	
13610	1047.8	33.766	33.864	33.829	
13611	1047.9	33.766	33.864	33.829	
13612	1048.	33.767	33.864	33.829	
13613	1048.	33.767	33.864	33.829	
13614	1048.	33.767	33.864	33.829	
13615	1048.	33.767	33.864	33.829	
13616	1048.1	33.767	33.864	33.829	
13617	1048.2	33.767	33.864	33.83	
13618	1048.3	33.767	33.864	33.83	
13619	1048.4	33.767	33.865	33.83	
13620	1048.5	33.767	33.865	33.83	
13621	1048.6	33.768	33.865	33.83	
13622	1048.7	33.768	33.865	33.83	
13623	1048.8	33.768	33.865	33.831	
13624	1048.9	33.768	33.865	33.831	
13625	1049.	33.768	33.865	33.831	
13626	1049.	33.768	33.865	33.831	
13627	1049.	33.768	33.865	33.831	
13628	1049.	33.768	33.865	33.831	
13629	1049.1	33.768	33.866	33.831	
13630	1049.2	33.768	33.866	33.831	
13631	1049.3	33.769	33.866	33.831	
13632	1049.4	33.769	33.866	33.831	
13633	1049.5	33.769	33.866	33.832	
13634	1049.6	33.769	33.866	33.832	
13635	1049.7	33.769	33.867	33.832	
13636	1049.8	33.769	33.867	33.832	
13637	1049.9	33.77	33.867	33.832	
13638	1050.	33.77	33.867	33.832	
13639	1050.	33.77	33.867	33.832	
13640	1050.	33.77	33.867	33.832	
13641	1050.	33.77	33.867	33.832	
13642	1050.1	33.77	33.867	33.833	
13643	1050.2	33.77	33.867	33.833	
13644	1050.3	33.77	33.867	33.833	
13645	1050.4	33.77	33.868	33.833	
13646	1050.5	33.77	33.868	33.833	
13647	1050.6	33.771	33.868	33.833	
13648	1050.7	33.771	33.868	33.833	
13649	1050.8	33.771	33.868	33.834	
13650	1050.9	33.771	33.868	33.834	
13651	1051.	33.771	33.869	33.834	
13652	1051.	33.771	33.869	33.834	
13653	1051.	33.771	33.869	33.834	
13654	1051.	33.771	33.869	33.834	
13655	1051.1	33.771	33.869	33.834	
13656	1051.2	33.772	33.869	33.834	
13657	1051.3	33.772	33.869	33.834	
13658	1051.4	33.772	33.869	33.835	
13659	1051.5	33.772	33.869	33.835	
13660	1051.6	33.772	33.869	33.835	
13661	1051.7	33.772	33.87	33.835	
13662	1051.8	33.772	33.87	33.835	
13663	1051.9	33.773	33.87	33.835	
13664	1052.	33.773	33.87	33.835	
13665	1052.	33.773	33.87	33.835	
13666	1052.	33.773	33.87	33.835	
13667	1052.	33.773	33.87	33.836	
13668	1052.1	33.773	33.87	33.836	
13669	1052.2	33.773	33.87	33.836	
13670	1052.3	33.773	33.871	33.836	
13671	1052.4	33.773	33.871	33.836	
13672	1052.5	33.774	33.871	33.836	
13673	1052.6	33.774	33.871	33.836	
13674	1052.7	33.774	33.871	33.837	
13675	1052.8	33.774	33.871	33.837	
13676	1052.9	33.774	33.872	33.837	
13677	1053.	33.774	33.872	33.837	
13678	1053.	33.774	33.872	33.837	
13679	1053.	33.774	33.872	33.837	
13680	1053.	33.774	33.872	33.837	
13681	1053.1	33.774	33.872	33.837	
13682	1053.2	33.775	33.872	33.837	
13683	1053.3	33.775	33.872	33.838	
13684	1053.4	33.775	33.872	33.838	
13685	1053.5	33.775	33.872	33.838	
13686	1053.6	33.775	33.873	33.838	
13687	1053.7	33.775	33.873	33.838	
13688	1053.8	33.776	33.873	33.838	
13689	1053.9	33.776	33.873	33.838	
13690	1054.	33.776	33.873	33.839	
13691	1054.	33.776	33.873	33.839	
13692	1054.	33.776	33.873	33.839	
13693	1054.	33.776	33.873	33.839	
13694	1054.1	33.776	33.873	33.839	
13695	1054.2	33.776	33.874	33.839	
13696	1054.3	33.776	33.874	33.839	
13697	1054.4	33.777	33.874	33.839	
13698	1054.5	33.777	33.874	33.839	
13699	1054.6	33.777	33.874	33.84	
13700	1054.7	33.777	33.874	33.84	
13701	1054.8	33.777	33.874	33.84	
13702	1054.9	33.777	33.875	33.84	
13703	1055.	33.777	33.875	33.84	
13704	1055.	33.777	33.875	33.84	
13705	1055.	33.777	33.875	33.84	
13706	1055.	33.777	33.875	33.84	
13707	1055.1	33.778	33.875	33.84	
13708	1055.2	33.778	33.875	33.84	
13709	1055.3	33.778	33.875	33.841	
13710	1055.4	33.778	33.875	33.841	
13711	1055.5	33.778	33.876	33.841	
13712	1055.6	33.778	33.876	33.841	
13713	1055.7	33.779	33.876	33.841	
13714	1055.8	33.779	33.876	33.841	
13715	1055.9	33.779	33.876	33.842	
13716	1056.	33.779	33.876	33.842	
13717	1056.	33.779	33.876	33.842	
13718	1056.	33.779	33.876	33.842	
13719	1056.	33.779	33.876	33.842	
13720	1056.1	33.779	33.877	33.842	
13721	1056.2	33.779	33.877	33.842	
13722	1056.3	33.779	33.877	33.842	
13723	1056.4	33.78	33.877	33.842	
13724	1056.5	33.78	33.877	33.843	
13725	1056.6	33.78	33.877	33.843	
13726	1056.7	33.78	33.877	33.843	
13727	1056.8	33.78	33.878	33.843	
13728	1056.9	33.78	33.878	33.843	
13729	1057.	33.78	33.878	33.843	
13730	1057.	33.78	33.878	33.843	
13731	1057.	33.78	33.878	33.843	
13732	1057.	33.781	33.878	33.843	
13733	1057.1	33.781	33.878	33.843	
13734	1057.2	33.781	33.878	33.844	
13735	1057.3	33.781	33.878	33.844	
13736	1057.4	33.781	33.879	33.844	
13737	1057.5	33.781	33.879	33.844	
13738	1057.6	33.781	33.879	33.844	
13739	1057.7	33.782	33.879	33.844	
13740	1057.8	33.782	33.879	33.845	
13741	1057.9	33.782	33.879	33.845	
13742	1058.	33.782	33.879	33.845	
13743	1058.	33.782	33.879	33.845	
13744	1058.	33.782	33.879	33.845	
13745	1058.	33.782	33.879	33.845	
13746	1058.1	33.782	33.88	33.845	
13747	1058.2	33.782	33.88	33.845	
13748	1058.3	33.783	33.88	33.845	
13749	1058.4	33.783	33.88	33.845	
13750	1058.5	33.783	33.88	33.846	
13751	1058.6	33.783	33.88	33.846	
13752	1058.7	33.783	33.881	33.846	
13753	1058.8	33.783	33.881	33.846	
13754	1058.9	33.783	33.881	33.846	
13755	1059.	33.784	33.881	33.846	
13756	1059.	33.784	33.881	33.846	
13757	1059.	33.784	33.881	33.846	
13758	1059.	33.784	33.881	33.846	
13759	1059.1	33.784	33.881	33.847	
13760	1059.2	33.784	33.881	33.847	
13761	1059.3	33.784	33.882	33.847	
13762	1059.4	33.784	33.882	33.847	
13763	1059.5	33.784	33.882	33.847	
13764	1059.6	33.785	33.882	33.847	
13765	1059.7	33.785	33.882	33.847	
13766	1059.8	33.785	33.882	33.848	
13767	1059.9	33.785	33.882	33.848	
13768	1060.	33.785	33.883	33.848	
13769	1060.	33.785	33.883	33.848	
13770	1060.	33.785	33.883	33.848	
13771	1060.	33.785	33.883	33.848	
13772	1060.1	33.785	33.883	33.848	
13773	1060.2	33.785	33.883	33.848	
13774	1060.3	33.786	33.883	33.848	
13775	1060.4	33.786	33.883	33.849	
13776	1060.5	33.786	33.883	33.849	
13777	1060.6	33.786	33.884	33.849	
13778	1060.7	33.786	33.884	33.849	
13779	1060.8	33.786	33.884	33.849	
13780	1060.9	33.787	33.884	33.849	
13781	1061.	33.787	33.884	33.849	
13782	1061.	33.787	33.884	33.849	
13783	1061.	33.787	33.884	33.849	
13784	1061.	33.787	33.884	33.85	
13785	1061.1	33.787	33.884	33.85	
13786	1061.2	33.787	33.884	33.85	
13787	1061.3	33.787	33.885	33.85	
13788	1061.4	33.787	33.885	33.85	
13789	1061.5	33.787	33.885	33.85	
13790	1061.6	33.788	33.885	33.85	
13791	1061.7	33.788	33.885	33.851	
13792	1061.8	33.788	33.885	33.851	
13793	1061.9	33.788	33.886	33.851	
13794	1062.	33.788	33.886	33.851	
13795	1062.	33.788	33.886	33.851	
13796	1062.	33.788	33.886	33.851	
13797	1062.	33.788	33.886	33.851	
13798	1062.1	33.788	33.886	33.851	
13799	1062.2	33.789	33.886	33.851	
13800	1062.3	33.789	33.886	33.852	
13801	1062.4	33.789	33.886	33.852	
13802	1062.5	33.789	33.886	33.852	
13803	1062.6	33.789	33.887	33.852	
13804	1062.7	33.789	33.887	33.852	
13805	1062.8	33.79	33.887	33.852	
13806	1062.9	33.79	33.887	33.852	
13807	1063.	33.79	33.887	33.853	
13808	1063.	33.79	33.887	33.853	
13809	1063.	33.79	33.887	33.853	
13810	1063.	33.79	33.887	33.853	
13811	1063.1	33.79	33.887	33.853	
13812	1063.2	33.79	33.888	33.853	
13813	1063.3	33.79	33.888	33.853	
13814	1063.4	33.79	33.888	33.853	
13815	1063.5	33.791	33.888	33.853	
13816	1063.6	33.791	33.888	33.854	
13817	1063.7	33.791	33.888	33.854	
13818	1063.8	33.791	33.889	33.854	
13819	1063.9	33.791	33.889	33.854	
13820	1064.	33.791	33.889	33.854	
13821	1064.	33.791	33.889	33.854	
13822	1064.	33.791	33.889	33.854	
13823	1064.	33.791	33.889	33.854	
13824	1064.1	33.792	33.889	33.854	
13825	1064.2	33.792	33.889	33.854	
13826	1064.3	33.792	33.889	33.855	
13827	1064.4	33.792	33.889	33.855	
13828	1064.5	33.792	33.89	33.855	
13829	1064.6	33.792	33.89	33.855	
13830	1064.7	33.792	33.89	33.855	
13831	1064.8	33.793	33.89	33.855	
13832	1064.9	33.793	33.89	33.856	
13833	1065.	33.793	33.89	33.856	
13834	1065.	33.793	33.89	33.856	
13835	1065.	33.793	33.89	33.856	
13836	1065.	33.793	33.89	33.856	
13837	1065.1	33.793	33.891	33.856	
13838	1065.2	33.793	33.891	33.856	
13839	1065.3	33.793	33.891	33.856	
13840	1065.4	33.794	33.891	33.856	
13841	1065.5	33.794	33.891	33.857	
13842	1065.6	33.794	33.891	33.857	
13843	1065.7	33.794	33.891	33.857	
13844	1065.8	33.794	33.892	33.857	
13845	1065.9	33.794	33.892	33.857	
13846	1066.	33.794	33.892	33.857	
13847	1066.	33.794	33.892	33.857	
13848	1066.	33.794	33.892	33.857	
13849	1066.	33.794	33.892	33.857	
13850	1066.1	33.795	33.892	33.857	
13851	1066.2	33.795	33.892	33.858	
13852	1066.3	33.795	33.892	33.858	
13853	1066.4	33.795	33.893	33.858	
13854	1066.5	33.795	33.893	33.858	
13855	1066.6	33.795	33.893	33.858	
13856	1066.7	33.796	33.893	33.858	
13857	1066.8	33.796	33.893	33.859	
13858	1066.9	33.796	33.893	33.859	
13859	1067.	33.796	33.893	33.859	
13860	1067.	33.796	33.893	33.859	
13861	1067.	33.796	33.893	33.859	
13862	1067.	33.796	33.894	33.859	
13863	1067.1	33.796	33.894	33.859	
13864	1067.2	33.796	33.894	33.859	
13865	1067.3	33.796	33.894	33.859	
13866	1067.4	33.797	33.894	33.859	
13867	1067.5	33.797	33.894	33.86	
13868	1067.6	33.797	33.894	33.86	
13869	1067.7	33.797	33.895	33.86	
13870	1067.8	33.797	33.895	33.86	
13871	1067.9	33.797	33.895	33.86	
13872	1068.	33.797	33.895	33.86	
13873	1068.	33.798	33.895	33.86	
13874	1068.	33.798	33.895	33.86	
13875	1068.	33.798	33.895	33.86	
13876	1068.1	33.798	33.895	33.861	
13877	1068.2	33.798	33.895	33.861	
13878	1068.3	33.798	33.896	33.861	
13879	1068.4	33.798	33.896	33.861	
13880	1068.5	33.798	33.896	33.861	
13881	1068.6	33.798	33.896	33.861	
13882	1068.7	33.799	33.896	33.861	
13883	1068.8	33.799	33.896	33.862	
13884	1068.9	33.799	33.896	33.862	
13885	1069.	33.799	33.897	33.862	
13886	1069.	33.799	33.897	33.862	
13887	1069.	33.799	33.897	33.862	
13888	1069.	33.799	33.897	33.862	
13889	1069.1	33.799	33.897	33.862	
13890	1069.2	33.799	33.897	33.862	
13891	1069.3	33.8	33.897	33.862	
13892	1069.4	33.8	33.897	33.863	
13893	1069.5	33.8	33.897	33.863	
13894	1069.6	33.8	33.898	33.863	
13895	1069.7	33.8	33.898	33.863	
13896	1069.8	33.8	33.898	33.863	
13897	1069.9	33.8	33.898	33.863	
13898	1070.	33.801	33.898	33.863	
13899	1070.	33.801	33.898	33.863	
13900	1070.	33.801	33.898	33.863	
13901	1070.	33.801	33.898	33.864	
13902	1070.1	33.801	33.898	33.864	
13903	1070.2	33.801	33.899	33.864	
13904	1070.3	33.801	33.899	33.864	
13905	1070.4	33.801	33.899	33.864	
13906	1070.5	33.801	33.899	33.864	
13907	1070.6	33.802	33.899	33.864	
13908	1070.7	33.802	33.899	33.865	
13909	1070.8	33.802	33.899	33.865	
13910	1070.9	33.802	33.9	33.865	
13911	1071.	33.802	33.9	33.865	
13912	1071.	33.802	33.9	33.865	
13913	1071.	33.802	33.9	33.865	
13914	1071.	33.802	33.9	33.865	
13915	1071.1	33.802	33.9	33.865	
13916	1071.2	33.803	33.9	33.865	
13917	1071.3	33.803	33.9	33.866	
13918	1071.4	33.803	33.9	33.866	
13919	1071.5	33.803	33.901	33.866	
13920	1071.6	33.803	33.901	33.866	
13921	1071.7	33.803	33.901	33.866	
13922	1071.8	33.803	33.901	33.866	
13923	1071.9	33.804	33.901	33.866	
13924	1072.	33.804	33.901	33.867	
13925	1072.	33.804	33.901	33.867	
13926	1072.	33.804	33.901	33.867	
13927	1072.	33.804	33.901	33.867	
13928	1072.1	33.804	33.901	33.867	
13929	1072.2	33.804	33.902	33.867	
13930	1072.3	33.804	33.902	33.867	
13931	1072.4	33.804	33.902	33.867	
13932	1072.5	33.805	33.902	33.867	
13933	1072.6	33.805	33.902	33.868	
13934	1072.7	33.805	33.902	33.868	
13935	1072.8	33.805	33.903	33.868	
13936	1072.9	33.805	33.903	33.868	
13937	1073.	33.805	33.903	33.868	
13938	1073.	33.805	33.903	33.868	
13939	1073.	33.805	33.903	33.868	
13940	1073.	33.805	33.903	33.868	
13941	1073.1	33.805	33.903	33.868	
13942	1073.2	33.806	33.903	33.868	
13943	1073.3	33.806	33.903	33.869	
13944	1073.4	33.806	33.903	33.869	
13945	1073.5	33.806	33.904	33.869	
13946	1073.6	33.806	33.904	33.869	
13947	1073.7	33.806	33.904	33.869	
13948	1073.8	33.807	33.904	33.869	
13949	1073.9	33.807	33.904	33.87	
13950	1074.	33.807	33.904	33.87	
13951	1074.	33.807	33.904	33.87	
13952	1074.	33.807	33.904	33.87	
13953	1074.	33.807	33.904	33.87	
13954	1074.1	33.807	33.905	33.87	
13955	1074.2	33.807	33.905	33.87	
13956	1074.3	33.807	33.905	33.87	
13957	1074.4	33.807	33.905	33.87	
13958	1074.5	33.808	33.905	33.871	
13959	1074.6	33.808	33.905	33.871	
13960	1074.7	33.808	33.906	33.871	
13961	1074.8	33.808	33.906	33.871	
13962	1074.9	33.808	33.906	33.871	
13963	1075.	33.808	33.906	33.871	
13964	1075.	33.808	33.906	33.871	
13965	1075.	33.808	33.906	33.871	
13966	1075.	33.808	33.906	33.871	
13967	1075.1	33.809	33.906	33.871	
13968	1075.2	33.809	33.906	33.872	
13969	1075.3	33.809	33.906	33.872	
13970	1075.4	33.809	33.907	33.872	
13971	1075.5	33.809	33.907	33.872	
13972	1075.6	33.809	33.907	33.872	
13973	1075.7	33.809	33.907	33.872	
13974	1075.8	33.81	33.907	33.873	
13975	1075.9	33.81	33.907	33.873	
13976	1076.	33.81	33.907	33.873	
13977	1076.	33.81	33.908	33.873	
13978	1076.	33.81	33.908	33.873	
13979	1076.	33.81	33.908	33.873	
13980	1076.1	33.81	33.908	33.873	
13981	1076.2	33.81	33.908	33.873	
13982	1076.3	33.81	33.908	33.873	
13983	1076.4	33.811	33.908	33.873	
13984	1076.5	33.811	33.908	33.874	
13985	1076.6	33.811	33.908	33.874	
13986	1076.7	33.811	33.909	33.874	
13987	1076.8	33.811	33.909	33.874	
13988	1076.9	33.811	33.909	33.874	
13989	1077.	33.811	33.909	33.874	
13990	1077.	33.811	33.909	33.874	
13991	1077.	33.811	33.909	33.874	
13992	1077.	33.812	33.909	33.874	
13993	1077.1	33.812	33.909	33.875	
13994	1077.2	33.812	33.909	33.875	
13995	1077.3	33.812	33.91	33.875	
13996	1077.4	33.812	33.91	33.875	
13997	1077.5	33.812	33.91	33.875	
13998	1077.6	33.812	33.91	33.875	
13999	1077.7	33.813	33.91	33.875	
14000	1077.8	33.813	33.91	33.876	
14001	1077.9	33.813	33.911	33.876	
14002	1078.	33.813	33.911	33.876	
14003	1078.	33.813	33.911	33.876	
14004	1078.	33.813	33.911	33.876	
14005	1078.	33.813	33.911	33.876	
14006	1078.1	33.813	33.911	33.876	
14007	1078.2	33.813	33.911	33.876	
14008	1078.3	33.813	33.911	33.876	
14009	1078.4	33.814	33.911	33.877	
14010	1078.5	33.814	33.911	33.877	
14011	1078.6	33.814	33.912	33.877	
14012	1078.7	33.814	33.912	33.877	
14013	1078.8	33.814	33.912	33.877	
14014	1078.9	33.814	33.912	33.877	
14015	1079.	33.815	33.912	33.877	
14016	1079.	33.815	33.912	33.877	
14017	1079.	33.815	33.912	33.877	
14018	1079.	33.815	33.912	33.878	
14019	1079.1	33.815	33.912	33.878	
14020	1079.2	33.815	33.913	33.878	
14021	1079.3	33.815	33.913	33.878	
14022	1079.4	33.815	33.913	33.878	
14023	1079.5	33.815	33.913	33.878	
14024	1079.6	33.816	33.913	33.878	
14025	1079.7	33.816	33.913	33.879	
14026	1079.8	33.816	33.913	33.879	
14027	1079.9	33.816	33.914	33.879	
14028	1080.	33.816	33.914	33.879	
14029	1080.	33.816	33.914	33.879	
14030	1080.	33.816	33.914	33.879	
14031	1080.	33.816	33.914	33.879	
14032	1080.1	33.816	33.914	33.879	
14033	1080.2	33.816	33.914	33.879	
14034	1080.3	33.817	33.914	33.88	
14035	1080.4	33.817	33.914	33.88	
14036	1080.5	33.817	33.915	33.88	
14037	1080.6	33.817	33.915	33.88	
14038	1080.7	33.817	33.915	33.88	
14039	1080.8	33.817	33.915	33.88	
14040	1080.9	33.818	33.915	33.88	
14041	1081.	33.818	33.915	33.881	
14042	1081.	33.818	33.915	33.881	
14043	1081.	33.818	33.915	33.881	
14044	1081.	33.818	33.915	33.881	
14045	1081.1	33.818	33.916	33.881	
14046	1081.2	33.818	33.916	33.881	
14047	1081.3	33.818	33.916	33.881	
14048	1081.4	33.818	33.916	33.881	
14049	1081.5	33.818	33.916	33.881	
14050	1081.6	33.819	33.916	33.882	
14051	1081.7	33.819	33.916	33.882	
14052	1081.8	33.819	33.917	33.882	
14053	1081.9	33.819	33.917	33.882	
14054	1082.	33.819	33.917	33.882	
14055	1082.	33.819	33.917	33.882	
14056	1082.	33.819	33.917	33.882	
14057	1082.	33.819	33.917	33.882	
14058	1082.1	33.819	33.917	33.882	
14059	1082.2	33.82	33.917	33.882	
14060	1082.3	33.82	33.917	33.883	
14061	1082.4	33.82	33.918	33.883	
14062	1082.5	33.82	33.918	33.883	
14063	1082.6	33.82	33.918	33.883	
14064	1082.7	33.82	33.918	33.883	
14065	1082.8	33.82	33.918	33.883	
14066	1082.9	33.821	33.918	33.884	
14067	1083.	33.821	33.918	33.884	
14068	1083.	33.821	33.918	33.884	
14069	1083.	33.821	33.918	33.884	
14070	1083.	33.821	33.918	33.884	
14071	1083.1	33.821	33.919	33.884	
14072	1083.2	33.821	33.919	33.884	
14073	1083.3	33.821	33.919	33.884	
14074	1083.4	33.821	33.919	33.884	
14075	1083.5	33.822	33.919	33.885	
14076	1083.6	33.822	33.919	33.885	
14077	1083.7	33.822	33.92	33.885	
14078	1083.8	33.822	33.92	33.885	
14079	1083.9	33.822	33.92	33.885	
14080	1084.	33.822	33.92	33.885	
14081	1084.	33.822	33.92	33.885	
14082	1084.	33.822	33.92	33.885	
14083	1084.	33.822	33.92	33.885	
14084	1084.1	33.822	33.92	33.885	
14085	1084.2	33.823	33.92	33.886	
14086	1084.3	33.823	33.92	33.886	
14087	1084.4	33.823	33.921	33.886	
14088	1084.5	33.823	33.921	33.886	
14089	1084.6	33.823	33.921	33.886	
14090	1084.7	33.823	33.921	33.886	
14091	1084.8	33.824	33.921	33.887	
14092	1084.9	33.824	33.921	33.887	
14093	1085.	33.824	33.922	33.887	
14094	1085.	33.824	33.922	33.887	
14095	1085.	33.824	33.922	33.887	
14096	1085.	33.824	33.922	33.887	
14097	1085.1	33.824	33.922	33.887	
14098	1085.2	33.824	33.922	33.887	
14099	1085.3	33.824	33.922	33.887	
14100	1085.4	33.824	33.922	33.887	
14101	1085.5	33.825	33.922	33.888	
14102	1085.6	33.825	33.923	33.888	
14103	1085.7	33.825	33.923	33.888	
14104	1085.8	33.825	33.923	33.888	
14105	1085.9	33.825	33.923	33.888	
14106	1086.	33.825	33.923	33.888	
14107	1086.	33.825	33.923	33.888	
14108	1086.	33.825	33.923	33.888	
14109	1086.	33.825	33.923	33.888	
14110	1086.1	33.826	33.923	33.889	
14111	1086.2	33.826	33.923	33.889	
14112	1086.3	33.826	33.924	33.889	
14113	1086.4	33.826	33.924	33.889	
14114	1086.5	33.826	33.924	33.889	
14115	1086.6	33.826	33.924	33.889	
14116	1086.7	33.826	33.924	33.889	
14117	1086.8	33.827	33.924	33.89	
14118	1086.9	33.827	33.925	33.89	
14119	1087.	33.827	33.925	33.89	
14120	1087.	33.827	33.925	33.89	
14121	1087.	33.827	33.925	33.89	
14122	1087.	33.827	33.925	33.89	
14123	1087.1	33.827	33.925	33.89	
14124	1087.2	33.827	33.925	33.89	
14125	1087.3	33.827	33.925	33.89	
14126	1087.4	33.828	33.925	33.891	
14127	1087.5	33.828	33.925	33.891	
14128	1087.6	33.828	33.926	33.891	
14129	1087.7	33.828	33.926	33.891	
14130	1087.8	33.828	33.926	33.891	
14131	1087.9	33.828	33.926	33.891	
14132	1088.	33.828	33.926	33.891	
14133	1088.	33.828	33.926	33.891	
14134	1088.	33.828	33.926	33.891	
14135	1088.	33.829	33.926	33.892	
14136	1088.1	33.829	33.926	33.892	
14137	1088.2	33.829	33.927	33.892	
14138	1088.3	33.829	33.927	33.892	
14139	1088.4	33.829	33.927	33.892	
14140	1088.5	33.829	33.927	33.892	
14141	1088.6	33.829	33.927	33.892	
14142	1088.7	33.83	33.927	33.893	
14143	1088.8	33.83	33.928	33.893	
14144	1088.9	33.83	33.928	33.893	
14145	1089.	33.83	33.928	33.893	
14146	1089.	33.83	33.928	33.893	
14147	1089.	33.83	33.928	33.893	
14148	1089.	33.83	33.928	33.893	
14149	1089.1	33.83	33.928	33.893	
14150	1089.2	33.83	33.928	33.893	
14151	1089.3	33.831	33.928	33.894	
14152	1089.4	33.831	33.928	33.894	
14153	1089.5	33.831	33.929	33.894	
14154	1089.6	33.831	33.929	33.894	
14155	1089.7	33.831	33.929	33.894	
14156	1089.8	33.831	33.929	33.894	
14157	1089.9	33.831	33.929	33.894	
14158	1090.	33.832	33.929	33.895	
14159	1090.	33.832	33.929	33.895	
14160	1090.	33.832	33.929	33.895	
14161	1090.	33.832	33.929	33.895	
14162	1090.1	33.832	33.93	33.895	
14163	1090.2	33.832	33.93	33.895	
14164	1090.3	33.832	33.93	33.895	
14165	1090.4	33.832	33.93	33.895	
14166	1090.5	33.832	33.93	33.895	
14167	1090.6	33.833	33.93	33.896	
14168	1090.7	33.833	33.93	33.896	
14169	1090.8	33.833	33.931	33.896	
14170	1090.9	33.833	33.931	33.896	
14171	1091.	33.833	33.931	33.896	
14172	1091.	33.833	33.931	33.896	
14173	1091.	33.833	33.931	33.896	
14174	1091.	33.833	33.931	33.896	
14175	1091.1	33.833	33.931	33.896	
14176	1091.2	33.833	33.931	33.896	
14177	1091.3	33.834	33.931	33.897	
14178	1091.4	33.834	33.932	33.897	
14179	1091.5	33.834	33.932	33.897	
14180	1091.6	33.834	33.932	33.897	
14181	1091.7	33.834	33.932	33.897	
14182	1091.8	33.834	33.932	33.897	
14183	1091.9	33.835	33.932	33.898	
14184	1092.	33.835	33.932	33.898	
14185	1092.	33.835	33.932	33.898	
14186	1092.	33.835	33.932	33.898	
14187	1092.	33.835	33.933	33.898	
14188	1092.1	33.835	33.933	33.898	
14189	1092.2	33.835	33.933	33.898	
14190	1092.3	33.835	33.933	33.898	
14191	1092.4	33.835	33.933	33.898	
14192	1092.5	33.835	33.933	33.898	
14193	1092.6	33.836	33.933	33.899	
14194	1092.7	33.836	33.934	33.899	
14195	1092.8	33.836	33.934	33.899	
14196	1092.9	33.836	33.934	33.899	
14197	1093.	33.836	33.934	33.899	
14198	1093.	33.836	33.934	33.899	
14199	1093.	33.836	33.934	33.899	
14200	1093.	33.836	33.934	33.899	
14201	1093.1	33.836	33.934	33.899	
14202	1093.2	33.837	33.934	33.9	
14203	1093.3	33.837	33.935	33.9	
14204	1093.4	33.837	33.935	33.9	
14205	1093.5	33.837	33.935	33.9	
14206	1093.6	33.837	33.935	33.9	
14207	1093.7	33.837	33.935	33.9	
14208	1093.8	33.837	33.935	33.901	
14209	1093.9	33.838	33.935	33.901	
14210	1094.	33.838	33.936	33.901	
14211	1094.	33.838	33.936	33.901	
14212	1094.	33.838	33.936	33.901	
14213	1094.	33.838	33.936	33.901	
14214	1094.1	33.838	33.936	33.901	
14215	1094.2	33.838	33.936	33.901	
14216	1094.3	33.838	33.936	33.901	
14217	1094.4	33.838	33.936	33.901	
14218	1094.5	33.839	33.936	33.902	
14219	1094.6	33.839	33.937	33.902	
14220	1094.7	33.839	33.937	33.902	
14221	1094.8	33.839	33.937	33.902	
14222	1094.9	33.839	33.937	33.902	
14223	1095.	33.839	33.937	33.902	
14224	1095.	33.839	33.937	33.902	
14225	1095.	33.839	33.937	33.902	
14226	1095.	33.839	33.937	33.902	
14227	1095.1	33.839	33.937	33.903	
14228	1095.2	33.84	33.937	33.903	
14229	1095.3	33.84	33.938	33.903	
14230	1095.4	33.84	33.938	33.903	
14231	1095.5	33.84	33.938	33.903	
14232	1095.6	33.84	33.938	33.903	
14233	1095.7	33.84	33.938	33.903	
14234	1095.8	33.841	33.938	33.904	
14235	1095.9	33.841	33.939	33.904	
14236	1096.	33.841	33.939	33.904	
14237	1096.	33.841	33.939	33.904	
14238	1096.	33.841	33.939	33.904	
14239	1096.	33.841	33.939	33.904	
14240	1096.1	33.841	33.939	33.904	
14241	1096.2	33.841	33.939	33.904	
14242	1096.3	33.841	33.939	33.904	
14243	1096.4	33.842	33.939	33.905	
14244	1096.5	33.842	33.94	33.905	
14245	1096.6	33.842	33.94	33.905	
14246	1096.7	33.842	33.94	33.905	
14247	1096.8	33.842	33.94	33.905	
14248	1096.9	33.842	33.94	33.905	
14249	1097.	33.842	33.94	33.905	
14250	1097.	33.842	33.94	33.905	
14251	1097.	33.842	33.94	33.905	
14252	1097.	33.842	33.94	33.906	
14253	1097.1	33.843	33.94	33.906	
14254	1097.2	33.843	33.941	33.906	
14255	1097.3	33.843	33.941	33.906	
14256	1097.4	33.843	33.941	33.906	
14257	1097.5	33.843	33.941	33.906	
14258	1097.6	33.843	33.941	33.906	
14259	1097.7	33.844	33.941	33.907	
14260	1097.8	33.844	33.942	33.907	
14261	1097.9	33.844	33.942	33.907	
14262	1098.	33.844	33.942	33.907	
14263	1098.	33.844	33.942	33.907	
14264	1098.	33.844	33.942	33.907	
14265	1098.	33.844	33.942	33.907	
14266	1098.1	33.844	33.942	33.907	
14267	1098.2	33.844	33.942	33.907	
14268	1098.3	33.844	33.942	33.908	
14269	1098.4	33.845	33.942	33.908	
14270	1098.5	33.845	33.943	33.908	
14271	1098.6	33.845	33.943	33.908	
14272	1098.7	33.845	33.943	33.908	
14273	1098.8	33.845	33.943	33.908	
14274	1098.9	33.845	33.943	33.908	
14275	1099.	33.845	33.943	33.909	
14276	1099.	33.845	33.943	33.909	
14277	1099.	33.846	33.943	33.909	
14278	1099.	33.846	33.943	33.909	
14279	1099.1	33.846	33.944	33.909	
14280	1099.2	33.846	33.944	33.909	
14281	1099.3	33.846	33.944	33.909	
14282	1099.4	33.846	33.944	33.909	
14283	1099.5	33.846	33.944	33.909	
14284	1099.6	33.846	33.944	33.91	
14285	1099.7	33.847	33.945	33.91	
14286	1099.8	33.847	33.945	33.91	
14287	1099.9	33.847	33.945	33.91	
14288	1100.	33.847	33.945	33.91	
14289	1100.	33.847	33.945	33.91	
14290	1100.	33.847	33.945	33.91	
14291	1100.	33.847	33.945	33.91	
14292	1100.1	33.847	33.945	33.91	
14293	1100.2	33.847	33.945	33.91	
14294	1100.3	33.848	33.945	33.911	
14295	1100.4	33.848	33.946	33.911	
14296	1100.5	33.848	33.946	33.911	
14297	1100.6	33.848	33.946	33.911	
14298	1100.7	33.848	33.946	33.911	
14299	1100.8	33.848	33.946	33.911	
14300	1100.9	33.848	33.946	33.912	
14301	1101.	33.849	33.946	33.912	
14302	1101.	33.849	33.946	33.912	
14303	1101.	33.849	33.947	33.912	
14304	1101.	33.849	33.947	33.912	
14305	1101.1	33.849	33.947	33.912	
14306	1101.2	33.849	33.947	33.912	
14307	1101.3	33.849	33.947	33.912	
14308	1101.4	33.849	33.947	33.912	
14309	1101.5	33.849	33.947	33.912	
14310	1101.6	33.85	33.947	33.913	
14311	1101.7	33.85	33.948	33.913	
14312	1101.8	33.85	33.948	33.913	
14313	1101.9	33.85	33.948	33.913	
14314	1102.	33.85	33.948	33.913	
14315	1102.	33.85	33.948	33.913	
14316	1102.	33.85	33.948	33.913	
14317	1102.	33.85	33.948	33.913	
14318	1102.1	33.85	33.948	33.913	
14319	1102.2	33.85	33.948	33.914	
14320	1102.3	33.851	33.949	33.914	
14321	1102.4	33.851	33.949	33.914	
14322	1102.5	33.851	33.949	33.914	
14323	1102.6	33.851	33.949	33.914	
14324	1102.7	33.851	33.949	33.914	
14325	1102.8	33.851	33.949	33.915	
14326	1102.9	33.852	33.95	33.915	
14327	1103.	33.852	33.95	33.915	
14328	1103.	33.852	33.95	33.915	
14329	1103.	33.852	33.95	33.915	
14330	1103.	33.852	33.95	33.915	
14331	1103.1	33.852	33.95	33.915	
14332	1103.2	33.852	33.95	33.915	
14333	1103.3	33.852	33.95	33.915	
14334	1103.4	33.852	33.95	33.915	
14335	1103.5	33.852	33.95	33.916	
14336	1103.6	33.853	33.951	33.916	
14337	1103.7	33.853	33.951	33.916	
14338	1103.8	33.853	33.951	33.916	
14339	1103.9	33.853	33.951	33.916	
14340	1104.	33.853	33.951	33.916	
14341	1104.	33.853	33.951	33.916	
14342	1104.	33.853	33.951	33.916	
14343	1104.	33.853	33.951	33.916	
14344	1104.1	33.853	33.951	33.917	
14345	1104.2	33.854	33.952	33.917	
14346	1104.3	33.854	33.952	33.917	
14347	1104.4	33.854	33.952	33.917	
14348	1104.5	33.854	33.952	33.917	
14349	1104.6	33.854	33.952	33.917	
14350	1104.7	33.854	33.952	33.917	
14351	1104.8	33.855	33.952	33.918	
14352	1104.9	33.855	33.953	33.918	
14353	1105.	33.855	33.953	33.918	
14354	1105.	33.855	33.953	33.918	
14355	1105.	33.855	33.953	33.918	
14356	1105.	33.855	33.953	33.918	
14357	1105.1	33.855	33.953	33.918	
14358	1105.2	33.855	33.953	33.918	
14359	1105.3	33.855	33.953	33.918	
14360	1105.4	33.855	33.953	33.919	
14361	1105.5	33.856	33.954	33.919	
14362	1105.6	33.856	33.954	33.919	
14363	1105.7	33.856	33.954	33.919	
14364	1105.8	33.856	33.954	33.919	
14365	1105.9	33.856	33.954	33.919	
14366	1106.	33.856	33.954	33.919	
14367	1106.	33.856	33.954	33.919	
14368	1106.	33.856	33.954	33.919	
14369	1106.	33.856	33.954	33.92	
14370	1106.1	33.857	33.954	33.92	
14371	1106.2	33.857	33.955	33.92	
14372	1106.3	33.857	33.955	33.92	
14373	1106.4	33.857	33.955	33.92	
14374	1106.5	33.857	33.955	33.92	
14375	1106.6	33.857	33.955	33.92	
14376	1106.7	33.857	33.955	33.921	
14377	1106.8	33.858	33.956	33.921	
14378	1106.9	33.858	33.956	33.921	
14379	1107.	33.858	33.956	33.921	
14380	1107.	33.858	33.956	33.921	
14381	1107.	33.858	33.956	33.921	
14382	1107.	33.858	33.956	33.921	
14383	1107.1	33.858	33.956	33.921	
14384	1107.2	33.858	33.956	33.921	
14385	1107.3	33.858	33.956	33.922	
14386	1107.4	33.859	33.957	33.922	
14387	1107.5	33.859	33.957	33.922	
14388	1107.6	33.859	33.957	33.922	
14389	1107.7	33.859	33.957	33.922	
14390	1107.8	33.859	33.957	33.922	
14391	1107.9	33.859	33.957	33.922	
14392	1108.	33.859	33.957	33.923	
14393	1108.	33.859	33.957	33.923	
14394	1108.	33.859	33.957	33.923	
14395	1108.	33.859	33.957	33.923	
14396	1108.1	33.86	33.958	33.923	
14397	1108.2	33.86	33.958	33.923	
14398	1108.3	33.86	33.958	33.923	
14399	1108.4	33.86	33.958	33.923	
14400	1108.5	33.86	33.958	33.923	
14401	1108.6	33.86	33.958	33.924	
14402	1108.7	33.861	33.959	33.924	
14403	1108.8	33.861	33.959	33.924	
14404	1108.9	33.861	33.959	33.924	
14405	1109.	33.861	33.959	33.924	
14406	1109.	33.861	33.959	33.924	
14407	1109.	33.861	33.959	33.924	
14408	1109.	33.861	33.959	33.924	
14409	1109.1	33.861	33.959	33.924	
14410	1109.2	33.861	33.959	33.924	
14411	1109.3	33.861	33.959	33.925	
14412	1109.4	33.862	33.96	33.925	
14413	1109.5	33.862	33.96	33.925	
14414	1109.6	33.862	33.96	33.925	
14415	1109.7	33.862	33.96	33.925	
14416	1109.8	33.862	33.96	33.925	
14417	1109.9	33.862	33.96	33.926	
14418	1110.	33.862	33.961	33.926	
14419	1110.	33.863	33.961	33.926	
14420	1110.	33.863	33.961	33.926	
14421	1110.	33.863	33.961	33.926	
14422	1110.1	33.863	33.961	33.926	
14423	1110.2	33.863	33.961	33.926	
14424	1110.3	33.863	33.961	33.926	
14425	1110.4	33.863	33.961	33.926	
14426	1110.5	33.863	33.961	33.926	
14427	1110.6	33.863	33.962	33.927	
14428	1110.7	33.864	33.962	33.927	
14429	1110.8	33.864	33.962	33.927	
14430	1110.9	33.864	33.962	33.927	
14431	1111.	33.864	33.962	33.927	
14432	1111.	33.864	33.962	33.927	
14433	1111.	33.864	33.962	33.927	
14434	1111.	33.864	33.962	33.927	
14435	1111.1	33.864	33.962	33.927	
14436	1111.2	33.864	33.962	33.928	
14437	1111.3	33.865	33.963	33.928	
14438	1111.4	33.865	33.963	33.928	
14439	1111.5	33.865	33.963	33.928	
14440	1111.6	33.865	33.963	33.928	
14441	1111.7	33.865	33.963	33.928	
14442	1111.8	33.865	33.963	33.929	
14443	1111.9	33.865	33.964	33.929	
14444	1112.	33.866	33.964	33.929	
14445	1112.	33.866	33.964	33.929	
14446	1112.	33.866	33.964	33.929	
14447	1112.	33.866	33.964	33.929	
14448	1112.1	33.866	33.964	33.929	
14449	1112.2	33.866	33.964	33.929	
14450	1112.3	33.866	33.964	33.929	
14451	1112.4	33.866	33.964	33.929	
14452	1112.5	33.866	33.964	33.93	
14453	1112.6	33.867	33.965	33.93	
14454	1112.7	33.867	33.965	33.93	
14455	1112.8	33.867	33.965	33.93	
14456	1112.9	33.867	33.965	33.93	
14457	1113.	33.867	33.965	33.93	
14458	1113.	33.867	33.965	33.93	
14459	1113.	33.867	33.965	33.93	
14460	1113.	33.867	33.965	33.93	
14461	1113.1	33.867	33.965	33.931	
14462	1113.2	33.868	33.966	33.931	
14463	1113.3	33.868	33.966	33.931	
14464	1113.4	33.868	33.966	33.931	
14465	1113.5	33.868	33.966	33.931	
14466	1113.6	33.868	33.966	33.931	
14467	1113.7	33.868	33.966	33.931	
14468	1113.8	33.868	33.966	33.932	
14469	1113.9	33.869	33.967	33.932	
14470	1114.	33.869	33.967	33.932	
14471	1114.	33.869	33.967	33.932	
14472	1114.	33.869	33.967	33.932	
14473	1114.	33.869	33.967	33.932	
14474	1114.1	33.869	33.967	33.932	
14475	1114.2	33.869	33.967	33.932	
14476	1114.3	33.869	33.967	33.932	
14477	1114.4	33.869	33.967	33.933	
14478	1114.5	33.87	33.968	33.933	
14479	1114.6	33.87	33.968	33.933	
14480	1114.7	33.87	33.968	33.933	
14481	1114.8	33.87	33.968	33.933	
14482	1114.9	33.87	33.968	33.933	
14483	1115.	33.87	33.968	33.933	
14484	1115.	33.87	33.968	33.933	
14485	1115.	33.87	33.968	33.933	
14486	1115.	33.87	33.968	33.934	
14487	1115.1	33.87	33.969	33.934	
14488	1115.2	33.871	33.969	33.934	
14489	1115.3	33.871	33.969	33.934	
14490	1115.4	33.871	33.969	33.934	
14491	1115.5	33.871	33.969	33.934	
14492	1115.6	33.871	33.969	33.934	
14493	1115.7	33.871	33.969	33.935	
14494	1115.8	33.872	33.97	33.935	
14495	1115.9	33.872	33.97	33.935	
14496	1116.	33.872	33.97	33.935	
14497	1116.	33.872	33.97	33.935	
14498	1116.	33.872	33.97	33.935	
14499	1116.	33.872	33.97	33.935	
14500	1116.1	33.872	33.97	33.935	
14501	1116.2	33.872	33.97	33.935	
14502	1116.3	33.872	33.97	33.936	
14503	1116.4	33.872	33.971	33.936	
14504	1116.5	33.873	33.971	33.936	
14505	1116.6	33.873	33.971	33.936	
14506	1116.7	33.873	33.971	33.936	
14507	1116.8	33.873	33.971	33.936	
14508	1116.9	33.873	33.971	33.936	
14509	1117.	33.873	33.971	33.937	
14510	1117.	33.873	33.971	33.937	
14511	1117.	33.873	33.971	33.937	
14512	1117.	33.873	33.972	33.937	
14513	1117.1	33.874	33.972	33.937	
14514	1117.2	33.874	33.972	33.937	
14515	1117.3	33.874	33.972	33.937	
14516	1117.4	33.874	33.972	33.937	
14517	1117.5	33.874	33.972	33.937	
14518	1117.6	33.874	33.972	33.938	
14519	1117.7	33.874	33.973	33.938	
14520	1117.8	33.875	33.973	33.938	
14521	1117.9	33.875	33.973	33.938	
14522	1118.	33.875	33.973	33.938	
14523	1118.	33.875	33.973	33.938	
14524	1118.	33.875	33.973	33.938	
14525	1118.	33.875	33.973	33.938	
14526	1118.1	33.875	33.973	33.938	
14527	1118.2	33.875	33.973	33.938	
14528	1118.3	33.875	33.974	33.939	
14529	1118.4	33.876	33.974	33.939	
14530	1118.5	33.876	33.974	33.939	
14531	1118.6	33.876	33.974	33.939	
14532	1118.7	33.876	33.974	33.939	
14533	1118.8	33.876	33.974	33.939	
14534	1118.9	33.876	33.974	33.94	
14535	1119.	33.876	33.975	33.94	
14536	1119.	33.876	33.975	33.94	
14537	1119.	33.876	33.975	33.94	
14538	1119.	33.877	33.975	33.94	
14539	1119.1	33.877	33.975	33.94	
14540	1119.2	33.877	33.975	33.94	
14541	1119.3	33.877	33.975	33.94	
14542	1119.4	33.877	33.975	33.94	
14543	1119.5	33.877	33.975	33.94	
14544	1119.6	33.877	33.976	33.941	
14545	1119.7	33.878	33.976	33.941	
14546	1119.8	33.878	33.976	33.941	
14547	1119.9	33.878	33.976	33.941	
14548	1120.	33.878	33.976	33.941	
14549	1120.	33.878	33.976	33.941	
14550	1120.	33.878	33.976	33.941	
14551	1120.	33.878	33.976	33.941	
14552	1120.1	33.878	33.976	33.941	
14553	1120.2	33.878	33.976	33.942	
14554	1120.3	33.878	33.977	33.942	
14555	1120.4	33.879	33.977	33.942	
14556	1120.5	33.879	33.977	33.942	
14557	1120.6	33.879	33.977	33.942	
14558	1120.7	33.879	33.977	33.942	
14559	1120.8	33.879	33.977	33.943	
14560	1120.9	33.879	33.978	33.943	
14561	1121.	33.88	33.978	33.943	
14562	1121.	33.88	33.978	33.943	
14563	1121.	33.88	33.978	33.943	
14564	1121.	33.88	33.978	33.943	
14565	1121.1	33.88	33.978	33.943	
14566	1121.2	33.88	33.978	33.943	
14567	1121.3	33.88	33.978	33.943	
14568	1121.4	33.88	33.978	33.943	
14569	1121.5	33.88	33.979	33.944	
14570	1121.6	33.881	33.979	33.944	
14571	1121.7	33.881	33.979	33.944	
14572	1121.8	33.881	33.979	33.944	
14573	1121.9	33.881	33.979	33.944	
14574	1122.	33.881	33.979	33.944	
14575	1122.	33.881	33.979	33.944	
14576	1122.	33.881	33.979	33.944	
14577	1122.	33.881	33.979	33.944	
14578	1122.1	33.881	33.979	33.945	
14579	1122.2	33.881	33.98	33.945	
14580	1122.3	33.882	33.98	33.945	
14581	1122.4	33.882	33.98	33.945	
14582	1122.5	33.882	33.98	33.945	
14583	1122.6	33.882	33.98	33.945	
14584	1122.7	33.882	33.98	33.945	
14585	1122.8	33.882	33.981	33.946	
14586	1122.9	33.883	33.981	33.946	
14587	1123.	33.883	33.981	33.946	
14588	1123.	33.883	33.981	33.946	
14589	1123.	33.883	33.981	33.946	
14590	1123.	33.883	33.981	33.946	
14591	1123.1	33.883	33.981	33.946	
14592	1123.2	33.883	33.981	33.946	
14593	1123.3	33.883	33.981	33.946	
14594	1123.4	33.883	33.981	33.947	
14595	1123.5	33.883	33.982	33.947	
14596	1123.6	33.884	33.982	33.947	
14597	1123.7	33.884	33.982	33.947	
14598	1123.8	33.884	33.982	33.947	
14599	1123.9	33.884	33.982	33.947	
14600	1124.	33.884	33.982	33.947	
14601	1124.	33.884	33.982	33.947	
14602	1124.	33.884	33.982	33.947	
14603	1124.	33.884	33.982	33.948	
14604	1124.1	33.884	33.983	33.948	
14605	1124.2	33.885	33.983	33.948	
14606	1124.3	33.885	33.983	33.948	
14607	1124.4	33.885	33.983	33.948	
14608	1124.5	33.885	33.983	33.948	
14609	1124.6	33.885	33.983	33.948	
14610	1124.7	33.885	33.983	33.949	
14611	1124.8	33.885	33.984	33.949	
14612	1124.9	33.886	33.984	33.949	
14613	1125.	33.886	33.984	33.949	
14614	1125.	33.886	33.984	33.949	
14615	1125.	33.886	33.984	33.949	
14616	1125.	33.886	33.984	33.949	
14617	1125.1	33.886	33.984	33.949	
14618	1125.2	33.886	33.984	33.949	
14619	1125.3	33.886	33.984	33.95	
14620	1125.4	33.886	33.985	33.95	
14621	1125.5	33.887	33.985	33.95	
14622	1125.6	33.887	33.985	33.95	
14623	1125.7	33.887	33.985	33.95	
14624	1125.8	33.887	33.985	33.95	
14625	1125.9	33.887	33.985	33.95	
14626	1126.	33.887	33.985	33.951	
14627	1126.	33.887	33.985	33.951	
14628	1126.	33.887	33.985	33.951	
14629	1126.	33.887	33.986	33.951	
14630	1126.1	33.887	33.986	33.951	
14631	1126.2	33.888	33.986	33.951	
14632	1126.3	33.888	33.986	33.951	
14633	1126.4	33.888	33.986	33.951	
14634	1126.5	33.888	33.986	33.951	
14635	1126.6	33.888	33.986	33.952	
14636	1126.7	33.888	33.987	33.952	
14637	1126.8	33.889	33.987	33.952	
14638	1126.9	33.889	33.987	33.952	
14639	1127.	33.889	33.987	33.952	
14640	1127.	33.889	33.987	33.952	
14641	1127.	33.889	33.987	33.952	
14642	1127.	33.889	33.987	33.952	
14643	1127.1	33.889	33.987	33.952	
14644	1127.2	33.889	33.987	33.952	
14645	1127.3	33.889	33.988	33.953	
14646	1127.4	33.889	33.988	33.953	
14647	1127.5	33.89	33.988	33.953	
14648	1127.6	33.89	33.988	33.953	
14649	1127.7	33.89	33.988	33.953	
14650	1127.8	33.89	33.988	33.953	
14651	1127.9	33.89	33.988	33.954	
14652	1128.	33.89	33.989	33.954	
14653	1128.	33.89	33.989	33.954	
14654	1128.	33.89	33.989	33.954	
14655	1128.	33.89	33.989	33.954	
14656	1128.1	33.891	33.989	33.954	
14657	1128.2	33.891	33.989	33.954	
14658	1128.3	33.891	33.989	33.954	
14659	1128.4	33.891	33.989	33.954	
14660	1128.5	33.891	33.989	33.954	
14661	1128.6	33.891	33.99	33.955	
14662	1128.7	33.891	33.99	33.955	
14663	1128.8	33.892	33.99	33.955	
14664	1128.9	33.892	33.99	33.955	
14665	1129.	33.892	33.99	33.955	
14666	1129.	33.892	33.99	33.955	
14667	1129.	33.892	33.99	33.955	
14668	1129.	33.892	33.99	33.955	
14669	1129.1	33.892	33.99	33.955	
14670	1129.2	33.892	33.991	33.956	
14671	1129.3	33.892	33.991	33.956	
14672	1129.4	33.893	33.991	33.956	
14673	1129.5	33.893	33.991	33.956	
14674	1129.6	33.893	33.991	33.956	
14675	1129.7	33.893	33.991	33.956	
14676	1129.8	33.893	33.991	33.957	
14677	1129.9	33.893	33.992	33.957	
14678	1130.	33.893	33.992	33.957	
14679	1130.	33.893	33.992	33.957	
14680	1130.	33.893	33.992	33.957	
14681	1130.	33.894	33.992	33.957	
14682	1130.1	33.894	33.992	33.957	
14683	1130.2	33.894	33.992	33.957	
14684	1130.3	33.894	33.992	33.957	
14685	1130.4	33.894	33.992	33.957	
14686	1130.5	33.894	33.993	33.958	
14687	1130.6	33.894	33.993	33.958	
14688	1130.7	33.895	33.993	33.958	
14689	1130.8	33.895	33.993	33.958	
14690	1130.9	33.895	33.993	33.958	
14691	1131.	33.895	33.993	33.958	
14692	1131.	33.895	33.993	33.958	
14693	1131.	33.895	33.993	33.958	
14694	1131.	33.895	33.993	33.958	
14695	1131.1	33.895	33.993	33.959	
14696	1131.2	33.895	33.994	33.959	
14697	1131.3	33.896	33.994	33.959	
14698	1131.4	33.896	33.994	33.959	
14699	1131.5	33.896	33.994	33.959	
14700	1131.6	33.896	33.994	33.959	
14701	1131.7	33.896	33.994	33.959	
14702	1131.8	33.896	33.995	33.96	
14703	1131.9	33.896	33.995	33.96	
14704	1132.	33.897	33.995	33.96	
14705	1132.	33.897	33.995	33.96	
14706	1132.	33.897	33.995	33.96	
14707	1132.	33.897	33.995	33.96	
14708	1132.1	33.897	33.995	33.96	
14709	1132.2	33.897	33.995	33.96	
14710	1132.3	33.897	33.995	33.96	
14711	1132.4	33.897	33.996	33.961	
14712	1132.5	33.897	33.996	33.961	
14713	1132.6	33.898	33.996	33.961	
14714	1132.7	33.898	33.996	33.961	
14715	1132.8	33.898	33.996	33.961	
14716	1132.9	33.898	33.996	33.961	
14717	1133.	33.898	33.996	33.961	
14718	1133.	33.898	33.996	33.961	
14719	1133.	33.898	33.996	33.961	
14720	1133.	33.898	33.996	33.962	
14721	1133.1	33.898	33.997	33.962	
14722	1133.2	33.898	33.997	33.962	
14723	1133.3	33.899	33.997	33.962	
14724	1133.4	33.899	33.997	33.962	
14725	1133.5	33.899	33.997	33.962	
14726	1133.6	33.899	33.997	33.962	
14727	1133.7	33.899	33.998	33.963	
14728	1133.8	33.899	33.998	33.963	
14729	1133.9	33.9	33.998	33.963	
14730	1134.	33.9	33.998	33.963	
14731	1134.	33.9	33.998	33.963	
14732	1134.	33.9	33.998	33.963	
14733	1134.	33.9	33.998	33.963	
14734	1134.1	33.9	33.998	33.963	
14735	1134.2	33.9	33.998	33.963	
14736	1134.3	33.9	33.998	33.964	
14737	1134.4	33.9	33.999	33.964	
14738	1134.5	33.9	33.999	33.964	
14739	1134.6	33.901	33.999	33.964	
14740	1134.7	33.901	33.999	33.964	
14741	1134.8	33.901	33.999	33.964	
14742	1134.9	33.901	33.999	33.964	
14743	1135.	33.901	33.999	33.965	
14744	1135.	33.901	34.	33.965	
14745	1135.	33.901	34.	33.965	
14746	1135.	33.901	34.	33.965	
14747	1135.1	33.901	34.	33.965	
14748	1135.2	33.902	34.	33.965	
14749	1135.3	33.902	34.	33.965	
14750	1135.4	33.902	34.	33.965	
14751	1135.5	33.902	34.	33.965	
14752	1135.6	33.902	34.	33.966	
14753	1135.7	33.902	34.001	33.966	
14754	1135.8	33.902	34.001	33.966	
14755	1135.9	33.903	34.001	33.966	
14756	1136.	33.903	34.001	33.966	
14757	1136.	33.903	34.001	33.966	
14758	1136.	33.903	34.001	33.966	
14759	1136.	33.903	34.001	33.966	
14760	1136.1	33.903	34.001	33.966	
14761	1136.2	33.903	34.001	33.966	
14762	1136.3	33.903	34.002	33.967	
14763	1136.4	33.903	34.002	33.967	
14764	1136.5	33.904	34.002	33.967	
14765	1136.6	33.904	34.002	33.967	
14766	1136.7	33.904	34.002	33.967	
14767	1136.8	33.904	34.002	33.967	
14768	1136.9	33.904	34.003	33.968	
14769	1137.	33.904	34.003	33.968	
14770	1137.	33.904	34.003	33.968	
14771	1137.	33.904	34.003	33.968	
14772	1137.	33.904	34.003	33.968	
14773	1137.1	33.904	34.003	33.968	
14774	1137.2	33.905	34.003	33.968	
14775	1137.3	33.905	34.003	33.968	
14776	1137.4	33.905	34.003	33.968	
14777	1137.5	33.905	34.003	33.968	
14778	1137.6	33.905	34.004	33.969	
14779	1137.7	33.905	34.004	33.969	
14780	1137.8	33.906	34.004	33.969	
14781	1137.9	33.906	34.004	33.969	
14782	1138.	33.906	34.004	33.969	
14783	1138.	33.906	34.004	33.969	
14784	1138.	33.906	34.004	33.969	
14785	1138.	33.906	34.004	33.969	
14786	1138.1	33.906	34.004	33.969	
14787	1138.2	33.906	34.005	33.97	
14788	1138.3	33.906	34.005	33.97	
14789	1138.4	33.907	34.005	33.97	
14790	1138.5	33.907	34.005	33.97	
14791	1138.6	33.907	34.005	33.97	
14792	1138.7	33.907	34.005	33.97	
14793	1138.8	33.907	34.005	33.971	
14794	1138.9	33.907	34.006	33.971	
14795	1139.	33.907	34.006	33.971	
14796	1139.	33.907	34.006	33.971	
14797	1139.	33.907	34.006	33.971	
14798	1139.	33.907	34.006	33.971	
14799	1139.1	33.908	34.006	33.971	
14800	1139.2	33.908	34.006	33.971	
14801	1139.3	33.908	34.006	33.971	
14802	1139.4	33.908	34.006	33.971	
14803	1139.5	33.908	34.007	33.972	
14804	1139.6	33.908	34.007	33.972	
14805	1139.7	33.909	34.007	33.972	
14806	1139.8	33.909	34.007	33.972	
14807	1139.9	33.909	34.007	33.972	
14808	1140.	33.909	34.007	33.972	
14809	1140.	33.909	34.007	33.972	
14810	1140.	33.909	34.007	33.972	
14811	1140.	33.909	34.007	33.972	
14812	1140.1	33.909	34.008	33.973	
14813	1140.2	33.909	34.008	33.973	
14814	1140.3	33.909	34.008	33.973	
14815	1140.4	33.91	34.008	33.973	
14816	1140.5	33.91	34.008	33.973	
14817	1140.6	33.91	34.008	33.973	
14818	1140.7	33.91	34.008	33.973	
14819	1140.8	33.91	34.009	33.974	
14820	1140.9	33.91	34.009	33.974	
14821	1141.	33.91	34.009	33.974	
14822	1141.	33.91	34.009	33.974	
14823	1141.	33.911	34.009	33.974	
14824	1141.	33.911	34.009	33.974	
14825	1141.1	33.911	34.009	33.974	
14826	1141.2	33.911	34.009	33.974	
14827	1141.3	33.911	34.009	33.974	
14828	1141.4	33.911	34.01	33.975	
14829	1141.5	33.911	34.01	33.975	
14830	1141.6	33.911	34.01	33.975	
14831	1141.7	33.912	34.01	33.975	
14832	1141.8	33.912	34.01	33.975	
14833	1141.9	33.912	34.01	33.975	
14834	1142.	33.912	34.01	33.975	
14835	1142.	33.912	34.01	33.975	
14836	1142.	33.912	34.01	33.975	
14837	1142.	33.912	34.01	33.976	
14838	1142.1	33.912	34.011	33.976	
14839	1142.2	33.912	34.011	33.976	
14840	1142.3	33.913	34.011	33.976	
14841	1142.4	33.913	34.011	33.976	
14842	1142.5	33.913	34.011	33.976	
14843	1142.6	33.913	34.011	33.976	
14844	1142.7	33.913	34.012	33.977	
14845	1142.8	33.913	34.012	33.977	
14846	1142.9	33.913	34.012	33.977	
14847	1143.	33.914	34.012	33.977	
14848	1143.	33.914	34.012	33.977	
14849	1143.	33.914	34.012	33.977	
14850	1143.	33.914	34.012	33.977	
14851	1143.1	33.914	34.012	33.977	
14852	1143.2	33.914	34.012	33.977	
14853	1143.3	33.914	34.013	33.978	
14854	1143.4	33.914	34.013	33.978	
14855	1143.5	33.914	34.013	33.978	
14856	1143.6	33.915	34.013	33.978	
14857	1143.7	33.915	34.013	33.978	
14858	1143.8	33.915	34.013	33.978	
14859	1143.9	33.915	34.013	33.978	
14860	1144.	33.915	34.014	33.979	
14861	1144.	33.915	34.014	33.979	
14862	1144.	33.915	34.014	33.979	
14863	1144.	33.915	34.014	33.979	
14864	1144.1	33.915	34.014	33.979	
14865	1144.2	33.915	34.014	33.979	
14866	1144.3	33.916	34.014	33.979	
14867	1144.4	33.916	34.014	33.979	
14868	1144.5	33.916	34.014	33.979	
14869	1144.6	33.916	34.015	33.98	
14870	1144.7	33.916	34.015	33.98	
14871	1144.8	33.916	34.015	33.98	
14872	1144.9	33.917	34.015	33.98	
14873	1145.	33.917	34.015	33.98	
14874	1145.	33.917	34.015	33.98	
14875	1145.	33.917	34.015	33.98	
14876	1145.	33.917	34.015	33.98	
14877	1145.1	33.917	34.015	33.98	
14878	1145.2	33.917	34.015	33.98	
14879	1145.3	33.917	34.016	33.981	
14880	1145.4	33.917	34.016	33.981	
14881	1145.5	33.917	34.016	33.981	
14882	1145.6	33.918	34.016	33.981	
14883	1145.7	33.918	34.016	33.981	
14884	1145.8	33.918	34.016	33.981	
14885	1145.9	33.918	34.017	33.982	
14886	1146.	33.918	34.017	33.982	
14887	1146.	33.918	34.017	33.982	
14888	1146.	33.918	34.017	33.982	
14889	1146.	33.918	34.017	33.982	
14890	1146.1	33.918	34.017	33.982	
14891	1146.2	33.919	34.017	33.982	
14892	1146.3	33.919	34.017	33.982	
14893	1146.4	33.919	34.017	33.982	
14894	1146.5	33.919	34.017	33.982	
14895	1146.6	33.919	34.018	33.983	
14896	1146.7	33.919	34.018	33.983	
14897	1146.8	33.92	34.018	33.983	
14898	1146.9	33.92	34.018	33.983	
14899	1147.	33.92	34.018	33.983	
14900	1147.	33.92	34.018	33.983	
14901	1147.	33.92	34.018	33.983	
14902	1147.	33.92	34.018	33.983	
14903	1147.1	33.92	34.018	33.983	
14904	1147.2	33.92	34.019	33.984	
14905	1147.3	33.92	34.019	33.984	
14906	1147.4	33.92	34.019	33.984	
14907	1147.5	33.921	34.019	33.984	
14908	1147.6	33.921	34.019	33.984	
14909	1147.7	33.921	34.019	33.984	
14910	1147.8	33.921	34.02	33.985	
14911	1147.9	33.921	34.02	33.985	
14912	1148.	33.921	34.02	33.985	
14913	1148.	33.921	34.02	33.985	
14914	1148.	33.921	34.02	33.985	
14915	1148.	33.921	34.02	33.985	
14916	1148.1	33.922	34.02	33.985	
14917	1148.2	33.922	34.02	33.985	
14918	1148.3	33.922	34.02	33.985	
14919	1148.4	33.922	34.02	33.985	
14920	1148.5	33.922	34.021	33.986	
14921	1148.6	33.922	34.021	33.986	
14922	1148.7	33.922	34.021	33.986	
14923	1148.8	33.923	34.021	33.986	
14924	1148.9	33.923	34.021	33.986	
14925	1149.	33.923	34.021	33.986	
14926	1149.	33.923	34.021	33.986	
14927	1149.	33.923	34.021	33.986	
14928	1149.	33.923	34.021	33.986	
14929	1149.1	33.923	34.022	33.987	
14930	1149.2	33.923	34.022	33.987	
14931	1149.3	33.923	34.022	33.987	
14932	1149.4	33.924	34.022	33.987	
14933	1149.5	33.924	34.022	33.987	
14934	1149.6	33.924	34.022	33.987	
14935	1149.7	33.924	34.022	33.987	
14936	1149.8	33.924	34.023	33.988	
14937	1149.9	33.924	34.023	33.988	
14938	1150.	33.924	34.023	33.988	
14939	1150.	33.924	34.023	33.988	
14940	1150.	33.924	34.023	33.988	
14941	1150.	33.924	34.023	33.988	
14942	1150.1	33.925	34.023	33.988	
14943	1150.2	33.925	34.023	33.988	
14944	1150.3	33.925	34.023	33.988	
14945	1150.4	33.925	34.024	33.989	
14946	1150.5	33.925	34.024	33.989	
14947	1150.6	33.925	34.024	33.989	
14948	1150.7	33.926	34.024	33.989	
14949	1150.8	33.926	34.024	33.989	
14950	1150.9	33.926	34.024	33.989	
14951	1151.	33.926	34.024	33.989	
14952	1151.	33.926	34.024	33.989	
14953	1151.	33.926	34.024	33.989	
14954	1151.	33.926	34.025	33.99	
14955	1151.1	33.926	34.025	33.99	
14956	1151.2	33.926	34.025	33.99	
14957	1151.3	33.926	34.025	33.99	
14958	1151.4	33.927	34.025	33.99	
14959	1151.5	33.927	34.025	33.99	
14960	1151.6	33.927	34.025	33.99	
14961	1151.7	33.927	34.026	33.991	
14962	1151.8	33.927	34.026	33.991	
14963	1151.9	33.927	34.026	33.991	
14964	1152.	33.927	34.026	33.991	
14965	1152.	33.928	34.026	33.991	
14966	1152.	33.928	34.026	33.991	
14967	1152.	33.928	34.026	33.991	
14968	1152.1	33.928	34.026	33.991	
14969	1152.2	33.928	34.026	33.991	
14970	1152.3	33.928	34.027	33.992	
14971	1152.4	33.928	34.027	33.992	
14972	1152.5	33.928	34.027	33.992	
14973	1152.6	33.928	34.027	33.992	
14974	1152.7	33.929	34.027	33.992	
14975	1152.8	33.929	34.027	33.992	
14976	1152.9	33.929	34.027	33.992	
14977	1153.	33.929	34.028	33.993	
14978	1153.	33.929	34.028	33.993	
14979	1153.	33.929	34.028	33.993	
14980	1153.	33.929	34.028	33.993	
14981	1153.1	33.929	34.028	33.993	
14982	1153.2	33.929	34.028	33.993	
14983	1153.3	33.93	34.028	33.993	
14984	1153.4	33.93	34.028	33.993	
14985	1153.5	33.93	34.028	33.993	
14986	1153.6	33.93	34.029	33.994	
14987	1153.7	33.93	34.029	33.994	
14988	1153.8	33.93	34.029	33.994	
14989	1153.9	33.931	34.029	33.994	
14990	1154.	33.931	34.029	33.994	
14991	1154.	33.931	34.029	33.994	
14992	1154.	33.931	34.029	33.994	
14993	1154.	33.931	34.029	33.994	
14994	1154.1	33.931	34.029	33.994	
14995	1154.2	33.931	34.03	33.994	
14996	1154.3	33.931	34.03	33.995	
14997	1154.4	33.931	34.03	33.995	
14998	1154.5	33.931	34.03	33.995	
14999	1154.6	33.932	34.03	33.995	
15000	1154.7	33.932	34.03	33.995	
15001	1154.8	33.932	34.03	33.995	
15002	1154.9	33.932	34.031	33.996	
15003	1155.	33.932	34.031	33.996	
15004	1155.	33.932	34.031	33.996	
15005	1155.	33.932	34.031	33.996	
15006	1155.	33.932	34.031	33.996	
15007	1155.1	33.932	34.031	33.996	
15008	1155.2	33.933	34.031	33.996	
15009	1155.3	33.933	34.031	33.996	
15010	1155.4	33.933	34.031	33.996	
15011	1155.5	33.933	34.032	33.996	
15012	1155.6	33.933	34.032	33.997	
15013	1155.7	33.933	34.032	33.997	
15014	1155.8	33.933	34.032	33.997	
15015	1155.9	33.934	34.032	33.997	
15016	1156.	33.934	34.032	33.997	
15017	1156.	33.934	34.032	33.997	
15018	1156.	33.934	34.032	33.997	
15019	1156.	33.934	34.032	33.997	
15020	1156.1	33.934	34.032	33.997	
15021	1156.2	33.934	34.033	33.998	
15022	1156.3	33.934	34.033	33.998	
15023	1156.4	33.934	34.033	33.998	
15024	1156.5	33.935	34.033	33.998	
15025	1156.6	33.935	34.033	33.998	
15026	1156.7	33.935	34.033	33.998	
15027	1156.8	33.935	34.034	33.999	
15028	1156.9	33.935	34.034	33.999	
15029	1157.	33.935	34.034	33.999	
15030	1157.	33.935	34.034	33.999	
15031	1157.	33.935	34.034	33.999	
15032	1157.	33.935	34.034	33.999	
15033	1157.1	33.935	34.034	33.999	
15034	1157.2	33.936	34.034	33.999	
15035	1157.3	33.936	34.034	33.999	
15036	1157.4	33.936	34.034	33.999	
15037	1157.5	33.936	34.035	34.	
15038	1157.6	33.936	34.035	34.	
15039	1157.7	33.936	34.035	34.	
15040	1157.8	33.937	34.035	34.	
15041	1157.9	33.937	34.035	34.	
15042	1158.	33.937	34.035	34.	
15043	1158.	33.937	34.035	34.	
15044	1158.	33.937	34.035	34.	
15045	1158.	33.937	34.035	34.	
15046	1158.1	33.937	34.036	34.001	
15047	1158.2	33.937	34.036	34.001	
15048	1158.3	33.937	34.036	34.001	
15049	1158.4	33.937	34.036	34.001	
15050	1158.5	33.938	34.036	34.001	
15051	1158.6	33.938	34.036	34.001	
15052	1158.7	33.938	34.037	34.001	
15053	1158.8	33.938	34.037	34.002	
15054	1158.9	33.938	34.037	34.002	
15055	1159.	33.938	34.037	34.002	
15056	1159.	33.938	34.037	34.002	
15057	1159.	33.938	34.037	34.002	
15058	1159.	33.938	34.037	34.002	
15059	1159.1	33.939	34.037	34.002	
15060	1159.2	33.939	34.037	34.002	
15061	1159.3	33.939	34.037	34.002	
15062	1159.4	33.939	34.038	34.003	
15063	1159.5	33.939	34.038	34.003	
15064	1159.6	33.939	34.038	34.003	
15065	1159.7	33.939	34.038	34.003	
15066	1159.8	33.94	34.038	34.003	
15067	1159.9	33.94	34.038	34.003	
15068	1160.	33.94	34.038	34.003	
15069	1160.	33.94	34.039	34.003	
15070	1160.	33.94	34.039	34.003	
15071	1160.	33.94	34.039	34.004	
15072	1160.1	33.94	34.039	34.004	
15073	1160.2	33.94	34.039	34.004	
15074	1160.3	33.94	34.039	34.004	
15075	1160.4	33.941	34.039	34.004	
15076	1160.5	33.941	34.039	34.004	
15077	1160.6	33.941	34.039	34.004	
15078	1160.7	33.941	34.04	34.005	
15079	1160.8	33.941	34.04	34.005	
15080	1160.9	33.941	34.04	34.005	
15081	1161.	33.941	34.04	34.005	
15082	1161.	33.941	34.04	34.005	
15083	1161.	33.941	34.04	34.005	
15084	1161.	33.942	34.04	34.005	
15085	1161.1	33.942	34.04	34.005	
15086	1161.2	33.942	34.04	34.005	
15087	1161.3	33.942	34.041	34.006	
15088	1161.4	33.942	34.041	34.006	
15089	1161.5	33.942	34.041	34.006	
15090	1161.6	33.942	34.041	34.006	
15091	1161.7	33.943	34.041	34.006	
15092	1161.8	33.943	34.041	34.006	
15093	1161.9	33.943	34.042	34.006	
15094	1162.	33.943	34.042	34.007	
15095	1162.	33.943	34.042	34.007	
15096	1162.	33.943	34.042	34.007	
15097	1162.	33.943	34.042	34.007	
15098	1162.1	33.943	34.042	34.007	
15099	1162.2	33.943	34.042	34.007	
15100	1162.3	33.944	34.042	34.007	
15101	1162.4	33.944	34.042	34.007	
15102	1162.5	33.944	34.042	34.007	
15103	1162.6	33.944	34.043	34.008	
15104	1162.7	33.944	34.043	34.008	
15105	1162.8	33.944	34.043	34.008	
15106	1162.9	33.944	34.043	34.008	
15107	1163.	33.945	34.043	34.008	
15108	1163.	33.945	34.043	34.008	
15109	1163.	33.945	34.043	34.008	
15110	1163.	33.945	34.043	34.008	
15111	1163.1	33.945	34.043	34.008	
15112	1163.2	33.945	34.044	34.008	
15113	1163.3	33.945	34.044	34.009	
15114	1163.4	33.945	34.044	34.009	
15115	1163.5	33.945	34.044	34.009	
15116	1163.6	33.946	34.044	34.009	
15117	1163.7	33.946	34.044	34.009	
15118	1163.8	33.946	34.044	34.009	
15119	1163.9	33.946	34.045	34.01	
15120	1164.	33.946	34.045	34.01	
15121	1164.	33.946	34.045	34.01	
15122	1164.	33.946	34.045	34.01	
15123	1164.	33.946	34.045	34.01	
15124	1164.1	33.946	34.045	34.01	
15125	1164.2	33.946	34.045	34.01	
15126	1164.3	33.947	34.045	34.01	
15127	1164.4	33.947	34.045	34.01	
15128	1164.5	33.947	34.046	34.01	
15129	1164.6	33.947	34.046	34.011	
15130	1164.7	33.947	34.046	34.011	
15131	1164.8	33.947	34.046	34.011	
15132	1164.9	33.948	34.046	34.011	
15133	1165.	33.948	34.046	34.011	
15134	1165.	33.948	34.046	34.011	
15135	1165.	33.948	34.046	34.011	
15136	1165.	33.948	34.046	34.011	
15137	1165.1	33.948	34.047	34.011	
15138	1165.2	33.948	34.047	34.012	
15139	1165.3	33.948	34.047	34.012	
15140	1165.4	33.948	34.047	34.012	
15141	1165.5	33.948	34.047	34.012	
15142	1165.6	33.949	34.047	34.012	
15143	1165.7	33.949	34.047	34.012	
15144	1165.8	33.949	34.048	34.013	
15145	1165.9	33.949	34.048	34.013	
15146	1166.	33.949	34.048	34.013	
15147	1166.	33.949	34.048	34.013	
15148	1166.	33.949	34.048	34.013	
15149	1166.	33.949	34.048	34.013	
15150	1166.1	33.949	34.048	34.013	
15151	1166.2	33.95	34.048	34.013	
15152	1166.3	33.95	34.048	34.013	
15153	1166.4	33.95	34.049	34.013	
15154	1166.5	33.95	34.049	34.014	
15155	1166.6	33.95	34.049	34.014	
15156	1166.7	33.95	34.049	34.014	
15157	1166.8	33.95	34.049	34.014	
15158	1166.9	33.951	34.049	34.014	
15159	1167.	33.951	34.049	34.014	
15160	1167.	33.951	34.049	34.014	
15161	1167.	33.951	34.049	34.014	
15162	1167.	33.951	34.049	34.014	
15163	1167.1	33.951	34.05	34.015	
15164	1167.2	33.951	34.05	34.015	
15165	1167.3	33.951	34.05	34.015	
15166	1167.4	33.951	34.05	34.015	
15167	1167.5	33.952	34.05	34.015	
15168	1167.6	33.952	34.05	34.015	
15169	1167.7	33.952	34.051	34.015	
15170	1167.8	33.952	34.051	34.016	
15171	1167.9	33.952	34.051	34.016	
15172	1168.	33.952	34.051	34.016	
15173	1168.	33.952	34.051	34.016	
15174	1168.	33.952	34.051	34.016	
15175	1168.	33.952	34.051	34.016	
15176	1168.1	33.952	34.051	34.016	
15177	1168.2	33.953	34.051	34.016	
15178	1168.3	33.953	34.051	34.016	
15179	1168.4	33.953	34.052	34.017	
15180	1168.5	33.953	34.052	34.017	
15181	1168.6	33.953	34.052	34.017	
15182	1168.7	33.953	34.052	34.017	
15183	1168.8	33.954	34.052	34.017	
15184	1168.9	33.954	34.052	34.017	
15185	1169.	33.954	34.053	34.017	
15186	1169.	33.954	34.053	34.017	
15187	1169.	33.954	34.053	34.017	
15188	1169.	33.954	34.053	34.018	
15189	1169.1	33.954	34.053	34.018	
15190	1169.2	33.954	34.053	34.018	
15191	1169.3	33.954	34.053	34.018	
15192	1169.4	33.954	34.053	34.018	
15193	1169.5	33.955	34.053	34.018	
15194	1169.6	33.955	34.054	34.018	
15195	1169.7	33.955	34.054	34.019	
15196	1169.8	33.955	34.054	34.019	
15197	1169.9	33.955	34.054	34.019	
15198	1170.	33.955	34.054	34.019	
15199	1170.	33.955	34.054	34.019	
15200	1170.	33.955	34.054	34.019	
15201	1170.	33.955	34.054	34.019	
15202	1170.1	33.956	34.054	34.019	
15203	1170.2	33.956	34.054	34.019	
15204	1170.3	33.956	34.055	34.02	
15205	1170.4	33.956	34.055	34.02	
15206	1170.5	33.956	34.055	34.02	
15207	1170.6	33.956	34.055	34.02	
15208	1170.7	33.957	34.055	34.02	
15209	1170.8	33.957	34.055	34.02	
15210	1170.9	33.957	34.056	34.02	
15211	1171.	33.957	34.056	34.021	
15212	1171.	33.957	34.056	34.021	
15213	1171.	33.957	34.056	34.021	
15214	1171.	33.957	34.056	34.021	
15215	1171.1	33.957	34.056	34.021	
15216	1171.2	33.957	34.056	34.021	
15217	1171.3	33.957	34.056	34.021	
15218	1171.4	33.958	34.056	34.021	
15219	1171.5	33.958	34.056	34.021	
15220	1171.6	33.958	34.057	34.022	
15221	1171.7	33.958	34.057	34.022	
15222	1171.8	33.958	34.057	34.022	
15223	1171.9	33.958	34.057	34.022	
15224	1172.	33.958	34.057	34.022	
15225	1172.	33.958	34.057	34.022	
15226	1172.	33.958	34.057	34.022	
15227	1172.	33.959	34.057	34.022	
15228	1172.1	33.959	34.057	34.022	
15229	1172.2	33.959	34.058	34.022	
15230	1172.3	33.959	34.058	34.023	
15231	1172.4	33.959	34.058	34.023	
15232	1172.5	33.959	34.058	34.023	
15233	1172.6	33.959	34.058	34.023	
15234	1172.7	33.96	34.058	34.023	
15235	1172.8	33.96	34.059	34.023	
15236	1172.9	33.96	34.059	34.024	
15237	1173.	33.96	34.059	34.024	
15238	1173.	33.96	34.059	34.024	
15239	1173.	33.96	34.059	34.024	
15240	1173.	33.96	34.059	34.024	
15241	1173.1	33.96	34.059	34.024	
15242	1173.2	33.96	34.059	34.024	
15243	1173.3	33.961	34.059	34.024	
15244	1173.4	33.961	34.059	34.024	
15245	1173.5	33.961	34.06	34.024	
15246	1173.6	33.961	34.06	34.025	
15247	1173.7	33.961	34.06	34.025	
15248	1173.8	33.961	34.06	34.025	
15249	1173.9	33.961	34.06	34.025	
15250	1174.	33.962	34.06	34.025	
15251	1174.	33.962	34.06	34.025	
15252	1174.	33.962	34.06	34.025	
15253	1174.	33.962	34.06	34.025	
15254	1174.1	33.962	34.061	34.025	
15255	1174.2	33.962	34.061	34.026	
15256	1174.3	33.962	34.061	34.026	
15257	1174.4	33.962	34.061	34.026	
15258	1174.5	33.962	34.061	34.026	
15259	1174.6	33.963	34.061	34.026	
15260	1174.7	33.963	34.061	34.026	
15261	1174.8	33.963	34.062	34.027	
15262	1174.9	33.963	34.062	34.027	
15263	1175.	33.963	34.062	34.027	
15264	1175.	33.963	34.062	34.027	
15265	1175.	33.963	34.062	34.027	
15266	1175.	33.963	34.062	34.027	
15267	1175.1	33.963	34.062	34.027	
15268	1175.2	33.963	34.062	34.027	
15269	1175.3	33.964	34.062	34.027	
15270	1175.4	33.964	34.063	34.027	
15271	1175.5	33.964	34.063	34.028	
15272	1175.6	33.964	34.063	34.028	
15273	1175.7	33.964	34.063	34.028	
15274	1175.8	33.964	34.063	34.028	
15275	1175.9	33.965	34.063	34.028	
15276	1176.	33.965	34.063	34.028	
15277	1176.	33.965	34.063	34.028	
15278	1176.	33.965	34.063	34.028	
15279	1176.	33.965	34.064	34.028	
15280	1176.1	33.965	34.064	34.029	
15281	1176.2	33.965	34.064	34.029	
15282	1176.3	33.965	34.064	34.029	
15283	1176.4	33.965	34.064	34.029	
15284	1176.5	33.965	34.064	34.029	
15285	1176.6	33.966	34.064	34.029	
15286	1176.7	33.966	34.065	34.029	
15287	1176.8	33.966	34.065	34.03	
15288	1176.9	33.966	34.065	34.03	
15289	1177.	33.966	34.065	34.03	
15290	1177.	33.966	34.065	34.03	
15291	1177.	33.966	34.065	34.03	
15292	1177.	33.966	34.065	34.03	
15293	1177.1	33.966	34.065	34.03	
15294	1177.2	33.967	34.065	34.03	
15295	1177.3	33.967	34.066	34.03	
15296	1177.4	33.967	34.066	34.031	
15297	1177.5	33.967	34.066	34.031	
15298	1177.6	33.967	34.066	34.031	
15299	1177.7	33.967	34.066	34.031	
15300	1177.8	33.967	34.066	34.031	
15301	1177.9	33.968	34.066	34.031	
15302	1178.	33.968	34.067	34.031	
15303	1178.	33.968	34.067	34.031	
15304	1178.	33.968	34.067	34.031	
15305	1178.	33.968	34.067	34.032	
15306	1178.1	33.968	34.067	34.032	
15307	1178.2	33.968	34.067	34.032	
15308	1178.3	33.968	34.067	34.032	
15309	1178.4	33.968	34.067	34.032	
15310	1178.5	33.969	34.067	34.032	
15311	1178.6	33.969	34.068	34.032	
15312	1178.7	33.969	34.068	34.033	
15313	1178.8	33.969	34.068	34.033	
15314	1178.9	33.969	34.068	34.033	
15315	1179.	33.969	34.068	34.033	
15316	1179.	33.969	34.068	34.033	
15317	1179.	33.969	34.068	34.033	
15318	1179.	33.969	34.068	34.033	
15319	1179.1	33.97	34.068	34.033	
15320	1179.2	33.97	34.069	34.033	
15321	1179.3	33.97	34.069	34.034	
15322	1179.4	33.97	34.069	34.034	
15323	1179.5	33.97	34.069	34.034	
15324	1179.6	33.97	34.069	34.034	
15325	1179.7	33.97	34.069	34.034	
15326	1179.8	33.971	34.069	34.034	
15327	1179.9	33.971	34.07	34.034	
15328	1180.	33.971	34.07	34.035	
15329	1180.	33.971	34.07	34.035	
15330	1180.	33.971	34.07	34.035	
15331	1180.	33.971	34.07	34.035	
15332	1180.1	33.971	34.07	34.035	
15333	1180.2	33.971	34.07	34.035	
15334	1180.3	33.971	34.07	34.035	
15335	1180.4	33.972	34.07	34.035	
15336	1180.5	33.972	34.071	34.035	
15337	1180.6	33.972	34.071	34.036	
15338	1180.7	33.972	34.071	34.036	
15339	1180.8	33.972	34.071	34.036	
15340	1180.9	33.972	34.071	34.036	
15341	1181.	33.972	34.071	34.036	
15342	1181.	33.972	34.071	34.036	
15343	1181.	33.972	34.071	34.036	
15344	1181.	33.972	34.071	34.036	
15345	1181.1	33.973	34.071	34.036	
15346	1181.2	33.973	34.072	34.036	
15347	1181.3	33.973	34.072	34.037	
15348	1181.4	33.973	34.072	34.037	
15349	1181.5	33.973	34.072	34.037	
15350	1181.6	33.973	34.072	34.037	
15351	1181.7	33.974	34.072	34.037	
15352	1181.8	33.974	34.073	34.037	
15353	1181.9	33.974	34.073	34.038	
15354	1182.	33.974	34.073	34.038	
15355	1182.	33.974	34.073	34.038	
15356	1182.	33.974	34.073	34.038	
15357	1182.	33.974	34.073	34.038	
15358	1182.1	33.974	34.073	34.038	
15359	1182.2	33.974	34.073	34.038	
15360	1182.3	33.974	34.073	34.038	
15361	1182.4	33.975	34.073	34.038	
15362	1182.5	33.975	34.074	34.038	
15363	1182.6	33.975	34.074	34.039	
15364	1182.7	33.975	34.074	34.039	
15365	1182.8	33.975	34.074	34.039	
15366	1182.9	33.975	34.074	34.039	
15367	1183.	33.975	34.074	34.039	
15368	1183.	33.975	34.074	34.039	
15369	1183.	33.976	34.074	34.039	
15370	1183.	33.976	34.074	34.039	
15371	1183.1	33.976	34.075	34.039	
15372	1183.2	33.976	34.075	34.04	
15373	1183.3	33.976	34.075	34.04	
15374	1183.4	33.976	34.075	34.04	
15375	1183.5	33.976	34.075	34.04	
15376	1183.6	33.976	34.075	34.04	
15377	1183.7	33.977	34.076	34.04	
15378	1183.8	33.977	34.076	34.041	
15379	1183.9	33.977	34.076	34.041	
15380	1184.	33.977	34.076	34.041	
15381	1184.	33.977	34.076	34.041	
15382	1184.	33.977	34.076	34.041	
15383	1184.	33.977	34.076	34.041	
15384	1184.1	33.977	34.076	34.041	
15385	1184.2	33.977	34.076	34.041	
15386	1184.3	33.978	34.076	34.041	
15387	1184.4	33.978	34.077	34.041	
15388	1184.5	33.978	34.077	34.042	
15389	1184.6	33.978	34.077	34.042	
15390	1184.7	33.978	34.077	34.042	
15391	1184.8	33.978	34.077	34.042	
15392	1184.9	33.978	34.077	34.042	
15393	1185.	33.979	34.077	34.042	
15394	1185.	33.979	34.077	34.042	
15395	1185.	33.979	34.078	34.042	
15396	1185.	33.979	34.078	34.042	
15397	1185.1	33.979	34.078	34.043	
15398	1185.2	33.979	34.078	34.043	
15399	1185.3	33.979	34.078	34.043	
15400	1185.4	33.979	34.078	34.043	
15401	1185.5	33.979	34.078	34.043	
15402	1185.6	33.98	34.078	34.043	
15403	1185.7	33.98	34.079	34.043	
15404	1185.8	33.98	34.079	34.044	
15405	1185.9	33.98	34.079	34.044	
15406	1186.	33.98	34.079	34.044	
15407	1186.	33.98	34.079	34.044	
15408	1186.	33.98	34.079	34.044	
15409	1186.	33.98	34.079	34.044	
15410	1186.1	33.98	34.079	34.044	
15411	1186.2	33.98	34.079	34.044	
15412	1186.3	33.981	34.08	34.044	
15413	1186.4	33.981	34.08	34.045	
15414	1186.5	33.981	34.08	34.045	
15415	1186.6	33.981	34.08	34.045	
15416	1186.7	33.981	34.08	34.045	
15417	1186.8	33.981	34.08	34.045	
15418	1186.9	33.982	34.081	34.045	
15419	1187.	33.982	34.081	34.045	
15420	1187.	33.982	34.081	34.045	
15421	1187.	33.982	34.081	34.045	
15422	1187.	33.982	34.081	34.046	
15423	1187.1	33.982	34.081	34.046	
15424	1187.2	33.982	34.081	34.046	
15425	1187.3	33.982	34.081	34.046	
15426	1187.4	33.982	34.081	34.046	
15427	1187.5	33.983	34.081	34.046	
15428	1187.6	33.983	34.082	34.046	
15429	1187.7	33.983	34.082	34.047	
15430	1187.8	33.983	34.082	34.047	
15431	1187.9	33.983	34.082	34.047	
15432	1188.	33.983	34.082	34.047	
15433	1188.	33.983	34.082	34.047	
15434	1188.	33.983	34.082	34.047	
15435	1188.	33.983	34.082	34.047	
15436	1188.1	33.983	34.082	34.047	
15437	1188.2	33.984	34.083	34.047	
15438	1188.3	33.984	34.083	34.048	
15439	1188.4	33.984	34.083	34.048	
15440	1188.5	33.984	34.083	34.048	
15441	1188.6	33.984	34.083	34.048	
15442	1188.7	33.984	34.083	34.048	
15443	1188.8	33.985	34.083	34.048	
15444	1188.9	33.985	34.084	34.048	
15445	1189.	33.985	34.084	34.049	
15446	1189.	33.985	34.084	34.049	
15447	1189.	33.985	34.084	34.049	
15448	1189.	33.985	34.084	34.049	
15449	1189.1	33.985	34.084	34.049	
15450	1189.2	33.985	34.084	34.049	
15451	1189.3	33.985	34.084	34.049	
15452	1189.4	33.985	34.084	34.049	
15453	1189.5	33.986	34.085	34.049	
15454	1189.6	33.986	34.085	34.05	
15455	1189.7	33.986	34.085	34.05	
15456	1189.8	33.986	34.085	34.05	
15457	1189.9	33.986	34.085	34.05	
15458	1190.	33.986	34.085	34.05	
15459	1190.	33.986	34.085	34.05	
15460	1190.	33.986	34.085	34.05	
15461	1190.	33.986	34.085	34.05	
15462	1190.1	33.987	34.086	34.05	
15463	1190.2	33.987	34.086	34.05	
15464	1190.3	33.987	34.086	34.051	
15465	1190.4	33.987	34.086	34.051	
15466	1190.5	33.987	34.086	34.051	
15467	1190.6	33.987	34.086	34.051	
15468	1190.7	33.987	34.086	34.051	
15469	1190.8	33.988	34.087	34.051	
15470	1190.9	33.988	34.087	34.052	
15471	1191.	33.988	34.087	34.052	
15472	1191.	33.988	34.087	34.052	
15473	1191.	33.988	34.087	34.052	
15474	1191.	33.988	34.087	34.052	
15475	1191.1	33.988	34.087	34.052	
15476	1191.2	33.988	34.087	34.052	
15477	1191.3	33.988	34.087	34.052	
15478	1191.4	33.989	34.088	34.052	
15479	1191.5	33.989	34.088	34.052	
15480	1191.6	33.989	34.088	34.053	
15481	1191.7	33.989	34.088	34.053	
15482	1191.8	33.989	34.088	34.053	
15483	1191.9	33.989	34.088	34.053	
15484	1192.	33.989	34.088	34.053	
15485	1192.	33.989	34.088	34.053	
15486	1192.	33.989	34.088	34.053	
15487	1192.	33.989	34.088	34.053	
15488	1192.1	33.99	34.089	34.053	
15489	1192.2	33.99	34.089	34.054	
15490	1192.3	33.99	34.089	34.054	
15491	1192.4	33.99	34.089	34.054	
15492	1192.5	33.99	34.089	34.054	
15493	1192.6	33.99	34.089	34.054	
15494	1192.7	33.991	34.09	34.054	
15495	1192.8	33.991	34.09	34.055	
15496	1192.9	33.991	34.09	34.055	
15497	1193.	33.991	34.09	34.055	
15498	1193.	33.991	34.09	34.055	
15499	1193.	33.991	34.09	34.055	
15500	1193.	33.991	34.09	34.055	
15501	1193.1	33.991	34.09	34.055	
15502	1193.2	33.991	34.09	34.055	
15503	1193.3	33.991	34.09	34.055	
15504	1193.4	33.992	34.091	34.055	
15505	1193.5	33.992	34.091	34.056	
15506	1193.6	33.992	34.091	34.056	
15507	1193.7	33.992	34.091	34.056	
15508	1193.8	33.992	34.091	34.056	
15509	1193.9	33.992	34.091	34.056	
15510	1194.	33.993	34.092	34.056	
15511	1194.	33.993	34.092	34.056	
15512	1194.	33.993	34.092	34.056	
15513	1194.	33.993	34.092	34.056	
15514	1194.1	33.993	34.092	34.057	
15515	1194.2	33.993	34.092	34.057	
15516	1194.3	33.993	34.092	34.057	
15517	1194.4	33.993	34.092	34.057	
15518	1194.5	33.993	34.092	34.057	
15519	1194.6	33.993	34.093	34.057	
15520	1194.7	33.994	34.093	34.057	
15521	1194.8	33.994	34.093	34.058	
15522	1194.9	33.994	34.093	34.058	
15523	1195.	33.994	34.093	34.058	
15524	1195.	33.994	34.093	34.058	
15525	1195.	33.994	34.093	34.058	
15526	1195.	33.994	34.093	34.058	
15527	1195.1	33.994	34.093	34.058	
15528	1195.2	33.994	34.093	34.058	
15529	1195.3	33.995	34.094	34.058	
15530	1195.4	33.995	34.094	34.059	
15531	1195.5	33.995	34.094	34.059	
15532	1195.6	33.995	34.094	34.059	
15533	1195.7	33.995	34.094	34.059	
15534	1195.8	33.995	34.094	34.059	
15535	1195.9	33.996	34.095	34.059	
15536	1196.	33.996	34.095	34.059	
15537	1196.	33.996	34.095	34.059	
15538	1196.	33.996	34.095	34.059	
15539	1196.	33.996	34.095	34.06	
15540	1196.1	33.996	34.095	34.06	
15541	1196.2	33.996	34.095	34.06	
15542	1196.3	33.996	34.095	34.06	
15543	1196.4	33.996	34.095	34.06	
15544	1196.5	33.996	34.095	34.06	
15545	1196.6	33.997	34.096	34.06	
15546	1196.7	33.997	34.096	34.061	
15547	1196.8	33.997	34.096	34.061	
15548	1196.9	33.997	34.096	34.061	
15549	1197.	33.997	34.096	34.061	
15550	1197.	33.997	34.096	34.061	
15551	1197.	33.997	34.096	34.061	
15552	1197.	33.997	34.096	34.061	
15553	1197.1	33.997	34.096	34.061	
15554	1197.2	33.998	34.097	34.061	
15555	1197.3	33.998	34.097	34.062	
15556	1197.4	33.998	34.097	34.062	
15557	1197.5	33.998	34.097	34.062	
15558	1197.6	33.998	34.097	34.062	
15559	1197.7	33.998	34.097	34.062	
15560	1197.8	33.998	34.098	34.062	
15561	1197.9	33.999	34.098	34.062	
15562	1198.	33.999	34.098	34.063	
15563	1198.	33.999	34.098	34.063	
15564	1198.	33.999	34.098	34.063	
15565	1198.	33.999	34.098	34.063	
15566	1198.1	33.999	34.098	34.063	
15567	1198.2	33.999	34.098	34.063	
15568	1198.3	33.999	34.098	34.063	
15569	1198.4	33.999	34.098	34.063	
15570	1198.5	34.	34.099	34.063	
15571	1198.6	34.	34.099	34.064	
15572	1198.7	34.	34.099	34.064	
15573	1198.8	34.	34.099	34.064	
15574	1198.9	34.	34.099	34.064	
15575	1199.	34.	34.099	34.064	
15576	1199.	34.	34.099	34.064	
15577	1199.	34.	34.099	34.064	
15578	1199.	34.	34.099	34.064	
15579	1199.1	34.	34.1	34.064	
15580	1199.2	34.001	34.1	34.064	
15581	1199.3	34.001	34.1	34.065	
15582	1199.4	34.001	34.1	34.065	
15583	1199.5	34.001	34.1	34.065	
15584	1199.6	34.001	34.1	34.065	
15585	1199.7	34.001	34.1	34.065	
15586	1199.8	34.002	34.101	34.065	
15587	1199.9	34.002	34.101	34.066	
15588	1200.	34.002	34.101	34.066	
15589	1200.	34.002	34.101	34.066	
15590	1200.	34.002	34.101	34.066	
15591	1200.	34.002	34.101	34.066	
15592	1200.1	34.002	34.101	34.066	
15593	1200.2	34.002	34.101	34.066	
15594	1200.3	34.002	34.101	34.066	
15595	1200.4	34.002	34.102	34.066	
15596	1200.5	34.003	34.102	34.066	
15597	1200.6	34.003	34.102	34.067	
15598	1200.7	34.003	34.102	34.067	
15599	1200.8	34.003	34.102	34.067	
15600	1200.9	34.003	34.102	34.067	
15601	1201.	34.003	34.102	34.067	
15602	1201.	34.003	34.102	34.067	
15603	1201.	34.003	34.102	34.067	
15604	1201.	34.003	34.103	34.067	
15605	1201.1	34.004	34.103	34.067	
15606	1201.2	34.004	34.103	34.068	
15607	1201.3	34.004	34.103	34.068	
15608	1201.4	34.004	34.103	34.068	
15609	1201.5	34.004	34.103	34.068	
15610	1201.6	34.004	34.103	34.068	
15611	1201.7	34.004	34.104	34.068	
15612	1201.8	34.005	34.104	34.069	
15613	1201.9	34.005	34.104	34.069	
15614	1202.	34.005	34.104	34.069	
15615	1202.	34.005	34.104	34.069	
15616	1202.	34.005	34.104	34.069	
15617	1202.	34.005	34.104	34.069	
15618	1202.1	34.005	34.104	34.069	
15619	1202.2	34.005	34.104	34.069	
15620	1202.3	34.005	34.105	34.069	
15621	1202.4	34.006	34.105	34.069	
15622	1202.5	34.006	34.105	34.07	
15623	1202.6	34.006	34.105	34.07	
15624	1202.7	34.006	34.105	34.07	
15625	1202.8	34.006	34.105	34.07	
15626	1202.9	34.006	34.105	34.07	
15627	1203.	34.006	34.106	34.07	
15628	1203.	34.006	34.106	34.07	
15629	1203.	34.006	34.106	34.07	
15630	1203.	34.007	34.106	34.07	
15631	1203.1	34.007	34.106	34.071	
15632	1203.2	34.007	34.106	34.071	
15633	1203.3	34.007	34.106	34.071	
15634	1203.4	34.007	34.106	34.071	
15635	1203.5	34.007	34.106	34.071	
15636	1203.6	34.007	34.107	34.071	
15637	1203.7	34.008	34.107	34.071	
15638	1203.8	34.008	34.107	34.072	
15639	1203.9	34.008	34.107	34.072	
15640	1204.	34.008	34.107	34.072	
15641	1204.	34.008	34.107	34.072	
15642	1204.	34.008	34.107	34.072	
15643	1204.	34.008	34.107	34.072	
15644	1204.1	34.008	34.107	34.072	
15645	1204.2	34.008	34.107	34.072	
15646	1204.3	34.009	34.108	34.072	
15647	1204.4	34.009	34.108	34.073	
15648	1204.5	34.009	34.108	34.073	
15649	1204.6	34.009	34.108	34.073	
15650	1204.7	34.009	34.108	34.073	
15651	1204.8	34.009	34.108	34.073	
15652	1204.9	34.009	34.109	34.073	
15653	1205.	34.01	34.109	34.073	
15654	1205.	34.01	34.109	34.073	
15655	1205.	34.01	34.109	34.073	
15656	1205.	34.01	34.109	34.074	
15657	1205.1	34.01	34.109	34.074	
15658	1205.2	34.01	34.109	34.074	
15659	1205.3	34.01	34.109	34.074	
15660	1205.4	34.01	34.109	34.074	
15661	1205.5	34.01	34.11	34.074	
15662	1205.6	34.011	34.11	34.074	
15663	1205.7	34.011	34.11	34.075	
15664	1205.8	34.011	34.11	34.075	
15665	1205.9	34.011	34.11	34.075	
15666	1206.	34.011	34.11	34.075	
15667	1206.	34.011	34.11	34.075	
15668	1206.	34.011	34.11	34.075	
15669	1206.	34.011	34.11	34.075	
15670	1206.1	34.011	34.11	34.075	
15671	1206.2	34.011	34.111	34.075	
15672	1206.3	34.012	34.111	34.076	
15673	1206.4	34.012	34.111	34.076	
15674	1206.5	34.012	34.111	34.076	
15675	1206.6	34.012	34.111	34.076	
15676	1206.7	34.012	34.111	34.076	
15677	1206.8	34.012	34.112	34.076	
15678	1206.9	34.013	34.112	34.076	
15679	1207.	34.013	34.112	34.077	
15680	1207.	34.013	34.112	34.077	
15681	1207.	34.013	34.112	34.077	
15682	1207.	34.013	34.112	34.077	
15683	1207.1	34.013	34.112	34.077	
15684	1207.2	34.013	34.112	34.077	
15685	1207.3	34.013	34.112	34.077	
15686	1207.4	34.013	34.112	34.077	
15687	1207.5	34.013	34.113	34.077	
15688	1207.6	34.014	34.113	34.078	
15689	1207.7	34.014	34.113	34.078	
15690	1207.8	34.014	34.113	34.078	
15691	1207.9	34.014	34.113	34.078	
15692	1208.	34.014	34.113	34.078	
15693	1208.	34.014	34.113	34.078	
15694	1208.	34.014	34.113	34.078	
15695	1208.	34.014	34.113	34.078	
15696	1208.1	34.014	34.114	34.078	
15697	1208.2	34.015	34.114	34.078	
15698	1208.3	34.015	34.114	34.079	
15699	1208.4	34.015	34.114	34.079	
15700	1208.5	34.015	34.114	34.079	
15701	1208.6	34.015	34.114	34.079	
15702	1208.7	34.015	34.115	34.079	
15703	1208.8	34.015	34.115	34.079	
15704	1208.9	34.016	34.115	34.08	
15705	1209.	34.016	34.115	34.08	
15706	1209.	34.016	34.115	34.08	
15707	1209.	34.016	34.115	34.08	
15708	1209.	34.016	34.115	34.08	
15709	1209.1	34.016	34.115	34.08	
15710	1209.2	34.016	34.115	34.08	
15711	1209.3	34.016	34.115	34.08	
15712	1209.4	34.016	34.116	34.08	
15713	1209.5	34.017	34.116	34.08	
15714	1209.6	34.017	34.116	34.081	
15715	1209.7	34.017	34.116	34.081	
15716	1209.8	34.017	34.116	34.081	
15717	1209.9	34.017	34.116	34.081	
15718	1210.	34.017	34.116	34.081	
15719	1210.	34.017	34.117	34.081	
15720	1210.	34.017	34.117	34.081	
15721	1210.	34.017	34.117	34.081	
15722	1210.1	34.017	34.117	34.081	
15723	1210.2	34.018	34.117	34.082	
15724	1210.3	34.018	34.117	34.082	
15725	1210.4	34.018	34.117	34.082	
15726	1210.5	34.018	34.117	34.082	
15727	1210.6	34.018	34.117	34.082	
15728	1210.7	34.018	34.118	34.082	
15729	1210.8	34.019	34.118	34.083	
15730	1210.9	34.019	34.118	34.083	
15731	1211.	34.019	34.118	34.083	
15732	1211.	34.019	34.118	34.083	
15733	1211.	34.019	34.118	34.083	
15734	1211.	34.019	34.118	34.083	
15735	1211.1	34.019	34.118	34.083	
15736	1211.2	34.019	34.118	34.083	
15737	1211.3	34.019	34.119	34.083	
15738	1211.4	34.02	34.119	34.083	
15739	1211.5	34.02	34.119	34.084	
15740	1211.6	34.02	34.119	34.084	
15741	1211.7	34.02	34.119	34.084	
15742	1211.8	34.02	34.119	34.084	
15743	1211.9	34.02	34.12	34.084	
15744	1212.	34.02	34.12	34.084	
15745	1212.	34.02	34.12	34.084	
15746	1212.	34.02	34.12	34.084	
15747	1212.	34.02	34.12	34.084	
15748	1212.1	34.021	34.12	34.085	
15749	1212.2	34.021	34.12	34.085	
15750	1212.3	34.021	34.12	34.085	
15751	1212.4	34.021	34.12	34.085	
15752	1212.5	34.021	34.12	34.085	
15753	1212.6	34.021	34.121	34.085	
15754	1212.7	34.022	34.121	34.085	
15755	1212.8	34.022	34.121	34.086	
15756	1212.9	34.022	34.121	34.086	
15757	1213.	34.022	34.121	34.086	
15758	1213.	34.022	34.121	34.086	
15759	1213.	34.022	34.121	34.086	
15760	1213.	34.022	34.121	34.086	
15761	1213.1	34.022	34.121	34.086	
15762	1213.2	34.022	34.122	34.086	
15763	1213.3	34.022	34.122	34.086	
15764	1213.4	34.023	34.122	34.087	
15765	1213.5	34.023	34.122	34.087	
15766	1213.6	34.023	34.122	34.087	
15767	1213.7	34.023	34.122	34.087	
15768	1213.8	34.023	34.122	34.087	
15769	1213.9	34.023	34.123	34.087	
15770	1214.	34.023	34.123	34.087	
15771	1214.	34.023	34.123	34.087	
15772	1214.	34.024	34.123	34.087	
15773	1214.	34.024	34.123	34.088	
15774	1214.1	34.024	34.123	34.088	
15775	1214.2	34.024	34.123	34.088	
15776	1214.3	34.024	34.123	34.088	
15777	1214.4	34.024	34.123	34.088	
15778	1214.5	34.024	34.124	34.088	
15779	1214.6	34.024	34.124	34.088	
15780	1214.7	34.025	34.124	34.089	
15781	1214.8	34.025	34.124	34.089	
15782	1214.9	34.025	34.124	34.089	
15783	1215.	34.025	34.124	34.089	
15784	1215.	34.025	34.124	34.089	
15785	1215.	34.025	34.124	34.089	
15786	1215.	34.025	34.124	34.089	
15787	1215.1	34.025	34.125	34.089	
15788	1215.2	34.025	34.125	34.089	
15789	1215.3	34.026	34.125	34.09	
15790	1215.4	34.026	34.125	34.09	
15791	1215.5	34.026	34.125	34.09	
15792	1215.6	34.026	34.125	34.09	
15793	1215.7	34.026	34.125	34.09	
15794	1215.8	34.026	34.126	34.09	
15795	1215.9	34.026	34.126	34.09	
15796	1216.	34.027	34.126	34.091	
15797	1216.	34.027	34.126	34.091	
15798	1216.	34.027	34.126	34.091	
15799	1216.	34.027	34.126	34.091	
15800	1216.1	34.027	34.126	34.091	
15801	1216.2	34.027	34.126	34.091	
15802	1216.3	34.027	34.126	34.091	
15803	1216.4	34.027	34.127	34.091	
15804	1216.5	34.027	34.127	34.091	
15805	1216.6	34.028	34.127	34.092	
15806	1216.7	34.028	34.127	34.092	
15807	1216.8	34.028	34.127	34.092	
15808	1216.9	34.028	34.127	34.092	
15809	1217.	34.028	34.127	34.092	
15810	1217.	34.028	34.127	34.092	
15811	1217.	34.028	34.127	34.092	
15812	1217.	34.028	34.127	34.092	
15813	1217.1	34.028	34.128	34.092	
15814	1217.2	34.028	34.128	34.092	
15815	1217.3	34.029	34.128	34.093	
15816	1217.4	34.029	34.128	34.093	
15817	1217.5	34.029	34.128	34.093	
15818	1217.6	34.029	34.128	34.093	
15819	1217.7	34.029	34.129	34.093	
15820	1217.8	34.029	34.129	34.093	
15821	1217.9	34.03	34.129	34.094	
15822	1218.	34.03	34.129	34.094	
15823	1218.	34.03	34.129	34.094	
15824	1218.	34.03	34.129	34.094	
15825	1218.	34.03	34.129	34.094	
15826	1218.1	34.03	34.129	34.094	
15827	1218.2	34.03	34.129	34.094	
15828	1218.3	34.03	34.129	34.094	
15829	1218.4	34.03	34.13	34.094	
15830	1218.5	34.031	34.13	34.095	
15831	1218.6	34.031	34.13	34.095	
15832	1218.7	34.031	34.13	34.095	
15833	1218.8	34.031	34.13	34.095	
15834	1218.9	34.031	34.13	34.095	
15835	1219.	34.031	34.131	34.095	
15836	1219.	34.031	34.131	34.095	
15837	1219.	34.031	34.131	34.095	
15838	1219.	34.031	34.131	34.095	
15839	1219.1	34.031	34.131	34.095	
15840	1219.2	34.032	34.131	34.096	
15841	1219.3	34.032	34.131	34.096	
15842	1219.4	34.032	34.131	34.096	
15843	1219.5	34.032	34.131	34.096	
15844	1219.6	34.032	34.132	34.096	
15845	1219.7	34.032	34.132	34.096	
15846	1219.8	34.033	34.132	34.097	
15847	1219.9	34.033	34.132	34.097	
15848	1220.	34.033	34.132	34.097	
15849	1220.	34.033	34.132	34.097	
15850	1220.	34.033	34.132	34.097	
15851	1220.	34.033	34.132	34.097	
15852	1220.1	34.033	34.132	34.097	
15853	1220.2	34.033	34.132	34.097	
15854	1220.3	34.033	34.133	34.097	
15855	1220.4	34.033	34.133	34.097	
15856	1220.5	34.034	34.133	34.098	
15857	1220.6	34.034	34.133	34.098	
15858	1220.7	34.034	34.133	34.098	
15859	1220.8	34.034	34.133	34.098	
15860	1220.9	34.034	34.134	34.098	
15861	1221.	34.034	34.134	34.098	
15862	1221.	34.034	34.134	34.098	
15863	1221.	34.034	34.134	34.098	
15864	1221.	34.034	34.134	34.098	
15865	1221.1	34.035	34.134	34.099	
15866	1221.2	34.035	34.134	34.099	
15867	1221.3	34.035	34.134	34.099	
15868	1221.4	34.035	34.134	34.099	
15869	1221.5	34.035	34.134	34.099	
15870	1221.6	34.035	34.135	34.099	
15871	1221.7	34.035	34.135	34.099	
15872	1221.8	34.036	34.135	34.1	
15873	1221.9	34.036	34.135	34.1	
15874	1222.	34.036	34.135	34.1	
15875	1222.	34.036	34.135	34.1	
15876	1222.	34.036	34.135	34.1	
15877	1222.	34.036	34.135	34.1	
15878	1222.1	34.036	34.135	34.1	
15879	1222.2	34.036	34.136	34.1	
15880	1222.3	34.036	34.136	34.1	
15881	1222.4	34.037	34.136	34.101	
15882	1222.5	34.037	34.136	34.101	
15883	1222.6	34.037	34.136	34.101	
15884	1222.7	34.037	34.136	34.101	
15885	1222.8	34.037	34.137	34.101	
15886	1222.9	34.037	34.137	34.101	
15887	1223.	34.037	34.137	34.101	
15888	1223.	34.037	34.137	34.101	
15889	1223.	34.037	34.137	34.101	
15890	1223.	34.037	34.137	34.102	
15891	1223.1	34.038	34.137	34.102	
15892	1223.2	34.038	34.137	34.102	
15893	1223.3	34.038	34.137	34.102	
15894	1223.4	34.038	34.137	34.102	
15895	1223.5	34.038	34.138	34.102	
15896	1223.6	34.038	34.138	34.102	
15897	1223.7	34.039	34.138	34.103	
15898	1223.8	34.039	34.138	34.103	
15899	1223.9	34.039	34.138	34.103	
15900	1224.	34.039	34.138	34.103	
15901	1224.	34.039	34.138	34.103	
15902	1224.	34.039	34.138	34.103	
15903	1224.	34.039	34.138	34.103	
15904	1224.1	34.039	34.139	34.103	
15905	1224.2	34.039	34.139	34.103	
15906	1224.3	34.039	34.139	34.104	
15907	1224.4	34.04	34.139	34.104	
15908	1224.5	34.04	34.139	34.104	
15909	1224.6	34.04	34.139	34.104	
15910	1224.7	34.04	34.139	34.104	
15911	1224.8	34.04	34.14	34.104	
15912	1224.9	34.04	34.14	34.104	
15913	1225.	34.041	34.14	34.105	
15914	1225.	34.041	34.14	34.105	
15915	1225.	34.041	34.14	34.105	
15916	1225.	34.041	34.14	34.105	
15917	1225.1	34.041	34.14	34.105	
15918	1225.2	34.041	34.14	34.105	
15919	1225.3	34.041	34.14	34.105	
15920	1225.4	34.041	34.141	34.105	
15921	1225.5	34.041	34.141	34.105	
15922	1225.6	34.041	34.141	34.106	
15923	1225.7	34.042	34.141	34.106	
15924	1225.8	34.042	34.141	34.106	
15925	1225.9	34.042	34.141	34.106	
15926	1226.	34.042	34.141	34.106	
15927	1226.	34.042	34.141	34.106	
15928	1226.	34.042	34.141	34.106	
15929	1226.	34.042	34.142	34.106	
15930	1226.1	34.042	34.142	34.106	
15931	1226.2	34.042	34.142	34.106	
15932	1226.3	34.043	34.142	34.107	
15933	1226.4	34.043	34.142	34.107	
15934	1226.5	34.043	34.142	34.107	
15935	1226.6	34.043	34.142	34.107	
15936	1226.7	34.043	34.143	34.107	
15937	1226.8	34.043	34.143	34.107	
15938	1226.9	34.044	34.143	34.108	
15939	1227.	34.044	34.143	34.108	
15940	1227.	34.044	34.143	34.108	
15941	1227.	34.044	34.143	34.108	
15942	1227.	34.044	34.143	34.108	
15943	1227.1	34.044	34.143	34.108	
15944	1227.2	34.044	34.143	34.108	
15945	1227.3	34.044	34.144	34.108	
15946	1227.4	34.044	34.144	34.108	
15947	1227.5	34.044	34.144	34.109	
15948	1227.6	34.045	34.144	34.109	
15949	1227.7	34.045	34.144	34.109	
15950	1227.8	34.045	34.144	34.109	
15951	1227.9	34.045	34.144	34.109	
15952	1228.	34.045	34.145	34.109	
15953	1228.	34.045	34.145	34.109	
15954	1228.	34.045	34.145	34.109	
15955	1228.	34.045	34.145	34.109	
15956	1228.1	34.045	34.145	34.109	
15957	1228.2	34.046	34.145	34.11	
15958	1228.3	34.046	34.145	34.11	
15959	1228.4	34.046	34.145	34.11	
15960	1228.5	34.046	34.145	34.11	
15961	1228.6	34.046	34.146	34.11	
15962	1228.7	34.046	34.146	34.11	
15963	1228.8	34.046	34.146	34.111	
15964	1228.9	34.047	34.146	34.111	
15965	1229.	34.047	34.146	34.111	
15966	1229.	34.047	34.146	34.111	
15967	1229.	34.047	34.146	34.111	
15968	1229.	34.047	34.146	34.111	
15969	1229.1	34.047	34.146	34.111	
15970	1229.2	34.047	34.147	34.111	
15971	1229.3	34.047	34.147	34.111	
15972	1229.4	34.047	34.147	34.111	
15973	1229.5	34.048	34.147	34.112	
15974	1229.6	34.048	34.147	34.112	
15975	1229.7	34.048	34.147	34.112	
15976	1229.8	34.048	34.147	34.112	
15977	1229.9	34.048	34.148	34.112	
15978	1230.	34.048	34.148	34.112	
15979	1230.	34.048	34.148	34.112	
15980	1230.	34.048	34.148	34.112	
15981	1230.	34.048	34.148	34.112	
15982	1230.1	34.048	34.148	34.113	
15983	1230.2	34.049	34.148	34.113	
15984	1230.3	34.049	34.148	34.113	
15985	1230.4	34.049	34.148	34.113	
15986	1230.5	34.049	34.149	34.113	
15987	1230.6	34.049	34.149	34.113	
15988	1230.7	34.049	34.149	34.113	
15989	1230.8	34.05	34.149	34.114	
15990	1230.9	34.05	34.149	34.114	
15991	1231.	34.05	34.149	34.114	
15992	1231.	34.05	34.149	34.114	
15993	1231.	34.05	34.149	34.114	
15994	1231.	34.05	34.149	34.114	
15995	1231.1	34.05	34.149	34.114	
15996	1231.2	34.05	34.15	34.114	
15997	1231.3	34.05	34.15	34.114	
15998	1231.4	34.05	34.15	34.115	
15999	1231.5	34.051	34.15	34.115	
16000	1231.6	34.051	34.15	34.115	
16001	1231.7	34.051	34.15	34.115	
16002	1231.8	34.051	34.151	34.115	
16003	1231.9	34.051	34.151	34.115	
16004	1232.	34.051	34.151	34.115	
16005	1232.	34.051	34.151	34.115	
16006	1232.	34.051	34.151	34.115	
16007	1232.	34.051	34.151	34.116	
16008	1232.1	34.052	34.151	34.116	
16009	1232.2	34.052	34.151	34.116	
16010	1232.3	34.052	34.151	34.116	
16011	1232.4	34.052	34.151	34.116	
16012	1232.5	34.052	34.152	34.116	
16013	1232.6	34.052	34.152	34.116	
16014	1232.7	34.052	34.152	34.117	
16015	1232.8	34.053	34.152	34.117	
16016	1232.9	34.053	34.152	34.117	
16017	1233.	34.053	34.152	34.117	
16018	1233.	34.053	34.152	34.117	
16019	1233.	34.053	34.152	34.117	
16020	1233.	34.053	34.152	34.117	
16021	1233.1	34.053	34.153	34.117	
16022	1233.2	34.053	34.153	34.117	
16023	1233.3	34.053	34.153	34.118	
16024	1233.4	34.054	34.153	34.118	
16025	1233.5	34.054	34.153	34.118	
16026	1233.6	34.054	34.153	34.118	
16027	1233.7	34.054	34.154	34.118	
16028	1233.8	34.054	34.154	34.118	
16029	1233.9	34.054	34.154	34.118	
16030	1234.	34.054	34.154	34.119	
16031	1234.	34.054	34.154	34.119	
16032	1234.	34.054	34.154	34.119	
16033	1234.	34.055	34.154	34.119	
16034	1234.1	34.055	34.154	34.119	
16035	1234.2	34.055	34.154	34.119	
16036	1234.3	34.055	34.154	34.119	
16037	1234.4	34.055	34.155	34.119	
16038	1234.5	34.055	34.155	34.119	
16039	1234.6	34.055	34.155	34.12	
16040	1234.7	34.056	34.155	34.12	
16041	1234.8	34.056	34.155	34.12	
16042	1234.9	34.056	34.155	34.12	
16043	1235.	34.056	34.155	34.12	
16044	1235.	34.056	34.156	34.12	
16045	1235.	34.056	34.156	34.12	
16046	1235.	34.056	34.156	34.12	
16047	1235.1	34.056	34.156	34.12	
16048	1235.2	34.056	34.156	34.12	
16049	1235.3	34.057	34.156	34.121	
16050	1235.4	34.057	34.156	34.121	
16051	1235.5	34.057	34.156	34.121	
16052	1235.6	34.057	34.156	34.121	
16053	1235.7	34.057	34.157	34.121	
16054	1235.8	34.057	34.157	34.121	
16055	1235.9	34.057	34.157	34.122	
16056	1236.	34.058	34.157	34.122	
16057	1236.	34.058	34.157	34.122	
16058	1236.	34.058	34.157	34.122	
16059	1236.	34.058	34.157	34.122	
16060	1236.1	34.058	34.157	34.122	
16061	1236.2	34.058	34.157	34.122	
16062	1236.3	34.058	34.158	34.122	
16063	1236.4	34.058	34.158	34.122	
16064	1236.5	34.058	34.158	34.123	
16065	1236.6	34.059	34.158	34.123	
16066	1236.7	34.059	34.158	34.123	
16067	1236.8	34.059	34.158	34.123	
16068	1236.9	34.059	34.159	34.123	
16069	1237.	34.059	34.159	34.123	
16070	1237.	34.059	34.159	34.123	
16071	1237.	34.059	34.159	34.123	
16072	1237.	34.059	34.159	34.123	
16073	1237.1	34.059	34.159	34.123	
16074	1237.2	34.059	34.159	34.124	
16075	1237.3	34.06	34.159	34.124	
16076	1237.4	34.06	34.159	34.124	
16077	1237.5	34.06	34.159	34.124	
16078	1237.6	34.06	34.16	34.124	
16079	1237.7	34.06	34.16	34.124	
16080	1237.8	34.06	34.16	34.125	
16081	1237.9	34.061	34.16	34.125	
16082	1238.	34.061	34.16	34.125	
16083	1238.	34.061	34.16	34.125	
16084	1238.	34.061	34.16	34.125	
16085	1238.	34.061	34.16	34.125	
16086	1238.1	34.061	34.16	34.125	
16087	1238.2	34.061	34.161	34.125	
16088	1238.3	34.061	34.161	34.125	
16089	1238.4	34.061	34.161	34.125	
16090	1238.5	34.061	34.161	34.126	
16091	1238.6	34.062	34.161	34.126	
16092	1238.7	34.062	34.161	34.126	
16093	1238.8	34.062	34.161	34.126	
16094	1238.9	34.062	34.162	34.126	
16095	1239.	34.062	34.162	34.126	
16096	1239.	34.062	34.162	34.126	
16097	1239.	34.062	34.162	34.126	
16098	1239.	34.062	34.162	34.126	
16099	1239.1	34.062	34.162	34.127	
16100	1239.2	34.063	34.162	34.127	
16101	1239.3	34.063	34.162	34.127	
16102	1239.4	34.063	34.162	34.127	
16103	1239.5	34.063	34.163	34.127	
16104	1239.6	34.063	34.163	34.127	
16105	1239.7	34.063	34.163	34.127	
16106	1239.8	34.063	34.163	34.128	
16107	1239.9	34.064	34.163	34.128	
16108	1240.	34.064	34.163	34.128	
16109	1240.	34.064	34.163	34.128	
16110	1240.	34.064	34.163	34.128	
16111	1240.	34.064	34.163	34.128	
16112	1240.1	34.064	34.164	34.128	
16113	1240.2	34.064	34.164	34.128	
16114	1240.3	34.064	34.164	34.128	
16115	1240.4	34.064	34.164	34.129	
16116	1240.5	34.065	34.164	34.129	
16117	1240.6	34.065	34.164	34.129	
16118	1240.7	34.065	34.164	34.129	
16119	1240.8	34.065	34.165	34.129	
16120	1240.9	34.065	34.165	34.129	
16121	1241.	34.065	34.165	34.129	
16122	1241.	34.065	34.165	34.129	
16123	1241.	34.065	34.165	34.129	
16124	1241.	34.065	34.165	34.13	
16125	1241.1	34.065	34.165	34.13	
16126	1241.2	34.066	34.165	34.13	
16127	1241.3	34.066	34.165	34.13	
16128	1241.4	34.066	34.166	34.13	
16129	1241.5	34.066	34.166	34.13	
16130	1241.6	34.066	34.166	34.13	
16131	1241.7	34.066	34.166	34.131	
16132	1241.8	34.067	34.166	34.131	
16133	1241.9	34.067	34.166	34.131	
16134	1242.	34.067	34.166	34.131	
16135	1242.	34.067	34.166	34.131	
16136	1242.	34.067	34.166	34.131	
16137	1242.	34.067	34.166	34.131	
16138	1242.1	34.067	34.167	34.131	
16139	1242.2	34.067	34.167	34.131	
16140	1242.3	34.067	34.167	34.132	
16141	1242.4	34.068	34.167	34.132	
16142	1242.5	34.068	34.167	34.132	
16143	1242.6	34.068	34.167	34.132	
16144	1242.7	34.068	34.168	34.132	
16145	1242.8	34.068	34.168	34.132	
16146	1242.9	34.068	34.168	34.132	
16147	1243.	34.068	34.168	34.133	
16148	1243.	34.068	34.168	34.133	
16149	1243.	34.068	34.168	34.133	
16150	1243.	34.068	34.168	34.133	
16151	1243.1	34.069	34.168	34.133	
16152	1243.2	34.069	34.168	34.133	
16153	1243.3	34.069	34.169	34.133	
16154	1243.4	34.069	34.169	34.133	
16155	1243.5	34.069	34.169	34.133	
16156	1243.6	34.069	34.169	34.134	
16157	1243.7	34.07	34.169	34.134	
16158	1243.8	34.07	34.169	34.134	
16159	1243.9	34.07	34.169	34.134	
16160	1244.	34.07	34.17	34.134	
16161	1244.	34.07	34.17	34.134	
16162	1244.	34.07	34.17	34.134	
16163	1244.	34.07	34.17	34.134	
16164	1244.1	34.07	34.17	34.134	
16165	1244.2	34.07	34.17	34.134	
16166	1244.3	34.07	34.17	34.135	
16167	1244.4	34.071	34.17	34.135	
16168	1244.5	34.071	34.17	34.135	
16169	1244.6	34.071	34.171	34.135	
16170	1244.7	34.071	34.171	34.135	
16171	1244.8	34.071	34.171	34.135	
16172	1244.9	34.071	34.171	34.136	
16173	1245.	34.071	34.171	34.136	
16174	1245.	34.071	34.171	34.136	
16175	1245.	34.071	34.171	34.136	
16176	1245.	34.072	34.171	34.136	
16177	1245.1	34.072	34.171	34.136	
16178	1245.2	34.072	34.171	34.136	
16179	1245.3	34.072	34.172	34.136	
16180	1245.4	34.072	34.172	34.136	
16181	1245.5	34.072	34.172	34.137	
16182	1245.6	34.072	34.172	34.137	
16183	1245.7	34.073	34.172	34.137	
16184	1245.8	34.073	34.172	34.137	
16185	1245.9	34.073	34.173	34.137	
16186	1246.	34.073	34.173	34.137	
16187	1246.	34.073	34.173	34.137	
16188	1246.	34.073	34.173	34.137	
16189	1246.	34.073	34.173	34.137	
16190	1246.1	34.073	34.173	34.137	
16191	1246.2	34.073	34.173	34.138	
16192	1246.3	34.074	34.173	34.138	
16193	1246.4	34.074	34.173	34.138	
16194	1246.5	34.074	34.174	34.138	
16195	1246.6	34.074	34.174	34.138	
16196	1246.7	34.074	34.174	34.138	
16197	1246.8	34.074	34.174	34.139	
16198	1246.9	34.074	34.174	34.139	
16199	1247.	34.075	34.174	34.139	
16200	1247.	34.075	34.174	34.139	
16201	1247.	34.075	34.174	34.139	
16202	1247.	34.075	34.174	34.139	
16203	1247.1	34.075	34.174	34.139	
16204	1247.2	34.075	34.175	34.139	
16205	1247.3	34.075	34.175	34.139	
16206	1247.4	34.075	34.175	34.139	
16207	1247.5	34.075	34.175	34.14	
16208	1247.6	34.076	34.175	34.14	
16209	1247.7	34.076	34.175	34.14	
16210	1247.8	34.076	34.176	34.14	
16211	1247.9	34.076	34.176	34.14	
16212	1248.	34.076	34.176	34.14	
16213	1248.	34.076	34.176	34.14	
16214	1248.	34.076	34.176	34.14	
16215	1248.	34.076	34.176	34.14	
16216	1248.1	34.076	34.176	34.141	
16217	1248.2	34.076	34.176	34.141	
16218	1248.3	34.077	34.176	34.141	
16219	1248.4	34.077	34.176	34.141	
16220	1248.5	34.077	34.177	34.141	
16221	1248.6	34.077	34.177	34.141	
16222	1248.7	34.077	34.177	34.142	
16223	1248.8	34.077	34.177	34.142	
16224	1248.9	34.078	34.177	34.142	
16225	1249.	34.078	34.177	34.142	
16226	1249.	34.078	34.177	34.142	
16227	1249.	34.078	34.177	34.142	
16228	1249.	34.078	34.177	34.142	
16229	1249.1	34.078	34.178	34.142	
16230	1249.2	34.078	34.178	34.142	
16231	1249.3	34.078	34.178	34.142	
16232	1249.4	34.078	34.178	34.143	
16233	1249.5	34.078	34.178	34.143	
16234	1249.6	34.079	34.178	34.143	
16235	1249.7	34.079	34.178	34.143	
16236	1249.8	34.079	34.179	34.143	
16237	1249.9	34.079	34.179	34.143	
16238	1250.	34.079	34.179	34.143	
16239	1250.	34.079	34.179	34.143	
16240	1250.	34.079	34.179	34.143	
16241	1250.	34.079	34.179	34.144	
16242	1250.1	34.079	34.179	34.144	
16243	1250.2	34.08	34.179	34.144	
16244	1250.3	34.08	34.179	34.144	
16245	1250.4	34.08	34.18	34.144	
16246	1250.5	34.08	34.18	34.144	
16247	1250.6	34.08	34.18	34.144	
16248	1250.7	34.08	34.18	34.145	
16249	1250.8	34.081	34.18	34.145	
16250	1250.9	34.081	34.18	34.145	
16251	1251.	34.081	34.18	34.145	
16252	1251.	34.081	34.18	34.145	
16253	1251.	34.081	34.18	34.145	
16254	1251.	34.081	34.181	34.145	
16255	1251.1	34.081	34.181	34.145	
16256	1251.2	34.081	34.181	34.145	
16257	1251.3	34.081	34.181	34.146	
16258	1251.4	34.081	34.181	34.146	
16259	1251.5	34.082	34.181	34.146	
16260	1251.6	34.082	34.181	34.146	
16261	1251.7	34.082	34.182	34.146	
16262	1251.8	34.082	34.182	34.146	
16263	1251.9	34.082	34.182	34.146	
16264	1252.	34.082	34.182	34.147	
16265	1252.	34.082	34.182	34.147	
16266	1252.	34.082	34.182	34.147	
16267	1252.	34.082	34.182	34.147	
16268	1252.1	34.083	34.182	34.147	
16269	1252.2	34.083	34.182	34.147	
16270	1252.3	34.083	34.183	34.147	
16271	1252.4	34.083	34.183	34.147	
16272	1252.5	34.083	34.183	34.147	
16273	1252.6	34.083	34.183	34.148	
16274	1252.7	34.083	34.183	34.148	
16275	1252.8	34.084	34.183	34.148	
16276	1252.9	34.084	34.183	34.148	
16277	1253.	34.084	34.184	34.148	
16278	1253.	34.084	34.184	34.148	
16279	1253.	34.084	34.184	34.148	
16280	1253.	34.084	34.184	34.148	
16281	1253.1	34.084	34.184	34.148	
16282	1253.2	34.084	34.184	34.149	
16283	1253.3	34.084	34.184	34.149	
16284	1253.4	34.085	34.184	34.149	
16285	1253.5	34.085	34.184	34.149	
16286	1253.6	34.085	34.185	34.149	
16287	1253.7	34.085	34.185	34.149	
16288	1253.8	34.085	34.185	34.149	
16289	1253.9	34.085	34.185	34.15	
16290	1254.	34.085	34.185	34.15	
16291	1254.	34.085	34.185	34.15	
16292	1254.	34.085	34.185	34.15	
16293	1254.	34.085	34.185	34.15	
16294	1254.1	34.086	34.185	34.15	
16295	1254.2	34.086	34.186	34.15	
16296	1254.3	34.086	34.186	34.15	
16297	1254.4	34.086	34.186	34.15	
16298	1254.5	34.086	34.186	34.151	
16299	1254.6	34.086	34.186	34.151	
16300	1254.7	34.087	34.186	34.151	
16301	1254.8	34.087	34.186	34.151	
16302	1254.9	34.087	34.187	34.151	
16303	1255.	34.087	34.187	34.151	
16304	1255.	34.087	34.187	34.151	
16305	1255.	34.087	34.187	34.151	
16306	1255.	34.087	34.187	34.151	
16307	1255.1	34.087	34.187	34.151	
16308	1255.2	34.087	34.187	34.152	
16309	1255.3	34.087	34.187	34.152	
16310	1255.4	34.088	34.187	34.152	
16311	1255.5	34.088	34.188	34.152	
16312	1255.6	34.088	34.188	34.152	
16313	1255.7	34.088	34.188	34.152	
16314	1255.8	34.088	34.188	34.153	
16315	1255.9	34.088	34.188	34.153	
16316	1256.	34.089	34.188	34.153	
16317	1256.	34.089	34.188	34.153	
16318	1256.	34.089	34.188	34.153	
16319	1256.	34.089	34.188	34.153	
16320	1256.1	34.089	34.188	34.153	
16321	1256.2	34.089	34.189	34.153	
16322	1256.3	34.089	34.189	34.153	
16323	1256.4	34.089	34.189	34.153	
16324	1256.5	34.089	34.189	34.154	
16325	1256.6	34.089	34.189	34.154	
16326	1256.7	34.09	34.189	34.154	
16327	1256.8	34.09	34.19	34.154	
16328	1256.9	34.09	34.19	34.154	
16329	1257.	34.09	34.19	34.154	
16330	1257.	34.09	34.19	34.154	
16331	1257.	34.09	34.19	34.154	
16332	1257.	34.09	34.19	34.154	
16333	1257.1	34.09	34.19	34.155	
16334	1257.2	34.09	34.19	34.155	
16335	1257.3	34.091	34.19	34.155	
16336	1257.4	34.091	34.191	34.155	
16337	1257.5	34.091	34.191	34.155	
16338	1257.6	34.091	34.191	34.155	
16339	1257.7	34.091	34.191	34.156	
16340	1257.8	34.091	34.191	34.156	
16341	1257.9	34.092	34.191	34.156	
16342	1258.	34.092	34.191	34.156	
16343	1258.	34.092	34.191	34.156	
16344	1258.	34.092	34.191	34.156	
16345	1258.	34.092	34.191	34.156	
16346	1258.1	34.092	34.192	34.156	
16347	1258.2	34.092	34.192	34.156	
16348	1258.3	34.092	34.192	34.156	
16349	1258.4	34.092	34.192	34.157	
16350	1258.5	34.092	34.192	34.157	
16351	1258.6	34.093	34.192	34.157	
16352	1258.7	34.093	34.193	34.157	
16353	1258.8	34.093	34.193	34.157	
16354	1258.9	34.093	34.193	34.157	
16355	1259.	34.093	34.193	34.157	
16356	1259.	34.093	34.193	34.157	
16357	1259.	34.093	34.193	34.158	
16358	1259.	34.093	34.193	34.158	
16359	1259.1	34.093	34.193	34.158	
16360	1259.2	34.094	34.193	34.158	
16361	1259.3	34.094	34.193	34.158	
16362	1259.4	34.094	34.194	34.158	
16363	1259.5	34.094	34.194	34.158	
16364	1259.6	34.094	34.194	34.158	
16365	1259.7	34.094	34.194	34.159	
16366	1259.8	34.094	34.194	34.159	
16367	1259.9	34.095	34.194	34.159	
16368	1260.	34.095	34.195	34.159	
16369	1260.	34.095	34.195	34.159	
16370	1260.	34.095	34.195	34.159	
16371	1260.	34.095	34.195	34.159	
16372	1260.1	34.095	34.195	34.159	
16373	1260.2	34.095	34.195	34.159	
16374	1260.3	34.095	34.195	34.16	
16375	1260.4	34.095	34.195	34.16	
16376	1260.5	34.096	34.195	34.16	
16377	1260.6	34.096	34.196	34.16	
16378	1260.7	34.096	34.196	34.16	
16379	1260.8	34.096	34.196	34.16	
16380	1260.9	34.096	34.196	34.16	
16381	1261.	34.096	34.196	34.161	
16382	1261.	34.096	34.196	34.161	
16383	1261.	34.096	34.196	34.161	
16384	1261.	34.096	34.196	34.161	
16385	1261.1	34.096	34.196	34.161	
16386	1261.2	34.097	34.196	34.161	
16387	1261.3	34.097	34.197	34.161	
16388	1261.4	34.097	34.197	34.161	
16389	1261.5	34.097	34.197	34.161	
16390	1261.6	34.097	34.197	34.162	
16391	1261.7	34.097	34.197	34.162	
16392	1261.8	34.098	34.197	34.162	
16393	1261.9	34.098	34.198	34.162	
16394	1262.	34.098	34.198	34.162	
16395	1262.	34.098	34.198	34.162	
16396	1262.	34.098	34.198	34.162	
16397	1262.	34.098	34.198	34.162	
16398	1262.1	34.098	34.198	34.162	
16399	1262.2	34.098	34.198	34.163	
16400	1262.3	34.098	34.198	34.163	
16401	1262.4	34.098	34.198	34.163	
16402	1262.5	34.099	34.198	34.163	
16403	1262.6	34.099	34.199	34.163	
16404	1262.7	34.099	34.199	34.163	
16405	1262.8	34.099	34.199	34.163	
16406	1262.9	34.099	34.199	34.164	
16407	1263.	34.099	34.199	34.164	
16408	1263.	34.099	34.199	34.164	
16409	1263.	34.099	34.199	34.164	
16410	1263.	34.099	34.199	34.164	
16411	1263.1	34.1	34.199	34.164	
16412	1263.2	34.1	34.2	34.164	
16413	1263.3	34.1	34.2	34.164	
16414	1263.4	34.1	34.2	34.164	
16415	1263.5	34.1	34.2	34.165	
16416	1263.6	34.1	34.2	34.165	
16417	1263.7	34.1	34.2	34.165	
16418	1263.8	34.101	34.201	34.165	
16419	1263.9	34.101	34.201	34.165	
16420	1264.	34.101	34.201	34.165	
16421	1264.	34.101	34.201	34.165	
16422	1264.	34.101	34.201	34.165	
16423	1264.	34.101	34.201	34.165	
16424	1264.1	34.101	34.201	34.165	
16425	1264.2	34.101	34.201	34.166	
16426	1264.3	34.101	34.201	34.166	
16427	1264.4	34.102	34.201	34.166	
16428	1264.5	34.102	34.202	34.166	
16429	1264.6	34.102	34.202	34.166	
16430	1264.7	34.102	34.202	34.166	
16431	1264.8	34.102	34.202	34.167	
16432	1264.9	34.102	34.202	34.167	
16433	1265.	34.102	34.202	34.167	
16434	1265.	34.102	34.202	34.167	
16435	1265.	34.102	34.202	34.167	
16436	1265.	34.103	34.202	34.167	
16437	1265.1	34.103	34.203	34.167	
16438	1265.2	34.103	34.203	34.167	
16439	1265.3	34.103	34.203	34.167	
16440	1265.4	34.103	34.203	34.167	
16441	1265.5	34.103	34.203	34.168	
16442	1265.6	34.103	34.203	34.168	
16443	1265.7	34.104	34.203	34.168	
16444	1265.8	34.104	34.204	34.168	
16445	1265.9	34.104	34.204	34.168	
16446	1266.	34.104	34.204	34.168	
16447	1266.	34.104	34.204	34.168	
16448	1266.	34.104	34.204	34.168	
16449	1266.	34.104	34.204	34.168	
16450	1266.1	34.104	34.204	34.169	
16451	1266.2	34.104	34.204	34.169	
16452	1266.3	34.105	34.204	34.169	
16453	1266.4	34.105	34.205	34.169	
16454	1266.5	34.105	34.205	34.169	
16455	1266.6	34.105	34.205	34.169	
16456	1266.7	34.105	34.205	34.17	
16457	1266.8	34.105	34.205	34.17	
16458	1266.9	34.105	34.205	34.17	
16459	1267.	34.106	34.205	34.17	
16460	1267.	34.106	34.205	34.17	
16461	1267.	34.106	34.205	34.17	
16462	1267.	34.106	34.206	34.17	
16463	1267.1	34.106	34.206	34.17	
16464	1267.2	34.106	34.206	34.17	
16465	1267.3	34.106	34.206	34.17	
16466	1267.4	34.106	34.206	34.171	
16467	1267.5	34.106	34.206	34.171	
16468	1267.6	34.107	34.206	34.171	
16469	1267.7	34.107	34.207	34.171	
16470	1267.8	34.107	34.207	34.171	
16471	1267.9	34.107	34.207	34.171	
16472	1268.	34.107	34.207	34.171	
16473	1268.	34.107	34.207	34.171	
16474	1268.	34.107	34.207	34.172	
16475	1268.	34.107	34.207	34.172	
16476	1268.1	34.107	34.207	34.172	
16477	1268.2	34.107	34.207	34.172	
16478	1268.3	34.108	34.208	34.172	
16479	1268.4	34.108	34.208	34.172	
16480	1268.5	34.108	34.208	34.172	
16481	1268.6	34.108	34.208	34.172	
16482	1268.7	34.108	34.208	34.173	
16483	1268.8	34.108	34.208	34.173	
16484	1268.9	34.109	34.208	34.173	
16485	1269.	34.109	34.209	34.173	
16486	1269.	34.109	34.209	34.173	
16487	1269.	34.109	34.209	34.173	
16488	1269.	34.109	34.209	34.173	
16489	1269.1	34.109	34.209	34.173	
16490	1269.2	34.109	34.209	34.173	
16491	1269.3	34.109	34.209	34.174	
16492	1269.4	34.109	34.209	34.174	
16493	1269.5	34.109	34.209	34.174	
16494	1269.6	34.11	34.21	34.174	
16495	1269.7	34.11	34.21	34.174	
16496	1269.8	34.11	34.21	34.174	
16497	1269.9	34.11	34.21	34.174	
16498	1270.	34.11	34.21	34.175	
16499	1270.	34.11	34.21	34.175	
16500	1270.	34.11	34.21	34.175	
16501	1270.	34.11	34.21	34.175	
16502	1270.1	34.11	34.21	34.175	
16503	1270.2	34.111	34.21	34.175	
16504	1270.3	34.111	34.211	34.175	
16505	1270.4	34.111	34.211	34.175	
16506	1270.5	34.111	34.211	34.175	
16507	1270.6	34.111	34.211	34.176	
16508	1270.7	34.111	34.211	34.176	
16509	1270.8	34.111	34.211	34.176	
16510	1270.9	34.112	34.212	34.176	
16511	1271.	34.112	34.212	34.176	
16512	1271.	34.112	34.212	34.176	
16513	1271.	34.112	34.212	34.176	
16514	1271.	34.112	34.212	34.176	
16515	1271.1	34.112	34.212	34.176	
16516	1271.2	34.112	34.212	34.177	
16517	1271.3	34.112	34.212	34.177	
16518	1271.4	34.112	34.212	34.177	
16519	1271.5	34.113	34.213	34.177	
16520	1271.6	34.113	34.213	34.177	
16521	1271.7	34.113	34.213	34.177	
16522	1271.8	34.113	34.213	34.177	
16523	1271.9	34.113	34.213	34.178	
16524	1272.	34.113	34.213	34.178	
16525	1272.	34.113	34.213	34.178	
16526	1272.	34.113	34.213	34.178	
16527	1272.	34.113	34.213	34.178	
16528	1272.1	34.113	34.213	34.178	
16529	1272.2	34.114	34.214	34.178	
16530	1272.3	34.114	34.214	34.178	
16531	1272.4	34.114	34.214	34.178	
16532	1272.5	34.114	34.214	34.179	
16533	1272.6	34.114	34.214	34.179	
16534	1272.7	34.114	34.214	34.179	
16535	1272.8	34.115	34.215	34.179	
16536	1272.9	34.115	34.215	34.179	
16537	1273.	34.115	34.215	34.179	
16538	1273.	34.115	34.215	34.179	
16539	1273.	34.115	34.215	34.179	
16540	1273.	34.115	34.215	34.179	
16541	1273.1	34.115	34.215	34.179	
16542	1273.2	34.115	34.215	34.18	
16543	1273.3	34.115	34.215	34.18	
16544	1273.4	34.116	34.215	34.18	
16545	1273.5	34.116	34.216	34.18	
16546	1273.6	34.116	34.216	34.18	
16547	1273.7	34.116	34.216	34.18	
16548	1273.8	34.116	34.216	34.181	
16549	1273.9	34.116	34.216	34.181	
16550	1274.	34.116	34.216	34.181	
16551	1274.	34.116	34.216	34.181	
16552	1274.	34.116	34.216	34.181	
16553	1274.	34.116	34.216	34.181	
16554	1274.1	34.117	34.217	34.181	
16555	1274.2	34.117	34.217	34.181	
16556	1274.3	34.117	34.217	34.181	
16557	1274.4	34.117	34.217	34.182	
16558	1274.5	34.117	34.217	34.182	
16559	1274.6	34.117	34.217	34.182	
16560	1274.7	34.118	34.218	34.182	
16561	1274.8	34.118	34.218	34.182	
16562	1274.9	34.118	34.218	34.182	
16563	1275.	34.118	34.218	34.182	
16564	1275.	34.118	34.218	34.182	
16565	1275.	34.118	34.218	34.182	
16566	1275.	34.118	34.218	34.182	
16567	1275.1	34.118	34.218	34.183	
16568	1275.2	34.118	34.218	34.183	
16569	1275.3	34.118	34.218	34.183	
16570	1275.4	34.119	34.219	34.183	
16571	1275.5	34.119	34.219	34.183	
16572	1275.6	34.119	34.219	34.183	
16573	1275.7	34.119	34.219	34.184	
16574	1275.8	34.119	34.219	34.184	
16575	1275.9	34.119	34.219	34.184	
16576	1276.	34.119	34.219	34.184	
16577	1276.	34.119	34.219	34.184	
16578	1276.	34.12	34.22	34.184	
16579	1276.	34.12	34.22	34.184	
16580	1276.1	34.12	34.22	34.184	
16581	1276.2	34.12	34.22	34.184	
16582	1276.3	34.12	34.22	34.184	
16583	1276.4	34.12	34.22	34.185	
16584	1276.5	34.12	34.22	34.185	
16585	1276.6	34.12	34.22	34.185	
16586	1276.7	34.121	34.221	34.185	
16587	1276.8	34.121	34.221	34.185	
16588	1276.9	34.121	34.221	34.185	
16589	1277.	34.121	34.221	34.185	
16590	1277.	34.121	34.221	34.186	
16591	1277.	34.121	34.221	34.186	
16592	1277.	34.121	34.221	34.186	
16593	1277.1	34.121	34.221	34.186	
16594	1277.2	34.121	34.221	34.186	
16595	1277.3	34.122	34.222	34.186	
16596	1277.4	34.122	34.222	34.186	
16597	1277.5	34.122	34.222	34.186	
16598	1277.6	34.122	34.222	34.186	
16599	1277.7	34.122	34.222	34.187	
16600	1277.8	34.122	34.222	34.187	
16601	1277.9	34.122	34.223	34.187	
16602	1278.	34.123	34.223	34.187	
16603	1278.	34.123	34.223	34.187	
16604	1278.	34.123	34.223	34.187	
16605	1278.	34.123	34.223	34.187	
16606	1278.1	34.123	34.223	34.187	
16607	1278.2	34.123	34.223	34.187	
16608	1278.3	34.123	34.223	34.188	
16609	1278.4	34.123	34.223	34.188	
16610	1278.5	34.123	34.223	34.188	
16611	1278.6	34.124	34.224	34.188	
16612	1278.7	34.124	34.224	34.188	
16613	1278.8	34.124	34.224	34.188	
16614	1278.9	34.124	34.224	34.189	
16615	1279.	34.124	34.224	34.189	
16616	1279.	34.124	34.224	34.189	
16617	1279.	34.124	34.224	34.189	
16618	1279.	34.124	34.224	34.189	
16619	1279.1	34.124	34.224	34.189	
16620	1279.2	34.124	34.225	34.189	
16621	1279.3	34.125	34.225	34.189	
16622	1279.4	34.125	34.225	34.189	
16623	1279.5	34.125	34.225	34.189	
16624	1279.6	34.125	34.225	34.19	
16625	1279.7	34.125	34.225	34.19	
16626	1279.8	34.125	34.225	34.19	
16627	1279.9	34.126	34.226	34.19	
16628	1280.	34.126	34.226	34.19	
16629	1280.	34.126	34.226	34.19	
16630	1280.	34.126	34.226	34.19	
16631	1280.	34.126	34.226	34.19	
16632	1280.1	34.126	34.226	34.19	
16633	1280.2	34.126	34.226	34.191	
16634	1280.3	34.126	34.226	34.191	
16635	1280.4	34.126	34.226	34.191	
16636	1280.5	34.127	34.227	34.191	
16637	1280.6	34.127	34.227	34.191	
16638	1280.7	34.127	34.227	34.191	
16639	1280.8	34.127	34.227	34.191	
16640	1280.9	34.127	34.227	34.192	
16641	1281.	34.127	34.227	34.192	
16642	1281.	34.127	34.227	34.192	
16643	1281.	34.127	34.227	34.192	
16644	1281.	34.127	34.227	34.192	
16645	1281.1	34.127	34.228	34.192	
16646	1281.2	34.128	34.228	34.192	
16647	1281.3	34.128	34.228	34.192	
16648	1281.4	34.128	34.228	34.192	
16649	1281.5	34.128	34.228	34.193	
16650	1281.6	34.128	34.228	34.193	
16651	1281.7	34.128	34.228	34.193	
16652	1281.8	34.129	34.229	34.193	
16653	1281.9	34.129	34.229	34.193	
16654	1282.	34.129	34.229	34.193	
16655	1282.	34.129	34.229	34.193	
16656	1282.	34.129	34.229	34.193	
16657	1282.	34.129	34.229	34.193	
16658	1282.1	34.129	34.229	34.193	
16659	1282.2	34.129	34.229	34.194	
16660	1282.3	34.129	34.229	34.194	
16661	1282.4	34.129	34.23	34.194	
16662	1282.5	34.13	34.23	34.194	
16663	1282.6	34.13	34.23	34.194	
16664	1282.7	34.13	34.23	34.194	
16665	1282.8	34.13	34.23	34.195	
16666	1282.9	34.13	34.23	34.195	
16667	1283.	34.13	34.23	34.195	
16668	1283.	34.13	34.23	34.195	
16669	1283.	34.13	34.23	34.195	
16670	1283.	34.13	34.23	34.195	
16671	1283.1	34.131	34.231	34.195	
16672	1283.2	34.131	34.231	34.195	
16673	1283.3	34.131	34.231	34.195	
16674	1283.4	34.131	34.231	34.196	
16675	1283.5	34.131	34.231	34.196	
16676	1283.6	34.131	34.231	34.196	
16677	1283.7	34.131	34.232	34.196	
16678	1283.8	34.132	34.232	34.196	
16679	1283.9	34.132	34.232	34.196	
16680	1284.	34.132	34.232	34.196	
16681	1284.	34.132	34.232	34.196	
16682	1284.	34.132	34.232	34.196	
16683	1284.	34.132	34.232	34.196	
16684	1284.1	34.132	34.232	34.197	
16685	1284.2	34.132	34.232	34.197	
16686	1284.3	34.132	34.233	34.197	
16687	1284.4	34.133	34.233	34.197	
16688	1284.5	34.133	34.233	34.197	
16689	1284.6	34.133	34.233	34.197	
16690	1284.7	34.133	34.233	34.198	
16691	1284.8	34.133	34.233	34.198	
16692	1284.9	34.133	34.233	34.198	
16693	1285.	34.133	34.234	34.198	
16694	1285.	34.133	34.234	34.198	
16695	1285.	34.133	34.234	34.198	
16696	1285.	34.133	34.234	34.198	
16697	1285.1	34.134	34.234	34.198	
16698	1285.2	34.134	34.234	34.198	
16699	1285.3	34.134	34.234	34.198	
16700	1285.4	34.134	34.234	34.199	
16701	1285.5	34.134	34.234	34.199	
16702	1285.6	34.134	34.235	34.199	
16703	1285.7	34.135	34.235	34.199	
16704	1285.8	34.135	34.235	34.199	
16705	1285.9	34.135	34.235	34.199	
16706	1286.	34.135	34.235	34.199	
16707	1286.	34.135	34.235	34.2	
16708	1286.	34.135	34.235	34.2	
16709	1286.	34.135	34.235	34.2	
16710	1286.1	34.135	34.235	34.2	
16711	1286.2	34.135	34.235	34.2	
16712	1286.3	34.135	34.236	34.2	
16713	1286.4	34.136	34.236	34.2	
16714	1286.5	34.136	34.236	34.2	
16715	1286.6	34.136	34.236	34.2	
16716	1286.7	34.136	34.236	34.201	
16717	1286.8	34.136	34.236	34.201	
16718	1286.9	34.136	34.237	34.201	
16719	1287.	34.137	34.237	34.201	
16720	1287.	34.137	34.237	34.201	
16721	1287.	34.137	34.237	34.201	
16722	1287.	34.137	34.237	34.201	
16723	1287.1	34.137	34.237	34.201	
16724	1287.2	34.137	34.237	34.201	
16725	1287.3	34.137	34.237	34.202	
16726	1287.4	34.137	34.237	34.202	
16727	1287.5	34.137	34.237	34.202	
16728	1287.6	34.138	34.238	34.202	
16729	1287.7	34.138	34.238	34.202	
16730	1287.8	34.138	34.238	34.202	
16731	1287.9	34.138	34.238	34.203	
16732	1288.	34.138	34.238	34.203	
16733	1288.	34.138	34.238	34.203	
16734	1288.	34.138	34.238	34.203	
16735	1288.	34.138	34.238	34.203	
16736	1288.1	34.138	34.238	34.203	
16737	1288.2	34.138	34.239	34.203	
16738	1288.3	34.139	34.239	34.203	
16739	1288.4	34.139	34.239	34.203	
16740	1288.5	34.139	34.239	34.203	
16741	1288.6	34.139	34.239	34.204	
16742	1288.7	34.139	34.239	34.204	
16743	1288.8	34.139	34.24	34.204	
16744	1288.9	34.14	34.24	34.204	
16745	1289.	34.14	34.24	34.204	
16746	1289.	34.14	34.24	34.204	
16747	1289.	34.14	34.24	34.204	
16748	1289.	34.14	34.24	34.204	
16749	1289.1	34.14	34.24	34.204	
16750	1289.2	34.14	34.24	34.205	
16751	1289.3	34.14	34.24	34.205	
16752	1289.4	34.14	34.24	34.205	
16753	1289.5	34.14	34.241	34.205	
16754	1289.6	34.141	34.241	34.205	
16755	1289.7	34.141	34.241	34.205	
16756	1289.8	34.141	34.241	34.205	
16757	1289.9	34.141	34.241	34.206	
16758	1290.	34.141	34.241	34.206	
16759	1290.	34.141	34.241	34.206	
16760	1290.	34.141	34.241	34.206	
16761	1290.	34.141	34.241	34.206	
16762	1290.1	34.141	34.242	34.206	
16763	1290.2	34.142	34.242	34.206	
16764	1290.3	34.142	34.242	34.206	
16765	1290.4	34.142	34.242	34.206	
16766	1290.5	34.142	34.242	34.207	
16767	1290.6	34.142	34.242	34.207	
16768	1290.7	34.142	34.242	34.207	
16769	1290.8	34.142	34.243	34.207	
16770	1290.9	34.143	34.243	34.207	
16771	1291.	34.143	34.243	34.207	
16772	1291.	34.143	34.243	34.207	
16773	1291.	34.143	34.243	34.207	
16774	1291.	34.143	34.243	34.207	
16775	1291.1	34.143	34.243	34.208	
16776	1291.2	34.143	34.243	34.208	
16777	1291.3	34.143	34.243	34.208	
16778	1291.4	34.143	34.244	34.208	
16779	1291.5	34.144	34.244	34.208	
16780	1291.6	34.144	34.244	34.208	
16781	1291.7	34.144	34.244	34.208	
16782	1291.8	34.144	34.244	34.209	
16783	1291.9	34.144	34.244	34.209	
16784	1292.	34.144	34.244	34.209	
16785	1292.	34.144	34.244	34.209	
16786	1292.	34.144	34.244	34.209	
16787	1292.	34.144	34.245	34.209	
16788	1292.1	34.144	34.245	34.209	
16789	1292.2	34.145	34.245	34.209	
16790	1292.3	34.145	34.245	34.209	
16791	1292.4	34.145	34.245	34.21	
16792	1292.5	34.145	34.245	34.21	
16793	1292.6	34.145	34.245	34.21	
16794	1292.7	34.145	34.246	34.21	
16795	1292.8	34.146	34.246	34.21	
16796	1292.9	34.146	34.246	34.21	
16797	1293.	34.146	34.246	34.21	
16798	1293.	34.146	34.246	34.21	
16799	1293.	34.146	34.246	34.21	
16800	1293.	34.146	34.246	34.21	
16801	1293.1	34.146	34.246	34.211	
16802	1293.2	34.146	34.246	34.211	
16803	1293.3	34.146	34.247	34.211	
16804	1293.4	34.146	34.247	34.211	
16805	1293.5	34.147	34.247	34.211	
16806	1293.6	34.147	34.247	34.211	
16807	1293.7	34.147	34.247	34.212	
16808	1293.8	34.147	34.247	34.212	
16809	1293.9	34.147	34.247	34.212	
16810	1294.	34.147	34.248	34.212	
16811	1294.	34.147	34.248	34.212	
16812	1294.	34.147	34.248	34.212	
16813	1294.	34.147	34.248	34.212	
16814	1294.1	34.148	34.248	34.212	
16815	1294.2	34.148	34.248	34.212	
16816	1294.3	34.148	34.248	34.212	
16817	1294.4	34.148	34.248	34.213	
16818	1294.5	34.148	34.248	34.213	
16819	1294.6	34.148	34.249	34.213	
16820	1294.7	34.149	34.249	34.213	
16821	1294.8	34.149	34.249	34.213	
16822	1294.9	34.149	34.249	34.213	
16823	1295.	34.149	34.249	34.214	
16824	1295.	34.149	34.249	34.214	
16825	1295.	34.149	34.249	34.214	
16826	1295.	34.149	34.249	34.214	
16827	1295.1	34.149	34.249	34.214	
16828	1295.2	34.149	34.25	34.214	
16829	1295.3	34.149	34.25	34.214	
16830	1295.4	34.15	34.25	34.214	
16831	1295.5	34.15	34.25	34.214	
16832	1295.6	34.15	34.25	34.215	
16833	1295.7	34.15	34.25	34.215	
16834	1295.8	34.15	34.25	34.215	
16835	1295.9	34.15	34.251	34.215	
16836	1296.	34.15	34.251	34.215	
16837	1296.	34.15	34.251	34.215	
16838	1296.	34.15	34.251	34.215	
16839	1296.	34.151	34.251	34.215	
16840	1296.1	34.151	34.251	34.215	
16841	1296.2	34.151	34.251	34.215	
16842	1296.3	34.151	34.251	34.216	
16843	1296.4	34.151	34.251	34.216	
16844	1296.5	34.151	34.252	34.216	
16845	1296.6	34.151	34.252	34.216	
16846	1296.7	34.152	34.252	34.216	
16847	1296.8	34.152	34.252	34.216	
16848	1296.9	34.152	34.252	34.217	
16849	1297.	34.152	34.252	34.217	
16850	1297.	34.152	34.252	34.217	
16851	1297.	34.152	34.252	34.217	
16852	1297.	34.152	34.252	34.217	
16853	1297.1	34.152	34.252	34.217	
16854	1297.2	34.152	34.253	34.217	
16855	1297.3	34.153	34.253	34.217	
16856	1297.4	34.153	34.253	34.217	
16857	1297.5	34.153	34.253	34.217	
16858	1297.6	34.153	34.253	34.218	
16859	1297.7	34.153	34.253	34.218	
16860	1297.8	34.153	34.254	34.218	
16861	1297.9	34.153	34.254	34.218	
16862	1298.	34.154	34.254	34.218	
16863	1298.	34.154	34.254	34.218	
16864	1298.	34.154	34.254	34.218	
16865	1298.	34.154	34.254	34.218	
16866	1298.1	34.154	34.254	34.218	
16867	1298.2	34.154	34.254	34.219	
16868	1298.3	34.154	34.254	34.219	
16869	1298.4	34.154	34.255	34.219	
16870	1298.5	34.154	34.255	34.219	
16871	1298.6	34.155	34.255	34.219	
16872	1298.7	34.155	34.255	34.219	
16873	1298.8	34.155	34.255	34.219	
16874	1298.9	34.155	34.255	34.22	
16875	1299.	34.155	34.255	34.22	
16876	1299.	34.155	34.255	34.22	
16877	1299.	34.155	34.255	34.22	
16878	1299.	34.155	34.255	34.22	
16879	1299.1	34.155	34.256	34.22	
16880	1299.2	34.155	34.256	34.22	
16881	1299.3	34.156	34.256	34.22	
16882	1299.4	34.156	34.256	34.22	
16883	1299.5	34.156	34.256	34.221	
16884	1299.6	34.156	34.256	34.221	
16885	1299.7	34.156	34.257	34.221	
16886	1299.8	34.156	34.257	34.221	
16887	1299.9	34.157	34.257	34.221	
16888	1300.	34.157	34.257	34.221	
16889	1300.	34.157	34.257	34.221	
16890	1300.	34.157	34.257	34.221	
16891	1300.	34.157	34.257	34.221	
16892	1300.1	34.157	34.257	34.222	
16893	1300.2	34.157	34.257	34.222	
16894	1300.3	34.157	34.257	34.222	
16895	1300.4	34.157	34.258	34.222	
16896	1300.5	34.157	34.258	34.222	
16897	1300.6	34.158	34.258	34.222	
16898	1300.7	34.158	34.258	34.222	
16899	1300.8	34.158	34.258	34.223	
16900	1300.9	34.158	34.258	34.223	
16901	1301.	34.158	34.259	34.223	
16902	1301.	34.158	34.259	34.223	
16903	1301.	34.158	34.259	34.223	
16904	1301.	34.158	34.259	34.223	
16905	1301.1	34.158	34.259	34.223	
16906	1301.2	34.159	34.259	34.223	
16907	1301.3	34.159	34.259	34.223	
16908	1301.4	34.159	34.259	34.224	
16909	1301.5	34.159	34.259	34.224	
16910	1301.6	34.159	34.26	34.224	
16911	1301.7	34.159	34.26	34.224	
16912	1301.8	34.16	34.26	34.224	
16913	1301.9	34.16	34.26	34.224	
16914	1302.	34.16	34.26	34.224	
16915	1302.	34.16	34.26	34.224	
16916	1302.	34.16	34.26	34.224	
16917	1302.	34.16	34.26	34.224	
16918	1302.1	34.16	34.26	34.225	
16919	1302.2	34.16	34.26	34.225	
16920	1302.3	34.16	34.261	34.225	
16921	1302.4	34.16	34.261	34.225	
16922	1302.5	34.161	34.261	34.225	
16923	1302.6	34.161	34.261	34.225	
16924	1302.7	34.161	34.261	34.226	
16925	1302.8	34.161	34.261	34.226	
16926	1302.9	34.161	34.262	34.226	
16927	1303.	34.161	34.262	34.226	
16928	1303.	34.161	34.262	34.226	
16929	1303.	34.161	34.262	34.226	
16930	1303.	34.161	34.262	34.226	
16931	1303.1	34.162	34.262	34.226	
16932	1303.2	34.162	34.262	34.226	
16933	1303.3	34.162	34.262	34.226	
16934	1303.4	34.162	34.262	34.227	
16935	1303.5	34.162	34.262	34.227	
16936	1303.6	34.162	34.263	34.227	
16937	1303.7	34.162	34.263	34.227	
16938	1303.8	34.163	34.263	34.227	
16939	1303.9	34.163	34.263	34.227	
16940	1304.	34.163	34.263	34.228	
16941	1304.	34.163	34.263	34.228	
16942	1304.	34.163	34.263	34.228	
16943	1304.	34.163	34.263	34.228	
16944	1304.1	34.163	34.263	34.228	
16945	1304.2	34.163	34.264	34.228	
16946	1304.3	34.163	34.264	34.228	
16947	1304.4	34.164	34.264	34.228	
16948	1304.5	34.164	34.264	34.228	
16949	1304.6	34.164	34.264	34.229	
16950	1304.7	34.164	34.264	34.229	
16951	1304.8	34.164	34.265	34.229	
16952	1304.9	34.164	34.265	34.229	
16953	1305.	34.164	34.265	34.229	
16954	1305.	34.164	34.265	34.229	
16955	1305.	34.164	34.265	34.229	
16956	1305.	34.164	34.265	34.229	
16957	1305.1	34.165	34.265	34.229	
16958	1305.2	34.165	34.265	34.229	
16959	1305.3	34.165	34.265	34.23	
16960	1305.4	34.165	34.265	34.23	
16961	1305.5	34.165	34.266	34.23	
16962	1305.6	34.165	34.266	34.23	
16963	1305.7	34.166	34.266	34.23	
16964	1305.8	34.166	34.266	34.23	
16965	1305.9	34.166	34.266	34.231	
16966	1306.	34.166	34.266	34.231	
16967	1306.	34.166	34.266	34.231	
16968	1306.	34.166	34.266	34.231	
16969	1306.	34.166	34.266	34.231	
16970	1306.1	34.166	34.267	34.231	
16971	1306.2	34.166	34.267	34.231	
16972	1306.3	34.166	34.267	34.231	
16973	1306.4	34.167	34.267	34.231	
16974	1306.5	34.167	34.267	34.231	
16975	1306.6	34.167	34.267	34.232	
16976	1306.7	34.167	34.267	34.232	
16977	1306.8	34.167	34.268	34.232	
16978	1306.9	34.167	34.268	34.232	
16979	1307.	34.167	34.268	34.232	
16980	1307.	34.168	34.268	34.232	
16981	1307.	34.168	34.268	34.232	
16982	1307.	34.168	34.268	34.232	
16983	1307.1	34.168	34.268	34.232	
16984	1307.2	34.168	34.268	34.233	
16985	1307.3	34.168	34.268	34.233	
16986	1307.4	34.168	34.269	34.233	
16987	1307.5	34.168	34.269	34.233	
16988	1307.6	34.168	34.269	34.233	
16989	1307.7	34.169	34.269	34.233	
16990	1307.8	34.169	34.269	34.234	
16991	1307.9	34.169	34.269	34.234	
16992	1308.	34.169	34.269	34.234	
16993	1308.	34.169	34.269	34.234	
16994	1308.	34.169	34.269	34.234	
16995	1308.	34.169	34.27	34.234	
16996	1308.1	34.169	34.27	34.234	
16997	1308.2	34.169	34.27	34.234	
16998	1308.3	34.17	34.27	34.234	
16999	1308.4	34.17	34.27	34.234	
17000	1308.5	34.17	34.27	34.235	
17001	1308.6	34.17	34.27	34.235	
17002	1308.7	34.17	34.271	34.235	
17003	1308.8	34.17	34.271	34.235	
17004	1308.9	34.171	34.271	34.235	
17005	1309.	34.171	34.271	34.235	
17006	1309.	34.171	34.271	34.235	
17007	1309.	34.171	34.271	34.235	
17008	1309.	34.171	34.271	34.235	
17009	1309.1	34.171	34.271	34.236	
17010	1309.2	34.171	34.271	34.236	
17011	1309.3	34.171	34.272	34.236	
17012	1309.4	34.171	34.272	34.236	
17013	1309.5	34.171	34.272	34.236	
17014	1309.6	34.172	34.272	34.236	
17015	1309.7	34.172	34.272	34.236	
17016	1309.8	34.172	34.272	34.237	
17017	1309.9	34.172	34.272	34.237	
17018	1310.	34.172	34.273	34.237	
17019	1310.	34.172	34.273	34.237	
17020	1310.	34.172	34.273	34.237	
17021	1310.	34.172	34.273	34.237	
17022	1310.1	34.172	34.273	34.237	
17023	1310.2	34.173	34.273	34.237	
17024	1310.3	34.173	34.273	34.237	
17025	1310.4	34.173	34.273	34.238	
17026	1310.5	34.173	34.273	34.238	
17027	1310.6	34.173	34.274	34.238	
17028	1310.7	34.173	34.274	34.238	
17029	1310.8	34.173	34.274	34.238	
17030	1310.9	34.174	34.274	34.238	
17031	1311.	34.174	34.274	34.238	
17032	1311.	34.174	34.274	34.238	
17033	1311.	34.174	34.274	34.238	
17034	1311.	34.174	34.274	34.239	
17035	1311.1	34.174	34.274	34.239	
17036	1311.2	34.174	34.274	34.239	
17037	1311.3	34.174	34.275	34.239	
17038	1311.4	34.174	34.275	34.239	
17039	1311.5	34.175	34.275	34.239	
17040	1311.6	34.175	34.275	34.239	
17041	1311.7	34.175	34.275	34.24	
17042	1311.8	34.175	34.275	34.24	
17043	1311.9	34.175	34.276	34.24	
17044	1312.	34.175	34.276	34.24	
17045	1312.	34.175	34.276	34.24	
17046	1312.	34.175	34.276	34.24	
17047	1312.	34.175	34.276	34.24	
17048	1312.1	34.175	34.276	34.24	
17049	1312.2	34.176	34.276	34.24	
17050	1312.3	34.176	34.276	34.241	
17051	1312.4	34.176	34.276	34.241	
17052	1312.5	34.176	34.277	34.241	
17053	1312.6	34.176	34.277	34.241	
17054	1312.7	34.176	34.277	34.241	
17055	1312.8	34.177	34.277	34.241	
17056	1312.9	34.177	34.277	34.241	
17057	1313.	34.177	34.277	34.242	
17058	1313.	34.177	34.277	34.242	
17059	1313.	34.177	34.277	34.242	
17060	1313.	34.177	34.277	34.242	
17061	1313.1	34.177	34.277	34.242	
17062	1313.2	34.177	34.278	34.242	
17063	1313.3	34.177	34.278	34.242	
17064	1313.4	34.177	34.278	34.242	
17065	1313.5	34.178	34.278	34.242	
17066	1313.6	34.178	34.278	34.243	
17067	1313.7	34.178	34.278	34.243	
17068	1313.8	34.178	34.279	34.243	
17069	1313.9	34.178	34.279	34.243	
17070	1314.	34.178	34.279	34.243	
17071	1314.	34.178	34.279	34.243	
17072	1314.	34.178	34.279	34.243	
17073	1314.	34.178	34.279	34.243	
17074	1314.1	34.179	34.279	34.243	
17075	1314.2	34.179	34.279	34.243	
17076	1314.3	34.179	34.279	34.244	
17077	1314.4	34.179	34.279	34.244	
17078	1314.5	34.179	34.28	34.244	
17079	1314.6	34.179	34.28	34.244	
17080	1314.7	34.179	34.28	34.244	
17081	1314.8	34.18	34.28	34.244	
17082	1314.9	34.18	34.28	34.245	
17083	1315.	34.18	34.28	34.245	
17084	1315.	34.18	34.28	34.245	
17085	1315.	34.18	34.28	34.245	
17086	1315.	34.18	34.28	34.245	
17087	1315.1	34.18	34.281	34.245	
17088	1315.2	34.18	34.281	34.245	
17089	1315.3	34.18	34.281	34.245	
17090	1315.4	34.181	34.281	34.245	
17091	1315.5	34.181	34.281	34.245	
17092	1315.6	34.181	34.281	34.246	
17093	1315.7	34.181	34.282	34.246	
17094	1315.8	34.181	34.282	34.246	
17095	1315.9	34.181	34.282	34.246	
17096	1316.	34.181	34.282	34.246	
17097	1316.	34.181	34.282	34.246	
17098	1316.	34.181	34.282	34.246	
17099	1316.	34.182	34.282	34.246	
17100	1316.1	34.182	34.282	34.246	
17101	1316.2	34.182	34.282	34.247	
17102	1316.3	34.182	34.282	34.247	
17103	1316.4	34.182	34.283	34.247	
17104	1316.5	34.182	34.283	34.247	
17105	1316.6	34.182	34.283	34.247	
17106	1316.7	34.183	34.283	34.247	
17107	1316.8	34.183	34.283	34.248	
17108	1316.9	34.183	34.283	34.248	
17109	1317.	34.183	34.283	34.248	
17110	1317.	34.183	34.284	34.248	
17111	1317.	34.183	34.284	34.248	
17112	1317.	34.183	34.284	34.248	
17113	1317.1	34.183	34.284	34.248	
17114	1317.2	34.183	34.284	34.248	
17115	1317.3	34.184	34.284	34.248	
17116	1317.4	34.184	34.284	34.248	
17117	1317.5	34.184	34.284	34.249	
17118	1317.6	34.184	34.284	34.249	
17119	1317.7	34.184	34.285	34.249	
17120	1317.8	34.184	34.285	34.249	
17121	1317.9	34.184	34.285	34.249	
17122	1318.	34.185	34.285	34.249	
17123	1318.	34.185	34.285	34.249	
17124	1318.	34.185	34.285	34.249	
17125	1318.	34.185	34.285	34.249	
17126	1318.1	34.185	34.285	34.25	
17127	1318.2	34.185	34.285	34.25	
17128	1318.3	34.185	34.286	34.25	
17129	1318.4	34.185	34.286	34.25	
17130	1318.5	34.185	34.286	34.25	
17131	1318.6	34.186	34.286	34.25	
17132	1318.7	34.186	34.286	34.25	
17133	1318.8	34.186	34.286	34.251	
17134	1318.9	34.186	34.287	34.251	
17135	1319.	34.186	34.287	34.251	
17136	1319.	34.186	34.287	34.251	
17137	1319.	34.186	34.287	34.251	
17138	1319.	34.186	34.287	34.251	
17139	1319.1	34.186	34.287	34.251	
17140	1319.2	34.186	34.287	34.251	
17141	1319.3	34.187	34.287	34.251	
17142	1319.4	34.187	34.287	34.252	
17143	1319.5	34.187	34.287	34.252	
17144	1319.6	34.187	34.288	34.252	
17145	1319.7	34.187	34.288	34.252	
17146	1319.8	34.187	34.288	34.252	
17147	1319.9	34.188	34.288	34.252	
17148	1320.	34.188	34.288	34.252	
17149	1320.	34.188	34.288	34.252	
17150	1320.	34.188	34.288	34.252	
17151	1320.	34.188	34.288	34.253	
17152	1320.1	34.188	34.288	34.253	
17153	1320.2	34.188	34.289	34.253	
17154	1320.3	34.188	34.289	34.253	
17155	1320.4	34.188	34.289	34.253	
17156	1320.5	34.188	34.289	34.253	
17157	1320.6	34.189	34.289	34.253	
17158	1320.7	34.189	34.289	34.254	
17159	1320.8	34.189	34.289	34.254	
17160	1320.9	34.189	34.29	34.254	
17161	1321.	34.189	34.29	34.254	
17162	1321.	34.189	34.29	34.254	
17163	1321.	34.189	34.29	34.254	
17164	1321.	34.189	34.29	34.254	
17165	1321.1	34.189	34.29	34.254	
17166	1321.2	34.19	34.29	34.254	
17167	1321.3	34.19	34.29	34.255	
17168	1321.4	34.19	34.29	34.255	
17169	1321.5	34.19	34.291	34.255	
17170	1321.6	34.19	34.291	34.255	
17171	1321.7	34.19	34.291	34.255	
17172	1321.8	34.19	34.291	34.255	
17173	1321.9	34.191	34.291	34.255	
17174	1322.	34.191	34.291	34.256	
17175	1322.	34.191	34.291	34.256	
17176	1322.	34.191	34.291	34.256	
17177	1322.	34.191	34.291	34.256	
17178	1322.1	34.191	34.292	34.256	
17179	1322.2	34.191	34.292	34.256	
17180	1322.3	34.191	34.292	34.256	
17181	1322.4	34.191	34.292	34.256	
17182	1322.5	34.192	34.292	34.256	
17183	1322.6	34.192	34.292	34.257	
17184	1322.7	34.192	34.292	34.257	
17185	1322.8	34.192	34.293	34.257	
17186	1322.9	34.192	34.293	34.257	
17187	1323.	34.192	34.293	34.257	
17188	1323.	34.192	34.293	34.257	
17189	1323.	34.192	34.293	34.257	
17190	1323.	34.192	34.293	34.257	
17191	1323.1	34.193	34.293	34.257	
17192	1323.2	34.193	34.293	34.257	
17193	1323.3	34.193	34.293	34.258	
17194	1323.4	34.193	34.294	34.258	
17195	1323.5	34.193	34.294	34.258	
17196	1323.6	34.193	34.294	34.258	
17197	1323.7	34.193	34.294	34.258	
17198	1323.8	34.194	34.294	34.258	
17199	1323.9	34.194	34.294	34.259	
17200	1324.	34.194	34.294	34.259	
17201	1324.	34.194	34.294	34.259	
17202	1324.	34.194	34.294	34.259	
17203	1324.	34.194	34.295	34.259	
17204	1324.1	34.194	34.295	34.259	
17205	1324.2	34.194	34.295	34.259	
17206	1324.3	34.194	34.295	34.259	
17207	1324.4	34.195	34.295	34.259	
17208	1324.5	34.195	34.295	34.26	
17209	1324.6	34.195	34.295	34.26	
17210	1324.7	34.195	34.296	34.26	
17211	1324.8	34.195	34.296	34.26	
17212	1324.9	34.195	34.296	34.26	
17213	1325.	34.195	34.296	34.26	
17214	1325.	34.195	34.296	34.26	
17215	1325.	34.195	34.296	34.26	
17216	1325.	34.195	34.296	34.26	
17217	1325.1	34.196	34.296	34.26	
17218	1325.2	34.196	34.296	34.261	
17219	1325.3	34.196	34.297	34.261	
17220	1325.4	34.196	34.297	34.261	
17221	1325.5	34.196	34.297	34.261	
17222	1325.6	34.196	34.297	34.261	
17223	1325.7	34.197	34.297	34.261	
17224	1325.8	34.197	34.297	34.262	
17225	1325.9	34.197	34.297	34.262	
17226	1326.	34.197	34.298	34.262	
17227	1326.	34.197	34.298	34.262	
17228	1326.	34.197	34.298	34.262	
17229	1326.	34.197	34.298	34.262	
17230	1326.1	34.197	34.298	34.262	
17231	1326.2	34.197	34.298	34.262	
17232	1326.3	34.197	34.298	34.262	
17233	1326.4	34.198	34.298	34.262	
17234	1326.5	34.198	34.298	34.263	
17235	1326.6	34.198	34.299	34.263	
17236	1326.7	34.198	34.299	34.263	
17237	1326.8	34.198	34.299	34.263	
17238	1326.9	34.198	34.299	34.263	
17239	1327.	34.198	34.299	34.263	
17240	1327.	34.199	34.299	34.263	
17241	1327.	34.199	34.299	34.263	
17242	1327.	34.199	34.299	34.263	
17243	1327.1	34.199	34.299	34.264	
17244	1327.2	34.199	34.299	34.264	
17245	1327.3	34.199	34.3	34.264	
17246	1327.4	34.199	34.3	34.264	
17247	1327.5	34.199	34.3	34.264	
17248	1327.6	34.199	34.3	34.264	
17249	1327.7	34.2	34.3	34.264	
17250	1327.8	34.2	34.3	34.265	
17251	1327.9	34.2	34.301	34.265	
17252	1328.	34.2	34.301	34.265	
17253	1328.	34.2	34.301	34.265	
17254	1328.	34.2	34.301	34.265	
17255	1328.	34.2	34.301	34.265	
17256	1328.1	34.2	34.301	34.265	
17257	1328.2	34.2	34.301	34.265	
17258	1328.3	34.201	34.301	34.265	
17259	1328.4	34.201	34.301	34.266	
17260	1328.5	34.201	34.302	34.266	
17261	1328.6	34.201	34.302	34.266	
17262	1328.7	34.201	34.302	34.266	
17263	1328.8	34.201	34.302	34.266	
17264	1328.9	34.201	34.302	34.266	
17265	1329.	34.202	34.302	34.266	
17266	1329.	34.202	34.302	34.266	
17267	1329.	34.202	34.302	34.266	
17268	1329.	34.202	34.302	34.267	
17269	1329.1	34.202	34.302	34.267	
17270	1329.2	34.202	34.303	34.267	
17271	1329.3	34.202	34.303	34.267	
17272	1329.4	34.202	34.303	34.267	
17273	1329.5	34.202	34.303	34.267	
17274	1329.6	34.203	34.303	34.267	
17275	1329.7	34.203	34.303	34.268	
17276	1329.8	34.203	34.304	34.268	
17277	1329.9	34.203	34.304	34.268	
17278	1330.	34.203	34.304	34.268	
17279	1330.	34.203	34.304	34.268	
17280	1330.	34.203	34.304	34.268	
17281	1330.	34.203	34.304	34.268	
17282	1330.1	34.203	34.304	34.268	
17283	1330.2	34.204	34.304	34.268	
17284	1330.3	34.204	34.304	34.269	
17285	1330.4	34.204	34.304	34.269	
17286	1330.5	34.204	34.305	34.269	
17287	1330.6	34.204	34.305	34.269	
17288	1330.7	34.204	34.305	34.269	
17289	1330.8	34.204	34.305	34.269	
17290	1330.9	34.205	34.305	34.269	
17291	1331.	34.205	34.305	34.27	
17292	1331.	34.205	34.305	34.27	
17293	1331.	34.205	34.305	34.27	
17294	1331.	34.205	34.305	34.27	
17295	1331.1	34.205	34.306	34.27	
17296	1331.2	34.205	34.306	34.27	
17297	1331.3	34.205	34.306	34.27	
17298	1331.4	34.205	34.306	34.27	
17299	1331.5	34.206	34.306	34.27	
17300	1331.6	34.206	34.306	34.271	
17301	1331.7	34.206	34.307	34.271	
17302	1331.8	34.206	34.307	34.271	
17303	1331.9	34.206	34.307	34.271	
17304	1332.	34.206	34.307	34.271	
17305	1332.	34.206	34.307	34.271	
17306	1332.	34.206	34.307	34.271	
17307	1332.	34.206	34.307	34.271	
17308	1332.1	34.206	34.307	34.271	
17309	1332.2	34.207	34.307	34.272	
17310	1332.3	34.207	34.307	34.272	
17311	1332.4	34.207	34.308	34.272	
17312	1332.5	34.207	34.308	34.272	
17313	1332.6	34.207	34.308	34.272	
17314	1332.7	34.207	34.308	34.272	
17315	1332.8	34.208	34.308	34.272	
17316	1332.9	34.208	34.308	34.273	
17317	1333.	34.208	34.308	34.273	
17318	1333.	34.208	34.308	34.273	
17319	1333.	34.208	34.309	34.273	
17320	1333.	34.208	34.309	34.273	
17321	1333.1	34.208	34.309	34.273	
17322	1333.2	34.208	34.309	34.273	
17323	1333.3	34.208	34.309	34.273	
17324	1333.4	34.208	34.309	34.273	
17325	1333.5	34.209	34.309	34.274	
17326	1333.6	34.209	34.309	34.274	
17327	1333.7	34.209	34.31	34.274	
17328	1333.8	34.209	34.31	34.274	
17329	1333.9	34.209	34.31	34.274	
17330	1334.	34.209	34.31	34.274	
17331	1334.	34.209	34.31	34.274	
17332	1334.	34.209	34.31	34.274	
17333	1334.	34.209	34.31	34.274	
17334	1334.1	34.21	34.31	34.274	
17335	1334.2	34.21	34.31	34.275	
17336	1334.3	34.21	34.311	34.275	
17337	1334.4	34.21	34.311	34.275	
17338	1334.5	34.21	34.311	34.275	
17339	1334.6	34.21	34.311	34.275	
17340	1334.7	34.21	34.311	34.275	
17341	1334.8	34.211	34.311	34.276	
17342	1334.9	34.211	34.312	34.276	
17343	1335.	34.211	34.312	34.276	
17344	1335.	34.211	34.312	34.276	
17345	1335.	34.211	34.312	34.276	
17346	1335.	34.211	34.312	34.276	
17347	1335.1	34.211	34.312	34.276	
17348	1335.2	34.211	34.312	34.276	
17349	1335.3	34.211	34.312	34.276	
17350	1335.4	34.212	34.312	34.276	
17351	1335.5	34.212	34.312	34.277	
17352	1335.6	34.212	34.313	34.277	
17353	1335.7	34.212	34.313	34.277	
17354	1335.8	34.212	34.313	34.277	
17355	1335.9	34.212	34.313	34.277	
17356	1336.	34.212	34.313	34.277	
17357	1336.	34.212	34.313	34.277	
17358	1336.	34.212	34.313	34.277	
17359	1336.	34.213	34.313	34.277	
17360	1336.1	34.213	34.313	34.278	
17361	1336.2	34.213	34.314	34.278	
17362	1336.3	34.213	34.314	34.278	
17363	1336.4	34.213	34.314	34.278	
17364	1336.5	34.213	34.314	34.278	
17365	1336.6	34.213	34.314	34.278	
17366	1336.7	34.214	34.314	34.279	
17367	1336.8	34.214	34.314	34.279	
17368	1336.9	34.214	34.315	34.279	
17369	1337.	34.214	34.315	34.279	
17370	1337.	34.214	34.315	34.279	
17371	1337.	34.214	34.315	34.279	
17372	1337.	34.214	34.315	34.279	
17373	1337.1	34.214	34.315	34.279	
17374	1337.2	34.214	34.315	34.279	
17375	1337.3	34.215	34.315	34.279	
17376	1337.4	34.215	34.315	34.28	
17377	1337.5	34.215	34.316	34.28	
17378	1337.6	34.215	34.316	34.28	
17379	1337.7	34.215	34.316	34.28	
17380	1337.8	34.215	34.316	34.28	
17381	1337.9	34.215	34.316	34.28	
17382	1338.	34.216	34.316	34.28	
17383	1338.	34.216	34.316	34.28	
17384	1338.	34.216	34.316	34.281	
17385	1338.	34.216	34.316	34.281	
17386	1338.1	34.216	34.317	34.281	
17387	1338.2	34.216	34.317	34.281	
17388	1338.3	34.216	34.317	34.281	
17389	1338.4	34.216	34.317	34.281	
17390	1338.5	34.216	34.317	34.281	
17391	1338.6	34.217	34.317	34.281	
17392	1338.7	34.217	34.317	34.282	
17393	1338.8	34.217	34.318	34.282	
17394	1338.9	34.217	34.318	34.282	
17395	1339.	34.217	34.318	34.282	
17396	1339.	34.217	34.318	34.282	
17397	1339.	34.217	34.318	34.282	
17398	1339.	34.217	34.318	34.282	
17399	1339.1	34.217	34.318	34.282	
17400	1339.2	34.217	34.318	34.282	
17401	1339.3	34.218	34.318	34.283	
17402	1339.4	34.218	34.319	34.283	
17403	1339.5	34.218	34.319	34.283	
17404	1339.6	34.218	34.319	34.283	
17405	1339.7	34.218	34.319	34.283	
17406	1339.8	34.218	34.319	34.283	
17407	1339.9	34.219	34.319	34.284	
17408	1340.	34.219	34.319	34.284	
17409	1340.	34.219	34.319	34.284	
17410	1340.	34.219	34.319	34.284	
17411	1340.	34.219	34.319	34.284	
17412	1340.1	34.219	34.32	34.284	
17413	1340.2	34.219	34.32	34.284	
17414	1340.3	34.219	34.32	34.284	
17415	1340.4	34.219	34.32	34.284	
17416	1340.5	34.219	34.32	34.284	
17417	1340.6	34.22	34.32	34.285	
17418	1340.7	34.22	34.321	34.285	
17419	1340.8	34.22	34.321	34.285	
17420	1340.9	34.22	34.321	34.285	
17421	1341.	34.22	34.321	34.285	
17422	1341.	34.22	34.321	34.285	
17423	1341.	34.22	34.321	34.285	
17424	1341.	34.22	34.321	34.285	
17425	1341.1	34.22	34.321	34.285	
17426	1341.2	34.221	34.321	34.286	
17427	1341.3	34.221	34.322	34.286	
17428	1341.4	34.221	34.322	34.286	
17429	1341.5	34.221	34.322	34.286	
17430	1341.6	34.221	34.322	34.286	
17431	1341.7	34.221	34.322	34.286	
17432	1341.8	34.221	34.322	34.286	
17433	1341.9	34.222	34.322	34.287	
17434	1342.	34.222	34.323	34.287	
17435	1342.	34.222	34.323	34.287	
17436	1342.	34.222	34.323	34.287	
17437	1342.	34.222	34.323	34.287	
17438	1342.1	34.222	34.323	34.287	
17439	1342.2	34.222	34.323	34.287	
17440	1342.3	34.222	34.323	34.287	
17441	1342.4	34.222	34.323	34.287	
17442	1342.5	34.223	34.323	34.288	
17443	1342.6	34.223	34.324	34.288	
17444	1342.7	34.223	34.324	34.288	
17445	1342.8	34.223	34.324	34.288	
17446	1342.9	34.223	34.324	34.288	
17447	1343.	34.223	34.324	34.288	
17448	1343.	34.223	34.324	34.288	
17449	1343.	34.223	34.324	34.288	
17450	1343.	34.223	34.324	34.288	
17451	1343.1	34.223	34.324	34.288	
17452	1343.2	34.224	34.324	34.289	
17453	1343.3	34.224	34.325	34.289	
17454	1343.4	34.224	34.325	34.289	
17455	1343.5	34.224	34.325	34.289	
17456	1343.6	34.224	34.325	34.289	
17457	1343.7	34.224	34.325	34.289	
17458	1343.8	34.225	34.325	34.29	
17459	1343.9	34.225	34.326	34.29	
17460	1344.	34.225	34.326	34.29	
17461	1344.	34.225	34.326	34.29	
17462	1344.	34.225	34.326	34.29	
17463	1344.	34.225	34.326	34.29	
17464	1344.1	34.225	34.326	34.29	
17465	1344.2	34.225	34.326	34.29	
17466	1344.3	34.225	34.326	34.29	
17467	1344.4	34.226	34.326	34.291	
17468	1344.5	34.226	34.327	34.291	
17469	1344.6	34.226	34.327	34.291	
17470	1344.7	34.226	34.327	34.291	
17471	1344.8	34.226	34.327	34.291	
17472	1344.9	34.226	34.327	34.291	
17473	1345.	34.226	34.327	34.291	
17474	1345.	34.226	34.327	34.291	
17475	1345.	34.226	34.327	34.291	
17476	1345.	34.226	34.327	34.291	
17477	1345.1	34.227	34.327	34.292	
17478	1345.2	34.227	34.328	34.292	
17479	1345.3	34.227	34.328	34.292	
17480	1345.4	34.227	34.328	34.292	
17481	1345.5	34.227	34.328	34.292	
17482	1345.6	34.227	34.328	34.292	
17483	1345.7	34.228	34.328	34.293	
17484	1345.8	34.228	34.329	34.293	
17485	1345.9	34.228	34.329	34.293	
17486	1346.	34.228	34.329	34.293	
17487	1346.	34.228	34.329	34.293	
17488	1346.	34.228	34.329	34.293	
17489	1346.	34.228	34.329	34.293	
17490	1346.1	34.228	34.329	34.293	
17491	1346.2	34.228	34.329	34.293	
17492	1346.3	34.228	34.329	34.293	
17493	1346.4	34.229	34.329	34.294	
17494	1346.5	34.229	34.33	34.294	
17495	1346.6	34.229	34.33	34.294	
17496	1346.7	34.229	34.33	34.294	
17497	1346.8	34.229	34.33	34.294	
17498	1346.9	34.229	34.33	34.294	
17499	1347.	34.229	34.33	34.294	
17500	1347.	34.229	34.33	34.295	
17501	1347.	34.23	34.33	34.295	
17502	1347.	34.23	34.33	34.295	
17503	1347.1	34.23	34.331	34.295	
17504	1347.2	34.23	34.331	34.295	
17505	1347.3	34.23	34.331	34.295	
17506	1347.4	34.23	34.331	34.295	
17507	1347.5	34.23	34.331	34.295	
17508	1347.6	34.23	34.331	34.295	
17509	1347.7	34.231	34.332	34.296	
17510	1347.8	34.231	34.332	34.296	
17511	1347.9	34.231	34.332	34.296	
17512	1348.	34.231	34.332	34.296	
17513	1348.	34.231	34.332	34.296	
17514	1348.	34.231	34.332	34.296	
17515	1348.	34.231	34.332	34.296	
17516	1348.1	34.231	34.332	34.296	
17517	1348.2	34.231	34.332	34.296	
17518	1348.3	34.232	34.332	34.297	
17519	1348.4	34.232	34.333	34.297	
17520	1348.5	34.232	34.333	34.297	
17521	1348.6	34.232	34.333	34.297	
17522	1348.7	34.232	34.333	34.297	
17523	1348.8	34.232	34.333	34.297	
17524	1348.9	34.232	34.333	34.298	
17525	1349.	34.233	34.333	34.298	
17526	1349.	34.233	34.333	34.298	
17527	1349.	34.233	34.334	34.298	
17528	1349.	34.233	34.334	34.298	
17529	1349.1	34.233	34.334	34.298	
17530	1349.2	34.233	34.334	34.298	
17531	1349.3	34.233	34.334	34.298	
17532	1349.4	34.233	34.334	34.298	
17533	1349.5	34.233	34.334	34.298	
17534	1349.6	34.234	34.334	34.299	
17535	1349.7	34.234	34.335	34.299	
17536	1349.8	34.234	34.335	34.299	
17537	1349.9	34.234	34.335	34.299	
17538	1350.	34.234	34.335	34.299	
17539	1350.	34.234	34.335	34.299	
17540	1350.	34.234	34.335	34.299	
17541	1350.	34.234	34.335	34.299	
17542	1350.1	34.234	34.335	34.299	
17543	1350.2	34.235	34.335	34.3	
17544	1350.3	34.235	34.336	34.3	
17545	1350.4	34.235	34.336	34.3	
17546	1350.5	34.235	34.336	34.3	
17547	1350.6	34.235	34.336	34.3	
17548	1350.7	34.235	34.336	34.3	
17549	1350.8	34.235	34.336	34.3	
17550	1350.9	34.236	34.337	34.301	
17551	1351.	34.236	34.337	34.301	
17552	1351.	34.236	34.337	34.301	
17553	1351.	34.236	34.337	34.301	
17554	1351.	34.236	34.337	34.301	
17555	1351.1	34.236	34.337	34.301	
17556	1351.2	34.236	34.337	34.301	
17557	1351.3	34.236	34.337	34.301	
17558	1351.4	34.236	34.337	34.301	
17559	1351.5	34.237	34.337	34.302	
17560	1351.6	34.237	34.338	34.302	
17561	1351.7	34.237	34.338	34.302	
17562	1351.8	34.237	34.338	34.302	
17563	1351.9	34.237	34.338	34.302	
17564	1352.	34.237	34.338	34.302	
17565	1352.	34.237	34.338	34.302	
17566	1352.	34.237	34.338	34.302	
17567	1352.	34.237	34.338	34.302	
17568	1352.1	34.237	34.338	34.303	
17569	1352.2	34.238	34.339	34.303	
17570	1352.3	34.238	34.339	34.303	
17571	1352.4	34.238	34.339	34.303	
17572	1352.5	34.238	34.339	34.303	
17573	1352.6	34.238	34.339	34.303	
17574	1352.7	34.238	34.339	34.303	
17575	1352.8	34.239	34.339	34.304	
17576	1352.9	34.239	34.34	34.304	
17577	1353.	34.239	34.34	34.304	
17578	1353.	34.239	34.34	34.304	
17579	1353.	34.239	34.34	34.304	
17580	1353.	34.239	34.34	34.304	
17581	1353.1	34.239	34.34	34.304	
17582	1353.2	34.239	34.34	34.304	
17583	1353.3	34.239	34.34	34.304	
17584	1353.4	34.239	34.34	34.305	
17585	1353.5	34.24	34.341	34.305	
17586	1353.6	34.24	34.341	34.305	
17587	1353.7	34.24	34.341	34.305	
17588	1353.8	34.24	34.341	34.305	
17589	1353.9	34.24	34.341	34.305	
17590	1354.	34.24	34.341	34.305	
17591	1354.	34.24	34.341	34.305	
17592	1354.	34.24	34.341	34.305	
17593	1354.	34.24	34.341	34.305	
17594	1354.1	34.241	34.342	34.306	
17595	1354.2	34.241	34.342	34.306	
17596	1354.3	34.241	34.342	34.306	
17597	1354.4	34.241	34.342	34.306	
17598	1354.5	34.241	34.342	34.306	
17599	1354.6	34.241	34.342	34.306	
17600	1354.7	34.241	34.342	34.307	
17601	1354.8	34.242	34.343	34.307	
17602	1354.9	34.242	34.343	34.307	
17603	1355.	34.242	34.343	34.307	
17604	1355.	34.242	34.343	34.307	
17605	1355.	34.242	34.343	34.307	
17606	1355.	34.242	34.343	34.307	
17607	1355.1	34.242	34.343	34.307	
17608	1355.2	34.242	34.343	34.307	
17609	1355.3	34.242	34.343	34.307	
17610	1355.4	34.243	34.344	34.308	
17611	1355.5	34.243	34.344	34.308	
17612	1355.6	34.243	34.344	34.308	
17613	1355.7	34.243	34.344	34.308	
17614	1355.8	34.243	34.344	34.308	
17615	1355.9	34.243	34.344	34.308	
17616	1356.	34.243	34.344	34.309	
17617	1356.	34.243	34.344	34.309	
17618	1356.	34.243	34.344	34.309	
17619	1356.	34.244	34.344	34.309	
17620	1356.1	34.244	34.345	34.309	
17621	1356.2	34.244	34.345	34.309	
17622	1356.3	34.244	34.345	34.309	
17623	1356.4	34.244	34.345	34.309	
17624	1356.5	34.244	34.345	34.309	
17625	1356.6	34.244	34.345	34.31	
17626	1356.7	34.245	34.346	34.31	
17627	1356.8	34.245	34.346	34.31	
17628	1356.9	34.245	34.346	34.31	
17629	1357.	34.245	34.346	34.31	
17630	1357.	34.245	34.346	34.31	
17631	1357.	34.245	34.346	34.31	
17632	1357.	34.245	34.346	34.31	
17633	1357.1	34.245	34.346	34.31	
17634	1357.2	34.245	34.346	34.31	
17635	1357.3	34.246	34.347	34.311	
17636	1357.4	34.246	34.347	34.311	
17637	1357.5	34.246	34.347	34.311	
17638	1357.6	34.246	34.347	34.311	
17639	1357.7	34.246	34.347	34.311	
17640	1357.8	34.246	34.347	34.311	
17641	1357.9	34.246	34.347	34.312	
17642	1358.	34.247	34.348	34.312	
17643	1358.	34.247	34.348	34.312	
17644	1358.	34.247	34.348	34.312	
17645	1358.	34.247	34.348	34.312	
17646	1358.1	34.247	34.348	34.312	
17647	1358.2	34.247	34.348	34.312	
17648	1358.3	34.247	34.348	34.312	
17649	1358.4	34.247	34.348	34.312	
17650	1358.5	34.247	34.348	34.312	
17651	1358.6	34.248	34.349	34.313	
17652	1358.7	34.248	34.349	34.313	
17653	1358.8	34.248	34.349	34.313	
17654	1358.9	34.248	34.349	34.313	
17655	1359.	34.248	34.349	34.313	
17656	1359.	34.248	34.349	34.313	
17657	1359.	34.248	34.349	34.313	
17658	1359.	34.248	34.349	34.313	
17659	1359.1	34.248	34.349	34.313	
17660	1359.2	34.248	34.349	34.314	
17661	1359.3	34.249	34.35	34.314	
17662	1359.4	34.249	34.35	34.314	
17663	1359.5	34.249	34.35	34.314	
17664	1359.6	34.249	34.35	34.314	
17665	1359.7	34.249	34.35	34.314	
17666	1359.8	34.249	34.35	34.315	
17667	1359.9	34.25	34.351	34.315	
17668	1360.	34.25	34.351	34.315	
17669	1360.	34.25	34.351	34.315	
17670	1360.	34.25	34.351	34.315	
17671	1360.	34.25	34.351	34.315	
17672	1360.1	34.25	34.351	34.315	
17673	1360.2	34.25	34.351	34.315	
17674	1360.3	34.25	34.351	34.315	
17675	1360.4	34.25	34.351	34.315	
17676	1360.5	34.25	34.352	34.316	
17677	1360.6	34.251	34.352	34.316	
17678	1360.7	34.251	34.352	34.316	
17679	1360.8	34.251	34.352	34.316	
17680	1360.9	34.251	34.352	34.316	
17681	1361.	34.251	34.352	34.316	
17682	1361.	34.251	34.352	34.316	
17683	1361.	34.251	34.352	34.316	
17684	1361.	34.251	34.352	34.316	
17685	1361.1	34.251	34.352	34.317	
17686	1361.2	34.252	34.353	34.317	
17687	1361.3	34.252	34.353	34.317	
17688	1361.4	34.252	34.353	34.317	
17689	1361.5	34.252	34.353	34.317	
17690	1361.6	34.252	34.353	34.317	
17691	1361.7	34.252	34.353	34.317	
17692	1361.8	34.252	34.354	34.318	
17693	1361.9	34.253	34.354	34.318	
17694	1362.	34.253	34.354	34.318	
17695	1362.	34.253	34.354	34.318	
17696	1362.	34.253	34.354	34.318	
17697	1362.	34.253	34.354	34.318	
17698	1362.1	34.253	34.354	34.318	
17699	1362.2	34.253	34.354	34.318	
17700	1362.3	34.253	34.354	34.318	
17701	1362.4	34.253	34.354	34.319	
17702	1362.5	34.254	34.355	34.319	
17703	1362.6	34.254	34.355	34.319	
17704	1362.7	34.254	34.355	34.319	
17705	1362.8	34.254	34.355	34.319	
17706	1362.9	34.254	34.355	34.319	
17707	1363.	34.254	34.355	34.319	
17708	1363.	34.254	34.355	34.319	
17709	1363.	34.254	34.355	34.319	
17710	1363.	34.254	34.355	34.32	
17711	1363.1	34.254	34.356	34.32	
17712	1363.2	34.255	34.356	34.32	
17713	1363.3	34.255	34.356	34.32	
17714	1363.4	34.255	34.356	34.32	
17715	1363.5	34.255	34.356	34.32	
17716	1363.6	34.255	34.356	34.32	
17717	1363.7	34.255	34.357	34.321	
17718	1363.8	34.256	34.357	34.321	
17719	1363.9	34.256	34.357	34.321	
17720	1364.	34.256	34.357	34.321	
17721	1364.	34.256	34.357	34.321	
17722	1364.	34.256	34.357	34.321	
17723	1364.	34.256	34.357	34.321	
17724	1364.1	34.256	34.357	34.321	
17725	1364.2	34.256	34.357	34.321	
17726	1364.3	34.256	34.357	34.322	
17727	1364.4	34.257	34.358	34.322	
17728	1364.5	34.257	34.358	34.322	
17729	1364.6	34.257	34.358	34.322	
17730	1364.7	34.257	34.358	34.322	
17731	1364.8	34.257	34.358	34.322	
17732	1364.9	34.257	34.358	34.322	
17733	1365.	34.257	34.358	34.323	
17734	1365.	34.257	34.358	34.323	
17735	1365.	34.257	34.359	34.323	
17736	1365.	34.257	34.359	34.323	
17737	1365.1	34.258	34.359	34.323	
17738	1365.2	34.258	34.359	34.323	
17739	1365.3	34.258	34.359	34.323	
17740	1365.4	34.258	34.359	34.323	
17741	1365.5	34.258	34.359	34.323	
17742	1365.6	34.258	34.359	34.324	
17743	1365.7	34.259	34.36	34.324	
17744	1365.8	34.259	34.36	34.324	
17745	1365.9	34.259	34.36	34.324	
17746	1366.	34.259	34.36	34.324	
17747	1366.	34.259	34.36	34.324	
17748	1366.	34.259	34.36	34.324	
17749	1366.	34.259	34.36	34.324	
17750	1366.1	34.259	34.36	34.324	
17751	1366.2	34.259	34.36	34.324	
17752	1366.3	34.259	34.361	34.325	
17753	1366.4	34.26	34.361	34.325	
17754	1366.5	34.26	34.361	34.325	
17755	1366.6	34.26	34.361	34.325	
17756	1366.7	34.26	34.361	34.325	
17757	1366.8	34.26	34.361	34.325	
17758	1366.9	34.26	34.362	34.326	
17759	1367.	34.26	34.362	34.326	
17760	1367.	34.26	34.362	34.326	
17761	1367.	34.261	34.362	34.326	
17762	1367.	34.261	34.362	34.326	
17763	1367.1	34.261	34.362	34.326	
17764	1367.2	34.261	34.362	34.326	
17765	1367.3	34.261	34.362	34.326	
17766	1367.4	34.261	34.362	34.326	
17767	1367.5	34.261	34.362	34.327	
17768	1367.6	34.261	34.363	34.327	
17769	1367.7	34.262	34.363	34.327	
17770	1367.8	34.262	34.363	34.327	
17771	1367.9	34.262	34.363	34.327	
17772	1368.	34.262	34.363	34.327	
17773	1368.	34.262	34.363	34.327	
17774	1368.	34.262	34.363	34.327	
17775	1368.	34.262	34.363	34.327	
17776	1368.1	34.262	34.363	34.327	
17777	1368.2	34.262	34.364	34.328	
17778	1368.3	34.263	34.364	34.328	
17779	1368.4	34.263	34.364	34.328	
17780	1368.5	34.263	34.364	34.328	
17781	1368.6	34.263	34.364	34.328	
17782	1368.7	34.263	34.364	34.328	
17783	1368.8	34.263	34.364	34.329	
17784	1368.9	34.263	34.365	34.329	
17785	1369.	34.264	34.365	34.329	
17786	1369.	34.264	34.365	34.329	
17787	1369.	34.264	34.365	34.329	
17788	1369.	34.264	34.365	34.329	
17789	1369.1	34.264	34.365	34.329	
17790	1369.2	34.264	34.365	34.329	
17791	1369.3	34.264	34.365	34.329	
17792	1369.4	34.264	34.365	34.329	
17793	1369.5	34.264	34.366	34.33	
17794	1369.6	34.265	34.366	34.33	
17795	1369.7	34.265	34.366	34.33	
17796	1369.8	34.265	34.366	34.33	
17797	1369.9	34.265	34.366	34.33	
17798	1370.	34.265	34.366	34.33	
17799	1370.	34.265	34.366	34.33	
17800	1370.	34.265	34.366	34.33	
17801	1370.	34.265	34.366	34.33	
17802	1370.1	34.265	34.367	34.331	
17803	1370.2	34.266	34.367	34.331	
17804	1370.3	34.266	34.367	34.331	
17805	1370.4	34.266	34.367	34.331	
17806	1370.5	34.266	34.367	34.331	
17807	1370.6	34.266	34.367	34.331	
17808	1370.7	34.266	34.367	34.331	
17809	1370.8	34.266	34.368	34.332	
17810	1370.9	34.267	34.368	34.332	
17811	1371.	34.267	34.368	34.332	
17812	1371.	34.267	34.368	34.332	
17813	1371.	34.267	34.368	34.332	
17814	1371.	34.267	34.368	34.332	
17815	1371.1	34.267	34.368	34.332	
17816	1371.2	34.267	34.368	34.332	
17817	1371.3	34.267	34.368	34.332	
17818	1371.4	34.267	34.369	34.333	
17819	1371.5	34.268	34.369	34.333	
17820	1371.6	34.268	34.369	34.333	
17821	1371.7	34.268	34.369	34.333	
17822	1371.8	34.268	34.369	34.333	
17823	1371.9	34.268	34.369	34.333	
17824	1372.	34.268	34.369	34.333	
17825	1372.	34.268	34.369	34.333	
17826	1372.	34.268	34.369	34.333	
17827	1372.	34.268	34.369	34.334	
17828	1372.1	34.268	34.37	34.334	
17829	1372.2	34.269	34.37	34.334	
17830	1372.3	34.269	34.37	34.334	
17831	1372.4	34.269	34.37	34.334	
17832	1372.5	34.269	34.37	34.334	
17833	1372.6	34.269	34.37	34.334	
17834	1372.7	34.269	34.371	34.335	
17835	1372.8	34.27	34.371	34.335	
17836	1372.9	34.27	34.371	34.335	
17837	1373.	34.27	34.371	34.335	
17838	1373.	34.27	34.371	34.335	
17839	1373.	34.27	34.371	34.335	
17840	1373.	34.27	34.371	34.335	
17841	1373.1	34.27	34.371	34.335	
17842	1373.2	34.27	34.371	34.335	
17843	1373.3	34.27	34.372	34.336	
17844	1373.4	34.27	34.372	34.336	
17845	1373.5	34.271	34.372	34.336	
17846	1373.6	34.271	34.372	34.336	
17847	1373.7	34.271	34.372	34.336	
17848	1373.8	34.271	34.372	34.336	
17849	1373.9	34.271	34.372	34.336	
17850	1374.	34.271	34.373	34.337	
17851	1374.	34.271	34.373	34.337	
17852	1374.	34.271	34.373	34.337	
17853	1374.	34.271	34.373	34.337	
17854	1374.1	34.272	34.373	34.337	
17855	1374.2	34.272	34.373	34.337	
17856	1374.3	34.272	34.373	34.337	
17857	1374.4	34.272	34.373	34.337	
17858	1374.5	34.272	34.373	34.337	
17859	1374.6	34.272	34.374	34.338	
17860	1374.7	34.272	34.374	34.338	
17861	1374.8	34.273	34.374	34.338	
17862	1374.9	34.273	34.374	34.338	
17863	1375.	34.273	34.374	34.338	
17864	1375.	34.273	34.374	34.338	
17865	1375.	34.273	34.374	34.338	
17866	1375.	34.273	34.374	34.338	
17867	1375.1	34.273	34.374	34.338	
17868	1375.2	34.273	34.374	34.339	
17869	1375.3	34.273	34.375	34.339	
17870	1375.4	34.274	34.375	34.339	
17871	1375.5	34.274	34.375	34.339	
17872	1375.6	34.274	34.375	34.339	
17873	1375.7	34.274	34.375	34.339	
17874	1375.8	34.274	34.375	34.339	
17875	1375.9	34.274	34.376	34.34	
17876	1376.	34.274	34.376	34.34	
17877	1376.	34.274	34.376	34.34	
17878	1376.	34.274	34.376	34.34	
17879	1376.	34.275	34.376	34.34	
17880	1376.1	34.275	34.376	34.34	
17881	1376.2	34.275	34.376	34.34	
17882	1376.3	34.275	34.376	34.34	
17883	1376.4	34.275	34.376	34.34	
17884	1376.5	34.275	34.377	34.341	
17885	1376.6	34.275	34.377	34.341	
17886	1376.7	34.276	34.377	34.341	
17887	1376.8	34.276	34.377	34.341	
17888	1376.9	34.276	34.377	34.341	
17889	1377.	34.276	34.377	34.341	
17890	1377.	34.276	34.377	34.341	
17891	1377.	34.276	34.377	34.341	
17892	1377.	34.276	34.377	34.341	
17893	1377.1	34.276	34.377	34.341	
17894	1377.2	34.276	34.378	34.342	
17895	1377.3	34.277	34.378	34.342	
17896	1377.4	34.277	34.378	34.342	
17897	1377.5	34.277	34.378	34.342	
17898	1377.6	34.277	34.378	34.342	
17899	1377.7	34.277	34.378	34.342	
17900	1377.8	34.277	34.379	34.343	
17901	1377.9	34.277	34.379	34.343	
17902	1378.	34.278	34.379	34.343	
17903	1378.	34.278	34.379	34.343	
17904	1378.	34.278	34.379	34.343	
17905	1378.	34.278	34.379	34.343	
17906	1378.1	34.278	34.379	34.343	
17907	1378.2	34.278	34.379	34.343	
17908	1378.3	34.278	34.379	34.343	
17909	1378.4	34.278	34.379	34.343	
17910	1378.5	34.278	34.38	34.344	
17911	1378.6	34.279	34.38	34.344	
17912	1378.7	34.279	34.38	34.344	
17913	1378.8	34.279	34.38	34.344	
17914	1378.9	34.279	34.38	34.344	
17915	1379.	34.279	34.38	34.344	
17916	1379.	34.279	34.38	34.344	
17917	1379.	34.279	34.38	34.344	
17918	1379.	34.279	34.38	34.344	
17919	1379.1	34.279	34.381	34.345	
17920	1379.2	34.279	34.381	34.345	
17921	1379.3	34.28	34.381	34.345	
17922	1379.4	34.28	34.381	34.345	
17923	1379.5	34.28	34.381	34.345	
17924	1379.6	34.28	34.381	34.345	
17925	1379.7	34.28	34.382	34.346	
17926	1379.8	34.28	34.382	34.346	
17927	1379.9	34.281	34.382	34.346	
17928	1380.	34.281	34.382	34.346	
17929	1380.	34.281	34.382	34.346	
17930	1380.	34.281	34.382	34.346	
17931	1380.	34.281	34.382	34.346	
17932	1380.1	34.281	34.382	34.346	
17933	1380.2	34.281	34.382	34.346	
17934	1380.3	34.281	34.382	34.346	
17935	1380.4	34.281	34.383	34.347	
17936	1380.5	34.281	34.383	34.347	
17937	1380.6	34.282	34.383	34.347	
17938	1380.7	34.282	34.383	34.347	
17939	1380.8	34.282	34.383	34.347	
17940	1380.9	34.282	34.383	34.347	
17941	1381.	34.282	34.383	34.347	
17942	1381.	34.282	34.383	34.347	
17943	1381.	34.282	34.384	34.348	
17944	1381.	34.282	34.384	34.348	
17945	1381.1	34.282	34.384	34.348	
17946	1381.2	34.283	34.384	34.348	
17947	1381.3	34.283	34.384	34.348	
17948	1381.4	34.283	34.384	34.348	
17949	1381.5	34.283	34.384	34.348	
17950	1381.6	34.283	34.384	34.348	
17951	1381.7	34.283	34.385	34.349	
17952	1381.8	34.283	34.385	34.349	
17953	1381.9	34.284	34.385	34.349	
17954	1382.	34.284	34.385	34.349	
17955	1382.	34.284	34.385	34.349	
17956	1382.	34.284	34.385	34.349	
17957	1382.	34.284	34.385	34.349	
17958	1382.1	34.284	34.385	34.349	
17959	1382.2	34.284	34.385	34.349	
17960	1382.3	34.284	34.386	34.35	
17961	1382.4	34.284	34.386	34.35	
17962	1382.5	34.285	34.386	34.35	
17963	1382.6	34.285	34.386	34.35	
17964	1382.7	34.285	34.386	34.35	
17965	1382.8	34.285	34.386	34.35	
17966	1382.9	34.285	34.387	34.351	
17967	1383.	34.285	34.387	34.351	
17968	1383.	34.285	34.387	34.351	
17969	1383.	34.285	34.387	34.351	
17970	1383.	34.285	34.387	34.351	
17971	1383.1	34.286	34.387	34.351	
17972	1383.2	34.286	34.387	34.351	
17973	1383.3	34.286	34.387	34.351	
17974	1383.4	34.286	34.387	34.351	
17975	1383.5	34.286	34.387	34.351	
17976	1383.6	34.286	34.388	34.352	
17977	1383.7	34.286	34.388	34.352	
17978	1383.8	34.287	34.388	34.352	
17979	1383.9	34.287	34.388	34.352	
17980	1384.	34.287	34.388	34.352	
17981	1384.	34.287	34.388	34.352	
17982	1384.	34.287	34.388	34.352	
17983	1384.	34.287	34.388	34.352	
17984	1384.1	34.287	34.388	34.352	
17985	1384.2	34.287	34.389	34.353	
17986	1384.3	34.287	34.389	34.353	
17987	1384.4	34.288	34.389	34.353	
17988	1384.5	34.288	34.389	34.353	
17989	1384.6	34.288	34.389	34.353	
17990	1384.7	34.288	34.389	34.353	
17991	1384.8	34.288	34.389	34.353	
17992	1384.9	34.288	34.39	34.354	
17993	1385.	34.288	34.39	34.354	
17994	1385.	34.288	34.39	34.354	
17995	1385.	34.288	34.39	34.354	
17996	1385.	34.288	34.39	34.354	
17997	1385.1	34.289	34.39	34.354	
17998	1385.2	34.289	34.39	34.354	
17999	1385.3	34.289	34.39	34.354	
18000	1385.4	34.289	34.39	34.354	
18001	1385.5	34.289	34.391	34.355	
18002	1385.6	34.289	34.391	34.355	
18003	1385.7	34.29	34.391	34.355	
18004	1385.8	34.29	34.391	34.355	
18005	1385.9	34.29	34.391	34.355	
18006	1386.	34.29	34.391	34.355	
18007	1386.	34.29	34.391	34.355	
18008	1386.	34.29	34.391	34.355	
18009	1386.	34.29	34.391	34.355	
18010	1386.1	34.29	34.392	34.355	
18011	1386.2	34.29	34.392	34.356	
18012	1386.3	34.29	34.392	34.356	
18013	1386.4	34.291	34.392	34.356	
18014	1386.5	34.291	34.392	34.356	
18015	1386.6	34.291	34.392	34.356	
18016	1386.7	34.291	34.392	34.356	
18017	1386.8	34.291	34.393	34.357	
18018	1386.9	34.291	34.393	34.357	
18019	1387.	34.291	34.393	34.357	
18020	1387.	34.292	34.393	34.357	
18021	1387.	34.292	34.393	34.357	
18022	1387.	34.292	34.393	34.357	
18023	1387.1	34.292	34.393	34.357	
18024	1387.2	34.292	34.393	34.357	
18025	1387.3	34.292	34.393	34.357	
18026	1387.4	34.292	34.394	34.358	
18027	1387.5	34.292	34.394	34.358	
18028	1387.6	34.292	34.394	34.358	
18029	1387.7	34.293	34.394	34.358	
18030	1387.8	34.293	34.394	34.358	
18031	1387.9	34.293	34.394	34.358	
18032	1388.	34.293	34.394	34.358	
18033	1388.	34.293	34.394	34.358	
18034	1388.	34.293	34.394	34.358	
18035	1388.	34.293	34.394	34.358	
18036	1388.1	34.293	34.395	34.359	
18037	1388.2	34.293	34.395	34.359	
18038	1388.3	34.294	34.395	34.359	
18039	1388.4	34.294	34.395	34.359	
18040	1388.5	34.294	34.395	34.359	
18041	1388.6	34.294	34.395	34.359	
18042	1388.7	34.294	34.396	34.36	
18043	1388.8	34.294	34.396	34.36	
18044	1388.9	34.294	34.396	34.36	
18045	1389.	34.295	34.396	34.36	
18046	1389.	34.295	34.396	34.36	
18047	1389.	34.295	34.396	34.36	
18048	1389.	34.295	34.396	34.36	
18049	1389.1	34.295	34.396	34.36	
18050	1389.2	34.295	34.396	34.36	
18051	1389.3	34.295	34.397	34.36	
18052	1389.4	34.295	34.397	34.361	
18053	1389.5	34.295	34.397	34.361	
18054	1389.6	34.296	34.397	34.361	
18055	1389.7	34.296	34.397	34.361	
18056	1389.8	34.296	34.397	34.361	
18057	1389.9	34.296	34.397	34.361	
18058	1390.	34.296	34.398	34.362	
18059	1390.	34.296	34.398	34.362	
18060	1390.	34.296	34.398	34.362	
18061	1390.	34.296	34.398	34.362	
18062	1390.1	34.296	34.398	34.362	
18063	1390.2	34.297	34.398	34.362	
18064	1390.3	34.297	34.398	34.362	
18065	1390.4	34.297	34.398	34.362	
18066	1390.5	34.297	34.398	34.362	
18067	1390.6	34.297	34.399	34.363	
18068	1390.7	34.297	34.399	34.363	
18069	1390.8	34.297	34.399	34.363	
18070	1390.9	34.298	34.399	34.363	
18071	1391.	34.298	34.399	34.363	
18072	1391.	34.298	34.399	34.363	
18073	1391.	34.298	34.399	34.363	
18074	1391.	34.298	34.399	34.363	
18075	1391.1	34.298	34.399	34.363	
18076	1391.2	34.298	34.399	34.363	
18077	1391.3	34.298	34.4	34.364	
18078	1391.4	34.298	34.4	34.364	
18079	1391.5	34.299	34.4	34.364	
18080	1391.6	34.299	34.4	34.364	
18081	1391.7	34.299	34.4	34.364	
18082	1391.8	34.299	34.4	34.364	
18083	1391.9	34.299	34.401	34.365	
18084	1392.	34.299	34.401	34.365	
18085	1392.	34.299	34.401	34.365	
18086	1392.	34.299	34.401	34.365	
18087	1392.	34.299	34.401	34.365	
18088	1392.1	34.299	34.401	34.365	
18089	1392.2	34.3	34.401	34.365	
18090	1392.3	34.3	34.401	34.365	
18091	1392.4	34.3	34.401	34.365	
18092	1392.5	34.3	34.402	34.365	
18093	1392.6	34.3	34.402	34.366	
18094	1392.7	34.3	34.402	34.366	
18095	1392.8	34.301	34.402	34.366	
18096	1392.9	34.301	34.402	34.366	
18097	1393.	34.301	34.402	34.366	
18098	1393.	34.301	34.402	34.366	
18099	1393.	34.301	34.402	34.366	
18100	1393.	34.301	34.402	34.366	
18101	1393.1	34.301	34.402	34.366	
18102	1393.2	34.301	34.403	34.367	
18103	1393.3	34.301	34.403	34.367	
18104	1393.4	34.301	34.403	34.367	
18105	1393.5	34.302	34.403	34.367	
18106	1393.6	34.302	34.403	34.367	
18107	1393.7	34.302	34.403	34.367	
18108	1393.8	34.302	34.404	34.367	
18109	1393.9	34.302	34.404	34.368	
18110	1394.	34.302	34.404	34.368	
18111	1394.	34.302	34.404	34.368	
18112	1394.	34.302	34.404	34.368	
18113	1394.	34.302	34.404	34.368	
18114	1394.1	34.303	34.404	34.368	
18115	1394.2	34.303	34.404	34.368	
18116	1394.3	34.303	34.404	34.368	
18117	1394.4	34.303	34.404	34.368	
18118	1394.5	34.303	34.405	34.369	
18119	1394.6	34.303	34.405	34.369	
18120	1394.7	34.303	34.405	34.369	
18121	1394.8	34.304	34.405	34.369	
18122	1394.9	34.304	34.405	34.369	
18123	1395.	34.304	34.405	34.369	
18124	1395.	34.304	34.405	34.369	
18125	1395.	34.304	34.405	34.369	
18126	1395.	34.304	34.405	34.369	
18127	1395.1	34.304	34.406	34.37	
18128	1395.2	34.304	34.406	34.37	
18129	1395.3	34.304	34.406	34.37	
18130	1395.4	34.305	34.406	34.37	
18131	1395.5	34.305	34.406	34.37	
18132	1395.6	34.305	34.406	34.37	
18133	1395.7	34.305	34.407	34.37	
18134	1395.8	34.305	34.407	34.371	
18135	1395.9	34.305	34.407	34.371	
18136	1396.	34.305	34.407	34.371	
18137	1396.	34.305	34.407	34.371	
18138	1396.	34.305	34.407	34.371	
18139	1396.	34.306	34.407	34.371	
18140	1396.1	34.306	34.407	34.371	
18141	1396.2	34.306	34.407	34.371	
18142	1396.3	34.306	34.407	34.371	
18143	1396.4	34.306	34.408	34.372	
18144	1396.5	34.306	34.408	34.372	
18145	1396.6	34.306	34.408	34.372	
18146	1396.7	34.307	34.408	34.372	
18147	1396.8	34.307	34.408	34.372	
18148	1396.9	34.307	34.408	34.372	
18149	1397.	34.307	34.408	34.372	
18150	1397.	34.307	34.409	34.372	
18151	1397.	34.307	34.409	34.372	
18152	1397.	34.307	34.409	34.372	
18153	1397.1	34.307	34.409	34.373	
18154	1397.2	34.307	34.409	34.373	
18155	1397.3	34.308	34.409	34.373	
18156	1397.4	34.308	34.409	34.373	
18157	1397.5	34.308	34.409	34.373	
18158	1397.6	34.308	34.409	34.373	
18159	1397.7	34.308	34.41	34.374	
18160	1397.8	34.308	34.41	34.374	
18161	1397.9	34.308	34.41	34.374	
18162	1398.	34.309	34.41	34.374	
18163	1398.	34.309	34.41	34.374	
18164	1398.	34.309	34.41	34.374	
18165	1398.	34.309	34.41	34.374	
18166	1398.1	34.309	34.41	34.374	
18167	1398.2	34.309	34.41	34.374	
18168	1398.3	34.309	34.411	34.375	
18169	1398.4	34.309	34.411	34.375	
18170	1398.5	34.309	34.411	34.375	
18171	1398.6	34.31	34.411	34.375	
18172	1398.7	34.31	34.411	34.375	
18173	1398.8	34.31	34.411	34.375	
18174	1398.9	34.31	34.412	34.375	
18175	1399.	34.31	34.412	34.376	
18176	1399.	34.31	34.412	34.376	
18177	1399.	34.31	34.412	34.376	
18178	1399.	34.31	34.412	34.376	
18179	1399.1	34.31	34.412	34.376	
18180	1399.2	34.31	34.412	34.376	
18181	1399.3	34.311	34.412	34.376	
18182	1399.4	34.311	34.412	34.376	
18183	1399.5	34.311	34.412	34.376	
18184	1399.6	34.311	34.413	34.377	
18185	1399.7	34.311	34.413	34.377	
18186	1399.8	34.311	34.413	34.377	
18187	1399.9	34.312	34.413	34.377	
18188	1400.	34.312	34.413	34.377	
18189	1400.	34.312	34.413	34.377	
18190	1400.	34.312	34.413	34.377	
18191	1400.	34.312	34.413	34.377	
18192	1400.1	34.312	34.413	34.377	
18193	1400.2	34.312	34.414	34.377	
18194	1400.3	34.312	34.414	34.378	
18195	1400.4	34.312	34.414	34.378	
18196	1400.5	34.312	34.414	34.378	
18197	1400.6	34.313	34.414	34.378	
18198	1400.7	34.313	34.414	34.378	
18199	1400.8	34.313	34.414	34.378	
18200	1400.9	34.313	34.415	34.379	
18201	1401.	34.313	34.415	34.379	
18202	1401.	34.313	34.415	34.379	
18203	1401.	34.313	34.415	34.379	
18204	1401.	34.313	34.415	34.379	
18205	1401.1	34.313	34.415	34.379	
18206	1401.2	34.314	34.415	34.379	
18207	1401.3	34.314	34.415	34.379	
18208	1401.4	34.314	34.415	34.379	
18209	1401.5	34.314	34.416	34.379	
18210	1401.6	34.314	34.416	34.38	
18211	1401.7	34.314	34.416	34.38	
18212	1401.8	34.315	34.416	34.38	
18213	1401.9	34.315	34.416	34.38	
18214	1402.	34.315	34.416	34.38	
18215	1402.	34.315	34.416	34.38	
18216	1402.	34.315	34.416	34.38	
18217	1402.	34.315	34.416	34.38	
18218	1402.1	34.315	34.417	34.38	
18219	1402.2	34.315	34.417	34.381	
18220	1402.3	34.315	34.417	34.381	
18221	1402.4	34.315	34.417	34.381	
18222	1402.5	34.316	34.417	34.381	
18223	1402.6	34.316	34.417	34.381	
18224	1402.7	34.316	34.417	34.381	
18225	1402.8	34.316	34.418	34.382	
18226	1402.9	34.316	34.418	34.382	
18227	1403.	34.316	34.418	34.382	
18228	1403.	34.316	34.418	34.382	
18229	1403.	34.316	34.418	34.382	
18230	1403.	34.316	34.418	34.382	
18231	1403.1	34.317	34.418	34.382	
18232	1403.2	34.317	34.418	34.382	
18233	1403.3	34.317	34.418	34.382	
18234	1403.4	34.317	34.419	34.382	
18235	1403.5	34.317	34.419	34.383	
18236	1403.6	34.317	34.419	34.383	
18237	1403.7	34.317	34.419	34.383	
18238	1403.8	34.318	34.419	34.383	
18239	1403.9	34.318	34.419	34.383	
18240	1404.	34.318	34.419	34.383	
18241	1404.	34.318	34.419	34.383	
18242	1404.	34.318	34.419	34.383	
18243	1404.	34.318	34.42	34.383	
18244	1404.1	34.318	34.42	34.384	
18245	1404.2	34.318	34.42	34.384	
18246	1404.3	34.318	34.42	34.384	
18247	1404.4	34.319	34.42	34.384	
18248	1404.5	34.319	34.42	34.384	
18249	1404.6	34.319	34.42	34.384	
18250	1404.7	34.319	34.421	34.384	
18251	1404.8	34.319	34.421	34.385	
18252	1404.9	34.319	34.421	34.385	
18253	1405.	34.319	34.421	34.385	
18254	1405.	34.319	34.421	34.385	
18255	1405.	34.319	34.421	34.385	
18256	1405.	34.319	34.421	34.385	
18257	1405.1	34.32	34.421	34.385	
18258	1405.2	34.32	34.421	34.385	
18259	1405.3	34.32	34.422	34.385	
18260	1405.4	34.32	34.422	34.386	
18261	1405.5	34.32	34.422	34.386	
18262	1405.6	34.32	34.422	34.386	
18263	1405.7	34.321	34.422	34.386	
18264	1405.8	34.321	34.422	34.386	
18265	1405.9	34.321	34.422	34.386	
18266	1406.	34.321	34.423	34.386	
18267	1406.	34.321	34.423	34.386	
18268	1406.	34.321	34.423	34.386	
18269	1406.	34.321	34.423	34.387	
18270	1406.1	34.321	34.423	34.387	
18271	1406.2	34.321	34.423	34.387	
18272	1406.3	34.321	34.423	34.387	
18273	1406.4	34.322	34.423	34.387	
18274	1406.5	34.322	34.423	34.387	
18275	1406.6	34.322	34.424	34.387	
18276	1406.7	34.322	34.424	34.388	
18277	1406.8	34.322	34.424	34.388	
18278	1406.9	34.322	34.424	34.388	
18279	1407.	34.323	34.424	34.388	
18280	1407.	34.323	34.424	34.388	
18281	1407.	34.323	34.424	34.388	
18282	1407.	34.323	34.424	34.388	
18283	1407.1	34.323	34.424	34.388	
18284	1407.2	34.323	34.424	34.388	
18285	1407.3	34.323	34.425	34.389	
18286	1407.4	34.323	34.425	34.389	
18287	1407.5	34.323	34.425	34.389	
18288	1407.6	34.324	34.425	34.389	
18289	1407.7	34.324	34.425	34.389	
18290	1407.8	34.324	34.425	34.389	
18291	1407.9	34.324	34.426	34.389	
18292	1408.	34.324	34.426	34.39	
18293	1408.	34.324	34.426	34.39	
18294	1408.	34.324	34.426	34.39	
18295	1408.	34.324	34.426	34.39	
18296	1408.1	34.324	34.426	34.39	
18297	1408.2	34.324	34.426	34.39	
18298	1408.3	34.325	34.426	34.39	
18299	1408.4	34.325	34.426	34.39	
18300	1408.5	34.325	34.427	34.39	
18301	1408.6	34.325	34.427	34.391	
18302	1408.7	34.325	34.427	34.391	
18303	1408.8	34.325	34.427	34.391	
18304	1408.9	34.326	34.427	34.391	
18305	1409.	34.326	34.427	34.391	
18306	1409.	34.326	34.427	34.391	
18307	1409.	34.326	34.427	34.391	
18308	1409.	34.326	34.427	34.391	
18309	1409.1	34.326	34.427	34.391	
18310	1409.2	34.326	34.428	34.392	
18311	1409.3	34.326	34.428	34.392	
18312	1409.4	34.326	34.428	34.392	
18313	1409.5	34.326	34.428	34.392	
18314	1409.6	34.327	34.428	34.392	
18315	1409.7	34.327	34.428	34.392	
18316	1409.8	34.327	34.429	34.392	
18317	1409.9	34.327	34.429	34.393	
18318	1410.	34.327	34.429	34.393	
18319	1410.	34.327	34.429	34.393	
18320	1410.	34.327	34.429	34.393	
18321	1410.	34.327	34.429	34.393	
18322	1410.1	34.327	34.429	34.393	
18323	1410.2	34.328	34.429	34.393	
18324	1410.3	34.328	34.429	34.393	
18325	1410.4	34.328	34.429	34.393	
18326	1410.5	34.328	34.43	34.394	
18327	1410.6	34.328	34.43	34.394	
18328	1410.7	34.328	34.43	34.394	
18329	1410.8	34.328	34.43	34.394	
18330	1410.9	34.329	34.43	34.394	
18331	1411.	34.329	34.43	34.394	
18332	1411.	34.329	34.43	34.394	
18333	1411.	34.329	34.43	34.394	
18334	1411.	34.329	34.43	34.394	
18335	1411.1	34.329	34.431	34.394	
18336	1411.2	34.329	34.431	34.395	
18337	1411.3	34.329	34.431	34.395	
18338	1411.4	34.329	34.431	34.395	
18339	1411.5	34.33	34.431	34.395	
18340	1411.6	34.33	34.431	34.395	
18341	1411.7	34.33	34.432	34.395	
18342	1411.8	34.33	34.432	34.396	
18343	1411.9	34.33	34.432	34.396	
18344	1412.	34.33	34.432	34.396	
18345	1412.	34.33	34.432	34.396	
18346	1412.	34.33	34.432	34.396	
18347	1412.	34.33	34.432	34.396	
18348	1412.1	34.33	34.432	34.396	
18349	1412.2	34.331	34.432	34.396	
18350	1412.3	34.331	34.432	34.396	
18351	1412.4	34.331	34.433	34.396	
18352	1412.5	34.331	34.433	34.397	
18353	1412.6	34.331	34.433	34.397	
18354	1412.7	34.331	34.433	34.397	
18355	1412.8	34.332	34.433	34.397	
18356	1412.9	34.332	34.433	34.397	
18357	1413.	34.332	34.433	34.397	
18358	1413.	34.332	34.434	34.397	
18359	1413.	34.332	34.434	34.397	
18360	1413.	34.332	34.434	34.397	
18361	1413.1	34.332	34.434	34.398	
18362	1413.2	34.332	34.434	34.398	
18363	1413.3	34.332	34.434	34.398	
18364	1413.4	34.332	34.434	34.398	
18365	1413.5	34.333	34.434	34.398	
18366	1413.6	34.333	34.435	34.398	
18367	1413.7	34.333	34.435	34.399	
18368	1413.8	34.333	34.435	34.399	
18369	1413.9	34.333	34.435	34.399	
18370	1414.	34.333	34.435	34.399	
18371	1414.	34.333	34.435	34.399	
18372	1414.	34.333	34.435	34.399	
18373	1414.	34.333	34.435	34.399	
18374	1414.1	34.334	34.435	34.399	
18375	1414.2	34.334	34.435	34.399	
18376	1414.3	34.334	34.436	34.399	
18377	1414.4	34.334	34.436	34.4	
18378	1414.5	34.334	34.436	34.4	
18379	1414.6	34.334	34.436	34.4	
18380	1414.7	34.335	34.436	34.4	
18381	1414.8	34.335	34.436	34.4	
18382	1414.9	34.335	34.437	34.4	
18383	1415.	34.335	34.437	34.4	
18384	1415.	34.335	34.437	34.4	
18385	1415.	34.335	34.437	34.401	
18386	1415.	34.335	34.437	34.401	
18387	1415.1	34.335	34.437	34.401	
18388	1415.2	34.335	34.437	34.401	
18389	1415.3	34.335	34.437	34.401	
18390	1415.4	34.336	34.437	34.401	
18391	1415.5	34.336	34.437	34.401	
18392	1415.6	34.336	34.438	34.401	
18393	1415.7	34.336	34.438	34.402	
18394	1415.8	34.336	34.438	34.402	
18395	1415.9	34.336	34.438	34.402	
18396	1416.	34.336	34.438	34.402	
18397	1416.	34.336	34.438	34.402	
18398	1416.	34.336	34.438	34.402	
18399	1416.	34.337	34.438	34.402	
18400	1416.1	34.337	34.438	34.402	
18401	1416.2	34.337	34.439	34.402	
18402	1416.3	34.337	34.439	34.403	
18403	1416.4	34.337	34.439	34.403	
18404	1416.5	34.337	34.439	34.403	
18405	1416.6	34.337	34.439	34.403	
18406	1416.7	34.338	34.439	34.403	
18407	1416.8	34.338	34.44	34.403	
18408	1416.9	34.338	34.44	34.404	
18409	1417.	34.338	34.44	34.404	
18410	1417.	34.338	34.44	34.404	
18411	1417.	34.338	34.44	34.404	
18412	1417.	34.338	34.44	34.404	
18413	1417.1	34.338	34.44	34.404	
18414	1417.2	34.338	34.44	34.404	
18415	1417.3	34.339	34.44	34.404	
18416	1417.4	34.339	34.44	34.404	
18417	1417.5	34.339	34.441	34.404	
18418	1417.6	34.339	34.441	34.405	
18419	1417.7	34.339	34.441	34.405	
18420	1417.8	34.339	34.441	34.405	
18421	1417.9	34.339	34.441	34.405	
18422	1418.	34.34	34.441	34.405	
18423	1418.	34.34	34.441	34.405	
18424	1418.	34.34	34.441	34.405	
18425	1418.	34.34	34.441	34.405	
18426	1418.1	34.34	34.442	34.405	
18427	1418.2	34.34	34.442	34.406	
18428	1418.3	34.34	34.442	34.406	
18429	1418.4	34.34	34.442	34.406	
18430	1418.5	34.34	34.442	34.406	
18431	1418.6	34.341	34.442	34.406	
18432	1418.7	34.341	34.442	34.406	
18433	1418.8	34.341	34.443	34.406	
18434	1418.9	34.341	34.443	34.407	
18435	1419.	34.341	34.443	34.407	
18436	1419.	34.341	34.443	34.407	
18437	1419.	34.341	34.443	34.407	
18438	1419.	34.341	34.443	34.407	
18439	1419.1	34.341	34.443	34.407	
18440	1419.2	34.341	34.443	34.407	
18441	1419.3	34.342	34.443	34.407	
18442	1419.4	34.342	34.444	34.407	
18443	1419.5	34.342	34.444	34.408	
18444	1419.6	34.342	34.444	34.408	
18445	1419.7	34.342	34.444	34.408	
18446	1419.8	34.342	34.444	34.408	
18447	1419.9	34.343	34.444	34.408	
18448	1420.	34.343	34.444	34.408	
18449	1420.	34.343	34.444	34.408	
18450	1420.	34.343	34.444	34.408	
18451	1420.	34.343	34.445	34.408	
18452	1420.1	34.343	34.445	34.408	
18453	1420.2	34.343	34.445	34.409	
18454	1420.3	34.343	34.445	34.409	
18455	1420.4	34.343	34.445	34.409	
18456	1420.5	34.344	34.445	34.409	
18457	1420.6	34.344	34.445	34.409	
18458	1420.7	34.344	34.446	34.409	
18459	1420.8	34.344	34.446	34.41	
18460	1420.9	34.344	34.446	34.41	
18461	1421.	34.344	34.446	34.41	
18462	1421.	34.344	34.446	34.41	
18463	1421.	34.344	34.446	34.41	
18464	1421.	34.344	34.446	34.41	
18465	1421.1	34.344	34.446	34.41	
18466	1421.2	34.345	34.446	34.41	
18467	1421.3	34.345	34.447	34.41	
18468	1421.4	34.345	34.447	34.411	
18469	1421.5	34.345	34.447	34.411	
18470	1421.6	34.345	34.447	34.411	
18471	1421.7	34.345	34.447	34.411	
18472	1421.8	34.346	34.447	34.411	
18473	1421.9	34.346	34.447	34.411	
18474	1422.	34.346	34.448	34.411	
18475	1422.	34.346	34.448	34.411	
18476	1422.	34.346	34.448	34.411	
18477	1422.	34.346	34.448	34.411	
18478	1422.1	34.346	34.448	34.412	
18479	1422.2	34.346	34.448	34.412	
18480	1422.3	34.346	34.448	34.412	
18481	1422.4	34.346	34.448	34.412	
18482	1422.5	34.347	34.448	34.412	
18483	1422.6	34.347	34.449	34.412	
18484	1422.7	34.347	34.449	34.413	
18485	1422.8	34.347	34.449	34.413	
18486	1422.9	34.347	34.449	34.413	
18487	1423.	34.347	34.449	34.413	
18488	1423.	34.347	34.449	34.413	
18489	1423.	34.347	34.449	34.413	
18490	1423.	34.347	34.449	34.413	
18491	1423.1	34.348	34.449	34.413	
18492	1423.2	34.348	34.45	34.413	
18493	1423.3	34.348	34.45	34.413	
18494	1423.4	34.348	34.45	34.414	
18495	1423.5	34.348	34.45	34.414	
18496	1423.6	34.348	34.45	34.414	
18497	1423.7	34.348	34.45	34.414	
18498	1423.8	34.349	34.45	34.414	
18499	1423.9	34.349	34.451	34.414	
18500	1424.	34.349	34.451	34.415	
18501	1424.	34.349	34.451	34.415	
18502	1424.	34.349	34.451	34.415	
18503	1424.	34.349	34.451	34.415	
18504	1424.1	34.349	34.451	34.415	
18505	1424.2	34.349	34.451	34.415	
18506	1424.3	34.349	34.451	34.415	
18507	1424.4	34.35	34.451	34.415	
18508	1424.5	34.35	34.452	34.415	
18509	1424.6	34.35	34.452	34.416	
18510	1424.7	34.35	34.452	34.416	
18511	1424.8	34.35	34.452	34.416	
18512	1424.9	34.35	34.452	34.416	
18513	1425.	34.35	34.452	34.416	
18514	1425.	34.35	34.452	34.416	
18515	1425.	34.35	34.452	34.416	
18516	1425.	34.351	34.452	34.416	
18517	1425.1	34.351	34.452	34.416	
18518	1425.2	34.351	34.453	34.416	
18519	1425.3	34.351	34.453	34.417	
18520	1425.4	34.351	34.453	34.417	
18521	1425.5	34.351	34.453	34.417	
18522	1425.6	34.351	34.453	34.417	
18523	1425.7	34.352	34.453	34.417	
18524	1425.8	34.352	34.454	34.417	
18525	1425.9	34.352	34.454	34.418	
18526	1426.	34.352	34.454	34.418	
18527	1426.	34.352	34.454	34.418	
18528	1426.	34.352	34.454	34.418	
18529	1426.	34.352	34.454	34.418	
18530	1426.1	34.352	34.454	34.418	
18531	1426.2	34.352	34.454	34.418	
18532	1426.3	34.353	34.454	34.418	
18533	1426.4	34.353	34.455	34.418	
18534	1426.5	34.353	34.455	34.418	
18535	1426.6	34.353	34.455	34.419	
18536	1426.7	34.353	34.455	34.419	
18537	1426.8	34.353	34.455	34.419	
18538	1426.9	34.353	34.455	34.419	
18539	1427.	34.354	34.455	34.419	
18540	1427.	34.354	34.455	34.419	
18541	1427.	34.354	34.455	34.419	
18542	1427.	34.354	34.455	34.419	
18543	1427.1	34.354	34.456	34.419	
18544	1427.2	34.354	34.456	34.42	
18545	1427.3	34.354	34.456	34.42	
18546	1427.4	34.354	34.456	34.42	
18547	1427.5	34.354	34.456	34.42	
18548	1427.6	34.355	34.456	34.42	
18549	1427.7	34.355	34.457	34.42	
18550	1427.8	34.355	34.457	34.421	
18551	1427.9	34.355	34.457	34.421	
18552	1428.	34.355	34.457	34.421	
18553	1428.	34.355	34.457	34.421	
18554	1428.	34.355	34.457	34.421	
18555	1428.	34.355	34.457	34.421	
18556	1428.1	34.355	34.457	34.421	
18557	1428.2	34.355	34.457	34.421	
18558	1428.3	34.356	34.457	34.421	
18559	1428.4	34.356	34.458	34.421	
18560	1428.5	34.356	34.458	34.422	
18561	1428.6	34.356	34.458	34.422	
18562	1428.7	34.356	34.458	34.422	
18563	1428.8	34.356	34.458	34.422	
18564	1428.9	34.357	34.458	34.422	
18565	1429.	34.357	34.459	34.422	
18566	1429.	34.357	34.459	34.422	
18567	1429.	34.357	34.459	34.422	
18568	1429.	34.357	34.459	34.422	
18569	1429.1	34.357	34.459	34.423	
18570	1429.2	34.357	34.459	34.423	
18571	1429.3	34.357	34.459	34.423	
18572	1429.4	34.357	34.459	34.423	
18573	1429.5	34.357	34.459	34.423	
18574	1429.6	34.358	34.46	34.423	
18575	1429.7	34.358	34.46	34.423	
18576	1429.8	34.358	34.46	34.424	
18577	1429.9	34.358	34.46	34.424	
18578	1430.	34.358	34.46	34.424	
18579	1430.	34.358	34.46	34.424	
18580	1430.	34.358	34.46	34.424	
18581	1430.	34.358	34.46	34.424	
18582	1430.1	34.358	34.46	34.424	
18583	1430.2	34.359	34.46	34.424	
18584	1430.3	34.359	34.461	34.424	
18585	1430.4	34.359	34.461	34.425	
18586	1430.5	34.359	34.461	34.425	
18587	1430.6	34.359	34.461	34.425	
18588	1430.7	34.359	34.461	34.425	
18589	1430.8	34.359	34.461	34.425	
18590	1430.9	34.36	34.462	34.425	
18591	1431.	34.36	34.462	34.425	
18592	1431.	34.36	34.462	34.425	
18593	1431.	34.36	34.462	34.425	
18594	1431.	34.36	34.462	34.426	
18595	1431.1	34.36	34.462	34.426	
18596	1431.2	34.36	34.462	34.426	
18597	1431.3	34.36	34.462	34.426	
18598	1431.4	34.36	34.462	34.426	
18599	1431.5	34.361	34.462	34.426	
18600	1431.6	34.361	34.463	34.426	
18601	1431.7	34.361	34.463	34.427	
18602	1431.8	34.361	34.463	34.427	
18603	1431.9	34.361	34.463	34.427	
18604	1432.	34.361	34.463	34.427	
18605	1432.	34.361	34.463	34.427	
18606	1432.	34.361	34.463	34.427	
18607	1432.	34.361	34.463	34.427	
18608	1432.1	34.362	34.463	34.427	
18609	1432.2	34.362	34.464	34.427	
18610	1432.3	34.362	34.464	34.428	
18611	1432.4	34.362	34.464	34.428	
18612	1432.5	34.362	34.464	34.428	
18613	1432.6	34.362	34.464	34.428	
18614	1432.7	34.362	34.464	34.428	
18615	1432.8	34.363	34.465	34.428	
18616	1432.9	34.363	34.465	34.428	
18617	1433.	34.363	34.465	34.429	
18618	1433.	34.363	34.465	34.429	
18619	1433.	34.363	34.465	34.429	
18620	1433.	34.363	34.465	34.429	
18621	1433.1	34.363	34.465	34.429	
18622	1433.2	34.363	34.465	34.429	
18623	1433.3	34.363	34.465	34.429	
18624	1433.4	34.364	34.465	34.429	
18625	1433.5	34.364	34.466	34.429	
18626	1433.6	34.364	34.466	34.43	
18627	1433.7	34.364	34.466	34.43	
18628	1433.8	34.364	34.466	34.43	
18629	1433.9	34.364	34.466	34.43	
18630	1434.	34.364	34.466	34.43	
18631	1434.	34.364	34.466	34.43	
18632	1434.	34.364	34.466	34.43	
18633	1434.	34.364	34.466	34.43	
18634	1434.1	34.365	34.467	34.43	
18635	1434.2	34.365	34.467	34.43	
18636	1434.3	34.365	34.467	34.431	
18637	1434.4	34.365	34.467	34.431	
18638	1434.5	34.365	34.467	34.431	
18639	1434.6	34.365	34.467	34.431	
18640	1434.7	34.366	34.467	34.431	
18641	1434.8	34.366	34.468	34.431	
18642	1434.9	34.366	34.468	34.432	
18643	1435.	34.366	34.468	34.432	
18644	1435.	34.366	34.468	34.432	
18645	1435.	34.366	34.468	34.432	
18646	1435.	34.366	34.468	34.432	
18647	1435.1	34.366	34.468	34.432	
18648	1435.2	34.366	34.468	34.432	
18649	1435.3	34.366	34.468	34.432	
18650	1435.4	34.367	34.469	34.432	
18651	1435.5	34.367	34.469	34.433	
18652	1435.6	34.367	34.469	34.433	
18653	1435.7	34.367	34.469	34.433	
18654	1435.8	34.367	34.469	34.433	
18655	1435.9	34.367	34.469	34.433	
18656	1436.	34.368	34.469	34.433	
18657	1436.	34.368	34.469	34.433	
18658	1436.	34.368	34.47	34.433	
18659	1436.	34.368	34.47	34.433	
18660	1436.1	34.368	34.47	34.433	
18661	1436.2	34.368	34.47	34.434	
18662	1436.3	34.368	34.47	34.434	
18663	1436.4	34.368	34.47	34.434	
18664	1436.5	34.368	34.47	34.434	
18665	1436.6	34.368	34.47	34.434	
18666	1436.7	34.369	34.471	34.434	
18667	1436.8	34.369	34.471	34.435	
18668	1436.9	34.369	34.471	34.435	
18669	1437.	34.369	34.471	34.435	
18670	1437.	34.369	34.471	34.435	
18671	1437.	34.369	34.471	34.435	
18672	1437.	34.369	34.471	34.435	
18673	1437.1	34.369	34.471	34.435	
18674	1437.2	34.369	34.471	34.435	
18675	1437.3	34.37	34.472	34.435	
18676	1437.4	34.37	34.472	34.435	
18677	1437.5	34.37	34.472	34.436	
18678	1437.6	34.37	34.472	34.436	
18679	1437.7	34.37	34.472	34.436	
18680	1437.8	34.37	34.472	34.436	
18681	1437.9	34.371	34.473	34.436	
18682	1438.	34.371	34.473	34.436	
18683	1438.	34.371	34.473	34.436	
18684	1438.	34.371	34.473	34.436	
18685	1438.	34.371	34.473	34.436	
18686	1438.1	34.371	34.473	34.437	
18687	1438.2	34.371	34.473	34.437	
18688	1438.3	34.371	34.473	34.437	
18689	1438.4	34.371	34.473	34.437	
18690	1438.5	34.371	34.473	34.437	
18691	1438.6	34.372	34.474	34.437	
18692	1438.7	34.372	34.474	34.438	
18693	1438.8	34.372	34.474	34.438	
18694	1438.9	34.372	34.474	34.438	
18695	1439.	34.372	34.474	34.438	
18696	1439.	34.372	34.474	34.438	
18697	1439.	34.372	34.474	34.438	
18698	1439.	34.372	34.474	34.438	
18699	1439.1	34.372	34.474	34.438	
18700	1439.2	34.373	34.475	34.438	
18701	1439.3	34.373	34.475	34.438	
18702	1439.4	34.373	34.475	34.439	
18703	1439.5	34.373	34.475	34.439	
18704	1439.6	34.373	34.475	34.439	
18705	1439.7	34.373	34.475	34.439	
18706	1439.8	34.373	34.475	34.439	
18707	1439.9	34.374	34.476	34.439	
18708	1440.	34.374	34.476	34.439	
18709	1440.	34.374	34.476	34.439	
18710	1440.	34.374	34.476	34.44	
18711	1440.	34.374	34.476	34.44	
18712	1440.1	34.374	34.476	34.44	
18713	1440.2	34.374	34.476	34.44	
18714	1440.3	34.374	34.476	34.44	
18715	1440.4	34.374	34.476	34.44	
18716	1440.5	34.375	34.477	34.44	
18717	1440.6	34.375	34.477	34.44	
18718	1440.7	34.375	34.477	34.441	
18719	1440.8	34.375	34.477	34.441	
18720	1440.9	34.375	34.477	34.441	
18721	1441.	34.375	34.477	34.441	
18722	1441.	34.375	34.477	34.441	
18723	1441.	34.375	34.477	34.441	
18724	1441.	34.375	34.477	34.441	
18725	1441.1	34.375	34.478	34.441	
18726	1441.2	34.376	34.478	34.441	
18727	1441.3	34.376	34.478	34.442	
18728	1441.4	34.376	34.478	34.442	
18729	1441.5	34.376	34.478	34.442	
18730	1441.6	34.376	34.478	34.442	
18731	1441.7	34.376	34.478	34.442	
18732	1441.8	34.377	34.479	34.442	
18733	1441.9	34.377	34.479	34.442	
18734	1442.	34.377	34.479	34.443	
18735	1442.	34.377	34.479	34.443	
18736	1442.	34.377	34.479	34.443	
18737	1442.	34.377	34.479	34.443	
18738	1442.1	34.377	34.479	34.443	
18739	1442.2	34.377	34.479	34.443	
18740	1442.3	34.377	34.479	34.443	
18741	1442.4	34.377	34.48	34.443	
18742	1442.5	34.378	34.48	34.443	
18743	1442.6	34.378	34.48	34.444	
18744	1442.7	34.378	34.48	34.444	
18745	1442.8	34.378	34.48	34.444	
18746	1442.9	34.378	34.48	34.444	
18747	1443.	34.378	34.48	34.444	
18748	1443.	34.378	34.48	34.444	
18749	1443.	34.378	34.48	34.444	
18750	1443.	34.378	34.48	34.444	
18751	1443.1	34.379	34.481	34.444	
18752	1443.2	34.379	34.481	34.445	
18753	1443.3	34.379	34.481	34.445	
18754	1443.4	34.379	34.481	34.445	
18755	1443.5	34.379	34.481	34.445	
18756	1443.6	34.379	34.481	34.445	
18757	1443.7	34.38	34.482	34.445	
18758	1443.8	34.38	34.482	34.445	
18759	1443.9	34.38	34.482	34.446	
18760	1444.	34.38	34.482	34.446	
18761	1444.	34.38	34.482	34.446	
18762	1444.	34.38	34.482	34.446	
18763	1444.	34.38	34.482	34.446	
18764	1444.1	34.38	34.482	34.446	
18765	1444.2	34.38	34.482	34.446	
18766	1444.3	34.38	34.483	34.446	
18767	1444.4	34.381	34.483	34.446	
18768	1444.5	34.381	34.483	34.447	
18769	1444.6	34.381	34.483	34.447	
18770	1444.7	34.381	34.483	34.447	
18771	1444.8	34.381	34.483	34.447	
18772	1444.9	34.381	34.483	34.447	
18773	1445.	34.381	34.484	34.447	
18774	1445.	34.381	34.484	34.447	
18775	1445.	34.381	34.484	34.447	
18776	1445.	34.382	34.484	34.447	
18777	1445.1	34.382	34.484	34.447	
18778	1445.2	34.382	34.484	34.448	
18779	1445.3	34.382	34.484	34.448	
18780	1445.4	34.382	34.484	34.448	
18781	1445.5	34.382	34.484	34.448	
18782	1445.6	34.382	34.485	34.448	
18783	1445.7	34.383	34.485	34.448	
18784	1445.8	34.383	34.485	34.449	
18785	1445.9	34.383	34.485	34.449	
18786	1446.	34.383	34.485	34.449	
18787	1446.	34.383	34.485	34.449	
18788	1446.	34.383	34.485	34.449	
18789	1446.	34.383	34.485	34.449	
18790	1446.1	34.383	34.485	34.449	
18791	1446.2	34.383	34.485	34.449	
18792	1446.3	34.384	34.486	34.449	
18793	1446.4	34.384	34.486	34.45	
18794	1446.5	34.384	34.486	34.45	
18795	1446.6	34.384	34.486	34.45	
18796	1446.7	34.384	34.486	34.45	
18797	1446.8	34.384	34.486	34.45	
18798	1446.9	34.384	34.487	34.45	
18799	1447.	34.385	34.487	34.45	
18800	1447.	34.385	34.487	34.45	
18801	1447.	34.385	34.487	34.45	
18802	1447.	34.385	34.487	34.45	
18803	1447.1	34.385	34.487	34.451	
18804	1447.2	34.385	34.487	34.451	
18805	1447.3	34.385	34.487	34.451	
18806	1447.4	34.385	34.487	34.451	
18807	1447.5	34.385	34.488	34.451	
18808	1447.6	34.386	34.488	34.451	
18809	1447.7	34.386	34.488	34.452	
18810	1447.8	34.386	34.488	34.452	
18811	1447.9	34.386	34.488	34.452	
18812	1448.	34.386	34.488	34.452	
18813	1448.	34.386	34.488	34.452	
18814	1448.	34.386	34.488	34.452	
18815	1448.	34.386	34.488	34.452	
18816	1448.1	34.386	34.488	34.452	
18817	1448.2	34.386	34.489	34.452	
18818	1448.3	34.387	34.489	34.452	
18819	1448.4	34.387	34.489	34.453	
18820	1448.5	34.387	34.489	34.453	
18821	1448.6	34.387	34.489	34.453	
18822	1448.7	34.387	34.489	34.453	
18823	1448.8	34.387	34.49	34.453	
18824	1448.9	34.388	34.49	34.453	
18825	1449.	34.388	34.49	34.454	
18826	1449.	34.388	34.49	34.454	
18827	1449.	34.388	34.49	34.454	
18828	1449.	34.388	34.49	34.454	
18829	1449.1	34.388	34.49	34.454	
18830	1449.2	34.388	34.49	34.454	
18831	1449.3	34.388	34.49	34.454	
18832	1449.4	34.388	34.49	34.454	
18833	1449.5	34.389	34.491	34.454	
18834	1449.6	34.389	34.491	34.455	
18835	1449.7	34.389	34.491	34.455	
18836	1449.8	34.389	34.491	34.455	
18837	1449.9	34.389	34.491	34.455	
18838	1450.	34.389	34.491	34.455	
18839	1450.	34.389	34.491	34.455	
18840	1450.	34.389	34.491	34.455	
18841	1450.	34.389	34.491	34.455	
18842	1450.1	34.389	34.492	34.455	
18843	1450.2	34.39	34.492	34.455	
18844	1450.3	34.39	34.492	34.456	
18845	1450.4	34.39	34.492	34.456	
18846	1450.5	34.39	34.492	34.456	
18847	1450.6	34.39	34.492	34.456	
18848	1450.7	34.39	34.493	34.456	
18849	1450.8	34.391	34.493	34.456	
18850	1450.9	34.391	34.493	34.457	
18851	1451.	34.391	34.493	34.457	
18852	1451.	34.391	34.493	34.457	
18853	1451.	34.391	34.493	34.457	
18854	1451.	34.391	34.493	34.457	
18855	1451.1	34.391	34.493	34.457	
18856	1451.2	34.391	34.493	34.457	
18857	1451.3	34.391	34.493	34.457	
18858	1451.4	34.391	34.494	34.457	
18859	1451.5	34.392	34.494	34.457	
18860	1451.6	34.392	34.494	34.458	
18861	1451.7	34.392	34.494	34.458	
18862	1451.8	34.392	34.494	34.458	
18863	1451.9	34.392	34.494	34.458	
18864	1452.	34.392	34.494	34.458	
18865	1452.	34.392	34.495	34.458	
18866	1452.	34.392	34.495	34.458	
18867	1452.	34.392	34.495	34.458	
18868	1452.1	34.393	34.495	34.458	
18869	1452.2	34.393	34.495	34.459	
18870	1452.3	34.393	34.495	34.459	
18871	1452.4	34.393	34.495	34.459	
18872	1452.5	34.393	34.495	34.459	
18873	1452.6	34.393	34.495	34.459	
18874	1452.7	34.393	34.496	34.459	
18875	1452.8	34.394	34.496	34.46	
18876	1452.9	34.394	34.496	34.46	
18877	1453.	34.394	34.496	34.46	
18878	1453.	34.394	34.496	34.46	
18879	1453.	34.394	34.496	34.46	
18880	1453.	34.394	34.496	34.46	
18881	1453.1	34.394	34.496	34.46	
18882	1453.2	34.394	34.496	34.46	
18883	1453.3	34.394	34.497	34.46	
18884	1453.4	34.395	34.497	34.46	
18885	1453.5	34.395	34.497	34.461	
18886	1453.6	34.395	34.497	34.461	
18887	1453.7	34.395	34.497	34.461	
18888	1453.8	34.395	34.497	34.461	
18889	1453.9	34.395	34.498	34.461	
18890	1454.	34.395	34.498	34.461	
18891	1454.	34.395	34.498	34.461	
18892	1454.	34.395	34.498	34.461	
18893	1454.	34.396	34.498	34.461	
18894	1454.1	34.396	34.498	34.462	
18895	1454.2	34.396	34.498	34.462	
18896	1454.3	34.396	34.498	34.462	
18897	1454.4	34.396	34.498	34.462	
18898	1454.5	34.396	34.498	34.462	
18899	1454.6	34.396	34.499	34.462	
18900	1454.7	34.397	34.499	34.462	
18901	1454.8	34.397	34.499	34.463	
18902	1454.9	34.397	34.499	34.463	
18903	1455.	34.397	34.499	34.463	
18904	1455.	34.397	34.499	34.463	
18905	1455.	34.397	34.499	34.463	
18906	1455.	34.397	34.499	34.463	
18907	1455.1	34.397	34.499	34.463	
18908	1455.2	34.397	34.5	34.463	
18909	1455.3	34.398	34.5	34.463	
18910	1455.4	34.398	34.5	34.464	
18911	1455.5	34.398	34.5	34.464	
18912	1455.6	34.398	34.5	34.464	
18913	1455.7	34.398	34.5	34.464	
18914	1455.8	34.398	34.501	34.464	
18915	1455.9	34.398	34.501	34.464	
18916	1456.	34.399	34.501	34.464	
18917	1456.	34.399	34.501	34.464	
18918	1456.	34.399	34.501	34.464	
18919	1456.	34.399	34.501	34.465	
18920	1456.1	34.399	34.501	34.465	
18921	1456.2	34.399	34.501	34.465	
18922	1456.3	34.399	34.501	34.465	
18923	1456.4	34.399	34.501	34.465	
18924	1456.5	34.399	34.502	34.465	
18925	1456.6	34.4	34.502	34.465	
18926	1456.7	34.4	34.502	34.466	
18927	1456.8	34.4	34.502	34.466	
18928	1456.9	34.4	34.502	34.466	
18929	1457.	34.4	34.502	34.466	
18930	1457.	34.4	34.502	34.466	
18931	1457.	34.4	34.502	34.466	
18932	1457.	34.4	34.502	34.466	
18933	1457.1	34.4	34.503	34.466	
18934	1457.2	34.4	34.503	34.466	
18935	1457.3	34.401	34.503	34.467	
18936	1457.4	34.401	34.503	34.467	
18937	1457.5	34.401	34.503	34.467	
18938	1457.6	34.401	34.503	34.467	
18939	1457.7	34.401	34.503	34.467	
18940	1457.8	34.401	34.504	34.467	
18941	1457.9	34.402	34.504	34.467	
18942	1458.	34.402	34.504	34.468	
18943	1458.	34.402	34.504	34.468	
18944	1458.	34.402	34.504	34.468	
18945	1458.	34.402	34.504	34.468	
18946	1458.1	34.402	34.504	34.468	
18947	1458.2	34.402	34.504	34.468	
18948	1458.3	34.402	34.504	34.468	
18949	1458.4	34.402	34.505	34.468	
18950	1458.5	34.402	34.505	34.468	
18951	1458.6	34.403	34.505	34.469	
18952	1458.7	34.403	34.505	34.469	
18953	1458.8	34.403	34.505	34.469	
18954	1458.9	34.403	34.505	34.469	
18955	1459.	34.403	34.505	34.469	
18956	1459.	34.403	34.505	34.469	
18957	1459.	34.403	34.505	34.469	
18958	1459.	34.403	34.506	34.469	
18959	1459.1	34.403	34.506	34.469	
18960	1459.2	34.404	34.506	34.469	
18961	1459.3	34.404	34.506	34.47	
18962	1459.4	34.404	34.506	34.47	
18963	1459.5	34.404	34.506	34.47	
18964	1459.6	34.404	34.506	34.47	
18965	1459.7	34.404	34.507	34.47	
18966	1459.8	34.404	34.507	34.47	
18967	1459.9	34.405	34.507	34.471	
18968	1460.	34.405	34.507	34.471	
18969	1460.	34.405	34.507	34.471	
18970	1460.	34.405	34.507	34.471	
18971	1460.	34.405	34.507	34.471	
18972	1460.1	34.405	34.507	34.471	
18973	1460.2	34.405	34.507	34.471	
18974	1460.3	34.405	34.508	34.471	
18975	1460.4	34.405	34.508	34.471	
18976	1460.5	34.406	34.508	34.472	
18977	1460.6	34.406	34.508	34.472	
18978	1460.7	34.406	34.508	34.472	
18979	1460.8	34.406	34.508	34.472	
18980	1460.9	34.406	34.508	34.472	
18981	1461.	34.406	34.509	34.472	
18982	1461.	34.406	34.509	34.472	
18983	1461.	34.406	34.509	34.472	
18984	1461.	34.406	34.509	34.472	
18985	1461.1	34.407	34.509	34.472	
18986	1461.2	34.407	34.509	34.473	
18987	1461.3	34.407	34.509	34.473	
18988	1461.4	34.407	34.509	34.473	
18989	1461.5	34.407	34.509	34.473	
18990	1461.6	34.407	34.51	34.473	
18991	1461.7	34.407	34.51	34.473	
18992	1461.8	34.408	34.51	34.474	
18993	1461.9	34.408	34.51	34.474	
18994	1462.	34.408	34.51	34.474	
18995	1462.	34.408	34.51	34.474	
18996	1462.	34.408	34.51	34.474	
18997	1462.	34.408	34.51	34.474	
18998	1462.1	34.408	34.51	34.474	
18999	1462.2	34.408	34.511	34.474	
19000	1462.3	34.408	34.511	34.474	
19001	1462.4	34.409	34.511	34.474	
19002	1462.5	34.409	34.511	34.475	
19003	1462.6	34.409	34.511	34.475	
19004	1462.7	34.409	34.511	34.475	
19005	1462.8	34.409	34.511	34.475	
19006	1462.9	34.409	34.512	34.475	
19007	1463.	34.409	34.512	34.475	
19008	1463.	34.409	34.512	34.475	
19009	1463.	34.409	34.512	34.475	
19010	1463.	34.409	34.512	34.475	
19011	1463.1	34.41	34.512	34.476	
19012	1463.2	34.41	34.512	34.476	
19013	1463.3	34.41	34.512	34.476	
19014	1463.4	34.41	34.512	34.476	
19015	1463.5	34.41	34.513	34.476	
19016	1463.6	34.41	34.513	34.476	
19017	1463.7	34.411	34.513	34.477	
19018	1463.8	34.411	34.513	34.477	
19019	1463.9	34.411	34.513	34.477	
19020	1464.	34.411	34.513	34.477	
19021	1464.	34.411	34.513	34.477	
19022	1464.	34.411	34.513	34.477	
19023	1464.	34.411	34.513	34.477	
19024	1464.1	34.411	34.513	34.477	
19025	1464.2	34.411	34.514	34.477	
19026	1464.3	34.411	34.514	34.477	
19027	1464.4	34.412	34.514	34.478	
19028	1464.5	34.412	34.514	34.478	
19029	1464.6	34.412	34.514	34.478	
19030	1464.7	34.412	34.514	34.478	
19031	1464.8	34.412	34.515	34.478	
19032	1464.9	34.412	34.515	34.478	
19033	1465.	34.413	34.515	34.478	
19034	1465.	34.413	34.515	34.478	
19035	1465.	34.413	34.515	34.479	
19036	1465.	34.413	34.515	34.479	
19037	1465.1	34.413	34.515	34.479	
19038	1465.2	34.413	34.515	34.479	
19039	1465.3	34.413	34.515	34.479	
19040	1465.4	34.413	34.516	34.479	
19041	1465.5	34.413	34.516	34.479	
19042	1465.6	34.414	34.516	34.479	
19043	1465.7	34.414	34.516	34.48	
19044	1465.8	34.414	34.516	34.48	
19045	1465.9	34.414	34.516	34.48	
19046	1466.	34.414	34.516	34.48	
19047	1466.	34.414	34.516	34.48	
19048	1466.	34.414	34.516	34.48	
19049	1466.	34.414	34.516	34.48	
19050	1466.1	34.414	34.517	34.48	
19051	1466.2	34.414	34.517	34.48	
19052	1466.3	34.415	34.517	34.481	
19053	1466.4	34.415	34.517	34.481	
19054	1466.5	34.415	34.517	34.481	
19055	1466.6	34.415	34.517	34.481	
19056	1466.7	34.415	34.518	34.481	
19057	1466.8	34.415	34.518	34.481	
19058	1466.9	34.416	34.518	34.482	
19059	1467.	34.416	34.518	34.482	
19060	1467.	34.416	34.518	34.482	
19061	1467.	34.416	34.518	34.482	
19062	1467.	34.416	34.518	34.482	
19063	1467.1	34.416	34.518	34.482	
19064	1467.2	34.416	34.518	34.482	
19065	1467.3	34.416	34.519	34.482	
19066	1467.4	34.416	34.519	34.482	
19067	1467.5	34.416	34.519	34.482	
19068	1467.6	34.417	34.519	34.483	
19069	1467.7	34.417	34.519	34.483	
19070	1467.8	34.417	34.519	34.483	
19071	1467.9	34.417	34.519	34.483	
19072	1468.	34.417	34.52	34.483	
19073	1468.	34.417	34.52	34.483	
19074	1468.	34.417	34.52	34.483	
19075	1468.	34.417	34.52	34.483	
19076	1468.1	34.417	34.52	34.483	
19077	1468.2	34.418	34.52	34.484	
19078	1468.3	34.418	34.52	34.484	
19079	1468.4	34.418	34.52	34.484	
19080	1468.5	34.418	34.52	34.484	
19081	1468.6	34.418	34.521	34.484	
19082	1468.7	34.418	34.521	34.484	
19083	1468.8	34.418	34.521	34.484	
19084	1468.9	34.419	34.521	34.485	
19085	1469.	34.419	34.521	34.485	
19086	1469.	34.419	34.521	34.485	
19087	1469.	34.419	34.521	34.485	
19088	1469.	34.419	34.521	34.485	
19089	1469.1	34.419	34.521	34.485	
19090	1469.2	34.419	34.521	34.485	
19091	1469.3	34.419	34.522	34.485	
19092	1469.4	34.419	34.522	34.485	
19093	1469.5	34.42	34.522	34.486	
19094	1469.6	34.42	34.522	34.486	
19095	1469.7	34.42	34.522	34.486	
19096	1469.8	34.42	34.522	34.486	
19097	1469.9	34.42	34.523	34.486	
19098	1470.	34.42	34.523	34.486	
19099	1470.	34.42	34.523	34.486	
19100	1470.	34.42	34.523	34.486	
19101	1470.	34.42	34.523	34.486	
19102	1470.1	34.42	34.523	34.486	
19103	1470.2	34.421	34.523	34.487	
19104	1470.3	34.421	34.523	34.487	
19105	1470.4	34.421	34.523	34.487	
19106	1470.5	34.421	34.524	34.487	
19107	1470.6	34.421	34.524	34.487	
19108	1470.7	34.421	34.524	34.487	
19109	1470.8	34.422	34.524	34.488	
19110	1470.9	34.422	34.524	34.488	
19111	1471.	34.422	34.524	34.488	
19112	1471.	34.422	34.524	34.488	
19113	1471.	34.422	34.524	34.488	
19114	1471.	34.422	34.524	34.488	
19115	1471.1	34.422	34.524	34.488	
19116	1471.2	34.422	34.525	34.488	
19117	1471.3	34.422	34.525	34.488	
19118	1471.4	34.423	34.525	34.489	
19119	1471.5	34.423	34.525	34.489	
19120	1471.6	34.423	34.525	34.489	
19121	1471.7	34.423	34.525	34.489	
19122	1471.8	34.423	34.526	34.489	
19123	1471.9	34.423	34.526	34.489	
19124	1472.	34.423	34.526	34.489	
19125	1472.	34.423	34.526	34.489	
19126	1472.	34.423	34.526	34.489	
19127	1472.	34.423	34.526	34.489	
19128	1472.1	34.424	34.526	34.49	
19129	1472.2	34.424	34.526	34.49	
19130	1472.3	34.424	34.526	34.49	
19131	1472.4	34.424	34.526	34.49	
19132	1472.5	34.424	34.527	34.49	
19133	1472.6	34.424	34.527	34.49	
19134	1472.7	34.425	34.527	34.491	
19135	1472.8	34.425	34.527	34.491	
19136	1472.9	34.425	34.527	34.491	
19137	1473.	34.425	34.527	34.491	
19138	1473.	34.425	34.527	34.491	
19139	1473.	34.425	34.527	34.491	
19140	1473.	34.425	34.527	34.491	
19141	1473.1	34.425	34.528	34.491	
19142	1473.2	34.425	34.528	34.491	
19143	1473.3	34.425	34.528	34.491	
19144	1473.4	34.426	34.528	34.492	
19145	1473.5	34.426	34.528	34.492	
19146	1473.6	34.426	34.528	34.492	
19147	1473.7	34.426	34.529	34.492	
19148	1473.8	34.426	34.529	34.492	
19149	1473.9	34.426	34.529	34.492	
19150	1474.	34.426	34.529	34.493	
19151	1474.	34.426	34.529	34.493	
19152	1474.	34.427	34.529	34.493	
19153	1474.	34.427	34.529	34.493	
19154	1474.1	34.427	34.529	34.493	
19155	1474.2	34.427	34.529	34.493	
19156	1474.3	34.427	34.529	34.493	
19157	1474.4	34.427	34.53	34.493	
19158	1474.5	34.427	34.53	34.493	
19159	1474.6	34.427	34.53	34.494	
19160	1474.7	34.428	34.53	34.494	
19161	1474.8	34.428	34.53	34.494	
19162	1474.9	34.428	34.53	34.494	
19163	1475.	34.428	34.53	34.494	
19164	1475.	34.428	34.531	34.494	
19165	1475.	34.428	34.531	34.494	
19166	1475.	34.428	34.531	34.494	
19167	1475.1	34.428	34.531	34.494	
19168	1475.2	34.428	34.531	34.494	
19169	1475.3	34.429	34.531	34.495	
19170	1475.4	34.429	34.531	34.495	
19171	1475.5	34.429	34.531	34.495	
19172	1475.6	34.429	34.531	34.495	
19173	1475.7	34.429	34.532	34.495	
19174	1475.8	34.429	34.532	34.495	
19175	1475.9	34.429	34.532	34.496	
19176	1476.	34.43	34.532	34.496	
19177	1476.	34.43	34.532	34.496	
19178	1476.	34.43	34.532	34.496	
19179	1476.	34.43	34.532	34.496	
19180	1476.1	34.43	34.532	34.496	
19181	1476.2	34.43	34.532	34.496	
19182	1476.3	34.43	34.533	34.496	
19183	1476.4	34.43	34.533	34.496	
19184	1476.5	34.43	34.533	34.496	
19185	1476.6	34.431	34.533	34.497	
19186	1476.7	34.431	34.533	34.497	
19187	1476.8	34.431	34.533	34.497	
19188	1476.9	34.431	34.534	34.497	
19189	1477.	34.431	34.534	34.497	
19190	1477.	34.431	34.534	34.497	
19191	1477.	34.431	34.534	34.497	
19192	1477.	34.431	34.534	34.497	
19193	1477.1	34.431	34.534	34.497	
19194	1477.2	34.432	34.534	34.498	
19195	1477.3	34.432	34.534	34.498	
19196	1477.4	34.432	34.534	34.498	
19197	1477.5	34.432	34.534	34.498	
19198	1477.6	34.432	34.535	34.498	
19199	1477.7	34.432	34.535	34.498	
19200	1477.8	34.432	34.535	34.499	
19201	1477.9	34.433	34.535	34.499	
19202	1478.	34.433	34.535	34.499	
19203	1478.	34.433	34.535	34.499	
19204	1478.	34.433	34.535	34.499	
19205	1478.	34.433	34.535	34.499	
19206	1478.1	34.433	34.535	34.499	
19207	1478.2	34.433	34.536	34.499	
19208	1478.3	34.433	34.536	34.499	
19209	1478.4	34.433	34.536	34.499	
19210	1478.5	34.434	34.536	34.5	
19211	1478.6	34.434	34.536	34.5	
19212	1478.7	34.434	34.536	34.5	
19213	1478.8	34.434	34.537	34.5	
19214	1478.9	34.434	34.537	34.5	
19215	1479.	34.434	34.537	34.5	
19216	1479.	34.434	34.537	34.5	
19217	1479.	34.434	34.537	34.5	
19218	1479.	34.434	34.537	34.5	
19219	1479.1	34.434	34.537	34.501	
19220	1479.2	34.435	34.537	34.501	
19221	1479.3	34.435	34.537	34.501	
19222	1479.4	34.435	34.537	34.501	
19223	1479.5	34.435	34.538	34.501	
19224	1479.6	34.435	34.538	34.501	
19225	1479.7	34.435	34.538	34.501	
19226	1479.8	34.436	34.538	34.502	
19227	1479.9	34.436	34.538	34.502	
19228	1480.	34.436	34.538	34.502	
19229	1480.	34.436	34.538	34.502	
19230	1480.	34.436	34.538	34.502	
19231	1480.	34.436	34.538	34.502	
19232	1480.1	34.436	34.539	34.502	
19233	1480.2	34.436	34.539	34.502	
19234	1480.3	34.436	34.539	34.502	
19235	1480.4	34.436	34.539	34.503	
19236	1480.5	34.437	34.539	34.503	
19237	1480.6	34.437	34.539	34.503	
19238	1480.7	34.437	34.539	34.503	
19239	1480.8	34.437	34.54	34.503	
19240	1480.9	34.437	34.54	34.503	
19241	1481.	34.437	34.54	34.503	
19242	1481.	34.437	34.54	34.503	
19243	1481.	34.437	34.54	34.503	
19244	1481.	34.437	34.54	34.504	
19245	1481.1	34.438	34.54	34.504	
19246	1481.2	34.438	34.54	34.504	
19247	1481.3	34.438	34.54	34.504	
19248	1481.4	34.438	34.541	34.504	
19249	1481.5	34.438	34.541	34.504	
19250	1481.6	34.438	34.541	34.504	
19251	1481.7	34.438	34.541	34.505	
19252	1481.8	34.439	34.541	34.505	
19253	1481.9	34.439	34.541	34.505	
19254	1482.	34.439	34.541	34.505	
19255	1482.	34.439	34.541	34.505	
19256	1482.	34.439	34.541	34.505	
19257	1482.	34.439	34.542	34.505	
19258	1482.1	34.439	34.542	34.505	
19259	1482.2	34.439	34.542	34.505	
19260	1482.3	34.439	34.542	34.506	
19261	1482.4	34.44	34.542	34.506	
19262	1482.5	34.44	34.542	34.506	
19263	1482.6	34.44	34.542	34.506	
19264	1482.7	34.44	34.543	34.506	
19265	1482.8	34.44	34.543	34.506	
19266	1482.9	34.44	34.543	34.506	
19267	1483.	34.44	34.543	34.507	
19268	1483.	34.44	34.543	34.507	
19269	1483.	34.44	34.543	34.507	
19270	1483.	34.441	34.543	34.507	
19271	1483.1	34.441	34.543	34.507	
19272	1483.2	34.441	34.543	34.507	
19273	1483.3	34.441	34.544	34.507	
19274	1483.4	34.441	34.544	34.507	
19275	1483.5	34.441	34.544	34.507	
19276	1483.6	34.441	34.544	34.508	
19277	1483.7	34.442	34.544	34.508	
19278	1483.8	34.442	34.544	34.508	
19279	1483.9	34.442	34.544	34.508	
19280	1484.	34.442	34.545	34.508	
19281	1484.	34.442	34.545	34.508	
19282	1484.	34.442	34.545	34.508	
19283	1484.	34.442	34.545	34.508	
19284	1484.1	34.442	34.545	34.508	
19285	1484.2	34.442	34.545	34.509	
19286	1484.3	34.443	34.545	34.509	
19287	1484.4	34.443	34.545	34.509	
19288	1484.5	34.443	34.545	34.509	
19289	1484.6	34.443	34.546	34.509	
19290	1484.7	34.443	34.546	34.509	
19291	1484.8	34.443	34.546	34.509	
19292	1484.9	34.443	34.546	34.51	
19293	1485.	34.444	34.546	34.51	
19294	1485.	34.444	34.546	34.51	
19295	1485.	34.444	34.546	34.51	
19296	1485.	34.444	34.546	34.51	
19297	1485.1	34.444	34.546	34.51	
19298	1485.2	34.444	34.547	34.51	
19299	1485.3	34.444	34.547	34.51	
19300	1485.4	34.444	34.547	34.51	
19301	1485.5	34.444	34.547	34.511	
19302	1485.6	34.445	34.547	34.511	
19303	1485.7	34.445	34.547	34.511	
19304	1485.8	34.445	34.547	34.511	
19305	1485.9	34.445	34.548	34.511	
19306	1486.	34.445	34.548	34.511	
19307	1486.	34.445	34.548	34.511	
19308	1486.	34.445	34.548	34.511	
19309	1486.	34.445	34.548	34.511	
19310	1486.1	34.445	34.548	34.511	
19311	1486.2	34.445	34.548	34.512	
19312	1486.3	34.446	34.548	34.512	
19313	1486.4	34.446	34.548	34.512	
19314	1486.5	34.446	34.549	34.512	
19315	1486.6	34.446	34.549	34.512	
19316	1486.7	34.446	34.549	34.512	
19317	1486.8	34.446	34.549	34.513	
19318	1486.9	34.447	34.549	34.513	
19319	1487.	34.447	34.549	34.513	
19320	1487.	34.447	34.549	34.513	
19321	1487.	34.447	34.549	34.513	
19322	1487.	34.447	34.549	34.513	
19323	1487.1	34.447	34.549	34.513	
19324	1487.2	34.447	34.55	34.513	
19325	1487.3	34.447	34.55	34.513	
19326	1487.4	34.447	34.55	34.514	
19327	1487.5	34.448	34.55	34.514	
19328	1487.6	34.448	34.55	34.514	
19329	1487.7	34.448	34.55	34.514	
19330	1487.8	34.448	34.551	34.514	
19331	1487.9	34.448	34.551	34.514	
19332	1488.	34.448	34.551	34.514	
19333	1488.	34.448	34.551	34.514	
19334	1488.	34.448	34.551	34.514	
19335	1488.	34.448	34.551	34.514	
19336	1488.1	34.448	34.551	34.515	
19337	1488.2	34.449	34.551	34.515	
19338	1488.3	34.449	34.551	34.515	
19339	1488.4	34.449	34.552	34.515	
19340	1488.5	34.449	34.552	34.515	
19341	1488.6	34.449	34.552	34.515	
19342	1488.7	34.449	34.552	34.516	
19343	1488.8	34.45	34.552	34.516	
19344	1488.9	34.45	34.552	34.516	
19345	1489.	34.45	34.552	34.516	
19346	1489.	34.45	34.552	34.516	
19347	1489.	34.45	34.552	34.516	
19348	1489.	34.45	34.552	34.516	
19349	1489.1	34.45	34.553	34.516	
19350	1489.2	34.45	34.553	34.516	
19351	1489.3	34.45	34.553	34.516	
19352	1489.4	34.45	34.553	34.517	
19353	1489.5	34.451	34.553	34.517	
19354	1489.6	34.451	34.553	34.517	
19355	1489.7	34.451	34.554	34.517	
19356	1489.8	34.451	34.554	34.517	
19357	1489.9	34.451	34.554	34.517	
19358	1490.	34.451	34.554	34.517	
19359	1490.	34.451	34.554	34.518	
19360	1490.	34.451	34.554	34.518	
19361	1490.	34.451	34.554	34.518	
19362	1490.1	34.452	34.554	34.518	
19363	1490.2	34.452	34.554	34.518	
19364	1490.3	34.452	34.555	34.518	
19365	1490.4	34.452	34.555	34.518	
19366	1490.5	34.452	34.555	34.518	
19367	1490.6	34.452	34.555	34.518	
19368	1490.7	34.452	34.555	34.519	
19369	1490.8	34.453	34.555	34.519	
19370	1490.9	34.453	34.555	34.519	
19371	1491.	34.453	34.556	34.519	
19372	1491.	34.453	34.556	34.519	
19373	1491.	34.453	34.556	34.519	
19374	1491.	34.453	34.556	34.519	
19375	1491.1	34.453	34.556	34.519	
19376	1491.2	34.453	34.556	34.519	
19377	1491.3	34.453	34.556	34.52	
19378	1491.4	34.454	34.556	34.52	
19379	1491.5	34.454	34.556	34.52	
19380	1491.6	34.454	34.557	34.52	
19381	1491.7	34.454	34.557	34.52	
19382	1491.8	34.454	34.557	34.52	
19383	1491.9	34.454	34.557	34.521	
19384	1492.	34.454	34.557	34.521	
19385	1492.	34.454	34.557	34.521	
19386	1492.	34.454	34.557	34.521	
19387	1492.	34.455	34.557	34.521	
19388	1492.1	34.455	34.557	34.521	
19389	1492.2	34.455	34.557	34.521	
19390	1492.3	34.455	34.558	34.521	
19391	1492.4	34.455	34.558	34.521	
19392	1492.5	34.455	34.558	34.521	
19393	1492.6	34.455	34.558	34.522	
19394	1492.7	34.456	34.558	34.522	
19395	1492.8	34.456	34.558	34.522	
19396	1492.9	34.456	34.559	34.522	
19397	1493.	34.456	34.559	34.522	
19398	1493.	34.456	34.559	34.522	
19399	1493.	34.456	34.559	34.522	
19400	1493.	34.456	34.559	34.522	
19401	1493.1	34.456	34.559	34.522	
19402	1493.2	34.456	34.559	34.523	
19403	1493.3	34.457	34.559	34.523	
19404	1493.4	34.457	34.559	34.523	
19405	1493.5	34.457	34.56	34.523	
19406	1493.6	34.457	34.56	34.523	
19407	1493.7	34.457	34.56	34.523	
19408	1493.8	34.457	34.56	34.523	
19409	1493.9	34.457	34.56	34.524	
19410	1494.	34.458	34.56	34.524	
19411	1494.	34.458	34.56	34.524	
19412	1494.	34.458	34.56	34.524	
19413	1494.	34.458	34.56	34.524	
19414	1494.1	34.458	34.56	34.524	
19415	1494.2	34.458	34.561	34.524	
19416	1494.3	34.458	34.561	34.524	
19417	1494.4	34.458	34.561	34.524	
19418	1494.5	34.458	34.561	34.525	
19419	1494.6	34.459	34.561	34.525	
19420	1494.7	34.459	34.561	34.525	
19421	1494.8	34.459	34.562	34.525	
19422	1494.9	34.459	34.562	34.525	
19423	1495.	34.459	34.562	34.525	
19424	1495.	34.459	34.562	34.525	
19425	1495.	34.459	34.562	34.525	
19426	1495.	34.459	34.562	34.525	
19427	1495.1	34.459	34.562	34.526	
19428	1495.2	34.459	34.562	34.526	
19429	1495.3	34.46	34.562	34.526	
19430	1495.4	34.46	34.562	34.526	
19431	1495.5	34.46	34.563	34.526	
19432	1495.6	34.46	34.563	34.526	
19433	1495.7	34.46	34.563	34.526	
19434	1495.8	34.46	34.563	34.527	
19435	1495.9	34.461	34.563	34.527	
19436	1496.	34.461	34.563	34.527	
19437	1496.	34.461	34.563	34.527	
19438	1496.	34.461	34.563	34.527	
19439	1496.	34.461	34.563	34.527	
19440	1496.1	34.461	34.564	34.527	
19441	1496.2	34.461	34.564	34.527	
19442	1496.3	34.461	34.564	34.527	
19443	1496.4	34.461	34.564	34.528	
19444	1496.5	34.461	34.564	34.528	
19445	1496.6	34.462	34.564	34.528	
19446	1496.7	34.462	34.565	34.528	
19447	1496.8	34.462	34.565	34.528	
19448	1496.9	34.462	34.565	34.528	
19449	1497.	34.462	34.565	34.528	
19450	1497.	34.462	34.565	34.528	
19451	1497.	34.462	34.565	34.528	
19452	1497.	34.462	34.565	34.529	
19453	1497.1	34.462	34.565	34.529	
19454	1497.2	34.463	34.565	34.529	
19455	1497.3	34.463	34.565	34.529	
19456	1497.4	34.463	34.566	34.529	
19457	1497.5	34.463	34.566	34.529	
19458	1497.6	34.463	34.566	34.529	
19459	1497.7	34.463	34.566	34.53	
19460	1497.8	34.464	34.566	34.53	
19461	1497.9	34.464	34.566	34.53	
19462	1498.	34.464	34.566	34.53	
19463	1498.	34.464	34.567	34.53	
19464	1498.	34.464	34.567	34.53	
19465	1498.	34.464	34.567	34.53	
19466	1498.1	34.464	34.567	34.53	
19467	1498.2	34.464	34.567	34.53	
19468	1498.3	34.464	34.567	34.531	
19469	1498.4	34.464	34.567	34.531	
19470	1498.5	34.465	34.567	34.531	
19471	1498.6	34.465	34.568	34.531	
19472	1498.7	34.465	34.568	34.531	
19473	1498.8	34.465	34.568	34.531	
19474	1498.9	34.465	34.568	34.531	
19475	1499.	34.465	34.568	34.532	
19476	1499.	34.465	34.568	34.532	
19477	1499.	34.465	34.568	34.532	
19478	1499.	34.465	34.568	34.532	
19479	1499.1	34.466	34.568	34.532	
19480	1499.2	34.466	34.568	34.532	
19481	1499.3	34.466	34.569	34.532	
19482	1499.4	34.466	34.569	34.532	
19483	1499.5	34.466	34.569	34.532	
19484	1499.6	34.466	34.569	34.533	
19485	1499.7	34.466	34.569	34.533	
19486	1499.8	34.467	34.569	34.533	
19487	1499.9	34.467	34.57	34.533	
19488	1500.	34.467	34.57	34.533	
19489	1500.	34.467	34.57	34.533	
19490	1500.	34.467	34.57	34.533	
19491	1500.	34.467	34.57	34.533	
19492	1500.1	34.467	34.57	34.533	
19493	1500.2	34.467	34.57	34.533	
19494	1500.3	34.467	34.57	34.534	
19495	1500.4	34.468	34.57	34.534	
19496	1500.5	34.468	34.57	34.534	
19497	1500.6	34.468	34.571	34.534	
19498	1500.7	34.468	34.571	34.534	
19499	1500.8	34.468	34.571	34.534	
19500	1500.9	34.468	34.571	34.535	
19501	1501.	34.468	34.571	34.535	
19502	1501.	34.468	34.571	34.535	
19503	1501.	34.468	34.571	34.535	
19504	1501.	34.468	34.571	34.535	
19505	1501.1	34.469	34.571	34.535	
19506	1501.2	34.469	34.572	34.535	
19507	1501.3	34.469	34.572	34.535	
19508	1501.4	34.469	34.572	34.535	
19509	1501.5	34.469	34.572	34.536	
19510	1501.6	34.469	34.572	34.536	
19511	1501.7	34.47	34.572	34.536	
19512	1501.8	34.47	34.573	34.536	
19513	1501.9	34.47	34.573	34.536	
19514	1502.	34.47	34.573	34.536	
19515	1502.	34.47	34.573	34.536	
19516	1502.	34.47	34.573	34.536	
19517	1502.	34.47	34.573	34.536	
19518	1502.1	34.47	34.573	34.536	
19519	1502.2	34.47	34.573	34.537	
19520	1502.3	34.47	34.573	34.537	
19521	1502.4	34.471	34.573	34.537	
19522	1502.5	34.471	34.574	34.537	
19523	1502.6	34.471	34.574	34.537	
19524	1502.7	34.471	34.574	34.537	
19525	1502.8	34.471	34.574	34.538	
19526	1502.9	34.471	34.574	34.538	
19527	1503.	34.472	34.574	34.538	
19528	1503.	34.472	34.574	34.538	
19529	1503.	34.472	34.574	34.538	
19530	1503.	34.472	34.574	34.538	
19531	1503.1	34.472	34.575	34.538	
19532	1503.2	34.472	34.575	34.538	
19533	1503.3	34.472	34.575	34.538	
19534	1503.4	34.472	34.575	34.538	
19535	1503.5	34.472	34.575	34.539	
19536	1503.6	34.473	34.575	34.539	
19537	1503.7	34.473	34.575	34.539	
19538	1503.8	34.473	34.576	34.539	
19539	1503.9	34.473	34.576	34.539	
19540	1504.	34.473	34.576	34.539	
19541	1504.	34.473	34.576	34.539	
19542	1504.	34.473	34.576	34.539	
19543	1504.	34.473	34.576	34.539	
19544	1504.1	34.473	34.576	34.54	
19545	1504.2	34.473	34.576	34.54	
19546	1504.3	34.474	34.576	34.54	
19547	1504.4	34.474	34.577	34.54	
19548	1504.5	34.474	34.577	34.54	
19549	1504.6	34.474	34.577	34.54	
19550	1504.7	34.474	34.577	34.541	
19551	1504.8	34.474	34.577	34.541	
19552	1504.9	34.475	34.577	34.541	
19553	1505.	34.475	34.577	34.541	
19554	1505.	34.475	34.577	34.541	
19555	1505.	34.475	34.577	34.541	
19556	1505.	34.475	34.578	34.541	
19557	1505.1	34.475	34.578	34.541	
19558	1505.2	34.475	34.578	34.541	
19559	1505.3	34.475	34.578	34.541	
19560	1505.4	34.475	34.578	34.542	
19561	1505.5	34.475	34.578	34.542	
19562	1505.6	34.476	34.578	34.542	
19563	1505.7	34.476	34.579	34.542	
19564	1505.8	34.476	34.579	34.542	
19565	1505.9	34.476	34.579	34.542	
19566	1506.	34.476	34.579	34.542	
19567	1506.	34.476	34.579	34.542	
19568	1506.	34.476	34.579	34.543	
19569	1506.	34.476	34.579	34.543	
19570	1506.1	34.476	34.579	34.543	
19571	1506.2	34.477	34.579	34.543	
19572	1506.3	34.477	34.58	34.543	
19573	1506.4	34.477	34.58	34.543	
19574	1506.5	34.477	34.58	34.543	
19575	1506.6	34.477	34.58	34.543	
19576	1506.7	34.477	34.58	34.544	
19577	1506.8	34.477	34.58	34.544	
19578	1506.9	34.478	34.58	34.544	
19579	1507.	34.478	34.581	34.544	
19580	1507.	34.478	34.581	34.544	
19581	1507.	34.478	34.581	34.544	
19582	1507.	34.478	34.581	34.544	
19583	1507.1	34.478	34.581	34.544	
19584	1507.2	34.478	34.581	34.544	
19585	1507.3	34.478	34.581	34.545	
19586	1507.4	34.478	34.581	34.545	
19587	1507.5	34.479	34.581	34.545	
19588	1507.6	34.479	34.582	34.545	
19589	1507.7	34.479	34.582	34.545	
19590	1507.8	34.479	34.582	34.545	
19591	1507.9	34.479	34.582	34.546	
19592	1508.	34.479	34.582	34.546	
19593	1508.	34.479	34.582	34.546	
19594	1508.	34.479	34.582	34.546	
19595	1508.	34.479	34.582	34.546	
19596	1508.1	34.48	34.582	34.546	
19597	1508.2	34.48	34.583	34.546	
19598	1508.3	34.48	34.583	34.546	
19599	1508.4	34.48	34.583	34.546	
19600	1508.5	34.48	34.583	34.546	
19601	1508.6	34.48	34.583	34.547	
19602	1508.7	34.48	34.583	34.547	
19603	1508.8	34.481	34.583	34.547	
19604	1508.9	34.481	34.584	34.547	
19605	1509.	34.481	34.584	34.547	
19606	1509.	34.481	34.584	34.547	
19607	1509.	34.481	34.584	34.547	
19608	1509.	34.481	34.584	34.547	
19609	1509.1	34.481	34.584	34.547	
19610	1509.2	34.481	34.584	34.548	
19611	1509.3	34.481	34.584	34.548	
19612	1509.4	34.482	34.584	34.548	
19613	1509.5	34.482	34.585	34.548	
19614	1509.6	34.482	34.585	34.548	
19615	1509.7	34.482	34.585	34.548	
19616	1509.8	34.482	34.585	34.548	
19617	1509.9	34.482	34.585	34.549	
19618	1510.	34.482	34.585	34.549	
19619	1510.	34.482	34.585	34.549	
19620	1510.	34.482	34.585	34.549	
19621	1510.	34.482	34.585	34.549	
19622	1510.1	34.483	34.586	34.549	
19623	1510.2	34.483	34.586	34.549	
19624	1510.3	34.483	34.586	34.549	
19625	1510.4	34.483	34.586	34.549	
19626	1510.5	34.483	34.586	34.55	
19627	1510.6	34.483	34.586	34.55	
19628	1510.7	34.484	34.586	34.55	
19629	1510.8	34.484	34.587	34.55	
19630	1510.9	34.484	34.587	34.55	
19631	1511.	34.484	34.587	34.55	
19632	1511.	34.484	34.587	34.55	
19633	1511.	34.484	34.587	34.55	
19634	1511.	34.484	34.587	34.55	
19635	1511.1	34.484	34.587	34.551	
19636	1511.2	34.484	34.587	34.551	
19637	1511.3	34.484	34.587	34.551	
19638	1511.4	34.485	34.588	34.551	
19639	1511.5	34.485	34.588	34.551	
19640	1511.6	34.485	34.588	34.551	
19641	1511.7	34.485	34.588	34.551	
19642	1511.8	34.485	34.588	34.552	
19643	1511.9	34.485	34.588	34.552	
19644	1512.	34.486	34.588	34.552	
19645	1512.	34.486	34.588	34.552	
19646	1512.	34.486	34.588	34.552	
19647	1512.	34.486	34.589	34.552	
19648	1512.1	34.486	34.589	34.552	
19649	1512.2	34.486	34.589	34.552	
19650	1512.3	34.486	34.589	34.552	
19651	1512.4	34.486	34.589	34.553	
19652	1512.5	34.486	34.589	34.553	
19653	1512.6	34.486	34.589	34.553	
19654	1512.7	34.487	34.59	34.553	
19655	1512.8	34.487	34.59	34.553	
19656	1512.9	34.487	34.59	34.553	
19657	1513.	34.487	34.59	34.553	
19658	1513.	34.487	34.59	34.553	
19659	1513.	34.487	34.59	34.553	
19660	1513.	34.487	34.59	34.553	
19661	1513.1	34.487	34.59	34.554	
19662	1513.2	34.487	34.59	34.554	
19663	1513.3	34.488	34.591	34.554	
19664	1513.4	34.488	34.591	34.554	
19665	1513.5	34.488	34.591	34.554	
19666	1513.6	34.488	34.591	34.554	
19667	1513.7	34.488	34.591	34.555	
19668	1513.8	34.488	34.591	34.555	
19669	1513.9	34.489	34.591	34.555	
19670	1514.	34.489	34.592	34.555	
19671	1514.	34.489	34.592	34.555	
19672	1514.	34.489	34.592	34.555	
19673	1514.	34.489	34.592	34.555	
19674	1514.1	34.489	34.592	34.555	
19675	1514.2	34.489	34.592	34.555	
19676	1514.3	34.489	34.592	34.556	
19677	1514.4	34.489	34.592	34.556	
19678	1514.5	34.489	34.592	34.556	
19679	1514.6	34.49	34.593	34.556	
19680	1514.7	34.49	34.593	34.556	
19681	1514.8	34.49	34.593	34.556	
19682	1514.9	34.49	34.593	34.556	
19683	1515.	34.49	34.593	34.557	
19684	1515.	34.49	34.593	34.557	
19685	1515.	34.49	34.593	34.557	
19686	1515.	34.49	34.593	34.557	
19687	1515.1	34.49	34.593	34.557	
19688	1515.2	34.491	34.593	34.557	
19689	1515.3	34.491	34.594	34.557	
19690	1515.4	34.491	34.594	34.557	
19691	1515.5	34.491	34.594	34.557	
19692	1515.6	34.491	34.594	34.558	
19693	1515.7	34.491	34.594	34.558	
19694	1515.8	34.491	34.594	34.558	
19695	1515.9	34.492	34.595	34.558	
19696	1516.	34.492	34.595	34.558	
19697	1516.	34.492	34.595	34.558	
19698	1516.	34.492	34.595	34.558	
19699	1516.	34.492	34.595	34.558	
19700	1516.1	34.492	34.595	34.558	
19701	1516.2	34.492	34.595	34.558	
19702	1516.3	34.492	34.595	34.559	
19703	1516.4	34.492	34.595	34.559	
19704	1516.5	34.493	34.596	34.559	
19705	1516.6	34.493	34.596	34.559	
19706	1516.7	34.493	34.596	34.559	
19707	1516.8	34.493	34.596	34.559	
19708	1516.9	34.493	34.596	34.56	
19709	1517.	34.493	34.596	34.56	
19710	1517.	34.493	34.596	34.56	
19711	1517.	34.493	34.596	34.56	
19712	1517.	34.493	34.596	34.56	
19713	1517.1	34.493	34.596	34.56	
19714	1517.2	34.494	34.597	34.56	
19715	1517.3	34.494	34.597	34.56	
19716	1517.4	34.494	34.597	34.56	
19717	1517.5	34.494	34.597	34.561	
19718	1517.6	34.494	34.597	34.561	
19719	1517.7	34.494	34.597	34.561	
19720	1517.8	34.495	34.598	34.561	
19721	1517.9	34.495	34.598	34.561	
19722	1518.	34.495	34.598	34.561	
19723	1518.	34.495	34.598	34.561	
19724	1518.	34.495	34.598	34.561	
19725	1518.	34.495	34.598	34.561	
19726	1518.1	34.495	34.598	34.561	
19727	1518.2	34.495	34.598	34.562	
19728	1518.3	34.495	34.598	34.562	
19729	1518.4	34.496	34.599	34.562	
19730	1518.5	34.496	34.599	34.562	
19731	1518.6	34.496	34.599	34.562	
19732	1518.7	34.496	34.599	34.562	
19733	1518.8	34.496	34.599	34.563	
19734	1518.9	34.496	34.599	34.563	
19735	1519.	34.496	34.599	34.563	
19736	1519.	34.496	34.599	34.563	
19737	1519.	34.496	34.599	34.563	
19738	1519.	34.496	34.599	34.563	
19739	1519.1	34.497	34.6	34.563	
19740	1519.2	34.497	34.6	34.563	
19741	1519.3	34.497	34.6	34.563	
19742	1519.4	34.497	34.6	34.563	
19743	1519.5	34.497	34.6	34.564	
19744	1519.6	34.497	34.6	34.564	
19745	1519.7	34.498	34.601	34.564	
19746	1519.8	34.498	34.601	34.564	
19747	1519.9	34.498	34.601	34.564	
19748	1520.	34.498	34.601	34.564	
19749	1520.	34.498	34.601	34.564	
19750	1520.	34.498	34.601	34.564	
19751	1520.	34.498	34.601	34.564	
19752	1520.1	34.498	34.601	34.565	
19753	1520.2	34.498	34.601	34.565	
19754	1520.3	34.498	34.601	34.565	
19755	1520.4	34.499	34.602	34.565	
19756	1520.5	34.499	34.602	34.565	
19757	1520.6	34.499	34.602	34.565	
19758	1520.7	34.499	34.602	34.566	
19759	1520.8	34.499	34.602	34.566	
19760	1520.9	34.499	34.602	34.566	
19761	1521.	34.499	34.603	34.566	
19762	1521.	34.5	34.603	34.566	
19763	1521.	34.5	34.603	34.566	
19764	1521.	34.5	34.603	34.566	
19765	1521.1	34.5	34.603	34.566	
19766	1521.2	34.5	34.603	34.566	
19767	1521.3	34.5	34.603	34.566	
19768	1521.4	34.5	34.603	34.567	
19769	1521.5	34.5	34.603	34.567	
19770	1521.6	34.5	34.604	34.567	
19771	1521.7	34.501	34.604	34.567	
19772	1521.8	34.501	34.604	34.567	
19773	1521.9	34.501	34.604	34.567	
19774	1522.	34.501	34.604	34.567	
19775	1522.	34.501	34.604	34.567	
19776	1522.	34.501	34.604	34.568	
19777	1522.	34.501	34.604	34.568	
19778	1522.1	34.501	34.604	34.568	
19779	1522.2	34.501	34.604	34.568	
19780	1522.3	34.502	34.605	34.568	
19781	1522.4	34.502	34.605	34.568	
19782	1522.5	34.502	34.605	34.568	
19783	1522.6	34.502	34.605	34.568	
19784	1522.7	34.502	34.605	34.569	
19785	1522.8	34.502	34.605	34.569	
19786	1522.9	34.503	34.606	34.569	
19787	1523.	34.503	34.606	34.569	
19788	1523.	34.503	34.606	34.569	
19789	1523.	34.503	34.606	34.569	
19790	1523.	34.503	34.606	34.569	
19791	1523.1	34.503	34.606	34.569	
19792	1523.2	34.503	34.606	34.569	
19793	1523.3	34.503	34.606	34.57	
19794	1523.4	34.503	34.606	34.57	
19795	1523.5	34.503	34.606	34.57	
19796	1523.6	34.504	34.607	34.57	
19797	1523.7	34.504	34.607	34.57	
19798	1523.8	34.504	34.607	34.57	
19799	1523.9	34.504	34.607	34.571	
19800	1524.	34.504	34.607	34.571	
19801	1524.	34.504	34.607	34.571	
19802	1524.	34.504	34.607	34.571	
19803	1524.	34.504	34.607	34.571	
19804	1524.1	34.504	34.607	34.571	
19805	1524.2	34.505	34.608	34.571	
19806	1524.3	34.505	34.608	34.571	
19807	1524.4	34.505	34.608	34.571	
19808	1524.5	34.505	34.608	34.571	
19809	1524.6	34.505	34.608	34.572	
19810	1524.7	34.505	34.608	34.572	
19811	1524.8	34.505	34.609	34.572	
19812	1524.9	34.506	34.609	34.572	
19813	1525.	34.506	34.609	34.572	
19814	1525.	34.506	34.609	34.572	
19815	1525.	34.506	34.609	34.572	
19816	1525.	34.506	34.609	34.572	
19817	1525.1	34.506	34.609	34.572	
19818	1525.2	34.506	34.609	34.573	
19819	1525.3	34.506	34.609	34.573	
19820	1525.4	34.506	34.609	34.573	
19821	1525.5	34.507	34.61	34.573	
19822	1525.6	34.507	34.61	34.573	
19823	1525.7	34.507	34.61	34.573	
19824	1525.8	34.507	34.61	34.573	
19825	1525.9	34.507	34.61	34.574	
19826	1526.	34.507	34.61	34.574	
19827	1526.	34.507	34.61	34.574	
19828	1526.	34.507	34.61	34.574	
19829	1526.	34.507	34.61	34.574	
19830	1526.1	34.507	34.611	34.574	
19831	1526.2	34.508	34.611	34.574	
19832	1526.3	34.508	34.611	34.574	
19833	1526.4	34.508	34.611	34.574	
19834	1526.5	34.508	34.611	34.575	
19835	1526.6	34.508	34.611	34.575	
19836	1526.7	34.508	34.612	34.575	
19837	1526.8	34.509	34.612	34.575	
19838	1526.9	34.509	34.612	34.575	
19839	1527.	34.509	34.612	34.575	
19840	1527.	34.509	34.612	34.575	
19841	1527.	34.509	34.612	34.575	
19842	1527.	34.509	34.612	34.575	
19843	1527.1	34.509	34.612	34.576	
19844	1527.2	34.509	34.612	34.576	
19845	1527.3	34.509	34.612	34.576	
19846	1527.4	34.509	34.613	34.576	
19847	1527.5	34.51	34.613	34.576	
19848	1527.6	34.51	34.613	34.576	
19849	1527.7	34.51	34.613	34.576	
19850	1527.8	34.51	34.613	34.577	
19851	1527.9	34.51	34.613	34.577	
19852	1528.	34.51	34.613	34.577	
19853	1528.	34.51	34.614	34.577	
19854	1528.	34.51	34.614	34.577	
19855	1528.	34.51	34.614	34.577	
19856	1528.1	34.511	34.614	34.577	
19857	1528.2	34.511	34.614	34.577	
19858	1528.3	34.511	34.614	34.577	
19859	1528.4	34.511	34.614	34.578	
19860	1528.5	34.511	34.614	34.578	
19861	1528.6	34.511	34.614	34.578	
19862	1528.7	34.512	34.615	34.578	
19863	1528.8	34.512	34.615	34.578	
19864	1528.9	34.512	34.615	34.578	
19865	1529.	34.512	34.615	34.578	
19866	1529.	34.512	34.615	34.578	
19867	1529.	34.512	34.615	34.578	
19868	1529.	34.512	34.615	34.578	
19869	1529.1	34.512	34.615	34.579	
19870	1529.2	34.512	34.615	34.579	
19871	1529.3	34.512	34.616	34.579	
19872	1529.4	34.513	34.616	34.579	
19873	1529.5	34.513	34.616	34.579	
19874	1529.6	34.513	34.616	34.579	
19875	1529.7	34.513	34.616	34.58	
19876	1529.8	34.513	34.616	34.58	
19877	1529.9	34.513	34.617	34.58	
19878	1530.	34.513	34.617	34.58	
19879	1530.	34.513	34.617	34.58	
19880	1530.	34.514	34.617	34.58	
19881	1530.	34.514	34.617	34.58	
19882	1530.1	34.514	34.617	34.58	
19883	1530.2	34.514	34.617	34.58	
19884	1530.3	34.514	34.617	34.581	
19885	1530.4	34.514	34.617	34.581	
19886	1530.5	34.514	34.617	34.581	
19887	1530.6	34.514	34.618	34.581	
19888	1530.7	34.515	34.618	34.581	
19889	1530.8	34.515	34.618	34.581	
19890	1530.9	34.515	34.618	34.581	
19891	1531.	34.515	34.618	34.582	
19892	1531.	34.515	34.618	34.582	
19893	1531.	34.515	34.618	34.582	
19894	1531.	34.515	34.618	34.582	
19895	1531.1	34.515	34.618	34.582	
19896	1531.2	34.515	34.619	34.582	
19897	1531.3	34.516	34.619	34.582	
19898	1531.4	34.516	34.619	34.582	
19899	1531.5	34.516	34.619	34.582	
19900	1531.6	34.516	34.619	34.583	
19901	1531.7	34.516	34.619	34.583	
19902	1531.8	34.516	34.62	34.583	
19903	1531.9	34.516	34.62	34.583	
19904	1532.	34.517	34.62	34.583	
19905	1532.	34.517	34.62	34.583	
19906	1532.	34.517	34.62	34.583	
19907	1532.	34.517	34.62	34.583	
19908	1532.1	34.517	34.62	34.583	
19909	1532.2	34.517	34.62	34.583	
19910	1532.3	34.517	34.62	34.584	
19911	1532.4	34.517	34.62	34.584	
19912	1532.5	34.517	34.621	34.584	
19913	1532.6	34.518	34.621	34.584	
19914	1532.7	34.518	34.621	34.584	
19915	1532.8	34.518	34.621	34.584	
19916	1532.9	34.518	34.621	34.585	
19917	1533.	34.518	34.621	34.585	
19918	1533.	34.518	34.621	34.585	
19919	1533.	34.518	34.621	34.585	
19920	1533.	34.518	34.621	34.585	
19921	1533.1	34.518	34.622	34.585	
19922	1533.2	34.519	34.622	34.585	
19923	1533.3	34.519	34.622	34.585	
19924	1533.4	34.519	34.622	34.585	
19925	1533.5	34.519	34.622	34.586	
19926	1533.6	34.519	34.622	34.586	
19927	1533.7	34.519	34.622	34.586	
19928	1533.8	34.519	34.623	34.586	
19929	1533.9	34.52	34.623	34.586	
19930	1534.	34.52	34.623	34.586	
19931	1534.	34.52	34.623	34.586	
19932	1534.	34.52	34.623	34.586	
19933	1534.	34.52	34.623	34.586	
19934	1534.1	34.52	34.623	34.586	
19935	1534.2	34.52	34.623	34.587	
19936	1534.3	34.52	34.623	34.587	
19937	1534.4	34.52	34.624	34.587	
19938	1534.5	34.521	34.624	34.587	
19939	1534.6	34.521	34.624	34.587	
19940	1534.7	34.521	34.624	34.587	
19941	1534.8	34.521	34.624	34.588	
19942	1534.9	34.521	34.624	34.588	
19943	1535.	34.521	34.624	34.588	
19944	1535.	34.521	34.624	34.588	
19945	1535.	34.521	34.624	34.588	
19946	1535.	34.521	34.625	34.588	
19947	1535.1	34.521	34.625	34.588	
19948	1535.2	34.522	34.625	34.588	
19949	1535.3	34.522	34.625	34.588	
19950	1535.4	34.522	34.625	34.588	
19951	1535.5	34.522	34.625	34.589	
19952	1535.6	34.522	34.625	34.589	
19953	1535.7	34.522	34.626	34.589	
19954	1535.8	34.523	34.626	34.589	
19955	1535.9	34.523	34.626	34.589	
19956	1536.	34.523	34.626	34.589	
19957	1536.	34.523	34.626	34.589	
19958	1536.	34.523	34.626	34.589	
19959	1536.	34.523	34.626	34.589	
19960	1536.1	34.523	34.626	34.59	
19961	1536.2	34.523	34.626	34.59	
19962	1536.3	34.523	34.627	34.59	
19963	1536.4	34.523	34.627	34.59	
19964	1536.5	34.524	34.627	34.59	
19965	1536.6	34.524	34.627	34.59	
19966	1536.7	34.524	34.627	34.591	
19967	1536.8	34.524	34.627	34.591	
19968	1536.9	34.524	34.627	34.591	
19969	1537.	34.524	34.628	34.591	
19970	1537.	34.524	34.628	34.591	
19971	1537.	34.524	34.628	34.591	
19972	1537.	34.524	34.628	34.591	
19973	1537.1	34.525	34.628	34.591	
19974	1537.2	34.525	34.628	34.591	
19975	1537.3	34.525	34.628	34.591	
19976	1537.4	34.525	34.628	34.592	
19977	1537.5	34.525	34.628	34.592	
19978	1537.6	34.525	34.629	34.592	
19979	1537.7	34.526	34.629	34.592	
19980	1537.8	34.526	34.629	34.592	
19981	1537.9	34.526	34.629	34.592	
19982	1538.	34.526	34.629	34.592	
19983	1538.	34.526	34.629	34.592	
19984	1538.	34.526	34.629	34.593	
19985	1538.	34.526	34.629	34.593	
19986	1538.1	34.526	34.629	34.593	
19987	1538.2	34.526	34.63	34.593	
19988	1538.3	34.526	34.63	34.593	
19989	1538.4	34.527	34.63	34.593	
19990	1538.5	34.527	34.63	34.593	
19991	1538.6	34.527	34.63	34.593	
19992	1538.7	34.527	34.63	34.594	
19993	1538.8	34.527	34.63	34.594	
19994	1538.9	34.527	34.631	34.594	
19995	1539.	34.527	34.631	34.594	
19996	1539.	34.527	34.631	34.594	
19997	1539.	34.527	34.631	34.594	
19998	1539.	34.528	34.631	34.594	
19999	1539.1	34.528	34.631	34.594	
20000	1539.2	34.528	34.631	34.594	
20001	1539.3	34.528	34.631	34.595	
20002	1539.4	34.528	34.631	34.595	
20003	1539.5	34.528	34.632	34.595	
20004	1539.6	34.528	34.632	34.595	
20005	1539.7	34.529	34.632	34.595	
20006	1539.8	34.529	34.632	34.595	
20007	1539.9	34.529	34.632	34.596	
20008	1540.	34.529	34.632	34.596	
20009	1540.	34.529	34.632	34.596	
20010	1540.	34.529	34.632	34.596	
20011	1540.	34.529	34.632	34.596	
20012	1540.1	34.529	34.633	34.596	
20013	1540.2	34.529	34.633	34.596	
20014	1540.3	34.53	34.633	34.596	
20015	1540.4	34.53	34.633	34.596	
20016	1540.5	34.53	34.633	34.596	
20017	1540.6	34.53	34.633	34.597	
20018	1540.7	34.53	34.633	34.597	
20019	1540.8	34.53	34.634	34.597	
20020	1540.9	34.53	34.634	34.597	
20021	1541.	34.531	34.634	34.597	
20022	1541.	34.531	34.634	34.597	
20023	1541.	34.531	34.634	34.597	
20024	1541.	34.531	34.634	34.597	
20025	1541.1	34.531	34.634	34.597	
20026	1541.2	34.531	34.634	34.598	
20027	1541.3	34.531	34.634	34.598	
20028	1541.4	34.531	34.635	34.598	
20029	1541.5	34.531	34.635	34.598	
20030	1541.6	34.532	34.635	34.598	
20031	1541.7	34.532	34.635	34.598	
20032	1541.8	34.532	34.635	34.598	
20033	1541.9	34.532	34.635	34.599	
20034	1542.	34.532	34.635	34.599	
20035	1542.	34.532	34.635	34.599	
20036	1542.	34.532	34.635	34.599	
20037	1542.	34.532	34.636	34.599	
20038	1542.1	34.532	34.636	34.599	
20039	1542.2	34.533	34.636	34.599	
20040	1542.3	34.533	34.636	34.599	
20041	1542.4	34.533	34.636	34.599	
20042	1542.5	34.533	34.636	34.6	
20043	1542.6	34.533	34.636	34.6	
20044	1542.7	34.533	34.637	34.6	
20045	1542.8	34.533	34.637	34.6	
20046	1542.9	34.534	34.637	34.6	
20047	1543.	34.534	34.637	34.6	
20048	1543.	34.534	34.637	34.6	
20049	1543.	34.534	34.637	34.6	
20050	1543.	34.534	34.637	34.6	
20051	1543.1	34.534	34.637	34.601	
20052	1543.2	34.534	34.637	34.601	
20053	1543.3	34.534	34.638	34.601	
20054	1543.4	34.534	34.638	34.601	
20055	1543.5	34.535	34.638	34.601	
20056	1543.6	34.535	34.638	34.601	
20057	1543.7	34.535	34.638	34.601	
20058	1543.8	34.535	34.638	34.602	
20059	1543.9	34.535	34.638	34.602	
20060	1544.	34.535	34.639	34.602	
20061	1544.	34.535	34.639	34.602	
20062	1544.	34.535	34.639	34.602	
20063	1544.	34.535	34.639	34.602	
20064	1544.1	34.535	34.639	34.602	
20065	1544.2	34.536	34.639	34.602	
20066	1544.3	34.536	34.639	34.602	
20067	1544.4	34.536	34.639	34.603	
20068	1544.5	34.536	34.639	34.603	
20069	1544.6	34.536	34.64	34.603	
20070	1544.7	34.536	34.64	34.603	
20071	1544.8	34.537	34.64	34.603	
20072	1544.9	34.537	34.64	34.603	
20073	1545.	34.537	34.64	34.603	
20074	1545.	34.537	34.64	34.603	
20075	1545.	34.537	34.64	34.603	
20076	1545.	34.537	34.64	34.603	
20077	1545.1	34.537	34.64	34.604	
20078	1545.2	34.537	34.64	34.604	
20079	1545.3	34.537	34.641	34.604	
20080	1545.4	34.537	34.641	34.604	
20081	1545.5	34.538	34.641	34.604	
20082	1545.6	34.538	34.641	34.604	
20083	1545.7	34.538	34.641	34.605	
20084	1545.8	34.538	34.641	34.605	
20085	1545.9	34.538	34.642	34.605	
20086	1546.	34.538	34.642	34.605	
20087	1546.	34.538	34.642	34.605	
20088	1546.	34.538	34.642	34.605	
20089	1546.	34.538	34.642	34.605	
20090	1546.1	34.539	34.642	34.605	
20091	1546.2	34.539	34.642	34.605	
20092	1546.3	34.539	34.642	34.606	
20093	1546.4	34.539	34.642	34.606	
20094	1546.5	34.539	34.643	34.606	
20095	1546.6	34.539	34.643	34.606	
20096	1546.7	34.539	34.643	34.606	
20097	1546.8	34.54	34.643	34.606	
20098	1546.9	34.54	34.643	34.606	
20099	1547.	34.54	34.643	34.607	
20100	1547.	34.54	34.643	34.607	
20101	1547.	34.54	34.643	34.607	
20102	1547.	34.54	34.643	34.607	
20103	1547.1	34.54	34.643	34.607	
20104	1547.2	34.54	34.644	34.607	
20105	1547.3	34.54	34.644	34.607	
20106	1547.4	34.541	34.644	34.607	
20107	1547.5	34.541	34.644	34.607	
20108	1547.6	34.541	34.644	34.608	
20109	1547.7	34.541	34.644	34.608	
20110	1547.8	34.541	34.645	34.608	
20111	1547.9	34.541	34.645	34.608	
20112	1548.	34.541	34.645	34.608	
20113	1548.	34.541	34.645	34.608	
20114	1548.	34.541	34.645	34.608	
20115	1548.	34.542	34.645	34.608	
20116	1548.1	34.542	34.645	34.608	
20117	1548.2	34.542	34.645	34.608	
20118	1548.3	34.542	34.645	34.609	
20119	1548.4	34.542	34.646	34.609	
20120	1548.5	34.542	34.646	34.609	
20121	1548.6	34.542	34.646	34.609	
20122	1548.7	34.543	34.646	34.609	
20123	1548.8	34.543	34.646	34.609	
20124	1548.9	34.543	34.646	34.61	
20125	1549.	34.543	34.646	34.61	
20126	1549.	34.543	34.646	34.61	
20127	1549.	34.543	34.646	34.61	
20128	1549.	34.543	34.646	34.61	
20129	1549.1	34.543	34.647	34.61	
20130	1549.2	34.543	34.647	34.61	
20131	1549.3	34.544	34.647	34.61	
20132	1549.4	34.544	34.647	34.61	
20133	1549.5	34.544	34.647	34.611	
20134	1549.6	34.544	34.647	34.611	
20135	1549.7	34.544	34.648	34.611	
20136	1549.8	34.544	34.648	34.611	
20137	1549.9	34.544	34.648	34.611	
20138	1550.	34.545	34.648	34.611	
20139	1550.	34.545	34.648	34.611	
20140	1550.	34.545	34.648	34.611	
20141	1550.	34.545	34.648	34.611	
20142	1550.1	34.545	34.648	34.611	
20143	1550.2	34.545	34.648	34.612	
20144	1550.3	34.545	34.648	34.612	
20145	1550.4	34.545	34.649	34.612	
20146	1550.5	34.545	34.649	34.612	
20147	1550.6	34.546	34.649	34.612	
20148	1550.7	34.546	34.649	34.612	
20149	1550.8	34.546	34.649	34.613	
20150	1550.9	34.546	34.649	34.613	
20151	1551.	34.546	34.65	34.613	
20152	1551.	34.546	34.65	34.613	
20153	1551.	34.546	34.65	34.613	
20154	1551.	34.546	34.65	34.613	
20155	1551.1	34.546	34.65	34.613	
20156	1551.2	34.546	34.65	34.613	
20157	1551.3	34.547	34.65	34.613	
20158	1551.4	34.547	34.65	34.613	
20159	1551.5	34.547	34.65	34.614	
20160	1551.6	34.547	34.651	34.614	
20161	1551.7	34.547	34.651	34.614	
20162	1551.8	34.547	34.651	34.614	
20163	1551.9	34.548	34.651	34.614	
20164	1552.	34.548	34.651	34.614	
20165	1552.	34.548	34.651	34.614	
20166	1552.	34.548	34.651	34.614	
20167	1552.	34.548	34.651	34.614	
20168	1552.1	34.548	34.651	34.615	
20169	1552.2	34.548	34.651	34.615	
20170	1552.3	34.548	34.652	34.615	
20171	1552.4	34.548	34.652	34.615	
20172	1552.5	34.549	34.652	34.615	
20173	1552.6	34.549	34.652	34.615	
20174	1552.7	34.549	34.652	34.616	
20175	1552.8	34.549	34.652	34.616	
20176	1552.9	34.549	34.653	34.616	
20177	1553.	34.549	34.653	34.616	
20178	1553.	34.549	34.653	34.616	
20179	1553.	34.549	34.653	34.616	
20180	1553.	34.549	34.653	34.616	
20181	1553.1	34.549	34.653	34.616	
20182	1553.2	34.55	34.653	34.616	
20183	1553.3	34.55	34.653	34.616	
20184	1553.4	34.55	34.653	34.617	
20185	1553.5	34.55	34.654	34.617	
20186	1553.6	34.55	34.654	34.617	
20187	1553.7	34.55	34.654	34.617	
20188	1553.8	34.551	34.654	34.617	
20189	1553.9	34.551	34.654	34.617	
20190	1554.	34.551	34.654	34.617	
20191	1554.	34.551	34.654	34.617	
20192	1554.	34.551	34.654	34.618	
20193	1554.	34.551	34.654	34.618	
20194	1554.1	34.551	34.654	34.618	
20195	1554.2	34.551	34.655	34.618	
20196	1554.3	34.551	34.655	34.618	
20197	1554.4	34.551	34.655	34.618	
20198	1554.5	34.552	34.655	34.618	
20199	1554.6	34.552	34.655	34.618	
20200	1554.7	34.552	34.655	34.619	
20201	1554.8	34.552	34.656	34.619	
20202	1554.9	34.552	34.656	34.619	
20203	1555.	34.552	34.656	34.619	
20204	1555.	34.552	34.656	34.619	
20205	1555.	34.552	34.656	34.619	
20206	1555.	34.552	34.656	34.619	
20207	1555.1	34.553	34.656	34.619	
20208	1555.2	34.553	34.656	34.619	
20209	1555.3	34.553	34.656	34.62	
20210	1555.4	34.553	34.656	34.62	
20211	1555.5	34.553	34.657	34.62	
20212	1555.6	34.553	34.657	34.62	
20213	1555.7	34.553	34.657	34.62	
20214	1555.8	34.554	34.657	34.62	
20215	1555.9	34.554	34.657	34.621	
20216	1556.	34.554	34.657	34.621	
20217	1556.	34.554	34.657	34.621	
20218	1556.	34.554	34.657	34.621	
20219	1556.	34.554	34.657	34.621	
20220	1556.1	34.554	34.658	34.621	
20221	1556.2	34.554	34.658	34.621	
20222	1556.3	34.554	34.658	34.621	
20223	1556.4	34.555	34.658	34.621	
20224	1556.5	34.555	34.658	34.621	
20225	1556.6	34.555	34.658	34.622	
20226	1556.7	34.555	34.659	34.622	
20227	1556.8	34.555	34.659	34.622	
20228	1556.9	34.555	34.659	34.622	
20229	1557.	34.555	34.659	34.622	
20230	1557.	34.555	34.659	34.622	
20231	1557.	34.555	34.659	34.622	
20232	1557.	34.556	34.659	34.622	
20233	1557.1	34.556	34.659	34.622	
20234	1557.2	34.556	34.659	34.623	
20235	1557.3	34.556	34.659	34.623	
20236	1557.4	34.556	34.66	34.623	
20237	1557.5	34.556	34.66	34.623	
20238	1557.6	34.556	34.66	34.623	
20239	1557.7	34.557	34.66	34.623	
20240	1557.8	34.557	34.66	34.623	
20241	1557.9	34.557	34.66	34.624	
20242	1558.	34.557	34.66	34.624	
20243	1558.	34.557	34.661	34.624	
20244	1558.	34.557	34.661	34.624	
20245	1558.	34.557	34.661	34.624	
20246	1558.1	34.557	34.661	34.624	
20247	1558.2	34.557	34.661	34.624	
20248	1558.3	34.558	34.661	34.624	
20249	1558.4	34.558	34.661	34.624	
20250	1558.5	34.558	34.661	34.625	
20251	1558.6	34.558	34.662	34.625	
20252	1558.7	34.558	34.662	34.625	
20253	1558.8	34.558	34.662	34.625	
20254	1558.9	34.558	34.662	34.625	
20255	1559.	34.559	34.662	34.625	
20256	1559.	34.559	34.662	34.625	
20257	1559.	34.559	34.662	34.625	
20258	1559.	34.559	34.662	34.625	
20259	1559.1	34.559	34.662	34.626	
20260	1559.2	34.559	34.662	34.626	
20261	1559.3	34.559	34.663	34.626	
20262	1559.4	34.559	34.663	34.626	
20263	1559.5	34.559	34.663	34.626	
20264	1559.6	34.56	34.663	34.626	
20265	1559.7	34.56	34.663	34.626	
20266	1559.8	34.56	34.663	34.627	
20267	1559.9	34.56	34.664	34.627	
20268	1560.	34.56	34.664	34.627	
20269	1560.	34.56	34.664	34.627	
20270	1560.	34.56	34.664	34.627	
20271	1560.	34.56	34.664	34.627	
20272	1560.1	34.56	34.664	34.627	
20273	1560.2	34.56	34.664	34.627	
20274	1560.3	34.561	34.664	34.627	
20275	1560.4	34.561	34.664	34.628	
20276	1560.5	34.561	34.664	34.628	
20277	1560.6	34.561	34.665	34.628	
20278	1560.7	34.561	34.665	34.628	
20279	1560.8	34.561	34.665	34.628	
20280	1560.9	34.562	34.665	34.628	
20281	1561.	34.562	34.665	34.628	
20282	1561.	34.562	34.665	34.628	
20283	1561.	34.562	34.665	34.628	
20284	1561.	34.562	34.665	34.628	
20285	1561.1	34.562	34.665	34.629	
20286	1561.2	34.562	34.666	34.629	
20287	1561.3	34.562	34.666	34.629	
20288	1561.4	34.562	34.666	34.629	
20289	1561.5	34.563	34.666	34.629	
20290	1561.6	34.563	34.666	34.629	
20291	1561.7	34.563	34.666	34.63	
20292	1561.8	34.563	34.667	34.63	
20293	1561.9	34.563	34.667	34.63	
20294	1562.	34.563	34.667	34.63	
20295	1562.	34.563	34.667	34.63	
20296	1562.	34.563	34.667	34.63	
20297	1562.	34.563	34.667	34.63	
20298	1562.1	34.563	34.667	34.63	
20299	1562.2	34.564	34.667	34.63	
20300	1562.3	34.564	34.667	34.631	
20301	1562.4	34.564	34.667	34.631	
20302	1562.5	34.564	34.668	34.631	
20303	1562.6	34.564	34.668	34.631	
20304	1562.7	34.564	34.668	34.631	
20305	1562.8	34.565	34.668	34.631	
20306	1562.9	34.565	34.668	34.631	
20307	1563.	34.565	34.668	34.632	
20308	1563.	34.565	34.668	34.632	
20309	1563.	34.565	34.668	34.632	
20310	1563.	34.565	34.668	34.632	
20311	1563.1	34.565	34.669	34.632	
20312	1563.2	34.565	34.669	34.632	
20313	1563.3	34.565	34.669	34.632	
20314	1563.4	34.565	34.669	34.632	
20315	1563.5	34.566	34.669	34.632	
20316	1563.6	34.566	34.669	34.633	
20317	1563.7	34.566	34.669	34.633	
20318	1563.8	34.566	34.67	34.633	
20319	1563.9	34.566	34.67	34.633	
20320	1564.	34.566	34.67	34.633	
20321	1564.	34.566	34.67	34.633	
20322	1564.	34.566	34.67	34.633	
20323	1564.	34.566	34.67	34.633	
20324	1564.1	34.567	34.67	34.633	
20325	1564.2	34.567	34.67	34.633	
20326	1564.3	34.567	34.67	34.634	
20327	1564.4	34.567	34.671	34.634	
20328	1564.5	34.567	34.671	34.634	
20329	1564.6	34.567	34.671	34.634	
20330	1564.7	34.567	34.671	34.634	
20331	1564.8	34.568	34.671	34.634	
20332	1564.9	34.568	34.671	34.635	
20333	1565.	34.568	34.671	34.635	
20334	1565.	34.568	34.671	34.635	
20335	1565.	34.568	34.672	34.635	
20336	1565.	34.568	34.672	34.635	
20337	1565.1	34.568	34.672	34.635	
20338	1565.2	34.568	34.672	34.635	
20339	1565.3	34.568	34.672	34.635	
20340	1565.4	34.569	34.672	34.635	
20341	1565.5	34.569	34.672	34.636	
20342	1565.6	34.569	34.672	34.636	
20343	1565.7	34.569	34.673	34.636	
20344	1565.8	34.569	34.673	34.636	
20345	1565.9	34.569	34.673	34.636	
20346	1566.	34.569	34.673	34.636	
20347	1566.	34.569	34.673	34.636	
20348	1566.	34.569	34.673	34.636	
20349	1566.	34.57	34.673	34.636	
20350	1566.1	34.57	34.673	34.636	
20351	1566.2	34.57	34.673	34.637	
20352	1566.3	34.57	34.674	34.637	
20353	1566.4	34.57	34.674	34.637	
20354	1566.5	34.57	34.674	34.637	
20355	1566.6	34.57	34.674	34.637	
20356	1566.7	34.571	34.674	34.637	
20357	1566.8	34.571	34.674	34.638	
20358	1566.9	34.571	34.675	34.638	
20359	1567.	34.571	34.675	34.638	
20360	1567.	34.571	34.675	34.638	
20361	1567.	34.571	34.675	34.638	
20362	1567.	34.571	34.675	34.638	
20363	1567.1	34.571	34.675	34.638	
20364	1567.2	34.571	34.675	34.638	
20365	1567.3	34.572	34.675	34.638	
20366	1567.4	34.572	34.675	34.638	
20367	1567.5	34.572	34.675	34.639	
20368	1567.6	34.572	34.676	34.639	
20369	1567.7	34.572	34.676	34.639	
20370	1567.8	34.572	34.676	34.639	
20371	1567.9	34.572	34.676	34.639	
20372	1568.	34.573	34.676	34.639	
20373	1568.	34.573	34.676	34.639	
20374	1568.	34.573	34.676	34.639	
20375	1568.	34.573	34.676	34.639	
20376	1568.1	34.573	34.676	34.64	
20377	1568.2	34.573	34.677	34.64	
20378	1568.3	34.573	34.677	34.64	
20379	1568.4	34.573	34.677	34.64	
20380	1568.5	34.573	34.677	34.64	
20381	1568.6	34.574	34.677	34.64	
20382	1568.7	34.574	34.677	34.641	
20383	1568.8	34.574	34.677	34.641	
20384	1568.9	34.574	34.678	34.641	
20385	1569.	34.574	34.678	34.641	
20386	1569.	34.574	34.678	34.641	
20387	1569.	34.574	34.678	34.641	
20388	1569.	34.574	34.678	34.641	
20389	1569.1	34.574	34.678	34.641	
20390	1569.2	34.574	34.678	34.641	
20391	1569.3	34.575	34.678	34.641	
20392	1569.4	34.575	34.678	34.642	
20393	1569.5	34.575	34.679	34.642	
20394	1569.6	34.575	34.679	34.642	
20395	1569.7	34.575	34.679	34.642	
20396	1569.8	34.575	34.679	34.642	
20397	1569.9	34.576	34.679	34.642	
20398	1570.	34.576	34.679	34.642	
20399	1570.	34.576	34.679	34.643	
20400	1570.	34.576	34.679	34.643	
20401	1570.	34.576	34.679	34.643	
20402	1570.1	34.576	34.68	34.643	
20403	1570.2	34.576	34.68	34.643	
20404	1570.3	34.576	34.68	34.643	
20405	1570.4	34.576	34.68	34.643	
20406	1570.5	34.577	34.68	34.643	
20407	1570.6	34.577	34.68	34.643	
20408	1570.7	34.577	34.68	34.644	
20409	1570.8	34.577	34.681	34.644	
20410	1570.9	34.577	34.681	34.644	
20411	1571.	34.577	34.681	34.644	
20412	1571.	34.577	34.681	34.644	
20413	1571.	34.577	34.681	34.644	
20414	1571.	34.577	34.681	34.644	
20415	1571.1	34.577	34.681	34.644	
20416	1571.2	34.578	34.681	34.644	
20417	1571.3	34.578	34.681	34.645	
20418	1571.4	34.578	34.682	34.645	
20419	1571.5	34.578	34.682	34.645	
20420	1571.6	34.578	34.682	34.645	
20421	1571.7	34.578	34.682	34.645	
20422	1571.8	34.579	34.682	34.645	
20423	1571.9	34.579	34.682	34.646	
20424	1572.	34.579	34.682	34.646	
20425	1572.	34.579	34.682	34.646	
20426	1572.	34.579	34.682	34.646	
20427	1572.	34.579	34.683	34.646	
20428	1572.1	34.579	34.683	34.646	
20429	1572.2	34.579	34.683	34.646	
20430	1572.3	34.579	34.683	34.646	
20431	1572.4	34.579	34.683	34.646	
20432	1572.5	34.58	34.683	34.646	
20433	1572.6	34.58	34.683	34.647	
20434	1572.7	34.58	34.684	34.647	
20435	1572.8	34.58	34.684	34.647	
20436	1572.9	34.58	34.684	34.647	
20437	1573.	34.58	34.684	34.647	
20438	1573.	34.58	34.684	34.647	
20439	1573.	34.58	34.684	34.647	
20440	1573.	34.58	34.684	34.647	
20441	1573.1	34.581	34.684	34.647	
20442	1573.2	34.581	34.684	34.648	
20443	1573.3	34.581	34.685	34.648	
20444	1573.4	34.581	34.685	34.648	
20445	1573.5	34.581	34.685	34.648	
20446	1573.6	34.581	34.685	34.648	
20447	1573.7	34.581	34.685	34.648	
20448	1573.8	34.582	34.685	34.648	
20449	1573.9	34.582	34.685	34.649	
20450	1574.	34.582	34.686	34.649	
20451	1574.	34.582	34.686	34.649	
20452	1574.	34.582	34.686	34.649	
20453	1574.	34.582	34.686	34.649	
20454	1574.1	34.582	34.686	34.649	
20455	1574.2	34.582	34.686	34.649	
20456	1574.3	34.582	34.686	34.649	
20457	1574.4	34.583	34.686	34.649	
20458	1574.5	34.583	34.686	34.65	
20459	1574.6	34.583	34.687	34.65	
20460	1574.7	34.583	34.687	34.65	
20461	1574.8	34.583	34.687	34.65	
20462	1574.9	34.583	34.687	34.65	
20463	1575.	34.583	34.687	34.65	
20464	1575.	34.583	34.687	34.65	
20465	1575.	34.583	34.687	34.65	
20466	1575.	34.584	34.687	34.65	
20467	1575.1	34.584	34.687	34.651	
20468	1575.2	34.584	34.688	34.651	
20469	1575.3	34.584	34.688	34.651	
20470	1575.4	34.584	34.688	34.651	
20471	1575.5	34.584	34.688	34.651	
20472	1575.6	34.584	34.688	34.651	
20473	1575.7	34.585	34.688	34.651	
20474	1575.8	34.585	34.688	34.652	
20475	1575.9	34.585	34.689	34.652	
20476	1576.	34.585	34.689	34.652	
20477	1576.	34.585	34.689	34.652	
20478	1576.	34.585	34.689	34.652	
20479	1576.	34.585	34.689	34.652	
20480	1576.1	34.585	34.689	34.652	
20481	1576.2	34.585	34.689	34.652	
20482	1576.3	34.586	34.689	34.652	
20483	1576.4	34.586	34.689	34.653	
20484	1576.5	34.586	34.69	34.653	
20485	1576.6	34.586	34.69	34.653	
20486	1576.7	34.586	34.69	34.653	
20487	1576.8	34.586	34.69	34.653	
20488	1576.9	34.586	34.69	34.653	
20489	1577.	34.587	34.69	34.653	
20490	1577.	34.587	34.69	34.653	
20491	1577.	34.587	34.69	34.653	
20492	1577.	34.587	34.69	34.654	
20493	1577.1	34.587	34.691	34.654	
20494	1577.2	34.587	34.691	34.654	
20495	1577.3	34.587	34.691	34.654	
20496	1577.4	34.587	34.691	34.654	
20497	1577.5	34.587	34.691	34.654	
20498	1577.6	34.588	34.691	34.654	
20499	1577.7	34.588	34.691	34.655	
20500	1577.8	34.588	34.692	34.655	
20501	1577.9	34.588	34.692	34.655	
20502	1578.	34.588	34.692	34.655	
20503	1578.	34.588	34.692	34.655	
20504	1578.	34.588	34.692	34.655	
20505	1578.	34.588	34.692	34.655	
20506	1578.1	34.588	34.692	34.655	
20507	1578.2	34.588	34.692	34.655	
20508	1578.3	34.589	34.692	34.656	
20509	1578.4	34.589	34.693	34.656	
20510	1578.5	34.589	34.693	34.656	
20511	1578.6	34.589	34.693	34.656	
20512	1578.7	34.589	34.693	34.656	
20513	1578.8	34.589	34.693	34.656	
20514	1578.9	34.59	34.693	34.656	
20515	1579.	34.59	34.693	34.657	
20516	1579.	34.59	34.693	34.657	
20517	1579.	34.59	34.693	34.657	
20518	1579.	34.59	34.694	34.657	
20519	1579.1	34.59	34.694	34.657	
20520	1579.2	34.59	34.694	34.657	
20521	1579.3	34.59	34.694	34.657	
20522	1579.4	34.59	34.694	34.657	
20523	1579.5	34.591	34.694	34.657	
20524	1579.6	34.591	34.694	34.658	
20525	1579.7	34.591	34.695	34.658	
20526	1579.8	34.591	34.695	34.658	
20527	1579.9	34.591	34.695	34.658	
20528	1580.	34.591	34.695	34.658	
20529	1580.	34.591	34.695	34.658	
20530	1580.	34.591	34.695	34.658	
20531	1580.	34.591	34.695	34.658	
20532	1580.1	34.591	34.695	34.658	
20533	1580.2	34.592	34.695	34.659	
20534	1580.3	34.592	34.696	34.659	
20535	1580.4	34.592	34.696	34.659	
20536	1580.5	34.592	34.696	34.659	
20537	1580.6	34.592	34.696	34.659	
20538	1580.7	34.592	34.696	34.659	
20539	1580.8	34.593	34.696	34.659	
20540	1580.9	34.593	34.696	34.66	
20541	1581.	34.593	34.697	34.66	
20542	1581.	34.593	34.697	34.66	
20543	1581.	34.593	34.697	34.66	
20544	1581.	34.593	34.697	34.66	
20545	1581.1	34.593	34.697	34.66	
20546	1581.2	34.593	34.697	34.66	
20547	1581.3	34.593	34.697	34.66	
20548	1581.4	34.593	34.697	34.66	
20549	1581.5	34.594	34.697	34.661	
20550	1581.6	34.594	34.698	34.661	
20551	1581.7	34.594	34.698	34.661	
20552	1581.8	34.594	34.698	34.661	
20553	1581.9	34.594	34.698	34.661	
20554	1582.	34.594	34.698	34.661	
20555	1582.	34.594	34.698	34.661	
20556	1582.	34.594	34.698	34.661	
20557	1582.	34.594	34.698	34.661	
20558	1582.1	34.595	34.698	34.661	
20559	1582.2	34.595	34.699	34.662	
20560	1582.3	34.595	34.699	34.662	
20561	1582.4	34.595	34.699	34.662	
20562	1582.5	34.595	34.699	34.662	
20563	1582.6	34.595	34.699	34.662	
20564	1582.7	34.595	34.699	34.662	
20565	1582.8	34.596	34.699	34.663	
20566	1582.9	34.596	34.7	34.663	
20567	1583.	34.596	34.7	34.663	
20568	1583.	34.596	34.7	34.663	
20569	1583.	34.596	34.7	34.663	
20570	1583.	34.596	34.7	34.663	
20571	1583.1	34.596	34.7	34.663	
20572	1583.2	34.596	34.7	34.663	
20573	1583.3	34.596	34.7	34.663	
20574	1583.4	34.597	34.7	34.664	
20575	1583.5	34.597	34.701	34.664	
20576	1583.6	34.597	34.701	34.664	
20577	1583.7	34.597	34.701	34.664	
20578	1583.8	34.597	34.701	34.664	
20579	1583.9	34.597	34.701	34.664	
20580	1584.	34.597	34.701	34.664	
20581	1584.	34.597	34.701	34.664	
20582	1584.	34.597	34.701	34.664	
20583	1584.	34.598	34.701	34.664	
20584	1584.1	34.598	34.701	34.665	
20585	1584.2	34.598	34.702	34.665	
20586	1584.3	34.598	34.702	34.665	
20587	1584.4	34.598	34.702	34.665	
20588	1584.5	34.598	34.702	34.665	
20589	1584.6	34.598	34.702	34.665	
20590	1584.7	34.599	34.702	34.666	
20591	1584.8	34.599	34.703	34.666	
20592	1584.9	34.599	34.703	34.666	
20593	1585.	34.599	34.703	34.666	
20594	1585.	34.599	34.703	34.666	
20595	1585.	34.599	34.703	34.666	
20596	1585.	34.599	34.703	34.666	
20597	1585.1	34.599	34.703	34.666	
20598	1585.2	34.599	34.703	34.666	
20599	1585.3	34.6	34.703	34.666	
20600	1585.4	34.6	34.704	34.667	
20601	1585.5	34.6	34.704	34.667	
20602	1585.6	34.6	34.704	34.667	
20603	1585.7	34.6	34.704	34.667	
20604	1585.8	34.6	34.704	34.667	
20605	1585.9	34.6	34.704	34.667	
20606	1586.	34.601	34.704	34.668	
20607	1586.	34.601	34.704	34.668	
20608	1586.	34.601	34.704	34.668	
20609	1586.	34.601	34.704	34.668	
20610	1586.1	34.601	34.705	34.668	
20611	1586.2	34.601	34.705	34.668	
20612	1586.3	34.601	34.705	34.668	
20613	1586.4	34.601	34.705	34.668	
20614	1586.5	34.601	34.705	34.668	
20615	1586.6	34.602	34.705	34.669	
20616	1586.7	34.602	34.706	34.669	
20617	1586.8	34.602	34.706	34.669	
20618	1586.9	34.602	34.706	34.669	
20619	1587.	34.602	34.706	34.669	
20620	1587.	34.602	34.706	34.669	
20621	1587.	34.602	34.706	34.669	
20622	1587.	34.602	34.706	34.669	
20623	1587.1	34.602	34.706	34.669	
20624	1587.2	34.602	34.706	34.669	
20625	1587.3	34.603	34.707	34.67	
20626	1587.4	34.603	34.707	34.67	
20627	1587.5	34.603	34.707	34.67	
20628	1587.6	34.603	34.707	34.67	
20629	1587.7	34.603	34.707	34.67	
20630	1587.8	34.603	34.707	34.67	
20631	1587.9	34.604	34.707	34.671	
20632	1588.	34.604	34.708	34.671	
20633	1588.	34.604	34.708	34.671	
20634	1588.	34.604	34.708	34.671	
20635	1588.	34.604	34.708	34.671	
20636	1588.1	34.604	34.708	34.671	
20637	1588.2	34.604	34.708	34.671	
20638	1588.3	34.604	34.708	34.671	
20639	1588.4	34.604	34.708	34.671	
20640	1588.5	34.605	34.708	34.671	
20641	1588.6	34.605	34.709	34.672	
20642	1588.7	34.605	34.709	34.672	
20643	1588.8	34.605	34.709	34.672	
20644	1588.9	34.605	34.709	34.672	
20645	1589.	34.605	34.709	34.672	
20646	1589.	34.605	34.709	34.672	
20647	1589.	34.605	34.709	34.672	
20648	1589.	34.605	34.709	34.672	
20649	1589.1	34.605	34.709	34.672	
20650	1589.2	34.606	34.709	34.673	
20651	1589.3	34.606	34.71	34.673	
20652	1589.4	34.606	34.71	34.673	
20653	1589.5	34.606	34.71	34.673	
20654	1589.6	34.606	34.71	34.673	
20655	1589.7	34.606	34.71	34.673	
20656	1589.8	34.607	34.71	34.674	
20657	1589.9	34.607	34.711	34.674	
20658	1590.	34.607	34.711	34.674	
20659	1590.	34.607	34.711	34.674	
20660	1590.	34.607	34.711	34.674	
20661	1590.	34.607	34.711	34.674	
20662	1590.1	34.607	34.711	34.674	
20663	1590.2	34.607	34.711	34.674	
20664	1590.3	34.607	34.711	34.674	
20665	1590.4	34.607	34.711	34.674	
20666	1590.5	34.608	34.712	34.675	
20667	1590.6	34.608	34.712	34.675	
20668	1590.7	34.608	34.712	34.675	
20669	1590.8	34.608	34.712	34.675	
20670	1590.9	34.608	34.712	34.675	
20671	1591.	34.608	34.712	34.675	
20672	1591.	34.608	34.712	34.675	
20673	1591.	34.608	34.712	34.675	
20674	1591.	34.608	34.712	34.675	
20675	1591.1	34.609	34.712	34.676	
20676	1591.2	34.609	34.713	34.676	
20677	1591.3	34.609	34.713	34.676	
20678	1591.4	34.609	34.713	34.676	
20679	1591.5	34.609	34.713	34.676	
20680	1591.6	34.609	34.713	34.676	
20681	1591.7	34.609	34.713	34.676	
20682	1591.8	34.61	34.714	34.677	
20683	1591.9	34.61	34.714	34.677	
20684	1592.	34.61	34.714	34.677	
20685	1592.	34.61	34.714	34.677	
20686	1592.	34.61	34.714	34.677	
20687	1592.	34.61	34.714	34.677	
20688	1592.1	34.61	34.714	34.677	
20689	1592.2	34.61	34.714	34.677	
20690	1592.3	34.61	34.714	34.677	
20691	1592.4	34.611	34.715	34.678	
20692	1592.5	34.611	34.715	34.678	
20693	1592.6	34.611	34.715	34.678	
20694	1592.7	34.611	34.715	34.678	
20695	1592.8	34.611	34.715	34.678	
20696	1592.9	34.611	34.715	34.678	
20697	1593.	34.611	34.715	34.678	
20698	1593.	34.611	34.715	34.678	
20699	1593.	34.611	34.715	34.678	
20700	1593.	34.612	34.715	34.679	
20701	1593.1	34.612	34.716	34.679	
20702	1593.2	34.612	34.716	34.679	
20703	1593.3	34.612	34.716	34.679	
20704	1593.4	34.612	34.716	34.679	
20705	1593.5	34.612	34.716	34.679	
20706	1593.6	34.612	34.716	34.679	
20707	1593.7	34.613	34.717	34.68	
20708	1593.8	34.613	34.717	34.68	
20709	1593.9	34.613	34.717	34.68	
20710	1594.	34.613	34.717	34.68	
20711	1594.	34.613	34.717	34.68	
20712	1594.	34.613	34.717	34.68	
20713	1594.	34.613	34.717	34.68	
20714	1594.1	34.613	34.717	34.68	
20715	1594.2	34.613	34.717	34.68	
20716	1594.3	34.614	34.717	34.681	
20717	1594.4	34.614	34.718	34.681	
20718	1594.5	34.614	34.718	34.681	
20719	1594.6	34.614	34.718	34.681	
20720	1594.7	34.614	34.718	34.681	
20721	1594.8	34.614	34.718	34.681	
20722	1594.9	34.614	34.718	34.681	
20723	1595.	34.615	34.719	34.682	
20724	1595.	34.615	34.719	34.682	
20725	1595.	34.615	34.719	34.682	
20726	1595.	34.615	34.719	34.682	
20727	1595.1	34.615	34.719	34.682	
20728	1595.2	34.615	34.719	34.682	
20729	1595.3	34.615	34.719	34.682	
20730	1595.4	34.615	34.719	34.682	
20731	1595.5	34.615	34.719	34.682	
20732	1595.6	34.616	34.72	34.683	
20733	1595.7	34.616	34.72	34.683	
20734	1595.8	34.616	34.72	34.683	
20735	1595.9	34.616	34.72	34.683	
20736	1596.	34.616	34.72	34.683	
20737	1596.	34.616	34.72	34.683	
20738	1596.	34.616	34.72	34.683	
20739	1596.	34.616	34.72	34.683	
20740	1596.1	34.616	34.72	34.683	
20741	1596.2	34.616	34.72	34.684	
20742	1596.3	34.617	34.721	34.684	
20743	1596.4	34.617	34.721	34.684	
20744	1596.5	34.617	34.721	34.684	
20745	1596.6	34.617	34.721	34.684	
20746	1596.7	34.617	34.721	34.684	
20747	1596.8	34.617	34.721	34.684	
20748	1596.9	34.618	34.722	34.685	
20749	1597.	34.618	34.722	34.685	
20750	1597.	34.618	34.722	34.685	
20751	1597.	34.618	34.722	34.685	
20752	1597.	34.618	34.722	34.685	
20753	1597.1	34.618	34.722	34.685	
20754	1597.2	34.618	34.722	34.685	
20755	1597.3	34.618	34.722	34.685	
20756	1597.4	34.618	34.722	34.685	
20757	1597.5	34.619	34.723	34.686	
20758	1597.6	34.619	34.723	34.686	
20759	1597.7	34.619	34.723	34.686	
20760	1597.8	34.619	34.723	34.686	
20761	1597.9	34.619	34.723	34.686	
20762	1598.	34.619	34.723	34.686	
20763	1598.	34.619	34.723	34.686	
20764	1598.	34.619	34.723	34.686	
20765	1598.	34.619	34.723	34.686	
20766	1598.1	34.619	34.723	34.687	
20767	1598.2	34.62	34.724	34.687	
20768	1598.3	34.62	34.724	34.687	
20769	1598.4	34.62	34.724	34.687	
20770	1598.5	34.62	34.724	34.687	
20771	1598.6	34.62	34.724	34.687	
20772	1598.7	34.62	34.724	34.687	
20773	1598.8	34.621	34.725	34.688	
20774	1598.9	34.621	34.725	34.688	
20775	1599.	34.621	34.725	34.688	
20776	1599.	34.621	34.725	34.688	
20777	1599.	34.621	34.725	34.688	
20778	1599.	34.621	34.725	34.688	
20779	1599.1	34.621	34.725	34.688	
20780	1599.2	34.621	34.725	34.688	
20781	1599.3	34.621	34.725	34.688	
20782	1599.4	34.621	34.725	34.689	
20783	1599.5	34.622	34.726	34.689	
20784	1599.6	34.622	34.726	34.689	
20785	1599.7	34.622	34.726	34.689	
20786	1599.8	34.622	34.726	34.689	
20787	1599.9	34.622	34.726	34.689	
20788	1600.	34.622	34.726	34.689	
20789	1600.	34.622	34.726	34.689	
20790	1600.	34.622	34.726	34.689	
20791	1600.	34.622	34.726	34.689	
20792	1600.1	34.623	34.727	34.69	
20793	1600.2	34.623	34.727	34.69	
20794	1600.3	34.623	34.727	34.69	
20795	1600.4	34.623	34.727	34.69	
20796	1600.5	34.623	34.727	34.69	
20797	1600.6	34.623	34.727	34.69	
20798	1600.7	34.623	34.728	34.691	
20799	1600.8	34.624	34.728	34.691	
20800	1600.9	34.624	34.728	34.691	
20801	1601.	34.624	34.728	34.691	
20802	1601.	34.624	34.728	34.691	
20803	1601.	34.624	34.728	34.691	
20804	1601.	34.624	34.728	34.691	
20805	1601.1	34.624	34.728	34.691	
20806	1601.2	34.624	34.728	34.691	
20807	1601.3	34.624	34.728	34.692	
20808	1601.4	34.625	34.729	34.692	
20809	1601.5	34.625	34.729	34.692	
20810	1601.6	34.625	34.729	34.692	
20811	1601.7	34.625	34.729	34.692	
20812	1601.8	34.625	34.729	34.692	
20813	1601.9	34.625	34.729	34.692	
20814	1602.	34.625	34.73	34.693	
20815	1602.	34.625	34.73	34.693	
20816	1602.	34.625	34.73	34.693	
20817	1602.	34.626	34.73	34.693	
20818	1602.1	34.626	34.73	34.693	
20819	1602.2	34.626	34.73	34.693	
20820	1602.3	34.626	34.73	34.693	
20821	1602.4	34.626	34.73	34.693	
20822	1602.5	34.626	34.73	34.693	
20823	1602.6	34.626	34.731	34.694	
20824	1602.7	34.627	34.731	34.694	
20825	1602.8	34.627	34.731	34.694	
20826	1602.9	34.627	34.731	34.694	
20827	1603.	34.627	34.731	34.694	
20828	1603.	34.627	34.731	34.694	
20829	1603.	34.627	34.731	34.694	
20830	1603.	34.627	34.731	34.694	
20831	1603.1	34.627	34.731	34.694	
20832	1603.2	34.627	34.731	34.694	
20833	1603.3	34.628	34.732	34.695	
20834	1603.4	34.628	34.732	34.695	
20835	1603.5	34.628	34.732	34.695	
20836	1603.6	34.628	34.732	34.695	
20837	1603.7	34.628	34.732	34.695	
20838	1603.8	34.628	34.732	34.695	
20839	1603.9	34.628	34.733	34.696	
20840	1604.	34.629	34.733	34.696	
20841	1604.	34.629	34.733	34.696	
20842	1604.	34.629	34.733	34.696	
20843	1604.	34.629	34.733	34.696	
20844	1604.1	34.629	34.733	34.696	
20845	1604.2	34.629	34.733	34.696	
20846	1604.3	34.629	34.733	34.696	
20847	1604.4	34.629	34.733	34.696	
20848	1604.5	34.629	34.733	34.697	
20849	1604.6	34.63	34.734	34.697	
20850	1604.7	34.63	34.734	34.697	
20851	1604.8	34.63	34.734	34.697	
20852	1604.9	34.63	34.734	34.697	
20853	1605.	34.63	34.734	34.697	
20854	1605.	34.63	34.734	34.697	
20855	1605.	34.63	34.734	34.697	
20856	1605.	34.63	34.734	34.697	
20857	1605.1	34.63	34.734	34.697	
20858	1605.2	34.631	34.735	34.698	
20859	1605.3	34.631	34.735	34.698	
20860	1605.4	34.631	34.735	34.698	
20861	1605.5	34.631	34.735	34.698	
20862	1605.6	34.631	34.735	34.698	
20863	1605.7	34.631	34.735	34.698	
20864	1605.8	34.631	34.736	34.699	
20865	1605.9	34.632	34.736	34.699	
20866	1606.	34.632	34.736	34.699	
20867	1606.	34.632	34.736	34.699	
20868	1606.	34.632	34.736	34.699	
20869	1606.	34.632	34.736	34.699	
20870	1606.1	34.632	34.736	34.699	
20871	1606.2	34.632	34.736	34.699	
20872	1606.3	34.632	34.736	34.699	
20873	1606.4	34.632	34.736	34.699	
20874	1606.5	34.633	34.737	34.7	
20875	1606.6	34.633	34.737	34.7	
20876	1606.7	34.633	34.737	34.7	
20877	1606.8	34.633	34.737	34.7	
20878	1606.9	34.633	34.737	34.7	
20879	1607.	34.633	34.737	34.7	
20880	1607.	34.633	34.737	34.7	
20881	1607.	34.633	34.737	34.7	
20882	1607.	34.633	34.737	34.7	
20883	1607.1	34.633	34.738	34.701	
20884	1607.2	34.634	34.738	34.701	
20885	1607.3	34.634	34.738	34.701	
20886	1607.4	34.634	34.738	34.701	
20887	1607.5	34.634	34.738	34.701	
20888	1607.6	34.634	34.738	34.701	
20889	1607.7	34.634	34.739	34.702	
20890	1607.8	34.635	34.739	34.702	
20891	1607.9	34.635	34.739	34.702	
20892	1608.	34.635	34.739	34.702	
20893	1608.	34.635	34.739	34.702	
20894	1608.	34.635	34.739	34.702	
20895	1608.	34.635	34.739	34.702	
20896	1608.1	34.635	34.739	34.702	
20897	1608.2	34.635	34.739	34.702	
20898	1608.3	34.635	34.739	34.702	
20899	1608.4	34.635	34.74	34.703	
20900	1608.5	34.636	34.74	34.703	
20901	1608.6	34.636	34.74	34.703	
20902	1608.7	34.636	34.74	34.703	
20903	1608.8	34.636	34.74	34.703	
20904	1608.9	34.636	34.74	34.703	
20905	1609.	34.636	34.74	34.703	
20906	1609.	34.636	34.741	34.704	
20907	1609.	34.636	34.741	34.704	
20908	1609.	34.636	34.741	34.704	
20909	1609.1	34.637	34.741	34.704	
20910	1609.2	34.637	34.741	34.704	
20911	1609.3	34.637	34.741	34.704	
20912	1609.4	34.637	34.741	34.704	
20913	1609.5	34.637	34.741	34.704	
20914	1609.6	34.637	34.741	34.704	
20915	1609.7	34.638	34.742	34.705	
20916	1609.8	34.638	34.742	34.705	
20917	1609.9	34.638	34.742	34.705	
20918	1610.	34.638	34.742	34.705	
20919	1610.	34.638	34.742	34.705	
20920	1610.	34.638	34.742	34.705	
20921	1610.	34.638	34.742	34.705	
20922	1610.1	34.638	34.742	34.705	
20923	1610.2	34.638	34.742	34.705	
20924	1610.3	34.638	34.743	34.706	
20925	1610.4	34.639	34.743	34.706	
20926	1610.5	34.639	34.743	34.706	
20927	1610.6	34.639	34.743	34.706	
20928	1610.7	34.639	34.743	34.706	
20929	1610.8	34.639	34.743	34.706	
20930	1610.9	34.639	34.744	34.707	
20931	1611.	34.639	34.744	34.707	
20932	1611.	34.639	34.744	34.707	
20933	1611.	34.639	34.744	34.707	
20934	1611.	34.64	34.744	34.707	
20935	1611.1	34.64	34.744	34.707	
20936	1611.2	34.64	34.744	34.707	
20937	1611.3	34.64	34.744	34.707	
20938	1611.4	34.64	34.744	34.707	
20939	1611.5	34.64	34.744	34.707	
20940	1611.6	34.64	34.745	34.708	
20941	1611.7	34.641	34.745	34.708	
20942	1611.8	34.641	34.745	34.708	
20943	1611.9	34.641	34.745	34.708	
20944	1612.	34.641	34.745	34.708	
20945	1612.	34.641	34.745	34.708	
20946	1612.	34.641	34.745	34.708	
20947	1612.	34.641	34.745	34.708	
20948	1612.1	34.641	34.745	34.708	
20949	1612.2	34.641	34.746	34.709	
20950	1612.3	34.642	34.746	34.709	
20951	1612.4	34.642	34.746	34.709	
20952	1612.5	34.642	34.746	34.709	
20953	1612.6	34.642	34.746	34.709	
20954	1612.7	34.642	34.746	34.709	
20955	1612.8	34.642	34.747	34.71	
20956	1612.9	34.642	34.747	34.71	
20957	1613.	34.643	34.747	34.71	
20958	1613.	34.643	34.747	34.71	
20959	1613.	34.643	34.747	34.71	
20960	1613.	34.643	34.747	34.71	
20961	1613.1	34.643	34.747	34.71	
20962	1613.2	34.643	34.747	34.71	
20963	1613.3	34.643	34.747	34.71	
20964	1613.4	34.643	34.747	34.71	
20965	1613.5	34.643	34.748	34.711	
20966	1613.6	34.644	34.748	34.711	
20967	1613.7	34.644	34.748	34.711	
20968	1613.8	34.644	34.748	34.711	
20969	1613.9	34.644	34.748	34.711	
20970	1614.	34.644	34.748	34.711	
20971	1614.	34.644	34.748	34.711	
20972	1614.	34.644	34.748	34.711	
20973	1614.	34.644	34.748	34.711	
20974	1614.1	34.644	34.749	34.712	
20975	1614.2	34.645	34.749	34.712	
20976	1614.3	34.645	34.749	34.712	
20977	1614.4	34.645	34.749	34.712	
20978	1614.5	34.645	34.749	34.712	
20979	1614.6	34.645	34.749	34.712	
20980	1614.7	34.645	34.75	34.712	
20981	1614.8	34.645	34.75	34.713	
20982	1614.9	34.646	34.75	34.713	
20983	1615.	34.646	34.75	34.713	
20984	1615.	34.646	34.75	34.713	
20985	1615.	34.646	34.75	34.713	
20986	1615.	34.646	34.75	34.713	
20987	1615.1	34.646	34.75	34.713	
20988	1615.2	34.646	34.75	34.713	
20989	1615.3	34.646	34.75	34.713	
20990	1615.4	34.646	34.751	34.714	
20991	1615.5	34.647	34.751	34.714	
20992	1615.6	34.647	34.751	34.714	
20993	1615.7	34.647	34.751	34.714	
20994	1615.8	34.647	34.751	34.714	
20995	1615.9	34.647	34.751	34.714	
20996	1616.	34.647	34.751	34.714	
20997	1616.	34.647	34.751	34.714	
20998	1616.	34.647	34.752	34.714	
20999	1616.	34.647	34.752	34.715	
21000	1616.1	34.647	34.752	34.715	
21001	1616.2	34.648	34.752	34.715	
21002	1616.3	34.648	34.752	34.715	
21003	1616.4	34.648	34.752	34.715	
21004	1616.5	34.648	34.752	34.715	
21005	1616.6	34.648	34.752	34.715	
21006	1616.7	34.648	34.753	34.716	
21007	1616.8	34.649	34.753	34.716	
21008	1616.9	34.649	34.753	34.716	
21009	1617.	34.649	34.753	34.716	
21010	1617.	34.649	34.753	34.716	
21011	1617.	34.649	34.753	34.716	
21012	1617.	34.649	34.753	34.716	
21013	1617.1	34.649	34.753	34.716	
21014	1617.2	34.649	34.753	34.716	
21015	1617.3	34.649	34.754	34.717	
21016	1617.4	34.649	34.754	34.717	
21017	1617.5	34.65	34.754	34.717	
21018	1617.6	34.65	34.754	34.717	
21019	1617.7	34.65	34.754	34.717	
21020	1617.8	34.65	34.754	34.717	
21021	1617.9	34.65	34.755	34.717	
21022	1618.	34.65	34.755	34.718	
21023	1618.	34.65	34.755	34.718	
21024	1618.	34.65	34.755	34.718	
21025	1618.	34.65	34.755	34.718	
21026	1618.1	34.651	34.755	34.718	
21027	1618.2	34.651	34.755	34.718	
21028	1618.3	34.651	34.755	34.718	
21029	1618.4	34.651	34.755	34.718	
21030	1618.5	34.651	34.755	34.718	
21031	1618.6	34.651	34.756	34.719	
21032	1618.7	34.652	34.756	34.719	
21033	1618.8	34.652	34.756	34.719	
21034	1618.9	34.652	34.756	34.719	
21035	1619.	34.652	34.756	34.719	
21036	1619.	34.652	34.756	34.719	
21037	1619.	34.652	34.756	34.719	
21038	1619.	34.652	34.756	34.719	
21039	1619.1	34.652	34.756	34.719	
21040	1619.2	34.652	34.757	34.72	
21041	1619.3	34.652	34.757	34.72	
21042	1619.4	34.653	34.757	34.72	
21043	1619.5	34.653	34.757	34.72	
21044	1619.6	34.653	34.757	34.72	
21045	1619.7	34.653	34.757	34.72	
21046	1619.8	34.653	34.758	34.72	
21047	1619.9	34.653	34.758	34.721	
21048	1620.	34.653	34.758	34.721	
21049	1620.	34.653	34.758	34.721	
21050	1620.	34.654	34.758	34.721	
21051	1620.	34.654	34.758	34.721	
21052	1620.1	34.654	34.758	34.721	
21053	1620.2	34.654	34.758	34.721	
21054	1620.3	34.654	34.758	34.721	
21055	1620.4	34.654	34.758	34.721	
21056	1620.5	34.654	34.759	34.722	
21057	1620.6	34.654	34.759	34.722	
21058	1620.7	34.655	34.759	34.722	
21059	1620.8	34.655	34.759	34.722	
21060	1620.9	34.655	34.759	34.722	
21061	1621.	34.655	34.759	34.722	
21062	1621.	34.655	34.759	34.722	
21063	1621.	34.655	34.759	34.722	
21064	1621.	34.655	34.759	34.722	
21065	1621.1	34.655	34.76	34.722	
21066	1621.2	34.655	34.76	34.723	
21067	1621.3	34.656	34.76	34.723	
21068	1621.4	34.656	34.76	34.723	
21069	1621.5	34.656	34.76	34.723	
21070	1621.6	34.656	34.76	34.723	
21071	1621.7	34.656	34.76	34.723	
21072	1621.8	34.656	34.761	34.724	
21073	1621.9	34.656	34.761	34.724	
21074	1622.	34.657	34.761	34.724	
21075	1622.	34.657	34.761	34.724	
21076	1622.	34.657	34.761	34.724	
21077	1622.	34.657	34.761	34.724	
21078	1622.1	34.657	34.761	34.724	
21079	1622.2	34.657	34.761	34.724	
21080	1622.3	34.657	34.761	34.724	
21081	1622.4	34.657	34.762	34.725	
21082	1622.5	34.657	34.762	34.725	
21083	1622.6	34.658	34.762	34.725	
21084	1622.7	34.658	34.762	34.725	
21085	1622.8	34.658	34.762	34.725	
21086	1622.9	34.658	34.762	34.725	
21087	1623.	34.658	34.762	34.725	
21088	1623.	34.658	34.762	34.725	
21089	1623.	34.658	34.762	34.725	
21090	1623.	34.658	34.763	34.725	
21091	1623.1	34.658	34.763	34.726	
21092	1623.2	34.659	34.763	34.726	
21093	1623.3	34.659	34.763	34.726	
21094	1623.4	34.659	34.763	34.726	
21095	1623.5	34.659	34.763	34.726	
21096	1623.6	34.659	34.763	34.726	
21097	1623.7	34.659	34.764	34.727	
21098	1623.8	34.659	34.764	34.727	
21099	1623.9	34.66	34.764	34.727	
21100	1624.	34.66	34.764	34.727	
21101	1624.	34.66	34.764	34.727	
21102	1624.	34.66	34.764	34.727	
21103	1624.	34.66	34.764	34.727	
21104	1624.1	34.66	34.764	34.727	
21105	1624.2	34.66	34.764	34.727	
21106	1624.3	34.66	34.765	34.728	
21107	1624.4	34.66	34.765	34.728	
21108	1624.5	34.661	34.765	34.728	
21109	1624.6	34.661	34.765	34.728	
21110	1624.7	34.661	34.765	34.728	
21111	1624.8	34.661	34.765	34.728	
21112	1624.9	34.661	34.766	34.728	
21113	1625.	34.661	34.766	34.729	
21114	1625.	34.661	34.766	34.729	
21115	1625.	34.661	34.766	34.729	
21116	1625.	34.661	34.766	34.729	
21117	1625.1	34.661	34.766	34.729	
21118	1625.2	34.662	34.766	34.729	
21119	1625.3	34.662	34.766	34.729	
21120	1625.4	34.662	34.766	34.729	
21121	1625.5	34.662	34.766	34.729	
21122	1625.6	34.662	34.767	34.73	
21123	1625.7	34.662	34.767	34.73	
21124	1625.8	34.663	34.767	34.73	
21125	1625.9	34.663	34.767	34.73	
21126	1626.	34.663	34.767	34.73	
21127	1626.	34.663	34.767	34.73	
21128	1626.	34.663	34.767	34.73	
21129	1626.	34.663	34.767	34.73	
21130	1626.1	34.663	34.767	34.73	
21131	1626.2	34.663	34.768	34.73	
21132	1626.3	34.663	34.768	34.731	
21133	1626.4	34.664	34.768	34.731	
21134	1626.5	34.664	34.768	34.731	
21135	1626.6	34.664	34.768	34.731	
21136	1626.7	34.664	34.768	34.731	
21137	1626.8	34.664	34.768	34.731	
21138	1626.9	34.664	34.769	34.732	
21139	1627.	34.664	34.769	34.732	
21140	1627.	34.664	34.769	34.732	
21141	1627.	34.664	34.769	34.732	
21142	1627.	34.664	34.769	34.732	
21143	1627.1	34.665	34.769	34.732	
21144	1627.2	34.665	34.769	34.732	
21145	1627.3	34.665	34.769	34.732	
21146	1627.4	34.665	34.769	34.732	
21147	1627.5	34.665	34.77	34.733	
21148	1627.6	34.665	34.77	34.733	
21149	1627.7	34.666	34.77	34.733	
21150	1627.8	34.666	34.77	34.733	
21151	1627.9	34.666	34.77	34.733	
21152	1628.	34.666	34.77	34.733	
21153	1628.	34.666	34.77	34.733	
21154	1628.	34.666	34.77	34.733	
21155	1628.	34.666	34.77	34.733	
21156	1628.1	34.666	34.771	34.733	
21157	1628.2	34.666	34.771	34.734	
21158	1628.3	34.666	34.771	34.734	
21159	1628.4	34.667	34.771	34.734	
21160	1628.5	34.667	34.771	34.734	
21161	1628.6	34.667	34.771	34.734	
21162	1628.7	34.667	34.771	34.734	
21163	1628.8	34.667	34.772	34.735	
21164	1628.9	34.667	34.772	34.735	
21165	1629.	34.667	34.772	34.735	
21166	1629.	34.668	34.772	34.735	
21167	1629.	34.668	34.772	34.735	
21168	1629.	34.668	34.772	34.735	
21169	1629.1	34.668	34.772	34.735	
21170	1629.2	34.668	34.772	34.735	
21171	1629.3	34.668	34.772	34.735	
21172	1629.4	34.668	34.773	34.735	
21173	1629.5	34.668	34.773	34.736	
21174	1629.6	34.668	34.773	34.736	
21175	1629.7	34.669	34.773	34.736	
21176	1629.8	34.669	34.773	34.736	
21177	1629.9	34.669	34.773	34.736	
21178	1630.	34.669	34.773	34.736	
21179	1630.	34.669	34.773	34.736	
21180	1630.	34.669	34.773	34.736	
21181	1630.	34.669	34.774	34.736	
21182	1630.1	34.669	34.774	34.737	
21183	1630.2	34.669	34.774	34.737	
21184	1630.3	34.67	34.774	34.737	
21185	1630.4	34.67	34.774	34.737	
21186	1630.5	34.67	34.774	34.737	
21187	1630.6	34.67	34.774	34.737	
21188	1630.7	34.67	34.775	34.738	
21189	1630.8	34.67	34.775	34.738	
21190	1630.9	34.671	34.775	34.738	
21191	1631.	34.671	34.775	34.738	
21192	1631.	34.671	34.775	34.738	
21193	1631.	34.671	34.775	34.738	
21194	1631.	34.671	34.775	34.738	
21195	1631.1	34.671	34.775	34.738	
21196	1631.2	34.671	34.775	34.738	
21197	1631.3	34.671	34.776	34.738	
21198	1631.4	34.671	34.776	34.739	
21199	1631.5	34.671	34.776	34.739	
21200	1631.6	34.672	34.776	34.739	
21201	1631.7	34.672	34.776	34.739	
21202	1631.8	34.672	34.776	34.739	
21203	1631.9	34.672	34.777	34.739	
21204	1632.	34.672	34.777	34.739	
21205	1632.	34.672	34.777	34.74	
21206	1632.	34.672	34.777	34.74	
21207	1632.	34.672	34.777	34.74	
21208	1632.1	34.672	34.777	34.74	
21209	1632.2	34.673	34.777	34.74	
21210	1632.3	34.673	34.777	34.74	
21211	1632.4	34.673	34.777	34.74	
21212	1632.5	34.673	34.777	34.74	
21213	1632.6	34.673	34.778	34.741	
21214	1632.7	34.673	34.778	34.741	
21215	1632.8	34.673	34.778	34.741	
21216	1632.9	34.674	34.778	34.741	
21217	1633.	34.674	34.778	34.741	
21218	1633.	34.674	34.778	34.741	
21219	1633.	34.674	34.778	34.741	
21220	1633.	34.674	34.778	34.741	
21221	1633.1	34.674	34.778	34.741	
21222	1633.2	34.674	34.779	34.741	
21223	1633.3	34.674	34.779	34.742	
21224	1633.4	34.674	34.779	34.742	
21225	1633.5	34.675	34.779	34.742	
21226	1633.6	34.675	34.779	34.742	
21227	1633.7	34.675	34.779	34.742	
21228	1633.8	34.675	34.779	34.742	
21229	1633.9	34.675	34.78	34.743	
21230	1634.	34.675	34.78	34.743	
21231	1634.	34.675	34.78	34.743	
21232	1634.	34.675	34.78	34.743	
21233	1634.	34.675	34.78	34.743	
21234	1634.1	34.675	34.78	34.743	
21235	1634.2	34.676	34.78	34.743	
21236	1634.3	34.676	34.78	34.743	
21237	1634.4	34.676	34.78	34.743	
21238	1634.5	34.676	34.781	34.743	
21239	1634.6	34.676	34.781	34.744	
21240	1634.7	34.676	34.781	34.744	
21241	1634.8	34.677	34.781	34.744	
21242	1634.9	34.677	34.781	34.744	
21243	1635.	34.677	34.781	34.744	
21244	1635.	34.677	34.781	34.744	
21245	1635.	34.677	34.781	34.744	
21246	1635.	34.677	34.781	34.744	
21247	1635.1	34.677	34.782	34.744	
21248	1635.2	34.677	34.782	34.745	
21249	1635.3	34.677	34.782	34.745	
21250	1635.4	34.678	34.782	34.745	
21251	1635.5	34.678	34.782	34.745	
21252	1635.6	34.678	34.782	34.745	
21253	1635.7	34.678	34.782	34.745	
21254	1635.8	34.678	34.783	34.746	
21255	1635.9	34.678	34.783	34.746	
21256	1636.	34.678	34.783	34.746	
21257	1636.	34.678	34.783	34.746	
21258	1636.	34.678	34.783	34.746	
21259	1636.	34.678	34.783	34.746	
21260	1636.1	34.679	34.783	34.746	
21261	1636.2	34.679	34.783	34.746	
21262	1636.3	34.679	34.783	34.746	
21263	1636.4	34.679	34.784	34.746	
21264	1636.5	34.679	34.784	34.747	
21265	1636.6	34.679	34.784	34.747	
21266	1636.7	34.68	34.784	34.747	
21267	1636.8	34.68	34.784	34.747	
21268	1636.9	34.68	34.784	34.747	
21269	1637.	34.68	34.784	34.747	
21270	1637.	34.68	34.784	34.747	
21271	1637.	34.68	34.784	34.747	
21272	1637.	34.68	34.785	34.747	
21273	1637.1	34.68	34.785	34.748	
21274	1637.2	34.68	34.785	34.748	
21275	1637.3	34.68	34.785	34.748	
21276	1637.4	34.681	34.785	34.748	
21277	1637.5	34.681	34.785	34.748	
21278	1637.6	34.681	34.785	34.748	
21279	1637.7	34.681	34.786	34.748	
21280	1637.8	34.681	34.786	34.749	
21281	1637.9	34.681	34.786	34.749	
21282	1638.	34.682	34.786	34.749	
21283	1638.	34.682	34.786	34.749	
21284	1638.	34.682	34.786	34.749	
21285	1638.	34.682	34.786	34.749	
21286	1638.1	34.682	34.786	34.749	
21287	1638.2	34.682	34.786	34.749	
21288	1638.3	34.682	34.787	34.749	
21289	1638.4	34.682	34.787	34.75	
21290	1638.5	34.682	34.787	34.75	
21291	1638.6	34.683	34.787	34.75	
21292	1638.7	34.683	34.787	34.75	
21293	1638.8	34.683	34.787	34.75	
21294	1638.9	34.683	34.787	34.75	
21295	1639.	34.683	34.788	34.75	
21296	1639.	34.683	34.788	34.75	
21297	1639.	34.683	34.788	34.75	
21298	1639.	34.683	34.788	34.751	
21299	1639.1	34.683	34.788	34.751	
21300	1639.2	34.683	34.788	34.751	
21301	1639.3	34.684	34.788	34.751	
21302	1639.4	34.684	34.788	34.751	
21303	1639.5	34.684	34.788	34.751	
21304	1639.6	34.684	34.789	34.751	
21305	1639.7	34.684	34.789	34.752	
21306	1639.8	34.684	34.789	34.752	
21307	1639.9	34.685	34.789	34.752	
21308	1640.	34.685	34.789	34.752	
21309	1640.	34.685	34.789	34.752	
21310	1640.	34.685	34.789	34.752	
21311	1640.	34.685	34.789	34.752	
21312	1640.1	34.685	34.789	34.752	
21313	1640.2	34.685	34.79	34.752	
21314	1640.3	34.685	34.79	34.753	
21315	1640.4	34.685	34.79	34.753	
21316	1640.5	34.685	34.79	34.753	
21317	1640.6	34.686	34.79	34.753	
21318	1640.7	34.686	34.79	34.753	
21319	1640.8	34.686	34.79	34.753	
21320	1640.9	34.686	34.791	34.753	
21321	1641.	34.686	34.791	34.754	
21322	1641.	34.686	34.791	34.754	
21323	1641.	34.686	34.791	34.754	
21324	1641.	34.686	34.791	34.754	
21325	1641.1	34.686	34.791	34.754	
21326	1641.2	34.687	34.791	34.754	
21327	1641.3	34.687	34.791	34.754	
21328	1641.4	34.687	34.791	34.754	
21329	1641.5	34.687	34.792	34.754	
21330	1641.6	34.687	34.792	34.755	
21331	1641.7	34.687	34.792	34.755	
21332	1641.8	34.687	34.792	34.755	
21333	1641.9	34.688	34.792	34.755	
21334	1642.	34.688	34.792	34.755	
21335	1642.	34.688	34.792	34.755	
21336	1642.	34.688	34.792	34.755	
21337	1642.	34.688	34.792	34.755	
21338	1642.1	34.688	34.793	34.755	
21339	1642.2	34.688	34.793	34.756	
21340	1642.3	34.688	34.793	34.756	
21341	1642.4	34.688	34.793	34.756	
21342	1642.5	34.689	34.793	34.756	
21343	1642.6	34.689	34.793	34.756	
21344	1642.7	34.689	34.793	34.756	
21345	1642.8	34.689	34.794	34.756	
21346	1642.9	34.689	34.794	34.757	
21347	1643.	34.689	34.794	34.757	
21348	1643.	34.689	34.794	34.757	
21349	1643.	34.689	34.794	34.757	
21350	1643.	34.689	34.794	34.757	
21351	1643.1	34.69	34.794	34.757	
21352	1643.2	34.69	34.794	34.757	
21353	1643.3	34.69	34.794	34.757	
21354	1643.4	34.69	34.795	34.757	
21355	1643.5	34.69	34.795	34.758	
21356	1643.6	34.69	34.795	34.758	
21357	1643.7	34.69	34.795	34.758	
21358	1643.8	34.691	34.795	34.758	
21359	1643.9	34.691	34.795	34.758	
21360	1644.	34.691	34.795	34.758	
21361	1644.	34.691	34.795	34.758	
21362	1644.	34.691	34.795	34.758	
21363	1644.	34.691	34.796	34.758	
21364	1644.1	34.691	34.796	34.759	
21365	1644.2	34.691	34.796	34.759	
21366	1644.3	34.691	34.796	34.759	
21367	1644.4	34.692	34.796	34.759	
21368	1644.5	34.692	34.796	34.759	
21369	1644.6	34.692	34.796	34.759	
21370	1644.7	34.692	34.797	34.759	
21371	1644.8	34.692	34.797	34.76	
21372	1644.9	34.692	34.797	34.76	
21373	1645.	34.692	34.797	34.76	
21374	1645.	34.692	34.797	34.76	
21375	1645.	34.692	34.797	34.76	
21376	1645.	34.692	34.797	34.76	
21377	1645.1	34.693	34.797	34.76	
21378	1645.2	34.693	34.797	34.76	
21379	1645.3	34.693	34.798	34.76	
21380	1645.4	34.693	34.798	34.761	
21381	1645.5	34.693	34.798	34.761	
21382	1645.6	34.693	34.798	34.761	
21383	1645.7	34.694	34.798	34.761	
21384	1645.8	34.694	34.798	34.761	
21385	1645.9	34.694	34.798	34.761	
21386	1646.	34.694	34.799	34.761	
21387	1646.	34.694	34.799	34.761	
21388	1646.	34.694	34.799	34.761	
21389	1646.	34.694	34.799	34.761	
21390	1646.1	34.694	34.799	34.762	
21391	1646.2	34.694	34.799	34.762	
21392	1646.3	34.695	34.799	34.762	
21393	1646.4	34.695	34.799	34.762	
21394	1646.5	34.695	34.799	34.762	
21395	1646.6	34.695	34.8	34.762	
21396	1646.7	34.695	34.8	34.763	
21397	1646.8	34.695	34.8	34.763	
21398	1646.9	34.695	34.8	34.763	
21399	1647.	34.696	34.8	34.763	
21400	1647.	34.696	34.8	34.763	
21401	1647.	34.696	34.8	34.763	
21402	1647.	34.696	34.8	34.763	
21403	1647.1	34.696	34.8	34.763	
21404	1647.2	34.696	34.801	34.763	
21405	1647.3	34.696	34.801	34.764	
21406	1647.4	34.696	34.801	34.764	
21407	1647.5	34.696	34.801	34.764	
21408	1647.6	34.697	34.801	34.764	
21409	1647.7	34.697	34.801	34.764	
21410	1647.8	34.697	34.801	34.764	
21411	1647.9	34.697	34.802	34.764	
21412	1648.	34.697	34.802	34.765	
21413	1648.	34.697	34.802	34.765	
21414	1648.	34.697	34.802	34.765	
21415	1648.	34.697	34.802	34.765	
21416	1648.1	34.697	34.802	34.765	
21417	1648.2	34.697	34.802	34.765	
21418	1648.3	34.698	34.802	34.765	
21419	1648.4	34.698	34.802	34.765	
21420	1648.5	34.698	34.803	34.765	
21421	1648.6	34.698	34.803	34.766	
21422	1648.7	34.698	34.803	34.766	
21423	1648.8	34.698	34.803	34.766	
21424	1648.9	34.699	34.803	34.766	
21425	1649.	34.699	34.803	34.766	
21426	1649.	34.699	34.803	34.766	
21427	1649.	34.699	34.803	34.766	
21428	1649.	34.699	34.803	34.766	
21429	1649.1	34.699	34.804	34.766	
21430	1649.2	34.699	34.804	34.766	
21431	1649.3	34.699	34.804	34.767	
21432	1649.4	34.699	34.804	34.767	
21433	1649.5	34.699	34.804	34.767	
21434	1649.6	34.7	34.804	34.767	
21435	1649.7	34.7	34.804	34.767	
21436	1649.8	34.7	34.805	34.767	
21437	1649.9	34.7	34.805	34.768	
21438	1650.	34.7	34.805	34.768	
21439	1650.	34.7	34.805	34.768	
21440	1650.	34.7	34.805	34.768	
21441	1650.	34.7	34.805	34.768	
21442	1650.1	34.7	34.805	34.768	
21443	1650.2	34.701	34.805	34.768	
21444	1650.3	34.701	34.805	34.768	
21445	1650.4	34.701	34.806	34.768	
21446	1650.5	34.701	34.806	34.769	
21447	1650.6	34.701	34.806	34.769	
21448	1650.7	34.701	34.806	34.769	
21449	1650.8	34.702	34.806	34.769	
21450	1650.9	34.702	34.806	34.769	
21451	1651.	34.702	34.806	34.769	
21452	1651.	34.702	34.806	34.769	
21453	1651.	34.702	34.806	34.769	
21454	1651.	34.702	34.807	34.769	
21455	1651.1	34.702	34.807	34.769	
21456	1651.2	34.702	34.807	34.77	
21457	1651.3	34.702	34.807	34.77	
21458	1651.4	34.702	34.807	34.77	
21459	1651.5	34.703	34.807	34.77	
21460	1651.6	34.703	34.807	34.77	
21461	1651.7	34.703	34.808	34.77	
21462	1651.8	34.703	34.808	34.771	
21463	1651.9	34.703	34.808	34.771	
21464	1652.	34.703	34.808	34.771	
21465	1652.	34.703	34.808	34.771	
21466	1652.	34.703	34.808	34.771	
21467	1652.	34.703	34.808	34.771	
21468	1652.1	34.704	34.808	34.771	
21469	1652.2	34.704	34.808	34.771	
21470	1652.3	34.704	34.809	34.771	
21471	1652.4	34.704	34.809	34.772	
21472	1652.5	34.704	34.809	34.772	
21473	1652.6	34.704	34.809	34.772	
21474	1652.7	34.704	34.809	34.772	
21475	1652.8	34.705	34.809	34.772	
21476	1652.9	34.705	34.809	34.772	
21477	1653.	34.705	34.81	34.772	
21478	1653.	34.705	34.81	34.772	
21479	1653.	34.705	34.81	34.772	
21480	1653.	34.705	34.81	34.772	
21481	1653.1	34.705	34.81	34.773	
21482	1653.2	34.705	34.81	34.773	
21483	1653.3	34.705	34.81	34.773	
21484	1653.4	34.706	34.81	34.773	
21485	1653.5	34.706	34.81	34.773	
21486	1653.6	34.706	34.811	34.773	
21487	1653.7	34.706	34.811	34.774	
21488	1653.8	34.706	34.811	34.774	
21489	1653.9	34.706	34.811	34.774	
21490	1654.	34.706	34.811	34.774	
21491	1654.	34.706	34.811	34.774	
21492	1654.	34.706	34.811	34.774	
21493	1654.	34.707	34.811	34.774	
21494	1654.1	34.707	34.811	34.774	
21495	1654.2	34.707	34.812	34.774	
21496	1654.3	34.707	34.812	34.774	
21497	1654.4	34.707	34.812	34.775	
21498	1654.5	34.707	34.812	34.775	
21499	1654.6	34.707	34.812	34.775	
21500	1654.7	34.708	34.812	34.775	
21501	1654.8	34.708	34.812	34.775	
21502	1654.9	34.708	34.813	34.775	
21503	1655.	34.708	34.813	34.776	
21504	1655.	34.708	34.813	34.776	
21505	1655.	34.708	34.813	34.776	
21506	1655.	34.708	34.813	34.776	
21507	1655.1	34.708	34.813	34.776	
21508	1655.2	34.708	34.813	34.776	
21509	1655.3	34.709	34.813	34.776	
21510	1655.4	34.709	34.813	34.776	
21511	1655.5	34.709	34.814	34.776	
21512	1655.6	34.709	34.814	34.777	
21513	1655.7	34.709	34.814	34.777	
21514	1655.8	34.709	34.814	34.777	
21515	1655.9	34.709	34.814	34.777	
21516	1656.	34.71	34.814	34.777	
21517	1656.	34.71	34.814	34.777	
21518	1656.	34.71	34.814	34.777	
21519	1656.	34.71	34.814	34.777	
21520	1656.1	34.71	34.815	34.777	
21521	1656.2	34.71	34.815	34.777	
21522	1656.3	34.71	34.815	34.778	
21523	1656.4	34.71	34.815	34.778	
21524	1656.5	34.71	34.815	34.778	
21525	1656.6	34.711	34.815	34.778	
21526	1656.7	34.711	34.815	34.778	
21527	1656.8	34.711	34.816	34.778	
21528	1656.9	34.711	34.816	34.779	
21529	1657.	34.711	34.816	34.779	
21530	1657.	34.711	34.816	34.779	
21531	1657.	34.711	34.816	34.779	
21532	1657.	34.711	34.816	34.779	
21533	1657.1	34.711	34.816	34.779	
21534	1657.2	34.711	34.816	34.779	
21535	1657.3	34.712	34.816	34.779	
21536	1657.4	34.712	34.817	34.779	
21537	1657.5	34.712	34.817	34.779	
21538	1657.6	34.712	34.817	34.78	
21539	1657.7	34.712	34.817	34.78	
21540	1657.8	34.712	34.817	34.78	
21541	1657.9	34.713	34.817	34.78	
21542	1658.	34.713	34.817	34.78	
21543	1658.	34.713	34.817	34.78	
21544	1658.	34.713	34.817	34.78	
21545	1658.	34.713	34.818	34.78	
21546	1658.1	34.713	34.818	34.78	
21547	1658.2	34.713	34.818	34.781	
21548	1658.3	34.713	34.818	34.781	
21549	1658.4	34.713	34.818	34.781	
21550	1658.5	34.714	34.818	34.781	
21551	1658.6	34.714	34.818	34.781	
21552	1658.7	34.714	34.819	34.781	
21553	1658.8	34.714	34.819	34.782	
21554	1658.9	34.714	34.819	34.782	
21555	1659.	34.714	34.819	34.782	
21556	1659.	34.714	34.819	34.782	
21557	1659.	34.714	34.819	34.782	
21558	1659.	34.714	34.819	34.782	
21559	1659.1	34.714	34.819	34.782	
21560	1659.2	34.715	34.819	34.782	
21561	1659.3	34.715	34.82	34.782	
21562	1659.4	34.715	34.82	34.782	
21563	1659.5	34.715	34.82	34.783	
21564	1659.6	34.715	34.82	34.783	
21565	1659.7	34.715	34.82	34.783	
21566	1659.8	34.716	34.82	34.783	
21567	1659.9	34.716	34.82	34.783	
21568	1660.	34.716	34.821	34.783	
21569	1660.	34.716	34.821	34.783	
21570	1660.	34.716	34.821	34.783	
21571	1660.	34.716	34.821	34.783	
21572	1660.1	34.716	34.821	34.784	
21573	1660.2	34.716	34.821	34.784	
21574	1660.3	34.716	34.821	34.784	
21575	1660.4	34.716	34.821	34.784	
21576	1660.5	34.717	34.821	34.784	
21577	1660.6	34.717	34.822	34.784	
21578	1660.7	34.717	34.822	34.785	
21579	1660.8	34.717	34.822	34.785	
21580	1660.9	34.717	34.822	34.785	
21581	1661.	34.717	34.822	34.785	
21582	1661.	34.717	34.822	34.785	
21583	1661.	34.717	34.822	34.785	
21584	1661.	34.717	34.822	34.785	
21585	1661.1	34.718	34.822	34.785	
21586	1661.2	34.718	34.823	34.785	
21587	1661.3	34.718	34.823	34.785	
21588	1661.4	34.718	34.823	34.786	
21589	1661.5	34.718	34.823	34.786	
21590	1661.6	34.718	34.823	34.786	
21591	1661.7	34.718	34.823	34.786	
21592	1661.8	34.719	34.823	34.786	
21593	1661.9	34.719	34.824	34.786	
21594	1662.	34.719	34.824	34.786	
21595	1662.	34.719	34.824	34.787	
21596	1662.	34.719	34.824	34.787	
21597	1662.	34.719	34.824	34.787	
21598	1662.1	34.719	34.824	34.787	
21599	1662.2	34.719	34.824	34.787	
21600	1662.3	34.719	34.824	34.787	
21601	1662.4	34.72	34.824	34.787	
21602	1662.5	34.72	34.825	34.787	
21603	1662.6	34.72	34.825	34.787	
21604	1662.7	34.72	34.825	34.788	
21605	1662.8	34.72	34.825	34.788	
21606	1662.9	34.72	34.825	34.788	
21607	1663.	34.72	34.825	34.788	
21608	1663.	34.72	34.825	34.788	
21609	1663.	34.72	34.825	34.788	
21610	1663.	34.721	34.825	34.788	
21611	1663.1	34.721	34.826	34.788	
21612	1663.2	34.721	34.826	34.788	
21613	1663.3	34.721	34.826	34.789	
21614	1663.4	34.721	34.826	34.789	
21615	1663.5	34.721	34.826	34.789	
21616	1663.6	34.721	34.826	34.789	
21617	1663.7	34.722	34.826	34.789	
21618	1663.8	34.722	34.827	34.789	
21619	1663.9	34.722	34.827	34.79	
21620	1664.	34.722	34.827	34.79	
21621	1664.	34.722	34.827	34.79	
21622	1664.	34.722	34.827	34.79	
21623	1664.	34.722	34.827	34.79	
21624	1664.1	34.722	34.827	34.79	
21625	1664.2	34.722	34.827	34.79	
21626	1664.3	34.723	34.827	34.79	
21627	1664.4	34.723	34.828	34.79	
21628	1664.5	34.723	34.828	34.79	
21629	1664.6	34.723	34.828	34.791	
21630	1664.7	34.723	34.828	34.791	
21631	1664.8	34.723	34.828	34.791	
21632	1664.9	34.723	34.828	34.791	
21633	1665.	34.724	34.828	34.791	
21634	1665.	34.724	34.828	34.791	
21635	1665.	34.724	34.828	34.791	
21636	1665.	34.724	34.829	34.791	
21637	1665.1	34.724	34.829	34.791	
21638	1665.2	34.724	34.829	34.792	
21639	1665.3	34.724	34.829	34.792	
21640	1665.4	34.724	34.829	34.792	
21641	1665.5	34.724	34.829	34.792	
21642	1665.6	34.725	34.829	34.792	
21643	1665.7	34.725	34.83	34.792	
21644	1665.8	34.725	34.83	34.793	
21645	1665.9	34.725	34.83	34.793	
21646	1666.	34.725	34.83	34.793	
21647	1666.	34.725	34.83	34.793	
21648	1666.	34.725	34.83	34.793	
21649	1666.	34.725	34.83	34.793	
21650	1666.1	34.725	34.83	34.793	
21651	1666.2	34.726	34.83	34.793	
21652	1666.3	34.726	34.831	34.793	
21653	1666.4	34.726	34.831	34.793	
21654	1666.5	34.726	34.831	34.794	
21655	1666.6	34.726	34.831	34.794	
21656	1666.7	34.726	34.831	34.794	
21657	1666.8	34.726	34.831	34.794	
21658	1666.9	34.727	34.831	34.794	
21659	1667.	34.727	34.832	34.794	
21660	1667.	34.727	34.832	34.794	
21661	1667.	34.727	34.832	34.794	
21662	1667.	34.727	34.832	34.794	
21663	1667.1	34.727	34.832	34.795	
21664	1667.2	34.727	34.832	34.795	
21665	1667.3	34.727	34.832	34.795	
21666	1667.4	34.727	34.832	34.795	
21667	1667.5	34.728	34.832	34.795	
21668	1667.6	34.728	34.833	34.795	
21669	1667.7	34.728	34.833	34.795	
21670	1667.8	34.728	34.833	34.796	
21671	1667.9	34.728	34.833	34.796	
21672	1668.	34.728	34.833	34.796	
21673	1668.	34.728	34.833	34.796	
21674	1668.	34.728	34.833	34.796	
21675	1668.	34.728	34.833	34.796	
21676	1668.1	34.728	34.833	34.796	
21677	1668.2	34.729	34.834	34.796	
21678	1668.3	34.729	34.834	34.796	
21679	1668.4	34.729	34.834	34.797	
21680	1668.5	34.729	34.834	34.797	
21681	1668.6	34.729	34.834	34.797	
21682	1668.7	34.729	34.834	34.797	
21683	1668.8	34.73	34.834	34.797	
21684	1668.9	34.73	34.835	34.797	
21685	1669.	34.73	34.835	34.797	
21686	1669.	34.73	34.835	34.797	
21687	1669.	34.73	34.835	34.797	
21688	1669.	34.73	34.835	34.798	
21689	1669.1	34.73	34.835	34.798	
21690	1669.2	34.73	34.835	34.798	
21691	1669.3	34.73	34.835	34.798	
21692	1669.4	34.73	34.835	34.798	
21693	1669.5	34.731	34.836	34.798	
21694	1669.6	34.731	34.836	34.798	
21695	1669.7	34.731	34.836	34.799	
21696	1669.8	34.731	34.836	34.799	
21697	1669.9	34.731	34.836	34.799	
21698	1670.	34.731	34.836	34.799	
21699	1670.	34.731	34.836	34.799	
21700	1670.	34.731	34.836	34.799	
21701	1670.	34.731	34.836	34.799	
21702	1670.1	34.732	34.837	34.799	
21703	1670.2	34.732	34.837	34.799	
21704	1670.3	34.732	34.837	34.8	
21705	1670.4	34.732	34.837	34.8	
21706	1670.5	34.732	34.837	34.8	
21707	1670.6	34.732	34.837	34.8	
21708	1670.7	34.733	34.837	34.8	
21709	1670.8	34.733	34.838	34.8	
21710	1670.9	34.733	34.838	34.8	
21711	1671.	34.733	34.838	34.801	
21712	1671.	34.733	34.838	34.801	
21713	1671.	34.733	34.838	34.801	
21714	1671.	34.733	34.838	34.801	
21715	1671.1	34.733	34.838	34.801	
21716	1671.2	34.733	34.838	34.801	
21717	1671.3	34.733	34.838	34.801	
21718	1671.4	34.734	34.839	34.801	
21719	1671.5	34.734	34.839	34.801	
21720	1671.6	34.734	34.839	34.802	
21721	1671.7	34.734	34.839	34.802	
21722	1671.8	34.734	34.839	34.802	
21723	1671.9	34.734	34.839	34.802	
21724	1672.	34.734	34.839	34.802	
21725	1672.	34.735	34.839	34.802	
21726	1672.	34.735	34.839	34.802	
21727	1672.	34.735	34.84	34.802	
21728	1672.1	34.735	34.84	34.802	
21729	1672.2	34.735	34.84	34.803	
21730	1672.3	34.735	34.84	34.803	
21731	1672.4	34.735	34.84	34.803	
21732	1672.5	34.735	34.84	34.803	
21733	1672.6	34.735	34.84	34.803	
21734	1672.7	34.736	34.841	34.803	
21735	1672.8	34.736	34.841	34.803	
21736	1672.9	34.736	34.841	34.804	
21737	1673.	34.736	34.841	34.804	
21738	1673.	34.736	34.841	34.804	
21739	1673.	34.736	34.841	34.804	
21740	1673.	34.736	34.841	34.804	
21741	1673.1	34.736	34.841	34.804	
21742	1673.2	34.736	34.841	34.804	
21743	1673.3	34.737	34.842	34.804	
21744	1673.4	34.737	34.842	34.804	
21745	1673.5	34.737	34.842	34.805	
21746	1673.6	34.737	34.842	34.805	
21747	1673.7	34.737	34.842	34.805	
21748	1673.8	34.737	34.842	34.805	
21749	1673.9	34.738	34.842	34.805	
21750	1674.	34.738	34.843	34.805	
21751	1674.	34.738	34.843	34.805	
21752	1674.	34.738	34.843	34.805	
21753	1674.	34.738	34.843	34.805	
21754	1674.1	34.738	34.843	34.806	
21755	1674.2	34.738	34.843	34.806	
21756	1674.3	34.738	34.843	34.806	
21757	1674.4	34.738	34.843	34.806	
21758	1674.5	34.738	34.843	34.806	
21759	1674.6	34.739	34.844	34.806	
21760	1674.7	34.739	34.844	34.806	
21761	1674.8	34.739	34.844	34.807	
21762	1674.9	34.739	34.844	34.807	
21763	1675.	34.739	34.844	34.807	
21764	1675.	34.739	34.844	34.807	
21765	1675.	34.739	34.844	34.807	
21766	1675.	34.739	34.844	34.807	
21767	1675.1	34.739	34.844	34.807	
21768	1675.2	34.74	34.845	34.807	
21769	1675.3	34.74	34.845	34.807	
21770	1675.4	34.74	34.845	34.808	
21771	1675.5	34.74	34.845	34.808	
21772	1675.6	34.74	34.845	34.808	
21773	1675.7	34.74	34.845	34.808	
21774	1675.8	34.74	34.845	34.808	
21775	1675.9	34.741	34.846	34.808	
21776	1676.	34.741	34.846	34.808	
21777	1676.	34.741	34.846	34.808	
21778	1676.	34.741	34.846	34.808	
21779	1676.	34.741	34.846	34.809	
21780	1676.1	34.741	34.846	34.809	
21781	1676.2	34.741	34.846	34.809	
21782	1676.3	34.741	34.846	34.809	
21783	1676.4	34.741	34.846	34.809	
21784	1676.5	34.742	34.847	34.809	
21785	1676.6	34.742	34.847	34.809	
21786	1676.7	34.742	34.847	34.81	
21787	1676.8	34.742	34.847	34.81	
21788	1676.9	34.742	34.847	34.81	
21789	1677.	34.742	34.847	34.81	
21790	1677.	34.742	34.847	34.81	
21791	1677.	34.742	34.847	34.81	
21792	1677.	34.742	34.847	34.81	
21793	1677.1	34.743	34.848	34.81	
21794	1677.2	34.743	34.848	34.81	
21795	1677.3	34.743	34.848	34.811	
21796	1677.4	34.743	34.848	34.811	
21797	1677.5	34.743	34.848	34.811	
21798	1677.6	34.743	34.848	34.811	
21799	1677.7	34.743	34.848	34.811	
21800	1677.8	34.744	34.849	34.811	
21801	1677.9	34.744	34.849	34.811	
21802	1678.	34.744	34.849	34.812	
21803	1678.	34.744	34.849	34.812	
21804	1678.	34.744	34.849	34.812	
21805	1678.	34.744	34.849	34.812	
21806	1678.1	34.744	34.849	34.812	
21807	1678.2	34.744	34.849	34.812	
21808	1678.3	34.744	34.849	34.812	
21809	1678.4	34.745	34.85	34.812	
21810	1678.5	34.745	34.85	34.812	
21811	1678.6	34.745	34.85	34.813	
21812	1678.7	34.745	34.85	34.813	
21813	1678.8	34.745	34.85	34.813	
21814	1678.9	34.745	34.85	34.813	
21815	1679.	34.745	34.85	34.813	
21816	1679.	34.745	34.85	34.813	
21817	1679.	34.745	34.85	34.813	
21818	1679.	34.745	34.851	34.813	
21819	1679.1	34.746	34.851	34.813	
21820	1679.2	34.746	34.851	34.814	
21821	1679.3	34.746	34.851	34.814	
21822	1679.4	34.746	34.851	34.814	
21823	1679.5	34.746	34.851	34.814	
21824	1679.6	34.746	34.851	34.814	
21825	1679.7	34.747	34.852	34.814	
21826	1679.8	34.747	34.852	34.814	
21827	1679.9	34.747	34.852	34.815	
21828	1680.	34.747	34.852	34.815	
21829	1680.	34.747	34.852	34.815	
21830	1680.	34.747	34.852	34.815	
21831	1680.	34.747	34.852	34.815	
21832	1680.1	34.747	34.852	34.815	
21833	1680.2	34.747	34.852	34.815	
21834	1680.3	34.747	34.853	34.815	
21835	1680.4	34.748	34.853	34.815	
21836	1680.5	34.748	34.853	34.816	
21837	1680.6	34.748	34.853	34.816	
21838	1680.7	34.748	34.853	34.816	
21839	1680.8	34.748	34.853	34.816	
21840	1680.9	34.748	34.853	34.816	
21841	1681.	34.749	34.854	34.816	
21842	1681.	34.749	34.854	34.816	
21843	1681.	34.749	34.854	34.816	
21844	1681.	34.749	34.854	34.816	
21845	1681.1	34.749	34.854	34.816	
21846	1681.2	34.749	34.854	34.817	
21847	1681.3	34.749	34.854	34.817	
21848	1681.4	34.749	34.854	34.817	
21849	1681.5	34.749	34.854	34.817	
21850	1681.6	34.75	34.855	34.817	
21851	1681.7	34.75	34.855	34.817	
21852	1681.8	34.75	34.855	34.818	
21853	1681.9	34.75	34.855	34.818	
21854	1682.	34.75	34.855	34.818	
21855	1682.	34.75	34.855	34.818	
21856	1682.	34.75	34.855	34.818	
21857	1682.	34.75	34.855	34.818	
21858	1682.1	34.75	34.855	34.818	
21859	1682.2	34.75	34.856	34.818	
21860	1682.3	34.751	34.856	34.818	
21861	1682.4	34.751	34.856	34.819	
21862	1682.5	34.751	34.856	34.819	
21863	1682.6	34.751	34.856	34.819	
21864	1682.7	34.751	34.856	34.819	
21865	1682.8	34.751	34.856	34.819	
21866	1682.9	34.752	34.857	34.819	
21867	1683.	34.752	34.857	34.819	
21868	1683.	34.752	34.857	34.819	
21869	1683.	34.752	34.857	34.819	
21870	1683.	34.752	34.857	34.819	
21871	1683.1	34.752	34.857	34.82	
21872	1683.2	34.752	34.857	34.82	
21873	1683.3	34.752	34.857	34.82	
21874	1683.4	34.752	34.857	34.82	
21875	1683.5	34.752	34.858	34.82	
21876	1683.6	34.753	34.858	34.82	
21877	1683.7	34.753	34.858	34.821	
21878	1683.8	34.753	34.858	34.821	
21879	1683.9	34.753	34.858	34.821	
21880	1684.	34.753	34.858	34.821	
21881	1684.	34.753	34.858	34.821	
21882	1684.	34.753	34.858	34.821	
21883	1684.	34.753	34.858	34.821	
21884	1684.1	34.753	34.859	34.821	
21885	1684.2	34.754	34.859	34.821	
21886	1684.3	34.754	34.859	34.821	
21887	1684.4	34.754	34.859	34.822	
21888	1684.5	34.754	34.859	34.822	
21889	1684.6	34.754	34.859	34.822	
21890	1684.7	34.754	34.859	34.822	
21891	1684.8	34.755	34.86	34.822	
21892	1684.9	34.755	34.86	34.822	
21893	1685.	34.755	34.86	34.823	
21894	1685.	34.755	34.86	34.823	
21895	1685.	34.755	34.86	34.823	
21896	1685.	34.755	34.86	34.823	
21897	1685.1	34.755	34.86	34.823	
21898	1685.2	34.755	34.86	34.823	
21899	1685.3	34.755	34.86	34.823	
21900	1685.4	34.755	34.861	34.823	
21901	1685.5	34.756	34.861	34.823	
21902	1685.6	34.756	34.861	34.824	
21903	1685.7	34.756	34.861	34.824	
21904	1685.8	34.756	34.861	34.824	
21905	1685.9	34.756	34.861	34.824	
21906	1686.	34.756	34.861	34.824	
21907	1686.	34.756	34.861	34.824	
21908	1686.	34.756	34.861	34.824	
21909	1686.	34.756	34.862	34.824	
21910	1686.1	34.757	34.862	34.824	
21911	1686.2	34.757	34.862	34.824	
21912	1686.3	34.757	34.862	34.825	
21913	1686.4	34.757	34.862	34.825	
21914	1686.5	34.757	34.862	34.825	
21915	1686.6	34.757	34.862	34.825	
21916	1686.7	34.757	34.863	34.825	
21917	1686.8	34.758	34.863	34.825	
21918	1686.9	34.758	34.863	34.826	
21919	1687.	34.758	34.863	34.826	
21920	1687.	34.758	34.863	34.826	
21921	1687.	34.758	34.863	34.826	
21922	1687.	34.758	34.863	34.826	
21923	1687.1	34.758	34.863	34.826	
21924	1687.2	34.758	34.863	34.826	
21925	1687.3	34.758	34.864	34.826	
21926	1687.4	34.759	34.864	34.826	
21927	1687.5	34.759	34.864	34.827	
21928	1687.6	34.759	34.864	34.827	
21929	1687.7	34.759	34.864	34.827	
21930	1687.8	34.759	34.864	34.827	
21931	1687.9	34.759	34.864	34.827	
21932	1688.	34.759	34.865	34.827	
21933	1688.	34.759	34.865	34.827	
21934	1688.	34.759	34.865	34.827	
21935	1688.	34.76	34.865	34.827	
21936	1688.1	34.76	34.865	34.827	
21937	1688.2	34.76	34.865	34.828	
21938	1688.3	34.76	34.865	34.828	
21939	1688.4	34.76	34.865	34.828	
21940	1688.5	34.76	34.865	34.828	
21941	1688.6	34.76	34.866	34.828	
21942	1688.7	34.761	34.866	34.828	
21943	1688.8	34.761	34.866	34.829	
21944	1688.9	34.761	34.866	34.829	
21945	1689.	34.761	34.866	34.829	
21946	1689.	34.761	34.866	34.829	
21947	1689.	34.761	34.866	34.829	
21948	1689.	34.761	34.866	34.829	
21949	1689.1	34.761	34.866	34.829	
21950	1689.2	34.761	34.867	34.829	
21951	1689.3	34.762	34.867	34.829	
21952	1689.4	34.762	34.867	34.829	
21953	1689.5	34.762	34.867	34.83	
21954	1689.6	34.762	34.867	34.83	
21955	1689.7	34.762	34.867	34.83	
21956	1689.8	34.762	34.867	34.83	
21957	1689.9	34.762	34.868	34.83	
21958	1690.	34.763	34.868	34.83	
21959	1690.	34.763	34.868	34.83	
21960	1690.	34.763	34.868	34.83	
21961	1690.	34.763	34.868	34.83	
21962	1690.1	34.763	34.868	34.831	
21963	1690.2	34.763	34.868	34.831	
21964	1690.3	34.763	34.868	34.831	
21965	1690.4	34.763	34.868	34.831	
21966	1690.5	34.763	34.869	34.831	
21967	1690.6	34.764	34.869	34.831	
21968	1690.7	34.764	34.869	34.832	
21969	1690.8	34.764	34.869	34.832	
21970	1690.9	34.764	34.869	34.832	
21971	1691.	34.764	34.869	34.832	
21972	1691.	34.764	34.869	34.832	
21973	1691.	34.764	34.869	34.832	
21974	1691.	34.764	34.869	34.832	
21975	1691.1	34.764	34.87	34.832	
21976	1691.2	34.764	34.87	34.832	
21977	1691.3	34.765	34.87	34.832	
21978	1691.4	34.765	34.87	34.833	
21979	1691.5	34.765	34.87	34.833	
21980	1691.6	34.765	34.87	34.833	
21981	1691.7	34.765	34.87	34.833	
21982	1691.8	34.765	34.871	34.833	
21983	1691.9	34.766	34.871	34.833	
21984	1692.	34.766	34.871	34.834	
21985	1692.	34.766	34.871	34.834	
21986	1692.	34.766	34.871	34.834	
21987	1692.	34.766	34.871	34.834	
21988	1692.1	34.766	34.871	34.834	
21989	1692.2	34.766	34.871	34.834	
21990	1692.3	34.766	34.871	34.834	
21991	1692.4	34.766	34.872	34.834	
21992	1692.5	34.767	34.872	34.834	
21993	1692.6	34.767	34.872	34.835	
21994	1692.7	34.767	34.872	34.835	
21995	1692.8	34.767	34.872	34.835	
21996	1692.9	34.767	34.872	34.835	
21997	1693.	34.767	34.872	34.835	
21998	1693.	34.767	34.872	34.835	
21999	1693.	34.767	34.872	34.835	
22000	1693.	34.767	34.873	34.835	
22001	1693.1	34.767	34.873	34.835	
22002	1693.2	34.768	34.873	34.835	
22003	1693.3	34.768	34.873	34.836	
22004	1693.4	34.768	34.873	34.836	
22005	1693.5	34.768	34.873	34.836	
22006	1693.6	34.768	34.873	34.836	
22007	1693.7	34.768	34.874	34.836	
22008	1693.8	34.769	34.874	34.836	
22009	1693.9	34.769	34.874	34.837	
22010	1694.	34.769	34.874	34.837	
22011	1694.	34.769	34.874	34.837	
22012	1694.	34.769	34.874	34.837	
22013	1694.	34.769	34.874	34.837	
22014	1694.1	34.769	34.874	34.837	
22015	1694.2	34.769	34.874	34.837	
22016	1694.3	34.769	34.875	34.837	
22017	1694.4	34.769	34.875	34.837	
22018	1694.5	34.77	34.875	34.837	
22019	1694.6	34.77	34.875	34.838	
22020	1694.7	34.77	34.875	34.838	
22021	1694.8	34.77	34.875	34.838	
22022	1694.9	34.77	34.875	34.838	
22023	1695.	34.77	34.876	34.838	
22024	1695.	34.77	34.876	34.838	
22025	1695.	34.77	34.876	34.838	
22026	1695.	34.77	34.876	34.838	
22027	1695.1	34.771	34.876	34.838	
22028	1695.2	34.771	34.876	34.839	
22029	1695.3	34.771	34.876	34.839	
22030	1695.4	34.771	34.876	34.839	
22031	1695.5	34.771	34.876	34.839	
22032	1695.6	34.771	34.877	34.839	
22033	1695.7	34.772	34.877	34.839	
22034	1695.8	34.772	34.877	34.84	
22035	1695.9	34.772	34.877	34.84	
22036	1696.	34.772	34.877	34.84	
22037	1696.	34.772	34.877	34.84	
22038	1696.	34.772	34.877	34.84	
22039	1696.	34.772	34.877	34.84	
22040	1696.1	34.772	34.877	34.84	
22041	1696.2	34.772	34.878	34.84	
22042	1696.3	34.772	34.878	34.84	
22043	1696.4	34.773	34.878	34.84	
22044	1696.5	34.773	34.878	34.841	
22045	1696.6	34.773	34.878	34.841	
22046	1696.7	34.773	34.878	34.841	
22047	1696.8	34.773	34.878	34.841	
22048	1696.9	34.773	34.879	34.841	
22049	1697.	34.773	34.879	34.841	
22050	1697.	34.773	34.879	34.841	
22051	1697.	34.774	34.879	34.841	
22052	1697.	34.774	34.879	34.841	
22053	1697.1	34.774	34.879	34.842	
22054	1697.2	34.774	34.879	34.842	
22055	1697.3	34.774	34.879	34.842	
22056	1697.4	34.774	34.879	34.842	
22057	1697.5	34.774	34.88	34.842	
22058	1697.6	34.774	34.88	34.842	
22059	1697.7	34.775	34.88	34.843	
22060	1697.8	34.775	34.88	34.843	
22061	1697.9	34.775	34.88	34.843	
22062	1698.	34.775	34.88	34.843	
22063	1698.	34.775	34.88	34.843	
22064	1698.	34.775	34.88	34.843	
22065	1698.	34.775	34.88	34.843	
22066	1698.1	34.775	34.881	34.843	
22067	1698.2	34.775	34.881	34.843	
22068	1698.3	34.776	34.881	34.843	
22069	1698.4	34.776	34.881	34.844	
22070	1698.5	34.776	34.881	34.844	
22071	1698.6	34.776	34.881	34.844	
22072	1698.7	34.776	34.881	34.844	
22073	1698.8	34.776	34.882	34.844	
22074	1698.9	34.777	34.882	34.844	
22075	1699.	34.777	34.882	34.844	
22076	1699.	34.777	34.882	34.844	
22077	1699.	34.777	34.882	34.845	
22078	1699.	34.777	34.882	34.845	
22079	1699.1	34.777	34.882	34.845	
22080	1699.2	34.777	34.882	34.845	
22081	1699.3	34.777	34.882	34.845	
22082	1699.4	34.777	34.883	34.845	
22083	1699.5	34.777	34.883	34.845	
22084	1699.6	34.778	34.883	34.845	
22085	1699.7	34.778	34.883	34.846	
22086	1699.8	34.778	34.883	34.846	
22087	1699.9	34.778	34.883	34.846	
22088	1700.	34.778	34.883	34.846	
22089	1700.	34.778	34.883	34.846	
22090	1700.	34.778	34.883	34.846	
22091	1700.	34.778	34.884	34.846	
22092	1700.1	34.778	34.884	34.846	
22093	1700.2	34.779	34.884	34.846	
22094	1700.3	34.779	34.884	34.847	
22095	1700.4	34.779	34.884	34.847	
22096	1700.5	34.779	34.884	34.847	
22097	1700.6	34.779	34.884	34.847	
22098	1700.7	34.779	34.885	34.847	
22099	1700.8	34.779	34.885	34.847	
22100	1700.9	34.78	34.885	34.848	
22101	1701.	34.78	34.885	34.848	
22102	1701.	34.78	34.885	34.848	
22103	1701.	34.78	34.885	34.848	
22104	1701.	34.78	34.885	34.848	
22105	1701.1	34.78	34.885	34.848	
22106	1701.2	34.78	34.885	34.848	
22107	1701.3	34.78	34.886	34.848	
22108	1701.4	34.78	34.886	34.848	
22109	1701.5	34.781	34.886	34.848	
22110	1701.6	34.781	34.886	34.849	
22111	1701.7	34.781	34.886	34.849	
22112	1701.8	34.781	34.886	34.849	
22113	1701.9	34.781	34.887	34.849	
22114	1702.	34.781	34.887	34.849	
22115	1702.	34.781	34.887	34.849	
22116	1702.	34.781	34.887	34.849	
22117	1702.	34.781	34.887	34.849	
22118	1702.1	34.781	34.887	34.849	
22119	1702.2	34.782	34.887	34.85	
22120	1702.3	34.782	34.887	34.85	
22121	1702.4	34.782	34.887	34.85	
22122	1702.5	34.782	34.887	34.85	
22123	1702.6	34.782	34.888	34.85	
22124	1702.7	34.782	34.888	34.85	
22125	1702.8	34.783	34.888	34.851	
22126	1702.9	34.783	34.888	34.851	
22127	1703.	34.783	34.888	34.851	
22128	1703.	34.783	34.888	34.851	
22129	1703.	34.783	34.888	34.851	
22130	1703.	34.783	34.888	34.851	
22131	1703.1	34.783	34.888	34.851	
22132	1703.2	34.783	34.889	34.851	
22133	1703.3	34.783	34.889	34.851	
22134	1703.4	34.784	34.889	34.851	
22135	1703.5	34.784	34.889	34.852	
22136	1703.6	34.784	34.889	34.852	
22137	1703.7	34.784	34.889	34.852	
22138	1703.8	34.784	34.889	34.852	
22139	1703.9	34.784	34.89	34.852	
22140	1704.	34.784	34.89	34.852	
22141	1704.	34.784	34.89	34.852	
22142	1704.	34.784	34.89	34.852	
22143	1704.	34.784	34.89	34.852	
22144	1704.1	34.785	34.89	34.853	
22145	1704.2	34.785	34.89	34.853	
22146	1704.3	34.785	34.89	34.853	
22147	1704.4	34.785	34.89	34.853	
22148	1704.5	34.785	34.891	34.853	
22149	1704.6	34.785	34.891	34.853	
22150	1704.7	34.786	34.891	34.853	
22151	1704.8	34.786	34.891	34.854	
22152	1704.9	34.786	34.891	34.854	
22153	1705.	34.786	34.891	34.854	
22154	1705.	34.786	34.891	34.854	
22155	1705.	34.786	34.891	34.854	
22156	1705.	34.786	34.891	34.854	
22157	1705.1	34.786	34.892	34.854	
22158	1705.2	34.786	34.892	34.854	
22159	1705.3	34.786	34.892	34.854	
22160	1705.4	34.787	34.892	34.855	
22161	1705.5	34.787	34.892	34.855	
22162	1705.6	34.787	34.892	34.855	
22163	1705.7	34.787	34.892	34.855	
22164	1705.8	34.787	34.893	34.855	
22165	1705.9	34.787	34.893	34.855	
22166	1706.	34.788	34.893	34.855	
22167	1706.	34.788	34.893	34.855	
22168	1706.	34.788	34.893	34.855	
22169	1706.	34.788	34.893	34.856	
22170	1706.1	34.788	34.893	34.856	
22171	1706.2	34.788	34.893	34.856	
22172	1706.3	34.788	34.893	34.856	
22173	1706.4	34.788	34.894	34.856	
22174	1706.5	34.788	34.894	34.856	
22175	1706.6	34.789	34.894	34.856	
22176	1706.7	34.789	34.894	34.857	
22177	1706.8	34.789	34.894	34.857	
22178	1706.9	34.789	34.894	34.857	
22179	1707.	34.789	34.894	34.857	
22180	1707.	34.789	34.894	34.857	
22181	1707.	34.789	34.894	34.857	
22182	1707.	34.789	34.895	34.857	
22183	1707.1	34.789	34.895	34.857	
22184	1707.2	34.789	34.895	34.857	
22185	1707.3	34.79	34.895	34.858	
22186	1707.4	34.79	34.895	34.858	
22187	1707.5	34.79	34.895	34.858	
22188	1707.6	34.79	34.895	34.858	
22189	1707.7	34.79	34.896	34.858	
22190	1707.8	34.79	34.896	34.858	
22191	1707.9	34.791	34.896	34.859	
22192	1708.	34.791	34.896	34.859	
22193	1708.	34.791	34.896	34.859	
22194	1708.	34.791	34.896	34.859	
22195	1708.	34.791	34.896	34.859	
22196	1708.1	34.791	34.896	34.859	
22197	1708.2	34.791	34.896	34.859	
22198	1708.3	34.791	34.897	34.859	
22199	1708.4	34.791	34.897	34.859	
22200	1708.5	34.791	34.897	34.859	
22201	1708.6	34.792	34.897	34.86	
22202	1708.7	34.792	34.897	34.86	
22203	1708.8	34.792	34.897	34.86	
22204	1708.9	34.792	34.898	34.86	
22205	1709.	34.792	34.898	34.86	
22206	1709.	34.792	34.898	34.86	
22207	1709.	34.792	34.898	34.86	
22208	1709.	34.792	34.898	34.86	
22209	1709.1	34.792	34.898	34.86	
22210	1709.2	34.793	34.898	34.861	
22211	1709.3	34.793	34.898	34.861	
22212	1709.4	34.793	34.898	34.861	
22213	1709.5	34.793	34.898	34.861	
22214	1709.6	34.793	34.899	34.861	
22215	1709.7	34.793	34.899	34.861	
22216	1709.8	34.794	34.899	34.861	
22217	1709.9	34.794	34.899	34.862	
22218	1710.	34.794	34.899	34.862	
22219	1710.	34.794	34.899	34.862	
22220	1710.	34.794	34.899	34.862	
22221	1710.	34.794	34.899	34.862	
22222	1710.1	34.794	34.899	34.862	
22223	1710.2	34.794	34.9	34.862	
22224	1710.3	34.794	34.9	34.862	
22225	1710.4	34.794	34.9	34.862	
22226	1710.5	34.795	34.9	34.863	
22227	1710.6	34.795	34.9	34.863	
22228	1710.7	34.795	34.9	34.863	
22229	1710.8	34.795	34.901	34.863	
22230	1710.9	34.795	34.901	34.863	
22231	1711.	34.795	34.901	34.863	
22232	1711.	34.795	34.901	34.863	
22233	1711.	34.795	34.901	34.863	
22234	1711.	34.795	34.901	34.863	
22235	1711.1	34.796	34.901	34.864	
22236	1711.2	34.796	34.901	34.864	
22237	1711.3	34.796	34.901	34.864	
22238	1711.4	34.796	34.901	34.864	
22239	1711.5	34.796	34.902	34.864	
22240	1711.6	34.796	34.902	34.864	
22241	1711.7	34.796	34.902	34.864	
22242	1711.8	34.797	34.902	34.865	
22243	1711.9	34.797	34.902	34.865	
22244	1712.	34.797	34.902	34.865	
22245	1712.	34.797	34.902	34.865	
22246	1712.	34.797	34.902	34.865	
22247	1712.	34.797	34.902	34.865	
22248	1712.1	34.797	34.903	34.865	
22249	1712.2	34.797	34.903	34.865	
22250	1712.3	34.797	34.903	34.865	
22251	1712.4	34.798	34.903	34.866	
22252	1712.5	34.798	34.903	34.866	
22253	1712.6	34.798	34.903	34.866	
22254	1712.7	34.798	34.903	34.866	
22255	1712.8	34.798	34.904	34.866	
22256	1712.9	34.798	34.904	34.866	
22257	1713.	34.798	34.904	34.866	
22258	1713.	34.798	34.904	34.866	
22259	1713.	34.798	34.904	34.866	
22260	1713.	34.799	34.904	34.867	
22261	1713.1	34.799	34.904	34.867	
22262	1713.2	34.799	34.904	34.867	
22263	1713.3	34.799	34.904	34.867	
22264	1713.4	34.799	34.905	34.867	
22265	1713.5	34.799	34.905	34.867	
22266	1713.6	34.799	34.905	34.867	
22267	1713.7	34.8	34.905	34.868	
22268	1713.8	34.8	34.905	34.868	
22269	1713.9	34.8	34.905	34.868	
22270	1714.	34.8	34.905	34.868	
22271	1714.	34.8	34.905	34.868	
22272	1714.	34.8	34.906	34.868	
22273	1714.	34.8	34.906	34.868	
22274	1714.1	34.8	34.906	34.868	
22275	1714.2	34.8	34.906	34.868	
22276	1714.3	34.801	34.906	34.869	
22277	1714.4	34.801	34.906	34.869	
22278	1714.5	34.801	34.906	34.869	
22279	1714.6	34.801	34.906	34.869	
22280	1714.7	34.801	34.907	34.869	
22281	1714.8	34.801	34.907	34.869	
22282	1714.9	34.801	34.907	34.869	
22283	1715.	34.802	34.907	34.87	
22284	1715.	34.802	34.907	34.87	
22285	1715.	34.802	34.907	34.87	
22286	1715.	34.802	34.907	34.87	
22287	1715.1	34.802	34.907	34.87	
22288	1715.2	34.802	34.907	34.87	
22289	1715.3	34.802	34.908	34.87	
22290	1715.4	34.802	34.908	34.87	
22291	1715.5	34.802	34.908	34.87	
22292	1715.6	34.803	34.908	34.871	
22293	1715.7	34.803	34.908	34.871	
22294	1715.8	34.803	34.908	34.871	
22295	1715.9	34.803	34.909	34.871	
22296	1716.	34.803	34.909	34.871	
22297	1716.	34.803	34.909	34.871	
22298	1716.	34.803	34.909	34.871	
22299	1716.	34.803	34.909	34.871	
22300	1716.1	34.803	34.909	34.871	
22301	1716.2	34.803	34.909	34.872	
22302	1716.3	34.804	34.909	34.872	
22303	1716.4	34.804	34.909	34.872	
22304	1716.5	34.804	34.909	34.872	
22305	1716.6	34.804	34.91	34.872	
22306	1716.7	34.804	34.91	34.872	
22307	1716.8	34.804	34.91	34.872	
22308	1716.9	34.805	34.91	34.873	
22309	1717.	34.805	34.91	34.873	
22310	1717.	34.805	34.91	34.873	
22311	1717.	34.805	34.91	34.873	
22312	1717.	34.805	34.91	34.873	
22313	1717.1	34.805	34.91	34.873	
22314	1717.2	34.805	34.911	34.873	
22315	1717.3	34.805	34.911	34.873	
22316	1717.4	34.805	34.911	34.873	
22317	1717.5	34.806	34.911	34.874	
22318	1717.6	34.806	34.911	34.874	
22319	1717.7	34.806	34.911	34.874	
22320	1717.8	34.806	34.912	34.874	
22321	1717.9	34.806	34.912	34.874	
22322	1718.	34.806	34.912	34.874	
22323	1718.	34.806	34.912	34.874	
22324	1718.	34.806	34.912	34.874	
22325	1718.	34.806	34.912	34.874	
22326	1718.1	34.806	34.912	34.875	
22327	1718.2	34.807	34.912	34.875	
22328	1718.3	34.807	34.912	34.875	
22329	1718.4	34.807	34.912	34.875	
22330	1718.5	34.807	34.913	34.875	
22331	1718.6	34.807	34.913	34.875	
22332	1718.7	34.807	34.913	34.875	
22333	1718.8	34.808	34.913	34.876	
22334	1718.9	34.808	34.913	34.876	
22335	1719.	34.808	34.913	34.876	
22336	1719.	34.808	34.913	34.876	
22337	1719.	34.808	34.913	34.876	
22338	1719.	34.808	34.913	34.876	
22339	1719.1	34.808	34.914	34.876	
22340	1719.2	34.808	34.914	34.876	
22341	1719.3	34.808	34.914	34.876	
22342	1719.4	34.808	34.914	34.877	
22343	1719.5	34.809	34.914	34.877	
22344	1719.6	34.809	34.914	34.877	
22345	1719.7	34.809	34.915	34.877	
22346	1719.8	34.809	34.915	34.877	
22347	1719.9	34.809	34.915	34.877	
22348	1720.	34.809	34.915	34.877	
22349	1720.	34.809	34.915	34.877	
22350	1720.	34.809	34.915	34.877	
22351	1720.	34.809	34.915	34.877	
22352	1720.1	34.81	34.915	34.878	
22353	1720.2	34.81	34.915	34.878	
22354	1720.3	34.81	34.915	34.878	
22355	1720.4	34.81	34.916	34.878	
22356	1720.5	34.81	34.916	34.878	
22357	1720.6	34.81	34.916	34.878	
22358	1720.7	34.811	34.916	34.879	
22359	1720.8	34.811	34.916	34.879	
22360	1720.9	34.811	34.916	34.879	
22361	1721.	34.811	34.916	34.879	
22362	1721.	34.811	34.917	34.879	
22363	1721.	34.811	34.917	34.879	
22364	1721.	34.811	34.917	34.879	
22365	1721.1	34.811	34.917	34.879	
22366	1721.2	34.811	34.917	34.879	
22367	1721.3	34.811	34.917	34.88	
22368	1721.4	34.812	34.917	34.88	
22369	1721.5	34.812	34.917	34.88	
22370	1721.6	34.812	34.917	34.88	
22371	1721.7	34.812	34.918	34.88	
22372	1721.8	34.812	34.918	34.88	
22373	1721.9	34.812	34.918	34.88	
22374	1722.	34.812	34.918	34.881	
22375	1722.	34.812	34.918	34.881	
22376	1722.	34.813	34.918	34.881	
22377	1722.	34.813	34.918	34.881	
22378	1722.1	34.813	34.918	34.881	
22379	1722.2	34.813	34.918	34.881	
22380	1722.3	34.813	34.919	34.881	
22381	1722.4	34.813	34.919	34.881	
22382	1722.5	34.813	34.919	34.881	
22383	1722.6	34.813	34.919	34.882	
22384	1722.7	34.814	34.919	34.882	
22385	1722.8	34.814	34.919	34.882	
22386	1722.9	34.814	34.92	34.882	
22387	1723.	34.814	34.92	34.882	
22388	1723.	34.814	34.92	34.882	
22389	1723.	34.814	34.92	34.882	
22390	1723.	34.814	34.92	34.882	
22391	1723.1	34.814	34.92	34.882	
22392	1723.2	34.814	34.92	34.883	
22393	1723.3	34.815	34.92	34.883	
22394	1723.4	34.815	34.92	34.883	
22395	1723.5	34.815	34.92	34.883	
22396	1723.6	34.815	34.921	34.883	
22397	1723.7	34.815	34.921	34.883	
22398	1723.8	34.815	34.921	34.883	
22399	1723.9	34.816	34.921	34.884	
22400	1724.	34.816	34.921	34.884	
22401	1724.	34.816	34.921	34.884	
22402	1724.	34.816	34.921	34.884	
22403	1724.	34.816	34.921	34.884	
22404	1724.1	34.816	34.921	34.884	
22405	1724.2	34.816	34.922	34.884	
22406	1724.3	34.816	34.922	34.884	
22407	1724.4	34.816	34.922	34.884	
22408	1724.5	34.816	34.922	34.885	
22409	1724.6	34.817	34.922	34.885	
22410	1724.7	34.817	34.922	34.885	
22411	1724.8	34.817	34.923	34.885	
22412	1724.9	34.817	34.923	34.885	
22413	1725.	34.817	34.923	34.885	
22414	1725.	34.817	34.923	34.885	
22415	1725.	34.817	34.923	34.885	
22416	1725.	34.817	34.923	34.885	
22417	1725.1	34.817	34.923	34.885	
22418	1725.2	34.818	34.923	34.886	
22419	1725.3	34.818	34.923	34.886	
22420	1725.4	34.818	34.923	34.886	
22421	1725.5	34.818	34.924	34.886	
22422	1725.6	34.818	34.924	34.886	
22423	1725.7	34.818	34.924	34.886	
22424	1725.8	34.818	34.924	34.887	
22425	1725.9	34.819	34.924	34.887	
22426	1726.	34.819	34.924	34.887	
22427	1726.	34.819	34.924	34.887	
22428	1726.	34.819	34.924	34.887	
22429	1726.	34.819	34.924	34.887	
22430	1726.1	34.819	34.925	34.887	
22431	1726.2	34.819	34.925	34.887	
22432	1726.3	34.819	34.925	34.887	
22433	1726.4	34.819	34.925	34.888	
22434	1726.5	34.82	34.925	34.888	
22435	1726.6	34.82	34.925	34.888	
22436	1726.7	34.82	34.926	34.888	
22437	1726.8	34.82	34.926	34.888	
22438	1726.9	34.82	34.926	34.888	
22439	1727.	34.82	34.926	34.888	
22440	1727.	34.82	34.926	34.888	
22441	1727.	34.82	34.926	34.888	
22442	1727.	34.82	34.926	34.888	
22443	1727.1	34.82	34.926	34.889	
22444	1727.2	34.821	34.926	34.889	
22445	1727.3	34.821	34.926	34.889	
22446	1727.4	34.821	34.927	34.889	
22447	1727.5	34.821	34.927	34.889	
22448	1727.6	34.821	34.927	34.889	
22449	1727.7	34.821	34.927	34.89	
22450	1727.8	34.822	34.927	34.89	
22451	1727.9	34.822	34.927	34.89	
22452	1728.	34.822	34.928	34.89	
22453	1728.	34.822	34.928	34.89	
22454	1728.	34.822	34.928	34.89	
22455	1728.	34.822	34.928	34.89	
22456	1728.1	34.822	34.928	34.89	
22457	1728.2	34.822	34.928	34.89	
22458	1728.3	34.822	34.928	34.891	
22459	1728.4	34.823	34.928	34.891	
22460	1728.5	34.823	34.928	34.891	
22461	1728.6	34.823	34.929	34.891	
22462	1728.7	34.823	34.929	34.891	
22463	1728.8	34.823	34.929	34.891	
22464	1728.9	34.823	34.929	34.891	
22465	1729.	34.823	34.929	34.892	
22466	1729.	34.823	34.929	34.892	
22467	1729.	34.823	34.929	34.892	
22468	1729.	34.823	34.929	34.892	
22469	1729.1	34.824	34.929	34.892	
22470	1729.2	34.824	34.929	34.892	
22471	1729.3	34.824	34.93	34.892	
22472	1729.4	34.824	34.93	34.892	
22473	1729.5	34.824	34.93	34.892	
22474	1729.6	34.824	34.93	34.893	
22475	1729.7	34.825	34.93	34.893	
22476	1729.8	34.825	34.93	34.893	
22477	1729.9	34.825	34.931	34.893	
22478	1730.	34.825	34.931	34.893	
22479	1730.	34.825	34.931	34.893	
22480	1730.	34.825	34.931	34.893	
22481	1730.	34.825	34.931	34.893	
22482	1730.1	34.825	34.931	34.893	
22483	1730.2	34.825	34.931	34.893	
22484	1730.3	34.825	34.931	34.894	
22485	1730.4	34.826	34.931	34.894	
22486	1730.5	34.826	34.932	34.894	
22487	1730.6	34.826	34.932	34.894	
22488	1730.7	34.826	34.932	34.894	
22489	1730.8	34.826	34.932	34.894	
22490	1730.9	34.826	34.932	34.895	
22491	1731.	34.827	34.932	34.895	
22492	1731.	34.827	34.932	34.895	
22493	1731.	34.827	34.932	34.895	
22494	1731.	34.827	34.932	34.895	
22495	1731.1	34.827	34.932	34.895	
22496	1731.2	34.827	34.933	34.895	
22497	1731.3	34.827	34.933	34.895	
22498	1731.4	34.827	34.933	34.895	
22499	1731.5	34.827	34.933	34.896	
22500	1731.6	34.828	34.933	34.896	
22501	1731.7	34.828	34.933	34.896	
22502	1731.8	34.828	34.934	34.896	
22503	1731.9	34.828	34.934	34.896	
22504	1732.	34.828	34.934	34.896	
22505	1732.	34.828	34.934	34.896	
22506	1732.	34.828	34.934	34.896	
22507	1732.	34.828	34.934	34.896	
22508	1732.1	34.828	34.934	34.896	
22509	1732.2	34.828	34.934	34.897	
22510	1732.3	34.829	34.934	34.897	
22511	1732.4	34.829	34.934	34.897	
22512	1732.5	34.829	34.935	34.897	
22513	1732.6	34.829	34.935	34.897	
22514	1732.7	34.829	34.935	34.897	
22515	1732.8	34.829	34.935	34.898	
22516	1732.9	34.83	34.935	34.898	
22517	1733.	34.83	34.935	34.898	
22518	1733.	34.83	34.935	34.898	
22519	1733.	34.83	34.935	34.898	
22520	1733.	34.83	34.935	34.898	
22521	1733.1	34.83	34.936	34.898	
22522	1733.2	34.83	34.936	34.898	
22523	1733.3	34.83	34.936	34.898	
22524	1733.4	34.83	34.936	34.899	
22525	1733.5	34.83	34.936	34.899	
22526	1733.6	34.831	34.936	34.899	
22527	1733.7	34.831	34.937	34.899	
22528	1733.8	34.831	34.937	34.899	
22529	1733.9	34.831	34.937	34.899	
22530	1734.	34.831	34.937	34.899	
22531	1734.	34.831	34.937	34.899	
22532	1734.	34.831	34.937	34.899	
22533	1734.	34.831	34.937	34.899	
22534	1734.1	34.831	34.937	34.9	
22535	1734.2	34.832	34.937	34.9	
22536	1734.3	34.832	34.937	34.9	
22537	1734.4	34.832	34.938	34.9	
22538	1734.5	34.832	34.938	34.9	
22539	1734.6	34.832	34.938	34.9	
22540	1734.7	34.832	34.938	34.901	
22541	1734.8	34.833	34.938	34.901	
22542	1734.9	34.833	34.938	34.901	
22543	1735.	34.833	34.939	34.901	
22544	1735.	34.833	34.939	34.901	
22545	1735.	34.833	34.939	34.901	
22546	1735.	34.833	34.939	34.901	
22547	1735.1	34.833	34.939	34.901	
22548	1735.2	34.833	34.939	34.901	
22549	1735.3	34.833	34.939	34.901	
22550	1735.4	34.833	34.939	34.902	
22551	1735.5	34.834	34.939	34.902	
22552	1735.6	34.834	34.94	34.902	
22553	1735.7	34.834	34.94	34.902	
22554	1735.8	34.834	34.94	34.902	
22555	1735.9	34.834	34.94	34.902	
22556	1736.	34.834	34.94	34.903	
22557	1736.	34.834	34.94	34.903	
22558	1736.	34.834	34.94	34.903	
22559	1736.	34.834	34.94	34.903	
22560	1736.1	34.835	34.94	34.903	
22561	1736.2	34.835	34.94	34.903	
22562	1736.3	34.835	34.941	34.903	
22563	1736.4	34.835	34.941	34.903	
22564	1736.5	34.835	34.941	34.903	
22565	1736.6	34.835	34.941	34.904	
22566	1736.7	34.835	34.941	34.904	
22567	1736.8	34.836	34.941	34.904	
22568	1736.9	34.836	34.942	34.904	
22569	1737.	34.836	34.942	34.904	
22570	1737.	34.836	34.942	34.904	
22571	1737.	34.836	34.942	34.904	
22572	1737.	34.836	34.942	34.904	
22573	1737.1	34.836	34.942	34.904	
22574	1737.2	34.836	34.942	34.904	
22575	1737.3	34.836	34.942	34.905	
22576	1737.4	34.837	34.942	34.905	
22577	1737.5	34.837	34.943	34.905	
22578	1737.6	34.837	34.943	34.905	
22579	1737.7	34.837	34.943	34.905	
22580	1737.8	34.837	34.943	34.905	
22581	1737.9	34.837	34.943	34.906	
22582	1738.	34.837	34.943	34.906	
22583	1738.	34.837	34.943	34.906	
22584	1738.	34.837	34.943	34.906	
22585	1738.	34.838	34.943	34.906	
22586	1738.1	34.838	34.943	34.906	
22587	1738.2	34.838	34.944	34.906	
22588	1738.3	34.838	34.944	34.906	
22589	1738.4	34.838	34.944	34.906	
22590	1738.5	34.838	34.944	34.907	
22591	1738.6	34.838	34.944	34.907	
22592	1738.7	34.839	34.944	34.907	
22593	1738.8	34.839	34.945	34.907	
22594	1738.9	34.839	34.945	34.907	
22595	1739.	34.839	34.945	34.907	
22596	1739.	34.839	34.945	34.907	
22597	1739.	34.839	34.945	34.907	
22598	1739.	34.839	34.945	34.907	
22599	1739.1	34.839	34.945	34.907	
22600	1739.2	34.839	34.945	34.908	
22601	1739.3	34.84	34.945	34.908	
22602	1739.4	34.84	34.946	34.908	
22603	1739.5	34.84	34.946	34.908	
22604	1739.6	34.84	34.946	34.908	
22605	1739.7	34.84	34.946	34.908	
22606	1739.8	34.84	34.946	34.909	
22607	1739.9	34.84	34.946	34.909	
22608	1740.	34.841	34.946	34.909	
22609	1740.	34.841	34.946	34.909	
22610	1740.	34.841	34.946	34.909	
22611	1740.	34.841	34.946	34.909	
22612	1740.1	34.841	34.947	34.909	
22613	1740.2	34.841	34.947	34.909	
22614	1740.3	34.841	34.947	34.909	
22615	1740.4	34.841	34.947	34.909	
22616	1740.5	34.841	34.947	34.91	
22617	1740.6	34.842	34.947	34.91	
22618	1740.7	34.842	34.948	34.91	
22619	1740.8	34.842	34.948	34.91	
22620	1740.9	34.842	34.948	34.91	
22621	1741.	34.842	34.948	34.91	
22622	1741.	34.842	34.948	34.91	
22623	1741.	34.842	34.948	34.91	
22624	1741.	34.842	34.948	34.91	
22625	1741.1	34.842	34.948	34.911	
22626	1741.2	34.843	34.948	34.911	
22627	1741.3	34.843	34.949	34.911	
22628	1741.4	34.843	34.949	34.911	
22629	1741.5	34.843	34.949	34.911	
22630	1741.6	34.843	34.949	34.911	
22631	1741.7	34.843	34.949	34.912	
22632	1741.8	34.843	34.949	34.912	
22633	1741.9	34.844	34.949	34.912	
22634	1742.	34.844	34.95	34.912	
22635	1742.	34.844	34.95	34.912	
22636	1742.	34.844	34.95	34.912	
22637	1742.	34.844	34.95	34.912	
22638	1742.1	34.844	34.95	34.912	
22639	1742.2	34.844	34.95	34.912	
22640	1742.3	34.844	34.95	34.912	
22641	1742.4	34.844	34.95	34.913	
22642	1742.5	34.845	34.95	34.913	
22643	1742.6	34.845	34.951	34.913	
22644	1742.7	34.845	34.951	34.913	
22645	1742.8	34.845	34.951	34.913	
22646	1742.9	34.845	34.951	34.913	
22647	1743.	34.845	34.951	34.914	
22648	1743.	34.845	34.951	34.914	
22649	1743.	34.845	34.951	34.914	
22650	1743.	34.845	34.951	34.914	
22651	1743.1	34.845	34.951	34.914	
22652	1743.2	34.846	34.951	34.914	
22653	1743.3	34.846	34.952	34.914	
22654	1743.4	34.846	34.952	34.914	
22655	1743.5	34.846	34.952	34.914	
22656	1743.6	34.846	34.952	34.915	
22657	1743.7	34.846	34.952	34.915	
22658	1743.8	34.847	34.952	34.915	
22659	1743.9	34.847	34.953	34.915	
22660	1744.	34.847	34.953	34.915	
22661	1744.	34.847	34.953	34.915	
22662	1744.	34.847	34.953	34.915	
22663	1744.	34.847	34.953	34.915	
22664	1744.1	34.847	34.953	34.915	
22665	1744.2	34.847	34.953	34.915	
22666	1744.3	34.847	34.953	34.916	
22667	1744.4	34.848	34.953	34.916	
22668	1744.5	34.848	34.954	34.916	
22669	1744.6	34.848	34.954	34.916	
22670	1744.7	34.848	34.954	34.916	
22671	1744.8	34.848	34.954	34.916	
22672	1744.9	34.848	34.954	34.917	
22673	1745.	34.848	34.954	34.917	
22674	1745.	34.848	34.954	34.917	
22675	1745.	34.848	34.954	34.917	
22676	1745.	34.848	34.954	34.917	
22677	1745.1	34.849	34.954	34.917	
22678	1745.2	34.849	34.955	34.917	
22679	1745.3	34.849	34.955	34.917	
22680	1745.4	34.849	34.955	34.917	
22681	1745.5	34.849	34.955	34.918	
22682	1745.6	34.849	34.955	34.918	
22683	1745.7	34.85	34.955	34.918	
22684	1745.8	34.85	34.956	34.918	
22685	1745.9	34.85	34.956	34.918	
22686	1746.	34.85	34.956	34.918	
22687	1746.	34.85	34.956	34.918	
22688	1746.	34.85	34.956	34.918	
22689	1746.	34.85	34.956	34.918	
22690	1746.1	34.85	34.956	34.918	
22691	1746.2	34.85	34.956	34.919	
22692	1746.3	34.85	34.956	34.919	
22693	1746.4	34.851	34.957	34.919	
22694	1746.5	34.851	34.957	34.919	
22695	1746.6	34.851	34.957	34.919	
22696	1746.7	34.851	34.957	34.919	
22697	1746.8	34.851	34.957	34.92	
22698	1746.9	34.851	34.957	34.92	
22699	1747.	34.852	34.957	34.92	
22700	1747.	34.852	34.957	34.92	
22701	1747.	34.852	34.957	34.92	
22702	1747.	34.852	34.957	34.92	
22703	1747.1	34.852	34.958	34.92	
22704	1747.2	34.852	34.958	34.92	
22705	1747.3	34.852	34.958	34.92	
22706	1747.4	34.852	34.958	34.92	
22707	1747.5	34.852	34.958	34.921	
22708	1747.6	34.853	34.958	34.921	
22709	1747.7	34.853	34.959	34.921	
22710	1747.8	34.853	34.959	34.921	
22711	1747.9	34.853	34.959	34.921	
22712	1748.	34.853	34.959	34.921	
22713	1748.	34.853	34.959	34.921	
22714	1748.	34.853	34.959	34.921	
22715	1748.	34.853	34.959	34.921	
22716	1748.1	34.853	34.959	34.922	
22717	1748.2	34.853	34.959	34.922	
22718	1748.3	34.854	34.96	34.922	
22719	1748.4	34.854	34.96	34.922	
22720	1748.5	34.854	34.96	34.922	
22721	1748.6	34.854	34.96	34.922	
22722	1748.7	34.854	34.96	34.923	
22723	1748.8	34.854	34.96	34.923	
22724	1748.9	34.855	34.96	34.923	
22725	1749.	34.855	34.961	34.923	
22726	1749.	34.855	34.961	34.923	
22727	1749.	34.855	34.961	34.923	
22728	1749.	34.855	34.961	34.923	
22729	1749.1	34.855	34.961	34.923	
22730	1749.2	34.855	34.961	34.923	
22731	1749.3	34.855	34.961	34.923	
22732	1749.4	34.855	34.961	34.924	
22733	1749.5	34.855	34.961	34.924	
22734	1749.6	34.856	34.962	34.924	
22735	1749.7	34.856	34.962	34.924	
22736	1749.8	34.856	34.962	34.924	
22737	1749.9	34.856	34.962	34.924	
22738	1750.	34.856	34.962	34.925	
22739	1750.	34.856	34.962	34.925	
22740	1750.	34.856	34.962	34.925	
22741	1750.	34.856	34.962	34.925	
22742	1750.1	34.856	34.962	34.925	
22743	1750.2	34.857	34.963	34.925	
22744	1750.3	34.857	34.963	34.925	
22745	1750.4	34.857	34.963	34.925	
22746	1750.5	34.857	34.963	34.925	
22747	1750.6	34.857	34.963	34.926	
22748	1750.7	34.857	34.963	34.926	
22749	1750.8	34.858	34.963	34.926	
22750	1750.9	34.858	34.964	34.926	
22751	1751.	34.858	34.964	34.926	
22752	1751.	34.858	34.964	34.926	
22753	1751.	34.858	34.964	34.926	
22754	1751.	34.858	34.964	34.926	
22755	1751.1	34.858	34.964	34.926	
22756	1751.2	34.858	34.964	34.926	
22757	1751.3	34.858	34.964	34.927	
22758	1751.4	34.858	34.964	34.927	
22759	1751.5	34.859	34.965	34.927	
22760	1751.6	34.859	34.965	34.927	
22761	1751.7	34.859	34.965	34.927	
22762	1751.8	34.859	34.965	34.927	
22763	1751.9	34.859	34.965	34.928	
22764	1752.	34.859	34.965	34.928	
22765	1752.	34.859	34.965	34.928	
22766	1752.	34.859	34.965	34.928	
22767	1752.	34.859	34.965	34.928	
22768	1752.1	34.86	34.966	34.928	
22769	1752.2	34.86	34.966	34.928	
22770	1752.3	34.86	34.966	34.928	
22771	1752.4	34.86	34.966	34.928	
22772	1752.5	34.86	34.966	34.928	
22773	1752.6	34.86	34.966	34.929	
22774	1752.7	34.86	34.966	34.929	
22775	1752.8	34.861	34.967	34.929	
22776	1752.9	34.861	34.967	34.929	
22777	1753.	34.861	34.967	34.929	
22778	1753.	34.861	34.967	34.929	
22779	1753.	34.861	34.967	34.929	
22780	1753.	34.861	34.967	34.929	
22781	1753.1	34.861	34.967	34.929	
22782	1753.2	34.861	34.967	34.93	
22783	1753.3	34.861	34.967	34.93	
22784	1753.4	34.862	34.968	34.93	
22785	1753.5	34.862	34.968	34.93	
22786	1753.6	34.862	34.968	34.93	
22787	1753.7	34.862	34.968	34.93	
22788	1753.8	34.862	34.968	34.931	
22789	1753.9	34.862	34.968	34.931	
22790	1754.	34.862	34.968	34.931	
22791	1754.	34.862	34.968	34.931	
22792	1754.	34.862	34.968	34.931	
22793	1754.	34.863	34.969	34.931	
22794	1754.1	34.863	34.969	34.931	
22795	1754.2	34.863	34.969	34.931	
22796	1754.3	34.863	34.969	34.931	
22797	1754.4	34.863	34.969	34.931	
22798	1754.5	34.863	34.969	34.932	
22799	1754.6	34.863	34.969	34.932	
22800	1754.7	34.864	34.97	34.932	
22801	1754.8	34.864	34.97	34.932	
22802	1754.9	34.864	34.97	34.932	
22803	1755.	34.864	34.97	34.932	
22804	1755.	34.864	34.97	34.932	
22805	1755.	34.864	34.97	34.932	
22806	1755.	34.864	34.97	34.932	
22807	1755.1	34.864	34.97	34.933	
22808	1755.2	34.864	34.97	34.933	
22809	1755.3	34.865	34.971	34.933	
22810	1755.4	34.865	34.971	34.933	
22811	1755.5	34.865	34.971	34.933	
22812	1755.6	34.865	34.971	34.933	
22813	1755.7	34.865	34.971	34.934	
22814	1755.8	34.865	34.971	34.934	
22815	1755.9	34.865	34.971	34.934	
22816	1756.	34.866	34.972	34.934	
22817	1756.	34.866	34.972	34.934	
22818	1756.	34.866	34.972	34.934	
22819	1756.	34.866	34.972	34.934	
22820	1756.1	34.866	34.972	34.934	
22821	1756.2	34.866	34.972	34.934	
22822	1756.3	34.866	34.972	34.934	
22823	1756.4	34.866	34.972	34.935	
22824	1756.5	34.866	34.972	34.935	
22825	1756.6	34.867	34.973	34.935	
22826	1756.7	34.867	34.973	34.935	
22827	1756.8	34.867	34.973	34.935	
22828	1756.9	34.867	34.973	34.935	
22829	1757.	34.867	34.973	34.935	
22830	1757.	34.867	34.973	34.936	
22831	1757.	34.867	34.973	34.936	
22832	1757.	34.867	34.973	34.936	
22833	1757.1	34.867	34.973	34.936	
22834	1757.2	34.868	34.974	34.936	
22835	1757.3	34.868	34.974	34.936	
22836	1757.4	34.868	34.974	34.936	
22837	1757.5	34.868	34.974	34.936	
22838	1757.6	34.868	34.974	34.937	
22839	1757.7	34.868	34.974	34.937	
22840	1757.8	34.868	34.974	34.937	
22841	1757.9	34.869	34.975	34.937	
22842	1758.	34.869	34.975	34.937	
22843	1758.	34.869	34.975	34.937	
22844	1758.	34.869	34.975	34.937	
22845	1758.	34.869	34.975	34.937	
22846	1758.1	34.869	34.975	34.937	
22847	1758.2	34.869	34.975	34.937	
22848	1758.3	34.869	34.975	34.938	
22849	1758.4	34.869	34.975	34.938	
22850	1758.5	34.87	34.976	34.938	
22851	1758.6	34.87	34.976	34.938	
22852	1758.7	34.87	34.976	34.938	
22853	1758.8	34.87	34.976	34.938	
22854	1758.9	34.87	34.976	34.939	
22855	1759.	34.87	34.976	34.939	
22856	1759.	34.87	34.976	34.939	
22857	1759.	34.87	34.976	34.939	
22858	1759.	34.87	34.976	34.939	
22859	1759.1	34.87	34.977	34.939	
22860	1759.2	34.871	34.977	34.939	
22861	1759.3	34.871	34.977	34.939	
22862	1759.4	34.871	34.977	34.939	
22863	1759.5	34.871	34.977	34.939	
22864	1759.6	34.871	34.977	34.94	
22865	1759.7	34.871	34.977	34.94	
22866	1759.8	34.872	34.978	34.94	
22867	1759.9	34.872	34.978	34.94	
22868	1760.	34.872	34.978	34.94	
22869	1760.	34.872	34.978	34.94	
22870	1760.	34.872	34.978	34.94	
22871	1760.	34.872	34.978	34.94	
22872	1760.1	34.872	34.978	34.94	
22873	1760.2	34.872	34.978	34.941	
22874	1760.3	34.872	34.978	34.941	
22875	1760.4	34.873	34.979	34.941	
22876	1760.5	34.873	34.979	34.941	
22877	1760.6	34.873	34.979	34.941	
22878	1760.7	34.873	34.979	34.941	
22879	1760.8	34.873	34.979	34.942	
22880	1760.9	34.873	34.979	34.942	
22881	1761.	34.873	34.979	34.942	
22882	1761.	34.873	34.979	34.942	
22883	1761.	34.873	34.979	34.942	
22884	1761.	34.873	34.98	34.942	
22885	1761.1	34.874	34.98	34.942	
22886	1761.2	34.874	34.98	34.942	
22887	1761.3	34.874	34.98	34.942	
22888	1761.4	34.874	34.98	34.942	
22889	1761.5	34.874	34.98	34.943	
22890	1761.6	34.874	34.98	34.943	
22891	1761.7	34.875	34.981	34.943	
22892	1761.8	34.875	34.981	34.943	
22893	1761.9	34.875	34.981	34.943	
22894	1762.	34.875	34.981	34.943	
22895	1762.	34.875	34.981	34.943	
22896	1762.	34.875	34.981	34.943	
22897	1762.	34.875	34.981	34.943	
22898	1762.1	34.875	34.981	34.944	
22899	1762.2	34.875	34.981	34.944	
22900	1762.3	34.875	34.982	34.944	
22901	1762.4	34.876	34.982	34.944	
22902	1762.5	34.876	34.982	34.944	
22903	1762.6	34.876	34.982	34.944	
22904	1762.7	34.876	34.982	34.945	
22905	1762.8	34.876	34.982	34.945	
22906	1762.9	34.876	34.983	34.945	
22907	1763.	34.876	34.983	34.945	
22908	1763.	34.877	34.983	34.945	
22909	1763.	34.877	34.983	34.945	
22910	1763.	34.877	34.983	34.945	
22911	1763.1	34.877	34.983	34.945	
22912	1763.2	34.877	34.983	34.945	
22913	1763.3	34.877	34.983	34.945	
22914	1763.4	34.877	34.983	34.946	
22915	1763.5	34.877	34.983	34.946	
22916	1763.6	34.877	34.984	34.946	
22917	1763.7	34.878	34.984	34.946	
22918	1763.8	34.878	34.984	34.946	
22919	1763.9	34.878	34.984	34.946	
22920	1764.	34.878	34.984	34.946	
22921	1764.	34.878	34.984	34.947	
22922	1764.	34.878	34.984	34.947	
22923	1764.	34.878	34.984	34.947	
22924	1764.1	34.878	34.984	34.947	
22925	1764.2	34.878	34.985	34.947	
22926	1764.3	34.879	34.985	34.947	
22927	1764.4	34.879	34.985	34.947	
22928	1764.5	34.879	34.985	34.947	
22929	1764.6	34.879	34.985	34.947	
22930	1764.7	34.879	34.985	34.948	
22931	1764.8	34.879	34.986	34.948	
22932	1764.9	34.88	34.986	34.948	
22933	1765.	34.88	34.986	34.948	
22934	1765.	34.88	34.986	34.948	
22935	1765.	34.88	34.986	34.948	
22936	1765.	34.88	34.986	34.948	
22937	1765.1	34.88	34.986	34.948	
22938	1765.2	34.88	34.986	34.948	
22939	1765.3	34.88	34.986	34.949	
22940	1765.4	34.88	34.986	34.949	
22941	1765.5	34.88	34.987	34.949	
22942	1765.6	34.881	34.987	34.949	
22943	1765.7	34.881	34.987	34.949	
22944	1765.8	34.881	34.987	34.949	
22945	1765.9	34.881	34.987	34.95	
22946	1766.	34.881	34.987	34.95	
22947	1766.	34.881	34.987	34.95	
22948	1766.	34.881	34.987	34.95	
22949	1766.	34.881	34.987	34.95	
22950	1766.1	34.881	34.988	34.95	
22951	1766.2	34.882	34.988	34.95	
22952	1766.3	34.882	34.988	34.95	
22953	1766.4	34.882	34.988	34.95	
22954	1766.5	34.882	34.988	34.95	
22955	1766.6	34.882	34.988	34.951	
22956	1766.7	34.882	34.989	34.951	
22957	1766.8	34.882	34.989	34.951	
22958	1766.9	34.883	34.989	34.951	
22959	1767.	34.883	34.989	34.951	
22960	1767.	34.883	34.989	34.951	
22961	1767.	34.883	34.989	34.951	
22962	1767.	34.883	34.989	34.951	
22963	1767.1	34.883	34.989	34.951	
22964	1767.2	34.883	34.989	34.952	
22965	1767.3	34.883	34.989	34.952	
22966	1767.4	34.883	34.99	34.952	
22967	1767.5	34.884	34.99	34.952	
22968	1767.6	34.884	34.99	34.952	
22969	1767.7	34.884	34.99	34.952	
22970	1767.8	34.884	34.99	34.953	
22971	1767.9	34.884	34.99	34.953	
22972	1768.	34.884	34.99	34.953	
22973	1768.	34.884	34.991	34.953	
22974	1768.	34.884	34.991	34.953	
22975	1768.	34.884	34.991	34.953	
22976	1768.1	34.885	34.991	34.953	
22977	1768.2	34.885	34.991	34.953	
22978	1768.3	34.885	34.991	34.953	
22979	1768.4	34.885	34.991	34.953	
22980	1768.5	34.885	34.991	34.954	
22981	1768.6	34.885	34.991	34.954	
22982	1768.7	34.885	34.992	34.954	
22983	1768.8	34.886	34.992	34.954	
22984	1768.9	34.886	34.992	34.954	
22985	1769.	34.886	34.992	34.954	
22986	1769.	34.886	34.992	34.954	
22987	1769.	34.886	34.992	34.954	
22988	1769.	34.886	34.992	34.954	
22989	1769.1	34.886	34.992	34.955	
22990	1769.2	34.886	34.992	34.955	
22991	1769.3	34.886	34.993	34.955	
22992	1769.4	34.887	34.993	34.955	
22993	1769.5	34.887	34.993	34.955	
22994	1769.6	34.887	34.993	34.955	
22995	1769.7	34.887	34.993	34.956	
22996	1769.8	34.887	34.993	34.956	
22997	1769.9	34.887	34.994	34.956	
22998	1770.	34.887	34.994	34.956	
22999	1770.	34.887	34.994	34.956	
23000	1770.	34.887	34.994	34.956	
23001	1770.	34.888	34.994	34.956	
23002	1770.1	34.888	34.994	34.956	
23003	1770.2	34.888	34.994	34.956	
23004	1770.3	34.888	34.994	34.956	
23005	1770.4	34.888	34.994	34.957	
23006	1770.5	34.888	34.994	34.957	
23007	1770.6	34.888	34.995	34.957	
23008	1770.7	34.889	34.995	34.957	
23009	1770.8	34.889	34.995	34.957	
23010	1770.9	34.889	34.995	34.957	
23011	1771.	34.889	34.995	34.957	
23012	1771.	34.889	34.995	34.958	
23013	1771.	34.889	34.995	34.958	
23014	1771.	34.889	34.995	34.958	
23015	1771.1	34.889	34.995	34.958	
23016	1771.2	34.889	34.996	34.958	
23017	1771.3	34.89	34.996	34.958	
23018	1771.4	34.89	34.996	34.958	
23019	1771.5	34.89	34.996	34.958	
23020	1771.6	34.89	34.996	34.958	
23021	1771.7	34.89	34.996	34.959	
23022	1771.8	34.89	34.997	34.959	
23023	1771.9	34.89	34.997	34.959	
23024	1772.	34.891	34.997	34.959	
23025	1772.	34.891	34.997	34.959	
23026	1772.	34.891	34.997	34.959	
23027	1772.	34.891	34.997	34.959	
23028	1772.1	34.891	34.997	34.959	
23029	1772.2	34.891	34.997	34.959	
23030	1772.3	34.891	34.997	34.96	
23031	1772.4	34.891	34.997	34.96	
23032	1772.5	34.891	34.998	34.96	
23033	1772.6	34.892	34.998	34.96	
23034	1772.7	34.892	34.998	34.96	
23035	1772.8	34.892	34.998	34.96	
23036	1772.9	34.892	34.998	34.961	
23037	1773.	34.892	34.998	34.961	
23038	1773.	34.892	34.998	34.961	
23039	1773.	34.892	34.998	34.961	
23040	1773.	34.892	34.998	34.961	
23041	1773.1	34.892	34.999	34.961	
23042	1773.2	34.893	34.999	34.961	
23043	1773.3	34.893	34.999	34.961	
23044	1773.4	34.893	34.999	34.961	
23045	1773.5	34.893	34.999	34.961	
23046	1773.6	34.893	34.999	34.962	
23047	1773.7	34.893	35.	34.962	
23048	1773.8	34.893	35.	34.962	
23049	1773.9	34.894	35.	34.962	
23050	1774.	34.894	35.	34.962	
23051	1774.	34.894	35.	34.962	
23052	1774.	34.894	35.	34.962	
23053	1774.	34.894	35.	34.962	
23054	1774.1	34.894	35.	34.962	
23055	1774.2	34.894	35.	34.963	
23056	1774.3	34.894	35.	34.963	
23057	1774.4	34.894	35.001	34.963	
23058	1774.5	34.895	35.001	34.963	
23059	1774.6	34.895	35.001	34.963	
23060	1774.7	34.895	35.001	34.963	
23061	1774.8	34.895	35.001	34.964	
23062	1774.9	34.895	35.001	34.964	
23063	1775.	34.895	35.002	34.964	
23064	1775.	34.895	35.002	34.964	
23065	1775.	34.895	35.002	34.964	
23066	1775.	34.895	35.002	34.964	
23067	1775.1	34.895	35.002	34.964	
23068	1775.2	34.896	35.002	34.964	
23069	1775.3	34.896	35.002	34.964	
23070	1775.4	34.896	35.002	34.964	
23071	1775.5	34.896	35.002	34.965	
23072	1775.6	34.896	35.003	34.965	
23073	1775.7	34.896	35.003	34.965	
23074	1775.8	34.897	35.003	34.965	
23075	1775.9	34.897	35.003	34.965	
23076	1776.	34.897	35.003	34.965	
23077	1776.	34.897	35.003	34.965	
23078	1776.	34.897	35.003	34.965	
23079	1776.	34.897	35.003	34.965	
23080	1776.1	34.897	35.003	34.966	
23081	1776.2	34.897	35.003	34.966	
23082	1776.3	34.897	35.004	34.966	
23083	1776.4	34.897	35.004	34.966	
23084	1776.5	34.898	35.004	34.966	
23085	1776.6	34.898	35.004	34.966	
23086	1776.7	34.898	35.004	34.967	
23087	1776.8	34.898	35.004	34.967	
23088	1776.9	34.898	35.005	34.967	
23089	1777.	34.898	35.005	34.967	
23090	1777.	34.898	35.005	34.967	
23091	1777.	34.898	35.005	34.967	
23092	1777.	34.898	35.005	34.967	
23093	1777.1	34.899	35.005	34.967	
23094	1777.2	34.899	35.005	34.967	
23095	1777.3	34.899	35.005	34.967	
23096	1777.4	34.899	35.005	34.968	
23097	1777.5	34.899	35.006	34.968	
23098	1777.6	34.899	35.006	34.968	
23099	1777.7	34.9	35.006	34.968	
23100	1777.8	34.9	35.006	34.968	
23101	1777.9	34.9	35.006	34.968	
23102	1778.	34.9	35.006	34.968	
23103	1778.	34.9	35.006	34.969	
23104	1778.	34.9	35.006	34.969	
23105	1778.	34.9	35.006	34.969	
23106	1778.1	34.9	35.006	34.969	
23107	1778.2	34.9	35.007	34.969	
23108	1778.3	34.9	35.007	34.969	
23109	1778.4	34.901	35.007	34.969	
23110	1778.5	34.901	35.007	34.969	
23111	1778.6	34.901	35.007	34.969	
23112	1778.7	34.901	35.007	34.97	
23113	1778.8	34.901	35.008	34.97	
23114	1778.9	34.901	35.008	34.97	
23115	1779.	34.902	35.008	34.97	
23116	1779.	34.902	35.008	34.97	
23117	1779.	34.902	35.008	34.97	
23118	1779.	34.902	35.008	34.97	
23119	1779.1	34.902	35.008	34.97	
23120	1779.2	34.902	35.008	34.97	
23121	1779.3	34.902	35.008	34.971	
23122	1779.4	34.902	35.009	34.971	
23123	1779.5	34.902	35.009	34.971	
23124	1779.6	34.903	35.009	34.971	
23125	1779.7	34.903	35.009	34.971	
23126	1779.8	34.903	35.009	34.971	
23127	1779.9	34.903	35.009	34.972	
23128	1780.	34.903	35.009	34.972	
23129	1780.	34.903	35.009	34.972	
23130	1780.	34.903	35.009	34.972	
23131	1780.	34.903	35.009	34.972	
23132	1780.1	34.903	35.01	34.972	
23133	1780.2	34.903	35.01	34.972	
23134	1780.3	34.904	35.01	34.972	
23135	1780.4	34.904	35.01	34.972	
23136	1780.5	34.904	35.01	34.972	
23137	1780.6	34.904	35.01	34.973	
23138	1780.7	34.904	35.011	34.973	
23139	1780.8	34.904	35.011	34.973	
23140	1780.9	34.905	35.011	34.973	
23141	1781.	34.905	35.011	34.973	
23142	1781.	34.905	35.011	34.973	
23143	1781.	34.905	35.011	34.973	
23144	1781.	34.905	35.011	34.973	
23145	1781.1	34.905	35.011	34.973	
23146	1781.2	34.905	35.011	34.974	
23147	1781.3	34.905	35.012	34.974	
23148	1781.4	34.905	35.012	34.974	
23149	1781.5	34.905	35.012	34.974	
23150	1781.6	34.906	35.012	34.974	
23151	1781.7	34.906	35.012	34.974	
23152	1781.8	34.906	35.012	34.975	
23153	1781.9	34.906	35.012	34.975	
23154	1782.	34.906	35.013	34.975	
23155	1782.	34.906	35.013	34.975	
23156	1782.	34.906	35.013	34.975	
23157	1782.	34.906	35.013	34.975	
23158	1782.1	34.906	35.013	34.975	
23159	1782.2	34.907	35.013	34.975	
23160	1782.3	34.907	35.013	34.975	
23161	1782.4	34.907	35.013	34.975	
23162	1782.5	34.907	35.013	34.976	
23163	1782.6	34.907	35.014	34.976	
23164	1782.7	34.907	35.014	34.976	
23165	1782.8	34.908	35.014	34.976	
23166	1782.9	34.908	35.014	34.976	
23167	1783.	34.908	35.014	34.976	
23168	1783.	34.908	35.014	34.976	
23169	1783.	34.908	35.014	34.976	
23170	1783.	34.908	35.014	34.976	
23171	1783.1	34.908	35.014	34.977	
23172	1783.2	34.908	35.015	34.977	
23173	1783.3	34.908	35.015	34.977	
23174	1783.4	34.908	35.015	34.977	
23175	1783.5	34.909	35.015	34.977	
23176	1783.6	34.909	35.015	34.977	
23177	1783.7	34.909	35.015	34.978	
23178	1783.8	34.909	35.015	34.978	
23179	1783.9	34.909	35.016	34.978	
23180	1784.	34.909	35.016	34.978	
23181	1784.	34.909	35.016	34.978	
23182	1784.	34.909	35.016	34.978	
23183	1784.	34.909	35.016	34.978	
23184	1784.1	34.91	35.016	34.978	
23185	1784.2	34.91	35.016	34.978	
23186	1784.3	34.91	35.016	34.978	
23187	1784.4	34.91	35.016	34.979	
23188	1784.5	34.91	35.017	34.979	
23189	1784.6	34.91	35.017	34.979	
23190	1784.7	34.91	35.017	34.979	
23191	1784.8	34.911	35.017	34.979	
23192	1784.9	34.911	35.017	34.979	
23193	1785.	34.911	35.017	34.979	
23194	1785.	34.911	35.017	34.98	
23195	1785.	34.911	35.017	34.98	
23196	1785.	34.911	35.017	34.98	
23197	1785.1	34.911	35.017	34.98	
23198	1785.2	34.911	35.018	34.98	
23199	1785.3	34.911	35.018	34.98	
23200	1785.4	34.912	35.018	34.98	
23201	1785.5	34.912	35.018	34.98	
23202	1785.6	34.912	35.018	34.98	
23203	1785.7	34.912	35.018	34.981	
23204	1785.8	34.912	35.019	34.981	
23205	1785.9	34.912	35.019	34.981	
23206	1786.	34.912	35.019	34.981	
23207	1786.	34.912	35.019	34.981	
23208	1786.	34.912	35.019	34.981	
23209	1786.	34.913	35.019	34.981	
23210	1786.1	34.913	35.019	34.981	
23211	1786.2	34.913	35.019	34.981	
23212	1786.3	34.913	35.019	34.982	
23213	1786.4	34.913	35.02	34.982	
23214	1786.5	34.913	35.02	34.982	
23215	1786.6	34.913	35.02	34.982	
23216	1786.7	34.914	35.02	34.982	
23217	1786.8	34.914	35.02	34.982	
23218	1786.9	34.914	35.02	34.983	
23219	1787.	34.914	35.02	34.983	
23220	1787.	34.914	35.02	34.983	
23221	1787.	34.914	35.02	34.983	
23222	1787.	34.914	35.021	34.983	
23223	1787.1	34.914	35.021	34.983	
23224	1787.2	34.914	35.021	34.983	
23225	1787.3	34.915	35.021	34.983	
23226	1787.4	34.915	35.021	34.983	
23227	1787.5	34.915	35.021	34.983	
23228	1787.6	34.915	35.021	34.984	
23229	1787.7	34.915	35.022	34.984	
23230	1787.8	34.915	35.022	34.984	
23231	1787.9	34.915	35.022	34.984	
23232	1788.	34.916	35.022	34.984	
23233	1788.	34.916	35.022	34.984	
23234	1788.	34.916	35.022	34.984	
23235	1788.	34.916	35.022	34.984	
23236	1788.1	34.916	35.022	34.984	
23237	1788.2	34.916	35.022	34.985	
23238	1788.3	34.916	35.023	34.985	
23239	1788.4	34.916	35.023	34.985	
23240	1788.5	34.916	35.023	34.985	
23241	1788.6	34.917	35.023	34.985	
23242	1788.7	34.917	35.023	34.985	
23243	1788.8	34.917	35.023	34.986	
23244	1788.9	34.917	35.023	34.986	
23245	1789.	34.917	35.024	34.986	
23246	1789.	34.917	35.024	34.986	
23247	1789.	34.917	35.024	34.986	
23248	1789.	34.917	35.024	34.986	
23249	1789.1	34.917	35.024	34.986	
23250	1789.2	34.918	35.024	34.986	
23251	1789.3	34.918	35.024	34.986	
23252	1789.4	34.918	35.024	34.986	
23253	1789.5	34.918	35.024	34.987	
23254	1789.6	34.918	35.025	34.987	
23255	1789.7	34.918	35.025	34.987	
23256	1789.8	34.918	35.025	34.987	
23257	1789.9	34.919	35.025	34.987	
23258	1790.	34.919	35.025	34.987	
23259	1790.	34.919	35.025	34.987	
23260	1790.	34.919	35.025	34.987	
23261	1790.	34.919	35.025	34.987	
23262	1790.1	34.919	35.025	34.988	
23263	1790.2	34.919	35.026	34.988	
23264	1790.3	34.919	35.026	34.988	
23265	1790.4	34.919	35.026	34.988	
23266	1790.5	34.92	35.026	34.988	
23267	1790.6	34.92	35.026	34.988	
23268	1790.7	34.92	35.026	34.989	
23269	1790.8	34.92	35.026	34.989	
23270	1790.9	34.92	35.027	34.989	
23271	1791.	34.92	35.027	34.989	
23272	1791.	34.92	35.027	34.989	
23273	1791.	34.92	35.027	34.989	
23274	1791.	34.92	35.027	34.989	
23275	1791.1	34.92	35.027	34.989	
23276	1791.2	34.921	35.027	34.989	
23277	1791.3	34.921	35.027	34.989	
23278	1791.4	34.921	35.027	34.99	
23279	1791.5	34.921	35.028	34.99	
23280	1791.6	34.921	35.028	34.99	
23281	1791.7	34.921	35.028	34.99	
23282	1791.8	34.922	35.028	34.99	
23283	1791.9	34.922	35.028	34.99	
23284	1792.	34.922	35.028	34.99	
23285	1792.	34.922	35.028	34.991	
23286	1792.	34.922	35.028	34.991	
23287	1792.	34.922	35.028	34.991	
23288	1792.1	34.922	35.029	34.991	
23289	1792.2	34.922	35.029	34.991	
23290	1792.3	34.922	35.029	34.991	
23291	1792.4	34.923	35.029	34.991	
23292	1792.5	34.923	35.029	34.991	
23293	1792.6	34.923	35.029	34.991	
23294	1792.7	34.923	35.029	34.992	
23295	1792.8	34.923	35.03	34.992	
23296	1792.9	34.923	35.03	34.992	
23297	1793.	34.923	35.03	34.992	
23298	1793.	34.923	35.03	34.992	
23299	1793.	34.923	35.03	34.992	
23300	1793.	34.923	35.03	34.992	
23301	1793.1	34.924	35.03	34.992	
23302	1793.2	34.924	35.03	34.992	
23303	1793.3	34.924	35.03	34.993	
23304	1793.4	34.924	35.031	34.993	
23305	1793.5	34.924	35.031	34.993	
23306	1793.6	34.924	35.031	34.993	
23307	1793.7	34.925	35.031	34.993	
23308	1793.8	34.925	35.031	34.993	
23309	1793.9	34.925	35.031	34.994	
23310	1794.	34.925	35.031	34.994	
23311	1794.	34.925	35.031	34.994	
23312	1794.	34.925	35.031	34.994	
23313	1794.	34.925	35.032	34.994	
23314	1794.1	34.925	35.032	34.994	
23315	1794.2	34.925	35.032	34.994	
23316	1794.3	34.925	35.032	34.994	
23317	1794.4	34.926	35.032	34.994	
23318	1794.5	34.926	35.032	34.994	
23319	1794.6	34.926	35.032	34.995	
23320	1794.7	34.926	35.033	34.995	
23321	1794.8	34.926	35.033	34.995	
23322	1794.9	34.926	35.033	34.995	
23323	1795.	34.927	35.033	34.995	
23324	1795.	34.927	35.033	34.995	
23325	1795.	34.927	35.033	34.995	
23326	1795.	34.927	35.033	34.995	
23327	1795.1	34.927	35.033	34.995	
23328	1795.2	34.927	35.033	34.996	
23329	1795.3	34.927	35.034	34.996	
23330	1795.4	34.927	35.034	34.996	
23331	1795.5	34.927	35.034	34.996	
23332	1795.6	34.928	35.034	34.996	
23333	1795.7	34.928	35.034	34.996	
23334	1795.8	34.928	35.034	34.997	
23335	1795.9	34.928	35.035	34.997	
23336	1796.	34.928	35.035	34.997	
23337	1796.	34.928	35.035	34.997	
23338	1796.	34.928	35.035	34.997	
23339	1796.	34.928	35.035	34.997	
23340	1796.1	34.928	35.035	34.997	
23341	1796.2	34.928	35.035	34.997	
23342	1796.3	34.929	35.035	34.997	
23343	1796.4	34.929	35.035	34.997	
23344	1796.5	34.929	35.035	34.998	
23345	1796.6	34.929	35.036	34.998	
23346	1796.7	34.929	35.036	34.998	
23347	1796.8	34.929	35.036	34.998	
23348	1796.9	34.93	35.036	34.998	
23349	1797.	34.93	35.036	34.998	
23350	1797.	34.93	35.036	34.998	
23351	1797.	34.93	35.036	34.998	
23352	1797.	34.93	35.036	34.998	
23353	1797.1	34.93	35.036	34.999	
23354	1797.2	34.93	35.037	34.999	
23355	1797.3	34.93	35.037	34.999	
23356	1797.4	34.93	35.037	34.999	
23357	1797.5	34.93	35.037	34.999	
23358	1797.6	34.931	35.037	34.999	
23359	1797.7	34.931	35.037	35.	
23360	1797.8	34.931	35.038	35.	
23361	1797.9	34.931	35.038	35.	
23362	1798.	34.931	35.038	35.	
23363	1798.	34.931	35.038	35.	
23364	1798.	34.931	35.038	35.	
23365	1798.	34.931	35.038	35.	
23366	1798.1	34.931	35.038	35.	
23367	1798.2	34.932	35.038	35.	
23368	1798.3	34.932	35.038	35.	
23369	1798.4	34.932	35.038	35.001	
23370	1798.5	34.932	35.039	35.001	
23371	1798.6	34.932	35.039	35.001	
23372	1798.7	34.932	35.039	35.001	
23373	1798.8	34.933	35.039	35.001	
23374	1798.9	34.933	35.039	35.001	
23375	1799.	34.933	35.039	35.001	
23376	1799.	34.933	35.039	35.002	
23377	1799.	34.933	35.039	35.002	
23378	1799.	34.933	35.039	35.002	
23379	1799.1	34.933	35.04	35.002	
23380	1799.2	34.933	35.04	35.002	
23381	1799.3	34.933	35.04	35.002	
23382	1799.4	34.933	35.04	35.002	
23383	1799.5	34.934	35.04	35.002	
23384	1799.6	34.934	35.04	35.002	
23385	1799.7	34.934	35.041	35.003	
23386	1799.8	34.934	35.041	35.003	
23387	1799.9	34.934	35.041	35.003	
23388	1800.	34.934	35.041	35.003	
