	Time [s]	Minimum [°C]	Maximum [°C]	Average [°C]	
1	1.	27.877	28.404	28.127	
2	1.01	27.891	28.403	28.125	
3	1.02	27.903	28.401	28.123	
4	1.05	27.926	28.396	28.12	
5	1.11	27.955	28.394	28.115	
6	1.21	27.984	28.384	28.111	
7	1.31	28.004	28.37	28.11	
8	1.41	28.016	28.356	28.11	
9	1.51	28.023	28.342	28.111	
10	1.61	28.03	28.329	28.112	
11	1.71	28.038	28.317	28.114	
12	1.81	28.046	28.306	28.116	
13	1.91	28.054	28.296	28.118	
14	2.	28.06	28.287	28.12	
15	2.01	28.061	28.286	28.12	
16	2.02	28.062	28.285	28.12	
17	2.05	28.064	28.283	28.121	
18	2.14	28.07	28.275	28.123	
19	2.24	28.076	28.267	28.125	
20	2.34	28.081	28.259	28.126	
21	2.44	28.084	28.253	28.128	
22	2.54	28.087	28.246	28.129	
23	2.64	28.09	28.24	28.131	
24	2.74	28.092	28.235	28.132	
25	2.84	28.093	28.23	28.133	
26	2.94	28.093	28.225	28.134	
27	3.	28.094	28.222	28.135	
28	3.01	28.094	28.222	28.135	
29	3.02	28.094	28.221	28.135	
30	3.05	28.094	28.22	28.136	
31	3.14	28.094	28.216	28.137	
32	3.24	28.095	28.212	28.137	
33	3.34	28.095	28.209	28.138	
34	3.44	28.094	28.205	28.139	
35	3.54	28.094	28.202	28.14	
36	3.64	28.094	28.2	28.14	
37	3.74	28.095	28.197	28.141	
38	3.84	28.095	28.194	28.142	
39	3.94	28.095	28.192	28.142	
40	4.	28.096	28.191	28.143	
41	4.01	28.096	28.19	28.143	
42	4.02	28.096	28.19	28.143	
43	4.05	28.096	28.19	28.143	
44	4.14	28.096	28.188	28.143	
45	4.24	28.097	28.186	28.144	
46	4.34	28.098	28.184	28.144	
47	4.44	28.098	28.182	28.144	
48	4.54	28.099	28.181	28.145	
49	4.64	28.1	28.179	28.145	
50	4.74	28.1	28.178	28.145	
51	4.84	28.101	28.177	28.146	
52	4.94	28.102	28.176	28.146	
53	5.	28.102	28.175	28.146	
54	5.01	28.102	28.175	28.146	
55	5.02	28.102	28.175	28.146	
56	5.05	28.103	28.174	28.146	
57	5.14	28.103	28.174	28.146	
58	5.24	28.104	28.173	28.147	
59	5.34	28.105	28.172	28.147	
60	5.44	28.105	28.171	28.147	
61	5.54	28.106	28.17	28.147	
62	5.64	28.107	28.169	28.148	
63	5.74	28.107	28.169	28.148	
64	5.84	28.108	28.168	28.148	
65	5.94	28.109	28.167	28.148	
66	6.	28.109	28.167	28.148	
67	6.01	28.109	28.167	28.148	
68	6.02	28.109	28.167	28.148	
69	6.05	28.109	28.167	28.148	
70	6.14	28.11	28.166	28.148	
71	6.24	28.111	28.166	28.148	
72	6.34	28.111	28.165	28.149	
73	6.44	28.112	28.165	28.149	
74	6.54	28.112	28.164	28.149	
75	6.64	28.113	28.164	28.149	
76	6.74	28.113	28.164	28.149	
77	6.84	28.114	28.163	28.149	
78	6.94	28.114	28.163	28.149	
79	7.	28.115	28.163	28.149	
80	7.01	28.115	28.163	28.149	
81	7.02	28.115	28.163	28.149	
82	7.05	28.115	28.163	28.149	
83	7.14	28.115	28.162	28.149	
84	7.24	28.116	28.162	28.15	
85	7.34	28.116	28.162	28.15	
86	7.44	28.117	28.162	28.15	
87	7.54	28.117	28.161	28.15	
88	7.64	28.117	28.161	28.15	
89	7.74	28.118	28.161	28.15	
90	7.84	28.118	28.161	28.15	
91	7.94	28.119	28.161	28.15	
92	8.	28.119	28.161	28.15	
93	8.01	28.119	28.161	28.15	
94	8.02	28.119	28.161	28.15	
95	8.05	28.119	28.161	28.15	
96	8.14	28.119	28.16	28.15	
97	8.24	28.12	28.16	28.15	
98	8.34	28.12	28.16	28.151	
99	8.44	28.12	28.16	28.151	
100	8.54	28.12	28.161	28.151	
101	8.64	28.121	28.161	28.151	
102	8.74	28.121	28.161	28.151	
103	8.84	28.121	28.161	28.151	
104	8.94	28.122	28.161	28.151	
105	9.	28.122	28.161	28.151	
106	9.01	28.122	28.161	28.151	
107	9.02	28.122	28.161	28.151	
108	9.05	28.122	28.161	28.151	
109	9.14	28.122	28.161	28.151	
110	9.24	28.122	28.161	28.151	
111	9.34	28.122	28.161	28.151	
112	9.44	28.123	28.161	28.151	
113	9.54	28.123	28.161	28.151	
114	9.64	28.123	28.161	28.151	
115	9.74	28.123	28.161	28.152	
116	9.84	28.124	28.161	28.152	
117	9.94	28.124	28.162	28.152	
118	10.	28.124	28.162	28.152	
119	10.01	28.124	28.162	28.152	
120	10.02	28.124	28.162	28.152	
121	10.05	28.124	28.162	28.152	
122	10.14	28.124	28.162	28.152	
123	10.24	28.124	28.162	28.152	
124	10.34	28.124	28.162	28.152	
125	10.44	28.125	28.162	28.152	
126	10.54	28.125	28.162	28.152	
127	10.64	28.125	28.162	28.152	
128	10.74	28.125	28.162	28.152	
129	10.84	28.125	28.162	28.152	
130	10.94	28.125	28.162	28.152	
131	11.	28.125	28.162	28.152	
132	11.01	28.125	28.162	28.152	
133	11.02	28.125	28.162	28.152	
134	11.05	28.125	28.162	28.152	
135	11.14	28.126	28.162	28.152	
136	11.24	28.126	28.162	28.153	
137	11.34	28.126	28.163	28.153	
138	11.44	28.126	28.163	28.153	
139	11.54	28.126	28.163	28.153	
140	11.64	28.126	28.163	28.153	
141	11.74	28.126	28.163	28.153	
142	11.84	28.126	28.163	28.153	
143	11.94	28.126	28.163	28.153	
144	12.	28.127	28.163	28.153	
145	12.01	28.127	28.163	28.153	
146	12.02	28.127	28.163	28.153	
147	12.05	28.127	28.163	28.153	
148	12.14	28.127	28.163	28.153	
149	12.24	28.127	28.163	28.153	
150	12.34	28.127	28.163	28.153	
151	12.44	28.127	28.163	28.153	
152	12.54	28.127	28.163	28.153	
153	12.64	28.127	28.163	28.153	
154	12.74	28.127	28.163	28.154	
155	12.84	28.127	28.163	28.154	
156	12.94	28.127	28.164	28.154	
157	13.	28.127	28.164	28.154	
158	13.01	28.127	28.164	28.154	
159	13.02	28.127	28.164	28.154	
160	13.05	28.127	28.164	28.154	
161	13.14	28.128	28.164	28.154	
162	13.24	28.128	28.164	28.154	
163	13.34	28.128	28.164	28.154	
164	13.44	28.128	28.164	28.154	
165	13.54	28.128	28.164	28.154	
166	13.64	28.128	28.164	28.154	
167	13.74	28.128	28.164	28.154	
168	13.84	28.128	28.164	28.154	
169	13.94	28.128	28.164	28.154	
170	14.	28.128	28.164	28.154	
171	14.01	28.128	28.164	28.154	
172	14.02	28.128	28.164	28.154	
173	14.05	28.128	28.164	28.154	
174	14.14	28.128	28.164	28.154	
175	14.24	28.128	28.164	28.155	
176	14.34	28.128	28.164	28.155	
177	14.44	28.129	28.165	28.155	
178	14.54	28.129	28.165	28.155	
179	14.64	28.129	28.165	28.155	
180	14.74	28.129	28.165	28.155	
181	14.84	28.129	28.165	28.155	
182	14.94	28.129	28.165	28.155	
183	15.	28.129	28.165	28.155	
184	15.01	28.129	28.165	28.155	
185	15.02	28.129	28.165	28.155	
186	15.05	28.129	28.165	28.155	
187	15.14	28.129	28.165	28.155	
188	15.24	28.129	28.165	28.155	
189	15.34	28.129	28.165	28.155	
190	15.44	28.129	28.165	28.155	
191	15.54	28.129	28.165	28.155	
192	15.64	28.129	28.165	28.155	
193	15.74	28.129	28.165	28.156	
194	15.84	28.13	28.165	28.156	
195	15.94	28.13	28.166	28.156	
196	16.	28.13	28.166	28.156	
197	16.01	28.13	28.166	28.156	
198	16.02	28.13	28.166	28.156	
199	16.05	28.13	28.166	28.156	
200	16.14	28.13	28.166	28.156	
201	16.24	28.13	28.166	28.156	
202	16.34	28.13	28.166	28.156	
203	16.44	28.13	28.166	28.156	
204	16.54	28.13	28.166	28.156	
205	16.64	28.13	28.166	28.156	
206	16.74	28.13	28.166	28.156	
207	16.84	28.13	28.166	28.156	
208	16.94	28.13	28.166	28.156	
209	17.	28.13	28.166	28.156	
210	17.01	28.13	28.166	28.156	
211	17.02	28.13	28.166	28.156	
212	17.05	28.13	28.166	28.156	
213	17.14	28.13	28.166	28.156	
214	17.24	28.131	28.166	28.157	
215	17.34	28.131	28.166	28.157	
216	17.44	28.131	28.167	28.157	
217	17.54	28.131	28.167	28.157	
218	17.64	28.131	28.167	28.157	
219	17.74	28.131	28.167	28.157	
220	17.84	28.131	28.167	28.157	
221	17.94	28.131	28.167	28.157	
222	18.	28.131	28.167	28.157	
223	18.01	28.131	28.167	28.157	
224	18.02	28.131	28.167	28.157	
225	18.05	28.131	28.167	28.157	
226	18.14	28.131	28.167	28.157	
227	18.24	28.131	28.167	28.157	
228	18.34	28.131	28.167	28.157	
229	18.44	28.131	28.167	28.157	
230	18.54	28.131	28.167	28.157	
231	18.64	28.131	28.167	28.158	
232	18.74	28.132	28.167	28.158	
233	18.84	28.132	28.168	28.158	
234	18.94	28.132	28.168	28.158	
235	19.	28.132	28.168	28.158	
236	19.01	28.132	28.168	28.158	
237	19.02	28.132	28.168	28.158	
238	19.05	28.132	28.168	28.158	
239	19.14	28.132	28.168	28.158	
240	19.24	28.132	28.168	28.158	
241	19.34	28.132	28.168	28.158	
242	19.44	28.132	28.168	28.158	
243	19.54	28.132	28.168	28.158	
244	19.64	28.132	28.168	28.158	
245	19.74	28.132	28.168	28.158	
246	19.84	28.132	28.168	28.158	
247	19.94	28.132	28.168	28.158	
248	20.	28.132	28.168	28.158	
249	20.01	28.132	28.168	28.158	
250	20.02	28.132	28.168	28.158	
251	20.05	28.132	28.168	28.158	
252	20.14	28.133	28.168	28.159	
253	20.24	28.133	28.168	28.159	
254	20.34	28.133	28.169	28.159	
255	20.44	28.133	28.169	28.159	
256	20.54	28.133	28.169	28.159	
257	20.64	28.133	28.169	28.159	
258	20.74	28.133	28.169	28.159	
259	20.84	28.133	28.169	28.159	
260	20.94	28.133	28.169	28.159	
261	21.	28.133	28.169	28.159	
262	21.01	28.133	28.169	28.159	
263	21.02	28.133	28.169	28.159	
264	21.05	28.133	28.169	28.159	
265	21.14	28.133	28.169	28.159	
266	21.24	28.133	28.169	28.159	
267	21.34	28.133	28.169	28.159	
268	21.44	28.133	28.169	28.159	
269	21.54	28.133	28.169	28.159	
270	21.64	28.134	28.169	28.16	
271	21.74	28.134	28.17	28.16	
272	21.84	28.134	28.17	28.16	
273	21.94	28.134	28.17	28.16	
274	22.	28.134	28.17	28.16	
275	22.01	28.134	28.17	28.16	
276	22.02	28.134	28.17	28.16	
277	22.05	28.134	28.17	28.16	
278	22.14	28.134	28.17	28.16	
279	22.24	28.134	28.17	28.16	
280	22.34	28.134	28.17	28.16	
281	22.44	28.134	28.17	28.16	
282	22.54	28.134	28.17	28.16	
283	22.64	28.134	28.17	28.16	
284	22.74	28.134	28.17	28.16	
285	22.84	28.134	28.17	28.16	
286	22.94	28.134	28.17	28.16	
287	23.	28.134	28.17	28.161	
288	23.01	28.134	28.17	28.161	
289	23.02	28.134	28.17	28.161	
290	23.05	28.134	28.17	28.161	
291	23.14	28.135	28.17	28.161	
292	23.24	28.135	28.171	28.161	
293	23.34	28.135	28.171	28.161	
294	23.44	28.135	28.171	28.161	
295	23.54	28.135	28.171	28.161	
296	23.64	28.135	28.171	28.161	
297	23.74	28.135	28.171	28.161	
298	23.84	28.135	28.171	28.161	
299	23.94	28.135	28.171	28.161	
300	24.	28.135	28.171	28.161	
301	24.01	28.135	28.171	28.161	
302	24.02	28.135	28.171	28.161	
303	24.05	28.135	28.171	28.161	
304	24.14	28.135	28.171	28.161	
305	24.24	28.135	28.171	28.161	
306	24.34	28.135	28.171	28.161	
307	24.44	28.135	28.171	28.162	
308	24.54	28.136	28.171	28.162	
309	24.64	28.136	28.172	28.162	
310	24.74	28.136	28.172	28.162	
311	24.84	28.136	28.172	28.162	
312	24.94	28.136	28.172	28.162	
313	25.	28.136	28.172	28.162	
314	25.01	28.136	28.172	28.162	
315	25.02	28.136	28.172	28.162	
316	25.05	28.136	28.172	28.162	
317	25.14	28.136	28.172	28.162	
318	25.24	28.136	28.172	28.162	
319	25.34	28.136	28.172	28.162	
320	25.44	28.136	28.172	28.162	
321	25.54	28.136	28.172	28.162	
322	25.64	28.136	28.172	28.162	
323	25.74	28.136	28.172	28.162	
324	25.84	28.136	28.172	28.162	
325	25.94	28.136	28.172	28.163	
326	26.	28.137	28.172	28.163	
327	26.01	28.137	28.172	28.163	
328	26.02	28.137	28.172	28.163	
329	26.05	28.137	28.173	28.163	
330	26.14	28.137	28.173	28.163	
331	26.24	28.137	28.173	28.163	
332	26.34	28.137	28.173	28.163	
333	26.44	28.137	28.173	28.163	
334	26.54	28.137	28.173	28.163	
335	26.64	28.137	28.173	28.163	
336	26.74	28.137	28.173	28.163	
337	26.84	28.137	28.173	28.163	
338	26.94	28.137	28.173	28.163	
339	27.	28.137	28.173	28.163	
340	27.01	28.137	28.173	28.163	
341	27.02	28.137	28.173	28.163	
342	27.05	28.137	28.173	28.163	
343	27.14	28.137	28.173	28.163	
344	27.24	28.137	28.173	28.163	
345	27.34	28.137	28.173	28.164	
346	27.44	28.138	28.174	28.164	
347	27.54	28.138	28.174	28.164	
348	27.64	28.138	28.174	28.164	
349	27.74	28.138	28.174	28.164	
350	27.84	28.138	28.174	28.164	
351	27.94	28.138	28.174	28.164	
352	28.	28.138	28.174	28.164	
353	28.01	28.138	28.174	28.164	
354	28.02	28.138	28.174	28.164	
355	28.05	28.138	28.174	28.164	
356	28.14	28.138	28.174	28.164	
357	28.24	28.138	28.174	28.164	
358	28.34	28.138	28.174	28.164	
359	28.44	28.138	28.174	28.164	
360	28.54	28.138	28.174	28.164	
361	28.64	28.138	28.174	28.164	
362	28.74	28.138	28.174	28.165	
363	28.84	28.139	28.174	28.165	
364	28.94	28.139	28.175	28.165	
365	29.	28.139	28.175	28.165	
366	29.01	28.139	28.175	28.165	
367	29.02	28.139	28.175	28.165	
368	29.05	28.139	28.175	28.165	
369	29.14	28.139	28.175	28.165	
370	29.24	28.139	28.175	28.165	
371	29.34	28.139	28.175	28.165	
372	29.44	28.139	28.175	28.165	
373	29.54	28.139	28.175	28.165	
374	29.64	28.139	28.175	28.165	
375	29.74	28.139	28.175	28.165	
376	29.84	28.139	28.175	28.165	
377	29.94	28.139	28.175	28.165	
378	30.	28.139	28.175	28.165	
379	30.01	28.139	28.175	28.165	
380	30.02	28.139	28.175	28.165	
381	30.05	28.139	28.175	28.165	
382	30.14	28.139	28.175	28.166	
383	30.24	28.139	28.175	28.166	
384	30.34	28.14	28.176	28.166	
385	30.44	28.14	28.176	28.166	
386	30.54	28.14	28.176	28.166	
387	30.64	28.14	28.176	28.166	
388	30.74	28.14	28.176	28.166	
389	30.84	28.14	28.176	28.166	
390	30.94	28.14	28.176	28.166	
391	31.	28.14	28.176	28.166	
392	31.01	28.14	28.176	28.166	
393	31.02	28.14	28.176	28.166	
394	31.05	28.14	28.176	28.166	
395	31.14	28.14	28.176	28.166	
396	31.24	28.14	28.176	28.166	
397	31.34	28.14	28.176	28.166	
398	31.44	28.14	28.176	28.166	
399	31.54	28.14	28.176	28.167	
400	31.64	28.14	28.177	28.167	
401	31.74	28.141	28.177	28.167	
402	31.84	28.141	28.177	28.167	
403	31.94	28.141	28.177	28.167	
404	32.	28.141	28.177	28.167	
405	32.01	28.141	28.177	28.167	
406	32.02	28.141	28.177	28.167	
407	32.05	28.141	28.177	28.167	
408	32.14	28.141	28.177	28.167	
409	32.24	28.141	28.177	28.167	
410	32.34	28.141	28.177	28.167	
411	32.44	28.141	28.177	28.167	
412	32.54	28.141	28.177	28.167	
413	32.64	28.141	28.177	28.167	
414	32.74	28.141	28.177	28.167	
415	32.84	28.141	28.177	28.167	
416	32.94	28.141	28.177	28.168	
417	33.	28.141	28.177	28.168	
418	33.01	28.141	28.177	28.168	
419	33.02	28.141	28.178	28.168	
420	33.05	28.141	28.178	28.168	
421	33.14	28.142	28.178	28.168	
422	33.24	28.142	28.178	28.168	
423	33.34	28.142	28.178	28.168	
424	33.44	28.142	28.178	28.168	
425	33.54	28.142	28.178	28.168	
426	33.64	28.142	28.178	28.168	
427	33.74	28.142	28.178	28.168	
428	33.84	28.142	28.178	28.168	
429	33.94	28.142	28.178	28.168	
430	34.	28.142	28.178	28.168	
431	34.01	28.142	28.178	28.168	
432	34.02	28.142	28.178	28.168	
433	34.05	28.142	28.178	28.168	
434	34.14	28.142	28.178	28.168	
435	34.24	28.142	28.178	28.168	
436	34.34	28.142	28.178	28.169	
437	34.44	28.142	28.179	28.169	
438	34.54	28.143	28.179	28.169	
439	34.64	28.143	28.179	28.169	
440	34.74	28.143	28.179	28.169	
441	34.84	28.143	28.179	28.169	
442	34.94	28.143	28.179	28.169	
443	35.	28.143	28.179	28.169	
444	35.01	28.143	28.179	28.169	
445	35.02	28.143	28.179	28.169	
446	35.05	28.143	28.179	28.169	
447	35.14	28.143	28.179	28.169	
448	35.24	28.143	28.179	28.169	
449	35.34	28.143	28.179	28.169	
450	35.44	28.143	28.179	28.169	
451	35.54	28.143	28.179	28.169	
452	35.64	28.143	28.179	28.17	
453	35.74	28.143	28.179	28.17	
454	35.84	28.144	28.18	28.17	
455	35.94	28.144	28.18	28.17	
456	36.	28.144	28.18	28.17	
457	36.01	28.144	28.18	28.17	
458	36.02	28.144	28.18	28.17	
459	36.05	28.144	28.18	28.17	
460	36.14	28.144	28.18	28.17	
461	36.24	28.144	28.18	28.17	
462	36.34	28.144	28.18	28.17	
463	36.44	28.144	28.18	28.17	
464	36.54	28.144	28.18	28.17	
465	36.64	28.144	28.18	28.17	
466	36.74	28.144	28.18	28.17	
467	36.84	28.144	28.18	28.17	
468	36.94	28.144	28.18	28.17	
469	37.	28.144	28.18	28.171	
470	37.01	28.144	28.18	28.171	
471	37.02	28.144	28.18	28.171	
472	37.05	28.144	28.18	28.171	
473	37.14	28.144	28.181	28.171	
474	37.24	28.145	28.181	28.171	
475	37.34	28.145	28.181	28.171	
476	37.44	28.145	28.181	28.171	
477	37.54	28.145	28.181	28.171	
478	37.64	28.145	28.181	28.171	
479	37.74	28.145	28.181	28.171	
480	37.84	28.145	28.181	28.171	
481	37.94	28.145	28.181	28.171	
482	38.	28.145	28.181	28.171	
483	38.01	28.145	28.181	28.171	
484	38.02	28.145	28.181	28.171	
485	38.05	28.145	28.181	28.171	
486	38.14	28.145	28.181	28.171	
487	38.24	28.145	28.181	28.171	
488	38.34	28.145	28.181	28.172	
489	38.44	28.145	28.181	28.172	
490	38.54	28.145	28.182	28.172	
491	38.64	28.146	28.182	28.172	
492	38.74	28.146	28.182	28.172	
493	38.84	28.146	28.182	28.172	
494	38.94	28.146	28.182	28.172	
495	39.	28.146	28.182	28.172	
496	39.01	28.146	28.182	28.172	
497	39.02	28.146	28.182	28.172	
498	39.05	28.146	28.182	28.172	
499	39.14	28.146	28.182	28.172	
500	39.24	28.146	28.182	28.172	
501	39.34	28.146	28.182	28.172	
502	39.44	28.146	28.182	28.172	
503	39.54	28.146	28.182	28.172	
504	39.64	28.146	28.182	28.172	
505	39.74	28.146	28.182	28.173	
506	39.84	28.146	28.183	28.173	
507	39.94	28.146	28.183	28.173	
508	40.	28.147	28.183	28.173	
509	40.01	28.147	28.183	28.173	
510	40.02	28.147	28.183	28.173	
511	40.05	28.147	28.183	28.173	
512	40.14	28.147	28.183	28.173	
513	40.24	28.147	28.183	28.173	
514	40.34	28.147	28.183	28.173	
515	40.44	28.147	28.183	28.173	
516	40.54	28.147	28.183	28.173	
517	40.64	28.147	28.183	28.173	
518	40.74	28.147	28.183	28.173	
519	40.84	28.147	28.183	28.173	
520	40.94	28.147	28.183	28.173	
521	41.	28.147	28.183	28.173	
522	41.01	28.147	28.183	28.173	
523	41.02	28.147	28.183	28.173	
524	41.05	28.147	28.183	28.174	
525	41.14	28.147	28.183	28.174	
526	41.24	28.147	28.184	28.174	
527	41.34	28.148	28.184	28.174	
528	41.44	28.148	28.184	28.174	
529	41.54	28.148	28.184	28.174	
530	41.64	28.148	28.184	28.174	
531	41.74	28.148	28.184	28.174	
532	41.84	28.148	28.184	28.174	
533	41.94	28.148	28.184	28.174	
534	42.	28.148	28.184	28.174	
535	42.01	28.148	28.184	28.174	
536	42.02	28.148	28.184	28.174	
537	42.05	28.148	28.184	28.174	
538	42.14	28.148	28.184	28.174	
539	42.24	28.148	28.184	28.174	
540	42.34	28.148	28.184	28.174	
541	42.44	28.148	28.184	28.175	
542	42.54	28.148	28.185	28.175	
543	42.64	28.148	28.185	28.175	
544	42.74	28.149	28.185	28.175	
545	42.84	28.149	28.185	28.175	
546	42.94	28.149	28.185	28.175	
547	43.	28.149	28.185	28.175	
548	43.01	28.149	28.185	28.175	
549	43.02	28.149	28.185	28.175	
550	43.05	28.149	28.185	28.175	
551	43.14	28.149	28.185	28.175	
552	43.24	28.149	28.185	28.175	
553	43.34	28.149	28.185	28.175	
554	43.44	28.149	28.185	28.175	
555	43.54	28.149	28.185	28.175	
556	43.64	28.149	28.185	28.175	
557	43.74	28.149	28.185	28.176	
558	43.84	28.149	28.186	28.176	
559	43.94	28.149	28.186	28.176	
560	44.	28.15	28.186	28.176	
561	44.01	28.15	28.186	28.176	
562	44.02	28.15	28.186	28.176	
563	44.05	28.15	28.186	28.176	
564	44.14	28.15	28.186	28.176	
565	44.24	28.15	28.186	28.176	
566	44.34	28.15	28.186	28.176	
567	44.44	28.15	28.186	28.176	
568	44.54	28.15	28.186	28.176	
569	44.64	28.15	28.186	28.176	
570	44.74	28.15	28.186	28.176	
571	44.84	28.15	28.186	28.176	
572	44.94	28.15	28.186	28.176	
573	45.	28.15	28.186	28.176	
574	45.01	28.15	28.186	28.176	
575	45.02	28.15	28.186	28.176	
576	45.05	28.15	28.186	28.177	
577	45.14	28.15	28.186	28.177	
578	45.24	28.15	28.187	28.177	
579	45.34	28.151	28.187	28.177	
580	45.44	28.151	28.187	28.177	
581	45.54	28.151	28.187	28.177	
582	45.64	28.151	28.187	28.177	
583	45.74	28.151	28.187	28.177	
584	45.84	28.151	28.187	28.177	
585	45.94	28.151	28.187	28.177	
586	46.	28.151	28.187	28.177	
587	46.01	28.151	28.187	28.177	
588	46.02	28.151	28.187	28.177	
589	46.05	28.151	28.187	28.177	
590	46.14	28.151	28.187	28.177	
591	46.24	28.151	28.187	28.177	
592	46.34	28.151	28.187	28.177	
593	46.44	28.151	28.187	28.178	
594	46.54	28.151	28.188	28.178	
595	46.64	28.151	28.188	28.178	
596	46.74	28.152	28.188	28.178	
597	46.84	28.152	28.188	28.178	
598	46.94	28.152	28.188	28.178	
599	47.	28.152	28.188	28.178	
600	47.01	28.152	28.188	28.178	
601	47.02	28.152	28.188	28.178	
602	47.05	28.152	28.188	28.178	
603	47.14	28.152	28.188	28.178	
604	47.24	28.152	28.188	28.178	
605	47.34	28.152	28.188	28.178	
606	47.44	28.152	28.188	28.178	
607	47.54	28.152	28.188	28.178	
608	47.64	28.152	28.188	28.178	
609	47.74	28.152	28.188	28.179	
610	47.84	28.152	28.189	28.179	
611	47.94	28.152	28.189	28.179	
612	48.	28.153	28.189	28.179	
613	48.01	28.153	28.189	28.179	
614	48.02	28.153	28.189	28.179	
615	48.05	28.153	28.189	28.179	
616	48.14	28.153	28.189	28.179	
617	48.24	28.153	28.189	28.179	
618	48.34	28.153	28.189	28.179	
619	48.44	28.153	28.189	28.179	
620	48.54	28.153	28.189	28.179	
621	48.64	28.153	28.189	28.179	
622	48.74	28.153	28.189	28.179	
623	48.84	28.153	28.189	28.179	
624	48.94	28.153	28.189	28.179	
625	49.	28.153	28.189	28.18	
626	49.01	28.153	28.189	28.18	
627	49.02	28.153	28.189	28.18	
628	49.05	28.153	28.189	28.18	
629	49.14	28.153	28.19	28.18	
630	49.24	28.153	28.19	28.18	
631	49.34	28.154	28.19	28.18	
632	49.44	28.154	28.19	28.18	
633	49.54	28.154	28.19	28.18	
634	49.64	28.154	28.19	28.18	
635	49.74	28.154	28.19	28.18	
636	49.84	28.154	28.19	28.18	
637	49.94	28.154	28.19	28.18	
638	50.	28.154	28.19	28.18	
639	50.01	28.154	28.19	28.18	
640	50.02	28.154	28.19	28.18	
641	50.05	28.154	28.19	28.18	
642	50.14	28.154	28.19	28.18	
643	50.24	28.154	28.19	28.18	
644	50.34	28.154	28.19	28.181	
645	50.44	28.154	28.191	28.181	
646	50.54	28.154	28.191	28.181	
647	50.64	28.155	28.191	28.181	
648	50.74	28.155	28.191	28.181	
649	50.84	28.155	28.191	28.181	
650	50.94	28.155	28.191	28.181	
651	51.	28.155	28.191	28.181	
652	51.01	28.155	28.191	28.181	
653	51.02	28.155	28.191	28.181	
654	51.05	28.155	28.191	28.181	
655	51.14	28.155	28.191	28.181	
656	51.24	28.155	28.191	28.181	
657	51.34	28.155	28.191	28.181	
658	51.44	28.155	28.191	28.181	
659	51.54	28.155	28.191	28.181	
660	51.64	28.155	28.191	28.182	
661	51.74	28.155	28.192	28.182	
662	51.84	28.155	28.192	28.182	
663	51.94	28.156	28.192	28.182	
664	52.	28.156	28.192	28.182	
665	52.01	28.156	28.192	28.182	
666	52.02	28.156	28.192	28.182	
667	52.05	28.156	28.192	28.182	
668	52.14	28.156	28.192	28.182	
669	52.24	28.156	28.192	28.182	
670	52.34	28.156	28.192	28.182	
671	52.44	28.156	28.192	28.182	
672	52.54	28.156	28.192	28.182	
673	52.64	28.156	28.192	28.182	
674	52.74	28.156	28.192	28.182	
675	52.84	28.156	28.192	28.182	
676	52.94	28.156	28.192	28.183	
677	53.	28.156	28.193	28.183	
678	53.01	28.156	28.193	28.183	
679	53.02	28.156	28.193	28.183	
680	53.05	28.156	28.193	28.183	
681	53.14	28.156	28.193	28.183	
682	53.24	28.157	28.193	28.183	
683	53.34	28.157	28.193	28.183	
684	53.44	28.157	28.193	28.183	
685	53.54	28.157	28.193	28.183	
686	53.64	28.157	28.193	28.183	
687	53.74	28.157	28.193	28.183	
688	53.84	28.157	28.193	28.183	
689	53.94	28.157	28.193	28.183	
690	54.	28.157	28.193	28.183	
691	54.01	28.157	28.193	28.183	
692	54.02	28.157	28.193	28.183	
693	54.05	28.157	28.193	28.183	
694	54.14	28.157	28.193	28.183	
695	54.24	28.157	28.193	28.184	
696	54.34	28.157	28.194	28.184	
697	54.44	28.157	28.194	28.184	
698	54.54	28.158	28.194	28.184	
699	54.64	28.158	28.194	28.184	
700	54.74	28.158	28.194	28.184	
701	54.84	28.158	28.194	28.184	
702	54.94	28.158	28.194	28.184	
703	55.	28.158	28.194	28.184	
704	55.01	28.158	28.194	28.184	
705	55.02	28.158	28.194	28.184	
706	55.05	28.158	28.194	28.184	
707	55.14	28.158	28.194	28.184	
708	55.24	28.158	28.194	28.184	
709	55.34	28.158	28.194	28.184	
710	55.44	28.158	28.194	28.184	
711	55.54	28.158	28.194	28.185	
712	55.64	28.158	28.195	28.185	
713	55.74	28.158	28.195	28.185	
714	55.84	28.159	28.195	28.185	
715	55.94	28.159	28.195	28.185	
716	56.	28.159	28.195	28.185	
717	56.01	28.159	28.195	28.185	
718	56.02	28.159	28.195	28.185	
719	56.05	28.159	28.195	28.185	
720	56.14	28.159	28.195	28.185	
721	56.24	28.159	28.195	28.185	
722	56.34	28.159	28.195	28.185	
723	56.44	28.159	28.195	28.185	
724	56.54	28.159	28.195	28.185	
725	56.64	28.159	28.195	28.185	
726	56.74	28.159	28.195	28.186	
727	56.84	28.159	28.195	28.186	
728	56.94	28.159	28.196	28.186	
729	57.	28.159	28.196	28.186	
730	57.01	28.159	28.196	28.186	
731	57.02	28.159	28.196	28.186	
732	57.05	28.159	28.196	28.186	
733	57.14	28.16	28.196	28.186	
734	57.24	28.16	28.196	28.186	
735	57.34	28.16	28.196	28.186	
736	57.44	28.16	28.196	28.186	
737	57.54	28.16	28.196	28.186	
738	57.64	28.16	28.196	28.186	
739	57.74	28.16	28.196	28.186	
740	57.84	28.16	28.196	28.186	
741	57.94	28.16	28.196	28.186	
742	58.	28.16	28.196	28.187	
743	58.01	28.16	28.196	28.187	
744	58.02	28.16	28.196	28.187	
745	58.05	28.16	28.196	28.187	
746	58.14	28.16	28.197	28.187	
747	58.24	28.16	28.197	28.187	
748	58.34	28.16	28.197	28.187	
749	58.44	28.161	28.197	28.187	
750	58.54	28.161	28.197	28.187	
751	58.64	28.161	28.197	28.187	
752	58.74	28.161	28.197	28.187	
753	58.84	28.161	28.197	28.187	
754	58.94	28.161	28.197	28.187	
755	59.	28.161	28.197	28.187	
756	59.01	28.161	28.197	28.187	
757	59.02	28.161	28.197	28.187	
758	59.05	28.161	28.197	28.187	
759	59.14	28.161	28.197	28.187	
760	59.24	28.161	28.197	28.187	
761	59.34	28.161	28.197	28.188	
762	59.44	28.161	28.198	28.188	
763	59.54	28.161	28.198	28.188	
764	59.64	28.162	28.198	28.188	
765	59.74	28.162	28.198	28.188	
766	59.84	28.162	28.198	28.188	
767	59.94	28.162	28.198	28.188	
768	60.	28.162	28.198	28.188	
769	60.01	28.162	28.198	28.188	
770	60.02	28.162	28.198	28.188	
771	60.05	28.162	28.198	28.188	
772	60.14	28.162	28.198	28.188	
773	60.24	28.162	28.198	28.188	
774	60.34	28.162	28.198	28.188	
775	60.44	28.162	28.198	28.188	
776	60.54	28.162	28.198	28.189	
777	60.64	28.162	28.198	28.189	
778	60.74	28.162	28.199	28.189	
779	60.84	28.162	28.199	28.189	
780	60.94	28.163	28.199	28.189	
781	61.	28.163	28.199	28.189	
782	61.01	28.163	28.199	28.189	
783	61.02	28.163	28.199	28.189	
784	61.05	28.163	28.199	28.189	
785	61.14	28.163	28.199	28.189	
786	61.24	28.163	28.199	28.189	
787	61.34	28.163	28.199	28.189	
788	61.44	28.163	28.199	28.189	
789	61.54	28.163	28.199	28.189	
790	61.64	28.163	28.199	28.189	
791	61.74	28.163	28.199	28.189	
792	61.84	28.163	28.199	28.19	
793	61.94	28.163	28.2	28.19	
794	62.	28.163	28.2	28.19	
795	62.01	28.163	28.2	28.19	
796	62.02	28.163	28.2	28.19	
797	62.05	28.163	28.2	28.19	
798	62.14	28.163	28.2	28.19	
799	62.24	28.164	28.2	28.19	
800	62.34	28.164	28.2	28.19	
801	62.44	28.164	28.2	28.19	
802	62.54	28.164	28.2	28.19	
803	62.64	28.164	28.2	28.19	
804	62.74	28.164	28.2	28.19	
805	62.84	28.164	28.2	28.19	
806	62.94	28.164	28.2	28.19	
807	63.	28.164	28.2	28.19	
808	63.01	28.164	28.2	28.19	
809	63.02	28.164	28.2	28.19	
810	63.05	28.164	28.2	28.191	
811	63.14	28.164	28.2	28.191	
812	63.24	28.164	28.201	28.191	
813	63.34	28.164	28.201	28.191	
814	63.44	28.165	28.201	28.191	
815	63.54	28.165	28.201	28.191	
816	63.64	28.165	28.201	28.191	
817	63.74	28.165	28.201	28.191	
818	63.84	28.165	28.201	28.191	
819	63.94	28.165	28.201	28.191	
820	64.	28.165	28.201	28.191	
821	64.01	28.165	28.201	28.191	
822	64.02	28.165	28.201	28.191	
823	64.05	28.165	28.201	28.191	
824	64.14	28.165	28.201	28.191	
825	64.24	28.165	28.201	28.191	
826	64.34	28.165	28.201	28.192	
827	64.44	28.165	28.202	28.192	
828	64.54	28.165	28.202	28.192	
829	64.64	28.165	28.202	28.192	
830	64.74	28.166	28.202	28.192	
831	64.84	28.166	28.202	28.192	
832	64.94	28.166	28.202	28.192	
833	65.	28.166	28.202	28.192	
834	65.01	28.166	28.202	28.192	
835	65.02	28.166	28.202	28.192	
836	65.05	28.166	28.202	28.192	
837	65.14	28.166	28.202	28.192	
838	65.24	28.166	28.202	28.192	
839	65.34	28.166	28.202	28.192	
840	65.44	28.166	28.202	28.192	
841	65.54	28.166	28.202	28.192	
842	65.64	28.166	28.202	28.193	
843	65.74	28.166	28.203	28.193	
844	65.84	28.166	28.203	28.193	
845	65.94	28.167	28.203	28.193	
846	66.	28.167	28.203	28.193	
847	66.01	28.167	28.203	28.193	
848	66.02	28.167	28.203	28.193	
849	66.05	28.167	28.203	28.193	
850	66.14	28.167	28.203	28.193	
851	66.24	28.167	28.203	28.193	
852	66.34	28.167	28.203	28.193	
853	66.44	28.167	28.203	28.193	
854	66.54	28.167	28.203	28.193	
855	66.64	28.167	28.203	28.193	
856	66.74	28.167	28.203	28.193	
857	66.84	28.167	28.203	28.194	
858	66.94	28.167	28.204	28.194	
859	67.	28.167	28.204	28.194	
860	67.01	28.167	28.204	28.194	
861	67.02	28.167	28.204	28.194	
862	67.05	28.167	28.204	28.194	
863	67.14	28.167	28.204	28.194	
864	67.24	28.168	28.204	28.194	
865	67.34	28.168	28.204	28.194	
866	67.44	28.168	28.204	28.194	
867	67.54	28.168	28.204	28.194	
868	67.64	28.168	28.204	28.194	
869	67.74	28.168	28.204	28.194	
870	67.84	28.168	28.204	28.194	
871	67.94	28.168	28.204	28.194	
872	68.	28.168	28.204	28.194	
873	68.01	28.168	28.204	28.194	
874	68.02	28.168	28.204	28.194	
875	68.05	28.168	28.204	28.195	
876	68.14	28.168	28.204	28.195	
877	68.24	28.168	28.205	28.195	
878	68.34	28.168	28.205	28.195	
879	68.44	28.169	28.205	28.195	
880	68.54	28.169	28.205	28.195	
881	68.64	28.169	28.205	28.195	
882	68.74	28.169	28.205	28.195	
883	68.84	28.169	28.205	28.195	
884	68.94	28.169	28.205	28.195	
885	69.	28.169	28.205	28.195	
886	69.01	28.169	28.205	28.195	
887	69.02	28.169	28.205	28.195	
888	69.05	28.169	28.205	28.195	
889	69.14	28.169	28.205	28.195	
890	69.24	28.169	28.205	28.195	
891	69.34	28.169	28.205	28.196	
892	69.44	28.169	28.206	28.196	
893	69.54	28.169	28.206	28.196	
894	69.64	28.169	28.206	28.196	
895	69.74	28.17	28.206	28.196	
896	69.84	28.17	28.206	28.196	
897	69.94	28.17	28.206	28.196	
898	70.	28.17	28.206	28.196	
899	70.01	28.17	28.206	28.196	
900	70.02	28.17	28.206	28.196	
901	70.05	28.17	28.206	28.196	
902	70.14	28.17	28.206	28.196	
903	70.24	28.17	28.206	28.196	
904	70.34	28.17	28.206	28.196	
905	70.44	28.17	28.206	28.196	
906	70.54	28.17	28.206	28.197	
907	70.64	28.17	28.207	28.197	
908	70.74	28.17	28.207	28.197	
909	70.84	28.17	28.207	28.197	
910	70.94	28.171	28.207	28.197	
911	71.	28.171	28.207	28.197	
912	71.01	28.171	28.207	28.197	
913	71.02	28.171	28.207	28.197	
914	71.05	28.171	28.207	28.197	
915	71.14	28.171	28.207	28.197	
916	71.24	28.171	28.207	28.197	
917	71.34	28.171	28.207	28.197	
918	71.44	28.171	28.207	28.197	
919	71.54	28.171	28.207	28.197	
920	71.64	28.171	28.207	28.197	
921	71.74	28.171	28.207	28.198	
922	71.84	28.171	28.207	28.198	
923	71.94	28.171	28.208	28.198	
924	72.	28.171	28.208	28.198	
925	72.01	28.171	28.208	28.198	
926	72.02	28.171	28.208	28.198	
927	72.05	28.171	28.208	28.198	
928	72.14	28.172	28.208	28.198	
929	72.24	28.172	28.208	28.198	
930	72.34	28.172	28.208	28.198	
931	72.44	28.172	28.208	28.198	
932	72.54	28.172	28.208	28.198	
933	72.64	28.172	28.208	28.198	
934	72.74	28.172	28.208	28.198	
935	72.84	28.172	28.208	28.198	
936	72.94	28.172	28.208	28.198	
937	73.	28.172	28.208	28.199	
938	73.01	28.172	28.208	28.199	
939	73.02	28.172	28.208	28.199	
940	73.05	28.172	28.208	28.199	
941	73.14	28.172	28.209	28.199	
942	73.24	28.172	28.209	28.199	
943	73.34	28.172	28.209	28.199	
944	73.44	28.173	28.209	28.199	
945	73.54	28.173	28.209	28.199	
946	73.64	28.173	28.209	28.199	
947	73.74	28.173	28.209	28.199	
948	73.84	28.173	28.209	28.199	
949	73.94	28.173	28.209	28.199	
950	74.	28.173	28.209	28.199	
951	74.01	28.173	28.209	28.199	
952	74.02	28.173	28.209	28.199	
953	74.05	28.173	28.209	28.199	
954	74.14	28.173	28.209	28.199	
955	74.24	28.173	28.209	28.2	
956	74.34	28.173	28.21	28.2	
957	74.44	28.173	28.21	28.2	
958	74.54	28.173	28.21	28.2	
959	74.64	28.174	28.21	28.2	
960	74.74	28.174	28.21	28.2	
961	74.84	28.174	28.21	28.2	
962	74.94	28.174	28.21	28.2	
963	75.	28.174	28.21	28.2	
964	75.01	28.174	28.21	28.2	
965	75.02	28.174	28.21	28.2	
966	75.05	28.174	28.21	28.2	
967	75.14	28.174	28.21	28.2	
968	75.24	28.174	28.21	28.2	
969	75.34	28.174	28.21	28.2	
970	75.44	28.174	28.21	28.201	
971	75.54	28.174	28.211	28.201	
972	75.64	28.174	28.211	28.201	
973	75.74	28.174	28.211	28.201	
974	75.84	28.175	28.211	28.201	
975	75.94	28.175	28.211	28.201	
976	76.	28.175	28.211	28.201	
977	76.01	28.175	28.211	28.201	
978	76.02	28.175	28.211	28.201	
979	76.05	28.175	28.211	28.201	
980	76.14	28.175	28.211	28.201	
981	76.24	28.175	28.211	28.201	
982	76.34	28.175	28.211	28.201	
983	76.44	28.175	28.211	28.201	
984	76.54	28.175	28.211	28.201	
985	76.64	28.175	28.211	28.202	
986	76.74	28.175	28.212	28.202	
987	76.84	28.175	28.212	28.202	
988	76.94	28.175	28.212	28.202	
989	77.	28.176	28.212	28.202	
990	77.01	28.176	28.212	28.202	
991	77.02	28.176	28.212	28.202	
992	77.05	28.176	28.212	28.202	
993	77.14	28.176	28.212	28.202	
994	77.24	28.176	28.212	28.202	
995	77.34	28.176	28.212	28.202	
996	77.44	28.176	28.212	28.202	
997	77.54	28.176	28.212	28.202	
998	77.64	28.176	28.212	28.202	
999	77.74	28.176	28.212	28.202	
1000	77.84	28.176	28.212	28.203	
1001	77.94	28.176	28.213	28.203	
1002	78.	28.176	28.213	28.203	
1003	78.01	28.176	28.213	28.203	
1004	78.02	28.176	28.213	28.203	
1005	78.05	28.176	28.213	28.203	
1006	78.14	28.176	28.213	28.203	
1007	78.24	28.177	28.213	28.203	
1008	78.34	28.177	28.213	28.203	
1009	78.44	28.177	28.213	28.203	
1010	78.54	28.177	28.213	28.203	
1011	78.64	28.177	28.213	28.203	
1012	78.74	28.177	28.213	28.203	
1013	78.84	28.177	28.213	28.203	
1014	78.94	28.177	28.213	28.203	
1015	79.	28.177	28.213	28.203	
1016	79.01	28.177	28.213	28.203	
1017	79.02	28.177	28.213	28.203	
1018	79.05	28.177	28.213	28.204	
1019	79.14	28.177	28.213	28.204	
1020	79.24	28.177	28.214	28.204	
1021	79.34	28.177	28.214	28.204	
1022	79.44	28.178	28.214	28.204	
1023	79.54	28.178	28.214	28.204	
1024	79.64	28.178	28.214	28.204	
1025	79.74	28.178	28.214	28.204	
1026	79.84	28.178	28.214	28.204	
1027	79.94	28.178	28.214	28.204	
1028	80.	28.178	28.214	28.204	
1029	80.01	28.178	28.214	28.204	
1030	80.02	28.178	28.214	28.204	
1031	80.05	28.178	28.214	28.204	
1032	80.14	28.178	28.214	28.204	
1033	80.24	28.178	28.214	28.205	
1034	80.34	28.178	28.214	28.205	
1035	80.44	28.178	28.215	28.205	
1036	80.54	28.178	28.215	28.205	
1037	80.64	28.179	28.215	28.205	
1038	80.74	28.179	28.215	28.205	
1039	80.84	28.179	28.215	28.205	
1040	80.94	28.179	28.215	28.205	
1041	81.	28.179	28.215	28.205	
1042	81.01	28.179	28.215	28.205	
1043	81.02	28.179	28.215	28.205	
1044	81.05	28.179	28.215	28.205	
1045	81.14	28.179	28.215	28.205	
1046	81.24	28.179	28.215	28.205	
1047	81.34	28.179	28.215	28.205	
1048	81.44	28.179	28.215	28.206	
1049	81.54	28.179	28.215	28.206	
1050	81.64	28.179	28.216	28.206	
1051	81.74	28.179	28.216	28.206	
1052	81.84	28.18	28.216	28.206	
1053	81.94	28.18	28.216	28.206	
1054	82.	28.18	28.216	28.206	
1055	82.01	28.18	28.216	28.206	
1056	82.02	28.18	28.216	28.206	
1057	82.05	28.18	28.216	28.206	
1058	82.14	28.18	28.216	28.206	
1059	82.24	28.18	28.216	28.206	
1060	82.34	28.18	28.216	28.206	
1061	82.44	28.18	28.216	28.206	
1062	82.54	28.18	28.216	28.206	
1063	82.64	28.18	28.216	28.207	
1064	82.74	28.18	28.216	28.207	
1065	82.84	28.18	28.217	28.207	
1066	82.94	28.18	28.217	28.207	
1067	83.	28.18	28.217	28.207	
1068	83.01	28.18	28.217	28.207	
1069	83.02	28.181	28.217	28.207	
1070	83.05	28.181	28.217	28.207	
1071	83.14	28.181	28.217	28.207	
1072	83.24	28.181	28.217	28.207	
1073	83.34	28.181	28.217	28.207	
1074	83.44	28.181	28.217	28.207	
1075	83.54	28.181	28.217	28.207	
1076	83.64	28.181	28.217	28.207	
1077	83.74	28.181	28.217	28.207	
1078	83.84	28.181	28.217	28.208	
1079	83.94	28.181	28.218	28.208	
1080	84.	28.181	28.218	28.208	
1081	84.01	28.181	28.218	28.208	
1082	84.02	28.181	28.218	28.208	
1083	84.05	28.181	28.218	28.208	
1084	84.14	28.181	28.218	28.208	
1085	84.24	28.182	28.218	28.208	
1086	84.34	28.182	28.218	28.208	
1087	84.44	28.182	28.218	28.208	
1088	84.54	28.182	28.218	28.208	
1089	84.64	28.182	28.218	28.208	
1090	84.74	28.182	28.218	28.208	
1091	84.84	28.182	28.218	28.208	
1092	84.94	28.182	28.218	28.208	
1093	85.	28.182	28.218	28.208	
1094	85.01	28.182	28.218	28.209	
1095	85.02	28.182	28.218	28.209	
1096	85.05	28.182	28.218	28.209	
1097	85.14	28.182	28.219	28.209	
1098	85.24	28.182	28.219	28.209	
1099	85.34	28.182	28.219	28.209	
1100	85.44	28.183	28.219	28.209	
1101	85.54	28.183	28.219	28.209	
1102	85.64	28.183	28.219	28.209	
1103	85.74	28.183	28.219	28.209	
1104	85.84	28.183	28.219	28.209	
1105	85.94	28.183	28.219	28.209	
1106	86.	28.183	28.219	28.209	
1107	86.01	28.183	28.219	28.209	
1108	86.02	28.183	28.219	28.209	
1109	86.05	28.183	28.219	28.209	
1110	86.14	28.183	28.219	28.209	
1111	86.24	28.183	28.219	28.21	
1112	86.34	28.183	28.22	28.21	
1113	86.44	28.183	28.22	28.21	
1114	86.54	28.183	28.22	28.21	
1115	86.64	28.184	28.22	28.21	
1116	86.74	28.184	28.22	28.21	
1117	86.84	28.184	28.22	28.21	
1118	86.94	28.184	28.22	28.21	
1119	87.	28.184	28.22	28.21	
1120	87.01	28.184	28.22	28.21	
1121	87.02	28.184	28.22	28.21	
1122	87.05	28.184	28.22	28.21	
1123	87.14	28.184	28.22	28.21	
1124	87.24	28.184	28.22	28.21	
1125	87.34	28.184	28.22	28.21	
1126	87.44	28.184	28.22	28.211	
1127	87.54	28.184	28.221	28.211	
1128	87.64	28.184	28.221	28.211	
1129	87.74	28.184	28.221	28.211	
1130	87.84	28.185	28.221	28.211	
1131	87.94	28.185	28.221	28.211	
1132	88.	28.185	28.221	28.211	
1133	88.01	28.185	28.221	28.211	
1134	88.02	28.185	28.221	28.211	
1135	88.05	28.185	28.221	28.211	
1136	88.14	28.185	28.221	28.211	
1137	88.24	28.185	28.221	28.211	
1138	88.34	28.185	28.221	28.211	
1139	88.44	28.185	28.221	28.211	
1140	88.54	28.185	28.221	28.211	
1141	88.64	28.185	28.221	28.212	
1142	88.74	28.185	28.222	28.212	
1143	88.84	28.185	28.222	28.212	
1144	88.94	28.185	28.222	28.212	
1145	89.	28.186	28.222	28.212	
1146	89.01	28.186	28.222	28.212	
1147	89.02	28.186	28.222	28.212	
1148	89.05	28.186	28.222	28.212	
1149	89.14	28.186	28.222	28.212	
1150	89.24	28.186	28.222	28.212	
1151	89.34	28.186	28.222	28.212	
1152	89.44	28.186	28.222	28.212	
1153	89.54	28.186	28.222	28.212	
1154	89.64	28.186	28.222	28.212	
1155	89.74	28.186	28.222	28.212	
1156	89.84	28.186	28.222	28.213	
1157	89.94	28.186	28.223	28.213	
1158	90.	28.186	28.223	28.213	
1159	90.01	28.186	28.223	28.213	
1160	90.02	28.186	28.223	28.213	
1161	90.05	28.186	28.223	28.213	
1162	90.14	28.187	28.223	28.213	
1163	90.24	28.187	28.223	28.213	
1164	90.34	28.187	28.223	28.213	
1165	90.44	28.187	28.223	28.213	
1166	90.54	28.187	28.223	28.213	
1167	90.64	28.187	28.223	28.213	
1168	90.74	28.187	28.223	28.213	
1169	90.84	28.187	28.223	28.213	
1170	90.94	28.187	28.223	28.214	
1171	91.	28.187	28.223	28.214	
1172	91.01	28.187	28.223	28.214	
1173	91.02	28.187	28.223	28.214	
1174	91.05	28.187	28.224	28.214	
1175	91.14	28.187	28.224	28.214	
1176	91.24	28.187	28.224	28.214	
1177	91.34	28.188	28.224	28.214	
1178	91.44	28.188	28.224	28.214	
1179	91.54	28.188	28.224	28.214	
1180	91.64	28.188	28.224	28.214	
1181	91.74	28.188	28.224	28.214	
1182	91.84	28.188	28.224	28.214	
1183	91.94	28.188	28.224	28.214	
1184	92.	28.188	28.224	28.214	
1185	92.01	28.188	28.224	28.214	
1186	92.02	28.188	28.224	28.214	
1187	92.05	28.188	28.224	28.214	
1188	92.14	28.188	28.224	28.215	
1189	92.24	28.188	28.225	28.215	
1190	92.34	28.188	28.225	28.215	
1191	92.44	28.188	28.225	28.215	
1192	92.54	28.189	28.225	28.215	
1193	92.64	28.189	28.225	28.215	
1194	92.74	28.189	28.225	28.215	
1195	92.84	28.189	28.225	28.215	
1196	92.94	28.189	28.225	28.215	
1197	93.	28.189	28.225	28.215	
1198	93.01	28.189	28.225	28.215	
1199	93.02	28.189	28.225	28.215	
1200	93.05	28.189	28.225	28.215	
1201	93.14	28.189	28.225	28.215	
1202	93.24	28.189	28.225	28.215	
1203	93.34	28.189	28.225	28.216	
1204	93.44	28.189	28.226	28.216	
1205	93.54	28.189	28.226	28.216	
1206	93.64	28.189	28.226	28.216	
1207	93.74	28.19	28.226	28.216	
1208	93.84	28.19	28.226	28.216	
1209	93.94	28.19	28.226	28.216	
1210	94.	28.19	28.226	28.216	
1211	94.01	28.19	28.226	28.216	
1212	94.02	28.19	28.226	28.216	
1213	94.05	28.19	28.226	28.216	
1214	94.14	28.19	28.226	28.216	
1215	94.24	28.19	28.226	28.216	
1216	94.34	28.19	28.226	28.216	
1217	94.44	28.19	28.226	28.217	
1218	94.54	28.19	28.226	28.217	
1219	94.64	28.19	28.227	28.217	
1220	94.74	28.19	28.227	28.217	
1221	94.84	28.191	28.227	28.217	
1222	94.94	28.191	28.227	28.217	
1223	95.	28.191	28.227	28.217	
1224	95.01	28.191	28.227	28.217	
1225	95.02	28.191	28.227	28.217	
1226	95.05	28.191	28.227	28.217	
1227	95.14	28.191	28.227	28.217	
1228	95.24	28.191	28.227	28.217	
1229	95.34	28.191	28.227	28.217	
1230	95.44	28.191	28.227	28.217	
1231	95.54	28.191	28.227	28.217	
1232	95.64	28.191	28.227	28.218	
1233	95.74	28.191	28.228	28.218	
1234	95.84	28.191	28.228	28.218	
1235	95.94	28.191	28.228	28.218	
1236	96.	28.192	28.228	28.218	
1237	96.01	28.192	28.228	28.218	
1238	96.02	28.192	28.228	28.218	
1239	96.05	28.192	28.228	28.218	
1240	96.14	28.192	28.228	28.218	
1241	96.24	28.192	28.228	28.218	
1242	96.34	28.192	28.228	28.218	
1243	96.44	28.192	28.228	28.218	
1244	96.54	28.192	28.228	28.218	
1245	96.64	28.192	28.228	28.218	
1246	96.74	28.192	28.228	28.218	
1247	96.84	28.192	28.228	28.219	
1248	96.94	28.192	28.229	28.219	
1249	97.	28.192	28.229	28.219	
1250	97.01	28.192	28.229	28.219	
1251	97.02	28.192	28.229	28.219	
1252	97.05	28.192	28.229	28.219	
1253	97.14	28.193	28.229	28.219	
1254	97.24	28.193	28.229	28.219	
1255	97.34	28.193	28.229	28.219	
1256	97.44	28.193	28.229	28.219	
1257	97.54	28.193	28.229	28.219	
1258	97.64	28.193	28.229	28.219	
1259	97.74	28.193	28.229	28.219	
1260	97.84	28.193	28.229	28.219	
1261	97.94	28.193	28.229	28.22	
1262	98.	28.193	28.229	28.22	
1263	98.01	28.193	28.229	28.22	
1264	98.02	28.193	28.229	28.22	
1265	98.05	28.193	28.229	28.22	
1266	98.14	28.193	28.23	28.22	
1267	98.24	28.193	28.23	28.22	
1268	98.34	28.194	28.23	28.22	
1269	98.44	28.194	28.23	28.22	
1270	98.54	28.194	28.23	28.22	
1271	98.64	28.194	28.23	28.22	
1272	98.74	28.194	28.23	28.22	
1273	98.84	28.194	28.23	28.22	
1274	98.94	28.194	28.23	28.22	
1275	99.	28.194	28.23	28.22	
1276	99.01	28.194	28.23	28.22	
1277	99.02	28.194	28.23	28.22	
1278	99.05	28.194	28.23	28.22	
1279	99.14	28.194	28.23	28.221	
1280	99.24	28.194	28.231	28.221	
1281	99.34	28.194	28.231	28.221	
1282	99.44	28.194	28.231	28.221	
1283	99.54	28.195	28.231	28.221	
1284	99.64	28.195	28.231	28.221	
1285	99.74	28.195	28.231	28.221	
1286	99.84	28.195	28.231	28.221	
1287	99.94	28.195	28.231	28.221	
1288	100.	28.195	28.231	28.221	
1289	100.01	28.195	28.231	28.221	
1290	100.02	28.195	28.231	28.221	
1291	100.05	28.195	28.231	28.221	
1292	100.14	28.195	28.231	28.221	
1293	100.24	28.195	28.231	28.221	
1294	100.34	28.195	28.231	28.222	
1295	100.44	28.195	28.232	28.222	
1296	100.54	28.195	28.232	28.222	
1297	100.64	28.196	28.232	28.222	
1298	100.74	28.196	28.232	28.222	
1299	100.84	28.196	28.232	28.222	
1300	100.94	28.196	28.232	28.222	
1301	101.	28.196	28.232	28.222	
1302	101.01	28.196	28.232	28.222	
1303	101.02	28.196	28.232	28.222	
1304	101.05	28.196	28.232	28.222	
1305	101.14	28.196	28.232	28.222	
1306	101.24	28.196	28.232	28.222	
1307	101.34	28.196	28.232	28.222	
1308	101.44	28.196	28.232	28.223	
1309	101.54	28.196	28.233	28.223	
1310	101.64	28.196	28.233	28.223	
1311	101.74	28.196	28.233	28.223	
1312	101.84	28.197	28.233	28.223	
1313	101.94	28.197	28.233	28.223	
1314	102.	28.197	28.233	28.223	
1315	102.01	28.197	28.233	28.223	
1316	102.02	28.197	28.233	28.223	
1317	102.05	28.197	28.233	28.223	
1318	102.14	28.197	28.233	28.223	
1319	102.24	28.197	28.233	28.223	
1320	102.34	28.197	28.233	28.223	
1321	102.44	28.197	28.233	28.223	
1322	102.54	28.197	28.233	28.223	
1323	102.64	28.197	28.233	28.224	
1324	102.74	28.197	28.234	28.224	
1325	102.84	28.197	28.234	28.224	
1326	102.94	28.198	28.234	28.224	
1327	103.	28.198	28.234	28.224	
1328	103.01	28.198	28.234	28.224	
1329	103.02	28.198	28.234	28.224	
1330	103.05	28.198	28.234	28.224	
1331	103.14	28.198	28.234	28.224	
1332	103.24	28.198	28.234	28.224	
1333	103.34	28.198	28.234	28.224	
1334	103.44	28.198	28.234	28.224	
1335	103.54	28.198	28.234	28.224	
1336	103.64	28.198	28.234	28.224	
1337	103.74	28.198	28.234	28.225	
1338	103.84	28.198	28.235	28.225	
1339	103.94	28.198	28.235	28.225	
1340	104.	28.198	28.235	28.225	
1341	104.01	28.198	28.235	28.225	
1342	104.02	28.198	28.235	28.225	
1343	104.05	28.199	28.235	28.225	
1344	104.14	28.199	28.235	28.225	
1345	104.24	28.199	28.235	28.225	
1346	104.34	28.199	28.235	28.225	
1347	104.44	28.199	28.235	28.225	
1348	104.54	28.199	28.235	28.225	
1349	104.64	28.199	28.235	28.225	
1350	104.74	28.199	28.235	28.225	
1351	104.84	28.199	28.235	28.225	
1352	104.94	28.199	28.235	28.226	
1353	105.	28.199	28.236	28.226	
1354	105.01	28.199	28.236	28.226	
1355	105.02	28.199	28.236	28.226	
1356	105.05	28.199	28.236	28.226	
1357	105.14	28.199	28.236	28.226	
1358	105.24	28.2	28.236	28.226	
1359	105.34	28.2	28.236	28.226	
1360	105.44	28.2	28.236	28.226	
1361	105.54	28.2	28.236	28.226	
1362	105.64	28.2	28.236	28.226	
1363	105.74	28.2	28.236	28.226	
1364	105.84	28.2	28.236	28.226	
1365	105.94	28.2	28.236	28.226	
1366	106.	28.2	28.236	28.227	
1367	106.01	28.2	28.236	28.227	
1368	106.02	28.2	28.236	28.227	
1369	106.05	28.2	28.236	28.227	
1370	106.14	28.2	28.237	28.227	
1371	106.24	28.2	28.237	28.227	
1372	106.34	28.201	28.237	28.227	
1373	106.44	28.201	28.237	28.227	
1374	106.54	28.201	28.237	28.227	
1375	106.64	28.201	28.237	28.227	
1376	106.74	28.201	28.237	28.227	
1377	106.84	28.201	28.237	28.227	
1378	106.94	28.201	28.237	28.227	
1379	107.	28.201	28.237	28.227	
1380	107.01	28.201	28.237	28.227	
1381	107.02	28.201	28.237	28.227	
1382	107.05	28.201	28.237	28.227	
1383	107.14	28.201	28.237	28.228	
1384	107.24	28.201	28.237	28.228	
1385	107.34	28.201	28.238	28.228	
1386	107.44	28.201	28.238	28.228	
1387	107.54	28.202	28.238	28.228	
1388	107.64	28.202	28.238	28.228	
1389	107.74	28.202	28.238	28.228	
1390	107.84	28.202	28.238	28.228	
1391	107.94	28.202	28.238	28.228	
1392	108.	28.202	28.238	28.228	
1393	108.01	28.202	28.238	28.228	
1394	108.02	28.202	28.238	28.228	
1395	108.05	28.202	28.238	28.228	
1396	108.14	28.202	28.238	28.228	
1397	108.24	28.202	28.238	28.228	
1398	108.34	28.202	28.238	28.229	
1399	108.44	28.202	28.239	28.229	
1400	108.54	28.202	28.239	28.229	
1401	108.64	28.203	28.239	28.229	
1402	108.74	28.203	28.239	28.229	
1403	108.84	28.203	28.239	28.229	
1404	108.94	28.203	28.239	28.229	
1405	109.	28.203	28.239	28.229	
1406	109.01	28.203	28.239	28.229	
1407	109.02	28.203	28.239	28.229	
1408	109.05	28.203	28.239	28.229	
1409	109.14	28.203	28.239	28.229	
1410	109.24	28.203	28.239	28.229	
1411	109.34	28.203	28.239	28.229	
1412	109.44	28.203	28.239	28.23	
1413	109.54	28.203	28.239	28.23	
1414	109.64	28.203	28.24	28.23	
1415	109.74	28.203	28.24	28.23	
1416	109.84	28.204	28.24	28.23	
1417	109.94	28.204	28.24	28.23	
1418	110.	28.204	28.24	28.23	
1419	110.01	28.204	28.24	28.23	
1420	110.02	28.204	28.24	28.23	
1421	110.05	28.204	28.24	28.23	
1422	110.14	28.204	28.24	28.23	
1423	110.24	28.204	28.24	28.23	
1424	110.34	28.204	28.24	28.23	
1425	110.44	28.204	28.24	28.23	
1426	110.54	28.204	28.24	28.23	
1427	110.64	28.204	28.24	28.231	
1428	110.74	28.204	28.241	28.231	
1429	110.84	28.204	28.241	28.231	
1430	110.94	28.205	28.241	28.231	
1431	111.	28.205	28.241	28.231	
1432	111.01	28.205	28.241	28.231	
1433	111.02	28.205	28.241	28.231	
1434	111.05	28.205	28.241	28.231	
1435	111.14	28.205	28.241	28.231	
1436	111.24	28.205	28.241	28.231	
1437	111.34	28.205	28.241	28.231	
1438	111.44	28.205	28.241	28.231	
1439	111.54	28.205	28.241	28.231	
1440	111.64	28.205	28.241	28.231	
1441	111.74	28.205	28.241	28.232	
1442	111.84	28.205	28.242	28.232	
1443	111.94	28.205	28.242	28.232	
1444	112.	28.205	28.242	28.232	
1445	112.01	28.206	28.242	28.232	
1446	112.02	28.206	28.242	28.232	
1447	112.05	28.206	28.242	28.232	
1448	112.14	28.206	28.242	28.232	
1449	112.24	28.206	28.242	28.232	
1450	112.34	28.206	28.242	28.232	
1451	112.44	28.206	28.242	28.232	
1452	112.54	28.206	28.242	28.232	
1453	112.64	28.206	28.242	28.232	
1454	112.74	28.206	28.242	28.232	
1455	112.84	28.206	28.242	28.233	
1456	112.94	28.206	28.242	28.233	
1457	113.	28.206	28.243	28.233	
1458	113.01	28.206	28.243	28.233	
1459	113.02	28.206	28.243	28.233	
1460	113.05	28.206	28.243	28.233	
1461	113.14	28.207	28.243	28.233	
1462	113.24	28.207	28.243	28.233	
1463	113.34	28.207	28.243	28.233	
1464	113.44	28.207	28.243	28.233	
1465	113.54	28.207	28.243	28.233	
1466	113.64	28.207	28.243	28.233	
1467	113.74	28.207	28.243	28.233	
1468	113.84	28.207	28.243	28.233	
1469	113.94	28.207	28.243	28.233	
1470	114.	28.207	28.243	28.234	
1471	114.01	28.207	28.243	28.234	
1472	114.02	28.207	28.243	28.234	
1473	114.05	28.207	28.243	28.234	
1474	114.14	28.207	28.244	28.234	
1475	114.24	28.207	28.244	28.234	
1476	114.34	28.208	28.244	28.234	
1477	114.44	28.208	28.244	28.234	
1478	114.54	28.208	28.244	28.234	
1479	114.64	28.208	28.244	28.234	
1480	114.74	28.208	28.244	28.234	
1481	114.84	28.208	28.244	28.234	
1482	114.94	28.208	28.244	28.234	
1483	115.	28.208	28.244	28.234	
1484	115.01	28.208	28.244	28.234	
1485	115.02	28.208	28.244	28.234	
1486	115.05	28.208	28.244	28.234	
1487	115.14	28.208	28.244	28.235	
1488	115.24	28.208	28.245	28.235	
1489	115.34	28.208	28.245	28.235	
1490	115.44	28.209	28.245	28.235	
1491	115.54	28.209	28.245	28.235	
1492	115.64	28.209	28.245	28.235	
1493	115.74	28.209	28.245	28.235	
1494	115.84	28.209	28.245	28.235	
1495	115.94	28.209	28.245	28.235	
1496	116.	28.209	28.245	28.235	
1497	116.01	28.209	28.245	28.235	
1498	116.02	28.209	28.245	28.235	
1499	116.05	28.209	28.245	28.235	
1500	116.14	28.209	28.245	28.235	
1501	116.24	28.209	28.245	28.236	
1502	116.34	28.209	28.246	28.236	
1503	116.44	28.209	28.246	28.236	
1504	116.54	28.21	28.246	28.236	
1505	116.64	28.21	28.246	28.236	
1506	116.74	28.21	28.246	28.236	
1507	116.84	28.21	28.246	28.236	
1508	116.94	28.21	28.246	28.236	
1509	117.	28.21	28.246	28.236	
1510	117.01	28.21	28.246	28.236	
1511	117.02	28.21	28.246	28.236	
1512	117.05	28.21	28.246	28.236	
1513	117.14	28.21	28.246	28.236	
1514	117.24	28.21	28.246	28.236	
1515	117.34	28.21	28.246	28.237	
1516	117.44	28.21	28.246	28.237	
1517	117.54	28.21	28.247	28.237	
1518	117.64	28.211	28.247	28.237	
1519	117.74	28.211	28.247	28.237	
1520	117.84	28.211	28.247	28.237	
1521	117.94	28.211	28.247	28.237	
1522	118.	28.211	28.247	28.237	
1523	118.01	28.211	28.247	28.237	
1524	118.02	28.211	28.247	28.237	
1525	118.05	28.211	28.247	28.237	
1526	118.14	28.211	28.247	28.237	
1527	118.24	28.211	28.247	28.237	
1528	118.34	28.211	28.247	28.237	
1529	118.44	28.211	28.247	28.237	
1530	118.54	28.211	28.247	28.238	
1531	118.64	28.211	28.248	28.238	
1532	118.74	28.211	28.248	28.238	
1533	118.84	28.212	28.248	28.238	
1534	118.94	28.212	28.248	28.238	
1535	119.	28.212	28.248	28.238	
1536	119.01	28.212	28.248	28.238	
1537	119.02	28.212	28.248	28.238	
1538	119.05	28.212	28.248	28.238	
1539	119.14	28.212	28.248	28.238	
1540	119.24	28.212	28.248	28.238	
1541	119.34	28.212	28.248	28.238	
1542	119.44	28.212	28.248	28.238	
1543	119.54	28.212	28.248	28.238	
1544	119.64	28.212	28.248	28.239	
1545	119.74	28.212	28.249	28.239	
1546	119.84	28.212	28.249	28.239	
1547	119.94	28.213	28.249	28.239	
1548	120.	28.213	28.249	28.239	
1549	120.01	28.213	28.249	28.239	
1550	120.02	28.213	28.249	28.239	
1551	120.05	28.213	28.249	28.239	
1552	120.14	28.213	28.249	28.239	
1553	120.24	28.213	28.249	28.239	
1554	120.34	28.213	28.249	28.239	
1555	120.44	28.213	28.249	28.239	
1556	120.54	28.213	28.249	28.239	
1557	120.64	28.213	28.249	28.239	
1558	120.74	28.213	28.249	28.24	
1559	120.84	28.213	28.25	28.24	
1560	120.94	28.213	28.25	28.24	
1561	121.	28.214	28.25	28.24	
1562	121.01	28.214	28.25	28.24	
1563	121.02	28.214	28.25	28.24	
1564	121.05	28.214	28.25	28.24	
1565	121.14	28.214	28.25	28.24	
1566	121.24	28.214	28.25	28.24	
1567	121.34	28.214	28.25	28.24	
1568	121.44	28.214	28.25	28.24	
1569	121.54	28.214	28.25	28.24	
1570	121.64	28.214	28.25	28.24	
1571	121.74	28.214	28.25	28.24	
1572	121.84	28.214	28.25	28.241	
1573	121.94	28.214	28.25	28.241	
1574	122.	28.214	28.251	28.241	
1575	122.01	28.214	28.251	28.241	
1576	122.02	28.214	28.251	28.241	
1577	122.05	28.214	28.251	28.241	
1578	122.14	28.215	28.251	28.241	
1579	122.24	28.215	28.251	28.241	
1580	122.34	28.215	28.251	28.241	
1581	122.44	28.215	28.251	28.241	
1582	122.54	28.215	28.251	28.241	
1583	122.64	28.215	28.251	28.241	
1584	122.74	28.215	28.251	28.241	
1585	122.84	28.215	28.251	28.241	
1586	122.94	28.215	28.251	28.242	
1587	123.	28.215	28.251	28.242	
1588	123.01	28.215	28.251	28.242	
1589	123.02	28.215	28.251	28.242	
1590	123.05	28.215	28.251	28.242	
1591	123.14	28.215	28.252	28.242	
1592	123.24	28.216	28.252	28.242	
1593	123.34	28.216	28.252	28.242	
1594	123.44	28.216	28.252	28.242	
1595	123.54	28.216	28.252	28.242	
1596	123.64	28.216	28.252	28.242	
1597	123.74	28.216	28.252	28.242	
1598	123.84	28.216	28.252	28.242	
1599	123.94	28.216	28.252	28.242	
1600	124.	28.216	28.252	28.242	
1601	124.01	28.216	28.252	28.242	
1602	124.02	28.216	28.252	28.242	
1603	124.05	28.216	28.252	28.243	
1604	124.14	28.216	28.252	28.243	
1605	124.24	28.216	28.253	28.243	
1606	124.34	28.217	28.253	28.243	
1607	124.44	28.217	28.253	28.243	
1608	124.54	28.217	28.253	28.243	
1609	124.64	28.217	28.253	28.243	
1610	124.74	28.217	28.253	28.243	
1611	124.84	28.217	28.253	28.243	
1612	124.94	28.217	28.253	28.243	
1613	125.	28.217	28.253	28.243	
1614	125.01	28.217	28.253	28.243	
1615	125.02	28.217	28.253	28.243	
1616	125.05	28.217	28.253	28.243	
1617	125.14	28.217	28.253	28.243	
1618	125.24	28.217	28.253	28.244	
1619	125.34	28.217	28.254	28.244	
1620	125.44	28.218	28.254	28.244	
1621	125.54	28.218	28.254	28.244	
1622	125.64	28.218	28.254	28.244	
1623	125.74	28.218	28.254	28.244	
1624	125.84	28.218	28.254	28.244	
1625	125.94	28.218	28.254	28.244	
1626	126.	28.218	28.254	28.244	
1627	126.01	28.218	28.254	28.244	
1628	126.02	28.218	28.254	28.244	
1629	126.05	28.218	28.254	28.244	
1630	126.14	28.218	28.254	28.244	
1631	126.24	28.218	28.254	28.244	
1632	126.34	28.218	28.254	28.245	
1633	126.44	28.218	28.255	28.245	
1634	126.54	28.219	28.255	28.245	
1635	126.64	28.219	28.255	28.245	
1636	126.74	28.219	28.255	28.245	
1637	126.84	28.219	28.255	28.245	
1638	126.94	28.219	28.255	28.245	
1639	127.	28.219	28.255	28.245	
1640	127.01	28.219	28.255	28.245	
1641	127.02	28.219	28.255	28.245	
1642	127.05	28.219	28.255	28.245	
1643	127.14	28.219	28.255	28.245	
1644	127.24	28.219	28.255	28.245	
1645	127.34	28.219	28.255	28.245	
1646	127.44	28.219	28.255	28.246	
1647	127.54	28.219	28.256	28.246	
1648	127.64	28.22	28.256	28.246	
1649	127.74	28.22	28.256	28.246	
1650	127.84	28.22	28.256	28.246	
1651	127.94	28.22	28.256	28.246	
1652	128.	28.22	28.256	28.246	
1653	128.01	28.22	28.256	28.246	
1654	128.02	28.22	28.256	28.246	
1655	128.05	28.22	28.256	28.246	
1656	128.14	28.22	28.256	28.246	
1657	128.24	28.22	28.256	28.246	
1658	128.34	28.22	28.256	28.246	
1659	128.44	28.22	28.256	28.246	
1660	128.54	28.22	28.256	28.247	
1661	128.64	28.22	28.257	28.247	
1662	128.74	28.221	28.257	28.247	
1663	128.84	28.221	28.257	28.247	
1664	128.94	28.221	28.257	28.247	
1665	129.	28.221	28.257	28.247	
1666	129.01	28.221	28.257	28.247	
1667	129.02	28.221	28.257	28.247	
1668	129.05	28.221	28.257	28.247	
1669	129.14	28.221	28.257	28.247	
1670	129.24	28.221	28.257	28.247	
1671	129.34	28.221	28.257	28.247	
1672	129.44	28.221	28.257	28.247	
1673	129.54	28.221	28.257	28.247	
1674	129.64	28.221	28.257	28.248	
1675	129.74	28.221	28.258	28.248	
1676	129.84	28.222	28.258	28.248	
1677	129.94	28.222	28.258	28.248	
1678	130.	28.222	28.258	28.248	
1679	130.01	28.222	28.258	28.248	
1680	130.02	28.222	28.258	28.248	
1681	130.05	28.222	28.258	28.248	
1682	130.14	28.222	28.258	28.248	
1683	130.24	28.222	28.258	28.248	
1684	130.34	28.222	28.258	28.248	
1685	130.44	28.222	28.258	28.248	
1686	130.54	28.222	28.258	28.248	
1687	130.64	28.222	28.258	28.248	
1688	130.74	28.222	28.258	28.249	
1689	130.84	28.222	28.259	28.249	
1690	130.94	28.223	28.259	28.249	
1691	131.	28.223	28.259	28.249	
1692	131.01	28.223	28.259	28.249	
1693	131.02	28.223	28.259	28.249	
1694	131.05	28.223	28.259	28.249	
1695	131.14	28.223	28.259	28.249	
1696	131.24	28.223	28.259	28.249	
1697	131.34	28.223	28.259	28.249	
1698	131.44	28.223	28.259	28.249	
1699	131.54	28.223	28.259	28.249	
1700	131.64	28.223	28.259	28.249	
1701	131.74	28.223	28.259	28.249	
1702	131.84	28.223	28.259	28.25	
1703	131.94	28.223	28.26	28.25	
1704	132.	28.223	28.26	28.25	
1705	132.01	28.223	28.26	28.25	
1706	132.02	28.223	28.26	28.25	
1707	132.05	28.224	28.26	28.25	
1708	132.14	28.224	28.26	28.25	
1709	132.24	28.224	28.26	28.25	
1710	132.34	28.224	28.26	28.25	
1711	132.44	28.224	28.26	28.25	
1712	132.54	28.224	28.26	28.25	
1713	132.64	28.224	28.26	28.25	
1714	132.74	28.224	28.26	28.25	
1715	132.84	28.224	28.26	28.25	
1716	132.94	28.224	28.26	28.251	
1717	133.	28.224	28.26	28.251	
1718	133.01	28.224	28.26	28.251	
1719	133.02	28.224	28.26	28.251	
1720	133.05	28.224	28.261	28.251	
1721	133.14	28.225	28.261	28.251	
1722	133.24	28.225	28.261	28.251	
1723	133.34	28.225	28.261	28.251	
1724	133.44	28.225	28.261	28.251	
1725	133.54	28.225	28.261	28.251	
1726	133.64	28.225	28.261	28.251	
1727	133.74	28.225	28.261	28.251	
1728	133.84	28.225	28.261	28.251	
1729	133.94	28.225	28.261	28.251	
1730	134.	28.225	28.261	28.252	
1731	134.01	28.225	28.261	28.252	
1732	134.02	28.225	28.261	28.252	
1733	134.05	28.225	28.261	28.252	
1734	134.14	28.225	28.262	28.252	
1735	134.24	28.226	28.262	28.252	
1736	134.34	28.226	28.262	28.252	
1737	134.44	28.226	28.262	28.252	
1738	134.54	28.226	28.262	28.252	
1739	134.64	28.226	28.262	28.252	
1740	134.74	28.226	28.262	28.252	
1741	134.84	28.226	28.262	28.252	
1742	134.94	28.226	28.262	28.252	
1743	135.	28.226	28.262	28.252	
1744	135.01	28.226	28.262	28.252	
1745	135.02	28.226	28.262	28.252	
1746	135.05	28.226	28.262	28.252	
1747	135.14	28.226	28.262	28.253	
1748	135.24	28.226	28.263	28.253	
1749	135.34	28.227	28.263	28.253	
1750	135.44	28.227	28.263	28.253	
1751	135.54	28.227	28.263	28.253	
1752	135.64	28.227	28.263	28.253	
1753	135.74	28.227	28.263	28.253	
1754	135.84	28.227	28.263	28.253	
1755	135.94	28.227	28.263	28.253	
1756	136.	28.227	28.263	28.253	
1757	136.01	28.227	28.263	28.253	
1758	136.02	28.227	28.263	28.253	
1759	136.05	28.227	28.263	28.253	
1760	136.14	28.227	28.263	28.253	
1761	136.24	28.227	28.263	28.254	
1762	136.34	28.227	28.264	28.254	
1763	136.44	28.228	28.264	28.254	
1764	136.54	28.228	28.264	28.254	
1765	136.64	28.228	28.264	28.254	
1766	136.74	28.228	28.264	28.254	
1767	136.84	28.228	28.264	28.254	
1768	136.94	28.228	28.264	28.254	
1769	137.	28.228	28.264	28.254	
1770	137.01	28.228	28.264	28.254	
1771	137.02	28.228	28.264	28.254	
1772	137.05	28.228	28.264	28.254	
1773	137.14	28.228	28.264	28.254	
1774	137.24	28.228	28.264	28.254	
1775	137.34	28.228	28.264	28.255	
1776	137.44	28.228	28.265	28.255	
1777	137.54	28.229	28.265	28.255	
1778	137.64	28.229	28.265	28.255	
1779	137.74	28.229	28.265	28.255	
1780	137.84	28.229	28.265	28.255	
1781	137.94	28.229	28.265	28.255	
1782	138.	28.229	28.265	28.255	
1783	138.01	28.229	28.265	28.255	
1784	138.02	28.229	28.265	28.255	
1785	138.05	28.229	28.265	28.255	
1786	138.14	28.229	28.265	28.255	
1787	138.24	28.229	28.265	28.255	
1788	138.34	28.229	28.265	28.255	
1789	138.44	28.229	28.265	28.256	
1790	138.54	28.229	28.266	28.256	
1791	138.64	28.23	28.266	28.256	
1792	138.74	28.23	28.266	28.256	
1793	138.84	28.23	28.266	28.256	
1794	138.94	28.23	28.266	28.256	
1795	139.	28.23	28.266	28.256	
1796	139.01	28.23	28.266	28.256	
1797	139.02	28.23	28.266	28.256	
1798	139.05	28.23	28.266	28.256	
1799	139.14	28.23	28.266	28.256	
1800	139.24	28.23	28.266	28.256	
1801	139.34	28.23	28.266	28.256	
1802	139.44	28.23	28.266	28.256	
1803	139.54	28.23	28.266	28.257	
1804	139.64	28.23	28.267	28.257	
1805	139.74	28.231	28.267	28.257	
1806	139.84	28.231	28.267	28.257	
1807	139.94	28.231	28.267	28.257	
1808	140.	28.231	28.267	28.257	
1809	140.01	28.231	28.267	28.257	
1810	140.02	28.231	28.267	28.257	
1811	140.05	28.231	28.267	28.257	
1812	140.14	28.231	28.267	28.257	
1813	140.24	28.231	28.267	28.257	
1814	140.34	28.231	28.267	28.257	
1815	140.44	28.231	28.267	28.257	
1816	140.54	28.231	28.267	28.258	
1817	140.64	28.231	28.267	28.258	
1818	140.74	28.231	28.268	28.258	
1819	140.84	28.232	28.268	28.258	
1820	140.94	28.232	28.268	28.258	
1821	141.	28.232	28.268	28.258	
1822	141.01	28.232	28.268	28.258	
1823	141.02	28.232	28.268	28.258	
1824	141.05	28.232	28.268	28.258	
1825	141.14	28.232	28.268	28.258	
1826	141.24	28.232	28.268	28.258	
1827	141.34	28.232	28.268	28.258	
1828	141.44	28.232	28.268	28.258	
1829	141.54	28.232	28.268	28.258	
1830	141.64	28.232	28.268	28.259	
1831	141.74	28.232	28.268	28.259	
1832	141.84	28.233	28.269	28.259	
1833	141.94	28.233	28.269	28.259	
1834	142.	28.233	28.269	28.259	
1835	142.01	28.233	28.269	28.259	
1836	142.02	28.233	28.269	28.259	
1837	142.05	28.233	28.269	28.259	
1838	142.14	28.233	28.269	28.259	
1839	142.24	28.233	28.269	28.259	
1840	142.34	28.233	28.269	28.259	
1841	142.44	28.233	28.269	28.259	
1842	142.54	28.233	28.269	28.259	
1843	142.64	28.233	28.269	28.259	
1844	142.74	28.233	28.269	28.26	
1845	142.84	28.233	28.269	28.26	
1846	142.94	28.234	28.27	28.26	
1847	143.	28.234	28.27	28.26	
1848	143.01	28.234	28.27	28.26	
1849	143.02	28.234	28.27	28.26	
1850	143.05	28.234	28.27	28.26	
1851	143.14	28.234	28.27	28.26	
1852	143.24	28.234	28.27	28.26	
1853	143.34	28.234	28.27	28.26	
1854	143.44	28.234	28.27	28.26	
1855	143.54	28.234	28.27	28.26	
1856	143.64	28.234	28.27	28.26	
1857	143.74	28.234	28.27	28.26	
1858	143.84	28.234	28.27	28.261	
1859	143.94	28.234	28.27	28.261	
1860	144.	28.235	28.271	28.261	
1861	144.01	28.235	28.271	28.261	
1862	144.02	28.235	28.271	28.261	
1863	144.05	28.235	28.271	28.261	
1864	144.14	28.235	28.271	28.261	
1865	144.24	28.235	28.271	28.261	
1866	144.34	28.235	28.271	28.261	
1867	144.44	28.235	28.271	28.261	
1868	144.54	28.235	28.271	28.261	
1869	144.64	28.235	28.271	28.261	
1870	144.74	28.235	28.271	28.261	
1871	144.84	28.235	28.271	28.261	
1872	144.94	28.235	28.271	28.262	
1873	145.	28.235	28.271	28.262	
1874	145.01	28.235	28.271	28.262	
1875	145.02	28.235	28.271	28.262	
1876	145.05	28.235	28.272	28.262	
1877	145.14	28.236	28.272	28.262	
1878	145.24	28.236	28.272	28.262	
1879	145.34	28.236	28.272	28.262	
1880	145.44	28.236	28.272	28.262	
1881	145.54	28.236	28.272	28.262	
1882	145.64	28.236	28.272	28.262	
1883	145.74	28.236	28.272	28.262	
1884	145.84	28.236	28.272	28.262	
1885	145.94	28.236	28.272	28.262	
1886	146.	28.236	28.272	28.263	
1887	146.01	28.236	28.272	28.263	
1888	146.02	28.236	28.272	28.263	
1889	146.05	28.236	28.272	28.263	
1890	146.14	28.236	28.273	28.263	
1891	146.24	28.237	28.273	28.263	
1892	146.34	28.237	28.273	28.263	
1893	146.44	28.237	28.273	28.263	
1894	146.54	28.237	28.273	28.263	
1895	146.64	28.237	28.273	28.263	
1896	146.74	28.237	28.273	28.263	
1897	146.84	28.237	28.273	28.263	
1898	146.94	28.237	28.273	28.263	
1899	147.	28.237	28.273	28.263	
1900	147.01	28.237	28.273	28.263	
1901	147.02	28.237	28.273	28.263	
1902	147.05	28.237	28.273	28.264	
1903	147.14	28.237	28.273	28.264	
1904	147.24	28.238	28.274	28.264	
1905	147.34	28.238	28.274	28.264	
1906	147.44	28.238	28.274	28.264	
1907	147.54	28.238	28.274	28.264	
1908	147.64	28.238	28.274	28.264	
1909	147.74	28.238	28.274	28.264	
1910	147.84	28.238	28.274	28.264	
1911	147.94	28.238	28.274	28.264	
1912	148.	28.238	28.274	28.264	
1913	148.01	28.238	28.274	28.264	
1914	148.02	28.238	28.274	28.264	
1915	148.05	28.238	28.274	28.264	
1916	148.14	28.238	28.274	28.265	
1917	148.24	28.238	28.274	28.265	
1918	148.34	28.239	28.275	28.265	
1919	148.44	28.239	28.275	28.265	
1920	148.54	28.239	28.275	28.265	
1921	148.64	28.239	28.275	28.265	
1922	148.74	28.239	28.275	28.265	
1923	148.84	28.239	28.275	28.265	
1924	148.94	28.239	28.275	28.265	
1925	149.	28.239	28.275	28.265	
1926	149.01	28.239	28.275	28.265	
1927	149.02	28.239	28.275	28.265	
1928	149.05	28.239	28.275	28.265	
1929	149.14	28.239	28.275	28.265	
1930	149.24	28.239	28.275	28.266	
1931	149.34	28.239	28.275	28.266	
1932	149.44	28.24	28.276	28.266	
1933	149.54	28.24	28.276	28.266	
1934	149.64	28.24	28.276	28.266	
1935	149.74	28.24	28.276	28.266	
1936	149.84	28.24	28.276	28.266	
1937	149.94	28.24	28.276	28.266	
1938	150.	28.24	28.276	28.266	
1939	150.01	28.24	28.276	28.266	
1940	150.02	28.24	28.276	28.266	
1941	150.05	28.24	28.276	28.266	
1942	150.14	28.24	28.276	28.266	
1943	150.24	28.24	28.276	28.266	
1944	150.34	28.24	28.276	28.267	
1945	150.44	28.24	28.276	28.267	
1946	150.54	28.241	28.277	28.267	
1947	150.64	28.241	28.277	28.267	
1948	150.74	28.241	28.277	28.267	
1949	150.84	28.241	28.277	28.267	
1950	150.94	28.241	28.277	28.267	
1951	151.	28.241	28.277	28.267	
1952	151.01	28.241	28.277	28.267	
1953	151.02	28.241	28.277	28.267	
1954	151.05	28.241	28.277	28.267	
1955	151.14	28.241	28.277	28.267	
1956	151.24	28.241	28.277	28.267	
1957	151.34	28.241	28.277	28.267	
1958	151.44	28.241	28.277	28.268	
1959	151.54	28.242	28.278	28.268	
1960	151.64	28.242	28.278	28.268	
1961	151.74	28.242	28.278	28.268	
1962	151.84	28.242	28.278	28.268	
1963	151.94	28.242	28.278	28.268	
1964	152.	28.242	28.278	28.268	
1965	152.01	28.242	28.278	28.268	
1966	152.02	28.242	28.278	28.268	
1967	152.05	28.242	28.278	28.268	
1968	152.14	28.242	28.278	28.268	
1969	152.24	28.242	28.278	28.268	
1970	152.34	28.242	28.278	28.268	
1971	152.44	28.242	28.278	28.269	
1972	152.54	28.242	28.278	28.269	
1973	152.64	28.243	28.279	28.269	
1974	152.74	28.243	28.279	28.269	
1975	152.84	28.243	28.279	28.269	
1976	152.94	28.243	28.279	28.269	
1977	153.	28.243	28.279	28.269	
1978	153.01	28.243	28.279	28.269	
1979	153.02	28.243	28.279	28.269	
1980	153.05	28.243	28.279	28.269	
1981	153.14	28.243	28.279	28.269	
1982	153.24	28.243	28.279	28.269	
1983	153.34	28.243	28.279	28.269	
1984	153.44	28.243	28.279	28.269	
1985	153.54	28.243	28.279	28.27	
1986	153.64	28.243	28.279	28.27	
1987	153.74	28.244	28.28	28.27	
1988	153.84	28.244	28.28	28.27	
1989	153.94	28.244	28.28	28.27	
1990	154.	28.244	28.28	28.27	
1991	154.01	28.244	28.28	28.27	
1992	154.02	28.244	28.28	28.27	
1993	154.05	28.244	28.28	28.27	
1994	154.14	28.244	28.28	28.27	
1995	154.24	28.244	28.28	28.27	
1996	154.34	28.244	28.28	28.27	
1997	154.44	28.244	28.28	28.27	
1998	154.54	28.244	28.28	28.27	
1999	154.64	28.244	28.28	28.271	
2000	154.74	28.245	28.28	28.271	
2001	154.84	28.245	28.281	28.271	
2002	154.94	28.245	28.281	28.271	
2003	155.	28.245	28.281	28.271	
2004	155.01	28.245	28.281	28.271	
2005	155.02	28.245	28.281	28.271	
2006	155.05	28.245	28.281	28.271	
2007	155.14	28.245	28.281	28.271	
2008	155.24	28.245	28.281	28.271	
2009	155.34	28.245	28.281	28.271	
2010	155.44	28.245	28.281	28.271	
2011	155.54	28.245	28.281	28.271	
2012	155.64	28.245	28.281	28.271	
2013	155.74	28.245	28.281	28.272	
2014	155.84	28.246	28.282	28.272	
2015	155.94	28.246	28.282	28.272	
2016	156.	28.246	28.282	28.272	
2017	156.01	28.246	28.282	28.272	
2018	156.02	28.246	28.282	28.272	
2019	156.05	28.246	28.282	28.272	
2020	156.14	28.246	28.282	28.272	
2021	156.24	28.246	28.282	28.272	
2022	156.34	28.246	28.282	28.272	
2023	156.44	28.246	28.282	28.272	
2024	156.54	28.246	28.282	28.272	
2025	156.64	28.246	28.282	28.272	
2026	156.74	28.246	28.282	28.273	
2027	156.84	28.246	28.282	28.273	
2028	156.94	28.247	28.283	28.273	
2029	157.	28.247	28.283	28.273	
2030	157.01	28.247	28.283	28.273	
2031	157.02	28.247	28.283	28.273	
2032	157.05	28.247	28.283	28.273	
2033	157.14	28.247	28.283	28.273	
2034	157.24	28.247	28.283	28.273	
2035	157.34	28.247	28.283	28.273	
2036	157.44	28.247	28.283	28.273	
2037	157.54	28.247	28.283	28.273	
2038	157.64	28.247	28.283	28.273	
2039	157.74	28.247	28.283	28.273	
2040	157.84	28.247	28.283	28.274	
2041	157.94	28.248	28.283	28.274	
2042	158.	28.248	28.284	28.274	
2043	158.01	28.248	28.284	28.274	
2044	158.02	28.248	28.284	28.274	
2045	158.05	28.248	28.284	28.274	
2046	158.14	28.248	28.284	28.274	
2047	158.24	28.248	28.284	28.274	
2048	158.34	28.248	28.284	28.274	
2049	158.44	28.248	28.284	28.274	
2050	158.54	28.248	28.284	28.274	
2051	158.64	28.248	28.284	28.274	
2052	158.74	28.248	28.284	28.274	
2053	158.84	28.248	28.284	28.274	
2054	158.94	28.248	28.284	28.275	
2055	159.	28.249	28.284	28.275	
2056	159.01	28.249	28.284	28.275	
2057	159.02	28.249	28.284	28.275	
2058	159.05	28.249	28.285	28.275	
2059	159.14	28.249	28.285	28.275	
2060	159.24	28.249	28.285	28.275	
2061	159.34	28.249	28.285	28.275	
2062	159.44	28.249	28.285	28.275	
2063	159.54	28.249	28.285	28.275	
2064	159.64	28.249	28.285	28.275	
2065	159.74	28.249	28.285	28.275	
2066	159.84	28.249	28.285	28.275	
2067	159.94	28.249	28.285	28.276	
2068	160.	28.249	28.285	28.276	
2069	160.01	28.249	28.285	28.276	
2070	160.02	28.249	28.285	28.276	
2071	160.05	28.25	28.285	28.276	
2072	160.14	28.25	28.286	28.276	
2073	160.24	28.25	28.286	28.276	
2074	160.34	28.25	28.286	28.276	
2075	160.44	28.25	28.286	28.276	
2076	160.54	28.25	28.286	28.276	
2077	160.64	28.25	28.286	28.276	
2078	160.74	28.25	28.286	28.276	
2079	160.84	28.25	28.286	28.276	
2080	160.94	28.25	28.286	28.276	
2081	161.	28.25	28.286	28.277	
2082	161.01	28.25	28.286	28.277	
2083	161.02	28.25	28.286	28.277	
2084	161.05	28.25	28.286	28.277	
2085	161.14	28.251	28.286	28.277	
2086	161.24	28.251	28.287	28.277	
2087	161.34	28.251	28.287	28.277	
2088	161.44	28.251	28.287	28.277	
2089	161.54	28.251	28.287	28.277	
2090	161.64	28.251	28.287	28.277	
2091	161.74	28.251	28.287	28.277	
2092	161.84	28.251	28.287	28.277	
2093	161.94	28.251	28.287	28.277	
2094	162.	28.251	28.287	28.277	
2095	162.01	28.251	28.287	28.277	
2096	162.02	28.251	28.287	28.277	
2097	162.05	28.251	28.287	28.277	
2098	162.14	28.251	28.287	28.278	
2099	162.24	28.252	28.287	28.278	
2100	162.34	28.252	28.288	28.278	
2101	162.44	28.252	28.288	28.278	
2102	162.54	28.252	28.288	28.278	
2103	162.64	28.252	28.288	28.278	
2104	162.74	28.252	28.288	28.278	
2105	162.84	28.252	28.288	28.278	
2106	162.94	28.252	28.288	28.278	
2107	163.	28.252	28.288	28.278	
2108	163.01	28.252	28.288	28.278	
2109	163.02	28.252	28.288	28.278	
2110	163.05	28.252	28.288	28.278	
2111	163.14	28.252	28.288	28.279	
2112	163.24	28.253	28.288	28.279	
2113	163.34	28.253	28.289	28.279	
2114	163.44	28.253	28.289	28.279	
2115	163.54	28.253	28.289	28.279	
2116	163.64	28.253	28.289	28.279	
2117	163.74	28.253	28.289	28.279	
2118	163.84	28.253	28.289	28.279	
2119	163.94	28.253	28.289	28.279	
2120	164.	28.253	28.289	28.279	
2121	164.01	28.253	28.289	28.279	
2122	164.02	28.253	28.289	28.279	
2123	164.05	28.253	28.289	28.279	
2124	164.14	28.253	28.289	28.279	
2125	164.24	28.253	28.289	28.28	
2126	164.34	28.254	28.289	28.28	
2127	164.44	28.254	28.29	28.28	
2128	164.54	28.254	28.29	28.28	
2129	164.64	28.254	28.29	28.28	
2130	164.74	28.254	28.29	28.28	
2131	164.84	28.254	28.29	28.28	
2132	164.94	28.254	28.29	28.28	
2133	165.	28.254	28.29	28.28	
2134	165.01	28.254	28.29	28.28	
2135	165.02	28.254	28.29	28.28	
2136	165.05	28.254	28.29	28.28	
2137	165.14	28.254	28.29	28.28	
2138	165.24	28.254	28.29	28.28	
2139	165.34	28.254	28.29	28.281	
2140	165.44	28.255	28.291	28.281	
2141	165.54	28.255	28.291	28.281	
2142	165.64	28.255	28.291	28.281	
2143	165.74	28.255	28.291	28.281	
2144	165.84	28.255	28.291	28.281	
2145	165.94	28.255	28.291	28.281	
2146	166.	28.255	28.291	28.281	
2147	166.01	28.255	28.291	28.281	
2148	166.02	28.255	28.291	28.281	
2149	166.05	28.255	28.291	28.281	
2150	166.14	28.255	28.291	28.281	
2151	166.24	28.255	28.291	28.281	
2152	166.34	28.255	28.291	28.282	
2153	166.44	28.256	28.291	28.282	
2154	166.54	28.256	28.292	28.282	
2155	166.64	28.256	28.292	28.282	
2156	166.74	28.256	28.292	28.282	
2157	166.84	28.256	28.292	28.282	
2158	166.94	28.256	28.292	28.282	
2159	167.	28.256	28.292	28.282	
2160	167.01	28.256	28.292	28.282	
2161	167.02	28.256	28.292	28.282	
2162	167.05	28.256	28.292	28.282	
2163	167.14	28.256	28.292	28.282	
2164	167.24	28.256	28.292	28.282	
2165	167.34	28.256	28.292	28.282	
2166	167.44	28.256	28.292	28.283	
2167	167.54	28.257	28.292	28.283	
2168	167.64	28.257	28.293	28.283	
2169	167.74	28.257	28.293	28.283	
2170	167.84	28.257	28.293	28.283	
2171	167.94	28.257	28.293	28.283	
2172	168.	28.257	28.293	28.283	
2173	168.01	28.257	28.293	28.283	
2174	168.02	28.257	28.293	28.283	
2175	168.05	28.257	28.293	28.283	
2176	168.14	28.257	28.293	28.283	
2177	168.24	28.257	28.293	28.283	
2178	168.34	28.257	28.293	28.283	
2179	168.44	28.257	28.293	28.284	
2180	168.54	28.258	28.293	28.284	
2181	168.64	28.258	28.294	28.284	
2182	168.74	28.258	28.294	28.284	
2183	168.84	28.258	28.294	28.284	
2184	168.94	28.258	28.294	28.284	
2185	169.	28.258	28.294	28.284	
2186	169.01	28.258	28.294	28.284	
2187	169.02	28.258	28.294	28.284	
2188	169.05	28.258	28.294	28.284	
2189	169.14	28.258	28.294	28.284	
2190	169.24	28.258	28.294	28.284	
2191	169.34	28.258	28.294	28.284	
2192	169.44	28.258	28.294	28.284	
2193	169.54	28.258	28.294	28.285	
2194	169.64	28.259	28.294	28.285	
2195	169.74	28.259	28.295	28.285	
2196	169.84	28.259	28.295	28.285	
2197	169.94	28.259	28.295	28.285	
2198	170.	28.259	28.295	28.285	
2199	170.01	28.259	28.295	28.285	
2200	170.02	28.259	28.295	28.285	
2201	170.05	28.259	28.295	28.285	
2202	170.14	28.259	28.295	28.285	
2203	170.24	28.259	28.295	28.285	
2204	170.34	28.259	28.295	28.285	
2205	170.44	28.259	28.295	28.285	
2206	170.54	28.259	28.295	28.285	
2207	170.64	28.26	28.295	28.286	
2208	170.74	28.26	28.296	28.286	
2209	170.84	28.26	28.296	28.286	
2210	170.94	28.26	28.296	28.286	
2211	171.	28.26	28.296	28.286	
2212	171.01	28.26	28.296	28.286	
2213	171.02	28.26	28.296	28.286	
2214	171.05	28.26	28.296	28.286	
2215	171.14	28.26	28.296	28.286	
2216	171.24	28.26	28.296	28.286	
2217	171.34	28.26	28.296	28.286	
2218	171.44	28.26	28.296	28.286	
2219	171.54	28.26	28.296	28.286	
2220	171.64	28.26	28.296	28.287	
2221	171.74	28.261	28.296	28.287	
2222	171.84	28.261	28.297	28.287	
2223	171.94	28.261	28.297	28.287	
2224	172.	28.261	28.297	28.287	
2225	172.01	28.261	28.297	28.287	
2226	172.02	28.261	28.297	28.287	
2227	172.05	28.261	28.297	28.287	
2228	172.14	28.261	28.297	28.287	
2229	172.24	28.261	28.297	28.287	
2230	172.34	28.261	28.297	28.287	
2231	172.44	28.261	28.297	28.287	
2232	172.54	28.261	28.297	28.287	
2233	172.64	28.261	28.297	28.287	
2234	172.74	28.262	28.297	28.288	
2235	172.84	28.262	28.297	28.288	
2236	172.94	28.262	28.298	28.288	
2237	173.	28.262	28.298	28.288	
2238	173.01	28.262	28.298	28.288	
2239	173.02	28.262	28.298	28.288	
2240	173.05	28.262	28.298	28.288	
2241	173.14	28.262	28.298	28.288	
2242	173.24	28.262	28.298	28.288	
2243	173.34	28.262	28.298	28.288	
2244	173.44	28.262	28.298	28.288	
2245	173.54	28.262	28.298	28.288	
2246	173.64	28.262	28.298	28.288	
2247	173.74	28.262	28.298	28.289	
2248	173.84	28.263	28.298	28.289	
2249	173.94	28.263	28.299	28.289	
2250	174.	28.263	28.299	28.289	
2251	174.01	28.263	28.299	28.289	
2252	174.02	28.263	28.299	28.289	
2253	174.05	28.263	28.299	28.289	
2254	174.14	28.263	28.299	28.289	
2255	174.24	28.263	28.299	28.289	
2256	174.34	28.263	28.299	28.289	
2257	174.44	28.263	28.299	28.289	
2258	174.54	28.263	28.299	28.289	
2259	174.64	28.263	28.299	28.289	
2260	174.74	28.263	28.299	28.289	
2261	174.84	28.264	28.299	28.29	
2262	174.94	28.264	28.299	28.29	
2263	175.	28.264	28.3	28.29	
2264	175.01	28.264	28.3	28.29	
2265	175.02	28.264	28.3	28.29	
2266	175.05	28.264	28.3	28.29	
2267	175.14	28.264	28.3	28.29	
2268	175.24	28.264	28.3	28.29	
2269	175.34	28.264	28.3	28.29	
2270	175.44	28.264	28.3	28.29	
2271	175.54	28.264	28.3	28.29	
2272	175.64	28.264	28.3	28.29	
2273	175.74	28.264	28.3	28.29	
2274	175.84	28.264	28.3	28.291	
2275	175.94	28.265	28.3	28.291	
2276	176.	28.265	28.3	28.291	
2277	176.01	28.265	28.3	28.291	
2278	176.02	28.265	28.301	28.291	
2279	176.05	28.265	28.301	28.291	
2280	176.14	28.265	28.301	28.291	
2281	176.24	28.265	28.301	28.291	
2282	176.34	28.265	28.301	28.291	
2283	176.44	28.265	28.301	28.291	
2284	176.54	28.265	28.301	28.291	
2285	176.64	28.265	28.301	28.291	
2286	176.74	28.265	28.301	28.291	
2287	176.84	28.265	28.301	28.291	
2288	176.94	28.266	28.301	28.292	
2289	177.	28.266	28.301	28.292	
2290	177.01	28.266	28.301	28.292	
2291	177.02	28.266	28.301	28.292	
2292	177.05	28.266	28.301	28.292	
2293	177.14	28.266	28.302	28.292	
2294	177.24	28.266	28.302	28.292	
2295	177.34	28.266	28.302	28.292	
2296	177.44	28.266	28.302	28.292	
2297	177.54	28.266	28.302	28.292	
2298	177.64	28.266	28.302	28.292	
2299	177.74	28.266	28.302	28.292	
2300	177.84	28.266	28.302	28.292	
2301	177.94	28.266	28.302	28.293	
2302	178.	28.267	28.302	28.293	
2303	178.01	28.267	28.302	28.293	
2304	178.02	28.267	28.302	28.293	
2305	178.05	28.267	28.302	28.293	
2306	178.14	28.267	28.303	28.293	
2307	178.24	28.267	28.303	28.293	
2308	178.34	28.267	28.303	28.293	
2309	178.44	28.267	28.303	28.293	
2310	178.54	28.267	28.303	28.293	
2311	178.64	28.267	28.303	28.293	
2312	178.74	28.267	28.303	28.293	
2313	178.84	28.267	28.303	28.293	
2314	178.94	28.267	28.303	28.293	
2315	179.	28.268	28.303	28.294	
2316	179.01	28.268	28.303	28.294	
2317	179.02	28.268	28.303	28.294	
2318	179.05	28.268	28.303	28.294	
2319	179.14	28.268	28.303	28.294	
2320	179.24	28.268	28.304	28.294	
2321	179.34	28.268	28.304	28.294	
2322	179.44	28.268	28.304	28.294	
2323	179.54	28.268	28.304	28.294	
2324	179.64	28.268	28.304	28.294	
2325	179.74	28.268	28.304	28.294	
2326	179.84	28.268	28.304	28.294	
2327	179.94	28.268	28.304	28.294	
2328	180.	28.268	28.304	28.294	
2329	180.01	28.268	28.304	28.294	
2330	180.02	28.268	28.304	28.294	
2331	180.05	28.269	28.304	28.295	
2332	180.14	28.269	28.304	28.295	
2333	180.24	28.269	28.305	28.295	
2334	180.34	28.269	28.305	28.295	
2335	180.44	28.269	28.305	28.295	
2336	180.54	28.269	28.305	28.295	
2337	180.64	28.269	28.305	28.295	
2338	180.74	28.269	28.305	28.295	
2339	180.84	28.269	28.305	28.295	
2340	180.94	28.269	28.305	28.295	
2341	181.	28.269	28.305	28.295	
2342	181.01	28.269	28.305	28.295	
2343	181.02	28.269	28.305	28.295	
2344	181.05	28.269	28.305	28.295	
2345	181.14	28.27	28.305	28.296	
2346	181.24	28.27	28.305	28.296	
2347	181.34	28.27	28.306	28.296	
2348	181.44	28.27	28.306	28.296	
2349	181.54	28.27	28.306	28.296	
2350	181.64	28.27	28.306	28.296	
2351	181.74	28.27	28.306	28.296	
2352	181.84	28.27	28.306	28.296	
2353	181.94	28.27	28.306	28.296	
2354	182.	28.27	28.306	28.296	
2355	182.01	28.27	28.306	28.296	
2356	182.02	28.27	28.306	28.296	
2357	182.05	28.27	28.306	28.296	
2358	182.14	28.271	28.306	28.297	
2359	182.24	28.271	28.306	28.297	
2360	182.34	28.271	28.307	28.297	
2361	182.44	28.271	28.307	28.297	
2362	182.54	28.271	28.307	28.297	
2363	182.64	28.271	28.307	28.297	
2364	182.74	28.271	28.307	28.297	
2365	182.84	28.271	28.307	28.297	
2366	182.94	28.271	28.307	28.297	
2367	183.	28.271	28.307	28.297	
2368	183.01	28.271	28.307	28.297	
2369	183.02	28.271	28.307	28.297	
2370	183.05	28.271	28.307	28.297	
2371	183.14	28.271	28.307	28.297	
2372	183.24	28.272	28.307	28.298	
2373	183.34	28.272	28.307	28.298	
2374	183.44	28.272	28.308	28.298	
2375	183.54	28.272	28.308	28.298	
2376	183.64	28.272	28.308	28.298	
2377	183.74	28.272	28.308	28.298	
2378	183.84	28.272	28.308	28.298	
2379	183.94	28.272	28.308	28.298	
2380	184.	28.272	28.308	28.298	
2381	184.01	28.272	28.308	28.298	
2382	184.02	28.272	28.308	28.298	
2383	184.05	28.272	28.308	28.298	
2384	184.14	28.272	28.308	28.298	
2385	184.24	28.273	28.308	28.299	
2386	184.34	28.273	28.308	28.299	
2387	184.44	28.273	28.309	28.299	
2388	184.54	28.273	28.309	28.299	
2389	184.64	28.273	28.309	28.299	
2390	184.74	28.273	28.309	28.299	
2391	184.84	28.273	28.309	28.299	
2392	184.94	28.273	28.309	28.299	
2393	185.	28.273	28.309	28.299	
2394	185.01	28.273	28.309	28.299	
2395	185.02	28.273	28.309	28.299	
2396	185.05	28.273	28.309	28.299	
2397	185.14	28.273	28.309	28.299	
2398	185.24	28.273	28.309	28.299	
2399	185.34	28.274	28.309	28.3	
2400	185.44	28.274	28.309	28.3	
2401	185.54	28.274	28.31	28.3	
2402	185.64	28.274	28.31	28.3	
2403	185.74	28.274	28.31	28.3	
2404	185.84	28.274	28.31	28.3	
2405	185.94	28.274	28.31	28.3	
2406	186.	28.274	28.31	28.3	
2407	186.01	28.274	28.31	28.3	
2408	186.02	28.274	28.31	28.3	
2409	186.05	28.274	28.31	28.3	
2410	186.14	28.274	28.31	28.3	
2411	186.24	28.274	28.31	28.3	
2412	186.34	28.275	28.31	28.301	
2413	186.44	28.275	28.31	28.301	
2414	186.54	28.275	28.311	28.301	
2415	186.64	28.275	28.311	28.301	
2416	186.74	28.275	28.311	28.301	
2417	186.84	28.275	28.311	28.301	
2418	186.94	28.275	28.311	28.301	
2419	187.	28.275	28.311	28.301	
2420	187.01	28.275	28.311	28.301	
2421	187.02	28.275	28.311	28.301	
2422	187.05	28.275	28.311	28.301	
2423	187.14	28.275	28.311	28.301	
2424	187.24	28.275	28.311	28.301	
2425	187.34	28.276	28.311	28.301	
2426	187.44	28.276	28.311	28.302	
2427	187.54	28.276	28.311	28.302	
2428	187.64	28.276	28.312	28.302	
2429	187.74	28.276	28.312	28.302	
2430	187.84	28.276	28.312	28.302	
2431	187.94	28.276	28.312	28.302	
2432	188.	28.276	28.312	28.302	
2433	188.01	28.276	28.312	28.302	
2434	188.02	28.276	28.312	28.302	
2435	188.05	28.276	28.312	28.302	
2436	188.14	28.276	28.312	28.302	
2437	188.24	28.276	28.312	28.302	
2438	188.34	28.276	28.312	28.302	
2439	188.44	28.277	28.312	28.303	
2440	188.54	28.277	28.312	28.303	
2441	188.64	28.277	28.313	28.303	
2442	188.74	28.277	28.313	28.303	
2443	188.84	28.277	28.313	28.303	
2444	188.94	28.277	28.313	28.303	
2445	189.	28.277	28.313	28.303	
2446	189.01	28.277	28.313	28.303	
2447	189.02	28.277	28.313	28.303	
2448	189.05	28.277	28.313	28.303	
2449	189.14	28.277	28.313	28.303	
2450	189.24	28.277	28.313	28.303	
2451	189.34	28.277	28.313	28.303	
2452	189.44	28.278	28.313	28.304	
2453	189.54	28.278	28.313	28.304	
2454	189.64	28.278	28.314	28.304	
2455	189.74	28.278	28.314	28.304	
2456	189.84	28.278	28.314	28.304	
2457	189.94	28.278	28.314	28.304	
2458	190.	28.278	28.314	28.304	
2459	190.01	28.278	28.314	28.304	
2460	190.02	28.278	28.314	28.304	
2461	190.05	28.278	28.314	28.304	
2462	190.14	28.278	28.314	28.304	
2463	190.24	28.278	28.314	28.304	
2464	190.34	28.278	28.314	28.304	
2465	190.44	28.279	28.314	28.304	
2466	190.54	28.279	28.314	28.305	
2467	190.64	28.279	28.314	28.305	
2468	190.74	28.279	28.315	28.305	
2469	190.84	28.279	28.315	28.305	
2470	190.94	28.279	28.315	28.305	
2471	191.	28.279	28.315	28.305	
2472	191.01	28.279	28.315	28.305	
2473	191.02	28.279	28.315	28.305	
2474	191.05	28.279	28.315	28.305	
2475	191.14	28.279	28.315	28.305	
2476	191.24	28.279	28.315	28.305	
2477	191.34	28.279	28.315	28.305	
2478	191.44	28.279	28.315	28.305	
2479	191.54	28.28	28.315	28.306	
2480	191.64	28.28	28.315	28.306	
2481	191.74	28.28	28.316	28.306	
2482	191.84	28.28	28.316	28.306	
2483	191.94	28.28	28.316	28.306	
2484	192.	28.28	28.316	28.306	
2485	192.01	28.28	28.316	28.306	
2486	192.02	28.28	28.316	28.306	
2487	192.05	28.28	28.316	28.306	
2488	192.14	28.28	28.316	28.306	
2489	192.24	28.28	28.316	28.306	
2490	192.34	28.28	28.316	28.306	
2491	192.44	28.28	28.316	28.306	
2492	192.54	28.281	28.316	28.306	
2493	192.64	28.281	28.316	28.307	
2494	192.74	28.281	28.316	28.307	
2495	192.84	28.281	28.317	28.307	
2496	192.94	28.281	28.317	28.307	
2497	193.	28.281	28.317	28.307	
2498	193.01	28.281	28.317	28.307	
2499	193.02	28.281	28.317	28.307	
2500	193.05	28.281	28.317	28.307	
2501	193.14	28.281	28.317	28.307	
2502	193.24	28.281	28.317	28.307	
2503	193.34	28.281	28.317	28.307	
2504	193.44	28.281	28.317	28.307	
2505	193.54	28.282	28.317	28.307	
2506	193.64	28.282	28.317	28.308	
2507	193.74	28.282	28.317	28.308	
2508	193.84	28.282	28.318	28.308	
2509	193.94	28.282	28.318	28.308	
2510	194.	28.282	28.318	28.308	
2511	194.01	28.282	28.318	28.308	
2512	194.02	28.282	28.318	28.308	
2513	194.05	28.282	28.318	28.308	
2514	194.14	28.282	28.318	28.308	
2515	194.24	28.282	28.318	28.308	
2516	194.34	28.282	28.318	28.308	
2517	194.44	28.282	28.318	28.308	
2518	194.54	28.282	28.318	28.308	
2519	194.64	28.283	28.318	28.309	
2520	194.74	28.283	28.318	28.309	
2521	194.84	28.283	28.319	28.309	
2522	194.94	28.283	28.319	28.309	
2523	195.	28.283	28.319	28.309	
2524	195.01	28.283	28.319	28.309	
2525	195.02	28.283	28.319	28.309	
2526	195.05	28.283	28.319	28.309	
2527	195.14	28.283	28.319	28.309	
2528	195.24	28.283	28.319	28.309	
2529	195.34	28.283	28.319	28.309	
2530	195.44	28.283	28.319	28.309	
2531	195.54	28.283	28.319	28.309	
2532	195.64	28.284	28.319	28.309	
2533	195.74	28.284	28.319	28.31	
2534	195.84	28.284	28.319	28.31	
2535	195.94	28.284	28.32	28.31	
2536	196.	28.284	28.32	28.31	
2537	196.01	28.284	28.32	28.31	
2538	196.02	28.284	28.32	28.31	
2539	196.05	28.284	28.32	28.31	
2540	196.14	28.284	28.32	28.31	
2541	196.24	28.284	28.32	28.31	
2542	196.34	28.284	28.32	28.31	
2543	196.44	28.284	28.32	28.31	
2544	196.54	28.284	28.32	28.31	
2545	196.64	28.285	28.32	28.31	
2546	196.74	28.285	28.32	28.311	
2547	196.84	28.285	28.32	28.311	
2548	196.94	28.285	28.321	28.311	
2549	197.	28.285	28.321	28.311	
2550	197.01	28.285	28.321	28.311	
2551	197.02	28.285	28.321	28.311	
2552	197.05	28.285	28.321	28.311	
2553	197.14	28.285	28.321	28.311	
2554	197.24	28.285	28.321	28.311	
2555	197.34	28.285	28.321	28.311	
2556	197.44	28.285	28.321	28.311	
2557	197.54	28.285	28.321	28.311	
2558	197.64	28.285	28.321	28.311	
2559	197.74	28.286	28.321	28.312	
2560	197.84	28.286	28.321	28.312	
2561	197.94	28.286	28.321	28.312	
2562	198.	28.286	28.322	28.312	
2563	198.01	28.286	28.322	28.312	
2564	198.02	28.286	28.322	28.312	
2565	198.05	28.286	28.322	28.312	
2566	198.14	28.286	28.322	28.312	
2567	198.24	28.286	28.322	28.312	
2568	198.34	28.286	28.322	28.312	
2569	198.44	28.286	28.322	28.312	
2570	198.54	28.286	28.322	28.312	
2571	198.64	28.286	28.322	28.312	
2572	198.74	28.287	28.322	28.312	
2573	198.84	28.287	28.322	28.313	
2574	198.94	28.287	28.322	28.313	
2575	199.	28.287	28.323	28.313	
2576	199.01	28.287	28.323	28.313	
2577	199.02	28.287	28.323	28.313	
2578	199.05	28.287	28.323	28.313	
2579	199.14	28.287	28.323	28.313	
2580	199.24	28.287	28.323	28.313	
2581	199.34	28.287	28.323	28.313	
2582	199.44	28.287	28.323	28.313	
2583	199.54	28.287	28.323	28.313	
2584	199.64	28.287	28.323	28.313	
2585	199.74	28.288	28.323	28.313	
2586	199.84	28.288	28.323	28.314	
2587	199.94	28.288	28.323	28.314	
2588	200.	28.288	28.323	28.314	
2589	200.01	28.288	28.323	28.314	
2590	200.02	28.288	28.324	28.314	
2591	200.05	28.288	28.324	28.314	
2592	200.14	28.288	28.324	28.314	
2593	200.24	28.288	28.324	28.314	
2594	200.34	28.288	28.324	28.314	
2595	200.44	28.288	28.324	28.314	
2596	200.54	28.288	28.324	28.314	
2597	200.64	28.288	28.324	28.314	
2598	200.74	28.288	28.324	28.314	
2599	200.84	28.289	28.324	28.315	
2600	200.94	28.289	28.324	28.315	
2601	201.	28.289	28.324	28.315	
2602	201.01	28.289	28.324	28.315	
2603	201.02	28.289	28.324	28.315	
2604	201.05	28.289	28.325	28.315	
2605	201.14	28.289	28.325	28.315	
2606	201.24	28.289	28.325	28.315	
2607	201.34	28.289	28.325	28.315	
2608	201.44	28.289	28.325	28.315	
2609	201.54	28.289	28.325	28.315	
2610	201.64	28.289	28.325	28.315	
2611	201.74	28.289	28.325	28.315	
2612	201.84	28.29	28.325	28.315	
2613	201.94	28.29	28.325	28.316	
2614	202.	28.29	28.325	28.316	
2615	202.01	28.29	28.325	28.316	
2616	202.02	28.29	28.325	28.316	
2617	202.05	28.29	28.325	28.316	
2618	202.14	28.29	28.326	28.316	
2619	202.24	28.29	28.326	28.316	
2620	202.34	28.29	28.326	28.316	
2621	202.44	28.29	28.326	28.316	
2622	202.54	28.29	28.326	28.316	
2623	202.64	28.29	28.326	28.316	
2624	202.74	28.29	28.326	28.316	
2625	202.84	28.291	28.326	28.316	
2626	202.94	28.291	28.326	28.317	
2627	203.	28.291	28.326	28.317	
2628	203.01	28.291	28.326	28.317	
2629	203.02	28.291	28.326	28.317	
2630	203.05	28.291	28.326	28.317	
2631	203.14	28.291	28.327	28.317	
2632	203.24	28.291	28.327	28.317	
2633	203.34	28.291	28.327	28.317	
2634	203.44	28.291	28.327	28.317	
2635	203.54	28.291	28.327	28.317	
2636	203.64	28.291	28.327	28.317	
2637	203.74	28.291	28.327	28.317	
2638	203.84	28.292	28.327	28.317	
2639	203.94	28.292	28.327	28.318	
2640	204.	28.292	28.327	28.318	
2641	204.01	28.292	28.327	28.318	
2642	204.02	28.292	28.327	28.318	
2643	204.05	28.292	28.327	28.318	
2644	204.14	28.292	28.327	28.318	
2645	204.24	28.292	28.328	28.318	
2646	204.34	28.292	28.328	28.318	
2647	204.44	28.292	28.328	28.318	
2648	204.54	28.292	28.328	28.318	
2649	204.64	28.292	28.328	28.318	
2650	204.74	28.292	28.328	28.318	
2651	204.84	28.292	28.328	28.318	
2652	204.94	28.293	28.328	28.318	
2653	205.	28.293	28.328	28.319	
2654	205.01	28.293	28.328	28.319	
2655	205.02	28.293	28.328	28.319	
2656	205.05	28.293	28.328	28.319	
2657	205.14	28.293	28.328	28.319	
2658	205.24	28.293	28.329	28.319	
2659	205.34	28.293	28.329	28.319	
2660	205.44	28.293	28.329	28.319	
2661	205.54	28.293	28.329	28.319	
2662	205.64	28.293	28.329	28.319	
2663	205.74	28.293	28.329	28.319	
2664	205.84	28.293	28.329	28.319	
2665	205.94	28.294	28.329	28.319	
2666	206.	28.294	28.329	28.32	
2667	206.01	28.294	28.329	28.32	
2668	206.02	28.294	28.329	28.32	
2669	206.05	28.294	28.329	28.32	
2670	206.14	28.294	28.329	28.32	
2671	206.24	28.294	28.33	28.32	
2672	206.34	28.294	28.33	28.32	
2673	206.44	28.294	28.33	28.32	
2674	206.54	28.294	28.33	28.32	
2675	206.64	28.294	28.33	28.32	
2676	206.74	28.294	28.33	28.32	
2677	206.84	28.294	28.33	28.32	
2678	206.94	28.295	28.33	28.32	
2679	207.	28.295	28.33	28.32	
2680	207.01	28.295	28.33	28.32	
2681	207.02	28.295	28.33	28.32	
2682	207.05	28.295	28.33	28.321	
2683	207.14	28.295	28.33	28.321	
2684	207.24	28.295	28.33	28.321	
2685	207.34	28.295	28.331	28.321	
2686	207.44	28.295	28.331	28.321	
2687	207.54	28.295	28.331	28.321	
2688	207.64	28.295	28.331	28.321	
2689	207.74	28.295	28.331	28.321	
2690	207.84	28.295	28.331	28.321	
2691	207.94	28.296	28.331	28.321	
2692	208.	28.296	28.331	28.321	
2693	208.01	28.296	28.331	28.321	
2694	208.02	28.296	28.331	28.321	
2695	208.05	28.296	28.331	28.321	
2696	208.14	28.296	28.331	28.322	
2697	208.24	28.296	28.331	28.322	
2698	208.34	28.296	28.332	28.322	
2699	208.44	28.296	28.332	28.322	
2700	208.54	28.296	28.332	28.322	
2701	208.64	28.296	28.332	28.322	
2702	208.74	28.296	28.332	28.322	
2703	208.84	28.296	28.332	28.322	
2704	208.94	28.296	28.332	28.322	
2705	209.	28.297	28.332	28.322	
2706	209.01	28.297	28.332	28.322	
2707	209.02	28.297	28.332	28.322	
2708	209.05	28.297	28.332	28.322	
2709	209.14	28.297	28.332	28.323	
2710	209.24	28.297	28.332	28.323	
2711	209.34	28.297	28.333	28.323	
2712	209.44	28.297	28.333	28.323	
2713	209.54	28.297	28.333	28.323	
2714	209.64	28.297	28.333	28.323	
2715	209.74	28.297	28.333	28.323	
2716	209.84	28.297	28.333	28.323	
2717	209.94	28.297	28.333	28.323	
2718	210.	28.298	28.333	28.323	
2719	210.01	28.298	28.333	28.323	
2720	210.02	28.298	28.333	28.323	
2721	210.05	28.298	28.333	28.323	
2722	210.14	28.298	28.333	28.324	
2723	210.24	28.298	28.333	28.324	
2724	210.34	28.298	28.334	28.324	
2725	210.44	28.298	28.334	28.324	
2726	210.54	28.298	28.334	28.324	
2727	210.64	28.298	28.334	28.324	
2728	210.74	28.298	28.334	28.324	
2729	210.84	28.298	28.334	28.324	
2730	210.94	28.298	28.334	28.324	
2731	211.	28.298	28.334	28.324	
2732	211.01	28.299	28.334	28.324	
2733	211.02	28.299	28.334	28.324	
2734	211.05	28.299	28.334	28.324	
2735	211.14	28.299	28.334	28.325	
2736	211.24	28.299	28.334	28.325	
2737	211.34	28.299	28.334	28.325	
2738	211.44	28.299	28.335	28.325	
2739	211.54	28.299	28.335	28.325	
2740	211.64	28.299	28.335	28.325	
2741	211.74	28.299	28.335	28.325	
2742	211.84	28.299	28.335	28.325	
2743	211.94	28.299	28.335	28.325	
2744	212.	28.299	28.335	28.325	
2745	212.01	28.299	28.335	28.325	
2746	212.02	28.299	28.335	28.325	
2747	212.05	28.3	28.335	28.325	
2748	212.14	28.3	28.335	28.325	
2749	212.24	28.3	28.335	28.326	
2750	212.34	28.3	28.335	28.326	
2751	212.44	28.3	28.336	28.326	
2752	212.54	28.3	28.336	28.326	
2753	212.64	28.3	28.336	28.326	
2754	212.74	28.3	28.336	28.326	
2755	212.84	28.3	28.336	28.326	
2756	212.94	28.3	28.336	28.326	
2757	213.	28.3	28.336	28.326	
2758	213.01	28.3	28.336	28.326	
2759	213.02	28.3	28.336	28.326	
2760	213.05	28.3	28.336	28.326	
2761	213.14	28.301	28.336	28.326	
2762	213.24	28.301	28.336	28.327	
2763	213.34	28.301	28.336	28.327	
2764	213.44	28.301	28.337	28.327	
2765	213.54	28.301	28.337	28.327	
2766	213.64	28.301	28.337	28.327	
2767	213.74	28.301	28.337	28.327	
2768	213.84	28.301	28.337	28.327	
2769	213.94	28.301	28.337	28.327	
2770	214.	28.301	28.337	28.327	
2771	214.01	28.301	28.337	28.327	
2772	214.02	28.301	28.337	28.327	
2773	214.05	28.301	28.337	28.327	
2774	214.14	28.302	28.337	28.327	
2775	214.24	28.302	28.337	28.328	
2776	214.34	28.302	28.337	28.328	
2777	214.44	28.302	28.337	28.328	
2778	214.54	28.302	28.338	28.328	
2779	214.64	28.302	28.338	28.328	
2780	214.74	28.302	28.338	28.328	
2781	214.84	28.302	28.338	28.328	
2782	214.94	28.302	28.338	28.328	
2783	215.	28.302	28.338	28.328	
2784	215.01	28.302	28.338	28.328	
2785	215.02	28.302	28.338	28.328	
2786	215.05	28.302	28.338	28.328	
2787	215.14	28.303	28.338	28.328	
2788	215.24	28.303	28.338	28.328	
2789	215.34	28.303	28.338	28.329	
2790	215.44	28.303	28.338	28.329	
2791	215.54	28.303	28.339	28.329	
2792	215.64	28.303	28.339	28.329	
2793	215.74	28.303	28.339	28.329	
2794	215.84	28.303	28.339	28.329	
2795	215.94	28.303	28.339	28.329	
2796	216.	28.303	28.339	28.329	
2797	216.01	28.303	28.339	28.329	
2798	216.02	28.303	28.339	28.329	
2799	216.05	28.303	28.339	28.329	
2800	216.14	28.304	28.339	28.329	
2801	216.24	28.304	28.339	28.329	
2802	216.34	28.304	28.339	28.33	
2803	216.44	28.304	28.339	28.33	
2804	216.54	28.304	28.34	28.33	
2805	216.64	28.304	28.34	28.33	
2806	216.74	28.304	28.34	28.33	
2807	216.84	28.304	28.34	28.33	
2808	216.94	28.304	28.34	28.33	
2809	217.	28.304	28.34	28.33	
2810	217.01	28.304	28.34	28.33	
2811	217.02	28.304	28.34	28.33	
2812	217.05	28.304	28.34	28.33	
2813	217.14	28.305	28.34	28.33	
2814	217.24	28.305	28.34	28.33	
2815	217.34	28.305	28.34	28.331	
2816	217.44	28.305	28.34	28.331	
2817	217.54	28.305	28.341	28.331	
2818	217.64	28.305	28.341	28.331	
2819	217.74	28.305	28.341	28.331	
2820	217.84	28.305	28.341	28.331	
2821	217.94	28.305	28.341	28.331	
2822	218.	28.305	28.341	28.331	
2823	218.01	28.305	28.341	28.331	
2824	218.02	28.305	28.341	28.331	
2825	218.05	28.305	28.341	28.331	
2826	218.14	28.305	28.341	28.331	
2827	218.24	28.306	28.341	28.331	
2828	218.34	28.306	28.341	28.332	
2829	218.44	28.306	28.341	28.332	
2830	218.54	28.306	28.341	28.332	
2831	218.64	28.306	28.342	28.332	
2832	218.74	28.306	28.342	28.332	
2833	218.84	28.306	28.342	28.332	
2834	218.94	28.306	28.342	28.332	
2835	219.	28.306	28.342	28.332	
2836	219.01	28.306	28.342	28.332	
2837	219.02	28.306	28.342	28.332	
2838	219.05	28.306	28.342	28.332	
2839	219.14	28.306	28.342	28.332	
2840	219.24	28.307	28.342	28.332	
2841	219.34	28.307	28.342	28.333	
2842	219.44	28.307	28.342	28.333	
2843	219.54	28.307	28.342	28.333	
2844	219.64	28.307	28.343	28.333	
2845	219.74	28.307	28.343	28.333	
2846	219.84	28.307	28.343	28.333	
2847	219.94	28.307	28.343	28.333	
2848	220.	28.307	28.343	28.333	
2849	220.01	28.307	28.343	28.333	
2850	220.02	28.307	28.343	28.333	
2851	220.05	28.307	28.343	28.333	
2852	220.14	28.307	28.343	28.333	
2853	220.24	28.308	28.343	28.333	
2854	220.34	28.308	28.343	28.333	
2855	220.44	28.308	28.343	28.334	
2856	220.54	28.308	28.343	28.334	
2857	220.64	28.308	28.344	28.334	
2858	220.74	28.308	28.344	28.334	
2859	220.84	28.308	28.344	28.334	
2860	220.94	28.308	28.344	28.334	
2861	221.	28.308	28.344	28.334	
2862	221.01	28.308	28.344	28.334	
2863	221.02	28.308	28.344	28.334	
2864	221.05	28.308	28.344	28.334	
2865	221.14	28.308	28.344	28.334	
2866	221.24	28.309	28.344	28.334	
2867	221.34	28.309	28.344	28.334	
2868	221.44	28.309	28.344	28.335	
2869	221.54	28.309	28.344	28.335	
2870	221.64	28.309	28.345	28.335	
2871	221.74	28.309	28.345	28.335	
2872	221.84	28.309	28.345	28.335	
2873	221.94	28.309	28.345	28.335	
2874	222.	28.309	28.345	28.335	
2875	222.01	28.309	28.345	28.335	
2876	222.02	28.309	28.345	28.335	
2877	222.05	28.309	28.345	28.335	
2878	222.14	28.309	28.345	28.335	
2879	222.24	28.31	28.345	28.335	
2880	222.34	28.31	28.345	28.335	
2881	222.44	28.31	28.345	28.336	
2882	222.54	28.31	28.345	28.336	
2883	222.64	28.31	28.346	28.336	
2884	222.74	28.31	28.346	28.336	
2885	222.84	28.31	28.346	28.336	
2886	222.94	28.31	28.346	28.336	
2887	223.	28.31	28.346	28.336	
2888	223.01	28.31	28.346	28.336	
2889	223.02	28.31	28.346	28.336	
2890	223.05	28.31	28.346	28.336	
2891	223.14	28.31	28.346	28.336	
2892	223.24	28.311	28.346	28.336	
2893	223.34	28.311	28.346	28.336	
2894	223.44	28.311	28.346	28.337	
2895	223.54	28.311	28.346	28.337	
2896	223.64	28.311	28.346	28.337	
2897	223.74	28.311	28.347	28.337	
2898	223.84	28.311	28.347	28.337	
2899	223.94	28.311	28.347	28.337	
2900	224.	28.311	28.347	28.337	
2901	224.01	28.311	28.347	28.337	
2902	224.02	28.311	28.347	28.337	
2903	224.05	28.311	28.347	28.337	
2904	224.14	28.311	28.347	28.337	
2905	224.24	28.311	28.347	28.337	
2906	224.34	28.312	28.347	28.337	
2907	224.44	28.312	28.347	28.337	
2908	224.54	28.312	28.347	28.338	
2909	224.64	28.312	28.347	28.338	
2910	224.74	28.312	28.348	28.338	
2911	224.84	28.312	28.348	28.338	
2912	224.94	28.312	28.348	28.338	
2913	225.	28.312	28.348	28.338	
2914	225.01	28.312	28.348	28.338	
2915	225.02	28.312	28.348	28.338	
2916	225.05	28.312	28.348	28.338	
2917	225.14	28.312	28.348	28.338	
2918	225.24	28.312	28.348	28.338	
2919	225.34	28.313	28.348	28.338	
2920	225.44	28.313	28.348	28.338	
2921	225.54	28.313	28.348	28.339	
2922	225.64	28.313	28.348	28.339	
2923	225.74	28.313	28.349	28.339	
2924	225.84	28.313	28.349	28.339	
2925	225.94	28.313	28.349	28.339	
2926	226.	28.313	28.349	28.339	
2927	226.01	28.313	28.349	28.339	
2928	226.02	28.313	28.349	28.339	
2929	226.05	28.313	28.349	28.339	
2930	226.14	28.313	28.349	28.339	
2931	226.24	28.313	28.349	28.339	
2932	226.34	28.314	28.349	28.339	
2933	226.44	28.314	28.349	28.339	
2934	226.54	28.314	28.349	28.34	
2935	226.64	28.314	28.349	28.34	
2936	226.74	28.314	28.35	28.34	
2937	226.84	28.314	28.35	28.34	
2938	226.94	28.314	28.35	28.34	
2939	227.	28.314	28.35	28.34	
2940	227.01	28.314	28.35	28.34	
2941	227.02	28.314	28.35	28.34	
2942	227.05	28.314	28.35	28.34	
2943	227.14	28.314	28.35	28.34	
2944	227.24	28.314	28.35	28.34	
2945	227.34	28.315	28.35	28.34	
2946	227.44	28.315	28.35	28.34	
2947	227.54	28.315	28.35	28.341	
2948	227.64	28.315	28.35	28.341	
2949	227.74	28.315	28.351	28.341	
2950	227.84	28.315	28.351	28.341	
2951	227.94	28.315	28.351	28.341	
2952	228.	28.315	28.351	28.341	
2953	228.01	28.315	28.351	28.341	
2954	228.02	28.315	28.351	28.341	
2955	228.05	28.315	28.351	28.341	
2956	228.14	28.315	28.351	28.341	
2957	228.24	28.315	28.351	28.341	
2958	228.34	28.316	28.351	28.341	
2959	228.44	28.316	28.351	28.341	
2960	228.54	28.316	28.351	28.342	
2961	228.64	28.316	28.351	28.342	
2962	228.74	28.316	28.351	28.342	
2963	228.84	28.316	28.352	28.342	
2964	228.94	28.316	28.352	28.342	
2965	229.	28.316	28.352	28.342	
2966	229.01	28.316	28.352	28.342	
2967	229.02	28.316	28.352	28.342	
2968	229.05	28.316	28.352	28.342	
2969	229.14	28.316	28.352	28.342	
2970	229.24	28.316	28.352	28.342	
2971	229.34	28.317	28.352	28.342	
2972	229.44	28.317	28.352	28.342	
2973	229.54	28.317	28.352	28.343	
2974	229.64	28.317	28.352	28.343	
2975	229.74	28.317	28.352	28.343	
2976	229.84	28.317	28.353	28.343	
2977	229.94	28.317	28.353	28.343	
2978	230.	28.317	28.353	28.343	
2979	230.01	28.317	28.353	28.343	
2980	230.02	28.317	28.353	28.343	
2981	230.05	28.317	28.353	28.343	
2982	230.14	28.317	28.353	28.343	
2983	230.24	28.317	28.353	28.343	
2984	230.34	28.317	28.353	28.343	
2985	230.44	28.318	28.353	28.343	
2986	230.54	28.318	28.353	28.343	
2987	230.64	28.318	28.353	28.344	
2988	230.74	28.318	28.353	28.344	
2989	230.84	28.318	28.354	28.344	
2990	230.94	28.318	28.354	28.344	
2991	231.	28.318	28.354	28.344	
2992	231.01	28.318	28.354	28.344	
2993	231.02	28.318	28.354	28.344	
2994	231.05	28.318	28.354	28.344	
2995	231.14	28.318	28.354	28.344	
2996	231.24	28.318	28.354	28.344	
2997	231.34	28.318	28.354	28.344	
2998	231.44	28.319	28.354	28.344	
2999	231.54	28.319	28.354	28.344	
3000	231.64	28.319	28.354	28.345	
3001	231.74	28.319	28.354	28.345	
3002	231.84	28.319	28.355	28.345	
3003	231.94	28.319	28.355	28.345	
3004	232.	28.319	28.355	28.345	
3005	232.01	28.319	28.355	28.345	
3006	232.02	28.319	28.355	28.345	
3007	232.05	28.319	28.355	28.345	
3008	232.14	28.319	28.355	28.345	
3009	232.24	28.319	28.355	28.345	
3010	232.34	28.319	28.355	28.345	
3011	232.44	28.32	28.355	28.345	
3012	232.54	28.32	28.355	28.345	
3013	232.64	28.32	28.355	28.346	
3014	232.74	28.32	28.355	28.346	
3015	232.84	28.32	28.356	28.346	
3016	232.94	28.32	28.356	28.346	
3017	233.	28.32	28.356	28.346	
3018	233.01	28.32	28.356	28.346	
3019	233.02	28.32	28.356	28.346	
3020	233.05	28.32	28.356	28.346	
3021	233.14	28.32	28.356	28.346	
3022	233.24	28.32	28.356	28.346	
3023	233.34	28.32	28.356	28.346	
3024	233.44	28.321	28.356	28.346	
3025	233.54	28.321	28.356	28.346	
3026	233.64	28.321	28.356	28.347	
3027	233.74	28.321	28.356	28.347	
3028	233.84	28.321	28.356	28.347	
3029	233.94	28.321	28.357	28.347	
3030	234.	28.321	28.357	28.347	
3031	234.01	28.321	28.357	28.347	
3032	234.02	28.321	28.357	28.347	
3033	234.05	28.321	28.357	28.347	
3034	234.14	28.321	28.357	28.347	
3035	234.24	28.321	28.357	28.347	
3036	234.34	28.321	28.357	28.347	
3037	234.44	28.322	28.357	28.347	
3038	234.54	28.322	28.357	28.347	
3039	234.64	28.322	28.357	28.348	
3040	234.74	28.322	28.357	28.348	
3041	234.84	28.322	28.357	28.348	
3042	234.94	28.322	28.358	28.348	
3043	235.	28.322	28.358	28.348	
3044	235.01	28.322	28.358	28.348	
3045	235.02	28.322	28.358	28.348	
3046	235.05	28.322	28.358	28.348	
3047	235.14	28.322	28.358	28.348	
3048	235.24	28.322	28.358	28.348	
3049	235.34	28.322	28.358	28.348	
3050	235.44	28.323	28.358	28.348	
3051	235.54	28.323	28.358	28.348	
3052	235.64	28.323	28.358	28.349	
3053	235.74	28.323	28.358	28.349	
3054	235.84	28.323	28.358	28.349	
3055	235.94	28.323	28.359	28.349	
3056	236.	28.323	28.359	28.349	
3057	236.01	28.323	28.359	28.349	
3058	236.02	28.323	28.359	28.349	
3059	236.05	28.323	28.359	28.349	
3060	236.14	28.323	28.359	28.349	
3061	236.24	28.323	28.359	28.349	
3062	236.34	28.323	28.359	28.349	
3063	236.44	28.324	28.359	28.349	
3064	236.54	28.324	28.359	28.349	
3065	236.64	28.324	28.359	28.349	
3066	236.74	28.324	28.359	28.35	
3067	236.84	28.324	28.359	28.35	
3068	236.94	28.324	28.36	28.35	
3069	237.	28.324	28.36	28.35	
3070	237.01	28.324	28.36	28.35	
3071	237.02	28.324	28.36	28.35	
3072	237.05	28.324	28.36	28.35	
3073	237.14	28.324	28.36	28.35	
3074	237.24	28.324	28.36	28.35	
3075	237.34	28.324	28.36	28.35	
3076	237.44	28.325	28.36	28.35	
3077	237.54	28.325	28.36	28.35	
3078	237.64	28.325	28.36	28.35	
3079	237.74	28.325	28.36	28.351	
3080	237.84	28.325	28.36	28.351	
3081	237.94	28.325	28.361	28.351	
3082	238.	28.325	28.361	28.351	
3083	238.01	28.325	28.361	28.351	
3084	238.02	28.325	28.361	28.351	
3085	238.05	28.325	28.361	28.351	
3086	238.14	28.325	28.361	28.351	
3087	238.24	28.325	28.361	28.351	
3088	238.34	28.325	28.361	28.351	
3089	238.44	28.326	28.361	28.351	
3090	238.54	28.326	28.361	28.351	
3091	238.64	28.326	28.361	28.351	
3092	238.74	28.326	28.361	28.352	
3093	238.84	28.326	28.361	28.352	
3094	238.94	28.326	28.362	28.352	
3095	239.	28.326	28.362	28.352	
3096	239.01	28.326	28.362	28.352	
3097	239.02	28.326	28.362	28.352	
3098	239.05	28.326	28.362	28.352	
3099	239.14	28.326	28.362	28.352	
3100	239.24	28.326	28.362	28.352	
3101	239.34	28.326	28.362	28.352	
3102	239.44	28.326	28.362	28.352	
3103	239.54	28.327	28.362	28.352	
3104	239.64	28.327	28.362	28.352	
3105	239.74	28.327	28.362	28.353	
3106	239.84	28.327	28.362	28.353	
3107	239.94	28.327	28.363	28.353	
3108	240.	28.327	28.363	28.353	
3109	240.01	28.327	28.363	28.353	
3110	240.02	28.327	28.363	28.353	
3111	240.05	28.327	28.363	28.353	
3112	240.14	28.327	28.363	28.353	
3113	240.24	28.327	28.363	28.353	
3114	240.34	28.327	28.363	28.353	
3115	240.44	28.327	28.363	28.353	
3116	240.54	28.328	28.363	28.353	
3117	240.64	28.328	28.363	28.353	
3118	240.74	28.328	28.363	28.354	
3119	240.84	28.328	28.363	28.354	
3120	240.94	28.328	28.363	28.354	
3121	241.	28.328	28.364	28.354	
3122	241.01	28.328	28.364	28.354	
3123	241.02	28.328	28.364	28.354	
3124	241.05	28.328	28.364	28.354	
3125	241.14	28.328	28.364	28.354	
3126	241.24	28.328	28.364	28.354	
3127	241.34	28.328	28.364	28.354	
3128	241.44	28.328	28.364	28.354	
3129	241.54	28.329	28.364	28.354	
3130	241.64	28.329	28.364	28.354	
3131	241.74	28.329	28.364	28.355	
3132	241.84	28.329	28.364	28.355	
3133	241.94	28.329	28.364	28.355	
3134	242.	28.329	28.365	28.355	
3135	242.01	28.329	28.365	28.355	
3136	242.02	28.329	28.365	28.355	
3137	242.05	28.329	28.365	28.355	
3138	242.14	28.329	28.365	28.355	
3139	242.24	28.329	28.365	28.355	
3140	242.34	28.329	28.365	28.355	
3141	242.44	28.329	28.365	28.355	
3142	242.54	28.33	28.365	28.355	
3143	242.64	28.33	28.365	28.355	
3144	242.74	28.33	28.365	28.356	
3145	242.84	28.33	28.365	28.356	
3146	242.94	28.33	28.365	28.356	
3147	243.	28.33	28.366	28.356	
3148	243.01	28.33	28.366	28.356	
3149	243.02	28.33	28.366	28.356	
3150	243.05	28.33	28.366	28.356	
3151	243.14	28.33	28.366	28.356	
3152	243.24	28.33	28.366	28.356	
3153	243.34	28.33	28.366	28.356	
3154	243.44	28.33	28.366	28.356	
3155	243.54	28.331	28.366	28.356	
3156	243.64	28.331	28.366	28.356	
3157	243.74	28.331	28.366	28.356	
3158	243.84	28.331	28.366	28.357	
3159	243.94	28.331	28.366	28.357	
3160	244.	28.331	28.367	28.357	
3161	244.01	28.331	28.367	28.357	
3162	244.02	28.331	28.367	28.357	
3163	244.05	28.331	28.367	28.357	
3164	244.14	28.331	28.367	28.357	
3165	244.24	28.331	28.367	28.357	
3166	244.34	28.331	28.367	28.357	
3167	244.44	28.331	28.367	28.357	
3168	244.54	28.332	28.367	28.357	
3169	244.64	28.332	28.367	28.357	
3170	244.74	28.332	28.367	28.357	
3171	244.84	28.332	28.367	28.358	
3172	244.94	28.332	28.367	28.358	
3173	245.	28.332	28.368	28.358	
3174	245.01	28.332	28.368	28.358	
3175	245.02	28.332	28.368	28.358	
3176	245.05	28.332	28.368	28.358	
3177	245.14	28.332	28.368	28.358	
3178	245.24	28.332	28.368	28.358	
3179	245.34	28.332	28.368	28.358	
3180	245.44	28.332	28.368	28.358	
3181	245.54	28.333	28.368	28.358	
3182	245.64	28.333	28.368	28.358	
3183	245.74	28.333	28.368	28.358	
3184	245.84	28.333	28.368	28.359	
3185	245.94	28.333	28.368	28.359	
3186	246.	28.333	28.368	28.359	
3187	246.01	28.333	28.368	28.359	
3188	246.02	28.333	28.369	28.359	
3189	246.05	28.333	28.369	28.359	
3190	246.14	28.333	28.369	28.359	
3191	246.24	28.333	28.369	28.359	
3192	246.34	28.333	28.369	28.359	
3193	246.44	28.333	28.369	28.359	
3194	246.54	28.334	28.369	28.359	
3195	246.64	28.334	28.369	28.359	
3196	246.74	28.334	28.369	28.359	
3197	246.84	28.334	28.369	28.36	
3198	246.94	28.334	28.369	28.36	
3199	247.	28.334	28.369	28.36	
3200	247.01	28.334	28.369	28.36	
3201	247.02	28.334	28.369	28.36	
3202	247.05	28.334	28.37	28.36	
3203	247.14	28.334	28.37	28.36	
3204	247.24	28.334	28.37	28.36	
3205	247.34	28.334	28.37	28.36	
3206	247.44	28.334	28.37	28.36	
3207	247.54	28.335	28.37	28.36	
3208	247.64	28.335	28.37	28.36	
3209	247.74	28.335	28.37	28.36	
3210	247.84	28.335	28.37	28.361	
3211	247.94	28.335	28.37	28.361	
3212	248.	28.335	28.37	28.361	
3213	248.01	28.335	28.37	28.361	
3214	248.02	28.335	28.37	28.361	
3215	248.05	28.335	28.371	28.361	
3216	248.14	28.335	28.371	28.361	
3217	248.24	28.335	28.371	28.361	
3218	248.34	28.335	28.371	28.361	
3219	248.44	28.335	28.371	28.361	
3220	248.54	28.336	28.371	28.361	
3221	248.64	28.336	28.371	28.361	
3222	248.74	28.336	28.371	28.361	
3223	248.84	28.336	28.371	28.362	
3224	248.94	28.336	28.371	28.362	
3225	249.	28.336	28.371	28.362	
3226	249.01	28.336	28.371	28.362	
3227	249.02	28.336	28.371	28.362	
3228	249.05	28.336	28.372	28.362	
3229	249.14	28.336	28.372	28.362	
3230	249.24	28.336	28.372	28.362	
3231	249.34	28.336	28.372	28.362	
3232	249.44	28.336	28.372	28.362	
3233	249.54	28.337	28.372	28.362	
3234	249.64	28.337	28.372	28.362	
3235	249.74	28.337	28.372	28.362	
3236	249.84	28.337	28.372	28.363	
3237	249.94	28.337	28.372	28.363	
3238	250.	28.337	28.372	28.363	
3239	250.01	28.337	28.372	28.363	
3240	250.02	28.337	28.372	28.363	
3241	250.05	28.337	28.372	28.363	
3242	250.14	28.337	28.373	28.363	
3243	250.24	28.337	28.373	28.363	
3244	250.34	28.337	28.373	28.363	
3245	250.44	28.337	28.373	28.363	
3246	250.54	28.338	28.373	28.363	
3247	250.64	28.338	28.373	28.363	
3248	250.74	28.338	28.373	28.363	
3249	250.84	28.338	28.373	28.364	
3250	250.94	28.338	28.373	28.364	
3251	251.	28.338	28.373	28.364	
3252	251.01	28.338	28.373	28.364	
3253	251.02	28.338	28.373	28.364	
3254	251.05	28.338	28.373	28.364	
3255	251.14	28.338	28.374	28.364	
3256	251.24	28.338	28.374	28.364	
3257	251.34	28.338	28.374	28.364	
3258	251.44	28.338	28.374	28.364	
3259	251.54	28.339	28.374	28.364	
3260	251.64	28.339	28.374	28.364	
3261	251.74	28.339	28.374	28.364	
3262	251.84	28.339	28.374	28.365	
3263	251.94	28.339	28.374	28.365	
3264	252.	28.339	28.374	28.365	
3265	252.01	28.339	28.374	28.365	
3266	252.02	28.339	28.374	28.365	
3267	252.05	28.339	28.374	28.365	
3268	252.14	28.339	28.375	28.365	
3269	252.24	28.339	28.375	28.365	
3270	252.34	28.339	28.375	28.365	
3271	252.44	28.339	28.375	28.365	
3272	252.54	28.34	28.375	28.365	
3273	252.64	28.34	28.375	28.365	
3274	252.74	28.34	28.375	28.365	
3275	252.84	28.34	28.375	28.366	
3276	252.94	28.34	28.375	28.366	
3277	253.	28.34	28.375	28.366	
3278	253.01	28.34	28.375	28.366	
3279	253.02	28.34	28.375	28.366	
3280	253.05	28.34	28.375	28.366	
3281	253.14	28.34	28.376	28.366	
3282	253.24	28.34	28.376	28.366	
3283	253.34	28.34	28.376	28.366	
3284	253.44	28.34	28.376	28.366	
3285	253.54	28.341	28.376	28.366	
3286	253.64	28.341	28.376	28.366	
3287	253.74	28.341	28.376	28.366	
3288	253.84	28.341	28.376	28.366	
3289	253.94	28.341	28.376	28.367	
3290	254.	28.341	28.376	28.367	
3291	254.01	28.341	28.376	28.367	
3292	254.02	28.341	28.376	28.367	
3293	254.05	28.341	28.376	28.367	
3294	254.14	28.341	28.377	28.367	
3295	254.24	28.341	28.377	28.367	
3296	254.34	28.341	28.377	28.367	
3297	254.44	28.341	28.377	28.367	
3298	254.54	28.342	28.377	28.367	
3299	254.64	28.342	28.377	28.367	
3300	254.74	28.342	28.377	28.367	
3301	254.84	28.342	28.377	28.367	
3302	254.94	28.342	28.377	28.368	
3303	255.	28.342	28.377	28.368	
3304	255.01	28.342	28.377	28.368	
3305	255.02	28.342	28.377	28.368	
3306	255.05	28.342	28.377	28.368	
3307	255.14	28.342	28.378	28.368	
3308	255.24	28.342	28.378	28.368	
3309	255.34	28.342	28.378	28.368	
3310	255.44	28.342	28.378	28.368	
3311	255.54	28.342	28.378	28.368	
3312	255.64	28.343	28.378	28.368	
3313	255.74	28.343	28.378	28.368	
3314	255.84	28.343	28.378	28.368	
3315	255.94	28.343	28.378	28.369	
3316	256.	28.343	28.378	28.369	
3317	256.01	28.343	28.378	28.369	
3318	256.02	28.343	28.378	28.369	
3319	256.05	28.343	28.378	28.369	
3320	256.14	28.343	28.379	28.369	
3321	256.24	28.343	28.379	28.369	
3322	256.34	28.343	28.379	28.369	
3323	256.44	28.343	28.379	28.369	
3324	256.54	28.343	28.379	28.369	
3325	256.64	28.344	28.379	28.369	
3326	256.74	28.344	28.379	28.369	
3327	256.84	28.344	28.379	28.369	
3328	256.94	28.344	28.379	28.37	
3329	257.	28.344	28.379	28.37	
3330	257.01	28.344	28.379	28.37	
3331	257.02	28.344	28.379	28.37	
3332	257.05	28.344	28.379	28.37	
3333	257.14	28.344	28.38	28.37	
3334	257.24	28.344	28.38	28.37	
3335	257.34	28.344	28.38	28.37	
3336	257.44	28.344	28.38	28.37	
3337	257.54	28.344	28.38	28.37	
3338	257.64	28.345	28.38	28.37	
3339	257.74	28.345	28.38	28.37	
3340	257.84	28.345	28.38	28.37	
3341	257.94	28.345	28.38	28.371	
3342	258.	28.345	28.38	28.371	
3343	258.01	28.345	28.38	28.371	
3344	258.02	28.345	28.38	28.371	
3345	258.05	28.345	28.38	28.371	
3346	258.14	28.345	28.381	28.371	
3347	258.24	28.345	28.381	28.371	
3348	258.34	28.345	28.381	28.371	
3349	258.44	28.345	28.381	28.371	
3350	258.54	28.345	28.381	28.371	
3351	258.64	28.346	28.381	28.371	
3352	258.74	28.346	28.381	28.371	
3353	258.84	28.346	28.381	28.371	
3354	258.94	28.346	28.381	28.372	
3355	259.	28.346	28.381	28.372	
3356	259.01	28.346	28.381	28.372	
3357	259.02	28.346	28.381	28.372	
3358	259.05	28.346	28.381	28.372	
3359	259.14	28.346	28.382	28.372	
3360	259.24	28.346	28.382	28.372	
3361	259.34	28.346	28.382	28.372	
3362	259.44	28.346	28.382	28.372	
3363	259.54	28.346	28.382	28.372	
3364	259.64	28.347	28.382	28.372	
3365	259.74	28.347	28.382	28.372	
3366	259.84	28.347	28.382	28.372	
3367	259.94	28.347	28.382	28.373	
3368	260.	28.347	28.382	28.373	
3369	260.01	28.347	28.382	28.373	
3370	260.02	28.347	28.382	28.373	
3371	260.05	28.347	28.382	28.373	
3372	260.14	28.347	28.383	28.373	
3373	260.24	28.347	28.383	28.373	
3374	260.34	28.347	28.383	28.373	
3375	260.44	28.347	28.383	28.373	
3376	260.54	28.347	28.383	28.373	
3377	260.64	28.348	28.383	28.373	
3378	260.74	28.348	28.383	28.373	
3379	260.84	28.348	28.383	28.373	
3380	260.94	28.348	28.383	28.374	
3381	261.	28.348	28.383	28.374	
3382	261.01	28.348	28.383	28.374	
3383	261.02	28.348	28.383	28.374	
3384	261.05	28.348	28.383	28.374	
3385	261.14	28.348	28.383	28.374	
3386	261.24	28.348	28.384	28.374	
3387	261.34	28.348	28.384	28.374	
3388	261.44	28.348	28.384	28.374	
3389	261.54	28.348	28.384	28.374	
3390	261.64	28.349	28.384	28.374	
3391	261.74	28.349	28.384	28.374	
3392	261.84	28.349	28.384	28.374	
3393	261.94	28.349	28.384	28.375	
3394	262.	28.349	28.384	28.375	
3395	262.01	28.349	28.384	28.375	
3396	262.02	28.349	28.384	28.375	
3397	262.05	28.349	28.384	28.375	
3398	262.14	28.349	28.384	28.375	
3399	262.24	28.349	28.385	28.375	
3400	262.34	28.349	28.385	28.375	
3401	262.44	28.349	28.385	28.375	
3402	262.54	28.349	28.385	28.375	
3403	262.64	28.35	28.385	28.375	
3404	262.74	28.35	28.385	28.375	
3405	262.84	28.35	28.385	28.375	
3406	262.94	28.35	28.385	28.376	
3407	263.	28.35	28.385	28.376	
3408	263.01	28.35	28.385	28.376	
3409	263.02	28.35	28.385	28.376	
3410	263.05	28.35	28.385	28.376	
3411	263.14	28.35	28.385	28.376	
3412	263.24	28.35	28.386	28.376	
3413	263.34	28.35	28.386	28.376	
3414	263.44	28.35	28.386	28.376	
3415	263.54	28.35	28.386	28.376	
3416	263.64	28.351	28.386	28.376	
3417	263.74	28.351	28.386	28.376	
3418	263.84	28.351	28.386	28.376	
3419	263.94	28.351	28.386	28.377	
3420	264.	28.351	28.386	28.377	
3421	264.01	28.351	28.386	28.377	
3422	264.02	28.351	28.386	28.377	
3423	264.05	28.351	28.386	28.377	
3424	264.14	28.351	28.386	28.377	
3425	264.24	28.351	28.387	28.377	
3426	264.34	28.351	28.387	28.377	
3427	264.44	28.351	28.387	28.377	
3428	264.54	28.351	28.387	28.377	
3429	264.64	28.352	28.387	28.377	
3430	264.74	28.352	28.387	28.377	
3431	264.84	28.352	28.387	28.377	
3432	264.94	28.352	28.387	28.378	
3433	265.	28.352	28.387	28.378	
3434	265.01	28.352	28.387	28.378	
3435	265.02	28.352	28.387	28.378	
3436	265.05	28.352	28.387	28.378	
3437	265.14	28.352	28.387	28.378	
3438	265.24	28.352	28.388	28.378	
3439	265.34	28.352	28.388	28.378	
3440	265.44	28.352	28.388	28.378	
3441	265.54	28.352	28.388	28.378	
3442	265.64	28.353	28.388	28.378	
3443	265.74	28.353	28.388	28.378	
3444	265.84	28.353	28.388	28.378	
3445	265.94	28.353	28.388	28.379	
3446	266.	28.353	28.388	28.379	
3447	266.01	28.353	28.388	28.379	
3448	266.02	28.353	28.388	28.379	
3449	266.05	28.353	28.388	28.379	
3450	266.14	28.353	28.388	28.379	
3451	266.24	28.353	28.389	28.379	
3452	266.34	28.353	28.389	28.379	
3453	266.44	28.353	28.389	28.379	
3454	266.54	28.353	28.389	28.379	
3455	266.64	28.354	28.389	28.379	
3456	266.74	28.354	28.389	28.379	
3457	266.84	28.354	28.389	28.379	
3458	266.94	28.354	28.389	28.38	
3459	267.	28.354	28.389	28.38	
3460	267.01	28.354	28.389	28.38	
3461	267.02	28.354	28.389	28.38	
3462	267.05	28.354	28.389	28.38	
3463	267.14	28.354	28.389	28.38	
3464	267.24	28.354	28.39	28.38	
3465	267.34	28.354	28.39	28.38	
3466	267.44	28.354	28.39	28.38	
3467	267.54	28.354	28.39	28.38	
3468	267.64	28.355	28.39	28.38	
3469	267.74	28.355	28.39	28.38	
3470	267.84	28.355	28.39	28.38	
3471	267.94	28.355	28.39	28.381	
3472	268.	28.355	28.39	28.381	
3473	268.01	28.355	28.39	28.381	
3474	268.02	28.355	28.39	28.381	
3475	268.05	28.355	28.39	28.381	
3476	268.14	28.355	28.39	28.381	
3477	268.24	28.355	28.391	28.381	
3478	268.34	28.355	28.391	28.381	
3479	268.44	28.355	28.391	28.381	
3480	268.54	28.355	28.391	28.381	
3481	268.64	28.356	28.391	28.381	
3482	268.74	28.356	28.391	28.381	
3483	268.84	28.356	28.391	28.381	
3484	268.94	28.356	28.391	28.382	
3485	269.	28.356	28.391	28.382	
3486	269.01	28.356	28.391	28.382	
3487	269.02	28.356	28.391	28.382	
3488	269.05	28.356	28.391	28.382	
3489	269.14	28.356	28.391	28.382	
3490	269.24	28.356	28.392	28.382	
3491	269.34	28.356	28.392	28.382	
3492	269.44	28.356	28.392	28.382	
3493	269.54	28.356	28.392	28.382	
3494	269.64	28.357	28.392	28.382	
3495	269.74	28.357	28.392	28.382	
3496	269.84	28.357	28.392	28.382	
3497	269.94	28.357	28.392	28.383	
3498	270.	28.357	28.392	28.383	
3499	270.01	28.357	28.392	28.383	
3500	270.02	28.357	28.392	28.383	
3501	270.05	28.357	28.392	28.383	
3502	270.14	28.357	28.392	28.383	
3503	270.24	28.357	28.393	28.383	
3504	270.34	28.357	28.393	28.383	
3505	270.44	28.357	28.393	28.383	
3506	270.54	28.357	28.393	28.383	
3507	270.64	28.358	28.393	28.383	
3508	270.74	28.358	28.393	28.383	
3509	270.84	28.358	28.393	28.383	
3510	270.94	28.358	28.393	28.384	
3511	271.	28.358	28.393	28.384	
3512	271.01	28.358	28.393	28.384	
3513	271.02	28.358	28.393	28.384	
3514	271.05	28.358	28.393	28.384	
3515	271.14	28.358	28.393	28.384	
3516	271.24	28.358	28.394	28.384	
3517	271.34	28.358	28.394	28.384	
3518	271.44	28.358	28.394	28.384	
3519	271.54	28.358	28.394	28.384	
3520	271.64	28.359	28.394	28.384	
3521	271.74	28.359	28.394	28.384	
3522	271.84	28.359	28.394	28.384	
3523	271.94	28.359	28.394	28.385	
3524	272.	28.359	28.394	28.385	
3525	272.01	28.359	28.394	28.385	
3526	272.02	28.359	28.394	28.385	
3527	272.05	28.359	28.394	28.385	
3528	272.14	28.359	28.394	28.385	
3529	272.24	28.359	28.395	28.385	
3530	272.34	28.359	28.395	28.385	
3531	272.44	28.359	28.395	28.385	
3532	272.54	28.359	28.395	28.385	
3533	272.64	28.36	28.395	28.385	
3534	272.74	28.36	28.395	28.385	
3535	272.84	28.36	28.395	28.385	
3536	272.94	28.36	28.395	28.386	
3537	273.	28.36	28.395	28.386	
3538	273.01	28.36	28.395	28.386	
3539	273.02	28.36	28.395	28.386	
3540	273.05	28.36	28.395	28.386	
3541	273.14	28.36	28.395	28.386	
3542	273.24	28.36	28.396	28.386	
3543	273.34	28.36	28.396	28.386	
3544	273.44	28.36	28.396	28.386	
3545	273.54	28.36	28.396	28.386	
3546	273.64	28.361	28.396	28.386	
3547	273.74	28.361	28.396	28.386	
3548	273.84	28.361	28.396	28.386	
3549	273.94	28.361	28.396	28.386	
3550	274.	28.361	28.396	28.387	
3551	274.01	28.361	28.396	28.387	
3552	274.02	28.361	28.396	28.387	
3553	274.05	28.361	28.396	28.387	
3554	274.14	28.361	28.396	28.387	
3555	274.24	28.361	28.397	28.387	
3556	274.34	28.361	28.397	28.387	
3557	274.44	28.361	28.397	28.387	
3558	274.54	28.361	28.397	28.387	
3559	274.64	28.362	28.397	28.387	
3560	274.74	28.362	28.397	28.387	
3561	274.84	28.362	28.397	28.387	
3562	274.94	28.362	28.397	28.387	
3563	275.	28.362	28.397	28.388	
3564	275.01	28.362	28.397	28.388	
3565	275.02	28.362	28.397	28.388	
3566	275.05	28.362	28.397	28.388	
3567	275.14	28.362	28.397	28.388	
3568	275.24	28.362	28.398	28.388	
3569	275.34	28.362	28.398	28.388	
3570	275.44	28.362	28.398	28.388	
3571	275.54	28.362	28.398	28.388	
3572	275.64	28.363	28.398	28.388	
3573	275.74	28.363	28.398	28.388	
3574	275.84	28.363	28.398	28.388	
3575	275.94	28.363	28.398	28.388	
3576	276.	28.363	28.398	28.389	
3577	276.01	28.363	28.398	28.389	
3578	276.02	28.363	28.398	28.389	
3579	276.05	28.363	28.398	28.389	
3580	276.14	28.363	28.398	28.389	
3581	276.24	28.363	28.399	28.389	
3582	276.34	28.363	28.399	28.389	
3583	276.44	28.363	28.399	28.389	
3584	276.54	28.363	28.399	28.389	
3585	276.64	28.364	28.399	28.389	
3586	276.74	28.364	28.399	28.389	
3587	276.84	28.364	28.399	28.389	
3588	276.94	28.364	28.399	28.389	
3589	277.	28.364	28.399	28.39	
3590	277.01	28.364	28.399	28.39	
3591	277.02	28.364	28.399	28.39	
3592	277.05	28.364	28.399	28.39	
3593	277.14	28.364	28.399	28.39	
3594	277.24	28.364	28.4	28.39	
3595	277.34	28.364	28.4	28.39	
3596	277.44	28.364	28.4	28.39	
3597	277.54	28.364	28.4	28.39	
3598	277.64	28.365	28.4	28.39	
3599	277.74	28.365	28.4	28.39	
3600	277.84	28.365	28.4	28.39	
3601	277.94	28.365	28.4	28.39	
3602	278.	28.365	28.4	28.391	
3603	278.01	28.365	28.4	28.391	
3604	278.02	28.365	28.4	28.391	
3605	278.05	28.365	28.4	28.391	
3606	278.14	28.365	28.4	28.391	
3607	278.24	28.365	28.401	28.391	
3608	278.34	28.365	28.401	28.391	
3609	278.44	28.365	28.401	28.391	
3610	278.54	28.365	28.401	28.391	
3611	278.64	28.366	28.401	28.391	
3612	278.74	28.366	28.401	28.391	
3613	278.84	28.366	28.401	28.391	
3614	278.94	28.366	28.401	28.391	
3615	279.	28.366	28.401	28.392	
3616	279.01	28.366	28.401	28.392	
3617	279.02	28.366	28.401	28.392	
3618	279.05	28.366	28.401	28.392	
3619	279.14	28.366	28.401	28.392	
3620	279.24	28.366	28.402	28.392	
3621	279.34	28.366	28.402	28.392	
3622	279.44	28.366	28.402	28.392	
3623	279.54	28.366	28.402	28.392	
3624	279.64	28.367	28.402	28.392	
3625	279.74	28.367	28.402	28.392	
3626	279.84	28.367	28.402	28.392	
3627	279.94	28.367	28.402	28.392	
3628	280.	28.367	28.402	28.393	
3629	280.01	28.367	28.402	28.393	
3630	280.02	28.367	28.402	28.393	
3631	280.05	28.367	28.402	28.393	
3632	280.14	28.367	28.402	28.393	
3633	280.24	28.367	28.403	28.393	
3634	280.34	28.367	28.403	28.393	
3635	280.44	28.367	28.403	28.393	
3636	280.54	28.367	28.403	28.393	
3637	280.64	28.368	28.403	28.393	
3638	280.74	28.368	28.403	28.393	
3639	280.84	28.368	28.403	28.393	
3640	280.94	28.368	28.403	28.393	
3641	281.	28.368	28.403	28.394	
3642	281.01	28.368	28.403	28.394	
3643	281.02	28.368	28.403	28.394	
3644	281.05	28.368	28.403	28.394	
3645	281.14	28.368	28.403	28.394	
3646	281.24	28.368	28.404	28.394	
3647	281.34	28.368	28.404	28.394	
3648	281.44	28.368	28.404	28.394	
3649	281.54	28.368	28.404	28.394	
3650	281.64	28.369	28.404	28.394	
3651	281.74	28.369	28.404	28.394	
3652	281.84	28.369	28.404	28.394	
3653	281.94	28.369	28.404	28.394	
3654	282.	28.369	28.404	28.395	
3655	282.01	28.369	28.404	28.395	
3656	282.02	28.369	28.404	28.395	
3657	282.05	28.369	28.404	28.395	
3658	282.14	28.369	28.404	28.395	
3659	282.24	28.369	28.405	28.395	
3660	282.34	28.369	28.405	28.395	
3661	282.44	28.369	28.405	28.395	
3662	282.54	28.369	28.405	28.395	
3663	282.64	28.37	28.405	28.395	
3664	282.74	28.37	28.405	28.395	
3665	282.84	28.37	28.405	28.395	
3666	282.94	28.37	28.405	28.395	
3667	283.	28.37	28.405	28.396	
3668	283.01	28.37	28.405	28.396	
3669	283.02	28.37	28.405	28.396	
3670	283.05	28.37	28.405	28.396	
3671	283.14	28.37	28.405	28.396	
3672	283.24	28.37	28.406	28.396	
3673	283.34	28.37	28.406	28.396	
3674	283.44	28.37	28.406	28.396	
3675	283.54	28.37	28.406	28.396	
3676	283.64	28.371	28.406	28.396	
3677	283.74	28.371	28.406	28.396	
3678	283.84	28.371	28.406	28.396	
3679	283.94	28.371	28.406	28.396	
3680	284.	28.371	28.406	28.397	
3681	284.01	28.371	28.406	28.397	
3682	284.02	28.371	28.406	28.397	
3683	284.05	28.371	28.406	28.397	
3684	284.14	28.371	28.406	28.397	
3685	284.24	28.371	28.407	28.397	
3686	284.34	28.371	28.407	28.397	
3687	284.44	28.371	28.407	28.397	
3688	284.54	28.371	28.407	28.397	
3689	284.64	28.372	28.407	28.397	
3690	284.74	28.372	28.407	28.397	
3691	284.84	28.372	28.407	28.397	
3692	284.94	28.372	28.407	28.397	
3693	285.	28.372	28.407	28.398	
3694	285.01	28.372	28.407	28.398	
3695	285.02	28.372	28.407	28.398	
3696	285.05	28.372	28.407	28.398	
3697	285.14	28.372	28.407	28.398	
3698	285.24	28.372	28.408	28.398	
3699	285.34	28.372	28.408	28.398	
3700	285.44	28.372	28.408	28.398	
3701	285.54	28.372	28.408	28.398	
3702	285.64	28.373	28.408	28.398	
3703	285.74	28.373	28.408	28.398	
3704	285.84	28.373	28.408	28.398	
3705	285.94	28.373	28.408	28.398	
3706	286.	28.373	28.408	28.399	
3707	286.01	28.373	28.408	28.399	
3708	286.02	28.373	28.408	28.399	
3709	286.05	28.373	28.408	28.399	
3710	286.14	28.373	28.408	28.399	
3711	286.24	28.373	28.409	28.399	
3712	286.34	28.373	28.409	28.399	
3713	286.44	28.373	28.409	28.399	
3714	286.54	28.373	28.409	28.399	
3715	286.64	28.374	28.409	28.399	
3716	286.74	28.374	28.409	28.399	
3717	286.84	28.374	28.409	28.399	
3718	286.94	28.374	28.409	28.399	
3719	287.	28.374	28.409	28.4	
3720	287.01	28.374	28.409	28.4	
3721	287.02	28.374	28.409	28.4	
3722	287.05	28.374	28.409	28.4	
3723	287.14	28.374	28.409	28.4	
3724	287.24	28.374	28.41	28.4	
3725	287.34	28.374	28.41	28.4	
3726	287.44	28.374	28.41	28.4	
3727	287.54	28.375	28.41	28.4	
3728	287.64	28.375	28.41	28.4	
3729	287.74	28.375	28.41	28.4	
3730	287.84	28.375	28.41	28.4	
3731	287.94	28.375	28.41	28.4	
3732	288.	28.375	28.41	28.401	
3733	288.01	28.375	28.41	28.401	
3734	288.02	28.375	28.41	28.401	
3735	288.05	28.375	28.41	28.401	
3736	288.14	28.375	28.41	28.401	
3737	288.24	28.375	28.411	28.401	
3738	288.34	28.375	28.411	28.401	
3739	288.44	28.375	28.411	28.401	
3740	288.54	28.376	28.411	28.401	
3741	288.64	28.376	28.411	28.401	
3742	288.74	28.376	28.411	28.401	
3743	288.84	28.376	28.411	28.401	
3744	288.94	28.376	28.411	28.401	
3745	289.	28.376	28.411	28.402	
3746	289.01	28.376	28.411	28.402	
3747	289.02	28.376	28.411	28.402	
3748	289.05	28.376	28.411	28.402	
3749	289.14	28.376	28.411	28.402	
3750	289.24	28.376	28.412	28.402	
3751	289.34	28.376	28.412	28.402	
3752	289.44	28.376	28.412	28.402	
3753	289.54	28.377	28.412	28.402	
3754	289.64	28.377	28.412	28.402	
3755	289.74	28.377	28.412	28.402	
3756	289.84	28.377	28.412	28.402	
3757	289.94	28.377	28.412	28.402	
3758	290.	28.377	28.412	28.403	
3759	290.01	28.377	28.412	28.403	
3760	290.02	28.377	28.412	28.403	
3761	290.05	28.377	28.412	28.403	
3762	290.14	28.377	28.412	28.403	
3763	290.24	28.377	28.413	28.403	
3764	290.34	28.377	28.413	28.403	
3765	290.44	28.377	28.413	28.403	
3766	290.54	28.378	28.413	28.403	
3767	290.64	28.378	28.413	28.403	
3768	290.74	28.378	28.413	28.403	
3769	290.84	28.378	28.413	28.403	
3770	290.94	28.378	28.413	28.403	
3771	291.	28.378	28.413	28.404	
3772	291.01	28.378	28.413	28.404	
3773	291.02	28.378	28.413	28.404	
3774	291.05	28.378	28.413	28.404	
3775	291.14	28.378	28.413	28.404	
3776	291.24	28.378	28.414	28.404	
3777	291.34	28.378	28.414	28.404	
3778	291.44	28.378	28.414	28.404	
3779	291.54	28.379	28.414	28.404	
3780	291.64	28.379	28.414	28.404	
3781	291.74	28.379	28.414	28.404	
3782	291.84	28.379	28.414	28.404	
3783	291.94	28.379	28.414	28.404	
3784	292.	28.379	28.414	28.405	
3785	292.01	28.379	28.414	28.405	
3786	292.02	28.379	28.414	28.405	
3787	292.05	28.379	28.414	28.405	
3788	292.14	28.379	28.414	28.405	
3789	292.24	28.379	28.415	28.405	
3790	292.34	28.379	28.415	28.405	
3791	292.44	28.379	28.415	28.405	
3792	292.54	28.38	28.415	28.405	
3793	292.64	28.38	28.415	28.405	
3794	292.74	28.38	28.415	28.405	
3795	292.84	28.38	28.415	28.405	
3796	292.94	28.38	28.415	28.406	
3797	293.	28.38	28.415	28.406	
3798	293.01	28.38	28.415	28.406	
3799	293.02	28.38	28.415	28.406	
3800	293.05	28.38	28.415	28.406	
3801	293.14	28.38	28.415	28.406	
3802	293.24	28.38	28.416	28.406	
3803	293.34	28.38	28.416	28.406	
3804	293.44	28.38	28.416	28.406	
3805	293.54	28.381	28.416	28.406	
3806	293.64	28.381	28.416	28.406	
3807	293.74	28.381	28.416	28.406	
3808	293.84	28.381	28.416	28.406	
3809	293.94	28.381	28.416	28.407	
3810	294.	28.381	28.416	28.407	
3811	294.01	28.381	28.416	28.407	
3812	294.02	28.381	28.416	28.407	
3813	294.05	28.381	28.416	28.407	
3814	294.14	28.381	28.416	28.407	
3815	294.24	28.381	28.417	28.407	
3816	294.34	28.381	28.417	28.407	
3817	294.44	28.381	28.417	28.407	
3818	294.54	28.382	28.417	28.407	
3819	294.64	28.382	28.417	28.407	
3820	294.74	28.382	28.417	28.407	
3821	294.84	28.382	28.417	28.407	
3822	294.94	28.382	28.417	28.408	
3823	295.	28.382	28.417	28.408	
3824	295.01	28.382	28.417	28.408	
3825	295.02	28.382	28.417	28.408	
3826	295.05	28.382	28.417	28.408	
3827	295.14	28.382	28.417	28.408	
3828	295.24	28.382	28.418	28.408	
3829	295.34	28.382	28.418	28.408	
3830	295.44	28.382	28.418	28.408	
3831	295.54	28.383	28.418	28.408	
3832	295.64	28.383	28.418	28.408	
3833	295.74	28.383	28.418	28.408	
3834	295.84	28.383	28.418	28.408	
3835	295.94	28.383	28.418	28.409	
3836	296.	28.383	28.418	28.409	
3837	296.01	28.383	28.418	28.409	
3838	296.02	28.383	28.418	28.409	
3839	296.05	28.383	28.418	28.409	
3840	296.14	28.383	28.418	28.409	
3841	296.24	28.383	28.419	28.409	
3842	296.34	28.383	28.419	28.409	
3843	296.44	28.383	28.419	28.409	
3844	296.54	28.384	28.419	28.409	
3845	296.64	28.384	28.419	28.409	
3846	296.74	28.384	28.419	28.409	
3847	296.84	28.384	28.419	28.409	
3848	296.94	28.384	28.419	28.41	
3849	297.	28.384	28.419	28.41	
3850	297.01	28.384	28.419	28.41	
3851	297.02	28.384	28.419	28.41	
3852	297.05	28.384	28.419	28.41	
3853	297.14	28.384	28.419	28.41	
3854	297.24	28.384	28.42	28.41	
3855	297.34	28.384	28.42	28.41	
3856	297.44	28.384	28.42	28.41	
3857	297.54	28.385	28.42	28.41	
3858	297.64	28.385	28.42	28.41	
3859	297.74	28.385	28.42	28.41	
3860	297.84	28.385	28.42	28.41	
3861	297.94	28.385	28.42	28.411	
3862	298.	28.385	28.42	28.411	
3863	298.01	28.385	28.42	28.411	
3864	298.02	28.385	28.42	28.411	
3865	298.05	28.385	28.42	28.411	
3866	298.14	28.385	28.42	28.411	
3867	298.24	28.385	28.421	28.411	
3868	298.34	28.385	28.421	28.411	
3869	298.44	28.385	28.421	28.411	
3870	298.54	28.386	28.421	28.411	
3871	298.64	28.386	28.421	28.411	
3872	298.74	28.386	28.421	28.411	
3873	298.84	28.386	28.421	28.411	
3874	298.94	28.386	28.421	28.412	
3875	299.	28.386	28.421	28.412	
3876	299.01	28.386	28.421	28.412	
3877	299.02	28.386	28.421	28.412	
3878	299.05	28.386	28.421	28.412	
3879	299.14	28.386	28.421	28.412	
3880	299.24	28.386	28.422	28.412	
3881	299.34	28.386	28.422	28.412	
3882	299.44	28.386	28.422	28.412	
3883	299.54	28.387	28.422	28.412	
3884	299.64	28.387	28.422	28.412	
3885	299.74	28.387	28.422	28.412	
3886	299.84	28.387	28.422	28.412	
3887	299.94	28.387	28.422	28.413	
3888	300.	28.387	28.422	28.413	
3889	300.01	28.387	28.422	28.413	
3890	300.02	28.387	28.422	28.413	
3891	300.05	28.387	28.422	28.413	
3892	300.14	28.387	28.422	28.413	
3893	300.24	28.387	28.423	28.413	
3894	300.34	28.387	28.423	28.413	
3895	300.44	28.387	28.423	28.413	
3896	300.54	28.388	28.423	28.413	
3897	300.64	28.388	28.423	28.413	
3898	300.74	28.388	28.423	28.413	
3899	300.84	28.388	28.423	28.413	
3900	300.94	28.388	28.423	28.414	
3901	301.	28.388	28.423	28.414	
3902	301.01	28.388	28.423	28.414	
3903	301.02	28.388	28.423	28.414	
3904	301.05	28.388	28.423	28.414	
3905	301.14	28.388	28.423	28.414	
3906	301.24	28.388	28.424	28.414	
3907	301.34	28.388	28.424	28.414	
3908	301.44	28.388	28.424	28.414	
3909	301.54	28.389	28.424	28.414	
3910	301.64	28.389	28.424	28.414	
3911	301.74	28.389	28.424	28.414	
3912	301.84	28.389	28.424	28.414	
3913	301.94	28.389	28.424	28.415	
3914	302.	28.389	28.424	28.415	
3915	302.01	28.389	28.424	28.415	
3916	302.02	28.389	28.424	28.415	
3917	302.05	28.389	28.424	28.415	
3918	302.14	28.389	28.424	28.415	
3919	302.24	28.389	28.425	28.415	
3920	302.34	28.389	28.425	28.415	
3921	302.44	28.389	28.425	28.415	
3922	302.54	28.39	28.425	28.415	
3923	302.64	28.39	28.425	28.415	
3924	302.74	28.39	28.425	28.415	
3925	302.84	28.39	28.425	28.415	
3926	302.94	28.39	28.425	28.416	
3927	303.	28.39	28.425	28.416	
3928	303.01	28.39	28.425	28.416	
3929	303.02	28.39	28.425	28.416	
3930	303.05	28.39	28.425	28.416	
3931	303.14	28.39	28.425	28.416	
3932	303.24	28.39	28.426	28.416	
3933	303.34	28.39	28.426	28.416	
3934	303.44	28.39	28.426	28.416	
3935	303.54	28.391	28.426	28.416	
3936	303.64	28.391	28.426	28.416	
3937	303.74	28.391	28.426	28.416	
3938	303.84	28.391	28.426	28.416	
3939	303.94	28.391	28.426	28.417	
3940	304.	28.391	28.426	28.417	
3941	304.01	28.391	28.426	28.417	
3942	304.02	28.391	28.426	28.417	
3943	304.05	28.391	28.426	28.417	
3944	304.14	28.391	28.426	28.417	
3945	304.24	28.391	28.427	28.417	
3946	304.34	28.391	28.427	28.417	
3947	304.44	28.391	28.427	28.417	
3948	304.54	28.392	28.427	28.417	
3949	304.64	28.392	28.427	28.417	
3950	304.74	28.392	28.427	28.417	
3951	304.84	28.392	28.427	28.417	
3952	304.94	28.392	28.427	28.418	
3953	305.	28.392	28.427	28.418	
3954	305.01	28.392	28.427	28.418	
3955	305.02	28.392	28.427	28.418	
3956	305.05	28.392	28.427	28.418	
3957	305.14	28.392	28.427	28.418	
3958	305.24	28.392	28.428	28.418	
3959	305.34	28.392	28.428	28.418	
3960	305.44	28.392	28.428	28.418	
3961	305.54	28.393	28.428	28.418	
3962	305.64	28.393	28.428	28.418	
3963	305.74	28.393	28.428	28.418	
3964	305.84	28.393	28.428	28.418	
3965	305.94	28.393	28.428	28.419	
3966	306.	28.393	28.428	28.419	
3967	306.01	28.393	28.428	28.419	
3968	306.02	28.393	28.428	28.419	
3969	306.05	28.393	28.428	28.419	
3970	306.14	28.393	28.428	28.419	
3971	306.24	28.393	28.429	28.419	
3972	306.34	28.393	28.429	28.419	
3973	306.44	28.394	28.429	28.419	
3974	306.54	28.394	28.429	28.419	
3975	306.64	28.394	28.429	28.419	
3976	306.74	28.394	28.429	28.419	
3977	306.84	28.394	28.429	28.419	
3978	306.94	28.394	28.429	28.42	
3979	307.	28.394	28.429	28.42	
3980	307.01	28.394	28.429	28.42	
3981	307.02	28.394	28.429	28.42	
3982	307.05	28.394	28.429	28.42	
3983	307.14	28.394	28.429	28.42	
3984	307.24	28.394	28.43	28.42	
3985	307.34	28.394	28.43	28.42	
3986	307.44	28.395	28.43	28.42	
3987	307.54	28.395	28.43	28.42	
3988	307.64	28.395	28.43	28.42	
3989	307.74	28.395	28.43	28.42	
3990	307.84	28.395	28.43	28.42	
3991	307.94	28.395	28.43	28.421	
3992	308.	28.395	28.43	28.421	
3993	308.01	28.395	28.43	28.421	
3994	308.02	28.395	28.43	28.421	
3995	308.05	28.395	28.43	28.421	
3996	308.14	28.395	28.43	28.421	
3997	308.24	28.395	28.431	28.421	
3998	308.34	28.395	28.431	28.421	
3999	308.44	28.396	28.431	28.421	
4000	308.54	28.396	28.431	28.421	
4001	308.64	28.396	28.431	28.421	
4002	308.74	28.396	28.431	28.421	
4003	308.84	28.396	28.431	28.421	
4004	308.94	28.396	28.431	28.422	
4005	309.	28.396	28.431	28.422	
4006	309.01	28.396	28.431	28.422	
4007	309.02	28.396	28.431	28.422	
4008	309.05	28.396	28.431	28.422	
4009	309.14	28.396	28.431	28.422	
4010	309.24	28.396	28.432	28.422	
4011	309.34	28.396	28.432	28.422	
4012	309.44	28.397	28.432	28.422	
4013	309.54	28.397	28.432	28.422	
4014	309.64	28.397	28.432	28.422	
4015	309.74	28.397	28.432	28.422	
4016	309.84	28.397	28.432	28.422	
4017	309.94	28.397	28.432	28.423	
4018	310.	28.397	28.432	28.423	
4019	310.01	28.397	28.432	28.423	
4020	310.02	28.397	28.432	28.423	
4021	310.05	28.397	28.432	28.423	
4022	310.14	28.397	28.432	28.423	
4023	310.24	28.397	28.433	28.423	
4024	310.34	28.397	28.433	28.423	
4025	310.44	28.398	28.433	28.423	
4026	310.54	28.398	28.433	28.423	
4027	310.64	28.398	28.433	28.423	
4028	310.74	28.398	28.433	28.423	
4029	310.84	28.398	28.433	28.423	
4030	310.94	28.398	28.433	28.424	
4031	311.	28.398	28.433	28.424	
4032	311.01	28.398	28.433	28.424	
4033	311.02	28.398	28.433	28.424	
4034	311.05	28.398	28.433	28.424	
4035	311.14	28.398	28.433	28.424	
4036	311.24	28.398	28.434	28.424	
4037	311.34	28.398	28.434	28.424	
4038	311.44	28.399	28.434	28.424	
4039	311.54	28.399	28.434	28.424	
4040	311.64	28.399	28.434	28.424	
4041	311.74	28.399	28.434	28.424	
4042	311.84	28.399	28.434	28.424	
4043	311.94	28.399	28.434	28.425	
4044	312.	28.399	28.434	28.425	
4045	312.01	28.399	28.434	28.425	
4046	312.02	28.399	28.434	28.425	
4047	312.05	28.399	28.434	28.425	
4048	312.14	28.399	28.435	28.425	
4049	312.24	28.399	28.435	28.425	
4050	312.34	28.399	28.435	28.425	
4051	312.44	28.4	28.435	28.425	
4052	312.54	28.4	28.435	28.425	
4053	312.64	28.4	28.435	28.425	
4054	312.74	28.4	28.435	28.425	
4055	312.84	28.4	28.435	28.425	
4056	312.94	28.4	28.435	28.426	
4057	313.	28.4	28.435	28.426	
4058	313.01	28.4	28.435	28.426	
4059	313.02	28.4	28.435	28.426	
4060	313.05	28.4	28.435	28.426	
4061	313.14	28.4	28.436	28.426	
4062	313.24	28.4	28.436	28.426	
4063	313.34	28.4	28.436	28.426	
4064	313.44	28.401	28.436	28.426	
4065	313.54	28.401	28.436	28.426	
4066	313.64	28.401	28.436	28.426	
4067	313.74	28.401	28.436	28.426	
4068	313.84	28.401	28.436	28.426	
4069	313.94	28.401	28.436	28.427	
4070	314.	28.401	28.436	28.427	
4071	314.01	28.401	28.436	28.427	
4072	314.02	28.401	28.436	28.427	
4073	314.05	28.401	28.436	28.427	
4074	314.14	28.401	28.437	28.427	
4075	314.24	28.401	28.437	28.427	
4076	314.34	28.401	28.437	28.427	
4077	314.44	28.402	28.437	28.427	
4078	314.54	28.402	28.437	28.427	
4079	314.64	28.402	28.437	28.427	
4080	314.74	28.402	28.437	28.427	
4081	314.84	28.402	28.437	28.427	
4082	314.94	28.402	28.437	28.428	
4083	315.	28.402	28.437	28.428	
4084	315.01	28.402	28.437	28.428	
4085	315.02	28.402	28.437	28.428	
4086	315.05	28.402	28.437	28.428	
4087	315.14	28.402	28.438	28.428	
4088	315.24	28.402	28.438	28.428	
4089	315.34	28.402	28.438	28.428	
4090	315.44	28.403	28.438	28.428	
4091	315.54	28.403	28.438	28.428	
4092	315.64	28.403	28.438	28.428	
4093	315.74	28.403	28.438	28.428	
4094	315.84	28.403	28.438	28.428	
4095	315.94	28.403	28.438	28.429	
4096	316.	28.403	28.438	28.429	
4097	316.01	28.403	28.438	28.429	
4098	316.02	28.403	28.438	28.429	
4099	316.05	28.403	28.438	28.429	
4100	316.14	28.403	28.439	28.429	
4101	316.24	28.403	28.439	28.429	
4102	316.34	28.403	28.439	28.429	
4103	316.44	28.404	28.439	28.429	
4104	316.54	28.404	28.439	28.429	
4105	316.64	28.404	28.439	28.429	
4106	316.74	28.404	28.439	28.429	
4107	316.84	28.404	28.439	28.43	
4108	316.94	28.404	28.439	28.43	
4109	317.	28.404	28.439	28.43	
4110	317.01	28.404	28.439	28.43	
4111	317.02	28.404	28.439	28.43	
4112	317.05	28.404	28.439	28.43	
4113	317.14	28.404	28.44	28.43	
4114	317.24	28.404	28.44	28.43	
4115	317.34	28.404	28.44	28.43	
4116	317.44	28.405	28.44	28.43	
4117	317.54	28.405	28.44	28.43	
4118	317.64	28.405	28.44	28.43	
4119	317.74	28.405	28.44	28.43	
4120	317.84	28.405	28.44	28.431	
4121	317.94	28.405	28.44	28.431	
4122	318.	28.405	28.44	28.431	
4123	318.01	28.405	28.44	28.431	
4124	318.02	28.405	28.44	28.431	
4125	318.05	28.405	28.44	28.431	
4126	318.14	28.405	28.441	28.431	
4127	318.24	28.405	28.441	28.431	
4128	318.34	28.405	28.441	28.431	
4129	318.44	28.406	28.441	28.431	
4130	318.54	28.406	28.441	28.431	
4131	318.64	28.406	28.441	28.431	
4132	318.74	28.406	28.441	28.431	
4133	318.84	28.406	28.441	28.432	
4134	318.94	28.406	28.441	28.432	
4135	319.	28.406	28.441	28.432	
4136	319.01	28.406	28.441	28.432	
4137	319.02	28.406	28.441	28.432	
4138	319.05	28.406	28.441	28.432	
4139	319.14	28.406	28.442	28.432	
4140	319.24	28.406	28.442	28.432	
4141	319.34	28.406	28.442	28.432	
4142	319.44	28.407	28.442	28.432	
4143	319.54	28.407	28.442	28.432	
4144	319.64	28.407	28.442	28.432	
4145	319.74	28.407	28.442	28.432	
4146	319.84	28.407	28.442	28.433	
4147	319.94	28.407	28.442	28.433	
4148	320.	28.407	28.442	28.433	
4149	320.01	28.407	28.442	28.433	
4150	320.02	28.407	28.442	28.433	
4151	320.05	28.407	28.442	28.433	
4152	320.14	28.407	28.443	28.433	
4153	320.24	28.407	28.443	28.433	
4154	320.34	28.408	28.443	28.433	
4155	320.44	28.408	28.443	28.433	
4156	320.54	28.408	28.443	28.433	
4157	320.64	28.408	28.443	28.433	
4158	320.74	28.408	28.443	28.433	
4159	320.84	28.408	28.443	28.434	
4160	320.94	28.408	28.443	28.434	
4161	321.	28.408	28.443	28.434	
4162	321.01	28.408	28.443	28.434	
4163	321.02	28.408	28.443	28.434	
4164	321.05	28.408	28.443	28.434	
4165	321.14	28.408	28.444	28.434	
4166	321.24	28.408	28.444	28.434	
4167	321.34	28.409	28.444	28.434	
4168	321.44	28.409	28.444	28.434	
4169	321.54	28.409	28.444	28.434	
4170	321.64	28.409	28.444	28.434	
4171	321.74	28.409	28.444	28.434	
4172	321.84	28.409	28.444	28.435	
4173	321.94	28.409	28.444	28.435	
4174	322.	28.409	28.444	28.435	
4175	322.01	28.409	28.444	28.435	
4176	322.02	28.409	28.444	28.435	
4177	322.05	28.409	28.444	28.435	
4178	322.14	28.409	28.445	28.435	
4179	322.24	28.409	28.445	28.435	
4180	322.34	28.41	28.445	28.435	
4181	322.44	28.41	28.445	28.435	
4182	322.54	28.41	28.445	28.435	
4183	322.64	28.41	28.445	28.435	
4184	322.74	28.41	28.445	28.435	
4185	322.84	28.41	28.445	28.436	
4186	322.94	28.41	28.445	28.436	
4187	323.	28.41	28.445	28.436	
4188	323.01	28.41	28.445	28.436	
4189	323.02	28.41	28.445	28.436	
4190	323.05	28.41	28.445	28.436	
4191	323.14	28.41	28.446	28.436	
4192	323.24	28.41	28.446	28.436	
4193	323.34	28.411	28.446	28.436	
4194	323.44	28.411	28.446	28.436	
4195	323.54	28.411	28.446	28.436	
4196	323.64	28.411	28.446	28.436	
4197	323.74	28.411	28.446	28.436	
4198	323.84	28.411	28.446	28.437	
4199	323.94	28.411	28.446	28.437	
4200	324.	28.411	28.446	28.437	
4201	324.01	28.411	28.446	28.437	
4202	324.02	28.411	28.446	28.437	
4203	324.05	28.411	28.446	28.437	
4204	324.14	28.411	28.447	28.437	
4205	324.24	28.411	28.447	28.437	
4206	324.34	28.412	28.447	28.437	
4207	324.44	28.412	28.447	28.437	
4208	324.54	28.412	28.447	28.437	
4209	324.64	28.412	28.447	28.437	
4210	324.74	28.412	28.447	28.437	
4211	324.84	28.412	28.447	28.438	
4212	324.94	28.412	28.447	28.438	
4213	325.	28.412	28.447	28.438	
4214	325.01	28.412	28.447	28.438	
4215	325.02	28.412	28.447	28.438	
4216	325.05	28.412	28.447	28.438	
4217	325.14	28.412	28.448	28.438	
4218	325.24	28.412	28.448	28.438	
4219	325.34	28.413	28.448	28.438	
4220	325.44	28.413	28.448	28.438	
4221	325.54	28.413	28.448	28.438	
4222	325.64	28.413	28.448	28.438	
4223	325.74	28.413	28.448	28.438	
4224	325.84	28.413	28.448	28.439	
4225	325.94	28.413	28.448	28.439	
4226	326.	28.413	28.448	28.439	
4227	326.01	28.413	28.448	28.439	
4228	326.02	28.413	28.448	28.439	
4229	326.05	28.413	28.448	28.439	
4230	326.14	28.413	28.449	28.439	
4231	326.24	28.413	28.449	28.439	
4232	326.34	28.414	28.449	28.439	
4233	326.44	28.414	28.449	28.439	
4234	326.54	28.414	28.449	28.439	
4235	326.64	28.414	28.449	28.439	
4236	326.74	28.414	28.449	28.439	
4237	326.84	28.414	28.449	28.44	
4238	326.94	28.414	28.449	28.44	
4239	327.	28.414	28.449	28.44	
4240	327.01	28.414	28.449	28.44	
4241	327.02	28.414	28.449	28.44	
4242	327.05	28.414	28.45	28.44	
4243	327.14	28.414	28.45	28.44	
4244	327.24	28.414	28.45	28.44	
4245	327.34	28.415	28.45	28.44	
4246	327.44	28.415	28.45	28.44	
4247	327.54	28.415	28.45	28.44	
4248	327.64	28.415	28.45	28.44	
4249	327.74	28.415	28.45	28.44	
4250	327.84	28.415	28.45	28.441	
4251	327.94	28.415	28.45	28.441	
4252	328.	28.415	28.45	28.441	
4253	328.01	28.415	28.45	28.441	
4254	328.02	28.415	28.45	28.441	
4255	328.05	28.415	28.451	28.441	
4256	328.14	28.415	28.451	28.441	
4257	328.24	28.415	28.451	28.441	
4258	328.34	28.416	28.451	28.441	
4259	328.44	28.416	28.451	28.441	
4260	328.54	28.416	28.451	28.441	
4261	328.64	28.416	28.451	28.441	
4262	328.74	28.416	28.451	28.441	
4263	328.84	28.416	28.451	28.442	
4264	328.94	28.416	28.451	28.442	
4265	329.	28.416	28.451	28.442	
4266	329.01	28.416	28.451	28.442	
4267	329.02	28.416	28.451	28.442	
4268	329.05	28.416	28.452	28.442	
4269	329.14	28.416	28.452	28.442	
4270	329.24	28.416	28.452	28.442	
4271	329.34	28.417	28.452	28.442	
4272	329.44	28.417	28.452	28.442	
4273	329.54	28.417	28.452	28.442	
4274	329.64	28.417	28.452	28.442	
4275	329.74	28.417	28.452	28.442	
4276	329.84	28.417	28.452	28.443	
4277	329.94	28.417	28.452	28.443	
4278	330.	28.417	28.452	28.443	
4279	330.01	28.417	28.452	28.443	
4280	330.02	28.417	28.452	28.443	
4281	330.05	28.417	28.453	28.443	
4282	330.14	28.417	28.453	28.443	
4283	330.24	28.417	28.453	28.443	
4284	330.34	28.418	28.453	28.443	
4285	330.44	28.418	28.453	28.443	
4286	330.54	28.418	28.453	28.443	
4287	330.64	28.418	28.453	28.443	
4288	330.74	28.418	28.453	28.443	
4289	330.84	28.418	28.453	28.444	
4290	330.94	28.418	28.453	28.444	
4291	331.	28.418	28.453	28.444	
4292	331.01	28.418	28.453	28.444	
4293	331.02	28.418	28.454	28.444	
4294	331.05	28.418	28.454	28.444	
4295	331.14	28.418	28.454	28.444	
4296	331.24	28.419	28.454	28.444	
4297	331.34	28.419	28.454	28.444	
4298	331.44	28.419	28.454	28.444	
4299	331.54	28.419	28.454	28.444	
4300	331.64	28.419	28.454	28.444	
4301	331.74	28.419	28.454	28.445	
4302	331.84	28.419	28.454	28.445	
4303	331.94	28.419	28.454	28.445	
4304	332.	28.419	28.454	28.445	
4305	332.01	28.419	28.455	28.445	
4306	332.02	28.419	28.455	28.445	
4307	332.05	28.419	28.455	28.445	
4308	332.14	28.419	28.455	28.445	
4309	332.24	28.42	28.455	28.445	
4310	332.34	28.42	28.455	28.445	
4311	332.44	28.42	28.455	28.445	
4312	332.54	28.42	28.455	28.445	
4313	332.64	28.42	28.455	28.445	
4314	332.74	28.42	28.455	28.446	
4315	332.84	28.42	28.455	28.446	
4316	332.94	28.42	28.455	28.446	
4317	333.	28.42	28.455	28.446	
4318	333.01	28.42	28.456	28.446	
4319	333.02	28.42	28.456	28.446	
4320	333.05	28.42	28.456	28.446	
4321	333.14	28.42	28.456	28.446	
4322	333.24	28.421	28.456	28.446	
4323	333.34	28.421	28.456	28.446	
4324	333.44	28.421	28.456	28.446	
4325	333.54	28.421	28.456	28.446	
4326	333.64	28.421	28.456	28.446	
4327	333.74	28.421	28.456	28.447	
4328	333.84	28.421	28.456	28.447	
4329	333.94	28.421	28.456	28.447	
4330	334.	28.421	28.457	28.447	
4331	334.01	28.421	28.457	28.447	
4332	334.02	28.421	28.457	28.447	
4333	334.05	28.421	28.457	28.447	
4334	334.14	28.421	28.457	28.447	
4335	334.24	28.422	28.457	28.447	
4336	334.34	28.422	28.457	28.447	
4337	334.44	28.422	28.457	28.447	
4338	334.54	28.422	28.457	28.447	
4339	334.64	28.422	28.457	28.447	
4340	334.74	28.422	28.457	28.448	
4341	334.84	28.422	28.457	28.448	
4342	334.94	28.422	28.457	28.448	
4343	335.	28.422	28.458	28.448	
4344	335.01	28.422	28.458	28.448	
4345	335.02	28.422	28.458	28.448	
4346	335.05	28.422	28.458	28.448	
4347	335.14	28.422	28.458	28.448	
4348	335.24	28.423	28.458	28.448	
4349	335.34	28.423	28.458	28.448	
4350	335.44	28.423	28.458	28.448	
4351	335.54	28.423	28.458	28.448	
4352	335.64	28.423	28.458	28.448	
4353	335.74	28.423	28.458	28.449	
4354	335.84	28.423	28.458	28.449	
4355	335.94	28.423	28.458	28.449	
4356	336.	28.423	28.459	28.449	
4357	336.01	28.423	28.459	28.449	
4358	336.02	28.423	28.459	28.449	
4359	336.05	28.423	28.459	28.449	
4360	336.14	28.423	28.459	28.449	
4361	336.24	28.424	28.459	28.449	
4362	336.34	28.424	28.459	28.449	
4363	336.44	28.424	28.459	28.449	
4364	336.54	28.424	28.459	28.449	
4365	336.64	28.424	28.459	28.449	
4366	336.74	28.424	28.459	28.45	
4367	336.84	28.424	28.459	28.45	
4368	336.94	28.424	28.459	28.45	
4369	337.	28.424	28.46	28.45	
4370	337.01	28.424	28.46	28.45	
4371	337.02	28.424	28.46	28.45	
4372	337.05	28.424	28.46	28.45	
4373	337.14	28.424	28.46	28.45	
4374	337.24	28.425	28.46	28.45	
4375	337.34	28.425	28.46	28.45	
4376	337.44	28.425	28.46	28.45	
4377	337.54	28.425	28.46	28.45	
4378	337.64	28.425	28.46	28.45	
4379	337.74	28.425	28.46	28.451	
4380	337.84	28.425	28.46	28.451	
4381	337.94	28.425	28.46	28.451	
4382	338.	28.425	28.461	28.451	
4383	338.01	28.425	28.461	28.451	
4384	338.02	28.425	28.461	28.451	
4385	338.05	28.425	28.461	28.451	
4386	338.14	28.425	28.461	28.451	
4387	338.24	28.426	28.461	28.451	
4388	338.34	28.426	28.461	28.451	
4389	338.44	28.426	28.461	28.451	
4390	338.54	28.426	28.461	28.451	
4391	338.64	28.426	28.461	28.451	
4392	338.74	28.426	28.461	28.452	
4393	338.84	28.426	28.461	28.452	
4394	338.94	28.426	28.461	28.452	
4395	339.	28.426	28.462	28.452	
4396	339.01	28.426	28.462	28.452	
4397	339.02	28.426	28.462	28.452	
4398	339.05	28.426	28.462	28.452	
4399	339.14	28.426	28.462	28.452	
4400	339.24	28.427	28.462	28.452	
4401	339.34	28.427	28.462	28.452	
4402	339.44	28.427	28.462	28.452	
4403	339.54	28.427	28.462	28.452	
4404	339.64	28.427	28.462	28.452	
4405	339.74	28.427	28.462	28.453	
4406	339.84	28.427	28.462	28.453	
4407	339.94	28.427	28.462	28.453	
4408	340.	28.427	28.463	28.453	
4409	340.01	28.427	28.463	28.453	
4410	340.02	28.427	28.463	28.453	
4411	340.05	28.427	28.463	28.453	
4412	340.14	28.427	28.463	28.453	
4413	340.24	28.428	28.463	28.453	
4414	340.34	28.428	28.463	28.453	
4415	340.44	28.428	28.463	28.453	
4416	340.54	28.428	28.463	28.453	
4417	340.64	28.428	28.463	28.453	
4418	340.74	28.428	28.463	28.454	
4419	340.84	28.428	28.463	28.454	
4420	340.94	28.428	28.464	28.454	
4421	341.	28.428	28.464	28.454	
4422	341.01	28.428	28.464	28.454	
4423	341.02	28.428	28.464	28.454	
4424	341.05	28.428	28.464	28.454	
4425	341.14	28.429	28.464	28.454	
4426	341.24	28.429	28.464	28.454	
4427	341.34	28.429	28.464	28.454	
4428	341.44	28.429	28.464	28.454	
4429	341.54	28.429	28.464	28.454	
4430	341.64	28.429	28.464	28.454	
4431	341.74	28.429	28.464	28.455	
4432	341.84	28.429	28.464	28.455	
4433	341.94	28.429	28.465	28.455	
4434	342.	28.429	28.465	28.455	
4435	342.01	28.429	28.465	28.455	
4436	342.02	28.429	28.465	28.455	
4437	342.05	28.429	28.465	28.455	
4438	342.14	28.43	28.465	28.455	
4439	342.24	28.43	28.465	28.455	
4440	342.34	28.43	28.465	28.455	
4441	342.44	28.43	28.465	28.455	
4442	342.54	28.43	28.465	28.455	
4443	342.64	28.43	28.465	28.455	
4444	342.74	28.43	28.465	28.456	
4445	342.84	28.43	28.465	28.456	
4446	342.94	28.43	28.466	28.456	
4447	343.	28.43	28.466	28.456	
4448	343.01	28.43	28.466	28.456	
4449	343.02	28.43	28.466	28.456	
4450	343.05	28.43	28.466	28.456	
4451	343.14	28.431	28.466	28.456	
4452	343.24	28.431	28.466	28.456	
4453	343.34	28.431	28.466	28.456	
4454	343.44	28.431	28.466	28.456	
4455	343.54	28.431	28.466	28.456	
4456	343.64	28.431	28.466	28.457	
4457	343.74	28.431	28.466	28.457	
4458	343.84	28.431	28.466	28.457	
4459	343.94	28.431	28.467	28.457	
4460	344.	28.431	28.467	28.457	
4461	344.01	28.431	28.467	28.457	
4462	344.02	28.431	28.467	28.457	
4463	344.05	28.431	28.467	28.457	
4464	344.14	28.432	28.467	28.457	
4465	344.24	28.432	28.467	28.457	
4466	344.34	28.432	28.467	28.457	
4467	344.44	28.432	28.467	28.457	
4468	344.54	28.432	28.467	28.457	
4469	344.64	28.432	28.467	28.458	
4470	344.74	28.432	28.467	28.458	
4471	344.84	28.432	28.467	28.458	
4472	344.94	28.432	28.468	28.458	
4473	345.	28.432	28.468	28.458	
4474	345.01	28.432	28.468	28.458	
4475	345.02	28.432	28.468	28.458	
4476	345.05	28.432	28.468	28.458	
4477	345.14	28.433	28.468	28.458	
4478	345.24	28.433	28.468	28.458	
4479	345.34	28.433	28.468	28.458	
4480	345.44	28.433	28.468	28.458	
4481	345.54	28.433	28.468	28.458	
4482	345.64	28.433	28.468	28.459	
4483	345.74	28.433	28.468	28.459	
4484	345.84	28.433	28.468	28.459	
4485	345.94	28.433	28.469	28.459	
4486	346.	28.433	28.469	28.459	
4487	346.01	28.433	28.469	28.459	
4488	346.02	28.433	28.469	28.459	
4489	346.05	28.433	28.469	28.459	
4490	346.14	28.434	28.469	28.459	
4491	346.24	28.434	28.469	28.459	
4492	346.34	28.434	28.469	28.459	
4493	346.44	28.434	28.469	28.459	
4494	346.54	28.434	28.469	28.459	
4495	346.64	28.434	28.469	28.46	
4496	346.74	28.434	28.469	28.46	
4497	346.84	28.434	28.469	28.46	
4498	346.94	28.434	28.47	28.46	
4499	347.	28.434	28.47	28.46	
4500	347.01	28.434	28.47	28.46	
4501	347.02	28.434	28.47	28.46	
4502	347.05	28.434	28.47	28.46	
4503	347.14	28.435	28.47	28.46	
4504	347.24	28.435	28.47	28.46	
4505	347.34	28.435	28.47	28.46	
4506	347.44	28.435	28.47	28.46	
4507	347.54	28.435	28.47	28.46	
4508	347.64	28.435	28.47	28.461	
4509	347.74	28.435	28.47	28.461	
4510	347.84	28.435	28.47	28.461	
4511	347.94	28.435	28.471	28.461	
4512	348.	28.435	28.471	28.461	
4513	348.01	28.435	28.471	28.461	
4514	348.02	28.435	28.471	28.461	
4515	348.05	28.435	28.471	28.461	
4516	348.14	28.436	28.471	28.461	
4517	348.24	28.436	28.471	28.461	
4518	348.34	28.436	28.471	28.461	
4519	348.44	28.436	28.471	28.461	
4520	348.54	28.436	28.471	28.461	
4521	348.64	28.436	28.471	28.462	
4522	348.74	28.436	28.471	28.462	
4523	348.84	28.436	28.471	28.462	
4524	348.94	28.436	28.472	28.462	
4525	349.	28.436	28.472	28.462	
4526	349.01	28.436	28.472	28.462	
4527	349.02	28.436	28.472	28.462	
4528	349.05	28.436	28.472	28.462	
4529	349.14	28.437	28.472	28.462	
4530	349.24	28.437	28.472	28.462	
4531	349.34	28.437	28.472	28.462	
4532	349.44	28.437	28.472	28.462	
4533	349.54	28.437	28.472	28.462	
4534	349.64	28.437	28.472	28.463	
4535	349.74	28.437	28.472	28.463	
4536	349.84	28.437	28.472	28.463	
4537	349.94	28.437	28.473	28.463	
4538	350.	28.437	28.473	28.463	
4539	350.01	28.437	28.473	28.463	
4540	350.02	28.437	28.473	28.463	
4541	350.05	28.438	28.473	28.463	
4542	350.14	28.438	28.473	28.463	
4543	350.24	28.438	28.473	28.463	
4544	350.34	28.438	28.473	28.463	
4545	350.44	28.438	28.473	28.463	
4546	350.54	28.438	28.473	28.463	
4547	350.64	28.438	28.473	28.464	
4548	350.74	28.438	28.473	28.464	
4549	350.84	28.438	28.473	28.464	
4550	350.94	28.438	28.474	28.464	
4551	351.	28.438	28.474	28.464	
4552	351.01	28.438	28.474	28.464	
4553	351.02	28.438	28.474	28.464	
4554	351.05	28.439	28.474	28.464	
4555	351.14	28.439	28.474	28.464	
4556	351.24	28.439	28.474	28.464	
4557	351.34	28.439	28.474	28.464	
4558	351.44	28.439	28.474	28.464	
4559	351.54	28.439	28.474	28.464	
4560	351.64	28.439	28.474	28.465	
4561	351.74	28.439	28.474	28.465	
4562	351.84	28.439	28.475	28.465	
4563	351.94	28.439	28.475	28.465	
4564	352.	28.439	28.475	28.465	
4565	352.01	28.439	28.475	28.465	
4566	352.02	28.439	28.475	28.465	
4567	352.05	28.44	28.475	28.465	
4568	352.14	28.44	28.475	28.465	
4569	352.24	28.44	28.475	28.465	
4570	352.34	28.44	28.475	28.465	
4571	352.44	28.44	28.475	28.465	
4572	352.54	28.44	28.475	28.465	
4573	352.64	28.44	28.475	28.466	
4574	352.74	28.44	28.475	28.466	
4575	352.84	28.44	28.476	28.466	
4576	352.94	28.44	28.476	28.466	
4577	353.	28.44	28.476	28.466	
4578	353.01	28.44	28.476	28.466	
4579	353.02	28.441	28.476	28.466	
4580	353.05	28.441	28.476	28.466	
4581	353.14	28.441	28.476	28.466	
4582	353.24	28.441	28.476	28.466	
4583	353.34	28.441	28.476	28.466	
4584	353.44	28.441	28.476	28.466	
4585	353.54	28.441	28.476	28.466	
4586	353.64	28.441	28.476	28.467	
4587	353.74	28.441	28.476	28.467	
4588	353.84	28.441	28.477	28.467	
4589	353.94	28.441	28.477	28.467	
4590	354.	28.441	28.477	28.467	
4591	354.01	28.442	28.477	28.467	
4592	354.02	28.442	28.477	28.467	
4593	354.05	28.442	28.477	28.467	
4594	354.14	28.442	28.477	28.467	
4595	354.24	28.442	28.477	28.467	
4596	354.34	28.442	28.477	28.467	
4597	354.44	28.442	28.477	28.467	
4598	354.54	28.442	28.477	28.468	
4599	354.64	28.442	28.477	28.468	
4600	354.74	28.442	28.477	28.468	
4601	354.84	28.442	28.478	28.468	
4602	354.94	28.442	28.478	28.468	
4603	355.	28.443	28.478	28.468	
4604	355.01	28.443	28.478	28.468	
4605	355.02	28.443	28.478	28.468	
4606	355.05	28.443	28.478	28.468	
4607	355.14	28.443	28.478	28.468	
4608	355.24	28.443	28.478	28.468	
4609	355.34	28.443	28.478	28.468	
4610	355.44	28.443	28.478	28.468	
4611	355.54	28.443	28.478	28.469	
4612	355.64	28.443	28.478	28.469	
4613	355.74	28.443	28.478	28.469	
4614	355.84	28.443	28.479	28.469	
4615	355.94	28.443	28.479	28.469	
4616	356.	28.444	28.479	28.469	
4617	356.01	28.444	28.479	28.469	
4618	356.02	28.444	28.479	28.469	
4619	356.05	28.444	28.479	28.469	
4620	356.14	28.444	28.479	28.469	
4621	356.24	28.444	28.479	28.469	
4622	356.34	28.444	28.479	28.469	
4623	356.44	28.444	28.479	28.469	
4624	356.54	28.444	28.479	28.47	
4625	356.64	28.444	28.479	28.47	
4626	356.74	28.444	28.479	28.47	
4627	356.84	28.444	28.48	28.47	
4628	356.94	28.444	28.48	28.47	
4629	357.	28.445	28.48	28.47	
4630	357.01	28.445	28.48	28.47	
4631	357.02	28.445	28.48	28.47	
4632	357.05	28.445	28.48	28.47	
4633	357.14	28.445	28.48	28.47	
4634	357.24	28.445	28.48	28.47	
4635	357.34	28.445	28.48	28.47	
4636	357.44	28.445	28.48	28.47	
4637	357.54	28.445	28.48	28.471	
4638	357.64	28.445	28.48	28.471	
4639	357.74	28.445	28.48	28.471	
4640	357.84	28.445	28.481	28.471	
4641	357.94	28.445	28.481	28.471	
4642	358.	28.446	28.481	28.471	
4643	358.01	28.446	28.481	28.471	
4644	358.02	28.446	28.481	28.471	
4645	358.05	28.446	28.481	28.471	
4646	358.14	28.446	28.481	28.471	
4647	358.24	28.446	28.481	28.471	
4648	358.34	28.446	28.481	28.471	
4649	358.44	28.446	28.481	28.471	
4650	358.54	28.446	28.481	28.472	
4651	358.64	28.446	28.481	28.472	
4652	358.74	28.446	28.481	28.472	
4653	358.84	28.446	28.482	28.472	
4654	358.94	28.446	28.482	28.472	
4655	359.	28.447	28.482	28.472	
4656	359.01	28.447	28.482	28.472	
4657	359.02	28.447	28.482	28.472	
4658	359.05	28.447	28.482	28.472	
4659	359.14	28.447	28.482	28.472	
4660	359.24	28.447	28.482	28.472	
4661	359.34	28.447	28.482	28.472	
4662	359.44	28.447	28.482	28.472	
4663	359.54	28.447	28.482	28.473	
4664	359.64	28.447	28.482	28.473	
4665	359.74	28.447	28.482	28.473	
4666	359.84	28.447	28.483	28.473	
4667	359.94	28.447	28.483	28.473	
4668	360.	28.448	28.483	28.473	
4669	360.01	28.448	28.483	28.473	
4670	360.02	28.448	28.483	28.473	
4671	360.05	28.448	28.483	28.473	
4672	360.14	28.448	28.483	28.473	
4673	360.24	28.448	28.483	28.473	
4674	360.34	28.448	28.483	28.473	
4675	360.44	28.448	28.483	28.473	
4676	360.54	28.448	28.483	28.474	
4677	360.64	28.448	28.483	28.474	
4678	360.74	28.448	28.483	28.474	
4679	360.84	28.448	28.484	28.474	
4680	360.94	28.449	28.484	28.474	
4681	361.	28.449	28.484	28.474	
4682	361.01	28.449	28.484	28.474	
4683	361.02	28.449	28.484	28.474	
4684	361.05	28.449	28.484	28.474	
4685	361.14	28.449	28.484	28.474	
4686	361.24	28.449	28.484	28.474	
4687	361.34	28.449	28.484	28.474	
4688	361.44	28.449	28.484	28.474	
4689	361.54	28.449	28.484	28.475	
4690	361.64	28.449	28.484	28.475	
4691	361.74	28.449	28.484	28.475	
4692	361.84	28.449	28.485	28.475	
4693	361.94	28.45	28.485	28.475	
4694	362.	28.45	28.485	28.475	
4695	362.01	28.45	28.485	28.475	
4696	362.02	28.45	28.485	28.475	
4697	362.05	28.45	28.485	28.475	
4698	362.14	28.45	28.485	28.475	
4699	362.24	28.45	28.485	28.475	
4700	362.34	28.45	28.485	28.475	
4701	362.44	28.45	28.485	28.475	
4702	362.54	28.45	28.485	28.476	
4703	362.64	28.45	28.485	28.476	
4704	362.74	28.45	28.486	28.476	
4705	362.84	28.45	28.486	28.476	
4706	362.94	28.451	28.486	28.476	
4707	363.	28.451	28.486	28.476	
4708	363.01	28.451	28.486	28.476	
4709	363.02	28.451	28.486	28.476	
4710	363.05	28.451	28.486	28.476	
4711	363.14	28.451	28.486	28.476	
4712	363.24	28.451	28.486	28.476	
4713	363.34	28.451	28.486	28.476	
4714	363.44	28.451	28.486	28.476	
4715	363.54	28.451	28.486	28.477	
4716	363.64	28.451	28.486	28.477	
4717	363.74	28.451	28.487	28.477	
4718	363.84	28.451	28.487	28.477	
4719	363.94	28.452	28.487	28.477	
4720	364.	28.452	28.487	28.477	
4721	364.01	28.452	28.487	28.477	
4722	364.02	28.452	28.487	28.477	
4723	364.05	28.452	28.487	28.477	
4724	364.14	28.452	28.487	28.477	
4725	364.24	28.452	28.487	28.477	
4726	364.34	28.452	28.487	28.477	
4727	364.44	28.452	28.487	28.477	
4728	364.54	28.452	28.487	28.478	
4729	364.64	28.452	28.487	28.478	
4730	364.74	28.452	28.488	28.478	
4731	364.84	28.452	28.488	28.478	
4732	364.94	28.453	28.488	28.478	
4733	365.	28.453	28.488	28.478	
4734	365.01	28.453	28.488	28.478	
4735	365.02	28.453	28.488	28.478	
4736	365.05	28.453	28.488	28.478	
4737	365.14	28.453	28.488	28.478	
4738	365.24	28.453	28.488	28.478	
4739	365.34	28.453	28.488	28.478	
4740	365.44	28.453	28.488	28.479	
4741	365.54	28.453	28.488	28.479	
4742	365.64	28.453	28.488	28.479	
4743	365.74	28.453	28.489	28.479	
4744	365.84	28.453	28.489	28.479	
4745	365.94	28.454	28.489	28.479	
4746	366.	28.454	28.489	28.479	
4747	366.01	28.454	28.489	28.479	
4748	366.02	28.454	28.489	28.479	
4749	366.05	28.454	28.489	28.479	
4750	366.14	28.454	28.489	28.479	
4751	366.24	28.454	28.489	28.479	
4752	366.34	28.454	28.489	28.479	
4753	366.44	28.454	28.489	28.48	
4754	366.54	28.454	28.489	28.48	
4755	366.64	28.454	28.489	28.48	
4756	366.74	28.454	28.49	28.48	
4757	366.84	28.454	28.49	28.48	
4758	366.94	28.455	28.49	28.48	
4759	367.	28.455	28.49	28.48	
4760	367.01	28.455	28.49	28.48	
4761	367.02	28.455	28.49	28.48	
4762	367.05	28.455	28.49	28.48	
4763	367.14	28.455	28.49	28.48	
4764	367.24	28.455	28.49	28.48	
4765	367.34	28.455	28.49	28.48	
4766	367.44	28.455	28.49	28.481	
4767	367.54	28.455	28.49	28.481	
4768	367.64	28.455	28.49	28.481	
4769	367.74	28.455	28.491	28.481	
4770	367.84	28.455	28.491	28.481	
4771	367.94	28.456	28.491	28.481	
4772	368.	28.456	28.491	28.481	
4773	368.01	28.456	28.491	28.481	
4774	368.02	28.456	28.491	28.481	
4775	368.05	28.456	28.491	28.481	
4776	368.14	28.456	28.491	28.481	
4777	368.24	28.456	28.491	28.481	
4778	368.34	28.456	28.491	28.481	
4779	368.44	28.456	28.491	28.482	
4780	368.54	28.456	28.491	28.482	
4781	368.64	28.456	28.491	28.482	
4782	368.74	28.456	28.492	28.482	
4783	368.84	28.456	28.492	28.482	
4784	368.94	28.457	28.492	28.482	
4785	369.	28.457	28.492	28.482	
4786	369.01	28.457	28.492	28.482	
4787	369.02	28.457	28.492	28.482	
4788	369.05	28.457	28.492	28.482	
4789	369.14	28.457	28.492	28.482	
4790	369.24	28.457	28.492	28.482	
4791	369.34	28.457	28.492	28.482	
4792	369.44	28.457	28.492	28.483	
4793	369.54	28.457	28.492	28.483	
4794	369.64	28.457	28.492	28.483	
4795	369.74	28.457	28.493	28.483	
4796	369.84	28.458	28.493	28.483	
4797	369.94	28.458	28.493	28.483	
4798	370.	28.458	28.493	28.483	
4799	370.01	28.458	28.493	28.483	
4800	370.02	28.458	28.493	28.483	
4801	370.05	28.458	28.493	28.483	
4802	370.14	28.458	28.493	28.483	
4803	370.24	28.458	28.493	28.483	
4804	370.34	28.458	28.493	28.483	
4805	370.44	28.458	28.493	28.484	
4806	370.54	28.458	28.493	28.484	
4807	370.64	28.458	28.493	28.484	
4808	370.74	28.458	28.494	28.484	
4809	370.84	28.459	28.494	28.484	
4810	370.94	28.459	28.494	28.484	
4811	371.	28.459	28.494	28.484	
4812	371.01	28.459	28.494	28.484	
4813	371.02	28.459	28.494	28.484	
4814	371.05	28.459	28.494	28.484	
4815	371.14	28.459	28.494	28.484	
4816	371.24	28.459	28.494	28.484	
4817	371.34	28.459	28.494	28.484	
4818	371.44	28.459	28.494	28.485	
4819	371.54	28.459	28.494	28.485	
4820	371.64	28.459	28.494	28.485	
4821	371.74	28.459	28.495	28.485	
4822	371.84	28.46	28.495	28.485	
4823	371.94	28.46	28.495	28.485	
4824	372.	28.46	28.495	28.485	
4825	372.01	28.46	28.495	28.485	
4826	372.02	28.46	28.495	28.485	
4827	372.05	28.46	28.495	28.485	
4828	372.14	28.46	28.495	28.485	
4829	372.24	28.46	28.495	28.485	
4830	372.34	28.46	28.495	28.485	
4831	372.44	28.46	28.495	28.486	
4832	372.54	28.46	28.495	28.486	
4833	372.64	28.46	28.496	28.486	
4834	372.74	28.46	28.496	28.486	
4835	372.84	28.461	28.496	28.486	
4836	372.94	28.461	28.496	28.486	
4837	373.	28.461	28.496	28.486	
4838	373.01	28.461	28.496	28.486	
4839	373.02	28.461	28.496	28.486	
4840	373.05	28.461	28.496	28.486	
4841	373.14	28.461	28.496	28.486	
4842	373.24	28.461	28.496	28.486	
4843	373.34	28.461	28.496	28.486	
4844	373.44	28.461	28.496	28.487	
4845	373.54	28.461	28.496	28.487	
4846	373.64	28.461	28.497	28.487	
4847	373.74	28.461	28.497	28.487	
4848	373.84	28.462	28.497	28.487	
4849	373.94	28.462	28.497	28.487	
4850	374.	28.462	28.497	28.487	
4851	374.01	28.462	28.497	28.487	
4852	374.02	28.462	28.497	28.487	
4853	374.05	28.462	28.497	28.487	
4854	374.14	28.462	28.497	28.487	
4855	374.24	28.462	28.497	28.487	
4856	374.34	28.462	28.497	28.487	
4857	374.44	28.462	28.497	28.488	
4858	374.54	28.462	28.497	28.488	
4859	374.64	28.462	28.498	28.488	
4860	374.74	28.462	28.498	28.488	
4861	374.84	28.463	28.498	28.488	
4862	374.94	28.463	28.498	28.488	
4863	375.	28.463	28.498	28.488	
4864	375.01	28.463	28.498	28.488	
4865	375.02	28.463	28.498	28.488	
4866	375.05	28.463	28.498	28.488	
4867	375.14	28.463	28.498	28.488	
4868	375.24	28.463	28.498	28.488	
4869	375.34	28.463	28.498	28.489	
4870	375.44	28.463	28.498	28.489	
4871	375.54	28.463	28.498	28.489	
4872	375.64	28.463	28.499	28.489	
4873	375.74	28.463	28.499	28.489	
4874	375.84	28.464	28.499	28.489	
4875	375.94	28.464	28.499	28.489	
4876	376.	28.464	28.499	28.489	
4877	376.01	28.464	28.499	28.489	
4878	376.02	28.464	28.499	28.489	
4879	376.05	28.464	28.499	28.489	
4880	376.14	28.464	28.499	28.489	
4881	376.24	28.464	28.499	28.489	
4882	376.34	28.464	28.499	28.49	
4883	376.44	28.464	28.499	28.49	
4884	376.54	28.464	28.499	28.49	
4885	376.64	28.464	28.5	28.49	
4886	376.74	28.464	28.5	28.49	
4887	376.84	28.465	28.5	28.49	
4888	376.94	28.465	28.5	28.49	
4889	377.	28.465	28.5	28.49	
4890	377.01	28.465	28.5	28.49	
4891	377.02	28.465	28.5	28.49	
4892	377.05	28.465	28.5	28.49	
4893	377.14	28.465	28.5	28.49	
4894	377.24	28.465	28.5	28.49	
4895	377.34	28.465	28.5	28.491	
4896	377.44	28.465	28.5	28.491	
4897	377.54	28.465	28.5	28.491	
4898	377.64	28.465	28.501	28.491	
4899	377.74	28.465	28.501	28.491	
4900	377.84	28.466	28.501	28.491	
4901	377.94	28.466	28.501	28.491	
4902	378.	28.466	28.501	28.491	
4903	378.01	28.466	28.501	28.491	
4904	378.02	28.466	28.501	28.491	
4905	378.05	28.466	28.501	28.491	
4906	378.14	28.466	28.501	28.491	
4907	378.24	28.466	28.501	28.491	
4908	378.34	28.466	28.501	28.492	
4909	378.44	28.466	28.501	28.492	
4910	378.54	28.466	28.501	28.492	
4911	378.64	28.466	28.502	28.492	
4912	378.74	28.466	28.502	28.492	
4913	378.84	28.467	28.502	28.492	
4914	378.94	28.467	28.502	28.492	
4915	379.	28.467	28.502	28.492	
4916	379.01	28.467	28.502	28.492	
4917	379.02	28.467	28.502	28.492	
4918	379.05	28.467	28.502	28.492	
4919	379.14	28.467	28.502	28.492	
4920	379.24	28.467	28.502	28.492	
4921	379.34	28.467	28.502	28.493	
4922	379.44	28.467	28.502	28.493	
4923	379.54	28.467	28.502	28.493	
4924	379.64	28.467	28.503	28.493	
4925	379.74	28.468	28.503	28.493	
4926	379.84	28.468	28.503	28.493	
4927	379.94	28.468	28.503	28.493	
4928	380.	28.468	28.503	28.493	
4929	380.01	28.468	28.503	28.493	
4930	380.02	28.468	28.503	28.493	
4931	380.05	28.468	28.503	28.493	
4932	380.14	28.468	28.503	28.493	
4933	380.24	28.468	28.503	28.493	
4934	380.34	28.468	28.503	28.494	
4935	380.44	28.468	28.503	28.494	
4936	380.54	28.468	28.503	28.494	
4937	380.64	28.468	28.504	28.494	
4938	380.74	28.469	28.504	28.494	
4939	380.84	28.469	28.504	28.494	
4940	380.94	28.469	28.504	28.494	
4941	381.	28.469	28.504	28.494	
4942	381.01	28.469	28.504	28.494	
4943	381.02	28.469	28.504	28.494	
4944	381.05	28.469	28.504	28.494	
4945	381.14	28.469	28.504	28.494	
4946	381.24	28.469	28.504	28.494	
4947	381.34	28.469	28.504	28.495	
4948	381.44	28.469	28.504	28.495	
4949	381.54	28.469	28.504	28.495	
4950	381.64	28.469	28.505	28.495	
4951	381.74	28.47	28.505	28.495	
4952	381.84	28.47	28.505	28.495	
4953	381.94	28.47	28.505	28.495	
4954	382.	28.47	28.505	28.495	
4955	382.01	28.47	28.505	28.495	
4956	382.02	28.47	28.505	28.495	
4957	382.05	28.47	28.505	28.495	
4958	382.14	28.47	28.505	28.495	
4959	382.24	28.47	28.505	28.495	
4960	382.34	28.47	28.505	28.496	
4961	382.44	28.47	28.505	28.496	
4962	382.54	28.47	28.506	28.496	
4963	382.64	28.47	28.506	28.496	
4964	382.74	28.471	28.506	28.496	
4965	382.84	28.471	28.506	28.496	
4966	382.94	28.471	28.506	28.496	
4967	383.	28.471	28.506	28.496	
4968	383.01	28.471	28.506	28.496	
4969	383.02	28.471	28.506	28.496	
4970	383.05	28.471	28.506	28.496	
4971	383.14	28.471	28.506	28.496	
4972	383.24	28.471	28.506	28.496	
4973	383.34	28.471	28.506	28.497	
4974	383.44	28.471	28.506	28.497	
4975	383.54	28.471	28.507	28.497	
4976	383.64	28.471	28.507	28.497	
4977	383.74	28.472	28.507	28.497	
4978	383.84	28.472	28.507	28.497	
4979	383.94	28.472	28.507	28.497	
4980	384.	28.472	28.507	28.497	
4981	384.01	28.472	28.507	28.497	
4982	384.02	28.472	28.507	28.497	
4983	384.05	28.472	28.507	28.497	
4984	384.14	28.472	28.507	28.497	
4985	384.24	28.472	28.507	28.497	
4986	384.34	28.472	28.507	28.498	
4987	384.44	28.472	28.507	28.498	
4988	384.54	28.472	28.508	28.498	
4989	384.64	28.472	28.508	28.498	
4990	384.74	28.473	28.508	28.498	
4991	384.84	28.473	28.508	28.498	
4992	384.94	28.473	28.508	28.498	
4993	385.	28.473	28.508	28.498	
4994	385.01	28.473	28.508	28.498	
4995	385.02	28.473	28.508	28.498	
4996	385.05	28.473	28.508	28.498	
4997	385.14	28.473	28.508	28.498	
4998	385.24	28.473	28.508	28.499	
4999	385.34	28.473	28.508	28.499	
5000	385.44	28.473	28.508	28.499	
5001	385.54	28.473	28.509	28.499	
5002	385.64	28.473	28.509	28.499	
5003	385.74	28.474	28.509	28.499	
5004	385.84	28.474	28.509	28.499	
5005	385.94	28.474	28.509	28.499	
5006	386.	28.474	28.509	28.499	
5007	386.01	28.474	28.509	28.499	
5008	386.02	28.474	28.509	28.499	
5009	386.05	28.474	28.509	28.499	
5010	386.14	28.474	28.509	28.499	
5011	386.24	28.474	28.509	28.5	
5012	386.34	28.474	28.509	28.5	
5013	386.44	28.474	28.509	28.5	
5014	386.54	28.474	28.51	28.5	
5015	386.64	28.474	28.51	28.5	
5016	386.74	28.475	28.51	28.5	
5017	386.84	28.475	28.51	28.5	
5018	386.94	28.475	28.51	28.5	
5019	387.	28.475	28.51	28.5	
5020	387.01	28.475	28.51	28.5	
5021	387.02	28.475	28.51	28.5	
5022	387.05	28.475	28.51	28.5	
5023	387.14	28.475	28.51	28.5	
5024	387.24	28.475	28.51	28.501	
5025	387.34	28.475	28.51	28.501	
5026	387.44	28.475	28.51	28.501	
5027	387.54	28.475	28.511	28.501	
5028	387.64	28.475	28.511	28.501	
5029	387.74	28.476	28.511	28.501	
5030	387.84	28.476	28.511	28.501	
5031	387.94	28.476	28.511	28.501	
5032	388.	28.476	28.511	28.501	
5033	388.01	28.476	28.511	28.501	
5034	388.02	28.476	28.511	28.501	
5035	388.05	28.476	28.511	28.501	
5036	388.14	28.476	28.511	28.501	
5037	388.24	28.476	28.511	28.502	
5038	388.34	28.476	28.511	28.502	
5039	388.44	28.476	28.511	28.502	
5040	388.54	28.476	28.512	28.502	
5041	388.64	28.477	28.512	28.502	
5042	388.74	28.477	28.512	28.502	
5043	388.84	28.477	28.512	28.502	
5044	388.94	28.477	28.512	28.502	
5045	389.	28.477	28.512	28.502	
5046	389.01	28.477	28.512	28.502	
5047	389.02	28.477	28.512	28.502	
5048	389.05	28.477	28.512	28.502	
5049	389.14	28.477	28.512	28.502	
5050	389.24	28.477	28.512	28.503	
5051	389.34	28.477	28.512	28.503	
5052	389.44	28.477	28.512	28.503	
5053	389.54	28.477	28.513	28.503	
5054	389.64	28.478	28.513	28.503	
5055	389.74	28.478	28.513	28.503	
5056	389.84	28.478	28.513	28.503	
5057	389.94	28.478	28.513	28.503	
5058	390.	28.478	28.513	28.503	
5059	390.01	28.478	28.513	28.503	
5060	390.02	28.478	28.513	28.503	
5061	390.05	28.478	28.513	28.503	
5062	390.14	28.478	28.513	28.503	
5063	390.24	28.478	28.513	28.504	
5064	390.34	28.478	28.513	28.504	
5065	390.44	28.478	28.513	28.504	
5066	390.54	28.478	28.514	28.504	
5067	390.64	28.479	28.514	28.504	
5068	390.74	28.479	28.514	28.504	
5069	390.84	28.479	28.514	28.504	
5070	390.94	28.479	28.514	28.504	
5071	391.	28.479	28.514	28.504	
5072	391.01	28.479	28.514	28.504	
5073	391.02	28.479	28.514	28.504	
5074	391.05	28.479	28.514	28.504	
5075	391.14	28.479	28.514	28.504	
5076	391.24	28.479	28.514	28.505	
5077	391.34	28.479	28.514	28.505	
5078	391.44	28.479	28.514	28.505	
5079	391.54	28.479	28.515	28.505	
5080	391.64	28.48	28.515	28.505	
5081	391.74	28.48	28.515	28.505	
5082	391.84	28.48	28.515	28.505	
5083	391.94	28.48	28.515	28.505	
5084	392.	28.48	28.515	28.505	
5085	392.01	28.48	28.515	28.505	
5086	392.02	28.48	28.515	28.505	
5087	392.05	28.48	28.515	28.505	
5088	392.14	28.48	28.515	28.505	
5089	392.24	28.48	28.515	28.506	
5090	392.34	28.48	28.515	28.506	
5091	392.44	28.48	28.516	28.506	
5092	392.54	28.48	28.516	28.506	
5093	392.64	28.481	28.516	28.506	
5094	392.74	28.481	28.516	28.506	
5095	392.84	28.481	28.516	28.506	
5096	392.94	28.481	28.516	28.506	
5097	393.	28.481	28.516	28.506	
5098	393.01	28.481	28.516	28.506	
5099	393.02	28.481	28.516	28.506	
5100	393.05	28.481	28.516	28.506	
5101	393.14	28.481	28.516	28.506	
5102	393.24	28.481	28.516	28.507	
5103	393.34	28.481	28.516	28.507	
5104	393.44	28.481	28.517	28.507	
5105	393.54	28.481	28.517	28.507	
5106	393.64	28.482	28.517	28.507	
5107	393.74	28.482	28.517	28.507	
5108	393.84	28.482	28.517	28.507	
5109	393.94	28.482	28.517	28.507	
5110	394.	28.482	28.517	28.507	
5111	394.01	28.482	28.517	28.507	
5112	394.02	28.482	28.517	28.507	
5113	394.05	28.482	28.517	28.507	
5114	394.14	28.482	28.517	28.507	
5115	394.24	28.482	28.517	28.508	
5116	394.34	28.482	28.517	28.508	
5117	394.44	28.482	28.518	28.508	
5118	394.54	28.482	28.518	28.508	
5119	394.64	28.483	28.518	28.508	
5120	394.74	28.483	28.518	28.508	
5121	394.84	28.483	28.518	28.508	
5122	394.94	28.483	28.518	28.508	
5123	395.	28.483	28.518	28.508	
5124	395.01	28.483	28.518	28.508	
5125	395.02	28.483	28.518	28.508	
5126	395.05	28.483	28.518	28.508	
5127	395.14	28.483	28.518	28.509	
5128	395.24	28.483	28.518	28.509	
5129	395.34	28.483	28.518	28.509	
5130	395.44	28.483	28.519	28.509	
5131	395.54	28.483	28.519	28.509	
5132	395.64	28.484	28.519	28.509	
5133	395.74	28.484	28.519	28.509	
5134	395.84	28.484	28.519	28.509	
5135	395.94	28.484	28.519	28.509	
5136	396.	28.484	28.519	28.509	
5137	396.01	28.484	28.519	28.509	
5138	396.02	28.484	28.519	28.509	
5139	396.05	28.484	28.519	28.509	
5140	396.14	28.484	28.519	28.51	
5141	396.24	28.484	28.519	28.51	
5142	396.34	28.484	28.519	28.51	
5143	396.44	28.484	28.52	28.51	
5144	396.54	28.484	28.52	28.51	
5145	396.64	28.485	28.52	28.51	
5146	396.74	28.485	28.52	28.51	
5147	396.84	28.485	28.52	28.51	
5148	396.94	28.485	28.52	28.51	
5149	397.	28.485	28.52	28.51	
5150	397.01	28.485	28.52	28.51	
5151	397.02	28.485	28.52	28.51	
5152	397.05	28.485	28.52	28.51	
5153	397.14	28.485	28.52	28.511	
5154	397.24	28.485	28.52	28.511	
5155	397.34	28.485	28.52	28.511	
5156	397.44	28.485	28.521	28.511	
5157	397.54	28.485	28.521	28.511	
5158	397.64	28.486	28.521	28.511	
5159	397.74	28.486	28.521	28.511	
5160	397.84	28.486	28.521	28.511	
5161	397.94	28.486	28.521	28.511	
5162	398.	28.486	28.521	28.511	
5163	398.01	28.486	28.521	28.511	
5164	398.02	28.486	28.521	28.511	
5165	398.05	28.486	28.521	28.511	
5166	398.14	28.486	28.521	28.512	
5167	398.24	28.486	28.521	28.512	
5168	398.34	28.486	28.521	28.512	
5169	398.44	28.486	28.522	28.512	
5170	398.54	28.487	28.522	28.512	
5171	398.64	28.487	28.522	28.512	
5172	398.74	28.487	28.522	28.512	
5173	398.84	28.487	28.522	28.512	
5174	398.94	28.487	28.522	28.512	
5175	399.	28.487	28.522	28.512	
5176	399.01	28.487	28.522	28.512	
5177	399.02	28.487	28.522	28.512	
5178	399.05	28.487	28.522	28.512	
5179	399.14	28.487	28.522	28.513	
5180	399.24	28.487	28.522	28.513	
5181	399.34	28.487	28.522	28.513	
5182	399.44	28.487	28.523	28.513	
5183	399.54	28.488	28.523	28.513	
5184	399.64	28.488	28.523	28.513	
5185	399.74	28.488	28.523	28.513	
5186	399.84	28.488	28.523	28.513	
5187	399.94	28.488	28.523	28.513	
5188	400.	28.488	28.523	28.513	
5189	400.01	28.488	28.523	28.513	
5190	400.02	28.488	28.523	28.513	
5191	400.05	28.488	28.523	28.513	
5192	400.14	28.488	28.523	28.514	
5193	400.24	28.488	28.523	28.514	
5194	400.34	28.488	28.523	28.514	
5195	400.44	28.488	28.524	28.514	
5196	400.54	28.489	28.524	28.514	
5197	400.64	28.489	28.524	28.514	
5198	400.74	28.489	28.524	28.514	
5199	400.84	28.489	28.524	28.514	
5200	400.94	28.489	28.524	28.514	
5201	401.	28.489	28.524	28.514	
5202	401.01	28.489	28.524	28.514	
5203	401.02	28.489	28.524	28.514	
5204	401.05	28.489	28.524	28.514	
5205	401.14	28.489	28.524	28.515	
5206	401.24	28.489	28.524	28.515	
5207	401.34	28.489	28.525	28.515	
5208	401.44	28.489	28.525	28.515	
5209	401.54	28.49	28.525	28.515	
5210	401.64	28.49	28.525	28.515	
5211	401.74	28.49	28.525	28.515	
5212	401.84	28.49	28.525	28.515	
5213	401.94	28.49	28.525	28.515	
5214	402.	28.49	28.525	28.515	
5215	402.01	28.49	28.525	28.515	
5216	402.02	28.49	28.525	28.515	
5217	402.05	28.49	28.525	28.515	
5218	402.14	28.49	28.525	28.516	
5219	402.24	28.49	28.525	28.516	
5220	402.34	28.49	28.526	28.516	
5221	402.44	28.49	28.526	28.516	
5222	402.54	28.491	28.526	28.516	
5223	402.64	28.491	28.526	28.516	
5224	402.74	28.491	28.526	28.516	
5225	402.84	28.491	28.526	28.516	
5226	402.94	28.491	28.526	28.516	
5227	403.	28.491	28.526	28.516	
5228	403.01	28.491	28.526	28.516	
5229	403.02	28.491	28.526	28.516	
5230	403.05	28.491	28.526	28.516	
5231	403.14	28.491	28.526	28.517	
5232	403.24	28.491	28.526	28.517	
5233	403.34	28.491	28.527	28.517	
5234	403.44	28.491	28.527	28.517	
5235	403.54	28.492	28.527	28.517	
5236	403.64	28.492	28.527	28.517	
5237	403.74	28.492	28.527	28.517	
5238	403.84	28.492	28.527	28.517	
5239	403.94	28.492	28.527	28.517	
5240	404.	28.492	28.527	28.517	
5241	404.01	28.492	28.527	28.517	
5242	404.02	28.492	28.527	28.517	
5243	404.05	28.492	28.527	28.518	
5244	404.14	28.492	28.527	28.518	
5245	404.24	28.492	28.527	28.518	
5246	404.34	28.492	28.528	28.518	
5247	404.44	28.492	28.528	28.518	
5248	404.54	28.493	28.528	28.518	
5249	404.64	28.493	28.528	28.518	
5250	404.74	28.493	28.528	28.518	
5251	404.84	28.493	28.528	28.518	
5252	404.94	28.493	28.528	28.518	
5253	405.	28.493	28.528	28.518	
5254	405.01	28.493	28.528	28.518	
5255	405.02	28.493	28.528	28.518	
5256	405.05	28.493	28.528	28.519	
5257	405.14	28.493	28.528	28.519	
5258	405.24	28.493	28.528	28.519	
5259	405.34	28.493	28.529	28.519	
5260	405.44	28.493	28.529	28.519	
5261	405.54	28.494	28.529	28.519	
5262	405.64	28.494	28.529	28.519	
5263	405.74	28.494	28.529	28.519	
5264	405.84	28.494	28.529	28.519	
5265	405.94	28.494	28.529	28.519	
5266	406.	28.494	28.529	28.519	
5267	406.01	28.494	28.529	28.519	
5268	406.02	28.494	28.529	28.519	
5269	406.05	28.494	28.529	28.52	
5270	406.14	28.494	28.529	28.52	
5271	406.24	28.494	28.529	28.52	
5272	406.34	28.494	28.53	28.52	
5273	406.44	28.494	28.53	28.52	
5274	406.54	28.495	28.53	28.52	
5275	406.64	28.495	28.53	28.52	
5276	406.74	28.495	28.53	28.52	
5277	406.84	28.495	28.53	28.52	
5278	406.94	28.495	28.53	28.52	
5279	407.	28.495	28.53	28.52	
5280	407.01	28.495	28.53	28.52	
5281	407.02	28.495	28.53	28.521	
5282	407.05	28.495	28.53	28.521	
5283	407.14	28.495	28.53	28.521	
5284	407.24	28.495	28.53	28.521	
5285	407.34	28.495	28.531	28.521	
5286	407.44	28.495	28.531	28.521	
5287	407.54	28.496	28.531	28.521	
5288	407.64	28.496	28.531	28.521	
5289	407.74	28.496	28.531	28.521	
5290	407.84	28.496	28.531	28.521	
5291	407.94	28.496	28.531	28.521	
5292	408.	28.496	28.531	28.521	
5293	408.01	28.496	28.531	28.522	
5294	408.02	28.496	28.531	28.522	
5295	408.05	28.496	28.531	28.522	
5296	408.14	28.496	28.531	28.522	
5297	408.24	28.496	28.531	28.522	
5298	408.34	28.496	28.532	28.522	
5299	408.44	28.497	28.532	28.522	
5300	408.54	28.497	28.532	28.522	
5301	408.64	28.497	28.532	28.522	
5302	408.74	28.497	28.532	28.522	
5303	408.84	28.497	28.532	28.522	
5304	408.94	28.497	28.532	28.522	
5305	409.	28.497	28.532	28.523	
5306	409.01	28.497	28.532	28.523	
5307	409.02	28.497	28.532	28.523	
5308	409.05	28.497	28.532	28.523	
5309	409.14	28.497	28.532	28.523	
5310	409.24	28.497	28.532	28.523	
5311	409.34	28.497	28.533	28.523	
5312	409.44	28.498	28.533	28.523	
5313	409.54	28.498	28.533	28.523	
5314	409.64	28.498	28.533	28.523	
5315	409.74	28.498	28.533	28.523	
5316	409.84	28.498	28.533	28.523	
5317	409.94	28.498	28.533	28.523	
5318	410.	28.498	28.533	28.524	
5319	410.01	28.498	28.533	28.524	
5320	410.02	28.498	28.533	28.524	
5321	410.05	28.498	28.533	28.524	
5322	410.14	28.498	28.533	28.524	
5323	410.24	28.498	28.533	28.524	
5324	410.34	28.498	28.534	28.524	
5325	410.44	28.499	28.534	28.524	
5326	410.54	28.499	28.534	28.524	
5327	410.64	28.499	28.534	28.524	
5328	410.74	28.499	28.534	28.524	
5329	410.84	28.499	28.534	28.524	
5330	410.94	28.499	28.534	28.524	
5331	411.	28.499	28.534	28.525	
5332	411.01	28.499	28.534	28.525	
5333	411.02	28.499	28.534	28.525	
5334	411.05	28.499	28.534	28.525	
5335	411.14	28.499	28.534	28.525	
5336	411.24	28.499	28.535	28.525	
5337	411.34	28.499	28.535	28.525	
5338	411.44	28.5	28.535	28.525	
5339	411.54	28.5	28.535	28.525	
5340	411.64	28.5	28.535	28.525	
5341	411.74	28.5	28.535	28.525	
5342	411.84	28.5	28.535	28.525	
5343	411.94	28.5	28.535	28.525	
5344	412.	28.5	28.535	28.526	
5345	412.01	28.5	28.535	28.526	
5346	412.02	28.5	28.535	28.526	
5347	412.05	28.5	28.535	28.526	
5348	412.14	28.5	28.535	28.526	
5349	412.24	28.5	28.536	28.526	
5350	412.34	28.5	28.536	28.526	
5351	412.44	28.501	28.536	28.526	
5352	412.54	28.501	28.536	28.526	
5353	412.64	28.501	28.536	28.526	
5354	412.74	28.501	28.536	28.526	
5355	412.84	28.501	28.536	28.526	
5356	412.94	28.501	28.536	28.526	
5357	413.	28.501	28.536	28.527	
5358	413.01	28.501	28.536	28.527	
5359	413.02	28.501	28.536	28.527	
5360	413.05	28.501	28.536	28.527	
5361	413.14	28.501	28.536	28.527	
5362	413.24	28.501	28.537	28.527	
5363	413.34	28.501	28.537	28.527	
5364	413.44	28.502	28.537	28.527	
5365	413.54	28.502	28.537	28.527	
5366	413.64	28.502	28.537	28.527	
5367	413.74	28.502	28.537	28.527	
5368	413.84	28.502	28.537	28.527	
5369	413.94	28.502	28.537	28.527	
5370	414.	28.502	28.537	28.528	
5371	414.01	28.502	28.537	28.528	
5372	414.02	28.502	28.537	28.528	
5373	414.05	28.502	28.537	28.528	
5374	414.14	28.502	28.537	28.528	
5375	414.24	28.502	28.538	28.528	
5376	414.34	28.502	28.538	28.528	
5377	414.44	28.503	28.538	28.528	
5378	414.54	28.503	28.538	28.528	
5379	414.64	28.503	28.538	28.528	
5380	414.74	28.503	28.538	28.528	
5381	414.84	28.503	28.538	28.528	
5382	414.94	28.503	28.538	28.529	
5383	415.	28.503	28.538	28.529	
5384	415.01	28.503	28.538	28.529	
5385	415.02	28.503	28.538	28.529	
5386	415.05	28.503	28.538	28.529	
5387	415.14	28.503	28.538	28.529	
5388	415.24	28.503	28.539	28.529	
5389	415.34	28.503	28.539	28.529	
5390	415.44	28.504	28.539	28.529	
5391	415.54	28.504	28.539	28.529	
5392	415.64	28.504	28.539	28.529	
5393	415.74	28.504	28.539	28.529	
5394	415.84	28.504	28.539	28.529	
5395	415.94	28.504	28.539	28.53	
5396	416.	28.504	28.539	28.53	
5397	416.01	28.504	28.539	28.53	
5398	416.02	28.504	28.539	28.53	
5399	416.05	28.504	28.539	28.53	
5400	416.14	28.504	28.539	28.53	
5401	416.24	28.504	28.54	28.53	
5402	416.34	28.504	28.54	28.53	
5403	416.44	28.505	28.54	28.53	
5404	416.54	28.505	28.54	28.53	
5405	416.64	28.505	28.54	28.53	
5406	416.74	28.505	28.54	28.53	
5407	416.84	28.505	28.54	28.53	
5408	416.94	28.505	28.54	28.531	
5409	417.	28.505	28.54	28.531	
5410	417.01	28.505	28.54	28.531	
5411	417.02	28.505	28.54	28.531	
5412	417.05	28.505	28.54	28.531	
5413	417.14	28.505	28.54	28.531	
5414	417.24	28.505	28.541	28.531	
5415	417.34	28.505	28.541	28.531	
5416	417.44	28.506	28.541	28.531	
5417	417.54	28.506	28.541	28.531	
5418	417.64	28.506	28.541	28.531	
5419	417.74	28.506	28.541	28.531	
5420	417.84	28.506	28.541	28.531	
5421	417.94	28.506	28.541	28.532	
5422	418.	28.506	28.541	28.532	
5423	418.01	28.506	28.541	28.532	
5424	418.02	28.506	28.541	28.532	
5425	418.05	28.506	28.541	28.532	
5426	418.14	28.506	28.541	28.532	
5427	418.24	28.506	28.542	28.532	
5428	418.34	28.507	28.542	28.532	
5429	418.44	28.507	28.542	28.532	
5430	418.54	28.507	28.542	28.532	
5431	418.64	28.507	28.542	28.532	
5432	418.74	28.507	28.542	28.532	
5433	418.84	28.507	28.542	28.532	
5434	418.94	28.507	28.542	28.533	
5435	419.	28.507	28.542	28.533	
5436	419.01	28.507	28.542	28.533	
5437	419.02	28.507	28.542	28.533	
5438	419.05	28.507	28.542	28.533	
5439	419.14	28.507	28.542	28.533	
5440	419.24	28.507	28.543	28.533	
5441	419.34	28.508	28.543	28.533	
5442	419.44	28.508	28.543	28.533	
5443	419.54	28.508	28.543	28.533	
5444	419.64	28.508	28.543	28.533	
5445	419.74	28.508	28.543	28.533	
5446	419.84	28.508	28.543	28.533	
5447	419.94	28.508	28.543	28.534	
5448	420.	28.508	28.543	28.534	
5449	420.01	28.508	28.543	28.534	
5450	420.02	28.508	28.543	28.534	
5451	420.05	28.508	28.543	28.534	
5452	420.14	28.508	28.543	28.534	
5453	420.24	28.508	28.544	28.534	
5454	420.34	28.509	28.544	28.534	
5455	420.44	28.509	28.544	28.534	
5456	420.54	28.509	28.544	28.534	
5457	420.64	28.509	28.544	28.534	
5458	420.74	28.509	28.544	28.534	
5459	420.84	28.509	28.544	28.534	
5460	420.94	28.509	28.544	28.535	
5461	421.	28.509	28.544	28.535	
5462	421.01	28.509	28.544	28.535	
5463	421.02	28.509	28.544	28.535	
5464	421.05	28.509	28.544	28.535	
5465	421.14	28.509	28.545	28.535	
5466	421.24	28.509	28.545	28.535	
5467	421.34	28.51	28.545	28.535	
5468	421.44	28.51	28.545	28.535	
5469	421.54	28.51	28.545	28.535	
5470	421.64	28.51	28.545	28.535	
5471	421.74	28.51	28.545	28.535	
5472	421.84	28.51	28.545	28.535	
5473	421.94	28.51	28.545	28.536	
5474	422.	28.51	28.545	28.536	
5475	422.01	28.51	28.545	28.536	
5476	422.02	28.51	28.545	28.536	
5477	422.05	28.51	28.545	28.536	
5478	422.14	28.51	28.546	28.536	
5479	422.24	28.51	28.546	28.536	
5480	422.34	28.511	28.546	28.536	
5481	422.44	28.511	28.546	28.536	
5482	422.54	28.511	28.546	28.536	
5483	422.64	28.511	28.546	28.536	
5484	422.74	28.511	28.546	28.536	
5485	422.84	28.511	28.546	28.536	
5486	422.94	28.511	28.546	28.537	
5487	423.	28.511	28.546	28.537	
5488	423.01	28.511	28.546	28.537	
5489	423.02	28.511	28.546	28.537	
5490	423.05	28.511	28.546	28.537	
5491	423.14	28.511	28.547	28.537	
5492	423.24	28.511	28.547	28.537	
5493	423.34	28.512	28.547	28.537	
5494	423.44	28.512	28.547	28.537	
5495	423.54	28.512	28.547	28.537	
5496	423.64	28.512	28.547	28.537	
5497	423.74	28.512	28.547	28.537	
5498	423.84	28.512	28.547	28.537	
5499	423.94	28.512	28.547	28.538	
5500	424.	28.512	28.547	28.538	
5501	424.01	28.512	28.547	28.538	
5502	424.02	28.512	28.547	28.538	
5503	424.05	28.512	28.547	28.538	
5504	424.14	28.512	28.548	28.538	
5505	424.24	28.512	28.548	28.538	
5506	424.34	28.513	28.548	28.538	
5507	424.44	28.513	28.548	28.538	
5508	424.54	28.513	28.548	28.538	
5509	424.64	28.513	28.548	28.538	
5510	424.74	28.513	28.548	28.538	
5511	424.84	28.513	28.548	28.538	
5512	424.94	28.513	28.548	28.539	
5513	425.	28.513	28.548	28.539	
5514	425.01	28.513	28.548	28.539	
5515	425.02	28.513	28.548	28.539	
5516	425.05	28.513	28.548	28.539	
5517	425.14	28.513	28.549	28.539	
5518	425.24	28.513	28.549	28.539	
5519	425.34	28.514	28.549	28.539	
5520	425.44	28.514	28.549	28.539	
5521	425.54	28.514	28.549	28.539	
5522	425.64	28.514	28.549	28.539	
5523	425.74	28.514	28.549	28.539	
5524	425.84	28.514	28.549	28.54	
5525	425.94	28.514	28.549	28.54	
5526	426.	28.514	28.549	28.54	
5527	426.01	28.514	28.549	28.54	
5528	426.02	28.514	28.549	28.54	
5529	426.05	28.514	28.549	28.54	
5530	426.14	28.514	28.55	28.54	
5531	426.24	28.514	28.55	28.54	
5532	426.34	28.515	28.55	28.54	
5533	426.44	28.515	28.55	28.54	
5534	426.54	28.515	28.55	28.54	
5535	426.64	28.515	28.55	28.54	
5536	426.74	28.515	28.55	28.54	
5537	426.84	28.515	28.55	28.541	
5538	426.94	28.515	28.55	28.541	
5539	427.	28.515	28.55	28.541	
5540	427.01	28.515	28.55	28.541	
5541	427.02	28.515	28.55	28.541	
5542	427.05	28.515	28.55	28.541	
5543	427.14	28.515	28.551	28.541	
5544	427.24	28.515	28.551	28.541	
5545	427.34	28.516	28.551	28.541	
5546	427.44	28.516	28.551	28.541	
5547	427.54	28.516	28.551	28.541	
5548	427.64	28.516	28.551	28.541	
5549	427.74	28.516	28.551	28.541	
5550	427.84	28.516	28.551	28.542	
5551	427.94	28.516	28.551	28.542	
5552	428.	28.516	28.551	28.542	
5553	428.01	28.516	28.551	28.542	
5554	428.02	28.516	28.551	28.542	
5555	428.05	28.516	28.551	28.542	
5556	428.14	28.516	28.552	28.542	
5557	428.24	28.516	28.552	28.542	
5558	428.34	28.517	28.552	28.542	
5559	428.44	28.517	28.552	28.542	
5560	428.54	28.517	28.552	28.542	
5561	428.64	28.517	28.552	28.542	
5562	428.74	28.517	28.552	28.542	
5563	428.84	28.517	28.552	28.543	
5564	428.94	28.517	28.552	28.543	
5565	429.	28.517	28.552	28.543	
5566	429.01	28.517	28.552	28.543	
5567	429.02	28.517	28.552	28.543	
5568	429.05	28.517	28.552	28.543	
5569	429.14	28.517	28.553	28.543	
5570	429.24	28.517	28.553	28.543	
5571	429.34	28.518	28.553	28.543	
5572	429.44	28.518	28.553	28.543	
5573	429.54	28.518	28.553	28.543	
5574	429.64	28.518	28.553	28.543	
5575	429.74	28.518	28.553	28.543	
5576	429.84	28.518	28.553	28.544	
5577	429.94	28.518	28.553	28.544	
5578	430.	28.518	28.553	28.544	
5579	430.01	28.518	28.553	28.544	
5580	430.02	28.518	28.553	28.544	
5581	430.05	28.518	28.553	28.544	
5582	430.14	28.518	28.554	28.544	
5583	430.24	28.519	28.554	28.544	
5584	430.34	28.519	28.554	28.544	
5585	430.44	28.519	28.554	28.544	
5586	430.54	28.519	28.554	28.544	
5587	430.64	28.519	28.554	28.544	
5588	430.74	28.519	28.554	28.544	
5589	430.84	28.519	28.554	28.545	
5590	430.94	28.519	28.554	28.545	
5591	431.	28.519	28.554	28.545	
5592	431.01	28.519	28.554	28.545	
5593	431.02	28.519	28.554	28.545	
5594	431.05	28.519	28.555	28.545	
5595	431.14	28.519	28.555	28.545	
5596	431.24	28.52	28.555	28.545	
5597	431.34	28.52	28.555	28.545	
5598	431.44	28.52	28.555	28.545	
5599	431.54	28.52	28.555	28.545	
5600	431.64	28.52	28.555	28.545	
5601	431.74	28.52	28.555	28.545	
5602	431.84	28.52	28.555	28.546	
5603	431.94	28.52	28.555	28.546	
5604	432.	28.52	28.555	28.546	
5605	432.01	28.52	28.555	28.546	
5606	432.02	28.52	28.555	28.546	
5607	432.05	28.52	28.556	28.546	
5608	432.14	28.52	28.556	28.546	
5609	432.24	28.521	28.556	28.546	
5610	432.34	28.521	28.556	28.546	
5611	432.44	28.521	28.556	28.546	
5612	432.54	28.521	28.556	28.546	
5613	432.64	28.521	28.556	28.546	
5614	432.74	28.521	28.556	28.546	
5615	432.84	28.521	28.556	28.547	
5616	432.94	28.521	28.556	28.547	
5617	433.	28.521	28.556	28.547	
5618	433.01	28.521	28.556	28.547	
5619	433.02	28.521	28.556	28.547	
5620	433.05	28.521	28.557	28.547	
5621	433.14	28.521	28.557	28.547	
5622	433.24	28.522	28.557	28.547	
5623	433.34	28.522	28.557	28.547	
5624	433.44	28.522	28.557	28.547	
5625	433.54	28.522	28.557	28.547	
5626	433.64	28.522	28.557	28.547	
5627	433.74	28.522	28.557	28.547	
5628	433.84	28.522	28.557	28.548	
5629	433.94	28.522	28.557	28.548	
5630	434.	28.522	28.557	28.548	
5631	434.01	28.522	28.557	28.548	
5632	434.02	28.522	28.558	28.548	
5633	434.05	28.522	28.558	28.548	
5634	434.14	28.522	28.558	28.548	
5635	434.24	28.523	28.558	28.548	
5636	434.34	28.523	28.558	28.548	
5637	434.44	28.523	28.558	28.548	
5638	434.54	28.523	28.558	28.548	
5639	434.64	28.523	28.558	28.548	
5640	434.74	28.523	28.558	28.548	
5641	434.84	28.523	28.558	28.549	
5642	434.94	28.523	28.558	28.549	
5643	435.	28.523	28.558	28.549	
5644	435.01	28.523	28.559	28.549	
5645	435.02	28.523	28.559	28.549	
5646	435.05	28.523	28.559	28.549	
5647	435.14	28.523	28.559	28.549	
5648	435.24	28.524	28.559	28.549	
5649	435.34	28.524	28.559	28.549	
5650	435.44	28.524	28.559	28.549	
5651	435.54	28.524	28.559	28.549	
5652	435.64	28.524	28.559	28.549	
5653	435.74	28.524	28.559	28.549	
5654	435.84	28.524	28.559	28.55	
5655	435.94	28.524	28.559	28.55	
5656	436.	28.524	28.56	28.55	
5657	436.01	28.524	28.56	28.55	
5658	436.02	28.524	28.56	28.55	
5659	436.05	28.524	28.56	28.55	
5660	436.14	28.524	28.56	28.55	
5661	436.24	28.525	28.56	28.55	
5662	436.34	28.525	28.56	28.55	
5663	436.44	28.525	28.56	28.55	
5664	436.54	28.525	28.56	28.55	
5665	436.64	28.525	28.56	28.55	
5666	436.74	28.525	28.56	28.551	
5667	436.84	28.525	28.56	28.551	
5668	436.94	28.525	28.56	28.551	
5669	437.	28.525	28.561	28.551	
5670	437.01	28.525	28.561	28.551	
5671	437.02	28.525	28.561	28.551	
5672	437.05	28.525	28.561	28.551	
5673	437.14	28.525	28.561	28.551	
5674	437.24	28.526	28.561	28.551	
5675	437.34	28.526	28.561	28.551	
5676	437.44	28.526	28.561	28.551	
5677	437.54	28.526	28.561	28.551	
5678	437.64	28.526	28.561	28.551	
5679	437.74	28.526	28.561	28.552	
5680	437.84	28.526	28.561	28.552	
5681	437.94	28.526	28.561	28.552	
5682	438.	28.526	28.562	28.552	
5683	438.01	28.526	28.562	28.552	
5684	438.02	28.526	28.562	28.552	
5685	438.05	28.526	28.562	28.552	
5686	438.14	28.526	28.562	28.552	
5687	438.24	28.527	28.562	28.552	
5688	438.34	28.527	28.562	28.552	
5689	438.44	28.527	28.562	28.552	
5690	438.54	28.527	28.562	28.552	
5691	438.64	28.527	28.562	28.552	
5692	438.74	28.527	28.562	28.553	
5693	438.84	28.527	28.562	28.553	
5694	438.94	28.527	28.562	28.553	
5695	439.	28.527	28.563	28.553	
5696	439.01	28.527	28.563	28.553	
5697	439.02	28.527	28.563	28.553	
5698	439.05	28.527	28.563	28.553	
5699	439.14	28.527	28.563	28.553	
5700	439.24	28.528	28.563	28.553	
5701	439.34	28.528	28.563	28.553	
5702	439.44	28.528	28.563	28.553	
5703	439.54	28.528	28.563	28.553	
5704	439.64	28.528	28.563	28.553	
5705	439.74	28.528	28.563	28.554	
5706	439.84	28.528	28.563	28.554	
5707	439.94	28.528	28.563	28.554	
5708	440.	28.528	28.564	28.554	
5709	440.01	28.528	28.564	28.554	
5710	440.02	28.528	28.564	28.554	
5711	440.05	28.528	28.564	28.554	
5712	440.14	28.528	28.564	28.554	
5713	440.24	28.529	28.564	28.554	
5714	440.34	28.529	28.564	28.554	
5715	440.44	28.529	28.564	28.554	
5716	440.54	28.529	28.564	28.554	
5717	440.64	28.529	28.564	28.554	
5718	440.74	28.529	28.564	28.555	
5719	440.84	28.529	28.564	28.555	
5720	440.94	28.529	28.564	28.555	
5721	441.	28.529	28.565	28.555	
5722	441.01	28.529	28.565	28.555	
5723	441.02	28.529	28.565	28.555	
5724	441.05	28.529	28.565	28.555	
5725	441.14	28.529	28.565	28.555	
5726	441.24	28.53	28.565	28.555	
5727	441.34	28.53	28.565	28.555	
5728	441.44	28.53	28.565	28.555	
5729	441.54	28.53	28.565	28.555	
5730	441.64	28.53	28.565	28.555	
5731	441.74	28.53	28.565	28.556	
5732	441.84	28.53	28.565	28.556	
5733	441.94	28.53	28.565	28.556	
5734	442.	28.53	28.566	28.556	
5735	442.01	28.53	28.566	28.556	
5736	442.02	28.53	28.566	28.556	
5737	442.05	28.53	28.566	28.556	
5738	442.14	28.531	28.566	28.556	
5739	442.24	28.531	28.566	28.556	
5740	442.34	28.531	28.566	28.556	
5741	442.44	28.531	28.566	28.556	
5742	442.54	28.531	28.566	28.556	
5743	442.64	28.531	28.566	28.556	
5744	442.74	28.531	28.566	28.557	
5745	442.84	28.531	28.566	28.557	
5746	442.94	28.531	28.567	28.557	
5747	443.	28.531	28.567	28.557	
5748	443.01	28.531	28.567	28.557	
5749	443.02	28.531	28.567	28.557	
5750	443.05	28.531	28.567	28.557	
5751	443.14	28.532	28.567	28.557	
5752	443.24	28.532	28.567	28.557	
5753	443.34	28.532	28.567	28.557	
5754	443.44	28.532	28.567	28.557	
5755	443.54	28.532	28.567	28.557	
5756	443.64	28.532	28.567	28.557	
5757	443.74	28.532	28.567	28.558	
5758	443.84	28.532	28.567	28.558	
5759	443.94	28.532	28.568	28.558	
5760	444.	28.532	28.568	28.558	
5761	444.01	28.532	28.568	28.558	
5762	444.02	28.532	28.568	28.558	
5763	444.05	28.532	28.568	28.558	
5764	444.14	28.533	28.568	28.558	
5765	444.24	28.533	28.568	28.558	
5766	444.34	28.533	28.568	28.558	
5767	444.44	28.533	28.568	28.558	
5768	444.54	28.533	28.568	28.558	
5769	444.64	28.533	28.568	28.558	
5770	444.74	28.533	28.568	28.559	
5771	444.84	28.533	28.568	28.559	
5772	444.94	28.533	28.569	28.559	
5773	445.	28.533	28.569	28.559	
5774	445.01	28.533	28.569	28.559	
5775	445.02	28.533	28.569	28.559	
5776	445.05	28.533	28.569	28.559	
5777	445.14	28.534	28.569	28.559	
5778	445.24	28.534	28.569	28.559	
5779	445.34	28.534	28.569	28.559	
5780	445.44	28.534	28.569	28.559	
5781	445.54	28.534	28.569	28.559	
5782	445.64	28.534	28.569	28.559	
5783	445.74	28.534	28.569	28.56	
5784	445.84	28.534	28.569	28.56	
5785	445.94	28.534	28.57	28.56	
5786	446.	28.534	28.57	28.56	
5787	446.01	28.534	28.57	28.56	
5788	446.02	28.534	28.57	28.56	
5789	446.05	28.534	28.57	28.56	
5790	446.14	28.535	28.57	28.56	
5791	446.24	28.535	28.57	28.56	
5792	446.34	28.535	28.57	28.56	
5793	446.44	28.535	28.57	28.56	
5794	446.54	28.535	28.57	28.56	
5795	446.64	28.535	28.57	28.56	
5796	446.74	28.535	28.57	28.561	
5797	446.84	28.535	28.57	28.561	
5798	446.94	28.535	28.571	28.561	
5799	447.	28.535	28.571	28.561	
5800	447.01	28.535	28.571	28.561	
5801	447.02	28.535	28.571	28.561	
5802	447.05	28.535	28.571	28.561	
5803	447.14	28.536	28.571	28.561	
5804	447.24	28.536	28.571	28.561	
5805	447.34	28.536	28.571	28.561	
5806	447.44	28.536	28.571	28.561	
5807	447.54	28.536	28.571	28.561	
5808	447.64	28.536	28.571	28.561	
5809	447.74	28.536	28.571	28.562	
5810	447.84	28.536	28.571	28.562	
5811	447.94	28.536	28.572	28.562	
5812	448.	28.536	28.572	28.562	
5813	448.01	28.536	28.572	28.562	
5814	448.02	28.536	28.572	28.562	
5815	448.05	28.536	28.572	28.562	
5816	448.14	28.537	28.572	28.562	
5817	448.24	28.537	28.572	28.562	
5818	448.34	28.537	28.572	28.562	
5819	448.44	28.537	28.572	28.562	
5820	448.54	28.537	28.572	28.562	
5821	448.64	28.537	28.572	28.562	
5822	448.74	28.537	28.572	28.563	
5823	448.84	28.537	28.572	28.563	
5824	448.94	28.537	28.573	28.563	
5825	449.	28.537	28.573	28.563	
5826	449.01	28.537	28.573	28.563	
5827	449.02	28.537	28.573	28.563	
5828	449.05	28.537	28.573	28.563	
5829	449.14	28.538	28.573	28.563	
5830	449.24	28.538	28.573	28.563	
5831	449.34	28.538	28.573	28.563	
5832	449.44	28.538	28.573	28.563	
5833	449.54	28.538	28.573	28.563	
5834	449.64	28.538	28.573	28.564	
5835	449.74	28.538	28.573	28.564	
5836	449.84	28.538	28.573	28.564	
5837	449.94	28.538	28.574	28.564	
5838	450.	28.538	28.574	28.564	
5839	450.01	28.538	28.574	28.564	
5840	450.02	28.538	28.574	28.564	
5841	450.05	28.538	28.574	28.564	
5842	450.14	28.539	28.574	28.564	
5843	450.24	28.539	28.574	28.564	
5844	450.34	28.539	28.574	28.564	
5845	450.44	28.539	28.574	28.564	
5846	450.54	28.539	28.574	28.564	
5847	450.64	28.539	28.574	28.565	
5848	450.74	28.539	28.574	28.565	
5849	450.84	28.539	28.574	28.565	
5850	450.94	28.539	28.575	28.565	
5851	451.	28.539	28.575	28.565	
5852	451.01	28.539	28.575	28.565	
5853	451.02	28.539	28.575	28.565	
5854	451.05	28.539	28.575	28.565	
5855	451.14	28.54	28.575	28.565	
5856	451.24	28.54	28.575	28.565	
5857	451.34	28.54	28.575	28.565	
5858	451.44	28.54	28.575	28.565	
5859	451.54	28.54	28.575	28.565	
5860	451.64	28.54	28.575	28.566	
5861	451.74	28.54	28.575	28.566	
5862	451.84	28.54	28.575	28.566	
5863	451.94	28.54	28.576	28.566	
5864	452.	28.54	28.576	28.566	
5865	452.01	28.54	28.576	28.566	
5866	452.02	28.54	28.576	28.566	
5867	452.05	28.54	28.576	28.566	
5868	452.14	28.541	28.576	28.566	
5869	452.24	28.541	28.576	28.566	
5870	452.34	28.541	28.576	28.566	
5871	452.44	28.541	28.576	28.566	
5872	452.54	28.541	28.576	28.566	
5873	452.64	28.541	28.576	28.567	
5874	452.74	28.541	28.576	28.567	
5875	452.84	28.541	28.576	28.567	
5876	452.94	28.541	28.577	28.567	
5877	453.	28.541	28.577	28.567	
5878	453.01	28.541	28.577	28.567	
5879	453.02	28.541	28.577	28.567	
5880	453.05	28.541	28.577	28.567	
5881	453.14	28.542	28.577	28.567	
5882	453.24	28.542	28.577	28.567	
5883	453.34	28.542	28.577	28.567	
5884	453.44	28.542	28.577	28.567	
5885	453.54	28.542	28.577	28.567	
5886	453.64	28.542	28.577	28.568	
5887	453.74	28.542	28.577	28.568	
5888	453.84	28.542	28.577	28.568	
5889	453.94	28.542	28.578	28.568	
5890	454.	28.542	28.578	28.568	
5891	454.01	28.542	28.578	28.568	
5892	454.02	28.542	28.578	28.568	
5893	454.05	28.542	28.578	28.568	
5894	454.14	28.543	28.578	28.568	
5895	454.24	28.543	28.578	28.568	
5896	454.34	28.543	28.578	28.568	
5897	454.44	28.543	28.578	28.568	
5898	454.54	28.543	28.578	28.568	
5899	454.64	28.543	28.578	28.569	
5900	454.74	28.543	28.578	28.569	
5901	454.84	28.543	28.579	28.569	
5902	454.94	28.543	28.579	28.569	
5903	455.	28.543	28.579	28.569	
5904	455.01	28.543	28.579	28.569	
5905	455.02	28.543	28.579	28.569	
5906	455.05	28.544	28.579	28.569	
5907	455.14	28.544	28.579	28.569	
5908	455.24	28.544	28.579	28.569	
5909	455.34	28.544	28.579	28.569	
5910	455.44	28.544	28.579	28.569	
5911	455.54	28.544	28.579	28.569	
5912	455.64	28.544	28.579	28.57	
5913	455.74	28.544	28.579	28.57	
5914	455.84	28.544	28.58	28.57	
5915	455.94	28.544	28.58	28.57	
5916	456.	28.544	28.58	28.57	
5917	456.01	28.544	28.58	28.57	
5918	456.02	28.544	28.58	28.57	
5919	456.05	28.545	28.58	28.57	
5920	456.14	28.545	28.58	28.57	
5921	456.24	28.545	28.58	28.57	
5922	456.34	28.545	28.58	28.57	
5923	456.44	28.545	28.58	28.57	
5924	456.54	28.545	28.58	28.57	
5925	456.64	28.545	28.58	28.571	
5926	456.74	28.545	28.58	28.571	
5927	456.84	28.545	28.581	28.571	
5928	456.94	28.545	28.581	28.571	
5929	457.	28.545	28.581	28.571	
5930	457.01	28.545	28.581	28.571	
5931	457.02	28.545	28.581	28.571	
5932	457.05	28.546	28.581	28.571	
5933	457.14	28.546	28.581	28.571	
5934	457.24	28.546	28.581	28.571	
5935	457.34	28.546	28.581	28.571	
5936	457.44	28.546	28.581	28.571	
5937	457.54	28.546	28.581	28.571	
5938	457.64	28.546	28.581	28.572	
5939	457.74	28.546	28.581	28.572	
5940	457.84	28.546	28.582	28.572	
5941	457.94	28.546	28.582	28.572	
5942	458.	28.546	28.582	28.572	
5943	458.01	28.546	28.582	28.572	
5944	458.02	28.546	28.582	28.572	
5945	458.05	28.547	28.582	28.572	
5946	458.14	28.547	28.582	28.572	
5947	458.24	28.547	28.582	28.572	
5948	458.34	28.547	28.582	28.572	
5949	458.44	28.547	28.582	28.572	
5950	458.54	28.547	28.582	28.572	
5951	458.64	28.547	28.582	28.573	
5952	458.74	28.547	28.582	28.573	
5953	458.84	28.547	28.583	28.573	
5954	458.94	28.547	28.583	28.573	
5955	459.	28.547	28.583	28.573	
5956	459.01	28.547	28.583	28.573	
5957	459.02	28.547	28.583	28.573	
5958	459.05	28.548	28.583	28.573	
5959	459.14	28.548	28.583	28.573	
5960	459.24	28.548	28.583	28.573	
5961	459.34	28.548	28.583	28.573	
5962	459.44	28.548	28.583	28.573	
5963	459.54	28.548	28.583	28.573	
5964	459.64	28.548	28.583	28.574	
5965	459.74	28.548	28.583	28.574	
5966	459.84	28.548	28.584	28.574	
5967	459.94	28.548	28.584	28.574	
5968	460.	28.548	28.584	28.574	
5969	460.01	28.548	28.584	28.574	
5970	460.02	28.549	28.584	28.574	
5971	460.05	28.549	28.584	28.574	
5972	460.14	28.549	28.584	28.574	
5973	460.24	28.549	28.584	28.574	
5974	460.34	28.549	28.584	28.574	
5975	460.44	28.549	28.584	28.574	
5976	460.54	28.549	28.584	28.574	
5977	460.64	28.549	28.584	28.575	
5978	460.74	28.549	28.584	28.575	
5979	460.84	28.549	28.585	28.575	
5980	460.94	28.549	28.585	28.575	
5981	461.	28.549	28.585	28.575	
5982	461.01	28.55	28.585	28.575	
5983	461.02	28.55	28.585	28.575	
5984	461.05	28.55	28.585	28.575	
5985	461.14	28.55	28.585	28.575	
5986	461.24	28.55	28.585	28.575	
5987	461.34	28.55	28.585	28.575	
5988	461.44	28.55	28.585	28.575	
5989	461.54	28.55	28.585	28.575	
5990	461.64	28.55	28.585	28.576	
5991	461.74	28.55	28.585	28.576	
5992	461.84	28.55	28.586	28.576	
5993	461.94	28.55	28.586	28.576	
5994	462.	28.55	28.586	28.576	
5995	462.01	28.551	28.586	28.576	
5996	462.02	28.551	28.586	28.576	
5997	462.05	28.551	28.586	28.576	
5998	462.14	28.551	28.586	28.576	
5999	462.24	28.551	28.586	28.576	
6000	462.34	28.551	28.586	28.576	
6001	462.44	28.551	28.586	28.576	
6002	462.54	28.551	28.586	28.577	
6003	462.64	28.551	28.586	28.577	
6004	462.74	28.551	28.586	28.577	
6005	462.84	28.551	28.587	28.577	
6006	462.94	28.551	28.587	28.577	
6007	463.	28.552	28.587	28.577	
6008	463.01	28.552	28.587	28.577	
6009	463.02	28.552	28.587	28.577	
6010	463.05	28.552	28.587	28.577	
6011	463.14	28.552	28.587	28.577	
6012	463.24	28.552	28.587	28.577	
6013	463.34	28.552	28.587	28.577	
6014	463.44	28.552	28.587	28.577	
6015	463.54	28.552	28.587	28.578	
6016	463.64	28.552	28.587	28.578	
6017	463.74	28.552	28.587	28.578	
6018	463.84	28.552	28.588	28.578	
6019	463.94	28.552	28.588	28.578	
6020	464.	28.553	28.588	28.578	
6021	464.01	28.553	28.588	28.578	
6022	464.02	28.553	28.588	28.578	
6023	464.05	28.553	28.588	28.578	
6024	464.14	28.553	28.588	28.578	
6025	464.24	28.553	28.588	28.578	
6026	464.34	28.553	28.588	28.578	
6027	464.44	28.553	28.588	28.578	
6028	464.54	28.553	28.588	28.579	
6029	464.64	28.553	28.588	28.579	
6030	464.74	28.553	28.588	28.579	
6031	464.84	28.553	28.589	28.579	
6032	464.94	28.553	28.589	28.579	
6033	465.	28.554	28.589	28.579	
6034	465.01	28.554	28.589	28.579	
6035	465.02	28.554	28.589	28.579	
6036	465.05	28.554	28.589	28.579	
6037	465.14	28.554	28.589	28.579	
6038	465.24	28.554	28.589	28.579	
6039	465.34	28.554	28.589	28.579	
6040	465.44	28.554	28.589	28.579	
6041	465.54	28.554	28.589	28.58	
6042	465.64	28.554	28.589	28.58	
6043	465.74	28.554	28.589	28.58	
6044	465.84	28.554	28.59	28.58	
6045	465.94	28.554	28.59	28.58	
6046	466.	28.555	28.59	28.58	
6047	466.01	28.555	28.59	28.58	
6048	466.02	28.555	28.59	28.58	
6049	466.05	28.555	28.59	28.58	
6050	466.14	28.555	28.59	28.58	
6051	466.24	28.555	28.59	28.58	
6052	466.34	28.555	28.59	28.58	
6053	466.44	28.555	28.59	28.58	
6054	466.54	28.555	28.59	28.581	
6055	466.64	28.555	28.59	28.581	
6056	466.74	28.555	28.59	28.581	
6057	466.84	28.555	28.591	28.581	
6058	466.94	28.555	28.591	28.581	
6059	467.	28.556	28.591	28.581	
6060	467.01	28.556	28.591	28.581	
6061	467.02	28.556	28.591	28.581	
6062	467.05	28.556	28.591	28.581	
6063	467.14	28.556	28.591	28.581	
6064	467.24	28.556	28.591	28.581	
6065	467.34	28.556	28.591	28.581	
6066	467.44	28.556	28.591	28.581	
6067	467.54	28.556	28.591	28.582	
6068	467.64	28.556	28.591	28.582	
6069	467.74	28.556	28.591	28.582	
6070	467.84	28.556	28.592	28.582	
6071	467.94	28.556	28.592	28.582	
6072	468.	28.557	28.592	28.582	
6073	468.01	28.557	28.592	28.582	
6074	468.02	28.557	28.592	28.582	
6075	468.05	28.557	28.592	28.582	
6076	468.14	28.557	28.592	28.582	
6077	468.24	28.557	28.592	28.582	
6078	468.34	28.557	28.592	28.582	
6079	468.44	28.557	28.592	28.582	
6080	468.54	28.557	28.592	28.583	
6081	468.64	28.557	28.592	28.583	
6082	468.74	28.557	28.593	28.583	
6083	468.84	28.557	28.593	28.583	
6084	468.94	28.557	28.593	28.583	
6085	469.	28.558	28.593	28.583	
6086	469.01	28.558	28.593	28.583	
6087	469.02	28.558	28.593	28.583	
6088	469.05	28.558	28.593	28.583	
6089	469.14	28.558	28.593	28.583	
6090	469.24	28.558	28.593	28.583	
6091	469.34	28.558	28.593	28.583	
6092	469.44	28.558	28.593	28.583	
6093	469.54	28.558	28.593	28.584	
6094	469.64	28.558	28.593	28.584	
6095	469.74	28.558	28.594	28.584	
6096	469.84	28.558	28.594	28.584	
6097	469.94	28.558	28.594	28.584	
6098	470.	28.559	28.594	28.584	
6099	470.01	28.559	28.594	28.584	
6100	470.02	28.559	28.594	28.584	
6101	470.05	28.559	28.594	28.584	
6102	470.14	28.559	28.594	28.584	
6103	470.24	28.559	28.594	28.584	
6104	470.34	28.559	28.594	28.584	
6105	470.44	28.559	28.594	28.584	
6106	470.54	28.559	28.594	28.585	
6107	470.64	28.559	28.594	28.585	
6108	470.74	28.559	28.595	28.585	
6109	470.84	28.559	28.595	28.585	
6110	470.94	28.559	28.595	28.585	
6111	471.	28.56	28.595	28.585	
6112	471.01	28.56	28.595	28.585	
6113	471.02	28.56	28.595	28.585	
6114	471.05	28.56	28.595	28.585	
6115	471.14	28.56	28.595	28.585	
6116	471.24	28.56	28.595	28.585	
6117	471.34	28.56	28.595	28.585	
6118	471.44	28.56	28.595	28.585	
6119	471.54	28.56	28.595	28.586	
6120	471.64	28.56	28.595	28.586	
6121	471.74	28.56	28.596	28.586	
6122	471.84	28.56	28.596	28.586	
6123	471.94	28.56	28.596	28.586	
6124	472.	28.561	28.596	28.586	
6125	472.01	28.561	28.596	28.586	
6126	472.02	28.561	28.596	28.586	
6127	472.05	28.561	28.596	28.586	
6128	472.14	28.561	28.596	28.586	
6129	472.24	28.561	28.596	28.586	
6130	472.34	28.561	28.596	28.586	
6131	472.44	28.561	28.596	28.586	
6132	472.54	28.561	28.596	28.587	
6133	472.64	28.561	28.596	28.587	
6134	472.74	28.561	28.597	28.587	
6135	472.84	28.561	28.597	28.587	
6136	472.94	28.561	28.597	28.587	
6137	473.	28.562	28.597	28.587	
6138	473.01	28.562	28.597	28.587	
6139	473.02	28.562	28.597	28.587	
6140	473.05	28.562	28.597	28.587	
6141	473.14	28.562	28.597	28.587	
6142	473.24	28.562	28.597	28.587	
6143	473.34	28.562	28.597	28.587	
6144	473.44	28.562	28.597	28.587	
6145	473.54	28.562	28.597	28.588	
6146	473.64	28.562	28.597	28.588	
6147	473.74	28.562	28.598	28.588	
6148	473.84	28.562	28.598	28.588	
6149	473.94	28.562	28.598	28.588	
6150	474.	28.563	28.598	28.588	
6151	474.01	28.563	28.598	28.588	
6152	474.02	28.563	28.598	28.588	
6153	474.05	28.563	28.598	28.588	
6154	474.14	28.563	28.598	28.588	
6155	474.24	28.563	28.598	28.588	
6156	474.34	28.563	28.598	28.588	
6157	474.44	28.563	28.598	28.588	
6158	474.54	28.563	28.598	28.589	
6159	474.64	28.563	28.598	28.589	
6160	474.74	28.563	28.599	28.589	
6161	474.84	28.563	28.599	28.589	
6162	474.94	28.564	28.599	28.589	
6163	475.	28.564	28.599	28.589	
6164	475.01	28.564	28.599	28.589	
6165	475.02	28.564	28.599	28.589	
6166	475.05	28.564	28.599	28.589	
6167	475.14	28.564	28.599	28.589	
6168	475.24	28.564	28.599	28.589	
6169	475.34	28.564	28.599	28.589	
6170	475.44	28.564	28.599	28.589	
6171	475.54	28.564	28.599	28.59	
6172	475.64	28.564	28.599	28.59	
6173	475.74	28.564	28.6	28.59	
6174	475.84	28.564	28.6	28.59	
6175	475.94	28.565	28.6	28.59	
6176	476.	28.565	28.6	28.59	
6177	476.01	28.565	28.6	28.59	
6178	476.02	28.565	28.6	28.59	
6179	476.05	28.565	28.6	28.59	
6180	476.14	28.565	28.6	28.59	
6181	476.24	28.565	28.6	28.59	
6182	476.34	28.565	28.6	28.59	
6183	476.44	28.565	28.6	28.59	
6184	476.54	28.565	28.6	28.591	
6185	476.64	28.565	28.6	28.591	
6186	476.74	28.565	28.601	28.591	
6187	476.84	28.565	28.601	28.591	
6188	476.94	28.566	28.601	28.591	
6189	477.	28.566	28.601	28.591	
6190	477.01	28.566	28.601	28.591	
6191	477.02	28.566	28.601	28.591	
6192	477.05	28.566	28.601	28.591	
6193	477.14	28.566	28.601	28.591	
6194	477.24	28.566	28.601	28.591	
6195	477.34	28.566	28.601	28.591	
6196	477.44	28.566	28.601	28.591	
6197	477.54	28.566	28.601	28.592	
6198	477.64	28.566	28.601	28.592	
6199	477.74	28.566	28.602	28.592	
6200	477.84	28.566	28.602	28.592	
6201	477.94	28.567	28.602	28.592	
6202	478.	28.567	28.602	28.592	
6203	478.01	28.567	28.602	28.592	
6204	478.02	28.567	28.602	28.592	
6205	478.05	28.567	28.602	28.592	
6206	478.14	28.567	28.602	28.592	
6207	478.24	28.567	28.602	28.592	
6208	478.34	28.567	28.602	28.592	
6209	478.44	28.567	28.602	28.592	
6210	478.54	28.567	28.602	28.593	
6211	478.64	28.567	28.602	28.593	
6212	478.74	28.567	28.603	28.593	
6213	478.84	28.567	28.603	28.593	
6214	478.94	28.568	28.603	28.593	
6215	479.	28.568	28.603	28.593	
6216	479.01	28.568	28.603	28.593	
6217	479.02	28.568	28.603	28.593	
6218	479.05	28.568	28.603	28.593	
6219	479.14	28.568	28.603	28.593	
6220	479.24	28.568	28.603	28.593	
6221	479.34	28.568	28.603	28.593	
6222	479.44	28.568	28.603	28.594	
6223	479.54	28.568	28.603	28.594	
6224	479.64	28.568	28.603	28.594	
6225	479.74	28.568	28.604	28.594	
6226	479.84	28.568	28.604	28.594	
6227	479.94	28.569	28.604	28.594	
6228	480.	28.569	28.604	28.594	
6229	480.01	28.569	28.604	28.594	
6230	480.02	28.569	28.604	28.594	
6231	480.05	28.569	28.604	28.594	
6232	480.14	28.569	28.604	28.594	
6233	480.24	28.569	28.604	28.594	
6234	480.34	28.569	28.604	28.594	
6235	480.44	28.569	28.604	28.595	
6236	480.54	28.569	28.604	28.595	
6237	480.64	28.569	28.604	28.595	
6238	480.74	28.569	28.605	28.595	
6239	480.84	28.569	28.605	28.595	
6240	480.94	28.57	28.605	28.595	
6241	481.	28.57	28.605	28.595	
6242	481.01	28.57	28.605	28.595	
6243	481.02	28.57	28.605	28.595	
6244	481.05	28.57	28.605	28.595	
6245	481.14	28.57	28.605	28.595	
6246	481.24	28.57	28.605	28.595	
6247	481.34	28.57	28.605	28.595	
6248	481.44	28.57	28.605	28.596	
6249	481.54	28.57	28.605	28.596	
6250	481.64	28.57	28.605	28.596	
6251	481.74	28.57	28.606	28.596	
6252	481.84	28.57	28.606	28.596	
6253	481.94	28.571	28.606	28.596	
6254	482.	28.571	28.606	28.596	
6255	482.01	28.571	28.606	28.596	
6256	482.02	28.571	28.606	28.596	
6257	482.05	28.571	28.606	28.596	
6258	482.14	28.571	28.606	28.596	
6259	482.24	28.571	28.606	28.596	
6260	482.34	28.571	28.606	28.596	
6261	482.44	28.571	28.606	28.597	
6262	482.54	28.571	28.606	28.597	
6263	482.64	28.571	28.606	28.597	
6264	482.74	28.571	28.607	28.597	
6265	482.84	28.571	28.607	28.597	
6266	482.94	28.572	28.607	28.597	
6267	483.	28.572	28.607	28.597	
6268	483.01	28.572	28.607	28.597	
6269	483.02	28.572	28.607	28.597	
6270	483.05	28.572	28.607	28.597	
6271	483.14	28.572	28.607	28.597	
6272	483.24	28.572	28.607	28.597	
6273	483.34	28.572	28.607	28.597	
6274	483.44	28.572	28.607	28.598	
6275	483.54	28.572	28.607	28.598	
6276	483.64	28.572	28.607	28.598	
6277	483.74	28.572	28.608	28.598	
6278	483.84	28.572	28.608	28.598	
6279	483.94	28.573	28.608	28.598	
6280	484.	28.573	28.608	28.598	
6281	484.01	28.573	28.608	28.598	
6282	484.02	28.573	28.608	28.598	
6283	484.05	28.573	28.608	28.598	
6284	484.14	28.573	28.608	28.598	
6285	484.24	28.573	28.608	28.598	
6286	484.34	28.573	28.608	28.598	
6287	484.44	28.573	28.608	28.599	
6288	484.54	28.573	28.608	28.599	
6289	484.64	28.573	28.609	28.599	
6290	484.74	28.573	28.609	28.599	
6291	484.84	28.573	28.609	28.599	
6292	484.94	28.574	28.609	28.599	
6293	485.	28.574	28.609	28.599	
6294	485.01	28.574	28.609	28.599	
6295	485.02	28.574	28.609	28.599	
6296	485.05	28.574	28.609	28.599	
6297	485.14	28.574	28.609	28.599	
6298	485.24	28.574	28.609	28.599	
6299	485.34	28.574	28.609	28.599	
6300	485.44	28.574	28.609	28.6	
6301	485.54	28.574	28.609	28.6	
6302	485.64	28.574	28.61	28.6	
6303	485.74	28.574	28.61	28.6	
6304	485.84	28.574	28.61	28.6	
6305	485.94	28.575	28.61	28.6	
6306	486.	28.575	28.61	28.6	
6307	486.01	28.575	28.61	28.6	
6308	486.02	28.575	28.61	28.6	
6309	486.05	28.575	28.61	28.6	
6310	486.14	28.575	28.61	28.6	
6311	486.24	28.575	28.61	28.6	
6312	486.34	28.575	28.61	28.6	
6313	486.44	28.575	28.61	28.601	
6314	486.54	28.575	28.61	28.601	
6315	486.64	28.575	28.611	28.601	
6316	486.74	28.575	28.611	28.601	
6317	486.84	28.575	28.611	28.601	
6318	486.94	28.576	28.611	28.601	
6319	487.	28.576	28.611	28.601	
6320	487.01	28.576	28.611	28.601	
6321	487.02	28.576	28.611	28.601	
6322	487.05	28.576	28.611	28.601	
6323	487.14	28.576	28.611	28.601	
6324	487.24	28.576	28.611	28.601	
6325	487.34	28.576	28.611	28.601	
6326	487.44	28.576	28.611	28.602	
6327	487.54	28.576	28.611	28.602	
6328	487.64	28.576	28.612	28.602	
6329	487.74	28.576	28.612	28.602	
6330	487.84	28.576	28.612	28.602	
6331	487.94	28.577	28.612	28.602	
6332	488.	28.577	28.612	28.602	
6333	488.01	28.577	28.612	28.602	
6334	488.02	28.577	28.612	28.602	
6335	488.05	28.577	28.612	28.602	
6336	488.14	28.577	28.612	28.602	
6337	488.24	28.577	28.612	28.602	
6338	488.34	28.577	28.612	28.602	
6339	488.44	28.577	28.612	28.603	
6340	488.54	28.577	28.612	28.603	
6341	488.64	28.577	28.613	28.603	
6342	488.74	28.577	28.613	28.603	
6343	488.84	28.577	28.613	28.603	
6344	488.94	28.578	28.613	28.603	
6345	489.	28.578	28.613	28.603	
6346	489.01	28.578	28.613	28.603	
6347	489.02	28.578	28.613	28.603	
6348	489.05	28.578	28.613	28.603	
6349	489.14	28.578	28.613	28.603	
6350	489.24	28.578	28.613	28.603	
6351	489.34	28.578	28.613	28.603	
6352	489.44	28.578	28.613	28.604	
6353	489.54	28.578	28.613	28.604	
6354	489.64	28.578	28.614	28.604	
6355	489.74	28.578	28.614	28.604	
6356	489.84	28.578	28.614	28.604	
6357	489.94	28.579	28.614	28.604	
6358	490.	28.579	28.614	28.604	
6359	490.01	28.579	28.614	28.604	
6360	490.02	28.579	28.614	28.604	
6361	490.05	28.579	28.614	28.604	
6362	490.14	28.579	28.614	28.604	
6363	490.24	28.579	28.614	28.604	
6364	490.34	28.579	28.614	28.604	
6365	490.44	28.579	28.614	28.605	
6366	490.54	28.579	28.614	28.605	
6367	490.64	28.579	28.615	28.605	
6368	490.74	28.579	28.615	28.605	
6369	490.84	28.579	28.615	28.605	
6370	490.94	28.58	28.615	28.605	
6371	491.	28.58	28.615	28.605	
6372	491.01	28.58	28.615	28.605	
6373	491.02	28.58	28.615	28.605	
6374	491.05	28.58	28.615	28.605	
6375	491.14	28.58	28.615	28.605	
6376	491.24	28.58	28.615	28.605	
6377	491.34	28.58	28.615	28.605	
6378	491.44	28.58	28.615	28.606	
6379	491.54	28.58	28.615	28.606	
6380	491.64	28.58	28.616	28.606	
6381	491.74	28.58	28.616	28.606	
6382	491.84	28.58	28.616	28.606	
6383	491.94	28.581	28.616	28.606	
6384	492.	28.581	28.616	28.606	
6385	492.01	28.581	28.616	28.606	
6386	492.02	28.581	28.616	28.606	
6387	492.05	28.581	28.616	28.606	
6388	492.14	28.581	28.616	28.606	
6389	492.24	28.581	28.616	28.606	
6390	492.34	28.581	28.616	28.606	
6391	492.44	28.581	28.616	28.607	
6392	492.54	28.581	28.616	28.607	
6393	492.64	28.581	28.617	28.607	
6394	492.74	28.581	28.617	28.607	
6395	492.84	28.581	28.617	28.607	
6396	492.94	28.582	28.617	28.607	
6397	493.	28.582	28.617	28.607	
6398	493.01	28.582	28.617	28.607	
6399	493.02	28.582	28.617	28.607	
6400	493.05	28.582	28.617	28.607	
6401	493.14	28.582	28.617	28.607	
6402	493.24	28.582	28.617	28.607	
6403	493.34	28.582	28.617	28.607	
6404	493.44	28.582	28.617	28.608	
6405	493.54	28.582	28.617	28.608	
6406	493.64	28.582	28.618	28.608	
6407	493.74	28.582	28.618	28.608	
6408	493.84	28.582	28.618	28.608	
6409	493.94	28.583	28.618	28.608	
6410	494.	28.583	28.618	28.608	
6411	494.01	28.583	28.618	28.608	
6412	494.02	28.583	28.618	28.608	
6413	494.05	28.583	28.618	28.608	
6414	494.14	28.583	28.618	28.608	
6415	494.24	28.583	28.618	28.608	
6416	494.34	28.583	28.618	28.608	
6417	494.44	28.583	28.618	28.609	
6418	494.54	28.583	28.618	28.609	
6419	494.64	28.583	28.619	28.609	
6420	494.74	28.583	28.619	28.609	
6421	494.84	28.583	28.619	28.609	
6422	494.94	28.584	28.619	28.609	
6423	495.	28.584	28.619	28.609	
6424	495.01	28.584	28.619	28.609	
6425	495.02	28.584	28.619	28.609	
6426	495.05	28.584	28.619	28.609	
6427	495.14	28.584	28.619	28.609	
6428	495.24	28.584	28.619	28.609	
6429	495.34	28.584	28.619	28.609	
6430	495.44	28.584	28.619	28.61	
6431	495.54	28.584	28.619	28.61	
6432	495.64	28.584	28.62	28.61	
6433	495.74	28.584	28.62	28.61	
6434	495.84	28.584	28.62	28.61	
6435	495.94	28.585	28.62	28.61	
6436	496.	28.585	28.62	28.61	
6437	496.01	28.585	28.62	28.61	
6438	496.02	28.585	28.62	28.61	
6439	496.05	28.585	28.62	28.61	
6440	496.14	28.585	28.62	28.61	
6441	496.24	28.585	28.62	28.61	
6442	496.34	28.585	28.62	28.61	
6443	496.44	28.585	28.62	28.611	
6444	496.54	28.585	28.62	28.611	
6445	496.64	28.585	28.621	28.611	
6446	496.74	28.585	28.621	28.611	
6447	496.84	28.585	28.621	28.611	
6448	496.94	28.586	28.621	28.611	
6449	497.	28.586	28.621	28.611	
6450	497.01	28.586	28.621	28.611	
6451	497.02	28.586	28.621	28.611	
6452	497.05	28.586	28.621	28.611	
6453	497.14	28.586	28.621	28.611	
6454	497.24	28.586	28.621	28.611	
6455	497.34	28.586	28.621	28.611	
6456	497.44	28.586	28.621	28.612	
6457	497.54	28.586	28.621	28.612	
6458	497.64	28.586	28.622	28.612	
6459	497.74	28.586	28.622	28.612	
6460	497.84	28.586	28.622	28.612	
6461	497.94	28.587	28.622	28.612	
6462	498.	28.587	28.622	28.612	
6463	498.01	28.587	28.622	28.612	
6464	498.02	28.587	28.622	28.612	
6465	498.05	28.587	28.622	28.612	
6466	498.14	28.587	28.622	28.612	
6467	498.24	28.587	28.622	28.612	
6468	498.34	28.587	28.622	28.612	
6469	498.44	28.587	28.622	28.613	
6470	498.54	28.587	28.622	28.613	
6471	498.64	28.587	28.623	28.613	
6472	498.74	28.587	28.623	28.613	
6473	498.84	28.587	28.623	28.613	
6474	498.94	28.588	28.623	28.613	
6475	499.	28.588	28.623	28.613	
6476	499.01	28.588	28.623	28.613	
6477	499.02	28.588	28.623	28.613	
6478	499.05	28.588	28.623	28.613	
6479	499.14	28.588	28.623	28.613	
6480	499.24	28.588	28.623	28.613	
6481	499.34	28.588	28.623	28.613	
6482	499.44	28.588	28.623	28.614	
6483	499.54	28.588	28.623	28.614	
6484	499.64	28.588	28.624	28.614	
6485	499.74	28.588	28.624	28.614	
6486	499.84	28.588	28.624	28.614	
6487	499.94	28.589	28.624	28.614	
6488	500.	28.589	28.624	28.614	
6489	500.01	28.589	28.624	28.614	
6490	500.02	28.589	28.624	28.614	
6491	500.05	28.589	28.624	28.614	
6492	500.14	28.589	28.624	28.614	
6493	500.24	28.589	28.624	28.614	
6494	500.34	28.589	28.624	28.614	
6495	500.44	28.589	28.624	28.615	
6496	500.54	28.589	28.624	28.615	
6497	500.64	28.589	28.625	28.615	
6498	500.74	28.589	28.625	28.615	
6499	500.84	28.589	28.625	28.615	
6500	500.94	28.59	28.625	28.615	
6501	501.	28.59	28.625	28.615	
6502	501.01	28.59	28.625	28.615	
6503	501.02	28.59	28.625	28.615	
6504	501.05	28.59	28.625	28.615	
6505	501.14	28.59	28.625	28.615	
6506	501.24	28.59	28.625	28.615	
6507	501.34	28.59	28.625	28.615	
6508	501.44	28.59	28.625	28.616	
6509	501.54	28.59	28.625	28.616	
6510	501.64	28.59	28.626	28.616	
6511	501.74	28.59	28.626	28.616	
6512	501.84	28.59	28.626	28.616	
6513	501.94	28.591	28.626	28.616	
6514	502.	28.591	28.626	28.616	
6515	502.01	28.591	28.626	28.616	
6516	502.02	28.591	28.626	28.616	
6517	502.05	28.591	28.626	28.616	
6518	502.14	28.591	28.626	28.616	
6519	502.24	28.591	28.626	28.616	
6520	502.34	28.591	28.626	28.616	
6521	502.44	28.591	28.626	28.617	
6522	502.54	28.591	28.626	28.617	
6523	502.64	28.591	28.627	28.617	
6524	502.74	28.591	28.627	28.617	
6525	502.84	28.591	28.627	28.617	
6526	502.94	28.592	28.627	28.617	
6527	503.	28.592	28.627	28.617	
6528	503.01	28.592	28.627	28.617	
6529	503.02	28.592	28.627	28.617	
6530	503.05	28.592	28.627	28.617	
6531	503.14	28.592	28.627	28.617	
6532	503.24	28.592	28.627	28.617	
6533	503.34	28.592	28.627	28.618	
6534	503.44	28.592	28.627	28.618	
6535	503.54	28.592	28.627	28.618	
6536	503.64	28.592	28.628	28.618	
6537	503.74	28.592	28.628	28.618	
6538	503.84	28.592	28.628	28.618	
6539	503.94	28.593	28.628	28.618	
6540	504.	28.593	28.628	28.618	
6541	504.01	28.593	28.628	28.618	
6542	504.02	28.593	28.628	28.618	
6543	504.05	28.593	28.628	28.618	
6544	504.14	28.593	28.628	28.618	
6545	504.24	28.593	28.628	28.618	
6546	504.34	28.593	28.628	28.619	
6547	504.44	28.593	28.628	28.619	
6548	504.54	28.593	28.628	28.619	
6549	504.64	28.593	28.629	28.619	
6550	504.74	28.593	28.629	28.619	
6551	504.84	28.593	28.629	28.619	
6552	504.94	28.594	28.629	28.619	
6553	505.	28.594	28.629	28.619	
6554	505.01	28.594	28.629	28.619	
6555	505.02	28.594	28.629	28.619	
6556	505.05	28.594	28.629	28.619	
6557	505.14	28.594	28.629	28.619	
6558	505.24	28.594	28.629	28.619	
6559	505.34	28.594	28.629	28.62	
6560	505.44	28.594	28.629	28.62	
6561	505.54	28.594	28.629	28.62	
6562	505.64	28.594	28.63	28.62	
6563	505.74	28.594	28.63	28.62	
6564	505.84	28.594	28.63	28.62	
6565	505.94	28.595	28.63	28.62	
6566	506.	28.595	28.63	28.62	
6567	506.01	28.595	28.63	28.62	
6568	506.02	28.595	28.63	28.62	
6569	506.05	28.595	28.63	28.62	
6570	506.14	28.595	28.63	28.62	
6571	506.24	28.595	28.63	28.62	
6572	506.34	28.595	28.63	28.621	
6573	506.44	28.595	28.63	28.621	
6574	506.54	28.595	28.631	28.621	
6575	506.64	28.595	28.631	28.621	
6576	506.74	28.595	28.631	28.621	
6577	506.84	28.595	28.631	28.621	
6578	506.94	28.596	28.631	28.621	
6579	507.	28.596	28.631	28.621	
6580	507.01	28.596	28.631	28.621	
6581	507.02	28.596	28.631	28.621	
6582	507.05	28.596	28.631	28.621	
6583	507.14	28.596	28.631	28.621	
6584	507.24	28.596	28.631	28.621	
6585	507.34	28.596	28.631	28.622	
6586	507.44	28.596	28.631	28.622	
6587	507.54	28.596	28.632	28.622	
6588	507.64	28.596	28.632	28.622	
6589	507.74	28.596	28.632	28.622	
6590	507.84	28.596	28.632	28.622	
6591	507.94	28.597	28.632	28.622	
6592	508.	28.597	28.632	28.622	
6593	508.01	28.597	28.632	28.622	
6594	508.02	28.597	28.632	28.622	
6595	508.05	28.597	28.632	28.622	
6596	508.14	28.597	28.632	28.622	
6597	508.24	28.597	28.632	28.622	
6598	508.34	28.597	28.632	28.623	
6599	508.44	28.597	28.632	28.623	
6600	508.54	28.597	28.633	28.623	
6601	508.64	28.597	28.633	28.623	
6602	508.74	28.597	28.633	28.623	
6603	508.84	28.597	28.633	28.623	
6604	508.94	28.598	28.633	28.623	
6605	509.	28.598	28.633	28.623	
6606	509.01	28.598	28.633	28.623	
6607	509.02	28.598	28.633	28.623	
6608	509.05	28.598	28.633	28.623	
6609	509.14	28.598	28.633	28.623	
6610	509.24	28.598	28.633	28.623	
6611	509.34	28.598	28.633	28.624	
6612	509.44	28.598	28.633	28.624	
6613	509.54	28.598	28.634	28.624	
6614	509.64	28.598	28.634	28.624	
6615	509.74	28.598	28.634	28.624	
6616	509.84	28.598	28.634	28.624	
6617	509.94	28.599	28.634	28.624	
6618	510.	28.599	28.634	28.624	
6619	510.01	28.599	28.634	28.624	
6620	510.02	28.599	28.634	28.624	
6621	510.05	28.599	28.634	28.624	
6622	510.14	28.599	28.634	28.624	
6623	510.24	28.599	28.634	28.624	
6624	510.34	28.599	28.634	28.625	
6625	510.44	28.599	28.634	28.625	
6626	510.54	28.599	28.635	28.625	
6627	510.64	28.599	28.635	28.625	
6628	510.74	28.599	28.635	28.625	
6629	510.84	28.599	28.635	28.625	
6630	510.94	28.6	28.635	28.625	
6631	511.	28.6	28.635	28.625	
6632	511.01	28.6	28.635	28.625	
6633	511.02	28.6	28.635	28.625	
6634	511.05	28.6	28.635	28.625	
6635	511.14	28.6	28.635	28.625	
6636	511.24	28.6	28.635	28.625	
6637	511.34	28.6	28.635	28.626	
6638	511.44	28.6	28.635	28.626	
6639	511.54	28.6	28.636	28.626	
6640	511.64	28.6	28.636	28.626	
6641	511.74	28.6	28.636	28.626	
6642	511.84	28.6	28.636	28.626	
6643	511.94	28.601	28.636	28.626	
6644	512.	28.601	28.636	28.626	
6645	512.01	28.601	28.636	28.626	
6646	512.02	28.601	28.636	28.626	
6647	512.05	28.601	28.636	28.626	
6648	512.14	28.601	28.636	28.626	
6649	512.24	28.601	28.636	28.626	
6650	512.34	28.601	28.636	28.627	
6651	512.44	28.601	28.636	28.627	
6652	512.54	28.601	28.637	28.627	
6653	512.64	28.601	28.637	28.627	
6654	512.74	28.601	28.637	28.627	
6655	512.84	28.601	28.637	28.627	
6656	512.94	28.602	28.637	28.627	
6657	513.	28.602	28.637	28.627	
6658	513.01	28.602	28.637	28.627	
6659	513.02	28.602	28.637	28.627	
6660	513.05	28.602	28.637	28.627	
6661	513.14	28.602	28.637	28.627	
6662	513.24	28.602	28.637	28.627	
6663	513.34	28.602	28.637	28.628	
6664	513.44	28.602	28.637	28.628	
6665	513.54	28.602	28.638	28.628	
6666	513.64	28.602	28.638	28.628	
6667	513.74	28.602	28.638	28.628	
6668	513.84	28.602	28.638	28.628	
6669	513.94	28.603	28.638	28.628	
6670	514.	28.603	28.638	28.628	
6671	514.01	28.603	28.638	28.628	
6672	514.02	28.603	28.638	28.628	
6673	514.05	28.603	28.638	28.628	
6674	514.14	28.603	28.638	28.628	
6675	514.24	28.603	28.638	28.628	
6676	514.34	28.603	28.638	28.629	
6677	514.44	28.603	28.638	28.629	
6678	514.54	28.603	28.639	28.629	
6679	514.64	28.603	28.639	28.629	
6680	514.74	28.603	28.639	28.629	
6681	514.84	28.603	28.639	28.629	
6682	514.94	28.604	28.639	28.629	
6683	515.	28.604	28.639	28.629	
6684	515.01	28.604	28.639	28.629	
6685	515.02	28.604	28.639	28.629	
6686	515.05	28.604	28.639	28.629	
6687	515.14	28.604	28.639	28.629	
6688	515.24	28.604	28.639	28.629	
6689	515.34	28.604	28.639	28.63	
6690	515.44	28.604	28.639	28.63	
6691	515.54	28.604	28.64	28.63	
6692	515.64	28.604	28.64	28.63	
6693	515.74	28.604	28.64	28.63	
6694	515.84	28.604	28.64	28.63	
6695	515.94	28.605	28.64	28.63	
6696	516.	28.605	28.64	28.63	
6697	516.01	28.605	28.64	28.63	
6698	516.02	28.605	28.64	28.63	
6699	516.05	28.605	28.64	28.63	
6700	516.14	28.605	28.64	28.63	
6701	516.24	28.605	28.64	28.63	
6702	516.34	28.605	28.64	28.631	
6703	516.44	28.605	28.64	28.631	
6704	516.54	28.605	28.641	28.631	
6705	516.64	28.605	28.641	28.631	
6706	516.74	28.605	28.641	28.631	
6707	516.84	28.605	28.641	28.631	
6708	516.94	28.606	28.641	28.631	
6709	517.	28.606	28.641	28.631	
6710	517.01	28.606	28.641	28.631	
6711	517.02	28.606	28.641	28.631	
6712	517.05	28.606	28.641	28.631	
6713	517.14	28.606	28.641	28.631	
6714	517.24	28.606	28.641	28.631	
6715	517.34	28.606	28.641	28.632	
6716	517.44	28.606	28.641	28.632	
6717	517.54	28.606	28.642	28.632	
6718	517.64	28.606	28.642	28.632	
6719	517.74	28.606	28.642	28.632	
6720	517.84	28.606	28.642	28.632	
6721	517.94	28.607	28.642	28.632	
6722	518.	28.607	28.642	28.632	
6723	518.01	28.607	28.642	28.632	
6724	518.02	28.607	28.642	28.632	
6725	518.05	28.607	28.642	28.632	
6726	518.14	28.607	28.642	28.632	
6727	518.24	28.607	28.642	28.632	
6728	518.34	28.607	28.642	28.633	
6729	518.44	28.607	28.642	28.633	
6730	518.54	28.607	28.643	28.633	
6731	518.64	28.607	28.643	28.633	
6732	518.74	28.607	28.643	28.633	
6733	518.84	28.607	28.643	28.633	
6734	518.94	28.608	28.643	28.633	
6735	519.	28.608	28.643	28.633	
6736	519.01	28.608	28.643	28.633	
6737	519.02	28.608	28.643	28.633	
6738	519.05	28.608	28.643	28.633	
6739	519.14	28.608	28.643	28.633	
6740	519.24	28.608	28.643	28.633	
6741	519.34	28.608	28.643	28.634	
6742	519.44	28.608	28.643	28.634	
6743	519.54	28.608	28.644	28.634	
6744	519.64	28.608	28.644	28.634	
6745	519.74	28.608	28.644	28.634	
6746	519.84	28.608	28.644	28.634	
6747	519.94	28.609	28.644	28.634	
6748	520.	28.609	28.644	28.634	
6749	520.01	28.609	28.644	28.634	
6750	520.02	28.609	28.644	28.634	
6751	520.05	28.609	28.644	28.634	
6752	520.14	28.609	28.644	28.634	
6753	520.24	28.609	28.644	28.634	
6754	520.34	28.609	28.644	28.635	
6755	520.44	28.609	28.644	28.635	
6756	520.54	28.609	28.645	28.635	
6757	520.64	28.609	28.645	28.635	
6758	520.74	28.609	28.645	28.635	
6759	520.84	28.609	28.645	28.635	
6760	520.94	28.61	28.645	28.635	
6761	521.	28.61	28.645	28.635	
6762	521.01	28.61	28.645	28.635	
6763	521.02	28.61	28.645	28.635	
6764	521.05	28.61	28.645	28.635	
6765	521.14	28.61	28.645	28.635	
6766	521.24	28.61	28.645	28.635	
6767	521.34	28.61	28.645	28.636	
6768	521.44	28.61	28.645	28.636	
6769	521.54	28.61	28.646	28.636	
6770	521.64	28.61	28.646	28.636	
6771	521.74	28.61	28.646	28.636	
6772	521.84	28.61	28.646	28.636	
6773	521.94	28.611	28.646	28.636	
6774	522.	28.611	28.646	28.636	
6775	522.01	28.611	28.646	28.636	
6776	522.02	28.611	28.646	28.636	
6777	522.05	28.611	28.646	28.636	
6778	522.14	28.611	28.646	28.636	
6779	522.24	28.611	28.646	28.636	
6780	522.34	28.611	28.646	28.637	
6781	522.44	28.611	28.646	28.637	
6782	522.54	28.611	28.647	28.637	
6783	522.64	28.611	28.647	28.637	
6784	522.74	28.611	28.647	28.637	
6785	522.84	28.611	28.647	28.637	
6786	522.94	28.612	28.647	28.637	
6787	523.	28.612	28.647	28.637	
6788	523.01	28.612	28.647	28.637	
6789	523.02	28.612	28.647	28.637	
6790	523.05	28.612	28.647	28.637	
6791	523.14	28.612	28.647	28.637	
6792	523.24	28.612	28.647	28.637	
6793	523.34	28.612	28.647	28.638	
6794	523.44	28.612	28.647	28.638	
6795	523.54	28.612	28.648	28.638	
6796	523.64	28.612	28.648	28.638	
6797	523.74	28.612	28.648	28.638	
6798	523.84	28.612	28.648	28.638	
6799	523.94	28.613	28.648	28.638	
6800	524.	28.613	28.648	28.638	
6801	524.01	28.613	28.648	28.638	
6802	524.02	28.613	28.648	28.638	
6803	524.05	28.613	28.648	28.638	
6804	524.14	28.613	28.648	28.638	
6805	524.24	28.613	28.648	28.638	
6806	524.34	28.613	28.648	28.639	
6807	524.44	28.613	28.648	28.639	
6808	524.54	28.613	28.649	28.639	
6809	524.64	28.613	28.649	28.639	
6810	524.74	28.613	28.649	28.639	
6811	524.84	28.613	28.649	28.639	
6812	524.94	28.614	28.649	28.639	
6813	525.	28.614	28.649	28.639	
6814	525.01	28.614	28.649	28.639	
6815	525.02	28.614	28.649	28.639	
6816	525.05	28.614	28.649	28.639	
6817	525.14	28.614	28.649	28.639	
6818	525.24	28.614	28.649	28.639	
6819	525.34	28.614	28.649	28.64	
6820	525.44	28.614	28.649	28.64	
6821	525.54	28.614	28.65	28.64	
6822	525.64	28.614	28.65	28.64	
6823	525.74	28.614	28.65	28.64	
6824	525.84	28.614	28.65	28.64	
6825	525.94	28.615	28.65	28.64	
6826	526.	28.615	28.65	28.64	
6827	526.01	28.615	28.65	28.64	
6828	526.02	28.615	28.65	28.64	
6829	526.05	28.615	28.65	28.64	
6830	526.14	28.615	28.65	28.64	
6831	526.24	28.615	28.65	28.64	
6832	526.34	28.615	28.65	28.641	
6833	526.44	28.615	28.65	28.641	
6834	526.54	28.615	28.651	28.641	
6835	526.64	28.615	28.651	28.641	
6836	526.74	28.615	28.651	28.641	
6837	526.84	28.615	28.651	28.641	
6838	526.94	28.616	28.651	28.641	
6839	527.	28.616	28.651	28.641	
6840	527.01	28.616	28.651	28.641	
6841	527.02	28.616	28.651	28.641	
6842	527.05	28.616	28.651	28.641	
6843	527.14	28.616	28.651	28.641	
6844	527.24	28.616	28.651	28.641	
6845	527.34	28.616	28.651	28.642	
6846	527.44	28.616	28.651	28.642	
6847	527.54	28.616	28.652	28.642	
6848	527.64	28.616	28.652	28.642	
6849	527.74	28.616	28.652	28.642	
6850	527.84	28.616	28.652	28.642	
6851	527.94	28.617	28.652	28.642	
6852	528.	28.617	28.652	28.642	
6853	528.01	28.617	28.652	28.642	
6854	528.02	28.617	28.652	28.642	
6855	528.05	28.617	28.652	28.642	
6856	528.14	28.617	28.652	28.642	
6857	528.24	28.617	28.652	28.642	
6858	528.34	28.617	28.652	28.643	
6859	528.44	28.617	28.652	28.643	
6860	528.54	28.617	28.653	28.643	
6861	528.64	28.617	28.653	28.643	
6862	528.74	28.617	28.653	28.643	
6863	528.84	28.617	28.653	28.643	
6864	528.94	28.618	28.653	28.643	
6865	529.	28.618	28.653	28.643	
6866	529.01	28.618	28.653	28.643	
6867	529.02	28.618	28.653	28.643	
6868	529.05	28.618	28.653	28.643	
6869	529.14	28.618	28.653	28.643	
6870	529.24	28.618	28.653	28.643	
6871	529.34	28.618	28.653	28.644	
6872	529.44	28.618	28.653	28.644	
6873	529.54	28.618	28.654	28.644	
6874	529.64	28.618	28.654	28.644	
6875	529.74	28.618	28.654	28.644	
6876	529.84	28.618	28.654	28.644	
6877	529.94	28.619	28.654	28.644	
6878	530.	28.619	28.654	28.644	
6879	530.01	28.619	28.654	28.644	
6880	530.02	28.619	28.654	28.644	
6881	530.05	28.619	28.654	28.644	
6882	530.14	28.619	28.654	28.644	
6883	530.24	28.619	28.654	28.644	
6884	530.34	28.619	28.654	28.645	
6885	530.44	28.619	28.654	28.645	
6886	530.54	28.619	28.655	28.645	
6887	530.64	28.619	28.655	28.645	
6888	530.74	28.619	28.655	28.645	
6889	530.84	28.619	28.655	28.645	
6890	530.94	28.62	28.655	28.645	
6891	531.	28.62	28.655	28.645	
6892	531.01	28.62	28.655	28.645	
6893	531.02	28.62	28.655	28.645	
6894	531.05	28.62	28.655	28.645	
6895	531.14	28.62	28.655	28.645	
6896	531.24	28.62	28.655	28.645	
6897	531.34	28.62	28.655	28.646	
6898	531.44	28.62	28.655	28.646	
6899	531.54	28.62	28.656	28.646	
6900	531.64	28.62	28.656	28.646	
6901	531.74	28.62	28.656	28.646	
6902	531.84	28.62	28.656	28.646	
6903	531.94	28.621	28.656	28.646	
6904	532.	28.621	28.656	28.646	
6905	532.01	28.621	28.656	28.646	
6906	532.02	28.621	28.656	28.646	
6907	532.05	28.621	28.656	28.646	
6908	532.14	28.621	28.656	28.646	
6909	532.24	28.621	28.656	28.646	
6910	532.34	28.621	28.656	28.647	
6911	532.44	28.621	28.656	28.647	
6912	532.54	28.621	28.657	28.647	
6913	532.64	28.621	28.657	28.647	
6914	532.74	28.621	28.657	28.647	
6915	532.84	28.621	28.657	28.647	
6916	532.94	28.622	28.657	28.647	
6917	533.	28.622	28.657	28.647	
6918	533.01	28.622	28.657	28.647	
6919	533.02	28.622	28.657	28.647	
6920	533.05	28.622	28.657	28.647	
6921	533.14	28.622	28.657	28.647	
6922	533.24	28.622	28.657	28.647	
6923	533.34	28.622	28.657	28.648	
6924	533.44	28.622	28.657	28.648	
6925	533.54	28.622	28.658	28.648	
6926	533.64	28.622	28.658	28.648	
6927	533.74	28.622	28.658	28.648	
6928	533.84	28.622	28.658	28.648	
6929	533.94	28.623	28.658	28.648	
6930	534.	28.623	28.658	28.648	
6931	534.01	28.623	28.658	28.648	
6932	534.02	28.623	28.658	28.648	
6933	534.05	28.623	28.658	28.648	
6934	534.14	28.623	28.658	28.648	
6935	534.24	28.623	28.658	28.648	
6936	534.34	28.623	28.658	28.649	
6937	534.44	28.623	28.658	28.649	
6938	534.54	28.623	28.659	28.649	
6939	534.64	28.623	28.659	28.649	
6940	534.74	28.623	28.659	28.649	
6941	534.84	28.623	28.659	28.649	
6942	534.94	28.624	28.659	28.649	
6943	535.	28.624	28.659	28.649	
6944	535.01	28.624	28.659	28.649	
6945	535.02	28.624	28.659	28.649	
6946	535.05	28.624	28.659	28.649	
6947	535.14	28.624	28.659	28.649	
6948	535.24	28.624	28.659	28.649	
6949	535.34	28.624	28.659	28.65	
6950	535.44	28.624	28.659	28.65	
6951	535.54	28.624	28.66	28.65	
6952	535.64	28.624	28.66	28.65	
6953	535.74	28.624	28.66	28.65	
6954	535.84	28.624	28.66	28.65	
6955	535.94	28.625	28.66	28.65	
6956	536.	28.625	28.66	28.65	
6957	536.01	28.625	28.66	28.65	
6958	536.02	28.625	28.66	28.65	
6959	536.05	28.625	28.66	28.65	
6960	536.14	28.625	28.66	28.65	
6961	536.24	28.625	28.66	28.65	
6962	536.34	28.625	28.66	28.651	
6963	536.44	28.625	28.66	28.651	
6964	536.54	28.625	28.661	28.651	
6965	536.64	28.625	28.661	28.651	
6966	536.74	28.625	28.661	28.651	
6967	536.84	28.625	28.661	28.651	
6968	536.94	28.626	28.661	28.651	
6969	537.	28.626	28.661	28.651	
6970	537.01	28.626	28.661	28.651	
6971	537.02	28.626	28.661	28.651	
6972	537.05	28.626	28.661	28.651	
6973	537.14	28.626	28.661	28.651	
6974	537.24	28.626	28.661	28.651	
6975	537.34	28.626	28.661	28.652	
6976	537.44	28.626	28.661	28.652	
6977	537.54	28.626	28.662	28.652	
6978	537.64	28.626	28.662	28.652	
6979	537.74	28.626	28.662	28.652	
6980	537.84	28.626	28.662	28.652	
6981	537.94	28.627	28.662	28.652	
6982	538.	28.627	28.662	28.652	
6983	538.01	28.627	28.662	28.652	
6984	538.02	28.627	28.662	28.652	
6985	538.05	28.627	28.662	28.652	
6986	538.14	28.627	28.662	28.652	
6987	538.24	28.627	28.662	28.652	
6988	538.34	28.627	28.662	28.653	
6989	538.44	28.627	28.662	28.653	
6990	538.54	28.627	28.663	28.653	
6991	538.64	28.627	28.663	28.653	
6992	538.74	28.627	28.663	28.653	
6993	538.84	28.627	28.663	28.653	
6994	538.94	28.628	28.663	28.653	
6995	539.	28.628	28.663	28.653	
6996	539.01	28.628	28.663	28.653	
6997	539.02	28.628	28.663	28.653	
6998	539.05	28.628	28.663	28.653	
6999	539.14	28.628	28.663	28.653	
7000	539.24	28.628	28.663	28.653	
7001	539.34	28.628	28.663	28.654	
7002	539.44	28.628	28.663	28.654	
7003	539.54	28.628	28.664	28.654	
7004	539.64	28.628	28.664	28.654	
7005	539.74	28.628	28.664	28.654	
7006	539.84	28.628	28.664	28.654	
7007	539.94	28.629	28.664	28.654	
7008	540.	28.629	28.664	28.654	
7009	540.01	28.629	28.664	28.654	
7010	540.02	28.629	28.664	28.654	
7011	540.05	28.629	28.664	28.654	
7012	540.14	28.629	28.664	28.654	
7013	540.24	28.629	28.664	28.654	
7014	540.34	28.629	28.664	28.655	
7015	540.44	28.629	28.664	28.655	
7016	540.54	28.629	28.665	28.655	
7017	540.64	28.629	28.665	28.655	
7018	540.74	28.629	28.665	28.655	
7019	540.84	28.629	28.665	28.655	
7020	540.94	28.63	28.665	28.655	
7021	541.	28.63	28.665	28.655	
7022	541.01	28.63	28.665	28.655	
7023	541.02	28.63	28.665	28.655	
7024	541.05	28.63	28.665	28.655	
7025	541.14	28.63	28.665	28.655	
7026	541.24	28.63	28.665	28.655	
7027	541.34	28.63	28.665	28.656	
7028	541.44	28.63	28.665	28.656	
7029	541.54	28.63	28.666	28.656	
7030	541.64	28.63	28.666	28.656	
7031	541.74	28.63	28.666	28.656	
7032	541.84	28.63	28.666	28.656	
7033	541.94	28.631	28.666	28.656	
7034	542.	28.631	28.666	28.656	
7035	542.01	28.631	28.666	28.656	
7036	542.02	28.631	28.666	28.656	
7037	542.05	28.631	28.666	28.656	
7038	542.14	28.631	28.666	28.656	
7039	542.24	28.631	28.666	28.656	
7040	542.34	28.631	28.666	28.657	
7041	542.44	28.631	28.666	28.657	
7042	542.54	28.631	28.667	28.657	
7043	542.64	28.631	28.667	28.657	
7044	542.74	28.631	28.667	28.657	
7045	542.84	28.631	28.667	28.657	
7046	542.94	28.632	28.667	28.657	
7047	543.	28.632	28.667	28.657	
7048	543.01	28.632	28.667	28.657	
7049	543.02	28.632	28.667	28.657	
7050	543.05	28.632	28.667	28.657	
7051	543.14	28.632	28.667	28.657	
7052	543.24	28.632	28.667	28.657	
7053	543.34	28.632	28.667	28.658	
7054	543.44	28.632	28.667	28.658	
7055	543.54	28.632	28.668	28.658	
7056	543.64	28.632	28.668	28.658	
7057	543.74	28.632	28.668	28.658	
7058	543.84	28.632	28.668	28.658	
7059	543.94	28.633	28.668	28.658	
7060	544.	28.633	28.668	28.658	
7061	544.01	28.633	28.668	28.658	
7062	544.02	28.633	28.668	28.658	
7063	544.05	28.633	28.668	28.658	
7064	544.14	28.633	28.668	28.658	
7065	544.24	28.633	28.668	28.658	
7066	544.34	28.633	28.668	28.659	
7067	544.44	28.633	28.668	28.659	
7068	544.54	28.633	28.669	28.659	
7069	544.64	28.633	28.669	28.659	
7070	544.74	28.633	28.669	28.659	
7071	544.84	28.633	28.669	28.659	
7072	544.94	28.634	28.669	28.659	
7073	545.	28.634	28.669	28.659	
7074	545.01	28.634	28.669	28.659	
7075	545.02	28.634	28.669	28.659	
7076	545.05	28.634	28.669	28.659	
7077	545.14	28.634	28.669	28.659	
7078	545.24	28.634	28.669	28.659	
7079	545.34	28.634	28.669	28.66	
7080	545.44	28.634	28.669	28.66	
7081	545.54	28.634	28.67	28.66	
7082	545.64	28.634	28.67	28.66	
7083	545.74	28.634	28.67	28.66	
7084	545.84	28.634	28.67	28.66	
7085	545.94	28.635	28.67	28.66	
7086	546.	28.635	28.67	28.66	
7087	546.01	28.635	28.67	28.66	
7088	546.02	28.635	28.67	28.66	
7089	546.05	28.635	28.67	28.66	
7090	546.14	28.635	28.67	28.66	
7091	546.24	28.635	28.67	28.66	
7092	546.34	28.635	28.67	28.661	
7093	546.44	28.635	28.67	28.661	
7094	546.54	28.635	28.671	28.661	
7095	546.64	28.635	28.671	28.661	
7096	546.74	28.635	28.671	28.661	
7097	546.84	28.635	28.671	28.661	
7098	546.94	28.636	28.671	28.661	
7099	547.	28.636	28.671	28.661	
7100	547.01	28.636	28.671	28.661	
7101	547.02	28.636	28.671	28.661	
7102	547.05	28.636	28.671	28.661	
7103	547.14	28.636	28.671	28.661	
7104	547.24	28.636	28.671	28.661	
7105	547.34	28.636	28.671	28.662	
7106	547.44	28.636	28.671	28.662	
7107	547.54	28.636	28.672	28.662	
7108	547.64	28.636	28.672	28.662	
7109	547.74	28.636	28.672	28.662	
7110	547.84	28.636	28.672	28.662	
7111	547.94	28.637	28.672	28.662	
7112	548.	28.637	28.672	28.662	
7113	548.01	28.637	28.672	28.662	
7114	548.02	28.637	28.672	28.662	
7115	548.05	28.637	28.672	28.662	
7116	548.14	28.637	28.672	28.662	
7117	548.24	28.637	28.672	28.662	
7118	548.34	28.637	28.672	28.663	
7119	548.44	28.637	28.672	28.663	
7120	548.54	28.637	28.673	28.663	
7121	548.64	28.637	28.673	28.663	
7122	548.74	28.637	28.673	28.663	
7123	548.84	28.637	28.673	28.663	
7124	548.94	28.638	28.673	28.663	
7125	549.	28.638	28.673	28.663	
7126	549.01	28.638	28.673	28.663	
7127	549.02	28.638	28.673	28.663	
7128	549.05	28.638	28.673	28.663	
7129	549.14	28.638	28.673	28.663	
7130	549.24	28.638	28.673	28.663	
7131	549.34	28.638	28.673	28.664	
7132	549.44	28.638	28.673	28.664	
7133	549.54	28.638	28.674	28.664	
7134	549.64	28.638	28.674	28.664	
7135	549.74	28.638	28.674	28.664	
7136	549.84	28.638	28.674	28.664	
7137	549.94	28.639	28.674	28.664	
7138	550.	28.639	28.674	28.664	
7139	550.01	28.639	28.674	28.664	
7140	550.02	28.639	28.674	28.664	
7141	550.05	28.639	28.674	28.664	
7142	550.14	28.639	28.674	28.664	
7143	550.24	28.639	28.674	28.664	
7144	550.34	28.639	28.674	28.665	
7145	550.44	28.639	28.674	28.665	
7146	550.54	28.639	28.675	28.665	
7147	550.64	28.639	28.675	28.665	
7148	550.74	28.639	28.675	28.665	
7149	550.84	28.639	28.675	28.665	
7150	550.94	28.64	28.675	28.665	
7151	551.	28.64	28.675	28.665	
7152	551.01	28.64	28.675	28.665	
7153	551.02	28.64	28.675	28.665	
7154	551.05	28.64	28.675	28.665	
7155	551.14	28.64	28.675	28.665	
7156	551.24	28.64	28.675	28.665	
7157	551.34	28.64	28.675	28.666	
7158	551.44	28.64	28.675	28.666	
7159	551.54	28.64	28.676	28.666	
7160	551.64	28.64	28.676	28.666	
7161	551.74	28.64	28.676	28.666	
7162	551.84	28.64	28.676	28.666	
7163	551.94	28.64	28.676	28.666	
7164	552.	28.641	28.676	28.666	
7165	552.01	28.641	28.676	28.666	
7166	552.02	28.641	28.676	28.666	
7167	552.05	28.641	28.676	28.666	
7168	552.14	28.641	28.676	28.666	
7169	552.24	28.641	28.676	28.666	
7170	552.34	28.641	28.676	28.667	
7171	552.44	28.641	28.676	28.667	
7172	552.54	28.641	28.677	28.667	
7173	552.64	28.641	28.677	28.667	
7174	552.74	28.641	28.677	28.667	
7175	552.84	28.641	28.677	28.667	
7176	552.94	28.641	28.677	28.667	
7177	553.	28.642	28.677	28.667	
7178	553.01	28.642	28.677	28.667	
7179	553.02	28.642	28.677	28.667	
7180	553.05	28.642	28.677	28.667	
7181	553.14	28.642	28.677	28.667	
7182	553.24	28.642	28.677	28.667	
7183	553.34	28.642	28.677	28.668	
7184	553.44	28.642	28.677	28.668	
7185	553.54	28.642	28.678	28.668	
7186	553.64	28.642	28.678	28.668	
7187	553.74	28.642	28.678	28.668	
7188	553.84	28.642	28.678	28.668	
7189	553.94	28.642	28.678	28.668	
7190	554.	28.643	28.678	28.668	
7191	554.01	28.643	28.678	28.668	
7192	554.02	28.643	28.678	28.668	
7193	554.05	28.643	28.678	28.668	
7194	554.14	28.643	28.678	28.668	
7195	554.24	28.643	28.678	28.668	
7196	554.34	28.643	28.678	28.669	
7197	554.44	28.643	28.678	28.669	
7198	554.54	28.643	28.679	28.669	
7199	554.64	28.643	28.679	28.669	
7200	554.74	28.643	28.679	28.669	
7201	554.84	28.643	28.679	28.669	
7202	554.94	28.643	28.679	28.669	
7203	555.	28.644	28.679	28.669	
7204	555.01	28.644	28.679	28.669	
7205	555.02	28.644	28.679	28.669	
7206	555.05	28.644	28.679	28.669	
7207	555.14	28.644	28.679	28.669	
7208	555.24	28.644	28.679	28.669	
7209	555.34	28.644	28.679	28.67	
7210	555.44	28.644	28.679	28.67	
7211	555.54	28.644	28.68	28.67	
7212	555.64	28.644	28.68	28.67	
7213	555.74	28.644	28.68	28.67	
7214	555.84	28.644	28.68	28.67	
7215	555.94	28.644	28.68	28.67	
7216	556.	28.645	28.68	28.67	
7217	556.01	28.645	28.68	28.67	
7218	556.02	28.645	28.68	28.67	
7219	556.05	28.645	28.68	28.67	
7220	556.14	28.645	28.68	28.67	
7221	556.24	28.645	28.68	28.67	
7222	556.34	28.645	28.68	28.67	
7223	556.44	28.645	28.68	28.671	
7224	556.54	28.645	28.681	28.671	
7225	556.64	28.645	28.681	28.671	
7226	556.74	28.645	28.681	28.671	
7227	556.84	28.645	28.681	28.671	
7228	556.94	28.645	28.681	28.671	
7229	557.	28.646	28.681	28.671	
7230	557.01	28.646	28.681	28.671	
7231	557.02	28.646	28.681	28.671	
7232	557.05	28.646	28.681	28.671	
7233	557.14	28.646	28.681	28.671	
7234	557.24	28.646	28.681	28.671	
7235	557.34	28.646	28.681	28.671	
7236	557.44	28.646	28.681	28.672	
7237	557.54	28.646	28.682	28.672	
7238	557.64	28.646	28.682	28.672	
7239	557.74	28.646	28.682	28.672	
7240	557.84	28.646	28.682	28.672	
7241	557.94	28.646	28.682	28.672	
7242	558.	28.647	28.682	28.672	
7243	558.01	28.647	28.682	28.672	
7244	558.02	28.647	28.682	28.672	
7245	558.05	28.647	28.682	28.672	
7246	558.14	28.647	28.682	28.672	
7247	558.24	28.647	28.682	28.672	
7248	558.34	28.647	28.682	28.672	
7249	558.44	28.647	28.682	28.673	
7250	558.54	28.647	28.683	28.673	
7251	558.64	28.647	28.683	28.673	
7252	558.74	28.647	28.683	28.673	
7253	558.84	28.647	28.683	28.673	
7254	558.94	28.647	28.683	28.673	
7255	559.	28.648	28.683	28.673	
7256	559.01	28.648	28.683	28.673	
7257	559.02	28.648	28.683	28.673	
7258	559.05	28.648	28.683	28.673	
7259	559.14	28.648	28.683	28.673	
7260	559.24	28.648	28.683	28.673	
7261	559.34	28.648	28.683	28.673	
7262	559.44	28.648	28.683	28.674	
7263	559.54	28.648	28.684	28.674	
7264	559.64	28.648	28.684	28.674	
7265	559.74	28.648	28.684	28.674	
7266	559.84	28.648	28.684	28.674	
7267	559.94	28.648	28.684	28.674	
7268	560.	28.649	28.684	28.674	
7269	560.01	28.649	28.684	28.674	
7270	560.02	28.649	28.684	28.674	
7271	560.05	28.649	28.684	28.674	
7272	560.14	28.649	28.684	28.674	
7273	560.24	28.649	28.684	28.674	
7274	560.34	28.649	28.684	28.674	
7275	560.44	28.649	28.684	28.675	
7276	560.54	28.649	28.685	28.675	
7277	560.64	28.649	28.685	28.675	
7278	560.74	28.649	28.685	28.675	
7279	560.84	28.649	28.685	28.675	
7280	560.94	28.649	28.685	28.675	
7281	561.	28.65	28.685	28.675	
7282	561.01	28.65	28.685	28.675	
7283	561.02	28.65	28.685	28.675	
7284	561.05	28.65	28.685	28.675	
7285	561.14	28.65	28.685	28.675	
7286	561.24	28.65	28.685	28.675	
7287	561.34	28.65	28.685	28.675	
7288	561.44	28.65	28.685	28.676	
7289	561.54	28.65	28.686	28.676	
7290	561.64	28.65	28.686	28.676	
7291	561.74	28.65	28.686	28.676	
7292	561.84	28.65	28.686	28.676	
7293	561.94	28.65	28.686	28.676	
7294	562.	28.65	28.686	28.676	
7295	562.01	28.651	28.686	28.676	
7296	562.02	28.651	28.686	28.676	
7297	562.05	28.651	28.686	28.676	
7298	562.14	28.651	28.686	28.676	
7299	562.24	28.651	28.686	28.676	
7300	562.34	28.651	28.686	28.676	
7301	562.44	28.651	28.686	28.677	
7302	562.54	28.651	28.687	28.677	
7303	562.64	28.651	28.687	28.677	
7304	562.74	28.651	28.687	28.677	
7305	562.84	28.651	28.687	28.677	
7306	562.94	28.651	28.687	28.677	
7307	563.	28.651	28.687	28.677	
7308	563.01	28.652	28.687	28.677	
7309	563.02	28.652	28.687	28.677	
7310	563.05	28.652	28.687	28.677	
7311	563.14	28.652	28.687	28.677	
7312	563.24	28.652	28.687	28.677	
7313	563.34	28.652	28.687	28.677	
7314	563.44	28.652	28.687	28.678	
7315	563.54	28.652	28.688	28.678	
7316	563.64	28.652	28.688	28.678	
7317	563.74	28.652	28.688	28.678	
7318	563.84	28.652	28.688	28.678	
7319	563.94	28.652	28.688	28.678	
7320	564.	28.652	28.688	28.678	
7321	564.01	28.652	28.688	28.678	
7322	564.02	28.653	28.688	28.678	
7323	564.05	28.653	28.688	28.678	
7324	564.14	28.653	28.688	28.678	
7325	564.24	28.653	28.688	28.678	
7326	564.34	28.653	28.688	28.678	
7327	564.44	28.653	28.688	28.679	
7328	564.54	28.653	28.689	28.679	
7329	564.64	28.653	28.689	28.679	
7330	564.74	28.653	28.689	28.679	
7331	564.84	28.653	28.689	28.679	
7332	564.94	28.653	28.689	28.679	
7333	565.	28.653	28.689	28.679	
7334	565.01	28.653	28.689	28.679	
7335	565.02	28.653	28.689	28.679	
7336	565.05	28.654	28.689	28.679	
7337	565.14	28.654	28.689	28.679	
7338	565.24	28.654	28.689	28.679	
7339	565.34	28.654	28.689	28.679	
7340	565.44	28.654	28.689	28.68	
7341	565.54	28.654	28.69	28.68	
7342	565.64	28.654	28.69	28.68	
7343	565.74	28.654	28.69	28.68	
7344	565.84	28.654	28.69	28.68	
7345	565.94	28.654	28.69	28.68	
7346	566.	28.654	28.69	28.68	
7347	566.01	28.654	28.69	28.68	
7348	566.02	28.654	28.69	28.68	
7349	566.05	28.655	28.69	28.68	
7350	566.14	28.655	28.69	28.68	
7351	566.24	28.655	28.69	28.68	
7352	566.34	28.655	28.69	28.68	
7353	566.44	28.655	28.69	28.681	
7354	566.54	28.655	28.691	28.681	
7355	566.64	28.655	28.691	28.681	
7356	566.74	28.655	28.691	28.681	
7357	566.84	28.655	28.691	28.681	
7358	566.94	28.655	28.691	28.681	
7359	567.	28.655	28.691	28.681	
7360	567.01	28.655	28.691	28.681	
7361	567.02	28.655	28.691	28.681	
7362	567.05	28.656	28.691	28.681	
7363	567.14	28.656	28.691	28.681	
7364	567.24	28.656	28.691	28.681	
7365	567.34	28.656	28.691	28.681	
7366	567.44	28.656	28.691	28.682	
7367	567.54	28.656	28.692	28.682	
7368	567.64	28.656	28.692	28.682	
7369	567.74	28.656	28.692	28.682	
7370	567.84	28.656	28.692	28.682	
7371	567.94	28.656	28.692	28.682	
7372	568.	28.656	28.692	28.682	
7373	568.01	28.656	28.692	28.682	
7374	568.02	28.656	28.692	28.682	
7375	568.05	28.657	28.692	28.682	
7376	568.14	28.657	28.692	28.682	
7377	568.24	28.657	28.692	28.682	
7378	568.34	28.657	28.692	28.682	
7379	568.44	28.657	28.692	28.683	
7380	568.54	28.657	28.692	28.683	
7381	568.64	28.657	28.693	28.683	
7382	568.74	28.657	28.693	28.683	
7383	568.84	28.657	28.693	28.683	
7384	568.94	28.657	28.693	28.683	
7385	569.	28.657	28.693	28.683	
7386	569.01	28.657	28.693	28.683	
7387	569.02	28.657	28.693	28.683	
7388	569.05	28.658	28.693	28.683	
7389	569.14	28.658	28.693	28.683	
7390	569.24	28.658	28.693	28.683	
7391	569.34	28.658	28.693	28.683	
7392	569.44	28.658	28.693	28.684	
7393	569.54	28.658	28.693	28.684	
7394	569.64	28.658	28.694	28.684	
7395	569.74	28.658	28.694	28.684	
7396	569.84	28.658	28.694	28.684	
7397	569.94	28.658	28.694	28.684	
7398	570.	28.658	28.694	28.684	
7399	570.01	28.658	28.694	28.684	
7400	570.02	28.658	28.694	28.684	
7401	570.05	28.658	28.694	28.684	
7402	570.14	28.659	28.694	28.684	
7403	570.24	28.659	28.694	28.684	
7404	570.34	28.659	28.694	28.684	
7405	570.44	28.659	28.694	28.685	
7406	570.54	28.659	28.694	28.685	
7407	570.64	28.659	28.695	28.685	
7408	570.74	28.659	28.695	28.685	
7409	570.84	28.659	28.695	28.685	
7410	570.94	28.659	28.695	28.685	
7411	571.	28.659	28.695	28.685	
7412	571.01	28.659	28.695	28.685	
7413	571.02	28.659	28.695	28.685	
7414	571.05	28.659	28.695	28.685	
7415	571.14	28.66	28.695	28.685	
7416	571.24	28.66	28.695	28.685	
7417	571.34	28.66	28.695	28.685	
7418	571.44	28.66	28.695	28.686	
7419	571.54	28.66	28.695	28.686	
7420	571.64	28.66	28.696	28.686	
7421	571.74	28.66	28.696	28.686	
7422	571.84	28.66	28.696	28.686	
7423	571.94	28.66	28.696	28.686	
7424	572.	28.66	28.696	28.686	
7425	572.01	28.66	28.696	28.686	
7426	572.02	28.66	28.696	28.686	
7427	572.05	28.66	28.696	28.686	
7428	572.14	28.661	28.696	28.686	
7429	572.24	28.661	28.696	28.686	
7430	572.34	28.661	28.696	28.686	
7431	572.44	28.661	28.696	28.687	
7432	572.54	28.661	28.696	28.687	
7433	572.64	28.661	28.697	28.687	
7434	572.74	28.661	28.697	28.687	
7435	572.84	28.661	28.697	28.687	
7436	572.94	28.661	28.697	28.687	
7437	573.	28.661	28.697	28.687	
7438	573.01	28.661	28.697	28.687	
7439	573.02	28.661	28.697	28.687	
7440	573.05	28.661	28.697	28.687	
7441	573.14	28.662	28.697	28.687	
7442	573.24	28.662	28.697	28.687	
7443	573.34	28.662	28.697	28.687	
7444	573.44	28.662	28.697	28.688	
7445	573.54	28.662	28.697	28.688	
7446	573.64	28.662	28.698	28.688	
7447	573.74	28.662	28.698	28.688	
7448	573.84	28.662	28.698	28.688	
7449	573.94	28.662	28.698	28.688	
7450	574.	28.662	28.698	28.688	
7451	574.01	28.662	28.698	28.688	
7452	574.02	28.662	28.698	28.688	
7453	574.05	28.662	28.698	28.688	
7454	574.14	28.663	28.698	28.688	
7455	574.24	28.663	28.698	28.688	
7456	574.34	28.663	28.698	28.688	
7457	574.44	28.663	28.698	28.689	
7458	574.54	28.663	28.698	28.689	
7459	574.64	28.663	28.699	28.689	
7460	574.74	28.663	28.699	28.689	
7461	574.84	28.663	28.699	28.689	
7462	574.94	28.663	28.699	28.689	
7463	575.	28.663	28.699	28.689	
7464	575.01	28.663	28.699	28.689	
7465	575.02	28.663	28.699	28.689	
7466	575.05	28.663	28.699	28.689	
7467	575.14	28.664	28.699	28.689	
7468	575.24	28.664	28.699	28.689	
7469	575.34	28.664	28.699	28.689	
7470	575.44	28.664	28.699	28.69	
7471	575.54	28.664	28.699	28.69	
7472	575.64	28.664	28.7	28.69	
7473	575.74	28.664	28.7	28.69	
7474	575.84	28.664	28.7	28.69	
7475	575.94	28.664	28.7	28.69	
7476	576.	28.664	28.7	28.69	
7477	576.01	28.664	28.7	28.69	
7478	576.02	28.664	28.7	28.69	
7479	576.05	28.664	28.7	28.69	
7480	576.14	28.665	28.7	28.69	
7481	576.24	28.665	28.7	28.69	
7482	576.34	28.665	28.7	28.69	
7483	576.44	28.665	28.7	28.691	
7484	576.54	28.665	28.7	28.691	
7485	576.64	28.665	28.701	28.691	
7486	576.74	28.665	28.701	28.691	
7487	576.84	28.665	28.701	28.691	
7488	576.94	28.665	28.701	28.691	
7489	577.	28.665	28.701	28.691	
7490	577.01	28.665	28.701	28.691	
7491	577.02	28.665	28.701	28.691	
7492	577.05	28.665	28.701	28.691	
7493	577.14	28.666	28.701	28.691	
7494	577.24	28.666	28.701	28.691	
7495	577.34	28.666	28.701	28.691	
7496	577.44	28.666	28.701	28.692	
7497	577.54	28.666	28.701	28.692	
7498	577.64	28.666	28.702	28.692	
7499	577.74	28.666	28.702	28.692	
7500	577.84	28.666	28.702	28.692	
7501	577.94	28.666	28.702	28.692	
7502	578.	28.666	28.702	28.692	
7503	578.01	28.666	28.702	28.692	
7504	578.02	28.666	28.702	28.692	
7505	578.05	28.666	28.702	28.692	
7506	578.14	28.667	28.702	28.692	
7507	578.24	28.667	28.702	28.692	
7508	578.34	28.667	28.702	28.692	
7509	578.44	28.667	28.702	28.692	
7510	578.54	28.667	28.702	28.693	
7511	578.64	28.667	28.703	28.693	
7512	578.74	28.667	28.703	28.693	
7513	578.84	28.667	28.703	28.693	
7514	578.94	28.667	28.703	28.693	
7515	579.	28.667	28.703	28.693	
7516	579.01	28.667	28.703	28.693	
7517	579.02	28.667	28.703	28.693	
7518	579.05	28.667	28.703	28.693	
7519	579.14	28.668	28.703	28.693	
7520	579.24	28.668	28.703	28.693	
7521	579.34	28.668	28.703	28.693	
7522	579.44	28.668	28.703	28.693	
7523	579.54	28.668	28.703	28.694	
7524	579.64	28.668	28.704	28.694	
7525	579.74	28.668	28.704	28.694	
7526	579.84	28.668	28.704	28.694	
7527	579.94	28.668	28.704	28.694	
7528	580.	28.668	28.704	28.694	
7529	580.01	28.668	28.704	28.694	
7530	580.02	28.668	28.704	28.694	
7531	580.05	28.668	28.704	28.694	
7532	580.14	28.669	28.704	28.694	
7533	580.24	28.669	28.704	28.694	
7534	580.34	28.669	28.704	28.694	
7535	580.44	28.669	28.704	28.694	
7536	580.54	28.669	28.704	28.695	
7537	580.64	28.669	28.705	28.695	
7538	580.74	28.669	28.705	28.695	
7539	580.84	28.669	28.705	28.695	
7540	580.94	28.669	28.705	28.695	
7541	581.	28.669	28.705	28.695	
7542	581.01	28.669	28.705	28.695	
7543	581.02	28.669	28.705	28.695	
7544	581.05	28.669	28.705	28.695	
7545	581.14	28.669	28.705	28.695	
7546	581.24	28.67	28.705	28.695	
7547	581.34	28.67	28.705	28.695	
7548	581.44	28.67	28.705	28.695	
7549	581.54	28.67	28.705	28.696	
7550	581.64	28.67	28.706	28.696	
7551	581.74	28.67	28.706	28.696	
7552	581.84	28.67	28.706	28.696	
7553	581.94	28.67	28.706	28.696	
7554	582.	28.67	28.706	28.696	
7555	582.01	28.67	28.706	28.696	
7556	582.02	28.67	28.706	28.696	
7557	582.05	28.67	28.706	28.696	
7558	582.14	28.67	28.706	28.696	
7559	582.24	28.671	28.706	28.696	
7560	582.34	28.671	28.706	28.696	
7561	582.44	28.671	28.706	28.696	
7562	582.54	28.671	28.706	28.697	
7563	582.64	28.671	28.707	28.697	
7564	582.74	28.671	28.707	28.697	
7565	582.84	28.671	28.707	28.697	
7566	582.94	28.671	28.707	28.697	
7567	583.	28.671	28.707	28.697	
7568	583.01	28.671	28.707	28.697	
7569	583.02	28.671	28.707	28.697	
7570	583.05	28.671	28.707	28.697	
7571	583.14	28.671	28.707	28.697	
7572	583.24	28.672	28.707	28.697	
7573	583.34	28.672	28.707	28.697	
7574	583.44	28.672	28.707	28.697	
7575	583.54	28.672	28.707	28.698	
7576	583.64	28.672	28.708	28.698	
7577	583.74	28.672	28.708	28.698	
7578	583.84	28.672	28.708	28.698	
7579	583.94	28.672	28.708	28.698	
7580	584.	28.672	28.708	28.698	
7581	584.01	28.672	28.708	28.698	
7582	584.02	28.672	28.708	28.698	
7583	584.05	28.672	28.708	28.698	
7584	584.14	28.672	28.708	28.698	
7585	584.24	28.673	28.708	28.698	
7586	584.34	28.673	28.708	28.698	
7587	584.44	28.673	28.708	28.698	
7588	584.54	28.673	28.708	28.699	
7589	584.64	28.673	28.709	28.699	
7590	584.74	28.673	28.709	28.699	
7591	584.84	28.673	28.709	28.699	
7592	584.94	28.673	28.709	28.699	
7593	585.	28.673	28.709	28.699	
7594	585.01	28.673	28.709	28.699	
7595	585.02	28.673	28.709	28.699	
7596	585.05	28.673	28.709	28.699	
7597	585.14	28.673	28.709	28.699	
7598	585.24	28.674	28.709	28.699	
7599	585.34	28.674	28.709	28.699	
7600	585.44	28.674	28.709	28.699	
7601	585.54	28.674	28.709	28.7	
7602	585.64	28.674	28.71	28.7	
7603	585.74	28.674	28.71	28.7	
7604	585.84	28.674	28.71	28.7	
7605	585.94	28.674	28.71	28.7	
7606	586.	28.674	28.71	28.7	
7607	586.01	28.674	28.71	28.7	
7608	586.02	28.674	28.71	28.7	
7609	586.05	28.674	28.71	28.7	
7610	586.14	28.674	28.71	28.7	
7611	586.24	28.675	28.71	28.7	
7612	586.34	28.675	28.71	28.7	
7613	586.44	28.675	28.71	28.7	
7614	586.54	28.675	28.71	28.701	
7615	586.64	28.675	28.711	28.701	
7616	586.74	28.675	28.711	28.701	
7617	586.84	28.675	28.711	28.701	
7618	586.94	28.675	28.711	28.701	
7619	587.	28.675	28.711	28.701	
7620	587.01	28.675	28.711	28.701	
7621	587.02	28.675	28.711	28.701	
7622	587.05	28.675	28.711	28.701	
7623	587.14	28.675	28.711	28.701	
7624	587.24	28.676	28.711	28.701	
7625	587.34	28.676	28.711	28.701	
7626	587.44	28.676	28.711	28.701	
7627	587.54	28.676	28.711	28.702	
7628	587.64	28.676	28.712	28.702	
7629	587.74	28.676	28.712	28.702	
7630	587.84	28.676	28.712	28.702	
7631	587.94	28.676	28.712	28.702	
7632	588.	28.676	28.712	28.702	
7633	588.01	28.676	28.712	28.702	
7634	588.02	28.676	28.712	28.702	
7635	588.05	28.676	28.712	28.702	
7636	588.14	28.676	28.712	28.702	
7637	588.24	28.677	28.712	28.702	
7638	588.34	28.677	28.712	28.702	
7639	588.44	28.677	28.712	28.702	
7640	588.54	28.677	28.712	28.703	
7641	588.64	28.677	28.712	28.703	
7642	588.74	28.677	28.713	28.703	
7643	588.84	28.677	28.713	28.703	
7644	588.94	28.677	28.713	28.703	
7645	589.	28.677	28.713	28.703	
7646	589.01	28.677	28.713	28.703	
7647	589.02	28.677	28.713	28.703	
7648	589.05	28.677	28.713	28.703	
7649	589.14	28.677	28.713	28.703	
7650	589.24	28.678	28.713	28.703	
7651	589.34	28.678	28.713	28.703	
7652	589.44	28.678	28.713	28.703	
7653	589.54	28.678	28.713	28.704	
7654	589.64	28.678	28.713	28.704	
7655	589.74	28.678	28.714	28.704	
7656	589.84	28.678	28.714	28.704	
7657	589.94	28.678	28.714	28.704	
7658	590.	28.678	28.714	28.704	
7659	590.01	28.678	28.714	28.704	
7660	590.02	28.678	28.714	28.704	
7661	590.05	28.678	28.714	28.704	
7662	590.14	28.678	28.714	28.704	
7663	590.24	28.679	28.714	28.704	
7664	590.34	28.679	28.714	28.704	
7665	590.44	28.679	28.714	28.704	
7666	590.54	28.679	28.714	28.705	
7667	590.64	28.679	28.714	28.705	
7668	590.74	28.679	28.715	28.705	
7669	590.84	28.679	28.715	28.705	
7670	590.94	28.679	28.715	28.705	
7671	591.	28.679	28.715	28.705	
7672	591.01	28.679	28.715	28.705	
7673	591.02	28.679	28.715	28.705	
7674	591.05	28.679	28.715	28.705	
7675	591.14	28.679	28.715	28.705	
7676	591.24	28.679	28.715	28.705	
7677	591.34	28.68	28.715	28.705	
7678	591.44	28.68	28.715	28.705	
7679	591.54	28.68	28.715	28.706	
7680	591.64	28.68	28.715	28.706	
7681	591.74	28.68	28.716	28.706	
7682	591.84	28.68	28.716	28.706	
7683	591.94	28.68	28.716	28.706	
7684	592.	28.68	28.716	28.706	
7685	592.01	28.68	28.716	28.706	
7686	592.02	28.68	28.716	28.706	
7687	592.05	28.68	28.716	28.706	
7688	592.14	28.68	28.716	28.706	
7689	592.24	28.68	28.716	28.706	
7690	592.34	28.681	28.716	28.706	
7691	592.44	28.681	28.716	28.706	
7692	592.54	28.681	28.716	28.706	
7693	592.64	28.681	28.716	28.707	
7694	592.74	28.681	28.717	28.707	
7695	592.84	28.681	28.717	28.707	
7696	592.94	28.681	28.717	28.707	
7697	593.	28.681	28.717	28.707	
7698	593.01	28.681	28.717	28.707	
7699	593.02	28.681	28.717	28.707	
7700	593.05	28.681	28.717	28.707	
7701	593.14	28.681	28.717	28.707	
7702	593.24	28.681	28.717	28.707	
7703	593.34	28.682	28.717	28.707	
7704	593.44	28.682	28.717	28.707	
7705	593.54	28.682	28.717	28.707	
7706	593.64	28.682	28.717	28.708	
7707	593.74	28.682	28.718	28.708	
7708	593.84	28.682	28.718	28.708	
7709	593.94	28.682	28.718	28.708	
7710	594.	28.682	28.718	28.708	
7711	594.01	28.682	28.718	28.708	
7712	594.02	28.682	28.718	28.708	
7713	594.05	28.682	28.718	28.708	
7714	594.14	28.682	28.718	28.708	
7715	594.24	28.682	28.718	28.708	
7716	594.34	28.683	28.718	28.708	
7717	594.44	28.683	28.718	28.708	
7718	594.54	28.683	28.718	28.708	
7719	594.64	28.683	28.718	28.709	
7720	594.74	28.683	28.719	28.709	
7721	594.84	28.683	28.719	28.709	
7722	594.94	28.683	28.719	28.709	
7723	595.	28.683	28.719	28.709	
7724	595.01	28.683	28.719	28.709	
7725	595.02	28.683	28.719	28.709	
7726	595.05	28.683	28.719	28.709	
7727	595.14	28.683	28.719	28.709	
7728	595.24	28.683	28.719	28.709	
7729	595.34	28.684	28.719	28.709	
7730	595.44	28.684	28.719	28.709	
7731	595.54	28.684	28.719	28.709	
7732	595.64	28.684	28.719	28.71	
7733	595.74	28.684	28.72	28.71	
7734	595.84	28.684	28.72	28.71	
7735	595.94	28.684	28.72	28.71	
7736	596.	28.684	28.72	28.71	
7737	596.01	28.684	28.72	28.71	
7738	596.02	28.684	28.72	28.71	
7739	596.05	28.684	28.72	28.71	
7740	596.14	28.684	28.72	28.71	
7741	596.24	28.684	28.72	28.71	
7742	596.34	28.685	28.72	28.71	
7743	596.44	28.685	28.72	28.71	
7744	596.54	28.685	28.72	28.71	
7745	596.64	28.685	28.72	28.711	
7746	596.74	28.685	28.721	28.711	
7747	596.84	28.685	28.721	28.711	
7748	596.94	28.685	28.721	28.711	
7749	597.	28.685	28.721	28.711	
7750	597.01	28.685	28.721	28.711	
7751	597.02	28.685	28.721	28.711	
7752	597.05	28.685	28.721	28.711	
7753	597.14	28.685	28.721	28.711	
7754	597.24	28.685	28.721	28.711	
7755	597.34	28.686	28.721	28.711	
7756	597.44	28.686	28.721	28.711	
7757	597.54	28.686	28.721	28.711	
7758	597.64	28.686	28.721	28.712	
7759	597.74	28.686	28.722	28.712	
7760	597.84	28.686	28.722	28.712	
7761	597.94	28.686	28.722	28.712	
7762	598.	28.686	28.722	28.712	
7763	598.01	28.686	28.722	28.712	
7764	598.02	28.686	28.722	28.712	
7765	598.05	28.686	28.722	28.712	
7766	598.14	28.686	28.722	28.712	
7767	598.24	28.686	28.722	28.712	
7768	598.34	28.687	28.722	28.712	
7769	598.44	28.687	28.722	28.712	
7770	598.54	28.687	28.722	28.712	
7771	598.64	28.687	28.722	28.713	
7772	598.74	28.687	28.723	28.713	
7773	598.84	28.687	28.723	28.713	
7774	598.94	28.687	28.723	28.713	
7775	599.	28.687	28.723	28.713	
7776	599.01	28.687	28.723	28.713	
7777	599.02	28.687	28.723	28.713	
7778	599.05	28.687	28.723	28.713	
7779	599.14	28.687	28.723	28.713	
7780	599.24	28.687	28.723	28.713	
7781	599.34	28.688	28.723	28.713	
7782	599.44	28.688	28.723	28.713	
7783	599.54	28.688	28.723	28.713	
7784	599.64	28.688	28.723	28.714	
7785	599.74	28.688	28.724	28.714	
7786	599.84	28.688	28.724	28.714	
7787	599.94	28.688	28.724	28.714	
7788	600.	28.688	28.724	28.714	
7789	600.01	28.688	28.724	28.714	
7790	600.02	28.688	28.724	28.714	
7791	600.05	28.688	28.724	28.714	
7792	600.14	28.688	28.724	28.714	
7793	600.24	28.688	28.724	28.714	
7794	600.34	28.688	28.724	28.714	
7795	600.44	28.689	28.724	28.714	
7796	600.54	28.689	28.724	28.714	
7797	600.64	28.689	28.724	28.715	
7798	600.74	28.689	28.725	28.715	
7799	600.84	28.689	28.725	28.715	
7800	600.94	28.689	28.725	28.715	
7801	601.	28.689	28.725	28.715	
7802	601.01	28.689	28.725	28.715	
7803	601.02	28.689	28.725	28.715	
7804	601.05	28.689	28.725	28.715	
7805	601.14	28.689	28.725	28.715	
7806	601.24	28.689	28.725	28.715	
7807	601.34	28.689	28.725	28.715	
7808	601.44	28.69	28.725	28.715	
7809	601.54	28.69	28.725	28.715	
7810	601.64	28.69	28.725	28.716	
7811	601.74	28.69	28.726	28.716	
7812	601.84	28.69	28.726	28.716	
7813	601.94	28.69	28.726	28.716	
7814	602.	28.69	28.726	28.716	
7815	602.01	28.69	28.726	28.716	
7816	602.02	28.69	28.726	28.716	
7817	602.05	28.69	28.726	28.716	
7818	602.14	28.69	28.726	28.716	
7819	602.24	28.69	28.726	28.716	
7820	602.34	28.69	28.726	28.716	
7821	602.44	28.691	28.726	28.716	
7822	602.54	28.691	28.726	28.716	
7823	602.64	28.691	28.726	28.717	
7824	602.74	28.691	28.726	28.717	
7825	602.84	28.691	28.727	28.717	
7826	602.94	28.691	28.727	28.717	
7827	603.	28.691	28.727	28.717	
7828	603.01	28.691	28.727	28.717	
7829	603.02	28.691	28.727	28.717	
7830	603.05	28.691	28.727	28.717	
7831	603.14	28.691	28.727	28.717	
7832	603.24	28.691	28.727	28.717	
7833	603.34	28.691	28.727	28.717	
7834	603.44	28.692	28.727	28.717	
7835	603.54	28.692	28.727	28.717	
7836	603.64	28.692	28.727	28.718	
7837	603.74	28.692	28.727	28.718	
7838	603.84	28.692	28.728	28.718	
7839	603.94	28.692	28.728	28.718	
7840	604.	28.692	28.728	28.718	
7841	604.01	28.692	28.728	28.718	
7842	604.02	28.692	28.728	28.718	
7843	604.05	28.692	28.728	28.718	
7844	604.14	28.692	28.728	28.718	
7845	604.24	28.692	28.728	28.718	
7846	604.34	28.692	28.728	28.718	
7847	604.44	28.693	28.728	28.718	
7848	604.54	28.693	28.728	28.718	
7849	604.64	28.693	28.728	28.718	
7850	604.74	28.693	28.728	28.719	
7851	604.84	28.693	28.729	28.719	
7852	604.94	28.693	28.729	28.719	
7853	605.	28.693	28.729	28.719	
7854	605.01	28.693	28.729	28.719	
7855	605.02	28.693	28.729	28.719	
7856	605.05	28.693	28.729	28.719	
7857	605.14	28.693	28.729	28.719	
7858	605.24	28.693	28.729	28.719	
7859	605.34	28.693	28.729	28.719	
7860	605.44	28.694	28.729	28.719	
7861	605.54	28.694	28.729	28.719	
7862	605.64	28.694	28.729	28.719	
7863	605.74	28.694	28.729	28.72	
7864	605.84	28.694	28.73	28.72	
7865	605.94	28.694	28.73	28.72	
7866	606.	28.694	28.73	28.72	
7867	606.01	28.694	28.73	28.72	
7868	606.02	28.694	28.73	28.72	
7869	606.05	28.694	28.73	28.72	
7870	606.14	28.694	28.73	28.72	
7871	606.24	28.694	28.73	28.72	
7872	606.34	28.694	28.73	28.72	
7873	606.44	28.695	28.73	28.72	
7874	606.54	28.695	28.73	28.72	
7875	606.64	28.695	28.73	28.72	
7876	606.74	28.695	28.73	28.721	
7877	606.84	28.695	28.731	28.721	
7878	606.94	28.695	28.731	28.721	
7879	607.	28.695	28.731	28.721	
7880	607.01	28.695	28.731	28.721	
7881	607.02	28.695	28.731	28.721	
7882	607.05	28.695	28.731	28.721	
7883	607.14	28.695	28.731	28.721	
7884	607.24	28.695	28.731	28.721	
7885	607.34	28.695	28.731	28.721	
7886	607.44	28.696	28.731	28.721	
7887	607.54	28.696	28.731	28.721	
7888	607.64	28.696	28.731	28.721	
7889	607.74	28.696	28.731	28.722	
7890	607.84	28.696	28.732	28.722	
7891	607.94	28.696	28.732	28.722	
7892	608.	28.696	28.732	28.722	
7893	608.01	28.696	28.732	28.722	
7894	608.02	28.696	28.732	28.722	
7895	608.05	28.696	28.732	28.722	
7896	608.14	28.696	28.732	28.722	
7897	608.24	28.696	28.732	28.722	
7898	608.34	28.696	28.732	28.722	
7899	608.44	28.696	28.732	28.722	
7900	608.54	28.697	28.732	28.722	
7901	608.64	28.697	28.732	28.722	
7902	608.74	28.697	28.732	28.723	
7903	608.84	28.697	28.733	28.723	
7904	608.94	28.697	28.733	28.723	
7905	609.	28.697	28.733	28.723	
7906	609.01	28.697	28.733	28.723	
7907	609.02	28.697	28.733	28.723	
7908	609.05	28.697	28.733	28.723	
7909	609.14	28.697	28.733	28.723	
7910	609.24	28.697	28.733	28.723	
7911	609.34	28.697	28.733	28.723	
7912	609.44	28.697	28.733	28.723	
7913	609.54	28.698	28.733	28.723	
7914	609.64	28.698	28.733	28.723	
7915	609.74	28.698	28.733	28.724	
7916	609.84	28.698	28.734	28.724	
7917	609.94	28.698	28.734	28.724	
7918	610.	28.698	28.734	28.724	
7919	610.01	28.698	28.734	28.724	
7920	610.02	28.698	28.734	28.724	
7921	610.05	28.698	28.734	28.724	
7922	610.14	28.698	28.734	28.724	
7923	610.24	28.698	28.734	28.724	
7924	610.34	28.698	28.734	28.724	
7925	610.44	28.698	28.734	28.724	
7926	610.54	28.699	28.734	28.724	
7927	610.64	28.699	28.734	28.724	
7928	610.74	28.699	28.734	28.725	
7929	610.84	28.699	28.735	28.725	
7930	610.94	28.699	28.735	28.725	
7931	611.	28.699	28.735	28.725	
7932	611.01	28.699	28.735	28.725	
7933	611.02	28.699	28.735	28.725	
7934	611.05	28.699	28.735	28.725	
7935	611.14	28.699	28.735	28.725	
7936	611.24	28.699	28.735	28.725	
7937	611.34	28.699	28.735	28.725	
7938	611.44	28.699	28.735	28.725	
7939	611.54	28.7	28.735	28.725	
7940	611.64	28.7	28.735	28.725	
7941	611.74	28.7	28.735	28.726	
7942	611.84	28.7	28.736	28.726	
7943	611.94	28.7	28.736	28.726	
7944	612.	28.7	28.736	28.726	
7945	612.01	28.7	28.736	28.726	
7946	612.02	28.7	28.736	28.726	
7947	612.05	28.7	28.736	28.726	
7948	612.14	28.7	28.736	28.726	
7949	612.24	28.7	28.736	28.726	
7950	612.34	28.7	28.736	28.726	
7951	612.44	28.7	28.736	28.726	
7952	612.54	28.701	28.736	28.726	
7953	612.64	28.701	28.736	28.726	
7954	612.74	28.701	28.736	28.727	
7955	612.84	28.701	28.737	28.727	
7956	612.94	28.701	28.737	28.727	
7957	613.	28.701	28.737	28.727	
7958	613.01	28.701	28.737	28.727	
7959	613.02	28.701	28.737	28.727	
7960	613.05	28.701	28.737	28.727	
7961	613.14	28.701	28.737	28.727	
7962	613.24	28.701	28.737	28.727	
7963	613.34	28.701	28.737	28.727	
7964	613.44	28.701	28.737	28.727	
7965	613.54	28.702	28.737	28.727	
7966	613.64	28.702	28.737	28.727	
7967	613.74	28.702	28.737	28.728	
7968	613.84	28.702	28.737	28.728	
7969	613.94	28.702	28.738	28.728	
7970	614.	28.702	28.738	28.728	
7971	614.01	28.702	28.738	28.728	
7972	614.02	28.702	28.738	28.728	
7973	614.05	28.702	28.738	28.728	
7974	614.14	28.702	28.738	28.728	
7975	614.24	28.702	28.738	28.728	
7976	614.34	28.702	28.738	28.728	
7977	614.44	28.702	28.738	28.728	
7978	614.54	28.703	28.738	28.728	
7979	614.64	28.703	28.738	28.728	
7980	614.74	28.703	28.738	28.728	
7981	614.84	28.703	28.738	28.729	
7982	614.94	28.703	28.739	28.729	
7983	615.	28.703	28.739	28.729	
7984	615.01	28.703	28.739	28.729	
7985	615.02	28.703	28.739	28.729	
7986	615.05	28.703	28.739	28.729	
7987	615.14	28.703	28.739	28.729	
7988	615.24	28.703	28.739	28.729	
7989	615.34	28.703	28.739	28.729	
7990	615.44	28.703	28.739	28.729	
7991	615.54	28.703	28.739	28.729	
7992	615.64	28.704	28.739	28.729	
7993	615.74	28.704	28.739	28.729	
7994	615.84	28.704	28.739	28.73	
7995	615.94	28.704	28.74	28.73	
7996	616.	28.704	28.74	28.73	
7997	616.01	28.704	28.74	28.73	
7998	616.02	28.704	28.74	28.73	
7999	616.05	28.704	28.74	28.73	
8000	616.14	28.704	28.74	28.73	
8001	616.24	28.704	28.74	28.73	
8002	616.34	28.704	28.74	28.73	
8003	616.44	28.704	28.74	28.73	
8004	616.54	28.704	28.74	28.73	
8005	616.64	28.705	28.74	28.73	
8006	616.74	28.705	28.74	28.73	
8007	616.84	28.705	28.74	28.731	
8008	616.94	28.705	28.741	28.731	
8009	617.	28.705	28.741	28.731	
8010	617.01	28.705	28.741	28.731	
8011	617.02	28.705	28.741	28.731	
8012	617.05	28.705	28.741	28.731	
8013	617.14	28.705	28.741	28.731	
8014	617.24	28.705	28.741	28.731	
8015	617.34	28.705	28.741	28.731	
8016	617.44	28.705	28.741	28.731	
8017	617.54	28.705	28.741	28.731	
8018	617.64	28.706	28.741	28.731	
8019	617.74	28.706	28.741	28.731	
8020	617.84	28.706	28.741	28.732	
8021	617.94	28.706	28.742	28.732	
8022	618.	28.706	28.742	28.732	
8023	618.01	28.706	28.742	28.732	
8024	618.02	28.706	28.742	28.732	
8025	618.05	28.706	28.742	28.732	
8026	618.14	28.706	28.742	28.732	
8027	618.24	28.706	28.742	28.732	
8028	618.34	28.706	28.742	28.732	
8029	618.44	28.706	28.742	28.732	
8030	618.54	28.706	28.742	28.732	
8031	618.64	28.707	28.742	28.732	
8032	618.74	28.707	28.742	28.732	
8033	618.84	28.707	28.742	28.733	
8034	618.94	28.707	28.743	28.733	
8035	619.	28.707	28.743	28.733	
8036	619.01	28.707	28.743	28.733	
8037	619.02	28.707	28.743	28.733	
8038	619.05	28.707	28.743	28.733	
8039	619.14	28.707	28.743	28.733	
8040	619.24	28.707	28.743	28.733	
8041	619.34	28.707	28.743	28.733	
8042	619.44	28.707	28.743	28.733	
8043	619.54	28.707	28.743	28.733	
8044	619.64	28.708	28.743	28.733	
8045	619.74	28.708	28.743	28.733	
8046	619.84	28.708	28.743	28.734	
8047	619.94	28.708	28.744	28.734	
8048	620.	28.708	28.744	28.734	
8049	620.01	28.708	28.744	28.734	
8050	620.02	28.708	28.744	28.734	
8051	620.05	28.708	28.744	28.734	
8052	620.14	28.708	28.744	28.734	
8053	620.24	28.708	28.744	28.734	
8054	620.34	28.708	28.744	28.734	
8055	620.44	28.708	28.744	28.734	
8056	620.54	28.708	28.744	28.734	
8057	620.64	28.709	28.744	28.734	
8058	620.74	28.709	28.744	28.734	
8059	620.84	28.709	28.744	28.735	
8060	620.94	28.709	28.745	28.735	
8061	621.	28.709	28.745	28.735	
8062	621.01	28.709	28.745	28.735	
8063	621.02	28.709	28.745	28.735	
8064	621.05	28.709	28.745	28.735	
8065	621.14	28.709	28.745	28.735	
8066	621.24	28.709	28.745	28.735	
8067	621.34	28.709	28.745	28.735	
8068	621.44	28.709	28.745	28.735	
8069	621.54	28.709	28.745	28.735	
8070	621.64	28.71	28.745	28.735	
8071	621.74	28.71	28.745	28.735	
8072	621.84	28.71	28.745	28.736	
8073	621.94	28.71	28.746	28.736	
8074	622.	28.71	28.746	28.736	
8075	622.01	28.71	28.746	28.736	
8076	622.02	28.71	28.746	28.736	
8077	622.05	28.71	28.746	28.736	
8078	622.14	28.71	28.746	28.736	
8079	622.24	28.71	28.746	28.736	
8080	622.34	28.71	28.746	28.736	
8081	622.44	28.71	28.746	28.736	
8082	622.54	28.71	28.746	28.736	
8083	622.64	28.71	28.746	28.736	
8084	622.74	28.711	28.746	28.736	
8085	622.84	28.711	28.746	28.736	
8086	622.94	28.711	28.747	28.737	
8087	623.	28.711	28.747	28.737	
8088	623.01	28.711	28.747	28.737	
8089	623.02	28.711	28.747	28.737	
8090	623.05	28.711	28.747	28.737	
8091	623.14	28.711	28.747	28.737	
8092	623.24	28.711	28.747	28.737	
8093	623.34	28.711	28.747	28.737	
8094	623.44	28.711	28.747	28.737	
8095	623.54	28.711	28.747	28.737	
8096	623.64	28.711	28.747	28.737	
8097	623.74	28.712	28.747	28.737	
8098	623.84	28.712	28.747	28.737	
8099	623.94	28.712	28.747	28.738	
8100	624.	28.712	28.748	28.738	
8101	624.01	28.712	28.748	28.738	
8102	624.02	28.712	28.748	28.738	
8103	624.05	28.712	28.748	28.738	
8104	624.14	28.712	28.748	28.738	
8105	624.24	28.712	28.748	28.738	
8106	624.34	28.712	28.748	28.738	
8107	624.44	28.712	28.748	28.738	
8108	624.54	28.712	28.748	28.738	
8109	624.64	28.712	28.748	28.738	
8110	624.74	28.713	28.748	28.738	
8111	624.84	28.713	28.748	28.738	
8112	624.94	28.713	28.748	28.739	
8113	625.	28.713	28.749	28.739	
8114	625.01	28.713	28.749	28.739	
8115	625.02	28.713	28.749	28.739	
8116	625.05	28.713	28.749	28.739	
8117	625.14	28.713	28.749	28.739	
8118	625.24	28.713	28.749	28.739	
8119	625.34	28.713	28.749	28.739	
8120	625.44	28.713	28.749	28.739	
8121	625.54	28.713	28.749	28.739	
8122	625.64	28.713	28.749	28.739	
8123	625.74	28.714	28.749	28.739	
8124	625.84	28.714	28.749	28.739	
8125	625.94	28.714	28.749	28.74	
8126	626.	28.714	28.75	28.74	
8127	626.01	28.714	28.75	28.74	
8128	626.02	28.714	28.75	28.74	
8129	626.05	28.714	28.75	28.74	
8130	626.14	28.714	28.75	28.74	
8131	626.24	28.714	28.75	28.74	
8132	626.34	28.714	28.75	28.74	
8133	626.44	28.714	28.75	28.74	
8134	626.54	28.714	28.75	28.74	
8135	626.64	28.714	28.75	28.74	
8136	626.74	28.715	28.75	28.74	
8137	626.84	28.715	28.75	28.74	
8138	626.94	28.715	28.75	28.741	
8139	627.	28.715	28.751	28.741	
8140	627.01	28.715	28.751	28.741	
8141	627.02	28.715	28.751	28.741	
8142	627.05	28.715	28.751	28.741	
8143	627.14	28.715	28.751	28.741	
8144	627.24	28.715	28.751	28.741	
8145	627.34	28.715	28.751	28.741	
8146	627.44	28.715	28.751	28.741	
8147	627.54	28.715	28.751	28.741	
8148	627.64	28.715	28.751	28.741	
8149	627.74	28.716	28.751	28.741	
8150	627.84	28.716	28.751	28.741	
8151	627.94	28.716	28.751	28.742	
8152	628.	28.716	28.752	28.742	
8153	628.01	28.716	28.752	28.742	
8154	628.02	28.716	28.752	28.742	
8155	628.05	28.716	28.752	28.742	
8156	628.14	28.716	28.752	28.742	
8157	628.24	28.716	28.752	28.742	
8158	628.34	28.716	28.752	28.742	
8159	628.44	28.716	28.752	28.742	
8160	628.54	28.716	28.752	28.742	
8161	628.64	28.716	28.752	28.742	
8162	628.74	28.717	28.752	28.742	
8163	628.84	28.717	28.752	28.742	
8164	628.94	28.717	28.752	28.743	
8165	629.	28.717	28.753	28.743	
8166	629.01	28.717	28.753	28.743	
8167	629.02	28.717	28.753	28.743	
8168	629.05	28.717	28.753	28.743	
8169	629.14	28.717	28.753	28.743	
8170	629.24	28.717	28.753	28.743	
8171	629.34	28.717	28.753	28.743	
8172	629.44	28.717	28.753	28.743	
8173	629.54	28.717	28.753	28.743	
8174	629.64	28.717	28.753	28.743	
8175	629.74	28.717	28.753	28.743	
8176	629.84	28.718	28.753	28.743	
8177	629.94	28.718	28.753	28.744	
8178	630.	28.718	28.753	28.744	
8179	630.01	28.718	28.753	28.744	
8180	630.02	28.718	28.754	28.744	
8181	630.05	28.718	28.754	28.744	
8182	630.14	28.718	28.754	28.744	
8183	630.24	28.718	28.754	28.744	
8184	630.34	28.718	28.754	28.744	
8185	630.44	28.718	28.754	28.744	
8186	630.54	28.718	28.754	28.744	
8187	630.64	28.718	28.754	28.744	
8188	630.74	28.718	28.754	28.744	
8189	630.84	28.719	28.754	28.744	
8190	630.94	28.719	28.754	28.744	
8191	631.	28.719	28.754	28.745	
8192	631.01	28.719	28.754	28.745	
8193	631.02	28.719	28.754	28.745	
8194	631.05	28.719	28.755	28.745	
8195	631.14	28.719	28.755	28.745	
8196	631.24	28.719	28.755	28.745	
8197	631.34	28.719	28.755	28.745	
8198	631.44	28.719	28.755	28.745	
8199	631.54	28.719	28.755	28.745	
8200	631.64	28.719	28.755	28.745	
8201	631.74	28.719	28.755	28.745	
8202	631.84	28.72	28.755	28.745	
8203	631.94	28.72	28.755	28.745	
8204	632.	28.72	28.755	28.746	
8205	632.01	28.72	28.755	28.746	
8206	632.02	28.72	28.755	28.746	
8207	632.05	28.72	28.756	28.746	
8208	632.14	28.72	28.756	28.746	
8209	632.24	28.72	28.756	28.746	
8210	632.34	28.72	28.756	28.746	
8211	632.44	28.72	28.756	28.746	
8212	632.54	28.72	28.756	28.746	
8213	632.64	28.72	28.756	28.746	
8214	632.74	28.72	28.756	28.746	
8215	632.84	28.721	28.756	28.746	
8216	632.94	28.721	28.756	28.746	
8217	633.	28.721	28.756	28.747	
8218	633.01	28.721	28.756	28.747	
8219	633.02	28.721	28.756	28.747	
8220	633.05	28.721	28.757	28.747	
8221	633.14	28.721	28.757	28.747	
8222	633.24	28.721	28.757	28.747	
8223	633.34	28.721	28.757	28.747	
8224	633.44	28.721	28.757	28.747	
8225	633.54	28.721	28.757	28.747	
8226	633.64	28.721	28.757	28.747	
8227	633.74	28.721	28.757	28.747	
8228	633.84	28.722	28.757	28.747	
8229	633.94	28.722	28.757	28.747	
8230	634.	28.722	28.757	28.748	
8231	634.01	28.722	28.757	28.748	
8232	634.02	28.722	28.757	28.748	
8233	634.05	28.722	28.757	28.748	
8234	634.14	28.722	28.758	28.748	
8235	634.24	28.722	28.758	28.748	
8236	634.34	28.722	28.758	28.748	
8237	634.44	28.722	28.758	28.748	
8238	634.54	28.722	28.758	28.748	
8239	634.64	28.722	28.758	28.748	
8240	634.74	28.722	28.758	28.748	
8241	634.84	28.723	28.758	28.748	
8242	634.94	28.723	28.758	28.748	
8243	635.	28.723	28.758	28.749	
8244	635.01	28.723	28.758	28.749	
8245	635.02	28.723	28.758	28.749	
8246	635.05	28.723	28.758	28.749	
8247	635.14	28.723	28.759	28.749	
8248	635.24	28.723	28.759	28.749	
8249	635.34	28.723	28.759	28.749	
8250	635.44	28.723	28.759	28.749	
8251	635.54	28.723	28.759	28.749	
8252	635.64	28.723	28.759	28.749	
8253	635.74	28.723	28.759	28.749	
8254	635.84	28.723	28.759	28.749	
8255	635.94	28.724	28.759	28.749	
8256	636.	28.724	28.759	28.749	
8257	636.01	28.724	28.759	28.75	
8258	636.02	28.724	28.759	28.75	
8259	636.05	28.724	28.759	28.75	
8260	636.14	28.724	28.76	28.75	
8261	636.24	28.724	28.76	28.75	
8262	636.34	28.724	28.76	28.75	
8263	636.44	28.724	28.76	28.75	
8264	636.54	28.724	28.76	28.75	
8265	636.64	28.724	28.76	28.75	
8266	636.74	28.724	28.76	28.75	
8267	636.84	28.724	28.76	28.75	
8268	636.94	28.725	28.76	28.75	
8269	637.	28.725	28.76	28.75	
8270	637.01	28.725	28.76	28.75	
8271	637.02	28.725	28.76	28.75	
8272	637.05	28.725	28.76	28.751	
8273	637.14	28.725	28.761	28.751	
8274	637.24	28.725	28.761	28.751	
8275	637.34	28.725	28.761	28.751	
8276	637.44	28.725	28.761	28.751	
8277	637.54	28.725	28.761	28.751	
8278	637.64	28.725	28.761	28.751	
8279	637.74	28.725	28.761	28.751	
8280	637.84	28.725	28.761	28.751	
8281	637.94	28.726	28.761	28.751	
8282	638.	28.726	28.761	28.751	
8283	638.01	28.726	28.761	28.751	
8284	638.02	28.726	28.761	28.751	
8285	638.05	28.726	28.761	28.752	
8286	638.14	28.726	28.762	28.752	
8287	638.24	28.726	28.762	28.752	
8288	638.34	28.726	28.762	28.752	
8289	638.44	28.726	28.762	28.752	
8290	638.54	28.726	28.762	28.752	
8291	638.64	28.726	28.762	28.752	
8292	638.74	28.726	28.762	28.752	
8293	638.84	28.726	28.762	28.752	
8294	638.94	28.727	28.762	28.752	
8295	639.	28.727	28.762	28.752	
8296	639.01	28.727	28.762	28.752	
8297	639.02	28.727	28.762	28.752	
8298	639.05	28.727	28.762	28.752	
8299	639.14	28.727	28.763	28.753	
8300	639.24	28.727	28.763	28.753	
8301	639.34	28.727	28.763	28.753	
8302	639.44	28.727	28.763	28.753	
8303	639.54	28.727	28.763	28.753	
8304	639.64	28.727	28.763	28.753	
8305	639.74	28.727	28.763	28.753	
8306	639.84	28.727	28.763	28.753	
8307	639.94	28.728	28.763	28.753	
8308	640.	28.728	28.763	28.753	
8309	640.01	28.728	28.763	28.753	
8310	640.02	28.728	28.763	28.753	
8311	640.05	28.728	28.763	28.753	
8312	640.14	28.728	28.764	28.754	
8313	640.24	28.728	28.764	28.754	
8314	640.34	28.728	28.764	28.754	
8315	640.44	28.728	28.764	28.754	
8316	640.54	28.728	28.764	28.754	
8317	640.64	28.728	28.764	28.754	
8318	640.74	28.728	28.764	28.754	
8319	640.84	28.728	28.764	28.754	
8320	640.94	28.729	28.764	28.754	
8321	641.	28.729	28.764	28.754	
8322	641.01	28.729	28.764	28.754	
8323	641.02	28.729	28.764	28.754	
8324	641.05	28.729	28.764	28.754	
8325	641.14	28.729	28.764	28.755	
8326	641.24	28.729	28.765	28.755	
8327	641.34	28.729	28.765	28.755	
8328	641.44	28.729	28.765	28.755	
8329	641.54	28.729	28.765	28.755	
8330	641.64	28.729	28.765	28.755	
8331	641.74	28.729	28.765	28.755	
8332	641.84	28.729	28.765	28.755	
8333	641.94	28.729	28.765	28.755	
8334	642.	28.73	28.765	28.755	
8335	642.01	28.73	28.765	28.755	
8336	642.02	28.73	28.765	28.755	
8337	642.05	28.73	28.765	28.755	
8338	642.14	28.73	28.765	28.756	
8339	642.24	28.73	28.766	28.756	
8340	642.34	28.73	28.766	28.756	
8341	642.44	28.73	28.766	28.756	
8342	642.54	28.73	28.766	28.756	
8343	642.64	28.73	28.766	28.756	
8344	642.74	28.73	28.766	28.756	
8345	642.84	28.73	28.766	28.756	
8346	642.94	28.73	28.766	28.756	
8347	643.	28.731	28.766	28.756	
8348	643.01	28.731	28.766	28.756	
8349	643.02	28.731	28.766	28.756	
8350	643.05	28.731	28.766	28.756	
8351	643.14	28.731	28.766	28.757	
8352	643.24	28.731	28.767	28.757	
8353	643.34	28.731	28.767	28.757	
8354	643.44	28.731	28.767	28.757	
8355	643.54	28.731	28.767	28.757	
8356	643.64	28.731	28.767	28.757	
8357	643.74	28.731	28.767	28.757	
8358	643.84	28.731	28.767	28.757	
8359	643.94	28.731	28.767	28.757	
8360	644.	28.732	28.767	28.757	
8361	644.01	28.732	28.767	28.757	
8362	644.02	28.732	28.767	28.757	
8363	644.05	28.732	28.767	28.757	
8364	644.14	28.732	28.767	28.758	
8365	644.24	28.732	28.768	28.758	
8366	644.34	28.732	28.768	28.758	
8367	644.44	28.732	28.768	28.758	
8368	644.54	28.732	28.768	28.758	
8369	644.64	28.732	28.768	28.758	
8370	644.74	28.732	28.768	28.758	
8371	644.84	28.732	28.768	28.758	
8372	644.94	28.732	28.768	28.758	
8373	645.	28.732	28.768	28.758	
8374	645.01	28.732	28.768	28.758	
8375	645.02	28.733	28.768	28.758	
8376	645.05	28.733	28.768	28.758	
8377	645.14	28.733	28.768	28.759	
8378	645.24	28.733	28.769	28.759	
8379	645.34	28.733	28.769	28.759	
8380	645.44	28.733	28.769	28.759	
8381	645.54	28.733	28.769	28.759	
8382	645.64	28.733	28.769	28.759	
8383	645.74	28.733	28.769	28.759	
8384	645.84	28.733	28.769	28.759	
8385	645.94	28.733	28.769	28.759	
8386	646.	28.733	28.769	28.759	
8387	646.01	28.733	28.769	28.759	
8388	646.02	28.733	28.769	28.759	
8389	646.05	28.734	28.769	28.759	
8390	646.14	28.734	28.769	28.759	
8391	646.24	28.734	28.77	28.76	
8392	646.34	28.734	28.77	28.76	
8393	646.44	28.734	28.77	28.76	
8394	646.54	28.734	28.77	28.76	
8395	646.64	28.734	28.77	28.76	
8396	646.74	28.734	28.77	28.76	
8397	646.84	28.734	28.77	28.76	
8398	646.94	28.734	28.77	28.76	
8399	647.	28.734	28.77	28.76	
8400	647.01	28.734	28.77	28.76	
8401	647.02	28.734	28.77	28.76	
8402	647.05	28.734	28.77	28.76	
8403	647.14	28.735	28.77	28.76	
8404	647.24	28.735	28.771	28.761	
8405	647.34	28.735	28.771	28.761	
8406	647.44	28.735	28.771	28.761	
8407	647.54	28.735	28.771	28.761	
8408	647.64	28.735	28.771	28.761	
8409	647.74	28.735	28.771	28.761	
8410	647.84	28.735	28.771	28.761	
8411	647.94	28.735	28.771	28.761	
8412	648.	28.735	28.771	28.761	
8413	648.01	28.735	28.771	28.761	
8414	648.02	28.735	28.771	28.761	
8415	648.05	28.735	28.771	28.761	
8416	648.14	28.736	28.771	28.761	
8417	648.24	28.736	28.771	28.762	
8418	648.34	28.736	28.772	28.762	
8419	648.44	28.736	28.772	28.762	
8420	648.54	28.736	28.772	28.762	
8421	648.64	28.736	28.772	28.762	
8422	648.74	28.736	28.772	28.762	
8423	648.84	28.736	28.772	28.762	
8424	648.94	28.736	28.772	28.762	
8425	649.	28.736	28.772	28.762	
8426	649.01	28.736	28.772	28.762	
8427	649.02	28.736	28.772	28.762	
8428	649.05	28.736	28.772	28.762	
8429	649.14	28.737	28.772	28.762	
8430	649.24	28.737	28.772	28.763	
8431	649.34	28.737	28.773	28.763	
8432	649.44	28.737	28.773	28.763	
8433	649.54	28.737	28.773	28.763	
8434	649.64	28.737	28.773	28.763	
8435	649.74	28.737	28.773	28.763	
8436	649.84	28.737	28.773	28.763	
8437	649.94	28.737	28.773	28.763	
8438	650.	28.737	28.773	28.763	
8439	650.01	28.737	28.773	28.763	
8440	650.02	28.737	28.773	28.763	
8441	650.05	28.737	28.773	28.763	
8442	650.14	28.738	28.773	28.763	
8443	650.24	28.738	28.773	28.764	
8444	650.34	28.738	28.774	28.764	
8445	650.44	28.738	28.774	28.764	
8446	650.54	28.738	28.774	28.764	
8447	650.64	28.738	28.774	28.764	
8448	650.74	28.738	28.774	28.764	
8449	650.84	28.738	28.774	28.764	
8450	650.94	28.738	28.774	28.764	
8451	651.	28.738	28.774	28.764	
8452	651.01	28.738	28.774	28.764	
8453	651.02	28.738	28.774	28.764	
8454	651.05	28.738	28.774	28.764	
8455	651.14	28.739	28.774	28.764	
8456	651.24	28.739	28.774	28.765	
8457	651.34	28.739	28.775	28.765	
8458	651.44	28.739	28.775	28.765	
8459	651.54	28.739	28.775	28.765	
8460	651.64	28.739	28.775	28.765	
8461	651.74	28.739	28.775	28.765	
8462	651.84	28.739	28.775	28.765	
8463	651.94	28.739	28.775	28.765	
8464	652.	28.739	28.775	28.765	
8465	652.01	28.739	28.775	28.765	
8466	652.02	28.739	28.775	28.765	
8467	652.05	28.739	28.775	28.765	
8468	652.14	28.739	28.775	28.765	
8469	652.24	28.74	28.775	28.765	
8470	652.34	28.74	28.776	28.766	
8471	652.44	28.74	28.776	28.766	
8472	652.54	28.74	28.776	28.766	
8473	652.64	28.74	28.776	28.766	
8474	652.74	28.74	28.776	28.766	
8475	652.84	28.74	28.776	28.766	
8476	652.94	28.74	28.776	28.766	
8477	653.	28.74	28.776	28.766	
8478	653.01	28.74	28.776	28.766	
8479	653.02	28.74	28.776	28.766	
8480	653.05	28.74	28.776	28.766	
8481	653.14	28.74	28.776	28.766	
8482	653.24	28.741	28.776	28.766	
8483	653.34	28.741	28.777	28.767	
8484	653.44	28.741	28.777	28.767	
8485	653.54	28.741	28.777	28.767	
8486	653.64	28.741	28.777	28.767	
8487	653.74	28.741	28.777	28.767	
8488	653.84	28.741	28.777	28.767	
8489	653.94	28.741	28.777	28.767	
8490	654.	28.741	28.777	28.767	
8491	654.01	28.741	28.777	28.767	
8492	654.02	28.741	28.777	28.767	
8493	654.05	28.741	28.777	28.767	
8494	654.14	28.741	28.777	28.767	
8495	654.24	28.742	28.777	28.767	
8496	654.34	28.742	28.778	28.768	
8497	654.44	28.742	28.778	28.768	
8498	654.54	28.742	28.778	28.768	
8499	654.64	28.742	28.778	28.768	
8500	654.74	28.742	28.778	28.768	
8501	654.84	28.742	28.778	28.768	
8502	654.94	28.742	28.778	28.768	
8503	655.	28.742	28.778	28.768	
8504	655.01	28.742	28.778	28.768	
8505	655.02	28.742	28.778	28.768	
8506	655.05	28.742	28.778	28.768	
8507	655.14	28.742	28.778	28.768	
8508	655.24	28.743	28.778	28.768	
8509	655.34	28.743	28.778	28.769	
8510	655.44	28.743	28.779	28.769	
8511	655.54	28.743	28.779	28.769	
8512	655.64	28.743	28.779	28.769	
8513	655.74	28.743	28.779	28.769	
8514	655.84	28.743	28.779	28.769	
8515	655.94	28.743	28.779	28.769	
8516	656.	28.743	28.779	28.769	
8517	656.01	28.743	28.779	28.769	
8518	656.02	28.743	28.779	28.769	
8519	656.05	28.743	28.779	28.769	
8520	656.14	28.743	28.779	28.769	
8521	656.24	28.744	28.779	28.769	
8522	656.34	28.744	28.779	28.77	
8523	656.44	28.744	28.78	28.77	
8524	656.54	28.744	28.78	28.77	
8525	656.64	28.744	28.78	28.77	
8526	656.74	28.744	28.78	28.77	
8527	656.84	28.744	28.78	28.77	
8528	656.94	28.744	28.78	28.77	
8529	657.	28.744	28.78	28.77	
8530	657.01	28.744	28.78	28.77	
8531	657.02	28.744	28.78	28.77	
8532	657.05	28.744	28.78	28.77	
8533	657.14	28.744	28.78	28.77	
8534	657.24	28.744	28.78	28.77	
8535	657.34	28.745	28.78	28.771	
8536	657.44	28.745	28.781	28.771	
8537	657.54	28.745	28.781	28.771	
8538	657.64	28.745	28.781	28.771	
8539	657.74	28.745	28.781	28.771	
8540	657.84	28.745	28.781	28.771	
8541	657.94	28.745	28.781	28.771	
8542	658.	28.745	28.781	28.771	
8543	658.01	28.745	28.781	28.771	
8544	658.02	28.745	28.781	28.771	
8545	658.05	28.745	28.781	28.771	
8546	658.14	28.745	28.781	28.771	
8547	658.24	28.745	28.781	28.771	
8548	658.34	28.746	28.781	28.771	
8549	658.44	28.746	28.782	28.772	
8550	658.54	28.746	28.782	28.772	
8551	658.64	28.746	28.782	28.772	
8552	658.74	28.746	28.782	28.772	
8553	658.84	28.746	28.782	28.772	
8554	658.94	28.746	28.782	28.772	
8555	659.	28.746	28.782	28.772	
8556	659.01	28.746	28.782	28.772	
8557	659.02	28.746	28.782	28.772	
8558	659.05	28.746	28.782	28.772	
8559	659.14	28.746	28.782	28.772	
8560	659.24	28.746	28.782	28.772	
8561	659.34	28.747	28.782	28.772	
8562	659.44	28.747	28.783	28.773	
8563	659.54	28.747	28.783	28.773	
8564	659.64	28.747	28.783	28.773	
8565	659.74	28.747	28.783	28.773	
8566	659.84	28.747	28.783	28.773	
8567	659.94	28.747	28.783	28.773	
8568	660.	28.747	28.783	28.773	
8569	660.01	28.747	28.783	28.773	
8570	660.02	28.747	28.783	28.773	
8571	660.05	28.747	28.783	28.773	
8572	660.14	28.747	28.783	28.773	
8573	660.24	28.747	28.783	28.773	
8574	660.34	28.748	28.783	28.773	
8575	660.44	28.748	28.784	28.774	
8576	660.54	28.748	28.784	28.774	
8577	660.64	28.748	28.784	28.774	
8578	660.74	28.748	28.784	28.774	
8579	660.84	28.748	28.784	28.774	
8580	660.94	28.748	28.784	28.774	
8581	661.	28.748	28.784	28.774	
8582	661.01	28.748	28.784	28.774	
8583	661.02	28.748	28.784	28.774	
8584	661.05	28.748	28.784	28.774	
8585	661.14	28.748	28.784	28.774	
8586	661.24	28.748	28.784	28.774	
8587	661.34	28.749	28.784	28.774	
8588	661.44	28.749	28.784	28.775	
8589	661.54	28.749	28.785	28.775	
8590	661.64	28.749	28.785	28.775	
8591	661.74	28.749	28.785	28.775	
8592	661.84	28.749	28.785	28.775	
8593	661.94	28.749	28.785	28.775	
8594	662.	28.749	28.785	28.775	
8595	662.01	28.749	28.785	28.775	
8596	662.02	28.749	28.785	28.775	
8597	662.05	28.749	28.785	28.775	
8598	662.14	28.749	28.785	28.775	
8599	662.24	28.749	28.785	28.775	
8600	662.34	28.749	28.785	28.775	
8601	662.44	28.75	28.785	28.776	
8602	662.54	28.75	28.786	28.776	
8603	662.64	28.75	28.786	28.776	
8604	662.74	28.75	28.786	28.776	
8605	662.84	28.75	28.786	28.776	
8606	662.94	28.75	28.786	28.776	
8607	663.	28.75	28.786	28.776	
8608	663.01	28.75	28.786	28.776	
8609	663.02	28.75	28.786	28.776	
8610	663.05	28.75	28.786	28.776	
8611	663.14	28.75	28.786	28.776	
8612	663.24	28.75	28.786	28.776	
8613	663.34	28.75	28.786	28.776	
8614	663.44	28.751	28.786	28.777	
8615	663.54	28.751	28.787	28.777	
8616	663.64	28.751	28.787	28.777	
8617	663.74	28.751	28.787	28.777	
8618	663.84	28.751	28.787	28.777	
8619	663.94	28.751	28.787	28.777	
8620	664.	28.751	28.787	28.777	
8621	664.01	28.751	28.787	28.777	
8622	664.02	28.751	28.787	28.777	
8623	664.05	28.751	28.787	28.777	
8624	664.14	28.751	28.787	28.777	
8625	664.24	28.751	28.787	28.777	
8626	664.34	28.751	28.787	28.777	
8627	664.44	28.752	28.787	28.777	
8628	664.54	28.752	28.788	28.778	
8629	664.64	28.752	28.788	28.778	
8630	664.74	28.752	28.788	28.778	
8631	664.84	28.752	28.788	28.778	
8632	664.94	28.752	28.788	28.778	
8633	665.	28.752	28.788	28.778	
8634	665.01	28.752	28.788	28.778	
8635	665.02	28.752	28.788	28.778	
8636	665.05	28.752	28.788	28.778	
8637	665.14	28.752	28.788	28.778	
8638	665.24	28.752	28.788	28.778	
8639	665.34	28.752	28.788	28.778	
8640	665.44	28.753	28.788	28.778	
8641	665.54	28.753	28.789	28.779	
8642	665.64	28.753	28.789	28.779	
8643	665.74	28.753	28.789	28.779	
8644	665.84	28.753	28.789	28.779	
8645	665.94	28.753	28.789	28.779	
8646	666.	28.753	28.789	28.779	
8647	666.01	28.753	28.789	28.779	
8648	666.02	28.753	28.789	28.779	
8649	666.05	28.753	28.789	28.779	
8650	666.14	28.753	28.789	28.779	
8651	666.24	28.753	28.789	28.779	
8652	666.34	28.753	28.789	28.779	
8653	666.44	28.754	28.789	28.779	
8654	666.54	28.754	28.79	28.78	
8655	666.64	28.754	28.79	28.78	
8656	666.74	28.754	28.79	28.78	
8657	666.84	28.754	28.79	28.78	
8658	666.94	28.754	28.79	28.78	
8659	667.	28.754	28.79	28.78	
8660	667.01	28.754	28.79	28.78	
8661	667.02	28.754	28.79	28.78	
8662	667.05	28.754	28.79	28.78	
8663	667.14	28.754	28.79	28.78	
8664	667.24	28.754	28.79	28.78	
8665	667.34	28.754	28.79	28.78	
8666	667.44	28.754	28.79	28.78	
8667	667.54	28.755	28.79	28.781	
8668	667.64	28.755	28.791	28.781	
8669	667.74	28.755	28.791	28.781	
8670	667.84	28.755	28.791	28.781	
8671	667.94	28.755	28.791	28.781	
8672	668.	28.755	28.791	28.781	
8673	668.01	28.755	28.791	28.781	
8674	668.02	28.755	28.791	28.781	
8675	668.05	28.755	28.791	28.781	
8676	668.14	28.755	28.791	28.781	
8677	668.24	28.755	28.791	28.781	
8678	668.34	28.755	28.791	28.781	
8679	668.44	28.755	28.791	28.781	
8680	668.54	28.756	28.791	28.782	
8681	668.64	28.756	28.792	28.782	
8682	668.74	28.756	28.792	28.782	
8683	668.84	28.756	28.792	28.782	
8684	668.94	28.756	28.792	28.782	
8685	669.	28.756	28.792	28.782	
8686	669.01	28.756	28.792	28.782	
8687	669.02	28.756	28.792	28.782	
8688	669.05	28.756	28.792	28.782	
8689	669.14	28.756	28.792	28.782	
8690	669.24	28.756	28.792	28.782	
8691	669.34	28.756	28.792	28.782	
8692	669.44	28.756	28.792	28.782	
8693	669.54	28.757	28.792	28.782	
8694	669.64	28.757	28.793	28.783	
8695	669.74	28.757	28.793	28.783	
8696	669.84	28.757	28.793	28.783	
8697	669.94	28.757	28.793	28.783	
8698	670.	28.757	28.793	28.783	
8699	670.01	28.757	28.793	28.783	
8700	670.02	28.757	28.793	28.783	
8701	670.05	28.757	28.793	28.783	
8702	670.14	28.757	28.793	28.783	
8703	670.24	28.757	28.793	28.783	
8704	670.34	28.757	28.793	28.783	
8705	670.44	28.757	28.793	28.783	
8706	670.54	28.758	28.793	28.783	
8707	670.64	28.758	28.794	28.784	
8708	670.74	28.758	28.794	28.784	
8709	670.84	28.758	28.794	28.784	
8710	670.94	28.758	28.794	28.784	
8711	671.	28.758	28.794	28.784	
8712	671.01	28.758	28.794	28.784	
8713	671.02	28.758	28.794	28.784	
8714	671.05	28.758	28.794	28.784	
8715	671.14	28.758	28.794	28.784	
8716	671.24	28.758	28.794	28.784	
8717	671.34	28.758	28.794	28.784	
8718	671.44	28.758	28.794	28.784	
8719	671.54	28.758	28.794	28.784	
8720	671.64	28.759	28.795	28.785	
8721	671.74	28.759	28.795	28.785	
8722	671.84	28.759	28.795	28.785	
8723	671.94	28.759	28.795	28.785	
8724	672.	28.759	28.795	28.785	
8725	672.01	28.759	28.795	28.785	
8726	672.02	28.759	28.795	28.785	
8727	672.05	28.759	28.795	28.785	
8728	672.14	28.759	28.795	28.785	
8729	672.24	28.759	28.795	28.785	
8730	672.34	28.759	28.795	28.785	
8731	672.44	28.759	28.795	28.785	
8732	672.54	28.759	28.795	28.785	
8733	672.64	28.76	28.796	28.786	
8734	672.74	28.76	28.796	28.786	
8735	672.84	28.76	28.796	28.786	
8736	672.94	28.76	28.796	28.786	
8737	673.	28.76	28.796	28.786	
8738	673.01	28.76	28.796	28.786	
8739	673.02	28.76	28.796	28.786	
8740	673.05	28.76	28.796	28.786	
8741	673.14	28.76	28.796	28.786	
8742	673.24	28.76	28.796	28.786	
8743	673.34	28.76	28.796	28.786	
8744	673.44	28.76	28.796	28.786	
8745	673.54	28.76	28.796	28.786	
8746	673.64	28.761	28.796	28.787	
8747	673.74	28.761	28.797	28.787	
8748	673.84	28.761	28.797	28.787	
8749	673.94	28.761	28.797	28.787	
8750	674.	28.761	28.797	28.787	
8751	674.01	28.761	28.797	28.787	
8752	674.02	28.761	28.797	28.787	
8753	674.05	28.761	28.797	28.787	
8754	674.14	28.761	28.797	28.787	
8755	674.24	28.761	28.797	28.787	
8756	674.34	28.761	28.797	28.787	
8757	674.44	28.761	28.797	28.787	
8758	674.54	28.761	28.797	28.787	
8759	674.64	28.762	28.797	28.788	
8760	674.74	28.762	28.798	28.788	
8761	674.84	28.762	28.798	28.788	
8762	674.94	28.762	28.798	28.788	
8763	675.	28.762	28.798	28.788	
8764	675.01	28.762	28.798	28.788	
8765	675.02	28.762	28.798	28.788	
8766	675.05	28.762	28.798	28.788	
8767	675.14	28.762	28.798	28.788	
8768	675.24	28.762	28.798	28.788	
8769	675.34	28.762	28.798	28.788	
8770	675.44	28.762	28.798	28.788	
8771	675.54	28.762	28.798	28.788	
8772	675.64	28.763	28.798	28.788	
8773	675.74	28.763	28.799	28.789	
8774	675.84	28.763	28.799	28.789	
8775	675.94	28.763	28.799	28.789	
8776	676.	28.763	28.799	28.789	
8777	676.01	28.763	28.799	28.789	
8778	676.02	28.763	28.799	28.789	
8779	676.05	28.763	28.799	28.789	
8780	676.14	28.763	28.799	28.789	
8781	676.24	28.763	28.799	28.789	
8782	676.34	28.763	28.799	28.789	
8783	676.44	28.763	28.799	28.789	
8784	676.54	28.763	28.799	28.789	
8785	676.64	28.763	28.799	28.789	
8786	676.74	28.764	28.8	28.79	
8787	676.84	28.764	28.8	28.79	
8788	676.94	28.764	28.8	28.79	
8789	677.	28.764	28.8	28.79	
8790	677.01	28.764	28.8	28.79	
8791	677.02	28.764	28.8	28.79	
8792	677.05	28.764	28.8	28.79	
8793	677.14	28.764	28.8	28.79	
8794	677.24	28.764	28.8	28.79	
8795	677.34	28.764	28.8	28.79	
8796	677.44	28.764	28.8	28.79	
8797	677.54	28.764	28.8	28.79	
8798	677.64	28.764	28.8	28.79	
8799	677.74	28.765	28.801	28.791	
8800	677.84	28.765	28.801	28.791	
8801	677.94	28.765	28.801	28.791	
8802	678.	28.765	28.801	28.791	
8803	678.01	28.765	28.801	28.791	
8804	678.02	28.765	28.801	28.791	
8805	678.05	28.765	28.801	28.791	
8806	678.14	28.765	28.801	28.791	
8807	678.24	28.765	28.801	28.791	
8808	678.34	28.765	28.801	28.791	
8809	678.44	28.765	28.801	28.791	
8810	678.54	28.765	28.801	28.791	
8811	678.64	28.765	28.801	28.791	
8812	678.74	28.766	28.801	28.792	
8813	678.84	28.766	28.802	28.792	
8814	678.94	28.766	28.802	28.792	
8815	679.	28.766	28.802	28.792	
8816	679.01	28.766	28.802	28.792	
8817	679.02	28.766	28.802	28.792	
8818	679.05	28.766	28.802	28.792	
8819	679.14	28.766	28.802	28.792	
8820	679.24	28.766	28.802	28.792	
8821	679.34	28.766	28.802	28.792	
8822	679.44	28.766	28.802	28.792	
8823	679.54	28.766	28.802	28.792	
8824	679.64	28.766	28.802	28.792	
8825	679.74	28.767	28.802	28.793	
8826	679.84	28.767	28.803	28.793	
8827	679.94	28.767	28.803	28.793	
8828	680.	28.767	28.803	28.793	
8829	680.01	28.767	28.803	28.793	
8830	680.02	28.767	28.803	28.793	
8831	680.05	28.767	28.803	28.793	
8832	680.14	28.767	28.803	28.793	
8833	680.24	28.767	28.803	28.793	
8834	680.34	28.767	28.803	28.793	
8835	680.44	28.767	28.803	28.793	
8836	680.54	28.767	28.803	28.793	
8837	680.64	28.767	28.803	28.793	
8838	680.74	28.767	28.803	28.793	
8839	680.84	28.768	28.804	28.794	
8840	680.94	28.768	28.804	28.794	
8841	681.	28.768	28.804	28.794	
8842	681.01	28.768	28.804	28.794	
8843	681.02	28.768	28.804	28.794	
8844	681.05	28.768	28.804	28.794	
8845	681.14	28.768	28.804	28.794	
8846	681.24	28.768	28.804	28.794	
8847	681.34	28.768	28.804	28.794	
8848	681.44	28.768	28.804	28.794	
8849	681.54	28.768	28.804	28.794	
8850	681.64	28.768	28.804	28.794	
8851	681.74	28.768	28.804	28.794	
8852	681.84	28.769	28.805	28.795	
8853	681.94	28.769	28.805	28.795	
8854	682.	28.769	28.805	28.795	
8855	682.01	28.769	28.805	28.795	
8856	682.02	28.769	28.805	28.795	
8857	682.05	28.769	28.805	28.795	
8858	682.14	28.769	28.805	28.795	
8859	682.24	28.769	28.805	28.795	
8860	682.34	28.769	28.805	28.795	
8861	682.44	28.769	28.805	28.795	
8862	682.54	28.769	28.805	28.795	
8863	682.64	28.769	28.805	28.795	
8864	682.74	28.769	28.805	28.795	
8865	682.84	28.77	28.806	28.796	
8866	682.94	28.77	28.806	28.796	
8867	683.	28.77	28.806	28.796	
8868	683.01	28.77	28.806	28.796	
8869	683.02	28.77	28.806	28.796	
8870	683.05	28.77	28.806	28.796	
8871	683.14	28.77	28.806	28.796	
8872	683.24	28.77	28.806	28.796	
8873	683.34	28.77	28.806	28.796	
8874	683.44	28.77	28.806	28.796	
8875	683.54	28.77	28.806	28.796	
8876	683.64	28.77	28.806	28.796	
8877	683.74	28.77	28.806	28.796	
8878	683.84	28.771	28.807	28.797	
8879	683.94	28.771	28.807	28.797	
8880	684.	28.771	28.807	28.797	
8881	684.01	28.771	28.807	28.797	
8882	684.02	28.771	28.807	28.797	
8883	684.05	28.771	28.807	28.797	
8884	684.14	28.771	28.807	28.797	
8885	684.24	28.771	28.807	28.797	
8886	684.34	28.771	28.807	28.797	
8887	684.44	28.771	28.807	28.797	
8888	684.54	28.771	28.807	28.797	
8889	684.64	28.771	28.807	28.797	
8890	684.74	28.771	28.807	28.797	
8891	684.84	28.771	28.807	28.798	
8892	684.94	28.772	28.808	28.798	
8893	685.	28.772	28.808	28.798	
8894	685.01	28.772	28.808	28.798	
8895	685.02	28.772	28.808	28.798	
8896	685.05	28.772	28.808	28.798	
8897	685.14	28.772	28.808	28.798	
8898	685.24	28.772	28.808	28.798	
8899	685.34	28.772	28.808	28.798	
8900	685.44	28.772	28.808	28.798	
8901	685.54	28.772	28.808	28.798	
8902	685.64	28.772	28.808	28.798	
8903	685.74	28.772	28.808	28.798	
8904	685.84	28.772	28.808	28.798	
8905	685.94	28.773	28.809	28.799	
8906	686.	28.773	28.809	28.799	
8907	686.01	28.773	28.809	28.799	
8908	686.02	28.773	28.809	28.799	
8909	686.05	28.773	28.809	28.799	
8910	686.14	28.773	28.809	28.799	
8911	686.24	28.773	28.809	28.799	
8912	686.34	28.773	28.809	28.799	
8913	686.44	28.773	28.809	28.799	
8914	686.54	28.773	28.809	28.799	
8915	686.64	28.773	28.809	28.799	
8916	686.74	28.773	28.809	28.799	
8917	686.84	28.773	28.809	28.799	
8918	686.94	28.774	28.81	28.8	
8919	687.	28.774	28.81	28.8	
8920	687.01	28.774	28.81	28.8	
8921	687.02	28.774	28.81	28.8	
8922	687.05	28.774	28.81	28.8	
8923	687.14	28.774	28.81	28.8	
8924	687.24	28.774	28.81	28.8	
8925	687.34	28.774	28.81	28.8	
8926	687.44	28.774	28.81	28.8	
8927	687.54	28.774	28.81	28.8	
8928	687.64	28.774	28.81	28.8	
8929	687.74	28.774	28.81	28.8	
8930	687.84	28.774	28.81	28.8	
8931	687.94	28.775	28.811	28.801	
8932	688.	28.775	28.811	28.801	
8933	688.01	28.775	28.811	28.801	
8934	688.02	28.775	28.811	28.801	
8935	688.05	28.775	28.811	28.801	
8936	688.14	28.775	28.811	28.801	
8937	688.24	28.775	28.811	28.801	
8938	688.34	28.775	28.811	28.801	
8939	688.44	28.775	28.811	28.801	
8940	688.54	28.775	28.811	28.801	
8941	688.64	28.775	28.811	28.801	
8942	688.74	28.775	28.811	28.801	
8943	688.84	28.775	28.811	28.801	
8944	688.94	28.775	28.812	28.802	
8945	689.	28.776	28.812	28.802	
8946	689.01	28.776	28.812	28.802	
8947	689.02	28.776	28.812	28.802	
8948	689.05	28.776	28.812	28.802	
8949	689.14	28.776	28.812	28.802	
8950	689.24	28.776	28.812	28.802	
8951	689.34	28.776	28.812	28.802	
8952	689.44	28.776	28.812	28.802	
8953	689.54	28.776	28.812	28.802	
8954	689.64	28.776	28.812	28.802	
8955	689.74	28.776	28.812	28.802	
8956	689.84	28.776	28.812	28.802	
8957	689.94	28.776	28.812	28.802	
8958	690.	28.777	28.813	28.803	
8959	690.01	28.777	28.813	28.803	
8960	690.02	28.777	28.813	28.803	
8961	690.05	28.777	28.813	28.803	
8962	690.14	28.777	28.813	28.803	
8963	690.24	28.777	28.813	28.803	
8964	690.34	28.777	28.813	28.803	
8965	690.44	28.777	28.813	28.803	
8966	690.54	28.777	28.813	28.803	
8967	690.64	28.777	28.813	28.803	
8968	690.74	28.777	28.813	28.803	
8969	690.84	28.777	28.813	28.803	
8970	690.94	28.777	28.813	28.803	
8971	691.	28.778	28.814	28.804	
8972	691.01	28.778	28.814	28.804	
8973	691.02	28.778	28.814	28.804	
8974	691.05	28.778	28.814	28.804	
8975	691.14	28.778	28.814	28.804	
8976	691.24	28.778	28.814	28.804	
8977	691.34	28.778	28.814	28.804	
8978	691.44	28.778	28.814	28.804	
8979	691.54	28.778	28.814	28.804	
8980	691.64	28.778	28.814	28.804	
8981	691.74	28.778	28.814	28.804	
8982	691.84	28.778	28.814	28.804	
8983	691.94	28.778	28.814	28.804	
8984	692.	28.778	28.815	28.805	
8985	692.01	28.778	28.815	28.805	
8986	692.02	28.778	28.815	28.805	
8987	692.05	28.779	28.815	28.805	
8988	692.14	28.779	28.815	28.805	
8989	692.24	28.779	28.815	28.805	
8990	692.34	28.779	28.815	28.805	
8991	692.44	28.779	28.815	28.805	
8992	692.54	28.779	28.815	28.805	
8993	692.64	28.779	28.815	28.805	
8994	692.74	28.779	28.815	28.805	
8995	692.84	28.779	28.815	28.805	
8996	692.94	28.779	28.815	28.805	
8997	693.	28.779	28.815	28.805	
8998	693.01	28.779	28.815	28.805	
8999	693.02	28.779	28.816	28.806	
9000	693.05	28.779	28.816	28.806	
9001	693.14	28.78	28.816	28.806	
9002	693.24	28.78	28.816	28.806	
9003	693.34	28.78	28.816	28.806	
9004	693.44	28.78	28.816	28.806	
9005	693.54	28.78	28.816	28.806	
9006	693.64	28.78	28.816	28.806	
9007	693.74	28.78	28.816	28.806	
9008	693.84	28.78	28.816	28.806	
9009	693.94	28.78	28.816	28.806	
9010	694.	28.78	28.816	28.806	
9011	694.01	28.78	28.816	28.806	
9012	694.02	28.78	28.816	28.806	
9013	694.05	28.78	28.817	28.807	
9014	694.14	28.781	28.817	28.807	
9015	694.24	28.781	28.817	28.807	
9016	694.34	28.781	28.817	28.807	
9017	694.44	28.781	28.817	28.807	
9018	694.54	28.781	28.817	28.807	
9019	694.64	28.781	28.817	28.807	
9020	694.74	28.781	28.817	28.807	
9021	694.84	28.781	28.817	28.807	
9022	694.94	28.781	28.817	28.807	
9023	695.	28.781	28.817	28.807	
9024	695.01	28.781	28.817	28.807	
9025	695.02	28.781	28.817	28.807	
9026	695.05	28.781	28.817	28.807	
9027	695.14	28.782	28.818	28.808	
9028	695.24	28.782	28.818	28.808	
9029	695.34	28.782	28.818	28.808	
9030	695.44	28.782	28.818	28.808	
9031	695.54	28.782	28.818	28.808	
9032	695.64	28.782	28.818	28.808	
9033	695.74	28.782	28.818	28.808	
9034	695.84	28.782	28.818	28.808	
9035	695.94	28.782	28.818	28.808	
9036	696.	28.782	28.818	28.808	
9037	696.01	28.782	28.818	28.808	
9038	696.02	28.782	28.818	28.808	
9039	696.05	28.782	28.818	28.808	
9040	696.14	28.783	28.819	28.809	
9041	696.24	28.783	28.819	28.809	
9042	696.34	28.783	28.819	28.809	
9043	696.44	28.783	28.819	28.809	
9044	696.54	28.783	28.819	28.809	
9045	696.64	28.783	28.819	28.809	
9046	696.74	28.783	28.819	28.809	
9047	696.84	28.783	28.819	28.809	
9048	696.94	28.783	28.819	28.809	
9049	697.	28.783	28.819	28.809	
9050	697.01	28.783	28.819	28.809	
9051	697.02	28.783	28.819	28.809	
9052	697.05	28.783	28.819	28.809	
9053	697.14	28.783	28.82	28.81	
9054	697.24	28.784	28.82	28.81	
9055	697.34	28.784	28.82	28.81	
9056	697.44	28.784	28.82	28.81	
9057	697.54	28.784	28.82	28.81	
9058	697.64	28.784	28.82	28.81	
9059	697.74	28.784	28.82	28.81	
9060	697.84	28.784	28.82	28.81	
9061	697.94	28.784	28.82	28.81	
9062	698.	28.784	28.82	28.81	
9063	698.01	28.784	28.82	28.81	
9064	698.02	28.784	28.82	28.81	
9065	698.05	28.784	28.82	28.81	
9066	698.14	28.784	28.821	28.811	
9067	698.24	28.785	28.821	28.811	
9068	698.34	28.785	28.821	28.811	
9069	698.44	28.785	28.821	28.811	
9070	698.54	28.785	28.821	28.811	
9071	698.64	28.785	28.821	28.811	
9072	698.74	28.785	28.821	28.811	
9073	698.84	28.785	28.821	28.811	
9074	698.94	28.785	28.821	28.811	
9075	699.	28.785	28.821	28.811	
9076	699.01	28.785	28.821	28.811	
9077	699.02	28.785	28.821	28.811	
9078	699.05	28.785	28.821	28.811	
9079	699.14	28.785	28.821	28.811	
9080	699.24	28.786	28.822	28.812	
9081	699.34	28.786	28.822	28.812	
9082	699.44	28.786	28.822	28.812	
9083	699.54	28.786	28.822	28.812	
9084	699.64	28.786	28.822	28.812	
9085	699.74	28.786	28.822	28.812	
9086	699.84	28.786	28.822	28.812	
9087	699.94	28.786	28.822	28.812	
9088	700.	28.786	28.822	28.812	
9089	700.01	28.786	28.822	28.812	
9090	700.02	28.786	28.822	28.812	
9091	700.05	28.786	28.822	28.812	
9092	700.14	28.786	28.822	28.812	
9093	700.24	28.787	28.823	28.813	
9094	700.34	28.787	28.823	28.813	
9095	700.44	28.787	28.823	28.813	
9096	700.54	28.787	28.823	28.813	
9097	700.64	28.787	28.823	28.813	
9098	700.74	28.787	28.823	28.813	
9099	700.84	28.787	28.823	28.813	
9100	700.94	28.787	28.823	28.813	
9101	701.	28.787	28.823	28.813	
9102	701.01	28.787	28.823	28.813	
9103	701.02	28.787	28.823	28.813	
9104	701.05	28.787	28.823	28.813	
9105	701.14	28.787	28.823	28.813	
9106	701.24	28.787	28.824	28.814	
9107	701.34	28.788	28.824	28.814	
9108	701.44	28.788	28.824	28.814	
9109	701.54	28.788	28.824	28.814	
9110	701.64	28.788	28.824	28.814	
9111	701.74	28.788	28.824	28.814	
9112	701.84	28.788	28.824	28.814	
9113	701.94	28.788	28.824	28.814	
9114	702.	28.788	28.824	28.814	
9115	702.01	28.788	28.824	28.814	
9116	702.02	28.788	28.824	28.814	
9117	702.05	28.788	28.824	28.814	
9118	702.14	28.788	28.824	28.814	
9119	702.24	28.788	28.825	28.815	
9120	702.34	28.789	28.825	28.815	
9121	702.44	28.789	28.825	28.815	
9122	702.54	28.789	28.825	28.815	
9123	702.64	28.789	28.825	28.815	
9124	702.74	28.789	28.825	28.815	
9125	702.84	28.789	28.825	28.815	
9126	702.94	28.789	28.825	28.815	
9127	703.	28.789	28.825	28.815	
9128	703.01	28.789	28.825	28.815	
9129	703.02	28.789	28.825	28.815	
9130	703.05	28.789	28.825	28.815	
9131	703.14	28.789	28.825	28.815	
9132	703.24	28.789	28.826	28.816	
9133	703.34	28.79	28.826	28.816	
9134	703.44	28.79	28.826	28.816	
9135	703.54	28.79	28.826	28.816	
9136	703.64	28.79	28.826	28.816	
9137	703.74	28.79	28.826	28.816	
9138	703.84	28.79	28.826	28.816	
9139	703.94	28.79	28.826	28.816	
9140	704.	28.79	28.826	28.816	
9141	704.01	28.79	28.826	28.816	
9142	704.02	28.79	28.826	28.816	
9143	704.05	28.79	28.826	28.816	
9144	704.14	28.79	28.826	28.816	
9145	704.24	28.79	28.826	28.816	
9146	704.34	28.79	28.827	28.817	
9147	704.44	28.791	28.827	28.817	
9148	704.54	28.791	28.827	28.817	
9149	704.64	28.791	28.827	28.817	
9150	704.74	28.791	28.827	28.817	
9151	704.84	28.791	28.827	28.817	
9152	704.94	28.791	28.827	28.817	
9153	705.	28.791	28.827	28.817	
9154	705.01	28.791	28.827	28.817	
9155	705.02	28.791	28.827	28.817	
9156	705.05	28.791	28.827	28.817	
9157	705.14	28.791	28.827	28.817	
9158	705.24	28.791	28.827	28.817	
9159	705.34	28.791	28.828	28.818	
9160	705.44	28.792	28.828	28.818	
9161	705.54	28.792	28.828	28.818	
9162	705.64	28.792	28.828	28.818	
9163	705.74	28.792	28.828	28.818	
9164	705.84	28.792	28.828	28.818	
9165	705.94	28.792	28.828	28.818	
9166	706.	28.792	28.828	28.818	
9167	706.01	28.792	28.828	28.818	
9168	706.02	28.792	28.828	28.818	
9169	706.05	28.792	28.828	28.818	
9170	706.14	28.792	28.828	28.818	
9171	706.24	28.792	28.828	28.818	
9172	706.34	28.792	28.829	28.819	
9173	706.44	28.793	28.829	28.819	
9174	706.54	28.793	28.829	28.819	
9175	706.64	28.793	28.829	28.819	
9176	706.74	28.793	28.829	28.819	
9177	706.84	28.793	28.829	28.819	
9178	706.94	28.793	28.829	28.819	
9179	707.	28.793	28.829	28.819	
9180	707.01	28.793	28.829	28.819	
9181	707.02	28.793	28.829	28.819	
9182	707.05	28.793	28.829	28.819	
9183	707.14	28.793	28.829	28.819	
9184	707.24	28.793	28.829	28.819	
9185	707.34	28.793	28.83	28.82	
9186	707.44	28.794	28.83	28.82	
9187	707.54	28.794	28.83	28.82	
9188	707.64	28.794	28.83	28.82	
9189	707.74	28.794	28.83	28.82	
9190	707.84	28.794	28.83	28.82	
9191	707.94	28.794	28.83	28.82	
9192	708.	28.794	28.83	28.82	
9193	708.01	28.794	28.83	28.82	
9194	708.02	28.794	28.83	28.82	
9195	708.05	28.794	28.83	28.82	
9196	708.14	28.794	28.83	28.82	
9197	708.24	28.794	28.83	28.82	
9198	708.34	28.794	28.83	28.82	
9199	708.44	28.794	28.831	28.821	
9200	708.54	28.795	28.831	28.821	
9201	708.64	28.795	28.831	28.821	
9202	708.74	28.795	28.831	28.821	
9203	708.84	28.795	28.831	28.821	
9204	708.94	28.795	28.831	28.821	
9205	709.	28.795	28.831	28.821	
9206	709.01	28.795	28.831	28.821	
9207	709.02	28.795	28.831	28.821	
9208	709.05	28.795	28.831	28.821	
9209	709.14	28.795	28.831	28.821	
9210	709.24	28.795	28.831	28.821	
9211	709.34	28.795	28.831	28.821	
9212	709.44	28.795	28.832	28.822	
9213	709.54	28.796	28.832	28.822	
9214	709.64	28.796	28.832	28.822	
9215	709.74	28.796	28.832	28.822	
9216	709.84	28.796	28.832	28.822	
9217	709.94	28.796	28.832	28.822	
9218	710.	28.796	28.832	28.822	
9219	710.01	28.796	28.832	28.822	
9220	710.02	28.796	28.832	28.822	
9221	710.05	28.796	28.832	28.822	
9222	710.14	28.796	28.832	28.822	
9223	710.24	28.796	28.832	28.822	
9224	710.34	28.796	28.832	28.822	
9225	710.44	28.796	28.833	28.823	
9226	710.54	28.797	28.833	28.823	
9227	710.64	28.797	28.833	28.823	
9228	710.74	28.797	28.833	28.823	
9229	710.84	28.797	28.833	28.823	
9230	710.94	28.797	28.833	28.823	
9231	711.	28.797	28.833	28.823	
9232	711.01	28.797	28.833	28.823	
9233	711.02	28.797	28.833	28.823	
9234	711.05	28.797	28.833	28.823	
9235	711.14	28.797	28.833	28.823	
9236	711.24	28.797	28.833	28.823	
9237	711.34	28.797	28.833	28.823	
9238	711.44	28.797	28.834	28.824	
9239	711.54	28.798	28.834	28.824	
9240	711.64	28.798	28.834	28.824	
9241	711.74	28.798	28.834	28.824	
9242	711.84	28.798	28.834	28.824	
9243	711.94	28.798	28.834	28.824	
9244	712.	28.798	28.834	28.824	
9245	712.01	28.798	28.834	28.824	
9246	712.02	28.798	28.834	28.824	
9247	712.05	28.798	28.834	28.824	
9248	712.14	28.798	28.834	28.824	
9249	712.24	28.798	28.834	28.824	
9250	712.34	28.798	28.834	28.824	
9251	712.44	28.798	28.835	28.824	
9252	712.54	28.798	28.835	28.825	
9253	712.64	28.799	28.835	28.825	
9254	712.74	28.799	28.835	28.825	
9255	712.84	28.799	28.835	28.825	
9256	712.94	28.799	28.835	28.825	
9257	713.	28.799	28.835	28.825	
9258	713.01	28.799	28.835	28.825	
9259	713.02	28.799	28.835	28.825	
9260	713.05	28.799	28.835	28.825	
9261	713.14	28.799	28.835	28.825	
9262	713.24	28.799	28.835	28.825	
9263	713.34	28.799	28.835	28.825	
9264	713.44	28.799	28.835	28.825	
9265	713.54	28.799	28.836	28.826	
9266	713.64	28.8	28.836	28.826	
9267	713.74	28.8	28.836	28.826	
9268	713.84	28.8	28.836	28.826	
9269	713.94	28.8	28.836	28.826	
9270	714.	28.8	28.836	28.826	
9271	714.01	28.8	28.836	28.826	
9272	714.02	28.8	28.836	28.826	
9273	714.05	28.8	28.836	28.826	
9274	714.14	28.8	28.836	28.826	
9275	714.24	28.8	28.836	28.826	
9276	714.34	28.8	28.836	28.826	
9277	714.44	28.8	28.836	28.826	
9278	714.54	28.8	28.837	28.827	
9279	714.64	28.801	28.837	28.827	
9280	714.74	28.801	28.837	28.827	
9281	714.84	28.801	28.837	28.827	
9282	714.94	28.801	28.837	28.827	
9283	715.	28.801	28.837	28.827	
9284	715.01	28.801	28.837	28.827	
9285	715.02	28.801	28.837	28.827	
9286	715.05	28.801	28.837	28.827	
9287	715.14	28.801	28.837	28.827	
9288	715.24	28.801	28.837	28.827	
9289	715.34	28.801	28.837	28.827	
9290	715.44	28.801	28.837	28.827	
9291	715.54	28.801	28.838	28.828	
9292	715.64	28.801	28.838	28.828	
9293	715.74	28.802	28.838	28.828	
9294	715.84	28.802	28.838	28.828	
9295	715.94	28.802	28.838	28.828	
9296	716.	28.802	28.838	28.828	
9297	716.01	28.802	28.838	28.828	
9298	716.02	28.802	28.838	28.828	
9299	716.05	28.802	28.838	28.828	
9300	716.14	28.802	28.838	28.828	
9301	716.24	28.802	28.838	28.828	
9302	716.34	28.802	28.838	28.828	
9303	716.44	28.802	28.838	28.828	
9304	716.54	28.802	28.839	28.828	
9305	716.64	28.802	28.839	28.829	
9306	716.74	28.803	28.839	28.829	
9307	716.84	28.803	28.839	28.829	
9308	716.94	28.803	28.839	28.829	
9309	717.	28.803	28.839	28.829	
9310	717.01	28.803	28.839	28.829	
9311	717.02	28.803	28.839	28.829	
9312	717.05	28.803	28.839	28.829	
9313	717.14	28.803	28.839	28.829	
9314	717.24	28.803	28.839	28.829	
9315	717.34	28.803	28.839	28.829	
9316	717.44	28.803	28.839	28.829	
9317	717.54	28.803	28.839	28.829	
9318	717.64	28.803	28.84	28.83	
9319	717.74	28.804	28.84	28.83	
9320	717.84	28.804	28.84	28.83	
9321	717.94	28.804	28.84	28.83	
9322	718.	28.804	28.84	28.83	
9323	718.01	28.804	28.84	28.83	
9324	718.02	28.804	28.84	28.83	
9325	718.05	28.804	28.84	28.83	
9326	718.14	28.804	28.84	28.83	
9327	718.24	28.804	28.84	28.83	
9328	718.34	28.804	28.84	28.83	
9329	718.44	28.804	28.84	28.83	
9330	718.54	28.804	28.84	28.83	
9331	718.64	28.804	28.841	28.831	
9332	718.74	28.804	28.841	28.831	
9333	718.84	28.805	28.841	28.831	
9334	718.94	28.805	28.841	28.831	
9335	719.	28.805	28.841	28.831	
9336	719.01	28.805	28.841	28.831	
9337	719.02	28.805	28.841	28.831	
9338	719.05	28.805	28.841	28.831	
9339	719.14	28.805	28.841	28.831	
9340	719.24	28.805	28.841	28.831	
9341	719.34	28.805	28.841	28.831	
9342	719.44	28.805	28.841	28.831	
9343	719.54	28.805	28.841	28.831	
9344	719.64	28.805	28.842	28.832	
9345	719.74	28.805	28.842	28.832	
9346	719.84	28.806	28.842	28.832	
9347	719.94	28.806	28.842	28.832	
9348	720.	28.806	28.842	28.832	
9349	720.01	28.806	28.842	28.832	
9350	720.02	28.806	28.842	28.832	
9351	720.05	28.806	28.842	28.832	
9352	720.14	28.806	28.842	28.832	
9353	720.24	28.806	28.842	28.832	
9354	720.34	28.806	28.842	28.832	
9355	720.44	28.806	28.842	28.832	
9356	720.54	28.806	28.842	28.832	
9357	720.64	28.806	28.843	28.832	
9358	720.74	28.806	28.843	28.833	
9359	720.84	28.807	28.843	28.833	
9360	720.94	28.807	28.843	28.833	
9361	721.	28.807	28.843	28.833	
9362	721.01	28.807	28.843	28.833	
9363	721.02	28.807	28.843	28.833	
9364	721.05	28.807	28.843	28.833	
9365	721.14	28.807	28.843	28.833	
9366	721.24	28.807	28.843	28.833	
9367	721.34	28.807	28.843	28.833	
9368	721.44	28.807	28.843	28.833	
9369	721.54	28.807	28.843	28.833	
9370	721.64	28.807	28.843	28.833	
9371	721.74	28.807	28.844	28.834	
9372	721.84	28.808	28.844	28.834	
9373	721.94	28.808	28.844	28.834	
9374	722.	28.808	28.844	28.834	
9375	722.01	28.808	28.844	28.834	
9376	722.02	28.808	28.844	28.834	
9377	722.05	28.808	28.844	28.834	
9378	722.14	28.808	28.844	28.834	
9379	722.24	28.808	28.844	28.834	
9380	722.34	28.808	28.844	28.834	
9381	722.44	28.808	28.844	28.834	
9382	722.54	28.808	28.844	28.834	
9383	722.64	28.808	28.844	28.834	
9384	722.74	28.808	28.845	28.835	
9385	722.84	28.808	28.845	28.835	
9386	722.94	28.809	28.845	28.835	
9387	723.	28.809	28.845	28.835	
9388	723.01	28.809	28.845	28.835	
9389	723.02	28.809	28.845	28.835	
9390	723.05	28.809	28.845	28.835	
9391	723.14	28.809	28.845	28.835	
9392	723.24	28.809	28.845	28.835	
9393	723.34	28.809	28.845	28.835	
9394	723.44	28.809	28.845	28.835	
9395	723.54	28.809	28.845	28.835	
9396	723.64	28.809	28.845	28.835	
9397	723.74	28.809	28.846	28.836	
9398	723.84	28.809	28.846	28.836	
9399	723.94	28.81	28.846	28.836	
9400	724.	28.81	28.846	28.836	
9401	724.01	28.81	28.846	28.836	
9402	724.02	28.81	28.846	28.836	
9403	724.05	28.81	28.846	28.836	
9404	724.14	28.81	28.846	28.836	
9405	724.24	28.81	28.846	28.836	
9406	724.34	28.81	28.846	28.836	
9407	724.44	28.81	28.846	28.836	
9408	724.54	28.81	28.846	28.836	
9409	724.64	28.81	28.846	28.836	
9410	724.74	28.81	28.847	28.836	
9411	724.84	28.81	28.847	28.837	
9412	724.94	28.811	28.847	28.837	
9413	725.	28.811	28.847	28.837	
9414	725.01	28.811	28.847	28.837	
9415	725.02	28.811	28.847	28.837	
9416	725.05	28.811	28.847	28.837	
9417	725.14	28.811	28.847	28.837	
9418	725.24	28.811	28.847	28.837	
9419	725.34	28.811	28.847	28.837	
9420	725.44	28.811	28.847	28.837	
9421	725.54	28.811	28.847	28.837	
9422	725.64	28.811	28.847	28.837	
9423	725.74	28.811	28.847	28.837	
9424	725.84	28.811	28.848	28.838	
9425	725.94	28.811	28.848	28.838	
9426	726.	28.812	28.848	28.838	
9427	726.01	28.812	28.848	28.838	
9428	726.02	28.812	28.848	28.838	
9429	726.05	28.812	28.848	28.838	
9430	726.14	28.812	28.848	28.838	
9431	726.24	28.812	28.848	28.838	
9432	726.34	28.812	28.848	28.838	
9433	726.44	28.812	28.848	28.838	
9434	726.54	28.812	28.848	28.838	
9435	726.64	28.812	28.848	28.838	
9436	726.74	28.812	28.848	28.838	
9437	726.84	28.812	28.849	28.839	
9438	726.94	28.812	28.849	28.839	
9439	727.	28.813	28.849	28.839	
9440	727.01	28.813	28.849	28.839	
9441	727.02	28.813	28.849	28.839	
9442	727.05	28.813	28.849	28.839	
9443	727.14	28.813	28.849	28.839	
9444	727.24	28.813	28.849	28.839	
9445	727.34	28.813	28.849	28.839	
9446	727.44	28.813	28.849	28.839	
9447	727.54	28.813	28.849	28.839	
9448	727.64	28.813	28.849	28.839	
9449	727.74	28.813	28.849	28.839	
9450	727.84	28.813	28.85	28.839	
9451	727.94	28.813	28.85	28.84	
9452	728.	28.813	28.85	28.84	
9453	728.01	28.813	28.85	28.84	
9454	728.02	28.814	28.85	28.84	
9455	728.05	28.814	28.85	28.84	
9456	728.14	28.814	28.85	28.84	
9457	728.24	28.814	28.85	28.84	
9458	728.34	28.814	28.85	28.84	
9459	728.44	28.814	28.85	28.84	
9460	728.54	28.814	28.85	28.84	
9461	728.64	28.814	28.85	28.84	
9462	728.74	28.814	28.85	28.84	
9463	728.84	28.814	28.851	28.84	
9464	728.94	28.814	28.851	28.841	
9465	729.	28.814	28.851	28.841	
9466	729.01	28.814	28.851	28.841	
9467	729.02	28.814	28.851	28.841	
9468	729.05	28.815	28.851	28.841	
9469	729.14	28.815	28.851	28.841	
9470	729.24	28.815	28.851	28.841	
9471	729.34	28.815	28.851	28.841	
9472	729.44	28.815	28.851	28.841	
9473	729.54	28.815	28.851	28.841	
9474	729.64	28.815	28.851	28.841	
9475	729.74	28.815	28.851	28.841	
9476	729.84	28.815	28.851	28.841	
9477	729.94	28.815	28.852	28.842	
9478	730.	28.815	28.852	28.842	
9479	730.01	28.815	28.852	28.842	
9480	730.02	28.815	28.852	28.842	
9481	730.05	28.815	28.852	28.842	
9482	730.14	28.816	28.852	28.842	
9483	730.24	28.816	28.852	28.842	
9484	730.34	28.816	28.852	28.842	
9485	730.44	28.816	28.852	28.842	
9486	730.54	28.816	28.852	28.842	
9487	730.64	28.816	28.852	28.842	
9488	730.74	28.816	28.852	28.842	
9489	730.84	28.816	28.852	28.842	
9490	730.94	28.816	28.853	28.843	
9491	731.	28.816	28.853	28.843	
9492	731.01	28.816	28.853	28.843	
9493	731.02	28.816	28.853	28.843	
9494	731.05	28.816	28.853	28.843	
9495	731.14	28.817	28.853	28.843	
9496	731.24	28.817	28.853	28.843	
9497	731.34	28.817	28.853	28.843	
9498	731.44	28.817	28.853	28.843	
9499	731.54	28.817	28.853	28.843	
9500	731.64	28.817	28.853	28.843	
9501	731.74	28.817	28.853	28.843	
9502	731.84	28.817	28.853	28.843	
9503	731.94	28.817	28.854	28.843	
9504	732.	28.817	28.854	28.844	
9505	732.01	28.817	28.854	28.844	
9506	732.02	28.817	28.854	28.844	
9507	732.05	28.817	28.854	28.844	
9508	732.14	28.818	28.854	28.844	
9509	732.24	28.818	28.854	28.844	
9510	732.34	28.818	28.854	28.844	
9511	732.44	28.818	28.854	28.844	
9512	732.54	28.818	28.854	28.844	
9513	732.64	28.818	28.854	28.844	
9514	732.74	28.818	28.854	28.844	
9515	732.84	28.818	28.854	28.844	
9516	732.94	28.818	28.855	28.844	
9517	733.	28.818	28.855	28.845	
9518	733.01	28.818	28.855	28.845	
9519	733.02	28.818	28.855	28.845	
9520	733.05	28.818	28.855	28.845	
9521	733.14	28.818	28.855	28.845	
9522	733.24	28.819	28.855	28.845	
9523	733.34	28.819	28.855	28.845	
9524	733.44	28.819	28.855	28.845	
9525	733.54	28.819	28.855	28.845	
9526	733.64	28.819	28.855	28.845	
9527	733.74	28.819	28.855	28.845	
9528	733.84	28.819	28.855	28.845	
9529	733.94	28.819	28.855	28.845	
9530	734.	28.819	28.856	28.845	
9531	734.01	28.819	28.856	28.846	
9532	734.02	28.819	28.856	28.846	
9533	734.05	28.819	28.856	28.846	
9534	734.14	28.819	28.856	28.846	
9535	734.24	28.82	28.856	28.846	
9536	734.34	28.82	28.856	28.846	
9537	734.44	28.82	28.856	28.846	
9538	734.54	28.82	28.856	28.846	
9539	734.64	28.82	28.856	28.846	
9540	734.74	28.82	28.856	28.846	
9541	734.84	28.82	28.856	28.846	
9542	734.94	28.82	28.856	28.846	
9543	735.	28.82	28.857	28.846	
9544	735.01	28.82	28.857	28.846	
9545	735.02	28.82	28.857	28.846	
9546	735.05	28.82	28.857	28.847	
9547	735.14	28.82	28.857	28.847	
9548	735.24	28.821	28.857	28.847	
9549	735.34	28.821	28.857	28.847	
9550	735.44	28.821	28.857	28.847	
9551	735.54	28.821	28.857	28.847	
9552	735.64	28.821	28.857	28.847	
9553	735.74	28.821	28.857	28.847	
9554	735.84	28.821	28.857	28.847	
9555	735.94	28.821	28.857	28.847	
9556	736.	28.821	28.857	28.847	
9557	736.01	28.821	28.858	28.847	
9558	736.02	28.821	28.858	28.847	
9559	736.05	28.821	28.858	28.847	
9560	736.14	28.821	28.858	28.848	
9561	736.24	28.821	28.858	28.848	
9562	736.34	28.822	28.858	28.848	
9563	736.44	28.822	28.858	28.848	
9564	736.54	28.822	28.858	28.848	
9565	736.64	28.822	28.858	28.848	
9566	736.74	28.822	28.858	28.848	
9567	736.84	28.822	28.858	28.848	
9568	736.94	28.822	28.858	28.848	
9569	737.	28.822	28.858	28.848	
9570	737.01	28.822	28.858	28.848	
9571	737.02	28.822	28.858	28.848	
9572	737.05	28.822	28.859	28.848	
9573	737.14	28.822	28.859	28.849	
9574	737.24	28.822	28.859	28.849	
9575	737.34	28.823	28.859	28.849	
9576	737.44	28.823	28.859	28.849	
9577	737.54	28.823	28.859	28.849	
9578	737.64	28.823	28.859	28.849	
9579	737.74	28.823	28.859	28.849	
9580	737.84	28.823	28.859	28.849	
9581	737.94	28.823	28.859	28.849	
9582	738.	28.823	28.859	28.849	
9583	738.01	28.823	28.859	28.849	
9584	738.02	28.823	28.859	28.849	
9585	738.05	28.823	28.859	28.849	
9586	738.14	28.823	28.86	28.85	
9587	738.24	28.823	28.86	28.85	
9588	738.34	28.824	28.86	28.85	
9589	738.44	28.824	28.86	28.85	
9590	738.54	28.824	28.86	28.85	
9591	738.64	28.824	28.86	28.85	
9592	738.74	28.824	28.86	28.85	
9593	738.84	28.824	28.86	28.85	
9594	738.94	28.824	28.86	28.85	
9595	739.	28.824	28.86	28.85	
9596	739.01	28.824	28.86	28.85	
9597	739.02	28.824	28.86	28.85	
9598	739.05	28.824	28.86	28.85	
9599	739.14	28.824	28.861	28.85	
9600	739.24	28.824	28.861	28.851	
9601	739.34	28.824	28.861	28.851	
9602	739.44	28.825	28.861	28.851	
9603	739.54	28.825	28.861	28.851	
9604	739.64	28.825	28.861	28.851	
9605	739.74	28.825	28.861	28.851	
9606	739.84	28.825	28.861	28.851	
9607	739.94	28.825	28.861	28.851	
9608	740.	28.825	28.861	28.851	
9609	740.01	28.825	28.861	28.851	
9610	740.02	28.825	28.861	28.851	
9611	740.05	28.825	28.861	28.851	
9612	740.14	28.825	28.862	28.851	
9613	740.24	28.825	28.862	28.852	
9614	740.34	28.825	28.862	28.852	
9615	740.44	28.826	28.862	28.852	
9616	740.54	28.826	28.862	28.852	
9617	740.64	28.826	28.862	28.852	
9618	740.74	28.826	28.862	28.852	
9619	740.84	28.826	28.862	28.852	
9620	740.94	28.826	28.862	28.852	
9621	741.	28.826	28.862	28.852	
9622	741.01	28.826	28.862	28.852	
9623	741.02	28.826	28.862	28.852	
9624	741.05	28.826	28.862	28.852	
9625	741.14	28.826	28.862	28.852	
9626	741.24	28.826	28.863	28.853	
9627	741.34	28.826	28.863	28.853	
9628	741.44	28.827	28.863	28.853	
9629	741.54	28.827	28.863	28.853	
9630	741.64	28.827	28.863	28.853	
9631	741.74	28.827	28.863	28.853	
9632	741.84	28.827	28.863	28.853	
9633	741.94	28.827	28.863	28.853	
9634	742.	28.827	28.863	28.853	
9635	742.01	28.827	28.863	28.853	
9636	742.02	28.827	28.863	28.853	
9637	742.05	28.827	28.863	28.853	
9638	742.14	28.827	28.863	28.853	
9639	742.24	28.827	28.864	28.854	
9640	742.34	28.827	28.864	28.854	
9641	742.44	28.827	28.864	28.854	
9642	742.54	28.828	28.864	28.854	
9643	742.64	28.828	28.864	28.854	
9644	742.74	28.828	28.864	28.854	
9645	742.84	28.828	28.864	28.854	
9646	742.94	28.828	28.864	28.854	
9647	743.	28.828	28.864	28.854	
9648	743.01	28.828	28.864	28.854	
9649	743.02	28.828	28.864	28.854	
9650	743.05	28.828	28.864	28.854	
9651	743.14	28.828	28.864	28.854	
9652	743.24	28.828	28.865	28.854	
9653	743.34	28.828	28.865	28.855	
9654	743.44	28.828	28.865	28.855	
9655	743.54	28.829	28.865	28.855	
9656	743.64	28.829	28.865	28.855	
9657	743.74	28.829	28.865	28.855	
9658	743.84	28.829	28.865	28.855	
9659	743.94	28.829	28.865	28.855	
9660	744.	28.829	28.865	28.855	
9661	744.01	28.829	28.865	28.855	
9662	744.02	28.829	28.865	28.855	
9663	744.05	28.829	28.865	28.855	
9664	744.14	28.829	28.865	28.855	
9665	744.24	28.829	28.866	28.855	
9666	744.34	28.829	28.866	28.856	
9667	744.44	28.829	28.866	28.856	
9668	744.54	28.83	28.866	28.856	
9669	744.64	28.83	28.866	28.856	
9670	744.74	28.83	28.866	28.856	
9671	744.84	28.83	28.866	28.856	
9672	744.94	28.83	28.866	28.856	
9673	745.	28.83	28.866	28.856	
9674	745.01	28.83	28.866	28.856	
9675	745.02	28.83	28.866	28.856	
9676	745.05	28.83	28.866	28.856	
9677	745.14	28.83	28.866	28.856	
9678	745.24	28.83	28.866	28.856	
9679	745.34	28.83	28.867	28.857	
9680	745.44	28.83	28.867	28.857	
9681	745.54	28.83	28.867	28.857	
9682	745.64	28.831	28.867	28.857	
9683	745.74	28.831	28.867	28.857	
9684	745.84	28.831	28.867	28.857	
9685	745.94	28.831	28.867	28.857	
9686	746.	28.831	28.867	28.857	
9687	746.01	28.831	28.867	28.857	
9688	746.02	28.831	28.867	28.857	
9689	746.05	28.831	28.867	28.857	
9690	746.14	28.831	28.867	28.857	
9691	746.24	28.831	28.867	28.857	
9692	746.34	28.831	28.868	28.857	
9693	746.44	28.831	28.868	28.858	
9694	746.54	28.831	28.868	28.858	
9695	746.64	28.832	28.868	28.858	
9696	746.74	28.832	28.868	28.858	
9697	746.84	28.832	28.868	28.858	
9698	746.94	28.832	28.868	28.858	
9699	747.	28.832	28.868	28.858	
9700	747.01	28.832	28.868	28.858	
9701	747.02	28.832	28.868	28.858	
9702	747.05	28.832	28.868	28.858	
9703	747.14	28.832	28.868	28.858	
9704	747.24	28.832	28.868	28.858	
9705	747.34	28.832	28.869	28.858	
9706	747.44	28.832	28.869	28.859	
9707	747.54	28.832	28.869	28.859	
9708	747.64	28.833	28.869	28.859	
9709	747.74	28.833	28.869	28.859	
9710	747.84	28.833	28.869	28.859	
9711	747.94	28.833	28.869	28.859	
9712	748.	28.833	28.869	28.859	
9713	748.01	28.833	28.869	28.859	
9714	748.02	28.833	28.869	28.859	
9715	748.05	28.833	28.869	28.859	
9716	748.14	28.833	28.869	28.859	
9717	748.24	28.833	28.869	28.859	
9718	748.34	28.833	28.87	28.859	
9719	748.44	28.833	28.87	28.86	
9720	748.54	28.833	28.87	28.86	
9721	748.64	28.833	28.87	28.86	
9722	748.74	28.834	28.87	28.86	
9723	748.84	28.834	28.87	28.86	
9724	748.94	28.834	28.87	28.86	
9725	749.	28.834	28.87	28.86	
9726	749.01	28.834	28.87	28.86	
9727	749.02	28.834	28.87	28.86	
9728	749.05	28.834	28.87	28.86	
9729	749.14	28.834	28.87	28.86	
9730	749.24	28.834	28.87	28.86	
9731	749.34	28.834	28.87	28.86	
9732	749.44	28.834	28.871	28.861	
9733	749.54	28.834	28.871	28.861	
9734	749.64	28.834	28.871	28.861	
9735	749.74	28.835	28.871	28.861	
9736	749.84	28.835	28.871	28.861	
9737	749.94	28.835	28.871	28.861	
9738	750.	28.835	28.871	28.861	
9739	750.01	28.835	28.871	28.861	
9740	750.02	28.835	28.871	28.861	
9741	750.05	28.835	28.871	28.861	
9742	750.14	28.835	28.871	28.861	
9743	750.24	28.835	28.871	28.861	
9744	750.34	28.835	28.871	28.861	
9745	750.44	28.835	28.872	28.861	
9746	750.54	28.835	28.872	28.862	
9747	750.64	28.835	28.872	28.862	
9748	750.74	28.836	28.872	28.862	
9749	750.84	28.836	28.872	28.862	
9750	750.94	28.836	28.872	28.862	
9751	751.	28.836	28.872	28.862	
9752	751.01	28.836	28.872	28.862	
9753	751.02	28.836	28.872	28.862	
9754	751.05	28.836	28.872	28.862	
9755	751.14	28.836	28.872	28.862	
9756	751.24	28.836	28.872	28.862	
9757	751.34	28.836	28.872	28.862	
9758	751.44	28.836	28.873	28.862	
9759	751.54	28.836	28.873	28.863	
9760	751.64	28.836	28.873	28.863	
9761	751.74	28.836	28.873	28.863	
9762	751.84	28.837	28.873	28.863	
9763	751.94	28.837	28.873	28.863	
9764	752.	28.837	28.873	28.863	
9765	752.01	28.837	28.873	28.863	
9766	752.02	28.837	28.873	28.863	
9767	752.05	28.837	28.873	28.863	
9768	752.14	28.837	28.873	28.863	
9769	752.24	28.837	28.873	28.863	
9770	752.34	28.837	28.873	28.863	
9771	752.44	28.837	28.873	28.863	
9772	752.54	28.837	28.874	28.864	
9773	752.64	28.837	28.874	28.864	
9774	752.74	28.837	28.874	28.864	
9775	752.84	28.838	28.874	28.864	
9776	752.94	28.838	28.874	28.864	
9777	753.	28.838	28.874	28.864	
9778	753.01	28.838	28.874	28.864	
9779	753.02	28.838	28.874	28.864	
9780	753.05	28.838	28.874	28.864	
9781	753.14	28.838	28.874	28.864	
9782	753.24	28.838	28.874	28.864	
9783	753.34	28.838	28.874	28.864	
9784	753.44	28.838	28.874	28.864	
9785	753.54	28.838	28.875	28.864	
9786	753.64	28.838	28.875	28.865	
9787	753.74	28.838	28.875	28.865	
9788	753.84	28.839	28.875	28.865	
9789	753.94	28.839	28.875	28.865	
9790	754.	28.839	28.875	28.865	
9791	754.01	28.839	28.875	28.865	
9792	754.02	28.839	28.875	28.865	
9793	754.05	28.839	28.875	28.865	
9794	754.14	28.839	28.875	28.865	
9795	754.24	28.839	28.875	28.865	
9796	754.34	28.839	28.875	28.865	
9797	754.44	28.839	28.875	28.865	
9798	754.54	28.839	28.876	28.865	
9799	754.64	28.839	28.876	28.866	
9800	754.74	28.839	28.876	28.866	
9801	754.84	28.839	28.876	28.866	
9802	754.94	28.84	28.876	28.866	
9803	755.	28.84	28.876	28.866	
9804	755.01	28.84	28.876	28.866	
9805	755.02	28.84	28.876	28.866	
9806	755.05	28.84	28.876	28.866	
9807	755.14	28.84	28.876	28.866	
9808	755.24	28.84	28.876	28.866	
9809	755.34	28.84	28.876	28.866	
9810	755.44	28.84	28.876	28.866	
9811	755.54	28.84	28.877	28.866	
9812	755.64	28.84	28.877	28.867	
9813	755.74	28.84	28.877	28.867	
9814	755.84	28.84	28.877	28.867	
9815	755.94	28.841	28.877	28.867	
9816	756.	28.841	28.877	28.867	
9817	756.01	28.841	28.877	28.867	
9818	756.02	28.841	28.877	28.867	
9819	756.05	28.841	28.877	28.867	
9820	756.14	28.841	28.877	28.867	
9821	756.24	28.841	28.877	28.867	
9822	756.34	28.841	28.877	28.867	
9823	756.44	28.841	28.877	28.867	
9824	756.54	28.841	28.877	28.867	
9825	756.64	28.841	28.878	28.867	
9826	756.74	28.841	28.878	28.868	
9827	756.84	28.841	28.878	28.868	
9828	756.94	28.841	28.878	28.868	
9829	757.	28.842	28.878	28.868	
9830	757.01	28.842	28.878	28.868	
9831	757.02	28.842	28.878	28.868	
9832	757.05	28.842	28.878	28.868	
9833	757.14	28.842	28.878	28.868	
9834	757.24	28.842	28.878	28.868	
9835	757.34	28.842	28.878	28.868	
9836	757.44	28.842	28.878	28.868	
9837	757.54	28.842	28.878	28.868	
9838	757.64	28.842	28.879	28.868	
9839	757.74	28.842	28.879	28.869	
9840	757.84	28.842	28.879	28.869	
9841	757.94	28.842	28.879	28.869	
9842	758.	28.843	28.879	28.869	
9843	758.01	28.843	28.879	28.869	
9844	758.02	28.843	28.879	28.869	
9845	758.05	28.843	28.879	28.869	
9846	758.14	28.843	28.879	28.869	
9847	758.24	28.843	28.879	28.869	
9848	758.34	28.843	28.879	28.869	
9849	758.44	28.843	28.879	28.869	
9850	758.54	28.843	28.879	28.869	
9851	758.64	28.843	28.88	28.869	
9852	758.74	28.843	28.88	28.87	
9853	758.84	28.843	28.88	28.87	
9854	758.94	28.843	28.88	28.87	
9855	759.	28.843	28.88	28.87	
9856	759.01	28.844	28.88	28.87	
9857	759.02	28.844	28.88	28.87	
9858	759.05	28.844	28.88	28.87	
9859	759.14	28.844	28.88	28.87	
9860	759.24	28.844	28.88	28.87	
9861	759.34	28.844	28.88	28.87	
9862	759.44	28.844	28.88	28.87	
9863	759.54	28.844	28.88	28.87	
9864	759.64	28.844	28.88	28.87	
9865	759.74	28.844	28.881	28.87	
9866	759.84	28.844	28.881	28.871	
9867	759.94	28.844	28.881	28.871	
9868	760.	28.844	28.881	28.871	
9869	760.01	28.844	28.881	28.871	
9870	760.02	28.844	28.881	28.871	
9871	760.05	28.845	28.881	28.871	
9872	760.14	28.845	28.881	28.871	
9873	760.24	28.845	28.881	28.871	
9874	760.34	28.845	28.881	28.871	
9875	760.44	28.845	28.881	28.871	
9876	760.54	28.845	28.881	28.871	
9877	760.64	28.845	28.881	28.871	
9878	760.74	28.845	28.882	28.871	
9879	760.84	28.845	28.882	28.872	
9880	760.94	28.845	28.882	28.872	
9881	761.	28.845	28.882	28.872	
9882	761.01	28.845	28.882	28.872	
9883	761.02	28.845	28.882	28.872	
9884	761.05	28.845	28.882	28.872	
9885	761.14	28.846	28.882	28.872	
9886	761.24	28.846	28.882	28.872	
9887	761.34	28.846	28.882	28.872	
9888	761.44	28.846	28.882	28.872	
9889	761.54	28.846	28.882	28.872	
9890	761.64	28.846	28.882	28.872	
9891	761.74	28.846	28.883	28.872	
9892	761.84	28.846	28.883	28.873	
9893	761.94	28.846	28.883	28.873	
9894	762.	28.846	28.883	28.873	
9895	762.01	28.846	28.883	28.873	
9896	762.02	28.846	28.883	28.873	
9897	762.05	28.846	28.883	28.873	
9898	762.14	28.847	28.883	28.873	
9899	762.24	28.847	28.883	28.873	
9900	762.34	28.847	28.883	28.873	
9901	762.44	28.847	28.883	28.873	
9902	762.54	28.847	28.883	28.873	
9903	762.64	28.847	28.883	28.873	
9904	762.74	28.847	28.883	28.873	
9905	762.84	28.847	28.884	28.874	
9906	762.94	28.847	28.884	28.874	
9907	763.	28.847	28.884	28.874	
9908	763.01	28.847	28.884	28.874	
9909	763.02	28.847	28.884	28.874	
9910	763.05	28.847	28.884	28.874	
9911	763.14	28.847	28.884	28.874	
9912	763.24	28.848	28.884	28.874	
9913	763.34	28.848	28.884	28.874	
9914	763.44	28.848	28.884	28.874	
9915	763.54	28.848	28.884	28.874	
9916	763.64	28.848	28.884	28.874	
9917	763.74	28.848	28.884	28.874	
9918	763.84	28.848	28.885	28.874	
9919	763.94	28.848	28.885	28.875	
9920	764.	28.848	28.885	28.875	
9921	764.01	28.848	28.885	28.875	
9922	764.02	28.848	28.885	28.875	
9923	764.05	28.848	28.885	28.875	
9924	764.14	28.848	28.885	28.875	
9925	764.24	28.849	28.885	28.875	
9926	764.34	28.849	28.885	28.875	
9927	764.44	28.849	28.885	28.875	
9928	764.54	28.849	28.885	28.875	
9929	764.64	28.849	28.885	28.875	
9930	764.74	28.849	28.885	28.875	
9931	764.84	28.849	28.886	28.875	
9932	764.94	28.849	28.886	28.876	
9933	765.	28.849	28.886	28.876	
9934	765.01	28.849	28.886	28.876	
9935	765.02	28.849	28.886	28.876	
9936	765.05	28.849	28.886	28.876	
9937	765.14	28.849	28.886	28.876	
9938	765.24	28.85	28.886	28.876	
9939	765.34	28.85	28.886	28.876	
9940	765.44	28.85	28.886	28.876	
9941	765.54	28.85	28.886	28.876	
9942	765.64	28.85	28.886	28.876	
9943	765.74	28.85	28.886	28.876	
9944	765.84	28.85	28.887	28.876	
9945	765.94	28.85	28.887	28.877	
9946	766.	28.85	28.887	28.877	
9947	766.01	28.85	28.887	28.877	
9948	766.02	28.85	28.887	28.877	
9949	766.05	28.85	28.887	28.877	
9950	766.14	28.85	28.887	28.877	
9951	766.24	28.85	28.887	28.877	
9952	766.34	28.851	28.887	28.877	
9953	766.44	28.851	28.887	28.877	
9954	766.54	28.851	28.887	28.877	
9955	766.64	28.851	28.887	28.877	
9956	766.74	28.851	28.887	28.877	
9957	766.84	28.851	28.887	28.877	
9958	766.94	28.851	28.888	28.877	
9959	767.	28.851	28.888	28.878	
9960	767.01	28.851	28.888	28.878	
9961	767.02	28.851	28.888	28.878	
9962	767.05	28.851	28.888	28.878	
9963	767.14	28.851	28.888	28.878	
9964	767.24	28.851	28.888	28.878	
9965	767.34	28.852	28.888	28.878	
9966	767.44	28.852	28.888	28.878	
9967	767.54	28.852	28.888	28.878	
9968	767.64	28.852	28.888	28.878	
9969	767.74	28.852	28.888	28.878	
9970	767.84	28.852	28.888	28.878	
9971	767.94	28.852	28.889	28.878	
9972	768.	28.852	28.889	28.878	
9973	768.01	28.852	28.889	28.879	
9974	768.02	28.852	28.889	28.879	
9975	768.05	28.852	28.889	28.879	
9976	768.14	28.852	28.889	28.879	
9977	768.24	28.852	28.889	28.879	
9978	768.34	28.853	28.889	28.879	
9979	768.44	28.853	28.889	28.879	
9980	768.54	28.853	28.889	28.879	
9981	768.64	28.853	28.889	28.879	
9982	768.74	28.853	28.889	28.879	
9983	768.84	28.853	28.889	28.879	
9984	768.94	28.853	28.89	28.879	
9985	769.	28.853	28.89	28.879	
9986	769.01	28.853	28.89	28.879	
9987	769.02	28.853	28.89	28.879	
9988	769.05	28.853	28.89	28.88	
9989	769.14	28.853	28.89	28.88	
9990	769.24	28.853	28.89	28.88	
9991	769.34	28.853	28.89	28.88	
9992	769.44	28.854	28.89	28.88	
9993	769.54	28.854	28.89	28.88	
9994	769.64	28.854	28.89	28.88	
9995	769.74	28.854	28.89	28.88	
9996	769.84	28.854	28.89	28.88	
9997	769.94	28.854	28.89	28.88	
9998	770.	28.854	28.891	28.88	
9999	770.01	28.854	28.891	28.88	
10000	770.02	28.854	28.891	28.88	
10001	770.05	28.854	28.891	28.88	
10002	770.14	28.854	28.891	28.881	
10003	770.24	28.854	28.891	28.881	
10004	770.34	28.854	28.891	28.881	
10005	770.44	28.855	28.891	28.881	
10006	770.54	28.855	28.891	28.881	
10007	770.64	28.855	28.891	28.881	
10008	770.74	28.855	28.891	28.881	
10009	770.84	28.855	28.891	28.881	
10010	770.94	28.855	28.891	28.881	
10011	771.	28.855	28.892	28.881	
10012	771.01	28.855	28.892	28.881	
10013	771.02	28.855	28.892	28.881	
10014	771.05	28.855	28.892	28.881	
10015	771.14	28.855	28.892	28.882	
10016	771.24	28.855	28.892	28.882	
10017	771.34	28.855	28.892	28.882	
10018	771.44	28.855	28.892	28.882	
10019	771.54	28.856	28.892	28.882	
10020	771.64	28.856	28.892	28.882	
10021	771.74	28.856	28.892	28.882	
10022	771.84	28.856	28.892	28.882	
10023	771.94	28.856	28.892	28.882	
10024	772.	28.856	28.892	28.882	
10025	772.01	28.856	28.892	28.882	
10026	772.02	28.856	28.892	28.882	
10027	772.05	28.856	28.893	28.882	
10028	772.14	28.856	28.893	28.883	
10029	772.24	28.856	28.893	28.883	
10030	772.34	28.856	28.893	28.883	
10031	772.44	28.856	28.893	28.883	
10032	772.54	28.857	28.893	28.883	
10033	772.64	28.857	28.893	28.883	
10034	772.74	28.857	28.893	28.883	
10035	772.84	28.857	28.893	28.883	
10036	772.94	28.857	28.893	28.883	
10037	773.	28.857	28.893	28.883	
10038	773.01	28.857	28.893	28.883	
10039	773.02	28.857	28.893	28.883	
10040	773.05	28.857	28.893	28.883	
10041	773.14	28.857	28.894	28.883	
10042	773.24	28.857	28.894	28.884	
10043	773.34	28.857	28.894	28.884	
10044	773.44	28.857	28.894	28.884	
10045	773.54	28.858	28.894	28.884	
10046	773.64	28.858	28.894	28.884	
10047	773.74	28.858	28.894	28.884	
10048	773.84	28.858	28.894	28.884	
10049	773.94	28.858	28.894	28.884	
10050	774.	28.858	28.894	28.884	
10051	774.01	28.858	28.894	28.884	
10052	774.02	28.858	28.894	28.884	
10053	774.05	28.858	28.894	28.884	
10054	774.14	28.858	28.895	28.884	
10055	774.24	28.858	28.895	28.885	
10056	774.34	28.858	28.895	28.885	
10057	774.44	28.858	28.895	28.885	
10058	774.54	28.858	28.895	28.885	
10059	774.64	28.859	28.895	28.885	
10060	774.74	28.859	28.895	28.885	
10061	774.84	28.859	28.895	28.885	
10062	774.94	28.859	28.895	28.885	
10063	775.	28.859	28.895	28.885	
10064	775.01	28.859	28.895	28.885	
10065	775.02	28.859	28.895	28.885	
10066	775.05	28.859	28.895	28.885	
10067	775.14	28.859	28.896	28.885	
10068	775.24	28.859	28.896	28.886	
10069	775.34	28.859	28.896	28.886	
10070	775.44	28.859	28.896	28.886	
10071	775.54	28.859	28.896	28.886	
10072	775.64	28.86	28.896	28.886	
10073	775.74	28.86	28.896	28.886	
10074	775.84	28.86	28.896	28.886	
10075	775.94	28.86	28.896	28.886	
10076	776.	28.86	28.896	28.886	
10077	776.01	28.86	28.896	28.886	
10078	776.02	28.86	28.896	28.886	
10079	776.05	28.86	28.896	28.886	
10080	776.14	28.86	28.896	28.886	
10081	776.24	28.86	28.897	28.886	
10082	776.34	28.86	28.897	28.887	
10083	776.44	28.86	28.897	28.887	
10084	776.54	28.86	28.897	28.887	
10085	776.64	28.861	28.897	28.887	
10086	776.74	28.861	28.897	28.887	
10087	776.84	28.861	28.897	28.887	
10088	776.94	28.861	28.897	28.887	
10089	777.	28.861	28.897	28.887	
10090	777.01	28.861	28.897	28.887	
10091	777.02	28.861	28.897	28.887	
10092	777.05	28.861	28.897	28.887	
10093	777.14	28.861	28.897	28.887	
10094	777.24	28.861	28.898	28.887	
10095	777.34	28.861	28.898	28.888	
10096	777.44	28.861	28.898	28.888	
10097	777.54	28.861	28.898	28.888	
10098	777.64	28.861	28.898	28.888	
10099	777.74	28.862	28.898	28.888	
10100	777.84	28.862	28.898	28.888	
10101	777.94	28.862	28.898	28.888	
10102	778.	28.862	28.898	28.888	
10103	778.01	28.862	28.898	28.888	
10104	778.02	28.862	28.898	28.888	
10105	778.05	28.862	28.898	28.888	
10106	778.14	28.862	28.898	28.888	
10107	778.24	28.862	28.899	28.888	
10108	778.34	28.862	28.899	28.889	
10109	778.44	28.862	28.899	28.889	
10110	778.54	28.862	28.899	28.889	
10111	778.64	28.862	28.899	28.889	
10112	778.74	28.863	28.899	28.889	
10113	778.84	28.863	28.899	28.889	
10114	778.94	28.863	28.899	28.889	
10115	779.	28.863	28.899	28.889	
10116	779.01	28.863	28.899	28.889	
10117	779.02	28.863	28.899	28.889	
10118	779.05	28.863	28.899	28.889	
10119	779.14	28.863	28.899	28.889	
10120	779.24	28.863	28.899	28.889	
10121	779.34	28.863	28.9	28.889	
10122	779.44	28.863	28.9	28.89	
10123	779.54	28.863	28.9	28.89	
10124	779.64	28.863	28.9	28.89	
10125	779.74	28.863	28.9	28.89	
10126	779.84	28.864	28.9	28.89	
10127	779.94	28.864	28.9	28.89	
10128	780.	28.864	28.9	28.89	
10129	780.01	28.864	28.9	28.89	
10130	780.02	28.864	28.9	28.89	
10131	780.05	28.864	28.9	28.89	
10132	780.14	28.864	28.9	28.89	
10133	780.24	28.864	28.9	28.89	
10134	780.34	28.864	28.901	28.89	
10135	780.44	28.864	28.901	28.891	
10136	780.54	28.864	28.901	28.891	
10137	780.64	28.864	28.901	28.891	
10138	780.74	28.864	28.901	28.891	
10139	780.84	28.865	28.901	28.891	
10140	780.94	28.865	28.901	28.891	
10141	781.	28.865	28.901	28.891	
10142	781.01	28.865	28.901	28.891	
10143	781.02	28.865	28.901	28.891	
10144	781.05	28.865	28.901	28.891	
10145	781.14	28.865	28.901	28.891	
10146	781.24	28.865	28.901	28.891	
10147	781.34	28.865	28.902	28.891	
10148	781.44	28.865	28.902	28.892	
10149	781.54	28.865	28.902	28.892	
10150	781.64	28.865	28.902	28.892	
10151	781.74	28.865	28.902	28.892	
10152	781.84	28.866	28.902	28.892	
10153	781.94	28.866	28.902	28.892	
10154	782.	28.866	28.902	28.892	
10155	782.01	28.866	28.902	28.892	
10156	782.02	28.866	28.902	28.892	
10157	782.05	28.866	28.902	28.892	
10158	782.14	28.866	28.902	28.892	
10159	782.24	28.866	28.902	28.892	
10160	782.34	28.866	28.902	28.892	
10161	782.44	28.866	28.903	28.892	
10162	782.54	28.866	28.903	28.893	
10163	782.64	28.866	28.903	28.893	
10164	782.74	28.866	28.903	28.893	
10165	782.84	28.866	28.903	28.893	
10166	782.94	28.867	28.903	28.893	
10167	783.	28.867	28.903	28.893	
10168	783.01	28.867	28.903	28.893	
10169	783.02	28.867	28.903	28.893	
10170	783.05	28.867	28.903	28.893	
10171	783.14	28.867	28.903	28.893	
10172	783.24	28.867	28.903	28.893	
10173	783.34	28.867	28.903	28.893	
10174	783.44	28.867	28.904	28.893	
10175	783.54	28.867	28.904	28.894	
10176	783.64	28.867	28.904	28.894	
10177	783.74	28.867	28.904	28.894	
10178	783.84	28.867	28.904	28.894	
10179	783.94	28.868	28.904	28.894	
10180	784.	28.868	28.904	28.894	
10181	784.01	28.868	28.904	28.894	
10182	784.02	28.868	28.904	28.894	
10183	784.05	28.868	28.904	28.894	
10184	784.14	28.868	28.904	28.894	
10185	784.24	28.868	28.904	28.894	
10186	784.34	28.868	28.904	28.894	
10187	784.44	28.868	28.905	28.894	
10188	784.54	28.868	28.905	28.895	
10189	784.64	28.868	28.905	28.895	
10190	784.74	28.868	28.905	28.895	
10191	784.84	28.868	28.905	28.895	
10192	784.94	28.868	28.905	28.895	
10193	785.	28.869	28.905	28.895	
10194	785.01	28.869	28.905	28.895	
10195	785.02	28.869	28.905	28.895	
10196	785.05	28.869	28.905	28.895	
10197	785.14	28.869	28.905	28.895	
10198	785.24	28.869	28.905	28.895	
10199	785.34	28.869	28.905	28.895	
10200	785.44	28.869	28.905	28.895	
10201	785.54	28.869	28.906	28.895	
10202	785.64	28.869	28.906	28.896	
10203	785.74	28.869	28.906	28.896	
10204	785.84	28.869	28.906	28.896	
10205	785.94	28.869	28.906	28.896	
10206	786.	28.87	28.906	28.896	
10207	786.01	28.87	28.906	28.896	
10208	786.02	28.87	28.906	28.896	
10209	786.05	28.87	28.906	28.896	
10210	786.14	28.87	28.906	28.896	
10211	786.24	28.87	28.906	28.896	
10212	786.34	28.87	28.906	28.896	
10213	786.44	28.87	28.906	28.896	
10214	786.54	28.87	28.907	28.896	
10215	786.64	28.87	28.907	28.897	
10216	786.74	28.87	28.907	28.897	
10217	786.84	28.87	28.907	28.897	
10218	786.94	28.87	28.907	28.897	
10219	787.	28.87	28.907	28.897	
10220	787.01	28.87	28.907	28.897	
10221	787.02	28.87	28.907	28.897	
10222	787.05	28.871	28.907	28.897	
10223	787.14	28.871	28.907	28.897	
10224	787.24	28.871	28.907	28.897	
10225	787.34	28.871	28.907	28.897	
10226	787.44	28.871	28.907	28.897	
10227	787.54	28.871	28.908	28.897	
10228	787.64	28.871	28.908	28.897	
10229	787.74	28.871	28.908	28.898	
10230	787.84	28.871	28.908	28.898	
10231	787.94	28.871	28.908	28.898	
10232	788.	28.871	28.908	28.898	
10233	788.01	28.871	28.908	28.898	
10234	788.02	28.871	28.908	28.898	
10235	788.05	28.871	28.908	28.898	
10236	788.14	28.872	28.908	28.898	
10237	788.24	28.872	28.908	28.898	
10238	788.34	28.872	28.908	28.898	
10239	788.44	28.872	28.908	28.898	
10240	788.54	28.872	28.908	28.898	
10241	788.64	28.872	28.909	28.898	
10242	788.74	28.872	28.909	28.899	
10243	788.84	28.872	28.909	28.899	
10244	788.94	28.872	28.909	28.899	
10245	789.	28.872	28.909	28.899	
10246	789.01	28.872	28.909	28.899	
10247	789.02	28.872	28.909	28.899	
10248	789.05	28.872	28.909	28.899	
10249	789.14	28.873	28.909	28.899	
10250	789.24	28.873	28.909	28.899	
10251	789.34	28.873	28.909	28.899	
10252	789.44	28.873	28.909	28.899	
10253	789.54	28.873	28.909	28.899	
10254	789.64	28.873	28.91	28.899	
10255	789.74	28.873	28.91	28.9	
10256	789.84	28.873	28.91	28.9	
10257	789.94	28.873	28.91	28.9	
10258	790.	28.873	28.91	28.9	
10259	790.01	28.873	28.91	28.9	
10260	790.02	28.873	28.91	28.9	
10261	790.05	28.873	28.91	28.9	
10262	790.14	28.873	28.91	28.9	
10263	790.24	28.874	28.91	28.9	
10264	790.34	28.874	28.91	28.9	
10265	790.44	28.874	28.91	28.9	
10266	790.54	28.874	28.91	28.9	
10267	790.64	28.874	28.911	28.9	
10268	790.74	28.874	28.911	28.9	
10269	790.84	28.874	28.911	28.901	
10270	790.94	28.874	28.911	28.901	
10271	791.	28.874	28.911	28.901	
10272	791.01	28.874	28.911	28.901	
10273	791.02	28.874	28.911	28.901	
10274	791.05	28.874	28.911	28.901	
10275	791.14	28.874	28.911	28.901	
10276	791.24	28.875	28.911	28.901	
10277	791.34	28.875	28.911	28.901	
10278	791.44	28.875	28.911	28.901	
10279	791.54	28.875	28.911	28.901	
10280	791.64	28.875	28.911	28.901	
10281	791.74	28.875	28.912	28.901	
10282	791.84	28.875	28.912	28.902	
10283	791.94	28.875	28.912	28.902	
10284	792.	28.875	28.912	28.902	
10285	792.01	28.875	28.912	28.902	
10286	792.02	28.875	28.912	28.902	
10287	792.05	28.875	28.912	28.902	
10288	792.14	28.875	28.912	28.902	
10289	792.24	28.876	28.912	28.902	
10290	792.34	28.876	28.912	28.902	
10291	792.44	28.876	28.912	28.902	
10292	792.54	28.876	28.912	28.902	
10293	792.64	28.876	28.912	28.902	
10294	792.74	28.876	28.913	28.902	
10295	792.84	28.876	28.913	28.903	
10296	792.94	28.876	28.913	28.903	
10297	793.	28.876	28.913	28.903	
10298	793.01	28.876	28.913	28.903	
10299	793.02	28.876	28.913	28.903	
10300	793.05	28.876	28.913	28.903	
10301	793.14	28.876	28.913	28.903	
10302	793.24	28.876	28.913	28.903	
10303	793.34	28.877	28.913	28.903	
10304	793.44	28.877	28.913	28.903	
10305	793.54	28.877	28.913	28.903	
10306	793.64	28.877	28.913	28.903	
10307	793.74	28.877	28.914	28.903	
10308	793.84	28.877	28.914	28.903	
10309	793.94	28.877	28.914	28.904	
10310	794.	28.877	28.914	28.904	
10311	794.01	28.877	28.914	28.904	
10312	794.02	28.877	28.914	28.904	
10313	794.05	28.877	28.914	28.904	
10314	794.14	28.877	28.914	28.904	
10315	794.24	28.877	28.914	28.904	
10316	794.34	28.878	28.914	28.904	
10317	794.44	28.878	28.914	28.904	
10318	794.54	28.878	28.914	28.904	
10319	794.64	28.878	28.914	28.904	
10320	794.74	28.878	28.914	28.904	
10321	794.84	28.878	28.915	28.904	
10322	794.94	28.878	28.915	28.905	
10323	795.	28.878	28.915	28.905	
10324	795.01	28.878	28.915	28.905	
10325	795.02	28.878	28.915	28.905	
10326	795.05	28.878	28.915	28.905	
10327	795.14	28.878	28.915	28.905	
10328	795.24	28.878	28.915	28.905	
10329	795.34	28.878	28.915	28.905	
10330	795.44	28.879	28.915	28.905	
10331	795.54	28.879	28.915	28.905	
10332	795.64	28.879	28.915	28.905	
10333	795.74	28.879	28.915	28.905	
10334	795.84	28.879	28.916	28.905	
10335	795.94	28.879	28.916	28.906	
10336	796.	28.879	28.916	28.906	
10337	796.01	28.879	28.916	28.906	
10338	796.02	28.879	28.916	28.906	
10339	796.05	28.879	28.916	28.906	
10340	796.14	28.879	28.916	28.906	
10341	796.24	28.879	28.916	28.906	
10342	796.34	28.879	28.916	28.906	
10343	796.44	28.88	28.916	28.906	
10344	796.54	28.88	28.916	28.906	
10345	796.64	28.88	28.916	28.906	
10346	796.74	28.88	28.916	28.906	
10347	796.84	28.88	28.917	28.906	
10348	796.94	28.88	28.917	28.906	
10349	797.	28.88	28.917	28.907	
10350	797.01	28.88	28.917	28.907	
10351	797.02	28.88	28.917	28.907	
10352	797.05	28.88	28.917	28.907	
10353	797.14	28.88	28.917	28.907	
10354	797.24	28.88	28.917	28.907	
10355	797.34	28.88	28.917	28.907	
10356	797.44	28.881	28.917	28.907	
10357	797.54	28.881	28.917	28.907	
10358	797.64	28.881	28.917	28.907	
10359	797.74	28.881	28.917	28.907	
10360	797.84	28.881	28.917	28.907	
10361	797.94	28.881	28.918	28.907	
10362	798.	28.881	28.918	28.907	
10363	798.01	28.881	28.918	28.908	
10364	798.02	28.881	28.918	28.908	
10365	798.05	28.881	28.918	28.908	
10366	798.14	28.881	28.918	28.908	
10367	798.24	28.881	28.918	28.908	
10368	798.34	28.881	28.918	28.908	
10369	798.44	28.881	28.918	28.908	
10370	798.54	28.882	28.918	28.908	
10371	798.64	28.882	28.918	28.908	
10372	798.74	28.882	28.918	28.908	
10373	798.84	28.882	28.918	28.908	
10374	798.94	28.882	28.919	28.908	
10375	799.	28.882	28.919	28.908	
10376	799.01	28.882	28.919	28.908	
10377	799.02	28.882	28.919	28.908	
10378	799.05	28.882	28.919	28.909	
10379	799.14	28.882	28.919	28.909	
10380	799.24	28.882	28.919	28.909	
10381	799.34	28.882	28.919	28.909	
10382	799.44	28.882	28.919	28.909	
10383	799.54	28.883	28.919	28.909	
10384	799.64	28.883	28.919	28.909	
10385	799.74	28.883	28.919	28.909	
10386	799.84	28.883	28.919	28.909	
10387	799.94	28.883	28.92	28.909	
10388	800.	28.883	28.92	28.909	
10389	800.01	28.883	28.92	28.909	
10390	800.02	28.883	28.92	28.909	
10391	800.05	28.883	28.92	28.909	
10392	800.14	28.883	28.92	28.91	
10393	800.24	28.883	28.92	28.91	
10394	800.34	28.883	28.92	28.91	
10395	800.44	28.883	28.92	28.91	
10396	800.54	28.883	28.92	28.91	
10397	800.64	28.884	28.92	28.91	
10398	800.74	28.884	28.92	28.91	
10399	800.84	28.884	28.92	28.91	
10400	800.94	28.884	28.92	28.91	
10401	801.	28.884	28.921	28.91	
10402	801.01	28.884	28.921	28.91	
10403	801.02	28.884	28.921	28.91	
10404	801.05	28.884	28.921	28.91	
10405	801.14	28.884	28.921	28.911	
10406	801.24	28.884	28.921	28.911	
10407	801.34	28.884	28.921	28.911	
10408	801.44	28.884	28.921	28.911	
10409	801.54	28.884	28.921	28.911	
10410	801.64	28.885	28.921	28.911	
10411	801.74	28.885	28.921	28.911	
10412	801.84	28.885	28.921	28.911	
10413	801.94	28.885	28.921	28.911	
10414	802.	28.885	28.921	28.911	
10415	802.01	28.885	28.922	28.911	
10416	802.02	28.885	28.922	28.911	
10417	802.05	28.885	28.922	28.911	
10418	802.14	28.885	28.922	28.911	
10419	802.24	28.885	28.922	28.912	
10420	802.34	28.885	28.922	28.912	
10421	802.44	28.885	28.922	28.912	
10422	802.54	28.885	28.922	28.912	
10423	802.64	28.886	28.922	28.912	
10424	802.74	28.886	28.922	28.912	
10425	802.84	28.886	28.922	28.912	
10426	802.94	28.886	28.922	28.912	
10427	803.	28.886	28.922	28.912	
10428	803.01	28.886	28.922	28.912	
10429	803.02	28.886	28.922	28.912	
10430	803.05	28.886	28.923	28.912	
10431	803.14	28.886	28.923	28.912	
10432	803.24	28.886	28.923	28.913	
10433	803.34	28.886	28.923	28.913	
10434	803.44	28.886	28.923	28.913	
10435	803.54	28.886	28.923	28.913	
10436	803.64	28.886	28.923	28.913	
10437	803.74	28.887	28.923	28.913	
10438	803.84	28.887	28.923	28.913	
10439	803.94	28.887	28.923	28.913	
10440	804.	28.887	28.923	28.913	
10441	804.01	28.887	28.923	28.913	
10442	804.02	28.887	28.923	28.913	
10443	804.05	28.887	28.923	28.913	
10444	804.14	28.887	28.924	28.913	
10445	804.24	28.887	28.924	28.914	
10446	804.34	28.887	28.924	28.914	
10447	804.44	28.887	28.924	28.914	
10448	804.54	28.887	28.924	28.914	
10449	804.64	28.887	28.924	28.914	
10450	804.74	28.888	28.924	28.914	
10451	804.84	28.888	28.924	28.914	
10452	804.94	28.888	28.924	28.914	
10453	805.	28.888	28.924	28.914	
10454	805.01	28.888	28.924	28.914	
10455	805.02	28.888	28.924	28.914	
10456	805.05	28.888	28.924	28.914	
10457	805.14	28.888	28.925	28.914	
10458	805.24	28.888	28.925	28.914	
10459	805.34	28.888	28.925	28.915	
10460	805.44	28.888	28.925	28.915	
10461	805.54	28.888	28.925	28.915	
10462	805.64	28.888	28.925	28.915	
10463	805.74	28.888	28.925	28.915	
10464	805.84	28.889	28.925	28.915	
10465	805.94	28.889	28.925	28.915	
10466	806.	28.889	28.925	28.915	
10467	806.01	28.889	28.925	28.915	
10468	806.02	28.889	28.925	28.915	
10469	806.05	28.889	28.925	28.915	
10470	806.14	28.889	28.925	28.915	
10471	806.24	28.889	28.926	28.915	
10472	806.34	28.889	28.926	28.916	
10473	806.44	28.889	28.926	28.916	
10474	806.54	28.889	28.926	28.916	
10475	806.64	28.889	28.926	28.916	
10476	806.74	28.889	28.926	28.916	
10477	806.84	28.89	28.926	28.916	
10478	806.94	28.89	28.926	28.916	
10479	807.	28.89	28.926	28.916	
10480	807.01	28.89	28.926	28.916	
10481	807.02	28.89	28.926	28.916	
10482	807.05	28.89	28.926	28.916	
10483	807.14	28.89	28.926	28.916	
10484	807.24	28.89	28.927	28.916	
10485	807.34	28.89	28.927	28.916	
10486	807.44	28.89	28.927	28.917	
10487	807.54	28.89	28.927	28.917	
10488	807.64	28.89	28.927	28.917	
10489	807.74	28.89	28.927	28.917	
10490	807.84	28.89	28.927	28.917	
10491	807.94	28.891	28.927	28.917	
10492	808.	28.891	28.927	28.917	
10493	808.01	28.891	28.927	28.917	
10494	808.02	28.891	28.927	28.917	
10495	808.05	28.891	28.927	28.917	
10496	808.14	28.891	28.927	28.917	
10497	808.24	28.891	28.928	28.917	
10498	808.34	28.891	28.928	28.917	
10499	808.44	28.891	28.928	28.918	
10500	808.54	28.891	28.928	28.918	
10501	808.64	28.891	28.928	28.918	
10502	808.74	28.891	28.928	28.918	
10503	808.84	28.891	28.928	28.918	
10504	808.94	28.892	28.928	28.918	
10505	809.	28.892	28.928	28.918	
10506	809.01	28.892	28.928	28.918	
10507	809.02	28.892	28.928	28.918	
10508	809.05	28.892	28.928	28.918	
10509	809.14	28.892	28.928	28.918	
10510	809.24	28.892	28.928	28.918	
10511	809.34	28.892	28.929	28.918	
10512	809.44	28.892	28.929	28.919	
10513	809.54	28.892	28.929	28.919	
10514	809.64	28.892	28.929	28.919	
10515	809.74	28.892	28.929	28.919	
10516	809.84	28.892	28.929	28.919	
10517	809.94	28.893	28.929	28.919	
10518	810.	28.893	28.929	28.919	
10519	810.01	28.893	28.929	28.919	
10520	810.02	28.893	28.929	28.919	
10521	810.05	28.893	28.929	28.919	
10522	810.14	28.893	28.929	28.919	
10523	810.24	28.893	28.929	28.919	
10524	810.34	28.893	28.93	28.919	
10525	810.44	28.893	28.93	28.919	
10526	810.54	28.893	28.93	28.92	
10527	810.64	28.893	28.93	28.92	
10528	810.74	28.893	28.93	28.92	
10529	810.84	28.893	28.93	28.92	
10530	810.94	28.893	28.93	28.92	
10531	811.	28.894	28.93	28.92	
10532	811.01	28.894	28.93	28.92	
10533	811.02	28.894	28.93	28.92	
10534	811.05	28.894	28.93	28.92	
10535	811.14	28.894	28.93	28.92	
10536	811.24	28.894	28.93	28.92	
10537	811.34	28.894	28.931	28.92	
10538	811.44	28.894	28.931	28.92	
10539	811.54	28.894	28.931	28.921	
10540	811.64	28.894	28.931	28.921	
10541	811.74	28.894	28.931	28.921	
10542	811.84	28.894	28.931	28.921	
10543	811.94	28.894	28.931	28.921	
10544	812.	28.894	28.931	28.921	
10545	812.01	28.894	28.931	28.921	
10546	812.02	28.895	28.931	28.921	
10547	812.05	28.895	28.931	28.921	
10548	812.14	28.895	28.931	28.921	
10549	812.24	28.895	28.931	28.921	
10550	812.34	28.895	28.931	28.921	
10551	812.44	28.895	28.932	28.921	
10552	812.54	28.895	28.932	28.922	
10553	812.64	28.895	28.932	28.922	
10554	812.74	28.895	28.932	28.922	
10555	812.84	28.895	28.932	28.922	
10556	812.94	28.895	28.932	28.922	
10557	813.	28.895	28.932	28.922	
10558	813.01	28.895	28.932	28.922	
10559	813.02	28.895	28.932	28.922	
10560	813.05	28.895	28.932	28.922	
10561	813.14	28.896	28.932	28.922	
10562	813.24	28.896	28.932	28.922	
10563	813.34	28.896	28.932	28.922	
10564	813.44	28.896	28.933	28.922	
10565	813.54	28.896	28.933	28.922	
10566	813.64	28.896	28.933	28.923	
10567	813.74	28.896	28.933	28.923	
10568	813.84	28.896	28.933	28.923	
10569	813.94	28.896	28.933	28.923	
10570	814.	28.896	28.933	28.923	
10571	814.01	28.896	28.933	28.923	
10572	814.02	28.896	28.933	28.923	
10573	814.05	28.896	28.933	28.923	
10574	814.14	28.897	28.933	28.923	
10575	814.24	28.897	28.933	28.923	
10576	814.34	28.897	28.933	28.923	
10577	814.44	28.897	28.933	28.923	
10578	814.54	28.897	28.934	28.923	
10579	814.64	28.897	28.934	28.924	
10580	814.74	28.897	28.934	28.924	
10581	814.84	28.897	28.934	28.924	
10582	814.94	28.897	28.934	28.924	
10583	815.	28.897	28.934	28.924	
10584	815.01	28.897	28.934	28.924	
10585	815.02	28.897	28.934	28.924	
10586	815.05	28.897	28.934	28.924	
10587	815.14	28.897	28.934	28.924	
10588	815.24	28.898	28.934	28.924	
10589	815.34	28.898	28.934	28.924	
10590	815.44	28.898	28.934	28.924	
10591	815.54	28.898	28.935	28.924	
10592	815.64	28.898	28.935	28.924	
10593	815.74	28.898	28.935	28.925	
10594	815.84	28.898	28.935	28.925	
10595	815.94	28.898	28.935	28.925	
10596	816.	28.898	28.935	28.925	
10597	816.01	28.898	28.935	28.925	
10598	816.02	28.898	28.935	28.925	
10599	816.05	28.898	28.935	28.925	
10600	816.14	28.898	28.935	28.925	
10601	816.24	28.899	28.935	28.925	
10602	816.34	28.899	28.935	28.925	
10603	816.44	28.899	28.935	28.925	
10604	816.54	28.899	28.936	28.925	
10605	816.64	28.899	28.936	28.925	
10606	816.74	28.899	28.936	28.926	
10607	816.84	28.899	28.936	28.926	
10608	816.94	28.899	28.936	28.926	
10609	817.	28.899	28.936	28.926	
10610	817.01	28.899	28.936	28.926	
10611	817.02	28.899	28.936	28.926	
10612	817.05	28.899	28.936	28.926	
10613	817.14	28.899	28.936	28.926	
10614	817.24	28.9	28.936	28.926	
10615	817.34	28.9	28.936	28.926	
10616	817.44	28.9	28.936	28.926	
10617	817.54	28.9	28.936	28.926	
10618	817.64	28.9	28.937	28.926	
10619	817.74	28.9	28.937	28.927	
10620	817.84	28.9	28.937	28.927	
10621	817.94	28.9	28.937	28.927	
10622	818.	28.9	28.937	28.927	
10623	818.01	28.9	28.937	28.927	
10624	818.02	28.9	28.937	28.927	
10625	818.05	28.9	28.937	28.927	
10626	818.14	28.9	28.937	28.927	
10627	818.24	28.9	28.937	28.927	
10628	818.34	28.901	28.937	28.927	
10629	818.44	28.901	28.937	28.927	
10630	818.54	28.901	28.937	28.927	
10631	818.64	28.901	28.938	28.927	
10632	818.74	28.901	28.938	28.927	
10633	818.84	28.901	28.938	28.928	
10634	818.94	28.901	28.938	28.928	
10635	819.	28.901	28.938	28.928	
10636	819.01	28.901	28.938	28.928	
10637	819.02	28.901	28.938	28.928	
10638	819.05	28.901	28.938	28.928	
10639	819.14	28.901	28.938	28.928	
10640	819.24	28.901	28.938	28.928	
10641	819.34	28.902	28.938	28.928	
10642	819.44	28.902	28.938	28.928	
10643	819.54	28.902	28.938	28.928	
10644	819.64	28.902	28.939	28.928	
10645	819.74	28.902	28.939	28.928	
10646	819.84	28.902	28.939	28.929	
10647	819.94	28.902	28.939	28.929	
10648	820.	28.902	28.939	28.929	
10649	820.01	28.902	28.939	28.929	
10650	820.02	28.902	28.939	28.929	
10651	820.05	28.902	28.939	28.929	
10652	820.14	28.902	28.939	28.929	
10653	820.24	28.902	28.939	28.929	
10654	820.34	28.902	28.939	28.929	
10655	820.44	28.903	28.939	28.929	
10656	820.54	28.903	28.939	28.929	
10657	820.64	28.903	28.939	28.929	
10658	820.74	28.903	28.94	28.929	
10659	820.84	28.903	28.94	28.929	
10660	820.94	28.903	28.94	28.93	
10661	821.	28.903	28.94	28.93	
10662	821.01	28.903	28.94	28.93	
10663	821.02	28.903	28.94	28.93	
10664	821.05	28.903	28.94	28.93	
10665	821.14	28.903	28.94	28.93	
10666	821.24	28.903	28.94	28.93	
10667	821.34	28.903	28.94	28.93	
10668	821.44	28.904	28.94	28.93	
10669	821.54	28.904	28.94	28.93	
10670	821.64	28.904	28.94	28.93	
10671	821.74	28.904	28.941	28.93	
10672	821.84	28.904	28.941	28.93	
10673	821.94	28.904	28.941	28.931	
10674	822.	28.904	28.941	28.931	
10675	822.01	28.904	28.941	28.931	
10676	822.02	28.904	28.941	28.931	
10677	822.05	28.904	28.941	28.931	
10678	822.14	28.904	28.941	28.931	
10679	822.24	28.904	28.941	28.931	
10680	822.34	28.904	28.941	28.931	
10681	822.44	28.904	28.941	28.931	
10682	822.54	28.905	28.941	28.931	
10683	822.64	28.905	28.941	28.931	
10684	822.74	28.905	28.941	28.931	
10685	822.84	28.905	28.942	28.931	
10686	822.94	28.905	28.942	28.932	
10687	823.	28.905	28.942	28.932	
10688	823.01	28.905	28.942	28.932	
10689	823.02	28.905	28.942	28.932	
10690	823.05	28.905	28.942	28.932	
10691	823.14	28.905	28.942	28.932	
10692	823.24	28.905	28.942	28.932	
10693	823.34	28.905	28.942	28.932	
10694	823.44	28.905	28.942	28.932	
10695	823.54	28.906	28.942	28.932	
10696	823.64	28.906	28.942	28.932	
10697	823.74	28.906	28.942	28.932	
10698	823.84	28.906	28.943	28.932	
10699	823.94	28.906	28.943	28.932	
10700	824.	28.906	28.943	28.933	
10701	824.01	28.906	28.943	28.933	
10702	824.02	28.906	28.943	28.933	
10703	824.05	28.906	28.943	28.933	
10704	824.14	28.906	28.943	28.933	
10705	824.24	28.906	28.943	28.933	
10706	824.34	28.906	28.943	28.933	
10707	824.44	28.906	28.943	28.933	
10708	824.54	28.906	28.943	28.933	
10709	824.64	28.907	28.943	28.933	
10710	824.74	28.907	28.943	28.933	
10711	824.84	28.907	28.944	28.933	
10712	824.94	28.907	28.944	28.933	
10713	825.	28.907	28.944	28.933	
10714	825.01	28.907	28.944	28.934	
10715	825.02	28.907	28.944	28.934	
10716	825.05	28.907	28.944	28.934	
10717	825.14	28.907	28.944	28.934	
10718	825.24	28.907	28.944	28.934	
10719	825.34	28.907	28.944	28.934	
10720	825.44	28.907	28.944	28.934	
10721	825.54	28.907	28.944	28.934	
10722	825.64	28.908	28.944	28.934	
10723	825.74	28.908	28.944	28.934	
10724	825.84	28.908	28.944	28.934	
10725	825.94	28.908	28.945	28.934	
10726	826.	28.908	28.945	28.934	
10727	826.01	28.908	28.945	28.934	
10728	826.02	28.908	28.945	28.934	
10729	826.05	28.908	28.945	28.935	
10730	826.14	28.908	28.945	28.935	
10731	826.24	28.908	28.945	28.935	
10732	826.34	28.908	28.945	28.935	
10733	826.44	28.908	28.945	28.935	
10734	826.54	28.908	28.945	28.935	
10735	826.64	28.909	28.945	28.935	
10736	826.74	28.909	28.945	28.935	
10737	826.84	28.909	28.945	28.935	
10738	826.94	28.909	28.946	28.935	
10739	827.	28.909	28.946	28.935	
10740	827.01	28.909	28.946	28.935	
10741	827.02	28.909	28.946	28.935	
10742	827.05	28.909	28.946	28.935	
10743	827.14	28.909	28.946	28.936	
10744	827.24	28.909	28.946	28.936	
10745	827.34	28.909	28.946	28.936	
10746	827.44	28.909	28.946	28.936	
10747	827.54	28.909	28.946	28.936	
10748	827.64	28.909	28.946	28.936	
10749	827.74	28.91	28.946	28.936	
10750	827.84	28.91	28.946	28.936	
10751	827.94	28.91	28.947	28.936	
10752	828.	28.91	28.947	28.936	
10753	828.01	28.91	28.947	28.936	
10754	828.02	28.91	28.947	28.936	
10755	828.05	28.91	28.947	28.936	
10756	828.14	28.91	28.947	28.937	
10757	828.24	28.91	28.947	28.937	
10758	828.34	28.91	28.947	28.937	
10759	828.44	28.91	28.947	28.937	
10760	828.54	28.91	28.947	28.937	
10761	828.64	28.91	28.947	28.937	
10762	828.74	28.911	28.947	28.937	
10763	828.84	28.911	28.947	28.937	
10764	828.94	28.911	28.947	28.937	
10765	829.	28.911	28.948	28.937	
10766	829.01	28.911	28.948	28.937	
10767	829.02	28.911	28.948	28.937	
10768	829.05	28.911	28.948	28.937	
10769	829.14	28.911	28.948	28.937	
10770	829.24	28.911	28.948	28.938	
10771	829.34	28.911	28.948	28.938	
10772	829.44	28.911	28.948	28.938	
10773	829.54	28.911	28.948	28.938	
10774	829.64	28.911	28.948	28.938	
10775	829.74	28.911	28.948	28.938	
10776	829.84	28.912	28.948	28.938	
10777	829.94	28.912	28.948	28.938	
10778	830.	28.912	28.948	28.938	
10779	830.01	28.912	28.948	28.938	
10780	830.02	28.912	28.949	28.938	
10781	830.05	28.912	28.949	28.938	
10782	830.14	28.912	28.949	28.938	
10783	830.24	28.912	28.949	28.939	
10784	830.34	28.912	28.949	28.939	
10785	830.44	28.912	28.949	28.939	
10786	830.54	28.912	28.949	28.939	
10787	830.64	28.912	28.949	28.939	
10788	830.74	28.912	28.949	28.939	
10789	830.84	28.913	28.949	28.939	
10790	830.94	28.913	28.949	28.939	
10791	831.	28.913	28.949	28.939	
10792	831.01	28.913	28.949	28.939	
10793	831.02	28.913	28.949	28.939	
10794	831.05	28.913	28.949	28.939	
10795	831.14	28.913	28.95	28.939	
10796	831.24	28.913	28.95	28.939	
10797	831.34	28.913	28.95	28.94	
10798	831.44	28.913	28.95	28.94	
10799	831.54	28.913	28.95	28.94	
10800	831.64	28.913	28.95	28.94	
10801	831.74	28.913	28.95	28.94	
10802	831.84	28.913	28.95	28.94	
10803	831.94	28.914	28.95	28.94	
10804	832.	28.914	28.95	28.94	
10805	832.01	28.914	28.95	28.94	
10806	832.02	28.914	28.95	28.94	
10807	832.05	28.914	28.95	28.94	
10808	832.14	28.914	28.951	28.94	
10809	832.24	28.914	28.951	28.94	
10810	832.34	28.914	28.951	28.941	
10811	832.44	28.914	28.951	28.941	
10812	832.54	28.914	28.951	28.941	
10813	832.64	28.914	28.951	28.941	
10814	832.74	28.914	28.951	28.941	
10815	832.84	28.914	28.951	28.941	
10816	832.94	28.915	28.951	28.941	
10817	833.	28.915	28.951	28.941	
10818	833.01	28.915	28.951	28.941	
10819	833.02	28.915	28.951	28.941	
10820	833.05	28.915	28.951	28.941	
10821	833.14	28.915	28.952	28.941	
10822	833.24	28.915	28.952	28.941	
10823	833.34	28.915	28.952	28.942	
10824	833.44	28.915	28.952	28.942	
10825	833.54	28.915	28.952	28.942	
10826	833.64	28.915	28.952	28.942	
10827	833.74	28.915	28.952	28.942	
10828	833.84	28.915	28.952	28.942	
10829	833.94	28.915	28.952	28.942	
10830	834.	28.916	28.952	28.942	
10831	834.01	28.916	28.952	28.942	
10832	834.02	28.916	28.952	28.942	
10833	834.05	28.916	28.952	28.942	
10834	834.14	28.916	28.952	28.942	
10835	834.24	28.916	28.953	28.942	
10836	834.34	28.916	28.953	28.942	
10837	834.44	28.916	28.953	28.943	
10838	834.54	28.916	28.953	28.943	
10839	834.64	28.916	28.953	28.943	
10840	834.74	28.916	28.953	28.943	
10841	834.84	28.916	28.953	28.943	
10842	834.94	28.916	28.953	28.943	
10843	835.	28.917	28.953	28.943	
10844	835.01	28.917	28.953	28.943	
10845	835.02	28.917	28.953	28.943	
10846	835.05	28.917	28.953	28.943	
10847	835.14	28.917	28.953	28.943	
10848	835.24	28.917	28.954	28.943	
10849	835.34	28.917	28.954	28.943	
10850	835.44	28.917	28.954	28.944	
10851	835.54	28.917	28.954	28.944	
10852	835.64	28.917	28.954	28.944	
10853	835.74	28.917	28.954	28.944	
10854	835.84	28.917	28.954	28.944	
10855	835.94	28.917	28.954	28.944	
10856	836.	28.917	28.954	28.944	
10857	836.01	28.917	28.954	28.944	
10858	836.02	28.917	28.954	28.944	
10859	836.05	28.918	28.954	28.944	
10860	836.14	28.918	28.954	28.944	
10861	836.24	28.918	28.954	28.944	
10862	836.34	28.918	28.955	28.944	
10863	836.44	28.918	28.955	28.944	
10864	836.54	28.918	28.955	28.945	
10865	836.64	28.918	28.955	28.945	
10866	836.74	28.918	28.955	28.945	
10867	836.84	28.918	28.955	28.945	
10868	836.94	28.918	28.955	28.945	
10869	837.	28.918	28.955	28.945	
10870	837.01	28.918	28.955	28.945	
10871	837.02	28.918	28.955	28.945	
10872	837.05	28.918	28.955	28.945	
10873	837.14	28.919	28.955	28.945	
10874	837.24	28.919	28.955	28.945	
10875	837.34	28.919	28.956	28.945	
10876	837.44	28.919	28.956	28.945	
10877	837.54	28.919	28.956	28.946	
10878	837.64	28.919	28.956	28.946	
10879	837.74	28.919	28.956	28.946	
10880	837.84	28.919	28.956	28.946	
10881	837.94	28.919	28.956	28.946	
10882	838.	28.919	28.956	28.946	
10883	838.01	28.919	28.956	28.946	
10884	838.02	28.919	28.956	28.946	
10885	838.05	28.919	28.956	28.946	
10886	838.14	28.92	28.956	28.946	
10887	838.24	28.92	28.956	28.946	
10888	838.34	28.92	28.957	28.946	
10889	838.44	28.92	28.957	28.946	
10890	838.54	28.92	28.957	28.946	
10891	838.64	28.92	28.957	28.947	
10892	838.74	28.92	28.957	28.947	
10893	838.84	28.92	28.957	28.947	
10894	838.94	28.92	28.957	28.947	
10895	839.	28.92	28.957	28.947	
10896	839.01	28.92	28.957	28.947	
10897	839.02	28.92	28.957	28.947	
10898	839.05	28.92	28.957	28.947	
10899	839.14	28.92	28.957	28.947	
10900	839.24	28.921	28.957	28.947	
10901	839.34	28.921	28.957	28.947	
10902	839.44	28.921	28.958	28.947	
10903	839.54	28.921	28.958	28.947	
10904	839.64	28.921	28.958	28.948	
10905	839.74	28.921	28.958	28.948	
10906	839.84	28.921	28.958	28.948	
10907	839.94	28.921	28.958	28.948	
10908	840.	28.921	28.958	28.948	
10909	840.01	28.921	28.958	28.948	
10910	840.02	28.921	28.958	28.948	
10911	840.05	28.921	28.958	28.948	
10912	840.14	28.921	28.958	28.948	
10913	840.24	28.922	28.958	28.948	
10914	840.34	28.922	28.958	28.948	
10915	840.44	28.922	28.959	28.948	
10916	840.54	28.922	28.959	28.948	
10917	840.64	28.922	28.959	28.949	
10918	840.74	28.922	28.959	28.949	
10919	840.84	28.922	28.959	28.949	
10920	840.94	28.922	28.959	28.949	
10921	841.	28.922	28.959	28.949	
10922	841.01	28.922	28.959	28.949	
10923	841.02	28.922	28.959	28.949	
10924	841.05	28.922	28.959	28.949	
10925	841.14	28.922	28.959	28.949	
10926	841.24	28.922	28.959	28.949	
10927	841.34	28.923	28.959	28.949	
10928	841.44	28.923	28.959	28.949	
10929	841.54	28.923	28.96	28.949	
10930	841.64	28.923	28.96	28.949	
10931	841.74	28.923	28.96	28.95	
10932	841.84	28.923	28.96	28.95	
10933	841.94	28.923	28.96	28.95	
10934	842.	28.923	28.96	28.95	
10935	842.01	28.923	28.96	28.95	
10936	842.02	28.923	28.96	28.95	
10937	842.05	28.923	28.96	28.95	
10938	842.14	28.923	28.96	28.95	
10939	842.24	28.923	28.96	28.95	
10940	842.34	28.924	28.96	28.95	
10941	842.44	28.924	28.96	28.95	
10942	842.54	28.924	28.961	28.95	
10943	842.64	28.924	28.961	28.95	
10944	842.74	28.924	28.961	28.951	
10945	842.84	28.924	28.961	28.951	
10946	842.94	28.924	28.961	28.951	
10947	843.	28.924	28.961	28.951	
10948	843.01	28.924	28.961	28.951	
10949	843.02	28.924	28.961	28.951	
10950	843.05	28.924	28.961	28.951	
10951	843.14	28.924	28.961	28.951	
10952	843.24	28.924	28.961	28.951	
10953	843.34	28.924	28.961	28.951	
10954	843.44	28.925	28.961	28.951	
10955	843.54	28.925	28.961	28.951	
10956	843.64	28.925	28.962	28.951	
10957	843.74	28.925	28.962	28.951	
10958	843.84	28.925	28.962	28.952	
10959	843.94	28.925	28.962	28.952	
10960	844.	28.925	28.962	28.952	
10961	844.01	28.925	28.962	28.952	
10962	844.02	28.925	28.962	28.952	
10963	844.05	28.925	28.962	28.952	
10964	844.14	28.925	28.962	28.952	
10965	844.24	28.925	28.962	28.952	
10966	844.34	28.925	28.962	28.952	
10967	844.44	28.926	28.962	28.952	
10968	844.54	28.926	28.962	28.952	
10969	844.64	28.926	28.963	28.952	
10970	844.74	28.926	28.963	28.952	
10971	844.84	28.926	28.963	28.953	
10972	844.94	28.926	28.963	28.953	
10973	845.	28.926	28.963	28.953	
10974	845.01	28.926	28.963	28.953	
10975	845.02	28.926	28.963	28.953	
10976	845.05	28.926	28.963	28.953	
10977	845.14	28.926	28.963	28.953	
10978	845.24	28.926	28.963	28.953	
10979	845.34	28.926	28.963	28.953	
10980	845.44	28.926	28.963	28.953	
10981	845.54	28.927	28.963	28.953	
10982	845.64	28.927	28.964	28.953	
10983	845.74	28.927	28.964	28.953	
10984	845.84	28.927	28.964	28.953	
10985	845.94	28.927	28.964	28.954	
10986	846.	28.927	28.964	28.954	
10987	846.01	28.927	28.964	28.954	
10988	846.02	28.927	28.964	28.954	
10989	846.05	28.927	28.964	28.954	
10990	846.14	28.927	28.964	28.954	
10991	846.24	28.927	28.964	28.954	
10992	846.34	28.927	28.964	28.954	
10993	846.44	28.927	28.964	28.954	
10994	846.54	28.928	28.964	28.954	
10995	846.64	28.928	28.964	28.954	
10996	846.74	28.928	28.965	28.954	
10997	846.84	28.928	28.965	28.954	
10998	846.94	28.928	28.965	28.955	
10999	847.	28.928	28.965	28.955	
11000	847.01	28.928	28.965	28.955	
11001	847.02	28.928	28.965	28.955	
11002	847.05	28.928	28.965	28.955	
11003	847.14	28.928	28.965	28.955	
11004	847.24	28.928	28.965	28.955	
11005	847.34	28.928	28.965	28.955	
11006	847.44	28.928	28.965	28.955	
11007	847.54	28.928	28.965	28.955	
11008	847.64	28.929	28.965	28.955	
11009	847.74	28.929	28.966	28.955	
11010	847.84	28.929	28.966	28.955	
11011	847.94	28.929	28.966	28.956	
11012	848.	28.929	28.966	28.956	
11013	848.01	28.929	28.966	28.956	
11014	848.02	28.929	28.966	28.956	
11015	848.05	28.929	28.966	28.956	
11016	848.14	28.929	28.966	28.956	
11017	848.24	28.929	28.966	28.956	
11018	848.34	28.929	28.966	28.956	
11019	848.44	28.929	28.966	28.956	
11020	848.54	28.929	28.966	28.956	
11021	848.64	28.93	28.966	28.956	
11022	848.74	28.93	28.966	28.956	
11023	848.84	28.93	28.967	28.956	
11024	848.94	28.93	28.967	28.956	
11025	849.	28.93	28.967	28.957	
11026	849.01	28.93	28.967	28.957	
11027	849.02	28.93	28.967	28.957	
11028	849.05	28.93	28.967	28.957	
11029	849.14	28.93	28.967	28.957	
11030	849.24	28.93	28.967	28.957	
11031	849.34	28.93	28.967	28.957	
11032	849.44	28.93	28.967	28.957	
11033	849.54	28.93	28.967	28.957	
11034	849.64	28.93	28.967	28.957	
11035	849.74	28.931	28.967	28.957	
11036	849.84	28.931	28.968	28.957	
11037	849.94	28.931	28.968	28.957	
11038	850.	28.931	28.968	28.957	
11039	850.01	28.931	28.968	28.957	
11040	850.02	28.931	28.968	28.958	
11041	850.05	28.931	28.968	28.958	
11042	850.14	28.931	28.968	28.958	
11043	850.24	28.931	28.968	28.958	
11044	850.34	28.931	28.968	28.958	
11045	850.44	28.931	28.968	28.958	
11046	850.54	28.931	28.968	28.958	
11047	850.64	28.931	28.968	28.958	
11048	850.74	28.932	28.968	28.958	
11049	850.84	28.932	28.969	28.958	
11050	850.94	28.932	28.969	28.958	
11051	851.	28.932	28.969	28.958	
11052	851.01	28.932	28.969	28.958	
11053	851.02	28.932	28.969	28.958	
11054	851.05	28.932	28.969	28.958	
11055	851.14	28.932	28.969	28.959	
11056	851.24	28.932	28.969	28.959	
11057	851.34	28.932	28.969	28.959	
11058	851.44	28.932	28.969	28.959	
11059	851.54	28.932	28.969	28.959	
11060	851.64	28.932	28.969	28.959	
11061	851.74	28.932	28.969	28.959	
11062	851.84	28.933	28.969	28.959	
11063	851.94	28.933	28.97	28.959	
11064	852.	28.933	28.97	28.959	
11065	852.01	28.933	28.97	28.959	
11066	852.02	28.933	28.97	28.959	
11067	852.05	28.933	28.97	28.959	
11068	852.14	28.933	28.97	28.96	
11069	852.24	28.933	28.97	28.96	
11070	852.34	28.933	28.97	28.96	
11071	852.44	28.933	28.97	28.96	
11072	852.54	28.933	28.97	28.96	
11073	852.64	28.933	28.97	28.96	
11074	852.74	28.933	28.97	28.96	
11075	852.84	28.934	28.97	28.96	
11076	852.94	28.934	28.971	28.96	
11077	853.	28.934	28.971	28.96	
11078	853.01	28.934	28.971	28.96	
11079	853.02	28.934	28.971	28.96	
11080	853.05	28.934	28.971	28.96	
11081	853.14	28.934	28.971	28.96	
11082	853.24	28.934	28.971	28.961	
11083	853.34	28.934	28.971	28.961	
11084	853.44	28.934	28.971	28.961	
11085	853.54	28.934	28.971	28.961	
11086	853.64	28.934	28.971	28.961	
11087	853.74	28.934	28.971	28.961	
11088	853.84	28.934	28.971	28.961	
11089	853.94	28.935	28.971	28.961	
11090	854.	28.935	28.972	28.961	
11091	854.01	28.935	28.972	28.961	
11092	854.02	28.935	28.972	28.961	
11093	854.05	28.935	28.972	28.961	
11094	854.14	28.935	28.972	28.961	
11095	854.24	28.935	28.972	28.962	
11096	854.34	28.935	28.972	28.962	
11097	854.44	28.935	28.972	28.962	
11098	854.54	28.935	28.972	28.962	
11099	854.64	28.935	28.972	28.962	
11100	854.74	28.935	28.972	28.962	
11101	854.84	28.935	28.972	28.962	
11102	854.94	28.936	28.972	28.962	
11103	855.	28.936	28.972	28.962	
11104	855.01	28.936	28.973	28.962	
11105	855.02	28.936	28.973	28.962	
11106	855.05	28.936	28.973	28.962	
11107	855.14	28.936	28.973	28.962	
11108	855.24	28.936	28.973	28.963	
11109	855.34	28.936	28.973	28.963	
11110	855.44	28.936	28.973	28.963	
11111	855.54	28.936	28.973	28.963	
11112	855.64	28.936	28.973	28.963	
11113	855.74	28.936	28.973	28.963	
11114	855.84	28.936	28.973	28.963	
11115	855.94	28.936	28.973	28.963	
11116	856.	28.937	28.973	28.963	
11117	856.01	28.937	28.973	28.963	
11118	856.02	28.937	28.973	28.963	
11119	856.05	28.937	28.974	28.963	
11120	856.14	28.937	28.974	28.963	
11121	856.24	28.937	28.974	28.963	
11122	856.34	28.937	28.974	28.964	
11123	856.44	28.937	28.974	28.964	
11124	856.54	28.937	28.974	28.964	
11125	856.64	28.937	28.974	28.964	
11126	856.74	28.937	28.974	28.964	
11127	856.84	28.937	28.974	28.964	
11128	856.94	28.937	28.974	28.964	
11129	857.	28.937	28.974	28.964	
11130	857.01	28.938	28.974	28.964	
11131	857.02	28.938	28.974	28.964	
11132	857.05	28.938	28.974	28.964	
11133	857.14	28.938	28.975	28.964	
11134	857.24	28.938	28.975	28.964	
11135	857.34	28.938	28.975	28.965	
11136	857.44	28.938	28.975	28.965	
11137	857.54	28.938	28.975	28.965	
11138	857.64	28.938	28.975	28.965	
11139	857.74	28.938	28.975	28.965	
11140	857.84	28.938	28.975	28.965	
11141	857.94	28.938	28.975	28.965	
11142	858.	28.938	28.975	28.965	
11143	858.01	28.938	28.975	28.965	
11144	858.02	28.938	28.975	28.965	
11145	858.05	28.938	28.975	28.965	
11146	858.14	28.939	28.976	28.965	
11147	858.24	28.939	28.976	28.965	
11148	858.34	28.939	28.976	28.965	
11149	858.44	28.939	28.976	28.966	
11150	858.54	28.939	28.976	28.966	
11151	858.64	28.939	28.976	28.966	
11152	858.74	28.939	28.976	28.966	
11153	858.84	28.939	28.976	28.966	
11154	858.94	28.939	28.976	28.966	
11155	859.	28.939	28.976	28.966	
11156	859.01	28.939	28.976	28.966	
11157	859.02	28.939	28.976	28.966	
11158	859.05	28.939	28.976	28.966	
11159	859.14	28.94	28.976	28.966	
11160	859.24	28.94	28.977	28.966	
11161	859.34	28.94	28.977	28.966	
11162	859.44	28.94	28.977	28.967	
11163	859.54	28.94	28.977	28.967	
11164	859.64	28.94	28.977	28.967	
11165	859.74	28.94	28.977	28.967	
11166	859.84	28.94	28.977	28.967	
11167	859.94	28.94	28.977	28.967	
11168	860.	28.94	28.977	28.967	
11169	860.01	28.94	28.977	28.967	
11170	860.02	28.94	28.977	28.967	
11171	860.05	28.94	28.977	28.967	
11172	860.14	28.94	28.977	28.967	
11173	860.24	28.941	28.978	28.967	
11174	860.34	28.941	28.978	28.967	
11175	860.44	28.941	28.978	28.967	
11176	860.54	28.941	28.978	28.968	
11177	860.64	28.941	28.978	28.968	
11178	860.74	28.941	28.978	28.968	
11179	860.84	28.941	28.978	28.968	
11180	860.94	28.941	28.978	28.968	
11181	861.	28.941	28.978	28.968	
11182	861.01	28.941	28.978	28.968	
11183	861.02	28.941	28.978	28.968	
11184	861.05	28.941	28.978	28.968	
11185	861.14	28.941	28.978	28.968	
11186	861.24	28.942	28.978	28.968	
11187	861.34	28.942	28.979	28.968	
11188	861.44	28.942	28.979	28.968	
11189	861.54	28.942	28.979	28.969	
11190	861.64	28.942	28.979	28.969	
11191	861.74	28.942	28.979	28.969	
11192	861.84	28.942	28.979	28.969	
11193	861.94	28.942	28.979	28.969	
11194	862.	28.942	28.979	28.969	
11195	862.01	28.942	28.979	28.969	
11196	862.02	28.942	28.979	28.969	
11197	862.05	28.942	28.979	28.969	
11198	862.14	28.942	28.979	28.969	
11199	862.24	28.942	28.979	28.969	
11200	862.34	28.943	28.98	28.969	
11201	862.44	28.943	28.98	28.969	
11202	862.54	28.943	28.98	28.969	
11203	862.64	28.943	28.98	28.97	
11204	862.74	28.943	28.98	28.97	
11205	862.84	28.943	28.98	28.97	
11206	862.94	28.943	28.98	28.97	
11207	863.	28.943	28.98	28.97	
11208	863.01	28.943	28.98	28.97	
11209	863.02	28.943	28.98	28.97	
11210	863.05	28.943	28.98	28.97	
11211	863.14	28.943	28.98	28.97	
11212	863.24	28.943	28.98	28.97	
11213	863.34	28.944	28.98	28.97	
11214	863.44	28.944	28.981	28.97	
11215	863.54	28.944	28.981	28.97	
11216	863.64	28.944	28.981	28.971	
11217	863.74	28.944	28.981	28.971	
11218	863.84	28.944	28.981	28.971	
11219	863.94	28.944	28.981	28.971	
11220	864.	28.944	28.981	28.971	
11221	864.01	28.944	28.981	28.971	
11222	864.02	28.944	28.981	28.971	
11223	864.05	28.944	28.981	28.971	
11224	864.14	28.944	28.981	28.971	
11225	864.24	28.944	28.981	28.971	
11226	864.34	28.944	28.981	28.971	
11227	864.44	28.945	28.982	28.971	
11228	864.54	28.945	28.982	28.971	
11229	864.64	28.945	28.982	28.971	
11230	864.74	28.945	28.982	28.972	
11231	864.84	28.945	28.982	28.972	
11232	864.94	28.945	28.982	28.972	
11233	865.	28.945	28.982	28.972	
11234	865.01	28.945	28.982	28.972	
11235	865.02	28.945	28.982	28.972	
11236	865.05	28.945	28.982	28.972	
11237	865.14	28.945	28.982	28.972	
11238	865.24	28.945	28.982	28.972	
11239	865.34	28.945	28.982	28.972	
11240	865.44	28.946	28.983	28.972	
11241	865.54	28.946	28.983	28.972	
11242	865.64	28.946	28.983	28.972	
11243	865.74	28.946	28.983	28.973	
11244	865.84	28.946	28.983	28.973	
11245	865.94	28.946	28.983	28.973	
11246	866.	28.946	28.983	28.973	
11247	866.01	28.946	28.983	28.973	
11248	866.02	28.946	28.983	28.973	
11249	866.05	28.946	28.983	28.973	
11250	866.14	28.946	28.983	28.973	
11251	866.24	28.946	28.983	28.973	
11252	866.34	28.946	28.983	28.973	
11253	866.44	28.946	28.983	28.973	
11254	866.54	28.947	28.984	28.973	
11255	866.64	28.947	28.984	28.973	
11256	866.74	28.947	28.984	28.974	
11257	866.84	28.947	28.984	28.974	
11258	866.94	28.947	28.984	28.974	
11259	867.	28.947	28.984	28.974	
11260	867.01	28.947	28.984	28.974	
11261	867.02	28.947	28.984	28.974	
11262	867.05	28.947	28.984	28.974	
11263	867.14	28.947	28.984	28.974	
11264	867.24	28.947	28.984	28.974	
11265	867.34	28.947	28.984	28.974	
11266	867.44	28.947	28.984	28.974	
11267	867.54	28.948	28.985	28.974	
11268	867.64	28.948	28.985	28.974	
11269	867.74	28.948	28.985	28.974	
11270	867.84	28.948	28.985	28.975	
11271	867.94	28.948	28.985	28.975	
11272	868.	28.948	28.985	28.975	
11273	868.01	28.948	28.985	28.975	
11274	868.02	28.948	28.985	28.975	
11275	868.05	28.948	28.985	28.975	
11276	868.14	28.948	28.985	28.975	
11277	868.24	28.948	28.985	28.975	
11278	868.34	28.948	28.985	28.975	
11279	868.44	28.948	28.985	28.975	
11280	868.54	28.948	28.985	28.975	
11281	868.64	28.949	28.986	28.975	
11282	868.74	28.949	28.986	28.975	
11283	868.84	28.949	28.986	28.976	
11284	868.94	28.949	28.986	28.976	
11285	869.	28.949	28.986	28.976	
11286	869.01	28.949	28.986	28.976	
11287	869.02	28.949	28.986	28.976	
11288	869.05	28.949	28.986	28.976	
11289	869.14	28.949	28.986	28.976	
11290	869.24	28.949	28.986	28.976	
11291	869.34	28.949	28.986	28.976	
11292	869.44	28.949	28.986	28.976	
11293	869.54	28.949	28.986	28.976	
11294	869.64	28.95	28.987	28.976	
11295	869.74	28.95	28.987	28.976	
11296	869.84	28.95	28.987	28.976	
11297	869.94	28.95	28.987	28.977	
11298	870.	28.95	28.987	28.977	
11299	870.01	28.95	28.987	28.977	
11300	870.02	28.95	28.987	28.977	
11301	870.05	28.95	28.987	28.977	
11302	870.14	28.95	28.987	28.977	
11303	870.24	28.95	28.987	28.977	
11304	870.34	28.95	28.987	28.977	
11305	870.44	28.95	28.987	28.977	
11306	870.54	28.95	28.987	28.977	
11307	870.64	28.95	28.987	28.977	
11308	870.74	28.951	28.988	28.977	
11309	870.84	28.951	28.988	28.977	
11310	870.94	28.951	28.988	28.978	
11311	871.	28.951	28.988	28.978	
11312	871.01	28.951	28.988	28.978	
11313	871.02	28.951	28.988	28.978	
11314	871.05	28.951	28.988	28.978	
11315	871.14	28.951	28.988	28.978	
11316	871.24	28.951	28.988	28.978	
11317	871.34	28.951	28.988	28.978	
11318	871.44	28.951	28.988	28.978	
11319	871.54	28.951	28.988	28.978	
11320	871.64	28.951	28.988	28.978	
11321	871.74	28.952	28.989	28.978	
11322	871.84	28.952	28.989	28.978	
11323	871.94	28.952	28.989	28.978	
11324	872.	28.952	28.989	28.979	
11325	872.01	28.952	28.989	28.979	
11326	872.02	28.952	28.989	28.979	
11327	872.05	28.952	28.989	28.979	
11328	872.14	28.952	28.989	28.979	
11329	872.24	28.952	28.989	28.979	
11330	872.34	28.952	28.989	28.979	
11331	872.44	28.952	28.989	28.979	
11332	872.54	28.952	28.989	28.979	
11333	872.64	28.952	28.989	28.979	
11334	872.74	28.952	28.989	28.979	
11335	872.84	28.953	28.99	28.979	
11336	872.94	28.953	28.99	28.979	
11337	873.	28.953	28.99	28.979	
11338	873.01	28.953	28.99	28.979	
11339	873.02	28.953	28.99	28.98	
11340	873.05	28.953	28.99	28.98	
11341	873.14	28.953	28.99	28.98	
11342	873.24	28.953	28.99	28.98	
11343	873.34	28.953	28.99	28.98	
11344	873.44	28.953	28.99	28.98	
11345	873.54	28.953	28.99	28.98	
11346	873.64	28.953	28.99	28.98	
11347	873.74	28.953	28.99	28.98	
11348	873.84	28.954	28.991	28.98	
11349	873.94	28.954	28.991	28.98	
11350	874.	28.954	28.991	28.98	
11351	874.01	28.954	28.991	28.98	
11352	874.02	28.954	28.991	28.98	
11353	874.05	28.954	28.991	28.98	
11354	874.14	28.954	28.991	28.981	
11355	874.24	28.954	28.991	28.981	
11356	874.34	28.954	28.991	28.981	
11357	874.44	28.954	28.991	28.981	
11358	874.54	28.954	28.991	28.981	
11359	874.64	28.954	28.991	28.981	
11360	874.74	28.954	28.991	28.981	
11361	874.84	28.954	28.991	28.981	
11362	874.94	28.955	28.992	28.981	
11363	875.	28.955	28.992	28.981	
11364	875.01	28.955	28.992	28.981	
11365	875.02	28.955	28.992	28.981	
11366	875.05	28.955	28.992	28.981	
11367	875.14	28.955	28.992	28.982	
11368	875.24	28.955	28.992	28.982	
11369	875.34	28.955	28.992	28.982	
11370	875.44	28.955	28.992	28.982	
11371	875.54	28.955	28.992	28.982	
11372	875.64	28.955	28.992	28.982	
11373	875.74	28.955	28.992	28.982	
11374	875.84	28.955	28.992	28.982	
11375	875.94	28.956	28.993	28.982	
11376	876.	28.956	28.993	28.982	
11377	876.01	28.956	28.993	28.982	
11378	876.02	28.956	28.993	28.982	
11379	876.05	28.956	28.993	28.982	
11380	876.14	28.956	28.993	28.982	
11381	876.24	28.956	28.993	28.983	
11382	876.34	28.956	28.993	28.983	
11383	876.44	28.956	28.993	28.983	
11384	876.54	28.956	28.993	28.983	
11385	876.64	28.956	28.993	28.983	
11386	876.74	28.956	28.993	28.983	
11387	876.84	28.956	28.993	28.983	
11388	876.94	28.956	28.994	28.983	
11389	877.	28.957	28.994	28.983	
11390	877.01	28.957	28.994	28.983	
11391	877.02	28.957	28.994	28.983	
11392	877.05	28.957	28.994	28.983	
11393	877.14	28.957	28.994	28.983	
11394	877.24	28.957	28.994	28.984	
11395	877.34	28.957	28.994	28.984	
11396	877.44	28.957	28.994	28.984	
11397	877.54	28.957	28.994	28.984	
11398	877.64	28.957	28.994	28.984	
11399	877.74	28.957	28.994	28.984	
11400	877.84	28.957	28.994	28.984	
11401	877.94	28.957	28.994	28.984	
11402	878.	28.957	28.995	28.984	
11403	878.01	28.957	28.995	28.984	
11404	878.02	28.957	28.995	28.984	
11405	878.05	28.958	28.995	28.984	
11406	878.14	28.958	28.995	28.984	
11407	878.24	28.958	28.995	28.984	
11408	878.34	28.958	28.995	28.985	
11409	878.44	28.958	28.995	28.985	
11410	878.54	28.958	28.995	28.985	
11411	878.64	28.958	28.995	28.985	
11412	878.74	28.958	28.995	28.985	
11413	878.84	28.958	28.995	28.985	
11414	878.94	28.958	28.995	28.985	
11415	879.	28.958	28.995	28.985	
11416	879.01	28.958	28.995	28.985	
11417	879.02	28.958	28.995	28.985	
11418	879.05	28.958	28.996	28.985	
11419	879.14	28.959	28.996	28.985	
11420	879.24	28.959	28.996	28.985	
11421	879.34	28.959	28.996	28.986	
11422	879.44	28.959	28.996	28.986	
11423	879.54	28.959	28.996	28.986	
11424	879.64	28.959	28.996	28.986	
11425	879.74	28.959	28.996	28.986	
11426	879.84	28.959	28.996	28.986	
11427	879.94	28.959	28.996	28.986	
11428	880.	28.959	28.996	28.986	
11429	880.01	28.959	28.996	28.986	
11430	880.02	28.959	28.996	28.986	
11431	880.05	28.959	28.996	28.986	
11432	880.14	28.96	28.997	28.986	
11433	880.24	28.96	28.997	28.986	
11434	880.34	28.96	28.997	28.986	
11435	880.44	28.96	28.997	28.987	
11436	880.54	28.96	28.997	28.987	
11437	880.64	28.96	28.997	28.987	
11438	880.74	28.96	28.997	28.987	
11439	880.84	28.96	28.997	28.987	
11440	880.94	28.96	28.997	28.987	
11441	881.	28.96	28.997	28.987	
11442	881.01	28.96	28.997	28.987	
11443	881.02	28.96	28.997	28.987	
11444	881.05	28.96	28.997	28.987	
11445	881.14	28.96	28.998	28.987	
11446	881.24	28.961	28.998	28.987	
11447	881.34	28.961	28.998	28.987	
11448	881.44	28.961	28.998	28.988	
11449	881.54	28.961	28.998	28.988	
11450	881.64	28.961	28.998	28.988	
11451	881.74	28.961	28.998	28.988	
11452	881.84	28.961	28.998	28.988	
11453	881.94	28.961	28.998	28.988	
11454	882.	28.961	28.998	28.988	
11455	882.01	28.961	28.998	28.988	
11456	882.02	28.961	28.998	28.988	
11457	882.05	28.961	28.998	28.988	
11458	882.14	28.961	28.998	28.988	
11459	882.24	28.962	28.999	28.988	
11460	882.34	28.962	28.999	28.988	
11461	882.44	28.962	28.999	28.989	
11462	882.54	28.962	28.999	28.989	
11463	882.64	28.962	28.999	28.989	
11464	882.74	28.962	28.999	28.989	
11465	882.84	28.962	28.999	28.989	
11466	882.94	28.962	28.999	28.989	
11467	883.	28.962	28.999	28.989	
11468	883.01	28.962	28.999	28.989	
11469	883.02	28.962	28.999	28.989	
11470	883.05	28.962	28.999	28.989	
11471	883.14	28.962	28.999	28.989	
11472	883.24	28.962	29.	28.989	
11473	883.34	28.963	29.	28.989	
11474	883.44	28.963	29.	28.989	
11475	883.54	28.963	29.	28.99	
11476	883.64	28.963	29.	28.99	
11477	883.74	28.963	29.	28.99	
11478	883.84	28.963	29.	28.99	
11479	883.94	28.963	29.	28.99	
11480	884.	28.963	29.	28.99	
11481	884.01	28.963	29.	28.99	
11482	884.02	28.963	29.	28.99	
11483	884.05	28.963	29.	28.99	
11484	884.14	28.963	29.	28.99	
11485	884.24	28.963	29.	28.99	
11486	884.34	28.963	29.001	28.99	
11487	884.44	28.964	29.001	28.99	
11488	884.54	28.964	29.001	28.991	
11489	884.64	28.964	29.001	28.991	
11490	884.74	28.964	29.001	28.991	
11491	884.84	28.964	29.001	28.991	
11492	884.94	28.964	29.001	28.991	
11493	885.	28.964	29.001	28.991	
11494	885.01	28.964	29.001	28.991	
11495	885.02	28.964	29.001	28.991	
11496	885.05	28.964	29.001	28.991	
11497	885.14	28.964	29.001	28.991	
11498	885.24	28.964	29.001	28.991	
11499	885.34	28.964	29.002	28.991	
11500	885.44	28.965	29.002	28.991	
11501	885.54	28.965	29.002	28.991	
11502	885.64	28.965	29.002	28.992	
11503	885.74	28.965	29.002	28.992	
11504	885.84	28.965	29.002	28.992	
11505	885.94	28.965	29.002	28.992	
11506	886.	28.965	29.002	28.992	
11507	886.01	28.965	29.002	28.992	
11508	886.02	28.965	29.002	28.992	
11509	886.05	28.965	29.002	28.992	
11510	886.14	28.965	29.002	28.992	
11511	886.24	28.965	29.002	28.992	
11512	886.34	28.965	29.002	28.992	
11513	886.44	28.965	29.003	28.992	
11514	886.54	28.966	29.003	28.992	
11515	886.64	28.966	29.003	28.993	
11516	886.74	28.966	29.003	28.993	
11517	886.84	28.966	29.003	28.993	
11518	886.94	28.966	29.003	28.993	
11519	887.	28.966	29.003	28.993	
11520	887.01	28.966	29.003	28.993	
11521	887.02	28.966	29.003	28.993	
11522	887.05	28.966	29.003	28.993	
11523	887.14	28.966	29.003	28.993	
11524	887.24	28.966	29.003	28.993	
11525	887.34	28.966	29.003	28.993	
11526	887.44	28.966	29.004	28.993	
11527	887.54	28.967	29.004	28.993	
11528	887.64	28.967	29.004	28.993	
11529	887.74	28.967	29.004	28.994	
11530	887.84	28.967	29.004	28.994	
11531	887.94	28.967	29.004	28.994	
11532	888.	28.967	29.004	28.994	
11533	888.01	28.967	29.004	28.994	
11534	888.02	28.967	29.004	28.994	
11535	888.05	28.967	29.004	28.994	
11536	888.14	28.967	29.004	28.994	
11537	888.24	28.967	29.004	28.994	
11538	888.34	28.967	29.004	28.994	
11539	888.44	28.967	29.004	28.994	
11540	888.54	28.967	29.005	28.994	
11541	888.64	28.968	29.005	28.994	
11542	888.74	28.968	29.005	28.995	
11543	888.84	28.968	29.005	28.995	
11544	888.94	28.968	29.005	28.995	
11545	889.	28.968	29.005	28.995	
11546	889.01	28.968	29.005	28.995	
11547	889.02	28.968	29.005	28.995	
11548	889.05	28.968	29.005	28.995	
11549	889.14	28.968	29.005	28.995	
11550	889.24	28.968	29.005	28.995	
11551	889.34	28.968	29.005	28.995	
11552	889.44	28.968	29.005	28.995	
11553	889.54	28.968	29.006	28.995	
11554	889.64	28.969	29.006	28.995	
11555	889.74	28.969	29.006	28.995	
11556	889.84	28.969	29.006	28.996	
11557	889.94	28.969	29.006	28.996	
11558	890.	28.969	29.006	28.996	
11559	890.01	28.969	29.006	28.996	
11560	890.02	28.969	29.006	28.996	
11561	890.05	28.969	29.006	28.996	
11562	890.14	28.969	29.006	28.996	
11563	890.24	28.969	29.006	28.996	
11564	890.34	28.969	29.006	28.996	
11565	890.44	28.969	29.006	28.996	
11566	890.54	28.969	29.007	28.996	
11567	890.64	28.969	29.007	28.996	
11568	890.74	28.97	29.007	28.996	
11569	890.84	28.97	29.007	28.997	
11570	890.94	28.97	29.007	28.997	
11571	891.	28.97	29.007	28.997	
11572	891.01	28.97	29.007	28.997	
11573	891.02	28.97	29.007	28.997	
11574	891.05	28.97	29.007	28.997	
11575	891.14	28.97	29.007	28.997	
11576	891.24	28.97	29.007	28.997	
11577	891.34	28.97	29.007	28.997	
11578	891.44	28.97	29.007	28.997	
11579	891.54	28.97	29.007	28.997	
11580	891.64	28.97	29.008	28.997	
11581	891.74	28.971	29.008	28.997	
11582	891.84	28.971	29.008	28.997	
11583	891.94	28.971	29.008	28.998	
11584	892.	28.971	29.008	28.998	
11585	892.01	28.971	29.008	28.998	
11586	892.02	28.971	29.008	28.998	
11587	892.05	28.971	29.008	28.998	
11588	892.14	28.971	29.008	28.998	
11589	892.24	28.971	29.008	28.998	
11590	892.34	28.971	29.008	28.998	
11591	892.44	28.971	29.008	28.998	
11592	892.54	28.971	29.008	28.998	
11593	892.64	28.971	29.009	28.998	
11594	892.74	28.971	29.009	28.998	
11595	892.84	28.972	29.009	28.998	
11596	892.94	28.972	29.009	28.999	
11597	893.	28.972	29.009	28.999	
11598	893.01	28.972	29.009	28.999	
11599	893.02	28.972	29.009	28.999	
11600	893.05	28.972	29.009	28.999	
11601	893.14	28.972	29.009	28.999	
11602	893.24	28.972	29.009	28.999	
11603	893.34	28.972	29.009	28.999	
11604	893.44	28.972	29.009	28.999	
11605	893.54	28.972	29.009	28.999	
11606	893.64	28.972	29.009	28.999	
11607	893.74	28.972	29.01	28.999	
11608	893.84	28.973	29.01	28.999	
11609	893.94	28.973	29.01	28.999	
11610	894.	28.973	29.01	29.	
11611	894.01	28.973	29.01	29.	
11612	894.02	28.973	29.01	29.	
11613	894.05	28.973	29.01	29.	
11614	894.14	28.973	29.01	29.	
11615	894.24	28.973	29.01	29.	
11616	894.34	28.973	29.01	29.	
11617	894.44	28.973	29.01	29.	
11618	894.54	28.973	29.01	29.	
11619	894.64	28.973	29.01	29.	
11620	894.74	28.973	29.011	29.	
11621	894.84	28.973	29.011	29.	
11622	894.94	28.974	29.011	29.	
11623	895.	28.974	29.011	29.	
11624	895.01	28.974	29.011	29.	
11625	895.02	28.974	29.011	29.	
11626	895.05	28.974	29.011	29.001	
11627	895.14	28.974	29.011	29.001	
11628	895.24	28.974	29.011	29.001	
11629	895.34	28.974	29.011	29.001	
11630	895.44	28.974	29.011	29.001	
11631	895.54	28.974	29.011	29.001	
11632	895.64	28.974	29.011	29.001	
11633	895.74	28.974	29.011	29.001	
11634	895.84	28.974	29.012	29.001	
11635	895.94	28.975	29.012	29.001	
11636	896.	28.975	29.012	29.001	
11637	896.01	28.975	29.012	29.001	
11638	896.02	28.975	29.012	29.001	
11639	896.05	28.975	29.012	29.001	
11640	896.14	28.975	29.012	29.002	
11641	896.24	28.975	29.012	29.002	
11642	896.34	28.975	29.012	29.002	
11643	896.44	28.975	29.012	29.002	
11644	896.54	28.975	29.012	29.002	
11645	896.64	28.975	29.012	29.002	
11646	896.74	28.975	29.012	29.002	
11647	896.84	28.975	29.013	29.002	
11648	896.94	28.975	29.013	29.002	
11649	897.	28.976	29.013	29.002	
11650	897.01	28.976	29.013	29.002	
11651	897.02	28.976	29.013	29.002	
11652	897.05	28.976	29.013	29.002	
11653	897.14	28.976	29.013	29.003	
11654	897.24	28.976	29.013	29.003	
11655	897.34	28.976	29.013	29.003	
11656	897.44	28.976	29.013	29.003	
11657	897.54	28.976	29.013	29.003	
11658	897.64	28.976	29.013	29.003	
11659	897.74	28.976	29.013	29.003	
11660	897.84	28.976	29.013	29.003	
11661	897.94	28.976	29.014	29.003	
11662	898.	28.976	29.014	29.003	
11663	898.01	28.976	29.014	29.003	
11664	898.02	28.976	29.014	29.003	
11665	898.05	28.977	29.014	29.003	
11666	898.14	28.977	29.014	29.003	
11667	898.24	28.977	29.014	29.004	
11668	898.34	28.977	29.014	29.004	
11669	898.44	28.977	29.014	29.004	
11670	898.54	28.977	29.014	29.004	
11671	898.64	28.977	29.014	29.004	
11672	898.74	28.977	29.014	29.004	
11673	898.84	28.977	29.014	29.004	
11674	898.94	28.977	29.015	29.004	
11675	899.	28.977	29.015	29.004	
11676	899.01	28.977	29.015	29.004	
11677	899.02	28.977	29.015	29.004	
11678	899.05	28.977	29.015	29.004	
11679	899.14	28.978	29.015	29.004	
11680	899.24	28.978	29.015	29.005	
11681	899.34	28.978	29.015	29.005	
11682	899.44	28.978	29.015	29.005	
11683	899.54	28.978	29.015	29.005	
11684	899.64	28.978	29.015	29.005	
11685	899.74	28.978	29.015	29.005	
11686	899.84	28.978	29.015	29.005	
11687	899.94	28.978	29.015	29.005	
11688	900.	28.978	29.016	29.005	
11689	900.01	28.978	29.016	29.005	
11690	900.02	28.978	29.016	29.005	
11691	900.05	28.978	29.016	29.005	
11692	900.14	28.978	29.016	29.005	
11693	900.24	28.979	29.016	29.005	
11694	900.34	28.979	29.016	29.006	
11695	900.44	28.979	29.016	29.006	
11696	900.54	28.979	29.016	29.006	
11697	900.64	28.979	29.016	29.006	
11698	900.74	28.979	29.016	29.006	
11699	900.84	28.979	29.016	29.006	
11700	900.94	28.979	29.016	29.006	
11701	901.	28.979	29.016	29.006	
11702	901.01	28.979	29.016	29.006	
11703	901.02	28.979	29.017	29.006	
11704	901.05	28.979	29.017	29.006	
11705	901.14	28.979	29.017	29.006	
11706	901.24	28.98	29.017	29.006	
11707	901.34	28.98	29.017	29.007	
11708	901.44	28.98	29.017	29.007	
11709	901.54	28.98	29.017	29.007	
11710	901.64	28.98	29.017	29.007	
11711	901.74	28.98	29.017	29.007	
11712	901.84	28.98	29.017	29.007	
11713	901.94	28.98	29.017	29.007	
11714	902.	28.98	29.017	29.007	
11715	902.01	28.98	29.017	29.007	
11716	902.02	28.98	29.017	29.007	
11717	902.05	28.98	29.017	29.007	
11718	902.14	28.98	29.018	29.007	
11719	902.24	28.98	29.018	29.007	
11720	902.34	28.981	29.018	29.007	
11721	902.44	28.981	29.018	29.008	
11722	902.54	28.981	29.018	29.008	
11723	902.64	28.981	29.018	29.008	
11724	902.74	28.981	29.018	29.008	
11725	902.84	28.981	29.018	29.008	
11726	902.94	28.981	29.018	29.008	
11727	903.	28.981	29.018	29.008	
11728	903.01	28.981	29.018	29.008	
11729	903.02	28.981	29.018	29.008	
11730	903.05	28.981	29.018	29.008	
11731	903.14	28.981	29.019	29.008	
11732	903.24	28.981	29.019	29.008	
11733	903.34	28.982	29.019	29.008	
11734	903.44	28.982	29.019	29.009	
11735	903.54	28.982	29.019	29.009	
11736	903.64	28.982	29.019	29.009	
11737	903.74	28.982	29.019	29.009	
11738	903.84	28.982	29.019	29.009	
11739	903.94	28.982	29.019	29.009	
11740	904.	28.982	29.019	29.009	
11741	904.01	28.982	29.019	29.009	
11742	904.02	28.982	29.019	29.009	
11743	904.05	28.982	29.019	29.009	
11744	904.14	28.982	29.019	29.009	
11745	904.24	28.982	29.02	29.009	
11746	904.34	28.982	29.02	29.009	
11747	904.44	28.983	29.02	29.009	
11748	904.54	28.983	29.02	29.01	
11749	904.64	28.983	29.02	29.01	
11750	904.74	28.983	29.02	29.01	
11751	904.84	28.983	29.02	29.01	
11752	904.94	28.983	29.02	29.01	
11753	905.	28.983	29.02	29.01	
11754	905.01	28.983	29.02	29.01	
11755	905.02	28.983	29.02	29.01	
11756	905.05	28.983	29.02	29.01	
11757	905.14	28.983	29.02	29.01	
11758	905.24	28.983	29.021	29.01	
11759	905.34	28.983	29.021	29.01	
11760	905.44	28.984	29.021	29.01	
11761	905.54	28.984	29.021	29.011	
11762	905.64	28.984	29.021	29.011	
11763	905.74	28.984	29.021	29.011	
11764	905.84	28.984	29.021	29.011	
11765	905.94	28.984	29.021	29.011	
11766	906.	28.984	29.021	29.011	
11767	906.01	28.984	29.021	29.011	
11768	906.02	28.984	29.021	29.011	
11769	906.05	28.984	29.021	29.011	
11770	906.14	28.984	29.021	29.011	
11771	906.24	28.984	29.021	29.011	
11772	906.34	28.984	29.022	29.011	
11773	906.44	28.984	29.022	29.011	
11774	906.54	28.985	29.022	29.011	
11775	906.64	28.985	29.022	29.012	
11776	906.74	28.985	29.022	29.012	
11777	906.84	28.985	29.022	29.012	
11778	906.94	28.985	29.022	29.012	
11779	907.	28.985	29.022	29.012	
11780	907.01	28.985	29.022	29.012	
11781	907.02	28.985	29.022	29.012	
11782	907.05	28.985	29.022	29.012	
11783	907.14	28.985	29.022	29.012	
11784	907.24	28.985	29.022	29.012	
11785	907.34	28.985	29.023	29.012	
11786	907.44	28.985	29.023	29.012	
11787	907.54	28.985	29.023	29.012	
11788	907.64	28.986	29.023	29.013	
11789	907.74	28.986	29.023	29.013	
11790	907.84	28.986	29.023	29.013	
11791	907.94	28.986	29.023	29.013	
11792	908.	28.986	29.023	29.013	
11793	908.01	28.986	29.023	29.013	
11794	908.02	28.986	29.023	29.013	
11795	908.05	28.986	29.023	29.013	
11796	908.14	28.986	29.023	29.013	
11797	908.24	28.986	29.023	29.013	
11798	908.34	28.986	29.023	29.013	
11799	908.44	28.986	29.024	29.013	
11800	908.54	28.986	29.024	29.013	
11801	908.64	28.987	29.024	29.013	
11802	908.74	28.987	29.024	29.014	
11803	908.84	28.987	29.024	29.014	
11804	908.94	28.987	29.024	29.014	
11805	909.	28.987	29.024	29.014	
11806	909.01	28.987	29.024	29.014	
11807	909.02	28.987	29.024	29.014	
11808	909.05	28.987	29.024	29.014	
11809	909.14	28.987	29.024	29.014	
11810	909.24	28.987	29.024	29.014	
11811	909.34	28.987	29.024	29.014	
11812	909.44	28.987	29.025	29.014	
11813	909.54	28.987	29.025	29.014	
11814	909.64	28.987	29.025	29.014	
11815	909.74	28.988	29.025	29.015	
11816	909.84	28.988	29.025	29.015	
11817	909.94	28.988	29.025	29.015	
11818	910.	28.988	29.025	29.015	
11819	910.01	28.988	29.025	29.015	
11820	910.02	28.988	29.025	29.015	
11821	910.05	28.988	29.025	29.015	
11822	910.14	28.988	29.025	29.015	
11823	910.24	28.988	29.025	29.015	
11824	910.34	28.988	29.025	29.015	
11825	910.44	28.988	29.025	29.015	
11826	910.54	28.988	29.026	29.015	
11827	910.64	28.988	29.026	29.015	
11828	910.74	28.989	29.026	29.015	
11829	910.84	28.989	29.026	29.016	
11830	910.94	28.989	29.026	29.016	
11831	911.	28.989	29.026	29.016	
11832	911.01	28.989	29.026	29.016	
11833	911.02	28.989	29.026	29.016	
11834	911.05	28.989	29.026	29.016	
11835	911.14	28.989	29.026	29.016	
11836	911.24	28.989	29.026	29.016	
11837	911.34	28.989	29.026	29.016	
11838	911.44	28.989	29.026	29.016	
11839	911.54	28.989	29.027	29.016	
11840	911.64	28.989	29.027	29.016	
11841	911.74	28.989	29.027	29.016	
11842	911.84	28.99	29.027	29.017	
11843	911.94	28.99	29.027	29.017	
11844	912.	28.99	29.027	29.017	
11845	912.01	28.99	29.027	29.017	
11846	912.02	28.99	29.027	29.017	
11847	912.05	28.99	29.027	29.017	
11848	912.14	28.99	29.027	29.017	
11849	912.24	28.99	29.027	29.017	
11850	912.34	28.99	29.027	29.017	
11851	912.44	28.99	29.027	29.017	
11852	912.54	28.99	29.027	29.017	
11853	912.64	28.99	29.028	29.017	
11854	912.74	28.99	29.028	29.017	
11855	912.84	28.991	29.028	29.017	
11856	912.94	28.991	29.028	29.018	
11857	913.	28.991	29.028	29.018	
11858	913.01	28.991	29.028	29.018	
11859	913.02	28.991	29.028	29.018	
11860	913.05	28.991	29.028	29.018	
11861	913.14	28.991	29.028	29.018	
11862	913.24	28.991	29.028	29.018	
11863	913.34	28.991	29.028	29.018	
11864	913.44	28.991	29.028	29.018	
11865	913.54	28.991	29.028	29.018	
11866	913.64	28.991	29.029	29.018	
11867	913.74	28.991	29.029	29.018	
11868	913.84	28.991	29.029	29.018	
11869	913.94	28.992	29.029	29.019	
11870	914.	28.992	29.029	29.019	
11871	914.01	28.992	29.029	29.019	
11872	914.02	28.992	29.029	29.019	
11873	914.05	28.992	29.029	29.019	
11874	914.14	28.992	29.029	29.019	
11875	914.24	28.992	29.029	29.019	
11876	914.34	28.992	29.029	29.019	
11877	914.44	28.992	29.029	29.019	
11878	914.54	28.992	29.029	29.019	
11879	914.64	28.992	29.029	29.019	
11880	914.74	28.992	29.03	29.019	
11881	914.84	28.992	29.03	29.019	
11882	914.94	28.993	29.03	29.019	
11883	915.	28.993	29.03	29.02	
11884	915.01	28.993	29.03	29.02	
11885	915.02	28.993	29.03	29.02	
11886	915.05	28.993	29.03	29.02	
11887	915.14	28.993	29.03	29.02	
11888	915.24	28.993	29.03	29.02	
11889	915.34	28.993	29.03	29.02	
11890	915.44	28.993	29.03	29.02	
11891	915.54	28.993	29.03	29.02	
11892	915.64	28.993	29.03	29.02	
11893	915.74	28.993	29.031	29.02	
11894	915.84	28.993	29.031	29.02	
11895	915.94	28.993	29.031	29.02	
11896	916.	28.994	29.031	29.02	
11897	916.01	28.994	29.031	29.02	
11898	916.02	28.994	29.031	29.02	
11899	916.05	28.994	29.031	29.021	
11900	916.14	28.994	29.031	29.021	
11901	916.24	28.994	29.031	29.021	
11902	916.34	28.994	29.031	29.021	
11903	916.44	28.994	29.031	29.021	
11904	916.54	28.994	29.031	29.021	
11905	916.64	28.994	29.031	29.021	
11906	916.74	28.994	29.031	29.021	
11907	916.84	28.994	29.032	29.021	
11908	916.94	28.994	29.032	29.021	
11909	917.	28.994	29.032	29.021	
11910	917.01	28.994	29.032	29.021	
11911	917.02	28.994	29.032	29.021	
11912	917.05	28.994	29.032	29.021	
11913	917.14	28.995	29.032	29.022	
11914	917.24	28.995	29.032	29.022	
11915	917.34	28.995	29.032	29.022	
11916	917.44	28.995	29.032	29.022	
11917	917.54	28.995	29.032	29.022	
11918	917.64	28.995	29.032	29.022	
11919	917.74	28.995	29.032	29.022	
11920	917.84	28.995	29.033	29.022	
11921	917.94	28.995	29.033	29.022	
11922	918.	28.995	29.033	29.022	
11923	918.01	28.995	29.033	29.022	
11924	918.02	28.995	29.033	29.022	
11925	918.05	28.995	29.033	29.022	
11926	918.14	28.996	29.033	29.022	
11927	918.24	28.996	29.033	29.023	
11928	918.34	28.996	29.033	29.023	
11929	918.44	28.996	29.033	29.023	
11930	918.54	28.996	29.033	29.023	
11931	918.64	28.996	29.033	29.023	
11932	918.74	28.996	29.033	29.023	
11933	918.84	28.996	29.033	29.023	
11934	918.94	28.996	29.034	29.023	
11935	919.	28.996	29.034	29.023	
11936	919.01	28.996	29.034	29.023	
11937	919.02	28.996	29.034	29.023	
11938	919.05	28.996	29.034	29.023	
11939	919.14	28.996	29.034	29.023	
11940	919.24	28.997	29.034	29.024	
11941	919.34	28.997	29.034	29.024	
11942	919.44	28.997	29.034	29.024	
11943	919.54	28.997	29.034	29.024	
11944	919.64	28.997	29.034	29.024	
11945	919.74	28.997	29.034	29.024	
11946	919.84	28.997	29.034	29.024	
11947	919.94	28.997	29.035	29.024	
11948	920.	28.997	29.035	29.024	
11949	920.01	28.997	29.035	29.024	
11950	920.02	28.997	29.035	29.024	
11951	920.05	28.997	29.035	29.024	
11952	920.14	28.997	29.035	29.024	
11953	920.24	28.998	29.035	29.024	
11954	920.34	28.998	29.035	29.025	
11955	920.44	28.998	29.035	29.025	
11956	920.54	28.998	29.035	29.025	
11957	920.64	28.998	29.035	29.025	
11958	920.74	28.998	29.035	29.025	
11959	920.84	28.998	29.035	29.025	
11960	920.94	28.998	29.035	29.025	
11961	921.	28.998	29.036	29.025	
11962	921.01	28.998	29.036	29.025	
11963	921.02	28.998	29.036	29.025	
11964	921.05	28.998	29.036	29.025	
11965	921.14	28.998	29.036	29.025	
11966	921.24	28.998	29.036	29.025	
11967	921.34	28.999	29.036	29.026	
11968	921.44	28.999	29.036	29.026	
11969	921.54	28.999	29.036	29.026	
11970	921.64	28.999	29.036	29.026	
11971	921.74	28.999	29.036	29.026	
11972	921.84	28.999	29.036	29.026	
11973	921.94	28.999	29.036	29.026	
11974	922.	28.999	29.036	29.026	
11975	922.01	28.999	29.036	29.026	
11976	922.02	28.999	29.037	29.026	
11977	922.05	28.999	29.037	29.026	
11978	922.14	28.999	29.037	29.026	
11979	922.24	28.999	29.037	29.026	
11980	922.34	28.999	29.037	29.026	
11981	922.44	29.	29.037	29.027	
11982	922.54	29.	29.037	29.027	
11983	922.64	29.	29.037	29.027	
11984	922.74	29.	29.037	29.027	
11985	922.84	29.	29.037	29.027	
11986	922.94	29.	29.037	29.027	
11987	923.	29.	29.037	29.027	
11988	923.01	29.	29.037	29.027	
11989	923.02	29.	29.037	29.027	
11990	923.05	29.	29.037	29.027	
11991	923.14	29.	29.038	29.027	
11992	923.24	29.	29.038	29.027	
11993	923.34	29.	29.038	29.027	
11994	923.44	29.001	29.038	29.028	
11995	923.54	29.001	29.038	29.028	
11996	923.64	29.001	29.038	29.028	
11997	923.74	29.001	29.038	29.028	
11998	923.84	29.001	29.038	29.028	
11999	923.94	29.001	29.038	29.028	
12000	924.	29.001	29.038	29.028	
12001	924.01	29.001	29.038	29.028	
12002	924.02	29.001	29.038	29.028	
12003	924.05	29.001	29.038	29.028	
12004	924.14	29.001	29.039	29.028	
12005	924.24	29.001	29.039	29.028	
12006	924.34	29.001	29.039	29.028	
12007	924.44	29.001	29.039	29.028	
12008	924.54	29.002	29.039	29.029	
12009	924.64	29.002	29.039	29.029	
12010	924.74	29.002	29.039	29.029	
12011	924.84	29.002	29.039	29.029	
12012	924.94	29.002	29.039	29.029	
12013	925.	29.002	29.039	29.029	
12014	925.01	29.002	29.039	29.029	
12015	925.02	29.002	29.039	29.029	
12016	925.05	29.002	29.039	29.029	
12017	925.14	29.002	29.039	29.029	
12018	925.24	29.002	29.04	29.029	
12019	925.34	29.002	29.04	29.029	
12020	925.44	29.002	29.04	29.029	
12021	925.54	29.003	29.04	29.03	
12022	925.64	29.003	29.04	29.03	
12023	925.74	29.003	29.04	29.03	
12024	925.84	29.003	29.04	29.03	
12025	925.94	29.003	29.04	29.03	
12026	926.	29.003	29.04	29.03	
12027	926.01	29.003	29.04	29.03	
12028	926.02	29.003	29.04	29.03	
12029	926.05	29.003	29.04	29.03	
12030	926.14	29.003	29.04	29.03	
12031	926.24	29.003	29.041	29.03	
12032	926.34	29.003	29.041	29.03	
12033	926.44	29.003	29.041	29.03	
12034	926.54	29.003	29.041	29.03	
12035	926.64	29.004	29.041	29.031	
12036	926.74	29.004	29.041	29.031	
12037	926.84	29.004	29.041	29.031	
12038	926.94	29.004	29.041	29.031	
12039	927.	29.004	29.041	29.031	
12040	927.01	29.004	29.041	29.031	
12041	927.02	29.004	29.041	29.031	
12042	927.05	29.004	29.041	29.031	
12043	927.14	29.004	29.041	29.031	
12044	927.24	29.004	29.041	29.031	
12045	927.34	29.004	29.042	29.031	
12046	927.44	29.004	29.042	29.031	
12047	927.54	29.004	29.042	29.031	
12048	927.64	29.005	29.042	29.032	
12049	927.74	29.005	29.042	29.032	
12050	927.84	29.005	29.042	29.032	
12051	927.94	29.005	29.042	29.032	
12052	928.	29.005	29.042	29.032	
12053	928.01	29.005	29.042	29.032	
12054	928.02	29.005	29.042	29.032	
12055	928.05	29.005	29.042	29.032	
12056	928.14	29.005	29.042	29.032	
12057	928.24	29.005	29.042	29.032	
12058	928.34	29.005	29.043	29.032	
12059	928.44	29.005	29.043	29.032	
12060	928.54	29.005	29.043	29.032	
12061	928.64	29.005	29.043	29.032	
12062	928.74	29.006	29.043	29.033	
12063	928.84	29.006	29.043	29.033	
12064	928.94	29.006	29.043	29.033	
12065	929.	29.006	29.043	29.033	
12066	929.01	29.006	29.043	29.033	
12067	929.02	29.006	29.043	29.033	
12068	929.05	29.006	29.043	29.033	
12069	929.14	29.006	29.043	29.033	
12070	929.24	29.006	29.043	29.033	
12071	929.34	29.006	29.043	29.033	
12072	929.44	29.006	29.044	29.033	
12073	929.54	29.006	29.044	29.033	
12074	929.64	29.006	29.044	29.033	
12075	929.74	29.006	29.044	29.034	
12076	929.84	29.007	29.044	29.034	
12077	929.94	29.007	29.044	29.034	
12078	930.	29.007	29.044	29.034	
12079	930.01	29.007	29.044	29.034	
12080	930.02	29.007	29.044	29.034	
12081	930.05	29.007	29.044	29.034	
12082	930.14	29.007	29.044	29.034	
12083	930.24	29.007	29.044	29.034	
12084	930.34	29.007	29.044	29.034	
12085	930.44	29.007	29.045	29.034	
12086	930.54	29.007	29.045	29.034	
12087	930.64	29.007	29.045	29.034	
12088	930.74	29.007	29.045	29.034	
12089	930.84	29.008	29.045	29.035	
12090	930.94	29.008	29.045	29.035	
12091	931.	29.008	29.045	29.035	
12092	931.01	29.008	29.045	29.035	
12093	931.02	29.008	29.045	29.035	
12094	931.05	29.008	29.045	29.035	
12095	931.14	29.008	29.045	29.035	
12096	931.24	29.008	29.045	29.035	
12097	931.34	29.008	29.045	29.035	
12098	931.44	29.008	29.045	29.035	
12099	931.54	29.008	29.046	29.035	
12100	931.64	29.008	29.046	29.035	
12101	931.74	29.008	29.046	29.035	
12102	931.84	29.008	29.046	29.036	
12103	931.94	29.009	29.046	29.036	
12104	932.	29.009	29.046	29.036	
12105	932.01	29.009	29.046	29.036	
12106	932.02	29.009	29.046	29.036	
12107	932.05	29.009	29.046	29.036	
12108	932.14	29.009	29.046	29.036	
12109	932.24	29.009	29.046	29.036	
12110	932.34	29.009	29.046	29.036	
12111	932.44	29.009	29.046	29.036	
12112	932.54	29.009	29.047	29.036	
12113	932.64	29.009	29.047	29.036	
12114	932.74	29.009	29.047	29.036	
12115	932.84	29.009	29.047	29.036	
12116	932.94	29.01	29.047	29.037	
12117	933.	29.01	29.047	29.037	
12118	933.01	29.01	29.047	29.037	
12119	933.02	29.01	29.047	29.037	
12120	933.05	29.01	29.047	29.037	
12121	933.14	29.01	29.047	29.037	
12122	933.24	29.01	29.047	29.037	
12123	933.34	29.01	29.047	29.037	
12124	933.44	29.01	29.047	29.037	
12125	933.54	29.01	29.047	29.037	
12126	933.64	29.01	29.048	29.037	
12127	933.74	29.01	29.048	29.037	
12128	933.84	29.01	29.048	29.037	
12129	933.94	29.01	29.048	29.037	
12130	934.	29.011	29.048	29.038	
12131	934.01	29.011	29.048	29.038	
12132	934.02	29.011	29.048	29.038	
12133	934.05	29.011	29.048	29.038	
12134	934.14	29.011	29.048	29.038	
12135	934.24	29.011	29.048	29.038	
12136	934.34	29.011	29.048	29.038	
12137	934.44	29.011	29.048	29.038	
12138	934.54	29.011	29.048	29.038	
12139	934.64	29.011	29.049	29.038	
12140	934.74	29.011	29.049	29.038	
12141	934.84	29.011	29.049	29.038	
12142	934.94	29.011	29.049	29.038	
12143	935.	29.011	29.049	29.039	
12144	935.01	29.011	29.049	29.039	
12145	935.02	29.011	29.049	29.039	
12146	935.05	29.012	29.049	29.039	
12147	935.14	29.012	29.049	29.039	
12148	935.24	29.012	29.049	29.039	
12149	935.34	29.012	29.049	29.039	
12150	935.44	29.012	29.049	29.039	
12151	935.54	29.012	29.049	29.039	
12152	935.64	29.012	29.049	29.039	
12153	935.74	29.012	29.05	29.039	
12154	935.84	29.012	29.05	29.039	
12155	935.94	29.012	29.05	29.039	
12156	936.	29.012	29.05	29.039	
12157	936.01	29.012	29.05	29.039	
12158	936.02	29.012	29.05	29.039	
12159	936.05	29.012	29.05	29.039	
12160	936.14	29.013	29.05	29.04	
12161	936.24	29.013	29.05	29.04	
12162	936.34	29.013	29.05	29.04	
12163	936.44	29.013	29.05	29.04	
12164	936.54	29.013	29.05	29.04	
12165	936.64	29.013	29.05	29.04	
12166	936.74	29.013	29.05	29.04	
12167	936.84	29.013	29.051	29.04	
12168	936.94	29.013	29.051	29.04	
12169	937.	29.013	29.051	29.04	
12170	937.01	29.013	29.051	29.04	
12171	937.02	29.013	29.051	29.04	
12172	937.05	29.013	29.051	29.04	
12173	937.14	29.013	29.051	29.041	
12174	937.24	29.014	29.051	29.041	
12175	937.34	29.014	29.051	29.041	
12176	937.44	29.014	29.051	29.041	
12177	937.54	29.014	29.051	29.041	
12178	937.64	29.014	29.051	29.041	
12179	937.74	29.014	29.051	29.041	
12180	937.84	29.014	29.052	29.041	
12181	937.94	29.014	29.052	29.041	
12182	938.	29.014	29.052	29.041	
12183	938.01	29.014	29.052	29.041	
12184	938.02	29.014	29.052	29.041	
12185	938.05	29.014	29.052	29.041	
12186	938.14	29.014	29.052	29.041	
12187	938.24	29.015	29.052	29.042	
12188	938.34	29.015	29.052	29.042	
12189	938.44	29.015	29.052	29.042	
12190	938.54	29.015	29.052	29.042	
12191	938.64	29.015	29.052	29.042	
12192	938.74	29.015	29.052	29.042	
12193	938.84	29.015	29.052	29.042	
12194	938.94	29.015	29.053	29.042	
12195	939.	29.015	29.053	29.042	
12196	939.01	29.015	29.053	29.042	
12197	939.02	29.015	29.053	29.042	
12198	939.05	29.015	29.053	29.042	
12199	939.14	29.015	29.053	29.042	
12200	939.24	29.015	29.053	29.043	
12201	939.34	29.016	29.053	29.043	
12202	939.44	29.016	29.053	29.043	
12203	939.54	29.016	29.053	29.043	
12204	939.64	29.016	29.053	29.043	
12205	939.74	29.016	29.053	29.043	
12206	939.84	29.016	29.053	29.043	
12207	939.94	29.016	29.054	29.043	
12208	940.	29.016	29.054	29.043	
12209	940.01	29.016	29.054	29.043	
12210	940.02	29.016	29.054	29.043	
12211	940.05	29.016	29.054	29.043	
12212	940.14	29.016	29.054	29.043	
12213	940.24	29.016	29.054	29.043	
12214	940.34	29.016	29.054	29.044	
12215	940.44	29.017	29.054	29.044	
12216	940.54	29.017	29.054	29.044	
12217	940.64	29.017	29.054	29.044	
12218	940.74	29.017	29.054	29.044	
12219	940.84	29.017	29.054	29.044	
12220	940.94	29.017	29.054	29.044	
12221	941.	29.017	29.055	29.044	
12222	941.01	29.017	29.055	29.044	
12223	941.02	29.017	29.055	29.044	
12224	941.05	29.017	29.055	29.044	
12225	941.14	29.017	29.055	29.044	
12226	941.24	29.017	29.055	29.044	
12227	941.34	29.017	29.055	29.045	
12228	941.44	29.018	29.055	29.045	
12229	941.54	29.018	29.055	29.045	
12230	941.64	29.018	29.055	29.045	
12231	941.74	29.018	29.055	29.045	
12232	941.84	29.018	29.055	29.045	
12233	941.94	29.018	29.055	29.045	
12234	942.	29.018	29.055	29.045	
12235	942.01	29.018	29.056	29.045	
12236	942.02	29.018	29.056	29.045	
12237	942.05	29.018	29.056	29.045	
12238	942.14	29.018	29.056	29.045	
12239	942.24	29.018	29.056	29.045	
12240	942.34	29.018	29.056	29.045	
12241	942.44	29.018	29.056	29.046	
12242	942.54	29.019	29.056	29.046	
12243	942.64	29.019	29.056	29.046	
12244	942.74	29.019	29.056	29.046	
12245	942.84	29.019	29.056	29.046	
12246	942.94	29.019	29.056	29.046	
12247	943.	29.019	29.056	29.046	
12248	943.01	29.019	29.056	29.046	
12249	943.02	29.019	29.056	29.046	
12250	943.05	29.019	29.056	29.046	
12251	943.14	29.019	29.057	29.046	
12252	943.24	29.019	29.057	29.046	
12253	943.34	29.019	29.057	29.046	
12254	943.44	29.019	29.057	29.047	
12255	943.54	29.02	29.057	29.047	
12256	943.64	29.02	29.057	29.047	
12257	943.74	29.02	29.057	29.047	
12258	943.84	29.02	29.057	29.047	
12259	943.94	29.02	29.057	29.047	
12260	944.	29.02	29.057	29.047	
12261	944.01	29.02	29.057	29.047	
12262	944.02	29.02	29.057	29.047	
12263	944.05	29.02	29.057	29.047	
12264	944.14	29.02	29.058	29.047	
12265	944.24	29.02	29.058	29.047	
12266	944.34	29.02	29.058	29.047	
12267	944.44	29.02	29.058	29.047	
12268	944.54	29.02	29.058	29.048	
12269	944.64	29.021	29.058	29.048	
12270	944.74	29.021	29.058	29.048	
12271	944.84	29.021	29.058	29.048	
12272	944.94	29.021	29.058	29.048	
12273	945.	29.021	29.058	29.048	
12274	945.01	29.021	29.058	29.048	
12275	945.02	29.021	29.058	29.048	
12276	945.05	29.021	29.058	29.048	
12277	945.14	29.021	29.058	29.048	
12278	945.24	29.021	29.059	29.048	
12279	945.34	29.021	29.059	29.048	
12280	945.44	29.021	29.059	29.048	
12281	945.54	29.021	29.059	29.048	
12282	945.64	29.021	29.059	29.049	
12283	945.74	29.022	29.059	29.049	
12284	945.84	29.022	29.059	29.049	
12285	945.94	29.022	29.059	29.049	
12286	946.	29.022	29.059	29.049	
12287	946.01	29.022	29.059	29.049	
12288	946.02	29.022	29.059	29.049	
12289	946.05	29.022	29.059	29.049	
12290	946.14	29.022	29.059	29.049	
12291	946.24	29.022	29.06	29.049	
12292	946.34	29.022	29.06	29.049	
12293	946.44	29.022	29.06	29.049	
12294	946.54	29.022	29.06	29.049	
12295	946.64	29.022	29.06	29.05	
12296	946.74	29.023	29.06	29.05	
12297	946.84	29.023	29.06	29.05	
12298	946.94	29.023	29.06	29.05	
12299	947.	29.023	29.06	29.05	
12300	947.01	29.023	29.06	29.05	
12301	947.02	29.023	29.06	29.05	
12302	947.05	29.023	29.06	29.05	
12303	947.14	29.023	29.06	29.05	
12304	947.24	29.023	29.06	29.05	
12305	947.34	29.023	29.061	29.05	
12306	947.44	29.023	29.061	29.05	
12307	947.54	29.023	29.061	29.05	
12308	947.64	29.023	29.061	29.05	
12309	947.74	29.023	29.061	29.051	
12310	947.84	29.024	29.061	29.051	
12311	947.94	29.024	29.061	29.051	
12312	948.	29.024	29.061	29.051	
12313	948.01	29.024	29.061	29.051	
12314	948.02	29.024	29.061	29.051	
12315	948.05	29.024	29.061	29.051	
12316	948.14	29.024	29.061	29.051	
12317	948.24	29.024	29.061	29.051	
12318	948.34	29.024	29.062	29.051	
12319	948.44	29.024	29.062	29.051	
12320	948.54	29.024	29.062	29.051	
12321	948.64	29.024	29.062	29.051	
12322	948.74	29.024	29.062	29.052	
12323	948.84	29.025	29.062	29.052	
12324	948.94	29.025	29.062	29.052	
12325	949.	29.025	29.062	29.052	
12326	949.01	29.025	29.062	29.052	
12327	949.02	29.025	29.062	29.052	
12328	949.05	29.025	29.062	29.052	
12329	949.14	29.025	29.062	29.052	
12330	949.24	29.025	29.062	29.052	
12331	949.34	29.025	29.062	29.052	
12332	949.44	29.025	29.063	29.052	
12333	949.54	29.025	29.063	29.052	
12334	949.64	29.025	29.063	29.052	
12335	949.74	29.025	29.063	29.052	
12336	949.84	29.025	29.063	29.053	
12337	949.94	29.026	29.063	29.053	
12338	950.	29.026	29.063	29.053	
12339	950.01	29.026	29.063	29.053	
12340	950.02	29.026	29.063	29.053	
12341	950.05	29.026	29.063	29.053	
12342	950.14	29.026	29.063	29.053	
12343	950.24	29.026	29.063	29.053	
12344	950.34	29.026	29.063	29.053	
12345	950.44	29.026	29.063	29.053	
12346	950.54	29.026	29.064	29.053	
12347	950.64	29.026	29.064	29.053	
12348	950.74	29.026	29.064	29.053	
12349	950.84	29.026	29.064	29.054	
12350	950.94	29.026	29.064	29.054	
12351	951.	29.027	29.064	29.054	
12352	951.01	29.027	29.064	29.054	
12353	951.02	29.027	29.064	29.054	
12354	951.05	29.027	29.064	29.054	
12355	951.14	29.027	29.064	29.054	
12356	951.24	29.027	29.064	29.054	
12357	951.34	29.027	29.064	29.054	
12358	951.44	29.027	29.064	29.054	
12359	951.54	29.027	29.065	29.054	
12360	951.64	29.027	29.065	29.054	
12361	951.74	29.027	29.065	29.054	
12362	951.84	29.027	29.065	29.054	
12363	951.94	29.027	29.065	29.055	
12364	952.	29.027	29.065	29.055	
12365	952.01	29.027	29.065	29.055	
12366	952.02	29.028	29.065	29.055	
12367	952.05	29.028	29.065	29.055	
12368	952.14	29.028	29.065	29.055	
12369	952.24	29.028	29.065	29.055	
12370	952.34	29.028	29.065	29.055	
12371	952.44	29.028	29.065	29.055	
12372	952.54	29.028	29.065	29.055	
12373	952.64	29.028	29.066	29.055	
12374	952.74	29.028	29.066	29.055	
12375	952.84	29.028	29.066	29.055	
12376	952.94	29.028	29.066	29.055	
12377	953.	29.028	29.066	29.056	
12378	953.01	29.028	29.066	29.056	
12379	953.02	29.028	29.066	29.056	
12380	953.05	29.028	29.066	29.056	
12381	953.14	29.029	29.066	29.056	
12382	953.24	29.029	29.066	29.056	
12383	953.34	29.029	29.066	29.056	
12384	953.44	29.029	29.066	29.056	
12385	953.54	29.029	29.066	29.056	
12386	953.64	29.029	29.067	29.056	
12387	953.74	29.029	29.067	29.056	
12388	953.84	29.029	29.067	29.056	
12389	953.94	29.029	29.067	29.056	
12390	954.	29.029	29.067	29.057	
12391	954.01	29.029	29.067	29.057	
12392	954.02	29.029	29.067	29.057	
12393	954.05	29.029	29.067	29.057	
12394	954.14	29.029	29.067	29.057	
12395	954.24	29.03	29.067	29.057	
12396	954.34	29.03	29.067	29.057	
12397	954.44	29.03	29.067	29.057	
12398	954.54	29.03	29.067	29.057	
12399	954.64	29.03	29.067	29.057	
12400	954.74	29.03	29.068	29.057	
12401	954.84	29.03	29.068	29.057	
12402	954.94	29.03	29.068	29.057	
12403	955.	29.03	29.068	29.057	
12404	955.01	29.03	29.068	29.057	
12405	955.02	29.03	29.068	29.057	
12406	955.05	29.03	29.068	29.057	
12407	955.14	29.03	29.068	29.058	
12408	955.24	29.031	29.068	29.058	
12409	955.34	29.031	29.068	29.058	
12410	955.44	29.031	29.068	29.058	
12411	955.54	29.031	29.068	29.058	
12412	955.64	29.031	29.068	29.058	
12413	955.74	29.031	29.069	29.058	
12414	955.84	29.031	29.069	29.058	
12415	955.94	29.031	29.069	29.058	
12416	956.	29.031	29.069	29.058	
12417	956.01	29.031	29.069	29.058	
12418	956.02	29.031	29.069	29.058	
12419	956.05	29.031	29.069	29.058	
12420	956.14	29.031	29.069	29.059	
12421	956.24	29.031	29.069	29.059	
12422	956.34	29.032	29.069	29.059	
12423	956.44	29.032	29.069	29.059	
12424	956.54	29.032	29.069	29.059	
12425	956.64	29.032	29.069	29.059	
12426	956.74	29.032	29.069	29.059	
12427	956.84	29.032	29.07	29.059	
12428	956.94	29.032	29.07	29.059	
12429	957.	29.032	29.07	29.059	
12430	957.01	29.032	29.07	29.059	
12431	957.02	29.032	29.07	29.059	
12432	957.05	29.032	29.07	29.059	
12433	957.14	29.032	29.07	29.059	
12434	957.24	29.032	29.07	29.06	
12435	957.34	29.033	29.07	29.06	
12436	957.44	29.033	29.07	29.06	
12437	957.54	29.033	29.07	29.06	
12438	957.64	29.033	29.07	29.06	
12439	957.74	29.033	29.07	29.06	
12440	957.84	29.033	29.071	29.06	
12441	957.94	29.033	29.071	29.06	
12442	958.	29.033	29.071	29.06	
12443	958.01	29.033	29.071	29.06	
12444	958.02	29.033	29.071	29.06	
12445	958.05	29.033	29.071	29.06	
12446	958.14	29.033	29.071	29.06	
12447	958.24	29.033	29.071	29.061	
12448	958.34	29.033	29.071	29.061	
12449	958.44	29.034	29.071	29.061	
12450	958.54	29.034	29.071	29.061	
12451	958.64	29.034	29.071	29.061	
12452	958.74	29.034	29.071	29.061	
12453	958.84	29.034	29.071	29.061	
12454	958.94	29.034	29.072	29.061	
12455	959.	29.034	29.072	29.061	
12456	959.01	29.034	29.072	29.061	
12457	959.02	29.034	29.072	29.061	
12458	959.05	29.034	29.072	29.061	
12459	959.14	29.034	29.072	29.061	
12460	959.24	29.034	29.072	29.061	
12461	959.34	29.034	29.072	29.062	
12462	959.44	29.034	29.072	29.062	
12463	959.54	29.035	29.072	29.062	
12464	959.64	29.035	29.072	29.062	
12465	959.74	29.035	29.072	29.062	
12466	959.84	29.035	29.072	29.062	
12467	959.94	29.035	29.073	29.062	
12468	960.	29.035	29.073	29.062	
12469	960.01	29.035	29.073	29.062	
12470	960.02	29.035	29.073	29.062	
12471	960.05	29.035	29.073	29.062	
12472	960.14	29.035	29.073	29.062	
12473	960.24	29.035	29.073	29.062	
12474	960.34	29.035	29.073	29.062	
12475	960.44	29.035	29.073	29.063	
12476	960.54	29.036	29.073	29.063	
12477	960.64	29.036	29.073	29.063	
12478	960.74	29.036	29.073	29.063	
12479	960.84	29.036	29.073	29.063	
12480	960.94	29.036	29.073	29.063	
12481	961.	29.036	29.074	29.063	
12482	961.01	29.036	29.074	29.063	
12483	961.02	29.036	29.074	29.063	
12484	961.05	29.036	29.074	29.063	
12485	961.14	29.036	29.074	29.063	
12486	961.24	29.036	29.074	29.063	
12487	961.34	29.036	29.074	29.063	
12488	961.44	29.036	29.074	29.064	
12489	961.54	29.036	29.074	29.064	
12490	961.64	29.037	29.074	29.064	
12491	961.74	29.037	29.074	29.064	
12492	961.84	29.037	29.074	29.064	
12493	961.94	29.037	29.074	29.064	
12494	962.	29.037	29.074	29.064	
12495	962.01	29.037	29.074	29.064	
12496	962.02	29.037	29.074	29.064	
12497	962.05	29.037	29.074	29.064	
12498	962.14	29.037	29.075	29.064	
12499	962.24	29.037	29.075	29.064	
12500	962.34	29.037	29.075	29.064	
12501	962.44	29.037	29.075	29.064	
12502	962.54	29.037	29.075	29.065	
12503	962.64	29.038	29.075	29.065	
12504	962.74	29.038	29.075	29.065	
12505	962.84	29.038	29.075	29.065	
12506	962.94	29.038	29.075	29.065	
12507	963.	29.038	29.075	29.065	
12508	963.01	29.038	29.075	29.065	
12509	963.02	29.038	29.075	29.065	
12510	963.05	29.038	29.075	29.065	
12511	963.14	29.038	29.076	29.065	
12512	963.24	29.038	29.076	29.065	
12513	963.34	29.038	29.076	29.065	
12514	963.44	29.038	29.076	29.065	
12515	963.54	29.038	29.076	29.066	
12516	963.64	29.038	29.076	29.066	
12517	963.74	29.039	29.076	29.066	
12518	963.84	29.039	29.076	29.066	
12519	963.94	29.039	29.076	29.066	
12520	964.	29.039	29.076	29.066	
12521	964.01	29.039	29.076	29.066	
12522	964.02	29.039	29.076	29.066	
12523	964.05	29.039	29.076	29.066	
12524	964.14	29.039	29.076	29.066	
12525	964.24	29.039	29.077	29.066	
12526	964.34	29.039	29.077	29.066	
12527	964.44	29.039	29.077	29.066	
12528	964.54	29.039	29.077	29.066	
12529	964.64	29.039	29.077	29.067	
12530	964.74	29.039	29.077	29.067	
12531	964.84	29.04	29.077	29.067	
12532	964.94	29.04	29.077	29.067	
12533	965.	29.04	29.077	29.067	
12534	965.01	29.04	29.077	29.067	
12535	965.02	29.04	29.077	29.067	
12536	965.05	29.04	29.077	29.067	
12537	965.14	29.04	29.077	29.067	
12538	965.24	29.04	29.078	29.067	
12539	965.34	29.04	29.078	29.067	
12540	965.44	29.04	29.078	29.067	
12541	965.54	29.04	29.078	29.067	
12542	965.64	29.04	29.078	29.068	
12543	965.74	29.04	29.078	29.068	
12544	965.84	29.041	29.078	29.068	
12545	965.94	29.041	29.078	29.068	
12546	966.	29.041	29.078	29.068	
12547	966.01	29.041	29.078	29.068	
12548	966.02	29.041	29.078	29.068	
12549	966.05	29.041	29.078	29.068	
12550	966.14	29.041	29.078	29.068	
12551	966.24	29.041	29.078	29.068	
12552	966.34	29.041	29.079	29.068	
12553	966.44	29.041	29.079	29.068	
12554	966.54	29.041	29.079	29.068	
12555	966.64	29.041	29.079	29.068	
12556	966.74	29.041	29.079	29.069	
12557	966.84	29.041	29.079	29.069	
12558	966.94	29.042	29.079	29.069	
12559	967.	29.042	29.079	29.069	
12560	967.01	29.042	29.079	29.069	
12561	967.02	29.042	29.079	29.069	
12562	967.05	29.042	29.079	29.069	
12563	967.14	29.042	29.079	29.069	
12564	967.24	29.042	29.079	29.069	
12565	967.34	29.042	29.08	29.069	
12566	967.44	29.042	29.08	29.069	
12567	967.54	29.042	29.08	29.069	
12568	967.64	29.042	29.08	29.069	
12569	967.74	29.042	29.08	29.069	
12570	967.84	29.042	29.08	29.07	
12571	967.94	29.042	29.08	29.07	
12572	968.	29.043	29.08	29.07	
12573	968.01	29.043	29.08	29.07	
12574	968.02	29.043	29.08	29.07	
12575	968.05	29.043	29.08	29.07	
12576	968.14	29.043	29.08	29.07	
12577	968.24	29.043	29.08	29.07	
12578	968.34	29.043	29.08	29.07	
12579	968.44	29.043	29.081	29.07	
12580	968.54	29.043	29.081	29.07	
12581	968.64	29.043	29.081	29.07	
12582	968.74	29.043	29.081	29.07	
12583	968.84	29.043	29.081	29.071	
12584	968.94	29.043	29.081	29.071	
12585	969.	29.043	29.081	29.071	
12586	969.01	29.043	29.081	29.071	
12587	969.02	29.044	29.081	29.071	
12588	969.05	29.044	29.081	29.071	
12589	969.14	29.044	29.081	29.071	
12590	969.24	29.044	29.081	29.071	
12591	969.34	29.044	29.081	29.071	
12592	969.44	29.044	29.081	29.071	
12593	969.54	29.044	29.082	29.071	
12594	969.64	29.044	29.082	29.071	
12595	969.74	29.044	29.082	29.071	
12596	969.84	29.044	29.082	29.071	
12597	969.94	29.044	29.082	29.072	
12598	970.	29.044	29.082	29.072	
12599	970.01	29.044	29.082	29.072	
12600	970.02	29.044	29.082	29.072	
12601	970.05	29.044	29.082	29.072	
12602	970.14	29.045	29.082	29.072	
12603	970.24	29.045	29.082	29.072	
12604	970.34	29.045	29.082	29.072	
12605	970.44	29.045	29.082	29.072	
12606	970.54	29.045	29.083	29.072	
12607	970.64	29.045	29.083	29.072	
12608	970.74	29.045	29.083	29.072	
12609	970.84	29.045	29.083	29.072	
12610	970.94	29.045	29.083	29.073	
12611	971.	29.045	29.083	29.073	
12612	971.01	29.045	29.083	29.073	
12613	971.02	29.045	29.083	29.073	
12614	971.05	29.045	29.083	29.073	
12615	971.14	29.045	29.083	29.073	
12616	971.24	29.046	29.083	29.073	
12617	971.34	29.046	29.083	29.073	
12618	971.44	29.046	29.083	29.073	
12619	971.54	29.046	29.083	29.073	
12620	971.64	29.046	29.084	29.073	
12621	971.74	29.046	29.084	29.073	
12622	971.84	29.046	29.084	29.073	
12623	971.94	29.046	29.084	29.073	
12624	972.	29.046	29.084	29.074	
12625	972.01	29.046	29.084	29.074	
12626	972.02	29.046	29.084	29.074	
12627	972.05	29.046	29.084	29.074	
12628	972.14	29.046	29.084	29.074	
12629	972.24	29.047	29.084	29.074	
12630	972.34	29.047	29.084	29.074	
12631	972.44	29.047	29.084	29.074	
12632	972.54	29.047	29.084	29.074	
12633	972.64	29.047	29.085	29.074	
12634	972.74	29.047	29.085	29.074	
12635	972.84	29.047	29.085	29.074	
12636	972.94	29.047	29.085	29.074	
12637	973.	29.047	29.085	29.074	
12638	973.01	29.047	29.085	29.074	
12639	973.02	29.047	29.085	29.074	
12640	973.05	29.047	29.085	29.075	
12641	973.14	29.047	29.085	29.075	
12642	973.24	29.047	29.085	29.075	
12643	973.34	29.048	29.085	29.075	
12644	973.44	29.048	29.085	29.075	
12645	973.54	29.048	29.085	29.075	
12646	973.64	29.048	29.085	29.075	
12647	973.74	29.048	29.086	29.075	
12648	973.84	29.048	29.086	29.075	
12649	973.94	29.048	29.086	29.075	
12650	974.	29.048	29.086	29.075	
12651	974.01	29.048	29.086	29.075	
12652	974.02	29.048	29.086	29.075	
12653	974.05	29.048	29.086	29.075	
12654	974.14	29.048	29.086	29.076	
12655	974.24	29.048	29.086	29.076	
12656	974.34	29.049	29.086	29.076	
12657	974.44	29.049	29.086	29.076	
12658	974.54	29.049	29.086	29.076	
12659	974.64	29.049	29.086	29.076	
12660	974.74	29.049	29.087	29.076	
12661	974.84	29.049	29.087	29.076	
12662	974.94	29.049	29.087	29.076	
12663	975.	29.049	29.087	29.076	
12664	975.01	29.049	29.087	29.076	
12665	975.02	29.049	29.087	29.076	
12666	975.05	29.049	29.087	29.076	
12667	975.14	29.049	29.087	29.076	
12668	975.24	29.049	29.087	29.077	
12669	975.34	29.049	29.087	29.077	
12670	975.44	29.05	29.087	29.077	
12671	975.54	29.05	29.087	29.077	
12672	975.64	29.05	29.087	29.077	
12673	975.74	29.05	29.087	29.077	
12674	975.84	29.05	29.088	29.077	
12675	975.94	29.05	29.088	29.077	
12676	976.	29.05	29.088	29.077	
12677	976.01	29.05	29.088	29.077	
12678	976.02	29.05	29.088	29.077	
12679	976.05	29.05	29.088	29.077	
12680	976.14	29.05	29.088	29.077	
12681	976.24	29.05	29.088	29.078	
12682	976.34	29.05	29.088	29.078	
12683	976.44	29.05	29.088	29.078	
12684	976.54	29.051	29.088	29.078	
12685	976.64	29.051	29.088	29.078	
12686	976.74	29.051	29.088	29.078	
12687	976.84	29.051	29.088	29.078	
12688	976.94	29.051	29.089	29.078	
12689	977.	29.051	29.089	29.078	
12690	977.01	29.051	29.089	29.078	
12691	977.02	29.051	29.089	29.078	
12692	977.05	29.051	29.089	29.078	
12693	977.14	29.051	29.089	29.078	
12694	977.24	29.051	29.089	29.078	
12695	977.34	29.051	29.089	29.079	
12696	977.44	29.051	29.089	29.079	
12697	977.54	29.052	29.089	29.079	
12698	977.64	29.052	29.089	29.079	
12699	977.74	29.052	29.089	29.079	
12700	977.84	29.052	29.089	29.079	
12701	977.94	29.052	29.09	29.079	
12702	978.	29.052	29.09	29.079	
12703	978.01	29.052	29.09	29.079	
12704	978.02	29.052	29.09	29.079	
12705	978.05	29.052	29.09	29.079	
12706	978.14	29.052	29.09	29.079	
12707	978.24	29.052	29.09	29.079	
12708	978.34	29.052	29.09	29.08	
12709	978.44	29.052	29.09	29.08	
12710	978.54	29.052	29.09	29.08	
12711	978.64	29.053	29.09	29.08	
12712	978.74	29.053	29.09	29.08	
12713	978.84	29.053	29.09	29.08	
12714	978.94	29.053	29.09	29.08	
12715	979.	29.053	29.091	29.08	
12716	979.01	29.053	29.091	29.08	
12717	979.02	29.053	29.091	29.08	
12718	979.05	29.053	29.091	29.08	
12719	979.14	29.053	29.091	29.08	
12720	979.24	29.053	29.091	29.08	
12721	979.34	29.053	29.091	29.08	
12722	979.44	29.053	29.091	29.081	
12723	979.54	29.053	29.091	29.081	
12724	979.64	29.053	29.091	29.081	
12725	979.74	29.054	29.091	29.081	
12726	979.84	29.054	29.091	29.081	
12727	979.94	29.054	29.091	29.081	
12728	980.	29.054	29.091	29.081	
12729	980.01	29.054	29.091	29.081	
12730	980.02	29.054	29.092	29.081	
12731	980.05	29.054	29.092	29.081	
12732	980.14	29.054	29.092	29.081	
12733	980.24	29.054	29.092	29.081	
12734	980.34	29.054	29.092	29.081	
12735	980.44	29.054	29.092	29.081	
12736	980.54	29.054	29.092	29.082	
12737	980.64	29.054	29.092	29.082	
12738	980.74	29.055	29.092	29.082	
12739	980.84	29.055	29.092	29.082	
12740	980.94	29.055	29.092	29.082	
12741	981.	29.055	29.092	29.082	
12742	981.01	29.055	29.092	29.082	
12743	981.02	29.055	29.092	29.082	
12744	981.05	29.055	29.092	29.082	
12745	981.14	29.055	29.093	29.082	
12746	981.24	29.055	29.093	29.082	
12747	981.34	29.055	29.093	29.082	
12748	981.44	29.055	29.093	29.082	
12749	981.54	29.055	29.093	29.083	
12750	981.64	29.055	29.093	29.083	
12751	981.74	29.055	29.093	29.083	
12752	981.84	29.056	29.093	29.083	
12753	981.94	29.056	29.093	29.083	
12754	982.	29.056	29.093	29.083	
12755	982.01	29.056	29.093	29.083	
12756	982.02	29.056	29.093	29.083	
12757	982.05	29.056	29.093	29.083	
12758	982.14	29.056	29.094	29.083	
12759	982.24	29.056	29.094	29.083	
12760	982.34	29.056	29.094	29.083	
12761	982.44	29.056	29.094	29.083	
12762	982.54	29.056	29.094	29.083	
12763	982.64	29.056	29.094	29.084	
12764	982.74	29.056	29.094	29.084	
12765	982.84	29.056	29.094	29.084	
12766	982.94	29.057	29.094	29.084	
12767	983.	29.057	29.094	29.084	
12768	983.01	29.057	29.094	29.084	
12769	983.02	29.057	29.094	29.084	
12770	983.05	29.057	29.094	29.084	
12771	983.14	29.057	29.094	29.084	
12772	983.24	29.057	29.095	29.084	
12773	983.34	29.057	29.095	29.084	
12774	983.44	29.057	29.095	29.084	
12775	983.54	29.057	29.095	29.084	
12776	983.64	29.057	29.095	29.085	
12777	983.74	29.057	29.095	29.085	
12778	983.84	29.057	29.095	29.085	
12779	983.94	29.058	29.095	29.085	
12780	984.	29.058	29.095	29.085	
12781	984.01	29.058	29.095	29.085	
12782	984.02	29.058	29.095	29.085	
12783	984.05	29.058	29.095	29.085	
12784	984.14	29.058	29.095	29.085	
12785	984.24	29.058	29.095	29.085	
12786	984.34	29.058	29.096	29.085	
12787	984.44	29.058	29.096	29.085	
12788	984.54	29.058	29.096	29.085	
12789	984.64	29.058	29.096	29.085	
12790	984.74	29.058	29.096	29.086	
12791	984.84	29.058	29.096	29.086	
12792	984.94	29.058	29.096	29.086	
12793	985.	29.059	29.096	29.086	
12794	985.01	29.059	29.096	29.086	
12795	985.02	29.059	29.096	29.086	
12796	985.05	29.059	29.096	29.086	
12797	985.14	29.059	29.096	29.086	
12798	985.24	29.059	29.096	29.086	
12799	985.34	29.059	29.097	29.086	
12800	985.44	29.059	29.097	29.086	
12801	985.54	29.059	29.097	29.086	
12802	985.64	29.059	29.097	29.086	
12803	985.74	29.059	29.097	29.086	
12804	985.84	29.059	29.097	29.087	
12805	985.94	29.059	29.097	29.087	
12806	986.	29.059	29.097	29.087	
12807	986.01	29.059	29.097	29.087	
12808	986.02	29.059	29.097	29.087	
12809	986.05	29.059	29.097	29.087	
12810	986.14	29.06	29.097	29.087	
12811	986.24	29.06	29.097	29.087	
12812	986.34	29.06	29.097	29.087	
12813	986.44	29.06	29.098	29.087	
12814	986.54	29.06	29.098	29.087	
12815	986.64	29.06	29.098	29.087	
12816	986.74	29.06	29.098	29.087	
12817	986.84	29.06	29.098	29.088	
12818	986.94	29.06	29.098	29.088	
12819	987.	29.06	29.098	29.088	
12820	987.01	29.06	29.098	29.088	
12821	987.02	29.06	29.098	29.088	
12822	987.05	29.06	29.098	29.088	
12823	987.14	29.061	29.098	29.088	
12824	987.24	29.061	29.098	29.088	
12825	987.34	29.061	29.098	29.088	
12826	987.44	29.061	29.099	29.088	
12827	987.54	29.061	29.099	29.088	
12828	987.64	29.061	29.099	29.088	
12829	987.74	29.061	29.099	29.088	
12830	987.84	29.061	29.099	29.088	
12831	987.94	29.061	29.099	29.089	
12832	988.	29.061	29.099	29.089	
12833	988.01	29.061	29.099	29.089	
12834	988.02	29.061	29.099	29.089	
12835	988.05	29.061	29.099	29.089	
12836	988.14	29.061	29.099	29.089	
12837	988.24	29.062	29.099	29.089	
12838	988.34	29.062	29.099	29.089	
12839	988.44	29.062	29.099	29.089	
12840	988.54	29.062	29.1	29.089	
12841	988.64	29.062	29.1	29.089	
12842	988.74	29.062	29.1	29.089	
12843	988.84	29.062	29.1	29.089	
12844	988.94	29.062	29.1	29.09	
12845	989.	29.062	29.1	29.09	
12846	989.01	29.062	29.1	29.09	
12847	989.02	29.062	29.1	29.09	
12848	989.05	29.062	29.1	29.09	
12849	989.14	29.062	29.1	29.09	
12850	989.24	29.062	29.1	29.09	
12851	989.34	29.063	29.1	29.09	
12852	989.44	29.063	29.1	29.09	
12853	989.54	29.063	29.1	29.09	
12854	989.64	29.063	29.101	29.09	
12855	989.74	29.063	29.101	29.09	
12856	989.84	29.063	29.101	29.09	
12857	989.94	29.063	29.101	29.09	
12858	990.	29.063	29.101	29.091	
12859	990.01	29.063	29.101	29.091	
12860	990.02	29.063	29.101	29.091	
12861	990.05	29.063	29.101	29.091	
12862	990.14	29.063	29.101	29.091	
12863	990.24	29.063	29.101	29.091	
12864	990.34	29.064	29.101	29.091	
12865	990.44	29.064	29.101	29.091	
12866	990.54	29.064	29.101	29.091	
12867	990.64	29.064	29.102	29.091	
12868	990.74	29.064	29.102	29.091	
12869	990.84	29.064	29.102	29.091	
12870	990.94	29.064	29.102	29.091	
12871	991.	29.064	29.102	29.091	
12872	991.01	29.064	29.102	29.091	
12873	991.02	29.064	29.102	29.091	
12874	991.05	29.064	29.102	29.091	
12875	991.14	29.064	29.102	29.092	
12876	991.24	29.064	29.102	29.092	
12877	991.34	29.064	29.102	29.092	
12878	991.44	29.065	29.102	29.092	
12879	991.54	29.065	29.102	29.092	
12880	991.64	29.065	29.102	29.092	
12881	991.74	29.065	29.103	29.092	
12882	991.84	29.065	29.103	29.092	
12883	991.94	29.065	29.103	29.092	
12884	992.	29.065	29.103	29.092	
12885	992.01	29.065	29.103	29.092	
12886	992.02	29.065	29.103	29.092	
12887	992.05	29.065	29.103	29.092	
12888	992.14	29.065	29.103	29.093	
12889	992.24	29.065	29.103	29.093	
12890	992.34	29.065	29.103	29.093	
12891	992.44	29.065	29.103	29.093	
12892	992.54	29.066	29.103	29.093	
12893	992.64	29.066	29.103	29.093	
12894	992.74	29.066	29.104	29.093	
12895	992.84	29.066	29.104	29.093	
12896	992.94	29.066	29.104	29.093	
12897	993.	29.066	29.104	29.093	
12898	993.01	29.066	29.104	29.093	
12899	993.02	29.066	29.104	29.093	
12900	993.05	29.066	29.104	29.093	
12901	993.14	29.066	29.104	29.093	
12902	993.24	29.066	29.104	29.094	
12903	993.34	29.066	29.104	29.094	
12904	993.44	29.066	29.104	29.094	
12905	993.54	29.067	29.104	29.094	
12906	993.64	29.067	29.104	29.094	
12907	993.74	29.067	29.104	29.094	
12908	993.84	29.067	29.105	29.094	
12909	993.94	29.067	29.105	29.094	
12910	994.	29.067	29.105	29.094	
12911	994.01	29.067	29.105	29.094	
12912	994.02	29.067	29.105	29.094	
12913	994.05	29.067	29.105	29.094	
12914	994.14	29.067	29.105	29.094	
12915	994.24	29.067	29.105	29.094	
12916	994.34	29.067	29.105	29.095	
12917	994.44	29.067	29.105	29.095	
12918	994.54	29.067	29.105	29.095	
12919	994.64	29.068	29.105	29.095	
12920	994.74	29.068	29.105	29.095	
12921	994.84	29.068	29.105	29.095	
12922	994.94	29.068	29.106	29.095	
12923	995.	29.068	29.106	29.095	
12924	995.01	29.068	29.106	29.095	
12925	995.02	29.068	29.106	29.095	
12926	995.05	29.068	29.106	29.095	
12927	995.14	29.068	29.106	29.095	
12928	995.24	29.068	29.106	29.095	
12929	995.34	29.068	29.106	29.096	
12930	995.44	29.068	29.106	29.096	
12931	995.54	29.068	29.106	29.096	
12932	995.64	29.068	29.106	29.096	
12933	995.74	29.069	29.106	29.096	
12934	995.84	29.069	29.106	29.096	
12935	995.94	29.069	29.107	29.096	
12936	996.	29.069	29.107	29.096	
12937	996.01	29.069	29.107	29.096	
12938	996.02	29.069	29.107	29.096	
12939	996.05	29.069	29.107	29.096	
12940	996.14	29.069	29.107	29.096	
12941	996.24	29.069	29.107	29.096	
12942	996.34	29.069	29.107	29.096	
12943	996.44	29.069	29.107	29.097	
12944	996.54	29.069	29.107	29.097	
12945	996.64	29.069	29.107	29.097	
12946	996.74	29.07	29.107	29.097	
12947	996.84	29.07	29.107	29.097	
12948	996.94	29.07	29.107	29.097	
12949	997.	29.07	29.108	29.097	
12950	997.01	29.07	29.108	29.097	
12951	997.02	29.07	29.108	29.097	
12952	997.05	29.07	29.108	29.097	
12953	997.14	29.07	29.108	29.097	
12954	997.24	29.07	29.108	29.097	
12955	997.34	29.07	29.108	29.097	
12956	997.44	29.07	29.108	29.098	
12957	997.54	29.07	29.108	29.098	
12958	997.64	29.07	29.108	29.098	
12959	997.74	29.07	29.108	29.098	
12960	997.84	29.071	29.108	29.098	
12961	997.94	29.071	29.108	29.098	
12962	998.	29.071	29.108	29.098	
12963	998.01	29.071	29.108	29.098	
12964	998.02	29.071	29.108	29.098	
12965	998.05	29.071	29.109	29.098	
12966	998.14	29.071	29.109	29.098	
12967	998.24	29.071	29.109	29.098	
12968	998.34	29.071	29.109	29.098	
12969	998.44	29.071	29.109	29.098	
12970	998.54	29.071	29.109	29.099	
12971	998.64	29.071	29.109	29.099	
12972	998.74	29.071	29.109	29.099	
12973	998.84	29.071	29.109	29.099	
12974	998.94	29.072	29.109	29.099	
12975	999.	29.072	29.109	29.099	
12976	999.01	29.072	29.109	29.099	
12977	999.02	29.072	29.109	29.099	
12978	999.05	29.072	29.109	29.099	
12979	999.14	29.072	29.11	29.099	
12980	999.24	29.072	29.11	29.099	
12981	999.34	29.072	29.11	29.099	
12982	999.44	29.072	29.11	29.099	
12983	999.54	29.072	29.11	29.099	
12984	999.64	29.072	29.11	29.1	
12985	999.74	29.072	29.11	29.1	
12986	999.84	29.072	29.11	29.1	
12987	999.94	29.073	29.11	29.1	
12988	1000.	29.073	29.11	29.1	
12989	1000.	29.073	29.11	29.1	
12990	1000.	29.073	29.11	29.1	
12991	1000.	29.073	29.11	29.1	
12992	1000.1	29.073	29.11	29.1	
12993	1000.2	29.073	29.111	29.1	
12994	1000.3	29.073	29.111	29.1	
12995	1000.4	29.073	29.111	29.1	
12996	1000.5	29.073	29.111	29.1	
12997	1000.6	29.073	29.111	29.101	
12998	1000.7	29.073	29.111	29.101	
12999	1000.8	29.073	29.111	29.101	
13000	1000.9	29.073	29.111	29.101	
13001	1001.	29.074	29.111	29.101	
13002	1001.	29.074	29.111	29.101	
13003	1001.	29.074	29.111	29.101	
13004	1001.	29.074	29.111	29.101	
13005	1001.1	29.074	29.111	29.101	
13006	1001.2	29.074	29.112	29.101	
13007	1001.3	29.074	29.112	29.101	
13008	1001.4	29.074	29.112	29.101	
13009	1001.5	29.074	29.112	29.101	
13010	1001.6	29.074	29.112	29.101	
13011	1001.7	29.074	29.112	29.102	
13012	1001.8	29.074	29.112	29.102	
13013	1001.9	29.074	29.112	29.102	
13014	1002.	29.074	29.112	29.102	
13015	1002.	29.074	29.112	29.102	
13016	1002.	29.074	29.112	29.102	
13017	1002.	29.074	29.112	29.102	
13018	1002.1	29.075	29.112	29.102	
13019	1002.2	29.075	29.112	29.102	
13020	1002.3	29.075	29.113	29.102	
13021	1002.4	29.075	29.113	29.102	
13022	1002.5	29.075	29.113	29.102	
13023	1002.6	29.075	29.113	29.102	
13024	1002.7	29.075	29.113	29.103	
13025	1002.8	29.075	29.113	29.103	
13026	1002.9	29.075	29.113	29.103	
13027	1003.	29.075	29.113	29.103	
13028	1003.	29.075	29.113	29.103	
13029	1003.	29.075	29.113	29.103	
13030	1003.	29.075	29.113	29.103	
13031	1003.1	29.076	29.113	29.103	
13032	1003.2	29.076	29.113	29.103	
13033	1003.3	29.076	29.114	29.103	
13034	1003.4	29.076	29.114	29.103	
13035	1003.5	29.076	29.114	29.103	
13036	1003.6	29.076	29.114	29.103	
13037	1003.7	29.076	29.114	29.103	
13038	1003.8	29.076	29.114	29.104	
13039	1003.9	29.076	29.114	29.104	
13040	1004.	29.076	29.114	29.104	
13041	1004.	29.076	29.114	29.104	
13042	1004.	29.076	29.114	29.104	
13043	1004.	29.076	29.114	29.104	
13044	1004.1	29.076	29.114	29.104	
13045	1004.2	29.077	29.114	29.104	
13046	1004.3	29.077	29.114	29.104	
13047	1004.4	29.077	29.115	29.104	
13048	1004.5	29.077	29.115	29.104	
13049	1004.6	29.077	29.115	29.104	
13050	1004.7	29.077	29.115	29.104	
13051	1004.8	29.077	29.115	29.104	
13052	1004.9	29.077	29.115	29.105	
13053	1005.	29.077	29.115	29.105	
13054	1005.	29.077	29.115	29.105	
13055	1005.	29.077	29.115	29.105	
13056	1005.	29.077	29.115	29.105	
13057	1005.1	29.077	29.115	29.105	
13058	1005.2	29.077	29.115	29.105	
13059	1005.3	29.078	29.115	29.105	
13060	1005.4	29.078	29.115	29.105	
13061	1005.5	29.078	29.116	29.105	
13062	1005.6	29.078	29.116	29.105	
13063	1005.7	29.078	29.116	29.105	
13064	1005.8	29.078	29.116	29.105	
13065	1005.9	29.078	29.116	29.106	
13066	1006.	29.078	29.116	29.106	
13067	1006.	29.078	29.116	29.106	
13068	1006.	29.078	29.116	29.106	
13069	1006.	29.078	29.116	29.106	
13070	1006.1	29.078	29.116	29.106	
13071	1006.2	29.078	29.116	29.106	
13072	1006.3	29.079	29.116	29.106	
13073	1006.4	29.079	29.116	29.106	
13074	1006.5	29.079	29.117	29.106	
13075	1006.6	29.079	29.117	29.106	
13076	1006.7	29.079	29.117	29.106	
13077	1006.8	29.079	29.117	29.106	
13078	1006.9	29.079	29.117	29.106	
13079	1007.	29.079	29.117	29.107	
13080	1007.	29.079	29.117	29.107	
13081	1007.	29.079	29.117	29.107	
13082	1007.	29.079	29.117	29.107	
13083	1007.1	29.079	29.117	29.107	
13084	1007.2	29.079	29.117	29.107	
13085	1007.3	29.079	29.117	29.107	
13086	1007.4	29.08	29.117	29.107	
13087	1007.5	29.08	29.117	29.107	
13088	1007.6	29.08	29.118	29.107	
13089	1007.7	29.08	29.118	29.107	
13090	1007.8	29.08	29.118	29.107	
13091	1007.9	29.08	29.118	29.107	
13092	1008.	29.08	29.118	29.107	
13093	1008.	29.08	29.118	29.107	
13094	1008.	29.08	29.118	29.107	
13095	1008.	29.08	29.118	29.108	
13096	1008.1	29.08	29.118	29.108	
13097	1008.2	29.08	29.118	29.108	
13098	1008.3	29.08	29.118	29.108	
13099	1008.4	29.08	29.118	29.108	
13100	1008.5	29.081	29.118	29.108	
13101	1008.6	29.081	29.119	29.108	
13102	1008.7	29.081	29.119	29.108	
13103	1008.8	29.081	29.119	29.108	
13104	1008.9	29.081	29.119	29.108	
13105	1009.	29.081	29.119	29.108	
13106	1009.	29.081	29.119	29.108	
13107	1009.	29.081	29.119	29.108	
13108	1009.	29.081	29.119	29.108	
13109	1009.1	29.081	29.119	29.109	
13110	1009.2	29.081	29.119	29.109	
13111	1009.3	29.081	29.119	29.109	
13112	1009.4	29.081	29.119	29.109	
13113	1009.5	29.082	29.119	29.109	
13114	1009.6	29.082	29.119	29.109	
13115	1009.7	29.082	29.12	29.109	
13116	1009.8	29.082	29.12	29.109	
13117	1009.9	29.082	29.12	29.109	
13118	1010.	29.082	29.12	29.109	
13119	1010.	29.082	29.12	29.109	
13120	1010.	29.082	29.12	29.109	
13121	1010.	29.082	29.12	29.109	
13122	1010.1	29.082	29.12	29.109	
13123	1010.2	29.082	29.12	29.11	
13124	1010.3	29.082	29.12	29.11	
13125	1010.4	29.082	29.12	29.11	
13126	1010.5	29.082	29.12	29.11	
13127	1010.6	29.083	29.12	29.11	
13128	1010.7	29.083	29.12	29.11	
13129	1010.8	29.083	29.121	29.11	
13130	1010.9	29.083	29.121	29.11	
13131	1011.	29.083	29.121	29.11	
13132	1011.	29.083	29.121	29.11	
13133	1011.	29.083	29.121	29.11	
13134	1011.	29.083	29.121	29.11	
13135	1011.1	29.083	29.121	29.11	
13136	1011.2	29.083	29.121	29.111	
13137	1011.3	29.083	29.121	29.111	
13138	1011.4	29.083	29.121	29.111	
13139	1011.5	29.083	29.121	29.111	
13140	1011.6	29.083	29.121	29.111	
13141	1011.7	29.084	29.121	29.111	
13142	1011.8	29.084	29.122	29.111	
13143	1011.9	29.084	29.122	29.111	
13144	1012.	29.084	29.122	29.111	
13145	1012.	29.084	29.122	29.111	
13146	1012.	29.084	29.122	29.111	
13147	1012.	29.084	29.122	29.111	
13148	1012.1	29.084	29.122	29.111	
13149	1012.2	29.084	29.122	29.111	
13150	1012.3	29.084	29.122	29.112	
13151	1012.4	29.084	29.122	29.112	
13152	1012.5	29.084	29.122	29.112	
13153	1012.6	29.084	29.122	29.112	
13154	1012.7	29.085	29.122	29.112	
13155	1012.8	29.085	29.122	29.112	
13156	1012.9	29.085	29.123	29.112	
13157	1013.	29.085	29.123	29.112	
13158	1013.	29.085	29.123	29.112	
13159	1013.	29.085	29.123	29.112	
13160	1013.	29.085	29.123	29.112	
13161	1013.1	29.085	29.123	29.112	
13162	1013.2	29.085	29.123	29.112	
13163	1013.3	29.085	29.123	29.112	
13164	1013.4	29.085	29.123	29.113	
13165	1013.5	29.085	29.123	29.113	
13166	1013.6	29.085	29.123	29.113	
13167	1013.7	29.085	29.123	29.113	
13168	1013.8	29.086	29.123	29.113	
13169	1013.9	29.086	29.124	29.113	
13170	1014.	29.086	29.124	29.113	
13171	1014.	29.086	29.124	29.113	
13172	1014.	29.086	29.124	29.113	
13173	1014.	29.086	29.124	29.113	
13174	1014.1	29.086	29.124	29.113	
13175	1014.2	29.086	29.124	29.113	
13176	1014.3	29.086	29.124	29.113	
13177	1014.4	29.086	29.124	29.114	
13178	1014.5	29.086	29.124	29.114	
13179	1014.6	29.086	29.124	29.114	
13180	1014.7	29.086	29.124	29.114	
13181	1014.8	29.086	29.124	29.114	
13182	1014.9	29.087	29.124	29.114	
13183	1015.	29.087	29.125	29.114	
13184	1015.	29.087	29.125	29.114	
13185	1015.	29.087	29.125	29.114	
13186	1015.	29.087	29.125	29.114	
13187	1015.1	29.087	29.125	29.114	
13188	1015.2	29.087	29.125	29.114	
13189	1015.3	29.087	29.125	29.114	
13190	1015.4	29.087	29.125	29.114	
13191	1015.5	29.087	29.125	29.115	
13192	1015.6	29.087	29.125	29.115	
13193	1015.7	29.087	29.125	29.115	
13194	1015.8	29.087	29.125	29.115	
13195	1015.9	29.088	29.125	29.115	
13196	1016.	29.088	29.125	29.115	
13197	1016.	29.088	29.125	29.115	
13198	1016.	29.088	29.125	29.115	
13199	1016.	29.088	29.125	29.115	
13200	1016.1	29.088	29.126	29.115	
13201	1016.2	29.088	29.126	29.115	
13202	1016.3	29.088	29.126	29.115	
13203	1016.4	29.088	29.126	29.115	
13204	1016.5	29.088	29.126	29.115	
13205	1016.6	29.088	29.126	29.116	
13206	1016.7	29.088	29.126	29.116	
13207	1016.8	29.088	29.126	29.116	
13208	1016.9	29.088	29.126	29.116	
13209	1017.	29.088	29.126	29.116	
13210	1017.	29.089	29.126	29.116	
13211	1017.	29.089	29.126	29.116	
13212	1017.	29.089	29.126	29.116	
13213	1017.1	29.089	29.127	29.116	
13214	1017.2	29.089	29.127	29.116	
13215	1017.3	29.089	29.127	29.116	
13216	1017.4	29.089	29.127	29.116	
13217	1017.5	29.089	29.127	29.116	
13218	1017.6	29.089	29.127	29.117	
13219	1017.7	29.089	29.127	29.117	
13220	1017.8	29.089	29.127	29.117	
13221	1017.9	29.089	29.127	29.117	
13222	1018.	29.089	29.127	29.117	
13223	1018.	29.089	29.127	29.117	
13224	1018.	29.089	29.127	29.117	
13225	1018.	29.089	29.127	29.117	
13226	1018.1	29.09	29.127	29.117	
13227	1018.2	29.09	29.128	29.117	
13228	1018.3	29.09	29.128	29.117	
13229	1018.4	29.09	29.128	29.117	
13230	1018.5	29.09	29.128	29.117	
13231	1018.6	29.09	29.128	29.117	
13232	1018.7	29.09	29.128	29.118	
13233	1018.8	29.09	29.128	29.118	
13234	1018.9	29.09	29.128	29.118	
13235	1019.	29.09	29.128	29.118	
13236	1019.	29.09	29.128	29.118	
13237	1019.	29.09	29.128	29.118	
13238	1019.	29.09	29.128	29.118	
13239	1019.1	29.09	29.128	29.118	
13240	1019.2	29.091	29.128	29.118	
13241	1019.3	29.091	29.129	29.118	
13242	1019.4	29.091	29.129	29.118	
13243	1019.5	29.091	29.129	29.118	
13244	1019.6	29.091	29.129	29.118	
13245	1019.7	29.091	29.129	29.118	
13246	1019.8	29.091	29.129	29.119	
13247	1019.9	29.091	29.129	29.119	
13248	1020.	29.091	29.129	29.119	
13249	1020.	29.091	29.129	29.119	
13250	1020.	29.091	29.129	29.119	
13251	1020.	29.091	29.129	29.119	
13252	1020.1	29.091	29.129	29.119	
13253	1020.2	29.092	29.129	29.119	
13254	1020.3	29.092	29.13	29.119	
13255	1020.4	29.092	29.13	29.119	
13256	1020.5	29.092	29.13	29.119	
13257	1020.6	29.092	29.13	29.119	
13258	1020.7	29.092	29.13	29.119	
13259	1020.8	29.092	29.13	29.12	
13260	1020.9	29.092	29.13	29.12	
13261	1021.	29.092	29.13	29.12	
13262	1021.	29.092	29.13	29.12	
13263	1021.	29.092	29.13	29.12	
13264	1021.	29.092	29.13	29.12	
13265	1021.1	29.092	29.13	29.12	
13266	1021.2	29.092	29.13	29.12	
13267	1021.3	29.093	29.13	29.12	
13268	1021.4	29.093	29.131	29.12	
13269	1021.5	29.093	29.131	29.12	
13270	1021.6	29.093	29.131	29.12	
13271	1021.7	29.093	29.131	29.12	
13272	1021.8	29.093	29.131	29.12	
13273	1021.9	29.093	29.131	29.121	
13274	1022.	29.093	29.131	29.121	
13275	1022.	29.093	29.131	29.121	
13276	1022.	29.093	29.131	29.121	
13277	1022.	29.093	29.131	29.121	
13278	1022.1	29.093	29.131	29.121	
13279	1022.2	29.093	29.131	29.121	
13280	1022.3	29.093	29.131	29.121	
13281	1022.4	29.094	29.132	29.121	
13282	1022.5	29.094	29.132	29.121	
13283	1022.6	29.094	29.132	29.121	
13284	1022.7	29.094	29.132	29.121	
13285	1022.8	29.094	29.132	29.121	
13286	1022.9	29.094	29.132	29.122	
13287	1023.	29.094	29.132	29.122	
13288	1023.	29.094	29.132	29.122	
13289	1023.	29.094	29.132	29.122	
13290	1023.	29.094	29.132	29.122	
13291	1023.1	29.094	29.132	29.122	
13292	1023.2	29.094	29.132	29.122	
13293	1023.3	29.094	29.132	29.122	
13294	1023.4	29.095	29.132	29.122	
13295	1023.5	29.095	29.133	29.122	
13296	1023.6	29.095	29.133	29.122	
13297	1023.7	29.095	29.133	29.122	
13298	1023.8	29.095	29.133	29.122	
13299	1023.9	29.095	29.133	29.122	
13300	1024.	29.095	29.133	29.122	
13301	1024.	29.095	29.133	29.123	
13302	1024.	29.095	29.133	29.123	
13303	1024.	29.095	29.133	29.123	
13304	1024.1	29.095	29.133	29.123	
13305	1024.2	29.095	29.133	29.123	
13306	1024.3	29.095	29.133	29.123	
13307	1024.4	29.095	29.133	29.123	
13308	1024.5	29.096	29.133	29.123	
13309	1024.6	29.096	29.134	29.123	
13310	1024.7	29.096	29.134	29.123	
13311	1024.8	29.096	29.134	29.123	
13312	1024.9	29.096	29.134	29.123	
13313	1025.	29.096	29.134	29.123	
13314	1025.	29.096	29.134	29.123	
13315	1025.	29.096	29.134	29.123	
13316	1025.	29.096	29.134	29.123	
13317	1025.1	29.096	29.134	29.124	
13318	1025.2	29.096	29.134	29.124	
13319	1025.3	29.096	29.134	29.124	
13320	1025.4	29.096	29.134	29.124	
13321	1025.5	29.096	29.134	29.124	
13322	1025.6	29.097	29.135	29.124	
13323	1025.7	29.097	29.135	29.124	
13324	1025.8	29.097	29.135	29.124	
13325	1025.9	29.097	29.135	29.124	
13326	1026.	29.097	29.135	29.124	
13327	1026.	29.097	29.135	29.124	
13328	1026.	29.097	29.135	29.124	
13329	1026.	29.097	29.135	29.124	
13330	1026.1	29.097	29.135	29.125	
13331	1026.2	29.097	29.135	29.125	
13332	1026.3	29.097	29.135	29.125	
13333	1026.4	29.097	29.135	29.125	
13334	1026.5	29.097	29.135	29.125	
13335	1026.6	29.098	29.135	29.125	
13336	1026.7	29.098	29.136	29.125	
13337	1026.8	29.098	29.136	29.125	
13338	1026.9	29.098	29.136	29.125	
13339	1027.	29.098	29.136	29.125	
13340	1027.	29.098	29.136	29.125	
13341	1027.	29.098	29.136	29.125	
13342	1027.	29.098	29.136	29.125	
13343	1027.1	29.098	29.136	29.125	
13344	1027.2	29.098	29.136	29.126	
13345	1027.3	29.098	29.136	29.126	
13346	1027.4	29.098	29.136	29.126	
13347	1027.5	29.098	29.136	29.126	
13348	1027.6	29.098	29.136	29.126	
13349	1027.7	29.099	29.136	29.126	
13350	1027.8	29.099	29.137	29.126	
13351	1027.9	29.099	29.137	29.126	
13352	1028.	29.099	29.137	29.126	
13353	1028.	29.099	29.137	29.126	
13354	1028.	29.099	29.137	29.126	
13355	1028.	29.099	29.137	29.126	
13356	1028.1	29.099	29.137	29.126	
13357	1028.2	29.099	29.137	29.126	
13358	1028.3	29.099	29.137	29.127	
13359	1028.4	29.099	29.137	29.127	
13360	1028.5	29.099	29.137	29.127	
13361	1028.6	29.099	29.137	29.127	
13362	1028.7	29.099	29.137	29.127	
13363	1028.8	29.1	29.138	29.127	
13364	1028.9	29.1	29.138	29.127	
13365	1029.	29.1	29.138	29.127	
13366	1029.	29.1	29.138	29.127	
13367	1029.	29.1	29.138	29.127	
13368	1029.	29.1	29.138	29.127	
13369	1029.1	29.1	29.138	29.127	
13370	1029.2	29.1	29.138	29.127	
13371	1029.3	29.1	29.138	29.128	
13372	1029.4	29.1	29.138	29.128	
13373	1029.5	29.1	29.138	29.128	
13374	1029.6	29.1	29.138	29.128	
13375	1029.7	29.1	29.138	29.128	
13376	1029.8	29.1	29.138	29.128	
13377	1029.9	29.101	29.139	29.128	
13378	1030.	29.101	29.139	29.128	
13379	1030.	29.101	29.139	29.128	
13380	1030.	29.101	29.139	29.128	
13381	1030.	29.101	29.139	29.128	
13382	1030.1	29.101	29.139	29.128	
13383	1030.2	29.101	29.139	29.128	
13384	1030.3	29.101	29.139	29.128	
13385	1030.4	29.101	29.139	29.129	
13386	1030.5	29.101	29.139	29.129	
13387	1030.6	29.101	29.139	29.129	
13388	1030.7	29.101	29.139	29.129	
13389	1030.8	29.101	29.139	29.129	
13390	1030.9	29.102	29.14	29.129	
13391	1031.	29.102	29.14	29.129	
13392	1031.	29.102	29.14	29.129	
13393	1031.	29.102	29.14	29.129	
13394	1031.	29.102	29.14	29.129	
13395	1031.1	29.102	29.14	29.129	
13396	1031.2	29.102	29.14	29.129	
13397	1031.3	29.102	29.14	29.129	
13398	1031.4	29.102	29.14	29.129	
13399	1031.5	29.102	29.14	29.13	
13400	1031.6	29.102	29.14	29.13	
13401	1031.7	29.102	29.14	29.13	
13402	1031.8	29.102	29.14	29.13	
13403	1031.9	29.102	29.14	29.13	
13404	1032.	29.103	29.141	29.13	
13405	1032.	29.103	29.141	29.13	
13406	1032.	29.103	29.141	29.13	
13407	1032.	29.103	29.141	29.13	
13408	1032.1	29.103	29.141	29.13	
13409	1032.2	29.103	29.141	29.13	
13410	1032.3	29.103	29.141	29.13	
13411	1032.4	29.103	29.141	29.13	
13412	1032.5	29.103	29.141	29.131	
13413	1032.6	29.103	29.141	29.131	
13414	1032.7	29.103	29.141	29.131	
13415	1032.8	29.103	29.141	29.131	
13416	1032.9	29.103	29.141	29.131	
13417	1033.	29.103	29.141	29.131	
13418	1033.	29.103	29.141	29.131	
13419	1033.	29.103	29.141	29.131	
13420	1033.	29.103	29.141	29.131	
13421	1033.1	29.104	29.142	29.131	
13422	1033.2	29.104	29.142	29.131	
13423	1033.3	29.104	29.142	29.131	
13424	1033.4	29.104	29.142	29.131	
13425	1033.5	29.104	29.142	29.131	
13426	1033.6	29.104	29.142	29.132	
13427	1033.7	29.104	29.142	29.132	
13428	1033.8	29.104	29.142	29.132	
13429	1033.9	29.104	29.142	29.132	
13430	1034.	29.104	29.142	29.132	
13431	1034.	29.104	29.142	29.132	
13432	1034.	29.104	29.142	29.132	
13433	1034.	29.104	29.142	29.132	
13434	1034.1	29.105	29.143	29.132	
13435	1034.2	29.105	29.143	29.132	
13436	1034.3	29.105	29.143	29.132	
13437	1034.4	29.105	29.143	29.132	
13438	1034.5	29.105	29.143	29.132	
13439	1034.6	29.105	29.143	29.132	
13440	1034.7	29.105	29.143	29.133	
13441	1034.8	29.105	29.143	29.133	
13442	1034.9	29.105	29.143	29.133	
13443	1035.	29.105	29.143	29.133	
13444	1035.	29.105	29.143	29.133	
13445	1035.	29.105	29.143	29.133	
13446	1035.	29.105	29.143	29.133	
13447	1035.1	29.105	29.143	29.133	
13448	1035.2	29.106	29.144	29.133	
13449	1035.3	29.106	29.144	29.133	
13450	1035.4	29.106	29.144	29.133	
13451	1035.5	29.106	29.144	29.133	
13452	1035.6	29.106	29.144	29.133	
13453	1035.7	29.106	29.144	29.134	
13454	1035.8	29.106	29.144	29.134	
13455	1035.9	29.106	29.144	29.134	
13456	1036.	29.106	29.144	29.134	
13457	1036.	29.106	29.144	29.134	
13458	1036.	29.106	29.144	29.134	
13459	1036.	29.106	29.144	29.134	
13460	1036.1	29.106	29.144	29.134	
13461	1036.2	29.106	29.144	29.134	
13462	1036.3	29.107	29.145	29.134	
13463	1036.4	29.107	29.145	29.134	
13464	1036.5	29.107	29.145	29.134	
13465	1036.6	29.107	29.145	29.134	
13466	1036.7	29.107	29.145	29.134	
13467	1036.8	29.107	29.145	29.135	
13468	1036.9	29.107	29.145	29.135	
13469	1037.	29.107	29.145	29.135	
13470	1037.	29.107	29.145	29.135	
13471	1037.	29.107	29.145	29.135	
13472	1037.	29.107	29.145	29.135	
13473	1037.1	29.107	29.145	29.135	
13474	1037.2	29.107	29.145	29.135	
13475	1037.3	29.107	29.146	29.135	
13476	1037.4	29.108	29.146	29.135	
13477	1037.5	29.108	29.146	29.135	
13478	1037.6	29.108	29.146	29.135	
13479	1037.7	29.108	29.146	29.135	
13480	1037.8	29.108	29.146	29.135	
13481	1037.9	29.108	29.146	29.136	
13482	1038.	29.108	29.146	29.136	
13483	1038.	29.108	29.146	29.136	
13484	1038.	29.108	29.146	29.136	
13485	1038.	29.108	29.146	29.136	
13486	1038.1	29.108	29.146	29.136	
13487	1038.2	29.108	29.146	29.136	
13488	1038.3	29.108	29.146	29.136	
13489	1038.4	29.109	29.147	29.136	
13490	1038.5	29.109	29.147	29.136	
13491	1038.6	29.109	29.147	29.136	
13492	1038.7	29.109	29.147	29.136	
13493	1038.8	29.109	29.147	29.136	
13494	1038.9	29.109	29.147	29.137	
13495	1039.	29.109	29.147	29.137	
13496	1039.	29.109	29.147	29.137	
13497	1039.	29.109	29.147	29.137	
13498	1039.	29.109	29.147	29.137	
13499	1039.1	29.109	29.147	29.137	
13500	1039.2	29.109	29.147	29.137	
13501	1039.3	29.109	29.147	29.137	
13502	1039.4	29.109	29.147	29.137	
13503	1039.5	29.11	29.148	29.137	
13504	1039.6	29.11	29.148	29.137	
13505	1039.7	29.11	29.148	29.137	
13506	1039.8	29.11	29.148	29.137	
13507	1039.9	29.11	29.148	29.137	
13508	1040.	29.11	29.148	29.138	
13509	1040.	29.11	29.148	29.138	
13510	1040.	29.11	29.148	29.138	
13511	1040.	29.11	29.148	29.138	
13512	1040.1	29.11	29.148	29.138	
13513	1040.2	29.11	29.148	29.138	
13514	1040.3	29.11	29.148	29.138	
13515	1040.4	29.11	29.148	29.138	
13516	1040.5	29.11	29.149	29.138	
13517	1040.6	29.111	29.149	29.138	
13518	1040.7	29.111	29.149	29.138	
13519	1040.8	29.111	29.149	29.138	
13520	1040.9	29.111	29.149	29.138	
13521	1041.	29.111	29.149	29.138	
13522	1041.	29.111	29.149	29.138	
13523	1041.	29.111	29.149	29.138	
13524	1041.	29.111	29.149	29.139	
13525	1041.1	29.111	29.149	29.139	
13526	1041.2	29.111	29.149	29.139	
13527	1041.3	29.111	29.149	29.139	
13528	1041.4	29.111	29.149	29.139	
13529	1041.5	29.111	29.149	29.139	
13530	1041.6	29.112	29.15	29.139	
13531	1041.7	29.112	29.15	29.139	
13532	1041.8	29.112	29.15	29.139	
13533	1041.9	29.112	29.15	29.139	
13534	1042.	29.112	29.15	29.139	
13535	1042.	29.112	29.15	29.139	
13536	1042.	29.112	29.15	29.139	
13537	1042.	29.112	29.15	29.139	
13538	1042.1	29.112	29.15	29.14	
13539	1042.2	29.112	29.15	29.14	
13540	1042.3	29.112	29.15	29.14	
13541	1042.4	29.112	29.15	29.14	
13542	1042.5	29.112	29.15	29.14	
13543	1042.6	29.112	29.15	29.14	
13544	1042.7	29.113	29.151	29.14	
13545	1042.8	29.113	29.151	29.14	
13546	1042.9	29.113	29.151	29.14	
13547	1043.	29.113	29.151	29.14	
13548	1043.	29.113	29.151	29.14	
13549	1043.	29.113	29.151	29.14	
13550	1043.	29.113	29.151	29.14	
13551	1043.1	29.113	29.151	29.14	
13552	1043.2	29.113	29.151	29.141	
13553	1043.3	29.113	29.151	29.141	
13554	1043.4	29.113	29.151	29.141	
13555	1043.5	29.113	29.151	29.141	
13556	1043.6	29.113	29.151	29.141	
13557	1043.7	29.113	29.152	29.141	
13558	1043.8	29.114	29.152	29.141	
13559	1043.9	29.114	29.152	29.141	
13560	1044.	29.114	29.152	29.141	
13561	1044.	29.114	29.152	29.141	
13562	1044.	29.114	29.152	29.141	
13563	1044.	29.114	29.152	29.141	
13564	1044.1	29.114	29.152	29.141	
13565	1044.2	29.114	29.152	29.141	
13566	1044.3	29.114	29.152	29.142	
13567	1044.4	29.114	29.152	29.142	
13568	1044.5	29.114	29.152	29.142	
13569	1044.6	29.114	29.152	29.142	
13570	1044.7	29.114	29.152	29.142	
13571	1044.8	29.114	29.153	29.142	
13572	1044.9	29.115	29.153	29.142	
13573	1045.	29.115	29.153	29.142	
13574	1045.	29.115	29.153	29.142	
13575	1045.	29.115	29.153	29.142	
13576	1045.	29.115	29.153	29.142	
13577	1045.1	29.115	29.153	29.142	
13578	1045.2	29.115	29.153	29.142	
13579	1045.3	29.115	29.153	29.143	
13580	1045.4	29.115	29.153	29.143	
13581	1045.5	29.115	29.153	29.143	
13582	1045.6	29.115	29.153	29.143	
13583	1045.7	29.115	29.153	29.143	
13584	1045.8	29.115	29.154	29.143	
13585	1045.9	29.116	29.154	29.143	
13586	1046.	29.116	29.154	29.143	
13587	1046.	29.116	29.154	29.143	
13588	1046.	29.116	29.154	29.143	
13589	1046.	29.116	29.154	29.143	
13590	1046.1	29.116	29.154	29.143	
13591	1046.2	29.116	29.154	29.143	
13592	1046.3	29.116	29.154	29.143	
13593	1046.4	29.116	29.154	29.144	
13594	1046.5	29.116	29.154	29.144	
13595	1046.6	29.116	29.154	29.144	
13596	1046.7	29.116	29.154	29.144	
13597	1046.8	29.116	29.154	29.144	
13598	1046.9	29.116	29.155	29.144	
13599	1047.	29.117	29.155	29.144	
13600	1047.	29.117	29.155	29.144	
13601	1047.	29.117	29.155	29.144	
13602	1047.	29.117	29.155	29.144	
13603	1047.1	29.117	29.155	29.144	
13604	1047.2	29.117	29.155	29.144	
13605	1047.3	29.117	29.155	29.144	
13606	1047.4	29.117	29.155	29.144	
13607	1047.5	29.117	29.155	29.145	
13608	1047.6	29.117	29.155	29.145	
13609	1047.7	29.117	29.155	29.145	
13610	1047.8	29.117	29.155	29.145	
13611	1047.9	29.117	29.155	29.145	
13612	1048.	29.117	29.156	29.145	
13613	1048.	29.117	29.156	29.145	
13614	1048.	29.117	29.156	29.145	
13615	1048.	29.117	29.156	29.145	
13616	1048.1	29.118	29.156	29.145	
13617	1048.2	29.118	29.156	29.145	
13618	1048.3	29.118	29.156	29.145	
13619	1048.4	29.118	29.156	29.145	
13620	1048.5	29.118	29.156	29.146	
13621	1048.6	29.118	29.156	29.146	
13622	1048.7	29.118	29.156	29.146	
13623	1048.8	29.118	29.156	29.146	
13624	1048.9	29.118	29.156	29.146	
13625	1049.	29.118	29.156	29.146	
13626	1049.	29.118	29.156	29.146	
13627	1049.	29.118	29.156	29.146	
13628	1049.	29.118	29.157	29.146	
13629	1049.1	29.119	29.157	29.146	
13630	1049.2	29.119	29.157	29.146	
13631	1049.3	29.119	29.157	29.146	
13632	1049.4	29.119	29.157	29.146	
13633	1049.5	29.119	29.157	29.146	
13634	1049.6	29.119	29.157	29.147	
13635	1049.7	29.119	29.157	29.147	
13636	1049.8	29.119	29.157	29.147	
13637	1049.9	29.119	29.157	29.147	
13638	1050.	29.119	29.157	29.147	
13639	1050.	29.119	29.157	29.147	
13640	1050.	29.119	29.157	29.147	
13641	1050.	29.119	29.157	29.147	
13642	1050.1	29.119	29.158	29.147	
13643	1050.2	29.12	29.158	29.147	
13644	1050.3	29.12	29.158	29.147	
13645	1050.4	29.12	29.158	29.147	
13646	1050.5	29.12	29.158	29.147	
13647	1050.6	29.12	29.158	29.147	
13648	1050.7	29.12	29.158	29.148	
13649	1050.8	29.12	29.158	29.148	
13650	1050.9	29.12	29.158	29.148	
13651	1051.	29.12	29.158	29.148	
13652	1051.	29.12	29.158	29.148	
13653	1051.	29.12	29.158	29.148	
13654	1051.	29.12	29.158	29.148	
13655	1051.1	29.12	29.158	29.148	
13656	1051.2	29.12	29.159	29.148	
13657	1051.3	29.121	29.159	29.148	
13658	1051.4	29.121	29.159	29.148	
13659	1051.5	29.121	29.159	29.148	
13660	1051.6	29.121	29.159	29.148	
13661	1051.7	29.121	29.159	29.149	
13662	1051.8	29.121	29.159	29.149	
13663	1051.9	29.121	29.159	29.149	
13664	1052.	29.121	29.159	29.149	
13665	1052.	29.121	29.159	29.149	
13666	1052.	29.121	29.159	29.149	
13667	1052.	29.121	29.159	29.149	
13668	1052.1	29.121	29.159	29.149	
13669	1052.2	29.121	29.16	29.149	
13670	1052.3	29.121	29.16	29.149	
13671	1052.4	29.122	29.16	29.149	
13672	1052.5	29.122	29.16	29.149	
13673	1052.6	29.122	29.16	29.149	
13674	1052.7	29.122	29.16	29.149	
13675	1052.8	29.122	29.16	29.15	
13676	1052.9	29.122	29.16	29.15	
13677	1053.	29.122	29.16	29.15	
13678	1053.	29.122	29.16	29.15	
13679	1053.	29.122	29.16	29.15	
13680	1053.	29.122	29.16	29.15	
13681	1053.1	29.122	29.16	29.15	
13682	1053.2	29.122	29.16	29.15	
13683	1053.3	29.122	29.161	29.15	
13684	1053.4	29.123	29.161	29.15	
13685	1053.5	29.123	29.161	29.15	
13686	1053.6	29.123	29.161	29.15	
13687	1053.7	29.123	29.161	29.15	
13688	1053.8	29.123	29.161	29.15	
13689	1053.9	29.123	29.161	29.151	
13690	1054.	29.123	29.161	29.151	
13691	1054.	29.123	29.161	29.151	
13692	1054.	29.123	29.161	29.151	
13693	1054.	29.123	29.161	29.151	
13694	1054.1	29.123	29.161	29.151	
13695	1054.2	29.123	29.161	29.151	
13696	1054.3	29.123	29.161	29.151	
13697	1054.4	29.123	29.162	29.151	
13698	1054.5	29.124	29.162	29.151	
13699	1054.6	29.124	29.162	29.151	
13700	1054.7	29.124	29.162	29.151	
13701	1054.8	29.124	29.162	29.151	
13702	1054.9	29.124	29.162	29.152	
13703	1055.	29.124	29.162	29.152	
13704	1055.	29.124	29.162	29.152	
13705	1055.	29.124	29.162	29.152	
13706	1055.	29.124	29.162	29.152	
13707	1055.1	29.124	29.162	29.152	
13708	1055.2	29.124	29.162	29.152	
13709	1055.3	29.124	29.162	29.152	
13710	1055.4	29.124	29.163	29.152	
13711	1055.5	29.124	29.163	29.152	
13712	1055.6	29.125	29.163	29.152	
13713	1055.7	29.125	29.163	29.152	
13714	1055.8	29.125	29.163	29.152	
13715	1055.9	29.125	29.163	29.152	
13716	1056.	29.125	29.163	29.153	
13717	1056.	29.125	29.163	29.153	
13718	1056.	29.125	29.163	29.153	
13719	1056.	29.125	29.163	29.153	
13720	1056.1	29.125	29.163	29.153	
13721	1056.2	29.125	29.163	29.153	
13722	1056.3	29.125	29.163	29.153	
13723	1056.4	29.125	29.163	29.153	
13724	1056.5	29.125	29.164	29.153	
13725	1056.6	29.125	29.164	29.153	
13726	1056.7	29.126	29.164	29.153	
13727	1056.8	29.126	29.164	29.153	
13728	1056.9	29.126	29.164	29.153	
13729	1057.	29.126	29.164	29.153	
13730	1057.	29.126	29.164	29.153	
13731	1057.	29.126	29.164	29.153	
13732	1057.	29.126	29.164	29.153	
13733	1057.1	29.126	29.164	29.154	
13734	1057.2	29.126	29.164	29.154	
13735	1057.3	29.126	29.164	29.154	
13736	1057.4	29.126	29.164	29.154	
13737	1057.5	29.126	29.164	29.154	
13738	1057.6	29.126	29.165	29.154	
13739	1057.7	29.127	29.165	29.154	
13740	1057.8	29.127	29.165	29.154	
13741	1057.9	29.127	29.165	29.154	
13742	1058.	29.127	29.165	29.154	
13743	1058.	29.127	29.165	29.154	
13744	1058.	29.127	29.165	29.154	
13745	1058.	29.127	29.165	29.154	
13746	1058.1	29.127	29.165	29.155	
13747	1058.2	29.127	29.165	29.155	
13748	1058.3	29.127	29.165	29.155	
13749	1058.4	29.127	29.165	29.155	
13750	1058.5	29.127	29.165	29.155	
13751	1058.6	29.127	29.166	29.155	
13752	1058.7	29.127	29.166	29.155	
13753	1058.8	29.128	29.166	29.155	
13754	1058.9	29.128	29.166	29.155	
13755	1059.	29.128	29.166	29.155	
13756	1059.	29.128	29.166	29.155	
13757	1059.	29.128	29.166	29.155	
13758	1059.	29.128	29.166	29.155	
13759	1059.1	29.128	29.166	29.155	
13760	1059.2	29.128	29.166	29.156	
13761	1059.3	29.128	29.166	29.156	
13762	1059.4	29.128	29.166	29.156	
13763	1059.5	29.128	29.166	29.156	
13764	1059.6	29.128	29.166	29.156	
13765	1059.7	29.128	29.167	29.156	
13766	1059.8	29.128	29.167	29.156	
13767	1059.9	29.129	29.167	29.156	
13768	1060.	29.129	29.167	29.156	
13769	1060.	29.129	29.167	29.156	
13770	1060.	29.129	29.167	29.156	
13771	1060.	29.129	29.167	29.156	
13772	1060.1	29.129	29.167	29.156	
13773	1060.2	29.129	29.167	29.156	
13774	1060.3	29.129	29.167	29.157	
13775	1060.4	29.129	29.167	29.157	
13776	1060.5	29.129	29.167	29.157	
13777	1060.6	29.129	29.167	29.157	
13778	1060.7	29.129	29.167	29.157	
13779	1060.8	29.129	29.168	29.157	
13780	1060.9	29.13	29.168	29.157	
13781	1061.	29.13	29.168	29.157	
13782	1061.	29.13	29.168	29.157	
13783	1061.	29.13	29.168	29.157	
13784	1061.	29.13	29.168	29.157	
13785	1061.1	29.13	29.168	29.157	
13786	1061.2	29.13	29.168	29.157	
13787	1061.3	29.13	29.168	29.158	
13788	1061.4	29.13	29.168	29.158	
13789	1061.5	29.13	29.168	29.158	
13790	1061.6	29.13	29.168	29.158	
13791	1061.7	29.13	29.168	29.158	
13792	1061.8	29.13	29.169	29.158	
13793	1061.9	29.13	29.169	29.158	
13794	1062.	29.13	29.169	29.158	
13795	1062.	29.13	29.169	29.158	
13796	1062.	29.131	29.169	29.158	
13797	1062.	29.131	29.169	29.158	
13798	1062.1	29.131	29.169	29.158	
13799	1062.2	29.131	29.169	29.158	
13800	1062.3	29.131	29.169	29.158	
13801	1062.4	29.131	29.169	29.159	
13802	1062.5	29.131	29.169	29.159	
13803	1062.6	29.131	29.169	29.159	
13804	1062.7	29.131	29.169	29.159	
13805	1062.8	29.131	29.169	29.159	
13806	1062.9	29.131	29.17	29.159	
13807	1063.	29.131	29.17	29.159	
13808	1063.	29.131	29.17	29.159	
13809	1063.	29.131	29.17	29.159	
13810	1063.	29.131	29.17	29.159	
13811	1063.1	29.132	29.17	29.159	
13812	1063.2	29.132	29.17	29.159	
13813	1063.3	29.132	29.17	29.159	
13814	1063.4	29.132	29.17	29.159	
13815	1063.5	29.132	29.17	29.16	
13816	1063.6	29.132	29.17	29.16	
13817	1063.7	29.132	29.17	29.16	
13818	1063.8	29.132	29.17	29.16	
13819	1063.9	29.132	29.17	29.16	
13820	1064.	29.132	29.171	29.16	
13821	1064.	29.132	29.171	29.16	
13822	1064.	29.132	29.171	29.16	
13823	1064.	29.132	29.171	29.16	
13824	1064.1	29.132	29.171	29.16	
13825	1064.2	29.133	29.171	29.16	
13826	1064.3	29.133	29.171	29.16	
13827	1064.4	29.133	29.171	29.16	
13828	1064.5	29.133	29.171	29.161	
13829	1064.6	29.133	29.171	29.161	
13830	1064.7	29.133	29.171	29.161	
13831	1064.8	29.133	29.171	29.161	
13832	1064.9	29.133	29.171	29.161	
13833	1065.	29.133	29.171	29.161	
13834	1065.	29.133	29.171	29.161	
13835	1065.	29.133	29.171	29.161	
13836	1065.	29.133	29.172	29.161	
13837	1065.1	29.133	29.172	29.161	
13838	1065.2	29.134	29.172	29.161	
13839	1065.3	29.134	29.172	29.161	
13840	1065.4	29.134	29.172	29.161	
13841	1065.5	29.134	29.172	29.161	
13842	1065.6	29.134	29.172	29.162	
13843	1065.7	29.134	29.172	29.162	
13844	1065.8	29.134	29.172	29.162	
13845	1065.9	29.134	29.172	29.162	
13846	1066.	29.134	29.172	29.162	
13847	1066.	29.134	29.172	29.162	
13848	1066.	29.134	29.172	29.162	
13849	1066.	29.134	29.172	29.162	
13850	1066.1	29.134	29.173	29.162	
13851	1066.2	29.134	29.173	29.162	
13852	1066.3	29.135	29.173	29.162	
13853	1066.4	29.135	29.173	29.162	
13854	1066.5	29.135	29.173	29.162	
13855	1066.6	29.135	29.173	29.162	
13856	1066.7	29.135	29.173	29.163	
13857	1066.8	29.135	29.173	29.163	
13858	1066.9	29.135	29.173	29.163	
13859	1067.	29.135	29.173	29.163	
13860	1067.	29.135	29.173	29.163	
13861	1067.	29.135	29.173	29.163	
13862	1067.	29.135	29.173	29.163	
13863	1067.1	29.135	29.173	29.163	
13864	1067.2	29.135	29.174	29.163	
13865	1067.3	29.135	29.174	29.163	
13866	1067.4	29.136	29.174	29.163	
13867	1067.5	29.136	29.174	29.163	
13868	1067.6	29.136	29.174	29.163	
13869	1067.7	29.136	29.174	29.163	
13870	1067.8	29.136	29.174	29.164	
13871	1067.9	29.136	29.174	29.164	
13872	1068.	29.136	29.174	29.164	
13873	1068.	29.136	29.174	29.164	
13874	1068.	29.136	29.174	29.164	
13875	1068.	29.136	29.174	29.164	
13876	1068.1	29.136	29.174	29.164	
13877	1068.2	29.136	29.175	29.164	
13878	1068.3	29.136	29.175	29.164	
13879	1068.4	29.136	29.175	29.164	
13880	1068.5	29.137	29.175	29.164	
13881	1068.6	29.137	29.175	29.164	
13882	1068.7	29.137	29.175	29.164	
13883	1068.8	29.137	29.175	29.165	
13884	1068.9	29.137	29.175	29.165	
13885	1069.	29.137	29.175	29.165	
13886	1069.	29.137	29.175	29.165	
13887	1069.	29.137	29.175	29.165	
13888	1069.	29.137	29.175	29.165	
13889	1069.1	29.137	29.175	29.165	
13890	1069.2	29.137	29.175	29.165	
13891	1069.3	29.137	29.176	29.165	
13892	1069.4	29.137	29.176	29.165	
13893	1069.5	29.138	29.176	29.165	
13894	1069.6	29.138	29.176	29.165	
13895	1069.7	29.138	29.176	29.165	
13896	1069.8	29.138	29.176	29.165	
13897	1069.9	29.138	29.176	29.166	
13898	1070.	29.138	29.176	29.166	
13899	1070.	29.138	29.176	29.166	
13900	1070.	29.138	29.176	29.166	
13901	1070.	29.138	29.176	29.166	
13902	1070.1	29.138	29.176	29.166	
13903	1070.2	29.138	29.176	29.166	
13904	1070.3	29.138	29.176	29.166	
13905	1070.4	29.138	29.177	29.166	
13906	1070.5	29.138	29.177	29.166	
13907	1070.6	29.139	29.177	29.166	
13908	1070.7	29.139	29.177	29.166	
13909	1070.8	29.139	29.177	29.166	
13910	1070.9	29.139	29.177	29.166	
13911	1071.	29.139	29.177	29.167	
13912	1071.	29.139	29.177	29.167	
13913	1071.	29.139	29.177	29.167	
13914	1071.	29.139	29.177	29.167	
13915	1071.1	29.139	29.177	29.167	
13916	1071.2	29.139	29.177	29.167	
13917	1071.3	29.139	29.177	29.167	
13918	1071.4	29.139	29.178	29.167	
13919	1071.5	29.139	29.178	29.167	
13920	1071.6	29.139	29.178	29.167	
13921	1071.7	29.14	29.178	29.167	
13922	1071.8	29.14	29.178	29.167	
13923	1071.9	29.14	29.178	29.167	
13924	1072.	29.14	29.178	29.167	
13925	1072.	29.14	29.178	29.167	
13926	1072.	29.14	29.178	29.168	
13927	1072.	29.14	29.178	29.168	
13928	1072.1	29.14	29.178	29.168	
13929	1072.2	29.14	29.178	29.168	
13930	1072.3	29.14	29.178	29.168	
13931	1072.4	29.14	29.178	29.168	
13932	1072.5	29.14	29.179	29.168	
13933	1072.6	29.14	29.179	29.168	
13934	1072.7	29.14	29.179	29.168	
13935	1072.8	29.141	29.179	29.168	
13936	1072.9	29.141	29.179	29.168	
13937	1073.	29.141	29.179	29.168	
13938	1073.	29.141	29.179	29.168	
13939	1073.	29.141	29.179	29.168	
13940	1073.	29.141	29.179	29.168	
13941	1073.1	29.141	29.179	29.169	
13942	1073.2	29.141	29.179	29.169	
13943	1073.3	29.141	29.179	29.169	
13944	1073.4	29.141	29.179	29.169	
13945	1073.5	29.141	29.179	29.169	
13946	1073.6	29.141	29.18	29.169	
13947	1073.7	29.141	29.18	29.169	
13948	1073.8	29.142	29.18	29.169	
13949	1073.9	29.142	29.18	29.169	
13950	1074.	29.142	29.18	29.169	
13951	1074.	29.142	29.18	29.169	
13952	1074.	29.142	29.18	29.169	
13953	1074.	29.142	29.18	29.169	
13954	1074.1	29.142	29.18	29.169	
13955	1074.2	29.142	29.18	29.17	
13956	1074.3	29.142	29.18	29.17	
13957	1074.4	29.142	29.18	29.17	
13958	1074.5	29.142	29.18	29.17	
13959	1074.6	29.142	29.181	29.17	
13960	1074.7	29.142	29.181	29.17	
13961	1074.8	29.142	29.181	29.17	
13962	1074.9	29.143	29.181	29.17	
13963	1075.	29.143	29.181	29.17	
13964	1075.	29.143	29.181	29.17	
13965	1075.	29.143	29.181	29.17	
13966	1075.	29.143	29.181	29.17	
13967	1075.1	29.143	29.181	29.17	
13968	1075.2	29.143	29.181	29.171	
13969	1075.3	29.143	29.181	29.171	
13970	1075.4	29.143	29.181	29.171	
13971	1075.5	29.143	29.181	29.171	
13972	1075.6	29.143	29.181	29.171	
13973	1075.7	29.143	29.182	29.171	
13974	1075.8	29.143	29.182	29.171	
13975	1075.9	29.143	29.182	29.171	
13976	1076.	29.144	29.182	29.171	
13977	1076.	29.144	29.182	29.171	
13978	1076.	29.144	29.182	29.171	
13979	1076.	29.144	29.182	29.171	
13980	1076.1	29.144	29.182	29.171	
13981	1076.2	29.144	29.182	29.171	
13982	1076.3	29.144	29.182	29.172	
13983	1076.4	29.144	29.182	29.172	
13984	1076.5	29.144	29.182	29.172	
13985	1076.6	29.144	29.182	29.172	
13986	1076.7	29.144	29.182	29.172	
13987	1076.8	29.144	29.183	29.172	
13988	1076.9	29.144	29.183	29.172	
13989	1077.	29.144	29.183	29.172	
13990	1077.	29.144	29.183	29.172	
13991	1077.	29.144	29.183	29.172	
13992	1077.	29.144	29.183	29.172	
13993	1077.1	29.145	29.183	29.172	
13994	1077.2	29.145	29.183	29.172	
13995	1077.3	29.145	29.183	29.172	
13996	1077.4	29.145	29.183	29.173	
13997	1077.5	29.145	29.183	29.173	
13998	1077.6	29.145	29.183	29.173	
13999	1077.7	29.145	29.183	29.173	
14000	1077.8	29.145	29.184	29.173	
14001	1077.9	29.145	29.184	29.173	
14002	1078.	29.145	29.184	29.173	
14003	1078.	29.145	29.184	29.173	
14004	1078.	29.145	29.184	29.173	
14005	1078.	29.145	29.184	29.173	
14006	1078.1	29.146	29.184	29.173	
14007	1078.2	29.146	29.184	29.173	
14008	1078.3	29.146	29.184	29.173	
14009	1078.4	29.146	29.184	29.174	
14010	1078.5	29.146	29.184	29.174	
14011	1078.6	29.146	29.184	29.174	
14012	1078.7	29.146	29.184	29.174	
14013	1078.8	29.146	29.184	29.174	
14014	1078.9	29.146	29.185	29.174	
14015	1079.	29.146	29.185	29.174	
14016	1079.	29.146	29.185	29.174	
14017	1079.	29.146	29.185	29.174	
14018	1079.	29.146	29.185	29.174	
14019	1079.1	29.146	29.185	29.174	
14020	1079.2	29.147	29.185	29.174	
14021	1079.3	29.147	29.185	29.174	
14022	1079.4	29.147	29.185	29.174	
14023	1079.5	29.147	29.185	29.175	
14024	1079.6	29.147	29.185	29.175	
14025	1079.7	29.147	29.185	29.175	
14026	1079.8	29.147	29.185	29.175	
14027	1079.9	29.147	29.185	29.175	
14028	1080.	29.147	29.186	29.175	
14029	1080.	29.147	29.186	29.175	
14030	1080.	29.147	29.186	29.175	
14031	1080.	29.147	29.186	29.175	
14032	1080.1	29.147	29.186	29.175	
14033	1080.2	29.147	29.186	29.175	
14034	1080.3	29.148	29.186	29.175	
14035	1080.4	29.148	29.186	29.175	
14036	1080.5	29.148	29.186	29.175	
14037	1080.6	29.148	29.186	29.176	
14038	1080.7	29.148	29.186	29.176	
14039	1080.8	29.148	29.186	29.176	
14040	1080.9	29.148	29.186	29.176	
14041	1081.	29.148	29.186	29.176	
14042	1081.	29.148	29.186	29.176	
14043	1081.	29.148	29.186	29.176	
14044	1081.	29.148	29.187	29.176	
14045	1081.1	29.148	29.187	29.176	
14046	1081.2	29.148	29.187	29.176	
14047	1081.3	29.148	29.187	29.176	
14048	1081.4	29.149	29.187	29.176	
14049	1081.5	29.149	29.187	29.176	
14050	1081.6	29.149	29.187	29.176	
14051	1081.7	29.149	29.187	29.177	
14052	1081.8	29.149	29.187	29.177	
14053	1081.9	29.149	29.187	29.177	
14054	1082.	29.149	29.187	29.177	
14055	1082.	29.149	29.187	29.177	
14056	1082.	29.149	29.187	29.177	
14057	1082.	29.149	29.187	29.177	
14058	1082.1	29.149	29.188	29.177	
14059	1082.2	29.149	29.188	29.177	
14060	1082.3	29.149	29.188	29.177	
14061	1082.4	29.15	29.188	29.177	
14062	1082.5	29.15	29.188	29.177	
14063	1082.6	29.15	29.188	29.177	
14064	1082.7	29.15	29.188	29.178	
14065	1082.8	29.15	29.188	29.178	
14066	1082.9	29.15	29.188	29.178	
14067	1083.	29.15	29.188	29.178	
14068	1083.	29.15	29.188	29.178	
14069	1083.	29.15	29.188	29.178	
14070	1083.	29.15	29.188	29.178	
14071	1083.1	29.15	29.188	29.178	
14072	1083.2	29.15	29.189	29.178	
14073	1083.3	29.15	29.189	29.178	
14074	1083.4	29.15	29.189	29.178	
14075	1083.5	29.151	29.189	29.178	
14076	1083.6	29.151	29.189	29.178	
14077	1083.7	29.151	29.189	29.178	
14078	1083.8	29.151	29.189	29.179	
14079	1083.9	29.151	29.189	29.179	
14080	1084.	29.151	29.189	29.179	
14081	1084.	29.151	29.189	29.179	
14082	1084.	29.151	29.189	29.179	
14083	1084.	29.151	29.189	29.179	
14084	1084.1	29.151	29.189	29.179	
14085	1084.2	29.151	29.189	29.179	
14086	1084.3	29.151	29.19	29.179	
14087	1084.4	29.151	29.19	29.179	
14088	1084.5	29.151	29.19	29.179	
14089	1084.6	29.152	29.19	29.179	
14090	1084.7	29.152	29.19	29.179	
14091	1084.8	29.152	29.19	29.179	
14092	1084.9	29.152	29.19	29.18	
14093	1085.	29.152	29.19	29.18	
14094	1085.	29.152	29.19	29.18	
14095	1085.	29.152	29.19	29.18	
14096	1085.	29.152	29.19	29.18	
14097	1085.1	29.152	29.19	29.18	
14098	1085.2	29.152	29.19	29.18	
14099	1085.3	29.152	29.191	29.18	
14100	1085.4	29.152	29.191	29.18	
14101	1085.5	29.152	29.191	29.18	
14102	1085.6	29.152	29.191	29.18	
14103	1085.7	29.153	29.191	29.18	
14104	1085.8	29.153	29.191	29.18	
14105	1085.9	29.153	29.191	29.181	
14106	1086.	29.153	29.191	29.181	
14107	1086.	29.153	29.191	29.181	
14108	1086.	29.153	29.191	29.181	
14109	1086.	29.153	29.191	29.181	
14110	1086.1	29.153	29.191	29.181	
14111	1086.2	29.153	29.191	29.181	
14112	1086.3	29.153	29.191	29.181	
14113	1086.4	29.153	29.192	29.181	
14114	1086.5	29.153	29.192	29.181	
14115	1086.6	29.153	29.192	29.181	
14116	1086.7	29.154	29.192	29.181	
14117	1086.8	29.154	29.192	29.181	
14118	1086.9	29.154	29.192	29.181	
14119	1087.	29.154	29.192	29.181	
14120	1087.	29.154	29.192	29.182	
14121	1087.	29.154	29.192	29.182	
14122	1087.	29.154	29.192	29.182	
14123	1087.1	29.154	29.192	29.182	
14124	1087.2	29.154	29.192	29.182	
14125	1087.3	29.154	29.192	29.182	
14126	1087.4	29.154	29.192	29.182	
14127	1087.5	29.154	29.193	29.182	
14128	1087.6	29.154	29.193	29.182	
14129	1087.7	29.154	29.193	29.182	
14130	1087.8	29.155	29.193	29.182	
14131	1087.9	29.155	29.193	29.182	
14132	1088.	29.155	29.193	29.182	
14133	1088.	29.155	29.193	29.182	
14134	1088.	29.155	29.193	29.182	
14135	1088.	29.155	29.193	29.182	
14136	1088.1	29.155	29.193	29.183	
14137	1088.2	29.155	29.193	29.183	
14138	1088.3	29.155	29.193	29.183	
14139	1088.4	29.155	29.193	29.183	
14140	1088.5	29.155	29.194	29.183	
14141	1088.6	29.155	29.194	29.183	
14142	1088.7	29.155	29.194	29.183	
14143	1088.8	29.155	29.194	29.183	
14144	1088.9	29.156	29.194	29.183	
14145	1089.	29.156	29.194	29.183	
14146	1089.	29.156	29.194	29.183	
14147	1089.	29.156	29.194	29.183	
14148	1089.	29.156	29.194	29.183	
14149	1089.1	29.156	29.194	29.183	
14150	1089.2	29.156	29.194	29.184	
14151	1089.3	29.156	29.194	29.184	
14152	1089.4	29.156	29.194	29.184	
14153	1089.5	29.156	29.194	29.184	
14154	1089.6	29.156	29.195	29.184	
14155	1089.7	29.156	29.195	29.184	
14156	1089.8	29.156	29.195	29.184	
14157	1089.9	29.156	29.195	29.184	
14158	1090.	29.157	29.195	29.184	
14159	1090.	29.157	29.195	29.184	
14160	1090.	29.157	29.195	29.184	
14161	1090.	29.157	29.195	29.184	
14162	1090.1	29.157	29.195	29.184	
14163	1090.2	29.157	29.195	29.185	
14164	1090.3	29.157	29.195	29.185	
14165	1090.4	29.157	29.195	29.185	
14166	1090.5	29.157	29.195	29.185	
14167	1090.6	29.157	29.195	29.185	
14168	1090.7	29.157	29.196	29.185	
14169	1090.8	29.157	29.196	29.185	
14170	1090.9	29.157	29.196	29.185	
14171	1091.	29.157	29.196	29.185	
14172	1091.	29.157	29.196	29.185	
14173	1091.	29.157	29.196	29.185	
14174	1091.	29.158	29.196	29.185	
14175	1091.1	29.158	29.196	29.185	
14176	1091.2	29.158	29.196	29.185	
14177	1091.3	29.158	29.196	29.186	
14178	1091.4	29.158	29.196	29.186	
14179	1091.5	29.158	29.196	29.186	
14180	1091.6	29.158	29.196	29.186	
14181	1091.7	29.158	29.197	29.186	
14182	1091.8	29.158	29.197	29.186	
14183	1091.9	29.158	29.197	29.186	
14184	1092.	29.158	29.197	29.186	
14185	1092.	29.158	29.197	29.186	
14186	1092.	29.158	29.197	29.186	
14187	1092.	29.158	29.197	29.186	
14188	1092.1	29.159	29.197	29.186	
14189	1092.2	29.159	29.197	29.186	
14190	1092.3	29.159	29.197	29.186	
14191	1092.4	29.159	29.197	29.187	
14192	1092.5	29.159	29.197	29.187	
14193	1092.6	29.159	29.197	29.187	
14194	1092.7	29.159	29.197	29.187	
14195	1092.8	29.159	29.198	29.187	
14196	1092.9	29.159	29.198	29.187	
14197	1093.	29.159	29.198	29.187	
14198	1093.	29.159	29.198	29.187	
14199	1093.	29.159	29.198	29.187	
14200	1093.	29.159	29.198	29.187	
14201	1093.1	29.159	29.198	29.187	
14202	1093.2	29.16	29.198	29.187	
14203	1093.3	29.16	29.198	29.187	
14204	1093.4	29.16	29.198	29.188	
14205	1093.5	29.16	29.198	29.188	
14206	1093.6	29.16	29.198	29.188	
14207	1093.7	29.16	29.198	29.188	
14208	1093.8	29.16	29.198	29.188	
14209	1093.9	29.16	29.199	29.188	
14210	1094.	29.16	29.199	29.188	
14211	1094.	29.16	29.199	29.188	
14212	1094.	29.16	29.199	29.188	
14213	1094.	29.16	29.199	29.188	
14214	1094.1	29.16	29.199	29.188	
14215	1094.2	29.16	29.199	29.188	
14216	1094.3	29.161	29.199	29.188	
14217	1094.4	29.161	29.199	29.188	
14218	1094.5	29.161	29.199	29.189	
14219	1094.6	29.161	29.199	29.189	
14220	1094.7	29.161	29.199	29.189	
14221	1094.8	29.161	29.199	29.189	
14222	1094.9	29.161	29.199	29.189	
14223	1095.	29.161	29.2	29.189	
14224	1095.	29.161	29.2	29.189	
14225	1095.	29.161	29.2	29.189	
14226	1095.	29.161	29.2	29.189	
14227	1095.1	29.161	29.2	29.189	
14228	1095.2	29.161	29.2	29.189	
14229	1095.3	29.161	29.2	29.189	
14230	1095.4	29.162	29.2	29.189	
14231	1095.5	29.162	29.2	29.189	
14232	1095.6	29.162	29.2	29.19	
14233	1095.7	29.162	29.2	29.19	
14234	1095.8	29.162	29.2	29.19	
14235	1095.9	29.162	29.2	29.19	
14236	1096.	29.162	29.2	29.19	
14237	1096.	29.162	29.2	29.19	
14238	1096.	29.162	29.201	29.19	
14239	1096.	29.162	29.201	29.19	
14240	1096.1	29.162	29.201	29.19	
14241	1096.2	29.162	29.201	29.19	
14242	1096.3	29.162	29.201	29.19	
14243	1096.4	29.163	29.201	29.19	
14244	1096.5	29.163	29.201	29.19	
14245	1096.6	29.163	29.201	29.19	
14246	1096.7	29.163	29.201	29.191	
14247	1096.8	29.163	29.201	29.191	
14248	1096.9	29.163	29.201	29.191	
14249	1097.	29.163	29.201	29.191	
14250	1097.	29.163	29.201	29.191	
14251	1097.	29.163	29.201	29.191	
14252	1097.	29.163	29.201	29.191	
14253	1097.1	29.163	29.202	29.191	
14254	1097.2	29.163	29.202	29.191	
14255	1097.3	29.163	29.202	29.191	
14256	1097.4	29.163	29.202	29.191	
14257	1097.5	29.164	29.202	29.191	
14258	1097.6	29.164	29.202	29.191	
14259	1097.7	29.164	29.202	29.192	
14260	1097.8	29.164	29.202	29.192	
14261	1097.9	29.164	29.202	29.192	
14262	1098.	29.164	29.202	29.192	
14263	1098.	29.164	29.202	29.192	
14264	1098.	29.164	29.202	29.192	
14265	1098.	29.164	29.202	29.192	
14266	1098.1	29.164	29.202	29.192	
14267	1098.2	29.164	29.203	29.192	
14268	1098.3	29.164	29.203	29.192	
14269	1098.4	29.164	29.203	29.192	
14270	1098.5	29.164	29.203	29.192	
14271	1098.6	29.165	29.203	29.192	
14272	1098.7	29.165	29.203	29.192	
14273	1098.8	29.165	29.203	29.193	
14274	1098.9	29.165	29.203	29.193	
14275	1099.	29.165	29.203	29.193	
14276	1099.	29.165	29.203	29.193	
14277	1099.	29.165	29.203	29.193	
14278	1099.	29.165	29.203	29.193	
14279	1099.1	29.165	29.203	29.193	
14280	1099.2	29.165	29.204	29.193	
14281	1099.3	29.165	29.204	29.193	
14282	1099.4	29.165	29.204	29.193	
14283	1099.5	29.165	29.204	29.193	
14284	1099.6	29.165	29.204	29.193	
14285	1099.7	29.166	29.204	29.193	
14286	1099.8	29.166	29.204	29.193	
14287	1099.9	29.166	29.204	29.194	
14288	1100.	29.166	29.204	29.194	
14289	1100.	29.166	29.204	29.194	
14290	1100.	29.166	29.204	29.194	
14291	1100.	29.166	29.204	29.194	
14292	1100.1	29.166	29.204	29.194	
14293	1100.2	29.166	29.204	29.194	
14294	1100.3	29.166	29.205	29.194	
14295	1100.4	29.166	29.205	29.194	
14296	1100.5	29.166	29.205	29.194	
14297	1100.6	29.166	29.205	29.194	
14298	1100.7	29.167	29.205	29.194	
14299	1100.8	29.167	29.205	29.194	
14300	1100.9	29.167	29.205	29.195	
14301	1101.	29.167	29.205	29.195	
14302	1101.	29.167	29.205	29.195	
14303	1101.	29.167	29.205	29.195	
14304	1101.	29.167	29.205	29.195	
14305	1101.1	29.167	29.205	29.195	
14306	1101.2	29.167	29.205	29.195	
14307	1101.3	29.167	29.205	29.195	
14308	1101.4	29.167	29.206	29.195	
14309	1101.5	29.167	29.206	29.195	
14310	1101.6	29.167	29.206	29.195	
14311	1101.7	29.167	29.206	29.195	
14312	1101.8	29.168	29.206	29.195	
14313	1101.9	29.168	29.206	29.195	
14314	1102.	29.168	29.206	29.195	
14315	1102.	29.168	29.206	29.196	
14316	1102.	29.168	29.206	29.196	
14317	1102.	29.168	29.206	29.196	
14318	1102.1	29.168	29.206	29.196	
14319	1102.2	29.168	29.206	29.196	
14320	1102.3	29.168	29.206	29.196	
14321	1102.4	29.168	29.207	29.196	
14322	1102.5	29.168	29.207	29.196	
14323	1102.6	29.168	29.207	29.196	
14324	1102.7	29.168	29.207	29.196	
14325	1102.8	29.168	29.207	29.196	
14326	1102.9	29.169	29.207	29.196	
14327	1103.	29.169	29.207	29.196	
14328	1103.	29.169	29.207	29.196	
14329	1103.	29.169	29.207	29.196	
14330	1103.	29.169	29.207	29.196	
14331	1103.1	29.169	29.207	29.197	
14332	1103.2	29.169	29.207	29.197	
14333	1103.3	29.169	29.207	29.197	
14334	1103.4	29.169	29.207	29.197	
14335	1103.5	29.169	29.208	29.197	
14336	1103.6	29.169	29.208	29.197	
14337	1103.7	29.169	29.208	29.197	
14338	1103.8	29.169	29.208	29.197	
14339	1103.9	29.169	29.208	29.197	
14340	1104.	29.17	29.208	29.197	
14341	1104.	29.17	29.208	29.197	
14342	1104.	29.17	29.208	29.197	
14343	1104.	29.17	29.208	29.197	
14344	1104.1	29.17	29.208	29.197	
14345	1104.2	29.17	29.208	29.198	
14346	1104.3	29.17	29.208	29.198	
14347	1104.4	29.17	29.208	29.198	
14348	1104.5	29.17	29.208	29.198	
14349	1104.6	29.17	29.209	29.198	
14350	1104.7	29.17	29.209	29.198	
14351	1104.8	29.17	29.209	29.198	
14352	1104.9	29.17	29.209	29.198	
14353	1105.	29.17	29.209	29.198	
14354	1105.	29.17	29.209	29.198	
14355	1105.	29.17	29.209	29.198	
14356	1105.	29.17	29.209	29.198	
14357	1105.1	29.171	29.209	29.198	
14358	1105.2	29.171	29.209	29.199	
14359	1105.3	29.171	29.209	29.199	
14360	1105.4	29.171	29.209	29.199	
14361	1105.5	29.171	29.209	29.199	
14362	1105.6	29.171	29.209	29.199	
14363	1105.7	29.171	29.21	29.199	
14364	1105.8	29.171	29.21	29.199	
14365	1105.9	29.171	29.21	29.199	
14366	1106.	29.171	29.21	29.199	
14367	1106.	29.171	29.21	29.199	
14368	1106.	29.171	29.21	29.199	
14369	1106.	29.171	29.21	29.199	
14370	1106.1	29.172	29.21	29.199	
14371	1106.2	29.172	29.21	29.199	
14372	1106.3	29.172	29.21	29.2	
14373	1106.4	29.172	29.21	29.2	
14374	1106.5	29.172	29.21	29.2	
14375	1106.6	29.172	29.21	29.2	
14376	1106.7	29.172	29.211	29.2	
14377	1106.8	29.172	29.211	29.2	
14378	1106.9	29.172	29.211	29.2	
14379	1107.	29.172	29.211	29.2	
14380	1107.	29.172	29.211	29.2	
14381	1107.	29.172	29.211	29.2	
14382	1107.	29.172	29.211	29.2	
14383	1107.1	29.172	29.211	29.2	
14384	1107.2	29.173	29.211	29.2	
14385	1107.3	29.173	29.211	29.2	
14386	1107.4	29.173	29.211	29.201	
14387	1107.5	29.173	29.211	29.201	
14388	1107.6	29.173	29.211	29.201	
14389	1107.7	29.173	29.211	29.201	
14390	1107.8	29.173	29.212	29.201	
14391	1107.9	29.173	29.212	29.201	
14392	1108.	29.173	29.212	29.201	
14393	1108.	29.173	29.212	29.201	
14394	1108.	29.173	29.212	29.201	
14395	1108.	29.173	29.212	29.201	
14396	1108.1	29.173	29.212	29.201	
14397	1108.2	29.173	29.212	29.201	
14398	1108.3	29.174	29.212	29.201	
14399	1108.4	29.174	29.212	29.201	
14400	1108.5	29.174	29.212	29.202	
14401	1108.6	29.174	29.212	29.202	
14402	1108.7	29.174	29.212	29.202	
14403	1108.8	29.174	29.212	29.202	
14404	1108.9	29.174	29.213	29.202	
14405	1109.	29.174	29.213	29.202	
14406	1109.	29.174	29.213	29.202	
14407	1109.	29.174	29.213	29.202	
14408	1109.	29.174	29.213	29.202	
14409	1109.1	29.174	29.213	29.202	
14410	1109.2	29.174	29.213	29.202	
14411	1109.3	29.174	29.213	29.202	
14412	1109.4	29.175	29.213	29.202	
14413	1109.5	29.175	29.213	29.203	
14414	1109.6	29.175	29.213	29.203	
14415	1109.7	29.175	29.213	29.203	
14416	1109.8	29.175	29.213	29.203	
14417	1109.9	29.175	29.214	29.203	
14418	1110.	29.175	29.214	29.203	
14419	1110.	29.175	29.214	29.203	
14420	1110.	29.175	29.214	29.203	
14421	1110.	29.175	29.214	29.203	
14422	1110.1	29.175	29.214	29.203	
14423	1110.2	29.175	29.214	29.203	
14424	1110.3	29.175	29.214	29.203	
14425	1110.4	29.175	29.214	29.203	
14426	1110.5	29.176	29.214	29.203	
14427	1110.6	29.176	29.214	29.204	
14428	1110.7	29.176	29.214	29.204	
14429	1110.8	29.176	29.214	29.204	
14430	1110.9	29.176	29.214	29.204	
14431	1111.	29.176	29.214	29.204	
14432	1111.	29.176	29.215	29.204	
14433	1111.	29.176	29.215	29.204	
14434	1111.	29.176	29.215	29.204	
14435	1111.1	29.176	29.215	29.204	
14436	1111.2	29.176	29.215	29.204	
14437	1111.3	29.176	29.215	29.204	
14438	1111.4	29.176	29.215	29.204	
14439	1111.5	29.177	29.215	29.204	
14440	1111.6	29.177	29.215	29.204	
14441	1111.7	29.177	29.215	29.205	
14442	1111.8	29.177	29.215	29.205	
14443	1111.9	29.177	29.215	29.205	
14444	1112.	29.177	29.215	29.205	
14445	1112.	29.177	29.215	29.205	
14446	1112.	29.177	29.215	29.205	
14447	1112.	29.177	29.215	29.205	
14448	1112.1	29.177	29.216	29.205	
14449	1112.2	29.177	29.216	29.205	
14450	1112.3	29.177	29.216	29.205	
14451	1112.4	29.177	29.216	29.205	
14452	1112.5	29.177	29.216	29.205	
14453	1112.6	29.178	29.216	29.205	
14454	1112.7	29.178	29.216	29.206	
14455	1112.8	29.178	29.216	29.206	
14456	1112.9	29.178	29.216	29.206	
14457	1113.	29.178	29.216	29.206	
14458	1113.	29.178	29.216	29.206	
14459	1113.	29.178	29.216	29.206	
14460	1113.	29.178	29.216	29.206	
14461	1113.1	29.178	29.216	29.206	
14462	1113.2	29.178	29.217	29.206	
14463	1113.3	29.178	29.217	29.206	
14464	1113.4	29.178	29.217	29.206	
14465	1113.5	29.178	29.217	29.206	
14466	1113.6	29.178	29.217	29.206	
14467	1113.7	29.179	29.217	29.206	
14468	1113.8	29.179	29.217	29.207	
14469	1113.9	29.179	29.217	29.207	
14470	1114.	29.179	29.217	29.207	
14471	1114.	29.179	29.217	29.207	
14472	1114.	29.179	29.217	29.207	
14473	1114.	29.179	29.217	29.207	
14474	1114.1	29.179	29.217	29.207	
14475	1114.2	29.179	29.218	29.207	
14476	1114.3	29.179	29.218	29.207	
14477	1114.4	29.179	29.218	29.207	
14478	1114.5	29.179	29.218	29.207	
14479	1114.6	29.179	29.218	29.207	
14480	1114.7	29.179	29.218	29.207	
14481	1114.8	29.18	29.218	29.207	
14482	1114.9	29.18	29.218	29.208	
14483	1115.	29.18	29.218	29.208	
14484	1115.	29.18	29.218	29.208	
14485	1115.	29.18	29.218	29.208	
14486	1115.	29.18	29.218	29.208	
14487	1115.1	29.18	29.218	29.208	
14488	1115.2	29.18	29.218	29.208	
14489	1115.3	29.18	29.219	29.208	
14490	1115.4	29.18	29.219	29.208	
14491	1115.5	29.18	29.219	29.208	
14492	1115.6	29.18	29.219	29.208	
14493	1115.7	29.18	29.219	29.208	
14494	1115.8	29.181	29.219	29.208	
14495	1115.9	29.181	29.219	29.208	
14496	1116.	29.181	29.219	29.209	
14497	1116.	29.181	29.219	29.209	
14498	1116.	29.181	29.219	29.209	
14499	1116.	29.181	29.219	29.209	
14500	1116.1	29.181	29.219	29.209	
14501	1116.2	29.181	29.219	29.209	
14502	1116.3	29.181	29.219	29.209	
14503	1116.4	29.181	29.22	29.209	
14504	1116.5	29.181	29.22	29.209	
14505	1116.6	29.181	29.22	29.209	
14506	1116.7	29.181	29.22	29.209	
14507	1116.8	29.181	29.22	29.209	
14508	1116.9	29.182	29.22	29.209	
14509	1117.	29.182	29.22	29.209	
14510	1117.	29.182	29.22	29.209	
14511	1117.	29.182	29.22	29.209	
14512	1117.	29.182	29.22	29.21	
14513	1117.1	29.182	29.22	29.21	
14514	1117.2	29.182	29.22	29.21	
14515	1117.3	29.182	29.22	29.21	
14516	1117.4	29.182	29.221	29.21	
14517	1117.5	29.182	29.221	29.21	
14518	1117.6	29.182	29.221	29.21	
14519	1117.7	29.182	29.221	29.21	
14520	1117.8	29.182	29.221	29.21	
14521	1117.9	29.182	29.221	29.21	
14522	1118.	29.183	29.221	29.21	
14523	1118.	29.183	29.221	29.21	
14524	1118.	29.183	29.221	29.21	
14525	1118.	29.183	29.221	29.21	
14526	1118.1	29.183	29.221	29.211	
14527	1118.2	29.183	29.221	29.211	
14528	1118.3	29.183	29.221	29.211	
14529	1118.4	29.183	29.221	29.211	
14530	1118.5	29.183	29.222	29.211	
14531	1118.6	29.183	29.222	29.211	
14532	1118.7	29.183	29.222	29.211	
14533	1118.8	29.183	29.222	29.211	
14534	1118.9	29.183	29.222	29.211	
14535	1119.	29.183	29.222	29.211	
14536	1119.	29.183	29.222	29.211	
14537	1119.	29.183	29.222	29.211	
14538	1119.	29.183	29.222	29.211	
14539	1119.1	29.184	29.222	29.211	
14540	1119.2	29.184	29.222	29.212	
14541	1119.3	29.184	29.222	29.212	
14542	1119.4	29.184	29.222	29.212	
14543	1119.5	29.184	29.222	29.212	
14544	1119.6	29.184	29.223	29.212	
14545	1119.7	29.184	29.223	29.212	
14546	1119.8	29.184	29.223	29.212	
14547	1119.9	29.184	29.223	29.212	
14548	1120.	29.184	29.223	29.212	
14549	1120.	29.184	29.223	29.212	
14550	1120.	29.184	29.223	29.212	
14551	1120.	29.184	29.223	29.212	
14552	1120.1	29.184	29.223	29.212	
14553	1120.2	29.185	29.223	29.212	
14554	1120.3	29.185	29.223	29.213	
14555	1120.4	29.185	29.223	29.213	
14556	1120.5	29.185	29.223	29.213	
14557	1120.6	29.185	29.223	29.213	
14558	1120.7	29.185	29.224	29.213	
14559	1120.8	29.185	29.224	29.213	
14560	1120.9	29.185	29.224	29.213	
14561	1121.	29.185	29.224	29.213	
14562	1121.	29.185	29.224	29.213	
14563	1121.	29.185	29.224	29.213	
14564	1121.	29.185	29.224	29.213	
14565	1121.1	29.185	29.224	29.213	
14566	1121.2	29.186	29.224	29.213	
14567	1121.3	29.186	29.224	29.214	
14568	1121.4	29.186	29.224	29.214	
14569	1121.5	29.186	29.224	29.214	
14570	1121.6	29.186	29.224	29.214	
14571	1121.7	29.186	29.225	29.214	
14572	1121.8	29.186	29.225	29.214	
14573	1121.9	29.186	29.225	29.214	
14574	1122.	29.186	29.225	29.214	
14575	1122.	29.186	29.225	29.214	
14576	1122.	29.186	29.225	29.214	
14577	1122.	29.186	29.225	29.214	
14578	1122.1	29.186	29.225	29.214	
14579	1122.2	29.186	29.225	29.214	
14580	1122.3	29.187	29.225	29.214	
14581	1122.4	29.187	29.225	29.215	
14582	1122.5	29.187	29.225	29.215	
14583	1122.6	29.187	29.225	29.215	
14584	1122.7	29.187	29.225	29.215	
14585	1122.8	29.187	29.226	29.215	
14586	1122.9	29.187	29.226	29.215	
14587	1123.	29.187	29.226	29.215	
14588	1123.	29.187	29.226	29.215	
14589	1123.	29.187	29.226	29.215	
14590	1123.	29.187	29.226	29.215	
14591	1123.1	29.187	29.226	29.215	
14592	1123.2	29.187	29.226	29.215	
14593	1123.3	29.187	29.226	29.215	
14594	1123.4	29.188	29.226	29.215	
14595	1123.5	29.188	29.226	29.216	
14596	1123.6	29.188	29.226	29.216	
14597	1123.7	29.188	29.226	29.216	
14598	1123.8	29.188	29.226	29.216	
14599	1123.9	29.188	29.227	29.216	
14600	1124.	29.188	29.227	29.216	
14601	1124.	29.188	29.227	29.216	
14602	1124.	29.188	29.227	29.216	
14603	1124.	29.188	29.227	29.216	
14604	1124.1	29.188	29.227	29.216	
14605	1124.2	29.188	29.227	29.216	
14606	1124.3	29.188	29.227	29.216	
14607	1124.4	29.188	29.227	29.216	
14608	1124.5	29.189	29.227	29.216	
14609	1124.6	29.189	29.227	29.217	
14610	1124.7	29.189	29.227	29.217	
14611	1124.8	29.189	29.227	29.217	
14612	1124.9	29.189	29.228	29.217	
14613	1125.	29.189	29.228	29.217	
14614	1125.	29.189	29.228	29.217	
14615	1125.	29.189	29.228	29.217	
14616	1125.	29.189	29.228	29.217	
14617	1125.1	29.189	29.228	29.217	
14618	1125.2	29.189	29.228	29.217	
14619	1125.3	29.189	29.228	29.217	
14620	1125.4	29.189	29.228	29.217	
14621	1125.5	29.189	29.228	29.217	
14622	1125.6	29.19	29.228	29.218	
14623	1125.7	29.19	29.228	29.218	
14624	1125.8	29.19	29.228	29.218	
14625	1125.9	29.19	29.228	29.218	
14626	1126.	29.19	29.228	29.218	
14627	1126.	29.19	29.228	29.218	
14628	1126.	29.19	29.229	29.218	
14629	1126.	29.19	29.229	29.218	
14630	1126.1	29.19	29.229	29.218	
14631	1126.2	29.19	29.229	29.218	
14632	1126.3	29.19	29.229	29.218	
14633	1126.4	29.19	29.229	29.218	
14634	1126.5	29.19	29.229	29.218	
14635	1126.6	29.191	29.229	29.218	
14636	1126.7	29.191	29.229	29.219	
14637	1126.8	29.191	29.229	29.219	
14638	1126.9	29.191	29.229	29.219	
14639	1127.	29.191	29.229	29.219	
14640	1127.	29.191	29.229	29.219	
14641	1127.	29.191	29.229	29.219	
14642	1127.	29.191	29.229	29.219	
14643	1127.1	29.191	29.23	29.219	
14644	1127.2	29.191	29.23	29.219	
14645	1127.3	29.191	29.23	29.219	
14646	1127.4	29.191	29.23	29.219	
14647	1127.5	29.191	29.23	29.219	
14648	1127.6	29.191	29.23	29.219	
14649	1127.7	29.192	29.23	29.219	
14650	1127.8	29.192	29.23	29.22	
14651	1127.9	29.192	29.23	29.22	
14652	1128.	29.192	29.23	29.22	
14653	1128.	29.192	29.23	29.22	
14654	1128.	29.192	29.23	29.22	
14655	1128.	29.192	29.23	29.22	
14656	1128.1	29.192	29.23	29.22	
14657	1128.2	29.192	29.231	29.22	
14658	1128.3	29.192	29.231	29.22	
14659	1128.4	29.192	29.231	29.22	
14660	1128.5	29.192	29.231	29.22	
14661	1128.6	29.192	29.231	29.22	
14662	1128.7	29.192	29.231	29.22	
14663	1128.8	29.193	29.231	29.22	
14664	1128.9	29.193	29.231	29.221	
14665	1129.	29.193	29.231	29.221	
14666	1129.	29.193	29.231	29.221	
14667	1129.	29.193	29.231	29.221	
14668	1129.	29.193	29.231	29.221	
14669	1129.1	29.193	29.231	29.221	
14670	1129.2	29.193	29.232	29.221	
14671	1129.3	29.193	29.232	29.221	
14672	1129.4	29.193	29.232	29.221	
14673	1129.5	29.193	29.232	29.221	
14674	1129.6	29.193	29.232	29.221	
14675	1129.7	29.193	29.232	29.221	
14676	1129.8	29.193	29.232	29.221	
14677	1129.9	29.194	29.232	29.222	
14678	1130.	29.194	29.232	29.222	
14679	1130.	29.194	29.232	29.222	
14680	1130.	29.194	29.232	29.222	
14681	1130.	29.194	29.232	29.222	
14682	1130.1	29.194	29.232	29.222	
14683	1130.2	29.194	29.232	29.222	
14684	1130.3	29.194	29.233	29.222	
14685	1130.4	29.194	29.233	29.222	
14686	1130.5	29.194	29.233	29.222	
14687	1130.6	29.194	29.233	29.222	
14688	1130.7	29.194	29.233	29.222	
14689	1130.8	29.194	29.233	29.222	
14690	1130.9	29.194	29.233	29.222	
14691	1131.	29.195	29.233	29.223	
14692	1131.	29.195	29.233	29.223	
14693	1131.	29.195	29.233	29.223	
14694	1131.	29.195	29.233	29.223	
14695	1131.1	29.195	29.233	29.223	
14696	1131.2	29.195	29.233	29.223	
14697	1131.3	29.195	29.233	29.223	
14698	1131.4	29.195	29.234	29.223	
14699	1131.5	29.195	29.234	29.223	
14700	1131.6	29.195	29.234	29.223	
14701	1131.7	29.195	29.234	29.223	
14702	1131.8	29.195	29.234	29.223	
14703	1131.9	29.195	29.234	29.223	
14704	1132.	29.195	29.234	29.223	
14705	1132.	29.195	29.234	29.223	
14706	1132.	29.195	29.234	29.223	
14707	1132.	29.196	29.234	29.223	
14708	1132.1	29.196	29.234	29.224	
14709	1132.2	29.196	29.234	29.224	
14710	1132.3	29.196	29.234	29.224	
14711	1132.4	29.196	29.234	29.224	
14712	1132.5	29.196	29.235	29.224	
14713	1132.6	29.196	29.235	29.224	
14714	1132.7	29.196	29.235	29.224	
14715	1132.8	29.196	29.235	29.224	
14716	1132.9	29.196	29.235	29.224	
14717	1133.	29.196	29.235	29.224	
14718	1133.	29.196	29.235	29.224	
14719	1133.	29.196	29.235	29.224	
14720	1133.	29.196	29.235	29.224	
14721	1133.1	29.197	29.235	29.224	
14722	1133.2	29.197	29.235	29.225	
14723	1133.3	29.197	29.235	29.225	
14724	1133.4	29.197	29.235	29.225	
14725	1133.5	29.197	29.236	29.225	
14726	1133.6	29.197	29.236	29.225	
14727	1133.7	29.197	29.236	29.225	
14728	1133.8	29.197	29.236	29.225	
14729	1133.9	29.197	29.236	29.225	
14730	1134.	29.197	29.236	29.225	
14731	1134.	29.197	29.236	29.225	
14732	1134.	29.197	29.236	29.225	
14733	1134.	29.197	29.236	29.225	
14734	1134.1	29.197	29.236	29.225	
14735	1134.2	29.198	29.236	29.226	
14736	1134.3	29.198	29.236	29.226	
14737	1134.4	29.198	29.236	29.226	
14738	1134.5	29.198	29.236	29.226	
14739	1134.6	29.198	29.237	29.226	
14740	1134.7	29.198	29.237	29.226	
14741	1134.8	29.198	29.237	29.226	
14742	1134.9	29.198	29.237	29.226	
14743	1135.	29.198	29.237	29.226	
14744	1135.	29.198	29.237	29.226	
14745	1135.	29.198	29.237	29.226	
14746	1135.	29.198	29.237	29.226	
14747	1135.1	29.198	29.237	29.226	
14748	1135.2	29.198	29.237	29.226	
14749	1135.3	29.199	29.237	29.227	
14750	1135.4	29.199	29.237	29.227	
14751	1135.5	29.199	29.237	29.227	
14752	1135.6	29.199	29.237	29.227	
14753	1135.7	29.199	29.238	29.227	
14754	1135.8	29.199	29.238	29.227	
14755	1135.9	29.199	29.238	29.227	
14756	1136.	29.199	29.238	29.227	
14757	1136.	29.199	29.238	29.227	
14758	1136.	29.199	29.238	29.227	
14759	1136.	29.199	29.238	29.227	
14760	1136.1	29.199	29.238	29.227	
14761	1136.2	29.199	29.238	29.227	
14762	1136.3	29.199	29.238	29.227	
14763	1136.4	29.2	29.238	29.228	
14764	1136.5	29.2	29.238	29.228	
14765	1136.6	29.2	29.238	29.228	
14766	1136.7	29.2	29.238	29.228	
14767	1136.8	29.2	29.239	29.228	
14768	1136.9	29.2	29.239	29.228	
14769	1137.	29.2	29.239	29.228	
14770	1137.	29.2	29.239	29.228	
14771	1137.	29.2	29.239	29.228	
14772	1137.	29.2	29.239	29.228	
14773	1137.1	29.2	29.239	29.228	
14774	1137.2	29.2	29.239	29.228	
14775	1137.3	29.2	29.239	29.228	
14776	1137.4	29.2	29.239	29.228	
14777	1137.5	29.201	29.239	29.229	
14778	1137.6	29.201	29.239	29.229	
14779	1137.7	29.201	29.239	29.229	
14780	1137.8	29.201	29.24	29.229	
14781	1137.9	29.201	29.24	29.229	
14782	1138.	29.201	29.24	29.229	
14783	1138.	29.201	29.24	29.229	
14784	1138.	29.201	29.24	29.229	
14785	1138.	29.201	29.24	29.229	
14786	1138.1	29.201	29.24	29.229	
14787	1138.2	29.201	29.24	29.229	
14788	1138.3	29.201	29.24	29.229	
14789	1138.4	29.201	29.24	29.229	
14790	1138.5	29.202	29.24	29.23	
14791	1138.6	29.202	29.24	29.23	
14792	1138.7	29.202	29.24	29.23	
14793	1138.8	29.202	29.24	29.23	
14794	1138.9	29.202	29.241	29.23	
14795	1139.	29.202	29.241	29.23	
14796	1139.	29.202	29.241	29.23	
14797	1139.	29.202	29.241	29.23	
14798	1139.	29.202	29.241	29.23	
14799	1139.1	29.202	29.241	29.23	
14800	1139.2	29.202	29.241	29.23	
14801	1139.3	29.202	29.241	29.23	
14802	1139.4	29.202	29.241	29.23	
14803	1139.5	29.202	29.241	29.23	
14804	1139.6	29.203	29.241	29.231	
14805	1139.7	29.203	29.241	29.231	
14806	1139.8	29.203	29.241	29.231	
14807	1139.9	29.203	29.241	29.231	
14808	1140.	29.203	29.242	29.231	
14809	1140.	29.203	29.242	29.231	
14810	1140.	29.203	29.242	29.231	
14811	1140.	29.203	29.242	29.231	
14812	1140.1	29.203	29.242	29.231	
14813	1140.2	29.203	29.242	29.231	
14814	1140.3	29.203	29.242	29.231	
14815	1140.4	29.203	29.242	29.231	
14816	1140.5	29.203	29.242	29.231	
14817	1140.6	29.203	29.242	29.231	
14818	1140.7	29.204	29.242	29.232	
14819	1140.8	29.204	29.242	29.232	
14820	1140.9	29.204	29.242	29.232	
14821	1141.	29.204	29.242	29.232	
14822	1141.	29.204	29.242	29.232	
14823	1141.	29.204	29.242	29.232	
14824	1141.	29.204	29.243	29.232	
14825	1141.1	29.204	29.243	29.232	
14826	1141.2	29.204	29.243	29.232	
14827	1141.3	29.204	29.243	29.232	
14828	1141.4	29.204	29.243	29.232	
14829	1141.5	29.204	29.243	29.232	
14830	1141.6	29.204	29.243	29.232	
14831	1141.7	29.204	29.243	29.232	
14832	1141.8	29.205	29.243	29.233	
14833	1141.9	29.205	29.243	29.233	
14834	1142.	29.205	29.243	29.233	
14835	1142.	29.205	29.243	29.233	
14836	1142.	29.205	29.243	29.233	
14837	1142.	29.205	29.243	29.233	
14838	1142.1	29.205	29.244	29.233	
14839	1142.2	29.205	29.244	29.233	
14840	1142.3	29.205	29.244	29.233	
14841	1142.4	29.205	29.244	29.233	
14842	1142.5	29.205	29.244	29.233	
14843	1142.6	29.205	29.244	29.233	
14844	1142.7	29.205	29.244	29.233	
14845	1142.8	29.205	29.244	29.234	
14846	1142.9	29.206	29.244	29.234	
14847	1143.	29.206	29.244	29.234	
14848	1143.	29.206	29.244	29.234	
14849	1143.	29.206	29.244	29.234	
14850	1143.	29.206	29.244	29.234	
14851	1143.1	29.206	29.244	29.234	
14852	1143.2	29.206	29.245	29.234	
14853	1143.3	29.206	29.245	29.234	
14854	1143.4	29.206	29.245	29.234	
14855	1143.5	29.206	29.245	29.234	
14856	1143.6	29.206	29.245	29.234	
14857	1143.7	29.206	29.245	29.234	
14858	1143.8	29.206	29.245	29.234	
14859	1143.9	29.207	29.245	29.235	
14860	1144.	29.207	29.245	29.235	
14861	1144.	29.207	29.245	29.235	
14862	1144.	29.207	29.245	29.235	
14863	1144.	29.207	29.245	29.235	
14864	1144.1	29.207	29.245	29.235	
14865	1144.2	29.207	29.245	29.235	
14866	1144.3	29.207	29.246	29.235	
14867	1144.4	29.207	29.246	29.235	
14868	1144.5	29.207	29.246	29.235	
14869	1144.6	29.207	29.246	29.235	
14870	1144.7	29.207	29.246	29.235	
14871	1144.8	29.207	29.246	29.235	
14872	1144.9	29.207	29.246	29.235	
14873	1145.	29.207	29.246	29.236	
14874	1145.	29.207	29.246	29.236	
14875	1145.	29.208	29.246	29.236	
14876	1145.	29.208	29.246	29.236	
14877	1145.1	29.208	29.246	29.236	
14878	1145.2	29.208	29.246	29.236	
14879	1145.3	29.208	29.247	29.236	
14880	1145.4	29.208	29.247	29.236	
14881	1145.5	29.208	29.247	29.236	
14882	1145.6	29.208	29.247	29.236	
14883	1145.7	29.208	29.247	29.236	
14884	1145.8	29.208	29.247	29.236	
14885	1145.9	29.208	29.247	29.236	
14886	1146.	29.208	29.247	29.236	
14887	1146.	29.208	29.247	29.236	
14888	1146.	29.208	29.247	29.236	
14889	1146.	29.208	29.247	29.236	
14890	1146.1	29.209	29.247	29.237	
14891	1146.2	29.209	29.247	29.237	
14892	1146.3	29.209	29.247	29.237	
14893	1146.4	29.209	29.248	29.237	
14894	1146.5	29.209	29.248	29.237	
14895	1146.6	29.209	29.248	29.237	
14896	1146.7	29.209	29.248	29.237	
14897	1146.8	29.209	29.248	29.237	
14898	1146.9	29.209	29.248	29.237	
14899	1147.	29.209	29.248	29.237	
14900	1147.	29.209	29.248	29.237	
14901	1147.	29.209	29.248	29.237	
14902	1147.	29.209	29.248	29.237	
14903	1147.1	29.209	29.248	29.238	
14904	1147.2	29.21	29.248	29.238	
14905	1147.3	29.21	29.248	29.238	
14906	1147.4	29.21	29.248	29.238	
14907	1147.5	29.21	29.249	29.238	
14908	1147.6	29.21	29.249	29.238	
14909	1147.7	29.21	29.249	29.238	
14910	1147.8	29.21	29.249	29.238	
14911	1147.9	29.21	29.249	29.238	
14912	1148.	29.21	29.249	29.238	
14913	1148.	29.21	29.249	29.238	
14914	1148.	29.21	29.249	29.238	
14915	1148.	29.21	29.249	29.238	
14916	1148.1	29.21	29.249	29.238	
14917	1148.2	29.21	29.249	29.239	
14918	1148.3	29.211	29.249	29.239	
14919	1148.4	29.211	29.249	29.239	
14920	1148.5	29.211	29.249	29.239	
14921	1148.6	29.211	29.25	29.239	
14922	1148.7	29.211	29.25	29.239	
14923	1148.8	29.211	29.25	29.239	
14924	1148.9	29.211	29.25	29.239	
14925	1149.	29.211	29.25	29.239	
14926	1149.	29.211	29.25	29.239	
14927	1149.	29.211	29.25	29.239	
14928	1149.	29.211	29.25	29.239	
14929	1149.1	29.211	29.25	29.239	
14930	1149.2	29.211	29.25	29.239	
14931	1149.3	29.212	29.25	29.24	
14932	1149.4	29.212	29.25	29.24	
14933	1149.5	29.212	29.25	29.24	
14934	1149.6	29.212	29.251	29.24	
14935	1149.7	29.212	29.251	29.24	
14936	1149.8	29.212	29.251	29.24	
14937	1149.9	29.212	29.251	29.24	
14938	1150.	29.212	29.251	29.24	
14939	1150.	29.212	29.251	29.24	
14940	1150.	29.212	29.251	29.24	
14941	1150.	29.212	29.251	29.24	
14942	1150.1	29.212	29.251	29.24	
14943	1150.2	29.212	29.251	29.24	
14944	1150.3	29.212	29.251	29.24	
14945	1150.4	29.213	29.251	29.241	
14946	1150.5	29.213	29.251	29.241	
14947	1150.6	29.213	29.251	29.241	
14948	1150.7	29.213	29.252	29.241	
14949	1150.8	29.213	29.252	29.241	
14950	1150.9	29.213	29.252	29.241	
14951	1151.	29.213	29.252	29.241	
14952	1151.	29.213	29.252	29.241	
14953	1151.	29.213	29.252	29.241	
14954	1151.	29.213	29.252	29.241	
14955	1151.1	29.213	29.252	29.241	
14956	1151.2	29.213	29.252	29.241	
14957	1151.3	29.213	29.252	29.241	
14958	1151.4	29.213	29.252	29.242	
14959	1151.5	29.214	29.252	29.242	
14960	1151.6	29.214	29.252	29.242	
14961	1151.7	29.214	29.252	29.242	
14962	1151.8	29.214	29.253	29.242	
14963	1151.9	29.214	29.253	29.242	
14964	1152.	29.214	29.253	29.242	
14965	1152.	29.214	29.253	29.242	
14966	1152.	29.214	29.253	29.242	
14967	1152.	29.214	29.253	29.242	
14968	1152.1	29.214	29.253	29.242	
14969	1152.2	29.214	29.253	29.242	
14970	1152.3	29.214	29.253	29.242	
14971	1152.4	29.214	29.253	29.242	
14972	1152.5	29.214	29.253	29.243	
14973	1152.6	29.215	29.253	29.243	
14974	1152.7	29.215	29.253	29.243	
14975	1152.8	29.215	29.253	29.243	
14976	1152.9	29.215	29.254	29.243	
14977	1153.	29.215	29.254	29.243	
14978	1153.	29.215	29.254	29.243	
14979	1153.	29.215	29.254	29.243	
14980	1153.	29.215	29.254	29.243	
14981	1153.1	29.215	29.254	29.243	
14982	1153.2	29.215	29.254	29.243	
14983	1153.3	29.215	29.254	29.243	
14984	1153.4	29.215	29.254	29.243	
14985	1153.5	29.215	29.254	29.243	
14986	1153.6	29.215	29.254	29.244	
14987	1153.7	29.216	29.254	29.244	
14988	1153.8	29.216	29.254	29.244	
14989	1153.9	29.216	29.255	29.244	
14990	1154.	29.216	29.255	29.244	
14991	1154.	29.216	29.255	29.244	
14992	1154.	29.216	29.255	29.244	
14993	1154.	29.216	29.255	29.244	
14994	1154.1	29.216	29.255	29.244	
14995	1154.2	29.216	29.255	29.244	
14996	1154.3	29.216	29.255	29.244	
14997	1154.4	29.216	29.255	29.244	
14998	1154.5	29.216	29.255	29.244	
14999	1154.6	29.216	29.255	29.244	
15000	1154.7	29.216	29.255	29.245	
15001	1154.8	29.217	29.255	29.245	
15002	1154.9	29.217	29.255	29.245	
15003	1155.	29.217	29.255	29.245	
15004	1155.	29.217	29.256	29.245	
15005	1155.	29.217	29.256	29.245	
15006	1155.	29.217	29.256	29.245	
15007	1155.1	29.217	29.256	29.245	
15008	1155.2	29.217	29.256	29.245	
15009	1155.3	29.217	29.256	29.245	
15010	1155.4	29.217	29.256	29.245	
15011	1155.5	29.217	29.256	29.245	
15012	1155.6	29.217	29.256	29.245	
15013	1155.7	29.217	29.256	29.245	
15014	1155.8	29.218	29.256	29.246	
15015	1155.9	29.218	29.256	29.246	
15016	1156.	29.218	29.256	29.246	
15017	1156.	29.218	29.256	29.246	
15018	1156.	29.218	29.256	29.246	
15019	1156.	29.218	29.256	29.246	
15020	1156.1	29.218	29.257	29.246	
15021	1156.2	29.218	29.257	29.246	
15022	1156.3	29.218	29.257	29.246	
15023	1156.4	29.218	29.257	29.246	
15024	1156.5	29.218	29.257	29.246	
15025	1156.6	29.218	29.257	29.246	
15026	1156.7	29.218	29.257	29.246	
15027	1156.8	29.218	29.257	29.247	
15028	1156.9	29.219	29.257	29.247	
15029	1157.	29.219	29.257	29.247	
15030	1157.	29.219	29.257	29.247	
15031	1157.	29.219	29.257	29.247	
15032	1157.	29.219	29.257	29.247	
15033	1157.1	29.219	29.257	29.247	
15034	1157.2	29.219	29.258	29.247	
15035	1157.3	29.219	29.258	29.247	
15036	1157.4	29.219	29.258	29.247	
15037	1157.5	29.219	29.258	29.247	
15038	1157.6	29.219	29.258	29.247	
15039	1157.7	29.219	29.258	29.247	
15040	1157.8	29.219	29.258	29.247	
15041	1157.9	29.219	29.258	29.248	
15042	1158.	29.219	29.258	29.248	
15043	1158.	29.22	29.258	29.248	
15044	1158.	29.22	29.258	29.248	
15045	1158.	29.22	29.258	29.248	
15046	1158.1	29.22	29.258	29.248	
15047	1158.2	29.22	29.259	29.248	
15048	1158.3	29.22	29.259	29.248	
15049	1158.4	29.22	29.259	29.248	
15050	1158.5	29.22	29.259	29.248	
15051	1158.6	29.22	29.259	29.248	
15052	1158.7	29.22	29.259	29.248	
15053	1158.8	29.22	29.259	29.248	
15054	1158.9	29.22	29.259	29.248	
15055	1159.	29.22	29.259	29.249	
15056	1159.	29.22	29.259	29.249	
15057	1159.	29.22	29.259	29.249	
15058	1159.	29.22	29.259	29.249	
15059	1159.1	29.221	29.259	29.249	
15060	1159.2	29.221	29.259	29.249	
15061	1159.3	29.221	29.26	29.249	
15062	1159.4	29.221	29.26	29.249	
15063	1159.5	29.221	29.26	29.249	
15064	1159.6	29.221	29.26	29.249	
15065	1159.7	29.221	29.26	29.249	
15066	1159.8	29.221	29.26	29.249	
15067	1159.9	29.221	29.26	29.249	
15068	1160.	29.221	29.26	29.249	
15069	1160.	29.221	29.26	29.249	
15070	1160.	29.221	29.26	29.249	
15071	1160.	29.221	29.26	29.249	
15072	1160.1	29.221	29.26	29.25	
15073	1160.2	29.222	29.26	29.25	
15074	1160.3	29.222	29.26	29.25	
15075	1160.4	29.222	29.261	29.25	
15076	1160.5	29.222	29.261	29.25	
15077	1160.6	29.222	29.261	29.25	
15078	1160.7	29.222	29.261	29.25	
15079	1160.8	29.222	29.261	29.25	
15080	1160.9	29.222	29.261	29.25	
15081	1161.	29.222	29.261	29.25	
15082	1161.	29.222	29.261	29.25	
15083	1161.	29.222	29.261	29.25	
15084	1161.	29.222	29.261	29.25	
15085	1161.1	29.222	29.261	29.251	
15086	1161.2	29.222	29.261	29.251	
15087	1161.3	29.223	29.261	29.251	
15088	1161.4	29.223	29.261	29.251	
15089	1161.5	29.223	29.262	29.251	
15090	1161.6	29.223	29.262	29.251	
15091	1161.7	29.223	29.262	29.251	
15092	1161.8	29.223	29.262	29.251	
15093	1161.9	29.223	29.262	29.251	
15094	1162.	29.223	29.262	29.251	
15095	1162.	29.223	29.262	29.251	
15096	1162.	29.223	29.262	29.251	
15097	1162.	29.223	29.262	29.251	
15098	1162.1	29.223	29.262	29.251	
15099	1162.2	29.223	29.262	29.252	
15100	1162.3	29.224	29.262	29.252	
15101	1162.4	29.224	29.262	29.252	
15102	1162.5	29.224	29.263	29.252	
15103	1162.6	29.224	29.263	29.252	
15104	1162.7	29.224	29.263	29.252	
15105	1162.8	29.224	29.263	29.252	
15106	1162.9	29.224	29.263	29.252	
15107	1163.	29.224	29.263	29.252	
15108	1163.	29.224	29.263	29.252	
15109	1163.	29.224	29.263	29.252	
15110	1163.	29.224	29.263	29.252	
15111	1163.1	29.224	29.263	29.252	
15112	1163.2	29.224	29.263	29.252	
15113	1163.3	29.224	29.263	29.253	
15114	1163.4	29.225	29.263	29.253	
15115	1163.5	29.225	29.263	29.253	
15116	1163.6	29.225	29.264	29.253	
15117	1163.7	29.225	29.264	29.253	
15118	1163.8	29.225	29.264	29.253	
15119	1163.9	29.225	29.264	29.253	
15120	1164.	29.225	29.264	29.253	
15121	1164.	29.225	29.264	29.253	
15122	1164.	29.225	29.264	29.253	
15123	1164.	29.225	29.264	29.253	
15124	1164.1	29.225	29.264	29.253	
15125	1164.2	29.225	29.264	29.253	
15126	1164.3	29.225	29.264	29.253	
15127	1164.4	29.225	29.264	29.254	
15128	1164.5	29.226	29.264	29.254	
15129	1164.6	29.226	29.264	29.254	
15130	1164.7	29.226	29.265	29.254	
15131	1164.8	29.226	29.265	29.254	
15132	1164.9	29.226	29.265	29.254	
15133	1165.	29.226	29.265	29.254	
15134	1165.	29.226	29.265	29.254	
15135	1165.	29.226	29.265	29.254	
15136	1165.	29.226	29.265	29.254	
15137	1165.1	29.226	29.265	29.254	
15138	1165.2	29.226	29.265	29.254	
15139	1165.3	29.226	29.265	29.254	
15140	1165.4	29.226	29.265	29.254	
15141	1165.5	29.226	29.265	29.255	
15142	1165.6	29.227	29.265	29.255	
15143	1165.7	29.227	29.265	29.255	
15144	1165.8	29.227	29.266	29.255	
15145	1165.9	29.227	29.266	29.255	
15146	1166.	29.227	29.266	29.255	
15147	1166.	29.227	29.266	29.255	
15148	1166.	29.227	29.266	29.255	
15149	1166.	29.227	29.266	29.255	
15150	1166.1	29.227	29.266	29.255	
15151	1166.2	29.227	29.266	29.255	
15152	1166.3	29.227	29.266	29.255	
15153	1166.4	29.227	29.266	29.255	
15154	1166.5	29.227	29.266	29.256	
15155	1166.6	29.227	29.266	29.256	
15156	1166.7	29.228	29.266	29.256	
15157	1166.8	29.228	29.266	29.256	
15158	1166.9	29.228	29.267	29.256	
15159	1167.	29.228	29.267	29.256	
15160	1167.	29.228	29.267	29.256	
15161	1167.	29.228	29.267	29.256	
15162	1167.	29.228	29.267	29.256	
15163	1167.1	29.228	29.267	29.256	
15164	1167.2	29.228	29.267	29.256	
15165	1167.3	29.228	29.267	29.256	
15166	1167.4	29.228	29.267	29.256	
15167	1167.5	29.228	29.267	29.256	
15168	1167.6	29.228	29.267	29.257	
15169	1167.7	29.228	29.267	29.257	
15170	1167.8	29.229	29.267	29.257	
15171	1167.9	29.229	29.268	29.257	
15172	1168.	29.229	29.268	29.257	
15173	1168.	29.229	29.268	29.257	
15174	1168.	29.229	29.268	29.257	
15175	1168.	29.229	29.268	29.257	
15176	1168.1	29.229	29.268	29.257	
15177	1168.2	29.229	29.268	29.257	
15178	1168.3	29.229	29.268	29.257	
15179	1168.4	29.229	29.268	29.257	
15180	1168.5	29.229	29.268	29.257	
15181	1168.6	29.229	29.268	29.257	
15182	1168.7	29.229	29.268	29.258	
15183	1168.8	29.23	29.268	29.258	
15184	1168.9	29.23	29.268	29.258	
15185	1169.	29.23	29.269	29.258	
15186	1169.	29.23	29.269	29.258	
15187	1169.	29.23	29.269	29.258	
15188	1169.	29.23	29.269	29.258	
15189	1169.1	29.23	29.269	29.258	
15190	1169.2	29.23	29.269	29.258	
15191	1169.3	29.23	29.269	29.258	
15192	1169.4	29.23	29.269	29.258	
15193	1169.5	29.23	29.269	29.258	
15194	1169.6	29.23	29.269	29.258	
15195	1169.7	29.23	29.269	29.258	
15196	1169.8	29.23	29.269	29.259	
15197	1169.9	29.231	29.269	29.259	
15198	1170.	29.231	29.269	29.259	
15199	1170.	29.231	29.269	29.259	
15200	1170.	29.231	29.269	29.259	
15201	1170.	29.231	29.269	29.259	
15202	1170.1	29.231	29.27	29.259	
15203	1170.2	29.231	29.27	29.259	
15204	1170.3	29.231	29.27	29.259	
15205	1170.4	29.231	29.27	29.259	
15206	1170.5	29.231	29.27	29.259	
15207	1170.6	29.231	29.27	29.259	
15208	1170.7	29.231	29.27	29.259	
15209	1170.8	29.231	29.27	29.26	
15210	1170.9	29.231	29.27	29.26	
15211	1171.	29.231	29.27	29.26	
15212	1171.	29.232	29.27	29.26	
15213	1171.	29.232	29.27	29.26	
15214	1171.	29.232	29.27	29.26	
15215	1171.1	29.232	29.27	29.26	
15216	1171.2	29.232	29.271	29.26	
15217	1171.3	29.232	29.271	29.26	
15218	1171.4	29.232	29.271	29.26	
15219	1171.5	29.232	29.271	29.26	
15220	1171.6	29.232	29.271	29.26	
15221	1171.7	29.232	29.271	29.26	
15222	1171.8	29.232	29.271	29.26	
15223	1171.9	29.232	29.271	29.261	
15224	1172.	29.232	29.271	29.261	
15225	1172.	29.232	29.271	29.261	
15226	1172.	29.232	29.271	29.261	
15227	1172.	29.232	29.271	29.261	
15228	1172.1	29.233	29.271	29.261	
15229	1172.2	29.233	29.272	29.261	
15230	1172.3	29.233	29.272	29.261	
15231	1172.4	29.233	29.272	29.261	
15232	1172.5	29.233	29.272	29.261	
15233	1172.6	29.233	29.272	29.261	
15234	1172.7	29.233	29.272	29.261	
15235	1172.8	29.233	29.272	29.261	
15236	1172.9	29.233	29.272	29.261	
15237	1173.	29.233	29.272	29.262	
15238	1173.	29.233	29.272	29.262	
15239	1173.	29.233	29.272	29.262	
15240	1173.	29.233	29.272	29.262	
15241	1173.1	29.233	29.272	29.262	
15242	1173.2	29.234	29.272	29.262	
15243	1173.3	29.234	29.273	29.262	
15244	1173.4	29.234	29.273	29.262	
15245	1173.5	29.234	29.273	29.262	
15246	1173.6	29.234	29.273	29.262	
15247	1173.7	29.234	29.273	29.262	
15248	1173.8	29.234	29.273	29.262	
15249	1173.9	29.234	29.273	29.262	
15250	1174.	29.234	29.273	29.262	
15251	1174.	29.234	29.273	29.262	
15252	1174.	29.234	29.273	29.262	
15253	1174.	29.234	29.273	29.262	
15254	1174.1	29.234	29.273	29.263	
15255	1174.2	29.234	29.273	29.263	
15256	1174.3	29.235	29.273	29.263	
15257	1174.4	29.235	29.274	29.263	
15258	1174.5	29.235	29.274	29.263	
15259	1174.6	29.235	29.274	29.263	
15260	1174.7	29.235	29.274	29.263	
15261	1174.8	29.235	29.274	29.263	
15262	1174.9	29.235	29.274	29.263	
15263	1175.	29.235	29.274	29.263	
15264	1175.	29.235	29.274	29.263	
15265	1175.	29.235	29.274	29.263	
15266	1175.	29.235	29.274	29.263	
15267	1175.1	29.235	29.274	29.263	
15268	1175.2	29.235	29.274	29.264	
15269	1175.3	29.236	29.274	29.264	
15270	1175.4	29.236	29.274	29.264	
15271	1175.5	29.236	29.275	29.264	
15272	1175.6	29.236	29.275	29.264	
15273	1175.7	29.236	29.275	29.264	
15274	1175.8	29.236	29.275	29.264	
15275	1175.9	29.236	29.275	29.264	
15276	1176.	29.236	29.275	29.264	
15277	1176.	29.236	29.275	29.264	
15278	1176.	29.236	29.275	29.264	
15279	1176.	29.236	29.275	29.264	
15280	1176.1	29.236	29.275	29.264	
15281	1176.2	29.236	29.275	29.265	
15282	1176.3	29.236	29.275	29.265	
15283	1176.4	29.237	29.275	29.265	
15284	1176.5	29.237	29.276	29.265	
15285	1176.6	29.237	29.276	29.265	
15286	1176.7	29.237	29.276	29.265	
15287	1176.8	29.237	29.276	29.265	
15288	1176.9	29.237	29.276	29.265	
15289	1177.	29.237	29.276	29.265	
15290	1177.	29.237	29.276	29.265	
15291	1177.	29.237	29.276	29.265	
15292	1177.	29.237	29.276	29.265	
15293	1177.1	29.237	29.276	29.265	
15294	1177.2	29.237	29.276	29.265	
15295	1177.3	29.237	29.276	29.266	
15296	1177.4	29.237	29.276	29.266	
15297	1177.5	29.238	29.276	29.266	
15298	1177.6	29.238	29.277	29.266	
15299	1177.7	29.238	29.277	29.266	
15300	1177.8	29.238	29.277	29.266	
15301	1177.9	29.238	29.277	29.266	
15302	1178.	29.238	29.277	29.266	
15303	1178.	29.238	29.277	29.266	
15304	1178.	29.238	29.277	29.266	
15305	1178.	29.238	29.277	29.266	
15306	1178.1	29.238	29.277	29.266	
15307	1178.2	29.238	29.277	29.266	
15308	1178.3	29.238	29.277	29.266	
15309	1178.4	29.238	29.277	29.267	
15310	1178.5	29.238	29.277	29.267	
15311	1178.6	29.239	29.277	29.267	
15312	1178.7	29.239	29.278	29.267	
15313	1178.8	29.239	29.278	29.267	
15314	1178.9	29.239	29.278	29.267	
15315	1179.	29.239	29.278	29.267	
15316	1179.	29.239	29.278	29.267	
15317	1179.	29.239	29.278	29.267	
15318	1179.	29.239	29.278	29.267	
15319	1179.1	29.239	29.278	29.267	
15320	1179.2	29.239	29.278	29.267	
15321	1179.3	29.239	29.278	29.267	
15322	1179.4	29.239	29.278	29.267	
15323	1179.5	29.239	29.278	29.268	
15324	1179.6	29.239	29.278	29.268	
15325	1179.7	29.24	29.278	29.268	
15326	1179.8	29.24	29.279	29.268	
15327	1179.9	29.24	29.279	29.268	
15328	1180.	29.24	29.279	29.268	
15329	1180.	29.24	29.279	29.268	
15330	1180.	29.24	29.279	29.268	
15331	1180.	29.24	29.279	29.268	
15332	1180.1	29.24	29.279	29.268	
15333	1180.2	29.24	29.279	29.268	
15334	1180.3	29.24	29.279	29.268	
15335	1180.4	29.24	29.279	29.268	
15336	1180.5	29.24	29.279	29.268	
15337	1180.6	29.24	29.279	29.269	
15338	1180.7	29.24	29.279	29.269	
15339	1180.8	29.241	29.279	29.269	
15340	1180.9	29.241	29.28	29.269	
15341	1181.	29.241	29.28	29.269	
15342	1181.	29.241	29.28	29.269	
15343	1181.	29.241	29.28	29.269	
15344	1181.	29.241	29.28	29.269	
15345	1181.1	29.241	29.28	29.269	
15346	1181.2	29.241	29.28	29.269	
15347	1181.3	29.241	29.28	29.269	
15348	1181.4	29.241	29.28	29.269	
15349	1181.5	29.241	29.28	29.269	
15350	1181.6	29.241	29.28	29.27	
15351	1181.7	29.241	29.28	29.27	
15352	1181.8	29.241	29.28	29.27	
15353	1181.9	29.242	29.281	29.27	
15354	1182.	29.242	29.281	29.27	
15355	1182.	29.242	29.281	29.27	
15356	1182.	29.242	29.281	29.27	
15357	1182.	29.242	29.281	29.27	
15358	1182.1	29.242	29.281	29.27	
15359	1182.2	29.242	29.281	29.27	
15360	1182.3	29.242	29.281	29.27	
15361	1182.4	29.242	29.281	29.27	
15362	1182.5	29.242	29.281	29.27	
15363	1182.6	29.242	29.281	29.27	
15364	1182.7	29.242	29.281	29.271	
15365	1182.8	29.242	29.281	29.271	
15366	1182.9	29.243	29.281	29.271	
15367	1183.	29.243	29.282	29.271	
15368	1183.	29.243	29.282	29.271	
15369	1183.	29.243	29.282	29.271	
15370	1183.	29.243	29.282	29.271	
15371	1183.1	29.243	29.282	29.271	
15372	1183.2	29.243	29.282	29.271	
15373	1183.3	29.243	29.282	29.271	
15374	1183.4	29.243	29.282	29.271	
15375	1183.5	29.243	29.282	29.271	
15376	1183.6	29.243	29.282	29.271	
15377	1183.7	29.243	29.282	29.271	
15378	1183.8	29.243	29.282	29.272	
15379	1183.9	29.243	29.282	29.272	
15380	1184.	29.243	29.282	29.272	
15381	1184.	29.243	29.282	29.272	
15382	1184.	29.244	29.282	29.272	
15383	1184.	29.244	29.282	29.272	
15384	1184.1	29.244	29.283	29.272	
15385	1184.2	29.244	29.283	29.272	
15386	1184.3	29.244	29.283	29.272	
15387	1184.4	29.244	29.283	29.272	
15388	1184.5	29.244	29.283	29.272	
15389	1184.6	29.244	29.283	29.272	
15390	1184.7	29.244	29.283	29.272	
15391	1184.8	29.244	29.283	29.272	
15392	1184.9	29.244	29.283	29.273	
15393	1185.	29.244	29.283	29.273	
15394	1185.	29.244	29.283	29.273	
15395	1185.	29.244	29.283	29.273	
15396	1185.	29.244	29.283	29.273	
15397	1185.1	29.245	29.283	29.273	
15398	1185.2	29.245	29.284	29.273	
15399	1185.3	29.245	29.284	29.273	
15400	1185.4	29.245	29.284	29.273	
15401	1185.5	29.245	29.284	29.273	
15402	1185.6	29.245	29.284	29.273	
15403	1185.7	29.245	29.284	29.273	
15404	1185.8	29.245	29.284	29.273	
15405	1185.9	29.245	29.284	29.273	
15406	1186.	29.245	29.284	29.274	
15407	1186.	29.245	29.284	29.274	
15408	1186.	29.245	29.284	29.274	
15409	1186.	29.245	29.284	29.274	
15410	1186.1	29.245	29.284	29.274	
15411	1186.2	29.246	29.285	29.274	
15412	1186.3	29.246	29.285	29.274	
15413	1186.4	29.246	29.285	29.274	
15414	1186.5	29.246	29.285	29.274	
15415	1186.6	29.246	29.285	29.274	
15416	1186.7	29.246	29.285	29.274	
15417	1186.8	29.246	29.285	29.274	
15418	1186.9	29.246	29.285	29.274	
15419	1187.	29.246	29.285	29.274	
15420	1187.	29.246	29.285	29.274	
15421	1187.	29.246	29.285	29.274	
15422	1187.	29.246	29.285	29.275	
15423	1187.1	29.246	29.285	29.275	
15424	1187.2	29.246	29.285	29.275	
15425	1187.3	29.247	29.286	29.275	
15426	1187.4	29.247	29.286	29.275	
15427	1187.5	29.247	29.286	29.275	
15428	1187.6	29.247	29.286	29.275	
15429	1187.7	29.247	29.286	29.275	
15430	1187.8	29.247	29.286	29.275	
15431	1187.9	29.247	29.286	29.275	
15432	1188.	29.247	29.286	29.275	
15433	1188.	29.247	29.286	29.275	
15434	1188.	29.247	29.286	29.275	
15435	1188.	29.247	29.286	29.275	
15436	1188.1	29.247	29.286	29.276	
15437	1188.2	29.247	29.286	29.276	
15438	1188.3	29.247	29.286	29.276	
15439	1188.4	29.248	29.287	29.276	
15440	1188.5	29.248	29.287	29.276	
15441	1188.6	29.248	29.287	29.276	
15442	1188.7	29.248	29.287	29.276	
15443	1188.8	29.248	29.287	29.276	
15444	1188.9	29.248	29.287	29.276	
15445	1189.	29.248	29.287	29.276	
15446	1189.	29.248	29.287	29.276	
15447	1189.	29.248	29.287	29.276	
15448	1189.	29.248	29.287	29.276	
15449	1189.1	29.248	29.287	29.276	
15450	1189.2	29.248	29.287	29.277	
15451	1189.3	29.248	29.287	29.277	
15452	1189.4	29.248	29.287	29.277	
15453	1189.5	29.249	29.288	29.277	
15454	1189.6	29.249	29.288	29.277	
15455	1189.7	29.249	29.288	29.277	
15456	1189.8	29.249	29.288	29.277	
15457	1189.9	29.249	29.288	29.277	
15458	1190.	29.249	29.288	29.277	
15459	1190.	29.249	29.288	29.277	
15460	1190.	29.249	29.288	29.277	
15461	1190.	29.249	29.288	29.277	
15462	1190.1	29.249	29.288	29.277	
15463	1190.2	29.249	29.288	29.277	
15464	1190.3	29.249	29.288	29.278	
15465	1190.4	29.249	29.288	29.278	
15466	1190.5	29.25	29.288	29.278	
15467	1190.6	29.25	29.289	29.278	
15468	1190.7	29.25	29.289	29.278	
15469	1190.8	29.25	29.289	29.278	
15470	1190.9	29.25	29.289	29.278	
15471	1191.	29.25	29.289	29.278	
15472	1191.	29.25	29.289	29.278	
15473	1191.	29.25	29.289	29.278	
15474	1191.	29.25	29.289	29.278	
15475	1191.1	29.25	29.289	29.278	
15476	1191.2	29.25	29.289	29.278	
15477	1191.3	29.25	29.289	29.278	
15478	1191.4	29.25	29.289	29.279	
15479	1191.5	29.25	29.289	29.279	
15480	1191.6	29.251	29.29	29.279	
15481	1191.7	29.251	29.29	29.279	
15482	1191.8	29.251	29.29	29.279	
15483	1191.9	29.251	29.29	29.279	
15484	1192.	29.251	29.29	29.279	
15485	1192.	29.251	29.29	29.279	
15486	1192.	29.251	29.29	29.279	
15487	1192.	29.251	29.29	29.279	
15488	1192.1	29.251	29.29	29.279	
15489	1192.2	29.251	29.29	29.279	
15490	1192.3	29.251	29.29	29.279	
15491	1192.4	29.251	29.29	29.28	
15492	1192.5	29.251	29.29	29.28	
15493	1192.6	29.251	29.29	29.28	
15494	1192.7	29.252	29.291	29.28	
15495	1192.8	29.252	29.291	29.28	
15496	1192.9	29.252	29.291	29.28	
15497	1193.	29.252	29.291	29.28	
15498	1193.	29.252	29.291	29.28	
15499	1193.	29.252	29.291	29.28	
15500	1193.	29.252	29.291	29.28	
15501	1193.1	29.252	29.291	29.28	
15502	1193.2	29.252	29.291	29.28	
15503	1193.3	29.252	29.291	29.28	
15504	1193.4	29.252	29.291	29.28	
15505	1193.5	29.252	29.291	29.281	
15506	1193.6	29.252	29.291	29.281	
15507	1193.7	29.252	29.291	29.281	
15508	1193.8	29.253	29.292	29.281	
15509	1193.9	29.253	29.292	29.281	
15510	1194.	29.253	29.292	29.281	
15511	1194.	29.253	29.292	29.281	
15512	1194.	29.253	29.292	29.281	
15513	1194.	29.253	29.292	29.281	
15514	1194.1	29.253	29.292	29.281	
15515	1194.2	29.253	29.292	29.281	
15516	1194.3	29.253	29.292	29.281	
15517	1194.4	29.253	29.292	29.281	
15518	1194.5	29.253	29.292	29.281	
15519	1194.6	29.253	29.292	29.282	
15520	1194.7	29.253	29.292	29.282	
15521	1194.8	29.253	29.292	29.282	
15522	1194.9	29.254	29.293	29.282	
15523	1195.	29.254	29.293	29.282	
15524	1195.	29.254	29.293	29.282	
15525	1195.	29.254	29.293	29.282	
15526	1195.	29.254	29.293	29.282	
15527	1195.1	29.254	29.293	29.282	
15528	1195.2	29.254	29.293	29.282	
15529	1195.3	29.254	29.293	29.282	
15530	1195.4	29.254	29.293	29.282	
15531	1195.5	29.254	29.293	29.282	
15532	1195.6	29.254	29.293	29.282	
15533	1195.7	29.254	29.293	29.283	
15534	1195.8	29.254	29.293	29.283	
15535	1195.9	29.254	29.294	29.283	
15536	1196.	29.255	29.294	29.283	
15537	1196.	29.255	29.294	29.283	
15538	1196.	29.255	29.294	29.283	
15539	1196.	29.255	29.294	29.283	
15540	1196.1	29.255	29.294	29.283	
15541	1196.2	29.255	29.294	29.283	
15542	1196.3	29.255	29.294	29.283	
15543	1196.4	29.255	29.294	29.283	
15544	1196.5	29.255	29.294	29.283	
15545	1196.6	29.255	29.294	29.283	
15546	1196.7	29.255	29.294	29.283	
15547	1196.8	29.255	29.294	29.284	
15548	1196.9	29.255	29.294	29.284	
15549	1197.	29.255	29.294	29.284	
15550	1197.	29.255	29.294	29.284	
15551	1197.	29.255	29.295	29.284	
15552	1197.	29.256	29.295	29.284	
15553	1197.1	29.256	29.295	29.284	
15554	1197.2	29.256	29.295	29.284	
15555	1197.3	29.256	29.295	29.284	
15556	1197.4	29.256	29.295	29.284	
15557	1197.5	29.256	29.295	29.284	
15558	1197.6	29.256	29.295	29.284	
15559	1197.7	29.256	29.295	29.284	
15560	1197.8	29.256	29.295	29.285	
15561	1197.9	29.256	29.295	29.285	
15562	1198.	29.256	29.295	29.285	
15563	1198.	29.256	29.295	29.285	
15564	1198.	29.256	29.295	29.285	
15565	1198.	29.256	29.295	29.285	
15566	1198.1	29.257	29.296	29.285	
15567	1198.2	29.257	29.296	29.285	
15568	1198.3	29.257	29.296	29.285	
15569	1198.4	29.257	29.296	29.285	
15570	1198.5	29.257	29.296	29.285	
15571	1198.6	29.257	29.296	29.285	
15572	1198.7	29.257	29.296	29.285	
15573	1198.8	29.257	29.296	29.285	
15574	1198.9	29.257	29.296	29.286	
15575	1199.	29.257	29.296	29.286	
15576	1199.	29.257	29.296	29.286	
15577	1199.	29.257	29.296	29.286	
15578	1199.	29.257	29.296	29.286	
15579	1199.1	29.257	29.296	29.286	
15580	1199.2	29.258	29.297	29.286	
15581	1199.3	29.258	29.297	29.286	
15582	1199.4	29.258	29.297	29.286	
15583	1199.5	29.258	29.297	29.286	
15584	1199.6	29.258	29.297	29.286	
15585	1199.7	29.258	29.297	29.286	
15586	1199.8	29.258	29.297	29.286	
15587	1199.9	29.258	29.297	29.286	
15588	1200.	29.258	29.297	29.287	
15589	1200.	29.258	29.297	29.287	
15590	1200.	29.258	29.297	29.287	
15591	1200.	29.258	29.297	29.287	
15592	1200.1	29.258	29.297	29.287	
15593	1200.2	29.258	29.297	29.287	
15594	1200.3	29.259	29.298	29.287	
15595	1200.4	29.259	29.298	29.287	
15596	1200.5	29.259	29.298	29.287	
15597	1200.6	29.259	29.298	29.287	
15598	1200.7	29.259	29.298	29.287	
15599	1200.8	29.259	29.298	29.287	
15600	1200.9	29.259	29.298	29.287	
15601	1201.	29.259	29.298	29.287	
15602	1201.	29.259	29.298	29.287	
15603	1201.	29.259	29.298	29.287	
15604	1201.	29.259	29.298	29.287	
15605	1201.1	29.259	29.298	29.288	
15606	1201.2	29.259	29.298	29.288	
15607	1201.3	29.259	29.299	29.288	
15608	1201.4	29.26	29.299	29.288	
15609	1201.5	29.26	29.299	29.288	
15610	1201.6	29.26	29.299	29.288	
15611	1201.7	29.26	29.299	29.288	
15612	1201.8	29.26	29.299	29.288	
15613	1201.9	29.26	29.299	29.288	
15614	1202.	29.26	29.299	29.288	
15615	1202.	29.26	29.299	29.288	
15616	1202.	29.26	29.299	29.288	
15617	1202.	29.26	29.299	29.288	
15618	1202.1	29.26	29.299	29.288	
15619	1202.2	29.26	29.299	29.289	
15620	1202.3	29.26	29.299	29.289	
15621	1202.4	29.26	29.3	29.289	
15622	1202.5	29.261	29.3	29.289	
15623	1202.6	29.261	29.3	29.289	
15624	1202.7	29.261	29.3	29.289	
15625	1202.8	29.261	29.3	29.289	
15626	1202.9	29.261	29.3	29.289	
15627	1203.	29.261	29.3	29.289	
15628	1203.	29.261	29.3	29.289	
15629	1203.	29.261	29.3	29.289	
15630	1203.	29.261	29.3	29.289	
15631	1203.1	29.261	29.3	29.289	
15632	1203.2	29.261	29.3	29.29	
15633	1203.3	29.261	29.3	29.29	
15634	1203.4	29.261	29.3	29.29	
15635	1203.5	29.261	29.301	29.29	
15636	1203.6	29.262	29.301	29.29	
15637	1203.7	29.262	29.301	29.29	
15638	1203.8	29.262	29.301	29.29	
15639	1203.9	29.262	29.301	29.29	
15640	1204.	29.262	29.301	29.29	
15641	1204.	29.262	29.301	29.29	
15642	1204.	29.262	29.301	29.29	
15643	1204.	29.262	29.301	29.29	
15644	1204.1	29.262	29.301	29.29	
15645	1204.2	29.262	29.301	29.29	
15646	1204.3	29.262	29.301	29.291	
15647	1204.4	29.262	29.301	29.291	
15648	1204.5	29.262	29.301	29.291	
15649	1204.6	29.262	29.302	29.291	
15650	1204.7	29.263	29.302	29.291	
15651	1204.8	29.263	29.302	29.291	
15652	1204.9	29.263	29.302	29.291	
15653	1205.	29.263	29.302	29.291	
15654	1205.	29.263	29.302	29.291	
15655	1205.	29.263	29.302	29.291	
15656	1205.	29.263	29.302	29.291	
15657	1205.1	29.263	29.302	29.291	
15658	1205.2	29.263	29.302	29.291	
15659	1205.3	29.263	29.302	29.291	
15660	1205.4	29.263	29.302	29.292	
15661	1205.5	29.263	29.302	29.292	
15662	1205.6	29.263	29.302	29.292	
15663	1205.7	29.264	29.303	29.292	
15664	1205.8	29.264	29.303	29.292	
15665	1205.9	29.264	29.303	29.292	
15666	1206.	29.264	29.303	29.292	
15667	1206.	29.264	29.303	29.292	
15668	1206.	29.264	29.303	29.292	
15669	1206.	29.264	29.303	29.292	
15670	1206.1	29.264	29.303	29.292	
15671	1206.2	29.264	29.303	29.292	
15672	1206.3	29.264	29.303	29.292	
15673	1206.4	29.264	29.303	29.292	
15674	1206.5	29.264	29.303	29.293	
15675	1206.6	29.264	29.303	29.293	
15676	1206.7	29.264	29.304	29.293	
15677	1206.8	29.265	29.304	29.293	
15678	1206.9	29.265	29.304	29.293	
15679	1207.	29.265	29.304	29.293	
15680	1207.	29.265	29.304	29.293	
15681	1207.	29.265	29.304	29.293	
15682	1207.	29.265	29.304	29.293	
15683	1207.1	29.265	29.304	29.293	
15684	1207.2	29.265	29.304	29.293	
15685	1207.3	29.265	29.304	29.293	
15686	1207.4	29.265	29.304	29.293	
15687	1207.5	29.265	29.304	29.293	
15688	1207.6	29.265	29.304	29.294	
15689	1207.7	29.265	29.304	29.294	
15690	1207.8	29.265	29.305	29.294	
15691	1207.9	29.266	29.305	29.294	
15692	1208.	29.266	29.305	29.294	
15693	1208.	29.266	29.305	29.294	
15694	1208.	29.266	29.305	29.294	
15695	1208.	29.266	29.305	29.294	
15696	1208.1	29.266	29.305	29.294	
15697	1208.2	29.266	29.305	29.294	
15698	1208.3	29.266	29.305	29.294	
15699	1208.4	29.266	29.305	29.294	
15700	1208.5	29.266	29.305	29.294	
15701	1208.6	29.266	29.305	29.295	
15702	1208.7	29.266	29.305	29.295	
15703	1208.8	29.266	29.305	29.295	
15704	1208.9	29.266	29.306	29.295	
15705	1209.	29.267	29.306	29.295	
15706	1209.	29.267	29.306	29.295	
15707	1209.	29.267	29.306	29.295	
15708	1209.	29.267	29.306	29.295	
15709	1209.1	29.267	29.306	29.295	
15710	1209.2	29.267	29.306	29.295	
15711	1209.3	29.267	29.306	29.295	
15712	1209.4	29.267	29.306	29.295	
15713	1209.5	29.267	29.306	29.295	
15714	1209.6	29.267	29.306	29.295	
15715	1209.7	29.267	29.306	29.296	
15716	1209.8	29.267	29.306	29.296	
15717	1209.9	29.267	29.306	29.296	
15718	1210.	29.267	29.307	29.296	
15719	1210.	29.267	29.307	29.296	
15720	1210.	29.267	29.307	29.296	
15721	1210.	29.267	29.307	29.296	
15722	1210.1	29.268	29.307	29.296	
15723	1210.2	29.268	29.307	29.296	
15724	1210.3	29.268	29.307	29.296	
15725	1210.4	29.268	29.307	29.296	
15726	1210.5	29.268	29.307	29.296	
15727	1210.6	29.268	29.307	29.296	
15728	1210.7	29.268	29.307	29.296	
15729	1210.8	29.268	29.307	29.297	
15730	1210.9	29.268	29.307	29.297	
15731	1211.	29.268	29.307	29.297	
15732	1211.	29.268	29.307	29.297	
15733	1211.	29.268	29.307	29.297	
15734	1211.	29.268	29.308	29.297	
15735	1211.1	29.268	29.308	29.297	
15736	1211.2	29.269	29.308	29.297	
15737	1211.3	29.269	29.308	29.297	
15738	1211.4	29.269	29.308	29.297	
15739	1211.5	29.269	29.308	29.297	
15740	1211.6	29.269	29.308	29.297	
15741	1211.7	29.269	29.308	29.297	
15742	1211.8	29.269	29.308	29.297	
15743	1211.9	29.269	29.308	29.298	
15744	1212.	29.269	29.308	29.298	
15745	1212.	29.269	29.308	29.298	
15746	1212.	29.269	29.308	29.298	
15747	1212.	29.269	29.308	29.298	
15748	1212.1	29.269	29.309	29.298	
15749	1212.2	29.269	29.309	29.298	
15750	1212.3	29.27	29.309	29.298	
15751	1212.4	29.27	29.309	29.298	
15752	1212.5	29.27	29.309	29.298	
15753	1212.6	29.27	29.309	29.298	
15754	1212.7	29.27	29.309	29.298	
15755	1212.8	29.27	29.309	29.298	
15756	1212.9	29.27	29.309	29.298	
15757	1213.	29.27	29.309	29.299	
15758	1213.	29.27	29.309	29.299	
15759	1213.	29.27	29.309	29.299	
15760	1213.	29.27	29.309	29.299	
15761	1213.1	29.27	29.309	29.299	
15762	1213.2	29.27	29.31	29.299	
15763	1213.3	29.27	29.31	29.299	
15764	1213.4	29.271	29.31	29.299	
15765	1213.5	29.271	29.31	29.299	
15766	1213.6	29.271	29.31	29.299	
15767	1213.7	29.271	29.31	29.299	
15768	1213.8	29.271	29.31	29.299	
15769	1213.9	29.271	29.31	29.299	
15770	1214.	29.271	29.31	29.299	
15771	1214.	29.271	29.31	29.299	
15772	1214.	29.271	29.31	29.299	
15773	1214.	29.271	29.31	29.3	
15774	1214.1	29.271	29.31	29.3	
15775	1214.2	29.271	29.31	29.3	
15776	1214.3	29.271	29.311	29.3	
15777	1214.4	29.272	29.311	29.3	
15778	1214.5	29.272	29.311	29.3	
15779	1214.6	29.272	29.311	29.3	
15780	1214.7	29.272	29.311	29.3	
15781	1214.8	29.272	29.311	29.3	
15782	1214.9	29.272	29.311	29.3	
15783	1215.	29.272	29.311	29.3	
15784	1215.	29.272	29.311	29.3	
15785	1215.	29.272	29.311	29.3	
15786	1215.	29.272	29.311	29.3	
15787	1215.1	29.272	29.311	29.301	
15788	1215.2	29.272	29.311	29.301	
15789	1215.3	29.272	29.311	29.301	
15790	1215.4	29.272	29.312	29.301	
15791	1215.5	29.273	29.312	29.301	
15792	1215.6	29.273	29.312	29.301	
15793	1215.7	29.273	29.312	29.301	
15794	1215.8	29.273	29.312	29.301	
15795	1215.9	29.273	29.312	29.301	
15796	1216.	29.273	29.312	29.301	
15797	1216.	29.273	29.312	29.301	
15798	1216.	29.273	29.312	29.301	
15799	1216.	29.273	29.312	29.301	
15800	1216.1	29.273	29.312	29.301	
15801	1216.2	29.273	29.312	29.302	
15802	1216.3	29.273	29.312	29.302	
15803	1216.4	29.273	29.312	29.302	
15804	1216.5	29.273	29.313	29.302	
15805	1216.6	29.274	29.313	29.302	
15806	1216.7	29.274	29.313	29.302	
15807	1216.8	29.274	29.313	29.302	
15808	1216.9	29.274	29.313	29.302	
15809	1217.	29.274	29.313	29.302	
15810	1217.	29.274	29.313	29.302	
15811	1217.	29.274	29.313	29.302	
15812	1217.	29.274	29.313	29.302	
15813	1217.1	29.274	29.313	29.302	
15814	1217.2	29.274	29.313	29.302	
15815	1217.3	29.274	29.313	29.303	
15816	1217.4	29.274	29.313	29.303	
15817	1217.5	29.274	29.314	29.303	
15818	1217.6	29.274	29.314	29.303	
15819	1217.7	29.275	29.314	29.303	
15820	1217.8	29.275	29.314	29.303	
15821	1217.9	29.275	29.314	29.303	
15822	1218.	29.275	29.314	29.303	
15823	1218.	29.275	29.314	29.303	
15824	1218.	29.275	29.314	29.303	
15825	1218.	29.275	29.314	29.303	
15826	1218.1	29.275	29.314	29.303	
15827	1218.2	29.275	29.314	29.303	
15828	1218.3	29.275	29.314	29.303	
15829	1218.4	29.275	29.314	29.304	
15830	1218.5	29.275	29.314	29.304	
15831	1218.6	29.275	29.315	29.304	
15832	1218.7	29.275	29.315	29.304	
15833	1218.8	29.276	29.315	29.304	
15834	1218.9	29.276	29.315	29.304	
15835	1219.	29.276	29.315	29.304	
15836	1219.	29.276	29.315	29.304	
15837	1219.	29.276	29.315	29.304	
15838	1219.	29.276	29.315	29.304	
15839	1219.1	29.276	29.315	29.304	
15840	1219.2	29.276	29.315	29.304	
15841	1219.3	29.276	29.315	29.304	
15842	1219.4	29.276	29.315	29.304	
15843	1219.5	29.276	29.315	29.305	
15844	1219.6	29.276	29.315	29.305	
15845	1219.7	29.276	29.316	29.305	
15846	1219.8	29.276	29.316	29.305	
15847	1219.9	29.277	29.316	29.305	
15848	1220.	29.277	29.316	29.305	
15849	1220.	29.277	29.316	29.305	
15850	1220.	29.277	29.316	29.305	
15851	1220.	29.277	29.316	29.305	
15852	1220.1	29.277	29.316	29.305	
15853	1220.2	29.277	29.316	29.305	
15854	1220.3	29.277	29.316	29.305	
15855	1220.4	29.277	29.316	29.305	
15856	1220.5	29.277	29.316	29.306	
15857	1220.6	29.277	29.316	29.306	
15858	1220.7	29.277	29.316	29.306	
15859	1220.8	29.277	29.317	29.306	
15860	1220.9	29.277	29.317	29.306	
15861	1221.	29.278	29.317	29.306	
15862	1221.	29.278	29.317	29.306	
15863	1221.	29.278	29.317	29.306	
15864	1221.	29.278	29.317	29.306	
15865	1221.1	29.278	29.317	29.306	
15866	1221.2	29.278	29.317	29.306	
15867	1221.3	29.278	29.317	29.306	
15868	1221.4	29.278	29.317	29.306	
15869	1221.5	29.278	29.317	29.306	
15870	1221.6	29.278	29.317	29.307	
15871	1221.7	29.278	29.317	29.307	
15872	1221.8	29.278	29.317	29.307	
15873	1221.9	29.278	29.318	29.307	
15874	1222.	29.278	29.318	29.307	
15875	1222.	29.278	29.318	29.307	
15876	1222.	29.278	29.318	29.307	
15877	1222.	29.278	29.318	29.307	
15878	1222.1	29.279	29.318	29.307	
15879	1222.2	29.279	29.318	29.307	
15880	1222.3	29.279	29.318	29.307	
15881	1222.4	29.279	29.318	29.307	
15882	1222.5	29.279	29.318	29.307	
15883	1222.6	29.279	29.318	29.307	
15884	1222.7	29.279	29.318	29.308	
15885	1222.8	29.279	29.318	29.308	
15886	1222.9	29.279	29.319	29.308	
15887	1223.	29.279	29.319	29.308	
15888	1223.	29.279	29.319	29.308	
15889	1223.	29.279	29.319	29.308	
15890	1223.	29.279	29.319	29.308	
15891	1223.1	29.28	29.319	29.308	
15892	1223.2	29.28	29.319	29.308	
15893	1223.3	29.28	29.319	29.308	
15894	1223.4	29.28	29.319	29.308	
15895	1223.5	29.28	29.319	29.308	
15896	1223.6	29.28	29.319	29.308	
15897	1223.7	29.28	29.319	29.308	
15898	1223.8	29.28	29.319	29.309	
15899	1223.9	29.28	29.319	29.309	
15900	1224.	29.28	29.319	29.309	
15901	1224.	29.28	29.319	29.309	
15902	1224.	29.28	29.32	29.309	
15903	1224.	29.28	29.32	29.309	
15904	1224.1	29.28	29.32	29.309	
15905	1224.2	29.281	29.32	29.309	
15906	1224.3	29.281	29.32	29.309	
15907	1224.4	29.281	29.32	29.309	
15908	1224.5	29.281	29.32	29.309	
15909	1224.6	29.281	29.32	29.309	
15910	1224.7	29.281	29.32	29.309	
15911	1224.8	29.281	29.32	29.309	
15912	1224.9	29.281	29.32	29.31	
15913	1225.	29.281	29.32	29.31	
15914	1225.	29.281	29.32	29.31	
15915	1225.	29.281	29.32	29.31	
15916	1225.	29.281	29.32	29.31	
15917	1225.1	29.281	29.321	29.31	
15918	1225.2	29.281	29.321	29.31	
15919	1225.3	29.282	29.321	29.31	
15920	1225.4	29.282	29.321	29.31	
15921	1225.5	29.282	29.321	29.31	
15922	1225.6	29.282	29.321	29.31	
15923	1225.7	29.282	29.321	29.31	
15924	1225.8	29.282	29.321	29.31	
15925	1225.9	29.282	29.321	29.31	
15926	1226.	29.282	29.321	29.311	
15927	1226.	29.282	29.321	29.311	
15928	1226.	29.282	29.321	29.311	
15929	1226.	29.282	29.321	29.311	
15930	1226.1	29.282	29.321	29.311	
15931	1226.2	29.282	29.322	29.311	
15932	1226.3	29.282	29.322	29.311	
15933	1226.4	29.283	29.322	29.311	
15934	1226.5	29.283	29.322	29.311	
15935	1226.6	29.283	29.322	29.311	
15936	1226.7	29.283	29.322	29.311	
15937	1226.8	29.283	29.322	29.311	
15938	1226.9	29.283	29.322	29.311	
15939	1227.	29.283	29.322	29.311	
15940	1227.	29.283	29.322	29.311	
15941	1227.	29.283	29.322	29.311	
15942	1227.	29.283	29.322	29.312	
15943	1227.1	29.283	29.322	29.312	
15944	1227.2	29.283	29.322	29.312	
15945	1227.3	29.283	29.323	29.312	
15946	1227.4	29.283	29.323	29.312	
15947	1227.5	29.284	29.323	29.312	
15948	1227.6	29.284	29.323	29.312	
15949	1227.7	29.284	29.323	29.312	
15950	1227.8	29.284	29.323	29.312	
15951	1227.9	29.284	29.323	29.312	
15952	1228.	29.284	29.323	29.312	
15953	1228.	29.284	29.323	29.312	
15954	1228.	29.284	29.323	29.312	
15955	1228.	29.284	29.323	29.312	
15956	1228.1	29.284	29.323	29.313	
15957	1228.2	29.284	29.323	29.313	
15958	1228.3	29.284	29.324	29.313	
15959	1228.4	29.284	29.324	29.313	
15960	1228.5	29.284	29.324	29.313	
15961	1228.6	29.285	29.324	29.313	
15962	1228.7	29.285	29.324	29.313	
15963	1228.8	29.285	29.324	29.313	
15964	1228.9	29.285	29.324	29.313	
15965	1229.	29.285	29.324	29.313	
15966	1229.	29.285	29.324	29.313	
15967	1229.	29.285	29.324	29.313	
15968	1229.	29.285	29.324	29.313	
15969	1229.1	29.285	29.324	29.313	
15970	1229.2	29.285	29.324	29.314	
15971	1229.3	29.285	29.324	29.314	
15972	1229.4	29.285	29.325	29.314	
15973	1229.5	29.285	29.325	29.314	
15974	1229.6	29.285	29.325	29.314	
15975	1229.7	29.286	29.325	29.314	
15976	1229.8	29.286	29.325	29.314	
15977	1229.9	29.286	29.325	29.314	
15978	1230.	29.286	29.325	29.314	
15979	1230.	29.286	29.325	29.314	
15980	1230.	29.286	29.325	29.314	
15981	1230.	29.286	29.325	29.314	
15982	1230.1	29.286	29.325	29.314	
15983	1230.2	29.286	29.325	29.314	
15984	1230.3	29.286	29.325	29.315	
15985	1230.4	29.286	29.325	29.315	
15986	1230.5	29.286	29.326	29.315	
15987	1230.6	29.286	29.326	29.315	
15988	1230.7	29.286	29.326	29.315	
15989	1230.8	29.287	29.326	29.315	
15990	1230.9	29.287	29.326	29.315	
15991	1231.	29.287	29.326	29.315	
15992	1231.	29.287	29.326	29.315	
15993	1231.	29.287	29.326	29.315	
15994	1231.	29.287	29.326	29.315	
15995	1231.1	29.287	29.326	29.315	
15996	1231.2	29.287	29.326	29.315	
15997	1231.3	29.287	29.326	29.315	
15998	1231.4	29.287	29.326	29.316	
15999	1231.5	29.287	29.326	29.316	
16000	1231.6	29.287	29.327	29.316	
16001	1231.7	29.287	29.327	29.316	
16002	1231.8	29.287	29.327	29.316	
16003	1231.9	29.288	29.327	29.316	
16004	1232.	29.288	29.327	29.316	
16005	1232.	29.288	29.327	29.316	
16006	1232.	29.288	29.327	29.316	
16007	1232.	29.288	29.327	29.316	
16008	1232.1	29.288	29.327	29.316	
16009	1232.2	29.288	29.327	29.316	
16010	1232.3	29.288	29.327	29.316	
16011	1232.4	29.288	29.327	29.316	
16012	1232.5	29.288	29.327	29.317	
16013	1232.6	29.288	29.327	29.317	
16014	1232.7	29.288	29.328	29.317	
16015	1232.8	29.288	29.328	29.317	
16016	1232.9	29.289	29.328	29.317	
16017	1233.	29.289	29.328	29.317	
16018	1233.	29.289	29.328	29.317	
16019	1233.	29.289	29.328	29.317	
16020	1233.	29.289	29.328	29.317	
16021	1233.1	29.289	29.328	29.317	
16022	1233.2	29.289	29.328	29.317	
16023	1233.3	29.289	29.328	29.317	
16024	1233.4	29.289	29.328	29.317	
16025	1233.5	29.289	29.328	29.318	
16026	1233.6	29.289	29.328	29.318	
16027	1233.7	29.289	29.328	29.318	
16028	1233.8	29.289	29.329	29.318	
16029	1233.9	29.289	29.329	29.318	
16030	1234.	29.289	29.329	29.318	
16031	1234.	29.289	29.329	29.318	
16032	1234.	29.289	29.329	29.318	
16033	1234.	29.29	29.329	29.318	
16034	1234.1	29.29	29.329	29.318	
16035	1234.2	29.29	29.329	29.318	
16036	1234.3	29.29	29.329	29.318	
16037	1234.4	29.29	29.329	29.318	
16038	1234.5	29.29	29.329	29.318	
16039	1234.6	29.29	29.329	29.319	
16040	1234.7	29.29	29.329	29.319	
16041	1234.8	29.29	29.33	29.319	
16042	1234.9	29.29	29.33	29.319	
16043	1235.	29.29	29.33	29.319	
16044	1235.	29.29	29.33	29.319	
16045	1235.	29.29	29.33	29.319	
16046	1235.	29.29	29.33	29.319	
16047	1235.1	29.291	29.33	29.319	
16048	1235.2	29.291	29.33	29.319	
16049	1235.3	29.291	29.33	29.319	
16050	1235.4	29.291	29.33	29.319	
16051	1235.5	29.291	29.33	29.319	
16052	1235.6	29.291	29.33	29.319	
16053	1235.7	29.291	29.33	29.32	
16054	1235.8	29.291	29.33	29.32	
16055	1235.9	29.291	29.331	29.32	
16056	1236.	29.291	29.331	29.32	
16057	1236.	29.291	29.331	29.32	
16058	1236.	29.291	29.331	29.32	
16059	1236.	29.291	29.331	29.32	
16060	1236.1	29.291	29.331	29.32	
16061	1236.2	29.292	29.331	29.32	
16062	1236.3	29.292	29.331	29.32	
16063	1236.4	29.292	29.331	29.32	
16064	1236.5	29.292	29.331	29.32	
16065	1236.6	29.292	29.331	29.32	
16066	1236.7	29.292	29.331	29.32	
16067	1236.8	29.292	29.331	29.321	
16068	1236.9	29.292	29.331	29.321	
16069	1237.	29.292	29.332	29.321	
16070	1237.	29.292	29.332	29.321	
16071	1237.	29.292	29.332	29.321	
16072	1237.	29.292	29.332	29.321	
16073	1237.1	29.292	29.332	29.321	
16074	1237.2	29.292	29.332	29.321	
16075	1237.3	29.293	29.332	29.321	
16076	1237.4	29.293	29.332	29.321	
16077	1237.5	29.293	29.332	29.321	
16078	1237.6	29.293	29.332	29.321	
16079	1237.7	29.293	29.332	29.321	
16080	1237.8	29.293	29.332	29.321	
16081	1237.9	29.293	29.332	29.322	
16082	1238.	29.293	29.332	29.322	
16083	1238.	29.293	29.332	29.322	
16084	1238.	29.293	29.332	29.322	
16085	1238.	29.293	29.332	29.322	
16086	1238.1	29.293	29.333	29.322	
16087	1238.2	29.293	29.333	29.322	
16088	1238.3	29.293	29.333	29.322	
16089	1238.4	29.294	29.333	29.322	
16090	1238.5	29.294	29.333	29.322	
16091	1238.6	29.294	29.333	29.322	
16092	1238.7	29.294	29.333	29.322	
16093	1238.8	29.294	29.333	29.322	
16094	1238.9	29.294	29.333	29.322	
16095	1239.	29.294	29.333	29.323	
16096	1239.	29.294	29.333	29.323	
16097	1239.	29.294	29.333	29.323	
16098	1239.	29.294	29.333	29.323	
16099	1239.1	29.294	29.333	29.323	
16100	1239.2	29.294	29.334	29.323	
16101	1239.3	29.294	29.334	29.323	
16102	1239.4	29.294	29.334	29.323	
16103	1239.5	29.295	29.334	29.323	
16104	1239.6	29.295	29.334	29.323	
16105	1239.7	29.295	29.334	29.323	
16106	1239.8	29.295	29.334	29.323	
16107	1239.9	29.295	29.334	29.323	
16108	1240.	29.295	29.334	29.323	
16109	1240.	29.295	29.334	29.323	
16110	1240.	29.295	29.334	29.323	
16111	1240.	29.295	29.334	29.324	
16112	1240.1	29.295	29.334	29.324	
16113	1240.2	29.295	29.335	29.324	
16114	1240.3	29.295	29.335	29.324	
16115	1240.4	29.295	29.335	29.324	
16116	1240.5	29.295	29.335	29.324	
16117	1240.6	29.296	29.335	29.324	
16118	1240.7	29.296	29.335	29.324	
16119	1240.8	29.296	29.335	29.324	
16120	1240.9	29.296	29.335	29.324	
16121	1241.	29.296	29.335	29.324	
16122	1241.	29.296	29.335	29.324	
16123	1241.	29.296	29.335	29.324	
16124	1241.	29.296	29.335	29.324	
16125	1241.1	29.296	29.335	29.325	
16126	1241.2	29.296	29.335	29.325	
16127	1241.3	29.296	29.336	29.325	
16128	1241.4	29.296	29.336	29.325	
16129	1241.5	29.296	29.336	29.325	
16130	1241.6	29.296	29.336	29.325	
16131	1241.7	29.297	29.336	29.325	
16132	1241.8	29.297	29.336	29.325	
16133	1241.9	29.297	29.336	29.325	
16134	1242.	29.297	29.336	29.325	
16135	1242.	29.297	29.336	29.325	
16136	1242.	29.297	29.336	29.325	
16137	1242.	29.297	29.336	29.325	
16138	1242.1	29.297	29.336	29.325	
16139	1242.2	29.297	29.336	29.326	
16140	1242.3	29.297	29.336	29.326	
16141	1242.4	29.297	29.337	29.326	
16142	1242.5	29.297	29.337	29.326	
16143	1242.6	29.297	29.337	29.326	
16144	1242.7	29.298	29.337	29.326	
16145	1242.8	29.298	29.337	29.326	
16146	1242.9	29.298	29.337	29.326	
16147	1243.	29.298	29.337	29.326	
16148	1243.	29.298	29.337	29.326	
16149	1243.	29.298	29.337	29.326	
16150	1243.	29.298	29.337	29.326	
16151	1243.1	29.298	29.337	29.326	
16152	1243.2	29.298	29.337	29.326	
16153	1243.3	29.298	29.337	29.327	
16154	1243.4	29.298	29.337	29.327	
16155	1243.5	29.298	29.338	29.327	
16156	1243.6	29.298	29.338	29.327	
16157	1243.7	29.298	29.338	29.327	
16158	1243.8	29.299	29.338	29.327	
16159	1243.9	29.299	29.338	29.327	
16160	1244.	29.299	29.338	29.327	
16161	1244.	29.299	29.338	29.327	
16162	1244.	29.299	29.338	29.327	
16163	1244.	29.299	29.338	29.327	
16164	1244.1	29.299	29.338	29.327	
16165	1244.2	29.299	29.338	29.327	
16166	1244.3	29.299	29.338	29.327	
16167	1244.4	29.299	29.338	29.328	
16168	1244.5	29.299	29.338	29.328	
16169	1244.6	29.299	29.339	29.328	
16170	1244.7	29.299	29.339	29.328	
16171	1244.8	29.299	29.339	29.328	
16172	1244.9	29.3	29.339	29.328	
16173	1245.	29.3	29.339	29.328	
16174	1245.	29.3	29.339	29.328	
16175	1245.	29.3	29.339	29.328	
16176	1245.	29.3	29.339	29.328	
16177	1245.1	29.3	29.339	29.328	
16178	1245.2	29.3	29.339	29.328	
16179	1245.3	29.3	29.339	29.328	
16180	1245.4	29.3	29.339	29.328	
16181	1245.5	29.3	29.339	29.329	
16182	1245.6	29.3	29.339	29.329	
16183	1245.7	29.3	29.34	29.329	
16184	1245.8	29.3	29.34	29.329	
16185	1245.9	29.3	29.34	29.329	
16186	1246.	29.3	29.34	29.329	
16187	1246.	29.301	29.34	29.329	
16188	1246.	29.301	29.34	29.329	
16189	1246.	29.301	29.34	29.329	
16190	1246.1	29.301	29.34	29.329	
16191	1246.2	29.301	29.34	29.329	
16192	1246.3	29.301	29.34	29.329	
16193	1246.4	29.301	29.34	29.329	
16194	1246.5	29.301	29.34	29.329	
16195	1246.6	29.301	29.34	29.33	
16196	1246.7	29.301	29.341	29.33	
16197	1246.8	29.301	29.341	29.33	
16198	1246.9	29.301	29.341	29.33	
16199	1247.	29.301	29.341	29.33	
16200	1247.	29.301	29.341	29.33	
16201	1247.	29.301	29.341	29.33	
16202	1247.	29.301	29.341	29.33	
16203	1247.1	29.302	29.341	29.33	
16204	1247.2	29.302	29.341	29.33	
16205	1247.3	29.302	29.341	29.33	
16206	1247.4	29.302	29.341	29.33	
16207	1247.5	29.302	29.341	29.33	
16208	1247.6	29.302	29.341	29.331	
16209	1247.7	29.302	29.341	29.331	
16210	1247.8	29.302	29.342	29.331	
16211	1247.9	29.302	29.342	29.331	
16212	1248.	29.302	29.342	29.331	
16213	1248.	29.302	29.342	29.331	
16214	1248.	29.302	29.342	29.331	
16215	1248.	29.302	29.342	29.331	
16216	1248.1	29.302	29.342	29.331	
16217	1248.2	29.303	29.342	29.331	
16218	1248.3	29.303	29.342	29.331	
16219	1248.4	29.303	29.342	29.331	
16220	1248.5	29.303	29.342	29.331	
16221	1248.6	29.303	29.342	29.331	
16222	1248.7	29.303	29.342	29.332	
16223	1248.8	29.303	29.342	29.332	
16224	1248.9	29.303	29.343	29.332	
16225	1249.	29.303	29.343	29.332	
16226	1249.	29.303	29.343	29.332	
16227	1249.	29.303	29.343	29.332	
16228	1249.	29.303	29.343	29.332	
16229	1249.1	29.303	29.343	29.332	
16230	1249.2	29.303	29.343	29.332	
16231	1249.3	29.304	29.343	29.332	
16232	1249.4	29.304	29.343	29.332	
16233	1249.5	29.304	29.343	29.332	
16234	1249.6	29.304	29.343	29.332	
16235	1249.7	29.304	29.343	29.332	
16236	1249.8	29.304	29.343	29.333	
16237	1249.9	29.304	29.343	29.333	
16238	1250.	29.304	29.344	29.333	
16239	1250.	29.304	29.344	29.333	
16240	1250.	29.304	29.344	29.333	
16241	1250.	29.304	29.344	29.333	
16242	1250.1	29.304	29.344	29.333	
16243	1250.2	29.304	29.344	29.333	
16244	1250.3	29.304	29.344	29.333	
16245	1250.4	29.305	29.344	29.333	
16246	1250.5	29.305	29.344	29.333	
16247	1250.6	29.305	29.344	29.333	
16248	1250.7	29.305	29.344	29.333	
16249	1250.8	29.305	29.344	29.333	
16250	1250.9	29.305	29.344	29.334	
16251	1251.	29.305	29.344	29.334	
16252	1251.	29.305	29.344	29.334	
16253	1251.	29.305	29.344	29.334	
16254	1251.	29.305	29.344	29.334	
16255	1251.1	29.305	29.345	29.334	
16256	1251.2	29.305	29.345	29.334	
16257	1251.3	29.305	29.345	29.334	
16258	1251.4	29.305	29.345	29.334	
16259	1251.5	29.306	29.345	29.334	
16260	1251.6	29.306	29.345	29.334	
16261	1251.7	29.306	29.345	29.334	
16262	1251.8	29.306	29.345	29.334	
16263	1251.9	29.306	29.345	29.334	
16264	1252.	29.306	29.345	29.335	
16265	1252.	29.306	29.345	29.335	
16266	1252.	29.306	29.345	29.335	
16267	1252.	29.306	29.345	29.335	
16268	1252.1	29.306	29.346	29.335	
16269	1252.2	29.306	29.346	29.335	
16270	1252.3	29.306	29.346	29.335	
16271	1252.4	29.306	29.346	29.335	
16272	1252.5	29.306	29.346	29.335	
16273	1252.6	29.307	29.346	29.335	
16274	1252.7	29.307	29.346	29.335	
16275	1252.8	29.307	29.346	29.335	
16276	1252.9	29.307	29.346	29.335	
16277	1253.	29.307	29.346	29.335	
16278	1253.	29.307	29.346	29.335	
16279	1253.	29.307	29.346	29.335	
16280	1253.	29.307	29.346	29.336	
16281	1253.1	29.307	29.346	29.336	
16282	1253.2	29.307	29.347	29.336	
16283	1253.3	29.307	29.347	29.336	
16284	1253.4	29.307	29.347	29.336	
16285	1253.5	29.307	29.347	29.336	
16286	1253.6	29.307	29.347	29.336	
16287	1253.7	29.308	29.347	29.336	
16288	1253.8	29.308	29.347	29.336	
16289	1253.9	29.308	29.347	29.336	
16290	1254.	29.308	29.347	29.336	
16291	1254.	29.308	29.347	29.336	
16292	1254.	29.308	29.347	29.336	
16293	1254.	29.308	29.347	29.336	
16294	1254.1	29.308	29.347	29.337	
16295	1254.2	29.308	29.347	29.337	
16296	1254.3	29.308	29.348	29.337	
16297	1254.4	29.308	29.348	29.337	
16298	1254.5	29.308	29.348	29.337	
16299	1254.6	29.308	29.348	29.337	
16300	1254.7	29.309	29.348	29.337	
16301	1254.8	29.309	29.348	29.337	
16302	1254.9	29.309	29.348	29.337	
16303	1255.	29.309	29.348	29.337	
16304	1255.	29.309	29.348	29.337	
16305	1255.	29.309	29.348	29.337	
16306	1255.	29.309	29.348	29.337	
16307	1255.1	29.309	29.348	29.337	
16308	1255.2	29.309	29.348	29.338	
16309	1255.3	29.309	29.348	29.338	
16310	1255.4	29.309	29.349	29.338	
16311	1255.5	29.309	29.349	29.338	
16312	1255.6	29.309	29.349	29.338	
16313	1255.7	29.309	29.349	29.338	
16314	1255.8	29.31	29.349	29.338	
16315	1255.9	29.31	29.349	29.338	
16316	1256.	29.31	29.349	29.338	
16317	1256.	29.31	29.349	29.338	
16318	1256.	29.31	29.349	29.338	
16319	1256.	29.31	29.349	29.338	
16320	1256.1	29.31	29.349	29.338	
16321	1256.2	29.31	29.349	29.338	
16322	1256.3	29.31	29.349	29.339	
16323	1256.4	29.31	29.349	29.339	
16324	1256.5	29.31	29.35	29.339	
16325	1256.6	29.31	29.35	29.339	
16326	1256.7	29.31	29.35	29.339	
16327	1256.8	29.31	29.35	29.339	
16328	1256.9	29.311	29.35	29.339	
16329	1257.	29.311	29.35	29.339	
16330	1257.	29.311	29.35	29.339	
16331	1257.	29.311	29.35	29.339	
16332	1257.	29.311	29.35	29.339	
16333	1257.1	29.311	29.35	29.339	
16334	1257.2	29.311	29.35	29.339	
16335	1257.3	29.311	29.35	29.339	
16336	1257.4	29.311	29.35	29.34	
16337	1257.5	29.311	29.35	29.34	
16338	1257.6	29.311	29.351	29.34	
16339	1257.7	29.311	29.351	29.34	
16340	1257.8	29.311	29.351	29.34	
16341	1257.9	29.311	29.351	29.34	
16342	1258.	29.311	29.351	29.34	
16343	1258.	29.312	29.351	29.34	
16344	1258.	29.312	29.351	29.34	
16345	1258.	29.312	29.351	29.34	
16346	1258.1	29.312	29.351	29.34	
16347	1258.2	29.312	29.351	29.34	
16348	1258.3	29.312	29.351	29.34	
16349	1258.4	29.312	29.351	29.34	
16350	1258.5	29.312	29.351	29.341	
16351	1258.6	29.312	29.352	29.341	
16352	1258.7	29.312	29.352	29.341	
16353	1258.8	29.312	29.352	29.341	
16354	1258.9	29.312	29.352	29.341	
16355	1259.	29.312	29.352	29.341	
16356	1259.	29.312	29.352	29.341	
16357	1259.	29.312	29.352	29.341	
16358	1259.	29.312	29.352	29.341	
16359	1259.1	29.313	29.352	29.341	
16360	1259.2	29.313	29.352	29.341	
16361	1259.3	29.313	29.352	29.341	
16362	1259.4	29.313	29.352	29.341	
16363	1259.5	29.313	29.352	29.341	
16364	1259.6	29.313	29.352	29.342	
16365	1259.7	29.313	29.353	29.342	
16366	1259.8	29.313	29.353	29.342	
16367	1259.9	29.313	29.353	29.342	
16368	1260.	29.313	29.353	29.342	
16369	1260.	29.313	29.353	29.342	
16370	1260.	29.313	29.353	29.342	
16371	1260.	29.313	29.353	29.342	
16372	1260.1	29.313	29.353	29.342	
16373	1260.2	29.314	29.353	29.342	
16374	1260.3	29.314	29.353	29.342	
16375	1260.4	29.314	29.353	29.342	
16376	1260.5	29.314	29.353	29.342	
16377	1260.6	29.314	29.353	29.342	
16378	1260.7	29.314	29.353	29.343	
16379	1260.8	29.314	29.354	29.343	
16380	1260.9	29.314	29.354	29.343	
16381	1261.	29.314	29.354	29.343	
16382	1261.	29.314	29.354	29.343	
16383	1261.	29.314	29.354	29.343	
16384	1261.	29.314	29.354	29.343	
16385	1261.1	29.314	29.354	29.343	
16386	1261.2	29.314	29.354	29.343	
16387	1261.3	29.315	29.354	29.343	
16388	1261.4	29.315	29.354	29.343	
16389	1261.5	29.315	29.354	29.343	
16390	1261.6	29.315	29.354	29.343	
16391	1261.7	29.315	29.354	29.344	
16392	1261.8	29.315	29.354	29.344	
16393	1261.9	29.315	29.355	29.344	
16394	1262.	29.315	29.355	29.344	
16395	1262.	29.315	29.355	29.344	
16396	1262.	29.315	29.355	29.344	
16397	1262.	29.315	29.355	29.344	
16398	1262.1	29.315	29.355	29.344	
16399	1262.2	29.315	29.355	29.344	
16400	1262.3	29.315	29.355	29.344	
16401	1262.4	29.316	29.355	29.344	
16402	1262.5	29.316	29.355	29.344	
16403	1262.6	29.316	29.355	29.344	
16404	1262.7	29.316	29.355	29.344	
16405	1262.8	29.316	29.355	29.345	
16406	1262.9	29.316	29.355	29.345	
16407	1263.	29.316	29.356	29.345	
16408	1263.	29.316	29.356	29.345	
16409	1263.	29.316	29.356	29.345	
16410	1263.	29.316	29.356	29.345	
16411	1263.1	29.316	29.356	29.345	
16412	1263.2	29.316	29.356	29.345	
16413	1263.3	29.316	29.356	29.345	
16414	1263.4	29.316	29.356	29.345	
16415	1263.5	29.317	29.356	29.345	
16416	1263.6	29.317	29.356	29.345	
16417	1263.7	29.317	29.356	29.345	
16418	1263.8	29.317	29.356	29.345	
16419	1263.9	29.317	29.356	29.346	
16420	1264.	29.317	29.356	29.346	
16421	1264.	29.317	29.356	29.346	
16422	1264.	29.317	29.356	29.346	
16423	1264.	29.317	29.356	29.346	
16424	1264.1	29.317	29.357	29.346	
16425	1264.2	29.317	29.357	29.346	
16426	1264.3	29.317	29.357	29.346	
16427	1264.4	29.317	29.357	29.346	
16428	1264.5	29.317	29.357	29.346	
16429	1264.6	29.318	29.357	29.346	
16430	1264.7	29.318	29.357	29.346	
16431	1264.8	29.318	29.357	29.346	
16432	1264.9	29.318	29.357	29.346	
16433	1265.	29.318	29.357	29.347	
16434	1265.	29.318	29.357	29.347	
16435	1265.	29.318	29.357	29.347	
16436	1265.	29.318	29.357	29.347	
16437	1265.1	29.318	29.358	29.347	
16438	1265.2	29.318	29.358	29.347	
16439	1265.3	29.318	29.358	29.347	
16440	1265.4	29.318	29.358	29.347	
16441	1265.5	29.318	29.358	29.347	
16442	1265.6	29.319	29.358	29.347	
16443	1265.7	29.319	29.358	29.347	
16444	1265.8	29.319	29.358	29.347	
16445	1265.9	29.319	29.358	29.347	
16446	1266.	29.319	29.358	29.347	
16447	1266.	29.319	29.358	29.347	
16448	1266.	29.319	29.358	29.347	
16449	1266.	29.319	29.358	29.347	
16450	1266.1	29.319	29.358	29.348	
16451	1266.2	29.319	29.359	29.348	
16452	1266.3	29.319	29.359	29.348	
16453	1266.4	29.319	29.359	29.348	
16454	1266.5	29.319	29.359	29.348	
16455	1266.6	29.319	29.359	29.348	
16456	1266.7	29.32	29.359	29.348	
16457	1266.8	29.32	29.359	29.348	
16458	1266.9	29.32	29.359	29.348	
16459	1267.	29.32	29.359	29.348	
16460	1267.	29.32	29.359	29.348	
16461	1267.	29.32	29.359	29.348	
16462	1267.	29.32	29.359	29.348	
16463	1267.1	29.32	29.359	29.348	
16464	1267.2	29.32	29.359	29.349	
16465	1267.3	29.32	29.36	29.349	
16466	1267.4	29.32	29.36	29.349	
16467	1267.5	29.32	29.36	29.349	
16468	1267.6	29.32	29.36	29.349	
16469	1267.7	29.32	29.36	29.349	
16470	1267.8	29.321	29.36	29.349	
16471	1267.9	29.321	29.36	29.349	
16472	1268.	29.321	29.36	29.349	
16473	1268.	29.321	29.36	29.349	
16474	1268.	29.321	29.36	29.349	
16475	1268.	29.321	29.36	29.349	
16476	1268.1	29.321	29.36	29.349	
16477	1268.2	29.321	29.36	29.349	
16478	1268.3	29.321	29.36	29.35	
16479	1268.4	29.321	29.361	29.35	
16480	1268.5	29.321	29.361	29.35	
16481	1268.6	29.321	29.361	29.35	
16482	1268.7	29.321	29.361	29.35	
16483	1268.8	29.321	29.361	29.35	
16484	1268.9	29.322	29.361	29.35	
16485	1269.	29.322	29.361	29.35	
16486	1269.	29.322	29.361	29.35	
16487	1269.	29.322	29.361	29.35	
16488	1269.	29.322	29.361	29.35	
16489	1269.1	29.322	29.361	29.35	
16490	1269.2	29.322	29.361	29.35	
16491	1269.3	29.322	29.361	29.351	
16492	1269.4	29.322	29.361	29.351	
16493	1269.5	29.322	29.362	29.351	
16494	1269.6	29.322	29.362	29.351	
16495	1269.7	29.322	29.362	29.351	
16496	1269.8	29.322	29.362	29.351	
16497	1269.9	29.322	29.362	29.351	
16498	1270.	29.322	29.362	29.351	
16499	1270.	29.323	29.362	29.351	
16500	1270.	29.323	29.362	29.351	
16501	1270.	29.323	29.362	29.351	
16502	1270.1	29.323	29.362	29.351	
16503	1270.2	29.323	29.362	29.351	
16504	1270.3	29.323	29.362	29.351	
16505	1270.4	29.323	29.362	29.352	
16506	1270.5	29.323	29.362	29.352	
16507	1270.6	29.323	29.363	29.352	
16508	1270.7	29.323	29.363	29.352	
16509	1270.8	29.323	29.363	29.352	
16510	1270.9	29.323	29.363	29.352	
16511	1271.	29.323	29.363	29.352	
16512	1271.	29.323	29.363	29.352	
16513	1271.	29.323	29.363	29.352	
16514	1271.	29.323	29.363	29.352	
16515	1271.1	29.324	29.363	29.352	
16516	1271.2	29.324	29.363	29.352	
16517	1271.3	29.324	29.363	29.352	
16518	1271.4	29.324	29.363	29.352	
16519	1271.5	29.324	29.363	29.353	
16520	1271.6	29.324	29.363	29.353	
16521	1271.7	29.324	29.364	29.353	
16522	1271.8	29.324	29.364	29.353	
16523	1271.9	29.324	29.364	29.353	
16524	1272.	29.324	29.364	29.353	
16525	1272.	29.324	29.364	29.353	
16526	1272.	29.324	29.364	29.353	
16527	1272.	29.324	29.364	29.353	
16528	1272.1	29.324	29.364	29.353	
16529	1272.2	29.325	29.364	29.353	
16530	1272.3	29.325	29.364	29.353	
16531	1272.4	29.325	29.364	29.353	
16532	1272.5	29.325	29.364	29.353	
16533	1272.6	29.325	29.364	29.354	
16534	1272.7	29.325	29.365	29.354	
16535	1272.8	29.325	29.365	29.354	
16536	1272.9	29.325	29.365	29.354	
16537	1273.	29.325	29.365	29.354	
16538	1273.	29.325	29.365	29.354	
16539	1273.	29.325	29.365	29.354	
16540	1273.	29.325	29.365	29.354	
16541	1273.1	29.325	29.365	29.354	
16542	1273.2	29.325	29.365	29.354	
16543	1273.3	29.326	29.365	29.354	
16544	1273.4	29.326	29.365	29.354	
16545	1273.5	29.326	29.365	29.354	
16546	1273.6	29.326	29.365	29.354	
16547	1273.7	29.326	29.365	29.355	
16548	1273.8	29.326	29.366	29.355	
16549	1273.9	29.326	29.366	29.355	
16550	1274.	29.326	29.366	29.355	
16551	1274.	29.326	29.366	29.355	
16552	1274.	29.326	29.366	29.355	
16553	1274.	29.326	29.366	29.355	
16554	1274.1	29.326	29.366	29.355	
16555	1274.2	29.326	29.366	29.355	
16556	1274.3	29.326	29.366	29.355	
16557	1274.4	29.327	29.366	29.355	
16558	1274.5	29.327	29.366	29.355	
16559	1274.6	29.327	29.366	29.355	
16560	1274.7	29.327	29.366	29.355	
16561	1274.8	29.327	29.366	29.356	
16562	1274.9	29.327	29.367	29.356	
16563	1275.	29.327	29.367	29.356	
16564	1275.	29.327	29.367	29.356	
16565	1275.	29.327	29.367	29.356	
16566	1275.	29.327	29.367	29.356	
16567	1275.1	29.327	29.367	29.356	
16568	1275.2	29.327	29.367	29.356	
16569	1275.3	29.327	29.367	29.356	
16570	1275.4	29.327	29.367	29.356	
16571	1275.5	29.328	29.367	29.356	
16572	1275.6	29.328	29.367	29.356	
16573	1275.7	29.328	29.367	29.356	
16574	1275.8	29.328	29.367	29.356	
16575	1275.9	29.328	29.367	29.357	
16576	1276.	29.328	29.368	29.357	
16577	1276.	29.328	29.368	29.357	
16578	1276.	29.328	29.368	29.357	
16579	1276.	29.328	29.368	29.357	
16580	1276.1	29.328	29.368	29.357	
16581	1276.2	29.328	29.368	29.357	
16582	1276.3	29.328	29.368	29.357	
16583	1276.4	29.328	29.368	29.357	
16584	1276.5	29.328	29.368	29.357	
16585	1276.6	29.329	29.368	29.357	
16586	1276.7	29.329	29.368	29.357	
16587	1276.8	29.329	29.368	29.357	
16588	1276.9	29.329	29.368	29.358	
16589	1277.	29.329	29.368	29.358	
16590	1277.	29.329	29.368	29.358	
16591	1277.	29.329	29.368	29.358	
16592	1277.	29.329	29.368	29.358	
16593	1277.1	29.329	29.369	29.358	
16594	1277.2	29.329	29.369	29.358	
16595	1277.3	29.329	29.369	29.358	
16596	1277.4	29.329	29.369	29.358	
16597	1277.5	29.329	29.369	29.358	
16598	1277.6	29.329	29.369	29.358	
16599	1277.7	29.33	29.369	29.358	
16600	1277.8	29.33	29.369	29.358	
16601	1277.9	29.33	29.369	29.358	
16602	1278.	29.33	29.369	29.358	
16603	1278.	29.33	29.369	29.358	
16604	1278.	29.33	29.369	29.359	
16605	1278.	29.33	29.369	29.359	
16606	1278.1	29.33	29.369	29.359	
16607	1278.2	29.33	29.37	29.359	
16608	1278.3	29.33	29.37	29.359	
16609	1278.4	29.33	29.37	29.359	
16610	1278.5	29.33	29.37	29.359	
16611	1278.6	29.33	29.37	29.359	
16612	1278.7	29.33	29.37	29.359	
16613	1278.8	29.331	29.37	29.359	
16614	1278.9	29.331	29.37	29.359	
16615	1279.	29.331	29.37	29.359	
16616	1279.	29.331	29.37	29.359	
16617	1279.	29.331	29.37	29.359	
16618	1279.	29.331	29.37	29.359	
16619	1279.1	29.331	29.37	29.36	
16620	1279.2	29.331	29.371	29.36	
16621	1279.3	29.331	29.371	29.36	
16622	1279.4	29.331	29.371	29.36	
16623	1279.5	29.331	29.371	29.36	
16624	1279.6	29.331	29.371	29.36	
16625	1279.7	29.331	29.371	29.36	
16626	1279.8	29.332	29.371	29.36	
16627	1279.9	29.332	29.371	29.36	
16628	1280.	29.332	29.371	29.36	
16629	1280.	29.332	29.371	29.36	
16630	1280.	29.332	29.371	29.36	
16631	1280.	29.332	29.371	29.36	
16632	1280.1	29.332	29.371	29.36	
16633	1280.2	29.332	29.371	29.361	
16634	1280.3	29.332	29.372	29.361	
16635	1280.4	29.332	29.372	29.361	
16636	1280.5	29.332	29.372	29.361	
16637	1280.6	29.332	29.372	29.361	
16638	1280.7	29.332	29.372	29.361	
16639	1280.8	29.332	29.372	29.361	
16640	1280.9	29.333	29.372	29.361	
16641	1281.	29.333	29.372	29.361	
16642	1281.	29.333	29.372	29.361	
16643	1281.	29.333	29.372	29.361	
16644	1281.	29.333	29.372	29.361	
16645	1281.1	29.333	29.372	29.361	
16646	1281.2	29.333	29.372	29.361	
16647	1281.3	29.333	29.372	29.362	
16648	1281.4	29.333	29.373	29.362	
16649	1281.5	29.333	29.373	29.362	
16650	1281.6	29.333	29.373	29.362	
16651	1281.7	29.333	29.373	29.362	
16652	1281.8	29.333	29.373	29.362	
16653	1281.9	29.333	29.373	29.362	
16654	1282.	29.333	29.373	29.362	
16655	1282.	29.333	29.373	29.362	
16656	1282.	29.333	29.373	29.362	
16657	1282.	29.334	29.373	29.362	
16658	1282.1	29.334	29.373	29.362	
16659	1282.2	29.334	29.373	29.362	
16660	1282.3	29.334	29.373	29.362	
16661	1282.4	29.334	29.373	29.363	
16662	1282.5	29.334	29.374	29.363	
16663	1282.6	29.334	29.374	29.363	
16664	1282.7	29.334	29.374	29.363	
16665	1282.8	29.334	29.374	29.363	
16666	1282.9	29.334	29.374	29.363	
16667	1283.	29.334	29.374	29.363	
16668	1283.	29.334	29.374	29.363	
16669	1283.	29.334	29.374	29.363	
16670	1283.	29.334	29.374	29.363	
16671	1283.1	29.335	29.374	29.363	
16672	1283.2	29.335	29.374	29.363	
16673	1283.3	29.335	29.374	29.363	
16674	1283.4	29.335	29.374	29.363	
16675	1283.5	29.335	29.374	29.364	
16676	1283.6	29.335	29.375	29.364	
16677	1283.7	29.335	29.375	29.364	
16678	1283.8	29.335	29.375	29.364	
16679	1283.9	29.335	29.375	29.364	
16680	1284.	29.335	29.375	29.364	
16681	1284.	29.335	29.375	29.364	
16682	1284.	29.335	29.375	29.364	
16683	1284.	29.335	29.375	29.364	
16684	1284.1	29.335	29.375	29.364	
16685	1284.2	29.336	29.375	29.364	
16686	1284.3	29.336	29.375	29.364	
16687	1284.4	29.336	29.375	29.364	
16688	1284.5	29.336	29.375	29.364	
16689	1284.6	29.336	29.375	29.365	
16690	1284.7	29.336	29.376	29.365	
16691	1284.8	29.336	29.376	29.365	
16692	1284.9	29.336	29.376	29.365	
16693	1285.	29.336	29.376	29.365	
16694	1285.	29.336	29.376	29.365	
16695	1285.	29.336	29.376	29.365	
16696	1285.	29.336	29.376	29.365	
16697	1285.1	29.336	29.376	29.365	
16698	1285.2	29.336	29.376	29.365	
16699	1285.3	29.337	29.376	29.365	
16700	1285.4	29.337	29.376	29.365	
16701	1285.5	29.337	29.376	29.365	
16702	1285.6	29.337	29.376	29.366	
16703	1285.7	29.337	29.376	29.366	
16704	1285.8	29.337	29.377	29.366	
16705	1285.9	29.337	29.377	29.366	
16706	1286.	29.337	29.377	29.366	
16707	1286.	29.337	29.377	29.366	
16708	1286.	29.337	29.377	29.366	
16709	1286.	29.337	29.377	29.366	
16710	1286.1	29.337	29.377	29.366	
16711	1286.2	29.337	29.377	29.366	
16712	1286.3	29.337	29.377	29.366	
16713	1286.4	29.338	29.377	29.366	
16714	1286.5	29.338	29.377	29.366	
16715	1286.6	29.338	29.377	29.366	
16716	1286.7	29.338	29.377	29.367	
16717	1286.8	29.338	29.378	29.367	
16718	1286.9	29.338	29.378	29.367	
16719	1287.	29.338	29.378	29.367	
16720	1287.	29.338	29.378	29.367	
16721	1287.	29.338	29.378	29.367	
16722	1287.	29.338	29.378	29.367	
16723	1287.1	29.338	29.378	29.367	
16724	1287.2	29.338	29.378	29.367	
16725	1287.3	29.338	29.378	29.367	
16726	1287.4	29.338	29.378	29.367	
16727	1287.5	29.339	29.378	29.367	
16728	1287.6	29.339	29.378	29.367	
16729	1287.7	29.339	29.378	29.367	
16730	1287.8	29.339	29.378	29.368	
16731	1287.9	29.339	29.379	29.368	
16732	1288.	29.339	29.379	29.368	
16733	1288.	29.339	29.379	29.368	
16734	1288.	29.339	29.379	29.368	
16735	1288.	29.339	29.379	29.368	
16736	1288.1	29.339	29.379	29.368	
16737	1288.2	29.339	29.379	29.368	
16738	1288.3	29.339	29.379	29.368	
16739	1288.4	29.339	29.379	29.368	
16740	1288.5	29.339	29.379	29.368	
16741	1288.6	29.34	29.379	29.368	
16742	1288.7	29.34	29.379	29.368	
16743	1288.8	29.34	29.379	29.368	
16744	1288.9	29.34	29.379	29.369	
16745	1289.	29.34	29.379	29.369	
16746	1289.	29.34	29.38	29.369	
16747	1289.	29.34	29.38	29.369	
16748	1289.	29.34	29.38	29.369	
16749	1289.1	29.34	29.38	29.369	
16750	1289.2	29.34	29.38	29.369	
16751	1289.3	29.34	29.38	29.369	
16752	1289.4	29.34	29.38	29.369	
16753	1289.5	29.34	29.38	29.369	
16754	1289.6	29.34	29.38	29.369	
16755	1289.7	29.341	29.38	29.369	
16756	1289.8	29.341	29.38	29.369	
16757	1289.9	29.341	29.38	29.369	
16758	1290.	29.341	29.38	29.37	
16759	1290.	29.341	29.38	29.37	
16760	1290.	29.341	29.38	29.37	
16761	1290.	29.341	29.38	29.37	
16762	1290.1	29.341	29.381	29.37	
16763	1290.2	29.341	29.381	29.37	
16764	1290.3	29.341	29.381	29.37	
16765	1290.4	29.341	29.381	29.37	
16766	1290.5	29.341	29.381	29.37	
16767	1290.6	29.341	29.381	29.37	
16768	1290.7	29.341	29.381	29.37	
16769	1290.8	29.342	29.381	29.37	
16770	1290.9	29.342	29.381	29.37	
16771	1291.	29.342	29.381	29.37	
16772	1291.	29.342	29.381	29.37	
16773	1291.	29.342	29.381	29.37	
16774	1291.	29.342	29.381	29.37	
16775	1291.1	29.342	29.381	29.371	
16776	1291.2	29.342	29.382	29.371	
16777	1291.3	29.342	29.382	29.371	
16778	1291.4	29.342	29.382	29.371	
16779	1291.5	29.342	29.382	29.371	
16780	1291.6	29.342	29.382	29.371	
16781	1291.7	29.342	29.382	29.371	
16782	1291.8	29.342	29.382	29.371	
16783	1291.9	29.343	29.382	29.371	
16784	1292.	29.343	29.382	29.371	
16785	1292.	29.343	29.382	29.371	
16786	1292.	29.343	29.382	29.371	
16787	1292.	29.343	29.382	29.371	
16788	1292.1	29.343	29.382	29.371	
16789	1292.2	29.343	29.382	29.372	
16790	1292.3	29.343	29.383	29.372	
16791	1292.4	29.343	29.383	29.372	
16792	1292.5	29.343	29.383	29.372	
16793	1292.6	29.343	29.383	29.372	
16794	1292.7	29.343	29.383	29.372	
16795	1292.8	29.343	29.383	29.372	
16796	1292.9	29.343	29.383	29.372	
16797	1293.	29.344	29.383	29.372	
16798	1293.	29.344	29.383	29.372	
16799	1293.	29.344	29.383	29.372	
16800	1293.	29.344	29.383	29.372	
16801	1293.1	29.344	29.383	29.372	
16802	1293.2	29.344	29.383	29.373	
16803	1293.3	29.344	29.383	29.373	
16804	1293.4	29.344	29.384	29.373	
16805	1293.5	29.344	29.384	29.373	
16806	1293.6	29.344	29.384	29.373	
16807	1293.7	29.344	29.384	29.373	
16808	1293.8	29.344	29.384	29.373	
16809	1293.9	29.344	29.384	29.373	
16810	1294.	29.344	29.384	29.373	
16811	1294.	29.344	29.384	29.373	
16812	1294.	29.344	29.384	29.373	
16813	1294.	29.345	29.384	29.373	
16814	1294.1	29.345	29.384	29.373	
16815	1294.2	29.345	29.384	29.373	
16816	1294.3	29.345	29.384	29.374	
16817	1294.4	29.345	29.385	29.374	
16818	1294.5	29.345	29.385	29.374	
16819	1294.6	29.345	29.385	29.374	
16820	1294.7	29.345	29.385	29.374	
16821	1294.8	29.345	29.385	29.374	
16822	1294.9	29.345	29.385	29.374	
16823	1295.	29.345	29.385	29.374	
16824	1295.	29.345	29.385	29.374	
16825	1295.	29.345	29.385	29.374	
16826	1295.	29.345	29.385	29.374	
16827	1295.1	29.346	29.385	29.374	
16828	1295.2	29.346	29.385	29.374	
16829	1295.3	29.346	29.385	29.374	
16830	1295.4	29.346	29.385	29.375	
16831	1295.5	29.346	29.386	29.375	
16832	1295.6	29.346	29.386	29.375	
16833	1295.7	29.346	29.386	29.375	
16834	1295.8	29.346	29.386	29.375	
16835	1295.9	29.346	29.386	29.375	
16836	1296.	29.346	29.386	29.375	
16837	1296.	29.346	29.386	29.375	
16838	1296.	29.346	29.386	29.375	
16839	1296.	29.346	29.386	29.375	
16840	1296.1	29.346	29.386	29.375	
16841	1296.2	29.347	29.386	29.375	
16842	1296.3	29.347	29.386	29.375	
16843	1296.4	29.347	29.386	29.375	
16844	1296.5	29.347	29.386	29.376	
16845	1296.6	29.347	29.387	29.376	
16846	1296.7	29.347	29.387	29.376	
16847	1296.8	29.347	29.387	29.376	
16848	1296.9	29.347	29.387	29.376	
16849	1297.	29.347	29.387	29.376	
16850	1297.	29.347	29.387	29.376	
16851	1297.	29.347	29.387	29.376	
16852	1297.	29.347	29.387	29.376	
16853	1297.1	29.347	29.387	29.376	
16854	1297.2	29.347	29.387	29.376	
16855	1297.3	29.348	29.387	29.376	
16856	1297.4	29.348	29.387	29.376	
16857	1297.5	29.348	29.387	29.376	
16858	1297.6	29.348	29.387	29.377	
16859	1297.7	29.348	29.388	29.377	
16860	1297.8	29.348	29.388	29.377	
16861	1297.9	29.348	29.388	29.377	
16862	1298.	29.348	29.388	29.377	
16863	1298.	29.348	29.388	29.377	
16864	1298.	29.348	29.388	29.377	
16865	1298.	29.348	29.388	29.377	
16866	1298.1	29.348	29.388	29.377	
16867	1298.2	29.348	29.388	29.377	
16868	1298.3	29.348	29.388	29.377	
16869	1298.4	29.349	29.388	29.377	
16870	1298.5	29.349	29.388	29.377	
16871	1298.6	29.349	29.388	29.377	
16872	1298.7	29.349	29.388	29.378	
16873	1298.8	29.349	29.389	29.378	
16874	1298.9	29.349	29.389	29.378	
16875	1299.	29.349	29.389	29.378	
16876	1299.	29.349	29.389	29.378	
16877	1299.	29.349	29.389	29.378	
16878	1299.	29.349	29.389	29.378	
16879	1299.1	29.349	29.389	29.378	
16880	1299.2	29.349	29.389	29.378	
16881	1299.3	29.349	29.389	29.378	
16882	1299.4	29.349	29.389	29.378	
16883	1299.5	29.35	29.389	29.378	
16884	1299.6	29.35	29.389	29.378	
16885	1299.7	29.35	29.389	29.378	
16886	1299.8	29.35	29.389	29.379	
16887	1299.9	29.35	29.39	29.379	
16888	1300.	29.35	29.39	29.379	
16889	1300.	29.35	29.39	29.379	
16890	1300.	29.35	29.39	29.379	
16891	1300.	29.35	29.39	29.379	
16892	1300.1	29.35	29.39	29.379	
16893	1300.2	29.35	29.39	29.379	
16894	1300.3	29.35	29.39	29.379	
16895	1300.4	29.35	29.39	29.379	
16896	1300.5	29.35	29.39	29.379	
16897	1300.6	29.351	29.39	29.379	
16898	1300.7	29.351	29.39	29.379	
16899	1300.8	29.351	29.39	29.379	
16900	1300.9	29.351	29.39	29.38	
16901	1301.	29.351	29.391	29.38	
16902	1301.	29.351	29.391	29.38	
16903	1301.	29.351	29.391	29.38	
16904	1301.	29.351	29.391	29.38	
16905	1301.1	29.351	29.391	29.38	
16906	1301.2	29.351	29.391	29.38	
16907	1301.3	29.351	29.391	29.38	
16908	1301.4	29.351	29.391	29.38	
16909	1301.5	29.351	29.391	29.38	
16910	1301.6	29.351	29.391	29.38	
16911	1301.7	29.352	29.391	29.38	
16912	1301.8	29.352	29.391	29.38	
16913	1301.9	29.352	29.391	29.38	
16914	1302.	29.352	29.391	29.381	
16915	1302.	29.352	29.391	29.381	
16916	1302.	29.352	29.391	29.381	
16917	1302.	29.352	29.392	29.381	
16918	1302.1	29.352	29.392	29.381	
16919	1302.2	29.352	29.392	29.381	
16920	1302.3	29.352	29.392	29.381	
16921	1302.4	29.352	29.392	29.381	
16922	1302.5	29.352	29.392	29.381	
16923	1302.6	29.352	29.392	29.381	
16924	1302.7	29.352	29.392	29.381	
16925	1302.8	29.353	29.392	29.381	
16926	1302.9	29.353	29.392	29.381	
16927	1303.	29.353	29.392	29.381	
16928	1303.	29.353	29.392	29.381	
16929	1303.	29.353	29.392	29.381	
16930	1303.	29.353	29.392	29.382	
16931	1303.1	29.353	29.393	29.382	
16932	1303.2	29.353	29.393	29.382	
16933	1303.3	29.353	29.393	29.382	
16934	1303.4	29.353	29.393	29.382	
16935	1303.5	29.353	29.393	29.382	
16936	1303.6	29.353	29.393	29.382	
16937	1303.7	29.353	29.393	29.382	
16938	1303.8	29.353	29.393	29.382	
16939	1303.9	29.354	29.393	29.382	
16940	1304.	29.354	29.393	29.382	
16941	1304.	29.354	29.393	29.382	
16942	1304.	29.354	29.393	29.382	
16943	1304.	29.354	29.393	29.382	
16944	1304.1	29.354	29.393	29.383	
16945	1304.2	29.354	29.394	29.383	
16946	1304.3	29.354	29.394	29.383	
16947	1304.4	29.354	29.394	29.383	
16948	1304.5	29.354	29.394	29.383	
16949	1304.6	29.354	29.394	29.383	
16950	1304.7	29.354	29.394	29.383	
16951	1304.8	29.354	29.394	29.383	
16952	1304.9	29.354	29.394	29.383	
16953	1305.	29.355	29.394	29.383	
16954	1305.	29.355	29.394	29.383	
16955	1305.	29.355	29.394	29.383	
16956	1305.	29.355	29.394	29.383	
16957	1305.1	29.355	29.394	29.383	
16958	1305.2	29.355	29.394	29.384	
16959	1305.3	29.355	29.395	29.384	
16960	1305.4	29.355	29.395	29.384	
16961	1305.5	29.355	29.395	29.384	
16962	1305.6	29.355	29.395	29.384	
16963	1305.7	29.355	29.395	29.384	
16964	1305.8	29.355	29.395	29.384	
16965	1305.9	29.355	29.395	29.384	
16966	1306.	29.355	29.395	29.384	
16967	1306.	29.355	29.395	29.384	
16968	1306.	29.355	29.395	29.384	
16969	1306.	29.355	29.395	29.384	
16970	1306.1	29.356	29.395	29.384	
16971	1306.2	29.356	29.395	29.384	
16972	1306.3	29.356	29.395	29.385	
16973	1306.4	29.356	29.396	29.385	
16974	1306.5	29.356	29.396	29.385	
16975	1306.6	29.356	29.396	29.385	
16976	1306.7	29.356	29.396	29.385	
16977	1306.8	29.356	29.396	29.385	
16978	1306.9	29.356	29.396	29.385	
16979	1307.	29.356	29.396	29.385	
16980	1307.	29.356	29.396	29.385	
16981	1307.	29.356	29.396	29.385	
16982	1307.	29.356	29.396	29.385	
16983	1307.1	29.356	29.396	29.385	
16984	1307.2	29.357	29.396	29.385	
16985	1307.3	29.357	29.396	29.385	
16986	1307.4	29.357	29.396	29.386	
16987	1307.5	29.357	29.397	29.386	
16988	1307.6	29.357	29.397	29.386	
16989	1307.7	29.357	29.397	29.386	
16990	1307.8	29.357	29.397	29.386	
16991	1307.9	29.357	29.397	29.386	
16992	1308.	29.357	29.397	29.386	
16993	1308.	29.357	29.397	29.386	
16994	1308.	29.357	29.397	29.386	
16995	1308.	29.357	29.397	29.386	
16996	1308.1	29.357	29.397	29.386	
16997	1308.2	29.357	29.397	29.386	
16998	1308.3	29.358	29.397	29.386	
16999	1308.4	29.358	29.397	29.386	
17000	1308.5	29.358	29.397	29.387	
17001	1308.6	29.358	29.398	29.387	
17002	1308.7	29.358	29.398	29.387	
17003	1308.8	29.358	29.398	29.387	
17004	1308.9	29.358	29.398	29.387	
17005	1309.	29.358	29.398	29.387	
17006	1309.	29.358	29.398	29.387	
17007	1309.	29.358	29.398	29.387	
17008	1309.	29.358	29.398	29.387	
17009	1309.1	29.358	29.398	29.387	
17010	1309.2	29.358	29.398	29.387	
17011	1309.3	29.358	29.398	29.387	
17012	1309.4	29.359	29.398	29.387	
17013	1309.5	29.359	29.398	29.387	
17014	1309.6	29.359	29.399	29.388	
17015	1309.7	29.359	29.399	29.388	
17016	1309.8	29.359	29.399	29.388	
17017	1309.9	29.359	29.399	29.388	
17018	1310.	29.359	29.399	29.388	
17019	1310.	29.359	29.399	29.388	
17020	1310.	29.359	29.399	29.388	
17021	1310.	29.359	29.399	29.388	
17022	1310.1	29.359	29.399	29.388	
17023	1310.2	29.359	29.399	29.388	
17024	1310.3	29.359	29.399	29.388	
17025	1310.4	29.359	29.399	29.388	
17026	1310.5	29.36	29.399	29.388	
17027	1310.6	29.36	29.399	29.388	
17028	1310.7	29.36	29.4	29.389	
17029	1310.8	29.36	29.4	29.389	
17030	1310.9	29.36	29.4	29.389	
17031	1311.	29.36	29.4	29.389	
17032	1311.	29.36	29.4	29.389	
17033	1311.	29.36	29.4	29.389	
17034	1311.	29.36	29.4	29.389	
17035	1311.1	29.36	29.4	29.389	
17036	1311.2	29.36	29.4	29.389	
17037	1311.3	29.36	29.4	29.389	
17038	1311.4	29.36	29.4	29.389	
17039	1311.5	29.36	29.4	29.389	
17040	1311.6	29.361	29.4	29.389	
17041	1311.7	29.361	29.4	29.39	
17042	1311.8	29.361	29.401	29.39	
17043	1311.9	29.361	29.401	29.39	
17044	1312.	29.361	29.401	29.39	
17045	1312.	29.361	29.401	29.39	
17046	1312.	29.361	29.401	29.39	
17047	1312.	29.361	29.401	29.39	
17048	1312.1	29.361	29.401	29.39	
17049	1312.2	29.361	29.401	29.39	
17050	1312.3	29.361	29.401	29.39	
17051	1312.4	29.361	29.401	29.39	
17052	1312.5	29.361	29.401	29.39	
17053	1312.6	29.362	29.401	29.39	
17054	1312.7	29.362	29.401	29.39	
17055	1312.8	29.362	29.401	29.391	
17056	1312.9	29.362	29.402	29.391	
17057	1313.	29.362	29.402	29.391	
17058	1313.	29.362	29.402	29.391	
17059	1313.	29.362	29.402	29.391	
17060	1313.	29.362	29.402	29.391	
17061	1313.1	29.362	29.402	29.391	
17062	1313.2	29.362	29.402	29.391	
17063	1313.3	29.362	29.402	29.391	
17064	1313.4	29.362	29.402	29.391	
17065	1313.5	29.362	29.402	29.391	
17066	1313.6	29.362	29.402	29.391	
17067	1313.7	29.363	29.402	29.391	
17068	1313.8	29.363	29.402	29.391	
17069	1313.9	29.363	29.402	29.392	
17070	1314.	29.363	29.403	29.392	
17071	1314.	29.363	29.403	29.392	
17072	1314.	29.363	29.403	29.392	
17073	1314.	29.363	29.403	29.392	
17074	1314.1	29.363	29.403	29.392	
17075	1314.2	29.363	29.403	29.392	
17076	1314.3	29.363	29.403	29.392	
17077	1314.4	29.363	29.403	29.392	
17078	1314.5	29.363	29.403	29.392	
17079	1314.6	29.363	29.403	29.392	
17080	1314.7	29.363	29.403	29.392	
17081	1314.8	29.364	29.403	29.392	
17082	1314.9	29.364	29.403	29.392	
17083	1315.	29.364	29.403	29.392	
17084	1315.	29.364	29.403	29.393	
17085	1315.	29.364	29.403	29.393	
17086	1315.	29.364	29.403	29.393	
17087	1315.1	29.364	29.404	29.393	
17088	1315.2	29.364	29.404	29.393	
17089	1315.3	29.364	29.404	29.393	
17090	1315.4	29.364	29.404	29.393	
17091	1315.5	29.364	29.404	29.393	
17092	1315.6	29.364	29.404	29.393	
17093	1315.7	29.364	29.404	29.393	
17094	1315.8	29.364	29.404	29.393	
17095	1315.9	29.365	29.404	29.393	
17096	1316.	29.365	29.404	29.393	
17097	1316.	29.365	29.404	29.393	
17098	1316.	29.365	29.404	29.393	
17099	1316.	29.365	29.404	29.393	
17100	1316.1	29.365	29.404	29.394	
17101	1316.2	29.365	29.405	29.394	
17102	1316.3	29.365	29.405	29.394	
17103	1316.4	29.365	29.405	29.394	
17104	1316.5	29.365	29.405	29.394	
17105	1316.6	29.365	29.405	29.394	
17106	1316.7	29.365	29.405	29.394	
17107	1316.8	29.365	29.405	29.394	
17108	1316.9	29.365	29.405	29.394	
17109	1317.	29.365	29.405	29.394	
17110	1317.	29.365	29.405	29.394	
17111	1317.	29.366	29.405	29.394	
17112	1317.	29.366	29.405	29.394	
17113	1317.1	29.366	29.405	29.394	
17114	1317.2	29.366	29.405	29.395	
17115	1317.3	29.366	29.406	29.395	
17116	1317.4	29.366	29.406	29.395	
17117	1317.5	29.366	29.406	29.395	
17118	1317.6	29.366	29.406	29.395	
17119	1317.7	29.366	29.406	29.395	
17120	1317.8	29.366	29.406	29.395	
17121	1317.9	29.366	29.406	29.395	
17122	1318.	29.366	29.406	29.395	
17123	1318.	29.366	29.406	29.395	
17124	1318.	29.366	29.406	29.395	
17125	1318.	29.366	29.406	29.395	
17126	1318.1	29.367	29.406	29.395	
17127	1318.2	29.367	29.406	29.395	
17128	1318.3	29.367	29.407	29.396	
17129	1318.4	29.367	29.407	29.396	
17130	1318.5	29.367	29.407	29.396	
17131	1318.6	29.367	29.407	29.396	
17132	1318.7	29.367	29.407	29.396	
17133	1318.8	29.367	29.407	29.396	
17134	1318.9	29.367	29.407	29.396	
17135	1319.	29.367	29.407	29.396	
17136	1319.	29.367	29.407	29.396	
17137	1319.	29.367	29.407	29.396	
17138	1319.	29.367	29.407	29.396	
17139	1319.1	29.367	29.407	29.396	
17140	1319.2	29.368	29.407	29.396	
17141	1319.3	29.368	29.407	29.396	
17142	1319.4	29.368	29.408	29.397	
17143	1319.5	29.368	29.408	29.397	
17144	1319.6	29.368	29.408	29.397	
17145	1319.7	29.368	29.408	29.397	
17146	1319.8	29.368	29.408	29.397	
17147	1319.9	29.368	29.408	29.397	
17148	1320.	29.368	29.408	29.397	
17149	1320.	29.368	29.408	29.397	
17150	1320.	29.368	29.408	29.397	
17151	1320.	29.368	29.408	29.397	
17152	1320.1	29.368	29.408	29.397	
17153	1320.2	29.368	29.408	29.397	
17154	1320.3	29.369	29.408	29.397	
17155	1320.4	29.369	29.408	29.397	
17156	1320.5	29.369	29.409	29.398	
17157	1320.6	29.369	29.409	29.398	
17158	1320.7	29.369	29.409	29.398	
17159	1320.8	29.369	29.409	29.398	
17160	1320.9	29.369	29.409	29.398	
17161	1321.	29.369	29.409	29.398	
17162	1321.	29.369	29.409	29.398	
17163	1321.	29.369	29.409	29.398	
17164	1321.	29.369	29.409	29.398	
17165	1321.1	29.369	29.409	29.398	
17166	1321.2	29.369	29.409	29.398	
17167	1321.3	29.369	29.409	29.398	
17168	1321.4	29.37	29.409	29.398	
17169	1321.5	29.37	29.409	29.399	
17170	1321.6	29.37	29.41	29.399	
17171	1321.7	29.37	29.41	29.399	
17172	1321.8	29.37	29.41	29.399	
17173	1321.9	29.37	29.41	29.399	
17174	1322.	29.37	29.41	29.399	
17175	1322.	29.37	29.41	29.399	
17176	1322.	29.37	29.41	29.399	
17177	1322.	29.37	29.41	29.399	
17178	1322.1	29.37	29.41	29.399	
17179	1322.2	29.37	29.41	29.399	
17180	1322.3	29.37	29.41	29.399	
17181	1322.4	29.37	29.41	29.399	
17182	1322.5	29.371	29.41	29.399	
17183	1322.6	29.371	29.41	29.4	
17184	1322.7	29.371	29.411	29.4	
17185	1322.8	29.371	29.411	29.4	
17186	1322.9	29.371	29.411	29.4	
17187	1323.	29.371	29.411	29.4	
17188	1323.	29.371	29.411	29.4	
17189	1323.	29.371	29.411	29.4	
17190	1323.	29.371	29.411	29.4	
17191	1323.1	29.371	29.411	29.4	
17192	1323.2	29.371	29.411	29.4	
17193	1323.3	29.371	29.411	29.4	
17194	1323.4	29.371	29.411	29.4	
17195	1323.5	29.371	29.411	29.4	
17196	1323.6	29.372	29.411	29.4	
17197	1323.7	29.372	29.411	29.401	
17198	1323.8	29.372	29.412	29.401	
17199	1323.9	29.372	29.412	29.401	
17200	1324.	29.372	29.412	29.401	
17201	1324.	29.372	29.412	29.401	
17202	1324.	29.372	29.412	29.401	
17203	1324.	29.372	29.412	29.401	
17204	1324.1	29.372	29.412	29.401	
17205	1324.2	29.372	29.412	29.401	
17206	1324.3	29.372	29.412	29.401	
17207	1324.4	29.372	29.412	29.401	
17208	1324.5	29.372	29.412	29.401	
17209	1324.6	29.372	29.412	29.401	
17210	1324.7	29.373	29.412	29.401	
17211	1324.8	29.373	29.412	29.402	
17212	1324.9	29.373	29.413	29.402	
17213	1325.	29.373	29.413	29.402	
17214	1325.	29.373	29.413	29.402	
17215	1325.	29.373	29.413	29.402	
17216	1325.	29.373	29.413	29.402	
17217	1325.1	29.373	29.413	29.402	
17218	1325.2	29.373	29.413	29.402	
17219	1325.3	29.373	29.413	29.402	
17220	1325.4	29.373	29.413	29.402	
17221	1325.5	29.373	29.413	29.402	
17222	1325.6	29.373	29.413	29.402	
17223	1325.7	29.373	29.413	29.402	
17224	1325.8	29.374	29.413	29.402	
17225	1325.9	29.374	29.413	29.403	
17226	1326.	29.374	29.414	29.403	
17227	1326.	29.374	29.414	29.403	
17228	1326.	29.374	29.414	29.403	
17229	1326.	29.374	29.414	29.403	
17230	1326.1	29.374	29.414	29.403	
17231	1326.2	29.374	29.414	29.403	
17232	1326.3	29.374	29.414	29.403	
17233	1326.4	29.374	29.414	29.403	
17234	1326.5	29.374	29.414	29.403	
17235	1326.6	29.374	29.414	29.403	
17236	1326.7	29.374	29.414	29.403	
17237	1326.8	29.374	29.414	29.403	
17238	1326.9	29.375	29.414	29.403	
17239	1327.	29.375	29.414	29.404	
17240	1327.	29.375	29.414	29.404	
17241	1327.	29.375	29.414	29.404	
17242	1327.	29.375	29.415	29.404	
17243	1327.1	29.375	29.415	29.404	
17244	1327.2	29.375	29.415	29.404	
17245	1327.3	29.375	29.415	29.404	
17246	1327.4	29.375	29.415	29.404	
17247	1327.5	29.375	29.415	29.404	
17248	1327.6	29.375	29.415	29.404	
17249	1327.7	29.375	29.415	29.404	
17250	1327.8	29.375	29.415	29.404	
17251	1327.9	29.375	29.415	29.404	
17252	1328.	29.376	29.415	29.404	
17253	1328.	29.376	29.415	29.404	
17254	1328.	29.376	29.415	29.404	
17255	1328.	29.376	29.415	29.404	
17256	1328.1	29.376	29.416	29.405	
17257	1328.2	29.376	29.416	29.405	
17258	1328.3	29.376	29.416	29.405	
17259	1328.4	29.376	29.416	29.405	
17260	1328.5	29.376	29.416	29.405	
17261	1328.6	29.376	29.416	29.405	
17262	1328.7	29.376	29.416	29.405	
17263	1328.8	29.376	29.416	29.405	
17264	1328.9	29.376	29.416	29.405	
17265	1329.	29.376	29.416	29.405	
17266	1329.	29.376	29.416	29.405	
17267	1329.	29.376	29.416	29.405	
17268	1329.	29.376	29.416	29.405	
17269	1329.1	29.377	29.416	29.405	
17270	1329.2	29.377	29.417	29.406	
17271	1329.3	29.377	29.417	29.406	
17272	1329.4	29.377	29.417	29.406	
17273	1329.5	29.377	29.417	29.406	
17274	1329.6	29.377	29.417	29.406	
17275	1329.7	29.377	29.417	29.406	
17276	1329.8	29.377	29.417	29.406	
17277	1329.9	29.377	29.417	29.406	
17278	1330.	29.377	29.417	29.406	
17279	1330.	29.377	29.417	29.406	
17280	1330.	29.377	29.417	29.406	
17281	1330.	29.377	29.417	29.406	
17282	1330.1	29.377	29.417	29.406	
17283	1330.2	29.378	29.417	29.406	
17284	1330.3	29.378	29.418	29.407	
17285	1330.4	29.378	29.418	29.407	
17286	1330.5	29.378	29.418	29.407	
17287	1330.6	29.378	29.418	29.407	
17288	1330.7	29.378	29.418	29.407	
17289	1330.8	29.378	29.418	29.407	
17290	1330.9	29.378	29.418	29.407	
17291	1331.	29.378	29.418	29.407	
17292	1331.	29.378	29.418	29.407	
17293	1331.	29.378	29.418	29.407	
17294	1331.	29.378	29.418	29.407	
17295	1331.1	29.378	29.418	29.407	
17296	1331.2	29.378	29.418	29.407	
17297	1331.3	29.379	29.418	29.407	
17298	1331.4	29.379	29.419	29.408	
17299	1331.5	29.379	29.419	29.408	
17300	1331.6	29.379	29.419	29.408	
17301	1331.7	29.379	29.419	29.408	
17302	1331.8	29.379	29.419	29.408	
17303	1331.9	29.379	29.419	29.408	
17304	1332.	29.379	29.419	29.408	
17305	1332.	29.379	29.419	29.408	
17306	1332.	29.379	29.419	29.408	
17307	1332.	29.379	29.419	29.408	
17308	1332.1	29.379	29.419	29.408	
17309	1332.2	29.379	29.419	29.408	
17310	1332.3	29.379	29.419	29.408	
17311	1332.4	29.38	29.419	29.409	
17312	1332.5	29.38	29.42	29.409	
17313	1332.6	29.38	29.42	29.409	
17314	1332.7	29.38	29.42	29.409	
17315	1332.8	29.38	29.42	29.409	
17316	1332.9	29.38	29.42	29.409	
17317	1333.	29.38	29.42	29.409	
17318	1333.	29.38	29.42	29.409	
17319	1333.	29.38	29.42	29.409	
17320	1333.	29.38	29.42	29.409	
17321	1333.1	29.38	29.42	29.409	
17322	1333.2	29.38	29.42	29.409	
17323	1333.3	29.38	29.42	29.409	
17324	1333.4	29.38	29.42	29.409	
17325	1333.5	29.381	29.42	29.41	
17326	1333.6	29.381	29.421	29.41	
17327	1333.7	29.381	29.421	29.41	
17328	1333.8	29.381	29.421	29.41	
17329	1333.9	29.381	29.421	29.41	
17330	1334.	29.381	29.421	29.41	
17331	1334.	29.381	29.421	29.41	
17332	1334.	29.381	29.421	29.41	
17333	1334.	29.381	29.421	29.41	
17334	1334.1	29.381	29.421	29.41	
17335	1334.2	29.381	29.421	29.41	
17336	1334.3	29.381	29.421	29.41	
17337	1334.4	29.381	29.421	29.41	
17338	1334.5	29.382	29.421	29.41	
17339	1334.6	29.382	29.421	29.411	
17340	1334.7	29.382	29.422	29.411	
17341	1334.8	29.382	29.422	29.411	
17342	1334.9	29.382	29.422	29.411	
17343	1335.	29.382	29.422	29.411	
17344	1335.	29.382	29.422	29.411	
17345	1335.	29.382	29.422	29.411	
17346	1335.	29.382	29.422	29.411	
17347	1335.1	29.382	29.422	29.411	
17348	1335.2	29.382	29.422	29.411	
17349	1335.3	29.382	29.422	29.411	
17350	1335.4	29.382	29.422	29.411	
17351	1335.5	29.382	29.422	29.411	
17352	1335.6	29.383	29.422	29.411	
17353	1335.7	29.383	29.423	29.412	
17354	1335.8	29.383	29.423	29.412	
17355	1335.9	29.383	29.423	29.412	
17356	1336.	29.383	29.423	29.412	
17357	1336.	29.383	29.423	29.412	
17358	1336.	29.383	29.423	29.412	
17359	1336.	29.383	29.423	29.412	
17360	1336.1	29.383	29.423	29.412	
17361	1336.2	29.383	29.423	29.412	
17362	1336.3	29.383	29.423	29.412	
17363	1336.4	29.383	29.423	29.412	
17364	1336.5	29.383	29.423	29.412	
17365	1336.6	29.383	29.423	29.412	
17366	1336.7	29.384	29.423	29.412	
17367	1336.8	29.384	29.424	29.413	
17368	1336.9	29.384	29.424	29.413	
17369	1337.	29.384	29.424	29.413	
17370	1337.	29.384	29.424	29.413	
17371	1337.	29.384	29.424	29.413	
17372	1337.	29.384	29.424	29.413	
17373	1337.1	29.384	29.424	29.413	
17374	1337.2	29.384	29.424	29.413	
17375	1337.3	29.384	29.424	29.413	
17376	1337.4	29.384	29.424	29.413	
17377	1337.5	29.384	29.424	29.413	
17378	1337.6	29.384	29.424	29.413	
17379	1337.7	29.384	29.424	29.413	
17380	1337.8	29.385	29.424	29.413	
17381	1337.9	29.385	29.425	29.414	
17382	1338.	29.385	29.425	29.414	
17383	1338.	29.385	29.425	29.414	
17384	1338.	29.385	29.425	29.414	
17385	1338.	29.385	29.425	29.414	
17386	1338.1	29.385	29.425	29.414	
17387	1338.2	29.385	29.425	29.414	
17388	1338.3	29.385	29.425	29.414	
17389	1338.4	29.385	29.425	29.414	
17390	1338.5	29.385	29.425	29.414	
17391	1338.6	29.385	29.425	29.414	
17392	1338.7	29.385	29.425	29.414	
17393	1338.8	29.385	29.425	29.414	
17394	1338.9	29.386	29.425	29.414	
17395	1339.	29.386	29.425	29.415	
17396	1339.	29.386	29.426	29.415	
17397	1339.	29.386	29.426	29.415	
17398	1339.	29.386	29.426	29.415	
17399	1339.1	29.386	29.426	29.415	
17400	1339.2	29.386	29.426	29.415	
17401	1339.3	29.386	29.426	29.415	
17402	1339.4	29.386	29.426	29.415	
17403	1339.5	29.386	29.426	29.415	
17404	1339.6	29.386	29.426	29.415	
17405	1339.7	29.386	29.426	29.415	
17406	1339.8	29.386	29.426	29.415	
17407	1339.9	29.386	29.426	29.415	
17408	1340.	29.386	29.426	29.415	
17409	1340.	29.386	29.426	29.415	
17410	1340.	29.387	29.426	29.415	
17411	1340.	29.387	29.426	29.415	
17412	1340.1	29.387	29.427	29.416	
17413	1340.2	29.387	29.427	29.416	
17414	1340.3	29.387	29.427	29.416	
17415	1340.4	29.387	29.427	29.416	
17416	1340.5	29.387	29.427	29.416	
17417	1340.6	29.387	29.427	29.416	
17418	1340.7	29.387	29.427	29.416	
17419	1340.8	29.387	29.427	29.416	
17420	1340.9	29.387	29.427	29.416	
17421	1341.	29.387	29.427	29.416	
17422	1341.	29.387	29.427	29.416	
17423	1341.	29.387	29.427	29.416	
17424	1341.	29.387	29.427	29.416	
17425	1341.1	29.388	29.427	29.416	
17426	1341.2	29.388	29.428	29.417	
17427	1341.3	29.388	29.428	29.417	
17428	1341.4	29.388	29.428	29.417	
17429	1341.5	29.388	29.428	29.417	
17430	1341.6	29.388	29.428	29.417	
17431	1341.7	29.388	29.428	29.417	
17432	1341.8	29.388	29.428	29.417	
17433	1341.9	29.388	29.428	29.417	
17434	1342.	29.388	29.428	29.417	
17435	1342.	29.388	29.428	29.417	
17436	1342.	29.388	29.428	29.417	
17437	1342.	29.388	29.428	29.417	
17438	1342.1	29.388	29.428	29.417	
17439	1342.2	29.389	29.428	29.417	
17440	1342.3	29.389	29.429	29.418	
17441	1342.4	29.389	29.429	29.418	
17442	1342.5	29.389	29.429	29.418	
17443	1342.6	29.389	29.429	29.418	
17444	1342.7	29.389	29.429	29.418	
17445	1342.8	29.389	29.429	29.418	
17446	1342.9	29.389	29.429	29.418	
17447	1343.	29.389	29.429	29.418	
17448	1343.	29.389	29.429	29.418	
17449	1343.	29.389	29.429	29.418	
17450	1343.	29.389	29.429	29.418	
17451	1343.1	29.389	29.429	29.418	
17452	1343.2	29.389	29.429	29.418	
17453	1343.3	29.39	29.429	29.419	
17454	1343.4	29.39	29.43	29.419	
17455	1343.5	29.39	29.43	29.419	
17456	1343.6	29.39	29.43	29.419	
17457	1343.7	29.39	29.43	29.419	
17458	1343.8	29.39	29.43	29.419	
17459	1343.9	29.39	29.43	29.419	
17460	1344.	29.39	29.43	29.419	
17461	1344.	29.39	29.43	29.419	
17462	1344.	29.39	29.43	29.419	
17463	1344.	29.39	29.43	29.419	
17464	1344.1	29.39	29.43	29.419	
17465	1344.2	29.39	29.43	29.419	
17466	1344.3	29.39	29.43	29.419	
17467	1344.4	29.391	29.43	29.42	
17468	1344.5	29.391	29.431	29.42	
17469	1344.6	29.391	29.431	29.42	
17470	1344.7	29.391	29.431	29.42	
17471	1344.8	29.391	29.431	29.42	
17472	1344.9	29.391	29.431	29.42	
17473	1345.	29.391	29.431	29.42	
17474	1345.	29.391	29.431	29.42	
17475	1345.	29.391	29.431	29.42	
17476	1345.	29.391	29.431	29.42	
17477	1345.1	29.391	29.431	29.42	
17478	1345.2	29.391	29.431	29.42	
17479	1345.3	29.391	29.431	29.42	
17480	1345.4	29.391	29.431	29.42	
17481	1345.5	29.392	29.432	29.421	
17482	1345.6	29.392	29.432	29.421	
17483	1345.7	29.392	29.432	29.421	
17484	1345.8	29.392	29.432	29.421	
17485	1345.9	29.392	29.432	29.421	
17486	1346.	29.392	29.432	29.421	
17487	1346.	29.392	29.432	29.421	
17488	1346.	29.392	29.432	29.421	
17489	1346.	29.392	29.432	29.421	
17490	1346.1	29.392	29.432	29.421	
17491	1346.2	29.392	29.432	29.421	
17492	1346.3	29.392	29.432	29.421	
17493	1346.4	29.392	29.432	29.421	
17494	1346.5	29.392	29.432	29.421	
17495	1346.6	29.393	29.433	29.422	
17496	1346.7	29.393	29.433	29.422	
17497	1346.8	29.393	29.433	29.422	
17498	1346.9	29.393	29.433	29.422	
17499	1347.	29.393	29.433	29.422	
17500	1347.	29.393	29.433	29.422	
17501	1347.	29.393	29.433	29.422	
17502	1347.	29.393	29.433	29.422	
17503	1347.1	29.393	29.433	29.422	
17504	1347.2	29.393	29.433	29.422	
17505	1347.3	29.393	29.433	29.422	
17506	1347.4	29.393	29.433	29.422	
17507	1347.5	29.393	29.433	29.422	
17508	1347.6	29.393	29.433	29.422	
17509	1347.7	29.394	29.434	29.423	
17510	1347.8	29.394	29.434	29.423	
17511	1347.9	29.394	29.434	29.423	
17512	1348.	29.394	29.434	29.423	
17513	1348.	29.394	29.434	29.423	
17514	1348.	29.394	29.434	29.423	
17515	1348.	29.394	29.434	29.423	
17516	1348.1	29.394	29.434	29.423	
17517	1348.2	29.394	29.434	29.423	
17518	1348.3	29.394	29.434	29.423	
17519	1348.4	29.394	29.434	29.423	
17520	1348.5	29.394	29.434	29.423	
17521	1348.6	29.394	29.434	29.423	
17522	1348.7	29.394	29.434	29.423	
17523	1348.8	29.395	29.435	29.424	
17524	1348.9	29.395	29.435	29.424	
17525	1349.	29.395	29.435	29.424	
17526	1349.	29.395	29.435	29.424	
17527	1349.	29.395	29.435	29.424	
17528	1349.	29.395	29.435	29.424	
17529	1349.1	29.395	29.435	29.424	
17530	1349.2	29.395	29.435	29.424	
17531	1349.3	29.395	29.435	29.424	
17532	1349.4	29.395	29.435	29.424	
17533	1349.5	29.395	29.435	29.424	
17534	1349.6	29.395	29.435	29.424	
17535	1349.7	29.395	29.435	29.424	
17536	1349.8	29.395	29.435	29.424	
17537	1349.9	29.396	29.436	29.425	
17538	1350.	29.396	29.436	29.425	
17539	1350.	29.396	29.436	29.425	
17540	1350.	29.396	29.436	29.425	
17541	1350.	29.396	29.436	29.425	
17542	1350.1	29.396	29.436	29.425	
17543	1350.2	29.396	29.436	29.425	
17544	1350.3	29.396	29.436	29.425	
17545	1350.4	29.396	29.436	29.425	
17546	1350.5	29.396	29.436	29.425	
17547	1350.6	29.396	29.436	29.425	
17548	1350.7	29.396	29.436	29.425	
17549	1350.8	29.396	29.436	29.425	
17550	1350.9	29.396	29.436	29.425	
17551	1351.	29.397	29.437	29.426	
17552	1351.	29.397	29.437	29.426	
17553	1351.	29.397	29.437	29.426	
17554	1351.	29.397	29.437	29.426	
17555	1351.1	29.397	29.437	29.426	
17556	1351.2	29.397	29.437	29.426	
17557	1351.3	29.397	29.437	29.426	
17558	1351.4	29.397	29.437	29.426	
17559	1351.5	29.397	29.437	29.426	
17560	1351.6	29.397	29.437	29.426	
17561	1351.7	29.397	29.437	29.426	
17562	1351.8	29.397	29.437	29.426	
17563	1351.9	29.397	29.437	29.426	
17564	1352.	29.397	29.437	29.426	
17565	1352.	29.397	29.437	29.426	
17566	1352.	29.397	29.437	29.426	
17567	1352.	29.397	29.437	29.426	
17568	1352.1	29.398	29.438	29.427	
17569	1352.2	29.398	29.438	29.427	
17570	1352.3	29.398	29.438	29.427	
17571	1352.4	29.398	29.438	29.427	
17572	1352.5	29.398	29.438	29.427	
17573	1352.6	29.398	29.438	29.427	
17574	1352.7	29.398	29.438	29.427	
17575	1352.8	29.398	29.438	29.427	
17576	1352.9	29.398	29.438	29.427	
17577	1353.	29.398	29.438	29.427	
17578	1353.	29.398	29.438	29.427	
17579	1353.	29.398	29.438	29.427	
17580	1353.	29.398	29.438	29.427	
17581	1353.1	29.398	29.438	29.427	
17582	1353.2	29.399	29.439	29.428	
17583	1353.3	29.399	29.439	29.428	
17584	1353.4	29.399	29.439	29.428	
17585	1353.5	29.399	29.439	29.428	
17586	1353.6	29.399	29.439	29.428	
17587	1353.7	29.399	29.439	29.428	
17588	1353.8	29.399	29.439	29.428	
17589	1353.9	29.399	29.439	29.428	
17590	1354.	29.399	29.439	29.428	
17591	1354.	29.399	29.439	29.428	
17592	1354.	29.399	29.439	29.428	
17593	1354.	29.399	29.439	29.428	
17594	1354.1	29.399	29.439	29.428	
17595	1354.2	29.399	29.439	29.428	
17596	1354.3	29.4	29.44	29.429	
17597	1354.4	29.4	29.44	29.429	
17598	1354.5	29.4	29.44	29.429	
17599	1354.6	29.4	29.44	29.429	
17600	1354.7	29.4	29.44	29.429	
17601	1354.8	29.4	29.44	29.429	
17602	1354.9	29.4	29.44	29.429	
17603	1355.	29.4	29.44	29.429	
17604	1355.	29.4	29.44	29.429	
17605	1355.	29.4	29.44	29.429	
17606	1355.	29.4	29.44	29.429	
17607	1355.1	29.4	29.44	29.429	
17608	1355.2	29.4	29.44	29.429	
17609	1355.3	29.4	29.441	29.43	
17610	1355.4	29.401	29.441	29.43	
17611	1355.5	29.401	29.441	29.43	
17612	1355.6	29.401	29.441	29.43	
17613	1355.7	29.401	29.441	29.43	
17614	1355.8	29.401	29.441	29.43	
17615	1355.9	29.401	29.441	29.43	
17616	1356.	29.401	29.441	29.43	
17617	1356.	29.401	29.441	29.43	
17618	1356.	29.401	29.441	29.43	
17619	1356.	29.401	29.441	29.43	
17620	1356.1	29.401	29.441	29.43	
17621	1356.2	29.401	29.441	29.43	
17622	1356.3	29.401	29.441	29.43	
17623	1356.4	29.401	29.442	29.431	
17624	1356.5	29.402	29.442	29.431	
17625	1356.6	29.402	29.442	29.431	
17626	1356.7	29.402	29.442	29.431	
17627	1356.8	29.402	29.442	29.431	
17628	1356.9	29.402	29.442	29.431	
17629	1357.	29.402	29.442	29.431	
17630	1357.	29.402	29.442	29.431	
17631	1357.	29.402	29.442	29.431	
17632	1357.	29.402	29.442	29.431	
17633	1357.1	29.402	29.442	29.431	
17634	1357.2	29.402	29.442	29.431	
17635	1357.3	29.402	29.442	29.431	
17636	1357.4	29.402	29.442	29.431	
17637	1357.5	29.402	29.443	29.432	
17638	1357.6	29.403	29.443	29.432	
17639	1357.7	29.403	29.443	29.432	
17640	1357.8	29.403	29.443	29.432	
17641	1357.9	29.403	29.443	29.432	
17642	1358.	29.403	29.443	29.432	
17643	1358.	29.403	29.443	29.432	
17644	1358.	29.403	29.443	29.432	
17645	1358.	29.403	29.443	29.432	
17646	1358.1	29.403	29.443	29.432	
17647	1358.2	29.403	29.443	29.432	
17648	1358.3	29.403	29.443	29.432	
17649	1358.4	29.403	29.443	29.432	
17650	1358.5	29.403	29.443	29.432	
17651	1358.6	29.403	29.444	29.433	
17652	1358.7	29.404	29.444	29.433	
17653	1358.8	29.404	29.444	29.433	
17654	1358.9	29.404	29.444	29.433	
17655	1359.	29.404	29.444	29.433	
17656	1359.	29.404	29.444	29.433	
17657	1359.	29.404	29.444	29.433	
17658	1359.	29.404	29.444	29.433	
17659	1359.1	29.404	29.444	29.433	
17660	1359.2	29.404	29.444	29.433	
17661	1359.3	29.404	29.444	29.433	
17662	1359.4	29.404	29.444	29.433	
17663	1359.5	29.404	29.444	29.433	
17664	1359.6	29.404	29.444	29.433	
17665	1359.7	29.404	29.445	29.434	
17666	1359.8	29.405	29.445	29.434	
17667	1359.9	29.405	29.445	29.434	
17668	1360.	29.405	29.445	29.434	
17669	1360.	29.405	29.445	29.434	
17670	1360.	29.405	29.445	29.434	
17671	1360.	29.405	29.445	29.434	
17672	1360.1	29.405	29.445	29.434	
17673	1360.2	29.405	29.445	29.434	
17674	1360.3	29.405	29.445	29.434	
17675	1360.4	29.405	29.445	29.434	
17676	1360.5	29.405	29.445	29.434	
17677	1360.6	29.405	29.445	29.434	
17678	1360.7	29.405	29.445	29.434	
17679	1360.8	29.405	29.446	29.435	
17680	1360.9	29.406	29.446	29.435	
17681	1361.	29.406	29.446	29.435	
17682	1361.	29.406	29.446	29.435	
17683	1361.	29.406	29.446	29.435	
17684	1361.	29.406	29.446	29.435	
17685	1361.1	29.406	29.446	29.435	
17686	1361.2	29.406	29.446	29.435	
17687	1361.3	29.406	29.446	29.435	
17688	1361.4	29.406	29.446	29.435	
17689	1361.5	29.406	29.446	29.435	
17690	1361.6	29.406	29.446	29.435	
17691	1361.7	29.406	29.446	29.435	
17692	1361.8	29.406	29.446	29.435	
17693	1361.9	29.406	29.447	29.436	
17694	1362.	29.407	29.447	29.436	
17695	1362.	29.407	29.447	29.436	
17696	1362.	29.407	29.447	29.436	
17697	1362.	29.407	29.447	29.436	
17698	1362.1	29.407	29.447	29.436	
17699	1362.2	29.407	29.447	29.436	
17700	1362.3	29.407	29.447	29.436	
17701	1362.4	29.407	29.447	29.436	
17702	1362.5	29.407	29.447	29.436	
17703	1362.6	29.407	29.447	29.436	
17704	1362.7	29.407	29.447	29.436	
17705	1362.8	29.407	29.447	29.436	
17706	1362.9	29.407	29.447	29.436	
17707	1363.	29.407	29.448	29.437	
17708	1363.	29.407	29.448	29.437	
17709	1363.	29.407	29.448	29.437	
17710	1363.	29.407	29.448	29.437	
17711	1363.1	29.408	29.448	29.437	
17712	1363.2	29.408	29.448	29.437	
17713	1363.3	29.408	29.448	29.437	
17714	1363.4	29.408	29.448	29.437	
17715	1363.5	29.408	29.448	29.437	
17716	1363.6	29.408	29.448	29.437	
17717	1363.7	29.408	29.448	29.437	
17718	1363.8	29.408	29.448	29.437	
17719	1363.9	29.408	29.448	29.437	
17720	1364.	29.408	29.448	29.437	
17721	1364.	29.408	29.448	29.437	
17722	1364.	29.408	29.448	29.437	
17723	1364.	29.408	29.448	29.437	
17724	1364.1	29.408	29.449	29.438	
17725	1364.2	29.409	29.449	29.438	
17726	1364.3	29.409	29.449	29.438	
17727	1364.4	29.409	29.449	29.438	
17728	1364.5	29.409	29.449	29.438	
17729	1364.6	29.409	29.449	29.438	
17730	1364.7	29.409	29.449	29.438	
17731	1364.8	29.409	29.449	29.438	
17732	1364.9	29.409	29.449	29.438	
17733	1365.	29.409	29.449	29.438	
17734	1365.	29.409	29.449	29.438	
17735	1365.	29.409	29.449	29.438	
17736	1365.	29.409	29.449	29.438	
17737	1365.1	29.409	29.449	29.438	
17738	1365.2	29.409	29.45	29.439	
17739	1365.3	29.41	29.45	29.439	
17740	1365.4	29.41	29.45	29.439	
17741	1365.5	29.41	29.45	29.439	
17742	1365.6	29.41	29.45	29.439	
17743	1365.7	29.41	29.45	29.439	
17744	1365.8	29.41	29.45	29.439	
17745	1365.9	29.41	29.45	29.439	
17746	1366.	29.41	29.45	29.439	
17747	1366.	29.41	29.45	29.439	
17748	1366.	29.41	29.45	29.439	
17749	1366.	29.41	29.45	29.439	
17750	1366.1	29.41	29.45	29.439	
17751	1366.2	29.41	29.451	29.439	
17752	1366.3	29.41	29.451	29.44	
17753	1366.4	29.411	29.451	29.44	
17754	1366.5	29.411	29.451	29.44	
17755	1366.6	29.411	29.451	29.44	
17756	1366.7	29.411	29.451	29.44	
17757	1366.8	29.411	29.451	29.44	
17758	1366.9	29.411	29.451	29.44	
17759	1367.	29.411	29.451	29.44	
17760	1367.	29.411	29.451	29.44	
17761	1367.	29.411	29.451	29.44	
17762	1367.	29.411	29.451	29.44	
17763	1367.1	29.411	29.451	29.44	
17764	1367.2	29.411	29.451	29.44	
17765	1367.3	29.411	29.452	29.44	
17766	1367.4	29.411	29.452	29.441	
17767	1367.5	29.412	29.452	29.441	
17768	1367.6	29.412	29.452	29.441	
17769	1367.7	29.412	29.452	29.441	
17770	1367.8	29.412	29.452	29.441	
17771	1367.9	29.412	29.452	29.441	
17772	1368.	29.412	29.452	29.441	
17773	1368.	29.412	29.452	29.441	
17774	1368.	29.412	29.452	29.441	
17775	1368.	29.412	29.452	29.441	
17776	1368.1	29.412	29.452	29.441	
17777	1368.2	29.412	29.452	29.441	
17778	1368.3	29.412	29.452	29.441	
17779	1368.4	29.412	29.453	29.441	
17780	1368.5	29.413	29.453	29.442	
17781	1368.6	29.413	29.453	29.442	
17782	1368.7	29.413	29.453	29.442	
17783	1368.8	29.413	29.453	29.442	
17784	1368.9	29.413	29.453	29.442	
17785	1369.	29.413	29.453	29.442	
17786	1369.	29.413	29.453	29.442	
17787	1369.	29.413	29.453	29.442	
17788	1369.	29.413	29.453	29.442	
17789	1369.1	29.413	29.453	29.442	
17790	1369.2	29.413	29.453	29.442	
17791	1369.3	29.413	29.453	29.442	
17792	1369.4	29.413	29.453	29.442	
17793	1369.5	29.413	29.454	29.443	
17794	1369.6	29.414	29.454	29.443	
17795	1369.7	29.414	29.454	29.443	
17796	1369.8	29.414	29.454	29.443	
17797	1369.9	29.414	29.454	29.443	
17798	1370.	29.414	29.454	29.443	
17799	1370.	29.414	29.454	29.443	
17800	1370.	29.414	29.454	29.443	
17801	1370.	29.414	29.454	29.443	
17802	1370.1	29.414	29.454	29.443	
17803	1370.2	29.414	29.454	29.443	
17804	1370.3	29.414	29.454	29.443	
17805	1370.4	29.414	29.454	29.443	
17806	1370.5	29.414	29.454	29.443	
17807	1370.6	29.414	29.455	29.444	
17808	1370.7	29.415	29.455	29.444	
17809	1370.8	29.415	29.455	29.444	
17810	1370.9	29.415	29.455	29.444	
17811	1371.	29.415	29.455	29.444	
17812	1371.	29.415	29.455	29.444	
17813	1371.	29.415	29.455	29.444	
17814	1371.	29.415	29.455	29.444	
17815	1371.1	29.415	29.455	29.444	
17816	1371.2	29.415	29.455	29.444	
17817	1371.3	29.415	29.455	29.444	
17818	1371.4	29.415	29.455	29.444	
17819	1371.5	29.415	29.455	29.444	
17820	1371.6	29.415	29.455	29.444	
17821	1371.7	29.415	29.456	29.445	
17822	1371.8	29.416	29.456	29.445	
17823	1371.9	29.416	29.456	29.445	
17824	1372.	29.416	29.456	29.445	
17825	1372.	29.416	29.456	29.445	
17826	1372.	29.416	29.456	29.445	
17827	1372.	29.416	29.456	29.445	
17828	1372.1	29.416	29.456	29.445	
17829	1372.2	29.416	29.456	29.445	
17830	1372.3	29.416	29.456	29.445	
17831	1372.4	29.416	29.456	29.445	
17832	1372.5	29.416	29.456	29.445	
17833	1372.6	29.416	29.456	29.445	
17834	1372.7	29.416	29.456	29.445	
17835	1372.8	29.416	29.457	29.446	
17836	1372.9	29.417	29.457	29.446	
17837	1373.	29.417	29.457	29.446	
17838	1373.	29.417	29.457	29.446	
17839	1373.	29.417	29.457	29.446	
17840	1373.	29.417	29.457	29.446	
17841	1373.1	29.417	29.457	29.446	
17842	1373.2	29.417	29.457	29.446	
17843	1373.3	29.417	29.457	29.446	
17844	1373.4	29.417	29.457	29.446	
17845	1373.5	29.417	29.457	29.446	
17846	1373.6	29.417	29.457	29.446	
17847	1373.7	29.417	29.457	29.446	
17848	1373.8	29.417	29.457	29.446	
17849	1373.9	29.417	29.458	29.447	
17850	1374.	29.417	29.458	29.447	
17851	1374.	29.417	29.458	29.447	
17852	1374.	29.417	29.458	29.447	
17853	1374.	29.418	29.458	29.447	
17854	1374.1	29.418	29.458	29.447	
17855	1374.2	29.418	29.458	29.447	
17856	1374.3	29.418	29.458	29.447	
17857	1374.4	29.418	29.458	29.447	
17858	1374.5	29.418	29.458	29.447	
17859	1374.6	29.418	29.458	29.447	
17860	1374.7	29.418	29.458	29.447	
17861	1374.8	29.418	29.458	29.447	
17862	1374.9	29.418	29.458	29.447	
17863	1375.	29.418	29.459	29.448	
17864	1375.	29.418	29.459	29.448	
17865	1375.	29.418	29.459	29.448	
17866	1375.	29.418	29.459	29.448	
17867	1375.1	29.419	29.459	29.448	
17868	1375.2	29.419	29.459	29.448	
17869	1375.3	29.419	29.459	29.448	
17870	1375.4	29.419	29.459	29.448	
17871	1375.5	29.419	29.459	29.448	
17872	1375.6	29.419	29.459	29.448	
17873	1375.7	29.419	29.459	29.448	
17874	1375.8	29.419	29.459	29.448	
17875	1375.9	29.419	29.459	29.448	
17876	1376.	29.419	29.459	29.448	
17877	1376.	29.419	29.459	29.448	
17878	1376.	29.419	29.459	29.448	
17879	1376.	29.419	29.46	29.448	
17880	1376.1	29.419	29.46	29.449	
17881	1376.2	29.42	29.46	29.449	
17882	1376.3	29.42	29.46	29.449	
17883	1376.4	29.42	29.46	29.449	
17884	1376.5	29.42	29.46	29.449	
17885	1376.6	29.42	29.46	29.449	
17886	1376.7	29.42	29.46	29.449	
17887	1376.8	29.42	29.46	29.449	
17888	1376.9	29.42	29.46	29.449	
17889	1377.	29.42	29.46	29.449	
17890	1377.	29.42	29.46	29.449	
17891	1377.	29.42	29.46	29.449	
17892	1377.	29.42	29.46	29.449	
17893	1377.1	29.42	29.461	29.449	
17894	1377.2	29.42	29.461	29.45	
17895	1377.3	29.421	29.461	29.45	
17896	1377.4	29.421	29.461	29.45	
17897	1377.5	29.421	29.461	29.45	
17898	1377.6	29.421	29.461	29.45	
17899	1377.7	29.421	29.461	29.45	
17900	1377.8	29.421	29.461	29.45	
17901	1377.9	29.421	29.461	29.45	
17902	1378.	29.421	29.461	29.45	
17903	1378.	29.421	29.461	29.45	
17904	1378.	29.421	29.461	29.45	
17905	1378.	29.421	29.461	29.45	
17906	1378.1	29.421	29.461	29.45	
17907	1378.2	29.421	29.462	29.45	
17908	1378.3	29.421	29.462	29.451	
17909	1378.4	29.422	29.462	29.451	
17910	1378.5	29.422	29.462	29.451	
17911	1378.6	29.422	29.462	29.451	
17912	1378.7	29.422	29.462	29.451	
17913	1378.8	29.422	29.462	29.451	
17914	1378.9	29.422	29.462	29.451	
17915	1379.	29.422	29.462	29.451	
17916	1379.	29.422	29.462	29.451	
17917	1379.	29.422	29.462	29.451	
17918	1379.	29.422	29.462	29.451	
17919	1379.1	29.422	29.462	29.451	
17920	1379.2	29.422	29.462	29.451	
17921	1379.3	29.422	29.463	29.451	
17922	1379.4	29.422	29.463	29.452	
17923	1379.5	29.423	29.463	29.452	
17924	1379.6	29.423	29.463	29.452	
17925	1379.7	29.423	29.463	29.452	
17926	1379.8	29.423	29.463	29.452	
17927	1379.9	29.423	29.463	29.452	
17928	1380.	29.423	29.463	29.452	
17929	1380.	29.423	29.463	29.452	
17930	1380.	29.423	29.463	29.452	
17931	1380.	29.423	29.463	29.452	
17932	1380.1	29.423	29.463	29.452	
17933	1380.2	29.423	29.463	29.452	
17934	1380.3	29.423	29.463	29.452	
17935	1380.4	29.423	29.464	29.452	
17936	1380.5	29.423	29.464	29.453	
17937	1380.6	29.424	29.464	29.453	
17938	1380.7	29.424	29.464	29.453	
17939	1380.8	29.424	29.464	29.453	
17940	1380.9	29.424	29.464	29.453	
17941	1381.	29.424	29.464	29.453	
17942	1381.	29.424	29.464	29.453	
17943	1381.	29.424	29.464	29.453	
17944	1381.	29.424	29.464	29.453	
17945	1381.1	29.424	29.464	29.453	
17946	1381.2	29.424	29.464	29.453	
17947	1381.3	29.424	29.464	29.453	
17948	1381.4	29.424	29.464	29.453	
17949	1381.5	29.424	29.465	29.453	
17950	1381.6	29.424	29.465	29.454	
17951	1381.7	29.425	29.465	29.454	
17952	1381.8	29.425	29.465	29.454	
17953	1381.9	29.425	29.465	29.454	
17954	1382.	29.425	29.465	29.454	
17955	1382.	29.425	29.465	29.454	
17956	1382.	29.425	29.465	29.454	
17957	1382.	29.425	29.465	29.454	
17958	1382.1	29.425	29.465	29.454	
17959	1382.2	29.425	29.465	29.454	
17960	1382.3	29.425	29.465	29.454	
17961	1382.4	29.425	29.465	29.454	
17962	1382.5	29.425	29.465	29.454	
17963	1382.6	29.425	29.466	29.454	
17964	1382.7	29.425	29.466	29.455	
17965	1382.8	29.426	29.466	29.455	
17966	1382.9	29.426	29.466	29.455	
17967	1383.	29.426	29.466	29.455	
17968	1383.	29.426	29.466	29.455	
17969	1383.	29.426	29.466	29.455	
17970	1383.	29.426	29.466	29.455	
17971	1383.1	29.426	29.466	29.455	
17972	1383.2	29.426	29.466	29.455	
17973	1383.3	29.426	29.466	29.455	
17974	1383.4	29.426	29.466	29.455	
17975	1383.5	29.426	29.466	29.455	
17976	1383.6	29.426	29.466	29.455	
17977	1383.7	29.426	29.467	29.456	
17978	1383.8	29.426	29.467	29.456	
17979	1383.9	29.427	29.467	29.456	
17980	1384.	29.427	29.467	29.456	
17981	1384.	29.427	29.467	29.456	
17982	1384.	29.427	29.467	29.456	
17983	1384.	29.427	29.467	29.456	
17984	1384.1	29.427	29.467	29.456	
17985	1384.2	29.427	29.467	29.456	
17986	1384.3	29.427	29.467	29.456	
17987	1384.4	29.427	29.467	29.456	
17988	1384.5	29.427	29.467	29.456	
17989	1384.6	29.427	29.467	29.456	
17990	1384.7	29.427	29.467	29.456	
17991	1384.8	29.427	29.468	29.457	
17992	1384.9	29.427	29.468	29.457	
17993	1385.	29.427	29.468	29.457	
17994	1385.	29.427	29.468	29.457	
17995	1385.	29.428	29.468	29.457	
17996	1385.	29.428	29.468	29.457	
17997	1385.1	29.428	29.468	29.457	
17998	1385.2	29.428	29.468	29.457	
17999	1385.3	29.428	29.468	29.457	
18000	1385.4	29.428	29.468	29.457	
18001	1385.5	29.428	29.468	29.457	
18002	1385.6	29.428	29.468	29.457	
18003	1385.7	29.428	29.468	29.457	
18004	1385.8	29.428	29.468	29.457	
18005	1385.9	29.428	29.469	29.458	
18006	1386.	29.428	29.469	29.458	
18007	1386.	29.428	29.469	29.458	
18008	1386.	29.428	29.469	29.458	
18009	1386.	29.428	29.469	29.458	
18010	1386.1	29.429	29.469	29.458	
18011	1386.2	29.429	29.469	29.458	
18012	1386.3	29.429	29.469	29.458	
18013	1386.4	29.429	29.469	29.458	
18014	1386.5	29.429	29.469	29.458	
18015	1386.6	29.429	29.469	29.458	
18016	1386.7	29.429	29.469	29.458	
18017	1386.8	29.429	29.469	29.458	
18018	1386.9	29.429	29.469	29.458	
18019	1387.	29.429	29.47	29.458	
18020	1387.	29.429	29.47	29.458	
18021	1387.	29.429	29.47	29.459	
18022	1387.	29.429	29.47	29.459	
18023	1387.1	29.429	29.47	29.459	
18024	1387.2	29.43	29.47	29.459	
18025	1387.3	29.43	29.47	29.459	
18026	1387.4	29.43	29.47	29.459	
18027	1387.5	29.43	29.47	29.459	
18028	1387.6	29.43	29.47	29.459	
18029	1387.7	29.43	29.47	29.459	
18030	1387.8	29.43	29.47	29.459	
18031	1387.9	29.43	29.47	29.459	
18032	1388.	29.43	29.47	29.459	
18033	1388.	29.43	29.47	29.459	
18034	1388.	29.43	29.47	29.459	
18035	1388.	29.43	29.471	29.459	
18036	1388.1	29.43	29.471	29.46	
18037	1388.2	29.43	29.471	29.46	
18038	1388.3	29.431	29.471	29.46	
18039	1388.4	29.431	29.471	29.46	
18040	1388.5	29.431	29.471	29.46	
18041	1388.6	29.431	29.471	29.46	
18042	1388.7	29.431	29.471	29.46	
18043	1388.8	29.431	29.471	29.46	
18044	1388.9	29.431	29.471	29.46	
18045	1389.	29.431	29.471	29.46	
18046	1389.	29.431	29.471	29.46	
18047	1389.	29.431	29.471	29.46	
18048	1389.	29.431	29.471	29.46	
18049	1389.1	29.431	29.472	29.46	
18050	1389.2	29.431	29.472	29.461	
18051	1389.3	29.431	29.472	29.461	
18052	1389.4	29.432	29.472	29.461	
18053	1389.5	29.432	29.472	29.461	
18054	1389.6	29.432	29.472	29.461	
18055	1389.7	29.432	29.472	29.461	
18056	1389.8	29.432	29.472	29.461	
18057	1389.9	29.432	29.472	29.461	
18058	1390.	29.432	29.472	29.461	
18059	1390.	29.432	29.472	29.461	
18060	1390.	29.432	29.472	29.461	
18061	1390.	29.432	29.472	29.461	
18062	1390.1	29.432	29.472	29.461	
18063	1390.2	29.432	29.473	29.461	
18064	1390.3	29.432	29.473	29.462	
18065	1390.4	29.432	29.473	29.462	
18066	1390.5	29.433	29.473	29.462	
18067	1390.6	29.433	29.473	29.462	
18068	1390.7	29.433	29.473	29.462	
18069	1390.8	29.433	29.473	29.462	
18070	1390.9	29.433	29.473	29.462	
18071	1391.	29.433	29.473	29.462	
18072	1391.	29.433	29.473	29.462	
18073	1391.	29.433	29.473	29.462	
18074	1391.	29.433	29.473	29.462	
18075	1391.1	29.433	29.473	29.462	
18076	1391.2	29.433	29.473	29.462	
18077	1391.3	29.433	29.474	29.462	
18078	1391.4	29.433	29.474	29.463	
18079	1391.5	29.433	29.474	29.463	
18080	1391.6	29.434	29.474	29.463	
18081	1391.7	29.434	29.474	29.463	
18082	1391.8	29.434	29.474	29.463	
18083	1391.9	29.434	29.474	29.463	
18084	1392.	29.434	29.474	29.463	
18085	1392.	29.434	29.474	29.463	
18086	1392.	29.434	29.474	29.463	
18087	1392.	29.434	29.474	29.463	
18088	1392.1	29.434	29.474	29.463	
18089	1392.2	29.434	29.474	29.463	
18090	1392.3	29.434	29.474	29.463	
18091	1392.4	29.434	29.475	29.463	
18092	1392.5	29.434	29.475	29.464	
18093	1392.6	29.434	29.475	29.464	
18094	1392.7	29.435	29.475	29.464	
18095	1392.8	29.435	29.475	29.464	
18096	1392.9	29.435	29.475	29.464	
18097	1393.	29.435	29.475	29.464	
18098	1393.	29.435	29.475	29.464	
18099	1393.	29.435	29.475	29.464	
18100	1393.	29.435	29.475	29.464	
18101	1393.1	29.435	29.475	29.464	
18102	1393.2	29.435	29.475	29.464	
18103	1393.3	29.435	29.475	29.464	
18104	1393.4	29.435	29.475	29.464	
18105	1393.5	29.435	29.476	29.464	
18106	1393.6	29.435	29.476	29.465	
18107	1393.7	29.435	29.476	29.465	
18108	1393.8	29.436	29.476	29.465	
18109	1393.9	29.436	29.476	29.465	
18110	1394.	29.436	29.476	29.465	
18111	1394.	29.436	29.476	29.465	
18112	1394.	29.436	29.476	29.465	
18113	1394.	29.436	29.476	29.465	
18114	1394.1	29.436	29.476	29.465	
18115	1394.2	29.436	29.476	29.465	
18116	1394.3	29.436	29.476	29.465	
18117	1394.4	29.436	29.476	29.465	
18118	1394.5	29.436	29.476	29.465	
18119	1394.6	29.436	29.477	29.465	
18120	1394.7	29.436	29.477	29.466	
18121	1394.8	29.436	29.477	29.466	
18122	1394.9	29.437	29.477	29.466	
18123	1395.	29.437	29.477	29.466	
18124	1395.	29.437	29.477	29.466	
18125	1395.	29.437	29.477	29.466	
18126	1395.	29.437	29.477	29.466	
18127	1395.1	29.437	29.477	29.466	
18128	1395.2	29.437	29.477	29.466	
18129	1395.3	29.437	29.477	29.466	
18130	1395.4	29.437	29.477	29.466	
18131	1395.5	29.437	29.477	29.466	
18132	1395.6	29.437	29.477	29.466	
18133	1395.7	29.437	29.478	29.466	
18134	1395.8	29.437	29.478	29.467	
18135	1395.9	29.437	29.478	29.467	
18136	1396.	29.437	29.478	29.467	
18137	1396.	29.438	29.478	29.467	
18138	1396.	29.438	29.478	29.467	
18139	1396.	29.438	29.478	29.467	
18140	1396.1	29.438	29.478	29.467	
18141	1396.2	29.438	29.478	29.467	
18142	1396.3	29.438	29.478	29.467	
18143	1396.4	29.438	29.478	29.467	
18144	1396.5	29.438	29.478	29.467	
18145	1396.6	29.438	29.478	29.467	
18146	1396.7	29.438	29.478	29.467	
18147	1396.8	29.438	29.479	29.467	
18148	1396.9	29.438	29.479	29.468	
18149	1397.	29.438	29.479	29.468	
18150	1397.	29.438	29.479	29.468	
18151	1397.	29.438	29.479	29.468	
18152	1397.	29.438	29.479	29.468	
18153	1397.1	29.439	29.479	29.468	
18154	1397.2	29.439	29.479	29.468	
18155	1397.3	29.439	29.479	29.468	
18156	1397.4	29.439	29.479	29.468	
18157	1397.5	29.439	29.479	29.468	
18158	1397.6	29.439	29.479	29.468	
18159	1397.7	29.439	29.479	29.468	
18160	1397.8	29.439	29.479	29.468	
18161	1397.9	29.439	29.48	29.468	
18162	1398.	29.439	29.48	29.469	
18163	1398.	29.439	29.48	29.469	
18164	1398.	29.439	29.48	29.469	
18165	1398.	29.439	29.48	29.469	
18166	1398.1	29.439	29.48	29.469	
18167	1398.2	29.44	29.48	29.469	
18168	1398.3	29.44	29.48	29.469	
18169	1398.4	29.44	29.48	29.469	
18170	1398.5	29.44	29.48	29.469	
18171	1398.6	29.44	29.48	29.469	
18172	1398.7	29.44	29.48	29.469	
18173	1398.8	29.44	29.48	29.469	
18174	1398.9	29.44	29.48	29.469	
18175	1399.	29.44	29.481	29.469	
18176	1399.	29.44	29.481	29.469	
18177	1399.	29.44	29.481	29.469	
18178	1399.	29.44	29.481	29.47	
18179	1399.1	29.44	29.481	29.47	
18180	1399.2	29.44	29.481	29.47	
18181	1399.3	29.441	29.481	29.47	
18182	1399.4	29.441	29.481	29.47	
18183	1399.5	29.441	29.481	29.47	
18184	1399.6	29.441	29.481	29.47	
18185	1399.7	29.441	29.481	29.47	
18186	1399.8	29.441	29.481	29.47	
18187	1399.9	29.441	29.481	29.47	
18188	1400.	29.441	29.481	29.47	
18189	1400.	29.441	29.481	29.47	
18190	1400.	29.441	29.481	29.47	
18191	1400.	29.441	29.481	29.47	
18192	1400.1	29.441	29.482	29.471	
18193	1400.2	29.441	29.482	29.471	
18194	1400.3	29.441	29.482	29.471	
18195	1400.4	29.442	29.482	29.471	
18196	1400.5	29.442	29.482	29.471	
18197	1400.6	29.442	29.482	29.471	
18198	1400.7	29.442	29.482	29.471	
18199	1400.8	29.442	29.482	29.471	
18200	1400.9	29.442	29.482	29.471	
18201	1401.	29.442	29.482	29.471	
18202	1401.	29.442	29.482	29.471	
18203	1401.	29.442	29.482	29.471	
18204	1401.	29.442	29.482	29.471	
18205	1401.1	29.442	29.482	29.471	
18206	1401.2	29.442	29.483	29.472	
18207	1401.3	29.442	29.483	29.472	
18208	1401.4	29.442	29.483	29.472	
18209	1401.5	29.443	29.483	29.472	
18210	1401.6	29.443	29.483	29.472	
18211	1401.7	29.443	29.483	29.472	
18212	1401.8	29.443	29.483	29.472	
18213	1401.9	29.443	29.483	29.472	
18214	1402.	29.443	29.483	29.472	
18215	1402.	29.443	29.483	29.472	
18216	1402.	29.443	29.483	29.472	
18217	1402.	29.443	29.483	29.472	
18218	1402.1	29.443	29.483	29.472	
18219	1402.2	29.443	29.484	29.472	
18220	1402.3	29.443	29.484	29.473	
18221	1402.4	29.443	29.484	29.473	
18222	1402.5	29.443	29.484	29.473	
18223	1402.6	29.444	29.484	29.473	
18224	1402.7	29.444	29.484	29.473	
18225	1402.8	29.444	29.484	29.473	
18226	1402.9	29.444	29.484	29.473	
18227	1403.	29.444	29.484	29.473	
18228	1403.	29.444	29.484	29.473	
18229	1403.	29.444	29.484	29.473	
18230	1403.	29.444	29.484	29.473	
18231	1403.1	29.444	29.484	29.473	
18232	1403.2	29.444	29.484	29.473	
18233	1403.3	29.444	29.485	29.473	
18234	1403.4	29.444	29.485	29.474	
18235	1403.5	29.444	29.485	29.474	
18236	1403.6	29.444	29.485	29.474	
18237	1403.7	29.445	29.485	29.474	
18238	1403.8	29.445	29.485	29.474	
18239	1403.9	29.445	29.485	29.474	
18240	1404.	29.445	29.485	29.474	
18241	1404.	29.445	29.485	29.474	
18242	1404.	29.445	29.485	29.474	
18243	1404.	29.445	29.485	29.474	
18244	1404.1	29.445	29.485	29.474	
18245	1404.2	29.445	29.485	29.474	
18246	1404.3	29.445	29.485	29.474	
18247	1404.4	29.445	29.486	29.474	
18248	1404.5	29.445	29.486	29.475	
18249	1404.6	29.445	29.486	29.475	
18250	1404.7	29.445	29.486	29.475	
18251	1404.8	29.446	29.486	29.475	
18252	1404.9	29.446	29.486	29.475	
18253	1405.	29.446	29.486	29.475	
18254	1405.	29.446	29.486	29.475	
18255	1405.	29.446	29.486	29.475	
18256	1405.	29.446	29.486	29.475	
18257	1405.1	29.446	29.486	29.475	
18258	1405.2	29.446	29.486	29.475	
18259	1405.3	29.446	29.486	29.475	
18260	1405.4	29.446	29.486	29.475	
18261	1405.5	29.446	29.487	29.475	
18262	1405.6	29.446	29.487	29.476	
18263	1405.7	29.446	29.487	29.476	
18264	1405.8	29.446	29.487	29.476	
18265	1405.9	29.447	29.487	29.476	
18266	1406.	29.447	29.487	29.476	
18267	1406.	29.447	29.487	29.476	
18268	1406.	29.447	29.487	29.476	
18269	1406.	29.447	29.487	29.476	
18270	1406.1	29.447	29.487	29.476	
18271	1406.2	29.447	29.487	29.476	
18272	1406.3	29.447	29.487	29.476	
18273	1406.4	29.447	29.487	29.476	
18274	1406.5	29.447	29.487	29.476	
18275	1406.6	29.447	29.488	29.476	
18276	1406.7	29.447	29.488	29.477	
18277	1406.8	29.447	29.488	29.477	
18278	1406.9	29.447	29.488	29.477	
18279	1407.	29.448	29.488	29.477	
18280	1407.	29.448	29.488	29.477	
18281	1407.	29.448	29.488	29.477	
18282	1407.	29.448	29.488	29.477	
18283	1407.1	29.448	29.488	29.477	
18284	1407.2	29.448	29.488	29.477	
18285	1407.3	29.448	29.488	29.477	
18286	1407.4	29.448	29.488	29.477	
18287	1407.5	29.448	29.488	29.477	
18288	1407.6	29.448	29.488	29.477	
18289	1407.7	29.448	29.489	29.477	
18290	1407.8	29.448	29.489	29.478	
18291	1407.9	29.448	29.489	29.478	
18292	1408.	29.448	29.489	29.478	
18293	1408.	29.448	29.489	29.478	
18294	1408.	29.448	29.489	29.478	
18295	1408.	29.448	29.489	29.478	
18296	1408.1	29.449	29.489	29.478	
18297	1408.2	29.449	29.489	29.478	
18298	1408.3	29.449	29.489	29.478	
18299	1408.4	29.449	29.489	29.478	
18300	1408.5	29.449	29.489	29.478	
18301	1408.6	29.449	29.489	29.478	
18302	1408.7	29.449	29.489	29.478	
18303	1408.8	29.449	29.49	29.478	
18304	1408.9	29.449	29.49	29.479	
18305	1409.	29.449	29.49	29.479	
18306	1409.	29.449	29.49	29.479	
18307	1409.	29.449	29.49	29.479	
18308	1409.	29.449	29.49	29.479	
18309	1409.1	29.449	29.49	29.479	
18310	1409.2	29.45	29.49	29.479	
18311	1409.3	29.45	29.49	29.479	
18312	1409.4	29.45	29.49	29.479	
18313	1409.5	29.45	29.49	29.479	
18314	1409.6	29.45	29.49	29.479	
18315	1409.7	29.45	29.49	29.479	
18316	1409.8	29.45	29.49	29.479	
18317	1409.9	29.45	29.491	29.479	
18318	1410.	29.45	29.491	29.48	
18319	1410.	29.45	29.491	29.48	
18320	1410.	29.45	29.491	29.48	
18321	1410.	29.45	29.491	29.48	
18322	1410.1	29.45	29.491	29.48	
18323	1410.2	29.45	29.491	29.48	
18324	1410.3	29.451	29.491	29.48	
18325	1410.4	29.451	29.491	29.48	
18326	1410.5	29.451	29.491	29.48	
18327	1410.6	29.451	29.491	29.48	
18328	1410.7	29.451	29.491	29.48	
18329	1410.8	29.451	29.491	29.48	
18330	1410.9	29.451	29.491	29.48	
18331	1411.	29.451	29.492	29.48	
18332	1411.	29.451	29.492	29.48	
18333	1411.	29.451	29.492	29.48	
18334	1411.	29.451	29.492	29.48	
18335	1411.1	29.451	29.492	29.481	
18336	1411.2	29.451	29.492	29.481	
18337	1411.3	29.451	29.492	29.481	
18338	1411.4	29.452	29.492	29.481	
18339	1411.5	29.452	29.492	29.481	
18340	1411.6	29.452	29.492	29.481	
18341	1411.7	29.452	29.492	29.481	
18342	1411.8	29.452	29.492	29.481	
18343	1411.9	29.452	29.492	29.481	
18344	1412.	29.452	29.492	29.481	
18345	1412.	29.452	29.492	29.481	
18346	1412.	29.452	29.492	29.481	
18347	1412.	29.452	29.492	29.481	
18348	1412.1	29.452	29.493	29.481	
18349	1412.2	29.452	29.493	29.482	
18350	1412.3	29.452	29.493	29.482	
18351	1412.4	29.452	29.493	29.482	
18352	1412.5	29.453	29.493	29.482	
18353	1412.6	29.453	29.493	29.482	
18354	1412.7	29.453	29.493	29.482	
18355	1412.8	29.453	29.493	29.482	
18356	1412.9	29.453	29.493	29.482	
18357	1413.	29.453	29.493	29.482	
18358	1413.	29.453	29.493	29.482	
18359	1413.	29.453	29.493	29.482	
18360	1413.	29.453	29.493	29.482	
18361	1413.1	29.453	29.493	29.482	
18362	1413.2	29.453	29.494	29.482	
18363	1413.3	29.453	29.494	29.483	
18364	1413.4	29.453	29.494	29.483	
18365	1413.5	29.453	29.494	29.483	
18366	1413.6	29.454	29.494	29.483	
18367	1413.7	29.454	29.494	29.483	
18368	1413.8	29.454	29.494	29.483	
18369	1413.9	29.454	29.494	29.483	
18370	1414.	29.454	29.494	29.483	
18371	1414.	29.454	29.494	29.483	
18372	1414.	29.454	29.494	29.483	
18373	1414.	29.454	29.494	29.483	
18374	1414.1	29.454	29.494	29.483	
18375	1414.2	29.454	29.494	29.483	
18376	1414.3	29.454	29.495	29.483	
18377	1414.4	29.454	29.495	29.484	
18378	1414.5	29.454	29.495	29.484	
18379	1414.6	29.454	29.495	29.484	
18380	1414.7	29.455	29.495	29.484	
18381	1414.8	29.455	29.495	29.484	
18382	1414.9	29.455	29.495	29.484	
18383	1415.	29.455	29.495	29.484	
18384	1415.	29.455	29.495	29.484	
18385	1415.	29.455	29.495	29.484	
18386	1415.	29.455	29.495	29.484	
18387	1415.1	29.455	29.495	29.484	
18388	1415.2	29.455	29.495	29.484	
18389	1415.3	29.455	29.495	29.484	
18390	1415.4	29.455	29.496	29.484	
18391	1415.5	29.455	29.496	29.485	
18392	1415.6	29.455	29.496	29.485	
18393	1415.7	29.455	29.496	29.485	
18394	1415.8	29.456	29.496	29.485	
18395	1415.9	29.456	29.496	29.485	
18396	1416.	29.456	29.496	29.485	
18397	1416.	29.456	29.496	29.485	
18398	1416.	29.456	29.496	29.485	
18399	1416.	29.456	29.496	29.485	
18400	1416.1	29.456	29.496	29.485	
18401	1416.2	29.456	29.496	29.485	
18402	1416.3	29.456	29.496	29.485	
18403	1416.4	29.456	29.497	29.485	
18404	1416.5	29.456	29.497	29.485	
18405	1416.6	29.456	29.497	29.486	
18406	1416.7	29.456	29.497	29.486	
18407	1416.8	29.456	29.497	29.486	
18408	1416.9	29.457	29.497	29.486	
18409	1417.	29.457	29.497	29.486	
18410	1417.	29.457	29.497	29.486	
18411	1417.	29.457	29.497	29.486	
18412	1417.	29.457	29.497	29.486	
18413	1417.1	29.457	29.497	29.486	
18414	1417.2	29.457	29.497	29.486	
18415	1417.3	29.457	29.497	29.486	
18416	1417.4	29.457	29.497	29.486	
18417	1417.5	29.457	29.498	29.486	
18418	1417.6	29.457	29.498	29.486	
18419	1417.7	29.457	29.498	29.487	
18420	1417.8	29.457	29.498	29.487	
18421	1417.9	29.457	29.498	29.487	
18422	1418.	29.458	29.498	29.487	
18423	1418.	29.458	29.498	29.487	
18424	1418.	29.458	29.498	29.487	
18425	1418.	29.458	29.498	29.487	
18426	1418.1	29.458	29.498	29.487	
18427	1418.2	29.458	29.498	29.487	
18428	1418.3	29.458	29.498	29.487	
18429	1418.4	29.458	29.498	29.487	
18430	1418.5	29.458	29.498	29.487	
18431	1418.6	29.458	29.499	29.487	
18432	1418.7	29.458	29.499	29.488	
18433	1418.8	29.458	29.499	29.488	
18434	1418.9	29.458	29.499	29.488	
18435	1419.	29.458	29.499	29.488	
18436	1419.	29.458	29.499	29.488	
18437	1419.	29.458	29.499	29.488	
18438	1419.	29.458	29.499	29.488	
18439	1419.1	29.459	29.499	29.488	
18440	1419.2	29.459	29.499	29.488	
18441	1419.3	29.459	29.499	29.488	
18442	1419.4	29.459	29.499	29.488	
18443	1419.5	29.459	29.499	29.488	
18444	1419.6	29.459	29.499	29.488	
18445	1419.7	29.459	29.5	29.488	
18446	1419.8	29.459	29.5	29.489	
18447	1419.9	29.459	29.5	29.489	
18448	1420.	29.459	29.5	29.489	
18449	1420.	29.459	29.5	29.489	
18450	1420.	29.459	29.5	29.489	
18451	1420.	29.459	29.5	29.489	
18452	1420.1	29.459	29.5	29.489	
18453	1420.2	29.46	29.5	29.489	
18454	1420.3	29.46	29.5	29.489	
18455	1420.4	29.46	29.5	29.489	
18456	1420.5	29.46	29.5	29.489	
18457	1420.6	29.46	29.5	29.489	
18458	1420.7	29.46	29.5	29.489	
18459	1420.8	29.46	29.501	29.489	
18460	1420.9	29.46	29.501	29.49	
18461	1421.	29.46	29.501	29.49	
18462	1421.	29.46	29.501	29.49	
18463	1421.	29.46	29.501	29.49	
18464	1421.	29.46	29.501	29.49	
18465	1421.1	29.46	29.501	29.49	
18466	1421.2	29.46	29.501	29.49	
18467	1421.3	29.461	29.501	29.49	
18468	1421.4	29.461	29.501	29.49	
18469	1421.5	29.461	29.501	29.49	
18470	1421.6	29.461	29.501	29.49	
18471	1421.7	29.461	29.501	29.49	
18472	1421.8	29.461	29.501	29.49	
18473	1421.9	29.461	29.502	29.49	
18474	1422.	29.461	29.502	29.49	
18475	1422.	29.461	29.502	29.49	
18476	1422.	29.461	29.502	29.49	
18477	1422.	29.461	29.502	29.491	
18478	1422.1	29.461	29.502	29.491	
18479	1422.2	29.461	29.502	29.491	
18480	1422.3	29.461	29.502	29.491	
18481	1422.4	29.462	29.502	29.491	
18482	1422.5	29.462	29.502	29.491	
18483	1422.6	29.462	29.502	29.491	
18484	1422.7	29.462	29.502	29.491	
18485	1422.8	29.462	29.502	29.491	
18486	1422.9	29.462	29.502	29.491	
18487	1423.	29.462	29.503	29.491	
18488	1423.	29.462	29.503	29.491	
18489	1423.	29.462	29.503	29.491	
18490	1423.	29.462	29.503	29.491	
18491	1423.1	29.462	29.503	29.492	
18492	1423.2	29.462	29.503	29.492	
18493	1423.3	29.462	29.503	29.492	
18494	1423.4	29.462	29.503	29.492	
18495	1423.5	29.463	29.503	29.492	
18496	1423.6	29.463	29.503	29.492	
18497	1423.7	29.463	29.503	29.492	
18498	1423.8	29.463	29.503	29.492	
18499	1423.9	29.463	29.503	29.492	
18500	1424.	29.463	29.503	29.492	
18501	1424.	29.463	29.503	29.492	
18502	1424.	29.463	29.503	29.492	
18503	1424.	29.463	29.503	29.492	
18504	1424.1	29.463	29.504	29.492	
18505	1424.2	29.463	29.504	29.493	
18506	1424.3	29.463	29.504	29.493	
18507	1424.4	29.463	29.504	29.493	
18508	1424.5	29.463	29.504	29.493	
18509	1424.6	29.464	29.504	29.493	
18510	1424.7	29.464	29.504	29.493	
18511	1424.8	29.464	29.504	29.493	
18512	1424.9	29.464	29.504	29.493	
18513	1425.	29.464	29.504	29.493	
18514	1425.	29.464	29.504	29.493	
18515	1425.	29.464	29.504	29.493	
18516	1425.	29.464	29.504	29.493	
18517	1425.1	29.464	29.504	29.493	
18518	1425.2	29.464	29.505	29.493	
18519	1425.3	29.464	29.505	29.494	
18520	1425.4	29.464	29.505	29.494	
18521	1425.5	29.464	29.505	29.494	
18522	1425.6	29.464	29.505	29.494	
18523	1425.7	29.465	29.505	29.494	
18524	1425.8	29.465	29.505	29.494	
18525	1425.9	29.465	29.505	29.494	
18526	1426.	29.465	29.505	29.494	
18527	1426.	29.465	29.505	29.494	
18528	1426.	29.465	29.505	29.494	
18529	1426.	29.465	29.505	29.494	
18530	1426.1	29.465	29.505	29.494	
18531	1426.2	29.465	29.505	29.494	
18532	1426.3	29.465	29.506	29.494	
18533	1426.4	29.465	29.506	29.495	
18534	1426.5	29.465	29.506	29.495	
18535	1426.6	29.465	29.506	29.495	
18536	1426.7	29.465	29.506	29.495	
18537	1426.8	29.466	29.506	29.495	
18538	1426.9	29.466	29.506	29.495	
18539	1427.	29.466	29.506	29.495	
18540	1427.	29.466	29.506	29.495	
18541	1427.	29.466	29.506	29.495	
18542	1427.	29.466	29.506	29.495	
18543	1427.1	29.466	29.506	29.495	
18544	1427.2	29.466	29.506	29.495	
18545	1427.3	29.466	29.506	29.495	
18546	1427.4	29.466	29.507	29.495	
18547	1427.5	29.466	29.507	29.496	
18548	1427.6	29.466	29.507	29.496	
18549	1427.7	29.466	29.507	29.496	
18550	1427.8	29.466	29.507	29.496	
18551	1427.9	29.467	29.507	29.496	
18552	1428.	29.467	29.507	29.496	
18553	1428.	29.467	29.507	29.496	
18554	1428.	29.467	29.507	29.496	
18555	1428.	29.467	29.507	29.496	
18556	1428.1	29.467	29.507	29.496	
18557	1428.2	29.467	29.507	29.496	
18558	1428.3	29.467	29.507	29.496	
18559	1428.4	29.467	29.507	29.496	
18560	1428.5	29.467	29.508	29.496	
18561	1428.6	29.467	29.508	29.497	
18562	1428.7	29.467	29.508	29.497	
18563	1428.8	29.467	29.508	29.497	
18564	1428.9	29.467	29.508	29.497	
18565	1429.	29.467	29.508	29.497	
18566	1429.	29.468	29.508	29.497	
18567	1429.	29.468	29.508	29.497	
18568	1429.	29.468	29.508	29.497	
18569	1429.1	29.468	29.508	29.497	
18570	1429.2	29.468	29.508	29.497	
18571	1429.3	29.468	29.508	29.497	
18572	1429.4	29.468	29.508	29.497	
18573	1429.5	29.468	29.508	29.497	
18574	1429.6	29.468	29.509	29.497	
18575	1429.7	29.468	29.509	29.498	
18576	1429.8	29.468	29.509	29.498	
18577	1429.9	29.468	29.509	29.498	
18578	1430.	29.468	29.509	29.498	
18579	1430.	29.468	29.509	29.498	
18580	1430.	29.468	29.509	29.498	
18581	1430.	29.468	29.509	29.498	
18582	1430.1	29.469	29.509	29.498	
18583	1430.2	29.469	29.509	29.498	
18584	1430.3	29.469	29.509	29.498	
18585	1430.4	29.469	29.509	29.498	
18586	1430.5	29.469	29.509	29.498	
18587	1430.6	29.469	29.509	29.498	
18588	1430.7	29.469	29.51	29.498	
18589	1430.8	29.469	29.51	29.499	
18590	1430.9	29.469	29.51	29.499	
18591	1431.	29.469	29.51	29.499	
18592	1431.	29.469	29.51	29.499	
18593	1431.	29.469	29.51	29.499	
18594	1431.	29.469	29.51	29.499	
18595	1431.1	29.469	29.51	29.499	
18596	1431.2	29.47	29.51	29.499	
18597	1431.3	29.47	29.51	29.499	
18598	1431.4	29.47	29.51	29.499	
18599	1431.5	29.47	29.51	29.499	
18600	1431.6	29.47	29.51	29.499	
18601	1431.7	29.47	29.51	29.499	
18602	1431.8	29.47	29.511	29.499	
18603	1431.9	29.47	29.511	29.5	
18604	1432.	29.47	29.511	29.5	
18605	1432.	29.47	29.511	29.5	
18606	1432.	29.47	29.511	29.5	
18607	1432.	29.47	29.511	29.5	
18608	1432.1	29.47	29.511	29.5	
18609	1432.2	29.47	29.511	29.5	
18610	1432.3	29.471	29.511	29.5	
18611	1432.4	29.471	29.511	29.5	
18612	1432.5	29.471	29.511	29.5	
18613	1432.6	29.471	29.511	29.5	
18614	1432.7	29.471	29.511	29.5	
18615	1432.8	29.471	29.512	29.5	
18616	1432.9	29.471	29.512	29.5	
18617	1433.	29.471	29.512	29.501	
18618	1433.	29.471	29.512	29.501	
18619	1433.	29.471	29.512	29.501	
18620	1433.	29.471	29.512	29.501	
18621	1433.1	29.471	29.512	29.501	
18622	1433.2	29.471	29.512	29.501	
18623	1433.3	29.471	29.512	29.501	
18624	1433.4	29.472	29.512	29.501	
18625	1433.5	29.472	29.512	29.501	
18626	1433.6	29.472	29.512	29.501	
18627	1433.7	29.472	29.512	29.501	
18628	1433.8	29.472	29.512	29.501	
18629	1433.9	29.472	29.513	29.501	
18630	1434.	29.472	29.513	29.501	
18631	1434.	29.472	29.513	29.501	
18632	1434.	29.472	29.513	29.501	
18633	1434.	29.472	29.513	29.501	
18634	1434.1	29.472	29.513	29.502	
18635	1434.2	29.472	29.513	29.502	
18636	1434.3	29.472	29.513	29.502	
18637	1434.4	29.472	29.513	29.502	
18638	1434.5	29.473	29.513	29.502	
18639	1434.6	29.473	29.513	29.502	
18640	1434.7	29.473	29.513	29.502	
18641	1434.8	29.473	29.513	29.502	
18642	1434.9	29.473	29.513	29.502	
18643	1435.	29.473	29.513	29.502	
18644	1435.	29.473	29.513	29.502	
18645	1435.	29.473	29.514	29.502	
18646	1435.	29.473	29.514	29.502	
18647	1435.1	29.473	29.514	29.502	
18648	1435.2	29.473	29.514	29.503	
18649	1435.3	29.473	29.514	29.503	
18650	1435.4	29.473	29.514	29.503	
18651	1435.5	29.473	29.514	29.503	
18652	1435.6	29.474	29.514	29.503	
18653	1435.7	29.474	29.514	29.503	
18654	1435.8	29.474	29.514	29.503	
18655	1435.9	29.474	29.514	29.503	
18656	1436.	29.474	29.514	29.503	
18657	1436.	29.474	29.514	29.503	
18658	1436.	29.474	29.514	29.503	
18659	1436.	29.474	29.514	29.503	
18660	1436.1	29.474	29.515	29.503	
18661	1436.2	29.474	29.515	29.503	
18662	1436.3	29.474	29.515	29.504	
18663	1436.4	29.474	29.515	29.504	
18664	1436.5	29.474	29.515	29.504	
18665	1436.6	29.474	29.515	29.504	
18666	1436.7	29.475	29.515	29.504	
18667	1436.8	29.475	29.515	29.504	
18668	1436.9	29.475	29.515	29.504	
18669	1437.	29.475	29.515	29.504	
18670	1437.	29.475	29.515	29.504	
18671	1437.	29.475	29.515	29.504	
18672	1437.	29.475	29.515	29.504	
18673	1437.1	29.475	29.515	29.504	
18674	1437.2	29.475	29.516	29.504	
18675	1437.3	29.475	29.516	29.504	
18676	1437.4	29.475	29.516	29.505	
18677	1437.5	29.475	29.516	29.505	
18678	1437.6	29.475	29.516	29.505	
18679	1437.7	29.475	29.516	29.505	
18680	1437.8	29.476	29.516	29.505	
18681	1437.9	29.476	29.516	29.505	
18682	1438.	29.476	29.516	29.505	
18683	1438.	29.476	29.516	29.505	
18684	1438.	29.476	29.516	29.505	
18685	1438.	29.476	29.516	29.505	
18686	1438.1	29.476	29.516	29.505	
18687	1438.2	29.476	29.516	29.505	
18688	1438.3	29.476	29.517	29.505	
18689	1438.4	29.476	29.517	29.505	
18690	1438.5	29.476	29.517	29.506	
18691	1438.6	29.476	29.517	29.506	
18692	1438.7	29.476	29.517	29.506	
18693	1438.8	29.476	29.517	29.506	
18694	1438.9	29.477	29.517	29.506	
18695	1439.	29.477	29.517	29.506	
18696	1439.	29.477	29.517	29.506	
18697	1439.	29.477	29.517	29.506	
18698	1439.	29.477	29.517	29.506	
18699	1439.1	29.477	29.517	29.506	
18700	1439.2	29.477	29.517	29.506	
18701	1439.3	29.477	29.517	29.506	
18702	1439.4	29.477	29.518	29.506	
18703	1439.5	29.477	29.518	29.506	
18704	1439.6	29.477	29.518	29.507	
18705	1439.7	29.477	29.518	29.507	
18706	1439.8	29.477	29.518	29.507	
18707	1439.9	29.477	29.518	29.507	
18708	1440.	29.477	29.518	29.507	
18709	1440.	29.477	29.518	29.507	
18710	1440.	29.478	29.518	29.507	
18711	1440.	29.478	29.518	29.507	
18712	1440.1	29.478	29.518	29.507	
18713	1440.2	29.478	29.518	29.507	
18714	1440.3	29.478	29.518	29.507	
18715	1440.4	29.478	29.518	29.507	
18716	1440.5	29.478	29.519	29.507	
18717	1440.6	29.478	29.519	29.508	
18718	1440.7	29.478	29.519	29.508	
18719	1440.8	29.478	29.519	29.508	
18720	1440.9	29.478	29.519	29.508	
18721	1441.	29.478	29.519	29.508	
18722	1441.	29.478	29.519	29.508	
18723	1441.	29.478	29.519	29.508	
18724	1441.	29.478	29.519	29.508	
18725	1441.1	29.479	29.519	29.508	
18726	1441.2	29.479	29.519	29.508	
18727	1441.3	29.479	29.519	29.508	
18728	1441.4	29.479	29.519	29.508	
18729	1441.5	29.479	29.519	29.508	
18730	1441.6	29.479	29.52	29.508	
18731	1441.7	29.479	29.52	29.509	
18732	1441.8	29.479	29.52	29.509	
18733	1441.9	29.479	29.52	29.509	
18734	1442.	29.479	29.52	29.509	
18735	1442.	29.479	29.52	29.509	
18736	1442.	29.479	29.52	29.509	
18737	1442.	29.479	29.52	29.509	
18738	1442.1	29.479	29.52	29.509	
18739	1442.2	29.48	29.52	29.509	
18740	1442.3	29.48	29.52	29.509	
18741	1442.4	29.48	29.52	29.509	
18742	1442.5	29.48	29.52	29.509	
18743	1442.6	29.48	29.52	29.509	
18744	1442.7	29.48	29.521	29.509	
18745	1442.8	29.48	29.521	29.51	
18746	1442.9	29.48	29.521	29.51	
18747	1443.	29.48	29.521	29.51	
18748	1443.	29.48	29.521	29.51	
18749	1443.	29.48	29.521	29.51	
18750	1443.	29.48	29.521	29.51	
18751	1443.1	29.48	29.521	29.51	
18752	1443.2	29.48	29.521	29.51	
18753	1443.3	29.481	29.521	29.51	
18754	1443.4	29.481	29.521	29.51	
18755	1443.5	29.481	29.521	29.51	
18756	1443.6	29.481	29.521	29.51	
18757	1443.7	29.481	29.521	29.51	
18758	1443.8	29.481	29.522	29.51	
18759	1443.9	29.481	29.522	29.511	
18760	1444.	29.481	29.522	29.511	
18761	1444.	29.481	29.522	29.511	
18762	1444.	29.481	29.522	29.511	
18763	1444.	29.481	29.522	29.511	
18764	1444.1	29.481	29.522	29.511	
18765	1444.2	29.481	29.522	29.511	
18766	1444.3	29.481	29.522	29.511	
18767	1444.4	29.482	29.522	29.511	
18768	1444.5	29.482	29.522	29.511	
18769	1444.6	29.482	29.522	29.511	
18770	1444.7	29.482	29.522	29.511	
18771	1444.8	29.482	29.522	29.511	
18772	1444.9	29.482	29.523	29.511	
18773	1445.	29.482	29.523	29.511	
18774	1445.	29.482	29.523	29.511	
18775	1445.	29.482	29.523	29.511	
18776	1445.	29.482	29.523	29.512	
18777	1445.1	29.482	29.523	29.512	
18778	1445.2	29.482	29.523	29.512	
18779	1445.3	29.482	29.523	29.512	
18780	1445.4	29.482	29.523	29.512	
18781	1445.5	29.483	29.523	29.512	
18782	1445.6	29.483	29.523	29.512	
18783	1445.7	29.483	29.523	29.512	
18784	1445.8	29.483	29.523	29.512	
18785	1445.9	29.483	29.523	29.512	
18786	1446.	29.483	29.524	29.512	
18787	1446.	29.483	29.524	29.512	
18788	1446.	29.483	29.524	29.512	
18789	1446.	29.483	29.524	29.512	
18790	1446.1	29.483	29.524	29.513	
18791	1446.2	29.483	29.524	29.513	
18792	1446.3	29.483	29.524	29.513	
18793	1446.4	29.483	29.524	29.513	
18794	1446.5	29.483	29.524	29.513	
18795	1446.6	29.484	29.524	29.513	
18796	1446.7	29.484	29.524	29.513	
18797	1446.8	29.484	29.524	29.513	
18798	1446.9	29.484	29.524	29.513	
18799	1447.	29.484	29.524	29.513	
18800	1447.	29.484	29.524	29.513	
18801	1447.	29.484	29.524	29.513	
18802	1447.	29.484	29.524	29.513	
18803	1447.1	29.484	29.525	29.513	
18804	1447.2	29.484	29.525	29.514	
18805	1447.3	29.484	29.525	29.514	
18806	1447.4	29.484	29.525	29.514	
18807	1447.5	29.484	29.525	29.514	
18808	1447.6	29.484	29.525	29.514	
18809	1447.7	29.485	29.525	29.514	
18810	1447.8	29.485	29.525	29.514	
18811	1447.9	29.485	29.525	29.514	
18812	1448.	29.485	29.525	29.514	
18813	1448.	29.485	29.525	29.514	
18814	1448.	29.485	29.525	29.514	
18815	1448.	29.485	29.525	29.514	
18816	1448.1	29.485	29.525	29.514	
18817	1448.2	29.485	29.526	29.514	
18818	1448.3	29.485	29.526	29.515	
18819	1448.4	29.485	29.526	29.515	
18820	1448.5	29.485	29.526	29.515	
18821	1448.6	29.485	29.526	29.515	
18822	1448.7	29.485	29.526	29.515	
18823	1448.8	29.486	29.526	29.515	
18824	1448.9	29.486	29.526	29.515	
18825	1449.	29.486	29.526	29.515	
18826	1449.	29.486	29.526	29.515	
18827	1449.	29.486	29.526	29.515	
18828	1449.	29.486	29.526	29.515	
18829	1449.1	29.486	29.526	29.515	
18830	1449.2	29.486	29.527	29.515	
18831	1449.3	29.486	29.527	29.515	
18832	1449.4	29.486	29.527	29.516	
18833	1449.5	29.486	29.527	29.516	
18834	1449.6	29.486	29.527	29.516	
18835	1449.7	29.486	29.527	29.516	
18836	1449.8	29.486	29.527	29.516	
18837	1449.9	29.487	29.527	29.516	
18838	1450.	29.487	29.527	29.516	
18839	1450.	29.487	29.527	29.516	
18840	1450.	29.487	29.527	29.516	
18841	1450.	29.487	29.527	29.516	
18842	1450.1	29.487	29.527	29.516	
18843	1450.2	29.487	29.527	29.516	
18844	1450.3	29.487	29.528	29.516	
18845	1450.4	29.487	29.528	29.516	
18846	1450.5	29.487	29.528	29.517	
18847	1450.6	29.487	29.528	29.517	
18848	1450.7	29.487	29.528	29.517	
18849	1450.8	29.487	29.528	29.517	
18850	1450.9	29.487	29.528	29.517	
18851	1451.	29.487	29.528	29.517	
18852	1451.	29.487	29.528	29.517	
18853	1451.	29.487	29.528	29.517	
18854	1451.	29.488	29.528	29.517	
18855	1451.1	29.488	29.528	29.517	
18856	1451.2	29.488	29.528	29.517	
18857	1451.3	29.488	29.528	29.517	
18858	1451.4	29.488	29.529	29.517	
18859	1451.5	29.488	29.529	29.517	
18860	1451.6	29.488	29.529	29.518	
18861	1451.7	29.488	29.529	29.518	
18862	1451.8	29.488	29.529	29.518	
18863	1451.9	29.488	29.529	29.518	
18864	1452.	29.488	29.529	29.518	
18865	1452.	29.488	29.529	29.518	
18866	1452.	29.488	29.529	29.518	
18867	1452.	29.488	29.529	29.518	
18868	1452.1	29.489	29.529	29.518	
18869	1452.2	29.489	29.529	29.518	
18870	1452.3	29.489	29.529	29.518	
18871	1452.4	29.489	29.529	29.518	
18872	1452.5	29.489	29.53	29.518	
18873	1452.6	29.489	29.53	29.518	
18874	1452.7	29.489	29.53	29.519	
18875	1452.8	29.489	29.53	29.519	
18876	1452.9	29.489	29.53	29.519	
18877	1453.	29.489	29.53	29.519	
18878	1453.	29.489	29.53	29.519	
18879	1453.	29.489	29.53	29.519	
18880	1453.	29.489	29.53	29.519	
18881	1453.1	29.489	29.53	29.519	
18882	1453.2	29.49	29.53	29.519	
18883	1453.3	29.49	29.53	29.519	
18884	1453.4	29.49	29.53	29.519	
18885	1453.5	29.49	29.53	29.519	
18886	1453.6	29.49	29.531	29.519	
18887	1453.7	29.49	29.531	29.519	
18888	1453.8	29.49	29.531	29.52	
18889	1453.9	29.49	29.531	29.52	
18890	1454.	29.49	29.531	29.52	
18891	1454.	29.49	29.531	29.52	
18892	1454.	29.49	29.531	29.52	
18893	1454.	29.49	29.531	29.52	
18894	1454.1	29.49	29.531	29.52	
18895	1454.2	29.49	29.531	29.52	
18896	1454.3	29.491	29.531	29.52	
18897	1454.4	29.491	29.531	29.52	
18898	1454.5	29.491	29.531	29.52	
18899	1454.6	29.491	29.531	29.52	
18900	1454.7	29.491	29.532	29.52	
18901	1454.8	29.491	29.532	29.52	
18902	1454.9	29.491	29.532	29.521	
18903	1455.	29.491	29.532	29.521	
18904	1455.	29.491	29.532	29.521	
18905	1455.	29.491	29.532	29.521	
18906	1455.	29.491	29.532	29.521	
18907	1455.1	29.491	29.532	29.521	
18908	1455.2	29.491	29.532	29.521	
18909	1455.3	29.491	29.532	29.521	
18910	1455.4	29.491	29.532	29.521	
18911	1455.5	29.492	29.532	29.521	
18912	1455.6	29.492	29.532	29.521	
18913	1455.7	29.492	29.532	29.521	
18914	1455.8	29.492	29.533	29.521	
18915	1455.9	29.492	29.533	29.521	
18916	1456.	29.492	29.533	29.522	
18917	1456.	29.492	29.533	29.522	
18918	1456.	29.492	29.533	29.522	
18919	1456.	29.492	29.533	29.522	
18920	1456.1	29.492	29.533	29.522	
18921	1456.2	29.492	29.533	29.522	
18922	1456.3	29.492	29.533	29.522	
18923	1456.4	29.492	29.533	29.522	
18924	1456.5	29.492	29.533	29.522	
18925	1456.6	29.493	29.533	29.522	
18926	1456.7	29.493	29.533	29.522	
18927	1456.8	29.493	29.533	29.522	
18928	1456.9	29.493	29.534	29.522	
18929	1457.	29.493	29.534	29.522	
18930	1457.	29.493	29.534	29.522	
18931	1457.	29.493	29.534	29.522	
18932	1457.	29.493	29.534	29.522	
18933	1457.1	29.493	29.534	29.523	
18934	1457.2	29.493	29.534	29.523	
18935	1457.3	29.493	29.534	29.523	
18936	1457.4	29.493	29.534	29.523	
18937	1457.5	29.493	29.534	29.523	
18938	1457.6	29.493	29.534	29.523	
18939	1457.7	29.494	29.534	29.523	
18940	1457.8	29.494	29.534	29.523	
18941	1457.9	29.494	29.534	29.523	
18942	1458.	29.494	29.535	29.523	
18943	1458.	29.494	29.535	29.523	
18944	1458.	29.494	29.535	29.523	
18945	1458.	29.494	29.535	29.523	
18946	1458.1	29.494	29.535	29.523	
18947	1458.2	29.494	29.535	29.524	
18948	1458.3	29.494	29.535	29.524	
18949	1458.4	29.494	29.535	29.524	
18950	1458.5	29.494	29.535	29.524	
18951	1458.6	29.494	29.535	29.524	
18952	1458.7	29.494	29.535	29.524	
18953	1458.8	29.495	29.535	29.524	
18954	1458.9	29.495	29.535	29.524	
18955	1459.	29.495	29.535	29.524	
18956	1459.	29.495	29.535	29.524	
18957	1459.	29.495	29.535	29.524	
18958	1459.	29.495	29.535	29.524	
18959	1459.1	29.495	29.536	29.524	
18960	1459.2	29.495	29.536	29.524	
18961	1459.3	29.495	29.536	29.525	
18962	1459.4	29.495	29.536	29.525	
18963	1459.5	29.495	29.536	29.525	
18964	1459.6	29.495	29.536	29.525	
18965	1459.7	29.495	29.536	29.525	
18966	1459.8	29.495	29.536	29.525	
18967	1459.9	29.496	29.536	29.525	
18968	1460.	29.496	29.536	29.525	
18969	1460.	29.496	29.536	29.525	
18970	1460.	29.496	29.536	29.525	
18971	1460.	29.496	29.536	29.525	
18972	1460.1	29.496	29.536	29.525	
18973	1460.2	29.496	29.537	29.525	
18974	1460.3	29.496	29.537	29.525	
18975	1460.4	29.496	29.537	29.526	
18976	1460.5	29.496	29.537	29.526	
18977	1460.6	29.496	29.537	29.526	
18978	1460.7	29.496	29.537	29.526	
18979	1460.8	29.496	29.537	29.526	
18980	1460.9	29.496	29.537	29.526	
18981	1461.	29.497	29.537	29.526	
18982	1461.	29.497	29.537	29.526	
18983	1461.	29.497	29.537	29.526	
18984	1461.	29.497	29.537	29.526	
18985	1461.1	29.497	29.537	29.526	
18986	1461.2	29.497	29.537	29.526	
18987	1461.3	29.497	29.538	29.526	
18988	1461.4	29.497	29.538	29.526	
18989	1461.5	29.497	29.538	29.527	
18990	1461.6	29.497	29.538	29.527	
18991	1461.7	29.497	29.538	29.527	
18992	1461.8	29.497	29.538	29.527	
18993	1461.9	29.497	29.538	29.527	
18994	1462.	29.497	29.538	29.527	
18995	1462.	29.497	29.538	29.527	
18996	1462.	29.497	29.538	29.527	
18997	1462.	29.497	29.538	29.527	
18998	1462.1	29.498	29.538	29.527	
18999	1462.2	29.498	29.538	29.527	
19000	1462.3	29.498	29.538	29.527	
19001	1462.4	29.498	29.539	29.527	
19002	1462.5	29.498	29.539	29.527	
19003	1462.6	29.498	29.539	29.528	
19004	1462.7	29.498	29.539	29.528	
19005	1462.8	29.498	29.539	29.528	
19006	1462.9	29.498	29.539	29.528	
19007	1463.	29.498	29.539	29.528	
19008	1463.	29.498	29.539	29.528	
19009	1463.	29.498	29.539	29.528	
19010	1463.	29.498	29.539	29.528	
19011	1463.1	29.498	29.539	29.528	
19012	1463.2	29.499	29.539	29.528	
19013	1463.3	29.499	29.539	29.528	
19014	1463.4	29.499	29.539	29.528	
19015	1463.5	29.499	29.54	29.528	
19016	1463.6	29.499	29.54	29.528	
19017	1463.7	29.499	29.54	29.529	
19018	1463.8	29.499	29.54	29.529	
19019	1463.9	29.499	29.54	29.529	
19020	1464.	29.499	29.54	29.529	
19021	1464.	29.499	29.54	29.529	
19022	1464.	29.499	29.54	29.529	
19023	1464.	29.499	29.54	29.529	
19024	1464.1	29.499	29.54	29.529	
19025	1464.2	29.499	29.54	29.529	
19026	1464.3	29.5	29.54	29.529	
19027	1464.4	29.5	29.54	29.529	
19028	1464.5	29.5	29.54	29.529	
19029	1464.6	29.5	29.541	29.529	
19030	1464.7	29.5	29.541	29.529	
19031	1464.8	29.5	29.541	29.53	
19032	1464.9	29.5	29.541	29.53	
19033	1465.	29.5	29.541	29.53	
19034	1465.	29.5	29.541	29.53	
19035	1465.	29.5	29.541	29.53	
19036	1465.	29.5	29.541	29.53	
19037	1465.1	29.5	29.541	29.53	
19038	1465.2	29.5	29.541	29.53	
19039	1465.3	29.5	29.541	29.53	
19040	1465.4	29.501	29.541	29.53	
19041	1465.5	29.501	29.541	29.53	
19042	1465.6	29.501	29.541	29.53	
19043	1465.7	29.501	29.542	29.53	
19044	1465.8	29.501	29.542	29.53	
19045	1465.9	29.501	29.542	29.531	
19046	1466.	29.501	29.542	29.531	
19047	1466.	29.501	29.542	29.531	
19048	1466.	29.501	29.542	29.531	
19049	1466.	29.501	29.542	29.531	
19050	1466.1	29.501	29.542	29.531	
19051	1466.2	29.501	29.542	29.531	
19052	1466.3	29.501	29.542	29.531	
19053	1466.4	29.501	29.542	29.531	
19054	1466.5	29.502	29.542	29.531	
19055	1466.6	29.502	29.542	29.531	
19056	1466.7	29.502	29.542	29.531	
19057	1466.8	29.502	29.543	29.531	
19058	1466.9	29.502	29.543	29.531	
19059	1467.	29.502	29.543	29.532	
19060	1467.	29.502	29.543	29.532	
19061	1467.	29.502	29.543	29.532	
19062	1467.	29.502	29.543	29.532	
19063	1467.1	29.502	29.543	29.532	
19064	1467.2	29.502	29.543	29.532	
19065	1467.3	29.502	29.543	29.532	
19066	1467.4	29.502	29.543	29.532	
19067	1467.5	29.502	29.543	29.532	
19068	1467.6	29.503	29.543	29.532	
19069	1467.7	29.503	29.543	29.532	
19070	1467.8	29.503	29.543	29.532	
19071	1467.9	29.503	29.544	29.532	
19072	1468.	29.503	29.544	29.532	
19073	1468.	29.503	29.544	29.532	
19074	1468.	29.503	29.544	29.532	
19075	1468.	29.503	29.544	29.533	
19076	1468.1	29.503	29.544	29.533	
19077	1468.2	29.503	29.544	29.533	
19078	1468.3	29.503	29.544	29.533	
19079	1468.4	29.503	29.544	29.533	
19080	1468.5	29.503	29.544	29.533	
19081	1468.6	29.503	29.544	29.533	
19082	1468.7	29.504	29.544	29.533	
19083	1468.8	29.504	29.544	29.533	
19084	1468.9	29.504	29.544	29.533	
19085	1469.	29.504	29.545	29.533	
19086	1469.	29.504	29.545	29.533	
19087	1469.	29.504	29.545	29.533	
19088	1469.	29.504	29.545	29.533	
19089	1469.1	29.504	29.545	29.533	
19090	1469.2	29.504	29.545	29.534	
19091	1469.3	29.504	29.545	29.534	
19092	1469.4	29.504	29.545	29.534	
19093	1469.5	29.504	29.545	29.534	
19094	1469.6	29.504	29.545	29.534	
19095	1469.7	29.504	29.545	29.534	
19096	1469.8	29.505	29.545	29.534	
19097	1469.9	29.505	29.545	29.534	
19098	1470.	29.505	29.545	29.534	
19099	1470.	29.505	29.545	29.534	
19100	1470.	29.505	29.545	29.534	
19101	1470.	29.505	29.546	29.534	
19102	1470.1	29.505	29.546	29.534	
19103	1470.2	29.505	29.546	29.534	
19104	1470.3	29.505	29.546	29.535	
19105	1470.4	29.505	29.546	29.535	
19106	1470.5	29.505	29.546	29.535	
19107	1470.6	29.505	29.546	29.535	
19108	1470.7	29.505	29.546	29.535	
19109	1470.8	29.505	29.546	29.535	
19110	1470.9	29.506	29.546	29.535	
19111	1471.	29.506	29.546	29.535	
19112	1471.	29.506	29.546	29.535	
19113	1471.	29.506	29.546	29.535	
19114	1471.	29.506	29.546	29.535	
19115	1471.1	29.506	29.547	29.535	
19116	1471.2	29.506	29.547	29.535	
19117	1471.3	29.506	29.547	29.536	
19118	1471.4	29.506	29.547	29.536	
19119	1471.5	29.506	29.547	29.536	
19120	1471.6	29.506	29.547	29.536	
19121	1471.7	29.506	29.547	29.536	
19122	1471.8	29.506	29.547	29.536	
19123	1471.9	29.506	29.547	29.536	
19124	1472.	29.507	29.547	29.536	
19125	1472.	29.507	29.547	29.536	
19126	1472.	29.507	29.547	29.536	
19127	1472.	29.507	29.547	29.536	
19128	1472.1	29.507	29.547	29.536	
19129	1472.2	29.507	29.548	29.536	
19130	1472.3	29.507	29.548	29.536	
19131	1472.4	29.507	29.548	29.537	
19132	1472.5	29.507	29.548	29.537	
19133	1472.6	29.507	29.548	29.537	
19134	1472.7	29.507	29.548	29.537	
19135	1472.8	29.507	29.548	29.537	
19136	1472.9	29.507	29.548	29.537	
19137	1473.	29.507	29.548	29.537	
19138	1473.	29.507	29.548	29.537	
19139	1473.	29.507	29.548	29.537	
19140	1473.	29.507	29.548	29.537	
19141	1473.1	29.508	29.548	29.537	
19142	1473.2	29.508	29.548	29.537	
19143	1473.3	29.508	29.549	29.537	
19144	1473.4	29.508	29.549	29.537	
19145	1473.5	29.508	29.549	29.538	
19146	1473.6	29.508	29.549	29.538	
19147	1473.7	29.508	29.549	29.538	
19148	1473.8	29.508	29.549	29.538	
19149	1473.9	29.508	29.549	29.538	
19150	1474.	29.508	29.549	29.538	
19151	1474.	29.508	29.549	29.538	
19152	1474.	29.508	29.549	29.538	
19153	1474.	29.508	29.549	29.538	
19154	1474.1	29.508	29.549	29.538	
19155	1474.2	29.509	29.549	29.538	
19156	1474.3	29.509	29.549	29.538	
19157	1474.4	29.509	29.55	29.538	
19158	1474.5	29.509	29.55	29.538	
19159	1474.6	29.509	29.55	29.539	
19160	1474.7	29.509	29.55	29.539	
19161	1474.8	29.509	29.55	29.539	
19162	1474.9	29.509	29.55	29.539	
19163	1475.	29.509	29.55	29.539	
19164	1475.	29.509	29.55	29.539	
19165	1475.	29.509	29.55	29.539	
19166	1475.	29.509	29.55	29.539	
19167	1475.1	29.509	29.55	29.539	
19168	1475.2	29.509	29.55	29.539	
19169	1475.3	29.51	29.55	29.539	
19170	1475.4	29.51	29.55	29.539	
19171	1475.5	29.51	29.551	29.539	
19172	1475.6	29.51	29.551	29.539	
19173	1475.7	29.51	29.551	29.54	
19174	1475.8	29.51	29.551	29.54	
19175	1475.9	29.51	29.551	29.54	
19176	1476.	29.51	29.551	29.54	
19177	1476.	29.51	29.551	29.54	
19178	1476.	29.51	29.551	29.54	
19179	1476.	29.51	29.551	29.54	
19180	1476.1	29.51	29.551	29.54	
19181	1476.2	29.51	29.551	29.54	
19182	1476.3	29.51	29.551	29.54	
19183	1476.4	29.511	29.551	29.54	
19184	1476.5	29.511	29.551	29.54	
19185	1476.6	29.511	29.552	29.54	
19186	1476.7	29.511	29.552	29.54	
19187	1476.8	29.511	29.552	29.541	
19188	1476.9	29.511	29.552	29.541	
19189	1477.	29.511	29.552	29.541	
19190	1477.	29.511	29.552	29.541	
19191	1477.	29.511	29.552	29.541	
19192	1477.	29.511	29.552	29.541	
19193	1477.1	29.511	29.552	29.541	
19194	1477.2	29.511	29.552	29.541	
19195	1477.3	29.511	29.552	29.541	
19196	1477.4	29.511	29.552	29.541	
19197	1477.5	29.512	29.552	29.541	
19198	1477.6	29.512	29.552	29.541	
19199	1477.7	29.512	29.553	29.541	
19200	1477.8	29.512	29.553	29.541	
19201	1477.9	29.512	29.553	29.542	
19202	1478.	29.512	29.553	29.542	
19203	1478.	29.512	29.553	29.542	
19204	1478.	29.512	29.553	29.542	
19205	1478.	29.512	29.553	29.542	
19206	1478.1	29.512	29.553	29.542	
19207	1478.2	29.512	29.553	29.542	
19208	1478.3	29.512	29.553	29.542	
19209	1478.4	29.512	29.553	29.542	
19210	1478.5	29.512	29.553	29.542	
19211	1478.6	29.513	29.553	29.542	
19212	1478.7	29.513	29.553	29.542	
19213	1478.8	29.513	29.554	29.542	
19214	1478.9	29.513	29.554	29.542	
19215	1479.	29.513	29.554	29.542	
19216	1479.	29.513	29.554	29.542	
19217	1479.	29.513	29.554	29.543	
19218	1479.	29.513	29.554	29.543	
19219	1479.1	29.513	29.554	29.543	
19220	1479.2	29.513	29.554	29.543	
19221	1479.3	29.513	29.554	29.543	
19222	1479.4	29.513	29.554	29.543	
19223	1479.5	29.513	29.554	29.543	
19224	1479.6	29.513	29.554	29.543	
19225	1479.7	29.514	29.554	29.543	
19226	1479.8	29.514	29.554	29.543	
19227	1479.9	29.514	29.555	29.543	
19228	1480.	29.514	29.555	29.543	
19229	1480.	29.514	29.555	29.543	
19230	1480.	29.514	29.555	29.543	
19231	1480.	29.514	29.555	29.543	
19232	1480.1	29.514	29.555	29.544	
19233	1480.2	29.514	29.555	29.544	
19234	1480.3	29.514	29.555	29.544	
19235	1480.4	29.514	29.555	29.544	
19236	1480.5	29.514	29.555	29.544	
19237	1480.6	29.514	29.555	29.544	
19238	1480.7	29.514	29.555	29.544	
19239	1480.8	29.515	29.555	29.544	
19240	1480.9	29.515	29.555	29.544	
19241	1481.	29.515	29.556	29.544	
19242	1481.	29.515	29.556	29.544	
19243	1481.	29.515	29.556	29.544	
19244	1481.	29.515	29.556	29.544	
19245	1481.1	29.515	29.556	29.544	
19246	1481.2	29.515	29.556	29.545	
19247	1481.3	29.515	29.556	29.545	
19248	1481.4	29.515	29.556	29.545	
19249	1481.5	29.515	29.556	29.545	
19250	1481.6	29.515	29.556	29.545	
19251	1481.7	29.515	29.556	29.545	
19252	1481.8	29.515	29.556	29.545	
19253	1481.9	29.516	29.556	29.545	
19254	1482.	29.516	29.556	29.545	
19255	1482.	29.516	29.556	29.545	
19256	1482.	29.516	29.556	29.545	
19257	1482.	29.516	29.556	29.545	
19258	1482.1	29.516	29.557	29.545	
19259	1482.2	29.516	29.557	29.545	
19260	1482.3	29.516	29.557	29.546	
19261	1482.4	29.516	29.557	29.546	
19262	1482.5	29.516	29.557	29.546	
19263	1482.6	29.516	29.557	29.546	
19264	1482.7	29.516	29.557	29.546	
19265	1482.8	29.516	29.557	29.546	
19266	1482.9	29.516	29.557	29.546	
19267	1483.	29.516	29.557	29.546	
19268	1483.	29.517	29.557	29.546	
19269	1483.	29.517	29.557	29.546	
19270	1483.	29.517	29.557	29.546	
19271	1483.1	29.517	29.557	29.546	
19272	1483.2	29.517	29.558	29.546	
19273	1483.3	29.517	29.558	29.546	
19274	1483.4	29.517	29.558	29.547	
19275	1483.5	29.517	29.558	29.547	
19276	1483.6	29.517	29.558	29.547	
19277	1483.7	29.517	29.558	29.547	
19278	1483.8	29.517	29.558	29.547	
19279	1483.9	29.517	29.558	29.547	
19280	1484.	29.517	29.558	29.547	
19281	1484.	29.517	29.558	29.547	
19282	1484.	29.517	29.558	29.547	
19283	1484.	29.517	29.558	29.547	
19284	1484.1	29.518	29.558	29.547	
19285	1484.2	29.518	29.558	29.547	
19286	1484.3	29.518	29.559	29.547	
19287	1484.4	29.518	29.559	29.547	
19288	1484.5	29.518	29.559	29.548	
19289	1484.6	29.518	29.559	29.548	
19290	1484.7	29.518	29.559	29.548	
19291	1484.8	29.518	29.559	29.548	
19292	1484.9	29.518	29.559	29.548	
19293	1485.	29.518	29.559	29.548	
19294	1485.	29.518	29.559	29.548	
19295	1485.	29.518	29.559	29.548	
19296	1485.	29.518	29.559	29.548	
19297	1485.1	29.518	29.559	29.548	
19298	1485.2	29.519	29.559	29.548	
19299	1485.3	29.519	29.559	29.548	
19300	1485.4	29.519	29.56	29.548	
19301	1485.5	29.519	29.56	29.548	
19302	1485.6	29.519	29.56	29.549	
19303	1485.7	29.519	29.56	29.549	
19304	1485.8	29.519	29.56	29.549	
19305	1485.9	29.519	29.56	29.549	
19306	1486.	29.519	29.56	29.549	
19307	1486.	29.519	29.56	29.549	
19308	1486.	29.519	29.56	29.549	
19309	1486.	29.519	29.56	29.549	
19310	1486.1	29.519	29.56	29.549	
19311	1486.2	29.519	29.56	29.549	
19312	1486.3	29.52	29.56	29.549	
19313	1486.4	29.52	29.56	29.549	
19314	1486.5	29.52	29.561	29.549	
19315	1486.6	29.52	29.561	29.549	
19316	1486.7	29.52	29.561	29.55	
19317	1486.8	29.52	29.561	29.55	
19318	1486.9	29.52	29.561	29.55	
19319	1487.	29.52	29.561	29.55	
19320	1487.	29.52	29.561	29.55	
19321	1487.	29.52	29.561	29.55	
19322	1487.	29.52	29.561	29.55	
19323	1487.1	29.52	29.561	29.55	
19324	1487.2	29.52	29.561	29.55	
19325	1487.3	29.52	29.561	29.55	
19326	1487.4	29.521	29.561	29.55	
19327	1487.5	29.521	29.561	29.55	
19328	1487.6	29.521	29.562	29.55	
19329	1487.7	29.521	29.562	29.55	
19330	1487.8	29.521	29.562	29.551	
19331	1487.9	29.521	29.562	29.551	
19332	1488.	29.521	29.562	29.551	
19333	1488.	29.521	29.562	29.551	
19334	1488.	29.521	29.562	29.551	
19335	1488.	29.521	29.562	29.551	
19336	1488.1	29.521	29.562	29.551	
19337	1488.2	29.521	29.562	29.551	
19338	1488.3	29.521	29.562	29.551	
19339	1488.4	29.521	29.562	29.551	
19340	1488.5	29.522	29.562	29.551	
19341	1488.6	29.522	29.562	29.551	
19342	1488.7	29.522	29.563	29.551	
19343	1488.8	29.522	29.563	29.551	
19344	1488.9	29.522	29.563	29.552	
19345	1489.	29.522	29.563	29.552	
19346	1489.	29.522	29.563	29.552	
19347	1489.	29.522	29.563	29.552	
19348	1489.	29.522	29.563	29.552	
19349	1489.1	29.522	29.563	29.552	
19350	1489.2	29.522	29.563	29.552	
19351	1489.3	29.522	29.563	29.552	
19352	1489.4	29.522	29.563	29.552	
19353	1489.5	29.522	29.563	29.552	
19354	1489.6	29.523	29.563	29.552	
19355	1489.7	29.523	29.563	29.552	
19356	1489.8	29.523	29.564	29.552	
19357	1489.9	29.523	29.564	29.552	
19358	1490.	29.523	29.564	29.553	
19359	1490.	29.523	29.564	29.553	
19360	1490.	29.523	29.564	29.553	
19361	1490.	29.523	29.564	29.553	
19362	1490.1	29.523	29.564	29.553	
19363	1490.2	29.523	29.564	29.553	
19364	1490.3	29.523	29.564	29.553	
19365	1490.4	29.523	29.564	29.553	
19366	1490.5	29.523	29.564	29.553	
19367	1490.6	29.523	29.564	29.553	
19368	1490.7	29.524	29.564	29.553	
19369	1490.8	29.524	29.564	29.553	
19370	1490.9	29.524	29.565	29.553	
19371	1491.	29.524	29.565	29.553	
19372	1491.	29.524	29.565	29.553	
19373	1491.	29.524	29.565	29.553	
19374	1491.	29.524	29.565	29.553	
19375	1491.1	29.524	29.565	29.554	
19376	1491.2	29.524	29.565	29.554	
19377	1491.3	29.524	29.565	29.554	
19378	1491.4	29.524	29.565	29.554	
19379	1491.5	29.524	29.565	29.554	
19380	1491.6	29.524	29.565	29.554	
19381	1491.7	29.524	29.565	29.554	
19382	1491.8	29.525	29.565	29.554	
19383	1491.9	29.525	29.565	29.554	
19384	1492.	29.525	29.566	29.554	
19385	1492.	29.525	29.566	29.554	
19386	1492.	29.525	29.566	29.554	
19387	1492.	29.525	29.566	29.554	
19388	1492.1	29.525	29.566	29.554	
19389	1492.2	29.525	29.566	29.555	
19390	1492.3	29.525	29.566	29.555	
19391	1492.4	29.525	29.566	29.555	
19392	1492.5	29.525	29.566	29.555	
19393	1492.6	29.525	29.566	29.555	
19394	1492.7	29.525	29.566	29.555	
19395	1492.8	29.525	29.566	29.555	
19396	1492.9	29.526	29.566	29.555	
19397	1493.	29.526	29.566	29.555	
19398	1493.	29.526	29.566	29.555	
19399	1493.	29.526	29.566	29.555	
19400	1493.	29.526	29.567	29.555	
19401	1493.1	29.526	29.567	29.555	
19402	1493.2	29.526	29.567	29.555	
19403	1493.3	29.526	29.567	29.556	
19404	1493.4	29.526	29.567	29.556	
19405	1493.5	29.526	29.567	29.556	
19406	1493.6	29.526	29.567	29.556	
19407	1493.7	29.526	29.567	29.556	
19408	1493.8	29.526	29.567	29.556	
19409	1493.9	29.526	29.567	29.556	
19410	1494.	29.526	29.567	29.556	
19411	1494.	29.526	29.567	29.556	
19412	1494.	29.526	29.567	29.556	
19413	1494.	29.527	29.567	29.556	
19414	1494.1	29.527	29.568	29.556	
19415	1494.2	29.527	29.568	29.556	
19416	1494.3	29.527	29.568	29.556	
19417	1494.4	29.527	29.568	29.557	
19418	1494.5	29.527	29.568	29.557	
19419	1494.6	29.527	29.568	29.557	
19420	1494.7	29.527	29.568	29.557	
19421	1494.8	29.527	29.568	29.557	
19422	1494.9	29.527	29.568	29.557	
19423	1495.	29.527	29.568	29.557	
19424	1495.	29.527	29.568	29.557	
19425	1495.	29.527	29.568	29.557	
19426	1495.	29.527	29.568	29.557	
19427	1495.1	29.527	29.568	29.557	
19428	1495.2	29.528	29.569	29.557	
19429	1495.3	29.528	29.569	29.557	
19430	1495.4	29.528	29.569	29.557	
19431	1495.5	29.528	29.569	29.558	
19432	1495.6	29.528	29.569	29.558	
19433	1495.7	29.528	29.569	29.558	
19434	1495.8	29.528	29.569	29.558	
19435	1495.9	29.528	29.569	29.558	
19436	1496.	29.528	29.569	29.558	
19437	1496.	29.528	29.569	29.558	
19438	1496.	29.528	29.569	29.558	
19439	1496.	29.528	29.569	29.558	
19440	1496.1	29.528	29.569	29.558	
19441	1496.2	29.528	29.569	29.558	
19442	1496.3	29.529	29.57	29.558	
19443	1496.4	29.529	29.57	29.558	
19444	1496.5	29.529	29.57	29.558	
19445	1496.6	29.529	29.57	29.559	
19446	1496.7	29.529	29.57	29.559	
19447	1496.8	29.529	29.57	29.559	
19448	1496.9	29.529	29.57	29.559	
19449	1497.	29.529	29.57	29.559	
19450	1497.	29.529	29.57	29.559	
19451	1497.	29.529	29.57	29.559	
19452	1497.	29.529	29.57	29.559	
19453	1497.1	29.529	29.57	29.559	
19454	1497.2	29.529	29.57	29.559	
19455	1497.3	29.529	29.57	29.559	
19456	1497.4	29.53	29.571	29.559	
19457	1497.5	29.53	29.571	29.559	
19458	1497.6	29.53	29.571	29.559	
19459	1497.7	29.53	29.571	29.56	
19460	1497.8	29.53	29.571	29.56	
19461	1497.9	29.53	29.571	29.56	
19462	1498.	29.53	29.571	29.56	
19463	1498.	29.53	29.571	29.56	
19464	1498.	29.53	29.571	29.56	
19465	1498.	29.53	29.571	29.56	
19466	1498.1	29.53	29.571	29.56	
19467	1498.2	29.53	29.571	29.56	
19468	1498.3	29.53	29.571	29.56	
19469	1498.4	29.53	29.571	29.56	
19470	1498.5	29.531	29.572	29.56	
19471	1498.6	29.531	29.572	29.56	
19472	1498.7	29.531	29.572	29.56	
19473	1498.8	29.531	29.572	29.561	
19474	1498.9	29.531	29.572	29.561	
19475	1499.	29.531	29.572	29.561	
19476	1499.	29.531	29.572	29.561	
19477	1499.	29.531	29.572	29.561	
19478	1499.	29.531	29.572	29.561	
19479	1499.1	29.531	29.572	29.561	
19480	1499.2	29.531	29.572	29.561	
19481	1499.3	29.531	29.572	29.561	
19482	1499.4	29.531	29.572	29.561	
19483	1499.5	29.531	29.572	29.561	
19484	1499.6	29.532	29.573	29.561	
19485	1499.7	29.532	29.573	29.561	
19486	1499.8	29.532	29.573	29.561	
19487	1499.9	29.532	29.573	29.562	
19488	1500.	29.532	29.573	29.562	
19489	1500.	29.532	29.573	29.562	
19490	1500.	29.532	29.573	29.562	
19491	1500.	29.532	29.573	29.562	
19492	1500.1	29.532	29.573	29.562	
19493	1500.2	29.532	29.573	29.562	
19494	1500.3	29.532	29.573	29.562	
19495	1500.4	29.532	29.573	29.562	
19496	1500.5	29.532	29.573	29.562	
19497	1500.6	29.532	29.573	29.562	
19498	1500.7	29.533	29.574	29.562	
19499	1500.8	29.533	29.574	29.562	
19500	1500.9	29.533	29.574	29.562	
19501	1501.	29.533	29.574	29.563	
19502	1501.	29.533	29.574	29.563	
19503	1501.	29.533	29.574	29.563	
19504	1501.	29.533	29.574	29.563	
19505	1501.1	29.533	29.574	29.563	
19506	1501.2	29.533	29.574	29.563	
19507	1501.3	29.533	29.574	29.563	
19508	1501.4	29.533	29.574	29.563	
19509	1501.5	29.533	29.574	29.563	
19510	1501.6	29.533	29.574	29.563	
19511	1501.7	29.533	29.574	29.563	
19512	1501.8	29.534	29.575	29.563	
19513	1501.9	29.534	29.575	29.563	
19514	1502.	29.534	29.575	29.563	
19515	1502.	29.534	29.575	29.563	
19516	1502.	29.534	29.575	29.563	
19517	1502.	29.534	29.575	29.563	
19518	1502.1	29.534	29.575	29.564	
19519	1502.2	29.534	29.575	29.564	
19520	1502.3	29.534	29.575	29.564	
19521	1502.4	29.534	29.575	29.564	
19522	1502.5	29.534	29.575	29.564	
19523	1502.6	29.534	29.575	29.564	
19524	1502.7	29.534	29.575	29.564	
19525	1502.8	29.534	29.575	29.564	
19526	1502.9	29.535	29.576	29.564	
19527	1503.	29.535	29.576	29.564	
19528	1503.	29.535	29.576	29.564	
19529	1503.	29.535	29.576	29.564	
19530	1503.	29.535	29.576	29.564	
19531	1503.1	29.535	29.576	29.564	
19532	1503.2	29.535	29.576	29.565	
19533	1503.3	29.535	29.576	29.565	
19534	1503.4	29.535	29.576	29.565	
19535	1503.5	29.535	29.576	29.565	
19536	1503.6	29.535	29.576	29.565	
19537	1503.7	29.535	29.576	29.565	
19538	1503.8	29.535	29.576	29.565	
19539	1503.9	29.535	29.576	29.565	
19540	1504.	29.536	29.576	29.565	
19541	1504.	29.536	29.577	29.565	
19542	1504.	29.536	29.577	29.565	
19543	1504.	29.536	29.577	29.565	
19544	1504.1	29.536	29.577	29.565	
19545	1504.2	29.536	29.577	29.565	
19546	1504.3	29.536	29.577	29.566	
19547	1504.4	29.536	29.577	29.566	
19548	1504.5	29.536	29.577	29.566	
19549	1504.6	29.536	29.577	29.566	
19550	1504.7	29.536	29.577	29.566	
19551	1504.8	29.536	29.577	29.566	
19552	1504.9	29.536	29.577	29.566	
19553	1505.	29.536	29.577	29.566	
19554	1505.	29.536	29.577	29.566	
19555	1505.	29.536	29.577	29.566	
19556	1505.	29.536	29.577	29.566	
19557	1505.1	29.537	29.578	29.566	
19558	1505.2	29.537	29.578	29.566	
19559	1505.3	29.537	29.578	29.566	
19560	1505.4	29.537	29.578	29.567	
19561	1505.5	29.537	29.578	29.567	
19562	1505.6	29.537	29.578	29.567	
19563	1505.7	29.537	29.578	29.567	
19564	1505.8	29.537	29.578	29.567	
19565	1505.9	29.537	29.578	29.567	
19566	1506.	29.537	29.578	29.567	
19567	1506.	29.537	29.578	29.567	
19568	1506.	29.537	29.578	29.567	
19569	1506.	29.537	29.578	29.567	
19570	1506.1	29.537	29.578	29.567	
19571	1506.2	29.538	29.579	29.567	
19572	1506.3	29.538	29.579	29.567	
19573	1506.4	29.538	29.579	29.567	
19574	1506.5	29.538	29.579	29.568	
19575	1506.6	29.538	29.579	29.568	
19576	1506.7	29.538	29.579	29.568	
19577	1506.8	29.538	29.579	29.568	
19578	1506.9	29.538	29.579	29.568	
19579	1507.	29.538	29.579	29.568	
19580	1507.	29.538	29.579	29.568	
19581	1507.	29.538	29.579	29.568	
19582	1507.	29.538	29.579	29.568	
19583	1507.1	29.538	29.579	29.568	
19584	1507.2	29.538	29.579	29.568	
19585	1507.3	29.539	29.58	29.568	
19586	1507.4	29.539	29.58	29.568	
19587	1507.5	29.539	29.58	29.568	
19588	1507.6	29.539	29.58	29.569	
19589	1507.7	29.539	29.58	29.569	
19590	1507.8	29.539	29.58	29.569	
19591	1507.9	29.539	29.58	29.569	
19592	1508.	29.539	29.58	29.569	
19593	1508.	29.539	29.58	29.569	
19594	1508.	29.539	29.58	29.569	
19595	1508.	29.539	29.58	29.569	
19596	1508.1	29.539	29.58	29.569	
19597	1508.2	29.539	29.58	29.569	
19598	1508.3	29.539	29.58	29.569	
19599	1508.4	29.54	29.581	29.569	
19600	1508.5	29.54	29.581	29.569	
19601	1508.6	29.54	29.581	29.569	
19602	1508.7	29.54	29.581	29.57	
19603	1508.8	29.54	29.581	29.57	
19604	1508.9	29.54	29.581	29.57	
19605	1509.	29.54	29.581	29.57	
19606	1509.	29.54	29.581	29.57	
19607	1509.	29.54	29.581	29.57	
19608	1509.	29.54	29.581	29.57	
19609	1509.1	29.54	29.581	29.57	
19610	1509.2	29.54	29.581	29.57	
19611	1509.3	29.54	29.581	29.57	
19612	1509.4	29.54	29.581	29.57	
19613	1509.5	29.541	29.582	29.57	
19614	1509.6	29.541	29.582	29.57	
19615	1509.7	29.541	29.582	29.57	
19616	1509.8	29.541	29.582	29.571	
19617	1509.9	29.541	29.582	29.571	
19618	1510.	29.541	29.582	29.571	
19619	1510.	29.541	29.582	29.571	
19620	1510.	29.541	29.582	29.571	
19621	1510.	29.541	29.582	29.571	
19622	1510.1	29.541	29.582	29.571	
19623	1510.2	29.541	29.582	29.571	
19624	1510.3	29.541	29.582	29.571	
19625	1510.4	29.541	29.582	29.571	
19626	1510.5	29.541	29.582	29.571	
19627	1510.6	29.542	29.583	29.571	
19628	1510.7	29.542	29.583	29.571	
19629	1510.8	29.542	29.583	29.571	
19630	1510.9	29.542	29.583	29.572	
19631	1511.	29.542	29.583	29.572	
19632	1511.	29.542	29.583	29.572	
19633	1511.	29.542	29.583	29.572	
19634	1511.	29.542	29.583	29.572	
19635	1511.1	29.542	29.583	29.572	
19636	1511.2	29.542	29.583	29.572	
19637	1511.3	29.542	29.583	29.572	
19638	1511.4	29.542	29.583	29.572	
19639	1511.5	29.542	29.583	29.572	
19640	1511.6	29.542	29.583	29.572	
19641	1511.7	29.543	29.584	29.572	
19642	1511.8	29.543	29.584	29.572	
19643	1511.9	29.543	29.584	29.572	
19644	1512.	29.543	29.584	29.573	
19645	1512.	29.543	29.584	29.573	
19646	1512.	29.543	29.584	29.573	
19647	1512.	29.543	29.584	29.573	
19648	1512.1	29.543	29.584	29.573	
19649	1512.2	29.543	29.584	29.573	
19650	1512.3	29.543	29.584	29.573	
19651	1512.4	29.543	29.584	29.573	
19652	1512.5	29.543	29.584	29.573	
19653	1512.6	29.543	29.584	29.573	
19654	1512.7	29.543	29.584	29.573	
19655	1512.8	29.544	29.585	29.573	
19656	1512.9	29.544	29.585	29.573	
19657	1513.	29.544	29.585	29.573	
19658	1513.	29.544	29.585	29.573	
19659	1513.	29.544	29.585	29.573	
19660	1513.	29.544	29.585	29.573	
19661	1513.1	29.544	29.585	29.574	
19662	1513.2	29.544	29.585	29.574	
19663	1513.3	29.544	29.585	29.574	
19664	1513.4	29.544	29.585	29.574	
19665	1513.5	29.544	29.585	29.574	
19666	1513.6	29.544	29.585	29.574	
19667	1513.7	29.544	29.585	29.574	
19668	1513.8	29.544	29.585	29.574	
19669	1513.9	29.545	29.586	29.574	
19670	1514.	29.545	29.586	29.574	
19671	1514.	29.545	29.586	29.574	
19672	1514.	29.545	29.586	29.574	
19673	1514.	29.545	29.586	29.574	
19674	1514.1	29.545	29.586	29.574	
19675	1514.2	29.545	29.586	29.575	
19676	1514.3	29.545	29.586	29.575	
19677	1514.4	29.545	29.586	29.575	
19678	1514.5	29.545	29.586	29.575	
19679	1514.6	29.545	29.586	29.575	
19680	1514.7	29.545	29.586	29.575	
19681	1514.8	29.545	29.586	29.575	
19682	1514.9	29.545	29.586	29.575	
19683	1515.	29.545	29.587	29.575	
19684	1515.	29.545	29.587	29.575	
19685	1515.	29.545	29.587	29.575	
19686	1515.	29.546	29.587	29.575	
19687	1515.1	29.546	29.587	29.575	
19688	1515.2	29.546	29.587	29.575	
19689	1515.3	29.546	29.587	29.576	
19690	1515.4	29.546	29.587	29.576	
19691	1515.5	29.546	29.587	29.576	
19692	1515.6	29.546	29.587	29.576	
19693	1515.7	29.546	29.587	29.576	
19694	1515.8	29.546	29.587	29.576	
19695	1515.9	29.546	29.587	29.576	
19696	1516.	29.546	29.587	29.576	
19697	1516.	29.546	29.587	29.576	
19698	1516.	29.546	29.587	29.576	
19699	1516.	29.546	29.587	29.576	
19700	1516.1	29.547	29.588	29.576	
19701	1516.2	29.547	29.588	29.576	
19702	1516.3	29.547	29.588	29.576	
19703	1516.4	29.547	29.588	29.577	
19704	1516.5	29.547	29.588	29.577	
19705	1516.6	29.547	29.588	29.577	
19706	1516.7	29.547	29.588	29.577	
19707	1516.8	29.547	29.588	29.577	
19708	1516.9	29.547	29.588	29.577	
19709	1517.	29.547	29.588	29.577	
19710	1517.	29.547	29.588	29.577	
19711	1517.	29.547	29.588	29.577	
19712	1517.	29.547	29.588	29.577	
19713	1517.1	29.547	29.588	29.577	
19714	1517.2	29.548	29.589	29.577	
19715	1517.3	29.548	29.589	29.577	
19716	1517.4	29.548	29.589	29.577	
19717	1517.5	29.548	29.589	29.578	
19718	1517.6	29.548	29.589	29.578	
19719	1517.7	29.548	29.589	29.578	
19720	1517.8	29.548	29.589	29.578	
19721	1517.9	29.548	29.589	29.578	
19722	1518.	29.548	29.589	29.578	
19723	1518.	29.548	29.589	29.578	
19724	1518.	29.548	29.589	29.578	
19725	1518.	29.548	29.589	29.578	
19726	1518.1	29.548	29.589	29.578	
19727	1518.2	29.548	29.589	29.578	
19728	1518.3	29.549	29.59	29.578	
19729	1518.4	29.549	29.59	29.578	
19730	1518.5	29.549	29.59	29.578	
19731	1518.6	29.549	29.59	29.579	
19732	1518.7	29.549	29.59	29.579	
19733	1518.8	29.549	29.59	29.579	
19734	1518.9	29.549	29.59	29.579	
19735	1519.	29.549	29.59	29.579	
19736	1519.	29.549	29.59	29.579	
19737	1519.	29.549	29.59	29.579	
19738	1519.	29.549	29.59	29.579	
19739	1519.1	29.549	29.59	29.579	
19740	1519.2	29.549	29.59	29.579	
19741	1519.3	29.549	29.59	29.579	
19742	1519.4	29.55	29.591	29.579	
19743	1519.5	29.55	29.591	29.579	
19744	1519.6	29.55	29.591	29.579	
19745	1519.7	29.55	29.591	29.58	
19746	1519.8	29.55	29.591	29.58	
19747	1519.9	29.55	29.591	29.58	
19748	1520.	29.55	29.591	29.58	
19749	1520.	29.55	29.591	29.58	
19750	1520.	29.55	29.591	29.58	
19751	1520.	29.55	29.591	29.58	
19752	1520.1	29.55	29.591	29.58	
19753	1520.2	29.55	29.591	29.58	
19754	1520.3	29.55	29.591	29.58	
19755	1520.4	29.55	29.591	29.58	
19756	1520.5	29.55	29.592	29.58	
19757	1520.6	29.551	29.592	29.58	
19758	1520.7	29.551	29.592	29.58	
19759	1520.8	29.551	29.592	29.581	
19760	1520.9	29.551	29.592	29.581	
19761	1521.	29.551	29.592	29.581	
19762	1521.	29.551	29.592	29.581	
19763	1521.	29.551	29.592	29.581	
19764	1521.	29.551	29.592	29.581	
19765	1521.1	29.551	29.592	29.581	
19766	1521.2	29.551	29.592	29.581	
19767	1521.3	29.551	29.592	29.581	
19768	1521.4	29.551	29.592	29.581	
19769	1521.5	29.551	29.592	29.581	
19770	1521.6	29.551	29.593	29.581	
19771	1521.7	29.552	29.593	29.581	
19772	1521.8	29.552	29.593	29.581	
19773	1521.9	29.552	29.593	29.582	
19774	1522.	29.552	29.593	29.582	
19775	1522.	29.552	29.593	29.582	
19776	1522.	29.552	29.593	29.582	
19777	1522.	29.552	29.593	29.582	
19778	1522.1	29.552	29.593	29.582	
19779	1522.2	29.552	29.593	29.582	
19780	1522.3	29.552	29.593	29.582	
19781	1522.4	29.552	29.593	29.582	
19782	1522.5	29.552	29.593	29.582	
19783	1522.6	29.552	29.593	29.582	
19784	1522.7	29.552	29.594	29.582	
19785	1522.8	29.553	29.594	29.582	
19786	1522.9	29.553	29.594	29.582	
19787	1523.	29.553	29.594	29.583	
19788	1523.	29.553	29.594	29.583	
19789	1523.	29.553	29.594	29.583	
19790	1523.	29.553	29.594	29.583	
19791	1523.1	29.553	29.594	29.583	
19792	1523.2	29.553	29.594	29.583	
19793	1523.3	29.553	29.594	29.583	
19794	1523.4	29.553	29.594	29.583	
19795	1523.5	29.553	29.594	29.583	
19796	1523.6	29.553	29.594	29.583	
19797	1523.7	29.553	29.594	29.583	
19798	1523.8	29.553	29.595	29.583	
19799	1523.9	29.554	29.595	29.583	
19800	1524.	29.554	29.595	29.583	
19801	1524.	29.554	29.595	29.583	
19802	1524.	29.554	29.595	29.583	
19803	1524.	29.554	29.595	29.584	
19804	1524.1	29.554	29.595	29.584	
19805	1524.2	29.554	29.595	29.584	
19806	1524.3	29.554	29.595	29.584	
19807	1524.4	29.554	29.595	29.584	
19808	1524.5	29.554	29.595	29.584	
19809	1524.6	29.554	29.595	29.584	
19810	1524.7	29.554	29.595	29.584	
19811	1524.8	29.554	29.595	29.584	
19812	1524.9	29.554	29.596	29.584	
19813	1525.	29.555	29.596	29.584	
19814	1525.	29.555	29.596	29.584	
19815	1525.	29.555	29.596	29.584	
19816	1525.	29.555	29.596	29.584	
19817	1525.1	29.555	29.596	29.584	
19818	1525.2	29.555	29.596	29.585	
19819	1525.3	29.555	29.596	29.585	
19820	1525.4	29.555	29.596	29.585	
19821	1525.5	29.555	29.596	29.585	
19822	1525.6	29.555	29.596	29.585	
19823	1525.7	29.555	29.596	29.585	
19824	1525.8	29.555	29.596	29.585	
19825	1525.9	29.555	29.597	29.585	
19826	1526.	29.555	29.597	29.585	
19827	1526.	29.555	29.597	29.585	
19828	1526.	29.555	29.597	29.585	
19829	1526.	29.555	29.597	29.585	
19830	1526.1	29.556	29.597	29.585	
19831	1526.2	29.556	29.597	29.585	
19832	1526.3	29.556	29.597	29.586	
19833	1526.4	29.556	29.597	29.586	
19834	1526.5	29.556	29.597	29.586	
19835	1526.6	29.556	29.597	29.586	
19836	1526.7	29.556	29.597	29.586	
19837	1526.8	29.556	29.597	29.586	
19838	1526.9	29.556	29.597	29.586	
19839	1527.	29.556	29.597	29.586	
19840	1527.	29.556	29.597	29.586	
19841	1527.	29.556	29.597	29.586	
19842	1527.	29.556	29.598	29.586	
19843	1527.1	29.556	29.598	29.586	
19844	1527.2	29.557	29.598	29.586	
19845	1527.3	29.557	29.598	29.586	
19846	1527.4	29.557	29.598	29.587	
19847	1527.5	29.557	29.598	29.587	
19848	1527.6	29.557	29.598	29.587	
19849	1527.7	29.557	29.598	29.587	
19850	1527.8	29.557	29.598	29.587	
19851	1527.9	29.557	29.598	29.587	
19852	1528.	29.557	29.598	29.587	
19853	1528.	29.557	29.598	29.587	
19854	1528.	29.557	29.598	29.587	
19855	1528.	29.557	29.598	29.587	
19856	1528.1	29.557	29.599	29.587	
19857	1528.2	29.557	29.599	29.587	
19858	1528.3	29.558	29.599	29.587	
19859	1528.4	29.558	29.599	29.587	
19860	1528.5	29.558	29.599	29.588	
19861	1528.6	29.558	29.599	29.588	
19862	1528.7	29.558	29.599	29.588	
19863	1528.8	29.558	29.599	29.588	
19864	1528.9	29.558	29.599	29.588	
19865	1529.	29.558	29.599	29.588	
19866	1529.	29.558	29.599	29.588	
19867	1529.	29.558	29.599	29.588	
19868	1529.	29.558	29.599	29.588	
19869	1529.1	29.558	29.599	29.588	
19870	1529.2	29.558	29.6	29.588	
19871	1529.3	29.558	29.6	29.588	
19872	1529.4	29.559	29.6	29.588	
19873	1529.5	29.559	29.6	29.588	
19874	1529.6	29.559	29.6	29.589	
19875	1529.7	29.559	29.6	29.589	
19876	1529.8	29.559	29.6	29.589	
19877	1529.9	29.559	29.6	29.589	
19878	1530.	29.559	29.6	29.589	
19879	1530.	29.559	29.6	29.589	
19880	1530.	29.559	29.6	29.589	
19881	1530.	29.559	29.6	29.589	
19882	1530.1	29.559	29.6	29.589	
19883	1530.2	29.559	29.6	29.589	
19884	1530.3	29.559	29.601	29.589	
19885	1530.4	29.559	29.601	29.589	
19886	1530.5	29.56	29.601	29.589	
19887	1530.6	29.56	29.601	29.589	
19888	1530.7	29.56	29.601	29.59	
19889	1530.8	29.56	29.601	29.59	
19890	1530.9	29.56	29.601	29.59	
19891	1531.	29.56	29.601	29.59	
19892	1531.	29.56	29.601	29.59	
19893	1531.	29.56	29.601	29.59	
19894	1531.	29.56	29.601	29.59	
19895	1531.1	29.56	29.601	29.59	
19896	1531.2	29.56	29.601	29.59	
19897	1531.3	29.56	29.601	29.59	
19898	1531.4	29.56	29.602	29.59	
19899	1531.5	29.56	29.602	29.59	
19900	1531.6	29.561	29.602	29.59	
19901	1531.7	29.561	29.602	29.59	
19902	1531.8	29.561	29.602	29.591	
19903	1531.9	29.561	29.602	29.591	
19904	1532.	29.561	29.602	29.591	
19905	1532.	29.561	29.602	29.591	
19906	1532.	29.561	29.602	29.591	
19907	1532.	29.561	29.602	29.591	
19908	1532.1	29.561	29.602	29.591	
19909	1532.2	29.561	29.602	29.591	
19910	1532.3	29.561	29.602	29.591	
19911	1532.4	29.561	29.602	29.591	
19912	1532.5	29.561	29.603	29.591	
19913	1532.6	29.561	29.603	29.591	
19914	1532.7	29.562	29.603	29.591	
19915	1532.8	29.562	29.603	29.592	
19916	1532.9	29.562	29.603	29.592	
19917	1533.	29.562	29.603	29.592	
19918	1533.	29.562	29.603	29.592	
19919	1533.	29.562	29.603	29.592	
19920	1533.	29.562	29.603	29.592	
19921	1533.1	29.562	29.603	29.592	
19922	1533.2	29.562	29.603	29.592	
19923	1533.3	29.562	29.603	29.592	
19924	1533.4	29.562	29.603	29.592	
19925	1533.5	29.562	29.603	29.592	
19926	1533.6	29.562	29.604	29.592	
19927	1533.7	29.562	29.604	29.592	
19928	1533.8	29.563	29.604	29.592	
19929	1533.9	29.563	29.604	29.593	
19930	1534.	29.563	29.604	29.593	
19931	1534.	29.563	29.604	29.593	
19932	1534.	29.563	29.604	29.593	
19933	1534.	29.563	29.604	29.593	
19934	1534.1	29.563	29.604	29.593	
19935	1534.2	29.563	29.604	29.593	
19936	1534.3	29.563	29.604	29.593	
19937	1534.4	29.563	29.604	29.593	
19938	1534.5	29.563	29.604	29.593	
19939	1534.6	29.563	29.604	29.593	
19940	1534.7	29.563	29.605	29.593	
19941	1534.8	29.563	29.605	29.593	
19942	1534.9	29.564	29.605	29.593	
19943	1535.	29.564	29.605	29.593	
19944	1535.	29.564	29.605	29.593	
19945	1535.	29.564	29.605	29.593	
19946	1535.	29.564	29.605	29.594	
19947	1535.1	29.564	29.605	29.594	
19948	1535.2	29.564	29.605	29.594	
19949	1535.3	29.564	29.605	29.594	
19950	1535.4	29.564	29.605	29.594	
19951	1535.5	29.564	29.605	29.594	
19952	1535.6	29.564	29.605	29.594	
19953	1535.7	29.564	29.605	29.594	
19954	1535.8	29.564	29.606	29.594	
19955	1535.9	29.564	29.606	29.594	
19956	1536.	29.564	29.606	29.594	
19957	1536.	29.564	29.606	29.594	
19958	1536.	29.565	29.606	29.594	
19959	1536.	29.565	29.606	29.594	
19960	1536.1	29.565	29.606	29.595	
19961	1536.2	29.565	29.606	29.595	
19962	1536.3	29.565	29.606	29.595	
19963	1536.4	29.565	29.606	29.595	
19964	1536.5	29.565	29.606	29.595	
19965	1536.6	29.565	29.606	29.595	
19966	1536.7	29.565	29.606	29.595	
19967	1536.8	29.565	29.606	29.595	
19968	1536.9	29.565	29.607	29.595	
19969	1537.	29.565	29.607	29.595	
19970	1537.	29.565	29.607	29.595	
19971	1537.	29.565	29.607	29.595	
19972	1537.	29.565	29.607	29.595	
19973	1537.1	29.566	29.607	29.595	
19974	1537.2	29.566	29.607	29.596	
19975	1537.3	29.566	29.607	29.596	
19976	1537.4	29.566	29.607	29.596	
19977	1537.5	29.566	29.607	29.596	
19978	1537.6	29.566	29.607	29.596	
19979	1537.7	29.566	29.607	29.596	
19980	1537.8	29.566	29.607	29.596	
19981	1537.9	29.566	29.607	29.596	
19982	1538.	29.566	29.607	29.596	
19983	1538.	29.566	29.607	29.596	
19984	1538.	29.566	29.608	29.596	
19985	1538.	29.566	29.608	29.596	
19986	1538.1	29.566	29.608	29.596	
19987	1538.2	29.567	29.608	29.596	
19988	1538.3	29.567	29.608	29.597	
19989	1538.4	29.567	29.608	29.597	
19990	1538.5	29.567	29.608	29.597	
19991	1538.6	29.567	29.608	29.597	
19992	1538.7	29.567	29.608	29.597	
19993	1538.8	29.567	29.608	29.597	
19994	1538.9	29.567	29.608	29.597	
19995	1539.	29.567	29.608	29.597	
19996	1539.	29.567	29.608	29.597	
19997	1539.	29.567	29.608	29.597	
19998	1539.	29.567	29.608	29.597	
19999	1539.1	29.567	29.609	29.597	
20000	1539.2	29.567	29.609	29.597	
20001	1539.3	29.568	29.609	29.597	
20002	1539.4	29.568	29.609	29.598	
20003	1539.5	29.568	29.609	29.598	
20004	1539.6	29.568	29.609	29.598	
20005	1539.7	29.568	29.609	29.598	
20006	1539.8	29.568	29.609	29.598	
20007	1539.9	29.568	29.609	29.598	
20008	1540.	29.568	29.609	29.598	
20009	1540.	29.568	29.609	29.598	
20010	1540.	29.568	29.609	29.598	
20011	1540.	29.568	29.609	29.598	
20012	1540.1	29.568	29.609	29.598	
20013	1540.2	29.568	29.61	29.598	
20014	1540.3	29.568	29.61	29.598	
20015	1540.4	29.569	29.61	29.598	
20016	1540.5	29.569	29.61	29.599	
20017	1540.6	29.569	29.61	29.599	
20018	1540.7	29.569	29.61	29.599	
20019	1540.8	29.569	29.61	29.599	
20020	1540.9	29.569	29.61	29.599	
20021	1541.	29.569	29.61	29.599	
20022	1541.	29.569	29.61	29.599	
20023	1541.	29.569	29.61	29.599	
20024	1541.	29.569	29.61	29.599	
20025	1541.1	29.569	29.61	29.599	
20026	1541.2	29.569	29.61	29.599	
20027	1541.3	29.569	29.611	29.599	
20028	1541.4	29.569	29.611	29.599	
20029	1541.5	29.569	29.611	29.599	
20030	1541.6	29.57	29.611	29.6	
20031	1541.7	29.57	29.611	29.6	
20032	1541.8	29.57	29.611	29.6	
20033	1541.9	29.57	29.611	29.6	
20034	1542.	29.57	29.611	29.6	
20035	1542.	29.57	29.611	29.6	
20036	1542.	29.57	29.611	29.6	
20037	1542.	29.57	29.611	29.6	
20038	1542.1	29.57	29.611	29.6	
20039	1542.2	29.57	29.611	29.6	
20040	1542.3	29.57	29.611	29.6	
20041	1542.4	29.57	29.612	29.6	
20042	1542.5	29.57	29.612	29.6	
20043	1542.6	29.57	29.612	29.6	
20044	1542.7	29.571	29.612	29.601	
20045	1542.8	29.571	29.612	29.601	
20046	1542.9	29.571	29.612	29.601	
20047	1543.	29.571	29.612	29.601	
20048	1543.	29.571	29.612	29.601	
20049	1543.	29.571	29.612	29.601	
20050	1543.	29.571	29.612	29.601	
20051	1543.1	29.571	29.612	29.601	
20052	1543.2	29.571	29.612	29.601	
20053	1543.3	29.571	29.612	29.601	
20054	1543.4	29.571	29.612	29.601	
20055	1543.5	29.571	29.613	29.601	
20056	1543.6	29.571	29.613	29.601	
20057	1543.7	29.571	29.613	29.601	
20058	1543.8	29.572	29.613	29.602	
20059	1543.9	29.572	29.613	29.602	
20060	1544.	29.572	29.613	29.602	
20061	1544.	29.572	29.613	29.602	
20062	1544.	29.572	29.613	29.602	
20063	1544.	29.572	29.613	29.602	
20064	1544.1	29.572	29.613	29.602	
20065	1544.2	29.572	29.613	29.602	
20066	1544.3	29.572	29.613	29.602	
20067	1544.4	29.572	29.613	29.602	
20068	1544.5	29.572	29.613	29.602	
20069	1544.6	29.572	29.614	29.602	
20070	1544.7	29.572	29.614	29.602	
20071	1544.8	29.572	29.614	29.602	
20072	1544.9	29.573	29.614	29.603	
20073	1545.	29.573	29.614	29.603	
20074	1545.	29.573	29.614	29.603	
20075	1545.	29.573	29.614	29.603	
20076	1545.	29.573	29.614	29.603	
20077	1545.1	29.573	29.614	29.603	
20078	1545.2	29.573	29.614	29.603	
20079	1545.3	29.573	29.614	29.603	
20080	1545.4	29.573	29.614	29.603	
20081	1545.5	29.573	29.614	29.603	
20082	1545.6	29.573	29.614	29.603	
20083	1545.7	29.573	29.615	29.603	
20084	1545.8	29.573	29.615	29.603	
20085	1545.9	29.573	29.615	29.603	
20086	1546.	29.574	29.615	29.603	
20087	1546.	29.574	29.615	29.603	
20088	1546.	29.574	29.615	29.603	
20089	1546.	29.574	29.615	29.604	
20090	1546.1	29.574	29.615	29.604	
20091	1546.2	29.574	29.615	29.604	
20092	1546.3	29.574	29.615	29.604	
20093	1546.4	29.574	29.615	29.604	
20094	1546.5	29.574	29.615	29.604	
20095	1546.6	29.574	29.615	29.604	
20096	1546.7	29.574	29.615	29.604	
20097	1546.8	29.574	29.616	29.604	
20098	1546.9	29.574	29.616	29.604	
20099	1547.	29.574	29.616	29.604	
20100	1547.	29.574	29.616	29.604	
20101	1547.	29.574	29.616	29.604	
20102	1547.	29.574	29.616	29.604	
20103	1547.1	29.575	29.616	29.605	
20104	1547.2	29.575	29.616	29.605	
20105	1547.3	29.575	29.616	29.605	
20106	1547.4	29.575	29.616	29.605	
20107	1547.5	29.575	29.616	29.605	
20108	1547.6	29.575	29.616	29.605	
20109	1547.7	29.575	29.616	29.605	
20110	1547.8	29.575	29.616	29.605	
20111	1547.9	29.575	29.617	29.605	
20112	1548.	29.575	29.617	29.605	
20113	1548.	29.575	29.617	29.605	
20114	1548.	29.575	29.617	29.605	
20115	1548.	29.575	29.617	29.605	
20116	1548.1	29.575	29.617	29.605	
20117	1548.2	29.576	29.617	29.606	
20118	1548.3	29.576	29.617	29.606	
20119	1548.4	29.576	29.617	29.606	
20120	1548.5	29.576	29.617	29.606	
20121	1548.6	29.576	29.617	29.606	
20122	1548.7	29.576	29.617	29.606	
20123	1548.8	29.576	29.617	29.606	
20124	1548.9	29.576	29.617	29.606	
20125	1549.	29.576	29.618	29.606	
20126	1549.	29.576	29.618	29.606	
20127	1549.	29.576	29.618	29.606	
20128	1549.	29.576	29.618	29.606	
20129	1549.1	29.576	29.618	29.606	
20130	1549.2	29.576	29.618	29.606	
20131	1549.3	29.577	29.618	29.607	
20132	1549.4	29.577	29.618	29.607	
20133	1549.5	29.577	29.618	29.607	
20134	1549.6	29.577	29.618	29.607	
20135	1549.7	29.577	29.618	29.607	
20136	1549.8	29.577	29.618	29.607	
20137	1549.9	29.577	29.618	29.607	
20138	1550.	29.577	29.618	29.607	
20139	1550.	29.577	29.618	29.607	
20140	1550.	29.577	29.618	29.607	
20141	1550.	29.577	29.618	29.607	
20142	1550.1	29.577	29.619	29.607	
20143	1550.2	29.577	29.619	29.607	
20144	1550.3	29.577	29.619	29.607	
20145	1550.4	29.578	29.619	29.608	
20146	1550.5	29.578	29.619	29.608	
20147	1550.6	29.578	29.619	29.608	
20148	1550.7	29.578	29.619	29.608	
20149	1550.8	29.578	29.619	29.608	
20150	1550.9	29.578	29.619	29.608	
20151	1551.	29.578	29.619	29.608	
20152	1551.	29.578	29.619	29.608	
20153	1551.	29.578	29.619	29.608	
20154	1551.	29.578	29.619	29.608	
20155	1551.1	29.578	29.619	29.608	
20156	1551.2	29.578	29.62	29.608	
20157	1551.3	29.578	29.62	29.608	
20158	1551.4	29.578	29.62	29.608	
20159	1551.5	29.579	29.62	29.609	
20160	1551.6	29.579	29.62	29.609	
20161	1551.7	29.579	29.62	29.609	
20162	1551.8	29.579	29.62	29.609	
20163	1551.9	29.579	29.62	29.609	
20164	1552.	29.579	29.62	29.609	
20165	1552.	29.579	29.62	29.609	
20166	1552.	29.579	29.62	29.609	
20167	1552.	29.579	29.62	29.609	
20168	1552.1	29.579	29.62	29.609	
20169	1552.2	29.579	29.62	29.609	
20170	1552.3	29.579	29.621	29.609	
20171	1552.4	29.579	29.621	29.609	
20172	1552.5	29.579	29.621	29.609	
20173	1552.6	29.58	29.621	29.61	
20174	1552.7	29.58	29.621	29.61	
20175	1552.8	29.58	29.621	29.61	
20176	1552.9	29.58	29.621	29.61	
20177	1553.	29.58	29.621	29.61	
20178	1553.	29.58	29.621	29.61	
20179	1553.	29.58	29.621	29.61	
20180	1553.	29.58	29.621	29.61	
20181	1553.1	29.58	29.621	29.61	
20182	1553.2	29.58	29.621	29.61	
20183	1553.3	29.58	29.621	29.61	
20184	1553.4	29.58	29.622	29.61	
20185	1553.5	29.58	29.622	29.61	
20186	1553.6	29.58	29.622	29.61	
20187	1553.7	29.581	29.622	29.611	
20188	1553.8	29.581	29.622	29.611	
20189	1553.9	29.581	29.622	29.611	
20190	1554.	29.581	29.622	29.611	
20191	1554.	29.581	29.622	29.611	
20192	1554.	29.581	29.622	29.611	
20193	1554.	29.581	29.622	29.611	
20194	1554.1	29.581	29.622	29.611	
20195	1554.2	29.581	29.622	29.611	
20196	1554.3	29.581	29.622	29.611	
20197	1554.4	29.581	29.622	29.611	
20198	1554.5	29.581	29.623	29.611	
20199	1554.6	29.581	29.623	29.611	
20200	1554.7	29.581	29.623	29.611	
20201	1554.8	29.582	29.623	29.612	
20202	1554.9	29.582	29.623	29.612	
20203	1555.	29.582	29.623	29.612	
20204	1555.	29.582	29.623	29.612	
20205	1555.	29.582	29.623	29.612	
20206	1555.	29.582	29.623	29.612	
20207	1555.1	29.582	29.623	29.612	
20208	1555.2	29.582	29.623	29.612	
20209	1555.3	29.582	29.623	29.612	
20210	1555.4	29.582	29.623	29.612	
20211	1555.5	29.582	29.623	29.612	
20212	1555.6	29.582	29.624	29.612	
20213	1555.7	29.582	29.624	29.612	
20214	1555.8	29.582	29.624	29.612	
20215	1555.9	29.583	29.624	29.613	
20216	1556.	29.583	29.624	29.613	
20217	1556.	29.583	29.624	29.613	
20218	1556.	29.583	29.624	29.613	
20219	1556.	29.583	29.624	29.613	
20220	1556.1	29.583	29.624	29.613	
20221	1556.2	29.583	29.624	29.613	
20222	1556.3	29.583	29.624	29.613	
20223	1556.4	29.583	29.624	29.613	
20224	1556.5	29.583	29.624	29.613	
20225	1556.6	29.583	29.624	29.613	
20226	1556.7	29.583	29.625	29.613	
20227	1556.8	29.583	29.625	29.613	
20228	1556.9	29.583	29.625	29.613	
20229	1557.	29.583	29.625	29.613	
20230	1557.	29.583	29.625	29.613	
20231	1557.	29.583	29.625	29.613	
20232	1557.	29.584	29.625	29.614	
20233	1557.1	29.584	29.625	29.614	
20234	1557.2	29.584	29.625	29.614	
20235	1557.3	29.584	29.625	29.614	
20236	1557.4	29.584	29.625	29.614	
20237	1557.5	29.584	29.625	29.614	
20238	1557.6	29.584	29.625	29.614	
20239	1557.7	29.584	29.625	29.614	
20240	1557.8	29.584	29.626	29.614	
20241	1557.9	29.584	29.626	29.614	
20242	1558.	29.584	29.626	29.614	
20243	1558.	29.584	29.626	29.614	
20244	1558.	29.584	29.626	29.614	
20245	1558.	29.584	29.626	29.614	
20246	1558.1	29.585	29.626	29.615	
20247	1558.2	29.585	29.626	29.615	
20248	1558.3	29.585	29.626	29.615	
20249	1558.4	29.585	29.626	29.615	
20250	1558.5	29.585	29.626	29.615	
20251	1558.6	29.585	29.626	29.615	
20252	1558.7	29.585	29.626	29.615	
20253	1558.8	29.585	29.626	29.615	
20254	1558.9	29.585	29.627	29.615	
20255	1559.	29.585	29.627	29.615	
20256	1559.	29.585	29.627	29.615	
20257	1559.	29.585	29.627	29.615	
20258	1559.	29.585	29.627	29.615	
20259	1559.1	29.585	29.627	29.615	
20260	1559.2	29.586	29.627	29.616	
20261	1559.3	29.586	29.627	29.616	
20262	1559.4	29.586	29.627	29.616	
20263	1559.5	29.586	29.627	29.616	
20264	1559.6	29.586	29.627	29.616	
20265	1559.7	29.586	29.627	29.616	
20266	1559.8	29.586	29.627	29.616	
20267	1559.9	29.586	29.627	29.616	
20268	1560.	29.586	29.628	29.616	
20269	1560.	29.586	29.628	29.616	
20270	1560.	29.586	29.628	29.616	
20271	1560.	29.586	29.628	29.616	
20272	1560.1	29.586	29.628	29.616	
20273	1560.2	29.586	29.628	29.616	
20274	1560.3	29.587	29.628	29.617	
20275	1560.4	29.587	29.628	29.617	
20276	1560.5	29.587	29.628	29.617	
20277	1560.6	29.587	29.628	29.617	
20278	1560.7	29.587	29.628	29.617	
20279	1560.8	29.587	29.628	29.617	
20280	1560.9	29.587	29.628	29.617	
20281	1561.	29.587	29.628	29.617	
20282	1561.	29.587	29.628	29.617	
20283	1561.	29.587	29.628	29.617	
20284	1561.	29.587	29.628	29.617	
20285	1561.1	29.587	29.629	29.617	
20286	1561.2	29.587	29.629	29.617	
20287	1561.3	29.587	29.629	29.617	
20288	1561.4	29.587	29.629	29.618	
20289	1561.5	29.588	29.629	29.618	
20290	1561.6	29.588	29.629	29.618	
20291	1561.7	29.588	29.629	29.618	
20292	1561.8	29.588	29.629	29.618	
20293	1561.9	29.588	29.629	29.618	
20294	1562.	29.588	29.629	29.618	
20295	1562.	29.588	29.629	29.618	
20296	1562.	29.588	29.629	29.618	
20297	1562.	29.588	29.629	29.618	
20298	1562.1	29.588	29.629	29.618	
20299	1562.2	29.588	29.63	29.618	
20300	1562.3	29.588	29.63	29.618	
20301	1562.4	29.588	29.63	29.618	
20302	1562.5	29.588	29.63	29.619	
20303	1562.6	29.589	29.63	29.619	
20304	1562.7	29.589	29.63	29.619	
20305	1562.8	29.589	29.63	29.619	
20306	1562.9	29.589	29.63	29.619	
20307	1563.	29.589	29.63	29.619	
20308	1563.	29.589	29.63	29.619	
20309	1563.	29.589	29.63	29.619	
20310	1563.	29.589	29.63	29.619	
20311	1563.1	29.589	29.63	29.619	
20312	1563.2	29.589	29.63	29.619	
20313	1563.3	29.589	29.631	29.619	
20314	1563.4	29.589	29.631	29.619	
20315	1563.5	29.589	29.631	29.619	
20316	1563.6	29.589	29.631	29.62	
20317	1563.7	29.59	29.631	29.62	
20318	1563.8	29.59	29.631	29.62	
20319	1563.9	29.59	29.631	29.62	
20320	1564.	29.59	29.631	29.62	
20321	1564.	29.59	29.631	29.62	
20322	1564.	29.59	29.631	29.62	
20323	1564.	29.59	29.631	29.62	
20324	1564.1	29.59	29.631	29.62	
20325	1564.2	29.59	29.631	29.62	
20326	1564.3	29.59	29.631	29.62	
20327	1564.4	29.59	29.632	29.62	
20328	1564.5	29.59	29.632	29.62	
20329	1564.6	29.59	29.632	29.62	
20330	1564.7	29.59	29.632	29.621	
20331	1564.8	29.591	29.632	29.621	
20332	1564.9	29.591	29.632	29.621	
20333	1565.	29.591	29.632	29.621	
20334	1565.	29.591	29.632	29.621	
20335	1565.	29.591	29.632	29.621	
20336	1565.	29.591	29.632	29.621	
20337	1565.1	29.591	29.632	29.621	
20338	1565.2	29.591	29.632	29.621	
20339	1565.3	29.591	29.632	29.621	
20340	1565.4	29.591	29.632	29.621	
20341	1565.5	29.591	29.633	29.621	
20342	1565.6	29.591	29.633	29.621	
20343	1565.7	29.591	29.633	29.621	
20344	1565.8	29.591	29.633	29.622	
20345	1565.9	29.592	29.633	29.622	
20346	1566.	29.592	29.633	29.622	
20347	1566.	29.592	29.633	29.622	
20348	1566.	29.592	29.633	29.622	
20349	1566.	29.592	29.633	29.622	
20350	1566.1	29.592	29.633	29.622	
20351	1566.2	29.592	29.633	29.622	
20352	1566.3	29.592	29.633	29.622	
20353	1566.4	29.592	29.633	29.622	
20354	1566.5	29.592	29.633	29.622	
20355	1566.6	29.592	29.634	29.622	
20356	1566.7	29.592	29.634	29.622	
20357	1566.8	29.592	29.634	29.622	
20358	1566.9	29.592	29.634	29.623	
20359	1567.	29.593	29.634	29.623	
20360	1567.	29.593	29.634	29.623	
20361	1567.	29.593	29.634	29.623	
20362	1567.	29.593	29.634	29.623	
20363	1567.1	29.593	29.634	29.623	
20364	1567.2	29.593	29.634	29.623	
20365	1567.3	29.593	29.634	29.623	
20366	1567.4	29.593	29.634	29.623	
20367	1567.5	29.593	29.634	29.623	
20368	1567.6	29.593	29.634	29.623	
20369	1567.7	29.593	29.635	29.623	
20370	1567.8	29.593	29.635	29.623	
20371	1567.9	29.593	29.635	29.623	
20372	1568.	29.593	29.635	29.623	
20373	1568.	29.593	29.635	29.623	
20374	1568.	29.593	29.635	29.623	
20375	1568.	29.593	29.635	29.624	
20376	1568.1	29.594	29.635	29.624	
20377	1568.2	29.594	29.635	29.624	
20378	1568.3	29.594	29.635	29.624	
20379	1568.4	29.594	29.635	29.624	
20380	1568.5	29.594	29.635	29.624	
20381	1568.6	29.594	29.635	29.624	
20382	1568.7	29.594	29.635	29.624	
20383	1568.8	29.594	29.636	29.624	
20384	1568.9	29.594	29.636	29.624	
20385	1569.	29.594	29.636	29.624	
20386	1569.	29.594	29.636	29.624	
20387	1569.	29.594	29.636	29.624	
20388	1569.	29.594	29.636	29.624	
20389	1569.1	29.594	29.636	29.625	
20390	1569.2	29.595	29.636	29.625	
20391	1569.3	29.595	29.636	29.625	
20392	1569.4	29.595	29.636	29.625	
20393	1569.5	29.595	29.636	29.625	
20394	1569.6	29.595	29.636	29.625	
20395	1569.7	29.595	29.636	29.625	
20396	1569.8	29.595	29.636	29.625	
20397	1569.9	29.595	29.637	29.625	
20398	1570.	29.595	29.637	29.625	
20399	1570.	29.595	29.637	29.625	
20400	1570.	29.595	29.637	29.625	
20401	1570.	29.595	29.637	29.625	
20402	1570.1	29.595	29.637	29.625	
20403	1570.2	29.595	29.637	29.626	
20404	1570.3	29.596	29.637	29.626	
20405	1570.4	29.596	29.637	29.626	
20406	1570.5	29.596	29.637	29.626	
20407	1570.6	29.596	29.637	29.626	
20408	1570.7	29.596	29.637	29.626	
20409	1570.8	29.596	29.637	29.626	
20410	1570.9	29.596	29.637	29.626	
20411	1571.	29.596	29.638	29.626	
20412	1571.	29.596	29.638	29.626	
20413	1571.	29.596	29.638	29.626	
20414	1571.	29.596	29.638	29.626	
20415	1571.1	29.596	29.638	29.626	
20416	1571.2	29.596	29.638	29.626	
20417	1571.3	29.596	29.638	29.626	
20418	1571.4	29.597	29.638	29.627	
20419	1571.5	29.597	29.638	29.627	
20420	1571.6	29.597	29.638	29.627	
20421	1571.7	29.597	29.638	29.627	
20422	1571.8	29.597	29.638	29.627	
20423	1571.9	29.597	29.638	29.627	
20424	1572.	29.597	29.638	29.627	
20425	1572.	29.597	29.638	29.627	
20426	1572.	29.597	29.638	29.627	
20427	1572.	29.597	29.638	29.627	
20428	1572.1	29.597	29.639	29.627	
20429	1572.2	29.597	29.639	29.627	
20430	1572.3	29.597	29.639	29.627	
20431	1572.4	29.597	29.639	29.627	
20432	1572.5	29.598	29.639	29.628	
20433	1572.6	29.598	29.639	29.628	
20434	1572.7	29.598	29.639	29.628	
20435	1572.8	29.598	29.639	29.628	
20436	1572.9	29.598	29.639	29.628	
20437	1573.	29.598	29.639	29.628	
20438	1573.	29.598	29.639	29.628	
20439	1573.	29.598	29.639	29.628	
20440	1573.	29.598	29.639	29.628	
20441	1573.1	29.598	29.639	29.628	
20442	1573.2	29.598	29.64	29.628	
20443	1573.3	29.598	29.64	29.628	
20444	1573.4	29.598	29.64	29.628	
20445	1573.5	29.598	29.64	29.628	
20446	1573.6	29.599	29.64	29.629	
20447	1573.7	29.599	29.64	29.629	
20448	1573.8	29.599	29.64	29.629	
20449	1573.9	29.599	29.64	29.629	
20450	1574.	29.599	29.64	29.629	
20451	1574.	29.599	29.64	29.629	
20452	1574.	29.599	29.64	29.629	
20453	1574.	29.599	29.64	29.629	
20454	1574.1	29.599	29.64	29.629	
20455	1574.2	29.599	29.64	29.629	
20456	1574.3	29.599	29.641	29.629	
20457	1574.4	29.599	29.641	29.629	
20458	1574.5	29.599	29.641	29.629	
20459	1574.6	29.599	29.641	29.629	
20460	1574.7	29.6	29.641	29.63	
20461	1574.8	29.6	29.641	29.63	
20462	1574.9	29.6	29.641	29.63	
20463	1575.	29.6	29.641	29.63	
20464	1575.	29.6	29.641	29.63	
20465	1575.	29.6	29.641	29.63	
20466	1575.	29.6	29.641	29.63	
20467	1575.1	29.6	29.641	29.63	
20468	1575.2	29.6	29.641	29.63	
20469	1575.3	29.6	29.641	29.63	
20470	1575.4	29.6	29.642	29.63	
20471	1575.5	29.6	29.642	29.63	
20472	1575.6	29.6	29.642	29.63	
20473	1575.7	29.6	29.642	29.63	
20474	1575.8	29.601	29.642	29.631	
20475	1575.9	29.601	29.642	29.631	
20476	1576.	29.601	29.642	29.631	
20477	1576.	29.601	29.642	29.631	
20478	1576.	29.601	29.642	29.631	
20479	1576.	29.601	29.642	29.631	
20480	1576.1	29.601	29.642	29.631	
20481	1576.2	29.601	29.642	29.631	
20482	1576.3	29.601	29.642	29.631	
20483	1576.4	29.601	29.642	29.631	
20484	1576.5	29.601	29.643	29.631	
20485	1576.6	29.601	29.643	29.631	
20486	1576.7	29.601	29.643	29.631	
20487	1576.8	29.601	29.643	29.631	
20488	1576.9	29.602	29.643	29.632	
20489	1577.	29.602	29.643	29.632	
20490	1577.	29.602	29.643	29.632	
20491	1577.	29.602	29.643	29.632	
20492	1577.	29.602	29.643	29.632	
20493	1577.1	29.602	29.643	29.632	
20494	1577.2	29.602	29.643	29.632	
20495	1577.3	29.602	29.643	29.632	
20496	1577.4	29.602	29.643	29.632	
20497	1577.5	29.602	29.643	29.632	
20498	1577.6	29.602	29.644	29.632	
20499	1577.7	29.602	29.644	29.632	
20500	1577.8	29.602	29.644	29.632	
20501	1577.9	29.602	29.644	29.632	
20502	1578.	29.602	29.644	29.633	
20503	1578.	29.602	29.644	29.633	
20504	1578.	29.602	29.644	29.633	
20505	1578.	29.603	29.644	29.633	
20506	1578.1	29.603	29.644	29.633	
20507	1578.2	29.603	29.644	29.633	
20508	1578.3	29.603	29.644	29.633	
20509	1578.4	29.603	29.644	29.633	
20510	1578.5	29.603	29.644	29.633	
20511	1578.6	29.603	29.644	29.633	
20512	1578.7	29.603	29.645	29.633	
20513	1578.8	29.603	29.645	29.633	
20514	1578.9	29.603	29.645	29.633	
20515	1579.	29.603	29.645	29.633	
20516	1579.	29.603	29.645	29.633	
20517	1579.	29.603	29.645	29.633	
20518	1579.	29.603	29.645	29.634	
20519	1579.1	29.603	29.645	29.634	
20520	1579.2	29.604	29.645	29.634	
20521	1579.3	29.604	29.645	29.634	
20522	1579.4	29.604	29.645	29.634	
20523	1579.5	29.604	29.645	29.634	
20524	1579.6	29.604	29.645	29.634	
20525	1579.7	29.604	29.645	29.634	
20526	1579.8	29.604	29.646	29.634	
20527	1579.9	29.604	29.646	29.634	
20528	1580.	29.604	29.646	29.634	
20529	1580.	29.604	29.646	29.634	
20530	1580.	29.604	29.646	29.634	
20531	1580.	29.604	29.646	29.634	
20532	1580.1	29.604	29.646	29.634	
20533	1580.2	29.604	29.646	29.635	
20534	1580.3	29.605	29.646	29.635	
20535	1580.4	29.605	29.646	29.635	
20536	1580.5	29.605	29.646	29.635	
20537	1580.6	29.605	29.646	29.635	
20538	1580.7	29.605	29.646	29.635	
20539	1580.8	29.605	29.646	29.635	
20540	1580.9	29.605	29.647	29.635	
20541	1581.	29.605	29.647	29.635	
20542	1581.	29.605	29.647	29.635	
20543	1581.	29.605	29.647	29.635	
20544	1581.	29.605	29.647	29.635	
20545	1581.1	29.605	29.647	29.635	
20546	1581.2	29.605	29.647	29.635	
20547	1581.3	29.605	29.647	29.636	
20548	1581.4	29.606	29.647	29.636	
20549	1581.5	29.606	29.647	29.636	
20550	1581.6	29.606	29.647	29.636	
20551	1581.7	29.606	29.647	29.636	
20552	1581.8	29.606	29.647	29.636	
20553	1581.9	29.606	29.647	29.636	
20554	1582.	29.606	29.648	29.636	
20555	1582.	29.606	29.648	29.636	
20556	1582.	29.606	29.648	29.636	
20557	1582.	29.606	29.648	29.636	
20558	1582.1	29.606	29.648	29.636	
20559	1582.2	29.606	29.648	29.636	
20560	1582.3	29.606	29.648	29.636	
20561	1582.4	29.606	29.648	29.637	
20562	1582.5	29.607	29.648	29.637	
20563	1582.6	29.607	29.648	29.637	
20564	1582.7	29.607	29.648	29.637	
20565	1582.8	29.607	29.648	29.637	
20566	1582.9	29.607	29.648	29.637	
20567	1583.	29.607	29.648	29.637	
20568	1583.	29.607	29.648	29.637	
20569	1583.	29.607	29.648	29.637	
20570	1583.	29.607	29.649	29.637	
20571	1583.1	29.607	29.649	29.637	
20572	1583.2	29.607	29.649	29.637	
20573	1583.3	29.607	29.649	29.637	
20574	1583.4	29.607	29.649	29.637	
20575	1583.5	29.607	29.649	29.638	
20576	1583.6	29.608	29.649	29.638	
20577	1583.7	29.608	29.649	29.638	
20578	1583.8	29.608	29.649	29.638	
20579	1583.9	29.608	29.649	29.638	
20580	1584.	29.608	29.649	29.638	
20581	1584.	29.608	29.649	29.638	
20582	1584.	29.608	29.649	29.638	
20583	1584.	29.608	29.649	29.638	
20584	1584.1	29.608	29.649	29.638	
20585	1584.2	29.608	29.65	29.638	
20586	1584.3	29.608	29.65	29.638	
20587	1584.4	29.608	29.65	29.638	
20588	1584.5	29.608	29.65	29.638	
20589	1584.6	29.608	29.65	29.639	
20590	1584.7	29.609	29.65	29.639	
20591	1584.8	29.609	29.65	29.639	
20592	1584.9	29.609	29.65	29.639	
20593	1585.	29.609	29.65	29.639	
20594	1585.	29.609	29.65	29.639	
20595	1585.	29.609	29.65	29.639	
20596	1585.	29.609	29.65	29.639	
20597	1585.1	29.609	29.65	29.639	
20598	1585.2	29.609	29.65	29.639	
20599	1585.3	29.609	29.651	29.639	
20600	1585.4	29.609	29.651	29.639	
20601	1585.5	29.609	29.651	29.639	
20602	1585.6	29.609	29.651	29.639	
20603	1585.7	29.609	29.651	29.64	
20604	1585.8	29.61	29.651	29.64	
20605	1585.9	29.61	29.651	29.64	
20606	1586.	29.61	29.651	29.64	
20607	1586.	29.61	29.651	29.64	
20608	1586.	29.61	29.651	29.64	
20609	1586.	29.61	29.651	29.64	
20610	1586.1	29.61	29.651	29.64	
20611	1586.2	29.61	29.651	29.64	
20612	1586.3	29.61	29.651	29.64	
20613	1586.4	29.61	29.652	29.64	
20614	1586.5	29.61	29.652	29.64	
20615	1586.6	29.61	29.652	29.64	
20616	1586.7	29.61	29.652	29.64	
20617	1586.8	29.61	29.652	29.641	
20618	1586.9	29.611	29.652	29.641	
20619	1587.	29.611	29.652	29.641	
20620	1587.	29.611	29.652	29.641	
20621	1587.	29.611	29.652	29.641	
20622	1587.	29.611	29.652	29.641	
20623	1587.1	29.611	29.652	29.641	
20624	1587.2	29.611	29.652	29.641	
20625	1587.3	29.611	29.652	29.641	
20626	1587.4	29.611	29.653	29.641	
20627	1587.5	29.611	29.653	29.641	
20628	1587.6	29.611	29.653	29.641	
20629	1587.7	29.611	29.653	29.641	
20630	1587.8	29.611	29.653	29.641	
20631	1587.9	29.611	29.653	29.642	
20632	1588.	29.611	29.653	29.642	
20633	1588.	29.612	29.653	29.642	
20634	1588.	29.612	29.653	29.642	
20635	1588.	29.612	29.653	29.642	
20636	1588.1	29.612	29.653	29.642	
20637	1588.2	29.612	29.653	29.642	
20638	1588.3	29.612	29.653	29.642	
20639	1588.4	29.612	29.653	29.642	
20640	1588.5	29.612	29.654	29.642	
20641	1588.6	29.612	29.654	29.642	
20642	1588.7	29.612	29.654	29.642	
20643	1588.8	29.612	29.654	29.642	
20644	1588.9	29.612	29.654	29.642	
20645	1589.	29.612	29.654	29.643	
20646	1589.	29.612	29.654	29.643	
20647	1589.	29.612	29.654	29.643	
20648	1589.	29.612	29.654	29.643	
20649	1589.1	29.613	29.654	29.643	
20650	1589.2	29.613	29.654	29.643	
20651	1589.3	29.613	29.654	29.643	
20652	1589.4	29.613	29.654	29.643	
20653	1589.5	29.613	29.654	29.643	
20654	1589.6	29.613	29.655	29.643	
20655	1589.7	29.613	29.655	29.643	
20656	1589.8	29.613	29.655	29.643	
20657	1589.9	29.613	29.655	29.643	
20658	1590.	29.613	29.655	29.643	
20659	1590.	29.613	29.655	29.643	
20660	1590.	29.613	29.655	29.643	
20661	1590.	29.613	29.655	29.643	
20662	1590.1	29.613	29.655	29.644	
20663	1590.2	29.614	29.655	29.644	
20664	1590.3	29.614	29.655	29.644	
20665	1590.4	29.614	29.655	29.644	
20666	1590.5	29.614	29.655	29.644	
20667	1590.6	29.614	29.655	29.644	
20668	1590.7	29.614	29.656	29.644	
20669	1590.8	29.614	29.656	29.644	
20670	1590.9	29.614	29.656	29.644	
20671	1591.	29.614	29.656	29.644	
20672	1591.	29.614	29.656	29.644	
20673	1591.	29.614	29.656	29.644	
20674	1591.	29.614	29.656	29.644	
20675	1591.1	29.614	29.656	29.644	
20676	1591.2	29.614	29.656	29.645	
20677	1591.3	29.615	29.656	29.645	
20678	1591.4	29.615	29.656	29.645	
20679	1591.5	29.615	29.656	29.645	
20680	1591.6	29.615	29.656	29.645	
20681	1591.7	29.615	29.656	29.645	
20682	1591.8	29.615	29.657	29.645	
20683	1591.9	29.615	29.657	29.645	
20684	1592.	29.615	29.657	29.645	
20685	1592.	29.615	29.657	29.645	
20686	1592.	29.615	29.657	29.645	
20687	1592.	29.615	29.657	29.645	
20688	1592.1	29.615	29.657	29.645	
20689	1592.2	29.615	29.657	29.645	
20690	1592.3	29.615	29.657	29.646	
20691	1592.4	29.616	29.657	29.646	
20692	1592.5	29.616	29.657	29.646	
20693	1592.6	29.616	29.657	29.646	
20694	1592.7	29.616	29.657	29.646	
20695	1592.8	29.616	29.657	29.646	
20696	1592.9	29.616	29.658	29.646	
20697	1593.	29.616	29.658	29.646	
20698	1593.	29.616	29.658	29.646	
20699	1593.	29.616	29.658	29.646	
20700	1593.	29.616	29.658	29.646	
20701	1593.1	29.616	29.658	29.646	
20702	1593.2	29.616	29.658	29.646	
20703	1593.3	29.616	29.658	29.646	
20704	1593.4	29.616	29.658	29.647	
20705	1593.5	29.617	29.658	29.647	
20706	1593.6	29.617	29.658	29.647	
20707	1593.7	29.617	29.658	29.647	
20708	1593.8	29.617	29.658	29.647	
20709	1593.9	29.617	29.658	29.647	
20710	1594.	29.617	29.658	29.647	
20711	1594.	29.617	29.658	29.647	
20712	1594.	29.617	29.658	29.647	
20713	1594.	29.617	29.659	29.647	
20714	1594.1	29.617	29.659	29.647	
20715	1594.2	29.617	29.659	29.647	
20716	1594.3	29.617	29.659	29.647	
20717	1594.4	29.617	29.659	29.647	
20718	1594.5	29.617	29.659	29.648	
20719	1594.6	29.617	29.659	29.648	
20720	1594.7	29.618	29.659	29.648	
20721	1594.8	29.618	29.659	29.648	
20722	1594.9	29.618	29.659	29.648	
20723	1595.	29.618	29.659	29.648	
20724	1595.	29.618	29.659	29.648	
20725	1595.	29.618	29.659	29.648	
20726	1595.	29.618	29.659	29.648	
20727	1595.1	29.618	29.66	29.648	
20728	1595.2	29.618	29.66	29.648	
20729	1595.3	29.618	29.66	29.648	
20730	1595.4	29.618	29.66	29.648	
20731	1595.5	29.618	29.66	29.648	
20732	1595.6	29.618	29.66	29.649	
20733	1595.7	29.618	29.66	29.649	
20734	1595.8	29.619	29.66	29.649	
20735	1595.9	29.619	29.66	29.649	
20736	1596.	29.619	29.66	29.649	
20737	1596.	29.619	29.66	29.649	
20738	1596.	29.619	29.66	29.649	
20739	1596.	29.619	29.66	29.649	
20740	1596.1	29.619	29.66	29.649	
20741	1596.2	29.619	29.661	29.649	
20742	1596.3	29.619	29.661	29.649	
20743	1596.4	29.619	29.661	29.649	
20744	1596.5	29.619	29.661	29.649	
20745	1596.6	29.619	29.661	29.649	
20746	1596.7	29.619	29.661	29.65	
20747	1596.8	29.619	29.661	29.65	
20748	1596.9	29.62	29.661	29.65	
20749	1597.	29.62	29.661	29.65	
20750	1597.	29.62	29.661	29.65	
20751	1597.	29.62	29.661	29.65	
20752	1597.	29.62	29.661	29.65	
20753	1597.1	29.62	29.661	29.65	
20754	1597.2	29.62	29.661	29.65	
20755	1597.3	29.62	29.662	29.65	
20756	1597.4	29.62	29.662	29.65	
20757	1597.5	29.62	29.662	29.65	
20758	1597.6	29.62	29.662	29.65	
20759	1597.7	29.62	29.662	29.65	
20760	1597.8	29.62	29.662	29.651	
20761	1597.9	29.62	29.662	29.651	
20762	1598.	29.621	29.662	29.651	
20763	1598.	29.621	29.662	29.651	
20764	1598.	29.621	29.662	29.651	
20765	1598.	29.621	29.662	29.651	
20766	1598.1	29.621	29.662	29.651	
20767	1598.2	29.621	29.662	29.651	
20768	1598.3	29.621	29.662	29.651	
20769	1598.4	29.621	29.663	29.651	
20770	1598.5	29.621	29.663	29.651	
20771	1598.6	29.621	29.663	29.651	
20772	1598.7	29.621	29.663	29.651	
20773	1598.8	29.621	29.663	29.651	
20774	1598.9	29.621	29.663	29.652	
20775	1599.	29.621	29.663	29.652	
20776	1599.	29.621	29.663	29.652	
20777	1599.	29.621	29.663	29.652	
20778	1599.	29.621	29.663	29.652	
20779	1599.1	29.622	29.663	29.652	
20780	1599.2	29.622	29.663	29.652	
20781	1599.3	29.622	29.663	29.652	
20782	1599.4	29.622	29.663	29.652	
20783	1599.5	29.622	29.664	29.652	
20784	1599.6	29.622	29.664	29.652	
20785	1599.7	29.622	29.664	29.652	
20786	1599.8	29.622	29.664	29.652	
20787	1599.9	29.622	29.664	29.652	
20788	1600.	29.622	29.664	29.653	
20789	1600.	29.622	29.664	29.653	
20790	1600.	29.622	29.664	29.653	
20791	1600.	29.622	29.664	29.653	
20792	1600.1	29.622	29.664	29.653	
20793	1600.2	29.623	29.664	29.653	
20794	1600.3	29.623	29.664	29.653	
20795	1600.4	29.623	29.664	29.653	
20796	1600.5	29.623	29.664	29.653	
20797	1600.6	29.623	29.665	29.653	
20798	1600.7	29.623	29.665	29.653	
20799	1600.8	29.623	29.665	29.653	
20800	1600.9	29.623	29.665	29.653	
20801	1601.	29.623	29.665	29.653	
20802	1601.	29.623	29.665	29.653	
20803	1601.	29.623	29.665	29.653	
20804	1601.	29.623	29.665	29.653	
20805	1601.1	29.623	29.665	29.654	
20806	1601.2	29.623	29.665	29.654	
20807	1601.3	29.624	29.665	29.654	
20808	1601.4	29.624	29.665	29.654	
20809	1601.5	29.624	29.665	29.654	
20810	1601.6	29.624	29.665	29.654	
20811	1601.7	29.624	29.666	29.654	
20812	1601.8	29.624	29.666	29.654	
20813	1601.9	29.624	29.666	29.654	
20814	1602.	29.624	29.666	29.654	
20815	1602.	29.624	29.666	29.654	
20816	1602.	29.624	29.666	29.654	
20817	1602.	29.624	29.666	29.654	
20818	1602.1	29.624	29.666	29.654	
20819	1602.2	29.624	29.666	29.655	
20820	1602.3	29.624	29.666	29.655	
20821	1602.4	29.625	29.666	29.655	
20822	1602.5	29.625	29.666	29.655	
20823	1602.6	29.625	29.666	29.655	
20824	1602.7	29.625	29.666	29.655	
20825	1602.8	29.625	29.667	29.655	
20826	1602.9	29.625	29.667	29.655	
20827	1603.	29.625	29.667	29.655	
20828	1603.	29.625	29.667	29.655	
20829	1603.	29.625	29.667	29.655	
20830	1603.	29.625	29.667	29.655	
20831	1603.1	29.625	29.667	29.655	
20832	1603.2	29.625	29.667	29.655	
20833	1603.3	29.625	29.667	29.656	
20834	1603.4	29.625	29.667	29.656	
20835	1603.5	29.626	29.667	29.656	
20836	1603.6	29.626	29.667	29.656	
20837	1603.7	29.626	29.667	29.656	
20838	1603.8	29.626	29.667	29.656	
20839	1603.9	29.626	29.668	29.656	
20840	1604.	29.626	29.668	29.656	
20841	1604.	29.626	29.668	29.656	
20842	1604.	29.626	29.668	29.656	
20843	1604.	29.626	29.668	29.656	
20844	1604.1	29.626	29.668	29.656	
20845	1604.2	29.626	29.668	29.656	
20846	1604.3	29.626	29.668	29.656	
20847	1604.4	29.626	29.668	29.657	
20848	1604.5	29.626	29.668	29.657	
20849	1604.6	29.627	29.668	29.657	
20850	1604.7	29.627	29.668	29.657	
20851	1604.8	29.627	29.668	29.657	
20852	1604.9	29.627	29.668	29.657	
20853	1605.	29.627	29.668	29.657	
20854	1605.	29.627	29.668	29.657	
20855	1605.	29.627	29.668	29.657	
20856	1605.	29.627	29.669	29.657	
20857	1605.1	29.627	29.669	29.657	
20858	1605.2	29.627	29.669	29.657	
20859	1605.3	29.627	29.669	29.657	
20860	1605.4	29.627	29.669	29.657	
20861	1605.5	29.627	29.669	29.658	
20862	1605.6	29.627	29.669	29.658	
20863	1605.7	29.628	29.669	29.658	
20864	1605.8	29.628	29.669	29.658	
20865	1605.9	29.628	29.669	29.658	
20866	1606.	29.628	29.669	29.658	
20867	1606.	29.628	29.669	29.658	
20868	1606.	29.628	29.669	29.658	
20869	1606.	29.628	29.669	29.658	
20870	1606.1	29.628	29.67	29.658	
20871	1606.2	29.628	29.67	29.658	
20872	1606.3	29.628	29.67	29.658	
20873	1606.4	29.628	29.67	29.658	
20874	1606.5	29.628	29.67	29.658	
20875	1606.6	29.628	29.67	29.659	
20876	1606.7	29.628	29.67	29.659	
20877	1606.8	29.629	29.67	29.659	
20878	1606.9	29.629	29.67	29.659	
20879	1607.	29.629	29.67	29.659	
20880	1607.	29.629	29.67	29.659	
20881	1607.	29.629	29.67	29.659	
20882	1607.	29.629	29.67	29.659	
20883	1607.1	29.629	29.67	29.659	
20884	1607.2	29.629	29.671	29.659	
20885	1607.3	29.629	29.671	29.659	
20886	1607.4	29.629	29.671	29.659	
20887	1607.5	29.629	29.671	29.659	
20888	1607.6	29.629	29.671	29.659	
20889	1607.7	29.629	29.671	29.66	
20890	1607.8	29.629	29.671	29.66	
20891	1607.9	29.63	29.671	29.66	
20892	1608.	29.63	29.671	29.66	
20893	1608.	29.63	29.671	29.66	
20894	1608.	29.63	29.671	29.66	
20895	1608.	29.63	29.671	29.66	
20896	1608.1	29.63	29.671	29.66	
20897	1608.2	29.63	29.671	29.66	
20898	1608.3	29.63	29.672	29.66	
20899	1608.4	29.63	29.672	29.66	
20900	1608.5	29.63	29.672	29.66	
20901	1608.6	29.63	29.672	29.66	
20902	1608.7	29.63	29.672	29.66	
20903	1608.8	29.63	29.672	29.661	
20904	1608.9	29.63	29.672	29.661	
20905	1609.	29.63	29.672	29.661	
20906	1609.	29.63	29.672	29.661	
20907	1609.	29.63	29.672	29.661	
20908	1609.	29.631	29.672	29.661	
20909	1609.1	29.631	29.672	29.661	
20910	1609.2	29.631	29.672	29.661	
20911	1609.3	29.631	29.672	29.661	
20912	1609.4	29.631	29.673	29.661	
20913	1609.5	29.631	29.673	29.661	
20914	1609.6	29.631	29.673	29.661	
20915	1609.7	29.631	29.673	29.661	
20916	1609.8	29.631	29.673	29.661	
20917	1609.9	29.631	29.673	29.662	
20918	1610.	29.631	29.673	29.662	
20919	1610.	29.631	29.673	29.662	
20920	1610.	29.631	29.673	29.662	
20921	1610.	29.631	29.673	29.662	
20922	1610.1	29.631	29.673	29.662	
20923	1610.2	29.632	29.673	29.662	
20924	1610.3	29.632	29.673	29.662	
20925	1610.4	29.632	29.673	29.662	
20926	1610.5	29.632	29.674	29.662	
20927	1610.6	29.632	29.674	29.662	
20928	1610.7	29.632	29.674	29.662	
20929	1610.8	29.632	29.674	29.662	
20930	1610.9	29.632	29.674	29.662	
20931	1611.	29.632	29.674	29.663	
20932	1611.	29.632	29.674	29.663	
20933	1611.	29.632	29.674	29.663	
20934	1611.	29.632	29.674	29.663	
20935	1611.1	29.632	29.674	29.663	
20936	1611.2	29.632	29.674	29.663	
20937	1611.3	29.633	29.674	29.663	
20938	1611.4	29.633	29.674	29.663	
20939	1611.5	29.633	29.674	29.663	
20940	1611.6	29.633	29.675	29.663	
20941	1611.7	29.633	29.675	29.663	
20942	1611.8	29.633	29.675	29.663	
20943	1611.9	29.633	29.675	29.663	
20944	1612.	29.633	29.675	29.663	
20945	1612.	29.633	29.675	29.663	
20946	1612.	29.633	29.675	29.663	
20947	1612.	29.633	29.675	29.663	
20948	1612.1	29.633	29.675	29.664	
20949	1612.2	29.633	29.675	29.664	
20950	1612.3	29.633	29.675	29.664	
20951	1612.4	29.634	29.675	29.664	
20952	1612.5	29.634	29.675	29.664	
20953	1612.6	29.634	29.675	29.664	
20954	1612.7	29.634	29.676	29.664	
20955	1612.8	29.634	29.676	29.664	
20956	1612.9	29.634	29.676	29.664	
20957	1613.	29.634	29.676	29.664	
20958	1613.	29.634	29.676	29.664	
20959	1613.	29.634	29.676	29.664	
20960	1613.	29.634	29.676	29.664	
20961	1613.1	29.634	29.676	29.664	
20962	1613.2	29.634	29.676	29.665	
20963	1613.3	29.634	29.676	29.665	
20964	1613.4	29.634	29.676	29.665	
20965	1613.5	29.635	29.676	29.665	
20966	1613.6	29.635	29.676	29.665	
20967	1613.7	29.635	29.676	29.665	
20968	1613.8	29.635	29.677	29.665	
20969	1613.9	29.635	29.677	29.665	
20970	1614.	29.635	29.677	29.665	
20971	1614.	29.635	29.677	29.665	
20972	1614.	29.635	29.677	29.665	
20973	1614.	29.635	29.677	29.665	
20974	1614.1	29.635	29.677	29.665	
20975	1614.2	29.635	29.677	29.665	
20976	1614.3	29.635	29.677	29.666	
20977	1614.4	29.635	29.677	29.666	
20978	1614.5	29.635	29.677	29.666	
20979	1614.6	29.636	29.677	29.666	
20980	1614.7	29.636	29.677	29.666	
20981	1614.8	29.636	29.677	29.666	
20982	1614.9	29.636	29.678	29.666	
20983	1615.	29.636	29.678	29.666	
20984	1615.	29.636	29.678	29.666	
20985	1615.	29.636	29.678	29.666	
20986	1615.	29.636	29.678	29.666	
20987	1615.1	29.636	29.678	29.666	
20988	1615.2	29.636	29.678	29.666	
20989	1615.3	29.636	29.678	29.666	
20990	1615.4	29.636	29.678	29.667	
20991	1615.5	29.636	29.678	29.667	
20992	1615.6	29.636	29.678	29.667	
20993	1615.7	29.637	29.678	29.667	
20994	1615.8	29.637	29.678	29.667	
20995	1615.9	29.637	29.678	29.667	
20996	1616.	29.637	29.678	29.667	
20997	1616.	29.637	29.678	29.667	
20998	1616.	29.637	29.678	29.667	
20999	1616.	29.637	29.679	29.667	
21000	1616.1	29.637	29.679	29.667	
21001	1616.2	29.637	29.679	29.667	
21002	1616.3	29.637	29.679	29.667	
21003	1616.4	29.637	29.679	29.667	
21004	1616.5	29.637	29.679	29.668	
21005	1616.6	29.637	29.679	29.668	
21006	1616.7	29.637	29.679	29.668	
21007	1616.8	29.638	29.679	29.668	
21008	1616.9	29.638	29.679	29.668	
21009	1617.	29.638	29.679	29.668	
21010	1617.	29.638	29.679	29.668	
21011	1617.	29.638	29.679	29.668	
21012	1617.	29.638	29.679	29.668	
21013	1617.1	29.638	29.68	29.668	
21014	1617.2	29.638	29.68	29.668	
21015	1617.3	29.638	29.68	29.668	
21016	1617.4	29.638	29.68	29.668	
21017	1617.5	29.638	29.68	29.668	
21018	1617.6	29.638	29.68	29.669	
21019	1617.7	29.638	29.68	29.669	
21020	1617.8	29.638	29.68	29.669	
21021	1617.9	29.639	29.68	29.669	
21022	1618.	29.639	29.68	29.669	
21023	1618.	29.639	29.68	29.669	
21024	1618.	29.639	29.68	29.669	
21025	1618.	29.639	29.68	29.669	
21026	1618.1	29.639	29.68	29.669	
21027	1618.2	29.639	29.681	29.669	
21028	1618.3	29.639	29.681	29.669	
21029	1618.4	29.639	29.681	29.669	
21030	1618.5	29.639	29.681	29.669	
21031	1618.6	29.639	29.681	29.669	
21032	1618.7	29.639	29.681	29.67	
21033	1618.8	29.639	29.681	29.67	
21034	1618.9	29.639	29.681	29.67	
21035	1619.	29.639	29.681	29.67	
21036	1619.	29.64	29.681	29.67	
21037	1619.	29.64	29.681	29.67	
21038	1619.	29.64	29.681	29.67	
21039	1619.1	29.64	29.681	29.67	
21040	1619.2	29.64	29.681	29.67	
21041	1619.3	29.64	29.682	29.67	
21042	1619.4	29.64	29.682	29.67	
21043	1619.5	29.64	29.682	29.67	
21044	1619.6	29.64	29.682	29.67	
21045	1619.7	29.64	29.682	29.67	
21046	1619.8	29.64	29.682	29.671	
21047	1619.9	29.64	29.682	29.671	
21048	1620.	29.64	29.682	29.671	
21049	1620.	29.64	29.682	29.671	
21050	1620.	29.64	29.682	29.671	
21051	1620.	29.64	29.682	29.671	
21052	1620.1	29.641	29.682	29.671	
21053	1620.2	29.641	29.682	29.671	
21054	1620.3	29.641	29.682	29.671	
21055	1620.4	29.641	29.683	29.671	
21056	1620.5	29.641	29.683	29.671	
21057	1620.6	29.641	29.683	29.671	
21058	1620.7	29.641	29.683	29.671	
21059	1620.8	29.641	29.683	29.671	
21060	1620.9	29.641	29.683	29.672	
21061	1621.	29.641	29.683	29.672	
21062	1621.	29.641	29.683	29.672	
21063	1621.	29.641	29.683	29.672	
21064	1621.	29.641	29.683	29.672	
21065	1621.1	29.641	29.683	29.672	
21066	1621.2	29.642	29.683	29.672	
21067	1621.3	29.642	29.683	29.672	
21068	1621.4	29.642	29.683	29.672	
21069	1621.5	29.642	29.684	29.672	
21070	1621.6	29.642	29.684	29.672	
21071	1621.7	29.642	29.684	29.672	
21072	1621.8	29.642	29.684	29.672	
21073	1621.9	29.642	29.684	29.672	
21074	1622.	29.642	29.684	29.672	
21075	1622.	29.642	29.684	29.673	
21076	1622.	29.642	29.684	29.673	
21077	1622.	29.642	29.684	29.673	
21078	1622.1	29.642	29.684	29.673	
21079	1622.2	29.642	29.684	29.673	
21080	1622.3	29.643	29.684	29.673	
21081	1622.4	29.643	29.684	29.673	
21082	1622.5	29.643	29.684	29.673	
21083	1622.6	29.643	29.685	29.673	
21084	1622.7	29.643	29.685	29.673	
21085	1622.8	29.643	29.685	29.673	
21086	1622.9	29.643	29.685	29.673	
21087	1623.	29.643	29.685	29.673	
21088	1623.	29.643	29.685	29.673	
21089	1623.	29.643	29.685	29.673	
21090	1623.	29.643	29.685	29.673	
21091	1623.1	29.643	29.685	29.674	
21092	1623.2	29.643	29.685	29.674	
21093	1623.3	29.643	29.685	29.674	
21094	1623.4	29.644	29.685	29.674	
21095	1623.5	29.644	29.685	29.674	
21096	1623.6	29.644	29.685	29.674	
21097	1623.7	29.644	29.686	29.674	
21098	1623.8	29.644	29.686	29.674	
21099	1623.9	29.644	29.686	29.674	
21100	1624.	29.644	29.686	29.674	
21101	1624.	29.644	29.686	29.674	
21102	1624.	29.644	29.686	29.674	
21103	1624.	29.644	29.686	29.674	
21104	1624.1	29.644	29.686	29.674	
21105	1624.2	29.644	29.686	29.675	
21106	1624.3	29.644	29.686	29.675	
21107	1624.4	29.644	29.686	29.675	
21108	1624.5	29.644	29.686	29.675	
21109	1624.6	29.645	29.686	29.675	
21110	1624.7	29.645	29.686	29.675	
21111	1624.8	29.645	29.687	29.675	
21112	1624.9	29.645	29.687	29.675	
21113	1625.	29.645	29.687	29.675	
21114	1625.	29.645	29.687	29.675	
21115	1625.	29.645	29.687	29.675	
21116	1625.	29.645	29.687	29.675	
21117	1625.1	29.645	29.687	29.675	
21118	1625.2	29.645	29.687	29.675	
21119	1625.3	29.645	29.687	29.676	
21120	1625.4	29.645	29.687	29.676	
21121	1625.5	29.645	29.687	29.676	
21122	1625.6	29.645	29.687	29.676	
21123	1625.7	29.646	29.687	29.676	
21124	1625.8	29.646	29.687	29.676	
21125	1625.9	29.646	29.688	29.676	
21126	1626.	29.646	29.688	29.676	
21127	1626.	29.646	29.688	29.676	
21128	1626.	29.646	29.688	29.676	
21129	1626.	29.646	29.688	29.676	
21130	1626.1	29.646	29.688	29.676	
21131	1626.2	29.646	29.688	29.676	
21132	1626.3	29.646	29.688	29.676	
21133	1626.4	29.646	29.688	29.677	
21134	1626.5	29.646	29.688	29.677	
21135	1626.6	29.646	29.688	29.677	
21136	1626.7	29.646	29.688	29.677	
21137	1626.8	29.647	29.688	29.677	
21138	1626.9	29.647	29.688	29.677	
21139	1627.	29.647	29.688	29.677	
21140	1627.	29.647	29.688	29.677	
21141	1627.	29.647	29.688	29.677	
21142	1627.	29.647	29.689	29.677	
21143	1627.1	29.647	29.689	29.677	
21144	1627.2	29.647	29.689	29.677	
21145	1627.3	29.647	29.689	29.677	
21146	1627.4	29.647	29.689	29.677	
21147	1627.5	29.647	29.689	29.678	
21148	1627.6	29.647	29.689	29.678	
21149	1627.7	29.647	29.689	29.678	
21150	1627.8	29.647	29.689	29.678	
21151	1627.9	29.648	29.689	29.678	
21152	1628.	29.648	29.689	29.678	
21153	1628.	29.648	29.689	29.678	
21154	1628.	29.648	29.689	29.678	
21155	1628.	29.648	29.689	29.678	
21156	1628.1	29.648	29.69	29.678	
21157	1628.2	29.648	29.69	29.678	
21158	1628.3	29.648	29.69	29.678	
21159	1628.4	29.648	29.69	29.678	
21160	1628.5	29.648	29.69	29.678	
21161	1628.6	29.648	29.69	29.679	
21162	1628.7	29.648	29.69	29.679	
21163	1628.8	29.648	29.69	29.679	
21164	1628.9	29.648	29.69	29.679	
21165	1629.	29.649	29.69	29.679	
21166	1629.	29.649	29.69	29.679	
21167	1629.	29.649	29.69	29.679	
21168	1629.	29.649	29.69	29.679	
21169	1629.1	29.649	29.69	29.679	
21170	1629.2	29.649	29.691	29.679	
21171	1629.3	29.649	29.691	29.679	
21172	1629.4	29.649	29.691	29.679	
21173	1629.5	29.649	29.691	29.679	
21174	1629.6	29.649	29.691	29.679	
21175	1629.7	29.649	29.691	29.68	
21176	1629.8	29.649	29.691	29.68	
21177	1629.9	29.649	29.691	29.68	
21178	1630.	29.649	29.691	29.68	
21179	1630.	29.649	29.691	29.68	
21180	1630.	29.649	29.691	29.68	
21181	1630.	29.649	29.691	29.68	
21182	1630.1	29.65	29.691	29.68	
21183	1630.2	29.65	29.691	29.68	
21184	1630.3	29.65	29.692	29.68	
21185	1630.4	29.65	29.692	29.68	
21186	1630.5	29.65	29.692	29.68	
21187	1630.6	29.65	29.692	29.68	
21188	1630.7	29.65	29.692	29.68	
21189	1630.8	29.65	29.692	29.681	
21190	1630.9	29.65	29.692	29.681	
21191	1631.	29.65	29.692	29.681	
21192	1631.	29.65	29.692	29.681	
21193	1631.	29.65	29.692	29.681	
21194	1631.	29.65	29.692	29.681	
21195	1631.1	29.65	29.692	29.681	
21196	1631.2	29.651	29.692	29.681	
21197	1631.3	29.651	29.692	29.681	
21198	1631.4	29.651	29.693	29.681	
21199	1631.5	29.651	29.693	29.681	
21200	1631.6	29.651	29.693	29.681	
21201	1631.7	29.651	29.693	29.681	
21202	1631.8	29.651	29.693	29.681	
21203	1631.9	29.651	29.693	29.682	
21204	1632.	29.651	29.693	29.682	
21205	1632.	29.651	29.693	29.682	
21206	1632.	29.651	29.693	29.682	
21207	1632.	29.651	29.693	29.682	
21208	1632.1	29.651	29.693	29.682	
21209	1632.2	29.651	29.693	29.682	
21210	1632.3	29.652	29.693	29.682	
21211	1632.4	29.652	29.693	29.682	
21212	1632.5	29.652	29.694	29.682	
21213	1632.6	29.652	29.694	29.682	
21214	1632.7	29.652	29.694	29.682	
21215	1632.8	29.652	29.694	29.682	
21216	1632.9	29.652	29.694	29.682	
21217	1633.	29.652	29.694	29.682	
21218	1633.	29.652	29.694	29.682	
21219	1633.	29.652	29.694	29.682	
21220	1633.	29.652	29.694	29.683	
21221	1633.1	29.652	29.694	29.683	
21222	1633.2	29.652	29.694	29.683	
21223	1633.3	29.652	29.694	29.683	
21224	1633.4	29.653	29.694	29.683	
21225	1633.5	29.653	29.694	29.683	
21226	1633.6	29.653	29.695	29.683	
21227	1633.7	29.653	29.695	29.683	
21228	1633.8	29.653	29.695	29.683	
21229	1633.9	29.653	29.695	29.683	
21230	1634.	29.653	29.695	29.683	
21231	1634.	29.653	29.695	29.683	
21232	1634.	29.653	29.695	29.683	
21233	1634.	29.653	29.695	29.683	
21234	1634.1	29.653	29.695	29.684	
21235	1634.2	29.653	29.695	29.684	
21236	1634.3	29.653	29.695	29.684	
21237	1634.4	29.653	29.695	29.684	
21238	1634.5	29.654	29.695	29.684	
21239	1634.6	29.654	29.695	29.684	
21240	1634.7	29.654	29.696	29.684	
21241	1634.8	29.654	29.696	29.684	
21242	1634.9	29.654	29.696	29.684	
21243	1635.	29.654	29.696	29.684	
21244	1635.	29.654	29.696	29.684	
21245	1635.	29.654	29.696	29.684	
21246	1635.	29.654	29.696	29.684	
21247	1635.1	29.654	29.696	29.684	
21248	1635.2	29.654	29.696	29.685	
21249	1635.3	29.654	29.696	29.685	
21250	1635.4	29.654	29.696	29.685	
21251	1635.5	29.654	29.696	29.685	
21252	1635.6	29.655	29.696	29.685	
21253	1635.7	29.655	29.696	29.685	
21254	1635.8	29.655	29.697	29.685	
21255	1635.9	29.655	29.697	29.685	
21256	1636.	29.655	29.697	29.685	
21257	1636.	29.655	29.697	29.685	
21258	1636.	29.655	29.697	29.685	
21259	1636.	29.655	29.697	29.685	
21260	1636.1	29.655	29.697	29.685	
21261	1636.2	29.655	29.697	29.685	
21262	1636.3	29.655	29.697	29.686	
21263	1636.4	29.655	29.697	29.686	
21264	1636.5	29.655	29.697	29.686	
21265	1636.6	29.655	29.697	29.686	
21266	1636.7	29.656	29.697	29.686	
21267	1636.8	29.656	29.697	29.686	
21268	1636.9	29.656	29.698	29.686	
21269	1637.	29.656	29.698	29.686	
21270	1637.	29.656	29.698	29.686	
21271	1637.	29.656	29.698	29.686	
21272	1637.	29.656	29.698	29.686	
21273	1637.1	29.656	29.698	29.686	
21274	1637.2	29.656	29.698	29.686	
21275	1637.3	29.656	29.698	29.686	
21276	1637.4	29.656	29.698	29.687	
21277	1637.5	29.656	29.698	29.687	
21278	1637.6	29.656	29.698	29.687	
21279	1637.7	29.656	29.698	29.687	
21280	1637.8	29.656	29.698	29.687	
21281	1637.9	29.657	29.698	29.687	
21282	1638.	29.657	29.698	29.687	
21283	1638.	29.657	29.698	29.687	
21284	1638.	29.657	29.698	29.687	
21285	1638.	29.657	29.699	29.687	
21286	1638.1	29.657	29.699	29.687	
21287	1638.2	29.657	29.699	29.687	
21288	1638.3	29.657	29.699	29.687	
21289	1638.4	29.657	29.699	29.687	
21290	1638.5	29.657	29.699	29.688	
21291	1638.6	29.657	29.699	29.688	
21292	1638.7	29.657	29.699	29.688	
21293	1638.8	29.657	29.699	29.688	
21294	1638.9	29.657	29.699	29.688	
21295	1639.	29.658	29.699	29.688	
21296	1639.	29.658	29.699	29.688	
21297	1639.	29.658	29.699	29.688	
21298	1639.	29.658	29.699	29.688	
21299	1639.1	29.658	29.7	29.688	
21300	1639.2	29.658	29.7	29.688	
21301	1639.3	29.658	29.7	29.688	
21302	1639.4	29.658	29.7	29.688	
21303	1639.5	29.658	29.7	29.688	
21304	1639.6	29.658	29.7	29.689	
21305	1639.7	29.658	29.7	29.689	
21306	1639.8	29.658	29.7	29.689	
21307	1639.9	29.658	29.7	29.689	
21308	1640.	29.658	29.7	29.689	
21309	1640.	29.658	29.7	29.689	
21310	1640.	29.658	29.7	29.689	
21311	1640.	29.658	29.7	29.689	
21312	1640.1	29.659	29.7	29.689	
21313	1640.2	29.659	29.701	29.689	
21314	1640.3	29.659	29.701	29.689	
21315	1640.4	29.659	29.701	29.689	
21316	1640.5	29.659	29.701	29.689	
21317	1640.6	29.659	29.701	29.689	
21318	1640.7	29.659	29.701	29.689	
21319	1640.8	29.659	29.701	29.69	
21320	1640.9	29.659	29.701	29.69	
21321	1641.	29.659	29.701	29.69	
21322	1641.	29.659	29.701	29.69	
21323	1641.	29.659	29.701	29.69	
21324	1641.	29.659	29.701	29.69	
21325	1641.1	29.659	29.701	29.69	
21326	1641.2	29.66	29.701	29.69	
21327	1641.3	29.66	29.702	29.69	
21328	1641.4	29.66	29.702	29.69	
21329	1641.5	29.66	29.702	29.69	
21330	1641.6	29.66	29.702	29.69	
21331	1641.7	29.66	29.702	29.69	
21332	1641.8	29.66	29.702	29.69	
21333	1641.9	29.66	29.702	29.691	
21334	1642.	29.66	29.702	29.691	
21335	1642.	29.66	29.702	29.691	
21336	1642.	29.66	29.702	29.691	
21337	1642.	29.66	29.702	29.691	
21338	1642.1	29.66	29.702	29.691	
21339	1642.2	29.66	29.702	29.691	
21340	1642.3	29.661	29.702	29.691	
21341	1642.4	29.661	29.703	29.691	
21342	1642.5	29.661	29.703	29.691	
21343	1642.6	29.661	29.703	29.691	
21344	1642.7	29.661	29.703	29.691	
21345	1642.8	29.661	29.703	29.691	
21346	1642.9	29.661	29.703	29.691	
21347	1643.	29.661	29.703	29.692	
21348	1643.	29.661	29.703	29.692	
21349	1643.	29.661	29.703	29.692	
21350	1643.	29.661	29.703	29.692	
21351	1643.1	29.661	29.703	29.692	
21352	1643.2	29.661	29.703	29.692	
21353	1643.3	29.661	29.703	29.692	
21354	1643.4	29.662	29.703	29.692	
21355	1643.5	29.662	29.704	29.692	
21356	1643.6	29.662	29.704	29.692	
21357	1643.7	29.662	29.704	29.692	
21358	1643.8	29.662	29.704	29.692	
21359	1643.9	29.662	29.704	29.692	
21360	1644.	29.662	29.704	29.692	
21361	1644.	29.662	29.704	29.692	
21362	1644.	29.662	29.704	29.692	
21363	1644.	29.662	29.704	29.693	
21364	1644.1	29.662	29.704	29.693	
21365	1644.2	29.662	29.704	29.693	
21366	1644.3	29.662	29.704	29.693	
21367	1644.4	29.662	29.704	29.693	
21368	1644.5	29.663	29.704	29.693	
21369	1644.6	29.663	29.705	29.693	
21370	1644.7	29.663	29.705	29.693	
21371	1644.8	29.663	29.705	29.693	
21372	1644.9	29.663	29.705	29.693	
21373	1645.	29.663	29.705	29.693	
21374	1645.	29.663	29.705	29.693	
21375	1645.	29.663	29.705	29.693	
21376	1645.	29.663	29.705	29.693	
21377	1645.1	29.663	29.705	29.693	
21378	1645.2	29.663	29.705	29.694	
21379	1645.3	29.663	29.705	29.694	
21380	1645.4	29.663	29.705	29.694	
21381	1645.5	29.663	29.705	29.694	
21382	1645.6	29.664	29.705	29.694	
21383	1645.7	29.664	29.706	29.694	
21384	1645.8	29.664	29.706	29.694	
21385	1645.9	29.664	29.706	29.694	
21386	1646.	29.664	29.706	29.694	
21387	1646.	29.664	29.706	29.694	
21388	1646.	29.664	29.706	29.694	
21389	1646.	29.664	29.706	29.694	
21390	1646.1	29.664	29.706	29.694	
21391	1646.2	29.664	29.706	29.694	
21392	1646.3	29.664	29.706	29.695	
21393	1646.4	29.664	29.706	29.695	
21394	1646.5	29.664	29.706	29.695	
21395	1646.6	29.664	29.706	29.695	
21396	1646.7	29.665	29.706	29.695	
21397	1646.8	29.665	29.707	29.695	
21398	1646.9	29.665	29.707	29.695	
21399	1647.	29.665	29.707	29.695	
21400	1647.	29.665	29.707	29.695	
21401	1647.	29.665	29.707	29.695	
21402	1647.	29.665	29.707	29.695	
21403	1647.1	29.665	29.707	29.695	
21404	1647.2	29.665	29.707	29.695	
21405	1647.3	29.665	29.707	29.695	
21406	1647.4	29.665	29.707	29.696	
21407	1647.5	29.665	29.707	29.696	
21408	1647.6	29.665	29.707	29.696	
21409	1647.7	29.665	29.707	29.696	
21410	1647.8	29.666	29.707	29.696	
21411	1647.9	29.666	29.708	29.696	
21412	1648.	29.666	29.708	29.696	
21413	1648.	29.666	29.708	29.696	
21414	1648.	29.666	29.708	29.696	
21415	1648.	29.666	29.708	29.696	
21416	1648.1	29.666	29.708	29.696	
21417	1648.2	29.666	29.708	29.696	
21418	1648.3	29.666	29.708	29.696	
21419	1648.4	29.666	29.708	29.696	
21420	1648.5	29.666	29.708	29.697	
21421	1648.6	29.666	29.708	29.697	
21422	1648.7	29.666	29.708	29.697	
21423	1648.8	29.666	29.708	29.697	
21424	1648.9	29.667	29.708	29.697	
21425	1649.	29.667	29.708	29.697	
21426	1649.	29.667	29.708	29.697	
21427	1649.	29.667	29.708	29.697	
21428	1649.	29.667	29.709	29.697	
21429	1649.1	29.667	29.709	29.697	
21430	1649.2	29.667	29.709	29.697	
21431	1649.3	29.667	29.709	29.697	
21432	1649.4	29.667	29.709	29.697	
21433	1649.5	29.667	29.709	29.697	
21434	1649.6	29.667	29.709	29.698	
21435	1649.7	29.667	29.709	29.698	
21436	1649.8	29.667	29.709	29.698	
21437	1649.9	29.667	29.709	29.698	
21438	1650.	29.667	29.709	29.698	
21439	1650.	29.667	29.709	29.698	
21440	1650.	29.667	29.709	29.698	
21441	1650.	29.668	29.709	29.698	
21442	1650.1	29.668	29.71	29.698	
21443	1650.2	29.668	29.71	29.698	
21444	1650.3	29.668	29.71	29.698	
21445	1650.4	29.668	29.71	29.698	
21446	1650.5	29.668	29.71	29.698	
21447	1650.6	29.668	29.71	29.698	
21448	1650.7	29.668	29.71	29.699	
21449	1650.8	29.668	29.71	29.699	
21450	1650.9	29.668	29.71	29.699	
21451	1651.	29.668	29.71	29.699	
21452	1651.	29.668	29.71	29.699	
21453	1651.	29.668	29.71	29.699	
21454	1651.	29.668	29.71	29.699	
21455	1651.1	29.668	29.71	29.699	
21456	1651.2	29.669	29.711	29.699	
21457	1651.3	29.669	29.711	29.699	
21458	1651.4	29.669	29.711	29.699	
21459	1651.5	29.669	29.711	29.699	
21460	1651.6	29.669	29.711	29.699	
21461	1651.7	29.669	29.711	29.699	
21462	1651.8	29.669	29.711	29.7	
21463	1651.9	29.669	29.711	29.7	
21464	1652.	29.669	29.711	29.7	
21465	1652.	29.669	29.711	29.7	
21466	1652.	29.669	29.711	29.7	
21467	1652.	29.669	29.711	29.7	
21468	1652.1	29.669	29.711	29.7	
21469	1652.2	29.669	29.711	29.7	
21470	1652.3	29.67	29.712	29.7	
21471	1652.4	29.67	29.712	29.7	
21472	1652.5	29.67	29.712	29.7	
21473	1652.6	29.67	29.712	29.7	
21474	1652.7	29.67	29.712	29.7	
21475	1652.8	29.67	29.712	29.7	
21476	1652.9	29.67	29.712	29.701	
21477	1653.	29.67	29.712	29.701	
21478	1653.	29.67	29.712	29.701	
21479	1653.	29.67	29.712	29.701	
21480	1653.	29.67	29.712	29.701	
21481	1653.1	29.67	29.712	29.701	
21482	1653.2	29.67	29.712	29.701	
21483	1653.3	29.67	29.712	29.701	
21484	1653.4	29.671	29.712	29.701	
21485	1653.5	29.671	29.713	29.701	
21486	1653.6	29.671	29.713	29.701	
21487	1653.7	29.671	29.713	29.701	
21488	1653.8	29.671	29.713	29.701	
21489	1653.9	29.671	29.713	29.701	
21490	1654.	29.671	29.713	29.702	
21491	1654.	29.671	29.713	29.702	
21492	1654.	29.671	29.713	29.702	
21493	1654.	29.671	29.713	29.702	
21494	1654.1	29.671	29.713	29.702	
21495	1654.2	29.671	29.713	29.702	
21496	1654.3	29.671	29.713	29.702	
21497	1654.4	29.671	29.713	29.702	
21498	1654.5	29.672	29.713	29.702	
21499	1654.6	29.672	29.714	29.702	
21500	1654.7	29.672	29.714	29.702	
21501	1654.8	29.672	29.714	29.702	
21502	1654.9	29.672	29.714	29.702	
21503	1655.	29.672	29.714	29.702	
21504	1655.	29.672	29.714	29.702	
21505	1655.	29.672	29.714	29.702	
21506	1655.	29.672	29.714	29.702	
21507	1655.1	29.672	29.714	29.703	
21508	1655.2	29.672	29.714	29.703	
21509	1655.3	29.672	29.714	29.703	
21510	1655.4	29.672	29.714	29.703	
21511	1655.5	29.672	29.714	29.703	
21512	1655.6	29.673	29.714	29.703	
21513	1655.7	29.673	29.715	29.703	
21514	1655.8	29.673	29.715	29.703	
21515	1655.9	29.673	29.715	29.703	
21516	1656.	29.673	29.715	29.703	
21517	1656.	29.673	29.715	29.703	
21518	1656.	29.673	29.715	29.703	
21519	1656.	29.673	29.715	29.703	
21520	1656.1	29.673	29.715	29.703	
21521	1656.2	29.673	29.715	29.704	
21522	1656.3	29.673	29.715	29.704	
21523	1656.4	29.673	29.715	29.704	
21524	1656.5	29.673	29.715	29.704	
21525	1656.6	29.673	29.715	29.704	
21526	1656.7	29.674	29.715	29.704	
21527	1656.8	29.674	29.716	29.704	
21528	1656.9	29.674	29.716	29.704	
21529	1657.	29.674	29.716	29.704	
21530	1657.	29.674	29.716	29.704	
21531	1657.	29.674	29.716	29.704	
21532	1657.	29.674	29.716	29.704	
21533	1657.1	29.674	29.716	29.704	
21534	1657.2	29.674	29.716	29.704	
21535	1657.3	29.674	29.716	29.705	
21536	1657.4	29.674	29.716	29.705	
21537	1657.5	29.674	29.716	29.705	
21538	1657.6	29.674	29.716	29.705	
21539	1657.7	29.674	29.716	29.705	
21540	1657.8	29.675	29.716	29.705	
21541	1657.9	29.675	29.717	29.705	
21542	1658.	29.675	29.717	29.705	
21543	1658.	29.675	29.717	29.705	
21544	1658.	29.675	29.717	29.705	
21545	1658.	29.675	29.717	29.705	
21546	1658.1	29.675	29.717	29.705	
21547	1658.2	29.675	29.717	29.705	
21548	1658.3	29.675	29.717	29.705	
21549	1658.4	29.675	29.717	29.706	
21550	1658.5	29.675	29.717	29.706	
21551	1658.6	29.675	29.717	29.706	
21552	1658.7	29.675	29.717	29.706	
21553	1658.8	29.675	29.717	29.706	
21554	1658.9	29.676	29.717	29.706	
21555	1659.	29.676	29.718	29.706	
21556	1659.	29.676	29.718	29.706	
21557	1659.	29.676	29.718	29.706	
21558	1659.	29.676	29.718	29.706	
21559	1659.1	29.676	29.718	29.706	
21560	1659.2	29.676	29.718	29.706	
21561	1659.3	29.676	29.718	29.706	
21562	1659.4	29.676	29.718	29.706	
21563	1659.5	29.676	29.718	29.707	
21564	1659.6	29.676	29.718	29.707	
21565	1659.7	29.676	29.718	29.707	
21566	1659.8	29.676	29.718	29.707	
21567	1659.9	29.676	29.718	29.707	
21568	1660.	29.676	29.718	29.707	
21569	1660.	29.677	29.718	29.707	
21570	1660.	29.677	29.718	29.707	
21571	1660.	29.677	29.719	29.707	
21572	1660.1	29.677	29.719	29.707	
21573	1660.2	29.677	29.719	29.707	
21574	1660.3	29.677	29.719	29.707	
21575	1660.4	29.677	29.719	29.707	
21576	1660.5	29.677	29.719	29.707	
21577	1660.6	29.677	29.719	29.708	
21578	1660.7	29.677	29.719	29.708	
21579	1660.8	29.677	29.719	29.708	
21580	1660.9	29.677	29.719	29.708	
21581	1661.	29.677	29.719	29.708	
21582	1661.	29.677	29.719	29.708	
21583	1661.	29.677	29.719	29.708	
21584	1661.	29.677	29.719	29.708	
21585	1661.1	29.678	29.719	29.708	
21586	1661.2	29.678	29.72	29.708	
21587	1661.3	29.678	29.72	29.708	
21588	1661.4	29.678	29.72	29.708	
21589	1661.5	29.678	29.72	29.708	
21590	1661.6	29.678	29.72	29.708	
21591	1661.7	29.678	29.72	29.709	
21592	1661.8	29.678	29.72	29.709	
21593	1661.9	29.678	29.72	29.709	
21594	1662.	29.678	29.72	29.709	
21595	1662.	29.678	29.72	29.709	
21596	1662.	29.678	29.72	29.709	
21597	1662.	29.678	29.72	29.709	
21598	1662.1	29.678	29.72	29.709	
21599	1662.2	29.679	29.72	29.709	
21600	1662.3	29.679	29.721	29.709	
21601	1662.4	29.679	29.721	29.709	
21602	1662.5	29.679	29.721	29.709	
21603	1662.6	29.679	29.721	29.709	
21604	1662.7	29.679	29.721	29.709	
21605	1662.8	29.679	29.721	29.71	
21606	1662.9	29.679	29.721	29.71	
21607	1663.	29.679	29.721	29.71	
21608	1663.	29.679	29.721	29.71	
21609	1663.	29.679	29.721	29.71	
21610	1663.	29.679	29.721	29.71	
21611	1663.1	29.679	29.721	29.71	
21612	1663.2	29.679	29.721	29.71	
21613	1663.3	29.68	29.721	29.71	
21614	1663.4	29.68	29.722	29.71	
21615	1663.5	29.68	29.722	29.71	
21616	1663.6	29.68	29.722	29.71	
21617	1663.7	29.68	29.722	29.71	
21618	1663.8	29.68	29.722	29.71	
21619	1663.9	29.68	29.722	29.711	
21620	1664.	29.68	29.722	29.711	
21621	1664.	29.68	29.722	29.711	
21622	1664.	29.68	29.722	29.711	
21623	1664.	29.68	29.722	29.711	
21624	1664.1	29.68	29.722	29.711	
21625	1664.2	29.68	29.722	29.711	
21626	1664.3	29.68	29.722	29.711	
21627	1664.4	29.68	29.722	29.711	
21628	1664.5	29.681	29.723	29.711	
21629	1664.6	29.681	29.723	29.711	
21630	1664.7	29.681	29.723	29.711	
21631	1664.8	29.681	29.723	29.711	
21632	1664.9	29.681	29.723	29.711	
21633	1665.	29.681	29.723	29.711	
21634	1665.	29.681	29.723	29.712	
21635	1665.	29.681	29.723	29.712	
21636	1665.	29.681	29.723	29.712	
21637	1665.1	29.681	29.723	29.712	
21638	1665.2	29.681	29.723	29.712	
21639	1665.3	29.681	29.723	29.712	
21640	1665.4	29.681	29.723	29.712	
21641	1665.5	29.681	29.723	29.712	
21642	1665.6	29.682	29.724	29.712	
21643	1665.7	29.682	29.724	29.712	
21644	1665.8	29.682	29.724	29.712	
21645	1665.9	29.682	29.724	29.712	
21646	1666.	29.682	29.724	29.712	
21647	1666.	29.682	29.724	29.712	
21648	1666.	29.682	29.724	29.712	
21649	1666.	29.682	29.724	29.712	
21650	1666.1	29.682	29.724	29.713	
21651	1666.2	29.682	29.724	29.713	
21652	1666.3	29.682	29.724	29.713	
21653	1666.4	29.682	29.724	29.713	
21654	1666.5	29.682	29.724	29.713	
21655	1666.6	29.682	29.724	29.713	
21656	1666.7	29.683	29.725	29.713	
21657	1666.8	29.683	29.725	29.713	
21658	1666.9	29.683	29.725	29.713	
21659	1667.	29.683	29.725	29.713	
21660	1667.	29.683	29.725	29.713	
21661	1667.	29.683	29.725	29.713	
21662	1667.	29.683	29.725	29.713	
21663	1667.1	29.683	29.725	29.713	
21664	1667.2	29.683	29.725	29.714	
21665	1667.3	29.683	29.725	29.714	
21666	1667.4	29.683	29.725	29.714	
21667	1667.5	29.683	29.725	29.714	
21668	1667.6	29.683	29.725	29.714	
21669	1667.7	29.683	29.725	29.714	
21670	1667.8	29.684	29.726	29.714	
21671	1667.9	29.684	29.726	29.714	
21672	1668.	29.684	29.726	29.714	
21673	1668.	29.684	29.726	29.714	
21674	1668.	29.684	29.726	29.714	
21675	1668.	29.684	29.726	29.714	
21676	1668.1	29.684	29.726	29.714	
21677	1668.2	29.684	29.726	29.714	
21678	1668.3	29.684	29.726	29.715	
21679	1668.4	29.684	29.726	29.715	
21680	1668.5	29.684	29.726	29.715	
21681	1668.6	29.684	29.726	29.715	
21682	1668.7	29.684	29.726	29.715	
21683	1668.8	29.684	29.726	29.715	
21684	1668.9	29.685	29.727	29.715	
21685	1669.	29.685	29.727	29.715	
21686	1669.	29.685	29.727	29.715	
21687	1669.	29.685	29.727	29.715	
21688	1669.	29.685	29.727	29.715	
21689	1669.1	29.685	29.727	29.715	
21690	1669.2	29.685	29.727	29.715	
21691	1669.3	29.685	29.727	29.715	
21692	1669.4	29.685	29.727	29.716	
21693	1669.5	29.685	29.727	29.716	
21694	1669.6	29.685	29.727	29.716	
21695	1669.7	29.685	29.727	29.716	
21696	1669.8	29.685	29.727	29.716	
21697	1669.9	29.685	29.727	29.716	
21698	1670.	29.686	29.728	29.716	
21699	1670.	29.686	29.728	29.716	
21700	1670.	29.686	29.728	29.716	
21701	1670.	29.686	29.728	29.716	
21702	1670.1	29.686	29.728	29.716	
21703	1670.2	29.686	29.728	29.716	
21704	1670.3	29.686	29.728	29.716	
21705	1670.4	29.686	29.728	29.716	
21706	1670.5	29.686	29.728	29.717	
21707	1670.6	29.686	29.728	29.717	
21708	1670.7	29.686	29.728	29.717	
21709	1670.8	29.686	29.728	29.717	
21710	1670.9	29.686	29.728	29.717	
21711	1671.	29.686	29.728	29.717	
21712	1671.	29.686	29.728	29.717	
21713	1671.	29.686	29.728	29.717	
21714	1671.	29.686	29.728	29.717	
21715	1671.1	29.687	29.729	29.717	
21716	1671.2	29.687	29.729	29.717	
21717	1671.3	29.687	29.729	29.717	
21718	1671.4	29.687	29.729	29.717	
21719	1671.5	29.687	29.729	29.717	
21720	1671.6	29.687	29.729	29.718	
21721	1671.7	29.687	29.729	29.718	
21722	1671.8	29.687	29.729	29.718	
21723	1671.9	29.687	29.729	29.718	
21724	1672.	29.687	29.729	29.718	
21725	1672.	29.687	29.729	29.718	
21726	1672.	29.687	29.729	29.718	
21727	1672.	29.687	29.729	29.718	
21728	1672.1	29.687	29.729	29.718	
21729	1672.2	29.688	29.73	29.718	
21730	1672.3	29.688	29.73	29.718	
21731	1672.4	29.688	29.73	29.718	
21732	1672.5	29.688	29.73	29.718	
21733	1672.6	29.688	29.73	29.718	
21734	1672.7	29.688	29.73	29.719	
21735	1672.8	29.688	29.73	29.719	
21736	1672.9	29.688	29.73	29.719	
21737	1673.	29.688	29.73	29.719	
21738	1673.	29.688	29.73	29.719	
21739	1673.	29.688	29.73	29.719	
21740	1673.	29.688	29.73	29.719	
21741	1673.1	29.688	29.73	29.719	
21742	1673.2	29.688	29.73	29.719	
21743	1673.3	29.689	29.731	29.719	
21744	1673.4	29.689	29.731	29.719	
21745	1673.5	29.689	29.731	29.719	
21746	1673.6	29.689	29.731	29.719	
21747	1673.7	29.689	29.731	29.719	
21748	1673.8	29.689	29.731	29.72	
21749	1673.9	29.689	29.731	29.72	
21750	1674.	29.689	29.731	29.72	
21751	1674.	29.689	29.731	29.72	
21752	1674.	29.689	29.731	29.72	
21753	1674.	29.689	29.731	29.72	
21754	1674.1	29.689	29.731	29.72	
21755	1674.2	29.689	29.731	29.72	
21756	1674.3	29.689	29.731	29.72	
21757	1674.4	29.69	29.732	29.72	
21758	1674.5	29.69	29.732	29.72	
21759	1674.6	29.69	29.732	29.72	
21760	1674.7	29.69	29.732	29.72	
21761	1674.8	29.69	29.732	29.72	
21762	1674.9	29.69	29.732	29.721	
21763	1675.	29.69	29.732	29.721	
21764	1675.	29.69	29.732	29.721	
21765	1675.	29.69	29.732	29.721	
21766	1675.	29.69	29.732	29.721	
21767	1675.1	29.69	29.732	29.721	
21768	1675.2	29.69	29.732	29.721	
21769	1675.3	29.69	29.732	29.721	
21770	1675.4	29.69	29.732	29.721	
21771	1675.5	29.691	29.733	29.721	
21772	1675.6	29.691	29.733	29.721	
21773	1675.7	29.691	29.733	29.721	
21774	1675.8	29.691	29.733	29.721	
21775	1675.9	29.691	29.733	29.721	
21776	1676.	29.691	29.733	29.721	
21777	1676.	29.691	29.733	29.721	
21778	1676.	29.691	29.733	29.721	
21779	1676.	29.691	29.733	29.722	
21780	1676.1	29.691	29.733	29.722	
21781	1676.2	29.691	29.733	29.722	
21782	1676.3	29.691	29.733	29.722	
21783	1676.4	29.691	29.733	29.722	
21784	1676.5	29.691	29.733	29.722	
21785	1676.6	29.691	29.734	29.722	
21786	1676.7	29.692	29.734	29.722	
21787	1676.8	29.692	29.734	29.722	
21788	1676.9	29.692	29.734	29.722	
21789	1677.	29.692	29.734	29.722	
21790	1677.	29.692	29.734	29.722	
21791	1677.	29.692	29.734	29.722	
21792	1677.	29.692	29.734	29.722	
21793	1677.1	29.692	29.734	29.723	
21794	1677.2	29.692	29.734	29.723	
21795	1677.3	29.692	29.734	29.723	
21796	1677.4	29.692	29.734	29.723	
21797	1677.5	29.692	29.734	29.723	
21798	1677.6	29.692	29.734	29.723	
21799	1677.7	29.692	29.735	29.723	
21800	1677.8	29.693	29.735	29.723	
21801	1677.9	29.693	29.735	29.723	
21802	1678.	29.693	29.735	29.723	
21803	1678.	29.693	29.735	29.723	
21804	1678.	29.693	29.735	29.723	
21805	1678.	29.693	29.735	29.723	
21806	1678.1	29.693	29.735	29.723	
21807	1678.2	29.693	29.735	29.724	
21808	1678.3	29.693	29.735	29.724	
21809	1678.4	29.693	29.735	29.724	
21810	1678.5	29.693	29.735	29.724	
21811	1678.6	29.693	29.735	29.724	
21812	1678.7	29.693	29.735	29.724	
21813	1678.8	29.693	29.736	29.724	
21814	1678.9	29.694	29.736	29.724	
21815	1679.	29.694	29.736	29.724	
21816	1679.	29.694	29.736	29.724	
21817	1679.	29.694	29.736	29.724	
21818	1679.	29.694	29.736	29.724	
21819	1679.1	29.694	29.736	29.724	
21820	1679.2	29.694	29.736	29.724	
21821	1679.3	29.694	29.736	29.724	
21822	1679.4	29.694	29.736	29.725	
21823	1679.5	29.694	29.736	29.725	
21824	1679.6	29.694	29.736	29.725	
21825	1679.7	29.694	29.736	29.725	
21826	1679.8	29.694	29.736	29.725	
21827	1679.9	29.694	29.737	29.725	
21828	1680.	29.695	29.737	29.725	
21829	1680.	29.695	29.737	29.725	
21830	1680.	29.695	29.737	29.725	
21831	1680.	29.695	29.737	29.725	
21832	1680.1	29.695	29.737	29.725	
21833	1680.2	29.695	29.737	29.725	
21834	1680.3	29.695	29.737	29.725	
21835	1680.4	29.695	29.737	29.725	
21836	1680.5	29.695	29.737	29.726	
21837	1680.6	29.695	29.737	29.726	
21838	1680.7	29.695	29.737	29.726	
21839	1680.8	29.695	29.737	29.726	
21840	1680.9	29.695	29.737	29.726	
21841	1681.	29.695	29.738	29.726	
21842	1681.	29.695	29.738	29.726	
21843	1681.	29.695	29.738	29.726	
21844	1681.	29.695	29.738	29.726	
21845	1681.1	29.696	29.738	29.726	
21846	1681.2	29.696	29.738	29.726	
21847	1681.3	29.696	29.738	29.726	
21848	1681.4	29.696	29.738	29.726	
21849	1681.5	29.696	29.738	29.726	
21850	1681.6	29.696	29.738	29.727	
21851	1681.7	29.696	29.738	29.727	
21852	1681.8	29.696	29.738	29.727	
21853	1681.9	29.696	29.738	29.727	
21854	1682.	29.696	29.738	29.727	
21855	1682.	29.696	29.738	29.727	
21856	1682.	29.696	29.738	29.727	
21857	1682.	29.696	29.738	29.727	
21858	1682.1	29.696	29.739	29.727	
21859	1682.2	29.697	29.739	29.727	
21860	1682.3	29.697	29.739	29.727	
21861	1682.4	29.697	29.739	29.727	
21862	1682.5	29.697	29.739	29.727	
21863	1682.6	29.697	29.739	29.727	
21864	1682.7	29.697	29.739	29.728	
21865	1682.8	29.697	29.739	29.728	
21866	1682.9	29.697	29.739	29.728	
21867	1683.	29.697	29.739	29.728	
21868	1683.	29.697	29.739	29.728	
21869	1683.	29.697	29.739	29.728	
21870	1683.	29.697	29.739	29.728	
21871	1683.1	29.697	29.739	29.728	
21872	1683.2	29.697	29.74	29.728	
21873	1683.3	29.698	29.74	29.728	
21874	1683.4	29.698	29.74	29.728	
21875	1683.5	29.698	29.74	29.728	
21876	1683.6	29.698	29.74	29.728	
21877	1683.7	29.698	29.74	29.728	
21878	1683.8	29.698	29.74	29.729	
21879	1683.9	29.698	29.74	29.729	
21880	1684.	29.698	29.74	29.729	
21881	1684.	29.698	29.74	29.729	
21882	1684.	29.698	29.74	29.729	
21883	1684.	29.698	29.74	29.729	
21884	1684.1	29.698	29.74	29.729	
21885	1684.2	29.698	29.74	29.729	
21886	1684.3	29.698	29.741	29.729	
21887	1684.4	29.699	29.741	29.729	
21888	1684.5	29.699	29.741	29.729	
21889	1684.6	29.699	29.741	29.729	
21890	1684.7	29.699	29.741	29.729	
21891	1684.8	29.699	29.741	29.729	
21892	1684.9	29.699	29.741	29.73	
21893	1685.	29.699	29.741	29.73	
21894	1685.	29.699	29.741	29.73	
21895	1685.	29.699	29.741	29.73	
21896	1685.	29.699	29.741	29.73	
21897	1685.1	29.699	29.741	29.73	
21898	1685.2	29.699	29.741	29.73	
21899	1685.3	29.699	29.741	29.73	
21900	1685.4	29.699	29.742	29.73	
21901	1685.5	29.7	29.742	29.73	
21902	1685.6	29.7	29.742	29.73	
21903	1685.7	29.7	29.742	29.73	
21904	1685.8	29.7	29.742	29.73	
21905	1685.9	29.7	29.742	29.73	
21906	1686.	29.7	29.742	29.731	
21907	1686.	29.7	29.742	29.731	
21908	1686.	29.7	29.742	29.731	
21909	1686.	29.7	29.742	29.731	
21910	1686.1	29.7	29.742	29.731	
21911	1686.2	29.7	29.742	29.731	
21912	1686.3	29.7	29.742	29.731	
21913	1686.4	29.7	29.742	29.731	
21914	1686.5	29.7	29.743	29.731	
21915	1686.6	29.701	29.743	29.731	
21916	1686.7	29.701	29.743	29.731	
21917	1686.8	29.701	29.743	29.731	
21918	1686.9	29.701	29.743	29.731	
21919	1687.	29.701	29.743	29.731	
21920	1687.	29.701	29.743	29.731	
21921	1687.	29.701	29.743	29.731	
21922	1687.	29.701	29.743	29.731	
21923	1687.1	29.701	29.743	29.732	
21924	1687.2	29.701	29.743	29.732	
21925	1687.3	29.701	29.743	29.732	
21926	1687.4	29.701	29.743	29.732	
21927	1687.5	29.701	29.743	29.732	
21928	1687.6	29.701	29.744	29.732	
21929	1687.7	29.702	29.744	29.732	
21930	1687.8	29.702	29.744	29.732	
21931	1687.9	29.702	29.744	29.732	
21932	1688.	29.702	29.744	29.732	
21933	1688.	29.702	29.744	29.732	
21934	1688.	29.702	29.744	29.732	
21935	1688.	29.702	29.744	29.732	
21936	1688.1	29.702	29.744	29.732	
21937	1688.2	29.702	29.744	29.733	
21938	1688.3	29.702	29.744	29.733	
21939	1688.4	29.702	29.744	29.733	
21940	1688.5	29.702	29.744	29.733	
21941	1688.6	29.702	29.744	29.733	
21942	1688.7	29.702	29.745	29.733	
21943	1688.8	29.702	29.745	29.733	
21944	1688.9	29.703	29.745	29.733	
21945	1689.	29.703	29.745	29.733	
21946	1689.	29.703	29.745	29.733	
21947	1689.	29.703	29.745	29.733	
21948	1689.	29.703	29.745	29.733	
21949	1689.1	29.703	29.745	29.733	
21950	1689.2	29.703	29.745	29.733	
21951	1689.3	29.703	29.745	29.734	
21952	1689.4	29.703	29.745	29.734	
21953	1689.5	29.703	29.745	29.734	
21954	1689.6	29.703	29.745	29.734	
21955	1689.7	29.703	29.745	29.734	
21956	1689.8	29.703	29.746	29.734	
21957	1689.9	29.703	29.746	29.734	
21958	1690.	29.704	29.746	29.734	
21959	1690.	29.704	29.746	29.734	
21960	1690.	29.704	29.746	29.734	
21961	1690.	29.704	29.746	29.734	
21962	1690.1	29.704	29.746	29.734	
21963	1690.2	29.704	29.746	29.734	
21964	1690.3	29.704	29.746	29.734	
21965	1690.4	29.704	29.746	29.735	
21966	1690.5	29.704	29.746	29.735	
21967	1690.6	29.704	29.746	29.735	
21968	1690.7	29.704	29.746	29.735	
21969	1690.8	29.704	29.746	29.735	
21970	1690.9	29.704	29.747	29.735	
21971	1691.	29.704	29.747	29.735	
21972	1691.	29.704	29.747	29.735	
21973	1691.	29.704	29.747	29.735	
21974	1691.	29.704	29.747	29.735	
21975	1691.1	29.705	29.747	29.735	
21976	1691.2	29.705	29.747	29.735	
21977	1691.3	29.705	29.747	29.735	
21978	1691.4	29.705	29.747	29.735	
21979	1691.5	29.705	29.747	29.736	
21980	1691.6	29.705	29.747	29.736	
21981	1691.7	29.705	29.747	29.736	
21982	1691.8	29.705	29.747	29.736	
21983	1691.9	29.705	29.747	29.736	
21984	1692.	29.705	29.748	29.736	
21985	1692.	29.705	29.748	29.736	
21986	1692.	29.705	29.748	29.736	
21987	1692.	29.705	29.748	29.736	
21988	1692.1	29.705	29.748	29.736	
21989	1692.2	29.706	29.748	29.736	
21990	1692.3	29.706	29.748	29.736	
21991	1692.4	29.706	29.748	29.736	
21992	1692.5	29.706	29.748	29.736	
21993	1692.6	29.706	29.748	29.737	
21994	1692.7	29.706	29.748	29.737	
21995	1692.8	29.706	29.748	29.737	
21996	1692.9	29.706	29.748	29.737	
21997	1693.	29.706	29.748	29.737	
21998	1693.	29.706	29.748	29.737	
21999	1693.	29.706	29.748	29.737	
22000	1693.	29.706	29.748	29.737	
22001	1693.1	29.706	29.749	29.737	
22002	1693.2	29.706	29.749	29.737	
22003	1693.3	29.707	29.749	29.737	
22004	1693.4	29.707	29.749	29.737	
22005	1693.5	29.707	29.749	29.737	
22006	1693.6	29.707	29.749	29.737	
22007	1693.7	29.707	29.749	29.738	
22008	1693.8	29.707	29.749	29.738	
22009	1693.9	29.707	29.749	29.738	
22010	1694.	29.707	29.749	29.738	
22011	1694.	29.707	29.749	29.738	
22012	1694.	29.707	29.749	29.738	
22013	1694.	29.707	29.749	29.738	
22014	1694.1	29.707	29.749	29.738	
22015	1694.2	29.707	29.75	29.738	
22016	1694.3	29.707	29.75	29.738	
22017	1694.4	29.708	29.75	29.738	
22018	1694.5	29.708	29.75	29.738	
22019	1694.6	29.708	29.75	29.738	
22020	1694.7	29.708	29.75	29.738	
22021	1694.8	29.708	29.75	29.739	
22022	1694.9	29.708	29.75	29.739	
22023	1695.	29.708	29.75	29.739	
22024	1695.	29.708	29.75	29.739	
22025	1695.	29.708	29.75	29.739	
22026	1695.	29.708	29.75	29.739	
22027	1695.1	29.708	29.75	29.739	
22028	1695.2	29.708	29.75	29.739	
22029	1695.3	29.708	29.751	29.739	
22030	1695.4	29.708	29.751	29.739	
22031	1695.5	29.709	29.751	29.739	
22032	1695.6	29.709	29.751	29.739	
22033	1695.7	29.709	29.751	29.739	
22034	1695.8	29.709	29.751	29.739	
22035	1695.9	29.709	29.751	29.74	
22036	1696.	29.709	29.751	29.74	
22037	1696.	29.709	29.751	29.74	
22038	1696.	29.709	29.751	29.74	
22039	1696.	29.709	29.751	29.74	
22040	1696.1	29.709	29.751	29.74	
22041	1696.2	29.709	29.751	29.74	
22042	1696.3	29.709	29.751	29.74	
22043	1696.4	29.709	29.752	29.74	
22044	1696.5	29.709	29.752	29.74	
22045	1696.6	29.71	29.752	29.74	
22046	1696.7	29.71	29.752	29.74	
22047	1696.8	29.71	29.752	29.74	
22048	1696.9	29.71	29.752	29.74	
22049	1697.	29.71	29.752	29.741	
22050	1697.	29.71	29.752	29.741	
22051	1697.	29.71	29.752	29.741	
22052	1697.	29.71	29.752	29.741	
22053	1697.1	29.71	29.752	29.741	
22054	1697.2	29.71	29.752	29.741	
22055	1697.3	29.71	29.752	29.741	
22056	1697.4	29.71	29.752	29.741	
22057	1697.5	29.71	29.753	29.741	
22058	1697.6	29.71	29.753	29.741	
22059	1697.7	29.711	29.753	29.741	
22060	1697.8	29.711	29.753	29.741	
22061	1697.9	29.711	29.753	29.741	
22062	1698.	29.711	29.753	29.741	
22063	1698.	29.711	29.753	29.741	
22064	1698.	29.711	29.753	29.741	
22065	1698.	29.711	29.753	29.741	
22066	1698.1	29.711	29.753	29.742	
22067	1698.2	29.711	29.753	29.742	
22068	1698.3	29.711	29.753	29.742	
22069	1698.4	29.711	29.753	29.742	
22070	1698.5	29.711	29.753	29.742	
22071	1698.6	29.711	29.754	29.742	
22072	1698.7	29.711	29.754	29.742	
22073	1698.8	29.712	29.754	29.742	
22074	1698.9	29.712	29.754	29.742	
22075	1699.	29.712	29.754	29.742	
22076	1699.	29.712	29.754	29.742	
22077	1699.	29.712	29.754	29.742	
22078	1699.	29.712	29.754	29.742	
22079	1699.1	29.712	29.754	29.742	
22080	1699.2	29.712	29.754	29.743	
22081	1699.3	29.712	29.754	29.743	
22082	1699.4	29.712	29.754	29.743	
22083	1699.5	29.712	29.754	29.743	
22084	1699.6	29.712	29.754	29.743	
22085	1699.7	29.712	29.755	29.743	
22086	1699.8	29.712	29.755	29.743	
22087	1699.9	29.713	29.755	29.743	
22088	1700.	29.713	29.755	29.743	
22089	1700.	29.713	29.755	29.743	
22090	1700.	29.713	29.755	29.743	
22091	1700.	29.713	29.755	29.743	
22092	1700.1	29.713	29.755	29.743	
22093	1700.2	29.713	29.755	29.743	
22094	1700.3	29.713	29.755	29.744	
22095	1700.4	29.713	29.755	29.744	
22096	1700.5	29.713	29.755	29.744	
22097	1700.6	29.713	29.755	29.744	
22098	1700.7	29.713	29.755	29.744	
22099	1700.8	29.713	29.756	29.744	
22100	1700.9	29.713	29.756	29.744	
22101	1701.	29.713	29.756	29.744	
22102	1701.	29.713	29.756	29.744	
22103	1701.	29.713	29.756	29.744	
22104	1701.	29.714	29.756	29.744	
22105	1701.1	29.714	29.756	29.744	
22106	1701.2	29.714	29.756	29.744	
22107	1701.3	29.714	29.756	29.744	
22108	1701.4	29.714	29.756	29.745	
22109	1701.5	29.714	29.756	29.745	
22110	1701.6	29.714	29.756	29.745	
22111	1701.7	29.714	29.756	29.745	
22112	1701.8	29.714	29.756	29.745	
22113	1701.9	29.714	29.757	29.745	
22114	1702.	29.714	29.757	29.745	
22115	1702.	29.714	29.757	29.745	
22116	1702.	29.714	29.757	29.745	
22117	1702.	29.714	29.757	29.745	
22118	1702.1	29.714	29.757	29.745	
22119	1702.2	29.715	29.757	29.745	
22120	1702.3	29.715	29.757	29.745	
22121	1702.4	29.715	29.757	29.745	
22122	1702.5	29.715	29.757	29.746	
22123	1702.6	29.715	29.757	29.746	
22124	1702.7	29.715	29.757	29.746	
22125	1702.8	29.715	29.757	29.746	
22126	1702.9	29.715	29.757	29.746	
22127	1703.	29.715	29.757	29.746	
22128	1703.	29.715	29.758	29.746	
22129	1703.	29.715	29.758	29.746	
22130	1703.	29.715	29.758	29.746	
22131	1703.1	29.715	29.758	29.746	
22132	1703.2	29.715	29.758	29.746	
22133	1703.3	29.716	29.758	29.746	
22134	1703.4	29.716	29.758	29.746	
22135	1703.5	29.716	29.758	29.746	
22136	1703.6	29.716	29.758	29.747	
22137	1703.7	29.716	29.758	29.747	
22138	1703.8	29.716	29.758	29.747	
22139	1703.9	29.716	29.758	29.747	
22140	1704.	29.716	29.758	29.747	
22141	1704.	29.716	29.758	29.747	
22142	1704.	29.716	29.758	29.747	
22143	1704.	29.716	29.758	29.747	
22144	1704.1	29.716	29.759	29.747	
22145	1704.2	29.716	29.759	29.747	
22146	1704.3	29.716	29.759	29.747	
22147	1704.4	29.717	29.759	29.747	
22148	1704.5	29.717	29.759	29.747	
22149	1704.6	29.717	29.759	29.747	
22150	1704.7	29.717	29.759	29.748	
22151	1704.8	29.717	29.759	29.748	
22152	1704.9	29.717	29.759	29.748	
22153	1705.	29.717	29.759	29.748	
22154	1705.	29.717	29.759	29.748	
22155	1705.	29.717	29.759	29.748	
22156	1705.	29.717	29.759	29.748	
22157	1705.1	29.717	29.759	29.748	
22158	1705.2	29.717	29.76	29.748	
22159	1705.3	29.717	29.76	29.748	
22160	1705.4	29.717	29.76	29.748	
22161	1705.5	29.718	29.76	29.748	
22162	1705.6	29.718	29.76	29.748	
22163	1705.7	29.718	29.76	29.748	
22164	1705.8	29.718	29.76	29.749	
22165	1705.9	29.718	29.76	29.749	
22166	1706.	29.718	29.76	29.749	
22167	1706.	29.718	29.76	29.749	
22168	1706.	29.718	29.76	29.749	
22169	1706.	29.718	29.76	29.749	
22170	1706.1	29.718	29.76	29.749	
22171	1706.2	29.718	29.76	29.749	
22172	1706.3	29.718	29.761	29.749	
22173	1706.4	29.718	29.761	29.749	
22174	1706.5	29.718	29.761	29.749	
22175	1706.6	29.719	29.761	29.749	
22176	1706.7	29.719	29.761	29.749	
22177	1706.8	29.719	29.761	29.749	
22178	1706.9	29.719	29.761	29.75	
22179	1707.	29.719	29.761	29.75	
22180	1707.	29.719	29.761	29.75	
22181	1707.	29.719	29.761	29.75	
22182	1707.	29.719	29.761	29.75	
22183	1707.1	29.719	29.761	29.75	
22184	1707.2	29.719	29.761	29.75	
22185	1707.3	29.719	29.761	29.75	
22186	1707.4	29.719	29.762	29.75	
22187	1707.5	29.719	29.762	29.75	
22188	1707.6	29.719	29.762	29.75	
22189	1707.7	29.72	29.762	29.75	
22190	1707.8	29.72	29.762	29.75	
22191	1707.9	29.72	29.762	29.75	
22192	1708.	29.72	29.762	29.75	
22193	1708.	29.72	29.762	29.75	
22194	1708.	29.72	29.762	29.75	
22195	1708.	29.72	29.762	29.751	
22196	1708.1	29.72	29.762	29.751	
22197	1708.2	29.72	29.762	29.751	
22198	1708.3	29.72	29.762	29.751	
22199	1708.4	29.72	29.762	29.751	
22200	1708.5	29.72	29.763	29.751	
22201	1708.6	29.72	29.763	29.751	
22202	1708.7	29.72	29.763	29.751	
22203	1708.8	29.721	29.763	29.751	
22204	1708.9	29.721	29.763	29.751	
22205	1709.	29.721	29.763	29.751	
22206	1709.	29.721	29.763	29.751	
22207	1709.	29.721	29.763	29.751	
22208	1709.	29.721	29.763	29.751	
22209	1709.1	29.721	29.763	29.751	
22210	1709.2	29.721	29.763	29.752	
22211	1709.3	29.721	29.763	29.752	
22212	1709.4	29.721	29.763	29.752	
22213	1709.5	29.721	29.763	29.752	
22214	1709.6	29.721	29.764	29.752	
22215	1709.7	29.721	29.764	29.752	
22216	1709.8	29.721	29.764	29.752	
22217	1709.9	29.722	29.764	29.752	
22218	1710.	29.722	29.764	29.752	
22219	1710.	29.722	29.764	29.752	
22220	1710.	29.722	29.764	29.752	
22221	1710.	29.722	29.764	29.752	
22222	1710.1	29.722	29.764	29.752	
22223	1710.2	29.722	29.764	29.752	
22224	1710.3	29.722	29.764	29.753	
22225	1710.4	29.722	29.764	29.753	
22226	1710.5	29.722	29.764	29.753	
22227	1710.6	29.722	29.764	29.753	
22228	1710.7	29.722	29.765	29.753	
22229	1710.8	29.722	29.765	29.753	
22230	1710.9	29.722	29.765	29.753	
22231	1711.	29.722	29.765	29.753	
22232	1711.	29.722	29.765	29.753	
22233	1711.	29.722	29.765	29.753	
22234	1711.	29.723	29.765	29.753	
22235	1711.1	29.723	29.765	29.753	
22236	1711.2	29.723	29.765	29.753	
22237	1711.3	29.723	29.765	29.753	
22238	1711.4	29.723	29.765	29.754	
22239	1711.5	29.723	29.765	29.754	
22240	1711.6	29.723	29.765	29.754	
22241	1711.7	29.723	29.765	29.754	
22242	1711.8	29.723	29.766	29.754	
22243	1711.9	29.723	29.766	29.754	
22244	1712.	29.723	29.766	29.754	
22245	1712.	29.723	29.766	29.754	
22246	1712.	29.723	29.766	29.754	
22247	1712.	29.723	29.766	29.754	
22248	1712.1	29.723	29.766	29.754	
22249	1712.2	29.724	29.766	29.754	
22250	1712.3	29.724	29.766	29.754	
22251	1712.4	29.724	29.766	29.754	
22252	1712.5	29.724	29.766	29.755	
22253	1712.6	29.724	29.766	29.755	
22254	1712.7	29.724	29.766	29.755	
22255	1712.8	29.724	29.766	29.755	
22256	1712.9	29.724	29.767	29.755	
22257	1713.	29.724	29.767	29.755	
22258	1713.	29.724	29.767	29.755	
22259	1713.	29.724	29.767	29.755	
22260	1713.	29.724	29.767	29.755	
22261	1713.1	29.724	29.767	29.755	
22262	1713.2	29.724	29.767	29.755	
22263	1713.3	29.725	29.767	29.755	
22264	1713.4	29.725	29.767	29.755	
22265	1713.5	29.725	29.767	29.755	
22266	1713.6	29.725	29.767	29.756	
22267	1713.7	29.725	29.767	29.756	
22268	1713.8	29.725	29.767	29.756	
22269	1713.9	29.725	29.767	29.756	
22270	1714.	29.725	29.767	29.756	
22271	1714.	29.725	29.767	29.756	
22272	1714.	29.725	29.768	29.756	
22273	1714.	29.725	29.768	29.756	
22274	1714.1	29.725	29.768	29.756	
22275	1714.2	29.725	29.768	29.756	
22276	1714.3	29.725	29.768	29.756	
22277	1714.4	29.726	29.768	29.756	
22278	1714.5	29.726	29.768	29.756	
22279	1714.6	29.726	29.768	29.756	
22280	1714.7	29.726	29.768	29.757	
22281	1714.8	29.726	29.768	29.757	
22282	1714.9	29.726	29.768	29.757	
22283	1715.	29.726	29.768	29.757	
22284	1715.	29.726	29.768	29.757	
22285	1715.	29.726	29.768	29.757	
22286	1715.	29.726	29.768	29.757	
22287	1715.1	29.726	29.769	29.757	
22288	1715.2	29.726	29.769	29.757	
22289	1715.3	29.726	29.769	29.757	
22290	1715.4	29.726	29.769	29.757	
22291	1715.5	29.727	29.769	29.757	
22292	1715.6	29.727	29.769	29.757	
22293	1715.7	29.727	29.769	29.757	
22294	1715.8	29.727	29.769	29.758	
22295	1715.9	29.727	29.769	29.758	
22296	1716.	29.727	29.769	29.758	
22297	1716.	29.727	29.769	29.758	
22298	1716.	29.727	29.769	29.758	
22299	1716.	29.727	29.769	29.758	
22300	1716.1	29.727	29.769	29.758	
22301	1716.2	29.727	29.77	29.758	
22302	1716.3	29.727	29.77	29.758	
22303	1716.4	29.727	29.77	29.758	
22304	1716.5	29.727	29.77	29.758	
22305	1716.6	29.728	29.77	29.758	
22306	1716.7	29.728	29.77	29.758	
22307	1716.8	29.728	29.77	29.758	
22308	1716.9	29.728	29.77	29.759	
22309	1717.	29.728	29.77	29.759	
22310	1717.	29.728	29.77	29.759	
22311	1717.	29.728	29.77	29.759	
22312	1717.	29.728	29.77	29.759	
22313	1717.1	29.728	29.77	29.759	
22314	1717.2	29.728	29.77	29.759	
22315	1717.3	29.728	29.771	29.759	
22316	1717.4	29.728	29.771	29.759	
22317	1717.5	29.728	29.771	29.759	
22318	1717.6	29.728	29.771	29.759	
22319	1717.7	29.729	29.771	29.759	
22320	1717.8	29.729	29.771	29.759	
22321	1717.9	29.729	29.771	29.759	
22322	1718.	29.729	29.771	29.76	
22323	1718.	29.729	29.771	29.76	
22324	1718.	29.729	29.771	29.76	
22325	1718.	29.729	29.771	29.76	
22326	1718.1	29.729	29.771	29.76	
22327	1718.2	29.729	29.771	29.76	
22328	1718.3	29.729	29.771	29.76	
22329	1718.4	29.729	29.772	29.76	
22330	1718.5	29.729	29.772	29.76	
22331	1718.6	29.729	29.772	29.76	
22332	1718.7	29.729	29.772	29.76	
22333	1718.8	29.73	29.772	29.76	
22334	1718.9	29.73	29.772	29.76	
22335	1719.	29.73	29.772	29.76	
22336	1719.	29.73	29.772	29.76	
22337	1719.	29.73	29.772	29.76	
22338	1719.	29.73	29.772	29.76	
22339	1719.1	29.73	29.772	29.761	
22340	1719.2	29.73	29.772	29.761	
22341	1719.3	29.73	29.772	29.761	
22342	1719.4	29.73	29.772	29.761	
22343	1719.5	29.73	29.773	29.761	
22344	1719.6	29.73	29.773	29.761	
22345	1719.7	29.73	29.773	29.761	
22346	1719.8	29.73	29.773	29.761	
22347	1719.9	29.731	29.773	29.761	
22348	1720.	29.731	29.773	29.761	
22349	1720.	29.731	29.773	29.761	
22350	1720.	29.731	29.773	29.761	
22351	1720.	29.731	29.773	29.761	
22352	1720.1	29.731	29.773	29.761	
22353	1720.2	29.731	29.773	29.762	
22354	1720.3	29.731	29.773	29.762	
22355	1720.4	29.731	29.773	29.762	
22356	1720.5	29.731	29.773	29.762	
22357	1720.6	29.731	29.774	29.762	
22358	1720.7	29.731	29.774	29.762	
22359	1720.8	29.731	29.774	29.762	
22360	1720.9	29.731	29.774	29.762	
22361	1721.	29.731	29.774	29.762	
22362	1721.	29.731	29.774	29.762	
22363	1721.	29.731	29.774	29.762	
22364	1721.	29.732	29.774	29.762	
22365	1721.1	29.732	29.774	29.762	
22366	1721.2	29.732	29.774	29.762	
22367	1721.3	29.732	29.774	29.763	
22368	1721.4	29.732	29.774	29.763	
22369	1721.5	29.732	29.774	29.763	
22370	1721.6	29.732	29.774	29.763	
22371	1721.7	29.732	29.775	29.763	
22372	1721.8	29.732	29.775	29.763	
22373	1721.9	29.732	29.775	29.763	
22374	1722.	29.732	29.775	29.763	
22375	1722.	29.732	29.775	29.763	
22376	1722.	29.732	29.775	29.763	
22377	1722.	29.732	29.775	29.763	
22378	1722.1	29.733	29.775	29.763	
22379	1722.2	29.733	29.775	29.763	
22380	1722.3	29.733	29.775	29.763	
22381	1722.4	29.733	29.775	29.764	
22382	1722.5	29.733	29.775	29.764	
22383	1722.6	29.733	29.775	29.764	
22384	1722.7	29.733	29.775	29.764	
22385	1722.8	29.733	29.776	29.764	
22386	1722.9	29.733	29.776	29.764	
22387	1723.	29.733	29.776	29.764	
22388	1723.	29.733	29.776	29.764	
22389	1723.	29.733	29.776	29.764	
22390	1723.	29.733	29.776	29.764	
22391	1723.1	29.733	29.776	29.764	
22392	1723.2	29.733	29.776	29.764	
22393	1723.3	29.734	29.776	29.764	
22394	1723.4	29.734	29.776	29.764	
22395	1723.5	29.734	29.776	29.765	
22396	1723.6	29.734	29.776	29.765	
22397	1723.7	29.734	29.776	29.765	
22398	1723.8	29.734	29.776	29.765	
22399	1723.9	29.734	29.777	29.765	
22400	1724.	29.734	29.777	29.765	
22401	1724.	29.734	29.777	29.765	
22402	1724.	29.734	29.777	29.765	
22403	1724.	29.734	29.777	29.765	
22404	1724.1	29.734	29.777	29.765	
22405	1724.2	29.734	29.777	29.765	
22406	1724.3	29.734	29.777	29.765	
22407	1724.4	29.735	29.777	29.765	
22408	1724.5	29.735	29.777	29.765	
22409	1724.6	29.735	29.777	29.766	
22410	1724.7	29.735	29.777	29.766	
22411	1724.8	29.735	29.777	29.766	
22412	1724.9	29.735	29.777	29.766	
22413	1725.	29.735	29.777	29.766	
22414	1725.	29.735	29.777	29.766	
22415	1725.	29.735	29.777	29.766	
22416	1725.	29.735	29.778	29.766	
22417	1725.1	29.735	29.778	29.766	
22418	1725.2	29.735	29.778	29.766	
22419	1725.3	29.735	29.778	29.766	
22420	1725.4	29.735	29.778	29.766	
22421	1725.5	29.736	29.778	29.766	
22422	1725.6	29.736	29.778	29.766	
22423	1725.7	29.736	29.778	29.767	
22424	1725.8	29.736	29.778	29.767	
22425	1725.9	29.736	29.778	29.767	
22426	1726.	29.736	29.778	29.767	
22427	1726.	29.736	29.778	29.767	
22428	1726.	29.736	29.778	29.767	
22429	1726.	29.736	29.778	29.767	
22430	1726.1	29.736	29.778	29.767	
22431	1726.2	29.736	29.779	29.767	
22432	1726.3	29.736	29.779	29.767	
22433	1726.4	29.736	29.779	29.767	
22434	1726.5	29.736	29.779	29.767	
22435	1726.6	29.737	29.779	29.767	
22436	1726.7	29.737	29.779	29.767	
22437	1726.8	29.737	29.779	29.768	
22438	1726.9	29.737	29.779	29.768	
22439	1727.	29.737	29.779	29.768	
22440	1727.	29.737	29.779	29.768	
22441	1727.	29.737	29.779	29.768	
22442	1727.	29.737	29.779	29.768	
22443	1727.1	29.737	29.779	29.768	
22444	1727.2	29.737	29.779	29.768	
22445	1727.3	29.737	29.78	29.768	
22446	1727.4	29.737	29.78	29.768	
22447	1727.5	29.737	29.78	29.768	
22448	1727.6	29.737	29.78	29.768	
22449	1727.7	29.738	29.78	29.768	
22450	1727.8	29.738	29.78	29.768	
22451	1727.9	29.738	29.78	29.769	
22452	1728.	29.738	29.78	29.769	
22453	1728.	29.738	29.78	29.769	
22454	1728.	29.738	29.78	29.769	
22455	1728.	29.738	29.78	29.769	
22456	1728.1	29.738	29.78	29.769	
22457	1728.2	29.738	29.78	29.769	
22458	1728.3	29.738	29.78	29.769	
22459	1728.4	29.738	29.781	29.769	
22460	1728.5	29.738	29.781	29.769	
22461	1728.6	29.738	29.781	29.769	
22462	1728.7	29.738	29.781	29.769	
22463	1728.8	29.739	29.781	29.769	
22464	1728.9	29.739	29.781	29.769	
22465	1729.	29.739	29.781	29.769	
22466	1729.	29.739	29.781	29.769	
22467	1729.	29.739	29.781	29.77	
22468	1729.	29.739	29.781	29.77	
22469	1729.1	29.739	29.781	29.77	
22470	1729.2	29.739	29.781	29.77	
22471	1729.3	29.739	29.781	29.77	
22472	1729.4	29.739	29.781	29.77	
22473	1729.5	29.739	29.782	29.77	
22474	1729.6	29.739	29.782	29.77	
22475	1729.7	29.739	29.782	29.77	
22476	1729.8	29.739	29.782	29.77	
22477	1729.9	29.74	29.782	29.77	
22478	1730.	29.74	29.782	29.77	
22479	1730.	29.74	29.782	29.77	
22480	1730.	29.74	29.782	29.77	
22481	1730.	29.74	29.782	29.77	
22482	1730.1	29.74	29.782	29.771	
22483	1730.2	29.74	29.782	29.771	
22484	1730.3	29.74	29.782	29.771	
22485	1730.4	29.74	29.782	29.771	
22486	1730.5	29.74	29.782	29.771	
22487	1730.6	29.74	29.783	29.771	
22488	1730.7	29.74	29.783	29.771	
22489	1730.8	29.74	29.783	29.771	
22490	1730.9	29.74	29.783	29.771	
22491	1731.	29.74	29.783	29.771	
22492	1731.	29.74	29.783	29.771	
22493	1731.	29.741	29.783	29.771	
22494	1731.	29.741	29.783	29.771	
22495	1731.1	29.741	29.783	29.771	
22496	1731.2	29.741	29.783	29.772	
22497	1731.3	29.741	29.783	29.772	
22498	1731.4	29.741	29.783	29.772	
22499	1731.5	29.741	29.783	29.772	
22500	1731.6	29.741	29.783	29.772	
22501	1731.7	29.741	29.784	29.772	
22502	1731.8	29.741	29.784	29.772	
22503	1731.9	29.741	29.784	29.772	
22504	1732.	29.741	29.784	29.772	
22505	1732.	29.741	29.784	29.772	
22506	1732.	29.741	29.784	29.772	
22507	1732.	29.741	29.784	29.772	
22508	1732.1	29.742	29.784	29.772	
22509	1732.2	29.742	29.784	29.772	
22510	1732.3	29.742	29.784	29.773	
22511	1732.4	29.742	29.784	29.773	
22512	1732.5	29.742	29.784	29.773	
22513	1732.6	29.742	29.784	29.773	
22514	1732.7	29.742	29.784	29.773	
22515	1732.8	29.742	29.785	29.773	
22516	1732.9	29.742	29.785	29.773	
22517	1733.	29.742	29.785	29.773	
22518	1733.	29.742	29.785	29.773	
22519	1733.	29.742	29.785	29.773	
22520	1733.	29.742	29.785	29.773	
22521	1733.1	29.742	29.785	29.773	
22522	1733.2	29.743	29.785	29.773	
22523	1733.3	29.743	29.785	29.773	
22524	1733.4	29.743	29.785	29.774	
22525	1733.5	29.743	29.785	29.774	
22526	1733.6	29.743	29.785	29.774	
22527	1733.7	29.743	29.785	29.774	
22528	1733.8	29.743	29.785	29.774	
22529	1733.9	29.743	29.786	29.774	
22530	1734.	29.743	29.786	29.774	
22531	1734.	29.743	29.786	29.774	
22532	1734.	29.743	29.786	29.774	
22533	1734.	29.743	29.786	29.774	
22534	1734.1	29.743	29.786	29.774	
22535	1734.2	29.743	29.786	29.774	
22536	1734.3	29.743	29.786	29.774	
22537	1734.4	29.744	29.786	29.774	
22538	1734.5	29.744	29.786	29.775	
22539	1734.6	29.744	29.786	29.775	
22540	1734.7	29.744	29.786	29.775	
22541	1734.8	29.744	29.786	29.775	
22542	1734.9	29.744	29.786	29.775	
22543	1735.	29.744	29.787	29.775	
22544	1735.	29.744	29.787	29.775	
22545	1735.	29.744	29.787	29.775	
22546	1735.	29.744	29.787	29.775	
22547	1735.1	29.744	29.787	29.775	
22548	1735.2	29.744	29.787	29.775	
22549	1735.3	29.744	29.787	29.775	
22550	1735.4	29.744	29.787	29.775	
22551	1735.5	29.745	29.787	29.775	
22552	1735.6	29.745	29.787	29.776	
22553	1735.7	29.745	29.787	29.776	
22554	1735.8	29.745	29.787	29.776	
22555	1735.9	29.745	29.787	29.776	
22556	1736.	29.745	29.787	29.776	
22557	1736.	29.745	29.787	29.776	
22558	1736.	29.745	29.787	29.776	
22559	1736.	29.745	29.787	29.776	
22560	1736.1	29.745	29.788	29.776	
22561	1736.2	29.745	29.788	29.776	
22562	1736.3	29.745	29.788	29.776	
22563	1736.4	29.745	29.788	29.776	
22564	1736.5	29.745	29.788	29.776	
22565	1736.6	29.746	29.788	29.776	
22566	1736.7	29.746	29.788	29.776	
22567	1736.8	29.746	29.788	29.777	
22568	1736.9	29.746	29.788	29.777	
22569	1737.	29.746	29.788	29.777	
22570	1737.	29.746	29.788	29.777	
22571	1737.	29.746	29.788	29.777	
22572	1737.	29.746	29.788	29.777	
22573	1737.1	29.746	29.788	29.777	
22574	1737.2	29.746	29.789	29.777	
22575	1737.3	29.746	29.789	29.777	
22576	1737.4	29.746	29.789	29.777	
22577	1737.5	29.746	29.789	29.777	
22578	1737.6	29.746	29.789	29.777	
22579	1737.7	29.747	29.789	29.777	
22580	1737.8	29.747	29.789	29.777	
22581	1737.9	29.747	29.789	29.778	
22582	1738.	29.747	29.789	29.778	
22583	1738.	29.747	29.789	29.778	
22584	1738.	29.747	29.789	29.778	
22585	1738.	29.747	29.789	29.778	
22586	1738.1	29.747	29.789	29.778	
22587	1738.2	29.747	29.789	29.778	
22588	1738.3	29.747	29.79	29.778	
22589	1738.4	29.747	29.79	29.778	
22590	1738.5	29.747	29.79	29.778	
22591	1738.6	29.747	29.79	29.778	
22592	1738.7	29.747	29.79	29.778	
22593	1738.8	29.748	29.79	29.778	
22594	1738.9	29.748	29.79	29.778	
22595	1739.	29.748	29.79	29.779	
22596	1739.	29.748	29.79	29.779	
22597	1739.	29.748	29.79	29.779	
22598	1739.	29.748	29.79	29.779	
22599	1739.1	29.748	29.79	29.779	
22600	1739.2	29.748	29.79	29.779	
22601	1739.3	29.748	29.79	29.779	
22602	1739.4	29.748	29.791	29.779	
22603	1739.5	29.748	29.791	29.779	
22604	1739.6	29.748	29.791	29.779	
22605	1739.7	29.748	29.791	29.779	
22606	1739.8	29.748	29.791	29.779	
22607	1739.9	29.749	29.791	29.779	
22608	1740.	29.749	29.791	29.779	
22609	1740.	29.749	29.791	29.779	
22610	1740.	29.749	29.791	29.779	
22611	1740.	29.749	29.791	29.779	
22612	1740.1	29.749	29.791	29.78	
22613	1740.2	29.749	29.791	29.78	
22614	1740.3	29.749	29.791	29.78	
22615	1740.4	29.749	29.791	29.78	
22616	1740.5	29.749	29.792	29.78	
22617	1740.6	29.749	29.792	29.78	
22618	1740.7	29.749	29.792	29.78	
22619	1740.8	29.749	29.792	29.78	
22620	1740.9	29.749	29.792	29.78	
22621	1741.	29.749	29.792	29.78	
22622	1741.	29.75	29.792	29.78	
22623	1741.	29.75	29.792	29.78	
22624	1741.	29.75	29.792	29.78	
22625	1741.1	29.75	29.792	29.78	
22626	1741.2	29.75	29.792	29.781	
22627	1741.3	29.75	29.792	29.781	
22628	1741.4	29.75	29.792	29.781	
22629	1741.5	29.75	29.792	29.781	
22630	1741.6	29.75	29.793	29.781	
22631	1741.7	29.75	29.793	29.781	
22632	1741.8	29.75	29.793	29.781	
22633	1741.9	29.75	29.793	29.781	
22634	1742.	29.75	29.793	29.781	
22635	1742.	29.75	29.793	29.781	
22636	1742.	29.75	29.793	29.781	
22637	1742.	29.75	29.793	29.781	
22638	1742.1	29.751	29.793	29.781	
22639	1742.2	29.751	29.793	29.781	
22640	1742.3	29.751	29.793	29.782	
22641	1742.4	29.751	29.793	29.782	
22642	1742.5	29.751	29.793	29.782	
22643	1742.6	29.751	29.793	29.782	
22644	1742.7	29.751	29.794	29.782	
22645	1742.8	29.751	29.794	29.782	
22646	1742.9	29.751	29.794	29.782	
22647	1743.	29.751	29.794	29.782	
22648	1743.	29.751	29.794	29.782	
22649	1743.	29.751	29.794	29.782	
22650	1743.	29.751	29.794	29.782	
22651	1743.1	29.751	29.794	29.782	
22652	1743.2	29.752	29.794	29.782	
22653	1743.3	29.752	29.794	29.782	
22654	1743.4	29.752	29.794	29.783	
22655	1743.5	29.752	29.794	29.783	
22656	1743.6	29.752	29.794	29.783	
22657	1743.7	29.752	29.794	29.783	
22658	1743.8	29.752	29.795	29.783	
22659	1743.9	29.752	29.795	29.783	
22660	1744.	29.752	29.795	29.783	
22661	1744.	29.752	29.795	29.783	
22662	1744.	29.752	29.795	29.783	
22663	1744.	29.752	29.795	29.783	
22664	1744.1	29.752	29.795	29.783	
22665	1744.2	29.752	29.795	29.783	
22666	1744.3	29.753	29.795	29.783	
22667	1744.4	29.753	29.795	29.783	
22668	1744.5	29.753	29.795	29.784	
22669	1744.6	29.753	29.795	29.784	
22670	1744.7	29.753	29.795	29.784	
22671	1744.8	29.753	29.795	29.784	
22672	1744.9	29.753	29.796	29.784	
22673	1745.	29.753	29.796	29.784	
22674	1745.	29.753	29.796	29.784	
22675	1745.	29.753	29.796	29.784	
22676	1745.	29.753	29.796	29.784	
22677	1745.1	29.753	29.796	29.784	
22678	1745.2	29.753	29.796	29.784	
22679	1745.3	29.753	29.796	29.784	
22680	1745.4	29.753	29.796	29.784	
22681	1745.5	29.754	29.796	29.784	
22682	1745.6	29.754	29.796	29.785	
22683	1745.7	29.754	29.796	29.785	
22684	1745.8	29.754	29.796	29.785	
22685	1745.9	29.754	29.796	29.785	
22686	1746.	29.754	29.797	29.785	
22687	1746.	29.754	29.797	29.785	
22688	1746.	29.754	29.797	29.785	
22689	1746.	29.754	29.797	29.785	
22690	1746.1	29.754	29.797	29.785	
22691	1746.2	29.754	29.797	29.785	
22692	1746.3	29.754	29.797	29.785	
22693	1746.4	29.754	29.797	29.785	
22694	1746.5	29.754	29.797	29.785	
22695	1746.6	29.755	29.797	29.785	
22696	1746.7	29.755	29.797	29.786	
22697	1746.8	29.755	29.797	29.786	
22698	1746.9	29.755	29.797	29.786	
22699	1747.	29.755	29.797	29.786	
22700	1747.	29.755	29.797	29.786	
22701	1747.	29.755	29.797	29.786	
22702	1747.	29.755	29.797	29.786	
22703	1747.1	29.755	29.798	29.786	
22704	1747.2	29.755	29.798	29.786	
22705	1747.3	29.755	29.798	29.786	
22706	1747.4	29.755	29.798	29.786	
22707	1747.5	29.755	29.798	29.786	
22708	1747.6	29.755	29.798	29.786	
22709	1747.7	29.756	29.798	29.786	
22710	1747.8	29.756	29.798	29.787	
22711	1747.9	29.756	29.798	29.787	
22712	1748.	29.756	29.798	29.787	
22713	1748.	29.756	29.798	29.787	
22714	1748.	29.756	29.798	29.787	
22715	1748.	29.756	29.798	29.787	
22716	1748.1	29.756	29.798	29.787	
22717	1748.2	29.756	29.799	29.787	
22718	1748.3	29.756	29.799	29.787	
22719	1748.4	29.756	29.799	29.787	
22720	1748.5	29.756	29.799	29.787	
22721	1748.6	29.756	29.799	29.787	
22722	1748.7	29.756	29.799	29.787	
22723	1748.8	29.757	29.799	29.787	
22724	1748.9	29.757	29.799	29.788	
22725	1749.	29.757	29.799	29.788	
22726	1749.	29.757	29.799	29.788	
22727	1749.	29.757	29.799	29.788	
22728	1749.	29.757	29.799	29.788	
22729	1749.1	29.757	29.799	29.788	
22730	1749.2	29.757	29.799	29.788	
22731	1749.3	29.757	29.8	29.788	
22732	1749.4	29.757	29.8	29.788	
22733	1749.5	29.757	29.8	29.788	
22734	1749.6	29.757	29.8	29.788	
22735	1749.7	29.757	29.8	29.788	
22736	1749.8	29.757	29.8	29.788	
22737	1749.9	29.758	29.8	29.788	
22738	1750.	29.758	29.8	29.789	
22739	1750.	29.758	29.8	29.789	
22740	1750.	29.758	29.8	29.789	
22741	1750.	29.758	29.8	29.789	
22742	1750.1	29.758	29.8	29.789	
22743	1750.2	29.758	29.8	29.789	
22744	1750.3	29.758	29.8	29.789	
22745	1750.4	29.758	29.801	29.789	
22746	1750.5	29.758	29.801	29.789	
22747	1750.6	29.758	29.801	29.789	
22748	1750.7	29.758	29.801	29.789	
22749	1750.8	29.758	29.801	29.789	
22750	1750.9	29.758	29.801	29.789	
22751	1751.	29.759	29.801	29.789	
22752	1751.	29.759	29.801	29.789	
22753	1751.	29.759	29.801	29.789	
22754	1751.	29.759	29.801	29.789	
22755	1751.1	29.759	29.801	29.79	
22756	1751.2	29.759	29.801	29.79	
22757	1751.3	29.759	29.801	29.79	
22758	1751.4	29.759	29.801	29.79	
22759	1751.5	29.759	29.802	29.79	
22760	1751.6	29.759	29.802	29.79	
22761	1751.7	29.759	29.802	29.79	
22762	1751.8	29.759	29.802	29.79	
22763	1751.9	29.759	29.802	29.79	
22764	1752.	29.759	29.802	29.79	
22765	1752.	29.759	29.802	29.79	
22766	1752.	29.759	29.802	29.79	
22767	1752.	29.759	29.802	29.79	
22768	1752.1	29.76	29.802	29.79	
22769	1752.2	29.76	29.802	29.791	
22770	1752.3	29.76	29.802	29.791	
22771	1752.4	29.76	29.802	29.791	
22772	1752.5	29.76	29.802	29.791	
22773	1752.6	29.76	29.803	29.791	
22774	1752.7	29.76	29.803	29.791	
22775	1752.8	29.76	29.803	29.791	
22776	1752.9	29.76	29.803	29.791	
22777	1753.	29.76	29.803	29.791	
22778	1753.	29.76	29.803	29.791	
22779	1753.	29.76	29.803	29.791	
22780	1753.	29.76	29.803	29.791	
22781	1753.1	29.76	29.803	29.791	
22782	1753.2	29.761	29.803	29.791	
22783	1753.3	29.761	29.803	29.792	
22784	1753.4	29.761	29.803	29.792	
22785	1753.5	29.761	29.803	29.792	
22786	1753.6	29.761	29.803	29.792	
22787	1753.7	29.761	29.804	29.792	
22788	1753.8	29.761	29.804	29.792	
22789	1753.9	29.761	29.804	29.792	
22790	1754.	29.761	29.804	29.792	
22791	1754.	29.761	29.804	29.792	
22792	1754.	29.761	29.804	29.792	
22793	1754.	29.761	29.804	29.792	
22794	1754.1	29.761	29.804	29.792	
22795	1754.2	29.761	29.804	29.792	
22796	1754.3	29.762	29.804	29.792	
22797	1754.4	29.762	29.804	29.793	
22798	1754.5	29.762	29.804	29.793	
22799	1754.6	29.762	29.804	29.793	
22800	1754.7	29.762	29.804	29.793	
22801	1754.8	29.762	29.805	29.793	
22802	1754.9	29.762	29.805	29.793	
22803	1755.	29.762	29.805	29.793	
22804	1755.	29.762	29.805	29.793	
22805	1755.	29.762	29.805	29.793	
22806	1755.	29.762	29.805	29.793	
22807	1755.1	29.762	29.805	29.793	
22808	1755.2	29.762	29.805	29.793	
22809	1755.3	29.762	29.805	29.793	
22810	1755.4	29.763	29.805	29.793	
22811	1755.5	29.763	29.805	29.794	
22812	1755.6	29.763	29.805	29.794	
22813	1755.7	29.763	29.805	29.794	
22814	1755.8	29.763	29.805	29.794	
22815	1755.9	29.763	29.806	29.794	
22816	1756.	29.763	29.806	29.794	
22817	1756.	29.763	29.806	29.794	
22818	1756.	29.763	29.806	29.794	
22819	1756.	29.763	29.806	29.794	
22820	1756.1	29.763	29.806	29.794	
22821	1756.2	29.763	29.806	29.794	
22822	1756.3	29.763	29.806	29.794	
22823	1756.4	29.763	29.806	29.794	
22824	1756.5	29.763	29.806	29.794	
22825	1756.6	29.764	29.806	29.795	
22826	1756.7	29.764	29.806	29.795	
22827	1756.8	29.764	29.806	29.795	
22828	1756.9	29.764	29.806	29.795	
22829	1757.	29.764	29.806	29.795	
22830	1757.	29.764	29.807	29.795	
22831	1757.	29.764	29.807	29.795	
22832	1757.	29.764	29.807	29.795	
22833	1757.1	29.764	29.807	29.795	
22834	1757.2	29.764	29.807	29.795	
22835	1757.3	29.764	29.807	29.795	
22836	1757.4	29.764	29.807	29.795	
22837	1757.5	29.764	29.807	29.795	
22838	1757.6	29.764	29.807	29.795	
22839	1757.7	29.765	29.807	29.796	
22840	1757.8	29.765	29.807	29.796	
22841	1757.9	29.765	29.807	29.796	
22842	1758.	29.765	29.807	29.796	
22843	1758.	29.765	29.807	29.796	
22844	1758.	29.765	29.807	29.796	
22845	1758.	29.765	29.807	29.796	
22846	1758.1	29.765	29.808	29.796	
22847	1758.2	29.765	29.808	29.796	
22848	1758.3	29.765	29.808	29.796	
22849	1758.4	29.765	29.808	29.796	
22850	1758.5	29.765	29.808	29.796	
22851	1758.6	29.765	29.808	29.796	
22852	1758.7	29.765	29.808	29.796	
22853	1758.8	29.766	29.808	29.797	
22854	1758.9	29.766	29.808	29.797	
22855	1759.	29.766	29.808	29.797	
22856	1759.	29.766	29.808	29.797	
22857	1759.	29.766	29.808	29.797	
22858	1759.	29.766	29.808	29.797	
22859	1759.1	29.766	29.808	29.797	
22860	1759.2	29.766	29.809	29.797	
22861	1759.3	29.766	29.809	29.797	
22862	1759.4	29.766	29.809	29.797	
22863	1759.5	29.766	29.809	29.797	
22864	1759.6	29.766	29.809	29.797	
22865	1759.7	29.766	29.809	29.797	
22866	1759.8	29.766	29.809	29.797	
22867	1759.9	29.767	29.809	29.798	
22868	1760.	29.767	29.809	29.798	
22869	1760.	29.767	29.809	29.798	
22870	1760.	29.767	29.809	29.798	
22871	1760.	29.767	29.809	29.798	
22872	1760.1	29.767	29.809	29.798	
22873	1760.2	29.767	29.809	29.798	
22874	1760.3	29.767	29.81	29.798	
22875	1760.4	29.767	29.81	29.798	
22876	1760.5	29.767	29.81	29.798	
22877	1760.6	29.767	29.81	29.798	
22878	1760.7	29.767	29.81	29.798	
22879	1760.8	29.767	29.81	29.798	
22880	1760.9	29.767	29.81	29.798	
22881	1761.	29.768	29.81	29.798	
22882	1761.	29.768	29.81	29.798	
22883	1761.	29.768	29.81	29.798	
22884	1761.	29.768	29.81	29.799	
22885	1761.1	29.768	29.81	29.799	
22886	1761.2	29.768	29.81	29.799	
22887	1761.3	29.768	29.81	29.799	
22888	1761.4	29.768	29.811	29.799	
22889	1761.5	29.768	29.811	29.799	
22890	1761.6	29.768	29.811	29.799	
22891	1761.7	29.768	29.811	29.799	
22892	1761.8	29.768	29.811	29.799	
22893	1761.9	29.768	29.811	29.799	
22894	1762.	29.768	29.811	29.799	
22895	1762.	29.768	29.811	29.799	
22896	1762.	29.768	29.811	29.799	
22897	1762.	29.768	29.811	29.799	
22898	1762.1	29.769	29.811	29.799	
22899	1762.2	29.769	29.811	29.8	
22900	1762.3	29.769	29.811	29.8	
22901	1762.4	29.769	29.811	29.8	
22902	1762.5	29.769	29.812	29.8	
22903	1762.6	29.769	29.812	29.8	
22904	1762.7	29.769	29.812	29.8	
22905	1762.8	29.769	29.812	29.8	
22906	1762.9	29.769	29.812	29.8	
22907	1763.	29.769	29.812	29.8	
22908	1763.	29.769	29.812	29.8	
22909	1763.	29.769	29.812	29.8	
22910	1763.	29.769	29.812	29.8	
22911	1763.1	29.769	29.812	29.8	
22912	1763.2	29.77	29.812	29.8	
22913	1763.3	29.77	29.812	29.801	
22914	1763.4	29.77	29.812	29.801	
22915	1763.5	29.77	29.812	29.801	
22916	1763.6	29.77	29.813	29.801	
22917	1763.7	29.77	29.813	29.801	
22918	1763.8	29.77	29.813	29.801	
22919	1763.9	29.77	29.813	29.801	
22920	1764.	29.77	29.813	29.801	
22921	1764.	29.77	29.813	29.801	
22922	1764.	29.77	29.813	29.801	
22923	1764.	29.77	29.813	29.801	
22924	1764.1	29.77	29.813	29.801	
22925	1764.2	29.77	29.813	29.801	
22926	1764.3	29.771	29.813	29.801	
22927	1764.4	29.771	29.813	29.802	
22928	1764.5	29.771	29.813	29.802	
22929	1764.6	29.771	29.813	29.802	
22930	1764.7	29.771	29.814	29.802	
22931	1764.8	29.771	29.814	29.802	
22932	1764.9	29.771	29.814	29.802	
22933	1765.	29.771	29.814	29.802	
22934	1765.	29.771	29.814	29.802	
22935	1765.	29.771	29.814	29.802	
22936	1765.	29.771	29.814	29.802	
22937	1765.1	29.771	29.814	29.802	
22938	1765.2	29.771	29.814	29.802	
22939	1765.3	29.771	29.814	29.802	
22940	1765.4	29.772	29.814	29.802	
22941	1765.5	29.772	29.814	29.803	
22942	1765.6	29.772	29.814	29.803	
22943	1765.7	29.772	29.814	29.803	
22944	1765.8	29.772	29.815	29.803	
22945	1765.9	29.772	29.815	29.803	
22946	1766.	29.772	29.815	29.803	
22947	1766.	29.772	29.815	29.803	
22948	1766.	29.772	29.815	29.803	
22949	1766.	29.772	29.815	29.803	
22950	1766.1	29.772	29.815	29.803	
22951	1766.2	29.772	29.815	29.803	
22952	1766.3	29.772	29.815	29.803	
22953	1766.4	29.772	29.815	29.803	
22954	1766.5	29.773	29.815	29.803	
22955	1766.6	29.773	29.815	29.804	
22956	1766.7	29.773	29.815	29.804	
22957	1766.8	29.773	29.815	29.804	
22958	1766.9	29.773	29.816	29.804	
22959	1767.	29.773	29.816	29.804	
22960	1767.	29.773	29.816	29.804	
22961	1767.	29.773	29.816	29.804	
22962	1767.	29.773	29.816	29.804	
22963	1767.1	29.773	29.816	29.804	
22964	1767.2	29.773	29.816	29.804	
22965	1767.3	29.773	29.816	29.804	
22966	1767.4	29.773	29.816	29.804	
22967	1767.5	29.773	29.816	29.804	
22968	1767.6	29.773	29.816	29.804	
22969	1767.7	29.774	29.816	29.805	
22970	1767.8	29.774	29.816	29.805	
22971	1767.9	29.774	29.816	29.805	
22972	1768.	29.774	29.816	29.805	
22973	1768.	29.774	29.816	29.805	
22974	1768.	29.774	29.816	29.805	
22975	1768.	29.774	29.817	29.805	
22976	1768.1	29.774	29.817	29.805	
22977	1768.2	29.774	29.817	29.805	
22978	1768.3	29.774	29.817	29.805	
22979	1768.4	29.774	29.817	29.805	
22980	1768.5	29.774	29.817	29.805	
22981	1768.6	29.774	29.817	29.805	
22982	1768.7	29.774	29.817	29.805	
22983	1768.8	29.775	29.817	29.806	
22984	1768.9	29.775	29.817	29.806	
22985	1769.	29.775	29.817	29.806	
22986	1769.	29.775	29.817	29.806	
22987	1769.	29.775	29.817	29.806	
22988	1769.	29.775	29.817	29.806	
22989	1769.1	29.775	29.818	29.806	
22990	1769.2	29.775	29.818	29.806	
22991	1769.3	29.775	29.818	29.806	
22992	1769.4	29.775	29.818	29.806	
22993	1769.5	29.775	29.818	29.806	
22994	1769.6	29.775	29.818	29.806	
22995	1769.7	29.775	29.818	29.806	
22996	1769.8	29.775	29.818	29.806	
22997	1769.9	29.776	29.818	29.807	
22998	1770.	29.776	29.818	29.807	
22999	1770.	29.776	29.818	29.807	
23000	1770.	29.776	29.818	29.807	
23001	1770.	29.776	29.818	29.807	
23002	1770.1	29.776	29.818	29.807	
23003	1770.2	29.776	29.818	29.807	
23004	1770.3	29.776	29.819	29.807	
23005	1770.4	29.776	29.819	29.807	
23006	1770.5	29.776	29.819	29.807	
23007	1770.6	29.776	29.819	29.807	
23008	1770.7	29.776	29.819	29.807	
23009	1770.8	29.776	29.819	29.807	
23010	1770.9	29.776	29.819	29.807	
23011	1771.	29.777	29.819	29.808	
23012	1771.	29.777	29.819	29.808	
23013	1771.	29.777	29.819	29.808	
23014	1771.	29.777	29.819	29.808	
23015	1771.1	29.777	29.819	29.808	
23016	1771.2	29.777	29.819	29.808	
23017	1771.3	29.777	29.819	29.808	
23018	1771.4	29.777	29.82	29.808	
23019	1771.5	29.777	29.82	29.808	
23020	1771.6	29.777	29.82	29.808	
23021	1771.7	29.777	29.82	29.808	
23022	1771.8	29.777	29.82	29.808	
23023	1771.9	29.777	29.82	29.808	
23024	1772.	29.777	29.82	29.808	
23025	1772.	29.777	29.82	29.808	
23026	1772.	29.777	29.82	29.808	
23027	1772.	29.777	29.82	29.808	
23028	1772.1	29.778	29.82	29.809	
23029	1772.2	29.778	29.82	29.809	
23030	1772.3	29.778	29.82	29.809	
23031	1772.4	29.778	29.82	29.809	
23032	1772.5	29.778	29.821	29.809	
23033	1772.6	29.778	29.821	29.809	
23034	1772.7	29.778	29.821	29.809	
23035	1772.8	29.778	29.821	29.809	
23036	1772.9	29.778	29.821	29.809	
23037	1773.	29.778	29.821	29.809	
23038	1773.	29.778	29.821	29.809	
23039	1773.	29.778	29.821	29.809	
23040	1773.	29.778	29.821	29.809	
23041	1773.1	29.778	29.821	29.809	
23042	1773.2	29.779	29.821	29.81	
23043	1773.3	29.779	29.821	29.81	
23044	1773.4	29.779	29.821	29.81	
23045	1773.5	29.779	29.821	29.81	
23046	1773.6	29.779	29.822	29.81	
23047	1773.7	29.779	29.822	29.81	
23048	1773.8	29.779	29.822	29.81	
23049	1773.9	29.779	29.822	29.81	
23050	1774.	29.779	29.822	29.81	
23051	1774.	29.779	29.822	29.81	
23052	1774.	29.779	29.822	29.81	
23053	1774.	29.779	29.822	29.81	
23054	1774.1	29.779	29.822	29.81	
23055	1774.2	29.779	29.822	29.81	
23056	1774.3	29.78	29.822	29.811	
23057	1774.4	29.78	29.822	29.811	
23058	1774.5	29.78	29.822	29.811	
23059	1774.6	29.78	29.822	29.811	
23060	1774.7	29.78	29.823	29.811	
23061	1774.8	29.78	29.823	29.811	
23062	1774.9	29.78	29.823	29.811	
23063	1775.	29.78	29.823	29.811	
23064	1775.	29.78	29.823	29.811	
23065	1775.	29.78	29.823	29.811	
23066	1775.	29.78	29.823	29.811	
23067	1775.1	29.78	29.823	29.811	
23068	1775.2	29.78	29.823	29.811	
23069	1775.3	29.78	29.823	29.811	
23070	1775.4	29.781	29.823	29.812	
23071	1775.5	29.781	29.823	29.812	
23072	1775.6	29.781	29.823	29.812	
23073	1775.7	29.781	29.823	29.812	
23074	1775.8	29.781	29.824	29.812	
23075	1775.9	29.781	29.824	29.812	
23076	1776.	29.781	29.824	29.812	
23077	1776.	29.781	29.824	29.812	
23078	1776.	29.781	29.824	29.812	
23079	1776.	29.781	29.824	29.812	
23080	1776.1	29.781	29.824	29.812	
23081	1776.2	29.781	29.824	29.812	
23082	1776.3	29.781	29.824	29.812	
23083	1776.4	29.781	29.824	29.812	
23084	1776.5	29.782	29.824	29.813	
23085	1776.6	29.782	29.824	29.813	
23086	1776.7	29.782	29.824	29.813	
23087	1776.8	29.782	29.824	29.813	
23088	1776.9	29.782	29.825	29.813	
23089	1777.	29.782	29.825	29.813	
23090	1777.	29.782	29.825	29.813	
23091	1777.	29.782	29.825	29.813	
23092	1777.	29.782	29.825	29.813	
23093	1777.1	29.782	29.825	29.813	
23094	1777.2	29.782	29.825	29.813	
23095	1777.3	29.782	29.825	29.813	
23096	1777.4	29.782	29.825	29.813	
23097	1777.5	29.782	29.825	29.813	
23098	1777.6	29.782	29.825	29.814	
23099	1777.7	29.783	29.825	29.814	
23100	1777.8	29.783	29.825	29.814	
23101	1777.9	29.783	29.825	29.814	
23102	1778.	29.783	29.826	29.814	
23103	1778.	29.783	29.826	29.814	
23104	1778.	29.783	29.826	29.814	
23105	1778.	29.783	29.826	29.814	
23106	1778.1	29.783	29.826	29.814	
23107	1778.2	29.783	29.826	29.814	
23108	1778.3	29.783	29.826	29.814	
23109	1778.4	29.783	29.826	29.814	
23110	1778.5	29.783	29.826	29.814	
23111	1778.6	29.783	29.826	29.814	
23112	1778.7	29.783	29.826	29.815	
23113	1778.8	29.784	29.826	29.815	
23114	1778.9	29.784	29.826	29.815	
23115	1779.	29.784	29.826	29.815	
23116	1779.	29.784	29.826	29.815	
23117	1779.	29.784	29.826	29.815	
23118	1779.	29.784	29.826	29.815	
23119	1779.1	29.784	29.827	29.815	
23120	1779.2	29.784	29.827	29.815	
23121	1779.3	29.784	29.827	29.815	
23122	1779.4	29.784	29.827	29.815	
23123	1779.5	29.784	29.827	29.815	
23124	1779.6	29.784	29.827	29.815	
23125	1779.7	29.784	29.827	29.815	
23126	1779.8	29.784	29.827	29.816	
23127	1779.9	29.785	29.827	29.816	
23128	1780.	29.785	29.827	29.816	
23129	1780.	29.785	29.827	29.816	
23130	1780.	29.785	29.827	29.816	
23131	1780.	29.785	29.827	29.816	
23132	1780.1	29.785	29.827	29.816	
23133	1780.2	29.785	29.828	29.816	
23134	1780.3	29.785	29.828	29.816	
23135	1780.4	29.785	29.828	29.816	
23136	1780.5	29.785	29.828	29.816	
23137	1780.6	29.785	29.828	29.816	
23138	1780.7	29.785	29.828	29.816	
23139	1780.8	29.785	29.828	29.816	
23140	1780.9	29.785	29.828	29.817	
23141	1781.	29.786	29.828	29.817	
23142	1781.	29.786	29.828	29.817	
23143	1781.	29.786	29.828	29.817	
23144	1781.	29.786	29.828	29.817	
23145	1781.1	29.786	29.828	29.817	
23146	1781.2	29.786	29.828	29.817	
23147	1781.3	29.786	29.829	29.817	
23148	1781.4	29.786	29.829	29.817	
23149	1781.5	29.786	29.829	29.817	
23150	1781.6	29.786	29.829	29.817	
23151	1781.7	29.786	29.829	29.817	
23152	1781.8	29.786	29.829	29.817	
23153	1781.9	29.786	29.829	29.817	
23154	1782.	29.786	29.829	29.817	
23155	1782.	29.786	29.829	29.817	
23156	1782.	29.786	29.829	29.817	
23157	1782.	29.786	29.829	29.818	
23158	1782.1	29.787	29.829	29.818	
23159	1782.2	29.787	29.829	29.818	
23160	1782.3	29.787	29.829	29.818	
23161	1782.4	29.787	29.83	29.818	
23162	1782.5	29.787	29.83	29.818	
23163	1782.6	29.787	29.83	29.818	
23164	1782.7	29.787	29.83	29.818	
23165	1782.8	29.787	29.83	29.818	
23166	1782.9	29.787	29.83	29.818	
23167	1783.	29.787	29.83	29.818	
23168	1783.	29.787	29.83	29.818	
23169	1783.	29.787	29.83	29.818	
23170	1783.	29.787	29.83	29.818	
23171	1783.1	29.787	29.83	29.819	
23172	1783.2	29.788	29.83	29.819	
23173	1783.3	29.788	29.83	29.819	
23174	1783.4	29.788	29.83	29.819	
23175	1783.5	29.788	29.831	29.819	
23176	1783.6	29.788	29.831	29.819	
23177	1783.7	29.788	29.831	29.819	
23178	1783.8	29.788	29.831	29.819	
23179	1783.9	29.788	29.831	29.819	
23180	1784.	29.788	29.831	29.819	
23181	1784.	29.788	29.831	29.819	
23182	1784.	29.788	29.831	29.819	
23183	1784.	29.788	29.831	29.819	
23184	1784.1	29.788	29.831	29.819	
23185	1784.2	29.788	29.831	29.819	
23186	1784.3	29.789	29.831	29.82	
23187	1784.4	29.789	29.831	29.82	
23188	1784.5	29.789	29.831	29.82	
23189	1784.6	29.789	29.832	29.82	
23190	1784.7	29.789	29.832	29.82	
23191	1784.8	29.789	29.832	29.82	
23192	1784.9	29.789	29.832	29.82	
23193	1785.	29.789	29.832	29.82	
23194	1785.	29.789	29.832	29.82	
23195	1785.	29.789	29.832	29.82	
23196	1785.	29.789	29.832	29.82	
23197	1785.1	29.789	29.832	29.82	
23198	1785.2	29.789	29.832	29.82	
23199	1785.3	29.789	29.832	29.82	
23200	1785.4	29.79	29.832	29.821	
23201	1785.5	29.79	29.832	29.821	
23202	1785.6	29.79	29.832	29.821	
23203	1785.7	29.79	29.833	29.821	
23204	1785.8	29.79	29.833	29.821	
23205	1785.9	29.79	29.833	29.821	
23206	1786.	29.79	29.833	29.821	
23207	1786.	29.79	29.833	29.821	
23208	1786.	29.79	29.833	29.821	
23209	1786.	29.79	29.833	29.821	
23210	1786.1	29.79	29.833	29.821	
23211	1786.2	29.79	29.833	29.821	
23212	1786.3	29.79	29.833	29.821	
23213	1786.4	29.79	29.833	29.821	
23214	1786.5	29.791	29.833	29.822	
23215	1786.6	29.791	29.833	29.822	
23216	1786.7	29.791	29.833	29.822	
23217	1786.8	29.791	29.834	29.822	
23218	1786.9	29.791	29.834	29.822	
23219	1787.	29.791	29.834	29.822	
23220	1787.	29.791	29.834	29.822	
23221	1787.	29.791	29.834	29.822	
23222	1787.	29.791	29.834	29.822	
23223	1787.1	29.791	29.834	29.822	
23224	1787.2	29.791	29.834	29.822	
23225	1787.3	29.791	29.834	29.822	
23226	1787.4	29.791	29.834	29.822	
23227	1787.5	29.791	29.834	29.822	
23228	1787.6	29.792	29.834	29.823	
23229	1787.7	29.792	29.834	29.823	
23230	1787.8	29.792	29.834	29.823	
23231	1787.9	29.792	29.835	29.823	
23232	1788.	29.792	29.835	29.823	
23233	1788.	29.792	29.835	29.823	
23234	1788.	29.792	29.835	29.823	
23235	1788.	29.792	29.835	29.823	
23236	1788.1	29.792	29.835	29.823	
23237	1788.2	29.792	29.835	29.823	
23238	1788.3	29.792	29.835	29.823	
23239	1788.4	29.792	29.835	29.823	
23240	1788.5	29.792	29.835	29.823	
23241	1788.6	29.792	29.835	29.823	
23242	1788.7	29.792	29.835	29.824	
23243	1788.8	29.793	29.835	29.824	
23244	1788.9	29.793	29.835	29.824	
23245	1789.	29.793	29.836	29.824	
23246	1789.	29.793	29.836	29.824	
23247	1789.	29.793	29.836	29.824	
23248	1789.	29.793	29.836	29.824	
23249	1789.1	29.793	29.836	29.824	
23250	1789.2	29.793	29.836	29.824	
23251	1789.3	29.793	29.836	29.824	
23252	1789.4	29.793	29.836	29.824	
23253	1789.5	29.793	29.836	29.824	
23254	1789.6	29.793	29.836	29.824	
23255	1789.7	29.793	29.836	29.824	
23256	1789.8	29.793	29.836	29.825	
23257	1789.9	29.794	29.836	29.825	
23258	1790.	29.794	29.836	29.825	
23259	1790.	29.794	29.836	29.825	
23260	1790.	29.794	29.836	29.825	
23261	1790.	29.794	29.836	29.825	
23262	1790.1	29.794	29.837	29.825	
23263	1790.2	29.794	29.837	29.825	
23264	1790.3	29.794	29.837	29.825	
23265	1790.4	29.794	29.837	29.825	
23266	1790.5	29.794	29.837	29.825	
23267	1790.6	29.794	29.837	29.825	
23268	1790.7	29.794	29.837	29.825	
23269	1790.8	29.794	29.837	29.825	
23270	1790.9	29.794	29.837	29.826	
23271	1791.	29.795	29.837	29.826	
23272	1791.	29.795	29.837	29.826	
23273	1791.	29.795	29.837	29.826	
23274	1791.	29.795	29.837	29.826	
23275	1791.1	29.795	29.837	29.826	
23276	1791.2	29.795	29.838	29.826	
23277	1791.3	29.795	29.838	29.826	
23278	1791.4	29.795	29.838	29.826	
23279	1791.5	29.795	29.838	29.826	
23280	1791.6	29.795	29.838	29.826	
23281	1791.7	29.795	29.838	29.826	
23282	1791.8	29.795	29.838	29.826	
23283	1791.9	29.795	29.838	29.826	
23284	1792.	29.795	29.838	29.827	
23285	1792.	29.795	29.838	29.827	
23286	1792.	29.795	29.838	29.827	
23287	1792.	29.795	29.838	29.827	
23288	1792.1	29.796	29.838	29.827	
23289	1792.2	29.796	29.838	29.827	
23290	1792.3	29.796	29.839	29.827	
23291	1792.4	29.796	29.839	29.827	
23292	1792.5	29.796	29.839	29.827	
23293	1792.6	29.796	29.839	29.827	
23294	1792.7	29.796	29.839	29.827	
23295	1792.8	29.796	29.839	29.827	
23296	1792.9	29.796	29.839	29.827	
23297	1793.	29.796	29.839	29.827	
23298	1793.	29.796	29.839	29.827	
23299	1793.	29.796	29.839	29.827	
23300	1793.	29.796	29.839	29.827	
23301	1793.1	29.796	29.839	29.828	
23302	1793.2	29.797	29.839	29.828	
23303	1793.3	29.797	29.839	29.828	
23304	1793.4	29.797	29.84	29.828	
23305	1793.5	29.797	29.84	29.828	
23306	1793.6	29.797	29.84	29.828	
23307	1793.7	29.797	29.84	29.828	
23308	1793.8	29.797	29.84	29.828	
23309	1793.9	29.797	29.84	29.828	
23310	1794.	29.797	29.84	29.828	
23311	1794.	29.797	29.84	29.828	
23312	1794.	29.797	29.84	29.828	
23313	1794.	29.797	29.84	29.828	
23314	1794.1	29.797	29.84	29.828	
23315	1794.2	29.797	29.84	29.829	
23316	1794.3	29.798	29.84	29.829	
23317	1794.4	29.798	29.84	29.829	
23318	1794.5	29.798	29.841	29.829	
23319	1794.6	29.798	29.841	29.829	
23320	1794.7	29.798	29.841	29.829	
23321	1794.8	29.798	29.841	29.829	
23322	1794.9	29.798	29.841	29.829	
23323	1795.	29.798	29.841	29.829	
23324	1795.	29.798	29.841	29.829	
23325	1795.	29.798	29.841	29.829	
23326	1795.	29.798	29.841	29.829	
23327	1795.1	29.798	29.841	29.829	
23328	1795.2	29.798	29.841	29.829	
23329	1795.3	29.798	29.841	29.83	
23330	1795.4	29.799	29.841	29.83	
23331	1795.5	29.799	29.841	29.83	
23332	1795.6	29.799	29.842	29.83	
23333	1795.7	29.799	29.842	29.83	
23334	1795.8	29.799	29.842	29.83	
23335	1795.9	29.799	29.842	29.83	
23336	1796.	29.799	29.842	29.83	
23337	1796.	29.799	29.842	29.83	
23338	1796.	29.799	29.842	29.83	
23339	1796.	29.799	29.842	29.83	
23340	1796.1	29.799	29.842	29.83	
23341	1796.2	29.799	29.842	29.83	
23342	1796.3	29.799	29.842	29.83	
23343	1796.4	29.799	29.842	29.831	
23344	1796.5	29.8	29.842	29.831	
23345	1796.6	29.8	29.842	29.831	
23346	1796.7	29.8	29.843	29.831	
23347	1796.8	29.8	29.843	29.831	
23348	1796.9	29.8	29.843	29.831	
23349	1797.	29.8	29.843	29.831	
23350	1797.	29.8	29.843	29.831	
23351	1797.	29.8	29.843	29.831	
23352	1797.	29.8	29.843	29.831	
23353	1797.1	29.8	29.843	29.831	
23354	1797.2	29.8	29.843	29.831	
23355	1797.3	29.8	29.843	29.831	
23356	1797.4	29.8	29.843	29.831	
23357	1797.5	29.8	29.843	29.832	
23358	1797.6	29.801	29.843	29.832	
23359	1797.7	29.801	29.843	29.832	
23360	1797.8	29.801	29.844	29.832	
23361	1797.9	29.801	29.844	29.832	
23362	1798.	29.801	29.844	29.832	
23363	1798.	29.801	29.844	29.832	
23364	1798.	29.801	29.844	29.832	
23365	1798.	29.801	29.844	29.832	
23366	1798.1	29.801	29.844	29.832	
23367	1798.2	29.801	29.844	29.832	
23368	1798.3	29.801	29.844	29.832	
23369	1798.4	29.801	29.844	29.832	
23370	1798.5	29.801	29.844	29.832	
23371	1798.6	29.801	29.844	29.833	
23372	1798.7	29.801	29.844	29.833	
23373	1798.8	29.802	29.844	29.833	
23374	1798.9	29.802	29.845	29.833	
23375	1799.	29.802	29.845	29.833	
23376	1799.	29.802	29.845	29.833	
23377	1799.	29.802	29.845	29.833	
23378	1799.	29.802	29.845	29.833	
23379	1799.1	29.802	29.845	29.833	
23380	1799.2	29.802	29.845	29.833	
23381	1799.3	29.802	29.845	29.833	
23382	1799.4	29.802	29.845	29.833	
23383	1799.5	29.802	29.845	29.833	
23384	1799.6	29.802	29.845	29.833	
23385	1799.7	29.802	29.845	29.834	
23386	1799.8	29.802	29.845	29.834	
23387	1799.9	29.803	29.845	29.834	
23388	1800.	29.803	29.845	29.834	
